0,54,55,88,81,49,36,23,111,98,34,26,54,5,62,82,99,91,50,27,33,37,37,69,77,100,81,105,60,10,14,62,43,14,74,43,16,76,44,36,15,75,24,70,25,34,62,118,56,35,79,115,70,79,35,27,45,119,92,107,100,46,70,55,35,24,26,57,72,48,29,28,52,94,26,50,74,90,30,57,60,68,102,64,29,109,62,71,64,45,58,92,64,70,71,35,35,69,68,35,35,36,58,36,55,58,106,43,48,57,105,77,45,79,77,41,75,79,84,72,48,101,46,55,119,71,47,89,66,55,112,52,50,57,87,127,93,76,55,74,83,91,70,102,56,93,94,55,52,92,55,116,92,57,69,93,72,113,79,85,75,61,69,89,62,61,62,92,99,132,110,82,64,85,104,99,71,65,114,96,71,70,97,98,110,68,76,69,103,81,77,80,87,88,71,107,73,72,74,83,84,115,86,85,88,126,87,98,123,107,86,91,86,140,92,80,77,98,83,78,115,80,80,106,81,140,136,83,95,126,114,90,87,98,84,134,132,122,101,87,92,141,123,107,101,98,99,88,93,97,99,107,135,102,118,122,94,92,100,102,141,113,96,134,132,131,148,108,97,95,116,99,111,123,109,107,115,116
54,0,1,142,135,103,90,31,165,152,88,80,3,52,9,28,153,145,104,28,23,18,19,123,24,154,134,159,113,55,45,115,97,63,127,96,66,24,97,25,54,24,39,123,74,29,17,172,108,86,29,168,122,131,85,74,24,172,145,160,153,96,24,106,84,63,47,22,26,98,75,45,25,146,61,27,29,142,49,26,26,27,154,114,55,161,113,122,114,35,107,143,113,32,32,71,58,118,117,67,61,59,105,60,37,36,157,84,43,37,156,126,84,128,126,62,41,42,44,41,53,151,78,49,170,117,65,50,110,94,162,87,62,52,50,178,141,122,57,48,50,53,49,151,59,55,56,88,73,56,65,166,139,90,109,139,56,162,56,129,117,93,59,58,90,89,74,62,65,181,157,123,91,62,150,144,67,89,161,140,102,72,67,67,156,92,69,80,148,118,71,69,68,69,84,75,98,86,80,72,72,160,123,73,72,172,124,74,168,150,75,74,120,187,129,107,96,76,112,91,158,103,95,81,93,186,182,104,81,170,155,122,86,82,98,179,176,164,137,110,86,186,165,145,137,131,85,103,91,88,87,87,179,136,91,163,120,116,91,90,185,150,97,176,173,172,192,141,120,113,152,103,96,98,140,98,97,97
55,1,0,143,136,104,91,32,166,153,89,81,3,53,8,27,154,146,105,29,24,19,20,124,23,155,135,160,114,56,46,116,98,64,128,97,67,23,98,26,55,23,40,124,75,30,17,173,109,87,28,169,123,132,86,75,24,173,146,161,154,97,24,107,85,64,47,22,26,99,76,46,26,147,62,28,29,143,50,26,26,27,155,115,56,162,114,122,115,36,108,144,114,32,32,72,59,119,118,68,62,60,106,61,37,36,158,85,44,38,157,127,85,129,126,63,41,42,44,41,54,152,79,50,171,118,66,50,111,95,163,88,63,53,50,179,142,123,57,48,49,53,49,151,60,55,55,89,74,55,66,167,139,91,110,140,56,163,56,130,118,93,59,58,91,89,75,62,64,182,158,124,91,62,151,145,67,90,162,141,103,73,67,67,157,93,69,80,148,119,71,69,68,69,84,74,99,86,80,72,72,161,124,73,72,173,125,74,169,150,75,74,121,188,130,107,96,76,112,92,159,104,95,80,94,187,183,104,81,171,156,122,87,82,99,180,177,165,138,111,86,187,166,145,137,132,85,103,91,88,88,87,180,137,91,164,121,116,91,90,186,151,98,176,174,173,193,142,121,114,153,103,96,98,141,98,97,97
88,142,143,0,7,39,52,111,23,10,54,62,142,90,150,170,12,5,38,114,120,125,124,20,165,14,11,19,30,88,98,28,47,81,18,48,78,163,47,122,91,162,107,25,72,119,149,33,38,60,166,30,27,22,62,72,129,35,19,26,22,52,155,43,65,86,103,142,157,52,74,105,136,24,89,133,159,25,103,140,144,152,28,40,98,32,43,37,43,125,49,30,45,153,154,85,99,44,45,90,97,100,55,99,134,138,37,75,123,137,38,44,78,44,45,102,156,160,166,151,116,42,88,127,49,56,105,170,62,75,48,83,111,128,166,55,48,56,121,151,162,172,145,49,120,173,174,86,103,171,115,54,54,86,71,56,144,56,153,62,69,89,138,165,94,96,114,168,176,66,60,71,97,157,62,63,134,102,64,66,90,127,171,172,65,102,139,119,68,81,139,145,156,157,118,182,102,117,127,147,149,71,82,149,154,73,83,169,74,74,150,158,88,80,84,101,113,166,97,120,77,107,119,176,123,84,83,111,158,81,82,96,141,162,121,85,84,83,90,109,148,87,84,88,91,94,162,122,145,155,158,171,88,95,187,88,107,111,157,161,92,94,143,92,92,92,96,100,115,122,98,142,170,189,104,163,177,178
81,135,136,7,0,32,45,104,30,17,47,55,135,83,143,163,18,11,31,107,113,118,117,13,158,20,7,25,23,81,91,22,40,74,13,41,71,156,41,115,84,155,100,20,65,112,142,39,32,53,159,36,22,19,55,66,122,41,21,31,26,46,148,37,58,79,96,135,150,46,68,98,129,26,83,126,152,25,96,133,137,145,31,35,91,36,37,33,38,118,43,30,40,146,147,79,93,40,40,84,90,93,50,92,128,131,39,69,116,130,40,41,72,41,42,95,149,153,159,145,110,43,82,121,53,52,98,163,57,70,50,77,105,121,160,59,47,52,115,144,155,165,139,49,114,166,167,80,97,165,109,56,52,81,66,54,137,58,147,59,65,84,132,158,89,90,108,161,170,69,61,68,92,151,62,62,128,96,65,65,85,121,165,166,65,96,133,113,67,77,133,139,150,150,113,175,97,112,121,141,143,71,79,143,148,75,80,163,75,73,144,152,85,83,81,96,107,160,93,115,77,102,114,170,118,86,85,106,152,82,81,93,135,156,116,86,85,83,87,105,143,90,84,86,89,91,156,117,140,149,153,165,89,92,180,88,103,107,151,155,94,92,137,93,93,93,98,98,111,118,97,137,164,183,102,158,171,172
49,103,104,39,32,0,13,72,62,49,15,23,103,51,111,131,50,42,4,75,81,86,85,21,126,51,32,57,13,50,60,15,11,42,26,13,39,124,13,83,53,123,68,24,34,80,110,70,16,25,127,66,25,32,27,36,91,71,45,59,53,22,117,21,30,49,65,103,119,23,39,68,98,48,53,95,120,45,66,102,106,114,55,27,61,62,28,32,29,88,29,48,31,115,116,51,64,34,34,56,62,64,34,64,97,101,61,44,86,99,61,42,48,43,42,67,119,122,128,114,81,59,57,92,75,44,71,133,45,50,69,55,77,92,129,83,56,48,87,114,125,134,109,63,86,136,137,59,71,135,82,75,58,60,54,60,108,74,118,57,56,64,103,129,68,69,83,132,140,90,73,61,71,122,70,68,101,75,78,67,68,96,136,137,75,76,106,89,73,67,107,112,122,123,89,146,78,89,97,114,116,81,71,116,121,89,72,135,87,78,117,125,75,101,75,80,87,132,79,93,84,85,93,142,96,102,100,89,126,93,86,82,111,129,96,100,98,91,83,89,118,105,93,85,84,84,130,98,116,124,127,139,102,87,153,94,91,93,127,130,107,92,115,103,102,101,113,93,97,101,96,116,139,156,96,134,146,147
36,90,91,52,45,13,0,59,75,62,2,10,90,38,98,118,63,55,14,62,68,73,72,33,113,64,44,69,24,37,47,26,10,29,38,10,27,111,12,70,40,110,56,35,23,67,97,82,23,16,114,79,35,43,18,25,78,83,57,72,65,19,104,24,22,37,53,90,106,22,28,55,85,59,41,82,107,55,54,89,93,101,67,33,49,74,32,39,34,75,31,58,35,102,103,41,52,39,39,45,50,53,34,53,85,88,72,37,74,87,71,48,40,50,48,57,106,110,115,102,70,69,49,80,86,47,61,120,45,45,79,48,67,81,117,93,63,51,76,102,113,122,97,71,75,124,125,52,62,122,71,84,64,54,52,65,97,82,106,61,56,58,92,117,61,62,74,120,128,99,81,62,65,111,76,73,91,68,85,72,64,86,124,125,82,69,96,80,78,66,96,101,111,111,81,134,72,81,88,103,106,88,71,106,110,97,72,123,94,82,107,114,73,110,75,76,81,121,76,85,89,79,86,131,89,110,108,83,115,99,90,80,102,119,89,107,105,97,84,84,108,113,98,87,85,84,120,92,107,115,117,128,108,87,142,99,87,88,117,120,114,95,107,108,107,106,120,93,93,96,98,108,129,145,96,124,136,136
23,31,32,111,104,72,59,0,134,121,57,49,31,21,39,59,122,114,73,4,9,14,14,92,54,123,103,128,82,24,15,84,65,32,96,65,35,53,66,15,24,51,14,92,43,16,40,141,77,55,56,137,91,100,55,44,24,141,114,129,122,66,47,76,54,34,22,35,49,67,45,22,32,115,34,30,51,112,26,36,39,46,124,84,30,131,82,91,83,29,77,113,83,49,49,45,35,88,87,42,38,36,76,38,38,40,127,56,35,40,125,96,57,99,96,42,55,58,63,52,40,121,54,43,140,88,46,68,82,67,132,62,46,46,67,147,112,93,46,56,64,71,54,121,48,73,74,64,53,72,51,136,110,66,82,111,57,133,63,101,90,69,57,70,68,67,59,74,80,151,128,96,69,69,121,116,62,69,132,112,79,63,79,80,127,72,65,66,120,93,67,68,72,73,70,89,78,71,69,71,72,132,98,73,75,144,99,82,140,122,75,78,96,158,104,86,79,83,90,77,130,85,80,90,80,157,154,86,83,143,129,99,80,85,84,151,149,137,112,91,83,158,139,120,113,108,87,88,85,87,88,93,152,113,102,137,100,97,90,91,158,126,90,149,147,146,164,118,102,97,128,94,99,107,118,97,102,103
111,165,166,23,30,62,75,134,0,13,77,85,165,113,173,193,12,20,61,137,143,148,147,42,188,12,31,8,52,111,121,50,69,103,39,70,100,186,70,144,114,184,130,45,94,142,171,15,60,82,189,15,46,38,84,94,152,18,27,19,22,73,178,64,86,108,125,164,180,73,96,128,158,30,111,156,181,34,125,163,167,175,27,59,119,26,61,54,61,147,68,38,63,175,176,106,121,61,61,111,118,121,73,120,156,160,35,95,145,158,38,58,98,57,59,123,178,182,188,173,138,45,108,149,42,71,125,192,78,93,45,102,132,149,188,45,55,70,142,172,184,193,166,52,141,195,196,105,123,193,135,51,62,105,87,64,164,55,174,73,83,107,158,186,112,114,134,189,197,58,61,83,115,178,67,69,154,120,65,74,106,147,192,193,67,119,159,138,73,94,159,165,176,177,137,202,118,135,146,167,169,72,95,169,174,71,96,189,72,79,170,178,101,73,95,116,130,186,112,138,80,123,136,196,140,78,78,127,177,81,86,109,159,181,138,81,82,84,99,124,167,82,85,95,100,105,181,138,163,174,177,191,85,105,206,90,120,125,175,179,88,100,160,91,92,92,91,109,128,137,104,159,189,208,114,181,196,197
98,152,153,10,17,49,62,121,13,0,64,72,152,100,160,180,2,7,48,124,130,135,134,29,175,5,19,9,39,98,108,38,56,90,26,58,87,173,57,131,101,171,117,33,81,129,159,24,47,69,176,21,34,27,71,82,139,25,19,19,18,61,165,52,73,95,113,151,167,60,83,115,146,23,98,143,168,26,112,150,154,162,24,48,107,26,50,43,49,135,56,30,51,162,163,94,108,50,51,99,106,109,62,108,144,148,33,83,132,146,35,48,86,48,50,110,165,169,175,161,125,41,96,136,44,61,113,179,67,82,44,90,119,136,176,49,49,60,130,159,171,181,154,48,129,182,183,93,111,180,123,50,55,93,76,57,152,53,162,65,74,96,146,174,101,103,122,176,185,61,58,75,104,166,62,64,142,109,62,68,96,135,180,181,64,108,147,126,68,85,147,153,164,165,125,190,108,124,134,155,157,70,86,157,162,70,87,177,71,74,158,166,92,75,87,106,119,174,103,127,76,113,126,184,129,79,79,117,166,79,81,100,148,170,127,81,81,82,92,115,156,83,83,89,94,97,169,128,152,162,166,179,85,98,195,87,112,116,164,168,88,95,149,90,90,90,92,102,119,127,99,149,177,196,107,170,185,186
34,88,89,54,47,15,2,57,77,64,0,8,88,36,96,116,65,57,16,60,66,71,70,35,111,66,46,71,26,35,44,28,11,27,40,11,24,109,12,68,38,108,53,36,21,65,95,84,24,15,112,80,36,45,17,23,76,85,59,73,66,19,102,25,20,35,51,88,104,21,26,53,83,60,39,80,105,57,51,87,91,99,68,33,47,75,33,40,34,73,31,59,35,100,101,39,50,40,39,43,48,51,34,50,82,86,73,35,72,85,72,48,39,50,48,54,104,108,113,100,67,70,47,78,87,47,59,118,45,43,80,46,64,78,115,94,64,51,73,100,111,120,95,72,73,121,122,51,60,120,69,85,64,52,51,66,95,83,104,61,56,56,90,115,59,60,72,118,126,100,81,62,63,108,77,73,88,66,86,72,63,84,122,123,82,67,93,78,78,66,94,99,109,109,79,132,71,79,86,101,103,88,70,103,108,98,71,121,95,82,105,112,72,111,75,74,79,119,74,84,90,78,84,129,87,111,108,81,113,100,90,79,100,117,87,107,105,97,83,83,106,113,98,87,84,83,117,90,105,113,115,126,109,86,140,99,86,87,115,118,114,94,105,109,107,107,121,93,92,94,98,107,127,143,95,122,134,134
26,80,81,62,55,23,10,49,85,72,8,0,80,28,88,108,73,65,24,52,58,63,62,43,103,74,54,79,34,27,36,36,17,19,48,17,17,101,18,60,30,100,46,44,15,57,87,92,30,15,104,88,44,52,16,18,68,93,66,81,74,23,94,31,19,28,43,80,96,25,22,46,75,68,33,72,98,64,44,79,83,91,76,39,40,83,38,46,40,65,35,66,40,92,93,34,44,45,45,38,42,45,37,45,75,79,80,33,65,77,79,54,36,56,54,49,96,100,106,92,61,76,44,71,94,50,53,110,47,43,87,45,59,72,107,102,70,55,67,93,103,112,88,78,67,114,115,49,56,113,64,92,69,50,53,71,88,89,97,65,58,54,84,108,57,58,67,111,119,107,87,64,61,102,82,78,83,64,91,76,62,78,115,116,88,65,88,74,83,67,88,93,102,103,75,125,69,75,81,95,98,93,72,98,102,103,73,115,100,87,99,105,73,117,77,73,76,113,74,80,94,76,81,122,83,117,114,79,108,105,95,80,95,111,84,112,110,101,86,81,101,119,103,90,86,84,112,88,100,107,110,120,114,88,134,103,86,86,110,113,120,97,101,113,112,111,126,94,91,93,100,103,122,137,96,117,128,129
54,3,3,142,135,103,90,31,165,152,88,80,0,52,8,28,153,145,104,28,22,17,18,123,23,154,134,159,113,54,44,115,96,62,127,95,65,22,96,23,53,22,38,123,73,27,14,172,108,85,27,168,122,131,85,74,21,172,145,160,153,96,22,106,83,62,45,19,24,97,74,44,22,146,60,25,27,142,48,23,23,24,154,114,54,161,112,121,113,33,106,143,113,29,29,70,57,117,116,66,60,57,104,59,34,33,157,83,41,34,155,125,82,127,125,61,38,39,42,38,51,150,77,47,169,116,63,47,109,93,161,85,60,50,48,177,140,121,54,45,47,51,46,150,57,53,53,87,71,53,63,165,137,88,108,138,53,161,53,128,115,91,56,56,88,87,72,59,62,180,156,121,89,59,149,143,64,87,160,139,100,70,64,65,154,90,66,77,146,117,68,66,65,66,81,72,96,83,77,69,69,159,121,70,69,171,122,71,167,148,72,71,118,186,127,105,93,73,110,89,156,101,92,78,91,184,181,102,78,169,154,120,83,79,96,178,175,163,135,108,83,185,164,143,135,129,82,100,88,85,84,84,178,134,88,162,118,113,88,87,183,149,95,174,172,171,190,139,118,111,150,100,93,95,138,95,94,94
5,52,53,90,83,51,38,21,113,100,36,28,52,0,60,80,101,93,52,24,30,35,34,71,75,102,82,107,61,5,9,63,44,12,75,44,15,73,45,32,10,72,19,71,23,30,59,120,57,35,76,116,70,79,34,25,41,120,93,108,101,45,66,55,34,19,21,53,68,47,27,23,48,94,21,46,70,91,24,53,56,64,103,63,23,110,62,71,63,41,57,92,63,66,67,31,29,68,67,31,30,30,56,31,51,54,106,40,43,53,105,76,41,79,76,36,71,74,80,67,42,101,42,50,119,69,41,85,64,52,112,48,44,52,82,127,92,74,49,69,78,87,65,101,50,89,90,51,47,88,50,116,90,53,66,92,67,113,74,83,73,57,64,84,57,57,57,87,94,131,109,79,60,80,103,98,66,61,113,94,67,64,92,93,108,63,70,64,102,78,72,75,82,83,66,102,69,67,69,78,79,114,83,79,83,125,84,93,121,105,81,86,82,139,89,76,72,92,79,73,113,76,75,101,76,138,135,78,90,124,112,87,82,93,79,133,130,120,98,82,87,140,121,104,98,94,94,83,87,92,93,101,134,99,113,120,90,88,94,97,139,111,90,132,129,129,146,104,93,91,113,93,105,117,105,102,110,111
62,9,8,150,143,111,98,39,173,160,96,88,8,60,0,20,161,153,112,36,30,25,26,131,15,162,142,167,121,62,52,123,104,70,135,103,73,15,104,30,61,15,45,131,81,34,12,179,116,93,20,176,130,139,92,81,27,180,153,168,161,103,17,113,91,69,52,21,19,105,81,51,26,153,67,28,22,150,55,25,23,22,162,121,61,169,119,128,121,38,114,150,120,27,27,77,63,125,124,72,66,64,111,65,37,35,164,90,45,37,163,133,89,135,132,67,36,36,38,37,56,158,83,50,177,123,69,43,116,99,169,92,65,53,44,184,148,128,58,45,44,46,47,157,61,49,49,93,76,49,67,172,145,95,114,145,54,168,52,135,122,97,58,53,94,92,76,56,58,187,163,128,94,58,156,150,67,92,167,145,106,73,62,62,161,95,68,81,153,123,70,67,65,66,85,68,101,87,80,70,69,166,128,71,69,178,128,69,174,155,73,71,124,193,133,110,98,72,115,93,163,106,96,75,94,191,188,106,78,175,160,125,85,79,100,184,182,169,141,112,84,192,170,149,141,135,82,104,89,86,85,83,184,140,85,168,123,118,89,87,190,155,97,180,178,177,197,144,122,115,156,102,92,93,143,95,93,93
82,28,27,170,163,131,118,59,193,180,116,108,28,80,20,0,181,173,132,56,50,45,46,151,6,182,162,187,141,82,72,143,124,90,155,123,93,10,124,50,81,13,65,150,101,53,25,199,136,113,14,196,150,159,112,101,45,200,173,188,181,123,23,133,110,89,71,35,23,124,101,70,41,173,87,44,25,169,73,39,36,30,181,141,79,189,139,148,140,54,134,170,140,34,33,96,81,144,143,91,85,82,131,83,51,48,184,109,61,50,182,152,108,154,151,84,41,39,37,44,72,177,101,64,196,142,85,41,135,118,188,110,81,67,44,204,167,147,73,52,46,44,56,176,76,46,46,110,93,47,82,191,164,112,133,164,63,187,59,153,140,114,69,55,111,109,91,57,56,206,182,146,110,63,174,169,78,108,185,164,123,86,62,62,180,111,78,95,171,140,80,76,70,71,99,66,117,101,93,79,77,184,145,78,76,197,145,71,192,173,80,76,141,212,150,126,112,75,131,106,181,121,110,76,107,210,206,121,84,193,178,141,95,84,113,202,200,187,158,127,93,210,188,166,157,151,87,117,98,93,91,86,202,156,84,186,138,133,95,93,208,171,107,198,195,195,215,161,137,128,173,112,96,92,159,100,95,95
99,153,154,12,18,50,63,122,12,2,65,73,153,101,161,181,0,8,49,125,131,136,135,30,176,3,19,7,40,99,109,38,57,91,27,58,88,174,57,132,101,172,117,33,82,129,159,22,48,70,176,19,35,27,71,82,140,23,17,17,16,61,166,52,74,96,113,152,168,61,84,115,146,22,99,143,169,25,113,150,154,162,22,47,107,24,50,42,49,135,56,29,51,163,164,94,109,49,50,99,106,109,62,108,144,148,31,83,133,146,33,47,86,47,49,111,166,170,176,161,126,39,96,137,41,60,113,180,67,82,42,90,120,137,176,47,47,59,130,160,171,181,154,46,129,183,184,93,111,181,123,48,54,93,76,56,152,51,162,64,73,95,147,174,101,102,122,177,185,59,57,74,104,166,60,62,142,108,60,67,95,135,180,181,62,108,147,126,67,84,147,154,165,165,125,190,108,124,134,155,157,68,85,157,162,68,86,178,69,73,158,166,92,73,86,105,119,174,102,126,75,112,125,184,129,77,77,116,165,77,80,99,148,169,127,79,79,80,91,114,156,81,81,88,92,96,169,128,152,162,166,179,83,96,195,86,111,115,164,168,86,93,149,88,88,88,90,101,118,127,97,148,177,196,106,170,185,185
91,145,146,5,11,42,55,114,20,7,57,65,145,93,153,173,8,0,41,117,123,128,127,22,168,9,11,15,32,91,101,30,49,83,19,50,80,166,49,124,93,164,109,25,74,121,151,29,40,62,168,26,27,21,64,74,132,30,15,21,17,53,158,44,66,88,105,144,160,53,76,108,138,20,91,135,161,22,105,143,147,154,23,40,99,27,43,36,42,127,49,26,44,155,156,87,101,43,44,92,98,101,55,101,136,140,32,76,125,139,34,42,79,42,44,103,158,162,168,153,118,38,89,129,44,54,106,172,61,75,43,83,112,129,168,50,45,54,123,152,164,173,147,45,122,175,176,86,104,173,116,49,51,87,70,53,145,51,155,60,67,89,139,166,94,96,115,169,178,61,56,69,97,159,59,60,135,102,60,64,89,128,173,174,61,101,140,119,65,79,140,146,157,158,118,183,101,117,127,148,150,67,81,150,155,69,82,170,69,71,151,159,87,76,82,100,112,167,96,120,73,106,119,177,123,79,78,110,158,77,78,95,141,162,121,80,80,79,87,108,149,83,80,85,89,92,162,122,145,155,159,172,84,93,187,84,106,110,157,161,87,91,143,88,88,88,92,98,113,121,95,142,170,189,102,163,178,179
50,104,105,38,31,4,14,73,61,48,16,24,104,52,112,132,49,41,0,76,82,87,86,19,127,50,30,55,10,50,60,12,9,42,24,11,39,125,11,83,53,123,69,21,34,81,111,68,12,23,128,64,21,30,25,35,91,69,43,57,51,19,117,17,29,48,65,103,119,20,38,67,98,45,52,95,121,42,65,102,106,114,53,23,60,60,24,28,25,87,25,44,26,115,116,50,63,30,30,54,60,63,30,63,97,101,58,42,86,99,57,38,45,39,38,66,118,122,128,114,80,56,55,91,72,40,70,132,41,47,66,52,76,91,129,80,52,44,86,113,125,134,108,59,85,136,137,56,69,134,80,72,54,57,50,55,107,70,117,53,52,61,102,128,65,66,81,131,139,87,69,57,69,121,66,64,100,72,74,63,65,94,135,136,71,73,105,87,69,63,105,111,121,121,87,145,75,87,95,112,115,78,67,115,120,86,68,134,83,74,116,123,71,98,71,77,85,131,76,91,80,81,90,141,94,99,96,85,124,89,82,78,109,128,93,96,94,87,79,86,116,101,89,81,80,80,128,96,114,122,125,137,98,83,152,90,87,89,125,128,103,88,113,99,98,97,109,89,94,98,92,114,137,155,92,132,144,145
27,28,29,114,107,75,62,4,137,124,60,52,28,24,36,56,125,117,76,0,6,11,10,95,51,126,106,131,85,26,16,87,68,34,99,67,37,49,68,11,26,48,13,95,45,12,36,144,80,57,52,140,94,103,57,46,20,144,117,132,125,68,43,78,56,35,21,31,45,69,47,21,28,118,34,26,47,114,25,32,35,42,126,86,30,133,84,93,85,25,79,115,85,44,45,45,34,90,89,42,37,35,77,37,34,36,129,57,31,36,127,98,57,100,97,40,51,54,59,48,37,123,54,39,142,89,44,64,83,68,134,62,44,42,62,149,113,94,43,52,59,67,50,123,45,69,70,64,52,68,48,138,111,66,83,112,53,134,59,102,90,69,53,66,67,66,57,70,76,153,130,97,69,65,123,117,58,68,133,113,79,60,75,76,128,71,62,64,121,93,64,65,69,69,67,85,77,69,66,68,68,133,98,69,71,145,99,78,141,123,71,74,96,160,104,85,77,79,89,75,131,83,78,86,78,158,155,85,79,143,129,99,77,81,82,152,150,138,112,90,80,160,139,120,112,108,84,86,82,83,84,89,153,113,97,138,99,96,86,87,158,126,87,150,147,146,165,118,101,96,128,91,95,103,117,94,98,99
33,23,24,120,113,81,68,9,143,130,66,58,22,30,30,50,131,123,82,6,0,5,4,101,45,132,112,137,91,32,22,93,74,40,105,73,43,43,74,8,31,42,17,101,51,11,30,149,86,63,47,146,100,109,63,52,16,150,123,138,131,74,38,84,61,41,25,26,40,75,52,25,24,124,39,23,42,120,29,28,30,37,132,92,34,139,90,99,91,24,85,121,91,40,40,50,38,96,95,46,41,39,83,40,32,33,135,62,31,33,133,104,62,106,103,44,47,49,54,44,39,129,58,39,148,95,47,59,88,73,139,66,46,42,58,155,119,100,44,49,55,62,47,128,46,64,65,68,55,64,50,143,116,70,88,117,52,140,56,107,95,73,52,63,71,70,59,66,72,158,135,102,72,62,128,123,58,71,139,118,83,61,72,72,134,74,61,65,126,98,63,64,66,67,69,81,80,71,67,67,67,138,103,68,69,150,103,76,146,128,70,72,100,165,108,89,80,76,93,77,136,86,80,83,79,164,160,87,78,149,134,103,77,80,84,157,155,143,117,93,79,165,144,124,117,112,82,88,82,82,83,87,158,117,94,142,103,99,85,86,163,130,88,155,152,151,170,122,104,98,132,92,93,101,121,93,96,97
37,18,19,125,118,86,73,14,148,135,71,63,17,35,25,45,136,128,87,11,5,0,1,106,40,137,117,142,96,37,27,98,79,45,110,78,48,38,79,9,36,37,21,106,56,13,25,154,91,68,42,151,105,114,67,57,14,155,128,143,136,79,33,89,66,45,29,23,35,80,57,28,21,129,44,21,38,125,33,25,27,33,137,97,38,144,95,104,96,24,90,126,96,36,37,54,42,100,99,50,45,42,87,44,30,31,139,67,32,32,138,108,66,111,108,47,44,46,50,42,40,134,62,39,152,99,50,56,93,77,144,70,48,42,55,160,124,104,45,47,52,59,46,133,47,61,62,72,58,60,52,148,121,74,92,122,51,144,54,112,100,76,52,60,74,73,61,64,69,163,140,106,75,60,132,127,58,74,143,123,86,62,69,69,138,77,61,67,130,102,63,63,65,66,71,78,83,73,69,66,66,143,107,67,68,155,107,74,151,132,69,71,104,170,112,92,82,75,96,79,140,89,82,81,81,168,165,90,77,153,138,106,78,78,86,162,159,147,121,96,79,169,148,128,120,115,81,90,82,82,82,85,162,120,92,146,106,102,85,85,168,134,88,159,156,155,174,125,106,100,136,93,92,99,125,92,95,95
37,19,20,124,117,85,72,14,147,134,70,62,18,34,26,46,135,127,86,10,4,1,0,105,41,136,116,141,95,36,26,97,78,44,109,77,47,39,78,8,35,38,20,104,55,12,26,153,90,67,42,149,104,113,66,56,14,154,127,142,135,77,34,87,65,44,28,23,36,79,56,27,21,127,42,20,38,124,31,24,27,33,136,95,37,143,94,103,95,23,88,125,94,36,37,52,40,99,98,49,43,41,86,42,30,31,138,65,31,31,137,107,65,109,107,45,43,46,50,41,39,132,60,38,151,98,49,56,91,75,143,69,47,41,55,159,122,103,44,46,52,59,45,132,46,61,62,70,56,60,51,147,120,72,91,120,50,143,53,110,98,75,51,60,73,72,60,63,68,162,138,104,74,60,131,126,57,73,142,121,85,61,69,69,137,76,60,66,129,100,62,62,64,65,70,78,82,72,67,65,65,141,105,66,67,153,106,73,149,131,68,70,103,168,111,90,81,74,95,77,139,88,81,81,80,167,163,89,76,151,137,105,77,78,85,160,158,146,119,94,78,168,147,127,119,114,80,89,81,81,81,84,161,119,92,145,104,100,84,85,166,133,87,157,155,154,173,124,105,99,135,92,92,98,123,91,94,95
69,123,124,20,13,21,33,92,42,29,35,43,123,71,131,151,30,22,19,95,101,106,105,0,146,31,11,36,10,69,79,9,27,61,6,28,58,144,27,102,71,142,87,9,52,99,129,49,19,40,146,45,11,14,42,52,110,50,25,39,32,32,136,24,45,66,83,122,138,32,54,86,116,28,69,113,139,25,83,121,124,132,35,23,78,42,25,23,26,105,30,29,28,133,134,65,79,29,29,70,77,80,37,79,114,118,42,55,103,117,42,32,59,33,33,82,136,140,146,131,97,42,69,108,56,41,85,150,45,57,51,64,91,108,147,63,42,42,102,131,142,152,125,47,101,153,154,67,84,152,95,57,46,68,55,48,124,57,133,50,54,71,118,145,76,77,95,148,156,72,58,58,79,137,57,56,115,83,63,58,73,108,152,152,62,83,120,100,62,66,120,126,136,137,99,162,84,99,108,127,130,68,69,129,135,74,70,149,73,67,131,138,74,84,72,84,95,146,82,102,72,90,101,157,105,86,84,94,138,79,76,82,122,142,103,85,83,79,78,93,129,89,80,78,80,81,142,105,127,136,139,152,87,83,167,83,92,96,138,142,92,85,125,90,89,89,97,89,99,106,89,124,151,169,93,144,158,159
77,24,23,165,158,126,113,54,188,175,111,103,23,75,15,6,176,168,127,51,45,40,41,146,0,177,157,182,136,77,67,138,119,85,150,118,88,4,119,44,75,8,60,145,95,48,19,194,130,107,10,190,144,153,107,96,39,194,168,183,176,118,18,128,105,83,66,29,17,119,95,64,35,168,81,38,20,164,68,33,30,24,176,135,74,183,134,143,135,48,128,165,134,28,28,90,76,139,138,85,79,76,125,77,45,42,178,103,55,44,177,147,102,149,146,78,36,34,33,39,66,172,95,58,191,136,80,38,129,112,182,104,75,61,40,198,161,141,67,47,42,41,50,171,70,43,43,105,87,44,77,186,158,106,127,158,58,182,54,148,135,108,63,51,105,103,85,54,53,200,176,140,105,59,169,163,72,102,180,158,117,80,58,58,174,105,72,89,166,135,75,71,66,66,93,63,111,96,87,73,72,178,139,73,71,191,140,67,186,167,75,72,135,206,145,120,106,71,125,100,175,115,104,72,102,204,200,115,79,188,172,136,90,79,107,197,194,181,152,122,88,204,183,160,152,146,83,112,93,88,86,82,196,151,81,180,132,127,90,89,202,165,101,192,190,189,209,155,131,122,167,107,92,89,153,96,91,91
100,154,155,14,20,51,64,123,12,5,66,74,154,102,162,182,3,9,50,126,132,137,136,31,177,0,20,5,41,100,110,39,58,92,27,59,89,175,58,133,102,173,118,33,82,130,160,19,48,71,177,16,34,26,72,83,140,21,16,14,13,61,167,52,74,96,114,153,169,61,84,116,147,20,99,144,170,23,113,151,155,163,19,47,108,21,49,42,49,136,56,27,51,164,165,94,109,49,49,99,106,109,61,108,145,148,28,83,133,147,30,46,86,45,47,111,166,170,176,161,126,36,96,137,38,59,113,180,66,81,39,90,120,137,176,43,45,58,130,160,172,181,155,44,129,183,184,93,111,181,123,45,52,93,75,54,152,48,162,62,71,95,146,174,100,102,122,177,185,55,54,72,103,166,58,60,142,108,57,64,94,135,180,181,59,107,147,126,64,83,147,153,164,165,125,190,107,123,134,154,157,65,84,157,162,65,85,177,66,70,157,166,90,70,84,104,118,174,100,126,72,111,124,184,128,74,74,115,165,74,77,98,147,169,126,76,76,77,89,113,155,78,78,85,90,94,169,127,151,162,165,178,80,94,194,83,109,114,163,167,83,91,148,85,85,85,87,99,117,125,95,147,177,196,104,169,184,185
81,134,135,11,7,32,44,103,31,19,46,54,134,82,142,162,19,11,30,106,112,117,116,11,157,20,0,25,21,80,90,19,38,72,8,39,69,155,38,113,82,153,98,14,63,110,140,38,28,51,157,34,16,12,52,63,121,39,16,28,22,42,147,33,55,76,94,133,149,42,65,96,127,20,80,124,150,19,94,131,135,143,26,30,88,32,32,26,32,116,38,24,34,144,145,75,90,33,34,80,87,90,44,89,125,129,34,64,114,127,34,34,68,34,35,92,147,150,156,142,107,37,78,118,48,45,95,160,51,64,44,72,101,118,157,54,40,46,111,141,152,162,135,43,110,163,164,75,93,162,105,51,45,76,60,47,134,51,143,52,59,78,128,155,83,85,104,158,166,64,54,61,87,147,55,55,124,91,58,58,79,117,161,162,58,91,129,108,60,70,129,135,146,146,108,172,91,107,117,136,139,65,72,139,144,69,73,159,68,66,140,148,78,77,74,90,102,156,87,109,70,96,108,166,112,80,79,100,147,76,74,86,130,151,110,80,79,76,80,99,138,83,77,79,82,84,151,112,135,145,148,161,83,85,176,81,97,101,146,150,87,85,132,86,86,86,92,91,104,112,89,132,159,178,95,153,167,168
105,159,160,19,25,57,69,128,8,9,71,79,159,107,167,187,7,15,55,131,137,142,141,36,182,5,25,0,46,105,115,44,63,97,32,64,94,180,63,138,107,178,123,38,87,135,165,14,53,75,182,12,39,31,77,88,145,16,19,12,14,66,171,57,79,101,119,158,173,66,89,121,152,22,104,149,175,25,118,156,160,168,19,51,112,19,53,46,53,140,60,29,55,168,169,99,114,52,53,104,111,114,65,113,149,153,28,87,138,151,30,49,90,48,51,115,171,175,181,166,130,37,100,141,36,62,118,185,70,85,38,94,124,141,181,41,47,61,135,165,176,186,159,44,133,188,189,97,115,186,127,44,54,97,78,55,157,48,167,64,75,98,151,179,104,106,126,181,190,53,54,75,107,170,59,61,146,112,57,66,98,139,185,186,60,111,151,130,65,86,151,157,169,169,128,195,110,127,138,159,161,65,86,161,166,64,87,182,65,71,162,170,93,68,87,107,121,178,103,129,72,114,128,188,132,72,72,118,169,74,78,100,151,173,129,75,75,77,91,116,159,76,78,87,92,96,173,130,155,166,169,183,79,96,198,83,112,117,167,171,82,92,152,85,85,85,85,101,120,128,96,151,180,200,105,173,188,189
60,113,114,30,23,13,24,82,52,39,26,34,113,61,121,141,40,32,10,85,91,96,95,10,136,41,21,46,0,59,69,2,17,51,14,18,48,134,17,92,61,132,77,11,42,89,119,59,10,30,136,55,12,20,32,42,100,59,33,48,41,22,126,16,35,56,73,112,128,23,44,75,106,35,59,103,129,32,73,110,114,122,43,18,67,50,19,21,20,95,23,35,22,123,124,55,69,25,25,60,67,70,30,69,104,108,48,46,93,106,48,31,49,32,32,72,126,130,136,121,87,47,59,97,62,36,75,140,39,48,57,55,81,98,136,70,44,39,92,120,132,141,115,50,91,143,144,59,74,141,86,62,46,59,48,48,114,61,123,48,49,62,108,135,67,69,86,138,146,77,61,53,71,128,59,57,105,75,66,57,66,98,142,142,64,75,110,91,62,61,110,116,127,127,91,152,77,90,99,118,120,70,64,120,125,77,65,140,75,67,121,129,69,89,68,77,87,137,75,93,73,82,93,147,96,90,88,87,129,81,75,77,113,133,95,87,86,80,75,86,120,93,81,76,76,77,133,97,118,127,130,142,90,80,157,84,86,89,129,133,95,83,116,91,90,90,101,85,93,99,87,116,142,160,89,135,149,150
10,55,56,88,81,50,37,24,111,98,35,27,54,5,62,82,99,91,50,26,32,37,36,69,77,100,80,105,59,0,10,61,42,8,73,41,11,75,42,33,5,73,19,68,19,31,60,117,54,31,77,113,68,77,31,21,41,118,91,106,99,42,67,52,30,14,18,54,69,43,22,21,48,91,16,46,71,88,21,53,57,64,100,60,19,107,58,67,59,39,53,89,59,66,67,26,25,64,63,25,25,26,52,26,49,53,103,35,40,52,101,72,36,75,72,32,70,74,79,66,39,97,37,47,116,65,37,84,59,46,108,42,40,49,81,123,88,70,46,67,78,86,63,97,47,88,89,46,42,87,46,112,86,48,61,87,64,109,72,78,68,52,61,82,52,51,52,86,93,127,105,74,54,78,98,93,62,56,109,90,61,60,90,91,104,58,67,59,97,73,68,72,79,80,62,101,64,62,65,74,76,109,78,76,80,120,79,91,117,100,78,83,77,135,84,70,67,90,73,68,108,70,70,99,71,134,131,73,87,120,107,81,78,90,74,128,126,115,92,77,83,135,116,99,93,89,91,78,83,88,90,98,129,93,110,115,84,82,91,93,135,105,86,127,125,124,141,99,88,85,108,89,102,115,100,98,107,108
14,45,46,98,91,60,47,15,121,108,44,36,44,9,52,72,109,101,60,16,22,27,26,79,67,110,90,115,69,10,0,71,52,18,83,51,21,65,52,23,9,63,10,78,29,21,50,127,64,41,67,123,78,87,40,30,32,127,101,116,109,51,57,61,39,20,13,44,59,53,30,15,39,101,20,37,61,97,17,43,47,55,109,69,18,117,68,77,69,31,63,98,69,56,57,31,24,73,72,29,26,25,61,26,41,44,112,42,34,43,111,82,42,84,81,31,61,65,70,58,35,107,41,41,125,73,36,75,67,53,117,48,38,43,73,133,97,78,41,60,69,78,56,106,43,79,80,50,43,78,43,121,95,53,68,96,58,118,65,87,75,56,56,75,55,55,51,78,85,136,114,82,57,71,107,102,58,58,117,98,66,57,83,84,113,60,62,58,105,79,64,67,73,74,61,93,66,62,63,69,71,117,84,71,74,129,85,84,125,108,73,77,83,144,90,74,68,84,77,68,116,73,70,92,71,143,139,75,81,128,114,86,75,84,75,136,134,123,99,80,79,144,124,105,99,94,86,79,80,84,85,93,137,99,104,123,88,85,87,89,143,112,84,134,132,131,150,105,90,87,114,87,97,109,105,94,102,102
62,115,116,28,22,15,26,84,50,38,28,36,115,63,123,143,38,30,12,87,93,98,97,9,138,39,19,44,2,61,71,0,19,53,12,20,50,136,19,94,63,134,79,9,43,91,121,56,11,32,138,53,10,17,33,44,101,57,31,45,39,24,127,16,36,57,75,114,130,24,46,77,108,33,61,105,131,30,75,112,116,124,41,17,69,48,19,19,20,97,23,33,22,125,126,57,71,24,24,62,68,71,30,71,106,110,46,47,95,108,46,29,50,31,30,73,128,131,137,123,88,45,60,99,60,36,76,141,39,49,54,56,83,99,138,68,42,38,93,122,134,143,117,48,92,145,146,59,75,143,87,60,45,60,48,47,115,59,125,47,49,63,110,136,68,69,87,139,148,75,59,53,71,129,57,55,106,76,64,56,66,100,143,144,62,76,111,92,60,61,111,117,128,128,91,153,77,91,100,119,121,68,64,121,126,75,65,141,73,66,122,130,68,87,67,77,87,138,75,94,71,83,93,148,97,88,86,87,130,80,74,76,114,134,96,86,84,78,74,86,121,91,80,75,75,76,134,98,118,128,131,143,88,79,159,82,86,89,130,134,93,82,117,90,89,88,99,85,93,99,86,117,143,161,88,136,150,151
43,97,98,47,40,11,10,65,69,56,11,17,96,44,104,124,57,49,9,68,74,79,78,27,119,58,38,63,17,42,52,19,0,34,31,1,31,117,2,75,44,115,60,27,25,72,102,75,13,14,119,71,26,35,16,26,82,76,49,64,57,11,109,14,19,39,56,95,111,13,28,58,89,50,43,86,112,47,56,93,97,105,59,23,51,66,22,29,24,78,21,49,25,106,107,40,53,29,29,45,51,54,25,53,88,91,63,33,77,90,62,38,36,40,38,57,109,113,119,105,71,59,46,81,76,37,60,123,36,39,70,44,66,82,120,84,53,41,76,104,115,125,99,61,75,126,127,48,60,125,71,75,54,49,44,55,98,72,107,51,47,52,93,119,56,57,72,122,130,90,71,53,60,112,66,63,90,64,75,62,58,84,126,127,72,64,95,78,68,58,96,101,111,112,78,136,67,78,86,103,105,78,62,105,110,87,63,124,84,72,106,114,65,100,66,69,76,121,69,82,79,74,82,132,85,100,98,77,115,89,80,72,100,118,85,97,95,87,75,78,107,103,88,78,76,75,119,87,105,113,116,128,98,78,142,89,80,82,115,119,104,85,104,98,97,96,110,84,87,90,89,105,128,145,87,122,135,136
14,63,64,81,74,42,29,32,103,90,27,19,62,12,70,90,91,83,42,34,40,45,44,61,85,92,72,97,51,8,18,53,34,0,65,33,3,83,34,41,11,81,26,60,12,38,68,109,46,23,85,105,60,69,23,13,49,109,83,98,91,34,75,44,22,12,24,61,77,35,16,26,56,83,16,53,78,80,26,60,64,72,92,52,22,99,50,59,52,46,46,81,51,73,74,23,27,56,55,24,26,28,45,28,56,60,95,30,46,58,93,65,31,67,64,33,77,81,86,73,43,89,34,52,108,58,38,91,52,41,100,39,43,54,88,115,81,63,50,74,84,93,69,89,50,95,96,42,42,93,48,104,79,44,55,80,70,101,78,72,62,48,66,89,49,49,53,92,99,119,97,68,52,83,91,86,66,54,101,83,58,63,96,97,97,56,71,60,90,68,72,76,84,85,62,107,61,63,66,78,80,102,73,80,84,113,74,96,110,93,82,88,72,127,78,67,66,95,70,68,101,68,70,104,71,127,123,71,90,113,100,77,80,94,74,121,119,108,87,75,86,128,110,93,87,84,95,77,85,91,93,103,122,89,115,109,81,80,94,97,128,100,87,120,118,117,134,94,85,84,103,90,105,120,95,101,111,112
74,127,128,18,13,26,38,96,39,26,40,48,127,75,135,155,27,19,24,99,105,110,109,6,150,27,8,32,14,73,83,12,31,65,0,32,62,148,31,106,75,146,91,7,55,103,133,44,21,43,150,41,9,9,45,56,113,45,19,34,27,34,139,25,47,69,87,125,141,34,57,89,120,22,72,117,143,20,86,124,128,136,30,23,81,36,25,20,25,109,31,24,27,136,137,68,82,27,27,73,79,82,37,82,117,121,36,57,106,120,36,29,60,29,30,84,139,143,149,134,99,37,70,110,50,39,87,153,44,57,46,65,93,110,149,57,37,40,104,133,145,154,128,42,103,156,157,68,85,154,97,52,42,68,54,44,126,51,136,47,52,71,120,147,76,78,96,150,159,66,53,55,80,140,53,52,116,84,58,54,72,109,154,155,57,84,121,101,57,64,121,127,138,139,100,164,84,99,109,129,131,63,67,131,136,68,68,151,67,63,132,140,72,78,69,83,95,148,80,102,68,89,101,158,105,81,79,94,140,74,71,80,123,144,103,79,78,74,75,92,130,84,76,75,77,79,144,105,127,137,140,153,82,80,169,79,91,94,139,143,87,81,125,85,84,84,92,86,98,105,85,125,152,171,90,145,159,160
43,96,97,48,41,13,10,65,70,58,11,17,95,44,103,123,58,50,11,67,73,78,77,28,118,59,39,64,18,41,51,20,1,33,32,0,30,116,1,74,43,114,59,27,24,71,101,76,13,13,118,72,27,36,14,24,81,77,50,65,58,10,107,14,18,38,55,94,110,12,27,57,88,51,41,85,111,47,55,92,96,104,59,23,50,66,22,29,23,77,21,49,24,105,106,39,52,29,29,44,50,52,24,52,86,90,63,31,75,89,62,38,35,40,38,55,108,112,118,103,69,59,45,80,77,36,59,122,35,37,70,42,65,80,119,85,53,41,75,103,114,124,98,61,74,125,126,46,59,124,69,75,53,47,43,55,97,73,106,51,47,51,91,117,55,56,71,120,129,90,71,52,59,110,66,63,89,62,75,61,56,83,124,125,72,63,94,76,67,57,94,100,110,110,77,135,66,76,84,102,104,78,61,104,109,87,62,123,84,72,105,112,64,100,66,68,75,120,67,80,79,72,80,130,83,100,98,76,113,89,80,71,98,117,83,96,94,86,74,77,105,103,88,77,75,74,117,86,103,112,115,126,98,78,141,89,79,81,114,118,104,84,103,98,97,96,110,84,85,89,88,103,127,144,86,121,133,134
16,66,67,78,71,39,27,35,100,87,24,17,65,15,73,93,88,80,39,37,43,48,47,58,88,89,69,94,48,11,21,50,31,3,62,30,0,86,31,44,13,84,29,57,9,41,71,106,42,20,88,102,56,65,20,11,52,106,80,95,88,31,78,41,19,13,26,64,80,32,13,29,58,80,17,56,81,76,27,63,67,75,88,49,23,96,47,56,48,48,42,78,48,76,77,22,28,53,52,24,27,29,42,29,58,62,91,27,48,60,90,62,29,64,61,34,79,83,89,75,45,86,33,54,105,55,38,93,49,39,97,37,43,55,90,112,77,60,51,76,86,95,71,86,51,97,98,41,42,96,49,101,76,43,52,77,71,98,80,69,59,47,67,91,48,48,53,94,102,116,94,65,51,85,88,83,67,53,98,80,56,63,98,99,94,55,72,60,87,65,73,77,86,86,62,108,60,62,67,79,81,99,70,81,86,110,71,98,107,91,83,89,70,124,76,66,65,96,68,68,98,67,69,106,71,124,120,70,92,110,98,75,81,95,73,118,116,105,85,73,86,125,107,90,85,82,96,77,86,92,94,104,119,86,117,106,80,79,95,97,125,97,87,117,115,115,132,92,84,83,100,90,106,121,93,102,112,113
76,24,23,163,156,124,111,53,186,173,109,101,22,73,15,10,174,166,125,49,43,38,39,144,4,175,155,180,134,75,65,136,117,83,148,116,86,0,117,42,73,4,57,143,93,45,16,192,128,105,6,188,142,151,104,93,36,192,165,180,173,115,13,125,103,81,63,25,13,117,93,61,32,166,78,35,15,162,65,29,26,20,174,133,71,181,131,140,132,45,125,162,132,24,23,87,72,136,135,82,76,73,122,74,41,38,176,100,51,40,174,144,99,146,143,75,31,30,29,34,62,169,92,54,188,133,76,34,126,109,180,101,72,57,36,196,158,138,63,42,38,37,46,168,66,39,39,101,83,40,73,183,155,103,124,155,53,179,49,145,131,105,59,47,101,99,81,49,49,197,173,137,101,54,165,160,68,98,176,155,114,76,54,54,171,101,68,85,162,131,70,66,61,62,89,59,107,91,83,69,68,175,136,69,66,188,136,63,183,164,71,67,132,203,141,116,102,67,121,96,172,111,100,68,98,201,197,111,75,184,169,132,86,75,103,193,191,178,148,117,83,201,179,157,148,142,78,107,89,83,82,77,193,147,77,176,128,123,86,84,199,162,97,189,186,185,206,151,127,118,163,102,88,85,149,91,87,87
44,97,98,47,41,13,12,66,70,57,12,18,96,45,104,124,57,49,11,68,74,79,78,27,119,58,38,63,17,42,52,19,2,34,31,1,31,117,0,75,44,115,60,26,24,72,102,75,12,13,119,71,26,35,15,25,82,75,49,64,57,9,108,13,18,38,56,95,110,11,27,58,89,50,42,86,112,46,56,93,97,105,58,21,50,65,21,28,22,78,19,48,23,106,107,39,52,28,27,44,50,53,23,52,87,91,62,31,76,89,61,36,35,38,36,56,109,113,118,104,70,58,45,81,76,35,59,123,34,37,69,42,65,81,119,83,52,39,75,103,115,124,98,60,74,126,127,46,59,124,70,73,52,47,42,54,97,71,107,49,45,51,92,118,55,56,71,121,129,89,69,51,58,111,65,61,89,62,74,60,56,83,125,126,70,63,94,76,66,56,94,100,110,111,77,135,65,76,84,102,104,76,60,104,109,86,61,123,83,71,105,113,63,99,64,67,74,120,67,80,78,72,80,131,83,99,96,76,113,88,79,70,98,117,83,95,93,85,73,76,105,101,86,76,74,73,117,85,103,112,115,127,97,76,141,87,78,80,114,118,102,83,102,97,95,95,108,82,85,88,87,103,127,144,85,121,134,134
36,25,26,122,115,83,70,15,144,131,68,60,23,32,30,50,132,124,83,11,8,9,8,102,44,133,113,138,92,33,23,94,75,41,106,74,44,42,75,0,31,40,15,101,51,4,27,150,86,63,44,146,100,109,62,51,9,150,123,138,131,73,34,83,61,39,22,21,36,75,51,21,17,124,37,16,38,120,25,21,25,32,132,91,30,139,89,98,90,16,84,120,90,34,35,47,34,94,93,43,37,34,81,36,24,26,134,60,23,25,132,102,59,105,102,38,40,43,48,38,31,128,54,31,147,93,41,54,86,69,138,62,39,34,52,154,117,97,36,41,49,56,39,127,39,58,59,64,49,57,43,142,114,66,85,115,44,138,48,105,92,68,44,56,66,64,52,59,65,157,133,98,67,55,125,120,50,65,136,115,78,53,64,65,131,68,53,58,123,94,55,56,59,59,62,74,75,64,60,59,59,136,99,60,61,148,99,68,144,125,62,64,96,163,104,83,73,69,88,70,133,80,73,76,72,161,157,81,70,145,131,98,69,72,77,154,152,139,112,87,71,162,141,120,112,107,74,81,74,74,75,79,154,112,87,139,97,93,77,78,160,126,80,151,148,148,167,117,97,91,128,84,85,93,116,85,89,89
15,54,55,91,84,53,40,24,114,101,38,30,53,10,61,81,101,93,53,26,31,36,35,71,75,102,82,107,61,5,9,63,44,11,75,43,13,73,44,31,0,71,16,70,20,28,58,119,55,32,75,115,69,78,31,21,38,119,92,107,100,43,64,53,30,11,14,51,66,44,21,16,45,93,12,42,68,89,16,49,53,61,101,60,14,108,59,68,60,35,53,90,59,62,63,22,19,64,63,21,20,20,51,21,45,49,103,33,36,47,102,72,33,75,72,26,66,70,76,62,34,97,33,42,116,64,31,80,58,44,108,39,35,44,77,124,88,69,40,63,73,82,59,97,41,84,85,42,37,83,40,112,85,44,59,86,59,108,68,77,66,48,56,78,48,47,47,81,89,127,104,72,50,73,97,92,57,51,108,88,58,55,86,87,103,53,62,54,96,70,63,67,74,75,56,96,59,57,59,69,71,108,75,71,75,120,76,86,116,98,73,78,74,134,81,66,62,85,69,63,106,66,65,94,66,133,130,68,81,118,105,78,72,84,69,127,125,113,90,73,77,134,115,96,90,86,86,73,78,83,85,93,128,90,105,113,80,78,85,88,133,103,81,125,123,122,140,96,83,81,105,84,97,110,96,93,102,102
75,24,23,162,155,123,110,51,184,171,108,100,22,72,15,13,172,164,123,48,42,37,38,142,8,173,153,178,132,73,63,134,115,81,146,114,84,4,115,40,71,0,55,141,91,43,13,190,126,103,5,186,140,149,102,91,33,190,163,178,171,113,10,123,100,78,61,22,9,114,90,59,29,163,76,32,12,159,62,26,22,16,171,131,68,179,129,138,130,42,123,160,129,20,20,84,70,134,133,80,73,70,120,71,37,34,173,98,48,36,172,141,96,143,140,72,28,27,26,31,59,167,89,51,186,131,73,31,123,106,177,98,68,53,33,193,156,135,60,38,35,34,42,165,62,36,36,98,80,37,69,180,152,100,121,153,50,176,46,142,128,102,55,43,98,96,78,46,46,195,171,134,98,51,163,157,65,95,174,152,110,72,51,51,168,98,64,82,159,128,67,63,58,59,86,56,104,88,79,65,64,172,132,65,63,185,133,60,180,161,67,64,128,200,138,113,99,63,118,93,169,108,96,65,94,198,194,107,72,181,166,128,82,71,100,190,188,175,145,114,80,198,176,153,145,139,75,104,85,80,78,74,190,144,74,173,125,119,82,81,196,159,93,186,183,182,202,148,123,115,160,99,84,82,146,88,84,84
24,39,40,107,100,68,56,14,130,117,53,46,38,19,45,65,117,109,69,13,17,21,20,87,60,118,98,123,77,19,10,79,60,26,91,59,29,57,60,15,16,55,0,86,36,12,42,135,71,48,59,131,85,94,47,36,22,135,108,123,116,58,48,68,46,24,9,35,50,60,36,9,29,108,22,27,52,105,13,34,38,45,117,76,17,124,74,83,75,21,69,105,75,47,48,32,22,79,78,29,24,22,66,24,31,34,119,45,24,33,117,87,45,90,87,28,51,55,60,48,27,113,41,32,131,78,32,65,71,55,123,49,32,35,63,139,102,83,34,50,59,68,46,112,35,69,70,51,39,68,37,127,100,53,71,100,48,123,55,90,78,56,47,65,54,53,46,68,75,142,118,84,56,61,111,106,50,55,122,101,66,50,73,74,117,58,54,52,109,81,55,58,64,64,56,83,64,57,56,61,62,121,86,62,65,133,86,75,129,111,64,68,83,148,91,72,65,74,77,63,119,71,66,82,66,147,143,72,72,131,117,86,68,75,70,140,138,126,100,77,71,148,127,107,100,95,77,74,73,76,77,83,140,100,94,125,87,83,78,80,146,113,77,137,135,134,153,105,88,83,115,81,88,99,105,86,93,93
70,123,124,25,20,24,35,92,45,33,36,44,123,71,131,150,33,25,21,95,101,106,104,9,145,33,14,38,11,68,78,9,27,60,7,27,57,143,26,101,70,141,86,0,50,98,128,49,15,38,145,45,2,9,39,50,108,49,22,37,30,28,134,19,41,63,81,120,136,28,51,83,114,24,67,111,137,21,81,118,122,130,32,16,75,39,18,14,18,103,24,23,20,131,132,61,76,20,21,66,73,76,30,75,112,116,37,50,100,114,36,23,53,24,24,78,133,137,143,128,93,35,64,104,51,32,80,147,37,50,45,58,87,104,143,59,34,34,97,127,139,148,122,39,96,150,151,61,78,148,90,51,37,61,47,39,120,50,129,41,46,64,114,141,69,71,90,144,152,66,51,49,72,133,49,48,110,77,55,49,65,102,147,148,53,77,114,94,53,58,114,121,132,132,93,158,77,92,102,122,125,60,60,124,130,66,61,145,65,59,125,133,65,77,63,76,88,141,73,95,64,82,94,152,98,79,77,86,133,71,67,73,116,137,96,77,76,71,69,85,123,82,72,69,71,72,137,98,120,130,133,146,80,74,162,75,84,87,132,136,85,76,118,82,81,80,90,80,91,98,80,117,145,164,84,138,152,153
25,74,75,72,65,34,23,43,94,81,21,15,73,23,81,101,82,74,34,45,51,56,55,52,95,82,63,87,42,19,29,43,25,12,55,24,9,93,24,51,20,91,36,50,0,48,78,99,35,12,95,95,49,58,11,3,58,99,72,87,80,23,84,33,11,14,32,70,86,24,7,34,64,73,18,62,87,69,32,69,73,81,81,41,26,88,39,48,40,54,34,70,40,81,82,19,29,45,44,23,28,30,33,30,63,67,83,20,52,65,82,53,23,55,53,34,84,88,94,80,47,78,29,57,96,46,38,98,41,32,89,31,44,58,95,104,69,51,53,80,91,100,75,78,52,102,103,35,40,100,49,93,67,37,44,68,74,89,83,60,51,41,69,94,43,43,52,97,106,108,86,57,46,88,79,75,68,49,90,71,49,63,102,102,85,51,73,59,79,58,74,79,88,89,60,112,55,60,66,81,83,90,63,83,87,102,64,101,98,82,84,91,63,116,68,60,62,98,62,65,90,62,66,108,68,115,112,65,93,101,89,68,80,96,70,110,107,97,77,68,86,117,98,82,77,74,97,73,85,92,95,105,111,79,119,98,74,73,95,98,116,89,86,109,107,106,123,85,78,79,92,88,107,123,86,102,113,114
34,29,30,119,112,80,67,16,142,129,65,57,27,30,34,53,129,121,81,12,11,13,12,99,48,130,110,135,89,31,21,91,72,38,103,71,41,45,72,4,28,43,12,98,48,0,30,147,83,60,47,143,97,106,59,48,10,147,120,135,128,70,36,80,57,36,18,23,38,71,48,17,18,120,33,16,40,116,21,22,26,34,128,88,26,136,86,95,87,14,80,117,86,35,36,43,29,91,90,38,32,30,77,31,22,25,131,56,20,24,129,99,55,101,98,34,41,44,49,38,28,124,50,28,143,89,37,54,82,65,135,58,35,31,52,150,114,94,33,41,49,57,38,123,35,59,60,59,45,58,39,138,110,61,81,111,42,134,47,101,88,64,42,55,62,60,48,59,65,153,129,94,62,53,121,116,47,61,132,111,74,50,64,65,127,64,50,54,119,90,52,53,57,58,58,74,70,60,56,56,57,132,94,57,59,144,95,67,140,121,59,62,92,159,100,79,69,67,83,66,129,76,69,75,68,157,153,77,67,141,127,93,66,70,73,150,148,135,108,83,68,158,137,116,108,103,72,77,71,72,73,77,150,108,86,135,93,88,75,76,156,122,76,147,144,143,163,112,93,87,123,81,83,92,112,82,87,87
62,17,17,149,142,110,97,40,171,159,95,87,14,59,12,25,159,151,111,36,30,25,26,129,19,160,140,165,119,60,50,121,102,68,133,101,71,16,102,27,58,13,42,128,78,30,0,177,113,90,17,173,127,136,89,78,20,177,150,165,158,100,8,110,87,65,47,10,10,101,77,46,16,150,63,19,13,146,49,14,12,10,158,118,55,165,116,125,117,29,110,147,116,15,15,71,57,120,119,66,60,57,107,58,26,24,160,84,36,26,159,128,83,130,127,59,24,25,27,25,47,153,76,40,172,118,60,33,110,93,164,85,56,42,33,180,143,122,48,32,33,36,35,152,51,38,39,85,68,38,58,167,139,87,108,140,42,163,40,129,116,89,47,42,86,84,67,45,48,182,158,121,85,46,150,144,55,83,161,139,98,62,50,50,155,86,56,71,147,115,58,55,52,53,75,58,92,77,69,58,57,159,120,59,57,172,120,57,167,148,60,59,116,187,125,101,88,60,106,82,156,97,86,64,84,185,181,96,66,168,153,116,74,66,89,178,175,162,133,103,72,185,163,141,132,126,70,94,77,73,73,71,177,131,74,161,114,108,76,75,183,146,85,173,170,169,190,136,112,104,148,90,80,81,134,83,81,81
118,172,173,33,39,70,82,141,15,24,84,92,172,120,179,199,22,29,68,144,149,154,153,49,194,19,38,14,59,117,127,56,75,109,44,76,106,192,75,150,119,190,135,49,99,147,177,0,64,87,194,4,50,41,88,99,157,3,27,13,19,77,183,67,90,112,130,169,185,76,100,132,163,28,115,160,186,32,129,167,171,179,21,61,123,16,63,54,62,151,69,34,64,180,181,109,124,60,61,114,121,124,74,123,160,164,26,97,148,162,29,56,99,54,57,125,181,185,191,177,140,37,109,151,29,69,127,195,77,94,34,102,133,151,191,31,49,67,144,175,187,196,169,44,143,198,199,105,124,196,137,39,56,104,85,57,166,43,176,68,80,106,160,188,111,113,134,191,200,44,51,79,114,180,58,62,155,119,54,67,104,147,194,195,57,118,160,137,65,90,159,166,177,178,136,204,116,134,145,167,170,62,90,169,175,58,90,190,60,70,170,178,96,59,89,113,127,187,108,136,70,120,134,197,138,64,64,124,177,69,76,104,158,181,135,68,69,73,92,120,166,68,74,87,93,98,180,135,162,173,176,190,73,98,207,80,115,121,174,179,75,91,158,79,80,80,77,101,123,133,95,156,187,208,106,180,195,196
56,108,109,38,32,16,23,77,60,47,24,30,108,57,116,136,48,40,12,80,86,91,90,19,130,48,28,53,10,54,64,11,13,46,21,13,42,128,12,86,55,126,71,15,35,83,113,64,0,23,130,60,14,23,24,35,93,64,37,52,45,14,119,6,26,48,66,105,121,13,36,68,99,38,52,96,122,34,66,103,107,115,46,11,60,53,11,16,12,88,14,36,14,116,117,47,61,18,18,52,59,61,20,61,97,101,50,36,85,99,49,26,40,27,26,63,118,122,128,114,78,46,50,89,64,28,66,132,30,38,57,45,72,89,129,71,40,31,83,112,124,134,107,48,82,135,136,49,65,133,76,62,42,50,39,43,105,60,115,41,40,52,99,126,57,59,76,129,138,77,58,45,61,119,54,51,96,65,62,51,56,89,133,134,60,65,101,81,56,52,101,107,118,118,81,143,67,80,89,108,111,66,55,111,116,74,56,131,72,61,112,119,59,87,59,67,77,127,65,83,68,72,83,138,86,88,85,77,120,77,70,67,103,123,85,84,82,75,67,76,111,90,76,69,68,68,123,87,108,117,120,133,86,71,148,78,77,79,119,123,92,76,106,87,85,85,98,77,83,89,80,106,132,150,80,126,139,140
35,86,87,60,53,25,16,55,82,69,15,15,85,35,93,113,70,62,23,57,63,68,67,40,107,71,51,75,30,31,41,32,14,23,43,13,20,105,13,63,32,103,48,38,12,60,90,87,23,0,107,83,37,46,2,12,70,87,60,75,68,11,96,21,6,25,43,82,98,13,14,45,76,61,29,73,99,57,43,81,84,92,69,29,37,76,27,36,29,65,23,58,29,93,94,26,39,34,33,31,37,40,23,39,74,78,72,21,63,76,70,42,24,44,42,43,96,100,106,91,57,66,33,68,85,37,46,110,33,29,77,32,52,68,106,92,58,42,62,90,102,111,85,67,62,113,114,36,47,111,57,81,57,38,39,58,84,78,94,51,44,41,79,105,45,46,59,108,116,97,75,50,48,98,69,65,76,52,79,62,48,71,112,113,75,53,81,65,69,53,82,87,97,98,65,122,56,65,72,89,92,81,57,91,96,91,58,110,88,73,93,100,59,105,62,60,64,108,60,69,81,63,70,118,73,105,102,67,101,92,81,65,86,105,73,100,98,88,71,68,93,107,89,76,72,70,105,76,92,100,103,114,101,74,128,89,72,73,102,105,107,83,91,100,98,97,113,80,78,80,86,92,115,131,82,109,121,122
79,29,28,166,159,127,114,56,189,176,112,104,27,76,20,14,176,168,128,52,47,42,42,146,10,177,157,182,136,77,67,138,119,85,150,118,88,6,119,44,75,5,59,145,95,47,17,194,130,107,0,190,144,153,106,95,37,194,167,182,175,117,12,127,104,82,64,25,10,118,94,62,32,167,79,35,11,163,66,28,25,17,175,134,72,182,132,142,134,45,127,164,133,21,20,87,73,137,136,83,76,73,123,74,39,36,177,101,51,38,175,145,99,147,144,75,27,25,23,31,61,170,92,52,189,134,75,28,126,109,181,101,71,55,30,196,159,139,61,38,33,31,43,168,64,33,33,101,82,34,71,184,155,103,124,156,50,179,45,145,131,104,56,41,100,98,80,44,43,198,174,137,100,49,166,160,65,97,177,155,113,73,48,48,171,100,65,83,162,130,67,62,56,57,87,53,106,89,80,65,63,175,135,65,62,188,135,57,183,163,66,62,131,203,140,114,100,61,120,94,171,110,97,62,95,200,197,109,70,184,168,130,82,70,101,193,190,177,147,115,79,201,178,156,147,141,73,105,85,79,77,72,193,145,71,175,126,121,81,79,198,161,93,188,185,184,205,149,125,115,162,99,83,79,148,87,82,81
115,168,169,30,36,66,79,137,15,21,80,88,168,116,176,196,19,26,64,140,146,151,149,45,190,16,34,12,55,113,123,53,71,105,41,72,102,188,71,146,115,186,131,45,95,143,173,4,60,83,190,0,46,37,84,95,153,4,23,9,15,73,179,63,86,108,126,165,181,72,96,128,159,24,111,156,182,28,125,163,167,175,17,57,119,13,59,50,58,147,65,30,59,175,176,105,120,56,57,110,117,120,70,119,156,160,23,93,144,158,26,51,95,50,53,121,177,181,187,173,136,33,105,147,27,65,123,191,73,89,31,98,129,147,187,30,45,63,140,171,182,192,165,41,139,194,195,101,120,192,132,36,52,100,80,54,162,41,172,64,76,102,156,184,107,109,130,187,196,43,48,75,110,176,55,58,151,115,51,64,100,143,190,191,55,114,156,133,62,86,155,162,173,174,132,200,112,130,141,163,166,59,86,165,171,56,87,186,58,67,166,174,93,58,86,109,123,182,104,132,67,116,130,193,134,63,63,120,173,66,73,100,154,177,131,67,67,71,89,116,162,67,72,84,90,95,176,132,158,169,172,186,71,94,202,77,112,117,170,175,73,88,154,77,78,78,76,98,119,129,92,152,183,204,103,176,191,192
70,122,123,27,22,25,35,91,46,34,36,44,122,70,130,150,35,27,21,94,100,105,104,11,144,34,16,39,12,68,78,10,26,60,9,27,56,142,26,100,69,140,85,2,49,97,127,50,14,37,144,46,0,9,38,49,107,50,23,38,31,27,133,17,40,62,80,119,135,26,50,82,113,24,65,110,136,21,79,117,121,129,32,13,74,39,16,11,16,102,22,23,18,130,131,60,75,18,18,65,72,75,28,74,110,114,37,48,99,112,36,21,51,22,22,76,132,136,142,127,91,35,62,102,51,30,79,146,35,48,45,56,85,102,142,58,32,31,96,126,137,147,120,38,95,148,149,59,76,147,89,50,36,59,44,38,118,49,128,39,43,62,112,140,67,69,88,142,151,65,49,46,70,132,47,46,108,75,54,47,63,101,146,147,52,75,113,92,51,55,113,119,130,130,91,156,75,90,100,120,123,58,58,123,128,65,59,143,64,57,123,132,63,77,60,74,86,140,71,93,62,80,92,150,96,78,76,84,131,70,65,71,114,135,94,76,74,69,67,83,121,81,70,67,68,70,135,95,118,128,132,145,78,72,160,73,81,85,130,134,83,74,116,80,79,79,89,78,89,96,78,115,143,162,81,136,150,151
79,131,132,22,19,32,43,100,38,27,45,52,131,79,139,159,27,21,30,103,109,114,113,14,153,26,12,31,20,77,87,17,35,69,9,36,65,151,35,109,78,149,94,9,58,106,136,41,23,46,153,37,9,0,47,58,116,41,14,29,22,36,142,26,49,71,89,128,144,35,59,91,122,15,74,119,145,12,88,126,130,138,23,21,82,30,23,16,22,110,29,16,24,139,140,68,83,23,23,74,80,83,35,83,119,123,29,57,107,121,28,22,59,22,24,85,141,145,150,136,100,28,70,111,43,34,87,154,40,55,38,64,93,111,151,50,29,34,104,134,146,156,129,33,103,157,158,66,84,155,97,43,34,66,49,36,126,43,136,40,47,69,120,148,74,75,95,151,159,58,45,49,77,140,44,44,116,82,49,46,69,108,154,155,48,81,121,99,49,59,120,127,138,138,98,164,81,97,107,128,131,55,61,130,136,60,62,151,59,55,131,139,67,70,63,79,92,147,76,100,59,86,98,158,102,72,70,90,139,66,63,75,121,143,100,71,70,66,69,88,129,75,67,67,70,72,142,101,125,135,139,152,74,74,168,70,85,90,137,141,78,74,122,76,76,76,84,79,93,101,78,122,150,169,83,143,158,159
35,85,86,62,55,27,18,55,84,71,17,16,85,34,92,112,71,64,25,57,63,67,66,42,107,72,52,77,32,31,40,33,16,23,45,14,20,104,15,62,31,102,47,39,11,59,89,88,24,2,106,84,38,47,0,11,69,88,61,76,69,11,95,21,4,24,42,81,97,13,13,44,75,61,28,72,98,57,42,79,83,91,69,29,36,77,28,36,29,64,23,58,29,92,93,24,38,34,33,29,35,38,23,38,73,77,72,18,61,75,71,42,22,44,42,41,94,98,104,90,55,66,31,66,85,36,44,108,32,27,77,30,50,66,105,93,58,41,60,89,100,110,84,67,60,111,112,34,45,110,55,81,56,35,37,58,82,78,92,50,42,39,77,103,43,43,57,106,115,97,75,49,46,96,69,64,74,50,79,62,46,69,110,111,75,51,79,62,69,51,80,85,96,96,63,120,54,63,70,87,90,80,56,89,94,91,57,108,87,72,91,98,57,105,61,58,62,106,58,67,80,61,68,116,70,104,101,65,99,91,80,63,84,103,71,99,97,87,70,66,91,106,89,74,70,68,103,74,89,98,100,112,100,72,126,88,70,71,100,103,106,81,89,99,97,97,113,78,75,78,85,90,112,129,80,107,119,120
27,74,75,72,66,36,25,44,94,82,23,18,74,25,81,101,82,74,35,46,52,57,56,52,96,83,63,88,42,21,30,44,26,13,56,24,11,93,25,51,21,91,36,50,3,48,78,99,35,12,95,95,49,58,11,0,58,99,72,87,80,22,84,32,9,13,31,70,86,23,4,33,64,72,17,61,87,68,31,68,72,80,80,40,25,87,38,47,39,53,33,69,39,81,82,17,28,44,43,21,26,28,31,28,62,66,83,17,51,64,81,52,20,54,51,32,84,88,93,79,45,77,26,56,96,44,36,98,39,29,88,28,42,56,94,103,68,49,51,79,90,99,73,77,51,101,102,32,38,99,47,92,66,34,42,67,73,88,82,58,48,38,68,93,40,40,50,96,104,107,84,55,43,86,78,73,66,46,88,69,47,61,100,101,83,48,71,56,77,55,71,77,86,87,57,110,52,57,63,79,81,89,60,81,85,100,61,99,96,80,82,89,60,114,65,57,59,97,59,62,88,59,63,107,66,113,110,62,91,99,87,66,77,94,67,108,105,95,74,65,84,115,96,80,75,72,95,70,83,90,93,103,109,76,117,96,71,70,92,96,114,87,83,107,105,104,121,82,75,76,90,85,105,121,83,100,111,112
45,24,24,129,122,91,78,24,152,139,76,68,21,41,27,45,140,132,91,20,16,14,14,110,39,140,121,145,100,41,32,101,82,49,113,81,52,36,82,9,38,33,22,108,58,10,20,157,93,70,37,153,107,116,69,58,0,157,130,145,138,80,26,90,67,45,27,12,28,81,57,25,8,130,42,7,30,126,29,12,16,23,138,97,35,145,95,104,97,12,90,127,96,25,26,51,37,100,99,46,40,37,86,38,16,17,140,64,20,17,138,108,63,110,107,40,31,34,39,28,30,133,57,26,152,98,42,44,90,73,144,65,39,29,43,160,122,102,33,33,40,47,31,132,36,49,50,66,50,48,41,147,119,68,88,120,36,143,40,109,96,70,38,47,67,66,51,50,56,162,138,102,67,46,130,124,45,66,141,119,80,49,55,56,135,69,47,56,127,96,49,49,51,52,60,65,75,62,56,52,52,139,101,53,54,152,102,60,148,128,55,56,98,167,107,83,72,60,89,68,136,80,71,67,70,165,161,80,63,149,134,99,64,64,75,158,155,143,114,86,65,166,144,122,114,108,67,79,69,68,68,71,158,113,78,142,97,92,71,71,164,128,75,154,151,150,170,118,97,90,129,80,78,85,117,78,81,81
119,172,173,35,41,71,83,141,18,25,85,93,172,120,180,200,23,30,69,144,150,155,154,50,194,21,39,16,59,118,127,57,76,109,45,77,106,192,75,150,119,190,135,49,99,147,177,3,64,87,194,4,50,41,88,99,157,0,27,12,19,77,183,67,90,112,130,169,185,76,100,132,163,27,115,160,186,32,129,167,171,179,20,60,123,14,63,54,62,151,69,33,63,179,180,109,124,60,61,114,121,124,74,123,160,164,24,96,148,162,27,54,99,53,56,125,181,185,191,176,140,35,109,151,26,68,126,195,76,93,31,102,133,150,191,28,47,65,144,174,186,196,169,42,142,197,198,104,123,195,136,36,54,103,83,55,166,41,176,66,78,105,159,188,110,112,133,190,199,41,49,77,113,179,55,59,154,118,51,65,102,146,193,194,55,116,159,136,62,88,158,165,177,177,135,203,115,133,144,166,169,59,88,168,174,55,89,190,58,68,169,177,95,56,87,111,126,186,107,135,67,118,133,196,137,61,62,122,176,66,73,102,157,180,134,65,66,71,90,119,165,65,71,85,91,96,179,134,161,172,175,189,70,95,206,77,113,119,173,177,72,89,157,76,77,77,74,99,121,131,93,155,186,206,104,178,194,195
92,145,146,19,21,45,57,114,27,19,59,66,145,93,153,173,17,15,43,117,123,128,127,25,168,16,16,19,33,91,101,31,49,83,19,50,80,165,49,123,92,163,108,22,72,120,150,27,37,60,167,23,23,14,61,72,130,27,0,15,8,50,156,40,63,85,103,142,158,49,73,105,136,5,88,133,159,7,102,140,144,152,11,34,96,17,36,28,35,124,42,12,37,152,153,82,97,34,35,87,94,97,47,96,133,137,18,70,121,135,19,31,73,30,32,98,154,158,164,149,113,23,83,124,32,44,100,168,51,67,29,76,106,124,164,39,30,43,117,148,159,169,142,30,116,171,172,78,97,169,110,35,37,78,60,38,139,37,149,46,56,80,133,161,85,87,108,164,173,49,41,57,89,153,44,45,128,93,45,49,79,121,167,168,46,92,133,111,50,67,133,140,151,151,110,177,92,109,119,141,143,52,68,143,148,54,69,164,54,56,144,152,74,62,69,89,103,160,85,111,58,96,109,171,113,65,64,100,151,62,63,82,132,155,111,66,65,64,73,97,140,69,65,70,75,78,154,111,137,147,151,164,69,79,180,69,93,98,149,153,73,76,133,73,73,73,77,84,101,110,80,132,162,182,88,155,169,170
107,160,161,26,31,59,72,129,19,19,73,81,160,108,168,188,17,21,57,132,138,143,142,39,183,14,28,12,48,106,116,45,64,98,34,65,95,180,64,138,107,178,123,37,87,135,165,13,52,75,182,9,38,29,76,87,145,12,15,0,7,65,171,55,78,100,118,157,173,64,88,120,151,16,103,148,174,20,117,155,159,167,9,48,111,7,50,42,50,139,57,21,51,167,168,97,112,48,49,102,109,112,62,111,148,152,16,84,136,150,19,43,87,42,44,113,169,173,179,164,128,26,97,139,25,56,115,183,64,81,26,90,121,138,179,30,37,54,132,162,174,184,157,34,130,185,186,92,111,183,124,32,45,92,72,46,154,36,164,56,67,93,147,176,99,100,121,178,187,41,42,67,102,167,48,51,142,106,46,56,91,134,181,182,48,105,147,125,55,78,147,153,165,165,123,191,104,122,133,154,157,53,78,157,162,52,79,178,54,60,157,166,85,56,78,100,115,174,96,123,61,107,122,184,126,61,60,112,164,62,67,92,145,168,123,63,63,66,81,108,154,64,66,77,82,87,168,123,149,160,164,178,67,87,194,71,103,109,161,166,70,81,145,73,73,73,73,91,111,121,85,144,175,195,96,167,183,183
100,153,154,22,26,53,65,122,22,18,66,74,153,101,161,181,16,17,51,125,131,136,135,32,176,13,22,14,41,99,109,39,57,91,27,58,88,173,57,131,100,171,116,30,80,128,158,19,45,68,175,15,31,22,69,80,138,19,8,7,0,58,164,48,71,93,111,150,166,57,81,113,144,9,96,141,167,13,110,148,152,160,6,41,104,10,44,35,43,132,50,16,44,160,161,90,105,41,42,95,102,105,55,104,141,145,15,77,129,143,17,37,80,36,38,106,162,166,172,157,121,23,90,132,27,50,108,176,58,74,26,83,114,132,172,33,33,48,125,155,167,177,150,31,123,178,179,85,104,177,117,32,40,85,66,42,147,35,157,51,62,87,141,169,92,94,115,171,180,44,41,62,95,160,45,47,136,100,44,52,85,128,175,176,46,99,140,118,51,72,140,147,158,158,117,185,98,115,126,148,151,52,73,150,156,52,74,171,53,57,151,159,79,58,73,95,109,167,90,117,59,102,116,178,120,62,61,106,158,61,64,87,139,162,117,63,63,64,77,103,147,66,65,73,78,82,161,117,143,154,157,171,67,82,187,70,98,103,155,160,71,78,139,72,72,72,75,87,106,115,82,138,169,189,92,161,176,177
46,96,97,52,46,22,19,66,73,61,19,23,96,45,103,123,61,53,19,68,74,79,77,32,118,61,42,66,22,42,51,24,11,34,34,10,31,115,9,73,43,113,58,28,23,70,100,77,14,11,117,73,27,36,11,22,80,77,50,65,58,0,106,10,13,35,53,92,108,2,23,55,86,50,38,83,109,46,52,90,94,102,58,18,46,65,17,25,18,74,13,47,18,102,103,33,48,23,22,38,45,48,15,47,83,87,61,23,72,85,59,32,27,34,31,50,105,109,115,100,65,56,37,76,74,28,53,118,26,28,66,33,59,76,115,82,47,32,69,99,110,120,93,56,68,122,122,37,52,120,63,71,47,38,33,48,92,68,101,42,37,42,86,113,46,47,63,116,124,86,65,43,50,105,59,55,82,54,69,53,46,76,119,120,65,54,87,69,60,47,88,94,104,105,69,130,56,68,77,95,98,71,51,97,103,81,52,117,78,64,98,106,54,95,56,58,66,114,57,72,71,63,72,124,75,94,91,67,107,82,72,61,91,110,74,90,88,79,65,67,98,96,80,68,65,64,110,77,95,104,108,120,91,68,135,80,69,71,106,110,97,75,94,91,89,88,103,74,75,79,79,95,119,137,76,113,126,127
70,24,24,155,148,117,104,47,178,165,102,94,22,66,17,23,166,158,117,43,38,33,34,136,18,167,147,171,126,67,57,127,109,75,139,107,78,13,108,34,64,10,48,134,84,36,8,183,119,96,12,179,133,142,95,84,26,183,156,171,164,106,0,116,93,71,53,14,2,107,83,51,20,156,68,23,5,152,54,17,13,6,164,123,60,171,121,130,122,33,115,152,121,11,10,76,61,126,125,71,64,61,112,63,28,24,166,89,39,27,164,133,88,135,132,63,19,19,20,22,50,159,80,41,178,122,64,26,115,97,169,89,59,44,27,185,147,127,50,29,27,29,33,157,53,31,32,89,71,32,60,172,144,91,112,144,40,168,37,133,120,92,46,36,89,87,68,39,41,186,162,125,88,42,154,148,55,86,165,143,101,62,44,44,159,88,55,72,151,119,57,53,49,50,76,51,94,78,69,56,55,163,123,56,54,176,123,52,171,152,58,55,119,191,128,103,89,55,109,83,160,98,86,58,84,189,185,98,63,172,156,119,72,63,90,181,178,165,136,104,70,189,167,144,135,129,66,94,76,71,69,66,181,134,68,164,115,110,73,72,187,149,84,176,174,173,193,138,114,105,150,89,76,76,136,79,76,76
55,106,107,43,37,21,24,76,64,52,25,31,106,55,113,133,52,44,17,78,84,89,87,24,128,52,33,57,16,52,61,16,14,44,25,14,41,125,13,83,53,123,68,19,33,80,110,67,6,21,127,63,17,26,21,32,90,67,40,55,48,10,116,0,23,45,63,102,118,9,33,65,96,40,48,93,119,36,62,100,104,112,48,9,56,55,8,16,9,84,8,37,10,112,113,42,57,15,14,48,54,57,14,57,93,97,51,31,81,95,50,23,34,25,23,59,114,118,124,110,74,46,45,85,64,23,61,128,24,33,57,40,68,85,125,72,39,27,78,108,120,130,103,47,77,131,132,43,60,129,72,61,39,44,33,41,101,59,110,37,35,47,95,122,52,53,71,125,134,77,57,40,55,114,52,49,91,59,61,47,50,84,128,129,57,59,96,76,53,47,96,102,113,113,75,139,61,74,84,103,106,63,50,106,111,73,51,126,70,58,107,114,54,86,54,61,71,123,60,78,65,67,77,133,81,86,83,71,114,75,66,62,98,118,80,82,80,72,62,70,105,88,74,64,63,63,118,81,102,112,115,128,84,66,143,75,71,73,114,118,89,72,100,84,82,82,96,72,78,83,75,100,127,145,75,120,134,135
35,84,85,65,58,30,22,54,86,73,20,19,83,34,91,110,74,66,29,56,61,66,65,45,105,74,55,79,35,30,39,36,19,22,47,18,19,103,18,61,30,100,46,41,11,57,87,90,26,6,104,86,40,49,4,9,67,90,63,78,71,13,93,23,0,22,40,79,95,14,10,42,73,63,25,70,96,59,39,77,81,89,71,30,33,78,29,38,30,61,23,60,29,89,90,21,35,34,33,26,32,35,22,35,70,74,73,15,59,72,72,43,18,45,42,38,92,96,102,87,52,67,27,63,86,35,41,106,31,24,78,26,47,63,102,94,58,40,57,86,98,107,81,67,56,109,110,30,41,107,52,82,56,32,35,57,79,79,89,49,41,36,74,100,39,40,53,103,112,97,75,47,43,93,69,64,71,46,79,61,43,65,107,108,74,47,76,59,68,49,76,82,92,93,59,117,51,59,67,84,86,80,53,86,91,91,54,105,87,71,87,95,55,105,59,54,59,102,55,64,79,57,64,113,67,104,101,61,95,91,79,61,81,99,67,99,97,86,68,63,88,106,88,73,68,66,99,70,86,94,97,109,100,70,123,87,67,67,96,100,106,80,85,98,96,96,112,76,72,74,83,87,109,126,78,103,116,116
24,63,64,86,79,49,37,34,108,95,35,28,62,19,69,89,96,88,48,35,41,45,44,66,83,96,76,101,56,14,20,57,39,12,69,38,13,81,38,39,11,78,24,63,14,36,65,112,48,25,82,108,62,71,24,13,45,112,85,100,93,35,71,45,22,0,18,57,73,36,12,20,51,85,4,48,74,81,17,55,59,67,93,52,12,100,50,59,51,40,45,81,51,68,69,12,16,55,54,12,14,16,42,16,49,53,95,22,38,51,93,63,23,66,63,21,70,74,80,66,33,89,23,43,107,54,26,84,48,33,99,29,31,44,81,115,78,59,39,65,77,86,60,88,39,88,89,32,30,86,36,103,76,34,48,76,60,99,69,67,55,38,55,80,38,38,41,83,91,118,94,62,41,74,87,82,55,42,98,78,47,51,87,88,93,44,59,48,85,60,60,65,74,75,50,98,50,50,54,67,69,98,65,69,74,110,65,87,106,88,71,77,64,124,70,56,54,85,59,56,96,57,57,94,59,123,120,59,79,108,94,68,68,83,61,117,114,103,79,63,74,124,104,86,79,75,84,65,73,80,82,92,117,80,105,103,71,69,82,85,123,92,75,115,112,112,130,85,74,72,95,77,94,109,86,90,100,101
26,47,47,103,96,65,53,22,125,113,51,43,45,21,52,71,113,105,65,21,25,29,28,83,66,114,94,119,73,18,13,75,56,24,87,55,26,63,56,22,14,61,9,81,32,18,47,130,66,43,64,126,80,89,42,31,27,130,103,118,111,53,53,63,40,18,0,39,55,54,30,2,33,103,15,30,56,99,4,37,41,49,111,70,9,118,68,77,69,22,63,99,69,50,51,25,13,73,72,21,16,14,59,15,32,35,113,38,22,34,111,81,37,83,80,19,53,57,63,49,22,106,33,29,125,71,24,67,64,48,117,41,25,31,64,133,96,76,28,49,60,69,45,105,29,71,72,42,31,69,30,120,92,45,63,93,46,116,54,83,70,47,43,64,46,45,38,68,75,135,111,76,47,59,103,98,45,47,114,93,57,44,72,73,109,50,49,45,101,72,51,54,61,62,48,82,56,49,49,56,58,114,77,58,62,126,78,73,122,103,60,65,75,141,83,64,57,72,68,56,111,62,58,81,58,139,136,64,69,124,109,77,62,72,62,132,130,118,91,69,66,140,119,99,91,86,73,66,67,71,72,80,133,91,92,117,78,75,74,76,138,105,71,129,127,126,145,96,80,75,107,74,84,97,96,81,89,90
57,22,22,142,135,103,90,35,164,151,88,80,19,53,21,35,152,144,103,31,26,23,23,122,29,153,133,158,112,54,44,114,95,61,125,94,64,25,95,21,51,22,35,120,70,23,10,169,105,82,25,165,119,128,81,70,12,169,142,157,150,92,14,102,79,57,39,0,16,93,69,37,6,142,54,9,17,138,40,4,4,11,150,109,46,157,107,116,108,19,101,138,107,13,14,62,47,112,111,57,50,48,98,49,16,14,152,75,26,16,150,119,74,121,118,49,21,23,28,20,37,145,67,30,164,108,51,33,101,84,155,75,46,33,32,171,134,113,38,26,30,36,27,143,41,38,39,76,58,38,48,158,130,77,98,130,34,154,34,119,106,79,38,38,76,74,57,42,46,172,148,111,75,40,140,134,46,73,151,129,88,52,47,47,146,76,47,61,137,106,49,47,46,47,65,56,82,67,60,50,50,150,110,51,50,162,110,53,158,138,53,52,106,177,115,91,78,55,96,72,146,87,76,60,74,175,171,86,59,159,143,107,65,60,80,168,165,152,123,93,64,176,154,131,122,117,63,84,69,66,65,65,168,121,71,151,104,98,69,68,173,136,76,163,161,160,180,126,103,94,138,81,74,77,124,75,76,76
72,26,26,157,150,119,106,49,180,167,104,96,24,68,19,23,168,160,119,45,40,35,36,138,17,169,149,173,128,69,59,130,111,77,141,110,80,13,110,36,66,9,50,136,86,38,10,185,121,98,10,181,135,144,97,86,28,185,158,173,166,108,2,118,95,73,55,16,0,109,85,53,22,158,70,25,3,154,56,18,15,7,166,125,62,173,123,132,124,35,117,154,123,11,10,78,63,128,127,73,66,63,114,64,29,26,168,91,40,28,166,135,90,137,134,65,19,18,19,21,51,160,82,42,179,124,65,24,116,99,171,91,60,45,25,187,149,129,51,29,26,28,33,158,54,30,30,91,72,30,61,174,145,92,114,146,40,169,36,135,121,94,46,35,90,88,69,38,39,188,164,126,89,41,156,150,55,87,167,145,102,63,43,43,161,90,55,73,152,120,57,53,48,49,77,49,96,79,70,56,55,165,124,56,53,177,125,51,173,153,58,54,120,193,130,104,90,55,110,84,161,99,87,57,85,190,187,99,62,174,158,120,73,62,91,183,180,167,137,105,70,191,168,145,136,130,66,95,76,70,69,65,182,135,67,165,116,111,73,71,188,150,84,178,175,174,195,139,114,105,151,89,76,74,137,79,75,75
48,98,99,52,46,23,22,67,73,60,21,25,97,47,105,124,61,53,20,69,75,80,79,32,119,61,42,66,23,43,53,24,13,35,34,12,32,117,11,75,44,114,60,28,24,71,101,76,13,13,118,72,26,35,13,23,81,76,49,64,57,2,107,9,14,36,54,93,109,0,24,56,87,49,39,84,110,45,53,91,95,103,57,16,47,64,15,24,16,75,11,46,16,103,104,34,48,21,20,39,45,48,13,48,84,88,59,23,72,86,58,30,26,32,29,50,105,109,115,101,65,54,37,76,72,26,53,119,24,26,65,33,59,76,116,80,45,30,70,99,111,121,94,54,69,122,123,36,51,120,63,69,45,37,31,46,92,66,102,40,35,40,86,113,45,46,63,116,125,84,63,41,49,105,57,53,82,53,67,51,45,76,120,121,63,53,87,68,58,45,87,94,104,105,68,130,55,67,76,95,98,69,49,97,102,79,50,117,76,62,98,106,52,93,54,57,65,114,56,71,69,61,71,124,74,92,89,65,106,80,70,59,90,110,73,88,86,76,62,66,97,94,78,66,63,62,110,75,95,104,107,120,89,66,135,78,67,69,106,110,95,73,93,88,87,86,101,72,74,78,77,94,119,137,74,113,126,127
29,75,76,74,68,39,28,45,96,83,26,22,74,27,81,101,84,76,38,47,52,57,56,54,95,84,65,89,44,22,30,46,28,16,57,27,13,93,27,51,21,90,36,51,7,48,77,100,36,14,94,96,50,59,13,4,57,100,73,88,81,23,83,33,10,12,30,69,85,24,0,32,63,73,15,60,86,69,29,67,71,79,81,40,23,88,38,47,39,51,33,69,39,79,80,13,25,43,42,17,23,25,30,25,60,64,83,14,49,62,81,52,16,54,51,29,82,86,92,77,42,77,22,53,96,43,33,96,37,25,87,24,38,54,92,103,67,48,48,76,88,97,71,76,47,99,100,28,34,97,43,91,64,30,39,65,70,87,79,56,46,34,65,91,36,36,46,94,102,106,83,52,39,84,76,71,62,42,87,68,43,57,98,98,82,44,67,52,75,52,68,73,83,84,53,108,48,53,59,75,78,87,57,77,82,99,58,96,95,78,79,86,57,113,62,53,55,93,55,58,86,55,59,103,61,112,109,58,87,98,85,62,74,91,63,106,104,93,71,61,80,113,94,77,72,68,91,66,79,86,89,100,107,73,114,93,67,66,89,92,113,84,79,105,103,102,119,79,71,71,87,81,101,117,80,96,108,108
28,45,46,105,98,68,55,22,128,115,53,46,44,23,51,70,115,108,67,21,25,28,27,86,64,116,96,121,75,21,15,77,58,26,89,57,29,61,58,21,16,59,9,83,34,17,46,132,68,45,62,128,82,91,44,33,25,132,105,120,113,55,51,65,42,20,2,37,53,56,32,0,31,105,17,28,54,101,4,35,39,47,113,72,10,120,70,79,71,20,64,101,70,48,49,26,13,75,74,22,16,14,61,16,30,33,115,39,20,32,113,83,38,85,82,19,51,55,60,47,20,108,33,27,127,72,23,65,65,49,118,42,24,29,62,134,97,77,27,47,58,67,43,106,28,69,69,43,31,67,29,122,94,45,64,95,44,118,52,84,72,48,41,62,46,45,37,65,73,136,113,78,47,57,105,99,43,47,116,95,58,43,70,71,111,50,47,44,102,73,49,52,59,60,48,80,56,49,48,55,56,115,78,56,60,127,79,71,123,104,58,63,76,142,84,64,56,70,68,55,112,62,57,78,58,141,137,64,67,125,110,78,60,70,62,134,131,119,92,69,64,141,120,100,92,87,71,66,66,69,71,78,134,92,90,118,78,75,72,74,140,106,69,130,128,127,146,97,80,75,108,73,82,94,97,79,87,88
52,25,26,136,129,98,85,32,158,146,83,75,22,48,26,41,146,138,98,28,24,21,21,116,35,147,127,152,106,48,39,108,89,56,120,88,58,32,89,17,45,29,29,114,64,18,16,163,99,76,32,159,113,122,75,64,8,163,136,151,144,86,20,96,73,51,33,6,22,87,63,31,0,136,48,3,23,132,34,4,8,16,144,103,40,151,101,110,102,13,95,132,101,17,18,56,41,105,104,51,44,41,92,42,12,11,145,69,20,12,144,113,68,115,112,43,23,26,31,21,31,138,60,24,157,102,44,37,95,77,149,69,40,27,35,165,127,107,33,26,32,39,25,136,35,41,42,69,52,40,42,152,123,71,92,124,31,148,33,113,100,73,34,39,69,68,51,43,48,166,142,105,69,40,134,128,42,67,145,123,82,48,48,49,139,70,43,55,131,99,46,44,45,46,60,57,76,62,55,47,47,143,104,48,48,156,104,53,151,132,50,50,100,171,109,85,72,54,90,67,140,81,70,60,69,169,165,81,57,152,137,100,61,58,74,162,159,146,117,87,61,169,147,125,116,110,61,79,65,63,63,65,161,115,71,144,98,93,66,66,167,130,72,157,154,153,174,120,97,89,131,77,72,78,118,73,75,75
94,146,147,24,26,48,59,115,30,23,60,68,146,94,153,173,22,20,45,118,124,129,127,28,168,20,20,22,35,91,101,33,50,83,22,51,80,166,50,124,93,163,108,24,73,120,150,28,38,61,167,24,24,15,61,72,130,27,5,16,9,50,156,40,63,85,103,142,158,49,73,105,136,0,88,133,159,4,102,140,144,152,8,33,96,15,35,26,34,124,41,7,36,152,153,81,96,32,33,86,93,96,46,96,132,136,14,69,121,134,15,28,71,27,29,97,154,158,164,149,112,18,81,123,28,41,99,167,49,65,25,74,105,123,163,35,25,39,116,147,159,169,141,25,115,170,171,77,96,168,108,31,32,76,57,34,138,32,148,43,53,78,132,160,83,85,106,163,172,44,36,53,86,152,39,40,127,91,40,45,76,119,166,167,41,90,132,109,45,64,131,138,149,150,108,176,89,106,117,139,142,47,64,141,147,49,65,162,49,51,142,150,71,58,65,86,100,158,82,108,53,93,107,169,111,61,59,97,149,57,58,79,130,153,108,61,60,59,69,94,138,64,60,66,70,74,152,108,134,145,149,162,64,75,178,64,90,95,146,151,68,72,131,68,68,68,73,79,98,106,76,129,160,180,84,152,167,168
26,61,62,89,83,53,41,34,111,98,39,33,60,21,67,87,99,91,52,34,39,44,42,69,81,99,80,104,59,16,20,61,43,16,72,41,17,78,42,37,12,76,22,67,18,33,63,115,52,29,79,111,65,74,28,17,42,115,88,103,96,38,68,48,25,4,15,54,70,39,15,17,48,88,0,45,71,84,14,52,56,64,96,55,8,103,53,62,54,36,47,84,53,64,65,11,11,58,57,9,10,12,44,12,45,49,98,23,34,47,96,66,23,68,65,17,67,71,76,62,29,91,21,39,110,56,22,81,49,33,101,28,27,40,77,117,80,61,35,61,73,82,56,90,35,84,85,31,26,82,32,105,77,33,49,78,56,101,65,68,56,36,51,76,36,35,37,79,87,120,96,62,38,70,89,83,50,39,99,79,46,47,83,84,94,42,55,44,86,59,56,61,70,70,46,94,48,47,50,63,65,99,64,65,69,111,65,82,107,89,67,73,63,126,70,54,51,80,58,52,97,54,54,90,56,124,121,57,75,109,95,66,64,79,58,118,115,103,79,61,70,125,105,86,79,74,79,62,69,75,78,88,118,79,101,103,69,66,78,81,124,92,71,115,113,112,131,85,72,69,94,74,90,105,85,85,96,96
50,27,28,133,126,95,82,30,156,143,80,72,25,46,28,44,143,135,95,26,23,21,20,113,38,144,124,149,103,46,37,105,86,53,117,85,56,35,86,16,42,32,27,111,62,16,19,160,96,73,35,156,110,119,72,61,7,160,133,148,141,83,23,93,70,48,30,9,25,84,60,28,3,133,45,0,26,129,31,7,11,19,141,100,37,148,98,107,99,10,92,129,98,20,21,53,38,102,101,48,41,38,89,39,10,10,142,66,17,11,141,110,65,112,109,40,25,28,34,22,28,135,57,22,154,99,41,39,91,74,146,66,37,25,36,162,124,104,30,26,33,41,25,133,33,43,44,66,49,42,39,149,120,68,89,121,30,144,33,110,96,70,32,40,66,65,48,44,49,163,139,102,66,40,131,125,40,64,142,120,79,45,49,49,136,67,42,53,127,96,44,43,44,45,57,58,73,59,52,46,46,140,101,47,47,153,101,53,148,129,49,50,97,168,106,82,69,54,87,64,137,78,68,60,66,166,162,78,56,149,134,97,59,58,72,158,156,143,114,84,60,166,144,122,113,107,60,76,64,62,62,64,158,112,72,141,95,90,65,65,164,127,70,154,151,150,171,117,94,86,128,75,72,78,115,72,74,74
74,29,29,159,152,120,107,51,181,168,105,98,27,70,22,25,169,161,121,47,42,38,38,139,20,170,150,175,129,71,61,131,112,78,143,111,81,15,112,38,68,12,52,137,87,40,13,186,122,99,11,182,136,145,98,87,30,186,159,174,167,109,5,119,96,74,56,17,3,110,86,54,23,159,71,26,0,155,57,19,15,7,167,126,63,174,124,133,125,35,118,155,124,9,8,78,64,128,127,74,67,64,114,65,29,25,168,92,41,27,167,136,90,138,135,65,16,15,16,19,51,161,82,42,180,125,65,21,117,99,171,91,60,44,22,187,150,129,51,27,23,24,31,159,53,27,27,91,72,27,60,174,146,92,114,146,38,170,34,135,121,94,45,32,90,88,69,35,36,188,164,127,89,39,156,150,54,86,167,145,102,62,40,40,161,89,53,72,152,120,55,51,46,47,76,46,95,78,69,54,52,165,124,54,51,178,125,48,173,153,55,52,120,193,129,103,89,52,109,82,161,98,86,54,84,190,187,98,60,174,158,119,71,59,89,183,180,167,136,104,68,191,168,145,136,130,63,94,74,68,66,63,182,135,64,165,115,110,71,69,188,150,82,178,175,174,195,138,113,104,151,87,73,71,137,76,72,72
90,142,143,25,25,45,55,112,34,26,57,64,142,91,150,169,25,22,42,114,120,125,124,25,164,23,19,25,32,88,97,30,47,80,20,47,76,162,46,120,89,159,105,21,69,116,146,32,34,57,163,28,21,12,57,68,126,32,7,20,13,46,152,36,59,81,99,138,154,45,69,101,132,4,84,129,155,0,98,136,140,148,12,29,92,19,31,22,30,120,37,5,31,148,149,77,92,28,29,82,89,92,42,91,128,132,16,65,116,130,16,24,67,23,25,93,150,154,160,145,108,18,77,119,31,37,95,163,45,61,26,70,101,119,159,38,23,36,112,143,155,164,137,24,111,166,167,72,91,164,104,32,30,72,53,31,134,32,144,39,49,74,128,156,79,81,102,159,167,46,35,50,82,147,37,38,123,87,40,42,72,115,162,163,40,86,127,105,43,60,127,134,145,145,104,172,85,102,113,135,138,46,61,137,143,50,62,158,49,49,138,146,67,59,62,82,96,154,78,104,52,89,103,165,107,61,60,93,145,57,57,75,126,149,104,61,60,58,66,90,134,64,59,63,68,71,148,105,130,141,145,158,64,72,174,63,86,91,142,147,68,69,127,68,67,67,73,76,94,103,73,125,156,176,81,148,163,164
30,49,50,103,96,66,54,26,125,112,51,44,48,24,55,73,113,105,65,25,29,33,31,83,68,113,94,118,73,21,17,75,56,26,86,55,27,65,56,25,16,62,13,81,32,21,49,129,66,43,66,125,79,88,42,31,29,129,102,117,110,52,54,62,39,17,4,40,56,53,29,4,34,102,14,31,57,98,0,38,42,50,110,69,6,117,67,76,68,22,61,98,67,50,51,22,9,71,70,18,12,10,58,11,31,35,111,35,21,34,110,79,35,81,78,15,53,57,63,48,18,104,29,27,123,69,20,67,61,45,115,37,21,28,64,131,94,73,25,48,59,69,44,103,26,70,71,39,27,69,26,118,90,41,60,91,44,114,52,80,68,44,40,63,42,41,34,66,74,133,109,73,43,58,101,95,42,43,112,91,54,40,71,72,107,46,46,41,98,69,47,51,59,59,44,81,52,45,45,54,55,111,74,55,59,123,75,71,119,100,57,62,71,138,80,60,52,69,64,51,108,58,54,79,54,137,133,60,66,121,106,74,58,69,58,130,127,115,88,65,62,137,116,95,88,83,70,62,63,68,69,78,130,88,90,114,74,71,70,72,136,101,67,126,124,123,142,93,76,71,103,70,81,94,92,78,86,87
57,26,26,140,133,102,89,36,163,150,87,79,23,53,25,39,150,143,102,32,28,25,24,121,33,151,131,156,110,53,43,112,93,60,124,92,63,29,93,21,49,26,34,118,69,22,14,167,103,81,28,163,117,126,79,68,12,167,140,155,148,90,17,100,77,55,37,4,18,91,67,35,4,140,52,7,19,136,38,0,4,12,148,107,44,155,105,114,106,16,99,136,105,13,14,59,45,109,108,55,48,45,95,46,12,10,149,73,22,12,147,117,71,119,116,46,19,22,27,17,33,142,64,25,161,106,47,32,98,81,152,72,43,28,30,168,131,110,34,23,28,35,23,140,37,37,38,72,54,36,44,155,127,74,95,127,29,151,30,116,103,76,33,35,72,70,52,39,44,170,145,108,72,37,137,131,42,69,148,126,85,48,44,45,143,72,43,57,134,102,45,43,42,43,61,53,78,63,55,46,45,146,106,47,46,159,107,49,155,135,49,48,102,174,112,87,74,51,92,68,143,82,72,57,70,172,168,82,55,155,140,103,61,56,75,165,162,149,119,89,60,172,150,127,119,113,59,80,65,62,61,62,164,118,68,147,99,94,65,64,170,133,72,160,157,156,177,122,98,90,134,77,70,74,120,71,72,72
60,26,26,144,137,106,93,39,167,154,91,83,23,56,23,36,154,147,106,35,30,27,27,124,30,155,135,160,114,57,47,116,97,64,128,96,67,26,97,25,53,22,38,122,73,26,12,171,107,84,25,167,121,130,83,72,16,171,144,159,152,94,13,104,81,59,41,4,15,95,71,39,8,144,56,11,15,140,42,4,0,8,152,111,48,159,109,118,110,20,103,140,109,9,10,63,49,113,112,59,52,49,99,50,15,12,153,77,26,14,151,121,75,123,120,50,17,19,24,16,37,146,67,28,165,110,51,29,102,84,156,76,46,31,28,172,135,114,37,22,26,32,24,144,40,34,35,76,58,33,47,159,131,78,99,131,30,155,30,120,107,79,35,34,76,74,56,37,42,174,149,112,75,36,141,135,44,73,152,130,88,50,43,43,147,75,44,59,138,106,47,44,42,43,64,51,82,66,58,47,46,150,110,47,46,163,110,48,158,139,49,48,106,178,115,90,77,50,96,71,147,86,74,55,72,176,172,85,55,159,143,106,62,56,78,168,165,152,123,92,61,176,154,131,122,116,59,82,66,62,62,61,168,121,66,151,103,97,65,64,174,136,73,163,161,160,180,125,101,93,137,79,70,73,123,72,71,71
68,27,27,152,145,114,101,46,175,162,99,91,24,64,22,30,162,154,114,42,37,33,33,132,24,163,143,168,122,64,55,124,105,72,136,104,75,20,105,32,61,16,45,130,81,34,10,179,115,92,17,175,129,138,91,80,23,179,152,167,160,102,6,112,89,67,49,11,7,103,79,47,16,152,64,19,7,148,50,12,8,0,160,119,56,167,117,126,118,28,111,148,117,5,5,71,56,121,120,66,60,57,107,58,22,18,161,85,34,21,159,129,83,131,128,58,14,15,18,16,44,154,75,35,173,118,58,24,110,92,164,84,53,37,23,180,143,122,44,23,23,27,26,152,47,29,29,84,65,29,54,167,139,85,107,139,34,163,31,128,114,87,39,31,83,81,62,35,38,181,157,120,82,36,149,143,48,80,160,138,95,56,40,40,154,82,48,65,145,113,50,47,43,44,70,48,88,72,63,50,48,158,117,50,48,171,118,47,166,146,52,49,113,186,123,97,83,50,103,76,154,92,80,54,78,183,180,91,57,167,151,113,66,57,83,176,173,160,130,98,64,184,161,138,129,123,60,88,69,65,63,61,175,128,64,158,109,103,67,66,181,143,77,171,168,167,188,132,107,98,144,83,71,71,130,73,71,71
102,154,155,28,31,55,67,124,27,24,68,76,154,103,162,181,22,23,53,126,132,137,136,35,176,19,26,19,43,100,109,41,59,92,30,59,88,174,58,132,101,171,117,32,81,128,158,21,46,69,175,17,32,23,69,80,138,20,11,9,6,58,164,48,71,93,111,150,166,57,81,113,144,8,96,141,167,12,110,148,152,160,0,41,104,7,43,34,42,132,49,13,43,160,161,89,104,40,41,94,101,104,54,103,140,144,9,77,128,142,11,34,79,33,35,105,162,166,171,157,120,17,89,131,22,48,107,175,55,73,20,81,113,131,171,28,28,45,124,154,166,176,149,25,122,177,178,84,103,176,116,26,35,83,63,37,146,29,156,47,58,85,139,168,90,92,113,170,179,38,35,58,93,159,39,42,134,97,38,47,82,126,173,174,41,96,139,116,46,69,138,145,156,157,114,183,95,113,124,146,149,46,69,148,154,46,69,169,47,52,149,157,75,53,69,91,106,165,87,114,53,98,113,176,117,56,55,102,156,55,59,83,137,160,114,57,57,58,72,99,145,60,59,68,73,78,159,114,140,151,155,169,61,78,185,64,94,100,153,157,65,73,136,66,66,66,69,82,102,111,77,135,166,186,87,158,174,175
64,114,115,40,35,27,33,84,59,48,33,39,114,63,121,141,47,40,23,86,92,97,95,23,135,47,30,51,18,60,69,17,23,52,23,23,49,133,21,91,60,131,76,16,41,88,118,61,11,29,134,57,13,21,29,40,97,60,34,48,41,18,123,9,30,52,70,109,125,16,40,72,103,33,55,100,126,29,69,107,111,119,41,0,63,48,2,7,2,91,9,29,4,119,120,48,63,7,7,53,60,63,14,63,99,103,43,36,87,101,41,15,39,17,15,64,121,125,131,116,79,38,49,91,56,18,66,134,22,35,48,43,73,90,131,64,30,21,84,114,126,136,108,39,82,137,138,46,64,135,76,53,31,46,31,33,106,50,116,30,31,48,100,128,54,55,75,130,139,68,48,35,57,119,44,41,95,61,52,40,50,88,134,134,49,61,100,79,46,43,100,106,117,118,78,144,62,77,87,107,110,55,46,110,115,64,47,130,62,51,110,119,51,77,49,61,72,127,58,80,57,67,79,137,82,78,75,71,118,67,59,59,100,122,81,74,72,64,57,70,108,80,66,58,58,59,122,82,105,115,118,131,76,61,147,67,69,72,117,121,81,65,102,76,75,74,87,67,76,82,69,102,130,149,71,123,137,138
29,55,56,98,91,61,49,30,119,107,47,40,54,23,61,79,107,99,60,30,34,38,37,78,74,108,88,112,67,19,18,69,51,22,81,50,23,71,50,30,14,68,17,75,26,26,55,123,60,37,72,119,74,82,36,25,35,123,96,111,104,46,60,56,33,12,9,46,62,47,23,10,40,96,8,37,63,92,6,44,48,56,104,63,0,111,61,70,62,28,55,92,61,56,57,16,6,65,64,12,8,7,52,8,37,41,105,29,26,39,104,73,29,75,72,13,58,62,68,54,21,98,24,31,117,63,18,72,55,39,109,32,21,32,69,125,88,67,28,53,65,74,48,97,28,76,77,34,24,74,27,112,84,36,54,85,48,108,57,74,62,39,44,68,38,37,33,71,79,127,103,68,39,62,95,90,44,40,106,85,49,41,75,76,101,42,49,40,93,64,50,54,62,63,43,86,48,44,46,56,58,105,69,58,62,117,69,75,113,95,60,66,66,132,74,56,50,73,60,50,103,55,52,82,53,131,127,57,68,115,100,69,59,72,56,124,121,109,83,61,64,131,110,90,83,78,73,60,64,69,72,81,124,83,94,108,70,67,72,75,130,96,67,121,118,117,137,88,72,69,98,70,83,98,88,80,89,90
109,161,162,32,36,62,74,131,26,26,75,83,161,110,169,189,24,27,60,133,139,144,143,42,183,21,32,19,50,107,117,48,66,99,36,66,96,181,65,139,108,179,124,39,88,136,165,16,53,76,182,13,39,30,77,87,145,14,17,7,10,65,171,55,78,100,118,157,173,64,88,120,151,15,103,148,174,19,117,155,159,167,7,48,111,0,50,41,49,139,56,19,50,167,168,96,111,46,47,101,108,111,60,110,147,151,10,83,135,149,13,41,86,39,42,112,168,172,178,164,127,21,95,138,18,54,113,182,62,79,19,88,120,137,178,23,33,51,131,161,173,183,155,28,129,184,185,90,109,182,122,25,40,90,69,41,152,29,162,52,64,91,146,174,96,98,119,177,186,35,36,63,99,166,42,45,140,103,39,51,88,132,180,181,42,102,145,122,49,74,145,151,163,163,121,190,101,119,130,152,155,47,74,154,160,45,74,176,47,54,155,164,80,49,73,97,112,172,92,120,55,104,119,182,123,54,53,108,162,55,60,88,143,166,119,56,56,59,76,104,151,57,59,71,77,82,165,120,146,157,161,175,60,81,192,65,99,105,159,163,63,75,142,66,66,66,66,85,107,116,79,141,172,192,90,164,180,181
62,113,114,43,37,28,32,82,61,50,33,38,112,62,119,139,50,43,24,84,90,95,94,25,134,49,32,53,19,58,68,19,22,50,25,22,47,131,21,89,59,129,74,18,39,86,116,63,11,27,132,59,16,23,28,38,95,63,36,50,44,17,121,8,29,50,68,107,123,15,38,70,101,35,53,98,124,31,67,105,109,117,43,2,61,50,0,9,1,89,6,31,3,117,118,46,61,7,7,51,58,61,12,60,97,101,45,34,85,99,43,16,37,18,16,62,119,123,129,114,77,39,47,88,58,17,64,132,20,32,50,41,71,88,128,65,31,20,81,112,124,134,106,40,80,135,136,44,61,133,74,54,31,44,30,33,104,51,114,30,30,46,97,125,51,53,72,128,137,69,49,34,55,117,44,41,93,59,53,40,48,85,131,132,50,59,98,77,46,42,98,104,115,116,76,141,59,75,85,105,108,56,45,107,113,65,46,128,62,51,108,116,49,78,48,59,70,125,56,77,57,65,76,135,80,79,76,69,116,67,59,57,98,120,78,74,72,64,56,68,106,81,66,58,57,58,119,80,103,113,116,129,76,60,145,67,67,70,114,119,82,65,100,76,75,74,88,66,74,80,69,100,128,147,69,121,135,136
71,122,122,37,33,32,39,91,54,43,40,46,121,71,128,148,42,36,28,93,99,104,103,23,143,42,26,46,21,67,77,19,29,59,20,29,56,140,28,98,68,138,83,14,48,95,125,54,16,36,142,50,11,16,36,47,104,54,28,42,35,25,130,16,38,59,77,116,132,24,47,79,110,26,62,107,133,22,76,114,118,126,34,7,70,41,9,0,8,98,15,22,9,126,127,55,70,7,8,60,67,70,20,69,106,110,36,43,94,108,34,10,45,12,11,71,127,131,137,123,86,30,55,97,49,19,73,141,25,40,41,48,79,97,137,56,24,20,90,121,132,142,115,32,89,144,145,51,70,142,82,46,26,51,34,28,112,43,122,28,32,53,106,134,58,60,80,137,145,61,42,35,62,125,38,36,101,66,46,36,53,93,140,141,44,65,106,84,41,44,105,112,123,124,83,150,65,82,92,113,116,50,47,115,121,58,48,136,56,47,116,124,52,71,49,64,76,133,61,84,53,70,83,143,87,71,69,74,123,61,55,60,105,128,85,68,66,60,56,72,113,74,61,56,57,59,127,86,110,120,123,137,70,61,153,63,70,74,121,126,75,63,107,71,70,69,81,66,78,85,67,106,135,154,70,128,142,143
64,114,115,43,38,29,34,83,61,49,34,40,113,63,121,140,49,42,25,85,91,96,95,26,135,49,32,53,20,59,69,20,24,52,25,23,48,132,22,90,60,130,75,18,40,87,117,62,12,29,134,58,16,22,29,39,97,62,35,50,43,18,122,9,30,51,69,108,124,16,39,71,102,34,54,99,125,30,68,106,110,118,42,2,62,49,1,8,0,90,7,30,2,118,119,47,62,6,5,52,59,62,13,61,98,102,44,35,86,100,42,14,37,16,14,63,120,123,129,115,78,38,47,89,56,16,65,133,20,33,48,41,71,89,129,64,30,19,82,113,124,134,107,38,81,136,137,44,62,134,75,53,30,44,29,32,104,50,114,29,29,46,98,126,52,53,73,129,138,68,47,33,55,118,43,39,93,59,52,39,48,86,132,133,48,59,98,77,44,41,98,105,116,116,76,142,59,75,85,106,108,54,44,108,113,64,45,129,61,49,109,117,49,77,47,59,70,125,56,78,56,65,77,136,80,77,74,69,116,66,57,57,98,120,79,73,71,63,55,67,106,79,64,56,56,57,120,80,103,113,116,130,75,59,145,66,67,70,115,119,80,64,100,75,73,73,86,65,74,80,67,100,128,147,69,121,135,136
45,35,36,125,118,88,75,29,147,135,73,65,33,41,38,54,135,127,87,25,24,24,23,105,48,136,116,140,95,39,31,97,78,46,109,77,48,45,78,16,35,42,21,103,54,14,29,151,88,65,45,147,102,110,64,53,12,151,124,139,132,74,33,84,61,40,22,19,35,75,51,20,13,124,36,10,35,120,22,16,20,28,132,91,28,139,89,98,90,0,83,120,89,28,29,43,28,93,92,38,31,28,79,30,10,13,133,56,8,12,131,100,55,103,100,30,31,35,41,27,18,126,47,15,145,89,31,45,82,64,136,56,28,18,42,152,115,94,21,28,38,47,25,124,24,49,50,56,39,47,30,139,111,58,79,111,28,135,34,100,87,60,28,43,57,55,39,47,54,153,129,92,57,40,121,115,34,55,132,110,69,38,52,52,127,57,37,44,118,86,39,40,43,44,49,62,64,50,45,43,43,130,91,44,46,143,91,54,139,119,46,48,87,158,96,72,60,54,78,56,127,69,59,62,58,156,152,69,54,139,124,88,53,56,63,149,146,133,104,75,55,156,134,112,103,98,58,68,58,58,59,64,148,103,73,131,86,81,61,62,154,117,64,144,141,140,161,107,85,78,119,69,70,79,106,69,73,74
58,107,108,49,43,29,31,77,68,56,31,35,106,57,114,134,56,49,25,79,85,90,88,30,128,56,38,60,23,53,63,23,21,46,31,21,42,125,19,84,53,123,69,24,34,80,110,69,14,23,127,65,22,29,23,33,90,69,42,57,50,13,115,8,23,45,63,101,117,11,33,64,95,41,47,92,118,37,61,99,103,111,49,9,55,56,6,15,7,83,0,37,6,111,112,40,55,11,10,45,52,55,6,54,91,95,50,28,79,93,49,19,30,21,19,56,112,116,122,108,71,44,40,82,63,16,58,126,16,26,55,34,64,82,122,70,35,20,75,106,117,127,100,44,74,129,130,37,55,127,68,59,34,38,25,35,97,55,107,30,27,40,91,119,45,47,66,122,130,74,52,32,49,111,47,43,87,53,56,41,42,79,125,126,52,53,91,70,47,38,91,98,109,109,70,135,54,69,79,99,102,58,42,101,107,68,43,122,65,52,102,110,46,82,46,54,64,118,52,72,59,59,71,129,74,82,79,64,110,69,60,54,92,114,73,77,75,66,54,63,100,84,67,57,55,55,113,75,97,107,110,123,79,58,139,68,63,66,108,112,84,64,94,78,76,76,91,64,70,75,68,94,121,140,67,115,129,130
92,143,144,30,30,48,58,113,38,30,59,66,143,92,150,170,29,26,44,115,121,126,125,29,165,27,24,29,35,89,98,33,49,81,24,49,78,162,48,120,90,160,105,23,70,117,147,34,36,58,164,30,23,16,58,69,127,33,12,21,16,47,152,37,60,81,99,138,154,46,69,101,132,7,84,129,155,5,98,136,140,148,13,29,92,19,31,22,30,120,37,0,31,148,149,77,92,27,28,82,89,92,41,91,128,132,14,64,116,130,13,22,66,20,23,92,149,153,159,144,108,13,76,119,28,35,94,163,43,60,22,69,100,118,159,35,18,33,111,142,154,164,136,19,110,165,166,71,90,163,103,28,25,71,51,27,133,28,143,35,46,72,127,155,77,79,100,158,167,42,30,46,80,146,32,34,121,85,35,38,70,113,161,162,35,84,126,103,38,57,126,132,144,144,102,171,82,100,111,133,136,41,57,135,141,45,58,157,44,44,136,145,64,55,58,79,94,153,75,102,47,86,100,163,104,57,55,90,143,52,52,71,124,147,101,56,55,53,62,87,132,60,54,59,63,67,146,102,128,139,142,156,59,67,173,58,83,88,140,145,64,65,124,63,62,62,69,72,91,99,69,123,153,174,77,146,161,162
64,113,114,45,40,31,35,83,63,51,35,40,113,63,120,140,51,44,26,85,91,96,94,28,134,51,34,55,22,59,69,22,25,51,27,24,48,132,23,90,59,129,75,20,40,86,116,64,14,29,133,59,18,24,29,39,96,63,37,51,44,18,121,10,29,51,69,107,123,16,39,70,101,36,53,98,124,31,67,105,109,117,43,4,61,50,3,9,2,89,6,31,0,117,118,46,61,5,4,51,58,61,11,60,97,101,44,33,85,99,43,14,36,16,13,62,118,122,128,113,77,38,46,88,57,14,64,132,17,31,49,39,70,87,128,64,29,17,81,111,123,133,106,38,79,134,135,42,60,133,73,53,29,42,27,31,103,50,113,27,27,44,97,125,50,51,71,127,136,68,47,31,53,116,42,38,92,57,51,37,45,84,131,131,47,57,97,75,43,39,96,103,114,114,74,141,57,73,83,104,107,53,42,106,112,63,43,127,60,48,107,115,46,77,45,56,68,123,54,76,55,62,75,134,78,77,74,67,114,65,56,54,97,119,76,72,70,62,53,65,104,79,63,55,54,55,118,78,101,111,115,128,74,57,144,64,64,68,113,117,79,62,98,74,72,72,86,63,72,78,66,98,126,145,66,119,133,134
70,32,32,153,146,115,102,49,175,162,100,92,29,66,27,34,163,155,115,44,40,36,36,133,28,164,144,168,123,66,56,125,106,73,136,105,76,24,106,34,62,20,47,131,81,35,15,180,116,93,21,175,130,139,92,81,25,179,152,167,160,102,11,112,89,68,50,13,11,103,79,48,17,152,64,20,9,148,50,13,9,5,160,119,56,167,117,126,118,28,111,148,117,0,1,71,56,121,120,66,59,56,107,57,20,16,161,84,32,19,159,128,82,130,127,57,9,10,14,11,42,153,74,33,173,117,57,20,109,91,164,83,52,35,19,180,142,121,42,18,18,23,22,151,44,25,25,82,63,24,51,166,138,84,106,138,29,162,26,127,113,85,35,26,81,79,60,30,33,181,156,118,80,31,148,142,45,77,159,136,93,52,35,35,153,80,44,62,144,111,46,43,38,39,67,43,86,69,59,45,44,156,116,45,43,169,116,42,165,145,47,44,111,185,121,94,80,45,100,73,152,89,77,49,74,182,178,88,52,165,149,110,62,52,80,174,171,158,128,95,59,182,159,136,127,121,55,84,65,60,59,56,174,126,59,156,106,100,63,61,179,141,73,169,166,165,186,129,104,95,142,78,66,66,127,68,66,66
71,32,32,154,147,116,103,49,176,163,101,93,29,67,27,33,164,156,116,45,40,37,37,134,28,165,145,169,124,67,57,126,107,74,137,106,77,23,107,35,63,20,48,132,82,36,15,181,117,94,20,176,131,140,93,82,26,180,153,168,161,103,10,113,90,69,51,14,10,104,80,49,18,153,65,21,8,149,51,14,10,5,161,120,57,168,118,127,119,29,112,149,118,1,0,72,57,122,121,67,60,57,108,58,21,17,162,85,33,20,160,129,83,131,128,58,9,10,13,11,43,154,75,34,174,118,58,19,110,92,165,84,52,36,18,181,143,122,43,19,17,22,23,152,45,24,25,83,64,24,52,167,139,85,107,139,30,163,26,128,114,86,36,26,82,80,60,30,33,181,157,119,81,32,148,143,45,78,160,137,94,53,35,35,154,81,45,63,145,112,47,43,38,39,67,43,87,70,60,46,44,157,116,46,43,170,117,42,166,145,47,44,112,186,122,95,81,45,101,74,153,90,78,49,75,183,179,89,52,166,150,111,62,52,81,175,172,159,128,96,60,183,160,137,128,122,56,85,66,60,59,56,175,127,59,157,107,101,63,61,180,142,73,170,167,166,187,130,105,96,143,79,66,66,128,69,66,66
35,71,72,85,79,51,41,45,106,94,39,34,70,31,77,96,94,87,50,45,50,54,52,65,90,94,75,99,55,26,31,57,40,23,68,39,22,87,39,47,22,84,32,61,19,43,71,109,47,26,87,105,60,68,24,17,51,109,82,97,90,33,76,42,21,12,25,62,78,34,13,26,56,81,11,53,78,77,22,59,63,71,89,48,16,96,46,55,47,43,40,77,46,71,72,0,15,50,49,5,12,15,36,14,51,55,90,13,39,53,88,57,13,59,56,17,72,76,82,67,31,83,11,42,102,47,20,86,39,23,93,17,26,42,82,109,72,51,36,66,77,87,60,81,35,89,90,20,21,87,31,96,68,22,38,69,58,92,68,58,46,26,53,80,26,26,33,83,91,111,87,52,29,72,79,73,50,31,90,69,36,45,86,87,85,33,55,39,76,49,55,61,71,72,41,96,38,41,47,63,65,89,54,65,70,101,54,84,97,79,66,73,52,116,59,45,43,81,48,46,87,45,47,91,49,115,111,48,75,99,85,56,61,78,51,108,105,93,68,52,67,115,95,75,68,64,79,55,66,74,76,88,108,69,102,93,59,57,76,79,114,81,67,105,102,102,121,74,62,61,84,69,88,105,74,83,95,96
35,58,59,99,93,64,52,35,121,108,50,44,57,29,63,81,109,101,63,34,38,42,40,79,76,109,90,114,69,25,24,71,53,27,82,52,28,72,52,34,19,70,22,76,29,29,57,124,61,39,73,120,75,83,38,28,37,124,97,112,105,48,61,57,35,16,13,47,63,48,25,13,41,96,11,38,64,92,9,45,49,56,104,63,6,111,61,70,62,28,55,92,61,56,57,15,0,65,64,10,3,1,51,2,36,40,105,28,24,38,103,72,27,74,71,7,57,61,67,53,17,98,20,28,117,61,12,71,54,36,108,29,16,29,67,124,86,66,23,51,63,73,46,96,23,74,75,30,18,72,21,111,82,32,51,83,45,107,54,72,59,35,40,66,33,32,27,69,77,125,101,65,34,59,93,87,39,34,104,82,45,36,72,73,99,37,44,34,90,60,45,49,59,59,37,83,43,38,40,52,54,103,65,54,58,115,66,71,111,92,55,62,62,130,71,51,44,69,55,44,100,49,46,79,47,128,125,51,64,112,97,65,53,67,50,121,119,106,79,56,59,129,107,86,79,74,68,54,59,64,67,76,121,78,90,105,65,62,67,70,127,92,61,117,115,114,134,83,67,63,94,64,79,93,83,74,84,85
69,118,119,44,40,34,39,88,61,50,40,45,117,68,125,144,49,43,30,90,96,100,99,29,139,49,33,52,25,64,73,24,29,56,27,29,53,136,28,94,64,134,79,20,45,91,120,60,18,34,137,56,18,23,34,44,100,60,34,48,41,23,126,15,34,55,73,112,128,21,43,75,105,32,58,102,128,28,71,109,113,121,40,7,65,46,7,7,6,93,11,27,5,121,122,50,65,0,1,55,62,65,14,64,101,105,40,37,89,103,38,9,39,11,8,65,122,126,132,117,80,33,49,92,52,12,67,135,18,33,44,42,73,91,132,60,24,14,84,115,127,137,109,33,83,138,139,44,63,136,76,48,24,44,27,26,106,45,116,23,25,46,100,128,51,53,74,131,139,63,42,29,55,119,37,34,95,59,46,33,46,87,134,135,43,59,99,77,38,38,99,106,117,117,76,144,58,75,85,107,109,48,40,109,114,58,41,130,55,43,110,118,45,72,43,57,69,126,54,77,50,63,76,137,80,72,69,67,117,60,52,53,98,121,77,67,65,57,50,65,106,74,59,51,51,53,120,79,103,113,117,130,69,55,146,60,64,67,115,119,75,58,100,69,68,67,81,61,71,78,62,99,128,148,64,121,136,136
68,117,118,45,40,34,39,87,61,51,39,45,116,67,124,143,50,44,30,89,95,99,98,29,138,49,34,53,25,63,72,24,29,55,27,29,52,135,27,93,63,133,78,21,44,90,119,61,18,33,136,57,18,23,33,43,99,61,35,49,42,22,125,14,33,54,72,111,127,20,42,74,104,33,57,101,127,29,70,108,112,120,41,7,64,47,7,8,5,92,10,28,4,120,121,49,64,1,0,54,61,64,13,63,100,104,41,36,88,102,39,9,38,12,9,64,121,125,131,116,79,34,48,91,53,12,66,134,17,32,45,41,72,90,131,61,25,14,83,114,126,136,108,34,82,137,138,43,62,135,75,49,25,43,26,26,105,46,115,23,25,45,99,127,51,52,73,130,138,64,43,29,54,118,38,34,94,58,47,33,45,86,133,134,43,58,98,76,39,37,98,105,116,116,75,143,57,74,85,106,109,49,40,108,114,59,41,129,56,44,109,117,45,72,43,56,68,125,53,76,51,62,75,136,79,72,69,66,116,61,52,53,98,120,77,68,66,58,50,65,106,74,59,51,51,52,119,78,102,112,116,129,70,55,145,60,63,67,114,118,75,58,99,70,68,68,81,60,70,77,62,98,127,147,64,120,135,136
35,67,68,90,84,56,45,42,111,99,43,38,66,31,72,91,99,92,54,42,46,50,49,70,85,99,80,104,60,25,29,62,45,24,73,44,24,82,44,43,21,80,29,66,23,38,66,114,52,31,83,110,65,74,29,21,46,114,87,102,95,38,71,48,26,12,21,57,73,39,17,22,51,86,9,48,74,82,18,55,59,66,94,53,12,101,51,60,52,38,45,82,51,66,67,5,10,55,54,0,7,10,41,9,46,50,95,18,34,48,93,62,17,64,61,12,67,71,77,62,26,87,12,37,107,51,16,81,44,27,98,20,21,37,77,114,76,56,31,61,72,82,55,86,31,84,85,22,18,82,26,101,73,24,42,73,53,97,63,62,50,27,48,75,27,26,30,77,86,115,91,56,29,67,83,78,45,30,94,73,37,40,81,82,89,33,50,36,81,52,51,56,66,67,38,91,38,38,43,58,61,93,57,60,65,105,57,79,101,82,62,69,55,121,62,45,42,77,49,44,90,45,45,87,47,119,115,48,70,103,88,58,57,74,49,112,109,97,71,52,63,119,98,78,71,66,74,53,62,70,72,83,112,71,97,96,60,57,72,75,118,84,64,108,106,105,124,76,62,60,86,66,84,100,76,79,91,91
35,61,62,97,90,62,50,38,118,106,48,42,60,30,66,85,106,98,60,37,41,45,43,77,79,106,87,111,67,25,26,68,51,26,79,50,27,76,50,37,20,73,24,73,28,32,60,121,59,37,76,117,72,80,35,26,40,121,94,109,102,45,64,54,32,14,16,50,66,45,23,16,44,93,10,41,67,89,12,48,52,60,101,60,8,108,58,67,59,31,52,89,58,59,60,12,3,62,61,7,0,3,48,2,39,43,102,25,27,41,100,69,24,71,68,7,60,64,70,55,20,94,17,31,114,58,12,74,50,33,105,26,16,31,70,121,83,63,25,54,66,75,48,92,25,77,78,27,17,75,22,108,79,29,48,80,47,103,56,69,56,32,42,68,30,29,27,71,79,122,98,62,32,61,90,84,40,32,101,79,42,36,75,76,96,35,45,34,87,57,46,51,60,61,36,85,41,37,40,53,55,100,62,55,60,112,63,73,108,89,57,63,59,127,68,48,43,71,52,43,97,47,45,81,46,125,121,49,65,109,94,62,54,69,49,118,115,103,76,54,59,126,104,83,76,71,69,53,59,65,68,78,118,76,92,102,63,60,68,71,124,89,61,114,112,111,131,81,65,61,91,64,80,95,80,75,86,86
36,59,60,100,93,64,53,36,121,109,51,45,57,30,64,82,109,101,63,35,39,42,41,80,76,109,90,114,70,26,25,71,54,28,82,52,29,73,53,34,20,70,22,76,30,30,57,124,61,40,73,120,75,83,38,28,37,124,97,112,105,48,61,57,35,16,14,48,63,48,25,14,41,96,12,38,64,92,10,45,49,57,104,63,7,111,61,70,62,28,55,92,61,56,57,15,1,65,64,10,3,0,51,1,36,40,105,28,24,38,103,72,26,74,71,6,57,61,67,52,17,97,20,28,117,61,11,71,53,36,108,28,15,28,67,124,86,66,23,51,63,72,46,95,23,74,75,29,17,72,20,111,82,31,51,83,44,106,54,72,59,34,39,65,32,31,26,68,77,125,101,64,33,58,93,87,38,33,104,82,44,35,72,73,98,36,43,33,90,60,44,49,58,59,36,82,42,37,39,51,53,102,64,53,57,115,65,71,110,91,54,61,62,130,70,50,43,68,54,43,99,48,45,78,46,128,124,50,63,112,97,64,52,66,49,121,118,106,78,55,58,129,107,86,78,73,67,53,58,64,66,76,121,78,89,105,64,61,66,69,127,92,60,117,114,114,133,83,66,62,94,63,78,93,82,74,84,84
58,105,106,55,50,34,34,76,73,62,34,37,104,56,111,131,62,55,30,77,83,87,86,37,125,61,44,65,30,52,61,30,25,45,37,24,42,122,23,81,51,120,66,30,33,77,107,74,20,23,123,70,28,35,23,31,86,74,47,62,55,15,112,14,22,42,59,98,114,13,30,61,92,46,44,89,114,42,58,95,99,107,54,14,52,60,12,20,13,79,6,41,11,107,108,36,51,14,13,41,48,51,0,50,87,91,54,23,75,89,52,21,25,24,21,51,108,112,118,103,66,47,35,78,66,13,53,121,11,20,57,29,59,77,118,73,36,18,70,101,113,123,95,46,69,124,125,31,50,122,62,61,34,32,19,35,92,57,102,28,22,34,86,114,39,41,60,117,126,76,53,28,43,106,46,42,81,47,57,39,36,73,120,121,52,47,86,64,46,33,86,92,103,104,64,130,48,62,73,93,96,57,37,95,101,69,38,116,65,50,96,105,40,83,41,48,58,113,46,65,57,53,64,123,68,82,79,57,104,69,57,48,86,108,66,77,74,65,50,56,94,84,66,53,51,50,107,68,90,100,104,117,78,53,133,66,57,60,102,106,84,60,88,77,75,74,90,59,64,69,64,88,115,135,62,108,123,124
36,60,61,99,92,64,53,38,120,108,50,45,59,31,65,83,108,101,63,37,40,44,42,79,77,108,89,113,69,26,26,71,53,28,82,52,29,74,52,36,21,71,24,75,30,31,58,123,61,39,74,119,74,83,38,28,38,123,96,111,104,47,63,57,35,16,15,49,64,48,25,16,42,96,12,39,65,91,11,46,50,58,103,63,8,110,60,69,61,30,54,91,60,57,58,14,2,64,63,9,2,1,50,0,37,41,104,27,25,39,102,71,25,73,70,5,58,62,68,53,17,96,18,28,115,60,10,72,52,35,107,27,14,29,68,123,85,64,23,52,63,73,46,94,23,75,76,28,16,73,20,109,81,30,50,81,45,105,54,71,57,33,40,66,31,29,25,69,77,124,99,63,32,59,91,86,38,32,102,81,42,34,72,73,97,34,43,33,88,58,44,49,58,59,35,83,41,36,38,51,53,101,63,53,57,114,64,71,109,90,54,61,60,129,69,49,42,69,53,42,98,47,44,78,45,127,123,49,63,110,95,62,52,66,48,120,117,104,77,54,57,127,106,84,77,71,67,52,57,63,66,76,119,76,89,103,63,60,66,69,125,90,59,116,113,112,132,81,64,61,92,62,78,93,81,73,84,84
55,37,37,134,128,97,85,38,156,144,82,75,34,51,37,51,144,136,97,34,32,30,30,114,45,145,125,149,104,49,41,106,88,56,117,86,58,41,87,24,45,37,31,112,63,22,26,160,97,74,39,156,110,119,73,62,16,160,133,148,141,83,28,93,70,49,32,16,29,84,60,30,12,132,45,10,29,128,31,12,15,22,140,99,37,147,97,106,98,10,91,128,97,20,21,51,36,101,100,46,39,36,87,37,0,4,141,64,12,2,139,108,62,110,107,36,22,25,31,17,22,133,54,13,152,97,36,35,89,71,144,62,31,16,32,160,122,101,22,18,28,37,16,131,25,39,40,62,43,38,32,146,117,64,85,118,20,142,25,106,93,65,22,33,61,59,41,37,44,160,136,98,60,31,127,121,30,58,138,116,73,36,42,42,133,61,32,45,123,91,34,33,35,36,49,52,67,51,43,36,36,136,95,37,38,149,96,44,144,124,39,40,91,164,101,75,62,45,81,56,132,71,59,52,58,162,158,70,46,145,129,91,49,48,63,154,151,138,108,77,49,162,139,116,107,101,51,67,54,52,52,55,153,106,64,136,88,82,55,55,159,121,60,149,146,145,166,110,86,78,122,66,62,69,108,62,65,65
58,36,36,138,131,101,88,40,160,148,86,79,33,54,35,48,148,140,101,36,33,31,31,118,42,148,129,153,108,53,44,110,91,60,121,90,62,38,91,26,49,34,34,116,67,25,24,164,101,78,36,160,114,123,77,66,17,164,137,152,145,87,24,97,74,53,35,14,26,88,64,33,11,136,49,10,25,132,35,10,12,18,144,103,41,151,101,110,102,13,95,132,101,16,17,55,40,105,104,50,43,40,91,41,4,0,145,68,16,2,143,112,66,114,111,40,18,22,27,13,26,137,58,17,156,100,40,32,93,75,147,66,35,19,29,164,126,105,26,16,25,34,14,135,28,35,36,66,47,34,35,150,121,67,89,122,20,146,23,110,97,69,23,30,65,63,44,34,41,164,139,102,64,29,131,125,32,61,142,120,77,38,39,40,137,64,33,47,127,95,35,33,34,35,52,49,70,54,46,36,36,140,99,37,37,153,100,42,148,128,39,39,95,168,104,79,65,43,84,59,136,74,62,50,60,166,162,73,46,149,133,95,51,47,66,158,155,142,111,80,50,166,143,120,111,105,50,70,55,52,52,54,157,110,61,140,91,85,55,55,163,125,62,152,150,149,170,114,89,81,126,67,61,68,112,62,64,64
106,157,158,37,39,61,72,127,35,33,73,80,157,106,164,184,31,32,58,129,135,139,138,42,178,28,34,28,48,103,112,46,63,95,36,63,91,176,62,134,103,173,119,37,83,131,160,26,50,72,177,23,37,29,72,83,140,24,18,16,15,61,166,51,73,95,113,152,168,59,83,115,145,14,98,142,168,16,111,149,153,161,9,43,105,10,45,36,44,133,50,14,44,161,162,90,105,40,41,95,102,105,54,104,141,145,0,77,129,143,3,33,79,31,34,105,162,166,172,157,120,11,88,131,14,46,106,175,54,72,11,81,113,130,171,22,23,43,124,154,166,176,149,18,122,178,179,82,102,176,115,17,30,82,61,31,145,20,155,43,55,83,139,167,88,90,112,170,179,30,26,54,91,158,32,35,133,95,30,41,79,124,172,173,32,94,137,114,39,64,137,144,155,156,112,182,92,111,122,144,147,37,64,146,152,37,65,168,38,44,147,156,71,44,63,88,103,164,83,112,45,95,110,174,114,47,46,99,154,46,51,78,134,158,110,48,48,49,66,95,142,51,50,61,67,72,157,110,138,149,153,167,52,71,184,55,89,95,150,155,56,66,133,57,57,58,60,75,97,107,69,131,163,184,80,155,171,172
43,84,85,75,69,44,37,56,95,83,35,33,83,40,90,109,83,76,42,57,62,67,65,55,103,83,64,87,46,35,42,47,33,30,57,31,27,100,31,60,33,98,45,50,20,56,84,97,36,21,101,93,48,57,18,17,64,96,70,84,77,23,89,31,15,22,38,75,91,23,14,39,69,69,23,66,92,65,35,73,77,85,77,36,29,83,34,43,35,56,28,64,33,84,85,13,28,37,36,18,25,28,23,27,64,68,77,0,52,66,75,44,4,46,43,28,85,89,95,80,43,69,14,55,88,33,30,98,26,12,80,11,37,54,95,96,58,38,48,78,90,100,72,67,46,101,102,16,28,99,40,83,55,17,26,55,70,79,80,45,33,21,64,91,24,25,40,94,103,97,73,40,28,83,66,60,59,31,77,56,29,53,97,98,72,32,64,45,64,38,64,71,82,82,45,108,36,45,53,72,75,76,43,74,80,88,44,95,84,66,75,83,43,103,49,40,44,91,41,49,74,43,49,102,52,102,98,46,83,86,72,48,67,87,52,95,92,81,58,48,75,102,82,64,58,55,87,55,72,81,84,97,95,59,112,81,53,53,83,87,101,71,71,93,90,89,108,65,58,59,73,72,96,114,66,90,103,104
48,43,44,123,116,86,74,35,145,132,72,65,41,43,45,61,133,125,86,31,31,32,31,103,55,133,114,138,93,40,34,95,77,46,106,75,48,51,76,23,36,48,24,100,52,20,36,148,85,63,51,144,99,107,61,51,20,148,121,136,129,72,39,81,59,38,22,26,40,72,49,20,20,121,34,17,41,116,21,22,26,34,128,87,26,135,85,94,86,8,79,116,85,32,33,39,24,89,88,34,27,24,75,25,12,16,129,52,0,14,127,96,50,98,95,24,33,37,43,28,11,121,42,8,140,84,25,47,77,59,131,50,20,11,43,147,110,89,13,28,39,49,23,119,16,50,51,50,32,48,22,134,105,52,73,106,24,130,32,94,81,53,22,43,50,48,31,46,54,148,124,86,49,37,115,109,27,47,126,104,62,30,50,51,121,50,30,36,112,80,32,34,39,40,40,60,56,42,37,37,38,124,84,38,41,137,85,51,133,113,40,44,80,152,89,65,52,50,70,48,121,61,51,59,50,150,146,61,48,133,117,80,46,51,55,142,140,126,97,67,48,150,128,105,96,90,53,60,51,52,53,59,142,95,70,125,78,73,55,56,148,110,57,137,135,134,154,100,77,70,112,61,64,75,98,63,68,69
57,37,38,137,130,99,87,40,158,146,85,77,34,53,37,50,146,139,99,36,33,32,31,117,44,147,127,151,106,52,43,108,90,58,120,89,60,40,89,25,47,36,33,114,65,24,26,162,99,76,38,158,112,121,75,64,17,162,135,150,143,85,27,95,72,51,34,16,28,86,62,32,12,134,47,11,27,130,34,12,14,21,142,101,39,149,99,108,100,12,93,130,99,19,20,53,38,103,102,48,41,38,89,39,2,2,143,66,14,0,141,110,64,112,109,38,19,23,29,15,24,135,56,14,154,98,38,33,91,73,145,64,33,17,30,161,124,103,23,16,26,35,14,133,26,37,38,64,45,35,33,148,119,65,87,120,19,143,23,108,94,66,22,31,62,61,42,35,42,162,137,99,62,29,129,123,30,59,140,118,75,36,40,40,134,62,31,45,125,93,34,32,33,34,50,50,68,52,44,35,35,138,97,36,36,151,97,43,146,126,38,39,93,166,102,76,62,43,82,57,134,72,60,50,58,163,159,71,45,146,130,92,49,47,64,156,153,140,109,78,49,164,141,118,109,102,49,68,53,51,51,53,155,107,62,138,89,83,54,54,161,123,60,150,147,147,167,111,87,79,124,65,61,68,110,61,63,64
105,156,157,38,40,61,71,125,38,35,72,79,155,105,163,182,33,34,57,127,133,138,137,42,177,30,34,30,48,101,111,46,62,93,36,62,90,174,61,132,102,172,117,36,82,129,159,29,49,70,175,26,36,28,71,81,138,27,19,19,17,59,164,50,72,93,111,150,166,58,81,113,144,15,96,141,167,16,110,147,151,159,11,41,104,13,43,34,42,131,49,13,43,159,160,88,103,38,39,93,100,103,52,102,139,143,3,75,127,141,0,31,77,29,32,103,160,164,170,155,118,8,86,129,15,44,104,173,52,69,10,79,110,128,169,22,21,40,121,152,164,174,146,15,120,175,176,80,100,173,113,16,27,79,58,29,143,18,153,40,53,80,136,165,86,88,109,167,176,30,24,51,88,156,29,33,130,93,27,38,77,122,170,171,30,91,135,112,36,62,134,141,153,153,110,180,89,108,120,142,145,35,61,144,150,35,62,166,36,42,145,153,68,43,60,85,100,162,80,109,42,92,107,172,111,46,45,96,151,44,48,75,132,155,108,47,46,47,63,92,140,49,48,58,64,69,154,108,135,146,150,164,50,69,181,53,87,92,147,152,54,63,131,55,55,55,58,72,94,104,67,129,161,182,77,153,169,170
77,126,127,44,41,42,48,96,58,48,48,54,125,76,133,152,47,42,38,98,104,108,107,32,147,46,34,49,31,72,82,29,38,65,29,38,62,144,36,102,72,141,87,23,53,99,128,56,26,42,145,51,21,22,42,52,108,54,31,43,37,32,133,23,43,63,81,119,135,30,52,83,113,28,66,110,136,24,79,117,121,129,34,15,73,41,16,10,14,100,19,22,14,128,129,57,72,9,9,62,69,72,21,71,108,112,33,44,96,110,31,0,46,2,1,72,129,133,139,124,87,25,55,98,44,13,73,142,21,39,36,48,79,97,138,52,16,12,90,121,133,143,115,25,89,144,145,49,69,143,82,40,16,49,29,18,112,36,122,18,25,50,106,134,56,58,79,137,146,55,33,27,59,125,29,26,100,63,37,26,49,92,139,140,34,62,105,82,31,37,104,111,122,123,80,149,61,79,90,112,115,40,39,114,120,50,39,135,47,36,114,123,44,63,40,58,72,131,54,81,43,65,79,142,83,63,60,69,121,52,45,52,102,126,80,59,57,50,47,67,111,65,51,46,48,50,125,81,106,117,121,135,61,52,151,53,63,68,119,123,66,53,103,61,60,60,72,57,71,79,57,102,132,152,61,124,140,141
45,84,85,78,72,48,40,57,98,86,39,36,82,41,89,108,86,79,45,57,62,66,65,59,102,86,68,90,49,36,42,50,36,31,60,35,29,99,35,59,33,96,45,53,23,55,83,99,40,24,99,95,51,59,22,20,63,99,73,87,80,27,88,34,18,23,37,74,90,26,16,38,68,71,23,65,90,67,35,71,75,83,79,39,29,86,37,45,37,55,30,66,36,82,83,13,27,39,38,17,24,26,25,25,62,66,79,4,50,64,77,46,0,48,45,26,83,87,93,78,41,71,10,52,90,35,28,96,27,11,81,8,34,52,92,97,60,39,45,76,87,97,70,69,43,99,100,12,25,97,37,84,56,14,26,56,67,80,77,46,33,18,61,89,21,22,37,91,100,98,74,39,24,80,66,61,56,28,77,56,26,49,95,96,72,29,61,42,64,37,61,68,79,79,42,105,33,41,50,69,72,76,42,71,76,89,43,92,85,66,72,80,41,104,48,37,40,88,39,45,74,39,46,98,49,102,98,43,80,86,72,46,64,84,49,95,93,81,56,45,71,103,82,63,57,53,84,52,69,78,81,93,96,57,109,80,50,50,80,83,101,70,68,92,90,89,108,63,55,56,72,69,93,111,64,86,100,100
79,128,129,44,41,43,50,99,57,48,50,56,127,79,135,154,47,42,39,100,106,111,109,33,149,45,34,48,32,75,84,31,40,67,29,40,64,146,38,105,75,143,90,24,55,101,130,54,27,44,147,50,22,22,44,54,110,53,30,42,36,34,135,25,45,66,83,121,137,32,54,85,115,27,68,112,138,23,81,119,123,131,33,17,75,39,18,12,16,103,21,20,16,130,131,59,74,11,12,64,71,74,24,73,110,114,31,46,98,112,29,2,48,0,3,74,131,135,141,126,89,23,57,100,42,15,75,144,23,40,34,49,81,99,140,50,14,13,92,123,135,145,117,22,91,146,147,51,71,144,84,37,14,51,30,16,114,34,124,18,26,52,107,136,57,59,81,138,147,52,31,27,60,127,27,24,102,65,35,25,50,93,141,142,32,64,106,83,29,38,106,113,124,124,82,151,62,80,91,113,116,38,39,116,121,47,40,137,45,35,116,125,45,61,40,59,73,133,55,82,41,66,80,143,84,61,58,70,123,50,43,53,104,127,81,57,55,48,46,67,112,63,49,45,47,50,126,82,108,119,122,136,59,51,153,51,64,69,120,124,64,52,104,59,58,58,70,57,72,80,56,103,133,154,61,126,141,142
77,126,126,45,42,42,48,96,59,50,48,54,125,76,132,151,49,44,38,97,103,108,107,33,146,47,35,51,32,72,81,30,38,64,30,38,61,143,36,102,72,140,87,24,53,98,127,57,26,42,144,53,22,24,42,51,107,56,32,44,38,31,132,23,42,63,80,118,134,29,51,82,112,29,65,109,135,25,78,116,120,128,35,15,72,42,16,11,14,100,19,23,13,127,128,56,71,8,9,61,68,71,21,70,107,111,34,43,95,109,32,1,45,3,0,71,128,132,138,123,86,26,54,97,45,12,72,141,20,37,37,47,78,96,137,53,16,11,89,120,132,142,114,25,88,143,144,48,68,141,81,40,16,48,28,17,111,37,121,17,24,49,104,133,54,56,78,135,144,55,33,26,57,124,29,25,99,62,38,25,47,91,138,139,34,61,103,81,30,36,103,110,121,122,79,148,60,77,89,110,113,40,37,113,118,50,38,134,47,36,113,122,43,63,39,57,71,130,53,79,42,64,78,141,81,63,60,68,120,52,44,51,101,124,79,59,57,49,45,65,109,65,51,45,47,49,123,79,105,116,120,134,61,50,150,52,62,67,117,122,66,52,101,61,59,59,72,56,70,78,56,100,131,151,60,123,138,139
41,62,63,102,95,67,57,42,123,110,54,49,61,36,67,84,111,103,66,40,44,47,45,82,78,111,92,115,72,32,31,73,57,33,84,55,34,75,56,38,26,72,28,78,34,34,59,125,63,43,75,121,76,85,41,32,40,125,98,113,106,50,63,59,38,21,19,49,65,50,29,19,43,97,17,40,65,93,15,46,50,58,105,64,13,112,62,71,63,30,56,92,62,57,58,17,7,65,64,12,7,6,51,5,36,40,105,28,24,38,103,72,26,74,71,0,57,61,67,52,15,97,17,26,116,60,5,70,52,35,107,26,10,26,66,123,85,64,20,50,62,71,44,95,19,73,74,26,12,71,15,110,81,28,49,81,42,105,52,70,57,30,36,63,28,26,20,66,75,124,99,62,28,56,91,85,34,28,102,80,40,30,70,71,97,31,39,27,88,56,40,45,55,55,30,80,37,31,33,47,49,100,61,49,54,113,62,68,108,89,50,57,58,128,67,45,37,65,50,37,97,43,39,75,40,126,122,44,59,109,94,59,47,62,43,118,116,103,74,50,53,126,104,82,74,69,63,48,52,59,61,72,118,74,86,102,59,55,61,64,124,88,54,114,111,111,131,79,60,56,90,57,73,89,78,69,79,80
75,41,41,156,149,119,106,55,178,165,104,96,38,71,36,41,166,158,118,51,47,44,43,136,36,166,147,171,126,70,61,128,109,77,139,108,79,31,109,40,66,28,51,133,84,41,24,181,118,96,27,177,132,141,94,84,31,181,154,169,162,105,19,114,92,70,53,21,19,105,82,51,23,154,67,25,16,150,53,19,17,14,162,121,58,168,119,127,120,31,112,149,118,9,9,72,57,122,121,67,60,57,108,58,22,18,162,85,33,19,160,129,83,131,128,57,0,4,10,5,42,154,74,31,173,117,56,14,109,91,164,82,50,33,11,180,142,121,40,11,9,16,17,151,42,18,19,82,62,17,49,167,138,83,105,138,23,162,18,126,112,84,30,17,79,77,57,21,25,180,155,117,78,23,147,141,39,75,158,135,91,48,26,27,152,77,38,59,143,110,40,36,30,31,63,34,83,65,55,38,36,155,114,38,35,168,114,33,164,143,39,36,109,184,119,91,76,36,97,69,151,86,72,40,70,181,177,85,44,163,147,108,55,43,75,173,170,156,125,91,52,181,158,134,124,118,47,79,58,52,50,47,172,123,50,154,102,96,55,53,177,138,66,167,164,163,184,126,100,90,139,72,57,57,124,60,57,57
79,42,42,160,153,122,110,58,182,169,108,100,39,74,36,39,170,162,122,54,49,46,46,140,34,170,150,175,130,74,65,131,113,81,143,112,83,30,113,43,70,27,55,137,88,44,25,185,122,100,25,181,136,145,98,88,34,185,158,173,166,109,19,118,96,74,57,23,18,109,86,55,26,158,71,28,15,154,57,22,19,15,166,125,62,172,123,131,123,35,116,153,122,10,10,76,61,126,125,71,64,61,112,62,25,22,166,89,37,23,164,133,87,135,132,61,4,0,6,9,46,158,78,35,177,121,60,10,113,95,168,86,54,37,9,184,146,125,44,14,8,13,20,155,46,15,16,86,66,14,53,170,142,87,109,142,27,166,20,130,116,88,34,17,83,81,60,20,23,184,159,121,82,24,151,145,43,79,162,139,95,51,25,25,156,81,41,62,147,114,43,38,31,32,66,33,87,68,58,40,39,159,117,40,37,172,118,33,167,147,42,37,113,187,122,95,80,37,101,72,155,89,76,39,73,185,181,88,45,167,151,111,58,45,79,177,174,160,129,95,54,185,161,138,128,122,48,83,60,54,52,48,176,126,49,158,106,100,56,54,181,142,69,170,168,167,188,130,103,93,142,74,58,57,127,61,57,57
84,44,44,166,159,128,115,63,188,175,113,106,42,80,38,37,176,168,128,59,54,50,50,146,33,176,156,181,136,79,70,137,119,86,149,118,89,29,118,48,76,26,60,143,94,49,27,191,128,106,23,187,142,150,104,93,39,191,164,179,172,115,20,124,102,80,63,28,19,115,92,60,31,164,76,34,16,160,63,27,24,18,171,131,68,178,129,137,129,41,122,159,128,14,13,82,67,132,131,77,70,67,118,68,31,27,172,95,43,29,170,139,93,141,138,67,10,6,0,15,52,164,84,41,183,127,66,6,119,101,174,92,60,43,7,190,152,131,50,20,10,9,26,161,52,11,12,92,72,11,59,176,148,93,115,148,32,172,24,136,122,94,39,18,89,87,66,20,21,190,165,127,88,27,157,151,48,84,168,145,101,57,25,25,162,87,46,68,153,119,48,43,34,35,72,31,92,74,63,45,42,165,123,44,40,178,123,34,173,153,45,40,118,193,128,101,85,38,107,77,161,95,81,39,78,190,187,93,48,173,157,117,62,47,84,182,179,166,134,100,58,190,167,143,134,127,51,88,64,57,55,49,181,132,48,164,111,105,59,57,187,147,73,176,173,172,194,135,108,98,148,78,59,56,133,64,58,58
72,41,41,151,145,114,102,52,173,161,100,92,38,67,37,44,161,153,114,48,44,42,41,131,39,161,142,166,121,66,58,123,105,73,134,103,75,34,104,38,62,31,48,128,80,38,25,177,114,91,31,173,127,136,90,79,28,176,149,164,157,100,22,110,87,66,49,20,21,101,77,47,21,149,62,22,19,145,48,17,16,16,157,116,54,164,114,123,115,27,108,144,113,11,11,67,53,117,116,62,55,52,103,53,17,13,157,80,28,15,155,124,78,126,123,52,5,9,15,0,37,149,69,26,168,112,51,18,104,86,159,77,45,28,15,175,137,116,35,8,11,20,12,146,37,22,23,77,57,21,44,161,133,78,100,133,19,157,15,121,107,79,26,18,74,72,52,22,28,175,150,112,73,21,142,136,35,70,153,130,86,43,27,28,147,72,34,54,138,105,36,32,27,28,58,36,78,60,50,34,33,150,109,34,32,163,109,33,158,138,36,34,104,178,114,86,71,35,92,64,146,81,68,40,65,176,172,80,41,158,142,103,51,41,71,168,165,151,120,86,49,176,152,129,119,113,45,75,54,49,48,46,167,118,51,149,98,92,52,50,172,133,62,162,159,158,179,121,95,85,134,68,55,58,119,58,56,56
48,53,54,116,110,81,70,40,138,125,67,61,51,42,56,72,126,118,80,37,39,40,39,97,66,126,107,130,87,39,35,88,71,43,99,69,45,62,70,31,34,59,27,93,47,28,47,140,78,57,61,136,91,100,55,45,30,140,113,128,121,65,50,74,52,33,22,37,51,65,42,20,31,112,29,28,51,108,18,33,37,44,120,79,21,127,77,86,78,18,71,108,77,42,43,31,17,80,79,26,20,17,66,17,22,26,120,43,11,24,118,87,41,89,86,15,42,46,52,37,0,112,32,11,131,75,14,55,67,49,122,40,9,11,51,138,100,79,7,35,46,56,29,109,8,58,59,40,21,56,12,124,96,41,63,96,27,120,37,84,71,43,23,48,39,37,21,51,60,138,114,76,39,41,105,99,23,36,116,94,51,23,55,56,111,39,28,27,101,69,29,33,41,42,31,65,45,33,29,35,37,114,73,37,41,127,74,54,122,102,39,45,69,142,79,54,42,52,59,38,110,50,42,61,41,140,136,50,47,123,107,70,40,51,46,132,129,116,86,57,44,140,117,94,86,80,52,50,46,49,51,60,131,85,72,114,67,62,52,54,137,99,50,127,124,123,144,89,67,60,101,54,63,76,87,60,68,69
101,151,152,42,43,59,69,121,45,41,70,76,150,101,158,177,39,38,56,123,129,134,132,42,172,36,37,37,47,97,107,45,59,89,37,59,86,169,58,128,97,167,113,35,78,124,153,37,46,66,170,33,35,28,66,77,133,35,23,26,23,56,159,46,67,89,106,145,160,54,77,108,138,18,91,135,161,18,104,142,146,154,17,38,98,21,39,30,38,126,44,13,38,153,154,83,98,33,34,87,94,97,47,96,133,137,11,69,121,135,8,25,71,23,26,97,154,158,164,149,112,0,80,123,19,37,98,167,45,63,11,72,104,122,163,26,13,33,115,146,158,168,140,8,113,169,170,73,93,167,106,16,20,73,51,21,137,15,147,32,45,73,130,159,79,81,102,161,170,31,18,43,81,149,22,25,124,86,22,30,70,115,163,164,23,84,128,105,29,54,127,134,146,146,103,173,82,101,113,135,138,29,54,137,143,32,54,159,32,34,138,146,60,42,53,77,93,155,72,102,36,85,100,165,104,44,42,89,144,39,41,67,124,148,100,43,42,41,55,85,133,47,42,50,57,62,147,100,128,139,143,157,46,61,174,47,79,85,140,145,51,55,123,50,50,50,56,65,87,97,59,121,153,174,70,145,161,162
46,78,79,88,82,57,49,54,108,96,47,44,77,42,83,101,96,89,55,54,58,62,60,69,95,96,78,100,59,37,41,60,46,34,70,45,33,92,45,54,33,89,41,64,29,50,76,109,50,33,92,105,62,70,31,26,57,109,83,97,90,37,80,45,27,23,33,67,82,37,22,33,60,81,21,57,82,77,29,64,67,75,89,49,24,95,47,55,47,47,40,76,46,74,75,11,20,49,48,12,17,20,35,18,54,58,88,14,42,56,86,55,10,57,54,17,74,78,84,69,32,80,0,43,99,43,18,87,35,17,90,9,24,42,83,106,68,47,35,66,78,88,60,77,34,89,90,10,15,87,27,92,64,12,32,64,57,88,67,53,39,15,51,79,15,15,26,82,90,106,82,45,18,70,73,68,46,20,85,63,25,39,85,86,79,22,51,32,70,40,51,57,68,69,32,95,27,32,40,59,61,83,45,61,66,96,45,81,91,72,62,70,42,111,50,34,33,78,37,37,80,34,37,88,40,109,105,37,70,92,77,45,54,74,41,101,98,86,59,40,61,109,87,66,59,54,73,44,59,67,71,83,101,59,98,85,48,46,69,73,107,72,58,97,95,94,114,64,51,50,74,60,82,100,64,76,89,90
55,49,50,127,121,92,80,43,149,136,78,71,47,50,50,64,137,129,91,39,39,39,38,108,58,137,118,141,97,47,41,99,81,52,110,80,54,54,81,31,42,51,32,104,57,28,40,151,89,68,52,147,102,111,66,56,26,151,124,139,132,76,41,85,63,43,29,30,42,76,53,27,24,123,39,22,42,119,27,25,28,35,131,91,31,138,88,97,89,15,82,119,88,33,34,42,28,92,91,37,31,28,78,28,13,17,131,55,8,14,129,98,52,100,97,26,31,35,41,26,11,123,43,0,142,86,25,44,78,60,133,51,19,3,40,149,111,90,9,23,35,45,18,120,12,46,47,50,31,45,19,135,106,52,74,107,17,131,26,95,81,53,14,37,48,46,27,40,49,149,124,86,48,31,116,110,19,45,127,104,61,23,44,45,121,47,22,31,112,79,24,26,32,33,35,55,53,37,30,28,30,124,83,30,33,137,83,44,132,112,32,36,78,152,88,62,48,43,68,43,120,57,46,52,44,150,146,57,40,133,116,78,38,43,50,142,139,126,95,63,40,150,127,103,94,88,45,54,43,44,45,51,141,93,63,123,74,69,47,48,147,108,49,136,133,132,153,97,73,65,109,54,56,67,95,54,60,61
119,170,171,49,53,75,86,140,42,44,87,94,169,119,177,196,41,44,72,142,148,152,151,56,191,38,48,36,62,116,125,60,76,108,50,77,105,188,76,147,116,186,131,51,96,143,172,29,64,85,189,27,51,43,85,96,152,26,32,25,27,74,178,64,86,107,125,164,179,72,96,127,157,28,110,154,180,31,123,161,165,173,22,56,117,18,58,49,56,145,63,28,57,173,174,102,117,52,53,107,114,117,66,115,152,156,14,88,140,154,15,44,90,42,45,116,173,177,183,168,131,19,99,142,0,56,117,186,64,82,9,91,123,141,182,8,31,52,134,165,177,187,159,23,132,188,189,92,112,186,125,11,37,91,70,37,155,16,165,49,63,92,148,177,97,99,121,180,189,17,25,60,99,168,33,38,142,104,26,45,87,134,182,183,31,102,147,123,40,71,146,153,165,165,121,192,99,119,131,153,156,34,69,155,161,29,70,177,32,45,156,165,76,32,68,94,110,173,89,119,43,102,117,183,121,36,36,105,162,40,49,83,142,166,117,39,40,45,68,101,150,40,46,62,70,75,165,117,145,157,161,175,44,74,192,52,94,100,158,162,46,65,140,50,51,52,49,77,102,112,69,138,171,192,82,163,179,180
71,117,118,56,52,44,47,88,71,61,47,50,116,69,123,142,60,54,40,89,95,99,98,41,136,59,45,62,36,65,73,36,37,58,39,36,55,133,35,93,64,131,78,32,46,89,118,69,28,37,134,65,30,34,36,44,98,68,44,56,50,28,122,23,35,54,71,108,124,26,43,72,102,41,56,99,125,37,69,106,110,118,48,18,63,54,17,19,16,89,16,35,14,117,118,47,61,12,12,51,58,61,13,60,97,100,46,33,84,98,44,13,35,15,12,60,117,121,127,112,75,37,43,86,56,0,61,130,8,26,47,35,67,85,126,63,25,5,78,109,121,131,103,34,76,132,133,36,56,130,69,50,22,36,16,22,100,45,110,14,13,37,93,122,42,44,66,124,133,64,40,17,45,112,33,28,87,50,44,26,35,79,127,128,39,49,91,69,33,25,91,98,109,110,67,136,48,65,77,98,101,44,28,101,106,56,29,122,52,36,101,110,33,70,31,45,59,118,42,67,44,52,66,129,69,69,66,56,108,55,44,41,89,112,67,63,61,51,39,54,97,70,52,41,40,41,111,68,93,104,108,121,64,43,138,53,52,56,105,110,70,48,89,63,61,61,77,49,59,67,52,88,119,139,52,111,126,127
47,65,66,105,98,71,61,46,125,113,59,53,63,41,69,85,113,106,70,44,47,50,49,85,80,113,95,118,75,37,36,76,60,38,87,59,38,76,59,41,31,73,32,80,38,37,60,127,66,46,75,123,79,87,44,36,42,126,100,115,108,53,64,61,41,26,24,51,65,53,33,23,44,99,22,41,65,95,20,47,51,58,107,66,18,113,64,73,65,31,58,94,64,57,58,20,12,67,66,16,12,11,53,10,36,40,106,30,25,38,104,73,28,75,72,5,56,60,66,51,14,98,18,25,117,61,0,69,53,35,108,26,6,24,65,124,86,65,17,48,60,70,42,95,16,71,72,26,8,69,11,110,81,27,49,82,39,106,49,70,56,29,33,61,25,24,15,64,73,124,99,61,25,53,91,85,30,24,102,80,38,25,67,68,96,27,35,22,87,55,35,41,51,52,25,77,33,26,28,43,45,100,59,45,50,113,60,64,108,88,46,54,56,128,65,42,33,61,47,32,96,39,34,72,35,125,121,40,55,109,93,57,42,58,38,118,115,102,72,46,48,126,103,81,72,66,59,43,47,54,57,68,117,71,82,100,56,52,56,60,123,86,49,113,110,109,130,76,56,52,87,52,69,85,75,64,75,76
89,50,50,170,163,133,120,68,192,179,118,110,47,85,43,41,180,172,132,64,59,56,56,150,38,180,160,185,140,84,75,141,123,91,153,122,93,34,123,54,80,31,65,147,98,54,33,195,132,110,28,191,146,154,108,98,44,195,168,183,176,118,26,128,106,84,67,33,24,119,96,65,37,167,81,39,21,163,67,32,29,24,175,134,72,182,132,141,133,45,126,163,132,20,19,86,71,135,134,81,74,71,121,72,35,32,175,98,47,33,173,142,96,144,141,70,14,10,6,18,55,167,87,44,186,130,69,0,122,104,177,95,63,45,4,193,155,134,52,21,9,3,27,164,54,5,6,94,74,6,61,179,150,95,117,150,33,174,24,139,125,96,40,15,91,89,68,17,15,193,168,129,90,25,159,153,48,86,170,147,103,58,21,20,164,89,46,69,155,121,48,42,33,33,72,25,94,75,64,44,41,167,125,43,38,180,125,30,175,155,44,38,120,195,130,102,86,35,108,78,162,96,81,35,78,192,188,94,46,175,158,118,61,44,84,184,181,168,136,101,57,192,169,145,135,128,48,88,63,55,52,45,183,133,43,165,112,106,57,54,189,149,72,178,175,174,195,136,109,98,149,77,56,51,134,61,54,54
66,110,111,62,57,45,45,82,78,67,45,47,109,64,116,135,67,61,41,83,88,93,91,45,129,66,51,70,39,59,67,39,36,52,44,35,49,126,34,86,58,123,71,37,41,82,110,77,30,33,126,73,35,40,32,39,90,76,51,64,58,26,115,24,31,48,64,101,116,24,37,65,95,49,49,91,117,45,61,98,102,110,55,22,55,62,20,25,20,82,16,43,17,109,110,39,54,18,17,44,50,53,11,52,89,93,54,26,77,91,52,21,27,23,20,52,109,113,119,104,67,45,35,78,64,8,53,122,0,18,55,27,59,77,118,71,33,12,70,101,113,123,95,42,68,124,125,28,48,122,61,57,29,28,9,29,91,53,101,19,11,29,85,114,35,36,58,116,125,72,47,17,38,104,40,34,79,42,51,31,28,71,119,120,46,41,83,61,38,22,83,90,101,102,59,128,41,58,69,91,93,50,26,93,98,62,27,114,58,41,93,102,30,77,30,39,52,110,36,60,49,45,58,121,62,76,72,49,100,61,48,37,81,104,60,69,67,56,39,48,89,77,57,43,40,39,104,61,85,96,100,114,70,42,130,57,47,50,97,102,76,50,82,68,66,65,82,48,54,61,53,81,111,131,51,103,119,119
55,94,95,75,70,50,45,67,93,82,43,43,93,52,99,118,82,75,47,68,73,77,75,57,112,81,64,85,48,46,53,49,39,41,57,37,39,109,37,69,44,106,55,50,32,65,93,94,38,29,109,89,48,55,27,29,73,93,67,81,74,28,97,33,24,33,48,84,99,26,25,49,77,65,33,74,99,61,45,81,84,92,73,35,39,79,32,40,33,64,26,60,31,91,92,23,36,33,32,27,33,36,20,35,71,75,72,12,59,73,69,39,11,40,37,35,91,95,101,86,49,63,17,60,82,26,35,104,18,0,73,9,41,59,100,89,51,30,52,83,95,105,77,60,50,106,107,11,30,104,43,75,47,11,15,47,74,71,84,36,23,14,67,96,19,21,40,98,107,89,65,29,23,86,57,51,61,27,68,46,19,53,101,102,62,27,66,44,54,27,66,72,84,84,43,111,29,42,52,73,76,66,32,76,81,79,32,97,74,56,76,85,31,94,37,31,38,93,31,45,64,35,45,103,48,92,88,39,84,76,62,37,66,88,47,85,82,70,46,40,74,93,72,52,46,43,87,49,70,80,84,97,85,47,113,70,43,44,82,86,91,59,68,82,79,79,98,53,49,52,62,68,95,114,54,88,103,103
112,162,163,48,50,69,79,132,45,44,80,87,161,112,169,188,42,43,66,134,139,144,143,51,182,39,44,38,57,108,117,54,70,100,46,70,97,180,69,138,108,177,123,45,89,135,164,34,57,77,181,31,45,38,77,88,144,31,29,26,26,66,169,57,78,99,117,155,171,65,87,118,149,25,101,146,171,26,115,152,156,164,20,48,109,19,50,41,48,136,55,22,49,164,165,93,108,44,45,98,105,108,57,107,144,147,11,80,131,145,10,36,81,34,37,107,164,168,174,159,122,11,90,133,9,47,108,177,55,73,0,82,114,132,173,16,22,43,125,156,168,178,150,13,123,179,180,83,103,177,116,6,28,82,60,28,146,9,156,40,54,83,139,168,88,90,112,170,179,21,17,51,90,159,25,30,133,95,20,36,78,124,173,174,24,93,137,114,32,62,137,144,155,156,111,182,90,110,121,144,147,28,60,146,152,26,61,168,27,37,147,155,67,33,59,85,101,164,80,110,36,92,108,174,112,36,35,96,153,36,42,74,133,157,108,37,37,40,60,92,141,40,40,54,61,67,156,108,136,148,151,166,41,65,183,46,85,91,148,153,44,58,131,46,47,47,49,69,93,103,61,129,162,183,74,153,170,170
52,87,88,83,77,55,48,62,102,90,46,45,85,48,92,110,90,83,52,62,66,70,69,64,104,90,72,94,55,42,48,56,44,39,65,42,37,101,42,62,39,98,49,58,31,58,85,102,45,32,101,98,56,64,30,28,65,102,76,90,83,33,89,40,26,29,41,75,91,33,24,42,69,74,28,66,91,70,37,72,76,84,81,43,32,88,41,48,41,56,34,69,39,83,84,17,29,42,41,20,26,28,29,27,62,66,81,11,50,64,79,48,8,49,47,26,82,86,92,77,40,72,9,51,91,35,26,95,27,9,82,0,32,50,91,98,60,39,43,74,86,96,68,69,41,97,98,4,21,95,34,84,55,6,23,56,64,80,75,44,31,10,58,87,13,14,32,89,98,98,73,36,17,77,65,59,52,20,76,54,19,45,92,93,71,21,57,36,62,32,57,64,75,75,35,102,25,35,44,65,67,74,37,67,72,87,37,88,83,63,68,76,35,102,42,29,33,84,31,38,71,31,38,95,41,100,96,35,75,84,69,39,58,79,41,93,90,77,51,37,65,100,79,58,51,47,79,44,62,72,75,89,93,51,104,77,43,42,74,78,98,64,61,89,86,85,105,57,47,48,67,61,87,106,57,80,94,95
50,62,63,111,105,77,67,46,132,119,64,59,60,44,65,81,120,112,76,44,46,48,47,91,75,120,101,124,81,40,38,83,66,43,93,65,43,72,65,39,35,68,32,87,44,35,56,133,72,52,71,129,85,93,50,42,39,133,106,121,114,59,59,68,47,31,25,46,60,59,38,24,40,105,27,37,60,101,21,43,46,53,113,73,21,120,71,79,71,28,64,100,70,52,52,26,16,73,72,21,16,15,59,14,31,35,113,37,20,33,110,79,34,81,78,10,50,54,60,45,9,104,24,19,123,67,6,63,59,41,114,32,0,18,59,130,92,71,11,42,54,64,36,101,9,65,66,31,12,63,5,116,87,33,54,87,33,111,43,76,62,34,27,55,30,28,13,57,66,130,105,67,29,46,96,90,24,27,108,85,42,20,61,62,102,30,29,20,92,60,30,35,45,46,24,71,36,25,25,37,39,105,64,39,44,118,64,58,113,93,40,47,60,133,69,45,34,55,50,31,101,41,34,65,34,131,127,42,49,114,97,60,38,52,38,123,120,107,77,48,43,131,108,85,76,70,53,42,43,49,51,62,122,75,76,105,58,53,51,54,128,90,46,117,115,114,134,79,58,52,91,49,63,79,78,59,69,70
57,52,53,128,121,92,81,46,149,136,78,72,50,52,53,67,137,129,91,42,42,42,41,108,61,137,118,141,98,49,43,99,82,54,110,80,55,57,81,34,44,53,35,104,58,31,42,151,89,68,55,147,102,111,66,56,29,150,124,138,132,76,44,85,63,44,31,33,45,76,54,29,27,123,40,25,44,119,28,28,31,37,131,90,32,137,88,97,89,18,82,118,87,35,36,42,29,91,90,37,31,28,77,29,16,19,130,54,11,17,128,97,52,99,96,26,33,37,43,28,11,122,42,3,141,85,24,45,77,59,132,50,18,0,41,148,110,89,7,24,36,46,18,119,9,47,48,49,29,45,17,134,105,50,72,105,16,129,26,94,80,51,12,37,47,45,25,40,49,148,123,84,46,30,114,108,16,43,125,103,59,20,44,45,120,45,19,28,110,77,21,23,30,31,33,54,51,35,27,26,27,123,81,28,31,136,81,43,131,110,30,34,76,151,86,60,45,41,65,40,118,55,43,50,41,148,144,54,38,131,114,76,35,41,47,140,137,124,93,61,37,148,125,101,92,86,42,51,40,41,42,49,139,91,62,121,72,66,44,46,145,106,46,134,131,130,151,95,70,62,107,51,54,66,93,52,58,59
87,50,50,166,160,129,117,67,188,176,115,107,48,82,44,44,176,168,129,62,58,55,55,147,40,176,157,181,136,81,73,138,120,88,149,119,90,36,119,52,77,33,63,143,95,52,33,191,129,106,30,187,142,151,105,94,43,191,164,179,172,115,27,125,102,81,64,32,25,116,92,62,35,163,77,36,22,159,64,30,28,23,171,131,69,178,128,137,129,42,122,159,128,19,18,82,67,132,131,77,70,67,118,68,32,29,171,95,43,30,169,138,92,140,137,66,11,9,7,15,51,163,83,40,182,126,65,4,118,100,173,91,59,41,0,189,151,130,48,17,5,5,23,160,50,7,8,90,70,6,57,175,146,91,113,146,28,170,19,134,120,92,35,11,87,85,63,13,14,189,164,125,85,21,155,149,44,82,166,143,99,53,18,18,160,84,42,64,150,117,43,37,28,29,68,24,89,70,59,39,37,163,121,38,34,176,121,27,171,150,40,34,115,191,125,97,81,31,103,73,158,91,77,32,74,188,184,90,42,171,154,114,57,40,80,180,177,163,131,96,52,188,164,140,131,124,44,83,59,51,48,42,179,129,41,161,108,101,53,50,184,144,67,173,170,169,191,132,104,94,145,73,53,49,129,57,51,51
127,178,179,55,59,83,93,147,45,49,94,102,177,127,184,204,47,50,80,149,155,160,159,63,198,43,54,41,70,123,133,68,84,115,57,85,112,196,83,154,124,193,139,59,104,150,180,31,71,92,196,30,58,50,93,103,160,28,39,30,33,82,185,72,94,115,133,171,187,80,103,134,165,35,117,162,187,38,131,168,172,180,28,64,125,23,65,56,64,152,70,35,64,180,181,109,124,60,61,114,121,124,73,123,160,164,22,96,147,161,22,52,97,50,53,123,180,184,190,175,138,26,106,149,8,63,124,193,71,89,16,98,130,148,189,0,38,59,141,172,184,194,166,29,139,195,196,99,119,193,132,15,43,98,76,44,162,21,172,56,70,98,155,184,104,106,128,186,195,13,29,66,106,175,38,44,149,110,29,50,94,140,189,190,35,109,153,129,45,77,152,159,171,171,127,198,106,125,137,160,163,37,75,162,168,29,75,184,33,49,162,171,82,28,73,100,116,179,95,125,45,107,123,190,127,33,34,111,168,40,52,88,148,172,123,38,39,47,73,106,156,37,47,65,74,80,171,122,151,163,167,181,43,78,198,53,99,105,163,168,44,68,146,50,51,52,46,80,106,117,72,143,177,198,85,168,185,186
93,141,142,48,47,56,63,112,55,49,64,70,140,92,148,167,47,45,52,113,119,124,122,42,161,45,40,47,44,88,97,42,53,81,37,53,77,158,52,117,88,156,102,34,69,114,143,49,40,58,159,45,32,29,58,68,122,47,30,37,33,47,147,39,58,78,96,134,149,45,67,97,127,25,80,124,150,23,94,131,135,143,28,30,88,33,31,24,30,115,35,18,29,142,143,72,86,24,25,76,83,86,36,85,122,126,23,58,110,124,21,16,60,14,16,85,142,146,152,137,100,13,68,111,31,25,86,155,33,51,22,60,92,110,151,38,0,21,103,134,146,156,128,9,101,157,158,61,81,155,94,25,7,60,38,9,124,21,134,19,32,61,117,146,66,68,90,148,157,39,18,30,68,137,15,15,111,73,22,19,57,102,151,152,20,71,115,92,20,41,115,122,134,134,90,161,69,88,100,122,125,26,41,124,130,34,41,146,32,26,125,134,47,47,40,64,80,142,60,89,30,72,87,152,91,47,45,76,131,38,34,55,111,135,87,44,42,37,44,72,120,50,38,40,45,50,134,87,115,126,130,144,46,49,161,41,66,72,127,132,51,46,110,48,47,47,57,54,74,84,50,108,140,161,59,132,148,149
76,122,123,56,52,48,51,93,70,60,51,55,121,74,128,147,59,54,44,94,100,104,103,42,141,58,46,61,39,70,78,38,41,63,40,41,60,138,39,97,69,135,83,34,51,94,122,67,31,42,139,63,31,34,41,49,102,65,43,54,48,32,127,27,40,59,76,113,129,30,48,77,107,39,61,104,129,36,73,110,114,122,45,21,67,51,20,20,19,94,20,33,17,121,122,51,66,14,14,56,63,66,18,64,101,105,43,38,89,103,40,12,39,13,11,64,121,125,131,116,79,33,47,90,52,5,65,134,12,30,43,39,71,89,130,59,21,0,82,113,125,135,107,30,80,136,137,40,60,134,73,45,17,39,18,17,103,41,113,10,13,40,96,125,45,47,69,128,137,59,35,15,48,116,28,23,90,52,39,21,37,82,130,131,34,51,95,72,28,25,94,101,113,113,70,140,50,68,79,102,105,39,27,104,110,51,28,126,47,32,104,113,32,65,29,46,61,121,42,69,39,53,68,132,72,64,61,57,111,50,39,40,92,115,69,58,56,46,36,55,100,65,48,37,37,39,114,69,95,106,110,124,59,41,141,48,51,56,108,112,65,45,91,58,56,56,72,47,59,67,48,90,121,141,50,113,129,130
55,57,57,121,115,87,76,46,142,130,73,67,54,49,58,73,130,123,86,43,44,45,44,102,67,130,111,135,92,46,41,93,76,50,104,75,51,63,75,36,40,60,34,97,53,33,48,144,83,62,61,140,96,104,60,51,33,144,117,132,125,69,50,78,57,39,28,38,51,70,48,27,33,116,35,30,51,112,25,34,37,44,124,84,28,131,81,90,82,21,75,111,81,42,43,36,23,84,83,31,25,23,70,23,22,26,124,48,13,23,121,90,45,92,89,20,40,44,50,35,7,115,35,9,134,78,17,52,70,52,125,43,11,7,48,141,103,82,0,31,43,53,25,112,3,54,55,42,22,52,10,127,98,43,65,98,22,122,32,86,73,44,17,44,40,38,18,47,55,141,116,77,39,36,107,101,17,36,118,96,52,17,50,51,112,38,21,23,103,70,22,26,35,36,27,60,44,29,24,29,30,116,74,31,35,128,74,48,124,103,32,38,69,144,79,53,40,46,59,35,111,48,38,55,37,141,137,48,41,124,108,69,34,44,42,133,130,117,86,55,38,141,118,95,85,79,45,46,39,43,44,53,132,84,66,115,65,60,45,47,138,99,44,127,124,123,145,88,64,57,100,48,56,70,86,53,61,62
74,48,48,151,144,114,102,56,172,159,100,93,45,69,45,52,160,152,113,52,49,47,46,131,47,160,141,165,120,67,60,122,104,74,133,103,76,42,103,41,63,38,50,127,80,41,32,175,112,90,38,171,126,134,89,79,33,174,148,162,155,99,29,108,86,65,49,26,29,99,76,47,26,147,61,26,27,143,48,23,22,23,154,114,53,161,112,121,113,28,106,142,111,18,19,66,51,115,114,61,54,51,101,52,18,16,154,78,28,16,152,121,76,123,120,50,11,14,20,8,35,146,66,23,165,109,48,21,101,83,156,74,42,24,17,172,134,113,31,0,12,22,6,143,33,23,24,73,53,21,40,158,129,74,96,129,12,153,8,117,103,75,19,15,70,68,47,18,26,171,147,108,68,14,138,132,28,65,149,126,82,37,23,24,143,67,27,48,134,100,29,24,20,21,52,33,73,54,44,27,25,146,104,27,25,159,104,27,154,134,29,26,99,174,109,81,65,28,87,58,141,75,61,34,59,171,167,74,34,154,137,97,44,34,64,163,160,146,115,80,41,171,148,124,114,108,37,68,47,41,40,39,162,112,46,144,92,85,44,43,168,128,55,157,154,153,174,116,89,79,128,61,48,52,113,50,49,49
83,50,49,162,155,125,113,64,184,171,111,103,47,78,44,46,171,164,125,59,55,52,52,142,42,172,152,176,132,78,69,134,115,84,145,114,86,38,115,49,73,35,59,139,91,49,33,187,124,102,33,182,137,146,100,90,40,186,159,174,167,110,27,120,98,77,60,30,26,111,88,58,32,159,73,33,23,155,59,28,26,23,166,126,65,173,124,132,124,38,117,154,123,18,17,77,63,127,126,72,66,63,113,63,28,25,166,90,39,26,164,133,87,135,132,62,9,8,10,11,46,158,78,35,177,121,60,9,113,95,168,86,54,36,5,184,146,125,43,12,0,10,18,155,45,11,12,85,65,9,52,170,141,86,108,141,23,165,14,129,115,86,30,9,82,80,58,12,16,183,159,120,80,17,150,144,39,77,161,138,94,48,17,18,155,79,37,59,145,112,39,33,24,25,63,26,84,65,54,35,33,158,116,34,30,171,116,25,166,145,35,30,110,186,120,92,76,29,98,68,153,86,72,31,69,183,179,85,38,166,149,108,52,37,75,175,172,158,126,91,48,183,159,135,126,119,41,78,54,47,45,40,174,124,41,156,103,96,49,47,179,139,63,168,165,164,186,127,99,89,140,69,50,49,124,54,49,49
91,53,53,172,165,134,122,71,193,181,120,112,51,87,46,44,181,173,134,67,62,59,59,152,41,181,162,186,141,86,78,143,125,93,154,124,95,37,124,56,82,34,68,148,100,57,36,196,134,111,31,192,147,156,110,99,47,196,169,184,177,120,29,130,107,86,69,36,28,121,97,67,39,169,82,41,24,164,69,35,32,27,176,136,74,183,134,142,134,47,127,164,133,23,22,87,73,137,136,82,75,72,123,73,37,34,176,100,49,35,174,143,97,145,142,71,16,13,9,20,56,168,88,45,187,131,70,3,123,105,178,96,64,46,5,194,156,135,53,22,10,0,28,165,55,2,3,95,75,3,62,180,151,96,118,151,33,175,23,139,125,96,40,13,92,90,68,14,12,193,169,130,90,24,160,154,48,86,171,148,103,58,18,18,165,89,46,69,155,122,47,41,31,32,72,22,94,75,63,43,40,168,125,42,37,181,126,28,176,155,43,36,120,196,130,102,86,33,108,78,163,96,81,32,78,193,189,94,44,175,159,118,60,42,84,185,182,168,136,101,55,193,169,145,135,128,46,87,62,53,50,43,183,133,40,165,112,105,55,52,189,149,70,178,175,174,195,136,108,98,149,76,54,48,133,59,52,51
70,49,49,145,139,109,97,54,166,154,95,88,46,65,47,56,154,147,108,50,47,46,45,125,50,155,135,159,115,63,56,117,99,69,128,98,71,46,98,39,59,42,46,122,75,38,35,169,107,85,43,165,120,129,84,73,31,169,142,157,150,93,33,103,81,60,45,27,33,94,71,43,25,141,56,25,31,137,44,23,24,26,149,108,48,155,106,115,107,25,100,136,106,22,23,60,46,109,108,55,48,46,95,46,16,14,149,72,23,14,146,115,70,117,114,44,17,20,26,12,29,140,60,18,159,103,42,27,95,77,150,68,36,18,23,166,128,107,25,6,18,28,0,137,27,29,30,67,47,27,34,152,123,68,90,123,7,147,9,111,97,68,14,20,64,62,41,23,31,165,141,102,62,15,132,126,23,59,143,120,76,31,27,28,137,61,22,42,127,94,24,21,19,20,46,37,67,48,38,23,23,140,98,24,23,153,98,29,148,127,26,25,93,168,103,75,59,29,81,52,135,69,56,37,53,165,161,68,32,148,131,91,40,33,59,157,154,140,109,75,38,165,142,118,108,102,36,63,43,39,38,40,156,106,48,138,86,80,42,41,162,122,51,151,148,147,168,110,83,73,122,56,47,54,107,48,49,50
102,151,151,49,49,63,71,121,52,48,72,78,150,101,157,176,46,45,59,123,128,133,132,47,171,44,43,44,50,97,106,48,61,89,42,61,86,168,60,127,97,165,112,39,78,123,152,44,48,67,168,41,38,33,67,77,132,42,30,34,31,56,157,47,67,88,105,143,158,54,76,106,136,25,90,133,159,24,103,140,144,152,25,39,97,28,40,32,38,124,44,19,38,151,152,81,96,33,34,86,92,95,46,94,131,135,18,67,119,133,15,25,69,22,25,95,151,155,161,146,109,8,77,120,23,34,95,164,42,60,13,69,101,119,160,29,9,30,112,143,155,165,137,0,110,166,167,70,90,164,103,15,14,69,47,15,133,12,143,27,41,69,126,155,75,77,99,157,166,30,11,38,77,145,14,18,120,81,16,23,65,111,160,161,16,80,124,100,21,48,123,130,142,142,98,169,77,96,108,131,134,22,47,133,139,27,48,155,26,27,133,142,54,39,46,72,88,150,67,97,28,79,95,161,99,40,37,83,139,33,34,61,119,144,95,38,36,34,48,79,128,42,35,43,49,55,142,95,123,134,138,153,40,54,169,39,72,78,135,140,45,48,118,44,43,43,51,57,80,90,52,116,148,169,62,140,156,157
56,59,60,120,114,86,75,48,141,129,73,67,57,50,61,76,129,122,85,45,46,47,46,101,70,129,110,133,91,47,43,92,75,50,103,74,51,66,74,39,41,62,35,96,52,35,51,143,82,62,64,139,95,103,60,51,36,142,116,130,123,68,53,77,56,39,29,41,54,69,47,28,35,115,35,33,53,111,26,37,40,47,122,82,28,129,80,89,81,24,74,110,79,44,45,35,23,83,82,31,25,23,69,23,25,28,122,46,16,26,120,89,43,91,88,19,42,46,52,37,8,113,34,12,132,76,16,54,68,50,123,41,9,9,50,139,101,80,3,33,45,55,27,110,0,56,57,40,20,54,7,125,96,41,63,96,24,120,34,84,70,42,17,46,37,35,16,48,57,138,114,75,36,37,105,99,16,33,116,93,49,15,51,52,110,36,21,20,101,67,22,26,36,36,24,61,42,26,21,28,30,113,71,30,35,126,72,49,121,101,32,38,67,141,77,50,37,46,56,32,109,46,35,56,34,139,135,45,40,121,105,66,32,44,39,131,128,114,83,52,36,138,115,92,83,76,45,44,38,42,44,53,130,81,67,112,63,57,44,47,135,97,42,125,122,121,142,85,62,54,98,46,55,70,83,52,61,62
93,55,55,173,166,136,124,73,195,182,121,114,53,89,49,46,183,175,136,69,64,61,61,153,43,183,163,188,143,88,79,145,126,95,156,125,97,39,126,58,84,36,69,150,102,59,38,198,135,113,33,194,148,157,111,101,49,197,171,185,178,122,31,131,109,88,71,38,30,122,99,69,41,170,84,43,27,166,70,37,34,29,177,137,76,184,135,144,136,49,129,165,134,25,24,89,74,138,137,84,77,74,124,75,39,35,178,101,50,37,175,144,99,146,143,73,18,15,11,22,58,169,89,46,188,132,71,5,124,106,179,97,65,47,7,195,157,136,54,23,11,2,29,166,56,0,1,96,76,2,63,181,152,97,119,152,33,176,24,140,126,97,41,13,92,90,69,13,10,194,169,131,91,24,161,155,49,87,172,149,104,58,17,16,166,89,46,69,156,122,48,41,31,31,73,20,94,75,64,43,40,168,126,41,36,181,126,26,177,156,42,35,121,197,131,102,86,32,108,78,163,96,81,30,78,193,190,94,43,176,159,118,60,41,84,185,182,168,136,101,55,193,170,145,136,129,45,87,61,52,50,41,184,134,38,166,112,105,54,51,189,149,70,178,175,174,196,136,108,97,149,76,52,46,134,58,50,50
94,56,55,174,167,137,125,74,196,183,122,115,53,90,49,46,184,176,137,70,65,62,62,154,43,184,164,189,144,89,80,146,127,96,157,126,98,39,127,59,85,36,70,151,103,60,39,199,136,114,33,195,149,158,112,102,50,198,172,186,179,122,32,132,110,89,72,39,30,123,100,69,42,171,85,44,27,167,71,38,35,29,178,138,77,185,136,145,137,50,130,166,135,25,25,90,75,139,138,85,78,75,125,76,40,36,179,102,51,38,176,145,100,147,144,74,19,16,12,23,59,170,90,47,189,133,72,6,125,107,180,98,66,48,8,196,158,137,55,24,12,3,30,167,57,1,0,97,77,3,64,182,153,98,120,153,34,177,25,141,127,98,42,14,93,91,70,14,10,195,170,132,92,25,162,156,50,88,173,150,105,59,17,17,167,90,47,70,157,123,48,42,32,32,74,20,95,76,65,43,41,169,127,42,37,182,127,27,178,157,43,36,122,198,132,103,87,32,109,79,164,97,82,30,79,194,191,95,44,177,160,119,61,42,85,186,183,169,137,102,56,194,171,146,137,130,45,88,62,53,50,42,185,134,38,167,113,106,55,52,190,150,71,179,176,175,197,137,109,98,150,76,53,46,134,59,50,50
55,88,89,86,80,59,52,64,105,93,51,49,87,51,93,110,93,86,56,64,68,72,70,67,105,93,75,97,59,46,50,59,48,42,68,46,41,101,46,64,42,98,51,61,35,59,85,105,49,36,101,101,59,66,34,32,66,104,78,92,85,37,89,43,30,32,42,76,91,36,28,43,69,77,31,66,91,72,39,72,76,84,84,46,34,90,44,51,44,56,37,71,42,82,83,20,30,44,43,22,27,29,31,28,62,66,82,16,50,64,80,49,12,51,48,26,82,86,92,77,40,73,10,50,92,36,26,94,28,11,83,4,31,49,90,99,61,40,42,73,85,95,67,70,40,96,97,0,20,94,33,85,56,2,23,56,63,80,73,44,31,6,56,85,9,10,29,87,96,99,74,36,13,76,65,59,50,16,76,54,16,42,90,91,71,17,55,33,61,30,55,61,73,73,32,100,20,31,41,62,65,74,35,65,70,87,36,86,82,62,65,74,33,102,41,25,29,82,28,35,70,27,34,92,38,100,96,31,72,83,68,36,55,77,37,92,89,76,49,33,62,100,78,56,49,44,76,40,59,69,73,86,92,49,102,75,39,38,71,75,98,62,57,88,85,84,104,54,43,44,64,58,84,103,54,77,91,92
52,73,74,103,97,71,62,53,123,111,60,56,71,47,76,93,111,104,69,52,55,58,56,84,87,111,93,115,74,42,43,75,60,42,85,59,42,83,59,49,37,80,39,78,40,45,68,124,65,47,82,120,76,84,45,38,50,123,97,111,104,52,71,60,41,30,31,58,72,51,34,31,52,96,26,49,72,91,27,54,58,65,103,64,24,109,61,70,62,39,55,90,60,63,64,21,18,63,62,18,17,17,50,16,43,47,102,28,32,45,100,69,25,71,68,12,62,66,72,57,21,93,15,31,112,56,8,74,48,30,103,21,12,29,70,119,81,60,22,53,65,75,47,90,20,76,77,20,0,74,13,105,76,21,43,76,43,100,53,64,50,22,36,65,18,16,12,68,77,118,94,55,18,56,85,79,31,16,96,73,30,24,70,71,90,19,36,18,81,48,36,43,54,54,20,80,26,20,26,44,47,93,52,46,51,106,53,67,102,81,47,55,48,122,58,34,26,63,39,26,89,31,28,74,29,119,115,33,55,102,86,49,40,59,32,111,108,95,65,38,47,119,96,73,65,59,59,36,45,53,56,68,110,64,84,93,48,44,55,59,116,79,46,106,103,102,123,68,49,44,80,48,68,86,67,62,75,76
92,56,55,171,165,135,122,72,193,180,120,113,53,88,49,47,181,173,134,68,64,60,60,152,44,181,162,186,141,87,78,143,125,93,154,124,96,40,124,57,83,37,68,148,100,58,38,196,133,111,34,192,147,155,110,99,48,195,169,183,177,120,32,129,107,86,69,38,30,120,97,67,40,168,82,42,27,164,69,36,33,29,176,135,74,182,133,142,134,47,127,163,133,24,24,87,72,136,135,82,75,72,122,73,38,34,176,99,48,35,173,143,97,144,141,71,17,14,11,21,56,167,87,45,186,130,69,6,122,104,177,95,63,45,6,193,155,134,52,21,9,3,27,164,54,2,3,94,74,0,61,179,150,95,117,150,31,174,22,138,124,95,38,11,90,88,67,11,9,192,167,128,89,22,158,152,47,85,170,147,102,56,15,15,164,87,44,67,154,120,45,39,29,29,71,19,92,73,61,40,38,166,124,39,34,179,124,25,175,154,40,33,118,195,128,100,84,30,106,76,161,94,79,29,76,191,187,92,41,174,157,116,58,39,82,183,180,166,134,99,53,191,167,143,133,127,43,85,59,50,48,39,182,131,37,163,110,103,52,49,187,147,68,176,173,172,194,134,106,95,147,73,51,45,131,56,48,48
55,65,66,115,109,82,71,51,135,123,69,64,63,50,67,82,123,116,80,48,50,52,51,95,77,123,105,127,86,46,43,87,71,48,97,69,49,73,70,43,40,69,37,90,49,39,58,137,76,57,71,132,89,97,55,47,41,136,110,124,117,63,60,72,52,36,30,48,61,63,43,29,42,108,32,39,60,104,26,44,47,54,116,76,27,122,74,82,75,30,68,103,73,51,52,31,21,76,75,26,22,20,62,20,32,35,115,40,22,33,113,82,37,84,81,15,49,53,59,44,12,106,27,19,125,69,11,61,61,43,116,34,5,17,57,132,94,73,10,40,52,62,34,103,7,63,64,33,13,61,0,118,89,34,56,89,30,113,40,77,63,34,24,52,30,28,9,55,64,131,106,68,29,43,98,92,19,26,109,86,42,15,57,58,103,29,24,16,93,60,25,31,41,42,19,67,35,21,19,32,35,106,64,34,39,119,65,54,114,94,36,43,60,134,69,43,31,51,49,27,101,39,30,61,29,131,127,39,44,114,98,59,32,48,34,123,120,107,76,45,38,131,108,85,76,69,48,38,38,44,46,57,122,74,72,105,56,51,46,49,128,89,41,117,115,114,135,78,55,48,90,44,58,74,77,54,64,65
116,166,167,54,56,75,84,136,51,50,85,92,165,116,172,191,48,49,72,138,143,148,147,57,186,45,51,44,62,112,121,60,75,104,52,75,101,183,73,142,112,180,127,51,93,138,167,39,62,81,184,36,50,43,81,92,147,36,35,32,32,71,172,61,82,103,120,158,174,69,91,122,152,31,105,149,174,32,118,155,159,167,26,53,112,25,54,46,53,139,59,28,53,166,167,96,111,48,49,101,108,111,61,109,146,150,17,83,134,148,16,40,84,37,40,110,167,170,176,161,124,16,92,135,11,50,110,179,57,75,6,84,116,134,175,15,25,45,127,158,170,180,152,15,125,181,182,85,105,179,118,0,29,84,62,29,148,6,158,41,55,84,141,170,89,91,113,172,181,15,14,52,91,160,23,29,134,96,16,35,79,126,174,175,21,94,139,115,30,62,138,145,157,157,112,184,91,110,122,145,148,24,60,147,153,20,60,169,22,34,148,156,67,27,58,85,102,165,80,111,32,92,108,175,112,30,29,96,154,30,38,73,133,158,108,31,31,35,58,91,141,33,35,51,59,65,156,108,136,148,152,167,35,64,183,41,84,90,149,154,38,54,131,41,41,42,42,66,92,103,58,128,162,183,71,153,170,171
92,139,139,54,52,58,64,110,62,55,64,69,137,90,145,164,54,51,54,111,116,121,120,46,158,52,45,54,46,86,95,45,54,79,42,53,76,155,52,114,85,152,100,37,67,110,139,56,42,57,155,52,36,34,56,66,119,54,37,45,40,47,144,39,56,76,92,130,145,45,64,94,123,32,77,120,146,30,90,127,131,139,35,31,84,40,31,26,30,111,34,25,29,138,139,68,82,24,25,73,79,82,34,81,117,121,30,55,105,119,27,16,56,14,16,81,138,142,148,133,96,20,64,106,37,22,81,150,29,47,28,55,87,105,146,43,7,17,98,129,141,151,123,14,96,152,153,56,76,150,89,29,0,55,33,2,119,24,129,13,26,55,112,141,60,62,84,143,152,43,19,24,63,131,13,10,105,67,22,13,50,97,145,146,18,65,110,86,15,34,109,116,128,128,84,155,63,82,94,116,119,24,34,119,124,34,34,140,31,21,119,128,40,49,33,58,74,136,53,83,27,65,80,146,84,48,45,69,125,36,29,48,105,129,81,43,41,34,37,65,113,50,35,34,38,43,128,81,108,120,124,138,45,42,155,37,59,65,121,126,50,40,104,45,44,43,57,47,67,77,44,102,134,155,52,126,142,143
57,90,91,86,81,60,54,66,105,93,52,50,88,53,95,112,93,87,57,66,70,74,72,68,106,93,76,97,59,48,53,60,49,44,68,47,43,103,47,66,44,100,53,61,37,61,87,104,50,38,103,100,59,66,35,34,68,103,78,92,85,38,91,44,32,34,45,77,92,37,30,45,71,76,33,68,92,72,41,74,78,85,83,46,36,90,44,51,44,58,38,71,42,84,85,22,32,44,43,24,29,31,32,30,64,67,82,17,52,65,79,49,14,51,48,28,83,87,93,78,41,73,12,52,91,36,27,95,28,11,82,6,33,50,91,98,60,39,43,74,86,96,68,69,41,97,98,2,21,95,34,84,55,0,22,55,64,79,74,43,29,4,57,86,8,9,30,88,97,97,72,34,11,77,64,58,51,16,75,52,13,43,91,92,69,16,56,33,60,28,55,62,74,74,32,100,19,31,41,63,66,73,33,65,71,85,34,86,81,61,65,74,30,101,39,23,27,82,25,34,69,25,33,93,37,98,94,29,73,81,66,34,54,77,36,90,88,75,47,31,62,98,76,54,47,42,76,38,59,69,72,86,90,47,102,73,37,36,70,75,96,60,57,86,83,82,103,52,41,42,62,57,84,103,52,77,91,92
69,109,110,71,66,54,52,82,87,76,51,53,108,66,114,133,76,70,50,83,88,92,91,55,127,75,60,78,48,61,68,48,44,55,54,43,52,124,42,85,59,121,71,47,44,81,108,85,39,39,124,80,44,49,37,42,88,83,60,72,66,33,112,33,35,48,63,98,114,31,39,64,92,57,49,89,114,53,60,95,99,107,63,31,54,69,30,34,29,79,25,51,27,106,107,38,51,27,26,42,48,51,19,50,85,89,61,26,73,87,58,29,26,30,28,49,105,109,115,100,63,51,32,74,70,16,49,117,9,15,60,23,54,72,113,76,38,18,65,96,108,118,90,47,63,119,120,23,43,117,56,62,33,22,0,33,86,57,96,21,8,22,79,108,27,29,51,110,119,75,50,14,30,98,42,36,73,34,53,31,19,64,113,114,48,33,77,54,39,14,76,83,95,95,52,122,32,50,61,84,87,51,19,86,92,64,20,108,59,40,86,95,21,79,24,30,43,103,27,51,48,36,50,114,54,77,73,40,93,61,46,28,74,97,51,70,67,55,33,38,82,77,56,38,33,31,96,52,77,88,92,106,70,35,123,55,38,41,90,94,76,45,74,67,64,63,82,41,45,51,48,72,103,123,43,95,111,112
93,139,140,56,54,60,65,111,64,57,66,71,138,92,145,164,56,53,55,112,117,122,120,48,158,54,47,55,48,87,96,47,55,80,44,55,77,155,54,115,86,153,100,39,68,111,140,57,43,58,156,54,38,36,58,67,120,55,38,46,42,48,144,41,57,76,93,130,146,46,65,95,124,34,78,121,146,31,91,127,131,139,37,33,85,41,33,28,32,111,35,27,31,138,139,69,83,26,26,73,80,83,35,81,118,122,31,55,106,120,29,18,56,16,17,81,138,142,148,133,96,21,64,107,37,22,82,150,29,47,28,56,87,105,146,44,9,17,98,129,141,151,123,15,96,152,153,56,76,150,89,29,2,55,33,0,119,24,129,12,26,55,112,141,60,62,84,143,152,42,18,23,62,131,11,8,105,67,21,11,50,97,145,146,17,65,110,86,13,34,109,116,128,128,83,155,62,82,93,116,119,23,33,118,124,33,33,140,30,19,119,127,39,48,32,57,73,136,52,82,25,64,80,146,84,47,44,68,125,34,27,47,105,129,80,42,40,32,35,64,113,48,33,32,37,41,128,80,108,119,123,138,43,41,155,35,58,64,120,125,49,38,103,43,42,42,55,45,66,76,42,101,133,155,50,125,141,142
72,56,56,144,137,108,97,57,164,152,95,88,53,67,54,63,152,145,107,53,52,51,50,124,58,152,134,157,114,64,58,115,98,70,126,97,71,53,97,44,59,50,48,120,74,42,42,166,105,84,50,162,118,126,82,73,36,166,139,154,147,92,40,101,79,60,46,34,40,92,70,44,31,138,56,30,38,134,44,29,30,34,146,106,48,152,104,112,104,28,97,133,103,29,30,58,45,106,105,53,47,44,92,45,20,20,145,70,24,19,143,112,67,114,111,42,23,27,32,19,27,137,57,17,155,100,39,33,91,74,146,64,33,16,28,162,124,103,22,12,23,33,7,133,24,33,34,63,43,31,30,148,119,64,86,119,0,143,10,107,93,64,7,22,59,57,35,25,33,161,136,97,57,14,127,121,16,54,138,115,71,25,28,29,132,56,15,36,123,89,17,14,15,16,40,38,61,42,31,16,16,135,93,17,17,148,93,27,143,122,19,20,87,163,97,69,53,26,75,46,130,63,49,35,46,160,156,62,26,143,126,85,32,28,52,152,149,135,103,68,31,160,136,112,102,96,30,56,36,32,32,35,151,101,46,132,80,73,35,35,156,116,44,145,142,141,163,104,77,67,116,49,42,51,101,42,45,45
113,162,163,56,58,74,82,133,55,53,83,89,161,113,168,187,51,51,70,134,140,144,143,57,182,48,51,48,61,109,118,59,72,101,51,73,98,179,71,138,108,176,123,50,89,134,163,43,60,78,179,41,49,43,78,88,143,41,37,36,35,68,168,59,79,99,116,154,169,66,87,118,148,32,101,144,170,32,114,151,155,163,29,50,108,29,51,43,50,135,55,28,50,162,163,92,107,45,46,97,103,106,57,105,142,146,20,79,130,143,18,36,80,34,37,105,162,166,172,157,120,15,88,131,16,45,106,174,53,71,9,80,111,129,170,21,21,41,122,153,165,175,147,12,120,176,177,80,100,174,113,6,24,79,57,24,143,0,153,36,50,79,136,165,84,86,108,167,176,19,9,46,86,155,17,23,129,90,10,29,74,120,169,170,15,89,133,110,24,56,133,140,151,152,107,179,85,105,117,140,143,18,54,142,148,17,55,164,18,28,142,151,61,28,52,80,96,159,74,105,27,87,103,170,107,29,27,91,148,26,33,67,128,152,103,29,28,30,52,86,136,32,31,45,54,60,151,102,131,142,146,161,32,58,178,36,78,85,143,148,36,49,125,37,37,38,41,60,86,97,52,123,156,178,65,148,164,165
79,56,56,153,147,118,106,63,174,162,104,97,53,74,52,59,162,155,117,59,56,54,53,133,54,162,143,167,123,72,65,125,107,78,136,106,80,49,107,48,68,46,55,129,83,47,40,176,115,94,45,172,128,136,92,82,40,176,149,164,157,101,37,110,89,69,54,34,36,102,79,52,33,148,65,33,34,144,52,30,30,31,156,116,57,162,114,122,114,34,107,143,113,26,26,68,54,116,115,63,56,54,102,54,25,23,155,80,32,23,153,122,77,124,121,52,18,20,24,15,37,147,67,26,165,110,49,24,101,84,156,75,43,26,19,172,134,113,32,8,14,23,9,143,34,24,25,73,53,22,40,158,129,74,96,129,10,153,0,117,103,74,17,12,69,67,45,15,23,171,146,107,67,6,137,131,25,64,148,125,81,34,18,19,142,66,22,45,133,99,24,18,12,13,49,29,71,51,40,21,19,145,102,20,17,158,102,20,153,132,22,18,97,173,107,79,62,21,85,54,140,72,58,27,55,170,166,71,26,152,136,95,38,26,60,161,158,145,113,77,34,169,146,122,112,105,29,64,40,34,33,31,160,110,39,142,88,82,37,35,166,125,49,154,152,151,172,113,85,74,126,54,40,45,110,42,41,42
85,129,130,62,59,57,61,101,73,65,61,65,128,83,135,153,64,60,53,102,107,112,110,50,148,62,52,64,48,78,87,47,51,72,47,51,69,145,49,105,77,142,90,41,60,101,129,68,41,51,145,64,39,40,50,58,109,66,46,56,51,42,133,37,49,67,83,119,135,40,56,84,113,43,68,110,135,39,80,116,120,128,47,30,74,52,30,28,29,100,30,35,27,127,128,58,72,23,23,62,69,72,28,71,106,110,43,45,94,108,40,18,46,18,17,70,126,130,136,121,84,32,53,95,49,14,70,139,19,36,40,44,76,94,134,56,19,10,86,117,129,139,111,27,84,140,141,44,64,138,77,41,13,43,21,12,107,36,117,0,14,43,100,129,48,50,72,131,140,54,29,11,50,119,21,15,93,54,32,11,38,84,133,134,27,53,97,74,19,22,97,104,116,116,71,143,50,69,81,104,107,31,22,106,112,43,23,128,39,22,106,115,28,58,22,45,61,123,40,70,30,52,68,134,72,56,53,56,113,41,30,36,92,117,68,50,47,37,28,52,101,57,38,28,29,32,115,68,96,107,111,126,51,33,142,38,47,53,108,113,56,35,91,49,47,46,63,39,55,65,39,89,121,142,43,113,129,130
75,117,118,69,65,56,56,90,83,74,56,58,115,73,122,140,73,67,52,90,95,100,98,54,135,71,59,75,49,68,75,49,47,62,52,47,59,131,45,92,66,128,78,46,51,88,116,80,40,44,131,76,43,47,42,48,96,78,56,67,62,37,120,35,41,55,70,106,121,35,46,72,100,53,56,96,121,49,68,103,107,114,58,31,62,64,30,32,29,87,27,46,27,113,114,46,59,25,25,50,56,59,22,57,93,97,55,33,81,94,53,25,33,26,24,57,112,116,122,107,71,45,39,81,63,13,56,125,11,23,54,31,62,80,120,70,32,13,73,103,115,125,97,41,70,126,127,31,50,124,63,55,26,29,8,26,93,50,103,14,0,29,86,115,34,36,58,117,126,68,43,6,36,105,35,29,79,41,46,23,24,70,119,120,40,39,83,60,31,12,83,90,102,102,57,129,37,56,67,90,93,44,15,92,98,56,16,114,52,33,93,101,20,72,19,33,48,110,29,57,41,40,55,120,59,69,66,44,99,53,39,28,79,103,55,62,59,47,28,41,87,70,49,32,28,28,102,56,83,94,98,112,62,31,129,47,38,43,95,100,68,39,78,59,57,56,75,37,46,54,42,77,108,129,40,100,116,117
61,93,93,89,84,64,58,69,107,96,56,54,91,57,97,114,95,89,61,69,73,76,75,71,108,95,78,98,62,52,56,63,52,48,71,51,47,105,51,68,48,102,56,64,41,64,89,106,52,41,104,102,62,69,39,38,70,105,80,93,87,42,92,47,36,38,47,79,94,40,34,48,73,78,36,70,94,74,44,76,79,87,85,48,39,91,46,53,46,60,40,72,44,85,86,26,35,46,45,27,32,34,34,33,65,69,83,21,53,66,80,50,18,52,49,30,84,88,94,79,43,73,15,53,92,37,29,96,29,14,83,10,34,51,92,98,61,40,44,75,86,96,68,69,42,97,98,6,22,95,34,84,55,4,22,55,64,79,74,43,29,0,57,86,5,7,29,88,97,97,72,33,9,76,63,57,50,13,74,52,10,42,90,91,69,13,55,32,59,26,54,61,73,73,30,100,15,29,40,62,65,72,31,64,70,85,31,86,80,59,64,73,28,100,36,19,24,81,22,31,67,22,30,92,34,97,93,25,71,80,64,30,52,75,33,89,86,73,44,27,60,97,74,52,44,39,74,35,57,67,71,85,89,44,101,72,33,32,68,73,94,58,54,84,81,80,101,49,37,38,60,54,82,102,49,75,89,90
69,59,59,138,132,103,92,57,158,146,90,84,56,64,58,69,147,139,102,53,52,52,51,118,63,146,128,151,108,61,56,110,93,66,120,91,67,59,92,44,56,55,47,114,69,42,47,160,99,79,56,156,112,120,77,68,38,159,133,147,141,86,46,95,74,55,43,38,46,86,65,41,34,132,51,32,45,128,40,33,35,39,139,100,44,146,97,106,98,28,91,127,97,35,36,53,40,100,99,48,42,39,86,40,22,23,139,64,22,22,136,106,61,107,104,36,30,34,39,26,23,130,51,14,148,93,33,40,85,67,139,58,27,12,35,155,117,96,17,19,30,40,14,126,17,41,42,56,36,38,24,141,112,57,79,112,7,136,17,100,86,57,0,29,52,50,28,31,40,154,129,90,50,20,120,114,9,47,131,108,64,18,34,35,125,49,9,29,116,82,12,11,19,19,33,44,54,35,24,14,15,128,85,16,19,141,86,31,136,115,18,22,80,156,90,62,46,29,68,39,123,56,42,39,39,153,149,55,26,135,119,78,27,29,45,145,142,128,96,61,27,153,129,105,95,89,30,49,31,30,31,37,143,93,50,125,72,66,33,34,149,109,38,138,135,134,155,96,70,60,109,44,42,54,94,40,46,47
89,58,58,165,158,129,117,70,186,174,115,108,56,84,53,55,174,166,128,66,63,60,60,145,51,174,155,179,135,82,75,136,119,89,147,117,91,47,118,56,78,43,65,141,94,55,42,188,126,105,41,184,140,148,103,93,47,188,161,176,169,113,36,122,100,80,64,38,35,113,91,62,39,160,76,40,32,156,63,35,34,31,168,128,68,174,125,134,126,43,119,155,125,26,26,80,66,128,127,75,68,65,114,66,33,30,167,91,43,31,165,134,89,136,133,63,17,17,18,18,48,159,79,37,177,122,61,15,114,96,168,87,55,37,11,184,146,125,44,15,9,13,20,155,46,13,14,85,65,11,52,170,141,86,108,141,22,165,12,129,115,86,29,0,81,79,57,4,11,183,158,119,79,11,149,143,36,75,160,137,92,46,9,9,154,78,33,57,144,111,35,28,18,18,60,18,82,63,51,30,27,157,114,28,23,170,114,16,165,144,29,23,109,185,119,90,73,20,96,65,151,84,69,22,65,182,178,82,31,164,147,106,47,29,71,173,170,156,124,88,42,181,158,133,123,116,33,74,48,40,37,31,172,121,33,153,99,93,42,39,177,137,57,166,163,162,184,124,95,85,137,63,41,40,121,46,40,40
62,90,91,94,89,68,61,68,112,101,59,57,88,57,94,111,101,94,65,67,71,74,73,76,105,100,83,104,67,52,55,68,56,49,76,55,48,101,55,66,48,98,54,69,43,62,86,111,57,45,100,107,67,74,43,40,67,110,85,99,92,46,89,52,39,38,46,76,90,45,36,46,69,83,36,66,90,79,42,72,76,83,90,54,38,96,51,58,52,57,45,77,50,81,82,26,33,51,51,27,30,32,39,31,61,65,88,24,50,62,86,56,21,57,54,28,79,83,89,74,39,79,15,48,97,42,25,91,35,19,88,13,30,47,87,104,66,45,40,70,82,92,64,75,37,92,93,9,18,90,30,89,60,8,27,60,59,84,69,48,34,5,52,81,0,2,24,83,92,102,77,38,4,71,68,62,45,8,79,56,13,36,85,86,73,8,49,26,64,30,49,56,68,68,25,95,12,23,34,56,59,76,35,58,64,89,35,80,84,64,59,68,31,104,40,18,20,76,22,26,72,19,26,86,29,101,98,22,66,84,68,32,47,70,28,93,91,77,47,25,55,101,78,55,47,41,69,31,51,62,65,79,93,46,96,75,33,31,63,68,98,61,49,88,85,84,105,51,36,35,62,49,77,96,50,69,84,85
61,89,89,96,90,69,62,67,114,103,60,58,87,57,92,109,102,96,66,66,70,73,72,77,103,102,85,106,69,51,55,69,57,49,78,56,48,99,56,64,47,96,53,71,43,60,84,113,59,46,98,109,69,75,43,40,66,112,87,100,94,47,87,53,40,38,45,74,88,46,36,45,68,85,35,65,88,81,41,70,74,81,92,55,37,98,53,60,53,55,47,79,51,79,80,26,32,53,52,26,29,31,41,29,59,63,90,25,48,61,88,58,22,59,56,26,77,81,87,72,37,81,15,46,99,44,24,89,36,21,90,14,28,45,85,106,68,47,38,68,80,90,62,77,35,90,91,10,16,88,28,91,62,9,29,62,57,86,67,50,36,7,50,79,2,0,22,81,90,104,79,40,3,69,70,64,43,6,81,58,14,35,83,84,75,7,48,24,66,32,47,54,66,66,23,93,12,22,32,54,57,78,36,57,62,91,37,78,86,66,57,66,32,106,42,19,19,74,23,25,73,19,24,84,28,103,99,22,64,86,70,33,45,68,27,95,92,79,49,25,53,103,80,57,49,43,67,30,50,60,64,77,95,48,94,77,34,31,61,66,100,62,47,90,87,86,107,52,36,35,64,48,75,95,52,68,82,83
62,74,75,114,108,83,74,59,134,122,72,67,72,57,76,91,122,115,81,57,59,61,60,95,85,122,104,126,86,52,51,87,72,53,96,71,53,81,71,52,47,78,46,90,52,48,67,134,76,59,80,130,88,95,57,50,51,133,108,121,115,63,68,71,53,41,38,57,69,63,46,37,51,106,37,48,69,102,34,52,56,62,113,75,33,119,72,80,73,39,66,100,71,60,60,33,27,74,73,30,27,26,60,25,41,44,112,40,31,42,109,79,37,81,78,20,57,60,66,52,21,102,26,27,121,66,15,68,58,40,112,32,13,25,63,128,90,69,18,47,58,68,41,99,16,69,70,29,12,67,9,113,84,30,51,84,35,108,45,72,58,29,28,57,24,22,0,59,68,126,101,62,22,47,92,86,21,18,103,80,35,13,61,62,97,21,26,7,87,54,25,32,44,44,10,71,26,12,14,33,36,100,57,35,41,113,57,57,108,87,36,44,52,128,62,35,21,52,41,18,95,30,21,63,20,125,121,30,43,107,91,51,28,47,25,116,114,100,68,36,35,125,101,77,68,61,47,29,33,41,44,57,115,66,73,97,47,42,43,47,121,82,34,110,107,106,128,70,46,39,82,37,56,74,68,50,63,64
92,62,62,168,161,132,120,74,189,176,118,111,59,87,56,57,177,169,131,70,66,64,63,148,54,177,158,181,138,86,78,139,122,92,150,120,94,49,121,59,81,46,68,144,97,59,45,191,129,108,44,187,142,151,106,96,50,190,164,178,171,116,39,125,103,83,68,42,38,116,94,65,43,163,79,44,35,159,66,39,37,35,170,130,71,177,128,137,129,47,122,158,127,30,30,83,69,131,130,77,71,68,117,69,37,34,170,94,46,35,167,137,91,138,135,66,21,20,20,22,51,161,82,40,180,124,64,17,116,98,170,89,57,40,13,186,148,128,47,18,12,14,23,157,48,13,14,87,68,11,55,172,143,88,110,143,25,167,15,131,117,88,31,4,83,81,59,0,9,185,160,121,81,12,151,145,38,77,162,139,94,47,5,6,156,79,35,58,146,112,36,29,18,18,62,15,84,64,52,30,27,158,116,29,23,171,116,14,167,146,30,22,110,187,120,91,75,18,97,66,153,85,70,19,66,183,179,83,30,165,149,107,47,28,72,175,172,158,125,89,42,183,159,134,125,118,31,75,48,39,36,28,173,122,29,155,100,94,41,38,179,138,57,167,164,163,185,125,96,85,138,62,39,36,122,45,38,38
99,65,64,176,170,140,128,80,197,185,126,119,62,94,58,56,185,178,139,76,72,69,68,156,53,185,166,190,146,93,85,148,130,99,159,129,102,49,129,65,89,46,75,152,106,65,48,200,138,116,43,196,151,159,115,104,56,199,173,187,180,124,41,134,112,91,75,46,39,125,102,73,48,172,87,49,36,167,74,44,42,38,179,139,79,186,137,145,138,54,130,167,136,33,33,91,77,139,138,86,79,77,126,77,44,41,179,103,54,42,176,146,100,147,144,75,25,23,21,28,60,170,90,49,189,133,73,15,125,107,179,98,66,49,14,195,157,137,55,26,16,12,31,166,57,10,10,96,77,9,64,181,152,97,119,152,33,176,23,140,126,97,40,11,92,90,68,9,0,194,169,130,90,21,160,154,47,86,171,148,103,56,9,8,165,88,43,67,155,121,45,38,26,27,71,10,93,73,61,39,36,167,125,37,31,180,125,18,176,155,38,30,119,196,129,100,84,24,106,75,162,94,78,21,75,192,188,91,37,174,158,116,56,34,80,184,181,167,134,98,49,192,168,143,133,126,38,83,56,46,43,32,182,131,28,164,109,102,48,44,188,147,64,176,173,172,194,133,105,93,146,70,44,36,130,50,41,40
132,181,182,66,69,90,99,151,58,61,100,107,180,131,187,206,59,61,87,153,158,163,162,72,200,55,64,53,77,127,136,75,90,119,66,90,116,197,89,157,127,195,142,66,108,153,182,44,77,97,198,43,65,58,97,107,162,41,49,41,44,86,186,77,97,118,135,172,188,84,106,136,166,44,120,163,188,46,133,170,174,181,38,68,127,35,69,61,68,153,74,42,68,181,181,111,125,63,64,115,122,125,76,124,160,164,30,97,148,162,30,55,98,52,55,124,180,184,190,175,138,31,106,149,17,64,124,193,72,89,21,98,130,148,189,13,39,59,141,171,183,193,165,30,138,194,195,99,118,192,131,15,43,97,75,42,161,19,171,54,68,97,154,183,102,104,126,185,194,0,25,64,104,173,34,40,147,108,23,46,91,138,187,188,29,106,151,127,40,73,150,157,169,169,124,196,102,122,134,157,160,29,71,159,165,18,71,181,23,42,160,169,77,15,68,96,113,177,90,122,37,103,119,187,123,20,21,107,165,30,43,83,145,169,119,26,27,37,66,102,153,24,37,58,67,74,168,118,147,159,163,178,30,71,195,43,93,100,160,165,31,60,141,38,40,41,33,73,101,112,63,138,173,194,78,164,181,182
110,157,158,60,61,73,81,128,61,58,81,87,156,109,163,182,57,56,69,130,135,140,138,58,176,54,54,54,61,105,114,59,71,97,53,71,94,173,69,133,104,171,118,51,86,129,158,51,58,75,174,48,49,45,75,84,138,49,41,42,41,65,162,57,75,94,111,148,164,63,83,113,142,36,96,139,164,35,109,145,149,157,35,48,103,36,49,42,47,129,52,30,47,156,157,87,101,42,43,91,98,101,53,99,136,139,26,73,124,137,24,33,74,31,33,99,155,159,165,150,114,18,82,124,25,40,99,168,47,65,17,73,105,123,164,29,18,35,116,147,159,169,141,11,114,169,170,74,94,167,106,14,19,72,50,18,136,9,146,29,43,72,129,158,77,79,101,160,169,25,0,39,79,148,9,15,122,83,4,21,66,113,162,163,6,81,126,102,16,49,125,132,144,144,99,171,78,98,109,132,135,11,46,134,140,16,47,156,14,20,135,144,53,30,44,72,88,152,66,97,19,79,95,162,99,30,27,82,140,21,25,59,120,145,95,26,25,23,44,77,128,32,24,37,45,51,143,94,123,135,138,153,29,49,170,29,70,76,135,140,34,40,117,32,32,32,40,52,77,88,44,114,148,170,57,140,156,157
82,123,124,71,68,61,62,96,83,75,62,64,121,79,128,146,74,69,57,97,102,106,104,58,140,72,61,75,53,74,82,53,53,68,55,52,65,137,51,98,72,134,84,49,57,94,121,79,45,50,137,75,46,49,49,55,102,77,57,67,62,43,125,40,47,62,76,111,126,41,52,78,105,53,62,102,127,50,73,108,112,120,58,35,68,63,34,35,33,92,32,46,31,118,119,52,65,29,29,56,62,64,28,63,98,102,54,40,86,99,51,27,39,27,26,62,117,121,127,112,76,43,45,86,60,17,61,129,17,29,51,36,67,84,125,66,30,15,77,108,120,130,102,38,75,131,132,36,55,128,68,52,24,34,14,23,97,46,107,11,6,33,90,119,38,40,62,121,130,64,39,0,40,109,30,24,83,44,41,18,27,74,123,124,35,42,87,63,26,11,86,93,105,105,61,132,39,59,71,93,96,38,12,96,101,51,13,118,47,27,96,105,18,66,14,34,50,113,29,59,35,41,57,123,61,64,60,45,102,47,33,26,81,106,57,56,54,41,22,41,90,64,43,25,23,24,105,57,85,96,100,115,56,26,132,41,37,42,97,102,62,33,80,53,51,50,69,32,45,54,36,78,110,131,35,102,118,119
64,91,91,97,92,71,65,69,115,104,63,61,89,60,94,110,104,97,69,69,72,75,74,79,105,103,87,107,71,54,57,71,60,52,80,59,51,101,58,67,50,98,56,72,46,62,85,114,61,48,100,110,70,77,46,43,67,113,89,102,95,50,88,55,43,41,47,75,89,49,39,47,69,86,38,66,89,82,43,72,75,82,93,57,39,99,55,62,55,57,49,80,53,80,81,29,34,55,54,29,32,33,43,32,60,64,91,28,49,62,88,59,24,60,57,28,78,82,88,73,39,81,18,48,99,45,25,90,38,23,90,17,29,46,85,106,68,48,39,68,80,90,62,77,36,91,92,13,18,89,29,91,63,11,30,62,57,86,67,50,36,9,50,79,4,3,22,81,90,104,79,40,0,69,70,64,43,4,81,58,13,34,83,84,75,4,47,24,65,32,46,53,65,65,22,92,9,20,31,54,57,78,35,56,62,91,36,78,86,65,56,65,31,106,40,17,16,73,21,23,73,16,22,84,25,103,99,19,63,85,69,31,44,67,25,95,92,78,47,23,52,103,79,56,47,41,66,27,48,59,62,76,94,46,93,76,31,28,60,64,99,61,45,89,86,85,106,50,33,32,62,45,73,93,49,66,81,82
85,62,62,157,151,122,111,69,178,166,108,102,59,80,58,63,166,159,121,65,62,60,60,137,59,166,147,170,128,78,71,129,112,83,140,110,85,54,111,55,73,51,61,133,88,53,46,180,119,98,49,176,132,140,96,86,46,179,153,167,160,105,42,114,93,74,59,40,41,105,84,57,40,152,70,40,39,147,58,37,36,36,159,119,62,166,117,125,118,40,111,146,116,31,32,72,59,119,118,67,61,58,106,59,31,29,158,83,37,29,156,125,80,127,124,56,23,24,27,21,41,149,70,31,168,112,53,25,104,86,159,77,46,30,21,175,137,116,36,14,17,24,15,145,37,24,25,76,56,22,43,160,131,77,98,131,14,155,6,119,105,76,20,11,71,69,47,12,21,173,148,109,69,0,139,133,26,65,150,127,82,35,14,15,144,67,22,46,134,100,24,17,7,8,50,24,72,52,40,18,16,146,103,17,13,159,104,14,154,134,18,13,98,175,108,79,63,14,85,54,141,73,58,21,54,171,167,71,21,153,136,95,36,21,60,162,160,146,113,77,31,171,147,122,112,106,24,63,38,30,28,25,161,110,33,143,88,82,32,30,167,126,46,155,152,151,173,113,84,73,126,52,34,38,110,37,35,35
104,150,151,62,62,70,76,121,67,62,77,82,149,103,156,174,60,59,66,123,128,132,131,57,169,58,55,59,59,98,107,57,66,91,53,66,88,165,65,125,97,163,111,49,79,121,150,58,54,69,166,55,47,44,69,78,130,55,44,48,45,59,154,52,69,87,103,140,156,57,76,105,134,39,89,131,156,37,101,137,141,149,39,44,95,42,44,38,43,121,47,32,42,148,148,79,93,37,38,83,90,93,46,91,127,131,32,66,115,129,29,29,66,27,29,91,147,151,157,142,105,22,73,116,33,33,91,159,40,57,25,65,96,114,155,38,15,28,107,138,150,160,132,14,105,161,162,65,85,158,98,23,13,64,42,11,127,17,137,21,35,63,120,149,68,70,92,151,160,34,9,30,70,139,0,6,113,74,11,12,57,104,153,154,6,72,117,93,7,39,116,123,135,135,90,162,68,88,100,123,126,11,37,125,131,22,37,147,19,13,125,134,44,37,35,62,79,143,57,88,15,70,86,153,90,36,32,73,131,23,19,50,111,135,85,30,28,22,35,68,119,37,23,29,36,42,134,84,114,125,129,144,32,41,161,26,61,67,126,131,38,34,108,33,32,31,44,44,68,79,38,105,139,160,49,131,147,148
99,144,145,63,62,68,73,116,69,64,73,78,143,98,150,169,62,60,64,117,123,127,126,56,163,60,55,61,57,93,102,55,63,86,52,63,83,160,61,120,92,157,106,48,75,116,144,62,51,65,160,58,46,44,64,73,124,59,45,51,47,55,148,49,64,82,98,134,150,53,71,99,128,40,83,125,150,38,95,131,135,143,42,41,90,45,41,36,39,115,43,34,38,142,143,73,87,34,34,78,84,87,42,86,121,125,35,60,109,123,33,26,61,24,25,85,141,145,151,136,99,25,68,110,38,28,85,153,34,51,30,59,90,108,149,44,15,23,101,132,144,154,126,18,99,155,156,59,79,152,92,29,10,58,36,8,121,23,131,15,29,57,114,143,62,64,86,145,154,40,15,24,64,133,6,0,107,68,17,6,51,98,147,148,11,66,111,87,5,33,110,117,129,129,84,156,63,82,94,117,120,16,31,119,125,28,32,141,24,11,120,128,38,43,29,57,73,137,51,82,17,64,80,147,84,41,38,67,125,27,19,44,105,129,80,35,33,24,30,63,113,42,25,26,32,37,128,79,108,119,123,138,36,36,155,27,55,62,120,125,42,31,102,36,34,34,48,40,63,74,35,100,133,155,45,125,141,142
71,67,67,134,128,101,91,62,154,142,88,83,64,66,67,78,142,135,100,58,58,58,57,115,72,142,124,146,105,62,58,106,90,66,116,89,67,68,89,50,57,65,50,110,68,47,55,155,96,76,65,151,108,116,74,66,45,154,128,142,136,82,55,91,71,55,45,46,55,82,62,43,42,127,50,40,54,123,42,42,44,48,134,95,44,140,93,101,93,34,87,121,92,45,45,50,39,95,94,45,40,38,81,38,30,32,133,59,27,30,130,100,56,102,99,34,39,43,48,35,23,124,46,19,142,87,30,48,79,61,133,52,24,16,44,149,111,90,17,28,39,48,23,120,16,49,50,50,31,47,19,134,105,51,73,105,16,129,25,93,79,50,9,36,45,43,21,38,47,147,122,83,43,26,113,107,0,39,124,101,56,9,40,41,118,41,5,20,108,74,6,11,23,23,24,49,46,26,15,13,15,120,78,15,20,133,78,35,128,108,16,24,72,149,82,54,37,32,60,30,115,47,33,42,30,145,141,46,25,127,111,70,19,28,36,137,134,120,88,52,21,145,121,97,87,80,29,40,24,26,28,38,135,85,52,117,64,57,29,31,141,100,30,130,127,126,147,88,61,51,101,35,40,55,85,36,45,46
65,89,90,102,96,75,68,69,120,109,66,64,87,61,92,108,108,102,72,68,71,74,73,83,102,108,91,112,75,56,58,76,64,54,84,62,53,98,62,65,51,95,55,77,49,61,83,119,65,52,97,115,75,82,50,46,66,118,93,106,100,54,86,59,46,42,47,73,87,53,42,47,67,91,39,64,86,87,43,69,73,80,97,61,40,103,59,66,59,55,53,85,57,77,78,31,34,59,58,30,32,33,47,32,58,61,95,31,47,59,93,63,28,65,62,28,75,79,84,70,36,86,20,45,104,50,24,86,42,27,95,20,27,43,82,110,73,52,36,65,77,86,59,81,33,87,88,16,16,85,26,96,67,16,34,67,54,90,64,54,41,13,47,75,8,6,18,77,86,108,83,44,4,65,74,68,39,0,85,62,17,30,79,80,79,3,43,19,69,35,42,49,61,61,17,88,9,16,27,49,52,81,39,52,58,94,39,74,90,69,52,61,34,110,44,18,13,69,23,18,76,15,18,79,21,106,102,17,59,89,72,33,39,63,21,98,95,81,50,22,47,106,83,59,50,43,62,24,44,54,58,72,97,48,88,79,31,28,55,60,103,64,41,92,89,88,109,52,33,30,64,41,69,89,51,62,76,77
114,161,162,64,65,78,85,132,65,62,86,91,160,113,167,185,60,60,74,133,139,143,142,63,180,57,58,57,66,109,117,64,75,101,58,75,98,176,74,136,108,174,122,55,90,132,161,54,62,79,177,51,54,49,79,88,141,51,45,46,44,69,165,61,79,98,114,151,167,67,87,116,145,40,99,142,167,40,112,148,152,160,38,52,106,39,53,46,52,132,56,35,51,159,160,90,104,46,47,94,101,104,57,102,138,142,30,77,126,140,27,37,77,35,38,102,158,162,168,153,116,22,85,127,26,44,102,170,51,68,20,76,108,125,166,29,22,39,118,149,161,171,143,16,116,172,173,76,96,170,109,16,22,75,53,21,138,10,148,32,46,74,131,160,79,81,103,162,171,23,4,41,81,150,11,17,124,85,0,23,68,115,164,165,6,83,128,104,16,50,127,134,146,146,101,173,79,99,111,134,137,8,48,136,142,12,48,158,10,19,136,145,54,26,44,73,90,153,67,99,16,80,96,164,100,26,23,84,142,17,23,59,121,146,96,22,21,20,43,78,129,28,21,36,45,51,144,95,124,136,140,155,25,49,172,26,70,77,136,141,30,39,118,28,28,28,35,51,78,89,42,115,149,171,56,141,157,158
96,140,141,66,65,67,72,112,74,68,72,76,139,94,145,164,67,64,63,113,118,123,121,58,158,64,58,66,57,90,98,56,62,83,54,61,80,155,60,115,88,152,101,49,71,111,139,67,51,62,155,64,47,46,62,69,119,65,49,56,52,53,143,47,61,78,93,129,145,51,68,95,123,45,79,120,145,42,91,126,130,138,47,40,85,51,40,36,39,110,41,38,37,136,137,69,82,33,33,73,79,82,39,81,116,120,41,56,104,118,38,26,56,25,25,80,135,139,145,130,94,30,63,104,45,26,80,147,31,46,36,54,85,103,143,50,19,21,96,126,138,148,120,23,93,149,150,54,73,147,86,35,13,52,31,11,115,29,125,11,23,52,108,137,56,58,80,139,148,46,21,18,58,127,12,6,101,62,23,0,45,92,141,142,17,60,105,81,8,27,104,111,123,123,78,150,56,76,88,111,114,20,25,113,119,33,25,135,28,11,113,122,32,48,23,50,67,130,45,76,18,57,73,141,77,46,42,61,119,30,19,38,98,123,73,39,36,25,25,56,107,47,27,21,26,31,122,72,101,113,117,132,39,30,149,27,49,55,114,119,45,27,96,38,36,35,52,35,57,68,32,93,127,148,39,118,135,136
71,102,103,90,85,68,64,79,106,96,63,62,100,67,106,123,95,89,65,79,83,86,85,73,117,94,79,98,66,61,66,66,58,58,72,56,56,114,56,78,58,110,66,65,49,74,98,104,56,48,113,100,63,69,46,47,80,102,79,91,85,46,101,50,43,47,57,88,102,45,43,58,82,76,46,79,102,72,54,85,88,95,82,50,49,88,48,53,48,69,42,70,45,93,94,36,45,46,45,37,42,44,36,42,73,77,79,29,62,75,77,49,26,50,47,40,91,95,101,86,51,70,25,61,87,35,38,103,28,19,78,19,42,59,99,94,57,37,52,82,94,103,76,65,49,104,105,16,30,102,42,79,50,13,19,50,71,74,81,38,24,10,64,92,13,14,35,94,103,91,66,27,13,82,57,51,56,17,68,45,0,47,96,97,62,15,60,36,52,18,59,66,78,78,33,105,13,32,43,66,69,64,22,68,74,77,22,90,73,52,69,78,18,93,27,12,24,86,12,32,59,17,30,96,34,89,86,21,75,72,56,20,55,79,32,81,78,65,35,21,63,89,66,43,34,29,78,33,58,70,73,88,80,34,105,63,24,25,71,75,86,48,54,75,73,72,93,39,29,33,50,53,84,105,39,76,92,93
70,72,73,127,121,96,86,63,147,135,84,78,70,64,73,86,135,128,94,60,61,62,61,108,80,135,117,139,98,60,57,100,84,63,109,83,63,76,83,53,55,72,50,102,63,50,62,147,89,71,73,143,101,108,69,61,49,146,121,134,128,76,62,84,65,51,44,52,63,76,57,43,48,119,47,45,62,115,40,48,50,56,126,88,41,132,85,93,86,38,79,113,84,52,53,45,36,87,86,40,36,35,73,34,36,38,124,53,30,36,122,92,49,93,91,30,48,51,57,43,23,115,39,23,134,79,25,58,71,53,124,45,20,20,53,140,102,82,17,37,48,58,31,111,15,58,59,42,24,56,15,126,97,43,64,97,25,120,34,84,70,42,18,46,36,35,13,47,56,138,113,74,34,35,104,98,9,30,115,92,47,0,49,50,109,32,13,11,99,65,12,19,31,31,15,58,36,17,7,20,23,111,68,22,28,124,68,44,119,98,23,31,63,139,73,44,28,40,50,21,106,38,24,50,22,136,132,37,31,118,101,60,18,34,28,127,124,111,78,43,23,135,112,87,78,71,34,32,23,29,32,44,126,76,60,108,55,48,31,35,132,91,27,120,117,116,138,79,52,42,91,31,44,61,76,39,50,51
97,67,67,171,165,136,124,79,192,180,122,115,64,92,62,62,180,173,135,75,72,69,69,152,58,180,161,185,142,90,83,143,126,96,154,124,98,54,125,64,86,51,73,147,102,64,50,194,133,112,48,190,146,154,110,100,55,193,167,181,175,119,44,128,107,87,72,47,43,120,98,70,48,166,83,49,40,162,71,44,43,40,173,134,75,180,131,140,132,52,125,161,131,35,35,86,72,134,133,81,75,72,120,72,42,39,172,97,50,40,170,139,95,141,138,70,26,25,25,27,55,163,85,44,182,127,67,21,119,101,173,92,61,44,18,189,151,130,50,23,17,18,27,160,51,17,17,90,70,15,57,174,145,91,113,145,28,169,18,133,119,90,34,9,85,83,61,5,9,187,162,123,83,14,153,147,40,79,164,141,96,49,0,1,158,81,36,60,148,114,37,30,18,18,63,10,85,65,53,31,28,160,117,29,23,173,117,10,168,147,29,21,111,188,121,93,76,16,99,67,155,86,70,14,67,185,181,84,28,167,150,108,47,25,72,176,173,159,126,90,41,184,160,135,126,119,29,75,47,37,34,25,175,123,24,156,101,94,39,35,180,139,56,168,165,164,186,125,96,85,139,61,36,31,122,42,34,33
98,67,67,172,166,137,125,80,193,181,123,116,65,93,62,62,181,174,136,76,72,69,69,152,58,181,162,186,142,91,84,144,127,97,155,125,99,54,126,65,87,51,74,148,102,65,50,195,134,113,48,191,147,155,111,101,56,194,168,182,176,120,44,129,108,88,73,47,43,121,98,71,49,167,84,49,40,163,72,45,43,40,174,134,76,181,132,141,133,52,126,162,131,35,35,87,73,135,134,82,76,73,121,73,42,40,173,98,51,40,171,140,96,142,139,71,27,25,25,28,56,164,86,45,183,128,68,20,120,102,174,93,62,45,18,190,152,131,51,24,18,18,28,161,52,16,17,91,71,15,58,175,146,92,114,146,29,170,19,134,120,91,35,9,86,84,62,6,8,188,163,124,84,15,154,148,41,80,165,142,97,50,1,0,159,82,37,61,149,115,38,31,19,19,64,9,86,66,54,32,29,161,118,30,24,174,118,11,169,148,30,22,112,189,122,94,77,16,100,68,156,87,71,14,68,186,182,85,29,168,151,109,48,26,73,177,174,160,127,91,42,185,161,136,127,120,30,76,48,38,35,25,176,124,24,157,102,95,40,36,181,140,57,169,166,165,187,126,97,86,139,62,36,31,123,43,34,34
110,156,157,65,65,75,82,127,67,64,82,88,154,108,161,180,62,61,71,128,134,138,137,62,174,59,58,60,64,104,113,62,72,97,57,72,94,171,70,131,103,168,117,53,85,127,155,57,60,75,171,55,52,48,75,83,135,55,46,48,46,65,159,57,74,93,109,146,161,63,82,111,139,41,94,136,161,40,107,143,147,154,41,49,101,42,50,44,48,127,52,35,47,153,154,85,99,43,43,89,96,98,52,97,133,137,32,72,121,134,30,34,72,32,34,97,152,156,162,147,111,23,79,121,31,39,96,164,46,62,24,71,102,120,160,35,20,34,112,143,155,165,137,16,110,166,167,71,90,164,103,21,18,69,48,17,132,15,142,27,40,69,125,154,73,75,97,156,165,29,6,35,75,144,6,11,118,79,6,17,62,109,158,159,0,77,122,98,10,44,121,128,140,140,95,167,73,93,105,128,131,6,41,130,136,17,42,152,13,14,130,139,48,32,38,67,84,147,61,93,13,74,90,158,94,30,27,77,136,18,18,53,115,140,90,25,23,18,38,72,123,31,19,31,39,45,138,89,118,130,134,148,27,43,165,23,64,71,130,135,32,34,112,28,27,27,38,46,72,83,38,109,143,165,51,135,151,152
68,92,93,102,96,76,69,72,119,108,67,65,90,63,95,111,108,101,73,71,74,77,76,83,105,107,91,111,75,58,60,76,64,56,84,63,55,101,63,68,53,98,58,77,51,64,86,118,65,53,100,114,75,81,51,48,69,116,92,105,99,54,88,59,47,44,50,76,90,53,44,50,70,90,42,67,89,86,46,72,75,82,96,61,42,102,59,65,59,57,53,84,57,80,81,33,37,59,58,33,35,36,47,34,61,64,94,32,50,62,91,62,29,64,61,31,77,81,87,72,39,84,22,47,102,49,27,89,41,27,93,21,30,45,84,109,71,51,38,67,79,89,61,80,36,89,90,17,19,87,29,94,65,16,33,65,56,89,66,53,39,13,49,78,8,7,21,79,88,106,81,42,4,67,72,66,41,3,83,60,15,32,81,82,77,0,45,21,67,33,44,51,63,63,18,90,6,17,28,51,54,79,36,53,59,92,37,75,87,66,54,63,31,107,41,15,12,71,20,19,74,13,18,81,21,104,100,15,60,86,70,31,40,64,20,96,93,79,48,19,48,104,80,56,47,41,63,23,44,55,59,73,95,46,90,77,29,25,56,61,100,61,41,89,86,85,107,50,30,28,62,41,70,90,48,62,77,78
76,69,69,139,133,106,96,65,159,147,93,88,66,70,68,78,147,140,105,62,61,61,60,120,72,147,129,151,110,67,62,111,95,71,121,94,72,68,94,53,62,64,54,114,73,50,56,160,101,81,65,156,113,121,79,71,47,159,133,147,140,87,55,96,76,59,49,47,55,87,67,47,43,132,55,42,53,127,46,43,44,48,139,100,49,145,98,106,98,37,91,126,97,44,45,55,44,99,98,50,45,43,86,43,32,33,137,64,30,31,135,105,61,106,103,39,38,41,46,34,28,128,51,22,147,91,35,46,83,66,137,57,29,19,42,153,115,95,21,27,37,46,22,124,21,46,47,55,36,44,24,139,110,56,77,110,15,133,22,97,83,55,9,33,49,48,26,35,43,151,126,87,47,22,117,111,5,43,128,105,60,13,36,37,122,45,0,24,112,78,2,6,18,18,27,45,49,29,18,8,10,124,81,10,15,137,81,31,132,111,11,19,76,152,86,57,40,27,63,32,119,50,35,37,32,149,145,48,20,131,114,73,18,23,38,140,137,123,91,55,18,148,124,100,90,83,24,42,22,22,23,33,139,88,47,120,66,60,25,26,144,103,29,133,130,129,151,90,63,52,103,34,35,50,88,32,40,41
69,80,80,119,113,89,80,66,138,126,78,74,77,64,81,95,126,119,87,64,65,67,66,100,89,126,108,130,91,59,58,92,78,60,101,76,60,85,76,58,54,82,52,94,59,54,71,137,81,65,83,133,92,99,62,56,56,136,111,125,118,69,72,76,59,48,45,61,73,68,52,44,55,109,44,53,72,105,41,57,59,65,116,79,40,122,77,84,77,44,70,103,75,62,63,39,34,77,76,36,34,33,64,33,45,47,114,45,36,45,112,82,42,83,81,27,59,62,68,54,27,105,32,31,123,69,22,69,61,44,114,36,20,28,64,129,92,72,23,48,59,69,42,100,20,69,70,33,18,67,16,115,86,33,54,86,36,110,45,74,60,32,29,57,26,24,7,58,67,127,102,63,24,46,93,87,20,19,104,81,36,11,60,61,98,21,24,0,88,54,23,30,42,42,4,69,25,6,8,30,33,100,57,32,38,113,57,54,108,87,33,42,52,128,62,33,17,50,39,12,95,27,15,60,14,125,121,26,40,107,90,49,22,44,19,116,113,99,67,33,29,124,101,76,66,60,43,23,27,36,39,53,115,65,69,97,44,38,38,42,120,80,27,109,106,105,127,68,42,34,80,30,51,70,65,45,58,59
103,148,148,68,67,73,78,120,73,68,78,83,146,102,153,171,67,65,69,121,126,130,129,62,166,64,60,65,62,97,105,60,68,90,57,67,87,162,66,123,96,159,109,53,79,119,147,65,56,69,162,62,51,49,69,77,127,62,50,55,51,60,151,53,68,85,101,137,152,58,75,102,131,45,86,127,152,43,98,134,138,145,46,46,93,49,46,41,44,118,47,38,43,144,145,76,90,38,39,81,87,90,46,88,123,127,39,64,112,125,36,31,64,29,30,88,143,147,153,138,101,29,70,112,40,33,87,155,38,54,32,62,92,110,150,45,20,28,103,134,145,155,127,21,101,156,157,61,81,154,93,30,15,60,39,13,123,24,133,19,31,59,116,144,64,66,87,146,155,40,16,26,65,134,7,5,108,69,16,8,52,99,148,149,10,67,112,88,0,34,111,118,130,130,85,157,63,83,95,118,121,13,31,120,126,25,31,142,21,6,120,129,38,41,28,57,73,137,51,82,12,64,80,147,84,38,35,67,126,23,14,43,105,130,79,31,29,19,28,62,113,39,20,22,29,35,128,78,108,120,123,138,32,34,155,22,54,61,120,125,38,27,102,31,29,29,44,37,62,73,31,99,133,155,42,124,141,142
81,118,119,81,77,67,66,93,94,85,66,67,117,78,123,140,84,79,63,93,98,102,100,66,135,83,70,86,61,73,79,61,58,68,64,57,65,131,56,94,70,128,81,58,58,90,115,90,52,53,130,86,55,59,51,55,96,88,67,78,72,47,119,47,49,60,72,106,120,45,52,73,99,64,59,96,120,60,69,102,106,113,69,43,64,74,42,44,41,86,38,57,39,111,112,49,60,38,37,52,57,60,33,58,91,95,64,38,80,93,62,37,37,38,36,56,110,114,119,105,69,54,40,79,71,25,55,121,22,27,62,32,60,77,117,77,41,25,70,100,112,122,94,48,67,122,123,30,48,120,60,62,34,28,14,34,89,56,99,22,12,26,82,111,30,32,54,112,121,73,49,11,32,100,39,33,74,35,50,27,18,65,114,115,44,33,78,54,34,0,77,84,96,96,51,123,29,49,61,84,87,46,5,86,92,59,6,108,54,34,86,95,8,74,11,23,40,103,18,49,41,31,46,114,50,71,67,35,92,54,38,16,71,96,46,63,60,47,19,31,80,71,48,26,20,17,95,46,74,86,90,105,62,21,122,45,26,31,87,92,68,33,69,58,55,54,75,27,34,43,35,67,100,121,29,92,108,109
77,71,71,139,133,107,96,67,159,147,94,88,68,72,70,80,147,140,105,64,63,63,62,120,75,147,129,151,110,68,64,111,96,72,121,94,73,70,94,55,63,67,55,114,74,52,58,159,101,82,67,155,113,120,80,71,49,158,133,147,140,88,57,96,76,60,51,49,57,87,68,49,46,131,56,44,55,127,47,45,47,50,138,100,50,145,98,105,98,39,91,126,96,46,47,55,45,99,98,51,46,44,86,44,34,35,137,64,32,34,134,104,61,106,103,40,40,43,48,36,29,127,51,24,146,91,35,48,83,66,137,57,30,21,43,152,115,94,22,29,39,47,24,123,22,48,48,55,36,45,25,138,109,55,76,109,17,133,24,97,83,54,12,35,49,47,25,36,45,150,125,86,46,24,116,110,6,42,127,104,59,12,37,38,121,44,2,23,111,77,0,7,19,19,26,46,48,28,16,8,10,123,80,10,16,136,80,31,131,110,11,19,74,151,84,56,39,27,62,30,117,49,34,38,30,148,144,47,19,130,113,71,16,23,36,139,136,122,89,53,16,147,123,98,89,82,23,40,20,20,22,32,137,86,47,119,65,58,23,25,143,102,27,131,128,127,149,89,61,50,102,32,34,50,86,31,40,40
80,69,69,145,139,112,101,68,165,153,99,93,66,75,67,76,154,146,111,65,64,63,62,126,71,153,135,157,116,72,67,117,101,76,127,100,77,66,100,56,67,63,58,121,79,53,55,166,107,87,62,162,119,127,85,77,49,165,140,153,147,94,53,102,82,65,54,47,53,94,73,52,44,138,61,43,51,134,51,43,44,47,145,106,54,151,104,112,105,40,98,132,103,43,43,61,49,106,105,56,51,49,92,49,33,33,144,71,34,32,141,111,68,113,110,45,36,38,43,32,33,134,57,26,153,98,41,42,90,72,144,64,35,23,37,159,122,101,26,24,33,41,21,130,26,41,42,61,43,39,31,145,116,62,83,116,14,140,18,104,90,61,11,28,56,54,32,29,38,157,132,93,53,17,123,117,11,49,134,111,66,19,30,31,128,51,6,30,118,84,7,0,12,12,33,39,55,35,23,3,4,130,87,4,9,143,87,25,138,117,6,13,81,158,91,63,46,21,69,37,124,56,41,31,37,155,151,54,15,137,120,78,20,18,43,146,143,129,96,60,17,154,130,105,96,89,19,46,22,19,19,27,144,93,41,126,71,65,22,23,150,109,31,138,135,134,156,96,67,56,109,36,30,44,93,29,35,36
87,68,68,156,150,122,111,72,176,164,109,102,65,82,65,70,165,157,121,69,66,65,64,136,66,164,146,169,127,79,73,128,111,84,138,110,86,61,110,59,74,58,64,132,88,57,52,177,118,97,56,173,130,138,96,86,51,177,151,165,158,104,49,113,92,74,61,46,48,104,83,59,45,149,70,44,46,145,59,42,42,43,156,117,62,163,115,123,116,43,109,144,114,38,38,71,59,117,116,66,60,58,103,58,35,34,155,82,39,33,153,122,79,124,121,55,30,31,34,27,41,146,68,32,165,109,51,33,101,84,155,75,45,30,28,171,134,113,35,20,24,31,19,142,36,31,32,73,54,29,41,157,128,74,95,128,15,151,12,116,102,73,19,18,68,66,44,18,26,169,144,105,65,7,135,129,23,61,146,123,78,31,18,19,140,63,18,42,130,96,19,12,0,1,45,27,67,47,35,12,9,142,99,11,6,155,99,13,150,129,12,6,93,170,103,74,58,11,81,49,136,68,52,20,49,167,163,65,14,149,132,90,30,14,54,158,155,141,108,72,24,166,142,117,107,100,17,57,31,22,21,20,156,105,31,138,83,76,25,23,162,120,39,150,147,146,168,107,78,67,120,45,28,36,104,30,30,30
88,69,69,157,150,123,111,73,177,165,109,103,66,83,66,71,165,158,121,69,67,66,65,137,66,165,146,169,127,80,74,128,112,85,139,110,86,62,111,59,75,59,64,132,89,58,53,178,118,98,57,174,130,138,96,87,52,177,151,165,158,105,50,113,93,75,62,47,49,105,84,60,46,150,70,45,47,145,59,43,43,44,157,118,63,163,116,124,116,44,109,144,114,39,39,72,59,117,116,67,61,59,104,59,36,35,156,82,40,34,153,123,79,124,122,55,31,32,35,28,42,146,69,33,165,110,52,33,102,84,156,75,46,31,29,171,134,113,36,21,25,32,20,142,36,31,32,73,54,29,42,157,128,74,95,128,16,152,13,116,102,73,19,18,68,66,44,18,27,169,144,105,65,8,135,129,23,61,146,123,78,31,18,19,140,63,18,42,130,96,19,12,1,0,45,27,67,47,35,12,9,142,99,10,5,155,99,13,150,129,11,5,93,170,103,74,57,10,80,49,136,68,52,20,48,166,162,65,13,149,132,90,29,13,54,158,155,141,108,72,23,166,142,117,107,100,16,57,30,22,20,19,156,105,31,137,82,76,24,22,162,120,39,150,147,146,168,107,78,67,120,44,27,35,104,29,29,29
71,84,84,118,113,89,81,70,137,125,79,75,81,66,85,99,125,118,87,67,69,71,70,99,93,125,108,128,91,62,61,91,78,62,100,77,62,89,77,62,56,86,56,93,60,58,75,136,81,65,87,132,91,98,63,57,60,135,110,123,117,69,76,75,59,50,48,65,77,68,53,48,60,108,46,57,76,104,44,61,64,70,114,78,43,121,76,83,76,49,70,102,74,67,67,41,37,76,75,38,36,36,64,35,49,52,112,45,40,50,110,80,42,82,79,30,63,66,72,58,31,103,32,35,121,67,25,72,59,43,111,35,24,33,68,127,90,70,27,52,63,72,46,98,24,73,74,32,20,71,19,112,84,32,52,83,40,107,49,71,57,30,33,60,25,23,10,62,71,124,99,61,22,50,90,84,24,17,101,78,33,15,63,64,95,18,27,4,85,51,26,33,45,45,0,72,22,2,10,33,36,97,54,35,41,110,54,57,105,84,35,44,48,125,58,30,13,52,36,8,91,23,11,63,10,121,118,22,41,104,87,46,22,46,15,113,110,96,64,29,30,121,97,73,63,56,45,19,27,37,41,55,111,61,71,93,40,34,39,43,117,76,26,106,103,102,123,64,38,29,77,28,52,72,61,45,59,60
107,75,74,182,175,146,134,89,202,190,132,125,72,102,68,66,190,183,145,85,81,78,78,162,63,190,172,195,152,101,93,153,136,107,164,135,108,59,135,74,96,56,83,158,112,74,58,204,143,122,53,200,156,164,120,110,65,203,177,191,185,130,51,139,117,98,82,56,49,130,108,80,57,176,94,58,46,172,81,53,51,48,183,144,86,190,141,150,142,62,135,171,141,43,43,96,83,144,143,91,85,82,130,83,52,49,182,108,60,50,180,149,105,151,148,80,34,33,31,36,65,173,95,55,192,136,77,25,128,111,182,102,71,54,24,198,161,140,60,33,26,22,37,169,61,20,20,100,80,19,67,184,155,100,122,155,38,179,29,143,129,100,44,18,95,93,71,15,10,196,171,132,92,24,162,156,49,88,173,150,105,58,10,9,167,90,45,69,157,123,46,39,27,27,72,0,94,74,62,39,36,169,126,37,31,182,126,15,177,156,37,28,120,197,130,101,84,21,107,75,163,94,79,13,75,193,189,92,34,175,158,117,54,30,80,185,182,168,135,98,47,193,169,144,134,127,34,83,54,43,39,26,183,131,18,164,109,102,44,39,188,147,62,177,174,173,194,133,104,92,146,67,37,26,130,45,33,32
73,98,99,102,97,78,72,78,118,108,71,69,96,69,101,117,108,101,75,77,80,83,82,84,111,107,91,110,77,64,66,77,67,61,84,66,60,107,65,75,59,104,64,77,55,70,92,116,67,56,106,112,75,81,54,52,75,115,92,104,98,56,94,61,51,50,56,82,96,55,48,56,76,89,48,73,95,85,52,78,82,88,95,62,48,101,59,65,59,64,54,82,57,86,87,38,43,58,57,38,41,42,48,41,67,70,92,36,56,68,89,61,33,62,60,37,83,87,92,78,45,82,27,53,99,48,33,94,41,29,90,25,36,51,89,106,69,50,44,73,84,94,67,77,42,94,95,20,26,92,35,91,63,19,32,62,61,85,71,50,37,15,54,82,12,12,26,84,93,102,78,39,9,72,68,63,46,9,79,56,13,36,85,86,73,6,49,25,63,29,48,55,67,67,22,94,0,20,32,55,58,75,32,57,63,88,32,79,83,62,57,66,26,103,36,9,11,74,14,20,69,7,18,84,22,100,96,10,63,82,65,25,42,67,19,91,88,74,42,13,51,99,75,51,41,35,66,21,46,57,61,76,90,40,93,71,22,19,58,63,95,55,42,84,81,80,102,44,24,24,56,41,72,92,42,64,79,80
72,86,86,117,112,89,81,71,135,124,79,75,83,67,87,101,124,117,87,69,71,73,72,99,96,123,107,127,90,62,62,91,78,63,99,76,62,91,76,64,57,88,57,92,60,60,77,134,80,65,89,130,90,97,63,57,62,133,109,122,115,68,78,74,59,50,49,67,79,67,53,49,62,106,47,59,78,102,45,63,66,72,113,77,44,119,75,82,75,50,69,100,73,69,70,41,38,75,74,38,37,37,62,36,51,54,111,45,42,52,108,79,41,80,77,31,65,68,74,60,33,101,32,37,119,65,26,75,58,42,110,35,25,35,70,125,88,68,29,54,65,75,48,96,26,75,76,31,20,73,21,110,82,31,50,82,42,105,51,69,56,29,35,63,23,22,12,64,73,122,98,59,20,52,88,82,26,16,99,76,32,17,65,66,93,17,29,6,83,49,28,35,47,47,2,74,20,0,12,35,38,95,52,37,43,108,52,59,103,82,37,46,46,123,56,27,11,54,34,6,89,21,9,64,9,119,115,20,43,102,85,43,24,47,13,111,108,94,61,26,32,119,95,70,61,54,46,17,28,38,42,56,109,59,73,91,38,32,40,44,115,74,26,103,100,99,121,61,35,27,74,28,53,73,59,46,61,62
74,80,80,127,121,97,88,69,146,134,86,81,77,69,80,93,134,127,95,66,67,69,67,108,87,134,117,138,99,65,63,100,86,66,109,84,67,83,84,60,59,79,56,102,66,56,69,145,89,72,80,141,100,107,70,63,56,144,119,133,126,77,69,84,67,54,49,60,70,76,59,48,55,117,50,52,69,113,45,55,58,63,124,87,46,130,85,92,85,45,79,111,83,59,60,47,40,85,85,43,40,39,73,38,43,46,122,53,37,44,120,90,50,91,89,33,55,58,63,50,29,113,40,30,131,77,28,64,69,52,121,44,25,27,59,137,100,79,24,44,54,63,38,108,21,64,65,41,26,61,19,122,94,41,61,93,31,117,40,81,67,40,24,51,34,32,14,52,61,134,109,71,31,40,100,94,15,27,111,88,43,7,53,54,105,28,18,8,95,61,16,23,35,35,10,62,32,12,0,23,26,107,64,25,31,120,64,47,115,94,25,34,58,135,68,39,23,42,45,14,101,33,18,53,15,131,127,31,32,114,97,55,14,36,21,123,120,106,73,37,21,131,107,82,72,66,35,25,19,28,31,45,121,70,61,103,48,42,30,34,127,86,21,115,112,111,133,73,45,35,86,25,43,62,70,37,50,51
83,72,72,147,141,114,103,71,167,155,101,95,69,78,70,79,155,148,112,68,67,66,65,127,73,154,136,159,118,74,69,119,103,78,129,102,79,69,102,59,69,65,61,122,81,56,58,167,108,89,65,163,120,128,87,79,52,166,141,154,148,95,56,103,84,67,56,50,56,95,75,55,47,139,63,46,54,135,54,46,47,50,146,107,56,152,105,113,106,43,99,133,104,45,46,63,52,107,106,58,53,51,93,51,36,36,144,72,37,35,142,112,69,113,110,47,38,40,45,34,35,135,59,28,153,98,43,44,91,73,144,65,37,26,39,160,122,102,29,27,35,43,23,131,28,43,43,62,44,40,32,145,116,63,84,116,16,140,21,104,90,62,14,30,56,54,33,30,39,157,132,93,54,18,123,117,13,49,134,111,66,20,31,32,128,51,8,30,118,84,8,3,12,12,33,39,55,35,23,0,3,130,87,2,8,143,87,24,138,117,4,11,81,158,91,62,45,20,68,36,124,55,40,30,36,154,150,53,12,136,120,78,18,16,42,146,143,129,96,59,14,154,130,105,95,88,17,45,20,16,16,25,144,93,40,125,70,64,19,20,149,108,28,138,135,134,156,95,66,55,108,34,28,42,92,26,33,33
84,72,72,149,143,116,106,72,169,157,103,98,69,79,69,77,157,150,115,68,67,66,65,130,72,157,139,161,120,76,71,121,105,80,131,104,81,68,104,59,71,64,62,125,83,57,57,170,111,92,63,166,123,131,90,81,52,169,143,157,151,98,55,106,86,69,58,50,55,98,78,56,47,142,65,46,52,138,55,45,46,48,149,110,58,155,108,116,108,43,102,136,107,44,44,65,54,109,109,61,55,53,96,53,36,36,147,75,38,35,145,115,72,116,113,49,36,39,42,33,37,138,61,30,156,101,45,41,93,76,147,67,39,27,37,163,125,105,30,25,33,40,23,134,30,40,41,65,47,38,35,148,119,66,87,119,16,143,19,107,93,65,15,27,59,57,36,27,36,160,135,96,57,16,126,120,15,52,137,114,69,23,28,29,131,54,10,33,121,87,10,4,9,9,36,36,58,38,26,3,0,133,90,1,5,146,90,21,141,120,3,9,84,161,94,65,48,17,71,39,127,58,43,27,39,157,153,56,11,139,122,81,20,14,45,149,146,132,99,62,16,157,133,108,98,91,15,48,22,16,16,23,147,96,37,128,73,66,19,19,152,111,30,141,138,137,159,98,69,58,111,36,27,40,95,26,31,32
115,160,161,71,71,81,88,132,72,70,88,93,159,114,166,184,68,67,78,133,138,143,141,68,178,65,65,65,70,109,117,68,78,102,63,78,99,175,76,136,108,172,121,60,90,132,159,62,66,81,175,59,58,55,80,89,139,59,52,53,52,71,163,63,80,98,114,150,165,69,87,115,143,47,99,140,165,46,111,146,150,158,46,55,105,47,56,50,54,130,58,41,53,156,157,89,103,48,49,93,100,102,57,101,136,140,37,76,124,138,35,40,76,38,40,100,155,159,165,150,114,29,83,124,34,44,100,167,50,66,28,74,105,123,163,37,26,39,116,146,158,168,140,22,113,168,169,74,93,166,106,24,24,73,51,23,135,18,145,31,44,72,128,157,76,78,100,158,167,29,11,38,78,146,11,16,120,81,8,20,64,111,160,161,6,79,124,100,13,46,123,130,142,142,97,169,75,95,107,130,133,0,43,132,138,13,43,154,8,13,132,141,49,28,39,68,85,149,62,94,8,75,91,159,95,26,22,79,137,12,15,54,116,141,91,19,17,12,37,73,125,26,13,29,38,45,140,89,119,131,135,150,21,42,167,18,64,71,131,136,26,31,113,22,21,21,33,44,71,83,35,110,144,166,49,135,152,153
86,123,124,82,79,71,71,98,95,86,70,72,121,83,128,145,85,81,67,98,103,107,105,69,139,84,72,86,64,78,84,64,62,73,67,61,70,136,60,99,75,132,86,60,63,94,120,90,55,57,135,86,58,61,56,60,101,88,68,78,73,51,123,50,53,65,77,110,124,49,57,78,104,64,64,101,124,61,74,106,110,117,69,46,69,74,45,47,44,91,42,57,42,116,116,54,65,40,40,57,62,64,37,63,95,99,64,43,84,97,61,39,42,39,37,61,114,117,123,109,73,54,45,83,69,28,59,125,26,32,60,37,64,81,121,75,41,27,74,104,116,125,98,47,71,126,127,35,52,124,64,60,34,33,19,33,93,54,102,22,15,31,85,114,35,36,57,116,125,71,46,12,35,103,37,31,78,39,48,25,22,68,117,118,41,36,81,57,31,5,80,87,99,99,54,126,32,52,64,87,90,43,0,89,95,56,1,111,51,30,89,98,7,71,6,25,42,106,20,51,37,33,49,116,53,68,64,36,94,50,34,14,74,99,48,59,56,43,14,31,82,67,44,21,15,13,97,47,76,88,92,107,58,16,124,41,25,31,89,94,64,28,71,53,51,50,71,23,33,43,30,68,102,123,25,93,110,111
85,73,73,149,143,116,106,73,169,157,103,98,70,79,71,78,157,150,115,69,68,67,66,129,73,157,139,161,120,76,71,121,105,80,131,104,81,69,104,60,71,65,62,124,83,57,59,169,111,91,65,165,123,130,89,81,53,168,143,157,150,97,56,106,86,69,58,51,56,97,77,56,48,141,65,47,54,137,55,47,47,50,148,110,58,154,107,115,108,44,101,135,106,45,46,65,54,109,108,60,55,53,95,53,37,37,146,74,38,36,144,114,71,116,113,49,38,40,44,34,37,137,61,30,155,101,45,43,93,76,146,67,39,28,38,162,124,104,31,27,34,42,24,133,30,41,42,65,46,39,34,147,119,65,86,118,17,142,20,106,92,64,16,28,58,57,35,29,37,159,134,96,56,17,125,119,15,52,136,113,68,22,29,30,130,53,10,32,120,86,10,4,11,10,35,37,57,37,25,2,1,132,89,0,6,145,89,22,140,119,2,9,83,160,93,64,47,17,70,38,126,57,42,28,38,156,152,55,10,138,121,80,19,13,43,147,144,131,98,61,14,156,132,107,97,90,15,46,21,15,15,23,146,94,38,127,72,65,18,18,151,110,29,140,137,136,158,97,68,56,110,35,26,40,93,25,31,31
88,72,72,154,148,121,110,75,174,162,108,102,69,83,69,76,162,155,120,71,69,68,67,135,71,162,144,166,125,80,74,126,110,84,136,109,86,66,109,61,75,63,65,130,87,59,57,175,116,96,62,171,128,136,94,85,54,174,148,162,156,103,54,111,91,74,62,50,53,102,82,60,48,147,69,47,51,143,59,46,46,48,154,115,62,160,113,121,113,46,107,141,112,43,43,70,58,114,114,65,60,57,101,57,38,37,152,80,41,36,150,120,76,121,118,54,35,37,40,32,41,143,66,33,161,106,50,38,98,81,152,72,44,31,34,168,130,110,35,25,30,37,23,139,35,36,37,70,51,34,39,153,124,71,92,124,17,148,17,112,98,70,19,23,64,62,41,23,31,165,140,101,62,13,131,125,20,58,142,119,74,28,23,24,136,59,15,38,126,92,16,9,6,5,41,31,63,43,31,8,5,138,95,6,0,151,95,16,146,125,6,4,89,166,99,70,53,12,76,44,132,63,48,22,44,162,158,61,9,144,127,86,24,10,49,153,150,137,104,67,18,162,138,113,103,96,13,52,25,17,16,19,152,100,32,133,78,71,20,18,157,116,34,146,143,142,163,102,73,62,116,39,24,35,99,25,28,28
126,172,173,73,75,89,97,144,71,70,98,103,171,125,178,197,68,69,86,145,150,155,153,74,191,65,69,64,77,120,129,75,87,113,68,87,110,188,86,148,120,185,133,66,102,144,172,58,74,91,188,56,65,60,91,100,152,55,54,52,52,81,176,73,91,110,126,162,177,79,99,127,156,49,111,153,178,50,123,159,163,171,46,64,117,45,65,58,64,143,68,45,63,169,170,101,115,58,59,105,112,115,69,114,149,153,37,88,137,151,35,50,89,47,50,113,168,172,178,163,127,32,96,137,29,56,113,180,62,79,26,87,118,136,176,29,34,51,128,159,171,181,153,27,126,181,182,87,106,179,119,20,34,85,64,33,148,17,158,43,56,85,141,170,89,91,113,171,180,18,16,51,91,159,22,28,133,94,12,33,77,124,173,174,17,92,137,113,25,59,136,143,155,155,110,182,88,108,120,143,146,13,56,145,151,0,56,167,5,26,145,154,62,15,52,81,98,162,75,107,20,88,104,172,108,14,11,91,150,11,26,67,129,154,103,11,11,19,49,86,137,16,18,41,50,57,152,102,132,144,148,163,15,54,180,25,77,84,144,149,19,42,125,21,22,23,24,55,84,95,44,122,157,178,60,148,165,166
87,124,125,83,80,72,72,99,96,87,71,73,122,84,128,145,86,82,68,99,103,107,106,70,140,85,73,87,65,79,85,65,63,74,68,62,71,136,61,99,76,133,86,61,64,95,120,90,56,58,135,87,59,62,57,61,102,89,69,79,74,52,123,51,54,65,78,110,125,50,58,79,104,65,65,101,125,62,75,107,110,118,69,47,69,74,46,48,45,91,43,58,43,116,117,54,66,41,41,57,63,65,38,64,96,100,65,44,85,97,62,39,43,40,38,62,114,118,123,109,74,54,45,83,70,29,60,125,27,32,61,37,64,81,121,75,41,28,74,104,116,126,98,48,72,126,127,36,53,124,65,60,34,34,20,33,93,55,102,23,16,31,86,114,35,37,57,116,125,71,47,13,36,104,37,32,78,39,48,25,22,68,117,118,42,37,81,57,31,6,80,87,99,99,54,126,32,52,64,87,90,43,1,89,95,56,0,111,51,30,89,98,6,71,5,25,42,106,19,51,37,32,48,116,52,67,64,36,94,50,33,13,74,98,48,59,56,42,14,31,82,67,44,21,14,12,97,47,76,88,92,107,58,16,124,40,25,31,89,94,64,27,71,53,50,49,70,22,33,43,29,68,102,123,24,93,110,111
98,74,74,169,163,135,123,82,189,177,121,115,71,93,69,71,178,170,134,78,76,74,73,149,67,177,159,182,140,91,84,141,124,96,151,123,98,63,123,68,86,60,75,145,101,67,57,190,131,110,57,186,143,151,108,99,60,190,164,178,171,117,52,126,105,87,73,53,51,117,96,71,53,162,82,53,48,158,71,49,48,47,169,130,75,176,128,136,129,54,122,157,127,42,42,84,71,130,129,79,73,71,116,71,44,42,168,95,51,43,166,135,92,137,134,68,33,33,34,33,54,159,81,44,177,122,64,30,114,97,168,88,58,43,27,184,146,126,48,27,25,28,29,155,49,26,27,86,67,25,54,169,140,86,108,140,27,164,20,128,114,86,31,16,80,78,57,14,18,181,156,118,78,14,147,141,35,74,158,135,90,44,10,11,152,75,31,54,142,108,31,25,13,13,57,15,79,59,47,24,21,154,111,22,16,167,111,0,162,141,22,13,105,182,115,86,69,6,92,60,148,79,63,8,59,178,174,76,19,160,143,101,39,16,65,169,166,152,120,83,32,177,153,129,119,112,19,67,39,28,24,15,168,116,19,149,93,86,29,25,173,131,47,161,158,157,179,118,89,77,131,52,26,25,115,32,24,24
123,168,169,74,75,87,94,140,72,71,95,100,167,121,174,192,69,69,83,141,146,151,149,73,186,66,68,65,75,117,125,73,84,110,67,84,107,183,83,144,116,180,129,65,98,140,167,60,72,88,183,58,64,59,87,96,148,58,54,54,53,78,171,70,87,106,122,158,173,76,95,123,151,49,107,148,173,49,119,155,158,166,47,62,113,47,62,56,61,139,65,44,60,165,166,97,111,55,56,101,108,110,65,109,144,148,38,84,133,146,36,47,85,45,47,108,164,167,173,158,122,32,91,132,32,52,108,175,58,74,27,83,113,131,171,33,32,47,124,154,166,176,148,26,121,177,178,82,102,175,114,22,31,81,59,30,143,18,153,39,52,80,136,165,84,86,108,167,176,23,14,47,86,154,19,24,128,90,10,28,73,119,168,169,13,87,132,108,21,54,131,138,150,150,105,177,83,103,115,138,141,8,51,140,146,5,51,162,0,21,140,149,57,20,47,76,93,157,70,102,15,83,99,167,103,17,14,86,145,8,21,62,124,149,98,12,11,14,44,81,132,19,14,36,45,52,147,97,127,139,143,158,15,49,175,21,72,78,139,144,20,37,120,19,20,20,26,50,79,90,40,117,152,173,55,143,160,161
107,150,150,74,73,78,82,122,79,74,82,87,148,105,155,173,73,71,74,123,128,132,131,67,167,70,66,71,67,100,108,66,72,93,63,72,91,164,71,125,98,161,111,59,82,121,148,70,61,73,163,67,57,55,72,80,128,68,56,60,57,64,152,58,71,88,103,138,153,62,78,104,132,51,89,129,153,49,100,135,139,146,52,51,95,54,51,47,49,119,52,44,48,145,145,79,92,43,44,82,89,91,50,90,124,128,44,66,113,126,42,36,66,35,36,89,143,147,153,138,102,34,72,112,45,36,88,155,41,56,37,63,93,110,150,49,26,32,103,134,145,155,127,27,101,156,157,62,81,154,94,34,21,61,40,19,122,28,132,22,33,59,115,144,64,66,87,146,155,42,20,27,65,134,13,11,108,69,19,11,52,98,147,148,14,66,111,87,6,34,110,117,129,129,84,156,62,82,94,117,120,13,30,119,125,26,30,141,21,0,119,128,36,41,26,55,72,136,49,81,8,62,78,146,82,38,34,65,124,21,8,41,103,128,78,30,27,15,24,60,111,38,16,17,25,32,126,76,106,118,122,137,30,30,154,17,51,58,118,123,35,21,100,27,25,24,42,32,59,70,25,97,131,153,37,122,139,140
86,75,75,150,144,117,107,75,170,158,105,99,72,81,73,80,158,151,116,71,70,69,68,131,75,157,140,162,121,78,73,122,106,82,132,105,83,71,105,62,73,67,64,125,84,59,60,170,112,93,66,166,123,131,91,82,55,169,144,157,151,98,58,107,87,71,60,53,58,98,79,58,50,142,67,49,55,138,57,49,49,52,149,110,60,155,108,116,109,46,102,136,107,47,47,66,55,110,109,62,57,54,96,54,39,39,147,75,40,38,145,114,72,116,113,50,39,42,45,36,39,138,62,32,156,101,46,44,93,76,147,68,40,30,40,162,125,104,32,29,35,43,26,133,32,42,43,65,47,40,36,148,119,65,86,119,19,142,22,106,93,64,18,29,59,57,36,30,38,160,135,96,56,18,125,120,16,52,136,113,69,23,29,30,130,54,11,33,120,86,11,6,12,11,35,37,57,37,25,4,3,132,89,2,6,145,89,22,140,119,0,9,83,160,93,64,47,17,70,38,126,57,41,27,37,156,152,54,9,138,121,79,18,12,43,147,144,130,98,61,13,155,131,107,97,90,13,46,19,13,13,21,146,94,37,127,72,65,16,16,151,109,28,139,136,135,157,96,67,56,109,33,24,39,93,23,29,30
91,74,74,158,152,125,114,78,178,166,112,105,71,86,71,76,166,159,123,74,72,71,70,138,72,166,148,170,129,83,77,130,114,88,140,112,89,67,113,64,78,64,68,133,91,62,59,178,119,100,62,174,132,139,98,89,56,177,152,166,159,106,55,114,95,77,65,52,54,106,86,63,50,150,73,50,52,146,62,48,48,49,157,119,66,164,116,124,117,48,110,145,115,44,44,73,62,118,117,69,63,61,105,61,40,39,156,83,44,39,153,123,80,125,122,57,36,37,40,34,45,146,70,36,165,110,54,38,102,85,155,76,47,34,34,171,134,113,38,26,30,36,25,142,38,35,36,74,55,33,43,156,128,74,95,127,20,151,18,115,101,73,22,23,68,66,44,22,30,169,144,105,65,13,134,128,24,61,145,122,78,31,21,22,139,63,19,42,129,95,19,13,6,5,44,28,66,46,34,11,9,141,98,9,4,154,98,13,149,128,9,0,92,169,102,73,56,8,79,47,135,66,50,19,46,165,161,63,8,147,130,88,26,8,52,156,153,139,106,70,20,164,140,116,106,99,11,55,26,17,15,15,155,103,29,136,80,74,19,17,160,118,35,148,145,144,166,105,76,64,118,40,22,32,102,24,25,25
86,120,121,88,85,75,73,96,101,92,72,73,118,82,124,141,92,87,71,96,100,104,103,74,135,90,78,93,69,77,83,68,65,72,72,64,70,132,63,96,74,128,83,65,63,92,116,96,59,59,131,93,63,67,57,60,98,95,74,85,79,54,119,54,55,64,75,106,120,52,57,76,100,71,63,97,120,67,71,102,106,113,75,51,66,80,49,52,49,87,46,64,46,111,112,52,62,45,45,55,59,62,40,60,91,95,71,43,80,93,68,44,41,45,43,58,109,113,118,104,69,60,42,78,76,33,56,120,30,31,67,35,60,76,115,82,47,32,69,99,110,120,93,54,67,121,122,33,48,118,60,67,40,30,21,39,87,61,97,28,20,28,80,109,31,32,52,110,119,77,53,18,31,98,44,38,72,34,54,32,18,63,111,112,48,31,76,52,38,8,74,81,93,93,48,120,26,46,58,81,84,49,7,83,89,62,6,105,57,36,83,92,0,77,10,19,36,100,13,45,43,26,42,110,46,73,69,30,88,55,39,8,67,92,42,65,62,48,17,25,76,73,49,25,16,12,91,41,70,82,86,101,63,16,118,45,19,24,82,87,69,30,64,58,55,54,75,22,27,36,32,62,95,117,23,87,103,104
140,187,188,80,83,101,110,158,73,75,111,117,186,139,193,212,73,76,98,160,165,170,168,84,206,70,77,68,89,135,144,87,100,127,78,100,124,203,99,163,134,200,148,77,116,159,187,59,87,105,203,58,77,70,105,114,167,56,62,56,58,95,191,86,105,124,141,177,193,93,113,142,171,58,126,168,193,59,138,174,178,186,53,77,132,49,78,71,77,158,82,55,77,185,186,116,130,72,72,121,127,130,83,129,164,168,44,103,152,166,43,63,104,61,63,128,184,187,193,178,142,42,111,152,32,70,128,195,77,94,33,102,133,151,191,28,47,65,144,174,186,196,168,39,141,197,198,102,122,195,134,27,49,101,79,48,163,28,173,58,72,100,156,185,104,106,128,187,196,15,30,66,106,175,37,43,149,110,26,48,93,139,188,189,32,107,152,128,41,74,151,158,170,170,125,197,103,123,135,158,161,28,71,160,166,15,71,182,20,41,160,169,77,0,67,96,113,177,90,122,34,103,119,187,123,6,9,106,165,23,39,81,144,169,118,15,18,31,64,100,152,10,30,55,65,72,167,117,146,158,162,177,19,68,194,36,91,98,159,164,18,54,140,28,30,31,18,68,98,109,57,136,171,193,73,162,179,180
92,129,130,84,81,75,75,104,95,87,75,77,127,89,133,150,86,82,71,104,108,112,111,72,145,84,74,87,68,84,90,67,66,78,69,66,76,141,64,104,81,138,91,63,68,100,125,89,59,62,140,86,60,63,61,65,107,87,69,78,73,56,128,54,59,70,83,115,130,54,62,84,109,65,70,106,129,62,80,112,115,123,69,49,74,73,48,49,47,96,46,58,45,121,122,59,71,43,43,62,68,70,41,69,101,104,63,49,89,102,60,40,48,40,39,67,119,122,128,114,79,53,50,88,68,31,65,130,30,37,59,42,69,86,125,73,40,29,79,109,120,130,103,46,77,131,132,41,58,128,69,58,33,39,24,32,97,52,107,22,19,36,90,119,40,42,62,120,129,68,44,14,40,108,35,29,82,44,44,23,27,73,121,122,38,41,86,62,28,11,84,91,103,103,58,130,36,56,68,91,94,39,6,93,99,52,5,115,47,26,93,102,10,67,0,29,46,110,23,55,33,36,52,120,56,63,59,39,98,45,29,15,77,102,51,55,52,38,9,34,85,63,39,16,9,10,100,50,80,92,96,111,53,12,128,35,26,33,92,97,59,22,74,48,45,44,66,18,34,45,24,71,105,127,21,96,113,114
80,107,107,101,96,80,76,86,116,106,74,73,105,76,110,126,105,100,77,85,89,92,90,84,120,104,90,107,77,70,74,77,69,67,83,68,66,116,67,83,66,113,72,76,60,79,101,113,67,60,114,109,74,79,58,57,83,111,89,100,95,58,103,61,54,56,64,91,104,57,53,64,85,86,54,82,103,82,60,87,90,97,91,61,56,97,59,64,59,72,54,79,56,94,95,45,51,57,56,45,48,50,48,49,75,79,88,40,65,76,85,58,37,59,57,45,91,95,101,86,54,77,34,62,94,45,42,102,39,31,85,29,45,60,97,100,64,46,53,81,92,102,75,72,50,102,103,25,34,100,43,85,58,23,30,57,69,80,79,45,33,19,62,90,18,19,35,91,100,96,72,34,17,79,62,57,54,18,73,50,12,44,93,94,67,15,57,33,57,23,56,63,74,74,30,101,9,27,39,62,65,68,25,64,70,81,25,86,76,55,64,73,19,96,29,0,17,81,6,26,62,7,23,91,27,92,88,11,69,74,57,16,48,73,23,83,80,66,34,9,57,91,68,43,33,27,72,23,51,63,67,82,82,31,99,63,14,13,64,68,87,47,46,76,73,72,94,35,18,22,47,44,77,98,33,68,85,86
77,96,96,113,107,87,81,79,130,119,79,76,93,72,98,112,119,112,85,77,80,82,81,95,106,118,102,121,87,67,68,87,76,66,95,75,65,102,74,73,62,99,65,88,62,69,88,127,77,64,100,123,86,92,62,59,72,126,103,115,109,66,89,71,59,54,57,78,90,65,55,56,72,100,51,69,89,96,52,74,77,83,106,72,50,112,70,76,70,60,64,94,68,80,81,43,44,69,68,42,43,43,58,42,62,65,103,44,52,62,100,72,40,73,71,37,76,80,85,71,42,93,33,48,110,59,33,86,52,38,101,33,34,45,81,116,80,61,40,65,76,86,59,88,37,86,87,29,26,84,31,102,74,27,43,73,53,96,62,61,48,24,46,73,20,19,21,75,84,113,88,50,16,63,79,73,37,13,90,67,24,28,76,77,84,12,40,17,73,40,39,46,58,57,13,84,11,11,23,45,48,85,42,47,53,98,42,69,93,72,47,56,36,113,46,17,0,64,23,9,79,10,7,74,11,109,105,9,52,91,74,33,32,56,9,100,97,83,51,15,40,108,84,60,50,43,55,11,35,46,50,65,99,48,82,80,26,21,47,52,104,63,31,93,90,89,110,50,25,19,63,30,60,81,48,52,68,69
98,76,76,166,160,132,121,83,186,174,119,113,73,92,72,75,174,167,131,79,76,75,74,146,71,174,156,178,137,90,84,138,121,95,148,120,96,67,120,69,85,63,74,141,98,67,60,187,127,108,61,182,140,147,106,97,60,186,160,174,167,114,55,123,102,85,72,55,55,114,93,70,54,158,80,54,52,154,69,51,50,50,165,127,73,172,125,133,125,54,118,153,123,45,45,81,69,126,125,77,71,68,113,69,45,43,164,91,50,43,162,131,88,133,130,65,36,37,38,35,52,155,78,43,173,118,61,35,110,93,164,84,55,41,31,179,142,121,46,28,29,33,29,150,46,32,32,82,63,30,51,165,136,82,103,136,26,159,21,123,110,81,29,20,76,74,52,18,24,177,152,113,73,14,143,137,32,69,153,130,86,40,16,16,147,71,27,50,137,103,27,21,11,10,52,21,74,54,42,20,17,149,106,17,12,162,106,6,157,136,17,8,100,177,110,81,64,0,87,55,143,74,58,10,54,173,169,71,13,155,138,96,34,10,59,164,161,147,114,77,26,172,148,123,113,106,13,62,33,22,19,11,162,111,21,144,88,81,24,20,168,126,41,156,153,152,174,112,83,71,126,47,21,25,109,26,21,21
83,112,112,97,93,79,76,90,112,103,74,74,110,79,115,131,102,96,76,89,93,96,95,82,125,100,87,103,75,73,77,75,69,70,80,67,68,121,67,88,69,118,77,73,62,83,106,108,65,60,120,104,71,76,58,59,89,107,85,96,90,57,109,60,55,59,68,96,110,56,55,68,90,82,58,87,109,78,64,92,96,103,87,58,60,92,56,61,56,78,52,75,54,100,101,48,55,54,53,49,52,54,46,53,81,84,83,41,70,82,80,54,39,55,53,50,97,101,107,92,59,72,37,68,89,42,47,108,36,31,80,31,50,65,103,95,60,42,59,87,98,108,81,67,56,108,109,28,39,106,49,80,53,25,27,52,75,74,85,40,29,22,68,96,22,23,41,97,106,90,66,29,21,85,57,51,60,23,67,45,12,50,99,100,61,20,63,39,51,18,62,69,81,80,36,107,14,34,45,68,71,62,20,70,76,75,19,92,70,49,70,79,13,90,23,6,23,87,0,32,56,13,29,97,33,86,82,16,75,68,51,10,54,79,29,77,74,60,28,12,62,85,62,37,27,21,77,28,57,69,73,88,76,25,105,57,12,14,69,74,81,41,51,70,67,66,88,29,18,25,42,49,82,104,28,74,90,91
78,91,92,120,115,93,85,77,138,127,84,80,89,73,93,106,126,120,91,75,77,79,77,102,100,126,109,129,93,68,68,94,82,68,102,80,68,96,80,70,63,93,63,95,65,66,82,136,83,69,94,132,93,100,67,62,68,135,111,123,117,72,83,78,64,56,56,72,84,71,58,55,67,108,52,64,82,104,51,68,71,76,114,80,50,120,77,84,78,56,72,102,76,73,74,46,44,77,76,44,43,43,65,42,56,59,112,49,48,57,109,81,45,82,79,37,69,72,77,64,38,102,37,43,119,67,32,78,60,45,110,38,31,40,73,125,89,69,35,58,68,78,52,97,32,78,79,35,26,76,27,111,83,34,51,82,46,105,54,70,57,31,39,65,26,25,18,66,75,122,97,59,23,54,88,82,30,18,99,76,32,21,67,68,93,19,32,12,82,49,30,37,49,49,8,75,20,6,14,36,39,94,51,38,44,107,51,60,102,81,38,47,45,122,55,26,9,55,32,0,88,19,4,65,3,118,114,16,43,100,83,41,23,47,7,109,106,92,59,23,31,117,93,68,59,52,46,12,26,37,41,56,108,56,73,89,34,28,38,43,113,72,23,101,98,97,119,59,31,22,72,23,52,73,56,44,59,60
115,158,159,77,77,84,89,130,80,76,90,94,156,113,163,181,75,73,80,131,136,140,139,72,175,72,70,72,73,108,116,71,79,101,68,79,98,172,78,133,106,169,119,64,90,129,156,70,68,81,171,67,62,59,80,88,136,67,58,61,59,71,160,65,79,96,111,146,161,69,86,112,140,53,97,137,161,52,108,143,147,154,53,57,103,55,57,53,56,127,59,47,55,152,153,87,100,50,51,90,97,99,57,98,132,136,45,74,121,134,42,43,74,41,42,97,151,155,161,146,110,36,80,120,43,44,96,162,49,64,36,71,101,118,158,45,30,39,111,141,153,163,135,28,109,163,164,70,89,161,101,32,27,69,48,25,130,27,140,30,41,67,123,151,72,73,95,153,162,37,19,35,73,141,15,17,115,76,16,18,59,106,155,156,13,74,119,95,12,41,117,124,136,136,91,163,69,89,101,124,127,8,37,126,132,20,37,148,15,8,126,135,43,34,33,62,79,143,56,88,0,69,85,153,89,30,26,72,131,13,6,47,110,135,84,22,19,7,30,66,118,30,9,21,31,38,133,82,112,124,128,143,21,34,160,11,57,64,125,130,27,23,106,19,17,17,34,36,64,76,26,103,137,159,41,128,145,146
80,103,104,107,102,85,79,85,123,113,78,76,101,76,106,121,112,106,81,83,86,89,88,90,115,111,96,114,82,70,73,83,74,68,89,72,67,111,72,80,66,108,71,82,62,76,97,120,72,63,110,116,80,86,61,59,80,118,96,107,102,63,98,67,57,57,62,87,99,61,55,62,81,93,54,78,98,89,58,82,86,92,98,67,55,104,65,70,65,69,59,86,62,89,90,45,49,63,62,45,47,48,53,47,71,74,95,43,61,72,92,65,39,66,64,43,86,89,95,81,50,85,34,57,102,52,39,96,45,35,92,31,41,55,91,107,72,53,48,75,86,96,69,79,46,96,97,27,31,94,39,92,65,25,36,64,63,87,72,52,40,22,56,84,19,19,30,85,94,103,79,41,16,73,70,64,47,15,80,57,17,38,86,87,74,13,50,27,64,31,49,56,68,68,23,94,7,21,33,55,58,75,33,57,63,88,32,79,83,62,57,66,26,103,36,7,10,74,13,19,69,0,16,84,20,99,95,4,62,81,64,22,41,66,16,90,87,73,40,7,49,98,74,49,40,33,64,16,44,56,60,75,89,37,92,70,17,13,56,61,94,53,39,82,79,78,100,40,17,17,53,37,69,91,38,61,77,78
80,95,95,119,114,93,86,80,136,126,84,81,92,75,96,110,125,119,90,78,80,82,81,101,104,124,108,128,93,70,70,93,82,70,101,80,69,100,80,73,65,96,66,94,66,69,86,134,83,70,97,130,92,98,68,63,71,133,109,122,116,72,86,77,64,57,58,76,87,71,59,57,70,107,54,68,86,103,54,72,74,80,113,79,52,119,76,83,77,59,71,100,75,77,78,47,46,76,75,45,45,45,64,44,59,62,110,49,51,60,107,79,46,80,78,39,72,76,81,68,42,100,37,46,117,66,34,81,58,45,108,38,34,43,77,123,87,68,38,61,72,81,56,95,35,81,82,34,28,79,30,108,80,33,50,80,49,103,58,68,55,30,42,69,26,24,21,70,78,119,95,57,22,58,86,80,33,18,96,73,30,24,70,71,90,18,35,15,80,46,34,41,52,52,11,79,18,9,18,40,43,91,49,42,48,104,48,63,99,78,41,50,42,119,52,23,7,58,29,4,85,16,0,68,4,115,111,13,46,97,80,38,25,50,4,106,103,89,56,20,33,114,90,65,55,48,48,9,28,40,44,59,104,53,76,86,31,24,41,45,110,68,24,98,95,94,116,55,27,19,68,23,54,75,52,46,62,63
106,81,80,176,170,142,131,90,196,184,129,122,78,101,75,76,184,177,141,86,83,81,81,157,72,184,166,188,147,99,92,148,132,104,158,130,106,68,131,76,94,65,82,152,108,75,64,197,138,118,62,193,150,158,116,107,67,196,171,184,178,124,58,133,113,94,81,60,57,124,103,78,60,169,90,60,54,165,79,57,55,54,176,137,82,182,135,143,136,62,129,163,134,49,49,91,79,137,136,87,81,78,123,78,52,50,174,102,59,50,172,142,98,143,141,75,40,39,39,40,61,165,88,52,183,129,72,35,121,103,174,95,65,50,32,190,152,132,55,34,31,32,37,161,56,30,30,92,74,29,61,175,146,93,114,146,35,170,27,134,120,92,39,22,86,84,63,19,21,187,162,123,84,21,153,147,42,79,164,141,96,50,14,14,158,81,37,60,147,114,38,31,20,20,63,13,84,64,53,30,27,159,116,28,22,172,116,8,167,146,27,19,110,187,120,91,74,10,97,65,153,84,68,0,64,183,179,81,22,165,148,106,43,18,69,174,171,157,124,87,35,182,158,133,123,116,21,71,42,30,26,13,172,120,11,153,98,91,31,26,177,136,50,166,163,162,184,122,92,80,135,55,24,18,118,32,20,20
81,93,94,123,118,96,89,80,140,129,87,83,91,76,94,107,129,123,94,78,79,81,80,105,102,128,112,132,96,71,71,97,85,71,105,83,71,98,83,72,66,94,66,98,68,68,84,138,86,73,95,134,96,102,70,66,70,137,113,126,120,75,84,81,67,59,58,74,85,74,61,58,69,111,56,66,84,107,54,70,72,78,117,82,53,123,80,87,80,58,74,104,78,74,75,49,47,80,79,47,46,46,68,45,58,60,114,52,50,58,111,83,49,84,81,40,70,73,78,65,41,104,40,44,121,69,35,78,62,48,112,41,34,41,74,127,91,72,37,59,69,78,53,99,34,78,79,38,29,76,29,112,84,37,54,84,46,107,55,72,59,34,39,65,29,28,20,66,75,123,99,61,25,54,90,84,30,21,100,77,34,22,67,68,94,21,32,14,84,50,30,37,49,48,10,75,22,9,15,36,39,95,53,38,44,108,52,59,103,82,37,46,46,123,56,27,11,54,33,3,89,20,4,64,0,119,115,17,42,101,84,42,21,46,6,110,107,93,60,23,29,118,94,69,59,52,44,10,24,36,40,54,108,57,71,89,34,28,36,41,114,72,20,102,99,98,120,59,30,21,72,20,50,71,56,42,58,59
140,186,187,84,86,102,110,157,78,79,111,117,184,138,191,210,77,79,99,158,164,168,167,86,204,74,80,72,90,134,143,88,100,127,81,100,124,201,99,161,133,198,147,79,115,157,185,64,88,105,200,63,78,72,104,113,165,61,65,61,62,94,189,86,104,123,139,175,190,92,112,141,169,61,124,166,190,61,137,172,176,183,56,78,131,54,79,71,77,156,82,57,77,182,183,115,128,72,72,119,125,128,82,127,162,166,47,102,150,163,46,63,102,61,63,126,181,185,190,176,140,44,109,150,36,69,125,192,76,92,36,100,131,148,188,33,47,64,141,171,183,193,165,40,139,193,194,100,119,191,131,30,48,98,77,47,160,29,170,56,69,97,153,182,101,103,125,183,192,20,30,64,103,171,36,41,145,106,26,46,89,136,185,186,30,104,149,125,38,71,148,155,167,166,121,193,100,119,131,154,157,26,68,156,162,14,67,178,17,38,156,165,73,6,63,92,109,173,86,118,30,99,115,183,119,0,4,102,161,18,35,77,140,165,114,9,12,26,59,96,148,4,25,50,60,67,163,112,142,154,158,173,13,63,190,31,86,93,154,159,12,49,135,22,24,25,13,63,93,105,51,132,167,189,68,158,175,176
136,182,183,83,85,100,108,154,78,79,108,114,181,135,188,206,77,78,96,155,160,165,163,84,200,74,79,72,88,131,139,86,98,123,79,98,120,197,96,157,130,194,143,77,112,153,181,64,85,102,197,63,76,70,101,110,161,62,64,60,61,91,185,83,101,120,136,171,187,89,109,137,165,59,121,162,187,60,133,168,172,180,55,75,127,53,76,69,74,152,79,55,74,178,179,111,125,69,69,115,121,124,79,123,158,162,46,98,146,159,45,60,98,58,60,122,177,181,187,172,136,42,105,146,36,66,121,188,72,88,35,96,127,144,184,34,45,61,137,167,179,189,161,37,135,190,191,96,115,187,127,29,45,94,73,44,156,27,166,53,66,93,149,178,98,99,121,179,188,21,27,60,99,167,32,38,141,102,23,42,86,132,181,182,27,100,145,121,35,67,144,151,163,162,118,189,96,115,127,150,153,22,64,152,158,11,64,174,14,34,152,161,69,9,59,88,105,169,82,114,26,95,111,179,115,4,0,98,157,14,31,73,136,161,110,6,9,22,55,92,144,5,21,46,56,63,159,108,138,150,154,169,10,59,186,27,82,89,150,155,10,45,131,18,21,22,14,59,89,101,47,128,163,185,64,154,171,172
83,104,104,111,106,89,83,86,127,117,81,79,102,78,106,121,116,110,85,85,87,90,89,94,115,115,100,118,87,73,75,87,77,71,94,76,70,111,76,81,68,107,72,86,65,77,96,124,77,67,109,120,84,90,65,62,80,122,100,112,106,67,98,71,61,59,64,86,99,65,58,64,81,97,57,78,98,93,60,82,85,91,102,71,57,108,69,74,69,69,64,90,67,88,89,48,51,67,66,48,49,50,57,49,70,73,99,46,61,71,96,69,43,70,68,44,85,88,93,80,50,89,37,57,105,56,40,94,49,39,96,35,42,54,90,111,76,57,48,74,85,94,68,83,45,94,95,31,33,92,39,96,69,29,40,68,62,91,71,56,44,25,55,82,22,22,30,83,91,107,82,45,19,71,73,67,46,17,84,61,21,37,84,85,77,15,48,26,67,35,47,54,65,65,22,92,10,20,31,53,56,79,36,55,61,91,36,76,86,65,54,63,30,106,39,11,9,71,16,16,72,4,13,81,17,102,98,0,59,84,67,25,38,63,12,93,90,76,43,7,46,101,77,52,42,35,61,12,40,52,56,71,91,40,88,72,18,12,53,58,97,55,35,85,82,81,103,42,16,13,55,33,66,87,39,57,74,75
95,81,81,158,152,126,115,83,177,166,113,108,78,90,78,84,165,158,124,79,78,77,76,138,79,165,147,169,129,87,81,130,115,90,140,113,92,75,113,70,81,72,72,133,93,67,66,177,120,101,70,173,131,139,99,91,63,176,151,164,158,107,63,114,95,79,69,59,62,106,87,67,57,149,75,56,60,145,66,55,55,57,156,118,68,162,116,123,116,54,110,143,114,52,52,75,64,117,116,70,65,63,104,63,46,46,154,83,48,45,151,121,80,123,120,59,44,45,48,41,47,144,70,40,162,108,55,46,100,84,153,75,49,38,42,168,131,111,41,34,38,44,32,139,40,43,44,72,55,41,44,154,125,73,93,125,26,148,26,113,99,71,26,31,66,64,43,30,37,165,140,102,63,21,131,125,25,59,142,119,75,31,28,29,136,60,20,40,126,92,19,15,14,13,41,34,63,43,32,12,11,137,94,10,9,150,94,19,145,124,9,8,88,165,98,69,52,13,75,43,131,62,46,22,42,161,157,59,0,143,126,84,21,4,47,152,149,135,102,65,13,160,136,111,101,94,4,49,20,9,7,13,150,98,30,131,75,68,11,9,155,114,28,144,141,140,162,100,70,58,113,34,16,31,96,16,21,21
126,170,171,81,82,93,99,143,81,79,100,105,169,124,175,193,77,77,89,143,149,153,151,79,188,74,76,74,81,120,128,80,89,113,74,89,110,184,88,145,118,181,131,71,101,141,168,69,77,92,184,66,70,66,91,99,149,66,62,62,61,82,172,75,91,108,124,159,174,80,98,125,152,57,109,149,174,57,121,155,159,167,55,67,115,55,67,61,66,139,69,52,65,165,166,99,112,60,61,103,109,112,69,110,145,149,46,86,133,146,44,52,86,50,52,109,163,167,173,158,123,39,92,133,40,55,109,175,61,76,36,84,114,131,171,40,38,50,124,154,166,175,148,33,121,176,177,83,102,174,114,30,36,81,61,34,143,26,152,41,53,80,135,164,84,86,107,165,174,30,21,47,85,153,23,27,127,89,17,30,72,118,167,168,18,86,131,107,23,54,130,137,149,149,104,175,82,102,114,136,139,12,50,138,144,11,50,160,8,21,138,147,55,23,45,74,91,155,68,100,13,81,97,165,101,18,14,84,143,0,17,59,122,147,96,9,6,8,41,78,130,17,8,32,42,49,145,94,124,136,140,155,9,45,172,14,68,75,136,141,15,32,117,11,11,12,22,46,75,87,34,114,149,171,50,140,157,158
114,155,156,82,81,86,90,129,86,81,90,95,154,112,160,178,80,78,82,129,134,138,137,76,172,77,74,78,75,107,114,74,80,100,71,80,98,169,79,131,105,166,117,67,89,127,153,76,70,81,168,73,65,63,80,87,134,73,63,67,64,72,156,66,79,94,109,143,158,70,85,110,137,58,95,134,158,57,106,140,143,151,59,59,100,60,59,55,57,124,60,52,56,149,150,85,97,52,52,88,94,97,57,95,129,133,51,72,117,130,48,45,72,43,44,94,147,151,157,142,107,41,77,116,49,44,93,158,48,62,42,69,97,114,154,52,34,39,108,137,149,159,131,34,105,159,160,68,86,157,98,38,29,66,46,27,126,33,136,30,39,64,119,147,68,70,91,149,158,43,25,33,69,136,19,19,111,72,23,19,56,101,150,151,18,70,114,90,14,38,113,120,132,132,87,158,65,85,97,120,122,15,34,121,127,26,33,143,21,8,121,130,39,39,29,57,74,138,51,83,6,64,80,148,84,35,31,67,126,17,0,42,105,130,79,26,23,9,24,61,113,34,10,15,25,32,128,77,107,119,123,138,25,29,155,9,51,58,119,124,30,16,100,20,18,17,37,30,58,70,20,97,132,154,34,123,140,141
90,122,122,96,93,82,80,99,109,100,79,80,120,87,125,141,99,95,78,99,103,106,105,82,136,98,86,100,77,81,86,76,72,77,80,71,75,132,70,98,78,128,86,73,68,93,116,104,67,65,130,100,71,75,63,66,99,102,82,92,87,61,119,62,61,68,77,107,120,59,62,78,100,79,66,97,119,75,74,103,106,113,83,59,69,88,57,60,57,88,54,71,54,110,111,56,65,53,53,58,62,64,48,62,91,95,78,48,80,92,75,52,46,53,51,59,108,111,117,103,70,67,45,78,83,41,57,118,37,37,74,39,60,76,114,88,55,40,69,97,108,118,91,61,66,118,119,36,49,116,59,73,48,34,28,47,85,67,95,36,28,30,78,106,32,33,51,107,116,83,59,26,31,95,50,44,70,33,59,38,20,60,108,109,53,31,73,49,43,16,71,78,90,90,46,117,25,43,55,78,81,54,14,80,86,67,13,101,62,41,79,88,8,81,15,16,33,96,10,41,47,22,38,106,42,77,73,25,84,59,42,0,63,88,37,68,65,51,18,19,71,76,52,27,17,10,86,35,65,77,81,96,66,15,113,48,11,17,77,82,72,31,59,60,57,56,78,19,19,30,31,56,90,112,19,81,98,99
87,86,87,141,135,111,102,80,159,148,100,95,83,82,85,95,148,141,109,77,77,78,77,122,90,147,130,151,113,78,75,114,100,80,123,98,81,86,98,69,72,82,68,116,80,66,74,158,103,86,82,154,114,121,84,77,64,157,132,145,139,91,72,98,81,68,62,65,73,90,74,60,61,130,64,59,71,126,58,61,62,66,137,100,59,143,98,105,98,53,92,124,97,62,62,61,53,98,98,57,54,52,86,52,49,51,134,67,46,49,132,102,64,104,101,47,55,58,62,51,40,124,54,38,142,89,42,61,81,66,133,58,38,35,57,148,111,92,34,44,52,60,40,119,32,60,61,55,40,58,32,133,105,54,74,105,32,128,38,92,79,52,27,47,47,45,28,47,56,145,120,81,44,36,111,105,19,39,121,98,55,18,47,48,115,40,18,22,105,71,16,20,30,29,22,54,42,24,14,18,20,116,74,19,24,129,74,39,124,103,18,26,67,144,77,48,32,34,54,23,110,41,25,43,21,140,136,38,21,122,105,63,0,25,26,131,128,114,81,44,8,139,115,90,80,73,23,28,5,15,19,33,129,77,50,110,54,48,16,21,134,93,11,122,120,119,141,79,49,38,92,17,30,50,76,23,37,38
98,82,82,162,156,129,119,85,181,170,117,111,79,93,79,84,169,162,128,81,80,78,78,142,79,169,151,173,133,90,84,134,118,94,144,117,95,75,117,72,84,71,75,137,96,70,66,181,123,105,70,177,135,143,103,94,64,180,155,168,162,110,63,118,99,83,72,60,62,110,91,70,58,153,79,58,59,149,69,56,56,57,160,122,72,166,120,128,120,56,114,147,119,52,52,78,67,121,120,74,69,66,108,66,48,47,158,87,51,47,155,126,84,127,124,62,43,45,47,41,51,148,74,43,166,112,58,44,104,88,157,79,52,41,40,172,135,115,44,34,37,42,33,144,44,41,42,77,59,39,48,158,129,77,97,129,28,152,26,117,103,75,29,29,70,68,47,28,34,169,145,106,67,21,135,129,28,63,146,123,79,34,25,26,140,64,23,44,130,96,23,18,14,13,46,30,67,47,36,16,14,141,99,13,10,154,98,16,149,128,12,8,92,169,102,73,56,10,79,47,135,66,50,18,46,165,161,63,4,147,130,88,25,0,51,156,153,139,106,69,17,164,140,115,105,98,4,53,24,12,9,9,154,102,26,135,79,72,14,10,159,117,32,147,144,143,165,104,74,62,117,37,14,27,100,17,17,18
84,98,99,121,116,96,89,84,138,127,87,84,96,79,100,113,127,121,93,82,84,86,85,103,107,126,110,129,95,74,75,96,85,74,103,83,73,103,83,77,69,100,70,96,70,73,89,135,85,73,101,131,94,100,71,67,75,134,111,123,117,74,90,80,67,61,62,80,91,73,63,62,74,108,58,72,89,104,58,75,78,83,114,81,56,119,78,85,79,63,73,101,76,80,81,51,50,77,77,49,49,49,66,48,63,66,110,52,55,64,108,80,49,81,79,43,75,79,84,71,46,100,41,50,117,67,38,84,60,47,108,41,38,47,80,123,87,69,42,64,75,84,59,95,39,84,85,37,32,82,34,108,81,36,51,80,52,103,60,68,55,33,45,71,28,27,25,72,80,119,95,57,25,60,85,80,36,21,96,73,32,28,72,73,90,20,38,19,79,46,36,43,54,54,15,80,19,13,21,42,45,91,48,43,49,103,48,65,98,78,43,52,42,118,51,23,9,59,29,7,84,16,4,69,6,114,110,12,47,96,79,37,26,51,0,105,102,88,55,18,34,113,89,64,54,47,49,4,28,40,44,59,103,51,76,84,29,22,41,46,108,67,23,97,94,93,115,53,25,15,66,21,54,75,50,45,62,63
134,179,180,85,86,100,107,151,81,81,107,112,178,133,184,202,79,80,96,152,157,162,160,85,197,76,80,75,87,128,136,86,97,121,79,96,118,193,95,154,127,190,140,77,110,150,178,68,84,100,193,67,76,71,99,108,158,65,66,63,63,90,181,82,99,117,132,168,183,88,106,134,162,61,118,158,183,61,130,165,168,176,57,74,124,56,74,68,73,149,77,56,72,174,175,108,121,67,68,112,118,121,77,120,154,158,48,95,142,156,47,59,95,57,59,118,173,177,182,168,132,43,101,142,39,63,118,184,69,85,37,93,123,140,180,38,44,58,133,163,175,185,157,38,131,185,186,92,111,183,123,31,43,90,70,42,152,29,161,50,62,89,145,173,93,95,116,175,184,26,26,56,95,162,30,35,137,98,22,39,81,127,176,177,25,96,140,116,31,63,139,146,158,158,113,185,91,111,123,146,149,19,59,147,153,11,59,169,12,30,147,156,65,15,55,83,100,164,77,109,22,90,106,174,110,9,6,93,152,9,26,68,131,156,105,0,3,17,50,87,139,8,16,41,51,58,154,103,133,145,149,164,4,54,181,22,77,84,145,150,8,40,126,13,15,16,13,54,84,96,42,123,157,179,58,149,166,167
132,176,177,84,85,98,105,149,82,81,105,110,175,130,182,200,79,80,94,150,155,159,158,83,194,76,79,75,86,126,134,84,95,119,78,94,116,191,93,152,125,188,138,76,107,148,175,69,82,98,190,67,74,70,97,105,155,66,65,63,63,88,178,80,97,114,130,165,180,86,104,131,159,60,115,156,180,60,127,162,165,173,57,72,121,56,72,66,71,146,75,55,70,171,172,105,119,65,66,109,115,118,74,117,151,155,48,92,140,153,46,57,93,55,57,116,170,174,179,165,129,42,98,139,40,61,115,181,67,82,37,90,120,137,177,39,42,56,130,160,172,182,154,36,128,182,183,89,108,180,120,31,41,88,67,40,149,28,158,47,59,86,142,170,91,92,114,172,181,27,25,54,92,160,28,33,134,95,21,36,78,124,173,174,23,93,137,113,29,60,136,143,155,155,110,182,88,108,120,143,146,17,56,144,150,11,56,166,11,27,144,153,62,18,52,80,97,161,74,106,19,87,103,171,107,12,9,90,149,6,23,65,128,153,102,3,0,14,47,84,136,11,13,38,48,55,151,100,130,142,146,161,4,51,178,19,74,81,142,147,9,37,123,11,13,13,16,51,81,93,39,120,154,176,56,146,163,164
122,164,165,83,83,91,97,137,84,82,97,101,163,120,169,187,80,79,87,138,143,147,146,79,181,77,76,77,80,115,123,78,87,108,74,86,105,178,85,139,113,175,126,71,97,135,162,73,75,88,177,71,69,66,87,95,143,71,64,66,64,79,165,72,86,103,118,152,167,76,93,119,146,59,103,143,167,58,115,149,152,160,58,64,109,59,64,60,63,133,66,53,62,158,159,93,106,57,58,97,103,106,65,104,138,142,49,81,126,140,47,50,81,48,49,103,156,160,166,151,116,41,86,126,45,51,102,168,56,70,40,77,107,124,163,47,37,46,117,146,158,168,140,34,114,168,169,76,95,166,107,35,34,75,55,32,135,30,145,37,47,73,128,156,77,79,100,158,167,37,23,41,78,146,22,24,120,81,20,25,65,111,159,160,18,79,123,99,19,47,122,129,141,141,96,168,74,94,106,129,132,12,43,131,137,19,42,152,14,15,130,139,48,31,38,66,83,147,60,92,7,73,89,157,93,26,22,76,135,8,9,51,114,139,88,17,14,0,33,70,122,25,1,24,34,41,137,86,116,128,132,147,16,37,164,6,60,67,128,133,21,23,109,12,10,10,28,37,67,79,26,106,141,162,42,132,149,150
101,137,138,90,87,83,84,112,99,92,83,86,135,98,141,158,91,87,79,112,117,121,119,78,152,89,80,91,75,92,99,74,75,87,75,74,85,148,73,112,90,145,100,69,77,108,133,92,67,71,147,89,67,69,70,74,114,90,73,81,77,65,136,62,68,79,91,123,137,62,71,92,117,69,79,114,136,66,88,119,123,130,72,57,83,76,56,56,55,104,54,62,53,128,128,68,79,50,50,71,76,78,50,77,108,111,66,58,97,109,63,47,56,46,45,74,125,129,134,120,86,55,59,95,68,39,72,136,39,46,60,51,77,93,131,73,44,36,86,115,126,136,109,48,83,136,137,49,65,134,76,58,37,47,33,35,103,52,113,28,28,44,96,124,47,49,68,125,134,66,44,22,47,113,35,30,88,50,43,25,35,78,126,127,38,48,91,67,28,19,89,96,108,108,64,135,42,61,73,96,99,37,14,98,104,49,14,120,44,24,98,106,17,64,9,34,51,114,28,59,30,40,56,124,60,59,55,43,102,41,24,18,81,106,55,50,47,33,0,37,89,58,34,9,1,8,104,53,83,95,99,114,48,6,131,29,27,34,95,100,53,14,76,42,39,38,60,10,34,46,16,73,108,130,15,99,116,117
87,110,111,109,105,89,84,91,124,115,83,81,108,82,112,127,114,108,86,90,93,96,94,93,122,113,99,116,86,77,80,86,78,75,92,77,73,117,76,87,73,114,77,85,68,83,103,120,76,68,115,116,83,88,66,65,86,119,97,108,103,67,104,70,63,63,69,93,105,66,61,69,87,94,61,84,104,90,65,89,92,98,99,70,61,104,68,72,67,75,63,87,65,95,96,52,56,65,65,52,54,55,56,54,77,80,95,48,67,78,92,67,45,67,65,50,91,95,100,86,57,85,40,63,101,54,46,101,48,40,92,37,48,61,96,106,72,55,55,80,91,101,75,79,52,101,102,33,38,99,45,91,65,31,38,64,68,86,77,52,41,27,61,88,25,25,36,89,98,102,77,41,23,77,68,63,52,22,78,56,21,43,90,91,72,19,55,33,62,31,53,60,72,72,29,98,13,26,37,59,62,73,31,61,67,86,31,83,81,60,61,70,25,100,34,9,15,77,12,23,66,7,20,87,23,96,92,7,65,78,61,19,44,69,18,87,84,70,37,0,52,95,71,46,36,29,67,16,46,58,62,77,85,33,94,66,11,6,58,63,90,49,40,79,76,75,97,35,11,13,49,37,71,93,33,62,79,80
92,86,86,148,143,118,108,83,167,156,106,101,83,87,84,93,156,149,116,80,79,79,78,129,88,155,138,159,120,83,79,121,107,86,130,105,86,83,105,71,77,80,71,123,86,68,72,166,111,93,79,162,121,129,91,84,65,165,140,154,147,98,70,105,88,74,66,64,70,97,80,64,61,138,70,60,68,134,62,60,61,64,145,108,64,151,106,113,106,55,100,132,104,59,60,67,59,106,106,63,59,58,94,57,49,50,142,75,48,49,140,111,71,112,109,53,52,54,58,49,44,133,61,40,150,97,48,57,89,74,141,65,43,37,52,156,120,100,38,41,48,55,38,128,36,55,56,62,47,53,38,141,113,62,82,113,31,136,34,101,87,60,27,42,55,53,35,42,49,153,128,90,52,31,119,113,21,47,129,107,63,23,41,42,123,48,18,29,113,80,16,17,24,23,30,47,51,32,21,14,16,125,82,14,18,137,82,32,132,111,13,20,76,152,85,57,40,26,62,31,118,49,33,35,29,148,144,46,13,130,113,71,8,17,34,139,136,122,89,52,0,147,123,98,88,81,15,36,7,7,10,25,137,85,42,118,62,55,8,13,142,100,15,130,127,126,148,87,57,45,100,21,22,42,83,16,29,30
141,186,187,87,90,105,113,158,82,83,113,119,185,140,192,210,81,83,101,160,165,169,168,89,204,78,83,76,93,135,144,91,103,128,84,103,125,201,101,162,134,198,148,82,117,158,185,68,90,107,201,67,81,75,106,115,166,65,69,64,66,96,189,88,106,124,140,176,191,94,113,141,169,64,125,166,191,64,137,172,176,184,60,80,131,57,81,74,79,156,84,60,79,182,183,115,129,74,74,119,126,129,84,127,162,166,51,102,150,164,49,65,103,63,65,126,181,185,190,176,140,47,109,150,40,70,126,192,77,93,40,100,131,148,188,37,50,65,141,171,183,193,165,42,138,193,194,100,119,191,131,33,50,98,77,48,160,32,169,57,70,97,153,181,101,103,125,183,192,24,32,64,103,171,37,42,145,106,28,47,89,135,184,185,31,104,148,124,39,71,147,154,166,166,121,193,99,119,131,154,157,26,67,156,162,16,67,177,19,38,155,164,73,10,63,91,108,172,85,117,30,98,114,182,118,4,5,101,160,17,34,76,139,164,113,8,11,25,58,95,147,0,24,49,59,66,162,111,141,153,157,172,10,62,189,29,85,92,153,158,8,48,134,19,22,22,9,62,91,103,49,130,165,187,66,156,173,174
123,165,166,84,84,93,98,139,85,83,98,103,164,121,170,188,81,80,89,139,144,148,147,80,183,78,77,78,81,116,124,80,88,110,76,88,107,179,86,141,115,176,127,72,98,137,163,74,76,89,178,72,70,67,89,96,144,71,65,66,65,80,167,74,88,104,119,154,168,78,94,120,147,60,105,144,168,59,116,150,154,161,59,66,110,59,66,61,64,134,67,54,63,159,160,95,107,59,59,98,104,107,66,106,139,143,50,82,128,141,48,51,82,49,51,104,158,161,167,152,117,42,87,127,46,52,103,169,57,72,40,79,108,125,164,47,38,48,118,148,159,169,142,35,115,170,171,78,96,167,108,35,35,76,56,33,136,31,146,38,49,74,129,158,78,80,101,159,168,37,24,43,79,147,23,25,121,83,21,27,66,112,160,161,19,80,124,101,20,48,123,130,142,142,97,169,75,95,107,130,133,13,44,132,138,18,44,153,14,16,131,140,49,30,39,68,84,148,62,93,9,74,90,158,94,25,21,77,136,8,10,52,115,140,89,16,13,1,34,71,123,24,0,25,35,42,138,87,117,129,133,148,14,38,165,6,61,68,129,134,20,24,110,11,9,9,27,38,68,80,26,107,141,163,43,133,149,150
107,145,145,88,86,85,87,120,95,89,87,90,143,104,149,166,88,85,81,120,124,128,127,78,160,85,79,87,76,99,105,75,78,93,75,77,90,157,76,120,96,153,107,69,82,116,141,87,69,76,156,84,67,67,74,80,122,85,70,77,73,68,144,64,73,86,99,131,145,66,77,100,125,66,86,122,145,63,95,127,131,138,68,58,90,71,58,56,56,112,57,59,55,136,137,75,86,51,51,78,83,86,53,84,116,120,61,64,105,118,58,46,63,45,45,82,134,138,143,129,94,50,66,103,62,41,81,145,43,52,54,58,85,101,140,65,40,37,95,124,135,145,118,43,92,145,146,56,73,143,85,51,34,54,38,32,112,45,122,28,32,52,105,133,55,57,77,134,143,58,37,25,56,122,29,26,97,59,36,21,43,87,135,136,31,56,100,76,22,26,98,105,117,117,73,144,51,70,82,105,108,29,21,107,113,41,21,129,36,17,107,116,25,55,16,43,60,123,37,68,21,49,65,133,69,50,46,52,111,32,15,27,90,115,64,41,38,24,9,46,98,49,25,0,10,17,113,62,92,104,108,123,39,13,140,20,36,43,104,109,44,7,85,33,30,29,51,15,43,55,11,82,117,138,20,108,125,126
101,137,137,91,89,84,85,113,100,94,84,86,135,98,141,157,92,89,80,112,117,120,119,80,152,90,82,92,76,93,99,75,76,87,77,75,85,148,74,112,90,145,100,71,77,108,132,93,68,72,147,90,68,70,70,75,114,91,75,82,78,65,135,63,68,79,91,122,136,63,72,92,116,70,79,113,136,68,88,119,122,129,73,58,83,77,57,57,56,103,55,63,54,127,128,68,79,51,51,71,76,78,51,77,107,111,67,58,96,109,64,48,57,47,47,74,124,128,134,119,86,57,59,94,70,40,72,135,40,46,61,51,76,92,131,74,45,37,85,114,126,135,108,49,83,136,137,49,65,133,76,59,38,47,33,37,102,54,112,29,28,44,95,123,47,49,68,125,133,67,45,23,47,112,36,32,87,50,45,26,34,78,126,127,39,47,90,66,29,20,89,96,107,107,63,134,41,61,72,95,98,38,15,97,103,50,14,119,45,25,97,106,16,65,9,33,50,113,27,59,31,40,55,123,59,60,56,42,101,42,25,17,80,105,54,51,48,34,1,36,88,59,35,10,0,7,103,52,82,94,98,113,49,4,130,30,26,33,94,99,54,14,75,43,40,39,61,9,33,45,16,72,107,128,13,98,115,116
98,131,132,94,91,84,84,108,105,97,83,84,129,94,135,151,96,92,80,108,112,115,114,81,146,94,84,96,77,89,94,76,75,84,79,74,82,142,73,107,86,139,95,72,74,103,126,98,68,70,141,95,70,72,68,72,108,96,78,87,82,64,129,63,66,75,86,117,130,62,68,87,110,74,74,107,130,71,83,113,116,123,78,59,78,82,58,59,57,98,55,67,55,121,122,64,74,53,52,66,71,73,50,71,101,105,72,55,90,102,69,50,53,50,49,69,118,122,127,113,80,62,54,88,75,41,66,128,39,43,67,47,70,86,124,80,50,39,79,108,119,128,102,55,76,129,130,44,59,127,69,65,43,42,31,41,96,60,105,32,28,39,89,116,41,43,61,118,126,74,51,24,41,106,42,37,80,43,51,31,29,71,119,120,45,41,83,60,35,17,82,89,100,100,56,127,35,54,66,88,91,45,13,90,96,57,12,112,52,32,90,99,12,72,10,27,43,106,21,52,38,33,48,116,52,67,63,35,94,49,32,10,73,98,47,58,55,41,8,29,81,66,42,17,7,0,96,45,75,87,91,106,56,5,123,37,19,26,87,92,61,20,68,50,47,46,68,10,27,38,21,65,100,121,12,91,108,109
99,85,85,162,156,130,120,87,181,169,117,112,82,94,82,87,169,162,128,84,82,81,80,142,83,169,151,173,133,91,86,134,119,95,144,117,96,78,117,74,86,75,77,137,97,72,70,180,123,105,73,176,135,142,103,95,67,179,154,168,161,110,66,118,99,84,73,63,66,110,91,71,61,152,79,60,63,148,70,59,59,60,159,122,73,165,119,127,120,58,113,146,118,55,56,79,68,120,119,74,69,67,107,67,51,50,157,87,53,49,154,125,84,126,123,63,47,48,51,45,52,147,73,45,165,111,59,48,104,87,156,79,53,42,44,171,134,114,45,37,41,46,36,142,45,45,45,76,59,43,48,156,128,76,96,128,30,151,29,115,102,74,30,33,69,67,47,31,38,168,143,105,66,24,134,128,29,62,144,122,78,34,29,30,138,63,24,43,128,95,23,19,17,16,45,34,66,46,35,17,15,140,97,15,13,152,97,19,147,126,13,11,91,167,100,72,55,13,77,46,133,64,48,21,44,163,159,61,4,145,128,86,23,4,49,154,151,137,104,67,15,162,138,113,103,96,0,51,21,9,5,10,152,100,27,133,77,70,10,6,157,115,29,145,142,141,163,101,72,60,115,34,11,27,98,13,16,17
88,103,103,122,117,98,92,88,138,128,90,88,100,83,104,117,128,122,96,86,88,90,89,105,112,127,112,130,97,78,79,98,87,77,105,86,77,107,85,81,73,104,74,98,73,77,94,135,87,76,105,132,95,101,74,70,79,134,111,123,117,77,94,81,70,65,66,84,95,75,66,66,79,108,62,76,94,105,62,80,82,88,114,82,60,120,80,86,80,68,75,102,78,84,85,55,54,79,78,53,53,53,68,52,67,70,110,55,60,68,108,81,52,82,79,48,79,83,88,75,50,100,44,54,117,68,43,88,61,49,108,44,42,51,83,122,87,69,46,68,78,87,63,95,44,87,88,40,36,85,38,108,81,38,52,80,56,102,64,68,56,35,49,74,31,30,29,75,83,118,94,57,27,63,84,79,40,24,95,72,33,32,75,76,89,23,42,23,78,46,40,46,57,57,19,83,21,17,25,45,48,89,47,46,52,102,47,67,97,76,46,55,41,117,50,23,11,62,28,12,82,16,9,71,10,112,108,12,49,94,77,35,28,53,4,103,100,86,53,16,36,111,87,62,52,45,51,0,30,42,46,61,101,49,78,82,26,19,42,47,106,64,24,94,91,90,112,50,21,11,64,21,55,77,47,46,63,64
93,91,91,145,140,116,107,85,163,152,105,100,88,87,89,98,152,145,114,82,82,82,81,127,93,151,135,155,118,83,80,118,105,85,127,103,86,89,103,74,78,85,73,120,85,71,77,162,108,92,85,158,118,125,89,83,69,161,137,149,143,95,76,102,86,73,67,69,76,95,79,66,65,134,69,64,74,130,63,65,66,69,140,105,64,146,103,110,103,58,97,128,101,65,66,66,59,103,102,62,59,58,90,57,54,55,138,72,51,53,135,106,69,108,105,52,58,60,64,54,46,128,59,43,145,93,47,63,85,70,136,62,43,40,59,151,115,95,39,47,54,62,43,123,38,61,62,59,45,59,38,136,108,59,77,108,36,131,40,96,83,57,31,48,51,50,33,48,56,147,123,85,48,38,114,108,24,44,124,101,58,23,47,48,118,44,22,27,108,74,20,22,31,30,27,54,46,28,19,20,22,119,76,21,25,132,76,39,127,106,19,26,70,146,80,51,35,33,57,26,112,44,28,42,24,142,138,40,20,124,107,65,5,24,28,133,130,116,83,46,7,141,117,92,82,75,21,30,0,12,16,31,131,79,48,112,56,49,12,17,136,94,9,124,121,120,142,80,50,39,93,14,26,47,77,18,34,34
97,88,88,155,149,124,115,87,174,162,113,107,85,92,86,93,162,155,122,83,82,82,81,136,88,162,145,166,127,88,84,128,113,91,137,112,92,83,112,74,83,80,76,130,92,72,73,173,117,100,79,169,128,135,98,90,68,172,147,160,154,104,71,112,94,80,71,66,70,104,86,69,63,145,75,62,68,141,68,62,62,65,151,115,69,157,113,120,113,58,107,139,111,60,60,74,64,113,112,70,65,64,100,63,52,52,149,81,52,51,146,117,78,119,116,59,52,54,57,49,49,139,67,44,157,104,54,55,96,80,148,72,49,41,51,163,126,106,43,41,47,53,39,134,42,52,53,69,53,50,44,148,120,69,88,119,32,142,34,107,94,67,30,40,62,60,41,39,46,159,135,96,59,30,125,119,26,54,136,113,70,29,37,38,130,55,22,36,120,86,20,19,22,22,37,43,57,38,28,16,16,131,88,15,17,144,88,28,139,118,13,17,82,158,92,63,46,22,69,37,124,56,40,30,36,154,150,52,9,136,119,77,15,12,40,145,142,128,95,58,7,153,129,104,94,87,9,42,12,0,4,19,143,91,36,124,68,61,3,6,148,106,20,136,133,132,154,92,62,50,105,25,15,35,89,10,22,23
99,87,88,158,153,127,117,88,177,166,115,110,84,93,85,91,166,159,125,84,83,82,81,139,86,165,148,169,130,90,85,131,116,93,140,115,94,82,115,75,85,78,77,133,95,73,73,176,120,103,77,172,132,139,100,93,68,175,151,164,157,108,69,115,97,82,72,65,69,107,89,71,63,149,78,62,66,145,69,61,62,63,155,118,72,161,116,123,116,59,110,142,115,59,59,76,67,117,116,72,68,66,104,66,52,52,153,84,53,51,150,121,81,122,120,61,50,52,55,48,51,143,71,45,161,108,57,52,100,84,151,75,51,42,48,167,130,110,44,40,45,50,38,138,44,50,50,73,56,48,46,152,124,72,92,123,32,146,33,111,98,71,31,37,65,64,44,36,43,163,138,100,62,28,129,123,28,58,140,117,73,32,34,35,134,59,23,39,123,90,22,19,21,20,41,39,61,42,31,16,16,135,92,15,16,148,92,24,143,122,13,15,86,162,96,67,50,19,73,41,128,60,44,26,40,158,154,56,7,140,123,81,19,9,44,149,146,132,99,62,10,157,133,108,98,91,5,46,16,4,0,15,147,95,32,128,72,65,5,3,152,110,24,140,137,136,158,96,66,54,109,28,12,31,93,10,19,20
107,87,87,171,165,139,128,93,191,179,126,120,84,101,83,86,179,172,137,89,87,85,84,152,82,178,161,183,142,98,93,143,128,103,153,126,104,77,127,79,93,74,83,146,105,77,71,190,133,114,72,186,145,152,112,103,71,189,164,178,171,120,66,128,109,92,80,65,65,120,100,78,65,162,88,64,63,158,78,62,61,61,169,131,81,175,129,137,130,64,123,156,128,56,56,88,76,130,129,83,78,76,117,76,55,54,167,97,59,53,164,135,93,136,134,72,47,48,49,46,60,157,83,51,175,121,68,45,114,97,166,89,62,49,42,181,144,124,53,39,40,43,40,153,53,41,42,86,68,39,57,167,138,86,106,138,35,161,31,126,112,85,37,31,79,77,57,28,32,178,153,115,76,25,144,138,38,72,155,132,88,44,25,25,148,73,33,53,138,105,32,27,20,19,55,26,76,56,45,25,23,150,107,23,19,163,107,15,158,137,21,15,101,177,111,82,65,11,88,56,143,75,59,13,54,173,169,71,13,155,138,96,33,9,59,164,161,147,114,77,25,172,148,123,113,106,10,61,31,19,15,0,162,110,17,143,87,80,19,14,167,125,38,155,152,151,173,111,81,69,124,43,11,17,107,19,10,10
135,179,180,88,89,102,108,152,85,85,109,114,178,134,184,202,83,84,98,153,158,162,161,87,196,80,83,79,90,129,137,88,98,122,82,98,119,193,97,154,128,190,140,80,111,150,177,73,86,101,193,71,78,74,100,109,158,70,69,67,67,91,181,84,100,117,133,168,182,89,107,134,161,64,118,158,182,64,130,164,168,175,61,76,124,60,76,70,75,148,79,59,74,174,175,108,121,69,70,112,118,121,78,119,153,157,52,95,142,155,50,61,96,59,61,118,172,176,181,167,131,46,101,141,44,64,117,183,70,85,41,93,122,139,179,43,46,59,132,162,174,183,156,40,130,184,185,92,110,182,122,35,45,90,70,43,151,32,160,51,62,89,143,172,93,95,115,173,182,30,29,56,94,161,32,36,135,97,25,39,80,126,175,176,27,95,139,115,32,62,137,144,156,156,111,183,90,109,121,144,147,21,58,146,152,15,58,168,15,30,146,155,63,19,53,82,99,162,76,108,21,89,104,172,108,13,10,91,150,9,25,66,129,154,103,4,4,16,48,85,137,10,14,39,49,56,152,101,131,143,147,162,0,52,179,19,75,82,143,148,6,37,124,9,11,12,13,51,81,93,39,120,155,177,56,146,163,164
102,136,137,95,92,87,87,113,105,98,86,88,134,99,140,156,96,93,83,113,117,120,119,83,151,94,85,96,80,93,99,79,78,89,80,78,86,147,76,112,90,144,100,74,79,108,131,98,71,74,145,94,72,74,72,76,113,95,79,87,82,68,134,66,70,80,91,121,135,66,73,92,115,75,79,112,135,72,88,118,121,128,78,61,83,81,60,61,59,103,58,67,57,126,127,69,78,55,55,71,76,78,53,76,106,110,71,59,95,107,69,52,57,51,50,74,123,126,132,118,85,61,59,93,74,43,71,133,42,47,65,51,75,91,129,78,49,41,84,112,124,133,106,54,81,134,134,49,64,131,74,64,42,47,35,41,101,58,110,33,31,44,93,121,46,48,66,122,131,71,49,26,46,110,41,36,85,48,49,30,34,76,123,124,43,46,88,65,34,21,86,93,105,105,61,131,40,59,70,93,96,42,16,94,100,54,16,116,49,30,94,103,16,68,12,31,48,111,25,56,34,37,53,120,57,63,59,40,98,45,29,15,77,102,51,54,51,37,6,33,85,62,38,13,4,5,100,49,79,91,95,110,52,0,127,33,23,30,91,96,57,16,72,45,42,41,63,6,30,41,16,68,103,125,9,94,111,112
118,91,91,187,180,153,142,102,206,195,140,134,88,113,85,84,195,187,152,97,94,92,92,167,81,194,176,198,157,110,104,159,142,115,169,141,117,77,141,87,105,74,94,162,119,86,74,207,148,128,71,202,160,168,126,117,78,206,180,194,187,135,68,143,123,105,92,71,67,135,114,90,71,178,101,72,64,174,90,68,66,64,185,147,94,192,145,153,145,73,139,173,144,59,59,102,90,146,145,97,92,89,133,89,64,61,184,112,70,62,181,151,109,153,150,86,50,49,48,51,72,174,98,63,192,138,82,43,130,113,183,104,76,62,41,198,161,141,66,46,41,40,48,169,67,38,38,102,84,37,72,183,155,102,123,155,46,178,39,142,129,101,50,33,96,94,73,29,28,195,170,132,93,33,161,155,52,88,172,149,105,60,24,24,165,90,47,69,155,122,47,41,31,31,71,18,93,73,61,40,37,167,124,38,32,180,124,19,175,154,37,29,118,194,128,99,82,21,105,73,160,92,76,11,71,190,186,88,30,172,155,113,50,26,76,181,178,164,131,94,42,189,165,140,130,123,27,78,48,36,32,17,179,127,0,160,104,97,36,31,184,142,55,172,169,168,190,128,98,86,141,60,25,8,124,34,18,17
122,163,164,88,88,94,99,137,90,87,99,103,162,120,168,186,86,84,90,138,142,146,145,83,180,83,81,83,84,115,123,82,89,109,79,89,106,176,87,139,113,173,125,75,98,135,161,80,78,89,175,77,73,70,88,96,142,77,69,71,70,80,164,75,87,103,117,151,165,78,93,118,144,64,103,141,165,63,114,147,151,158,64,67,108,65,67,63,66,131,68,58,64,156,157,93,105,60,60,96,102,105,66,103,136,140,55,81,125,138,53,53,80,51,52,102,154,158,164,149,114,47,85,123,52,53,100,165,57,70,46,77,105,121,161,53,41,48,115,144,156,165,138,39,112,166,167,75,93,163,105,41,37,73,55,35,132,36,142,38,47,72,125,153,75,77,97,155,164,43,29,41,76,143,26,27,117,79,26,27,63,108,156,157,23,77,120,97,22,45,119,126,138,137,93,164,71,91,103,125,128,18,41,127,133,25,40,149,21,17,127,136,45,36,35,63,80,144,57,89,11,70,86,153,89,31,27,72,131,14,9,48,110,135,84,22,19,6,29,66,118,29,6,20,30,37,133,82,112,124,128,143,19,33,160,0,56,63,124,129,24,18,105,13,10,9,30,32,62,74,20,101,136,158,37,127,144,145
94,120,121,107,103,91,87,100,120,112,86,86,118,90,123,138,111,106,87,99,103,106,104,92,132,109,97,112,86,84,88,86,80,81,91,79,80,128,78,97,80,125,87,84,74,93,114,115,77,72,126,112,81,85,70,71,97,113,93,103,98,69,115,71,67,71,78,104,116,67,67,78,98,90,69,95,115,86,74,99,103,109,94,69,70,99,67,70,67,86,63,83,64,106,107,59,65,64,63,60,63,64,57,63,88,91,89,53,78,89,87,63,50,64,62,59,102,106,111,98,67,79,48,74,94,52,56,112,47,43,85,43,58,72,108,99,66,51,65,92,103,112,86,72,63,112,113,39,48,110,56,84,59,37,38,58,80,78,88,47,38,33,72,99,33,34,47,100,109,93,70,37,31,88,61,55,64,31,70,49,24,55,101,102,64,29,66,44,54,26,65,71,83,82,40,109,22,38,48,70,73,64,25,72,78,77,25,93,72,51,72,80,19,91,26,14,26,88,12,34,57,17,31,98,34,86,82,18,75,68,51,11,54,79,29,77,74,60,27,11,62,85,61,36,26,19,77,26,56,68,72,87,75,23,104,56,0,7,68,73,80,38,49,68,65,64,86,25,8,19,38,46,80,102,22,71,88,89
92,116,116,111,107,93,88,97,125,116,87,86,113,88,118,133,115,110,89,96,99,102,100,96,127,114,101,117,89,82,85,89,82,80,94,81,79,123,80,93,78,119,83,87,73,88,108,121,79,73,121,117,85,90,71,70,92,119,98,109,103,71,110,73,67,69,75,98,111,69,66,75,93,95,66,90,110,91,71,94,97,103,100,72,67,105,70,74,70,81,66,88,68,100,101,57,62,67,67,57,60,61,60,60,82,85,95,53,73,83,92,68,50,69,67,55,96,100,105,92,62,85,46,69,100,56,52,106,50,44,91,42,53,66,101,105,72,56,60,85,96,105,80,78,57,105,106,38,44,103,51,90,65,36,41,64,73,85,82,53,43,32,66,93,31,31,42,94,102,100,76,42,28,82,67,62,57,28,77,55,25,48,94,95,71,25,60,38,61,31,58,65,76,76,34,102,19,32,42,64,66,71,31,65,71,84,31,86,78,58,65,74,24,98,33,13,21,81,14,28,64,13,24,91,28,93,89,12,68,75,58,17,48,72,22,84,81,67,34,6,55,92,68,43,33,26,70,19,49,61,65,80,82,30,97,63,7,0,61,66,87,45,42,75,72,71,93,31,5,12,45,39,73,95,28,64,81,82
100,91,91,157,151,127,117,90,175,164,115,110,88,94,89,95,164,157,125,86,85,85,84,138,90,163,146,167,129,91,87,130,115,94,139,114,95,86,114,77,85,82,78,132,95,75,76,174,119,102,81,170,130,137,100,92,71,173,149,161,155,106,73,114,96,82,74,69,73,106,89,72,66,146,78,65,71,142,70,65,65,67,153,117,72,159,114,121,115,61,108,140,113,63,63,76,67,115,114,72,68,66,102,66,55,55,150,83,55,54,147,119,80,120,117,61,55,56,59,52,52,140,69,47,158,105,56,57,97,82,148,74,51,44,53,163,127,108,45,44,49,55,42,135,44,54,55,71,55,52,46,149,121,70,90,120,35,143,37,108,95,68,33,42,63,61,43,41,48,160,135,97,60,32,126,120,29,55,136,114,71,31,39,40,130,56,25,38,120,87,23,22,25,24,39,44,58,40,30,19,19,131,89,18,20,144,89,29,139,118,16,19,82,159,92,64,47,24,69,38,125,56,41,31,36,154,150,53,11,136,119,77,16,14,41,145,142,128,95,58,8,153,129,104,94,87,10,42,12,3,5,19,143,91,36,124,68,61,0,5,148,106,19,136,133,132,154,92,62,50,105,24,13,35,88,8,21,22
102,90,90,161,155,130,120,91,179,168,118,113,87,97,87,93,168,161,128,87,86,85,85,142,89,167,150,171,133,93,89,134,119,97,143,118,97,84,118,78,88,81,80,136,98,76,75,179,123,105,79,175,134,141,103,96,71,177,153,166,160,110,72,118,100,85,76,68,71,110,92,74,66,151,81,65,69,147,72,64,64,66,157,121,75,163,119,126,119,62,112,145,117,61,61,79,70,119,118,75,71,69,106,69,55,55,155,87,56,54,152,123,83,124,122,64,53,54,57,50,54,145,73,48,162,110,60,54,102,86,153,78,54,46,50,168,132,112,47,43,47,52,41,140,47,51,52,75,59,49,49,154,126,75,94,125,35,148,35,113,100,73,34,39,68,66,47,38,44,165,140,102,64,30,131,125,31,60,141,119,75,35,35,36,135,61,26,42,125,92,25,23,23,22,43,39,63,44,34,20,19,136,94,18,18,149,94,25,144,123,16,17,87,164,97,68,52,20,74,43,130,61,45,26,41,159,155,58,9,141,124,82,21,10,46,150,147,133,100,63,13,158,134,109,99,92,6,47,17,6,3,14,148,96,31,129,73,66,5,0,153,111,24,141,138,137,159,97,67,55,110,29,9,30,93,7,17,17
141,185,186,92,94,107,114,158,88,88,114,120,183,139,190,208,86,87,103,158,163,168,166,92,202,83,87,82,95,135,143,93,104,128,87,104,125,199,102,160,133,196,146,85,116,156,183,75,92,107,198,73,83,78,106,114,164,72,73,70,71,97,187,89,106,123,138,173,188,95,113,140,167,68,124,164,188,68,136,170,174,181,65,81,130,63,82,75,80,154,84,64,79,179,180,114,127,75,75,118,124,127,84,125,159,163,56,101,148,161,54,66,101,64,66,124,177,181,187,172,137,51,107,147,46,70,123,189,76,91,44,98,128,145,184,44,51,65,138,168,179,189,162,45,135,189,190,98,116,187,128,38,50,96,76,49,156,36,166,56,68,94,149,177,98,100,121,179,188,31,34,62,99,167,38,42,141,103,30,45,86,132,180,181,32,100,144,120,38,68,143,150,162,162,117,188,95,115,127,149,152,26,64,151,157,19,64,173,20,35,151,160,69,18,59,87,104,168,81,113,27,94,110,177,114,12,10,97,155,15,30,72,134,159,108,8,9,21,53,90,142,8,20,44,54,61,157,106,136,148,152,167,6,57,184,24,80,87,148,153,0,42,129,12,15,16,7,56,86,98,43,125,160,182,60,151,168,169
113,150,151,94,92,92,95,126,100,95,94,97,149,111,155,171,93,91,88,126,130,134,133,85,165,91,85,92,83,105,112,82,85,100,81,84,97,162,83,126,103,159,113,76,89,122,146,91,76,83,161,88,74,74,81,87,128,89,76,81,78,75,149,72,80,92,105,136,150,73,84,106,130,72,92,127,150,69,101,133,136,143,73,65,96,75,65,63,64,117,64,65,62,141,142,81,92,58,58,84,89,92,60,90,121,125,66,71,110,123,63,53,70,52,52,88,138,142,147,133,99,55,72,108,65,48,86,149,50,59,58,64,90,106,144,68,46,45,99,128,139,149,122,48,97,149,150,62,79,147,89,54,40,60,45,38,116,49,125,35,39,58,109,137,61,62,82,138,147,60,40,33,61,126,34,31,100,64,39,27,48,91,139,140,34,61,103,80,27,33,102,109,120,120,76,147,55,74,86,108,111,31,28,110,116,42,27,131,37,21,109,118,30,54,22,47,63,126,41,72,23,53,68,136,72,49,45,55,114,32,16,31,93,117,67,40,37,23,14,49,100,48,24,7,14,20,115,64,94,106,110,125,37,16,142,18,38,45,106,111,42,0,87,30,27,26,48,14,44,56,4,83,118,140,19,109,126,127
96,97,98,143,137,115,107,90,160,149,105,101,95,90,97,107,149,143,113,87,88,88,87,125,101,148,132,152,116,86,84,117,104,87,125,103,87,97,102,80,81,93,77,118,86,76,85,158,106,91,93,154,116,122,89,83,75,157,133,145,139,94,84,100,85,75,71,76,84,93,79,69,72,131,71,70,82,127,67,72,73,77,136,102,67,142,100,107,100,64,94,124,98,73,73,67,61,100,99,64,61,60,88,59,60,62,133,71,57,60,131,103,68,104,101,54,66,69,73,62,50,123,58,49,140,89,49,72,82,68,131,61,46,46,67,146,110,91,44,55,63,70,51,118,42,70,71,57,46,68,41,131,104,57,74,103,44,125,49,91,78,54,38,57,49,47,34,57,64,141,117,80,45,46,108,102,30,41,118,96,54,27,56,57,112,41,29,27,102,69,27,31,39,39,26,62,42,26,21,28,30,113,71,29,34,125,71,47,120,100,28,35,64,140,74,46,31,41,51,23,106,39,24,50,20,135,131,35,28,117,100,59,11,32,23,126,123,109,76,40,15,134,110,85,75,68,29,24,9,20,24,38,124,72,55,105,49,42,19,24,129,87,0,117,114,113,135,73,43,31,86,6,31,53,69,23,39,40
134,176,176,92,93,103,108,149,91,90,109,113,174,132,180,198,88,88,99,150,155,159,157,90,192,85,86,85,91,127,134,90,98,120,85,98,117,189,97,151,125,186,137,82,109,147,173,79,87,100,188,77,80,76,99,107,154,76,73,73,72,91,176,84,98,115,129,163,178,88,105,130,157,68,115,154,178,68,126,160,163,171,66,76,121,66,76,71,75,144,78,63,74,169,170,105,117,69,70,108,114,117,77,116,149,152,57,93,137,150,55,61,92,59,61,114,167,170,176,162,127,50,97,136,50,63,113,178,68,82,46,89,117,134,173,50,48,58,127,157,168,178,151,44,125,178,179,88,106,176,117,41,45,86,67,43,145,37,154,49,59,84,138,166,88,90,110,167,176,38,32,53,89,155,33,36,130,92,28,38,75,120,168,169,28,89,133,109,31,58,131,138,150,150,106,177,84,103,115,138,141,22,53,140,146,21,53,161,19,27,139,148,58,28,48,76,93,156,70,101,19,82,98,166,102,22,18,85,144,11,20,60,122,147,97,13,11,12,42,79,130,19,11,33,43,50,145,94,124,136,140,155,9,45,172,13,68,75,136,141,12,30,117,0,3,4,18,44,74,86,31,113,148,170,48,139,156,157
132,173,174,92,93,102,107,147,92,90,107,112,172,129,178,195,88,88,98,147,152,156,155,89,190,85,86,85,90,125,132,89,97,118,84,97,115,186,95,148,123,183,135,81,107,144,170,80,85,98,185,78,79,76,97,105,151,77,73,73,72,89,174,82,96,112,127,161,175,87,103,128,154,68,113,151,175,67,124,157,161,168,66,75,118,66,75,70,73,141,76,62,72,166,167,102,115,68,68,106,112,114,75,113,146,150,57,90,135,147,55,60,90,58,59,111,164,168,173,159,124,50,95,133,51,61,110,175,66,79,47,86,115,131,170,51,47,56,124,154,165,175,148,43,122,175,176,85,103,173,115,41,44,83,64,42,142,37,152,47,57,81,135,163,85,87,107,164,173,40,32,51,86,152,32,34,127,89,28,36,73,117,165,166,27,86,130,106,29,55,128,135,147,147,103,174,81,100,112,135,138,21,51,137,143,22,50,158,20,25,136,145,55,30,45,73,90,153,67,98,17,79,95,163,99,24,21,82,141,11,18,57,120,144,94,15,13,10,39,76,127,22,9,30,40,47,142,91,121,133,137,152,11,42,169,10,65,72,133,138,15,27,114,3,0,1,21,41,71,83,28,110,145,167,45,136,153,154
131,172,173,92,93,101,106,146,92,90,107,111,171,129,177,195,88,88,97,146,151,155,154,89,189,85,86,85,90,124,131,88,96,117,84,96,115,185,95,148,122,182,134,80,106,143,169,80,85,97,184,78,79,76,97,104,150,77,73,73,72,88,173,82,96,112,126,160,174,86,102,127,153,68,112,150,174,67,123,156,160,167,66,74,117,66,74,69,73,140,76,62,72,165,166,102,114,67,68,105,111,114,74,112,145,149,58,89,134,147,55,60,89,58,59,111,163,167,172,158,123,50,94,132,52,61,109,174,65,79,47,85,114,130,169,52,47,56,123,153,164,174,147,43,121,174,175,84,102,172,114,42,43,82,63,42,141,38,151,46,56,80,134,162,84,86,106,163,172,41,32,50,85,151,31,34,126,88,28,35,72,116,164,165,27,85,129,105,29,54,127,134,146,146,102,173,80,99,111,134,137,21,50,136,142,23,49,157,20,24,135,144,54,31,44,72,89,152,66,97,17,78,94,162,98,25,22,81,140,12,17,56,119,143,93,16,13,10,38,75,126,22,9,29,39,46,141,90,120,132,136,151,12,41,168,9,64,71,132,137,16,26,113,4,1,0,22,40,70,82,27,109,144,166,44,135,152,153
148,192,193,96,98,113,120,164,91,92,121,126,190,146,197,215,90,92,109,165,170,174,173,97,209,87,92,85,101,141,150,99,110,134,92,110,132,206,108,167,140,202,153,90,123,163,190,77,98,113,205,76,89,84,113,121,170,74,77,73,75,103,193,96,112,130,145,180,195,101,119,146,174,73,131,171,195,73,142,177,180,188,69,87,137,66,88,81,86,161,91,69,86,186,187,121,134,81,81,124,131,133,90,132,166,170,60,108,154,167,58,72,108,70,72,131,184,188,194,179,144,56,114,153,49,77,130,195,82,98,49,105,134,151,191,46,57,72,145,174,186,195,168,51,142,196,197,104,123,194,135,42,57,103,82,55,163,41,172,63,75,101,155,184,105,107,128,185,194,33,40,69,106,173,44,48,147,109,35,52,93,138,186,187,38,107,151,127,44,75,149,156,168,168,123,194,102,121,133,156,159,33,71,158,163,24,70,179,26,42,157,166,75,18,66,94,110,174,88,119,34,100,116,184,120,13,14,103,162,22,37,78,141,165,115,13,16,28,60,97,148,9,27,51,61,68,163,112,142,154,158,173,13,63,190,30,86,93,154,159,7,48,135,18,21,22,0,62,92,104,49,131,166,188,66,157,174,175
108,141,142,100,98,93,93,118,109,102,93,94,139,104,144,161,101,98,89,118,122,125,124,89,155,99,91,101,85,99,105,85,84,94,86,84,92,151,82,117,96,148,105,80,85,112,136,101,77,80,149,98,78,79,78,82,118,99,84,91,87,74,138,72,76,85,96,126,139,72,79,97,120,79,85,117,138,76,93,122,125,132,82,67,88,85,66,66,65,107,64,72,63,129,130,74,83,61,60,76,81,83,59,81,110,114,75,65,100,111,72,57,63,57,56,79,126,130,135,121,89,65,64,97,77,49,76,136,48,53,69,57,79,95,132,80,54,47,88,116,127,136,110,57,85,136,137,54,68,134,78,66,47,52,41,45,104,60,113,39,37,49,96,124,51,52,70,125,133,73,52,32,50,113,44,40,88,52,51,35,39,79,125,126,46,50,90,68,37,27,89,96,107,107,64,133,44,61,73,95,98,44,23,97,102,55,22,118,50,32,96,105,22,68,18,35,50,112,29,59,36,40,55,122,59,63,59,42,100,46,30,19,79,104,53,54,51,37,10,35,87,62,38,15,9,10,101,50,80,92,96,111,51,6,128,32,25,31,92,97,56,14,73,44,41,40,62,0,30,42,13,69,104,126,5,95,112,113
97,120,121,115,111,97,93,102,128,119,92,91,118,93,122,137,118,113,94,101,104,106,105,99,131,117,104,120,93,88,90,93,87,85,98,85,84,127,85,97,83,123,88,91,78,93,112,123,83,78,125,119,89,93,75,75,97,121,101,111,106,75,114,78,72,74,80,103,114,74,71,80,97,98,72,94,113,94,76,98,101,107,102,76,72,107,74,78,74,85,70,91,72,104,105,62,67,71,70,62,65,66,64,64,86,89,97,58,77,87,94,71,55,72,70,60,100,103,108,95,67,87,51,73,102,59,56,109,54,49,93,47,58,70,104,106,74,59,64,89,99,108,83,80,62,108,109,43,49,106,55,92,67,41,45,66,77,86,85,55,46,37,70,95,36,36,46,96,105,101,77,45,33,84,68,63,61,33,78,57,29,52,96,97,72,30,63,42,62,34,61,67,78,78,38,104,24,35,45,66,69,71,33,68,73,84,33,89,79,59,67,76,27,98,34,18,25,83,18,31,64,17,27,92,30,93,89,16,70,75,58,19,49,74,25,84,81,67,34,11,57,91,68,43,33,27,72,21,50,62,66,81,81,30,98,62,8,5,62,67,86,44,43,74,71,70,92,30,0,12,43,39,74,96,26,65,82,83
95,113,114,122,118,101,96,97,137,127,94,93,111,91,115,128,127,121,98,96,98,100,99,106,122,125,112,128,99,85,87,99,90,84,105,89,83,118,88,91,81,115,83,98,79,87,104,133,89,80,115,129,96,101,78,76,90,131,110,121,115,79,105,83,74,72,75,94,105,78,71,75,89,106,69,86,104,103,71,90,93,98,111,82,69,116,80,85,80,78,75,99,78,95,96,61,63,78,77,60,61,62,69,61,78,81,107,59,70,79,104,79,56,80,78,56,90,93,98,85,60,97,50,65,112,67,52,98,61,52,103,48,52,62,94,117,84,67,57,79,89,98,73,90,54,97,98,44,44,95,48,103,77,42,51,76,67,97,74,65,54,38,60,85,35,35,39,85,93,112,88,54,32,73,79,74,51,30,89,68,33,42,85,86,83,28,52,34,73,43,50,56,67,67,29,92,24,27,35,55,58,83,43,56,62,95,43,77,90,70,56,64,36,109,45,22,19,71,25,22,76,17,19,80,21,105,101,13,58,87,70,30,38,62,15,96,93,79,46,13,45,103,80,55,45,38,60,11,39,50,54,69,93,41,86,74,19,12,50,55,98,56,31,86,83,82,104,42,12,0,55,27,62,84,38,53,70,71
116,152,153,98,97,96,98,128,104,99,98,100,150,113,156,173,97,95,92,128,132,136,135,89,167,95,89,96,87,108,114,86,89,103,85,88,100,163,87,128,105,160,115,80,92,123,148,95,80,86,162,92,78,78,85,90,129,93,80,85,82,79,150,75,83,95,107,138,151,77,87,108,131,76,94,128,151,73,103,134,137,144,77,69,98,79,69,67,67,119,68,69,66,142,143,84,94,62,62,86,91,94,64,92,122,126,69,73,112,124,67,57,72,56,56,90,139,142,148,134,101,59,74,109,69,52,87,149,53,62,61,67,91,107,145,72,50,48,100,128,140,149,122,52,98,149,150,64,80,147,90,58,44,62,48,42,116,52,126,39,42,60,109,137,62,64,82,138,146,63,44,36,62,126,38,35,101,64,42,32,50,91,139,139,38,62,103,80,31,35,102,109,120,120,77,146,56,74,86,108,111,35,30,110,116,44,29,131,40,25,109,118,32,57,24,47,63,126,42,72,26,53,68,135,72,51,47,55,113,34,20,31,92,117,66,42,39,26,16,49,100,49,26,11,16,21,115,64,93,105,109,124,39,16,141,20,38,45,105,110,43,4,86,31,28,27,49,13,43,55,0,82,117,139,17,108,125,126
99,103,103,142,137,116,108,94,159,149,107,103,100,93,102,112,148,142,114,91,92,93,92,124,107,147,132,151,116,89,87,117,105,90,125,103,90,102,103,84,84,99,81,117,88,81,90,156,106,92,99,152,115,122,90,85,80,155,132,144,138,95,89,100,87,77,74,81,89,94,81,73,77,129,74,75,87,125,70,77,79,83,135,102,70,141,100,106,100,69,94,123,98,78,79,69,64,99,98,66,64,63,88,62,66,67,131,72,61,65,129,102,69,103,100,57,72,74,78,68,54,121,60,54,138,88,52,77,81,68,129,61,49,51,73,143,108,90,48,61,69,76,56,116,46,76,76,58,48,73,44,128,102,57,72,101,49,123,54,89,77,54,44,63,49,48,37,62,70,138,114,78,45,52,105,100,35,41,115,93,53,31,61,62,109,41,34,30,99,67,32,36,45,44,28,67,41,28,25,34,36,110,68,35,39,122,68,52,117,97,33,40,62,136,71,44,30,47,49,23,103,37,23,55,20,132,128,33,34,114,97,56,17,37,21,123,120,106,73,37,21,130,107,82,72,65,34,21,14,25,28,43,120,68,60,101,46,39,24,29,125,83,6,113,110,109,131,69,39,27,82,0,35,57,65,26,43,44
111,96,96,170,164,139,129,99,189,177,127,122,93,105,92,96,177,170,137,95,93,92,92,151,92,177,159,180,142,102,97,143,128,105,152,127,106,88,127,85,97,84,88,145,107,83,80,187,132,115,83,183,143,150,112,105,78,186,162,175,169,119,76,127,109,94,84,74,76,119,101,82,72,160,90,72,73,156,81,70,70,71,166,130,83,172,128,135,128,70,121,153,126,66,66,88,79,128,127,84,80,78,115,78,62,61,163,96,64,61,161,132,93,133,131,73,57,58,59,55,63,153,82,56,171,119,69,56,111,95,162,87,63,54,53,177,140,121,56,48,50,54,47,148,55,52,53,84,68,51,58,162,134,84,103,133,42,156,40,121,108,82,42,41,77,75,56,39,44,173,148,110,73,34,139,133,40,69,149,127,84,44,36,36,143,70,35,51,133,100,34,30,28,27,52,37,72,53,43,28,27,144,102,26,24,157,102,26,152,131,24,22,95,171,105,77,60,21,82,52,137,69,54,24,50,167,163,66,16,149,132,90,30,14,54,157,154,141,108,71,22,165,141,117,107,100,11,55,26,15,12,11,155,103,25,136,80,73,13,9,160,118,31,148,145,144,166,104,74,62,117,35,0,22,100,9,8,9
123,98,98,189,183,156,145,107,208,196,143,137,95,117,93,92,196,189,155,103,101,99,98,169,89,196,178,200,160,115,109,161,145,120,171,144,121,85,144,93,110,82,99,164,123,92,81,208,150,131,79,204,162,169,129,121,85,206,182,195,189,137,76,145,126,109,97,77,74,137,117,94,78,180,105,78,71,176,94,74,73,71,186,149,98,192,147,154,147,79,140,174,145,66,66,105,93,148,147,100,95,93,135,93,69,68,184,114,75,68,182,152,111,154,151,89,57,57,56,58,76,174,100,67,192,139,85,51,131,114,183,106,79,66,49,198,161,141,70,52,49,48,54,169,70,46,46,103,86,45,74,183,155,103,123,155,51,178,45,142,129,102,54,40,96,95,74,36,36,194,170,131,93,38,160,155,55,89,171,148,105,61,31,31,165,90,50,70,155,121,50,44,36,35,72,26,92,73,62,42,40,166,123,40,35,178,123,25,173,153,39,32,117,193,127,98,81,25,104,73,159,91,75,18,71,189,185,87,31,171,154,112,50,27,75,179,176,162,130,93,42,187,163,138,128,121,27,77,47,35,31,17,177,125,8,158,102,95,35,30,182,140,53,170,167,166,188,126,96,84,139,57,22,0,122,31,14,13
109,140,141,104,102,96,96,118,114,107,95,96,138,105,143,159,106,102,92,117,121,125,123,93,153,104,95,105,89,100,105,88,87,95,90,86,93,149,85,116,96,146,105,84,86,112,134,106,80,82,148,103,81,83,80,83,117,104,88,96,92,76,136,75,78,86,96,124,137,74,80,97,118,84,85,115,137,81,92,120,123,130,87,71,88,90,69,70,69,106,67,77,66,127,128,74,83,64,64,76,80,82,62,81,108,112,80,66,98,110,77,61,64,61,60,78,124,127,133,119,87,70,64,95,82,52,75,134,51,54,74,57,78,93,129,85,59,50,86,113,124,133,107,62,83,134,134,54,67,131,77,71,52,52,43,50,101,65,110,43,40,49,94,121,50,52,68,122,130,78,57,35,49,110,49,45,85,51,56,39,39,76,122,123,51,48,88,65,42,29,86,93,104,104,61,130,42,59,70,92,95,49,25,93,99,60,24,115,55,37,93,102,23,73,21,33,48,109,28,56,41,38,52,118,56,68,64,39,96,50,34,19,76,100,50,58,56,42,15,33,83,66,43,20,13,12,98,47,77,89,93,107,56,9,124,37,22,28,88,93,60,19,69,48,45,44,66,5,26,38,17,65,100,122,0,91,108,109
107,98,98,163,158,134,124,97,181,170,122,117,95,102,95,100,170,163,132,94,93,92,91,144,96,169,153,173,135,98,94,136,122,101,145,121,102,91,121,85,93,88,86,138,102,82,83,180,126,109,87,176,136,143,107,100,78,178,155,167,161,113,79,120,103,90,81,75,79,113,96,79,73,152,85,72,76,148,78,71,72,73,158,123,80,164,121,128,121,69,115,146,119,68,69,83,74,121,120,79,75,74,108,73,62,62,155,90,63,61,153,124,86,126,123,69,60,61,64,58,60,145,76,54,163,111,64,61,103,88,153,80,59,52,57,168,132,113,53,50,54,59,48,140,52,58,59,77,62,56,54,153,126,77,95,125,42,148,42,113,100,75,40,46,69,68,50,45,50,164,140,102,66,37,131,125,36,62,141,118,76,39,42,43,135,62,32,45,124,92,31,29,30,29,45,45,64,46,37,26,26,135,93,25,25,148,93,32,143,122,23,24,87,162,96,68,52,26,74,44,128,61,46,32,42,158,154,57,16,140,123,81,23,17,45,149,146,132,99,62,16,156,133,108,98,91,13,46,18,10,10,19,146,94,34,127,71,64,8,7,151,109,23,139,136,135,157,95,65,53,108,26,9,31,91,0,17,18
115,97,97,177,171,146,136,102,196,185,134,128,94,110,93,95,185,178,144,98,96,95,94,158,91,184,167,188,149,107,102,150,135,111,159,133,112,87,134,89,102,84,93,152,113,87,81,195,139,121,82,191,150,158,119,111,81,194,169,183,176,126,76,134,116,100,89,76,75,126,108,87,75,167,96,74,72,163,86,72,71,71,174,137,89,180,135,142,135,73,129,161,133,66,66,95,84,136,135,91,86,84,123,84,65,64,171,103,68,63,169,140,100,141,138,79,57,57,58,56,68,161,89,60,179,126,75,54,119,103,170,94,69,58,51,185,148,129,61,49,49,52,49,156,61,50,50,91,75,48,64,170,142,91,111,141,45,164,41,129,116,89,46,40,84,82,63,38,41,181,156,118,81,35,147,141,45,76,157,135,92,50,34,34,151,77,40,58,141,108,40,35,30,29,59,33,79,61,50,33,31,152,110,31,28,165,110,24,160,139,29,25,103,179,113,85,68,21,90,59,145,77,62,20,58,175,171,74,21,157,140,98,37,17,62,166,163,149,116,79,29,173,149,125,115,108,16,63,34,22,19,10,163,111,18,144,88,81,21,17,168,126,39,156,153,152,174,112,82,70,125,43,8,14,108,17,0,1
116,97,97,178,172,147,136,103,197,186,134,129,94,111,93,95,185,179,145,99,97,95,95,159,91,185,168,189,150,108,102,151,136,112,160,134,113,87,134,89,102,84,93,153,114,87,81,196,140,122,81,192,151,159,120,112,81,195,170,183,177,127,76,135,116,101,90,76,75,127,108,88,75,168,96,74,72,164,87,72,71,71,175,138,90,181,136,143,136,74,130,162,134,66,66,96,85,136,136,91,86,84,124,84,65,64,172,104,69,64,170,141,100,142,139,80,57,57,58,56,69,162,90,61,180,127,76,54,119,103,170,95,70,59,51,186,149,130,62,49,49,51,50,157,62,50,50,92,76,48,65,171,143,92,112,142,45,165,42,130,117,90,47,40,85,83,64,38,40,182,157,119,82,35,148,142,46,77,158,136,93,51,33,34,152,78,41,59,142,109,40,36,30,29,60,32,80,62,51,33,32,153,111,31,28,166,111,24,161,140,30,25,104,180,114,86,69,21,91,60,146,78,63,20,59,176,172,75,21,158,141,99,38,18,63,167,164,150,117,80,30,174,150,126,116,109,17,64,34,23,20,10,164,112,17,145,89,82,22,17,169,127,40,157,154,153,175,113,83,71,126,44,9,13,109,18,1,0
