0,0,0,0,0,0,0,0,0,0,0,0,0,0,0,0,0,0,0,0,0,0,0,0,0,0,0,0,0,0,0,0,0,0,0,0,0,0,0,0,0,0,0,0,0,0,0,0,0,0,0,0,0,0,0,0,0,0,0,0,0,0,0,0,0,0,0,0,0,0,0,0,0,0,0,0,0,0,0,0,0,0,0,0,0,0,0,0,0,0,0,0,0,0,0,0,0,0,0,0,0,0,0,0,0,0,0,0,0,0,0,0,0,0,0,0,0,0,0,0,0,0,0,0,0,0,0,0,0,0,0,0,0,0,0,0,0,0,0,0,0,0,0,0,0,0,0,0,0,0,0,0,0,0,0,0,0,0,0,0,0,0,0,0,0,0,0,0,0,0,0,0,0,0,0,0,0,0,0,0,0,0,0,0,0,0,0,0,0,0,0,0,0,0,0,0,0,0,0,0,0,0,0,0,0,0,0,0,0,0,0,0,0,0,0,0,0,0,0,0,0,0,0,0,0,0,0,0,0,0,0,0,0,0,0,0,0,0,0,0,0,0,0,0,0,0,0,0,0,0,0,0,0,0,0,0,0,0,0,0,0,0,0,0,0,0,0,0,0,0,0,0,0,0,0,0,0,0,0,0,0,0,0,0,0,0,0,0,0,0,0,0,0,0,0,0,0,0,0,0,0,0,0,0,0,0,0,0,0,0,0,0,0,0,0,0,0
,1199,1455,1479,1328,1419,1402,1183,1216,1679,1172,1493,1383,1169,1374,1138,1671,1283,1147,1533,1143,1800,1316,1591,1300,1793,1326,1462,1378,1188,1454,1193,1241,1404,1570,1416,1298,1259,1406,1726,1295,1636,1367,1630,1265,1287,1369,1771,1560,1800,1423,1310,1460,1154,1648,1753,1302,1356,1694,1410,1766,1671,1588,1801,1169,1806,1472,1201,1802,1274,1786,1559,1347,1310,1465,1674,1557,1660,1275,1386,1714,1418,1235,1406,1255,1775,1258,1621,1242,1383,1672,1593,1164,1254,1476,1773,1626,1321,1778,1142,1588,1305,1468,1213,1489,1279,1290,1326,1220,1406,1363,1178,1298,1329,1702,1536,1349,1592,1416,1501,1469,1804,1553,1573,1342,1147,1445,1336,1422,1571,1187,1520,1237,1468,1382,1787,1408,1619,1752,1207,1376,1555,1620,1521,1407,1798,1536,1519,1492,1198,1693,1655,1583,1299,1305,1147,1182,1531,1307,1626,1598,1134,1337,1327,1414,1159,1583,1593,1590,1755,1542,1615,1421,1216,1597,1199,1606,1680,1738,1542,1440,1724,1581,1802,1798,1496,1383,1436,1360,1440,1195,1706,1135,1303,1614,1461,1302,1744,1781,1256,1713,1545,1669,1721,1621,1451,1244,1622,1353,1418,1489,1373,1370,1681,1574,1625,1140,1294,1447,1644,1172,1685,1286,1258,1334,1556,1680,1474,1782,1753,1661,1464,1659,1687,1767,1634,1252,1741,1620,1182,1575,1625,1716,1612,1209,1485,1276,1588,1689,1748,1265,1463,1682,1352,1733,1255,1421,1328,1336,1635,1196,1223,1364,1651,1218,1643,1601,1213,1225,1586,1575,1196,1654,1760,1239,1463,1691,1300,1186,1776,1751,1211,1217,1416,1363,1238,1526,1742,1561,1366,1240,1339,1190,1172,1661,1722,1599,1260,1346,1259,1404,1187,1482,1747,1629,1789,1435,1375,1260,1710,1762,1647,1697,1280,1280,1481,1347
,1460,1262,1140,1203,1376,1308,1627,1562,1582,1194,1539,1631,1457,1573,1646,1557,1791,1756,1350,1707,1402,1498,1304,1603,1448,1506,1471,1397,1183,1278,1414,1488,1595,1190,1589,1276,1557,1263,1143,1298,1303,1514,1786,1264,1202,1747,1311,1284,1588,1197,1462,1593,1210,1565,1160,1322,1205,1271,1666,1238,1554,1798,1715,1445,1712,1293,1187,1612,1471,1655,1805,1757,1721,1389,1618,1487,1556,1184,1665,1451,1472,1249,1501,1413,1234,1286,1753,1153,1562,1544,1571,1261,1330,1735,1668,1683,1662,1306,1499,1141,1571,1662,1635,1525,1438,1714,1635,1448,1656,1739,1605,1192,1589,1716,1279,1772,1310,1804,1657,1722,1786,1749,1305,1370,1594,1150,1647,1202,1539,1418,1636,1803,1694,1519,1544,1337,1230,1567,1663,1676,1335,1707,1602,1168,1694,1211,1567,1154,1309,1768,1651,1638,1195,1521,1748,1256,1532,1530,1521,1288,1264,1724,1133,1161,1308,1799,1258,1550,1729,1772,1511,1798,1273,1571,1181,1421,1460,1566,1147,1228,1210,1260,1452,1189,1577,1303,1570,1392,1614,1769,1468,1379,1705,1165,1663,1202,1554,1364,1646,1766,1626,1624,1132,1678,1144,1798,1588,1682,1579,1648,1377,1658,1140,1737,1400,1455,1304,1290,1479,1674,1229,1232,1689,1658,1521,1354,1808,1571,1476,1787,1629,1800,1275,1528,1332,1520,1750,1802,1782,1153,1446,1649,1742,1756,1798,1229,1805,1211,1308,1189,1780,1770,1554,1736,1763,1693,1300,1333,1806,1469,1511,1153,1806,1408,1520,1456,1764,1597,1338,1171,1343,1189,1242,1378,1386,1169,1802,1688,1574,1448,1573,1246,1190,1234,1585,1449,1285,1301,1469,1144,1476,1282,1320,1187,1462,1632,1458,1387,1182,1492,1531,1662,1226,1800,1708,1746,1773,1331,1335,1748,1387,1175,1491,1438,1427,1283
,1223,1709,1657,1780,1342,1599,1382,1332,1279,1571,1581,1242,1454,1212,1667,1543,1193,1545,1734,1133,1689,1466,1678,1660,1341,1781,1188,1714,1491,1298,1593,1502,1602,1357,1653,1616,1465,1232,1574,1326,1731,1520,1692,1488,1292,1404,1777,1717,1341,1516,1590,1753,1376,1296,1646,1763,1150,1411,1251,1592,1566,1460,1369,1444,1192,1785,1697,1145,1255,1509,1799,1423,1485,1632,1547,1645,1364,1428,1262,1326,1238,1325,1404,1184,1626,1379,1556,1574,1549,1255,1410,1625,1134,1236,1489,1729,1689,1766,1782,1610,1490,1569,1704,1364,1657,1485,1303,1257,1647,1492,1766,1437,1337,1795,1186,1717,1252,1583,1750,1327,1212,1385,1588,1782,1314,1706,1562,1317,1132,1177,1532,1716,1339,1689,1752,1498,1708,1397,1253,1581,1593,1156,1154,1570,1486,1561,1194,1634,1172,1149,1602,1514,1803,1665,1595,1507,1349,1512,1555,1581,1264,1459,1409,1281,1254,1375,1642,1206,1756,1324,1536,1315,1566,1592,1370,1140,1792,1725,1192,1397,1232,1410,1272,1288,1747,1421,1248,1714,1431,1564,1497,1782,1507,1714,1429,1796,1298,1806,1561,1154,1500,1741,1525,1474,1771,1518,1805,1748,1792,1356,1410,1496,1400,1365,1493,1431,1780,1145,1354,1383,1586,1754,1785,1316,1504,1363,1691,1210,1143,1662,1590,1497,1281,1781,1215,1604,1778,1588,1274,1537,1320,1357,1643,1356,1489,1439,1214,1606,1509,1433,1775,1543,1455,1806,1805,1717,1278,1670,1133,1353,1491,1765,1489,1312,1705,1594,1491,1730,1595,1376,1786,1352,1472,1749,1545,1791,1203,1355,1328,1668,1227,1274,1718,1334,1528,1454,1544,1307,1206,1507,1157,1641,1518,1518,1323,1301,1312,1292,1686,1742,1526,1416,1469,1621,1363,1419,1390,1354,1438,1473,1506,1611,1785,1381,1174,1260
,1267,1441,1260,1715,1725,1723,1243,1664,1173,1581,1528,1762,1467,1747,1363,1616,1609,1580,1158,1468,1597,1641,1372,1558,1704,1371,1484,1457,1755,1391,1411,1281,1789,1777,1477,1723,1214,1546,1152,1139,1484,1525,1699,1411,1506,1658,1746,1345,1656,1755,1470,1351,1190,1677,1607,1382,1410,1593,1649,1268,1278,1256,1486,1667,1730,1520,1543,1467,1710,1600,1740,1718,1519,1352,1354,1288,1360,1236,1218,1730,1614,1439,1641,1415,1479,1565,1186,1142,1333,1775,1383,1288,1726,1480,1658,1759,1529,1302,1665,1180,1339,1665,1392,1134,1236,1711,1426,1576,1247,1598,1348,1260,1608,1520,1471,1672,1461,1245,1706,1739,1565,1675,1356,1772,1643,1706,1555,1386,1470,1728,1609,1479,1176,1452,1497,1566,1799,1757,1487,1478,1228,1689,1183,1373,1668,1500,1586,1634,1786,1602,1224,1670,1694,1579,1588,1564,1474,1583,1643,1553,1144,1749,1468,1676,1660,1734,1373,1436,1795,1177,1702,1577,1470,1647,1745,1693,1696,1408,1432,1722,1576,1296,1695,1408,1184,1604,1633,1654,1398,1632,1383,1692,1619,1255,1727,1468,1769,1236,1245,1134,1466,1673,1137,1587,1172,1597,1746,1678,1479,1182,1763,1760,1758,1428,1729,1201,1526,1632,1501,1618,1553,1603,1588,1604,1208,1264,1364,1766,1539,1804,1222,1631,1530,1649,1151,1492,1583,1339,1673,1566,1508,1673,1678,1459,1744,1189,1554,1557,1603,1448,1749,1307,1653,1415,1613,1648,1370,1745,1447,1748,1355,1446,1419,1189,1742,1690,1221,1332,1259,1547,1717,1291,1414,1164,1456,1199,1547,1339,1493,1234,1705,1705,1340,1685,1345,1386,1372,1382,1252,1667,1248,1167,1349,1459,1184,1655,1738,1482,1568,1214,1317,1168,1481,1788,1616,1483,1239,1539,1329,1612,1510,1175,1544,1562,1164,1321
,1707,1484,1754,1704,1492,1505,1259,1284,1152,1757,1308,1749,1588,1680,1651,1712,1540,1595,1434,1696,1390,1726,1451,1300,1226,1552,1385,1501,1160,1544,1578,1269,1678,1259,1389,1807,1532,1655,1362,1215,1691,1728,1583,1169,1659,1192,1753,1515,1462,1171,1478,1137,1597,1517,1364,1693,1211,1204,1334,1200,1209,1377,1775,1717,1562,1684,1204,1259,1508,1793,1707,1787,1259,1370,1411,1383,1437,1148,1612,1197,1618,1197,1634,1731,1260,1786,1425,1463,1308,1653,1577,1138,1802,1615,1684,1593,1530,1667,1255,1307,1669,1652,1143,1639,1674,1382,1704,1163,1714,1564,1457,1550,1508,1162,1670,1679,1181,1344,1161,1426,1651,1185,1203,1196,1333,1438,1138,1665,1277,1393,1605,1340,1324,1617,1772,1696,1156,1525,1567,1802,1238,1577,1772,1557,1134,1449,1401,1452,1690,1442,1275,1723,1218,1140,1417,1638,1585,1534,1308,1484,1529,1326,1475,1617,1429,1134,1287,1412,1369,1677,1164,1200,1396,1462,1263,1305,1461,1636,1326,1247,1578,1156,1328,1585,1444,1752,1359,1436,1134,1699,1272,1642,1241,1780,1202,1379,1614,1390,1161,1527,1581,1647,1255,1151,1227,1799,1380,1233,1781,1671,1793,1686,1752,1190,1192,1678,1767,1547,1244,1399,1167,1468,1394,1151,1776,1466,1302,1745,1562,1228,1495,1593,1181,1565,1189,1458,1197,1308,1723,1383,1455,1688,1752,1279,1774,1257,1613,1646,1795,1673,1604,1489,1422,1628,1332,1596,1348,1420,1414,1762,1563,1554,1739,1463,1212,1575,1620,1613,1766,1476,1152,1739,1712,1155,1445,1439,1703,1168,1620,1465,1638,1708,1434,1579,1132,1504,1255,1621,1179,1427,1673,1466,1784,1463,1202,1470,1413,1329,1461,1581,1763,1388,1577,1251,1687,1776,1349,1150,1720,1652,1600,1515,1579,1328,1244,1567
,1604,1369,1703,1647,1373,1710,1494,1417,1361,1285,1636,1511,1136,1307,1796,1702,1161,1763,1534,1309,1774,1407,1558,1765,1607,1563,1198,1673,1136,1414,1301,1393,1496,1310,1508,1710,1193,1388,1634,1188,1659,1638,1516,1746,1611,1660,1175,1617,1544,1250,1162,1678,1802,1769,1377,1592,1492,1306,1522,1538,1266,1225,1448,1424,1188,1197,1259,1589,1136,1225,1680,1296,1567,1141,1394,1693,1302,1774,1349,1417,1270,1478,1698,1225,1502,1595,1787,1715,1175,1179,1454,1309,1652,1230,1584,1774,1374,1769,1661,1241,1257,1339,1672,1160,1335,1277,1696,1756,1136,1204,1159,1590,1291,1722,1278,1591,1759,1596,1631,1519,1651,1696,1587,1455,1343,1428,1796,1322,1143,1806,1570,1607,1267,1747,1713,1220,1241,1776,1299,1687,1366,1365,1693,1372,1532,1258,1776,1603,1557,1702,1791,1179,1729,1341,1397,1754,1674,1563,1653,1287,1706,1571,1616,1403,1729,1389,1545,1248,1701,1754,1222,1317,1785,1434,1807,1503,1246,1393,1167,1186,1461,1713,1316,1707,1406,1527,1492,1437,1181,1482,1706,1685,1405,1151,1148,1735,1231,1548,1297,1483,1446,1533,1680,1656,1554,1222,1193,1742,1449,1225,1500,1486,1329,1443,1155,1580,1201,1602,1724,1680,1145,1780,1720,1626,1622,1749,1751,1574,1676,1800,1326,1325,1553,1301,1374,1718,1372,1450,1785,1586,1620,1323,1653,1731,1538,1467,1496,1481,1672,1208,1306,1457,1146,1329,1546,1341,1414,1496,1244,1145,1307,1705,1561,1629,1663,1796,1696,1726,1754,1351,1705,1440,1229,1432,1707,1319,1791,1754,1214,1506,1514,1376,1504,1703,1654,1593,1303,1196,1196,1351,1562,1370,1532,1209,1581,1181,1177,1330,1166,1791,1210,1136,1452,1703,1596,1541,1644,1186,1493,1406,1317,1281,1696,1329,1365,1514
,1413,1192,1460,1747,1436,1583,1742,1783,1510,1180,1452,1340,1663,1194,1651,1762,1489,1240,1620,1279,1297,1393,1219,1446,1199,1175,1177,1278,1435,1152,1800,1323,1141,1534,1394,1785,1762,1696,1666,1332,1549,1383,1419,1220,1151,1431,1658,1145,1446,1316,1231,1334,1638,1678,1443,1477,1514,1779,1197,1669,1393,1585,1471,1611,1275,1548,1458,1409,1665,1200,1535,1550,1174,1713,1737,1193,1302,1531,1338,1640,1267,1245,1211,1399,1803,1748,1148,1307,1374,1726,1512,1375,1776,1422,1623,1303,1777,1508,1285,1586,1521,1742,1294,1201,1473,1579,1659,1610,1374,1518,1661,1696,1622,1601,1689,1223,1489,1508,1774,1140,1549,1473,1683,1186,1205,1411,1144,1640,1380,1635,1630,1567,1455,1684,1663,1314,1800,1474,1755,1791,1461,1402,1622,1575,1615,1793,1323,1309,1138,1381,1354,1231,1426,1536,1434,1792,1345,1776,1480,1438,1493,1695,1369,1194,1721,1749,1807,1641,1154,1573,1378,1146,1332,1471,1471,1274,1169,1575,1500,1341,1613,1186,1365,1194,1155,1459,1546,1594,1735,1773,1679,1386,1351,1743,1539,1458,1159,1391,1795,1608,1136,1294,1724,1664,1448,1563,1301,1294,1759,1730,1782,1307,1261,1313,1448,1731,1452,1404,1376,1173,1163,1264,1253,1642,1252,1457,1503,1296,1174,1576,1438,1401,1469,1446,1304,1214,1622,1498,1210,1763,1690,1205,1542,1314,1277,1313,1219,1753,1255,1161,1356,1386,1631,1587,1148,1736,1204,1713,1162,1699,1360,1300,1173,1263,1574,1220,1211,1418,1152,1722,1229,1215,1495,1186,1771,1388,1804,1495,1733,1516,1347,1382,1608,1354,1532,1637,1218,1637,1402,1586,1670,1625,1286,1497,1755,1291,1233,1153,1494,1383,1216,1564,1586,1519,1400,1247,1629,1622,1597,1246,1492,1518,1156,1137,1563,1515
,1274,1557,1378,1199,1714,1528,1495,1589,1354,1201,1805,1190,1173,1431,1555,1725,1313,1279,1485,1744,1568,1548,1764,1678,1327,1139,1649,1171,1605,1450,1625,1360,1759,1235,1483,1568,1339,1175,1149,1444,1483,1272,1302,1294,1507,1613,1282,1698,1253,1528,1432,1639,1671,1445,1796,1670,1294,1429,1132,1633,1556,1241,1289,1240,1257,1138,1555,1610,1319,1534,1299,1526,1479,1239,1341,1372,1453,1533,1332,1410,1167,1281,1626,1731,1588,1351,1307,1280,1183,1187,1438,1229,1667,1240,1785,1307,1410,1802,1676,1281,1519,1233,1361,1593,1463,1579,1245,1148,1191,1440,1135,1566,1270,1250,1672,1541,1233,1249,1487,1132,1652,1690,1465,1444,1529,1253,1232,1682,1524,1494,1380,1612,1627,1218,1400,1730,1146,1156,1766,1776,1706,1277,1216,1614,1608,1286,1708,1238,1414,1139,1210,1741,1477,1235,1219,1693,1368,1516,1806,1193,1379,1510,1733,1291,1457,1615,1578,1221,1298,1732,1648,1698,1613,1192,1601,1458,1527,1370,1456,1174,1207,1191,1149,1804,1503,1239,1513,1183,1690,1214,1533,1686,1627,1662,1171,1216,1191,1572,1177,1651,1741,1725,1585,1619,1682,1659,1455,1185,1162,1417,1547,1356,1759,1743,1715,1684,1328,1661,1445,1398,1261,1353,1519,1208,1306,1633,1302,1658,1569,1241,1396,1371,1704,1237,1544,1237,1624,1511,1223,1495,1144,1806,1580,1455,1476,1185,1765,1302,1287,1670,1552,1567,1144,1349,1680,1585,1706,1477,1508,1249,1784,1369,1139,1585,1790,1408,1507,1348,1200,1680,1503,1730,1474,1601,1347,1132,1441,1311,1642,1630,1753,1354,1768,1477,1758,1320,1714,1473,1400,1271,1165,1626,1164,1778,1545,1135,1516,1624,1657,1327,1572,1573,1173,1271,1338,1541,1289,1690,1726,1739,1746,1757,1581,1575,1700,1552
,1194,1222,1372,1729,1542,1182,1428,1630,1540,1657,1575,1371,1588,1691,1623,1706,1798,1269,1293,1146,1707,1336,1624,1164,1791,1595,1363,1772,1248,1714,1226,1604,1477,1241,1446,1321,1133,1286,1715,1663,1154,1195,1607,1290,1663,1261,1341,1535,1478,1334,1446,1518,1247,1496,1721,1484,1218,1411,1299,1424,1188,1135,1358,1643,1168,1761,1702,1531,1221,1347,1150,1758,1343,1187,1680,1347,1627,1206,1417,1805,1262,1657,1455,1278,1543,1187,1638,1317,1405,1430,1555,1144,1528,1228,1382,1767,1214,1139,1330,1509,1628,1486,1666,1208,1209,1272,1725,1582,1787,1572,1394,1710,1537,1350,1253,1631,1171,1651,1707,1162,1465,1745,1533,1358,1209,1179,1726,1799,1280,1292,1511,1342,1761,1397,1408,1230,1704,1243,1383,1364,1532,1186,1626,1186,1650,1649,1282,1276,1433,1598,1442,1133,1744,1358,1501,1191,1160,1655,1406,1169,1642,1193,1492,1680,1316,1768,1186,1146,1221,1498,1576,1790,1734,1661,1195,1338,1498,1662,1215,1425,1647,1149,1747,1761,1511,1604,1217,1607,1342,1780,1741,1582,1761,1210,1254,1477,1514,1629,1480,1796,1542,1238,1647,1311,1691,1548,1577,1606,1624,1334,1325,1724,1546,1358,1689,1176,1707,1412,1210,1535,1795,1633,1305,1160,1271,1790,1405,1466,1343,1343,1500,1577,1422,1289,1433,1226,1306,1774,1432,1415,1151,1453,1202,1755,1534,1597,1219,1806,1160,1304,1702,1232,1470,1335,1522,1606,1459,1572,1792,1214,1681,1638,1778,1535,1647,1214,1808,1461,1369,1508,1791,1338,1794,1438,1248,1454,1215,1787,1278,1347,1305,1358,1567,1619,1530,1144,1582,1226,1297,1576,1718,1294,1676,1176,1241,1293,1607,1296,1424,1341,1407,1686,1520,1247,1361,1714,1197,1666,1248,1386,1274,1586,1311,1232,1195,1163
,1250,1163,1668,1795,1288,1775,1315,1614,1405,1478,1441,1684,1196,1404,1571,1641,1311,1275,1568,1560,1317,1292,1702,1411,1663,1747,1504,1228,1580,1463,1498,1181,1269,1154,1547,1382,1535,1728,1539,1782,1635,1424,1606,1232,1476,1207,1446,1803,1541,1741,1498,1754,1137,1802,1479,1309,1216,1420,1212,1776,1469,1358,1696,1547,1787,1713,1466,1507,1524,1642,1650,1730,1456,1658,1719,1446,1722,1542,1705,1606,1476,1173,1796,1783,1444,1337,1703,1691,1474,1774,1210,1483,1546,1352,1801,1539,1607,1340,1771,1248,1398,1727,1755,1132,1280,1300,1578,1689,1474,1600,1274,1632,1788,1743,1246,1388,1721,1604,1800,1304,1507,1711,1224,1258,1411,1577,1340,1452,1138,1651,1742,1627,1415,1329,1372,1436,1717,1170,1616,1766,1305,1764,1549,1157,1737,1455,1175,1679,1727,1204,1147,1247,1409,1766,1265,1304,1484,1191,1574,1213,1527,1293,1286,1143,1261,1161,1448,1475,1195,1206,1423,1479,1353,1745,1151,1254,1558,1530,1532,1218,1192,1346,1405,1191,1666,1417,1778,1315,1152,1728,1165,1574,1186,1156,1655,1293,1148,1641,1746,1667,1671,1642,1690,1663,1277,1517,1593,1207,1779,1326,1768,1492,1222,1549,1599,1628,1783,1693,1198,1315,1796,1658,1300,1177,1439,1401,1479,1424,1358,1480,1327,1543,1686,1698,1573,1320,1727,1583,1554,1519,1482,1246,1132,1227,1783,1348,1579,1429,1458,1340,1678,1745,1407,1362,1654,1645,1514,1627,1227,1488,1576,1731,1704,1622,1131,1728,1259,1601,1139,1383,1648,1760,1453,1232,1644,1775,1152,1164,1545,1631,1562,1587,1480,1425,1584,1214,1302,1363,1501,1627,1196,1588,1203,1408,1134,1319,1171,1514,1567,1597,1604,1377,1256,1789,1343,1677,1158,1734,1612,1603,1320,1375,1349,1669,1361,1271
,1298,1222,1148,1191,1681,1383,1250,1626,1232,1393,1550,1703,1406,1168,1197,1265,1804,1256,1789,1383,1698,1195,1418,1639,1219,1222,1665,1743,1438,1655,1514,1601,1710,1760,1228,1417,1739,1795,1241,1374,1726,1168,1280,1611,1768,1531,1765,1424,1388,1241,1404,1305,1192,1433,1290,1206,1353,1180,1726,1723,1617,1277,1768,1229,1415,1335,1627,1524,1715,1449,1795,1373,1148,1206,1412,1719,1753,1280,1259,1377,1183,1480,1417,1742,1748,1404,1376,1802,1511,1799,1797,1666,1678,1340,1469,1178,1597,1331,1423,1700,1606,1228,1716,1765,1427,1290,1504,1680,1233,1397,1509,1493,1396,1229,1273,1235,1300,1224,1458,1586,1231,1510,1521,1719,1363,1510,1444,1575,1684,1200,1588,1264,1141,1580,1211,1504,1610,1354,1608,1751,1524,1229,1323,1198,1613,1237,1598,1690,1313,1557,1285,1374,1780,1798,1791,1449,1643,1387,1739,1803,1807,1621,1687,1290,1565,1280,1325,1575,1799,1658,1292,1768,1730,1598,1209,1170,1346,1752,1328,1304,1801,1774,1605,1180,1312,1244,1204,1524,1394,1671,1337,1451,1431,1469,1504,1132,1377,1772,1570,1350,1131,1190,1259,1733,1172,1523,1507,1402,1655,1142,1400,1599,1347,1531,1576,1774,1571,1413,1298,1793,1277,1405,1521,1367,1202,1608,1261,1387,1698,1324,1327,1753,1331,1291,1446,1652,1254,1721,1647,1278,1785,1507,1607,1143,1642,1192,1696,1378,1678,1362,1408,1502,1321,1761,1531,1149,1290,1570,1748,1150,1640,1586,1257,1750,1709,1198,1449,1744,1343,1165,1489,1731,1649,1239,1617,1743,1571,1473,1358,1706,1592,1650,1169,1287,1792,1558,1354,1393,1320,1586,1236,1800,1591,1724,1229,1333,1736,1195,1652,1639,1421,1683,1574,1244,1444,1696,1623,1312,1798,1344,1435,1768,1777,1477,1491,1482
,1786,1310,1682,1583,1149,1643,1770,1245,1437,1169,1167,1486,1250,1658,1168,1491,1218,1153,1531,1788,1804,1744,1762,1678,1471,1421,1717,1667,1342,1747,1472,1588,1321,1137,1375,1339,1151,1688,1321,1579,1776,1594,1793,1379,1464,1467,1141,1239,1769,1134,1686,1551,1173,1761,1707,1451,1228,1423,1790,1506,1302,1449,1185,1641,1292,1242,1581,1528,1143,1132,1483,1439,1782,1330,1524,1242,1307,1182,1690,1314,1805,1583,1165,1504,1584,1471,1753,1288,1588,1281,1671,1189,1392,1565,1802,1204,1431,1584,1761,1533,1565,1132,1351,1788,1219,1720,1556,1386,1354,1473,1751,1324,1196,1588,1668,1457,1288,1519,1297,1238,1471,1438,1761,1615,1667,1269,1799,1398,1414,1394,1543,1477,1600,1303,1188,1676,1186,1380,1539,1326,1336,1376,1356,1340,1373,1600,1732,1469,1433,1219,1784,1760,1700,1303,1221,1638,1415,1428,1266,1661,1762,1321,1514,1565,1173,1150,1556,1210,1737,1289,1651,1448,1718,1372,1187,1612,1312,1469,1778,1507,1279,1483,1738,1557,1344,1407,1186,1342,1176,1219,1628,1341,1745,1662,1251,1754,1298,1265,1317,1513,1191,1747,1340,1411,1342,1623,1302,1550,1247,1537,1743,1435,1660,1539,1742,1796,1396,1498,1228,1273,1491,1687,1183,1283,1774,1233,1621,1435,1376,1247,1640,1791,1145,1344,1477,1293,1490,1437,1616,1402,1677,1598,1196,1402,1376,1241,1132,1639,1541,1150,1229,1735,1662,1636,1396,1412,1581,1660,1704,1347,1395,1505,1362,1514,1529,1445,1684,1495,1749,1627,1639,1238,1628,1613,1608,1233,1587,1525,1423,1561,1720,1302,1214,1176,1642,1412,1415,1133,1231,1388,1404,1449,1769,1166,1286,1399,1412,1401,1734,1738,1415,1195,1728,1550,1532,1344,1608,1247,1718,1465,1439,1630,1244,1242,1340,1631
,1795,1641,1370,1563,1709,1437,1232,1588,1274,1436,1524,1613,1734,1727,1569,1348,1651,1678,1795,1785,1255,1159,1161,1654,1776,1633,1244,1214,1460,1582,1377,1791,1803,1345,1370,1183,1686,1380,1579,1218,1703,1504,1769,1629,1276,1399,1390,1338,1628,1718,1284,1626,1534,1376,1517,1303,1807,1476,1618,1289,1453,1215,1711,1377,1508,1219,1669,1443,1378,1379,1395,1300,1262,1654,1729,1794,1620,1372,1268,1394,1154,1385,1310,1462,1337,1794,1513,1470,1665,1311,1563,1430,1349,1628,1177,1736,1375,1619,1754,1140,1219,1736,1559,1273,1311,1639,1148,1310,1602,1731,1540,1512,1363,1437,1494,1238,1687,1410,1604,1573,1752,1774,1769,1664,1479,1775,1702,1778,1608,1524,1261,1552,1461,1466,1705,1313,1545,1541,1472,1751,1600,1489,1572,1658,1229,1232,1491,1279,1514,1378,1689,1807,1313,1606,1774,1553,1148,1255,1352,1614,1497,1656,1446,1547,1648,1680,1506,1427,1507,1414,1264,1281,1277,1632,1571,1536,1218,1258,1168,1370,1326,1758,1202,1538,1439,1205,1383,1745,1256,1309,1380,1251,1735,1586,1648,1183,1208,1695,1212,1524,1283,1479,1477,1139,1625,1683,1596,1522,1740,1759,1232,1413,1789,1369,1315,1327,1461,1400,1341,1790,1649,1537,1470,1730,1253,1477,1555,1533,1625,1382,1655,1786,1672,1167,1649,1357,1601,1506,1313,1503,1179,1770,1365,1648,1289,1501,1786,1485,1337,1653,1159,1318,1221,1639,1764,1157,1211,1154,1394,1398,1151,1623,1377,1551,1595,1615,1338,1406,1191,1581,1335,1361,1229,1408,1197,1393,1353,1527,1200,1797,1427,1530,1773,1767,1298,1440,1515,1649,1367,1691,1435,1165,1236,1625,1734,1566,1210,1546,1419,1424,1644,1404,1777,1158,1502,1344,1469,1439,1785,1152,1358,1403,1461,1793,1806,1153
,1394,1191,1568,1196,1664,1769,1144,1636,1326,1275,1395,1511,1535,1573,1792,1268,1344,1412,1330,1355,1479,1447,1709,1643,1260,1789,1592,1617,1547,1317,1641,1492,1631,1422,1200,1684,1598,1359,1555,1202,1263,1446,1322,1736,1691,1805,1747,1734,1661,1711,1282,1719,1244,1716,1624,1413,1180,1392,1191,1563,1193,1476,1453,1482,1399,1164,1200,1762,1456,1758,1170,1574,1680,1674,1654,1625,1683,1736,1541,1397,1775,1461,1596,1671,1435,1526,1359,1679,1172,1287,1289,1263,1615,1290,1479,1166,1747,1672,1764,1430,1380,1483,1739,1261,1352,1134,1370,1460,1454,1465,1514,1139,1691,1270,1618,1443,1349,1622,1301,1779,1685,1311,1243,1428,1250,1656,1761,1580,1704,1412,1710,1702,1477,1713,1274,1441,1399,1440,1451,1199,1582,1250,1215,1728,1549,1391,1134,1799,1276,1558,1287,1278,1440,1715,1670,1177,1607,1198,1678,1336,1289,1666,1474,1630,1382,1548,1608,1698,1434,1805,1305,1418,1197,1147,1584,1481,1400,1603,1526,1365,1282,1804,1401,1365,1456,1297,1636,1340,1735,1304,1590,1781,1758,1385,1329,1657,1519,1492,1500,1658,1524,1192,1729,1386,1171,1705,1806,1331,1597,1611,1232,1364,1667,1401,1234,1297,1226,1141,1761,1794,1571,1631,1787,1790,1738,1487,1694,1574,1206,1679,1244,1570,1175,1343,1328,1498,1558,1193,1155,1545,1607,1285,1426,1413,1469,1733,1789,1469,1654,1359,1530,1527,1221,1168,1754,1359,1623,1504,1539,1349,1669,1632,1151,1457,1586,1623,1444,1561,1607,1340,1210,1513,1467,1695,1632,1529,1300,1758,1186,1397,1265,1747,1460,1651,1313,1191,1735,1597,1464,1766,1586,1741,1368,1333,1717,1593,1725,1562,1158,1392,1559,1208,1490,1390,1754,1411,1240,1540,1472,1728,1773,1167,1295,1439,1673,1192
,1545,1534,1732,1528,1576,1800,1137,1651,1158,1498,1785,1717,1342,1150,1429,1570,1561,1444,1353,1541,1679,1252,1465,1316,1666,1794,1321,1583,1276,1703,1617,1324,1393,1644,1469,1421,1709,1605,1206,1550,1315,1379,1499,1493,1777,1570,1257,1357,1199,1569,1424,1452,1667,1613,1699,1767,1535,1754,1680,1735,1807,1496,1327,1288,1205,1131,1599,1436,1178,1653,1764,1523,1786,1658,1807,1552,1428,1654,1750,1264,1294,1452,1494,1547,1160,1532,1167,1666,1141,1392,1581,1293,1671,1286,1508,1182,1217,1789,1579,1627,1184,1357,1319,1185,1189,1617,1347,1458,1390,1158,1533,1143,1176,1367,1726,1379,1791,1769,1565,1415,1307,1173,1184,1228,1390,1801,1225,1174,1501,1408,1774,1346,1327,1384,1230,1516,1133,1742,1135,1161,1778,1714,1192,1804,1651,1487,1321,1458,1680,1765,1392,1645,1480,1721,1566,1677,1509,1206,1559,1467,1293,1340,1513,1480,1270,1638,1565,1343,1805,1318,1653,1344,1551,1225,1786,1471,1199,1470,1721,1553,1321,1613,1358,1418,1648,1313,1302,1806,1203,1206,1682,1665,1468,1726,1301,1601,1459,1282,1490,1778,1703,1566,1708,1491,1271,1598,1767,1544,1805,1416,1152,1797,1624,1720,1800,1458,1349,1244,1465,1665,1249,1545,1148,1330,1520,1360,1506,1541,1702,1147,1481,1276,1680,1210,1279,1284,1173,1363,1790,1322,1475,1761,1527,1492,1356,1276,1622,1434,1696,1295,1132,1748,1669,1495,1693,1144,1229,1164,1426,1312,1313,1381,1747,1775,1376,1551,1328,1500,1258,1256,1168,1365,1673,1595,1368,1187,1702,1658,1651,1752,1505,1212,1598,1538,1330,1555,1446,1471,1671,1460,1542,1648,1600,1740,1545,1361,1532,1761,1329,1525,1715,1546,1547,1501,1485,1802,1533,1476,1657,1596,1658,1521,1395,1291,1420,1485
,1429,1730,1176,1258,1697,1212,1295,1702,1704,1608,1170,1295,1682,1627,1529,1166,1204,1262,1484,1156,1466,1375,1687,1549,1478,1276,1636,1200,1599,1672,1329,1405,1688,1313,1611,1299,1317,1431,1235,1724,1133,1217,1659,1545,1391,1330,1421,1730,1453,1410,1695,1694,1194,1490,1467,1390,1200,1553,1462,1629,1296,1286,1214,1177,1437,1743,1223,1795,1229,1676,1438,1523,1592,1508,1490,1380,1424,1238,1389,1366,1680,1429,1176,1772,1173,1613,1223,1400,1642,1600,1732,1771,1513,1282,1588,1239,1483,1788,1317,1405,1769,1617,1504,1440,1334,1461,1368,1570,1707,1596,1295,1470,1167,1606,1447,1256,1759,1313,1200,1149,1470,1342,1492,1462,1195,1617,1556,1456,1566,1347,1407,1790,1319,1162,1259,1513,1184,1215,1455,1525,1672,1147,1748,1275,1179,1706,1323,1210,1330,1315,1321,1410,1299,1270,1657,1579,1438,1283,1454,1347,1522,1659,1189,1657,1594,1562,1650,1233,1359,1686,1231,1158,1320,1695,1624,1731,1524,1315,1520,1266,1236,1256,1507,1738,1806,1631,1547,1714,1249,1169,1663,1725,1279,1229,1466,1716,1382,1581,1678,1631,1251,1237,1227,1602,1174,1238,1632,1302,1216,1156,1465,1704,1447,1802,1783,1327,1566,1762,1522,1602,1287,1768,1599,1152,1386,1464,1485,1537,1323,1313,1272,1458,1344,1141,1662,1131,1311,1274,1143,1665,1407,1242,1458,1353,1248,1710,1686,1631,1213,1416,1805,1566,1179,1213,1746,1189,1634,1525,1421,1269,1755,1204,1697,1297,1131,1215,1411,1230,1151,1301,1318,1180,1445,1409,1211,1795,1269,1136,1562,1522,1141,1173,1518,1803,1359,1733,1309,1559,1298,1550,1797,1465,1283,1599,1443,1209,1386,1569,1242,1230,1138,1631,1198,1281,1201,1361,1386,1155,1182,1594,1763,1807,1521,1629,1210,1191
,1648,1288,1375,1228,1350,1730,1694,1763,1285,1680,1747,1654,1218,1375,1435,1482,1317,1444,1327,1670,1201,1645,1278,1680,1616,1648,1646,1135,1396,1547,1545,1317,1713,1450,1348,1321,1241,1510,1291,1583,1161,1780,1412,1699,1467,1666,1304,1324,1329,1351,1146,1545,1475,1649,1263,1637,1224,1580,1352,1352,1306,1560,1575,1251,1729,1568,1516,1193,1544,1566,1662,1425,1606,1207,1136,1581,1677,1216,1694,1477,1310,1777,1763,1436,1804,1355,1282,1480,1595,1550,1392,1450,1532,1659,1453,1293,1752,1138,1458,1484,1498,1328,1570,1258,1792,1508,1426,1504,1458,1774,1284,1254,1742,1304,1380,1625,1252,1698,1316,1508,1650,1714,1625,1532,1806,1520,1356,1427,1359,1783,1414,1733,1140,1442,1640,1501,1621,1390,1744,1146,1574,1660,1766,1654,1481,1407,1384,1328,1451,1747,1155,1447,1601,1164,1194,1693,1330,1616,1340,1492,1788,1531,1182,1182,1767,1541,1689,1766,1557,1671,1513,1354,1152,1533,1350,1749,1797,1185,1706,1307,1223,1427,1217,1253,1239,1621,1170,1675,1495,1715,1146,1466,1595,1681,1296,1498,1482,1422,1230,1371,1297,1335,1380,1193,1477,1253,1202,1444,1758,1401,1288,1185,1190,1412,1619,1466,1433,1474,1625,1156,1420,1134,1597,1392,1628,1379,1624,1779,1679,1580,1684,1151,1701,1309,1528,1449,1660,1745,1783,1615,1808,1143,1328,1132,1467,1792,1333,1206,1429,1529,1319,1464,1656,1535,1506,1653,1455,1709,1459,1603,1348,1247,1427,1313,1747,1288,1492,1319,1278,1344,1294,1145,1739,1705,1664,1772,1806,1731,1645,1312,1365,1396,1807,1597,1377,1298,1220,1132,1514,1541,1808,1583,1678,1296,1581,1198,1520,1371,1773,1552,1285,1212,1716,1435,1259,1476,1716,1492,1439,1389,1242,1394,1300,1494,1215,1469
,1527,1663,1377,1646,1615,1385,1452,1806,1150,1172,1293,1132,1609,1212,1710,1745,1488,1728,1139,1299,1570,1301,1799,1262,1729,1430,1196,1613,1191,1479,1466,1298,1504,1527,1542,1241,1384,1178,1202,1361,1738,1508,1451,1320,1197,1622,1318,1202,1717,1407,1199,1429,1213,1659,1624,1504,1381,1204,1169,1371,1696,1645,1333,1169,1627,1224,1519,1740,1328,1537,1227,1636,1426,1296,1531,1443,1323,1342,1417,1644,1590,1765,1167,1342,1775,1780,1678,1260,1334,1195,1244,1583,1274,1188,1552,1788,1758,1208,1583,1296,1253,1700,1733,1277,1563,1153,1152,1510,1443,1328,1386,1487,1585,1169,1207,1735,1227,1462,1372,1148,1511,1293,1766,1612,1208,1336,1515,1267,1699,1243,1605,1761,1183,1339,1276,1556,1218,1569,1217,1225,1265,1367,1272,1153,1570,1653,1736,1208,1435,1715,1286,1380,1537,1442,1492,1312,1458,1767,1410,1147,1548,1407,1308,1288,1313,1156,1149,1650,1668,1797,1424,1785,1318,1573,1151,1319,1561,1759,1135,1236,1474,1618,1539,1492,1414,1645,1356,1542,1592,1403,1468,1258,1470,1192,1582,1188,1491,1480,1498,1480,1457,1536,1294,1539,1244,1725,1158,1644,1429,1463,1373,1336,1131,1409,1397,1425,1273,1712,1411,1765,1566,1453,1477,1613,1418,1489,1166,1491,1191,1698,1346,1692,1197,1595,1217,1532,1154,1673,1514,1299,1141,1237,1346,1505,1514,1268,1462,1568,1251,1461,1282,1248,1333,1736,1287,1709,1594,1154,1707,1464,1700,1208,1444,1327,1290,1706,1660,1257,1338,1544,1801,1167,1704,1789,1267,1708,1197,1561,1228,1166,1539,1284,1488,1697,1421,1435,1803,1749,1443,1264,1543,1593,1372,1280,1691,1427,1279,1260,1729,1717,1779,1300,1319,1260,1405,1510,1777,1786,1324,1143,1209,1744,1586,1499,1167,1392
,1299,1513,1797,1557,1733,1202,1192,1751,1131,1420,1220,1726,1321,1353,1506,1541,1467,1354,1494,1490,1191,1478,1445,1564,1311,1228,1689,1650,1656,1218,1717,1388,1600,1682,1731,1767,1799,1330,1603,1571,1546,1705,1625,1257,1664,1474,1348,1679,1523,1783,1335,1327,1546,1735,1350,1517,1271,1726,1343,1686,1525,1742,1471,1562,1638,1581,1471,1595,1627,1752,1310,1569,1197,1296,1789,1720,1575,1213,1742,1504,1696,1353,1137,1203,1446,1618,1144,1419,1282,1790,1805,1290,1143,1213,1218,1716,1207,1474,1607,1212,1255,1169,1176,1493,1706,1500,1156,1161,1685,1786,1325,1321,1762,1298,1400,1300,1632,1259,1391,1562,1212,1525,1397,1780,1669,1680,1706,1315,1294,1193,1257,1788,1593,1473,1179,1466,1602,1646,1738,1728,1701,1737,1590,1772,1361,1426,1701,1577,1424,1754,1294,1566,1230,1663,1790,1202,1430,1770,1289,1355,1369,1231,1449,1570,1585,1401,1242,1719,1214,1151,1473,1227,1728,1192,1544,1176,1399,1700,1155,1299,1198,1182,1698,1542,1483,1229,1420,1689,1272,1298,1486,1454,1344,1481,1444,1766,1371,1186,1373,1694,1182,1726,1483,1565,1168,1345,1451,1332,1513,1229,1718,1802,1425,1384,1771,1774,1604,1777,1424,1149,1511,1700,1157,1331,1745,1185,1377,1310,1643,1572,1685,1280,1535,1139,1457,1638,1392,1590,1176,1571,1164,1539,1612,1477,1533,1767,1275,1141,1277,1459,1622,1322,1363,1419,1707,1767,1556,1165,1633,1562,1595,1370,1733,1446,1295,1550,1677,1606,1481,1297,1694,1640,1534,1217,1721,1695,1751,1423,1172,1153,1760,1610,1373,1343,1768,1135,1483,1449,1443,1728,1246,1372,1507,1730,1588,1617,1764,1486,1360,1414,1251,1754,1742,1206,1361,1687,1356,1406,1534,1139,1748,1489,1167,1273,1718,1744
,1739,1528,1436,1301,1422,1304,1663,1333,1498,1181,1361,1242,1398,1784,1397,1250,1313,1791,1459,1648,1327,1304,1748,1390,1628,1798,1662,1263,1422,1562,1497,1496,1345,1742,1213,1724,1411,1669,1514,1677,1388,1247,1714,1576,1582,1370,1379,1705,1171,1649,1731,1691,1588,1740,1549,1543,1768,1799,1512,1364,1657,1481,1614,1627,1486,1782,1668,1661,1252,1621,1481,1506,1508,1243,1760,1709,1555,1209,1551,1360,1504,1403,1174,1648,1469,1712,1160,1661,1590,1616,1547,1261,1395,1775,1627,1802,1432,1160,1182,1660,1663,1566,1353,1456,1758,1709,1514,1247,1588,1696,1478,1232,1519,1538,1308,1626,1336,1415,1304,1247,1348,1190,1288,1416,1236,1668,1527,1333,1294,1758,1763,1439,1350,1501,1290,1586,1688,1623,1351,1632,1310,1207,1564,1493,1277,1672,1286,1188,1532,1404,1290,1451,1722,1713,1527,1618,1798,1259,1381,1346,1406,1768,1295,1657,1621,1632,1656,1424,1233,1547,1627,1544,1388,1698,1234,1591,1550,1200,1610,1766,1223,1676,1728,1410,1516,1623,1733,1246,1727,1794,1739,1617,1595,1161,1665,1612,1782,1188,1218,1436,1718,1489,1537,1185,1378,1449,1649,1614,1345,1796,1735,1621,1187,1454,1713,1246,1290,1356,1406,1279,1197,1551,1574,1577,1412,1309,1316,1426,1766,1780,1761,1447,1194,1585,1744,1437,1302,1505,1255,1505,1544,1458,1667,1235,1636,1739,1387,1555,1452,1325,1348,1138,1656,1620,1173,1389,1759,1625,1524,1228,1275,1726,1483,1395,1279,1355,1604,1605,1276,1435,1713,1264,1702,1554,1339,1645,1370,1802,1131,1763,1366,1486,1803,1359,1353,1752,1309,1390,1484,1291,1365,1532,1635,1364,1566,1460,1178,1236,1303,1296,1586,1167,1337,1274,1211,1620,1231,1554,1194,1362,1583,1309,1457,1261,1331,1686
,1532,1802,1175,1531,1200,1367,1370,1358,1414,1632,1296,1633,1754,1458,1701,1768,1134,1650,1148,1481,1441,1394,1302,1652,1418,1187,1624,1158,1657,1448,1254,1692,1534,1335,1417,1726,1484,1663,1407,1203,1794,1745,1347,1143,1659,1410,1653,1372,1460,1639,1154,1516,1473,1610,1466,1143,1692,1794,1313,1416,1659,1157,1320,1427,1386,1651,1627,1368,1484,1367,1550,1258,1477,1424,1453,1168,1750,1462,1448,1448,1614,1544,1471,1324,1417,1583,1399,1778,1454,1786,1472,1385,1562,1721,1481,1176,1480,1799,1244,1740,1461,1706,1188,1393,1787,1594,1142,1722,1727,1250,1370,1225,1337,1557,1496,1709,1275,1506,1785,1515,1198,1244,1645,1403,1755,1348,1368,1574,1392,1428,1744,1374,1759,1377,1168,1347,1361,1320,1609,1368,1295,1740,1714,1490,1552,1664,1264,1204,1262,1736,1447,1356,1803,1338,1369,1544,1781,1412,1557,1653,1218,1614,1580,1438,1537,1654,1331,1315,1267,1350,1131,1606,1212,1601,1621,1261,1354,1150,1529,1660,1714,1594,1623,1493,1710,1330,1549,1768,1351,1386,1744,1743,1684,1612,1352,1528,1547,1589,1150,1465,1393,1177,1174,1726,1494,1244,1270,1287,1247,1453,1568,1807,1594,1307,1241,1376,1450,1647,1798,1687,1131,1260,1335,1688,1806,1175,1722,1562,1525,1233,1348,1177,1225,1165,1199,1717,1482,1722,1707,1611,1788,1164,1149,1280,1384,1778,1672,1621,1237,1689,1668,1787,1617,1334,1593,1794,1438,1697,1334,1749,1328,1313,1150,1692,1597,1357,1331,1433,1731,1780,1329,1736,1775,1354,1179,1774,1645,1501,1404,1558,1715,1507,1332,1179,1488,1275,1584,1469,1252,1462,1191,1372,1402,1455,1398,1218,1496,1456,1781,1246,1619,1724,1329,1408,1543,1492,1538,1625,1591,1386,1517,1580,1603,1218,1314,1480
,1358,1338,1511,1516,1666,1358,1748,1521,1598,1612,1176,1206,1326,1156,1224,1409,1605,1398,1658,1557,1716,1281,1280,1581,1764,1388,1225,1751,1417,1330,1697,1188,1585,1524,1312,1591,1501,1660,1609,1744,1490,1572,1361,1591,1643,1763,1257,1475,1773,1735,1346,1339,1704,1740,1287,1185,1216,1725,1626,1570,1594,1420,1611,1704,1304,1570,1446,1398,1337,1588,1738,1172,1490,1792,1792,1485,1624,1605,1597,1712,1155,1709,1526,1240,1717,1231,1453,1168,1402,1496,1368,1214,1321,1519,1652,1210,1288,1778,1273,1483,1587,1356,1751,1445,1332,1557,1283,1548,1147,1396,1386,1768,1440,1785,1274,1573,1242,1798,1599,1464,1696,1298,1456,1236,1191,1153,1597,1223,1297,1338,1768,1338,1547,1234,1217,1543,1603,1511,1192,1453,1713,1457,1734,1317,1255,1722,1356,1321,1147,1218,1618,1615,1273,1742,1276,1613,1303,1354,1510,1547,1669,1404,1635,1614,1720,1411,1232,1136,1797,1521,1544,1751,1190,1547,1226,1173,1697,1253,1581,1766,1523,1295,1618,1756,1463,1538,1688,1217,1532,1246,1800,1296,1345,1503,1428,1294,1376,1781,1197,1717,1226,1631,1515,1752,1455,1756,1392,1329,1441,1622,1227,1157,1784,1522,1164,1555,1437,1772,1504,1316,1743,1357,1258,1151,1253,1510,1210,1701,1691,1156,1780,1324,1230,1642,1732,1674,1327,1668,1737,1713,1211,1437,1506,1528,1209,1224,1284,1342,1488,1678,1265,1699,1438,1582,1709,1804,1653,1214,1470,1424,1319,1563,1398,1343,1773,1430,1397,1221,1651,1155,1598,1667,1273,1789,1672,1635,1594,1582,1341,1423,1380,1543,1546,1279,1508,1708,1155,1405,1529,1615,1433,1401,1802,1176,1279,1670,1398,1307,1346,1702,1401,1286,1491,1592,1665,1250,1630,1334,1657,1621,1664,1288,1301,1265,1768,1479
,1470,1580,1259,1428,1785,1516,1371,1253,1445,1438,1772,1216,1359,1647,1728,1744,1310,1476,1305,1258,1694,1561,1780,1434,1396,1626,1478,1777,1556,1739,1546,1142,1715,1135,1743,1788,1516,1788,1756,1435,1399,1468,1521,1425,1711,1261,1623,1264,1761,1379,1394,1629,1406,1297,1495,1439,1776,1563,1551,1161,1591,1349,1242,1624,1454,1474,1288,1546,1163,1544,1695,1705,1586,1174,1765,1630,1704,1668,1309,1543,1404,1375,1188,1473,1411,1616,1477,1766,1483,1239,1279,1225,1741,1234,1198,1436,1805,1371,1669,1555,1376,1665,1570,1379,1655,1634,1223,1396,1394,1411,1743,1547,1581,1573,1599,1481,1294,1164,1404,1699,1203,1353,1598,1412,1216,1287,1444,1264,1409,1768,1554,1159,1269,1651,1410,1560,1232,1602,1356,1550,1441,1514,1397,1429,1771,1168,1327,1332,1449,1297,1306,1280,1280,1347,1541,1569,1187,1766,1438,1574,1598,1595,1576,1525,1673,1385,1579,1444,1631,1571,1393,1555,1568,1524,1455,1527,1139,1381,1430,1256,1332,1670,1244,1503,1786,1137,1547,1298,1198,1226,1672,1763,1614,1357,1181,1545,1760,1521,1278,1785,1396,1567,1572,1684,1521,1619,1626,1310,1338,1638,1696,1278,1190,1737,1625,1473,1687,1298,1678,1351,1633,1233,1364,1650,1207,1691,1519,1746,1401,1439,1418,1759,1690,1149,1407,1701,1413,1136,1706,1164,1167,1280,1486,1253,1228,1163,1388,1535,1353,1335,1403,1556,1334,1396,1596,1659,1132,1579,1298,1608,1285,1375,1636,1630,1256,1415,1166,1391,1186,1749,1773,1620,1523,1492,1400,1414,1147,1612,1497,1688,1277,1679,1784,1360,1729,1700,1584,1789,1709,1279,1573,1390,1441,1266,1146,1176,1517,1268,1437,1263,1494,1207,1671,1729,1750,1179,1747,1711,1801,1196,1645,1428,1519,1443,1770,1584
,1249,1567,1468,1302,1351,1167,1703,1426,1344,1142,1782,1606,1379,1701,1783,1405,1433,1227,1699,1780,1280,1689,1140,1278,1698,1641,1589,1200,1283,1592,1553,1149,1708,1517,1766,1589,1255,1808,1583,1375,1406,1385,1202,1759,1497,1592,1609,1247,1143,1206,1384,1716,1432,1674,1229,1590,1376,1170,1719,1647,1440,1269,1693,1290,1368,1347,1249,1662,1546,1362,1166,1421,1788,1176,1801,1447,1435,1544,1471,1502,1368,1552,1205,1166,1769,1449,1186,1678,1668,1625,1212,1441,1304,1149,1214,1235,1321,1680,1756,1343,1332,1787,1169,1287,1724,1194,1729,1672,1682,1339,1408,1406,1667,1773,1708,1600,1404,1298,1726,1507,1804,1545,1263,1280,1478,1756,1183,1159,1711,1146,1460,1330,1425,1217,1214,1329,1441,1565,1786,1428,1298,1598,1203,1295,1488,1781,1755,1781,1689,1804,1511,1285,1211,1420,1510,1613,1767,1237,1681,1520,1807,1470,1784,1285,1284,1179,1419,1728,1547,1184,1441,1725,1604,1456,1183,1432,1763,1546,1397,1622,1613,1160,1440,1425,1409,1405,1769,1658,1369,1751,1397,1220,1207,1495,1165,1634,1446,1367,1573,1774,1362,1406,1588,1555,1242,1152,1398,1563,1156,1543,1346,1237,1595,1423,1786,1410,1402,1334,1673,1361,1385,1352,1296,1477,1618,1153,1709,1679,1788,1280,1241,1735,1579,1454,1766,1546,1653,1208,1377,1736,1148,1455,1443,1576,1682,1625,1375,1212,1546,1797,1734,1664,1353,1539,1736,1230,1275,1763,1636,1266,1211,1695,1134,1697,1263,1466,1435,1796,1158,1446,1808,1734,1256,1391,1324,1505,1617,1323,1366,1792,1664,1716,1312,1732,1435,1529,1203,1457,1147,1569,1491,1770,1639,1778,1310,1305,1258,1641,1339,1792,1167,1236,1577,1503,1460,1338,1724,1323,1703,1510,1260,1588,1744,1329,1563,1760
,1278,1331,1429,1226,1541,1636,1791,1742,1715,1296,1229,1387,1135,1636,1456,1701,1254,1496,1739,1593,1229,1727,1199,1223,1431,1675,1303,1279,1802,1321,1359,1510,1155,1474,1474,1762,1589,1190,1466,1398,1800,1396,1720,1420,1167,1576,1746,1163,1163,1191,1256,1666,1504,1192,1626,1685,1590,1427,1377,1164,1573,1646,1560,1327,1788,1507,1253,1625,1223,1735,1248,1656,1180,1619,1451,1745,1536,1782,1293,1211,1753,1162,1542,1331,1747,1475,1437,1357,1633,1721,1802,1202,1230,1133,1538,1281,1353,1390,1238,1308,1718,1777,1475,1477,1318,1501,1381,1623,1302,1697,1545,1747,1213,1488,1213,1231,1410,1720,1258,1790,1237,1583,1404,1189,1148,1678,1767,1174,1168,1751,1753,1191,1654,1738,1524,1536,1335,1177,1694,1347,1377,1184,1212,1508,1433,1793,1469,1575,1321,1247,1505,1800,1444,1668,1446,1262,1726,1486,1388,1570,1639,1468,1276,1194,1528,1294,1380,1500,1267,1279,1416,1347,1671,1590,1332,1297,1586,1755,1326,1319,1754,1409,1380,1208,1715,1237,1142,1167,1785,1138,1700,1167,1314,1748,1530,1717,1672,1790,1235,1384,1312,1246,1400,1179,1666,1721,1671,1198,1471,1720,1422,1310,1652,1705,1592,1132,1339,1290,1399,1528,1224,1715,1348,1789,1183,1438,1465,1170,1800,1370,1673,1270,1424,1404,1437,1162,1680,1537,1538,1559,1159,1285,1322,1489,1728,1698,1457,1401,1162,1670,1266,1578,1191,1516,1437,1777,1642,1365,1708,1742,1272,1576,1247,1500,1518,1656,1205,1522,1216,1177,1672,1404,1513,1568,1417,1193,1228,1757,1545,1267,1365,1575,1151,1782,1498,1433,1353,1507,1806,1602,1793,1239,1413,1186,1393,1762,1446,1298,1533,1490,1351,1233,1347,1634,1376,1659,1565,1367,1191,1408,1433,1617,1556,1385,1494,1253
,1456,1766,1792,1477,1668,1178,1678,1184,1527,1320,1211,1689,1662,1350,1716,1620,1800,1279,1203,1602,1315,1670,1443,1533,1218,1773,1767,1704,1324,1254,1573,1378,1550,1400,1620,1314,1195,1420,1601,1454,1188,1672,1488,1747,1746,1721,1376,1293,1596,1390,1611,1566,1167,1417,1287,1562,1404,1400,1155,1374,1642,1133,1338,1166,1786,1143,1235,1292,1690,1704,1794,1526,1755,1791,1500,1481,1517,1447,1691,1319,1533,1269,1799,1744,1480,1434,1367,1152,1387,1544,1418,1435,1403,1379,1341,1331,1275,1629,1628,1769,1687,1689,1146,1162,1574,1262,1342,1394,1760,1293,1806,1569,1568,1475,1373,1567,1784,1425,1306,1295,1370,1646,1419,1646,1208,1210,1257,1551,1576,1738,1696,1728,1716,1244,1590,1696,1715,1452,1174,1807,1441,1536,1369,1380,1243,1768,1264,1710,1769,1554,1686,1577,1253,1807,1397,1504,1525,1210,1502,1179,1652,1261,1457,1231,1709,1309,1424,1398,1219,1563,1609,1439,1202,1477,1707,1784,1252,1415,1374,1630,1501,1649,1215,1704,1764,1460,1238,1299,1715,1262,1187,1316,1700,1219,1284,1304,1377,1191,1174,1623,1281,1790,1510,1782,1460,1338,1371,1623,1701,1370,1226,1253,1408,1469,1705,1152,1416,1691,1206,1226,1470,1440,1159,1640,1523,1579,1764,1422,1726,1546,1410,1248,1364,1604,1546,1166,1422,1161,1410,1296,1476,1544,1283,1135,1746,1588,1478,1254,1394,1457,1320,1536,1553,1511,1200,1332,1304,1309,1203,1695,1223,1657,1756,1479,1443,1273,1681,1684,1366,1650,1293,1186,1449,1740,1204,1543,1359,1743,1429,1610,1327,1272,1546,1503,1631,1399,1232,1451,1446,1533,1426,1251,1247,1414,1362,1739,1778,1615,1759,1451,1166,1164,1794,1224,1366,1347,1315,1802,1743,1670,1556,1267,1451,1745,1323,1623
,1781,1618,1139,1637,1275,1469,1381,1394,1152,1512,1785,1472,1234,1557,1343,1548,1252,1413,1629,1434,1452,1574,1656,1618,1596,1666,1413,1315,1738,1673,1543,1166,1340,1182,1248,1625,1312,1417,1449,1149,1434,1244,1657,1739,1754,1263,1312,1346,1440,1210,1416,1579,1474,1693,1559,1188,1666,1722,1352,1468,1681,1293,1588,1691,1308,1234,1408,1781,1758,1230,1412,1484,1333,1222,1136,1539,1529,1175,1248,1435,1518,1373,1694,1308,1291,1592,1204,1323,1719,1754,1262,1793,1715,1167,1650,1295,1791,1490,1543,1256,1618,1310,1238,1737,1506,1439,1345,1497,1800,1700,1213,1407,1270,1520,1631,1664,1267,1630,1507,1406,1417,1422,1456,1298,1589,1728,1760,1412,1345,1312,1251,1647,1710,1311,1457,1208,1753,1214,1196,1505,1641,1630,1415,1744,1343,1331,1302,1716,1644,1628,1442,1237,1458,1245,1417,1333,1226,1568,1446,1645,1333,1800,1677,1133,1640,1393,1458,1306,1269,1717,1612,1749,1440,1373,1781,1209,1803,1135,1537,1640,1493,1590,1461,1539,1188,1404,1497,1517,1371,1283,1516,1595,1654,1594,1135,1426,1512,1550,1180,1229,1622,1222,1742,1801,1411,1371,1191,1433,1286,1532,1554,1249,1181,1321,1155,1701,1766,1133,1132,1317,1456,1630,1789,1744,1422,1212,1247,1596,1602,1409,1695,1558,1312,1494,1529,1644,1241,1448,1442,1795,1268,1642,1697,1374,1143,1164,1411,1200,1589,1489,1634,1691,1727,1183,1366,1643,1275,1740,1169,1768,1336,1747,1218,1216,1362,1420,1556,1538,1220,1242,1166,1193,1737,1241,1178,1752,1801,1206,1579,1628,1476,1803,1728,1277,1592,1468,1298,1413,1285,1381,1651,1567,1458,1474,1264,1260,1737,1163,1288,1450,1669,1702,1574,1670,1613,1266,1684,1629,1696,1314,1471,1582,1706,1199,1717,1455
,1451,1711,1781,1234,1736,1798,1456,1313,1166,1498,1365,1230,1264,1286,1486,1513,1233,1269,1644,1703,1258,1212,1139,1560,1462,1697,1432,1473,1465,1535,1568,1472,1688,1278,1583,1598,1536,1793,1452,1772,1772,1229,1325,1291,1392,1605,1769,1507,1597,1756,1711,1326,1555,1460,1372,1742,1445,1647,1474,1540,1296,1454,1196,1449,1605,1696,1441,1482,1498,1514,1680,1456,1193,1272,1682,1325,1361,1514,1428,1317,1184,1412,1420,1223,1714,1519,1478,1362,1572,1643,1700,1561,1491,1525,1281,1386,1214,1557,1432,1148,1441,1441,1571,1672,1685,1639,1449,1580,1398,1640,1368,1145,1630,1377,1484,1527,1323,1182,1597,1442,1740,1770,1796,1355,1703,1547,1595,1241,1660,1645,1567,1419,1295,1582,1471,1348,1393,1368,1583,1139,1691,1554,1605,1507,1327,1135,1418,1475,1487,1586,1394,1476,1698,1550,1284,1531,1450,1700,1457,1805,1300,1772,1706,1148,1359,1416,1544,1618,1497,1181,1790,1434,1766,1345,1355,1249,1225,1436,1670,1215,1553,1450,1174,1190,1162,1428,1753,1162,1686,1385,1474,1304,1244,1584,1447,1700,1174,1766,1298,1258,1198,1420,1302,1271,1803,1572,1567,1481,1733,1647,1457,1738,1372,1404,1757,1345,1727,1452,1379,1193,1196,1338,1433,1719,1755,1693,1610,1275,1616,1625,1653,1227,1783,1488,1467,1522,1476,1500,1748,1342,1243,1781,1492,1602,1777,1798,1365,1587,1776,1305,1346,1276,1529,1761,1426,1198,1370,1196,1485,1222,1461,1749,1522,1636,1665,1216,1597,1504,1390,1379,1773,1344,1364,1573,1483,1408,1203,1553,1194,1242,1230,1145,1584,1508,1540,1623,1253,1575,1714,1648,1357,1383,1686,1185,1242,1325,1137,1697,1482,1714,1571,1534,1647,1804,1350,1777,1279,1597,1133,1677,1431,1444,1384,1133,1180,1296
,1762,1150,1324,1502,1196,1780,1681,1374,1416,1638,1544,1548,1577,1342,1618,1391,1291,1546,1495,1711,1791,1485,1164,1426,1797,1530,1782,1285,1728,1159,1486,1236,1225,1690,1316,1252,1178,1621,1785,1465,1583,1565,1786,1399,1491,1423,1705,1526,1697,1772,1711,1518,1531,1219,1590,1730,1628,1636,1256,1255,1222,1788,1305,1490,1533,1683,1151,1640,1627,1283,1404,1403,1734,1214,1240,1644,1781,1135,1373,1356,1285,1442,1577,1732,1235,1625,1701,1711,1663,1207,1548,1742,1448,1448,1133,1174,1185,1619,1753,1344,1573,1686,1596,1577,1539,1466,1273,1592,1532,1400,1210,1582,1805,1281,1512,1249,1353,1724,1747,1216,1533,1428,1140,1522,1426,1315,1619,1734,1307,1293,1456,1499,1389,1317,1313,1298,1136,1222,1582,1153,1701,1211,1756,1385,1714,1159,1329,1756,1740,1342,1684,1164,1542,1484,1747,1578,1454,1727,1684,1136,1379,1161,1617,1580,1666,1570,1497,1311,1639,1443,1669,1201,1241,1336,1526,1352,1797,1372,1453,1721,1626,1552,1739,1209,1364,1425,1166,1604,1279,1639,1211,1413,1240,1304,1198,1155,1324,1411,1642,1683,1218,1226,1301,1487,1656,1680,1230,1391,1719,1580,1736,1780,1761,1600,1486,1647,1429,1314,1550,1720,1301,1654,1141,1248,1663,1635,1139,1555,1377,1711,1549,1771,1528,1333,1162,1334,1398,1312,1717,1559,1388,1643,1246,1729,1144,1274,1504,1603,1739,1618,1166,1309,1385,1430,1445,1742,1533,1300,1184,1563,1787,1587,1374,1468,1563,1548,1600,1604,1434,1358,1356,1299,1557,1257,1701,1663,1794,1309,1808,1615,1459,1787,1308,1487,1330,1650,1481,1214,1649,1290,1539,1790,1761,1422,1302,1767,1271,1397,1221,1727,1512,1620,1202,1680,1651,1525,1551,1631,1248,1203,1358,1783,1710,1278,1540,1623
,1323,1289,1175,1666,1411,1730,1472,1308,1239,1803,1293,1662,1499,1739,1757,1609,1722,1492,1170,1232,1694,1643,1247,1205,1444,1503,1657,1383,1534,1760,1381,1355,1391,1253,1357,1363,1524,1766,1687,1501,1177,1497,1407,1170,1145,1158,1409,1134,1780,1399,1248,1166,1231,1807,1267,1306,1545,1171,1347,1597,1800,1346,1529,1328,1691,1193,1150,1666,1725,1390,1283,1368,1336,1751,1634,1494,1585,1459,1462,1666,1407,1616,1319,1644,1168,1767,1631,1351,1634,1544,1287,1549,1420,1426,1357,1487,1629,1549,1760,1143,1754,1721,1672,1771,1773,1356,1439,1603,1580,1440,1789,1768,1363,1793,1319,1365,1592,1492,1216,1708,1343,1544,1737,1635,1142,1760,1275,1586,1201,1358,1435,1698,1716,1185,1798,1616,1327,1772,1543,1590,1395,1324,1211,1164,1604,1619,1479,1520,1762,1644,1571,1761,1507,1655,1212,1754,1389,1600,1808,1416,1569,1226,1287,1312,1303,1742,1665,1347,1742,1422,1496,1749,1566,1298,1638,1773,1240,1435,1521,1614,1546,1194,1323,1742,1293,1728,1538,1791,1465,1698,1439,1759,1409,1155,1710,1730,1551,1783,1193,1218,1705,1786,1222,1712,1163,1526,1566,1236,1751,1442,1170,1230,1719,1263,1782,1231,1744,1305,1681,1607,1307,1643,1149,1577,1718,1383,1200,1260,1168,1198,1714,1232,1223,1673,1524,1561,1655,1200,1559,1568,1359,1401,1749,1609,1509,1641,1725,1407,1271,1716,1206,1295,1316,1241,1769,1234,1567,1389,1570,1367,1382,1522,1497,1712,1201,1586,1358,1436,1393,1513,1738,1803,1543,1216,1488,1247,1231,1569,1593,1463,1359,1806,1589,1317,1734,1364,1599,1796,1768,1610,1211,1266,1173,1263,1285,1238,1607,1508,1693,1413,1368,1331,1414,1147,1295,1219,1659,1248,1654,1737,1677,1622,1162,1405,1411,1629
,1414,1700,1597,1710,1547,1301,1710,1407,1585,1508,1428,1746,1466,1477,1132,1433,1760,1149,1681,1687,1639,1238,1309,1710,1642,1687,1477,1597,1721,1374,1580,1745,1505,1332,1629,1222,1210,1305,1342,1498,1215,1186,1487,1254,1520,1155,1502,1259,1286,1633,1260,1667,1302,1219,1173,1709,1482,1406,1221,1652,1168,1138,1459,1248,1248,1252,1356,1681,1294,1470,1702,1781,1232,1246,1754,1610,1200,1382,1594,1173,1667,1681,1436,1362,1623,1305,1296,1735,1243,1221,1352,1381,1244,1805,1671,1689,1748,1579,1589,1276,1510,1533,1741,1618,1370,1564,1481,1799,1185,1652,1580,1638,1569,1322,1660,1413,1685,1688,1282,1399,1610,1252,1390,1345,1498,1183,1270,1227,1233,1322,1309,1318,1774,1714,1591,1458,1657,1303,1237,1225,1331,1256,1714,1501,1520,1673,1707,1621,1735,1805,1152,1601,1672,1511,1211,1615,1588,1379,1145,1132,1668,1789,1362,1785,1475,1247,1392,1370,1769,1662,1132,1226,1439,1342,1541,1347,1589,1314,1369,1497,1609,1295,1490,1647,1491,1401,1637,1209,1380,1468,1740,1475,1577,1461,1800,1271,1695,1652,1725,1214,1642,1287,1183,1360,1489,1748,1787,1488,1552,1583,1274,1552,1463,1723,1428,1375,1192,1152,1556,1488,1585,1788,1652,1797,1234,1793,1573,1775,1509,1469,1373,1651,1289,1306,1253,1263,1689,1534,1252,1508,1484,1147,1720,1585,1585,1296,1364,1303,1380,1212,1355,1426,1649,1588,1678,1464,1685,1453,1358,1804,1433,1380,1442,1217,1571,1226,1438,1657,1807,1333,1731,1543,1647,1321,1688,1700,1502,1725,1494,1350,1661,1281,1330,1303,1743,1388,1255,1559,1571,1460,1535,1678,1640,1515,1174,1227,1284,1208,1383,1555,1507,1442,1366,1159,1354,1603,1436,1228,1706,1308,1715,1303,1769,1743,1532,1494
,1182,1786,1319,1213,1308,1730,1387,1344,1574,1385,1801,1664,1628,1486,1808,1494,1549,1459,1149,1479,1182,1213,1352,1471,1451,1717,1571,1173,1737,1312,1583,1317,1255,1772,1759,1523,1357,1700,1508,1251,1357,1504,1717,1231,1625,1272,1211,1131,1159,1699,1324,1520,1732,1650,1249,1135,1751,1580,1653,1356,1508,1609,1367,1359,1264,1623,1640,1416,1436,1384,1338,1679,1217,1307,1140,1565,1214,1694,1156,1239,1232,1385,1246,1755,1573,1470,1327,1646,1419,1148,1742,1590,1701,1680,1750,1556,1607,1195,1362,1226,1199,1161,1664,1505,1347,1316,1779,1360,1304,1294,1472,1786,1304,1608,1550,1269,1548,1450,1601,1411,1428,1433,1634,1460,1639,1329,1132,1691,1656,1300,1362,1482,1739,1756,1550,1739,1607,1207,1451,1184,1712,1149,1355,1337,1438,1524,1553,1186,1214,1763,1706,1204,1589,1567,1645,1361,1767,1349,1300,1685,1414,1202,1722,1781,1342,1314,1549,1611,1788,1609,1807,1233,1738,1191,1231,1239,1346,1753,1254,1545,1183,1322,1286,1356,1404,1674,1635,1177,1752,1715,1616,1786,1444,1260,1625,1704,1495,1234,1764,1580,1743,1208,1549,1685,1408,1528,1620,1646,1193,1437,1682,1613,1349,1263,1707,1259,1266,1192,1452,1769,1736,1780,1307,1479,1349,1669,1714,1603,1702,1511,1718,1293,1140,1757,1765,1238,1473,1770,1304,1462,1650,1588,1502,1523,1173,1681,1439,1311,1487,1633,1681,1286,1667,1363,1573,1356,1152,1365,1761,1500,1566,1171,1763,1526,1531,1551,1273,1767,1191,1143,1254,1558,1192,1487,1782,1332,1175,1455,1601,1681,1666,1547,1796,1213,1314,1683,1291,1698,1710,1409,1464,1383,1280,1736,1734,1286,1317,1755,1752,1689,1637,1791,1711,1785,1480,1435,1383,1237,1576,1754,1773,1749,1199,1646,1650,1689
,1158,1231,1214,1487,1254,1455,1652,1787,1618,1473,1692,1204,1607,1511,1562,1803,1234,1359,1622,1201,1645,1780,1159,1641,1429,1163,1211,1451,1566,1440,1689,1275,1507,1356,1479,1761,1579,1544,1680,1190,1712,1343,1392,1141,1328,1331,1654,1370,1448,1799,1635,1246,1755,1374,1731,1193,1433,1523,1777,1332,1533,1782,1782,1280,1498,1218,1741,1664,1243,1450,1354,1623,1422,1477,1418,1424,1235,1425,1318,1615,1654,1351,1738,1483,1212,1219,1298,1688,1750,1385,1763,1402,1180,1381,1299,1575,1346,1618,1402,1431,1731,1404,1633,1577,1520,1616,1746,1394,1414,1583,1340,1797,1474,1665,1714,1324,1787,1296,1544,1145,1327,1640,1503,1751,1214,1500,1487,1731,1404,1398,1506,1429,1389,1135,1678,1189,1264,1643,1417,1787,1399,1184,1254,1697,1550,1599,1475,1584,1561,1691,1306,1393,1361,1454,1619,1187,1243,1486,1691,1663,1768,1243,1556,1496,1135,1801,1436,1540,1322,1808,1341,1707,1313,1635,1358,1748,1705,1435,1743,1757,1436,1640,1407,1604,1260,1580,1555,1298,1537,1194,1500,1606,1367,1479,1467,1195,1148,1677,1679,1234,1471,1463,1381,1570,1180,1218,1252,1575,1596,1751,1240,1162,1324,1636,1342,1209,1172,1316,1422,1558,1466,1652,1393,1686,1587,1569,1753,1646,1717,1664,1269,1149,1247,1663,1608,1664,1654,1346,1745,1491,1710,1444,1617,1143,1406,1622,1354,1516,1788,1535,1255,1686,1575,1220,1708,1728,1789,1383,1715,1199,1607,1347,1519,1677,1502,1477,1716,1195,1493,1390,1779,1599,1523,1759,1226,1163,1576,1504,1802,1319,1802,1464,1557,1529,1289,1599,1555,1779,1654,1742,1638,1683,1647,1199,1540,1165,1736,1315,1179,1156,1651,1646,1208,1416,1222,1366,1740,1422,1610,1339,1384,1376,1327,1140,1515,1242
,1804,1326,1723,1161,1454,1409,1757,1701,1221,1548,1803,1580,1354,1667,1795,1230,1508,1707,1136,1602,1572,1278,1378,1232,1200,1744,1713,1294,1689,1498,1299,1576,1202,1244,1246,1351,1376,1163,1726,1292,1787,1360,1795,1517,1240,1186,1455,1552,1797,1693,1376,1681,1580,1755,1442,1294,1213,1392,1469,1601,1649,1538,1605,1320,1488,1740,1295,1268,1776,1627,1419,1469,1637,1615,1271,1550,1188,1483,1385,1762,1399,1784,1542,1454,1398,1417,1461,1638,1638,1479,1450,1305,1726,1250,1224,1209,1559,1327,1564,1700,1716,1317,1467,1491,1642,1253,1373,1324,1376,1703,1388,1245,1475,1630,1330,1649,1288,1703,1550,1334,1441,1149,1412,1787,1395,1226,1590,1488,1167,1509,1550,1512,1403,1550,1402,1462,1789,1703,1713,1196,1212,1585,1773,1218,1255,1661,1652,1602,1510,1518,1735,1540,1801,1456,1437,1579,1485,1625,1486,1497,1683,1497,1535,1510,1164,1539,1637,1324,1320,1456,1795,1489,1162,1640,1143,1488,1503,1784,1737,1803,1265,1636,1728,1631,1294,1209,1460,1506,1748,1796,1605,1341,1241,1669,1685,1653,1187,1707,1404,1622,1186,1633,1400,1286,1634,1369,1132,1644,1771,1764,1668,1525,1583,1716,1402,1631,1803,1171,1212,1184,1410,1744,1630,1314,1185,1463,1558,1401,1219,1216,1369,1149,1492,1742,1165,1214,1721,1243,1140,1600,1400,1238,1784,1339,1496,1491,1268,1608,1191,1203,1779,1674,1735,1379,1527,1240,1532,1242,1149,1802,1464,1524,1196,1506,1299,1685,1769,1360,1165,1332,1721,1643,1316,1290,1411,1552,1581,1290,1271,1466,1165,1401,1303,1798,1156,1510,1392,1468,1510,1308,1600,1628,1640,1405,1331,1540,1721,1351,1597,1155,1400,1670,1632,1430,1638,1652,1673,1627,1604,1347,1780,1575,1631,1670,1249,1471
,1397,1235,1261,1150,1720,1263,1240,1332,1160,1367,1770,1549,1426,1483,1247,1534,1474,1507,1276,1452,1697,1591,1367,1783,1574,1678,1646,1448,1592,1150,1211,1192,1174,1276,1209,1261,1350,1251,1394,1784,1751,1715,1351,1492,1483,1617,1649,1137,1608,1362,1284,1665,1205,1547,1555,1316,1135,1603,1737,1779,1790,1292,1550,1219,1151,1680,1625,1375,1519,1670,1151,1515,1520,1133,1646,1644,1512,1287,1720,1736,1242,1707,1679,1177,1308,1235,1514,1417,1776,1352,1766,1160,1585,1240,1505,1664,1361,1454,1695,1486,1705,1560,1777,1216,1543,1684,1368,1257,1561,1171,1257,1409,1380,1603,1439,1349,1315,1266,1413,1546,1568,1422,1336,1396,1194,1481,1259,1550,1385,1226,1412,1512,1550,1598,1541,1638,1181,1473,1603,1329,1677,1556,1208,1217,1797,1776,1315,1678,1717,1587,1451,1789,1268,1651,1789,1736,1505,1493,1164,1606,1755,1753,1153,1442,1735,1581,1301,1761,1581,1744,1395,1615,1555,1569,1682,1752,1301,1265,1132,1580,1533,1240,1638,1231,1355,1776,1734,1786,1714,1574,1211,1604,1799,1729,1772,1750,1422,1623,1570,1150,1484,1656,1480,1179,1449,1629,1596,1323,1604,1145,1506,1514,1692,1369,1685,1219,1568,1508,1450,1135,1163,1757,1683,1719,1169,1758,1160,1716,1802,1235,1257,1292,1487,1478,1330,1208,1258,1232,1311,1630,1705,1277,1245,1623,1351,1436,1574,1217,1546,1593,1227,1221,1725,1210,1347,1488,1255,1794,1758,1671,1385,1785,1166,1454,1474,1195,1515,1768,1301,1601,1260,1765,1754,1694,1535,1729,1759,1695,1739,1389,1669,1547,1260,1207,1727,1756,1322,1136,1640,1398,1182,1591,1433,1140,1244,1722,1804,1657,1152,1734,1752,1700,1710,1363,1257,1246,1710,1468,1331,1750,1366,1761,1406,1448,1227,1683
,1211,1506,1783,1482,1374,1762,1591,1648,1720,1542,1489,1305,1756,1575,1515,1511,1227,1503,1644,1175,1401,1616,1401,1158,1336,1246,1520,1536,1636,1187,1751,1251,1391,1668,1642,1636,1494,1635,1265,1646,1242,1203,1272,1360,1324,1438,1531,1274,1350,1691,1260,1483,1149,1201,1685,1480,1600,1391,1711,1315,1783,1765,1222,1409,1331,1724,1388,1327,1471,1134,1583,1355,1783,1597,1642,1548,1699,1381,1603,1793,1558,1606,1742,1134,1686,1739,1787,1497,1624,1622,1639,1189,1236,1255,1390,1576,1699,1275,1804,1392,1314,1713,1440,1319,1760,1277,1689,1678,1601,1613,1416,1696,1246,1261,1779,1308,1687,1806,1633,1655,1748,1212,1649,1621,1484,1274,1666,1602,1487,1443,1729,1667,1505,1493,1458,1572,1650,1596,1617,1684,1388,1664,1437,1595,1650,1778,1675,1631,1521,1699,1400,1318,1515,1659,1385,1567,1522,1442,1535,1627,1275,1264,1684,1207,1362,1254,1206,1332,1135,1440,1665,1648,1192,1405,1504,1501,1497,1429,1134,1300,1338,1183,1797,1606,1283,1335,1760,1338,1352,1575,1268,1516,1806,1262,1760,1329,1744,1452,1163,1382,1375,1238,1453,1528,1447,1522,1145,1392,1287,1763,1150,1450,1797,1341,1256,1284,1233,1689,1518,1351,1619,1630,1540,1458,1303,1257,1788,1300,1219,1696,1595,1195,1493,1556,1393,1685,1475,1216,1341,1158,1312,1308,1747,1434,1519,1494,1794,1533,1452,1480,1182,1546,1149,1439,1486,1623,1376,1467,1442,1609,1527,1482,1554,1516,1294,1728,1225,1709,1694,1440,1674,1574,1608,1321,1679,1290,1708,1444,1683,1793,1149,1512,1517,1376,1275,1279,1461,1535,1218,1595,1431,1174,1732,1225,1383,1467,1565,1599,1226,1735,1153,1402,1661,1468,1227,1766,1713,1172,1592,1566,1741,1383,1668,1754,1358,1396
,1339,1518,1242,1751,1145,1256,1253,1728,1287,1691,1598,1634,1716,1336,1381,1631,1587,1317,1320,1555,1673,1756,1329,1264,1752,1596,1717,1182,1328,1670,1697,1467,1162,1268,1655,1683,1133,1250,1727,1287,1523,1239,1147,1708,1704,1342,1192,1339,1783,1797,1451,1304,1268,1640,1175,1626,1529,1157,1235,1662,1134,1571,1359,1614,1209,1279,1141,1520,1621,1462,1734,1735,1405,1379,1707,1762,1542,1154,1207,1783,1186,1711,1538,1763,1358,1560,1392,1493,1597,1446,1473,1560,1582,1518,1326,1570,1688,1259,1705,1715,1429,1616,1271,1781,1354,1571,1772,1544,1438,1665,1448,1153,1145,1427,1318,1759,1542,1404,1555,1565,1295,1364,1773,1620,1530,1271,1535,1409,1161,1774,1722,1235,1492,1254,1701,1310,1362,1638,1636,1527,1593,1689,1411,1490,1778,1422,1174,1523,1751,1482,1457,1631,1521,1567,1310,1581,1165,1609,1787,1309,1321,1318,1298,1312,1420,1805,1274,1450,1483,1635,1141,1643,1533,1441,1600,1334,1439,1749,1528,1239,1339,1507,1444,1693,1690,1620,1511,1429,1265,1508,1573,1649,1493,1651,1678,1338,1162,1789,1388,1349,1783,1410,1551,1744,1368,1503,1329,1664,1473,1142,1166,1644,1391,1184,1319,1361,1521,1293,1417,1372,1316,1709,1511,1304,1381,1667,1498,1798,1262,1775,1560,1218,1280,1303,1173,1721,1587,1512,1173,1797,1415,1226,1624,1711,1240,1433,1296,1445,1778,1195,1737,1659,1435,1562,1349,1648,1579,1627,1446,1342,1767,1405,1566,1570,1578,1541,1496,1461,1199,1427,1569,1471,1308,1485,1337,1660,1278,1188,1390,1198,1299,1680,1263,1299,1268,1177,1412,1703,1668,1477,1361,1573,1569,1274,1241,1585,1441,1552,1749,1680,1361,1738,1794,1642,1362,1433,1580,1447,1747,1781,1512,1202,1136,1540,1564,1744
,1408,1516,1220,1388,1146,1265,1426,1377,1479,1664,1480,1180,1542,1341,1529,1260,1678,1317,1721,1805,1162,1658,1232,1272,1490,1559,1282,1412,1562,1275,1198,1328,1479,1301,1738,1652,1792,1249,1326,1386,1557,1497,1619,1192,1204,1596,1310,1430,1380,1330,1211,1232,1387,1433,1446,1314,1298,1635,1746,1521,1698,1396,1562,1491,1471,1442,1270,1778,1456,1674,1642,1735,1281,1718,1324,1620,1707,1398,1485,1144,1630,1744,1139,1132,1586,1332,1560,1522,1444,1661,1256,1706,1492,1705,1757,1387,1481,1554,1177,1747,1604,1293,1260,1312,1274,1542,1131,1278,1751,1487,1301,1525,1420,1159,1539,1545,1475,1629,1374,1580,1197,1559,1396,1730,1616,1251,1149,1642,1324,1673,1775,1733,1609,1535,1780,1144,1636,1514,1385,1279,1449,1240,1186,1654,1525,1491,1735,1703,1307,1143,1409,1244,1512,1290,1638,1589,1322,1761,1273,1237,1695,1254,1204,1340,1608,1284,1620,1643,1279,1265,1441,1339,1205,1441,1137,1320,1164,1726,1683,1534,1136,1572,1695,1231,1808,1621,1260,1192,1537,1805,1712,1353,1710,1512,1361,1158,1202,1332,1202,1745,1637,1373,1364,1502,1428,1497,1185,1306,1771,1261,1554,1784,1670,1650,1804,1343,1396,1356,1730,1327,1268,1751,1145,1358,1671,1682,1267,1281,1684,1457,1635,1741,1742,1574,1579,1759,1149,1671,1291,1804,1776,1534,1198,1241,1458,1425,1482,1768,1244,1667,1271,1807,1400,1590,1491,1295,1367,1428,1465,1615,1610,1204,1333,1456,1511,1679,1736,1215,1659,1493,1544,1537,1522,1449,1332,1656,1162,1193,1287,1666,1763,1704,1629,1262,1789,1310,1211,1485,1610,1552,1496,1413,1688,1290,1476,1801,1242,1529,1375,1752,1582,1391,1191,1603,1528,1742,1305,1726,1163,1603,1686,1174,1557,1418,1705,1147
,1473,1696,1342,1569,1775,1180,1158,1192,1193,1547,1144,1192,1399,1576,1586,1436,1457,1497,1340,1770,1513,1351,1407,1626,1150,1451,1531,1361,1759,1395,1379,1380,1631,1309,1637,1496,1311,1446,1209,1223,1778,1194,1794,1605,1762,1245,1621,1281,1706,1212,1314,1307,1778,1201,1661,1342,1523,1475,1589,1647,1310,1480,1256,1327,1265,1762,1207,1707,1499,1607,1170,1302,1751,1570,1644,1168,1426,1172,1280,1298,1437,1284,1513,1500,1565,1611,1787,1631,1235,1611,1765,1156,1304,1269,1350,1495,1752,1808,1346,1650,1729,1145,1145,1420,1515,1583,1476,1232,1498,1686,1498,1490,1601,1390,1199,1209,1651,1667,1445,1253,1459,1632,1207,1526,1613,1732,1141,1241,1408,1291,1601,1543,1807,1422,1171,1794,1517,1185,1320,1661,1778,1679,1263,1534,1173,1641,1248,1722,1506,1205,1735,1440,1726,1302,1788,1199,1250,1228,1577,1685,1383,1362,1671,1228,1171,1528,1651,1542,1422,1182,1808,1156,1279,1377,1570,1458,1178,1494,1372,1760,1378,1665,1513,1672,1483,1355,1613,1637,1292,1152,1144,1669,1610,1443,1159,1500,1688,1218,1808,1805,1806,1736,1224,1768,1377,1221,1161,1137,1217,1615,1665,1779,1593,1715,1337,1263,1556,1536,1215,1275,1579,1350,1226,1455,1543,1617,1616,1690,1162,1326,1655,1230,1322,1673,1278,1803,1749,1654,1417,1582,1656,1235,1200,1671,1549,1200,1698,1430,1191,1473,1257,1455,1728,1645,1599,1499,1189,1350,1174,1482,1296,1155,1310,1446,1525,1753,1426,1423,1287,1763,1436,1399,1410,1610,1478,1242,1465,1702,1527,1511,1739,1381,1219,1217,1798,1580,1532,1171,1552,1512,1429,1221,1146,1270,1789,1136,1399,1404,1236,1641,1534,1453,1422,1711,1517,1685,1369,1562,1179,1424,1771,1735,1333,1767,1185,1519
,1309,1403,1532,1484,1505,1685,1781,1250,1551,1268,1641,1634,1193,1243,1768,1371,1780,1287,1308,1687,1476,1681,1254,1687,1470,1773,1630,1644,1326,1643,1791,1519,1732,1643,1522,1494,1350,1438,1401,1534,1241,1498,1155,1760,1249,1471,1746,1368,1654,1324,1733,1532,1624,1189,1355,1227,1243,1248,1194,1220,1545,1408,1372,1213,1521,1734,1166,1494,1733,1354,1697,1674,1371,1258,1390,1206,1740,1243,1657,1594,1586,1692,1171,1213,1551,1578,1490,1530,1203,1779,1720,1426,1223,1689,1214,1791,1603,1754,1222,1613,1263,1594,1212,1188,1371,1237,1335,1523,1387,1268,1176,1192,1432,1452,1470,1600,1300,1168,1638,1695,1359,1399,1665,1716,1244,1638,1597,1685,1417,1224,1374,1461,1317,1539,1463,1310,1187,1224,1676,1807,1243,1342,1334,1623,1249,1303,1713,1756,1737,1146,1377,1344,1404,1649,1229,1198,1610,1712,1678,1596,1744,1258,1261,1740,1658,1375,1303,1781,1803,1595,1550,1590,1331,1638,1300,1271,1628,1316,1756,1400,1195,1715,1560,1505,1507,1354,1482,1291,1338,1567,1647,1547,1472,1258,1367,1329,1191,1174,1792,1551,1332,1689,1350,1362,1217,1208,1668,1477,1513,1627,1611,1777,1579,1301,1521,1790,1193,1179,1426,1438,1377,1554,1592,1149,1746,1526,1534,1155,1261,1729,1405,1673,1449,1801,1187,1456,1367,1551,1199,1594,1672,1375,1743,1175,1666,1205,1488,1794,1696,1168,1220,1701,1377,1370,1792,1210,1632,1347,1656,1338,1487,1438,1633,1542,1706,1331,1666,1650,1569,1373,1558,1436,1653,1334,1381,1394,1635,1175,1796,1694,1796,1536,1650,1703,1656,1416,1807,1695,1279,1408,1189,1493,1273,1578,1406,1680,1272,1659,1282,1365,1722,1659,1733,1137,1803,1379,1364,1154,1481,1192,1602,1419,1268,1320,1163,1452
,1364,1134,1554,1329,1373,1539,1203,1191,1431,1435,1153,1670,1150,1327,1803,1739,1630,1160,1529,1713,1218,1197,1191,1791,1624,1178,1667,1767,1521,1168,1484,1234,1459,1784,1183,1501,1508,1622,1797,1141,1511,1381,1462,1178,1485,1553,1717,1143,1466,1252,1358,1235,1668,1269,1391,1176,1596,1576,1172,1563,1320,1413,1159,1584,1691,1411,1366,1476,1259,1340,1727,1260,1530,1561,1284,1342,1668,1690,1227,1467,1737,1359,1463,1538,1228,1134,1506,1456,1476,1324,1482,1176,1398,1271,1503,1697,1784,1404,1700,1511,1456,1451,1511,1732,1740,1592,1451,1205,1442,1428,1590,1683,1528,1339,1175,1723,1316,1156,1376,1772,1147,1133,1332,1453,1157,1135,1423,1424,1544,1640,1147,1336,1800,1292,1789,1408,1259,1131,1193,1768,1606,1294,1612,1802,1772,1431,1215,1720,1170,1488,1606,1348,1449,1316,1479,1598,1371,1560,1142,1720,1554,1634,1154,1789,1619,1678,1550,1653,1518,1606,1669,1782,1694,1683,1468,1512,1334,1560,1770,1689,1800,1751,1306,1648,1224,1569,1201,1529,1227,1573,1171,1275,1174,1165,1154,1664,1791,1385,1698,1747,1143,1335,1230,1803,1560,1529,1615,1306,1797,1718,1671,1495,1288,1357,1384,1364,1338,1730,1594,1693,1718,1251,1657,1245,1316,1492,1799,1694,1242,1542,1475,1215,1721,1413,1177,1242,1611,1503,1712,1249,1694,1482,1266,1349,1607,1344,1193,1399,1152,1433,1697,1578,1318,1528,1446,1638,1434,1421,1187,1469,1361,1143,1410,1486,1761,1548,1368,1508,1523,1635,1610,1367,1720,1392,1699,1663,1242,1313,1196,1302,1407,1558,1211,1175,1146,1745,1673,1526,1775,1409,1513,1808,1756,1279,1427,1170,1665,1334,1455,1678,1297,1394,1800,1414,1474,1580,1805,1393,1362,1687,1205,1589,1551,1595,1153,1575
,1543,1562,1583,1413,1327,1288,1601,1487,1453,1691,1159,1741,1532,1397,1276,1603,1226,1267,1197,1373,1218,1736,1637,1157,1685,1665,1287,1372,1340,1593,1608,1722,1609,1440,1457,1220,1143,1651,1762,1688,1276,1248,1767,1647,1490,1710,1790,1569,1657,1477,1619,1679,1260,1600,1313,1686,1639,1775,1515,1244,1537,1288,1495,1524,1212,1522,1169,1437,1505,1222,1494,1501,1691,1794,1185,1609,1781,1301,1630,1171,1486,1617,1595,1783,1273,1314,1251,1367,1330,1719,1168,1633,1752,1199,1243,1700,1603,1558,1216,1719,1286,1806,1471,1490,1693,1447,1153,1309,1453,1349,1698,1210,1465,1740,1187,1753,1229,1798,1786,1758,1178,1176,1178,1669,1307,1623,1676,1703,1758,1759,1707,1159,1524,1369,1213,1415,1491,1801,1345,1605,1322,1157,1409,1539,1408,1257,1725,1379,1489,1419,1623,1473,1137,1733,1724,1457,1328,1590,1521,1153,1804,1356,1270,1559,1284,1574,1350,1672,1787,1177,1662,1341,1401,1657,1779,1255,1620,1584,1336,1538,1133,1281,1365,1358,1201,1263,1531,1430,1607,1274,1587,1723,1493,1756,1747,1268,1779,1158,1556,1667,1800,1156,1582,1595,1387,1569,1723,1190,1656,1486,1423,1257,1463,1191,1369,1423,1389,1136,1575,1470,1598,1679,1158,1586,1390,1779,1261,1622,1330,1744,1606,1301,1690,1346,1334,1178,1743,1565,1732,1339,1343,1707,1328,1413,1618,1287,1529,1253,1412,1422,1495,1773,1762,1139,1304,1631,1510,1650,1198,1567,1220,1796,1338,1302,1662,1451,1701,1189,1774,1634,1477,1481,1764,1679,1447,1360,1232,1289,1788,1591,1599,1379,1804,1714,1613,1282,1742,1744,1593,1271,1729,1452,1383,1198,1131,1695,1208,1320,1466,1169,1523,1518,1461,1545,1599,1340,1186,1618,1653,1347,1556,1247,1364,1334,1277,1345
,1554,1383,1181,1492,1621,1433,1705,1421,1362,1332,1642,1730,1748,1724,1203,1170,1589,1589,1211,1507,1789,1385,1744,1137,1455,1705,1792,1250,1528,1482,1280,1511,1332,1691,1341,1269,1621,1667,1692,1572,1221,1349,1343,1274,1629,1256,1159,1317,1543,1623,1798,1764,1388,1440,1196,1801,1330,1215,1489,1650,1779,1372,1409,1321,1456,1340,1153,1566,1707,1781,1154,1533,1622,1307,1704,1618,1421,1722,1645,1697,1141,1138,1664,1610,1207,1546,1736,1215,1487,1646,1732,1164,1465,1275,1440,1380,1362,1747,1446,1331,1443,1348,1370,1271,1480,1603,1396,1639,1242,1207,1465,1406,1401,1464,1575,1566,1588,1677,1746,1442,1530,1257,1172,1432,1649,1671,1179,1240,1167,1259,1363,1277,1511,1403,1626,1154,1540,1541,1743,1787,1698,1331,1792,1540,1706,1228,1416,1212,1355,1716,1434,1239,1505,1761,1228,1565,1399,1234,1445,1487,1542,1687,1556,1371,1749,1339,1389,1455,1525,1266,1217,1659,1292,1259,1232,1379,1323,1526,1322,1557,1146,1176,1438,1730,1793,1490,1166,1799,1154,1169,1284,1481,1163,1145,1185,1176,1526,1552,1645,1362,1253,1573,1167,1680,1134,1193,1273,1697,1521,1258,1530,1399,1349,1366,1342,1377,1202,1538,1498,1209,1722,1445,1661,1362,1392,1766,1529,1589,1261,1415,1191,1559,1173,1605,1688,1462,1366,1263,1580,1715,1389,1161,1287,1735,1156,1566,1630,1420,1719,1767,1380,1773,1438,1645,1790,1680,1237,1460,1475,1790,1336,1507,1741,1740,1507,1517,1137,1477,1721,1222,1441,1347,1368,1168,1733,1408,1704,1772,1712,1701,1807,1763,1808,1259,1244,1776,1699,1717,1503,1346,1174,1780,1698,1652,1784,1300,1756,1366,1740,1314,1561,1607,1648,1593,1261,1404,1295,1595,1254,1196,1335,1431,1358,1213,1561,1734
,1771,1491,1685,1698,1133,1196,1504,1514,1401,1763,1564,1304,1665,1322,1373,1675,1352,1142,1363,1504,1317,1399,1738,1214,1560,1782,1229,1301,1670,1802,1392,1237,1550,1633,1708,1465,1351,1140,1133,1579,1431,1533,1375,1634,1657,1715,1452,1480,1300,1801,1746,1420,1262,1548,1223,1616,1548,1785,1511,1487,1436,1728,1235,1322,1764,1705,1549,1187,1698,1357,1640,1257,1288,1574,1720,1730,1370,1552,1200,1616,1279,1693,1605,1728,1758,1495,1223,1591,1293,1659,1671,1648,1808,1461,1752,1491,1417,1785,1318,1591,1429,1264,1590,1414,1218,1683,1535,1433,1806,1149,1570,1251,1507,1368,1704,1564,1608,1132,1338,1640,1737,1527,1327,1645,1644,1747,1527,1280,1590,1141,1264,1700,1473,1369,1338,1135,1710,1176,1161,1483,1131,1717,1274,1421,1340,1416,1397,1531,1303,1739,1794,1204,1274,1343,1567,1578,1207,1270,1440,1263,1393,1605,1639,1664,1748,1556,1690,1364,1466,1575,1352,1803,1223,1535,1479,1287,1562,1284,1616,1359,1364,1314,1239,1461,1244,1313,1270,1312,1492,1723,1214,1593,1538,1629,1447,1403,1154,1158,1508,1425,1261,1663,1247,1636,1647,1721,1515,1539,1380,1538,1157,1803,1295,1273,1805,1400,1783,1352,1418,1416,1663,1217,1462,1154,1686,1687,1405,1289,1460,1429,1389,1337,1325,1279,1669,1589,1649,1682,1247,1223,1776,1739,1214,1523,1786,1672,1504,1266,1154,1241,1183,1788,1766,1666,1556,1651,1281,1298,1441,1790,1202,1254,1720,1296,1307,1363,1242,1740,1466,1243,1432,1269,1717,1410,1612,1601,1264,1316,1271,1287,1336,1529,1525,1297,1557,1381,1148,1436,1180,1297,1560,1597,1345,1777,1149,1136,1632,1605,1413,1553,1286,1563,1729,1707,1750,1588,1176,1329,1690,1730,1390,1438,1762,1666,1351,1489
,1195,1420,1227,1329,1257,1604,1282,1218,1753,1607,1207,1422,1578,1441,1735,1724,1495,1170,1449,1759,1554,1793,1166,1742,1297,1511,1477,1692,1598,1511,1267,1570,1668,1692,1356,1179,1600,1253,1415,1450,1779,1529,1290,1570,1366,1461,1745,1131,1736,1358,1411,1483,1411,1794,1430,1228,1541,1640,1757,1136,1206,1235,1610,1651,1211,1243,1520,1748,1185,1631,1746,1389,1757,1688,1640,1496,1276,1653,1665,1428,1576,1536,1637,1784,1672,1669,1513,1593,1152,1432,1727,1226,1428,1420,1262,1236,1575,1265,1224,1558,1302,1436,1543,1171,1150,1230,1388,1807,1583,1254,1648,1194,1490,1332,1252,1164,1175,1531,1197,1331,1426,1483,1646,1315,1237,1250,1207,1776,1625,1452,1593,1687,1562,1439,1427,1306,1454,1727,1337,1532,1298,1270,1481,1712,1599,1338,1407,1186,1717,1171,1701,1658,1390,1439,1747,1188,1607,1703,1256,1709,1183,1528,1416,1297,1173,1688,1594,1378,1266,1328,1480,1413,1260,1441,1262,1661,1798,1235,1617,1445,1207,1664,1736,1774,1460,1605,1148,1190,1647,1557,1135,1426,1655,1254,1437,1546,1642,1725,1595,1633,1642,1354,1305,1230,1457,1781,1531,1563,1335,1134,1549,1771,1721,1537,1277,1511,1171,1131,1494,1670,1679,1729,1273,1415,1253,1400,1598,1742,1491,1432,1277,1431,1341,1494,1584,1289,1576,1523,1308,1430,1737,1427,1580,1271,1785,1215,1706,1490,1155,1346,1769,1307,1739,1382,1759,1477,1773,1468,1384,1314,1528,1335,1562,1736,1147,1345,1190,1189,1764,1682,1687,1578,1398,1429,1686,1421,1607,1420,1464,1333,1209,1427,1570,1474,1536,1156,1561,1378,1333,1403,1718,1366,1452,1606,1189,1208,1271,1152,1665,1299,1316,1333,1227,1523,1742,1500,1409,1285,1468,1345,1736,1703,1648,1731,1664,1507
,1291,1396,1367,1767,1678,1749,1620,1463,1384,1752,1747,1566,1254,1593,1205,1483,1572,1316,1223,1735,1632,1610,1332,1342,1425,1751,1394,1554,1455,1296,1229,1466,1188,1215,1255,1555,1646,1332,1190,1645,1280,1629,1324,1512,1368,1399,1309,1583,1327,1184,1506,1542,1251,1726,1416,1543,1600,1192,1423,1221,1680,1243,1355,1509,1201,1302,1594,1746,1536,1524,1759,1464,1146,1161,1255,1233,1508,1422,1722,1199,1498,1176,1746,1725,1730,1679,1160,1197,1491,1745,1210,1142,1280,1574,1235,1478,1716,1179,1803,1573,1520,1272,1804,1275,1422,1635,1654,1683,1472,1142,1171,1264,1483,1702,1176,1160,1542,1732,1637,1209,1335,1657,1432,1802,1752,1255,1771,1494,1381,1151,1316,1605,1787,1806,1620,1528,1408,1194,1663,1519,1687,1499,1511,1421,1601,1705,1396,1403,1541,1797,1500,1436,1435,1644,1776,1202,1485,1506,1578,1133,1774,1470,1289,1651,1412,1586,1391,1443,1439,1211,1738,1612,1667,1209,1439,1364,1223,1497,1440,1367,1641,1180,1647,1568,1271,1623,1451,1697,1465,1735,1437,1383,1583,1315,1606,1518,1660,1237,1435,1619,1213,1220,1633,1778,1258,1467,1504,1555,1137,1163,1393,1247,1228,1294,1540,1746,1791,1214,1308,1428,1195,1183,1706,1530,1136,1421,1360,1636,1341,1722,1644,1301,1280,1553,1231,1242,1383,1385,1133,1502,1544,1238,1410,1672,1523,1798,1306,1555,1732,1391,1432,1186,1467,1502,1806,1732,1710,1633,1264,1366,1786,1179,1691,1235,1401,1571,1583,1355,1284,1282,1625,1202,1736,1578,1315,1711,1575,1489,1358,1672,1802,1703,1598,1549,1734,1661,1145,1659,1217,1250,1262,1381,1210,1702,1755,1520,1632,1453,1361,1576,1560,1488,1735,1294,1210,1505,1564,1394,1599,1229,1492,1303,1452,1765,1779,1274
,1802,1723,1207,1564,1773,1304,1378,1446,1523,1194,1406,1702,1682,1593,1749,1322,1584,1662,1619,1370,1722,1729,1551,1227,1196,1510,1747,1371,1419,1351,1200,1588,1504,1280,1531,1516,1424,1727,1148,1152,1321,1147,1646,1390,1376,1745,1289,1144,1585,1434,1747,1380,1512,1244,1616,1797,1511,1428,1277,1366,1457,1379,1615,1416,1783,1645,1267,1670,1209,1458,1131,1807,1760,1323,1762,1341,1537,1409,1252,1452,1266,1148,1378,1261,1566,1524,1345,1343,1385,1517,1313,1470,1515,1728,1277,1145,1353,1261,1241,1546,1169,1761,1784,1141,1668,1513,1521,1386,1641,1349,1628,1510,1644,1431,1777,1780,1617,1679,1518,1650,1358,1491,1509,1517,1421,1450,1244,1424,1250,1450,1514,1398,1303,1239,1305,1194,1172,1744,1571,1720,1517,1756,1220,1694,1626,1162,1163,1750,1531,1723,1685,1732,1228,1659,1742,1765,1699,1253,1779,1336,1158,1631,1511,1527,1772,1645,1193,1506,1759,1807,1481,1442,1198,1679,1168,1209,1471,1216,1656,1359,1156,1493,1659,1764,1741,1688,1498,1189,1392,1670,1308,1656,1415,1212,1212,1201,1584,1220,1776,1180,1460,1137,1450,1685,1562,1204,1395,1680,1443,1207,1323,1764,1256,1604,1561,1336,1600,1519,1133,1730,1571,1297,1323,1467,1632,1178,1241,1233,1344,1265,1640,1529,1156,1312,1636,1356,1389,1333,1786,1470,1785,1299,1332,1207,1751,1728,1681,1653,1576,1778,1288,1370,1347,1500,1338,1462,1712,1507,1419,1687,1230,1625,1220,1421,1151,1777,1548,1424,1673,1638,1470,1503,1150,1545,1397,1335,1454,1393,1433,1320,1396,1157,1660,1491,1381,1501,1375,1236,1572,1261,1399,1505,1225,1719,1232,1564,1394,1433,1231,1464,1457,1342,1603,1746,1354,1222,1298,1204,1300,1310,1171,1178,1344,1373,1786,1771
,1697,1320,1193,1385,1184,1376,1264,1170,1390,1139,1315,1257,1545,1377,1450,1746,1254,1557,1480,1500,1646,1136,1673,1680,1799,1800,1781,1698,1795,1804,1144,1475,1577,1615,1299,1682,1670,1554,1676,1286,1567,1789,1742,1358,1639,1696,1602,1520,1202,1273,1287,1410,1541,1386,1756,1514,1650,1313,1521,1579,1681,1194,1704,1298,1743,1724,1323,1654,1151,1249,1284,1522,1582,1266,1659,1412,1695,1249,1383,1475,1567,1177,1299,1189,1563,1696,1257,1329,1534,1776,1532,1150,1629,1649,1350,1459,1281,1462,1551,1362,1406,1419,1757,1332,1271,1768,1410,1570,1439,1766,1361,1670,1567,1254,1802,1722,1285,1295,1470,1720,1632,1419,1614,1194,1299,1268,1256,1291,1661,1586,1630,1706,1342,1329,1688,1712,1487,1332,1578,1433,1333,1433,1512,1707,1228,1628,1514,1364,1507,1242,1799,1743,1546,1204,1347,1197,1704,1332,1483,1502,1412,1589,1401,1162,1596,1459,1608,1631,1570,1457,1139,1569,1441,1492,1575,1472,1470,1706,1343,1218,1563,1640,1637,1478,1691,1255,1686,1230,1758,1316,1185,1141,1421,1514,1430,1141,1600,1193,1165,1461,1727,1791,1739,1691,1249,1292,1618,1646,1595,1508,1712,1132,1399,1772,1622,1330,1248,1597,1560,1466,1457,1635,1155,1799,1749,1348,1373,1399,1772,1539,1609,1271,1327,1459,1387,1777,1304,1478,1166,1198,1362,1346,1271,1296,1182,1610,1567,1501,1642,1509,1382,1147,1767,1591,1779,1210,1521,1480,1390,1724,1718,1402,1755,1592,1389,1179,1774,1437,1181,1469,1673,1305,1598,1156,1572,1440,1472,1537,1296,1740,1680,1226,1686,1709,1628,1514,1195,1507,1322,1646,1134,1754,1669,1176,1307,1475,1213,1465,1212,1368,1336,1279,1618,1617,1526,1781,1393,1604,1339,1462,1558,1436,1230,1597,1720,1707
,1622,1294,1773,1563,1322,1482,1320,1255,1626,1520,1792,1332,1144,1433,1411,1251,1493,1792,1775,1510,1558,1731,1484,1371,1590,1782,1636,1397,1798,1567,1159,1586,1343,1469,1264,1488,1679,1396,1143,1472,1397,1170,1725,1608,1765,1290,1679,1419,1250,1321,1269,1211,1276,1733,1664,1344,1699,1238,1441,1163,1222,1369,1151,1327,1573,1182,1599,1301,1486,1702,1503,1410,1772,1726,1787,1778,1254,1234,1325,1401,1246,1708,1151,1192,1281,1196,1532,1570,1541,1206,1355,1671,1158,1597,1495,1525,1563,1176,1521,1711,1371,1254,1247,1505,1412,1373,1711,1174,1270,1724,1776,1520,1691,1413,1504,1388,1470,1716,1143,1408,1395,1355,1515,1465,1287,1481,1161,1725,1587,1404,1434,1752,1802,1220,1675,1358,1491,1326,1792,1804,1298,1566,1230,1155,1671,1789,1397,1458,1787,1665,1709,1206,1419,1722,1183,1348,1425,1478,1674,1399,1319,1531,1255,1254,1719,1150,1543,1655,1158,1621,1725,1465,1315,1552,1190,1509,1603,1526,1310,1676,1515,1205,1569,1571,1678,1306,1138,1687,1740,1760,1755,1769,1164,1744,1257,1529,1270,1647,1324,1219,1585,1175,1587,1696,1164,1666,1383,1158,1780,1243,1536,1682,1547,1172,1376,1700,1166,1602,1385,1163,1375,1616,1408,1365,1620,1202,1506,1342,1641,1765,1555,1634,1549,1392,1724,1772,1229,1476,1497,1670,1534,1170,1617,1504,1659,1138,1680,1429,1279,1632,1214,1611,1418,1498,1702,1723,1447,1686,1312,1495,1531,1471,1214,1280,1396,1554,1156,1661,1227,1473,1551,1371,1393,1338,1721,1612,1670,1370,1692,1729,1406,1226,1348,1154,1165,1496,1720,1306,1665,1743,1772,1501,1464,1684,1800,1446,1610,1688,1542,1149,1256,1222,1257,1776,1249,1232,1525,1681,1582,1165,1421,1678,1647,1484,1395,1253
,1766,1284,1668,1520,1150,1645,1423,1731,1276,1227,1731,1394,1221,1388,1177,1359,1148,1454,1200,1156,1403,1773,1668,1201,1299,1155,1319,1517,1329,1648,1257,1584,1465,1284,1238,1510,1752,1492,1179,1533,1611,1565,1694,1555,1703,1462,1521,1650,1337,1807,1195,1200,1308,1137,1158,1178,1719,1799,1262,1215,1199,1407,1154,1621,1689,1326,1223,1179,1631,1623,1679,1393,1499,1740,1663,1442,1681,1599,1594,1326,1303,1223,1357,1708,1256,1682,1512,1546,1459,1560,1293,1725,1670,1314,1287,1728,1630,1186,1673,1483,1777,1360,1215,1744,1300,1278,1689,1432,1687,1798,1158,1441,1319,1779,1774,1536,1289,1445,1401,1702,1289,1213,1799,1180,1239,1772,1173,1486,1441,1131,1515,1349,1387,1674,1760,1698,1347,1228,1527,1794,1800,1431,1735,1753,1502,1212,1299,1711,1520,1232,1612,1473,1399,1565,1488,1435,1224,1695,1233,1789,1513,1803,1518,1311,1687,1391,1637,1543,1622,1777,1218,1165,1658,1246,1599,1325,1135,1411,1527,1717,1735,1753,1655,1243,1441,1783,1488,1297,1358,1638,1327,1263,1300,1503,1228,1152,1362,1753,1140,1579,1322,1405,1162,1535,1149,1148,1662,1487,1535,1420,1782,1514,1484,1358,1622,1295,1729,1387,1510,1181,1325,1138,1725,1538,1370,1315,1309,1208,1795,1727,1351,1502,1608,1354,1591,1131,1312,1205,1687,1739,1180,1756,1477,1483,1520,1730,1425,1460,1156,1257,1274,1216,1792,1373,1727,1349,1488,1377,1348,1643,1389,1781,1649,1564,1740,1464,1709,1196,1134,1378,1193,1319,1704,1528,1334,1772,1703,1698,1401,1400,1433,1807,1448,1173,1132,1421,1482,1735,1380,1800,1740,1233,1399,1452,1651,1587,1551,1303,1547,1580,1475,1316,1336,1586,1571,1384,1518,1175,1634,1355,1631,1701,1706,1411,1341,1170
,1225,1528,1352,1298,1453,1384,1582,1777,1758,1271,1693,1803,1777,1295,1786,1262,1209,1442,1534,1372,1756,1710,1582,1519,1662,1371,1645,1203,1739,1433,1506,1338,1316,1783,1631,1270,1621,1236,1690,1406,1385,1331,1532,1671,1731,1287,1183,1681,1323,1502,1416,1806,1198,1518,1619,1413,1474,1794,1144,1628,1333,1642,1708,1191,1219,1490,1582,1207,1381,1608,1556,1721,1726,1632,1286,1323,1145,1680,1474,1585,1463,1501,1668,1134,1393,1573,1577,1363,1432,1440,1595,1495,1472,1729,1581,1480,1144,1169,1581,1188,1326,1649,1569,1706,1342,1208,1551,1630,1665,1277,1200,1472,1136,1731,1731,1694,1742,1157,1556,1542,1165,1382,1381,1171,1390,1723,1649,1323,1561,1647,1797,1493,1311,1702,1383,1588,1671,1406,1304,1360,1596,1504,1778,1628,1548,1503,1349,1769,1163,1192,1282,1249,1671,1570,1634,1437,1524,1253,1799,1704,1645,1441,1225,1466,1552,1140,1636,1155,1746,1318,1296,1687,1419,1551,1577,1401,1552,1668,1482,1548,1635,1583,1402,1591,1651,1178,1158,1318,1712,1567,1424,1581,1376,1417,1496,1305,1593,1450,1599,1428,1628,1634,1365,1779,1157,1279,1177,1275,1791,1664,1515,1629,1386,1755,1759,1582,1295,1335,1477,1488,1296,1701,1601,1258,1588,1666,1437,1513,1387,1266,1807,1565,1272,1368,1535,1550,1219,1370,1709,1132,1696,1235,1497,1697,1506,1211,1218,1377,1265,1686,1348,1645,1735,1401,1691,1569,1532,1246,1439,1566,1318,1771,1761,1490,1498,1731,1654,1729,1214,1526,1140,1672,1655,1731,1423,1729,1374,1628,1272,1132,1197,1169,1545,1365,1219,1320,1248,1282,1590,1295,1325,1150,1414,1663,1264,1679,1683,1581,1216,1568,1210,1702,1748,1301,1248,1484,1607,1332,1756,1709,1366,1296,1783,1474,1789,1444
,1497,1530,1159,1197,1133,1175,1213,1614,1167,1710,1511,1778,1228,1713,1772,1695,1571,1797,1143,1241,1581,1571,1321,1624,1330,1708,1801,1292,1338,1684,1796,1606,1591,1542,1279,1617,1749,1806,1159,1794,1289,1654,1295,1534,1352,1796,1273,1291,1388,1212,1752,1544,1173,1485,1692,1516,1499,1235,1314,1690,1274,1384,1771,1668,1559,1587,1715,1530,1314,1263,1776,1804,1386,1495,1719,1446,1179,1282,1426,1510,1423,1457,1477,1473,1622,1251,1380,1484,1693,1233,1134,1244,1565,1291,1630,1542,1567,1573,1619,1251,1469,1411,1666,1334,1381,1217,1147,1158,1484,1472,1333,1780,1561,1573,1226,1613,1750,1159,1439,1463,1574,1676,1478,1645,1688,1468,1384,1271,1495,1520,1456,1535,1520,1251,1337,1237,1797,1766,1311,1222,1177,1769,1241,1488,1556,1677,1540,1161,1775,1357,1767,1289,1452,1598,1688,1362,1746,1392,1322,1617,1180,1608,1348,1596,1260,1255,1409,1447,1525,1224,1395,1209,1258,1325,1393,1474,1317,1558,1201,1382,1533,1211,1560,1321,1258,1372,1786,1450,1733,1399,1292,1658,1242,1640,1211,1204,1683,1726,1240,1348,1637,1225,1533,1231,1192,1276,1730,1452,1434,1146,1387,1320,1627,1516,1150,1429,1384,1662,1171,1566,1457,1480,1669,1394,1400,1773,1725,1231,1727,1351,1285,1796,1421,1337,1163,1236,1625,1490,1293,1731,1778,1574,1504,1637,1645,1439,1359,1177,1523,1803,1434,1365,1224,1145,1477,1171,1723,1533,1263,1443,1490,1555,1703,1223,1432,1546,1432,1742,1261,1648,1705,1765,1300,1644,1657,1285,1499,1261,1214,1763,1550,1497,1350,1461,1519,1342,1135,1180,1302,1448,1538,1750,1346,1398,1258,1714,1681,1346,1346,1153,1241,1567,1205,1293,1561,1188,1500,1415,1583,1287,1637,1525,1272,1534,1779,1178
,1178,1650,1370,1368,1244,1301,1625,1176,1753,1432,1206,1402,1720,1639,1493,1522,1340,1248,1560,1183,1248,1465,1800,1640,1668,1493,1331,1459,1138,1616,1548,1371,1362,1414,1446,1227,1231,1443,1591,1258,1247,1656,1268,1348,1765,1511,1360,1454,1259,1699,1473,1337,1224,1641,1188,1628,1479,1805,1742,1372,1171,1168,1704,1375,1539,1526,1775,1323,1548,1773,1218,1596,1263,1785,1450,1721,1478,1268,1432,1406,1193,1202,1429,1190,1486,1490,1157,1406,1274,1408,1573,1536,1775,1368,1777,1804,1180,1400,1715,1736,1319,1510,1199,1344,1306,1508,1696,1758,1565,1424,1598,1336,1304,1528,1454,1558,1653,1586,1480,1804,1224,1592,1503,1267,1184,1193,1526,1132,1454,1558,1372,1735,1241,1758,1425,1731,1481,1153,1635,1376,1616,1615,1601,1562,1506,1373,1471,1165,1646,1144,1307,1536,1235,1178,1790,1440,1514,1687,1208,1742,1394,1476,1799,1625,1408,1490,1576,1599,1539,1455,1453,1517,1666,1774,1654,1519,1737,1772,1781,1722,1216,1672,1746,1302,1600,1449,1511,1497,1733,1752,1441,1595,1351,1755,1179,1419,1502,1640,1671,1218,1649,1438,1275,1270,1212,1607,1590,1740,1483,1273,1499,1661,1132,1673,1199,1225,1299,1214,1278,1692,1559,1806,1563,1732,1744,1540,1189,1714,1150,1280,1429,1249,1432,1507,1325,1733,1554,1310,1259,1345,1158,1599,1733,1421,1632,1376,1769,1521,1392,1596,1489,1219,1516,1707,1724,1170,1662,1367,1249,1301,1417,1264,1389,1149,1489,1345,1557,1308,1352,1252,1448,1296,1534,1208,1493,1757,1701,1260,1769,1574,1394,1426,1291,1381,1356,1761,1690,1146,1142,1728,1418,1173,1308,1677,1325,1547,1506,1695,1673,1265,1592,1772,1684,1447,1649,1694,1214,1576,1469,1725,1383,1648,1570,1311,1742,1435
,1477,1175,1411,1757,1516,1743,1184,1746,1245,1457,1481,1272,1692,1413,1171,1712,1535,1757,1751,1522,1396,1578,1668,1492,1373,1158,1352,1297,1211,1443,1481,1285,1223,1271,1290,1584,1650,1293,1726,1789,1151,1696,1520,1234,1389,1457,1420,1257,1479,1243,1682,1748,1321,1436,1610,1589,1253,1597,1559,1195,1699,1394,1392,1306,1149,1170,1687,1389,1302,1651,1673,1715,1205,1451,1352,1715,1595,1521,1438,1218,1375,1580,1602,1518,1567,1713,1371,1465,1693,1642,1774,1273,1598,1405,1752,1426,1601,1360,1237,1250,1746,1293,1663,1768,1730,1537,1530,1459,1478,1708,1287,1807,1308,1383,1248,1385,1375,1204,1275,1302,1474,1365,1646,1175,1146,1489,1268,1178,1448,1228,1390,1639,1721,1331,1331,1366,1367,1203,1778,1144,1756,1376,1302,1215,1521,1533,1260,1739,1385,1403,1551,1685,1777,1304,1621,1619,1349,1554,1553,1260,1404,1801,1804,1707,1764,1687,1542,1364,1310,1655,1546,1209,1663,1697,1431,1478,1141,1454,1249,1444,1778,1198,1576,1664,1275,1707,1745,1497,1744,1365,1559,1798,1672,1482,1148,1697,1402,1141,1318,1324,1177,1563,1670,1494,1408,1530,1422,1180,1339,1750,1325,1784,1338,1191,1277,1726,1387,1145,1408,1719,1628,1324,1534,1193,1750,1422,1300,1546,1322,1513,1644,1779,1406,1440,1290,1150,1747,1806,1241,1598,1506,1335,1718,1501,1680,1440,1761,1376,1195,1144,1694,1752,1794,1717,1180,1594,1372,1131,1459,1642,1773,1265,1134,1239,1680,1286,1798,1784,1189,1531,1571,1521,1780,1394,1771,1335,1444,1353,1670,1767,1258,1445,1189,1239,1473,1489,1149,1544,1612,1603,1802,1582,1563,1140,1396,1362,1244,1554,1766,1249,1798,1607,1346,1612,1287,1222,1186,1384,1600,1614,1193,1614,1687,1678,1291,1782
,1773,1532,1650,1271,1745,1641,1656,1626,1431,1648,1699,1273,1525,1528,1167,1434,1558,1376,1803,1706,1282,1187,1739,1796,1266,1368,1528,1216,1338,1682,1687,1329,1492,1754,1415,1426,1142,1714,1159,1464,1674,1369,1798,1237,1501,1507,1144,1345,1418,1474,1188,1699,1440,1568,1523,1256,1549,1585,1608,1453,1581,1761,1796,1300,1762,1151,1491,1748,1580,1410,1677,1516,1646,1602,1720,1135,1741,1412,1576,1793,1285,1625,1583,1465,1244,1618,1539,1164,1594,1535,1264,1173,1162,1198,1770,1610,1342,1190,1640,1630,1714,1756,1275,1488,1233,1173,1434,1204,1338,1219,1253,1572,1252,1179,1395,1364,1561,1241,1529,1687,1244,1460,1457,1386,1161,1626,1383,1454,1353,1147,1312,1457,1312,1610,1540,1323,1486,1214,1588,1609,1240,1158,1440,1325,1274,1293,1497,1744,1688,1321,1301,1251,1787,1665,1646,1695,1681,1791,1725,1319,1173,1744,1211,1373,1262,1299,1344,1344,1475,1322,1220,1191,1388,1781,1582,1568,1719,1253,1325,1199,1604,1601,1550,1582,1592,1781,1507,1489,1558,1281,1526,1419,1228,1632,1155,1275,1153,1144,1406,1609,1801,1704,1356,1436,1513,1617,1274,1533,1597,1501,1220,1640,1597,1135,1370,1329,1521,1253,1776,1416,1196,1753,1198,1627,1595,1557,1795,1690,1611,1260,1146,1655,1185,1620,1132,1516,1703,1489,1796,1265,1363,1555,1369,1511,1712,1642,1259,1273,1155,1560,1564,1222,1403,1546,1720,1485,1690,1302,1399,1399,1730,1797,1767,1211,1787,1252,1331,1442,1215,1677,1212,1239,1576,1686,1200,1380,1545,1202,1139,1772,1747,1462,1682,1745,1433,1407,1468,1662,1551,1671,1229,1559,1293,1433,1706,1212,1702,1514,1765,1587,1646,1372,1592,1493,1349,1383,1377,1210,1543,1131,1325,1738,1312,1226,1134,1780
,1593,1750,1367,1342,1472,1807,1288,1511,1397,1772,1161,1762,1231,1794,1403,1362,1622,1412,1793,1161,1349,1527,1463,1666,1783,1541,1573,1212,1535,1460,1416,1563,1687,1158,1714,1300,1401,1382,1233,1548,1582,1323,1197,1315,1178,1702,1801,1527,1205,1152,1644,1342,1771,1419,1167,1222,1414,1302,1201,1286,1289,1802,1557,1285,1299,1375,1661,1419,1641,1753,1375,1190,1335,1347,1267,1596,1200,1313,1685,1155,1413,1770,1132,1152,1160,1296,1652,1667,1520,1472,1356,1337,1304,1696,1604,1725,1291,1185,1185,1466,1779,1271,1801,1253,1179,1142,1483,1777,1400,1727,1344,1582,1520,1755,1230,1297,1747,1190,1388,1136,1683,1286,1464,1647,1379,1641,1722,1602,1743,1307,1410,1189,1592,1145,1634,1460,1787,1765,1612,1180,1136,1746,1133,1378,1373,1516,1502,1456,1518,1404,1685,1170,1372,1759,1651,1432,1743,1544,1274,1404,1214,1675,1384,1405,1517,1221,1626,1453,1624,1696,1538,1595,1642,1368,1232,1663,1365,1546,1691,1244,1604,1190,1558,1293,1267,1160,1162,1797,1339,1716,1424,1510,1437,1214,1806,1138,1748,1455,1732,1766,1287,1535,1184,1191,1248,1167,1741,1453,1448,1382,1148,1351,1669,1286,1630,1523,1481,1139,1703,1586,1409,1480,1169,1473,1702,1704,1656,1385,1793,1243,1799,1286,1659,1504,1773,1368,1371,1279,1279,1323,1459,1575,1745,1310,1546,1464,1326,1675,1349,1360,1137,1429,1406,1520,1177,1628,1607,1269,1719,1519,1650,1679,1729,1331,1457,1490,1361,1515,1556,1391,1242,1524,1157,1360,1620,1802,1219,1298,1288,1731,1593,1671,1389,1535,1766,1371,1289,1131,1652,1505,1670,1725,1165,1412,1756,1717,1345,1621,1741,1770,1234,1547,1195,1226,1502,1678,1208,1456,1534,1765,1431,1334,1184,1718,1572,1500
,1807,1167,1802,1409,1318,1489,1343,1452,1381,1198,1271,1432,1273,1766,1190,1155,1147,1374,1212,1624,1302,1626,1639,1306,1239,1141,1685,1637,1744,1145,1733,1191,1793,1158,1669,1175,1748,1319,1218,1182,1640,1251,1608,1661,1514,1307,1793,1249,1158,1588,1361,1503,1627,1507,1320,1504,1477,1550,1528,1284,1146,1524,1521,1563,1808,1276,1600,1272,1365,1739,1807,1527,1373,1253,1641,1527,1191,1244,1141,1674,1619,1606,1742,1506,1197,1407,1766,1563,1498,1512,1331,1477,1314,1287,1150,1772,1439,1488,1276,1222,1482,1621,1432,1455,1656,1302,1416,1718,1336,1763,1289,1145,1655,1234,1686,1216,1214,1257,1184,1381,1245,1726,1635,1598,1636,1795,1183,1277,1232,1289,1153,1361,1269,1556,1466,1471,1296,1249,1207,1309,1179,1714,1509,1615,1792,1272,1782,1406,1140,1527,1218,1804,1541,1368,1377,1635,1412,1676,1263,1280,1641,1474,1477,1151,1492,1590,1760,1491,1543,1306,1216,1152,1269,1312,1770,1393,1230,1769,1653,1785,1728,1805,1320,1760,1273,1563,1270,1384,1527,1396,1354,1617,1306,1451,1168,1363,1240,1597,1508,1303,1557,1576,1683,1401,1652,1739,1365,1447,1223,1141,1165,1776,1604,1280,1312,1609,1776,1665,1543,1634,1324,1150,1295,1534,1680,1607,1800,1164,1466,1766,1141,1754,1417,1366,1234,1399,1187,1717,1534,1188,1388,1632,1725,1268,1298,1713,1343,1621,1177,1729,1162,1242,1446,1778,1433,1687,1727,1265,1319,1419,1526,1562,1282,1730,1277,1684,1676,1374,1553,1682,1590,1331,1161,1682,1728,1487,1342,1619,1139,1542,1308,1694,1342,1412,1749,1623,1151,1160,1286,1277,1554,1272,1158,1292,1288,1299,1449,1140,1272,1480,1453,1569,1614,1566,1159,1282,1519,1780,1466,1277,1486,1559,1132,1491,1229,1476
,1528,1313,1258,1720,1771,1605,1392,1786,1256,1151,1450,1484,1531,1456,1148,1560,1512,1516,1664,1408,1554,1399,1574,1216,1767,1285,1765,1549,1477,1762,1402,1266,1466,1603,1498,1513,1132,1135,1412,1175,1764,1284,1449,1407,1606,1155,1589,1368,1499,1158,1293,1528,1516,1781,1701,1638,1775,1620,1303,1445,1289,1513,1511,1477,1210,1253,1186,1799,1556,1755,1583,1269,1626,1179,1627,1383,1577,1298,1253,1238,1649,1690,1303,1174,1303,1727,1389,1685,1517,1771,1749,1316,1436,1196,1188,1579,1570,1454,1564,1728,1231,1653,1356,1798,1588,1261,1195,1219,1386,1605,1523,1617,1790,1673,1787,1518,1219,1741,1544,1714,1414,1803,1508,1609,1604,1181,1588,1149,1187,1363,1276,1762,1263,1132,1510,1401,1487,1495,1622,1471,1331,1570,1636,1692,1781,1639,1379,1655,1397,1139,1280,1170,1804,1406,1800,1233,1660,1718,1452,1456,1665,1702,1371,1233,1134,1174,1199,1500,1284,1160,1383,1656,1590,1782,1691,1592,1171,1502,1308,1290,1297,1684,1399,1174,1662,1258,1723,1540,1187,1308,1666,1199,1528,1482,1333,1769,1504,1211,1190,1331,1660,1739,1619,1466,1420,1760,1740,1566,1663,1647,1545,1781,1440,1589,1414,1497,1140,1205,1655,1800,1182,1288,1530,1183,1286,1180,1452,1346,1139,1727,1712,1433,1492,1581,1548,1335,1688,1497,1523,1577,1530,1133,1308,1655,1589,1409,1376,1423,1784,1716,1498,1364,1374,1246,1593,1774,1493,1752,1772,1543,1644,1709,1669,1431,1614,1321,1768,1731,1641,1713,1380,1362,1808,1595,1191,1465,1413,1435,1179,1154,1271,1736,1490,1361,1572,1366,1749,1163,1141,1276,1384,1169,1523,1688,1551,1309,1136,1577,1246,1197,1772,1325,1458,1489,1351,1707,1446,1243,1345,1323,1611,1406,1668,1216,1567,1676
,1244,1285,1296,1389,1229,1325,1182,1671,1601,1264,1392,1660,1261,1791,1534,1594,1368,1546,1624,1670,1238,1789,1783,1295,1639,1550,1382,1240,1555,1354,1593,1483,1283,1162,1683,1555,1419,1498,1512,1292,1337,1681,1273,1171,1443,1321,1190,1391,1796,1725,1700,1238,1735,1624,1350,1563,1405,1661,1764,1601,1503,1269,1413,1644,1754,1710,1260,1483,1588,1437,1661,1516,1698,1735,1561,1315,1730,1271,1597,1229,1377,1663,1133,1554,1430,1289,1669,1663,1156,1562,1365,1569,1491,1453,1240,1603,1349,1507,1137,1449,1365,1176,1712,1147,1256,1238,1476,1713,1470,1671,1185,1784,1727,1608,1538,1381,1732,1778,1261,1287,1227,1421,1444,1721,1310,1696,1693,1160,1372,1716,1496,1417,1459,1544,1511,1563,1309,1769,1484,1372,1645,1327,1777,1419,1807,1143,1785,1578,1185,1622,1230,1206,1288,1725,1500,1410,1689,1467,1597,1239,1397,1787,1557,1782,1390,1178,1265,1223,1500,1298,1361,1317,1802,1769,1319,1664,1777,1551,1159,1526,1650,1331,1670,1691,1173,1148,1688,1387,1457,1199,1486,1567,1696,1248,1384,1808,1510,1430,1603,1259,1792,1241,1415,1598,1518,1637,1375,1245,1444,1627,1149,1240,1446,1303,1644,1172,1590,1522,1584,1548,1652,1373,1756,1433,1226,1439,1648,1219,1216,1486,1734,1289,1692,1575,1288,1421,1486,1432,1507,1150,1702,1345,1783,1434,1336,1531,1251,1200,1426,1680,1678,1475,1722,1544,1463,1300,1466,1481,1790,1312,1727,1715,1189,1800,1741,1798,1699,1420,1578,1607,1574,1658,1167,1345,1412,1552,1761,1220,1694,1511,1413,1654,1454,1701,1745,1632,1332,1303,1748,1169,1416,1707,1160,1694,1542,1613,1571,1698,1383,1757,1322,1703,1170,1580,1493,1497,1612,1395,1727,1312,1463,1684,1316,1543,1788,1167
,1187,1587,1294,1217,1796,1236,1791,1743,1737,1641,1750,1151,1405,1601,1515,1373,1365,1314,1209,1480,1631,1471,1527,1186,1371,1747,1445,1587,1272,1344,1519,1703,1571,1691,1805,1659,1375,1657,1790,1505,1275,1139,1768,1572,1416,1658,1626,1320,1365,1504,1545,1709,1365,1654,1346,1138,1234,1661,1488,1535,1272,1469,1576,1604,1137,1563,1771,1227,1290,1204,1486,1146,1654,1427,1746,1211,1712,1676,1210,1782,1501,1335,1258,1805,1472,1401,1243,1672,1440,1620,1745,1706,1510,1708,1704,1184,1686,1315,1448,1526,1320,1537,1608,1152,1258,1621,1377,1739,1357,1761,1771,1343,1257,1679,1499,1780,1789,1514,1293,1373,1694,1390,1554,1271,1396,1328,1397,1771,1300,1316,1658,1737,1763,1433,1773,1188,1662,1687,1381,1552,1429,1328,1758,1537,1632,1253,1464,1309,1424,1264,1783,1682,1291,1697,1534,1740,1485,1645,1490,1221,1645,1737,1613,1298,1454,1136,1532,1478,1208,1672,1374,1358,1520,1462,1463,1701,1650,1636,1377,1553,1752,1221,1653,1292,1272,1348,1252,1528,1593,1408,1325,1663,1589,1665,1233,1673,1155,1384,1731,1728,1355,1399,1546,1535,1626,1275,1597,1483,1632,1616,1282,1508,1393,1266,1226,1142,1411,1226,1408,1287,1516,1655,1805,1594,1289,1744,1263,1180,1146,1259,1664,1551,1189,1319,1183,1230,1335,1248,1237,1646,1403,1677,1696,1214,1326,1803,1676,1316,1627,1492,1181,1791,1417,1322,1209,1252,1562,1274,1495,1805,1615,1787,1628,1639,1679,1160,1722,1236,1552,1393,1775,1278,1726,1696,1597,1132,1279,1607,1305,1188,1417,1354,1552,1213,1580,1152,1760,1600,1232,1316,1756,1287,1541,1644,1237,1425,1140,1329,1538,1651,1508,1467,1604,1620,1805,1248,1189,1662,1463,1503,1726,1569,1682,1298,1337,1416
,1399,1346,1422,1396,1654,1579,1249,1203,1615,1749,1717,1502,1612,1255,1167,1293,1610,1774,1429,1532,1165,1649,1562,1437,1542,1674,1432,1191,1763,1216,1801,1227,1540,1420,1807,1646,1551,1568,1395,1396,1272,1742,1497,1367,1593,1660,1654,1254,1607,1253,1198,1190,1254,1539,1593,1181,1647,1516,1334,1463,1441,1289,1544,1354,1498,1594,1178,1309,1302,1576,1699,1301,1505,1719,1271,1242,1379,1197,1632,1230,1323,1394,1360,1694,1160,1173,1295,1222,1701,1739,1176,1308,1538,1606,1479,1624,1132,1327,1213,1762,1479,1478,1721,1789,1442,1622,1696,1618,1773,1205,1456,1415,1445,1764,1161,1321,1458,1646,1656,1394,1543,1415,1765,1756,1144,1132,1172,1788,1700,1790,1180,1211,1186,1290,1134,1756,1758,1284,1484,1406,1288,1180,1524,1696,1637,1246,1247,1354,1207,1338,1731,1437,1747,1377,1305,1713,1415,1424,1310,1222,1229,1177,1371,1466,1225,1665,1422,1137,1304,1158,1385,1707,1808,1285,1564,1784,1435,1272,1711,1697,1532,1470,1236,1250,1722,1535,1188,1516,1423,1660,1192,1447,1553,1222,1741,1698,1328,1605,1485,1389,1315,1283,1511,1292,1556,1738,1615,1584,1441,1329,1576,1161,1237,1625,1223,1417,1625,1726,1187,1635,1189,1435,1325,1231,1315,1522,1335,1806,1700,1742,1619,1390,1544,1586,1699,1462,1150,1226,1450,1364,1492,1515,1682,1232,1440,1440,1469,1296,1778,1370,1568,1759,1219,1710,1383,1409,1213,1798,1736,1797,1361,1489,1192,1474,1310,1354,1209,1475,1599,1732,1595,1483,1350,1316,1191,1632,1400,1698,1615,1416,1374,1598,1542,1223,1178,1573,1772,1336,1411,1499,1611,1202,1722,1159,1164,1473,1693,1711,1765,1686,1765,1781,1170,1481,1658,1280,1131,1195,1294,1332,1673,1306,1237,1507,1451,1497
,1381,1700,1338,1416,1487,1667,1657,1771,1470,1188,1694,1764,1381,1634,1236,1438,1667,1646,1672,1717,1590,1352,1311,1261,1479,1258,1490,1628,1373,1240,1466,1452,1709,1222,1254,1621,1289,1700,1787,1382,1486,1285,1700,1387,1410,1295,1491,1802,1542,1631,1142,1634,1782,1271,1266,1572,1629,1365,1631,1156,1159,1317,1189,1541,1456,1317,1702,1430,1610,1529,1290,1435,1392,1162,1163,1627,1464,1179,1463,1653,1530,1772,1681,1194,1728,1534,1321,1756,1134,1209,1569,1297,1727,1273,1631,1585,1316,1277,1657,1522,1414,1497,1452,1364,1669,1656,1367,1647,1374,1694,1445,1757,1339,1498,1347,1132,1188,1467,1731,1143,1397,1467,1789,1609,1131,1259,1524,1207,1246,1714,1541,1388,1359,1641,1776,1650,1153,1402,1605,1410,1474,1763,1449,1480,1208,1346,1181,1561,1312,1465,1607,1496,1756,1533,1381,1714,1253,1805,1389,1808,1366,1163,1349,1215,1200,1331,1167,1665,1225,1283,1292,1768,1798,1285,1608,1787,1176,1759,1310,1732,1192,1520,1803,1738,1251,1300,1250,1155,1719,1717,1204,1254,1566,1323,1408,1254,1358,1728,1532,1732,1561,1198,1144,1409,1350,1300,1323,1169,1439,1281,1151,1376,1253,1653,1325,1175,1149,1346,1496,1742,1613,1781,1302,1145,1167,1377,1360,1290,1707,1301,1503,1769,1358,1774,1152,1159,1460,1218,1732,1666,1808,1441,1614,1349,1378,1431,1715,1163,1207,1577,1304,1427,1316,1671,1165,1230,1373,1719,1187,1509,1194,1246,1181,1711,1479,1796,1459,1457,1387,1412,1678,1385,1556,1723,1559,1712,1712,1334,1651,1726,1526,1178,1782,1688,1167,1225,1624,1751,1559,1143,1719,1696,1468,1672,1611,1457,1289,1581,1136,1430,1373,1716,1230,1134,1384,1650,1676,1297,1138,1133,1600,1183,1524,1370,1474,1615
,1377,1584,1705,1644,1372,1550,1434,1545,1300,1590,1546,1211,1295,1298,1170,1790,1690,1231,1530,1693,1550,1806,1621,1134,1475,1495,1620,1143,1144,1511,1203,1163,1745,1256,1735,1751,1147,1722,1324,1298,1131,1426,1466,1780,1286,1316,1452,1454,1350,1378,1234,1705,1707,1570,1693,1385,1650,1505,1707,1668,1362,1239,1595,1773,1720,1708,1598,1167,1687,1634,1369,1682,1596,1735,1198,1595,1379,1710,1372,1181,1426,1799,1481,1282,1702,1291,1404,1411,1304,1672,1194,1316,1689,1280,1201,1703,1790,1390,1732,1368,1229,1456,1465,1217,1528,1783,1475,1469,1521,1422,1201,1449,1718,1322,1454,1450,1384,1654,1581,1597,1444,1682,1277,1751,1508,1769,1433,1356,1425,1284,1285,1217,1384,1682,1194,1339,1676,1711,1744,1271,1335,1635,1354,1430,1350,1470,1317,1672,1533,1160,1719,1758,1176,1765,1304,1552,1349,1557,1609,1321,1222,1703,1442,1729,1136,1765,1792,1650,1530,1318,1379,1397,1164,1471,1540,1475,1190,1593,1582,1400,1456,1624,1733,1477,1656,1594,1757,1454,1438,1511,1710,1693,1203,1570,1468,1223,1691,1434,1767,1275,1205,1533,1720,1743,1505,1462,1375,1361,1698,1137,1401,1373,1522,1291,1622,1169,1235,1731,1450,1685,1806,1466,1662,1485,1159,1466,1208,1725,1271,1680,1286,1614,1800,1497,1131,1404,1386,1657,1238,1786,1279,1740,1766,1611,1300,1240,1377,1251,1327,1280,1541,1439,1414,1161,1549,1512,1650,1614,1249,1494,1466,1581,1230,1619,1441,1697,1552,1387,1608,1311,1519,1246,1142,1562,1690,1808,1714,1501,1491,1534,1156,1645,1530,1625,1273,1657,1462,1131,1418,1551,1417,1677,1198,1783,1770,1341,1191,1162,1605,1643,1434,1717,1434,1797,1246,1248,1191,1637,1661,1744,1630,1272,1140,1711,1367,1745
,1708,1437,1559,1246,1264,1763,1698,1611,1756,1261,1350,1599,1288,1717,1264,1673,1370,1585,1473,1202,1638,1370,1358,1238,1333,1372,1416,1173,1594,1755,1510,1451,1807,1633,1808,1737,1239,1537,1453,1734,1323,1205,1154,1184,1690,1494,1213,1508,1616,1350,1776,1401,1634,1636,1524,1685,1298,1215,1323,1439,1618,1802,1292,1360,1806,1777,1148,1535,1142,1412,1319,1716,1751,1189,1220,1618,1527,1754,1318,1243,1644,1224,1154,1643,1369,1715,1402,1615,1389,1517,1657,1413,1690,1753,1784,1764,1626,1464,1569,1616,1163,1227,1442,1214,1612,1598,1600,1799,1725,1595,1258,1562,1551,1740,1279,1322,1802,1205,1186,1195,1158,1571,1676,1226,1505,1526,1400,1282,1670,1506,1385,1309,1751,1773,1471,1663,1472,1339,1572,1717,1463,1700,1139,1250,1248,1694,1378,1792,1258,1375,1747,1370,1773,1189,1132,1144,1598,1393,1550,1310,1393,1433,1315,1614,1763,1530,1534,1328,1625,1718,1431,1280,1483,1430,1678,1404,1781,1735,1770,1709,1588,1576,1628,1526,1716,1766,1667,1133,1133,1701,1772,1157,1492,1440,1472,1781,1143,1690,1411,1640,1273,1293,1526,1383,1317,1659,1560,1396,1650,1259,1254,1165,1348,1445,1176,1527,1321,1597,1797,1651,1245,1181,1334,1659,1134,1307,1423,1459,1311,1531,1203,1499,1207,1334,1738,1355,1732,1317,1577,1394,1513,1512,1764,1584,1193,1252,1224,1200,1178,1466,1692,1253,1253,1436,1791,1616,1504,1523,1703,1524,1295,1137,1514,1232,1541,1384,1757,1142,1454,1664,1328,1192,1372,1270,1580,1659,1798,1793,1249,1675,1510,1497,1349,1136,1528,1591,1424,1622,1484,1582,1135,1740,1295,1361,1593,1511,1449,1451,1157,1235,1375,1133,1634,1274,1711,1579,1254,1605,1695,1436,1256,1201,1135,1789,1527,1748
,1271,1784,1185,1612,1566,1756,1464,1147,1284,1484,1729,1748,1342,1288,1158,1188,1481,1521,1478,1693,1246,1778,1788,1137,1362,1762,1169,1519,1688,1312,1502,1264,1753,1312,1408,1334,1339,1411,1689,1319,1158,1138,1443,1160,1635,1617,1486,1567,1608,1544,1476,1408,1436,1472,1178,1390,1146,1461,1519,1203,1238,1253,1253,1707,1154,1479,1471,1761,1308,1185,1138,1691,1797,1586,1639,1360,1307,1743,1753,1656,1524,1280,1272,1312,1601,1339,1361,1248,1136,1370,1590,1629,1367,1596,1505,1647,1529,1727,1282,1186,1791,1746,1743,1290,1154,1772,1774,1270,1450,1220,1159,1332,1353,1492,1567,1228,1355,1715,1279,1211,1314,1440,1714,1565,1613,1727,1154,1208,1739,1169,1173,1185,1224,1546,1378,1467,1621,1713,1456,1390,1595,1706,1397,1801,1165,1232,1759,1151,1274,1567,1158,1634,1264,1453,1707,1346,1174,1416,1366,1415,1455,1602,1375,1448,1310,1768,1762,1448,1792,1490,1380,1139,1258,1402,1308,1356,1329,1484,1131,1470,1447,1153,1253,1671,1144,1233,1395,1510,1627,1287,1174,1666,1376,1500,1309,1720,1470,1461,1531,1591,1584,1605,1796,1494,1656,1209,1782,1525,1160,1414,1251,1758,1225,1555,1312,1317,1365,1696,1439,1329,1225,1135,1775,1696,1501,1312,1207,1557,1499,1800,1166,1422,1744,1248,1319,1492,1312,1745,1259,1171,1295,1761,1732,1461,1787,1808,1772,1720,1390,1320,1507,1618,1401,1799,1436,1691,1769,1222,1449,1428,1285,1536,1178,1270,1801,1217,1438,1695,1709,1573,1771,1401,1358,1183,1435,1153,1575,1216,1199,1653,1409,1615,1611,1151,1479,1500,1570,1138,1314,1795,1546,1776,1168,1190,1411,1659,1671,1597,1694,1653,1778,1550,1406,1177,1305,1802,1595,1255,1360,1165,1208,1780,1697,1613,1656,1349
,1669,1147,1557,1703,1344,1592,1438,1216,1319,1364,1351,1161,1719,1688,1637,1558,1295,1263,1326,1477,1203,1237,1221,1469,1134,1742,1651,1795,1724,1574,1481,1617,1509,1690,1501,1559,1572,1515,1666,1154,1781,1281,1687,1476,1390,1263,1658,1429,1740,1402,1768,1748,1147,1358,1461,1730,1222,1226,1329,1159,1144,1548,1402,1726,1583,1276,1572,1537,1580,1557,1640,1552,1285,1272,1772,1617,1289,1394,1337,1209,1705,1789,1224,1753,1275,1669,1133,1592,1406,1412,1749,1530,1678,1634,1515,1464,1469,1360,1532,1489,1359,1308,1332,1639,1248,1686,1509,1688,1226,1638,1204,1438,1259,1250,1187,1314,1131,1202,1517,1134,1420,1500,1406,1556,1446,1333,1158,1337,1561,1169,1194,1601,1627,1473,1450,1478,1445,1164,1590,1203,1733,1322,1507,1417,1513,1763,1240,1444,1512,1589,1695,1492,1131,1255,1504,1678,1541,1298,1419,1266,1774,1755,1637,1549,1526,1465,1263,1500,1174,1593,1384,1508,1593,1299,1773,1667,1798,1652,1415,1778,1572,1615,1524,1458,1437,1219,1479,1442,1595,1605,1253,1513,1437,1193,1383,1304,1347,1759,1624,1655,1438,1348,1374,1325,1690,1603,1355,1634,1565,1797,1789,1330,1288,1797,1282,1791,1256,1780,1442,1178,1440,1413,1473,1668,1448,1318,1559,1611,1735,1619,1734,1348,1147,1407,1223,1542,1195,1292,1588,1295,1296,1351,1441,1235,1218,1265,1587,1522,1782,1407,1302,1731,1235,1435,1556,1755,1681,1140,1785,1434,1512,1340,1370,1685,1668,1767,1195,1762,1759,1278,1448,1254,1429,1731,1531,1341,1309,1370,1570,1193,1629,1252,1198,1553,1802,1450,1237,1226,1392,1168,1520,1413,1455,1481,1806,1154,1470,1140,1782,1593,1643,1796,1413,1645,1210,1806,1483,1652,1644,1799,1785,1567,1256,1595,1577,1317
,1279,1377,1157,1366,1713,1168,1523,1598,1581,1134,1186,1526,1457,1137,1447,1633,1224,1581,1522,1135,1725,1693,1156,1137,1345,1777,1431,1547,1147,1735,1793,1620,1420,1256,1188,1139,1266,1195,1264,1394,1415,1416,1137,1246,1212,1227,1226,1681,1627,1644,1289,1440,1187,1255,1549,1300,1734,1738,1750,1559,1792,1699,1592,1587,1465,1382,1456,1534,1198,1733,1484,1648,1254,1717,1679,1141,1692,1799,1603,1444,1336,1662,1692,1530,1167,1228,1759,1655,1397,1319,1349,1238,1779,1729,1564,1288,1213,1582,1149,1348,1416,1334,1500,1131,1425,1310,1267,1203,1769,1173,1176,1704,1412,1284,1709,1632,1377,1571,1481,1769,1284,1265,1417,1451,1520,1620,1149,1176,1563,1582,1368,1691,1622,1495,1233,1355,1145,1764,1472,1642,1473,1402,1247,1672,1534,1452,1605,1470,1739,1641,1496,1659,1550,1710,1572,1196,1323,1237,1286,1173,1174,1491,1600,1334,1458,1300,1764,1278,1454,1711,1479,1647,1473,1632,1332,1207,1523,1533,1340,1344,1253,1487,1190,1423,1607,1712,1665,1464,1470,1806,1177,1498,1605,1291,1665,1747,1460,1674,1221,1395,1235,1636,1767,1235,1706,1697,1343,1363,1691,1691,1297,1267,1324,1746,1377,1261,1469,1322,1748,1650,1410,1684,1230,1500,1448,1382,1704,1765,1440,1659,1261,1155,1478,1188,1383,1483,1543,1550,1199,1271,1572,1270,1496,1641,1710,1645,1467,1274,1690,1593,1311,1802,1453,1132,1398,1563,1611,1808,1513,1255,1660,1564,1347,1486,1546,1392,1175,1481,1790,1806,1309,1598,1548,1173,1332,1780,1665,1773,1481,1556,1534,1283,1254,1319,1214,1546,1184,1141,1264,1461,1195,1649,1347,1801,1588,1168,1650,1238,1515,1428,1332,1316,1644,1265,1522,1581,1335,1800,1732,1790,1132,1364,1580,1326,1510,1541
,1220,1321,1356,1754,1348,1703,1418,1406,1672,1135,1564,1402,1346,1660,1136,1274,1171,1488,1602,1475,1221,1575,1693,1154,1302,1517,1706,1594,1342,1704,1595,1806,1748,1303,1746,1688,1449,1482,1670,1407,1140,1697,1600,1266,1371,1372,1365,1323,1356,1758,1224,1634,1150,1466,1459,1484,1609,1418,1249,1318,1693,1382,1668,1286,1553,1362,1362,1746,1303,1276,1672,1222,1451,1576,1648,1588,1727,1736,1337,1413,1148,1254,1593,1388,1293,1649,1571,1230,1575,1757,1329,1804,1738,1374,1208,1394,1700,1381,1589,1441,1758,1306,1707,1242,1548,1321,1600,1739,1153,1808,1278,1131,1693,1409,1439,1256,1735,1656,1493,1667,1718,1169,1674,1444,1279,1200,1382,1544,1757,1149,1636,1220,1770,1292,1244,1783,1729,1639,1269,1276,1206,1289,1566,1190,1623,1677,1448,1674,1197,1569,1471,1549,1298,1556,1250,1722,1479,1295,1752,1473,1789,1418,1216,1266,1638,1639,1796,1578,1480,1405,1320,1788,1448,1489,1414,1420,1359,1707,1796,1735,1408,1269,1225,1495,1147,1445,1402,1503,1362,1615,1755,1201,1359,1534,1308,1163,1146,1383,1654,1509,1465,1627,1693,1406,1234,1523,1629,1780,1564,1457,1666,1711,1446,1602,1229,1792,1334,1616,1378,1588,1241,1693,1674,1419,1375,1689,1557,1441,1779,1364,1386,1323,1149,1618,1672,1488,1431,1202,1187,1787,1576,1720,1240,1208,1524,1183,1731,1468,1229,1311,1192,1364,1690,1501,1414,1630,1692,1371,1423,1149,1229,1286,1708,1505,1385,1803,1321,1504,1455,1457,1605,1312,1319,1789,1469,1599,1725,1141,1754,1774,1682,1417,1457,1692,1402,1549,1222,1550,1737,1396,1710,1594,1173,1675,1215,1620,1656,1189,1558,1489,1396,1357,1168,1174,1700,1351,1606,1748,1427,1610,1456,1148,1389,1704,1379,1160
,1629,1574,1145,1536,1286,1536,1276,1776,1733,1279,1193,1266,1515,1257,1747,1352,1557,1736,1453,1738,1559,1594,1221,1160,1292,1749,1392,1343,1534,1391,1460,1166,1283,1660,1211,1255,1197,1177,1462,1416,1436,1649,1619,1558,1389,1780,1587,1550,1164,1628,1609,1540,1335,1499,1619,1615,1580,1699,1571,1199,1256,1351,1153,1697,1578,1567,1723,1527,1731,1601,1697,1520,1646,1643,1600,1567,1451,1484,1502,1176,1374,1713,1659,1496,1769,1183,1152,1487,1318,1671,1770,1649,1513,1268,1762,1375,1794,1284,1571,1286,1710,1222,1740,1166,1741,1202,1575,1322,1339,1248,1765,1749,1423,1156,1445,1623,1334,1296,1786,1192,1220,1635,1633,1495,1143,1362,1217,1204,1796,1637,1511,1343,1409,1391,1782,1261,1673,1222,1446,1535,1699,1237,1133,1204,1654,1795,1622,1739,1591,1243,1799,1509,1292,1653,1520,1595,1143,1502,1547,1382,1800,1745,1600,1452,1519,1229,1474,1636,1185,1317,1254,1655,1731,1503,1753,1390,1502,1757,1402,1608,1189,1515,1774,1220,1585,1778,1276,1342,1702,1534,1682,1635,1294,1195,1657,1786,1578,1422,1587,1173,1785,1793,1599,1343,1496,1776,1388,1335,1140,1550,1480,1295,1224,1723,1210,1404,1738,1556,1540,1360,1677,1681,1403,1396,1381,1425,1679,1749,1192,1586,1706,1252,1197,1180,1668,1702,1376,1557,1319,1362,1519,1413,1380,1586,1141,1229,1223,1425,1607,1215,1486,1773,1447,1690,1745,1691,1797,1708,1528,1557,1584,1159,1317,1595,1745,1316,1728,1503,1474,1311,1328,1623,1323,1325,1358,1316,1557,1500,1227,1576,1208,1463,1767,1364,1557,1211,1258,1247,1686,1511,1678,1411,1247,1210,1566,1421,1500,1496,1597,1606,1635,1595,1319,1650,1457,1303,1324,1678,1707,1754,1557,1694,1567,1555,1626,1418
,1737,1650,1336,1787,1792,1699,1577,1639,1228,1496,1266,1491,1305,1487,1237,1612,1560,1536,1684,1342,1796,1793,1379,1159,1179,1434,1238,1186,1766,1488,1279,1315,1213,1170,1604,1419,1394,1622,1289,1682,1773,1528,1423,1674,1188,1336,1362,1734,1722,1329,1568,1774,1720,1751,1334,1735,1537,1321,1419,1321,1174,1592,1387,1753,1779,1502,1519,1410,1798,1169,1611,1185,1735,1357,1790,1147,1628,1663,1283,1541,1661,1175,1756,1791,1250,1509,1419,1499,1415,1643,1364,1195,1347,1666,1792,1582,1488,1245,1608,1334,1357,1461,1403,1357,1756,1776,1786,1539,1341,1404,1429,1605,1243,1374,1352,1585,1597,1664,1276,1689,1652,1521,1731,1595,1141,1383,1774,1465,1485,1355,1651,1525,1612,1731,1206,1610,1325,1801,1803,1297,1474,1622,1504,1576,1213,1360,1583,1310,1237,1674,1162,1264,1296,1208,1629,1627,1160,1654,1495,1321,1293,1447,1659,1609,1708,1711,1237,1675,1253,1254,1254,1788,1683,1509,1408,1271,1420,1763,1731,1247,1183,1582,1313,1717,1170,1162,1520,1301,1581,1774,1563,1145,1188,1433,1547,1240,1570,1238,1676,1768,1497,1344,1484,1225,1784,1675,1481,1777,1432,1489,1133,1715,1254,1251,1517,1443,1564,1717,1502,1237,1422,1567,1718,1417,1700,1636,1238,1588,1485,1456,1143,1602,1329,1146,1235,1729,1556,1214,1706,1596,1496,1189,1438,1545,1216,1732,1598,1350,1714,1570,1470,1549,1517,1730,1754,1409,1362,1774,1596,1310,1320,1416,1773,1245,1353,1479,1316,1790,1695,1577,1558,1674,1798,1737,1306,1586,1418,1492,1721,1543,1576,1307,1425,1219,1569,1429,1789,1284,1272,1268,1708,1410,1347,1378,1660,1728,1196,1565,1430,1605,1607,1805,1431,1264,1221,1249,1258,1215,1334,1168,1378,1548,1369,1669,1418,1586
,1484,1397,1477,1646,1308,1764,1474,1584,1729,1408,1402,1515,1353,1392,1233,1521,1676,1692,1175,1293,1464,1793,1552,1481,1266,1761,1274,1725,1490,1248,1265,1731,1608,1730,1693,1621,1619,1240,1582,1713,1147,1643,1311,1281,1788,1159,1190,1404,1455,1648,1313,1452,1631,1501,1349,1635,1709,1311,1799,1662,1690,1423,1611,1186,1237,1769,1797,1767,1795,1402,1245,1400,1317,1140,1799,1476,1135,1154,1533,1746,1722,1481,1548,1566,1659,1633,1159,1767,1655,1561,1372,1742,1435,1195,1702,1267,1160,1475,1665,1342,1458,1234,1728,1497,1804,1281,1149,1614,1180,1544,1376,1504,1165,1733,1265,1392,1431,1256,1566,1312,1349,1388,1758,1583,1358,1648,1696,1615,1181,1306,1283,1480,1690,1210,1150,1626,1666,1670,1344,1700,1570,1305,1729,1296,1302,1159,1437,1327,1441,1782,1333,1585,1623,1539,1529,1469,1640,1790,1356,1131,1314,1642,1479,1217,1418,1432,1198,1225,1470,1302,1772,1529,1271,1453,1653,1438,1143,1681,1582,1599,1158,1225,1715,1169,1214,1765,1645,1379,1163,1726,1530,1637,1318,1306,1265,1275,1233,1196,1647,1663,1417,1304,1715,1678,1415,1445,1430,1717,1404,1579,1136,1728,1675,1193,1530,1658,1159,1734,1717,1143,1602,1410,1399,1448,1715,1337,1418,1559,1606,1151,1547,1217,1520,1492,1441,1465,1168,1561,1595,1526,1621,1573,1660,1806,1535,1594,1490,1716,1759,1308,1340,1618,1719,1479,1745,1660,1177,1558,1618,1703,1773,1277,1510,1168,1462,1162,1158,1584,1444,1250,1771,1543,1489,1650,1694,1403,1702,1347,1583,1782,1634,1246,1315,1274,1426,1516,1594,1148,1556,1766,1368,1780,1617,1655,1183,1503,1525,1441,1536,1323,1520,1484,1448,1650,1630,1425,1514,1346,1777,1356,1406,1452,1422,1538,1392,1200
,1748,1554,1431,1492,1665,1761,1448,1362,1534,1306,1385,1613,1327,1274,1736,1172,1420,1251,1315,1761,1629,1581,1535,1711,1724,1321,1155,1173,1438,1178,1554,1570,1328,1727,1753,1373,1633,1529,1782,1725,1773,1776,1457,1564,1296,1248,1621,1778,1383,1628,1654,1655,1728,1781,1203,1392,1238,1151,1275,1235,1478,1329,1184,1271,1673,1294,1210,1512,1640,1775,1328,1138,1495,1403,1228,1193,1189,1389,1138,1492,1404,1416,1437,1789,1377,1348,1412,1614,1612,1398,1380,1595,1484,1734,1683,1514,1475,1439,1336,1544,1571,1418,1792,1410,1425,1498,1290,1591,1783,1501,1543,1326,1416,1552,1734,1727,1640,1187,1599,1232,1225,1339,1615,1523,1699,1739,1545,1781,1163,1599,1377,1264,1146,1662,1211,1363,1513,1459,1303,1589,1152,1543,1335,1723,1634,1746,1255,1534,1291,1537,1731,1655,1292,1587,1635,1515,1218,1249,1706,1344,1172,1445,1633,1318,1192,1270,1667,1426,1241,1186,1660,1506,1383,1688,1768,1164,1688,1349,1173,1594,1397,1381,1173,1682,1361,1617,1431,1384,1781,1727,1480,1747,1701,1397,1359,1304,1145,1677,1622,1758,1543,1784,1298,1253,1631,1401,1653,1217,1622,1715,1697,1538,1400,1738,1351,1248,1583,1320,1619,1627,1443,1614,1738,1274,1477,1731,1697,1160,1492,1523,1155,1602,1247,1425,1524,1750,1704,1646,1603,1511,1199,1249,1483,1350,1727,1595,1584,1263,1444,1438,1364,1152,1316,1597,1197,1559,1663,1659,1418,1469,1658,1784,1592,1762,1141,1774,1577,1752,1552,1169,1193,1132,1649,1508,1749,1535,1548,1300,1208,1157,1566,1135,1698,1523,1628,1414,1329,1392,1236,1697,1187,1450,1694,1429,1568,1571,1545,1559,1137,1347,1740,1553,1569,1417,1379,1352,1259,1722,1465,1132,1278,1409,1623,1444,1558,1461
,1505,1306,1497,1464,1407,1731,1792,1184,1247,1632,1348,1453,1319,1401,1239,1325,1308,1732,1467,1468,1539,1580,1697,1536,1695,1215,1421,1755,1210,1283,1330,1398,1196,1170,1769,1662,1357,1403,1293,1357,1736,1752,1250,1378,1222,1205,1782,1316,1245,1385,1373,1557,1299,1723,1749,1462,1145,1738,1740,1549,1670,1798,1342,1322,1657,1437,1680,1709,1307,1718,1750,1738,1693,1516,1491,1757,1142,1388,1449,1696,1800,1528,1456,1486,1153,1569,1273,1352,1678,1677,1426,1653,1516,1585,1722,1687,1408,1323,1181,1192,1351,1236,1351,1572,1702,1276,1661,1507,1707,1352,1508,1706,1338,1746,1746,1544,1703,1558,1243,1163,1333,1320,1352,1157,1696,1305,1247,1389,1454,1353,1786,1156,1409,1738,1588,1770,1284,1634,1741,1198,1643,1628,1288,1608,1577,1157,1675,1219,1757,1325,1641,1196,1749,1211,1361,1603,1771,1581,1513,1303,1385,1576,1523,1324,1414,1462,1298,1607,1469,1171,1157,1171,1268,1433,1408,1691,1574,1181,1695,1525,1480,1460,1287,1298,1454,1492,1373,1774,1591,1372,1323,1532,1470,1446,1255,1340,1789,1447,1315,1533,1618,1747,1285,1217,1688,1221,1332,1213,1173,1303,1420,1281,1143,1677,1799,1140,1302,1444,1554,1284,1315,1184,1472,1357,1514,1416,1621,1344,1344,1301,1503,1759,1798,1247,1711,1477,1548,1341,1401,1178,1301,1614,1604,1452,1247,1719,1631,1346,1138,1388,1258,1782,1739,1169,1738,1693,1153,1438,1619,1505,1407,1366,1416,1432,1771,1186,1271,1583,1348,1150,1794,1445,1512,1789,1534,1598,1723,1642,1619,1707,1238,1714,1135,1460,1358,1332,1487,1279,1735,1760,1490,1689,1546,1757,1452,1586,1419,1654,1752,1351,1330,1500,1489,1777,1429,1752,1395,1407,1597,1221,1270,1565,1744,1253,1446,1648
,1507,1655,1421,1451,1673,1422,1275,1698,1777,1552,1177,1540,1583,1480,1747,1490,1538,1637,1457,1483,1620,1164,1564,1291,1448,1324,1545,1647,1510,1484,1601,1226,1671,1518,1220,1465,1229,1136,1627,1582,1470,1729,1226,1599,1302,1623,1148,1440,1672,1414,1710,1293,1731,1761,1473,1743,1788,1803,1479,1600,1573,1625,1561,1313,1657,1179,1797,1152,1159,1712,1759,1787,1457,1542,1540,1309,1492,1621,1566,1612,1326,1334,1565,1273,1296,1365,1528,1615,1151,1343,1280,1654,1147,1598,1679,1729,1705,1175,1486,1757,1397,1481,1185,1371,1404,1415,1520,1246,1431,1745,1757,1770,1291,1233,1720,1445,1516,1302,1155,1252,1419,1450,1801,1253,1643,1668,1460,1246,1334,1283,1667,1698,1165,1350,1203,1180,1632,1148,1509,1256,1653,1357,1146,1726,1588,1198,1294,1653,1629,1250,1564,1585,1301,1344,1182,1277,1568,1296,1446,1511,1677,1443,1554,1540,1575,1315,1698,1248,1705,1690,1206,1250,1346,1783,1309,1757,1645,1211,1414,1256,1249,1783,1486,1780,1681,1433,1461,1291,1390,1363,1270,1291,1760,1469,1322,1425,1624,1159,1386,1635,1464,1768,1805,1654,1244,1238,1491,1221,1659,1640,1266,1140,1389,1576,1169,1623,1474,1276,1438,1159,1264,1709,1595,1747,1359,1146,1793,1477,1137,1637,1653,1606,1766,1409,1360,1361,1666,1169,1619,1143,1549,1435,1640,1596,1660,1568,1311,1369,1257,1700,1559,1580,1152,1541,1531,1353,1674,1359,1672,1479,1318,1505,1570,1548,1733,1242,1488,1268,1737,1328,1532,1260,1264,1680,1151,1524,1510,1336,1213,1360,1611,1724,1372,1257,1636,1646,1285,1533,1459,1282,1789,1606,1257,1247,1686,1569,1487,1750,1398,1226,1291,1641,1577,1473,1517,1423,1277,1546,1614,1767,1263,1748,1787,1337,1777,1397
,1258,1530,1265,1295,1567,1673,1445,1354,1188,1591,1795,1320,1755,1299,1424,1514,1718,1220,1322,1235,1406,1642,1357,1402,1736,1593,1608,1393,1757,1504,1286,1592,1459,1264,1639,1356,1631,1801,1215,1538,1624,1597,1628,1365,1806,1469,1565,1392,1752,1591,1663,1476,1642,1544,1464,1800,1480,1689,1783,1281,1665,1248,1358,1609,1196,1419,1630,1612,1516,1495,1467,1199,1575,1381,1383,1406,1422,1316,1712,1280,1370,1307,1140,1561,1535,1564,1452,1313,1645,1771,1700,1332,1627,1765,1382,1771,1700,1492,1772,1236,1762,1204,1494,1492,1599,1483,1415,1751,1662,1356,1794,1729,1210,1782,1235,1244,1676,1627,1389,1747,1398,1702,1530,1714,1394,1786,1755,1742,1285,1550,1490,1713,1641,1448,1445,1338,1353,1735,1440,1406,1528,1286,1293,1768,1607,1196,1219,1244,1336,1425,1505,1260,1137,1477,1702,1648,1235,1176,1653,1587,1312,1639,1450,1145,1776,1442,1494,1715,1629,1695,1438,1292,1498,1638,1783,1294,1576,1699,1349,1760,1263,1680,1286,1752,1249,1403,1672,1759,1274,1744,1222,1243,1296,1320,1228,1580,1535,1149,1795,1357,1743,1689,1357,1790,1455,1421,1403,1313,1325,1481,1713,1418,1352,1691,1273,1160,1131,1643,1727,1753,1713,1358,1431,1751,1224,1796,1349,1328,1492,1497,1394,1384,1671,1303,1135,1195,1681,1646,1689,1623,1583,1391,1435,1312,1699,1420,1181,1592,1466,1233,1652,1526,1519,1732,1210,1334,1762,1465,1319,1568,1572,1706,1170,1229,1383,1375,1316,1627,1543,1423,1696,1280,1580,1331,1274,1301,1451,1501,1331,1443,1333,1744,1302,1316,1724,1677,1152,1433,1183,1753,1258,1641,1722,1295,1506,1585,1443,1523,1265,1289,1335,1326,1551,1745,1777,1380,1216,1322,1459,1423,1184,1417,1676,1747,1322,1270
,1333,1600,1749,1315,1542,1807,1756,1365,1623,1329,1447,1287,1675,1798,1479,1462,1713,1396,1705,1747,1445,1202,1257,1747,1178,1769,1642,1175,1704,1635,1298,1602,1354,1762,1665,1217,1213,1683,1692,1612,1505,1354,1252,1440,1507,1323,1636,1552,1498,1546,1674,1166,1261,1608,1283,1489,1329,1748,1603,1773,1807,1420,1428,1482,1188,1268,1599,1642,1744,1738,1272,1609,1596,1625,1494,1765,1269,1718,1586,1282,1575,1681,1490,1614,1411,1745,1549,1696,1676,1430,1201,1546,1206,1466,1135,1681,1803,1439,1595,1786,1487,1556,1549,1747,1751,1718,1400,1742,1172,1515,1413,1539,1799,1629,1164,1281,1294,1562,1214,1281,1313,1581,1404,1534,1559,1482,1176,1655,1521,1625,1349,1535,1249,1746,1623,1255,1189,1595,1230,1804,1713,1795,1429,1203,1639,1603,1761,1333,1261,1563,1385,1514,1251,1419,1542,1476,1341,1409,1402,1182,1645,1670,1615,1320,1467,1524,1344,1144,1283,1306,1669,1317,1693,1318,1490,1456,1632,1380,1438,1173,1753,1654,1561,1290,1581,1701,1243,1203,1512,1562,1390,1807,1320,1482,1562,1544,1765,1222,1282,1409,1656,1729,1677,1677,1268,1302,1678,1275,1726,1519,1670,1723,1577,1498,1252,1765,1303,1757,1695,1382,1357,1409,1545,1552,1512,1461,1497,1432,1297,1498,1524,1789,1306,1505,1514,1455,1753,1472,1201,1320,1717,1243,1494,1505,1703,1752,1382,1712,1178,1800,1308,1159,1449,1603,1181,1705,1799,1461,1502,1613,1758,1612,1155,1421,1421,1401,1247,1419,1582,1360,1460,1157,1744,1567,1687,1369,1483,1525,1660,1371,1218,1221,1661,1442,1343,1459,1613,1139,1714,1659,1176,1554,1770,1551,1162,1252,1254,1645,1553,1306,1482,1522,1748,1682,1651,1399,1755,1453,1170,1763,1509,1626,1450,1591,1414,1201
,1475,1168,1772,1473,1296,1802,1568,1713,1174,1293,1562,1153,1625,1765,1278,1484,1404,1405,1677,1623,1478,1309,1202,1418,1179,1402,1263,1499,1538,1713,1271,1797,1526,1484,1474,1226,1477,1722,1799,1532,1191,1791,1590,1524,1251,1263,1576,1268,1588,1521,1802,1771,1763,1171,1775,1309,1432,1406,1612,1781,1541,1444,1638,1206,1492,1422,1744,1132,1227,1135,1576,1745,1644,1671,1329,1491,1444,1767,1521,1348,1588,1679,1262,1737,1194,1220,1209,1757,1202,1761,1539,1783,1634,1743,1151,1730,1444,1418,1577,1244,1268,1476,1406,1718,1614,1200,1228,1476,1353,1539,1198,1605,1299,1600,1229,1198,1187,1229,1426,1712,1279,1417,1521,1429,1596,1294,1467,1445,1427,1677,1427,1338,1523,1318,1795,1653,1622,1253,1402,1237,1309,1252,1794,1462,1402,1359,1231,1751,1387,1159,1242,1385,1210,1743,1685,1690,1434,1592,1416,1457,1232,1402,1464,1431,1440,1222,1674,1602,1776,1368,1748,1774,1634,1716,1268,1214,1349,1367,1684,1313,1575,1516,1133,1608,1664,1723,1141,1780,1342,1226,1427,1478,1709,1677,1329,1736,1357,1247,1564,1189,1588,1525,1595,1174,1679,1388,1388,1769,1260,1539,1371,1782,1450,1440,1638,1414,1499,1187,1154,1447,1380,1374,1272,1393,1394,1498,1622,1531,1574,1281,1561,1324,1404,1298,1410,1293,1243,1369,1540,1644,1601,1594,1636,1617,1508,1469,1661,1283,1273,1609,1385,1775,1259,1388,1801,1212,1397,1138,1364,1664,1258,1633,1493,1734,1264,1488,1508,1475,1309,1248,1144,1791,1364,1788,1609,1617,1675,1751,1352,1380,1438,1399,1676,1686,1230,1165,1668,1179,1203,1348,1698,1294,1562,1501,1406,1655,1686,1300,1636,1676,1635,1136,1337,1660,1400,1356,1491,1763,1310,1642,1544,1584,1310,1433,1600,1743
,1569,1151,1357,1242,1431,1248,1794,1778,1300,1625,1145,1238,1208,1146,1508,1296,1751,1292,1261,1147,1185,1583,1423,1807,1706,1171,1645,1280,1148,1624,1320,1480,1490,1457,1654,1355,1694,1361,1702,1614,1242,1362,1729,1136,1147,1587,1548,1750,1579,1400,1466,1764,1517,1710,1181,1578,1769,1285,1250,1301,1564,1758,1682,1586,1229,1333,1697,1733,1225,1443,1235,1443,1338,1427,1559,1485,1185,1289,1783,1169,1560,1733,1796,1263,1253,1305,1571,1272,1249,1706,1470,1527,1380,1405,1257,1579,1449,1527,1501,1352,1685,1348,1314,1424,1484,1673,1474,1726,1235,1558,1135,1790,1681,1687,1472,1135,1756,1149,1360,1587,1449,1560,1333,1238,1254,1800,1535,1135,1243,1335,1544,1730,1609,1660,1255,1649,1453,1377,1702,1777,1756,1676,1513,1730,1538,1671,1439,1619,1625,1780,1134,1281,1795,1184,1242,1770,1480,1223,1214,1523,1361,1192,1485,1801,1554,1201,1474,1245,1257,1663,1311,1650,1251,1606,1597,1423,1534,1633,1454,1400,1697,1635,1369,1203,1568,1712,1322,1253,1383,1464,1757,1175,1414,1759,1436,1254,1673,1144,1280,1240,1645,1192,1546,1770,1746,1636,1360,1612,1488,1649,1617,1332,1789,1586,1697,1761,1659,1747,1288,1650,1539,1665,1678,1235,1745,1182,1797,1785,1627,1390,1208,1730,1711,1794,1307,1228,1171,1278,1144,1562,1387,1592,1368,1258,1726,1570,1788,1228,1371,1790,1206,1630,1256,1248,1701,1726,1601,1626,1668,1353,1152,1594,1507,1778,1496,1153,1793,1477,1637,1199,1422,1688,1436,1537,1406,1623,1573,1659,1328,1608,1248,1523,1142,1647,1614,1227,1678,1240,1712,1252,1140,1637,1484,1154,1512,1237,1439,1524,1334,1315,1701,1131,1638,1210,1402,1702,1442,1303,1281,1241,1547,1728,1672,1506,1612,1722
,1134,1204,1207,1357,1228,1162,1716,1741,1371,1731,1463,1178,1549,1454,1545,1739,1756,1468,1175,1501,1783,1401,1563,1267,1697,1688,1611,1292,1757,1712,1468,1662,1272,1194,1140,1805,1758,1398,1746,1714,1159,1454,1427,1448,1712,1187,1411,1306,1500,1707,1282,1581,1379,1325,1404,1204,1796,1603,1228,1389,1287,1161,1446,1626,1440,1422,1475,1746,1748,1455,1532,1136,1666,1206,1660,1378,1564,1305,1474,1754,1632,1201,1455,1412,1696,1464,1310,1192,1213,1309,1805,1746,1200,1659,1739,1221,1264,1562,1231,1751,1499,1437,1407,1545,1648,1591,1722,1198,1286,1732,1437,1665,1744,1614,1451,1650,1494,1434,1752,1679,1560,1306,1718,1651,1537,1243,1161,1797,1163,1250,1601,1791,1520,1665,1776,1400,1498,1548,1276,1650,1344,1316,1563,1358,1345,1491,1227,1752,1225,1720,1777,1328,1233,1765,1238,1274,1159,1797,1310,1201,1536,1362,1538,1781,1263,1504,1670,1355,1626,1586,1583,1222,1403,1739,1713,1372,1491,1677,1217,1329,1417,1271,1628,1462,1779,1296,1437,1383,1652,1191,1477,1698,1165,1486,1726,1484,1178,1508,1398,1547,1739,1252,1617,1309,1225,1266,1725,1761,1777,1674,1789,1287,1257,1598,1394,1427,1465,1580,1735,1137,1286,1388,1607,1573,1461,1269,1401,1278,1627,1577,1274,1419,1147,1290,1421,1802,1428,1313,1291,1567,1380,1367,1166,1512,1415,1387,1200,1646,1581,1329,1527,1425,1241,1236,1378,1689,1745,1610,1604,1463,1242,1432,1701,1374,1708,1505,1790,1640,1738,1664,1401,1435,1136,1214,1803,1132,1203,1443,1178,1689,1462,1801,1148,1706,1496,1543,1495,1719,1433,1428,1416,1531,1158,1697,1468,1241,1628,1665,1200,1466,1201,1671,1664,1666,1542,1396,1397,1436,1803,1166,1788,1246,1445,1318,1512,1508
,1587,1235,1710,1749,1625,1747,1489,1374,1675,1332,1455,1181,1428,1543,1522,1139,1551,1791,1462,1347,1399,1297,1189,1351,1612,1298,1642,1280,1728,1766,1167,1226,1269,1589,1725,1331,1371,1505,1313,1526,1525,1325,1332,1286,1657,1272,1629,1584,1614,1468,1711,1429,1603,1711,1508,1462,1181,1162,1658,1784,1671,1347,1346,1558,1579,1680,1640,1473,1183,1502,1310,1599,1790,1469,1542,1369,1505,1353,1376,1751,1372,1580,1270,1146,1499,1210,1183,1432,1268,1355,1575,1175,1722,1206,1806,1423,1252,1752,1522,1241,1691,1780,1201,1743,1787,1720,1402,1412,1567,1644,1799,1395,1593,1330,1411,1529,1673,1489,1243,1341,1198,1761,1318,1520,1603,1162,1178,1537,1427,1425,1455,1295,1766,1244,1579,1172,1151,1779,1223,1168,1658,1524,1137,1744,1475,1227,1315,1466,1631,1517,1676,1356,1132,1253,1254,1544,1251,1709,1171,1339,1309,1329,1644,1764,1293,1494,1252,1549,1503,1523,1137,1301,1697,1372,1291,1584,1732,1450,1221,1740,1403,1730,1418,1467,1691,1663,1795,1316,1185,1145,1335,1705,1218,1695,1743,1502,1598,1377,1316,1215,1587,1345,1319,1396,1577,1564,1373,1321,1334,1693,1328,1354,1301,1249,1499,1721,1279,1524,1730,1299,1696,1649,1278,1783,1392,1138,1671,1634,1310,1306,1232,1386,1741,1785,1236,1229,1779,1668,1636,1201,1445,1571,1338,1562,1532,1731,1686,1750,1430,1695,1647,1706,1218,1692,1385,1212,1248,1472,1794,1575,1780,1445,1154,1402,1393,1317,1499,1522,1375,1211,1430,1596,1352,1597,1482,1604,1798,1621,1334,1403,1704,1786,1654,1380,1311,1795,1562,1391,1454,1558,1191,1206,1613,1782,1678,1440,1383,1255,1136,1454,1796,1346,1529,1764,1246,1339,1623,1805,1730,1399,1633,1568,1210,1430,1456,1766
,1502,1399,1396,1801,1391,1234,1451,1613,1805,1139,1385,1686,1261,1217,1703,1667,1720,1739,1295,1598,1623,1527,1757,1294,1526,1405,1517,1178,1587,1536,1766,1313,1472,1278,1609,1320,1552,1776,1641,1409,1189,1498,1241,1585,1316,1659,1279,1588,1510,1609,1691,1321,1468,1189,1415,1522,1340,1471,1330,1473,1591,1256,1441,1745,1190,1717,1363,1705,1745,1249,1137,1479,1218,1695,1347,1537,1150,1664,1209,1159,1383,1631,1747,1618,1358,1266,1785,1518,1237,1676,1438,1651,1283,1415,1139,1480,1246,1807,1749,1356,1346,1386,1511,1356,1380,1456,1530,1183,1421,1411,1635,1556,1174,1329,1186,1804,1157,1739,1217,1365,1621,1462,1373,1266,1147,1710,1289,1630,1136,1303,1569,1138,1172,1361,1609,1397,1746,1141,1562,1201,1666,1243,1492,1565,1376,1350,1484,1522,1449,1340,1176,1545,1150,1490,1749,1498,1754,1709,1784,1244,1245,1544,1291,1206,1550,1137,1692,1630,1391,1666,1220,1542,1428,1391,1759,1504,1133,1212,1666,1165,1302,1268,1666,1394,1521,1610,1157,1629,1132,1179,1233,1368,1519,1292,1507,1296,1153,1187,1658,1751,1548,1542,1297,1163,1803,1299,1540,1338,1263,1652,1754,1357,1672,1727,1685,1540,1316,1739,1681,1406,1696,1654,1627,1685,1806,1276,1703,1763,1536,1630,1443,1571,1212,1152,1672,1378,1507,1199,1599,1511,1447,1452,1460,1450,1259,1710,1602,1532,1622,1567,1518,1657,1651,1180,1544,1399,1502,1792,1174,1617,1605,1527,1641,1803,1613,1452,1782,1453,1607,1359,1350,1201,1684,1429,1293,1576,1444,1381,1800,1571,1241,1701,1610,1768,1268,1712,1642,1669,1139,1462,1674,1216,1738,1132,1450,1515,1780,1756,1453,1484,1645,1510,1302,1283,1696,1573,1316,1717,1519,1756,1649,1685,1673,1297,1807,1234
,1528,1704,1703,1168,1510,1473,1281,1171,1412,1786,1536,1749,1598,1417,1136,1277,1466,1758,1695,1319,1216,1469,1400,1396,1234,1528,1485,1199,1760,1214,1600,1651,1634,1230,1793,1179,1460,1347,1347,1226,1373,1394,1662,1564,1792,1350,1276,1734,1509,1276,1682,1268,1401,1174,1352,1423,1220,1806,1483,1155,1221,1692,1155,1272,1407,1529,1561,1665,1421,1387,1489,1645,1143,1190,1443,1162,1421,1724,1503,1218,1493,1273,1721,1386,1731,1602,1558,1484,1300,1723,1134,1538,1421,1637,1685,1480,1507,1132,1795,1508,1514,1461,1375,1319,1302,1228,1701,1486,1203,1508,1617,1660,1458,1203,1314,1623,1178,1757,1442,1305,1297,1165,1596,1173,1392,1333,1282,1163,1806,1797,1768,1237,1721,1738,1613,1683,1160,1641,1139,1433,1394,1596,1493,1590,1616,1272,1723,1325,1478,1164,1714,1518,1747,1807,1608,1645,1455,1765,1777,1532,1236,1609,1453,1302,1800,1282,1600,1708,1671,1505,1586,1717,1638,1269,1419,1480,1421,1667,1437,1527,1415,1353,1336,1188,1567,1703,1291,1169,1545,1244,1632,1479,1571,1552,1800,1461,1460,1444,1700,1527,1504,1517,1430,1327,1632,1394,1237,1161,1645,1262,1721,1608,1686,1382,1510,1364,1377,1781,1504,1578,1447,1760,1610,1422,1761,1326,1473,1703,1603,1343,1183,1766,1800,1516,1515,1600,1674,1172,1238,1747,1414,1362,1421,1719,1433,1457,1257,1210,1173,1467,1198,1559,1586,1525,1533,1158,1556,1573,1524,1396,1403,1470,1747,1718,1682,1285,1324,1288,1515,1323,1596,1427,1535,1708,1628,1609,1487,1798,1773,1304,1595,1521,1335,1292,1460,1171,1443,1430,1321,1343,1641,1783,1452,1491,1308,1761,1165,1450,1532,1380,1139,1540,1214,1738,1243,1605,1147,1620,1643,1605,1403,1397,1588,1622,1451,1228
,1458,1142,1797,1770,1222,1458,1473,1306,1807,1678,1652,1602,1238,1570,1770,1538,1685,1343,1167,1643,1737,1675,1714,1666,1721,1313,1285,1628,1163,1545,1744,1273,1193,1716,1617,1712,1742,1750,1519,1587,1739,1756,1282,1403,1701,1404,1212,1735,1147,1317,1315,1512,1789,1548,1215,1283,1295,1542,1425,1441,1179,1352,1679,1777,1370,1148,1565,1743,1150,1475,1258,1339,1439,1734,1430,1534,1648,1681,1586,1435,1672,1794,1475,1363,1736,1425,1715,1667,1336,1217,1163,1418,1548,1754,1372,1237,1696,1691,1227,1244,1490,1731,1226,1594,1148,1693,1191,1138,1390,1727,1489,1639,1750,1233,1529,1296,1555,1791,1653,1612,1590,1250,1647,1464,1479,1175,1727,1179,1206,1736,1750,1141,1593,1756,1629,1729,1730,1174,1570,1692,1676,1177,1432,1420,1666,1499,1238,1362,1596,1289,1598,1803,1601,1727,1208,1506,1564,1196,1664,1442,1739,1707,1546,1695,1183,1199,1627,1215,1257,1681,1807,1789,1219,1512,1298,1376,1628,1131,1735,1290,1285,1776,1581,1443,1140,1437,1445,1797,1179,1183,1724,1305,1536,1592,1311,1302,1193,1382,1767,1288,1594,1158,1698,1355,1702,1164,1674,1478,1221,1388,1304,1684,1784,1297,1461,1486,1401,1494,1603,1305,1522,1687,1413,1490,1277,1667,1514,1430,1687,1709,1227,1660,1472,1691,1637,1145,1599,1170,1648,1459,1632,1745,1384,1434,1360,1668,1742,1347,1353,1443,1204,1609,1337,1562,1578,1132,1523,1648,1388,1668,1748,1632,1165,1789,1727,1234,1162,1237,1760,1266,1384,1286,1758,1385,1749,1189,1459,1331,1397,1227,1616,1492,1782,1295,1425,1458,1797,1774,1230,1215,1582,1668,1449,1681,1402,1605,1781,1755,1211,1573,1747,1462,1614,1679,1401,1657,1685,1426,1255,1233,1492,1194,1215,1581,1801,1463
,1178,1594,1738,1281,1656,1649,1228,1714,1452,1320,1510,1438,1163,1709,1772,1393,1616,1799,1287,1465,1604,1693,1400,1353,1359,1183,1622,1593,1185,1296,1595,1800,1768,1191,1301,1722,1204,1628,1193,1272,1767,1306,1670,1760,1224,1443,1381,1595,1159,1768,1141,1436,1278,1255,1157,1308,1678,1693,1458,1329,1553,1294,1478,1463,1330,1761,1566,1525,1566,1405,1781,1383,1756,1610,1603,1445,1672,1253,1324,1674,1325,1572,1527,1580,1489,1520,1413,1771,1578,1556,1381,1191,1423,1478,1463,1549,1707,1801,1769,1619,1617,1797,1144,1289,1711,1618,1659,1265,1547,1465,1484,1554,1324,1162,1704,1358,1305,1283,1153,1154,1713,1785,1569,1576,1556,1430,1612,1305,1698,1740,1562,1170,1448,1422,1566,1536,1615,1572,1776,1693,1764,1148,1513,1802,1407,1420,1485,1165,1429,1259,1556,1536,1733,1360,1436,1443,1313,1390,1667,1312,1378,1642,1762,1208,1410,1316,1158,1271,1368,1668,1422,1420,1417,1650,1317,1253,1422,1700,1635,1725,1554,1544,1498,1522,1328,1457,1640,1288,1696,1367,1196,1200,1648,1573,1400,1559,1202,1170,1637,1786,1268,1327,1480,1235,1548,1761,1679,1533,1751,1606,1302,1153,1525,1715,1725,1325,1408,1730,1607,1185,1306,1157,1716,1703,1452,1779,1471,1463,1169,1316,1182,1596,1776,1143,1371,1144,1742,1332,1592,1637,1543,1801,1489,1715,1592,1642,1539,1410,1338,1248,1655,1486,1619,1752,1155,1766,1337,1283,1197,1203,1601,1259,1243,1208,1349,1353,1789,1333,1488,1209,1630,1757,1534,1621,1520,1585,1139,1273,1790,1297,1199,1277,1554,1402,1406,1170,1613,1379,1355,1473,1359,1807,1443,1765,1594,1342,1371,1349,1692,1485,1276,1755,1537,1329,1704,1586,1572,1312,1182,1595,1139,1626,1326,1169,1518,1738
,1384,1671,1499,1480,1457,1674,1503,1632,1738,1238,1310,1355,1131,1234,1422,1691,1375,1493,1418,1709,1226,1789,1573,1474,1144,1540,1535,1602,1442,1349,1670,1402,1389,1381,1216,1739,1508,1684,1197,1756,1743,1583,1604,1284,1721,1666,1203,1584,1339,1353,1784,1401,1473,1749,1744,1160,1533,1804,1716,1552,1220,1208,1228,1721,1294,1518,1604,1417,1643,1615,1169,1771,1767,1317,1313,1351,1365,1418,1213,1443,1299,1360,1654,1384,1355,1134,1233,1413,1170,1374,1463,1191,1536,1430,1394,1678,1324,1586,1267,1364,1639,1362,1164,1176,1730,1566,1337,1421,1716,1156,1745,1550,1730,1345,1348,1379,1642,1217,1428,1352,1572,1592,1411,1652,1294,1594,1582,1499,1691,1594,1518,1775,1567,1343,1151,1179,1794,1434,1601,1550,1427,1331,1440,1374,1776,1258,1676,1703,1226,1399,1671,1746,1271,1167,1659,1226,1337,1270,1527,1269,1570,1424,1303,1295,1693,1196,1648,1758,1329,1748,1808,1545,1359,1227,1443,1134,1253,1143,1609,1243,1335,1272,1589,1334,1289,1308,1506,1410,1572,1362,1142,1445,1342,1450,1678,1386,1274,1250,1328,1484,1633,1667,1615,1249,1782,1451,1396,1197,1336,1526,1660,1592,1786,1332,1454,1439,1745,1590,1362,1384,1590,1336,1778,1268,1568,1486,1698,1601,1477,1717,1781,1788,1620,1697,1726,1754,1466,1517,1652,1617,1777,1797,1762,1173,1490,1371,1373,1672,1282,1547,1448,1727,1279,1199,1446,1511,1324,1403,1621,1170,1658,1202,1165,1324,1179,1584,1627,1440,1650,1392,1759,1171,1330,1786,1580,1365,1591,1236,1173,1554,1769,1637,1231,1488,1724,1522,1732,1708,1305,1661,1323,1195,1643,1148,1251,1576,1460,1728,1400,1384,1636,1566,1371,1432,1619,1550,1199,1182,1310,1763,1653,1142,1456,1734,1475,1218
,1766,1685,1301,1241,1316,1686,1302,1555,1804,1497,1369,1485,1341,1187,1537,1166,1235,1627,1282,1500,1495,1774,1719,1301,1784,1639,1568,1262,1424,1748,1414,1466,1520,1452,1693,1514,1509,1695,1721,1483,1156,1801,1487,1220,1794,1698,1291,1313,1407,1520,1602,1610,1263,1602,1376,1269,1217,1314,1776,1142,1798,1661,1786,1776,1362,1172,1412,1799,1270,1324,1307,1252,1794,1201,1611,1231,1756,1557,1166,1640,1670,1790,1536,1135,1319,1451,1146,1407,1411,1627,1650,1158,1494,1231,1522,1313,1799,1269,1303,1759,1329,1607,1419,1249,1734,1314,1780,1419,1190,1677,1507,1182,1326,1539,1797,1507,1337,1629,1614,1584,1612,1276,1260,1552,1165,1801,1405,1253,1574,1177,1295,1515,1322,1304,1781,1481,1704,1387,1137,1627,1132,1806,1804,1549,1387,1697,1348,1767,1734,1247,1505,1551,1237,1253,1328,1419,1416,1343,1306,1315,1774,1218,1442,1447,1165,1558,1257,1744,1158,1349,1255,1621,1521,1624,1565,1606,1742,1343,1424,1762,1329,1287,1736,1345,1456,1527,1286,1356,1635,1326,1524,1643,1204,1261,1140,1379,1753,1681,1765,1322,1143,1628,1327,1521,1654,1136,1192,1181,1502,1737,1154,1588,1203,1155,1745,1785,1368,1667,1252,1661,1614,1294,1185,1529,1403,1338,1706,1735,1326,1256,1463,1196,1617,1234,1694,1643,1485,1517,1573,1597,1465,1169,1371,1493,1740,1265,1805,1658,1140,1164,1553,1742,1438,1550,1259,1793,1178,1508,1708,1256,1785,1463,1357,1243,1143,1282,1540,1723,1802,1793,1162,1740,1205,1360,1596,1350,1762,1177,1614,1503,1468,1446,1363,1414,1726,1797,1481,1447,1150,1473,1410,1615,1500,1668,1667,1241,1700,1530,1136,1795,1689,1643,1508,1552,1485,1400,1399,1164,1391,1330,1543,1297,1509,1276,1470,1544
,1358,1331,1408,1157,1179,1352,1381,1498,1744,1352,1546,1298,1325,1712,1556,1210,1197,1718,1278,1667,1481,1556,1318,1470,1327,1575,1532,1587,1316,1554,1754,1251,1500,1807,1389,1409,1200,1501,1375,1312,1742,1272,1636,1617,1492,1169,1505,1159,1277,1657,1546,1231,1261,1377,1680,1600,1444,1695,1802,1191,1317,1457,1235,1204,1804,1804,1173,1352,1371,1156,1280,1203,1241,1179,1407,1273,1781,1779,1594,1724,1429,1214,1643,1370,1418,1741,1350,1232,1737,1509,1711,1198,1686,1478,1500,1135,1633,1220,1740,1347,1155,1331,1335,1583,1184,1520,1514,1619,1559,1451,1391,1271,1649,1426,1263,1700,1306,1212,1670,1788,1738,1537,1673,1444,1656,1757,1618,1227,1465,1769,1423,1707,1784,1770,1434,1195,1132,1744,1578,1515,1488,1231,1325,1784,1405,1474,1510,1741,1662,1541,1424,1645,1629,1525,1205,1599,1215,1448,1208,1365,1298,1190,1263,1557,1131,1245,1670,1168,1383,1633,1606,1727,1269,1719,1486,1418,1320,1708,1685,1475,1379,1635,1485,1522,1281,1385,1621,1802,1166,1612,1784,1735,1508,1565,1532,1576,1396,1233,1132,1429,1206,1642,1182,1324,1260,1755,1644,1581,1351,1689,1657,1724,1710,1449,1288,1618,1691,1738,1426,1708,1321,1569,1769,1473,1660,1755,1366,1658,1730,1347,1500,1442,1774,1485,1571,1437,1740,1476,1243,1730,1613,1419,1701,1308,1379,1388,1511,1144,1257,1194,1594,1792,1772,1496,1701,1763,1412,1621,1708,1347,1793,1306,1541,1333,1761,1391,1695,1677,1715,1285,1364,1708,1597,1382,1656,1254,1782,1726,1616,1479,1221,1573,1220,1454,1167,1789,1545,1457,1146,1268,1481,1570,1194,1255,1492,1524,1264,1777,1728,1488,1611,1765,1710,1745,1432,1457,1379,1750,1554,1170,1488,1209,1254,1581,1562,1328
,1387,1787,1277,1541,1217,1721,1611,1776,1492,1752,1439,1756,1223,1380,1516,1782,1344,1678,1697,1279,1510,1222,1622,1689,1224,1192,1806,1478,1227,1332,1534,1720,1171,1183,1729,1575,1225,1236,1252,1224,1348,1679,1387,1370,1628,1793,1382,1187,1143,1799,1635,1664,1487,1528,1178,1772,1336,1531,1201,1201,1402,1520,1425,1336,1410,1309,1463,1607,1802,1607,1424,1518,1446,1616,1443,1752,1782,1336,1676,1448,1534,1736,1229,1755,1205,1202,1527,1177,1465,1319,1724,1145,1174,1785,1313,1220,1349,1575,1220,1776,1408,1292,1244,1773,1343,1386,1755,1310,1384,1543,1619,1742,1140,1257,1802,1396,1664,1286,1509,1218,1492,1478,1790,1231,1202,1467,1544,1249,1490,1133,1238,1430,1640,1627,1642,1504,1511,1355,1336,1297,1374,1696,1711,1292,1445,1518,1762,1546,1324,1728,1228,1419,1235,1472,1520,1402,1271,1278,1712,1753,1298,1596,1801,1509,1780,1482,1670,1316,1324,1799,1428,1581,1311,1179,1756,1754,1396,1447,1188,1784,1175,1598,1693,1144,1717,1733,1695,1307,1216,1507,1286,1633,1258,1634,1656,1432,1707,1282,1556,1425,1364,1726,1632,1613,1520,1681,1658,1674,1371,1279,1423,1137,1654,1484,1200,1156,1621,1656,1686,1565,1466,1379,1186,1415,1538,1496,1623,1656,1744,1539,1518,1272,1135,1414,1260,1245,1784,1373,1372,1742,1604,1277,1286,1372,1680,1755,1507,1765,1446,1682,1253,1299,1595,1596,1297,1448,1807,1427,1319,1694,1773,1710,1479,1713,1391,1174,1764,1315,1412,1363,1256,1647,1162,1179,1461,1546,1337,1681,1723,1765,1540,1702,1233,1705,1287,1654,1725,1755,1334,1688,1317,1210,1185,1228,1465,1148,1577,1368,1749,1397,1555,1372,1664,1249,1193,1434,1286,1268,1640,1164,1584,1786,1377,1254,1439,1770
,1571,1601,1230,1786,1746,1376,1542,1671,1591,1485,1290,1594,1547,1155,1534,1698,1436,1615,1169,1449,1787,1282,1380,1371,1319,1733,1614,1331,1787,1308,1457,1416,1433,1473,1407,1790,1193,1350,1529,1218,1797,1513,1800,1728,1516,1655,1167,1282,1482,1140,1623,1230,1357,1680,1142,1258,1134,1716,1332,1249,1313,1658,1791,1584,1571,1314,1251,1515,1228,1614,1545,1661,1369,1135,1602,1744,1441,1151,1649,1713,1589,1323,1517,1659,1528,1677,1711,1808,1407,1526,1169,1363,1201,1608,1143,1296,1248,1705,1279,1672,1434,1794,1469,1750,1159,1231,1478,1596,1213,1392,1666,1153,1387,1641,1175,1280,1296,1678,1325,1483,1481,1642,1189,1336,1662,1687,1743,1589,1500,1735,1744,1183,1647,1623,1743,1784,1475,1806,1283,1802,1333,1387,1174,1575,1718,1225,1590,1560,1170,1532,1337,1797,1242,1497,1789,1238,1527,1270,1370,1644,1483,1188,1230,1613,1747,1739,1257,1569,1240,1531,1612,1313,1643,1695,1558,1213,1292,1689,1448,1227,1557,1707,1689,1334,1685,1666,1348,1147,1528,1389,1446,1299,1131,1228,1267,1421,1482,1334,1701,1172,1334,1166,1157,1477,1487,1644,1700,1180,1708,1183,1444,1717,1565,1466,1370,1440,1727,1279,1606,1401,1329,1284,1439,1382,1254,1418,1220,1322,1436,1790,1735,1312,1542,1347,1721,1797,1657,1296,1543,1290,1675,1717,1765,1410,1443,1662,1696,1243,1388,1212,1295,1563,1398,1602,1649,1679,1734,1181,1624,1163,1231,1671,1680,1478,1381,1188,1354,1700,1229,1391,1522,1396,1499,1677,1683,1266,1256,1378,1683,1165,1417,1521,1159,1333,1750,1456,1135,1656,1755,1335,1354,1228,1206,1179,1557,1274,1262,1458,1318,1142,1318,1278,1242,1317,1478,1292,1586,1166,1490,1539,1709,1514,1241,1479,1133,1466
,1510,1162,1236,1298,1515,1210,1720,1260,1166,1392,1591,1165,1755,1646,1622,1774,1418,1135,1587,1670,1553,1671,1478,1372,1219,1606,1544,1738,1136,1586,1301,1531,1751,1733,1419,1518,1532,1463,1557,1526,1293,1239,1659,1628,1666,1350,1349,1562,1522,1531,1789,1590,1346,1175,1545,1696,1526,1265,1782,1135,1793,1610,1443,1463,1368,1628,1601,1193,1542,1172,1665,1233,1246,1501,1444,1605,1659,1294,1748,1369,1241,1140,1689,1194,1503,1195,1232,1189,1603,1797,1377,1527,1307,1527,1619,1428,1342,1805,1648,1675,1769,1732,1693,1649,1337,1275,1228,1181,1505,1232,1762,1740,1503,1397,1371,1145,1472,1362,1423,1280,1785,1566,1545,1620,1443,1599,1330,1585,1523,1602,1390,1513,1768,1294,1244,1502,1729,1365,1454,1694,1279,1139,1751,1546,1445,1507,1522,1593,1257,1320,1380,1311,1574,1450,1474,1294,1515,1464,1450,1460,1461,1226,1490,1690,1499,1210,1176,1552,1732,1225,1410,1631,1593,1668,1416,1461,1460,1787,1169,1451,1362,1498,1301,1560,1676,1585,1642,1290,1231,1503,1153,1420,1734,1458,1504,1585,1154,1258,1425,1266,1640,1503,1662,1722,1766,1408,1246,1775,1733,1493,1157,1550,1507,1525,1399,1349,1401,1169,1633,1461,1550,1313,1799,1587,1555,1546,1597,1207,1578,1393,1257,1755,1291,1701,1218,1753,1768,1354,1796,1472,1520,1201,1207,1261,1418,1801,1223,1469,1285,1339,1636,1175,1394,1590,1523,1645,1433,1407,1434,1613,1292,1725,1791,1692,1254,1800,1246,1489,1351,1569,1536,1682,1740,1290,1165,1679,1558,1306,1390,1202,1564,1768,1488,1791,1339,1609,1400,1543,1527,1694,1178,1756,1248,1747,1555,1300,1780,1257,1564,1736,1242,1588,1694,1613,1220,1605,1138,1681,1235,1687,1677,1431,1293,1609,1644,1175
,1199,1782,1192,1433,1790,1283,1522,1529,1281,1603,1472,1166,1767,1752,1499,1521,1337,1663,1140,1547,1506,1756,1804,1536,1686,1158,1161,1706,1438,1774,1388,1751,1554,1481,1260,1606,1529,1695,1654,1746,1283,1359,1602,1710,1194,1555,1325,1617,1791,1552,1526,1795,1777,1243,1779,1654,1250,1520,1723,1739,1613,1410,1198,1479,1669,1534,1750,1398,1501,1396,1498,1745,1191,1484,1759,1754,1274,1256,1369,1569,1469,1158,1264,1340,1140,1563,1204,1306,1164,1183,1538,1626,1310,1281,1317,1456,1617,1400,1536,1378,1707,1286,1762,1371,1564,1427,1284,1541,1609,1645,1563,1711,1513,1773,1677,1422,1764,1720,1490,1533,1740,1740,1253,1616,1205,1445,1155,1696,1247,1161,1213,1772,1472,1173,1184,1661,1666,1266,1350,1760,1167,1742,1241,1514,1706,1372,1279,1183,1712,1346,1767,1638,1292,1670,1487,1792,1645,1495,1758,1295,1394,1700,1640,1244,1667,1385,1787,1727,1196,1169,1400,1221,1258,1533,1673,1540,1576,1503,1706,1747,1501,1281,1772,1428,1345,1163,1198,1315,1381,1139,1495,1334,1698,1278,1521,1432,1706,1540,1608,1627,1687,1173,1716,1697,1174,1713,1412,1651,1599,1553,1277,1797,1193,1277,1526,1454,1720,1469,1713,1244,1368,1758,1441,1419,1714,1245,1548,1710,1195,1345,1643,1627,1565,1684,1364,1471,1466,1526,1254,1635,1350,1494,1258,1365,1652,1517,1444,1309,1719,1396,1358,1374,1322,1629,1147,1284,1374,1437,1196,1508,1302,1455,1614,1385,1429,1304,1307,1240,1151,1397,1601,1733,1711,1223,1492,1708,1250,1289,1559,1676,1711,1431,1514,1178,1314,1216,1490,1632,1699,1171,1669,1507,1789,1166,1658,1293,1181,1158,1293,1230,1373,1558,1420,1580,1583,1744,1648,1199,1199,1353,1465,1586,1335,1612,1175,1259
,1343,1444,1611,1653,1562,1184,1355,1390,1640,1524,1425,1669,1616,1755,1177,1802,1634,1416,1294,1525,1732,1594,1496,1181,1703,1235,1488,1525,1364,1785,1558,1794,1325,1367,1485,1439,1481,1560,1491,1697,1133,1734,1212,1775,1203,1438,1248,1403,1715,1596,1305,1337,1165,1210,1781,1652,1589,1742,1745,1650,1544,1410,1412,1662,1197,1529,1554,1288,1507,1170,1662,1631,1141,1490,1390,1787,1277,1616,1293,1417,1388,1489,1225,1233,1405,1345,1189,1146,1183,1190,1206,1533,1777,1238,1217,1448,1447,1712,1504,1218,1797,1739,1422,1278,1784,1159,1208,1710,1183,1439,1727,1339,1637,1584,1442,1171,1638,1395,1346,1146,1138,1584,1430,1381,1355,1319,1778,1270,1250,1557,1539,1484,1313,1265,1772,1642,1730,1396,1785,1583,1188,1395,1584,1282,1439,1458,1691,1802,1762,1492,1367,1777,1528,1534,1414,1165,1725,1400,1692,1641,1186,1493,1639,1364,1332,1691,1140,1751,1547,1482,1469,1372,1383,1796,1171,1443,1277,1334,1657,1397,1344,1461,1440,1513,1605,1297,1464,1260,1783,1207,1254,1720,1230,1179,1394,1756,1718,1661,1386,1275,1225,1271,1232,1532,1401,1793,1746,1778,1156,1665,1144,1573,1472,1264,1326,1453,1206,1804,1139,1798,1464,1470,1277,1483,1271,1165,1602,1273,1347,1280,1492,1703,1656,1384,1460,1236,1443,1633,1212,1532,1135,1776,1566,1273,1517,1217,1553,1531,1609,1729,1221,1303,1639,1183,1138,1669,1693,1798,1305,1188,1597,1761,1701,1142,1299,1774,1551,1296,1261,1589,1580,1434,1715,1703,1436,1386,1750,1608,1496,1797,1375,1543,1599,1708,1553,1397,1193,1677,1796,1532,1276,1650,1138,1505,1157,1274,1768,1586,1770,1224,1803,1770,1214,1688,1422,1193,1515,1739,1502,1678,1537,1302,1667,1344,1681,1455
,1802,1152,1368,1515,1226,1668,1160,1465,1598,1577,1289,1787,1336,1173,1203,1444,1536,1160,1299,1666,1325,1564,1279,1607,1276,1427,1162,1224,1294,1235,1759,1156,1518,1148,1393,1782,1456,1576,1612,1270,1224,1598,1740,1446,1437,1203,1239,1154,1667,1267,1677,1562,1180,1304,1794,1223,1382,1570,1575,1684,1224,1416,1290,1615,1658,1781,1798,1227,1244,1323,1573,1466,1531,1496,1805,1766,1579,1747,1695,1704,1522,1629,1628,1572,1352,1255,1138,1622,1420,1558,1250,1618,1231,1464,1194,1694,1758,1677,1281,1658,1512,1263,1305,1482,1152,1568,1139,1733,1509,1677,1782,1266,1290,1322,1278,1579,1640,1405,1804,1552,1412,1713,1732,1433,1317,1381,1190,1176,1296,1777,1232,1552,1164,1365,1536,1728,1746,1511,1320,1802,1718,1337,1236,1586,1707,1613,1721,1250,1163,1285,1564,1564,1444,1498,1185,1778,1196,1238,1737,1423,1770,1535,1477,1798,1496,1710,1427,1231,1379,1368,1412,1795,1374,1167,1215,1305,1174,1231,1679,1535,1787,1441,1611,1713,1291,1793,1739,1650,1707,1607,1357,1796,1454,1442,1473,1377,1469,1276,1620,1601,1364,1477,1436,1479,1366,1392,1721,1192,1645,1325,1775,1165,1420,1270,1649,1193,1449,1692,1681,1210,1532,1212,1438,1383,1773,1279,1738,1568,1236,1498,1218,1281,1184,1316,1331,1286,1775,1488,1205,1518,1677,1286,1499,1330,1807,1710,1289,1499,1177,1670,1608,1352,1586,1653,1439,1616,1306,1400,1418,1534,1377,1276,1580,1580,1463,1463,1346,1749,1358,1425,1285,1731,1172,1808,1637,1614,1327,1177,1332,1533,1311,1695,1522,1245,1719,1394,1519,1675,1443,1575,1201,1261,1468,1792,1234,1796,1215,1366,1241,1572,1409,1371,1322,1205,1738,1187,1765,1711,1672,1516,1427,1463,1729,1249,1209,1395
,1411,1803,1484,1259,1352,1621,1772,1548,1807,1582,1315,1746,1391,1296,1463,1588,1383,1531,1173,1390,1348,1771,1378,1173,1153,1161,1453,1383,1779,1570,1479,1221,1429,1803,1762,1801,1626,1278,1554,1512,1162,1153,1294,1645,1369,1752,1609,1207,1586,1726,1712,1544,1188,1644,1391,1486,1533,1337,1384,1460,1387,1608,1739,1257,1378,1683,1720,1786,1743,1523,1696,1695,1607,1252,1310,1656,1600,1398,1646,1400,1206,1598,1721,1758,1287,1398,1358,1534,1295,1183,1320,1516,1391,1306,1603,1794,1511,1148,1276,1657,1178,1748,1488,1423,1520,1559,1607,1639,1687,1661,1463,1354,1375,1382,1763,1370,1461,1404,1780,1394,1146,1612,1655,1628,1301,1573,1165,1188,1214,1379,1224,1317,1147,1707,1212,1142,1452,1767,1212,1759,1292,1597,1622,1542,1622,1758,1660,1763,1752,1214,1804,1748,1668,1175,1296,1694,1336,1426,1636,1183,1192,1577,1547,1753,1371,1460,1492,1635,1744,1736,1163,1546,1226,1549,1595,1737,1624,1722,1548,1573,1415,1339,1222,1605,1189,1753,1779,1206,1465,1712,1292,1477,1155,1271,1640,1293,1733,1435,1370,1406,1178,1423,1608,1338,1146,1447,1311,1779,1530,1772,1646,1548,1514,1453,1206,1403,1165,1622,1464,1670,1597,1173,1237,1711,1439,1745,1728,1478,1528,1334,1440,1201,1754,1669,1455,1175,1475,1366,1221,1342,1336,1565,1442,1188,1238,1235,1615,1227,1407,1306,1146,1160,1446,1462,1132,1538,1460,1698,1294,1209,1319,1537,1374,1549,1342,1727,1675,1266,1331,1257,1305,1523,1743,1228,1170,1185,1767,1142,1512,1162,1635,1546,1351,1796,1406,1649,1158,1683,1730,1424,1372,1730,1243,1626,1293,1415,1219,1194,1455,1681,1165,1442,1604,1523,1187,1794,1669,1407,1153,1183,1153,1718,1720,1190,1788,1457
,1196,1485,1337,1283,1731,1679,1565,1544,1425,1738,1499,1659,1151,1248,1306,1183,1487,1298,1534,1749,1227,1470,1155,1579,1219,1195,1259,1632,1225,1373,1679,1314,1145,1561,1708,1174,1175,1372,1376,1248,1420,1145,1392,1348,1484,1158,1455,1151,1591,1257,1190,1609,1788,1432,1546,1417,1333,1137,1240,1435,1746,1518,1616,1324,1285,1527,1613,1533,1491,1689,1751,1774,1382,1593,1726,1157,1629,1396,1399,1228,1410,1131,1679,1579,1380,1288,1626,1575,1415,1778,1276,1353,1728,1527,1472,1482,1159,1747,1299,1308,1692,1645,1241,1767,1196,1446,1253,1228,1675,1378,1405,1758,1415,1481,1171,1747,1182,1222,1605,1241,1235,1637,1474,1413,1233,1645,1413,1681,1145,1439,1323,1275,1511,1279,1722,1175,1288,1171,1137,1728,1260,1420,1776,1804,1343,1775,1776,1318,1728,1203,1152,1557,1492,1307,1541,1364,1495,1327,1326,1752,1362,1645,1269,1314,1536,1575,1229,1270,1206,1715,1808,1784,1414,1319,1754,1302,1199,1319,1676,1787,1240,1307,1198,1576,1695,1674,1807,1513,1158,1424,1534,1775,1503,1600,1737,1744,1577,1341,1454,1145,1513,1661,1785,1217,1136,1766,1157,1559,1807,1588,1533,1515,1312,1687,1416,1400,1650,1807,1736,1501,1489,1566,1289,1529,1178,1480,1415,1498,1299,1715,1347,1750,1384,1314,1581,1361,1317,1549,1494,1586,1512,1439,1571,1554,1779,1379,1332,1625,1509,1771,1260,1657,1468,1220,1724,1138,1269,1615,1592,1242,1492,1627,1447,1142,1234,1779,1485,1227,1648,1605,1718,1440,1183,1666,1463,1265,1526,1181,1257,1806,1569,1133,1646,1363,1670,1683,1771,1390,1712,1763,1510,1157,1489,1556,1641,1651,1318,1187,1201,1379,1722,1614,1789,1699,1375,1604,1365,1234,1445,1475,1600,1726,1779,1659,1252,1490
,1336,1273,1328,1759,1551,1502,1697,1334,1685,1140,1744,1626,1571,1573,1598,1563,1303,1667,1430,1200,1482,1376,1258,1189,1272,1576,1737,1302,1311,1491,1319,1554,1737,1783,1199,1430,1362,1191,1662,1795,1216,1489,1615,1238,1326,1602,1178,1398,1353,1782,1396,1476,1194,1626,1484,1512,1455,1690,1470,1725,1741,1171,1761,1178,1401,1234,1493,1614,1201,1364,1729,1220,1484,1614,1299,1777,1335,1445,1261,1209,1188,1250,1593,1761,1673,1724,1352,1642,1746,1201,1586,1597,1692,1610,1756,1706,1314,1625,1274,1164,1260,1561,1733,1469,1264,1553,1169,1482,1778,1770,1315,1702,1220,1437,1603,1664,1666,1479,1562,1182,1341,1188,1769,1164,1294,1467,1226,1311,1540,1183,1727,1471,1643,1738,1154,1442,1219,1372,1163,1495,1687,1473,1353,1257,1231,1366,1263,1311,1284,1343,1521,1730,1250,1226,1328,1213,1480,1455,1218,1335,1556,1151,1366,1789,1301,1213,1594,1339,1692,1695,1147,1316,1178,1395,1164,1224,1712,1366,1473,1309,1801,1625,1460,1763,1537,1490,1160,1735,1362,1772,1165,1558,1548,1608,1204,1763,1409,1805,1601,1465,1724,1165,1761,1178,1495,1542,1214,1402,1366,1557,1567,1345,1576,1541,1514,1799,1668,1242,1135,1771,1250,1784,1726,1770,1539,1132,1224,1233,1721,1698,1312,1505,1746,1682,1382,1243,1146,1379,1717,1170,1615,1616,1187,1479,1776,1501,1218,1546,1585,1318,1213,1483,1391,1455,1791,1794,1209,1261,1282,1214,1349,1696,1254,1550,1512,1744,1298,1648,1555,1355,1478,1717,1727,1213,1290,1495,1223,1421,1780,1415,1602,1250,1195,1168,1301,1742,1270,1519,1561,1285,1781,1628,1631,1194,1757,1805,1508,1588,1201,1608,1672,1690,1592,1133,1661,1606,1322,1712,1514,1576,1421,1494,1208,1780,1196,1539
,1611,1272,1642,1240,1135,1296,1510,1425,1154,1639,1194,1787,1147,1787,1359,1585,1165,1637,1233,1767,1355,1597,1692,1409,1436,1539,1146,1537,1461,1428,1695,1539,1204,1753,1660,1698,1219,1747,1338,1647,1285,1279,1765,1277,1360,1683,1585,1712,1274,1641,1237,1169,1315,1428,1651,1489,1468,1634,1301,1418,1510,1744,1498,1172,1454,1326,1692,1372,1263,1148,1203,1280,1629,1277,1325,1410,1420,1513,1367,1537,1278,1536,1281,1179,1790,1199,1272,1506,1709,1401,1800,1581,1767,1172,1600,1412,1635,1659,1658,1742,1330,1360,1448,1310,1283,1794,1582,1142,1764,1683,1337,1771,1156,1759,1244,1708,1713,1653,1413,1357,1340,1341,1149,1232,1566,1147,1792,1419,1190,1711,1372,1407,1712,1263,1396,1243,1240,1138,1756,1212,1652,1802,1411,1745,1241,1491,1229,1182,1212,1531,1454,1501,1699,1200,1618,1484,1503,1686,1600,1698,1132,1738,1167,1443,1150,1409,1247,1467,1150,1388,1362,1684,1610,1515,1556,1160,1494,1625,1229,1204,1211,1299,1571,1711,1386,1184,1204,1612,1786,1490,1736,1377,1619,1337,1379,1393,1208,1503,1408,1459,1239,1595,1435,1786,1529,1599,1773,1305,1520,1161,1680,1674,1175,1343,1257,1149,1276,1646,1338,1630,1461,1278,1428,1680,1589,1536,1789,1741,1208,1501,1733,1355,1474,1509,1207,1407,1630,1167,1590,1316,1161,1580,1295,1350,1271,1454,1522,1726,1676,1220,1693,1277,1574,1487,1619,1406,1682,1138,1722,1536,1483,1681,1202,1448,1640,1535,1808,1730,1718,1184,1698,1265,1408,1345,1401,1489,1750,1620,1627,1780,1389,1672,1574,1190,1254,1755,1636,1761,1677,1679,1331,1323,1147,1394,1145,1556,1311,1237,1703,1483,1715,1296,1538,1797,1594,1139,1781,1151,1538,1338,1385,1322,1440,1597,1356,1681
,1273,1524,1413,1694,1403,1481,1196,1600,1267,1664,1714,1447,1268,1580,1560,1616,1407,1209,1494,1486,1409,1608,1292,1354,1502,1483,1185,1724,1779,1576,1724,1319,1760,1708,1715,1679,1803,1412,1433,1330,1755,1389,1632,1624,1211,1133,1503,1504,1202,1268,1252,1732,1240,1685,1139,1777,1536,1764,1239,1315,1406,1510,1552,1513,1325,1194,1737,1805,1195,1163,1330,1592,1533,1194,1659,1388,1587,1726,1635,1418,1741,1242,1543,1683,1629,1545,1796,1234,1353,1795,1205,1146,1414,1493,1503,1519,1590,1416,1654,1170,1425,1737,1357,1228,1639,1554,1456,1277,1454,1327,1168,1693,1313,1512,1574,1664,1758,1579,1570,1390,1600,1168,1688,1452,1801,1578,1288,1445,1522,1471,1785,1756,1455,1727,1607,1412,1432,1547,1598,1553,1487,1568,1309,1692,1576,1371,1681,1558,1408,1138,1408,1232,1187,1766,1360,1168,1159,1587,1199,1346,1620,1532,1603,1542,1459,1486,1546,1385,1739,1190,1778,1493,1314,1169,1362,1241,1799,1715,1219,1652,1258,1550,1255,1604,1398,1551,1202,1303,1271,1415,1289,1385,1728,1344,1689,1440,1341,1228,1485,1592,1647,1679,1701,1631,1759,1618,1785,1434,1765,1343,1649,1673,1554,1723,1206,1361,1729,1554,1148,1750,1730,1338,1647,1247,1173,1134,1796,1668,1649,1432,1145,1655,1546,1745,1631,1566,1363,1599,1538,1404,1788,1194,1448,1328,1737,1713,1598,1477,1573,1163,1379,1728,1790,1378,1283,1600,1157,1707,1184,1148,1407,1707,1605,1606,1394,1397,1245,1490,1550,1593,1581,1252,1766,1563,1729,1499,1505,1271,1722,1167,1548,1786,1431,1297,1348,1193,1325,1711,1538,1285,1493,1480,1211,1306,1799,1736,1547,1556,1454,1365,1392,1401,1177,1512,1359,1283,1228,1573,1316,1482,1632,1540,1468,1251,1693,1522
,1530,1700,1245,1806,1627,1791,1188,1248,1479,1603,1194,1731,1163,1681,1688,1596,1636,1244,1169,1672,1357,1268,1263,1154,1144,1550,1326,1798,1500,1787,1321,1249,1664,1299,1551,1333,1752,1225,1740,1549,1240,1490,1455,1733,1405,1485,1405,1366,1575,1334,1323,1564,1306,1285,1576,1394,1415,1283,1689,1596,1719,1640,1443,1630,1448,1806,1654,1598,1236,1353,1752,1142,1468,1459,1471,1153,1605,1207,1309,1579,1358,1724,1694,1255,1585,1461,1615,1286,1488,1392,1804,1652,1609,1333,1197,1476,1724,1783,1548,1272,1454,1499,1742,1631,1142,1319,1803,1216,1728,1558,1564,1242,1442,1521,1752,1730,1278,1324,1787,1194,1670,1593,1153,1582,1362,1261,1587,1801,1639,1719,1253,1656,1448,1464,1231,1720,1182,1429,1381,1147,1534,1185,1337,1385,1693,1246,1632,1399,1216,1573,1576,1184,1723,1785,1433,1639,1340,1367,1589,1216,1246,1510,1183,1341,1308,1613,1735,1739,1514,1762,1135,1308,1357,1275,1630,1630,1757,1455,1472,1672,1260,1494,1188,1256,1383,1512,1286,1534,1235,1675,1585,1763,1225,1549,1670,1141,1770,1637,1289,1651,1289,1434,1242,1209,1379,1600,1259,1302,1339,1191,1511,1238,1664,1551,1761,1777,1773,1207,1804,1494,1748,1324,1374,1221,1246,1482,1342,1636,1808,1582,1687,1780,1502,1779,1651,1318,1231,1303,1773,1663,1682,1248,1290,1654,1681,1597,1808,1340,1618,1228,1171,1489,1598,1607,1170,1461,1279,1551,1310,1458,1329,1149,1375,1571,1529,1689,1646,1502,1598,1231,1176,1277,1580,1619,1626,1441,1418,1334,1799,1159,1293,1131,1367,1694,1193,1372,1431,1427,1769,1781,1299,1420,1645,1226,1237,1801,1599,1186,1731,1393,1490,1351,1444,1740,1247,1375,1540,1440,1499,1233,1536,1156,1636,1713,1787,1549
,1431,1596,1249,1211,1352,1311,1192,1235,1156,1200,1716,1627,1655,1559,1340,1697,1596,1656,1741,1167,1380,1397,1460,1270,1511,1174,1753,1324,1281,1290,1356,1652,1566,1548,1382,1779,1555,1714,1405,1629,1474,1201,1355,1268,1305,1747,1182,1488,1423,1704,1807,1789,1192,1416,1265,1418,1788,1789,1562,1516,1616,1360,1299,1796,1621,1365,1419,1200,1536,1350,1138,1806,1405,1236,1338,1619,1189,1511,1598,1785,1171,1502,1168,1488,1522,1547,1773,1747,1333,1375,1764,1411,1311,1440,1398,1715,1662,1612,1192,1739,1134,1410,1563,1664,1239,1591,1698,1659,1716,1360,1410,1584,1461,1242,1484,1337,1779,1686,1150,1228,1736,1246,1247,1343,1382,1735,1349,1441,1566,1453,1154,1375,1705,1522,1668,1747,1170,1741,1326,1318,1138,1638,1518,1450,1289,1545,1595,1374,1676,1647,1488,1599,1183,1286,1376,1669,1437,1682,1792,1665,1351,1588,1637,1297,1509,1206,1146,1331,1356,1390,1434,1533,1385,1324,1143,1491,1346,1652,1153,1756,1246,1427,1157,1204,1291,1356,1590,1620,1433,1643,1211,1691,1583,1571,1798,1333,1433,1139,1781,1624,1562,1512,1789,1532,1752,1802,1660,1201,1509,1145,1262,1389,1469,1144,1710,1673,1383,1760,1654,1748,1168,1388,1615,1716,1485,1401,1562,1197,1556,1659,1623,1414,1554,1739,1254,1502,1710,1678,1410,1281,1212,1395,1404,1143,1566,1528,1804,1503,1786,1394,1337,1352,1264,1290,1486,1178,1260,1506,1273,1731,1647,1349,1469,1590,1724,1574,1518,1736,1724,1404,1224,1138,1444,1236,1403,1548,1255,1528,1165,1618,1223,1238,1541,1755,1402,1637,1271,1686,1152,1609,1333,1706,1773,1230,1244,1417,1419,1692,1693,1200,1367,1445,1696,1546,1514,1146,1604,1801,1421,1311,1604,1375,1808,1736,1304,1153
,1767,1328,1720,1300,1344,1428,1226,1134,1233,1709,1410,1385,1800,1598,1435,1313,1710,1526,1618,1394,1532,1451,1337,1276,1356,1478,1317,1707,1706,1498,1619,1596,1221,1200,1488,1492,1654,1167,1721,1744,1323,1732,1605,1440,1335,1264,1359,1309,1588,1696,1557,1711,1452,1626,1216,1172,1469,1621,1771,1265,1275,1701,1645,1452,1355,1374,1164,1529,1389,1794,1657,1480,1662,1653,1645,1693,1255,1688,1246,1163,1623,1637,1186,1264,1604,1746,1195,1725,1153,1377,1338,1621,1481,1186,1397,1533,1712,1465,1354,1805,1575,1425,1438,1389,1191,1412,1324,1454,1214,1450,1175,1314,1158,1627,1479,1788,1174,1459,1746,1382,1771,1263,1465,1228,1520,1799,1578,1709,1525,1740,1438,1245,1707,1608,1800,1277,1764,1679,1211,1572,1155,1490,1264,1247,1149,1657,1631,1498,1474,1638,1455,1194,1366,1174,1694,1350,1783,1501,1209,1497,1271,1569,1664,1289,1361,1785,1332,1760,1175,1671,1295,1295,1552,1716,1219,1640,1288,1807,1339,1594,1467,1643,1530,1166,1802,1302,1450,1353,1757,1545,1148,1245,1621,1605,1556,1704,1284,1131,1798,1568,1177,1399,1447,1393,1772,1803,1672,1769,1614,1564,1476,1163,1172,1782,1263,1719,1745,1220,1426,1775,1715,1733,1783,1393,1339,1692,1611,1757,1588,1189,1601,1532,1456,1385,1417,1663,1462,1798,1301,1521,1521,1276,1392,1388,1334,1707,1613,1412,1656,1491,1462,1516,1190,1249,1310,1400,1321,1528,1698,1558,1184,1726,1449,1471,1660,1635,1464,1738,1669,1785,1619,1190,1613,1427,1376,1655,1463,1752,1245,1136,1187,1798,1287,1674,1754,1310,1433,1185,1470,1287,1612,1750,1181,1404,1179,1783,1294,1532,1509,1621,1197,1423,1684,1473,1574,1597,1681,1212,1489,1614,1545,1586,1668,1730,1332,1722
,1268,1522,1187,1241,1522,1693,1430,1371,1768,1727,1154,1153,1270,1449,1313,1599,1617,1343,1538,1522,1177,1553,1652,1750,1256,1576,1193,1539,1774,1222,1323,1202,1173,1344,1453,1205,1445,1496,1765,1267,1269,1665,1552,1140,1685,1595,1155,1404,1761,1669,1438,1376,1668,1316,1540,1554,1763,1402,1607,1186,1286,1603,1177,1297,1552,1321,1308,1252,1682,1739,1392,1299,1275,1169,1789,1686,1338,1550,1337,1462,1786,1295,1472,1776,1142,1647,1458,1747,1457,1279,1347,1157,1572,1279,1531,1285,1777,1745,1306,1603,1409,1618,1625,1579,1598,1773,1368,1399,1429,1367,1463,1275,1688,1736,1632,1612,1580,1753,1550,1132,1209,1678,1182,1257,1727,1655,1279,1287,1294,1438,1687,1639,1540,1378,1601,1520,1233,1268,1478,1279,1649,1559,1544,1186,1782,1453,1701,1640,1333,1576,1186,1499,1512,1338,1796,1612,1185,1199,1497,1214,1467,1322,1746,1227,1767,1426,1543,1456,1409,1388,1568,1364,1593,1803,1526,1668,1728,1279,1299,1190,1304,1151,1719,1526,1460,1659,1694,1650,1155,1461,1798,1183,1553,1393,1450,1171,1412,1150,1579,1602,1222,1186,1771,1550,1354,1270,1671,1486,1703,1228,1632,1161,1792,1664,1243,1576,1219,1407,1315,1417,1189,1221,1754,1173,1407,1773,1546,1170,1255,1310,1530,1260,1669,1356,1254,1761,1776,1395,1738,1217,1423,1438,1575,1678,1602,1393,1300,1577,1410,1633,1368,1582,1283,1351,1256,1361,1617,1746,1237,1485,1299,1246,1525,1311,1182,1613,1267,1740,1644,1653,1619,1727,1144,1740,1805,1479,1285,1452,1376,1282,1194,1553,1332,1557,1253,1437,1310,1692,1651,1191,1508,1301,1300,1682,1752,1757,1280,1592,1480,1314,1482,1203,1595,1148,1495,1197,1785,1241,1622,1805,1365,1583,1561,1243,1506,1193
,1588,1584,1460,1274,1491,1142,1147,1484,1491,1632,1163,1555,1564,1598,1794,1277,1609,1660,1609,1670,1511,1188,1648,1191,1230,1536,1621,1590,1457,1741,1439,1349,1697,1774,1612,1515,1519,1671,1533,1713,1457,1167,1484,1316,1544,1683,1402,1251,1733,1244,1704,1611,1541,1344,1740,1253,1457,1526,1488,1783,1461,1364,1265,1584,1748,1595,1175,1783,1251,1298,1475,1301,1670,1292,1493,1639,1434,1502,1630,1496,1792,1461,1493,1750,1673,1627,1184,1329,1740,1603,1567,1208,1242,1694,1236,1591,1693,1756,1644,1559,1279,1244,1730,1467,1513,1304,1783,1274,1673,1730,1417,1790,1423,1425,1543,1437,1664,1799,1210,1488,1696,1571,1136,1496,1423,1479,1461,1566,1436,1184,1341,1669,1296,1468,1385,1168,1651,1556,1203,1491,1787,1151,1201,1524,1771,1142,1549,1303,1133,1355,1484,1169,1343,1507,1442,1224,1732,1752,1348,1581,1785,1750,1747,1753,1666,1157,1346,1771,1356,1207,1767,1672,1729,1244,1750,1806,1195,1669,1412,1596,1663,1781,1143,1688,1230,1658,1183,1414,1543,1581,1618,1201,1156,1558,1475,1236,1206,1367,1420,1317,1146,1749,1760,1589,1796,1645,1667,1647,1464,1222,1722,1436,1424,1286,1178,1713,1158,1164,1545,1329,1571,1349,1322,1586,1558,1279,1295,1704,1214,1779,1462,1675,1584,1788,1783,1777,1737,1389,1626,1432,1195,1629,1713,1297,1761,1652,1253,1725,1472,1601,1256,1366,1308,1475,1282,1163,1325,1354,1556,1364,1598,1557,1745,1186,1444,1284,1598,1380,1394,1376,1607,1548,1357,1138,1449,1632,1504,1562,1183,1560,1679,1748,1312,1628,1589,1300,1342,1296,1603,1303,1502,1669,1785,1748,1692,1572,1691,1336,1675,1756,1788,1650,1726,1584,1729,1234,1373,1320,1676,1691,1483,1703,1772,1224,1543,1294
,1541,1590,1746,1297,1179,1340,1348,1543,1248,1681,1216,1307,1567,1315,1479,1485,1794,1270,1502,1243,1178,1591,1302,1601,1647,1748,1285,1250,1724,1512,1599,1487,1691,1423,1354,1427,1774,1132,1292,1696,1385,1752,1589,1774,1194,1695,1256,1398,1542,1728,1582,1464,1330,1201,1704,1595,1232,1798,1268,1801,1600,1317,1706,1760,1433,1372,1415,1255,1150,1174,1586,1419,1319,1252,1383,1380,1404,1633,1239,1459,1244,1534,1620,1511,1672,1654,1806,1228,1748,1336,1419,1283,1431,1342,1687,1249,1658,1750,1695,1458,1572,1746,1780,1444,1328,1506,1768,1240,1518,1399,1154,1624,1272,1603,1652,1699,1372,1383,1564,1763,1240,1180,1505,1312,1559,1793,1274,1699,1807,1657,1425,1145,1775,1285,1398,1528,1363,1378,1542,1343,1800,1526,1747,1191,1179,1404,1618,1438,1529,1523,1408,1389,1402,1665,1707,1217,1157,1310,1406,1273,1270,1618,1713,1348,1177,1741,1709,1133,1236,1593,1728,1271,1461,1210,1248,1799,1575,1138,1685,1531,1606,1296,1625,1808,1787,1715,1658,1561,1525,1179,1687,1711,1738,1661,1186,1781,1206,1651,1360,1750,1790,1491,1528,1484,1277,1348,1556,1350,1599,1175,1408,1529,1662,1135,1592,1210,1676,1609,1438,1357,1220,1393,1349,1623,1353,1567,1433,1546,1370,1273,1178,1183,1209,1597,1562,1667,1146,1334,1453,1288,1197,1217,1596,1139,1460,1475,1198,1686,1767,1385,1255,1438,1416,1722,1168,1640,1266,1686,1330,1297,1445,1574,1679,1488,1574,1538,1274,1654,1612,1207,1680,1143,1410,1146,1492,1724,1416,1333,1234,1752,1197,1749,1215,1181,1385,1371,1565,1533,1702,1259,1719,1360,1381,1439,1406,1656,1362,1800,1199,1309,1714,1260,1436,1257,1637,1469,1337,1604,1319,1358,1504,1762,1530,1521,1368,1465
,1512,1132,1481,1231,1463,1639,1524,1703,1257,1308,1697,1574,1534,1296,1328,1367,1428,1756,1593,1179,1208,1795,1374,1544,1693,1513,1453,1268,1653,1389,1398,1632,1248,1681,1353,1464,1674,1391,1621,1243,1142,1353,1394,1444,1653,1391,1617,1490,1258,1280,1765,1507,1729,1159,1475,1247,1567,1150,1680,1152,1564,1236,1399,1665,1641,1341,1699,1425,1613,1257,1580,1701,1445,1300,1516,1479,1607,1743,1542,1159,1208,1558,1548,1421,1655,1651,1589,1618,1425,1555,1612,1482,1614,1196,1691,1270,1357,1485,1238,1567,1639,1403,1194,1489,1690,1168,1664,1368,1310,1388,1541,1779,1699,1179,1250,1172,1307,1251,1661,1760,1540,1213,1616,1542,1523,1209,1204,1218,1731,1796,1637,1337,1462,1498,1707,1605,1717,1135,1410,1685,1720,1352,1307,1780,1528,1313,1625,1423,1444,1192,1780,1487,1195,1549,1614,1356,1383,1351,1466,1572,1308,1286,1381,1428,1204,1367,1766,1145,1656,1284,1160,1780,1350,1306,1399,1474,1374,1472,1281,1801,1349,1426,1448,1381,1470,1372,1152,1433,1360,1249,1385,1302,1458,1683,1241,1703,1193,1476,1426,1138,1308,1248,1421,1659,1596,1378,1614,1716,1657,1423,1587,1540,1786,1659,1407,1300,1179,1566,1645,1291,1741,1806,1790,1807,1738,1539,1613,1523,1335,1186,1285,1798,1352,1273,1770,1158,1596,1229,1366,1431,1769,1453,1757,1427,1148,1448,1461,1154,1434,1143,1759,1585,1133,1432,1253,1264,1605,1663,1515,1288,1794,1674,1716,1462,1428,1464,1395,1595,1661,1417,1553,1280,1415,1596,1335,1629,1244,1730,1486,1705,1513,1697,1429,1658,1385,1221,1313,1235,1677,1501,1784,1296,1249,1702,1725,1181,1246,1714,1490,1407,1482,1388,1577,1253,1723,1425,1452,1419,1385,1689,1396,1730,1733,1603,1131,1281
,1771,1269,1671,1517,1326,1490,1774,1369,1544,1713,1604,1654,1474,1433,1399,1648,1201,1502,1329,1195,1258,1392,1314,1331,1462,1559,1754,1245,1213,1657,1326,1322,1738,1139,1155,1733,1215,1744,1663,1131,1416,1150,1431,1760,1591,1754,1799,1158,1749,1457,1228,1775,1688,1466,1744,1416,1420,1598,1420,1193,1543,1665,1591,1550,1465,1613,1489,1405,1588,1267,1403,1807,1668,1225,1494,1360,1559,1264,1764,1484,1427,1632,1539,1745,1136,1793,1684,1357,1342,1787,1661,1375,1304,1718,1430,1566,1758,1310,1662,1435,1578,1322,1300,1261,1132,1168,1693,1764,1294,1733,1488,1310,1146,1403,1664,1479,1677,1414,1366,1317,1392,1351,1259,1582,1287,1164,1479,1372,1495,1275,1675,1515,1368,1263,1788,1303,1808,1244,1261,1455,1539,1305,1567,1686,1373,1747,1263,1534,1637,1186,1617,1764,1309,1375,1469,1238,1618,1707,1293,1740,1156,1672,1220,1728,1503,1750,1795,1170,1745,1589,1618,1436,1597,1661,1196,1451,1287,1623,1665,1366,1591,1213,1463,1574,1272,1633,1506,1671,1300,1700,1237,1650,1165,1150,1367,1298,1195,1131,1536,1193,1590,1767,1325,1686,1556,1673,1621,1688,1680,1428,1755,1413,1803,1134,1752,1393,1534,1802,1274,1226,1444,1679,1238,1612,1738,1337,1267,1542,1286,1648,1503,1281,1270,1494,1624,1144,1600,1326,1578,1454,1612,1433,1296,1534,1521,1770,1714,1214,1777,1291,1214,1601,1147,1244,1188,1792,1609,1667,1374,1213,1760,1593,1240,1418,1327,1574,1499,1629,1598,1780,1758,1666,1270,1329,1708,1766,1518,1544,1409,1502,1272,1166,1596,1726,1190,1184,1197,1560,1410,1659,1186,1151,1500,1373,1665,1532,1307,1175,1435,1357,1167,1436,1706,1534,1440,1594,1576,1183,1659,1583,1491,1145,1251,1398,1221,1621
,1697,1552,1328,1284,1245,1571,1531,1667,1260,1672,1419,1667,1666,1549,1412,1327,1744,1131,1740,1211,1791,1722,1428,1485,1749,1497,1410,1513,1388,1234,1685,1404,1354,1664,1753,1581,1336,1155,1638,1359,1308,1355,1383,1294,1552,1216,1761,1492,1313,1500,1276,1289,1544,1798,1485,1156,1159,1665,1394,1414,1410,1337,1557,1807,1592,1692,1242,1159,1283,1137,1581,1556,1374,1420,1137,1334,1331,1213,1602,1468,1808,1308,1670,1463,1245,1576,1441,1599,1249,1317,1362,1750,1751,1800,1467,1571,1736,1524,1794,1539,1456,1204,1749,1323,1461,1272,1418,1788,1613,1712,1230,1740,1807,1515,1672,1535,1208,1677,1625,1256,1552,1448,1650,1446,1320,1151,1803,1416,1756,1638,1612,1743,1438,1608,1484,1229,1528,1165,1402,1589,1173,1685,1526,1725,1524,1485,1168,1382,1517,1506,1352,1452,1182,1692,1573,1602,1769,1268,1580,1254,1293,1681,1546,1717,1309,1638,1578,1712,1669,1692,1273,1161,1185,1329,1137,1751,1420,1158,1580,1163,1355,1646,1691,1646,1338,1610,1738,1679,1163,1443,1697,1212,1696,1417,1132,1558,1564,1659,1617,1283,1279,1405,1751,1133,1265,1694,1237,1631,1167,1729,1550,1551,1437,1521,1535,1279,1445,1401,1750,1476,1807,1557,1273,1246,1558,1533,1414,1271,1498,1174,1366,1696,1549,1407,1494,1684,1515,1535,1476,1223,1789,1480,1630,1187,1279,1454,1638,1430,1509,1505,1323,1700,1255,1527,1293,1607,1757,1478,1165,1235,1186,1620,1240,1683,1617,1258,1256,1654,1509,1511,1140,1698,1641,1282,1257,1626,1201,1436,1400,1147,1747,1145,1211,1421,1196,1740,1237,1225,1706,1638,1712,1293,1309,1305,1418,1615,1579,1352,1546,1664,1441,1143,1515,1408,1653,1249,1263,1166,1509,1537,1140,1276,1766,1131,1342,1477
,1732,1617,1693,1686,1274,1134,1669,1654,1182,1572,1471,1372,1712,1348,1374,1595,1439,1257,1218,1664,1422,1387,1400,1388,1750,1362,1784,1766,1561,1342,1341,1640,1577,1467,1149,1507,1667,1597,1378,1191,1170,1583,1709,1297,1666,1168,1564,1690,1340,1292,1279,1176,1401,1794,1646,1689,1298,1464,1275,1462,1679,1228,1600,1291,1290,1737,1557,1626,1448,1203,1347,1783,1337,1163,1252,1289,1350,1413,1376,1648,1594,1585,1740,1582,1760,1472,1707,1705,1566,1441,1636,1189,1200,1744,1675,1355,1150,1437,1799,1768,1534,1421,1472,1290,1677,1429,1430,1555,1131,1619,1190,1240,1229,1549,1206,1180,1501,1776,1472,1140,1498,1443,1249,1498,1354,1765,1287,1652,1417,1724,1309,1669,1217,1189,1552,1763,1468,1698,1131,1367,1201,1692,1605,1245,1438,1573,1241,1196,1759,1512,1687,1290,1253,1331,1659,1159,1649,1164,1184,1756,1762,1618,1592,1548,1761,1217,1264,1439,1415,1171,1583,1708,1727,1293,1630,1679,1154,1248,1480,1799,1192,1523,1423,1184,1703,1515,1502,1469,1769,1402,1493,1163,1698,1705,1557,1768,1670,1152,1746,1735,1505,1197,1439,1601,1199,1611,1285,1292,1732,1179,1773,1768,1481,1286,1397,1721,1262,1467,1513,1579,1222,1586,1692,1648,1735,1311,1344,1485,1676,1359,1141,1406,1488,1458,1587,1225,1423,1178,1523,1493,1354,1349,1402,1235,1606,1206,1746,1733,1152,1687,1272,1145,1557,1284,1604,1384,1699,1667,1364,1397,1303,1466,1142,1634,1390,1619,1241,1400,1203,1145,1159,1689,1589,1804,1763,1616,1475,1143,1365,1674,1693,1266,1794,1715,1176,1303,1769,1539,1691,1566,1511,1505,1286,1214,1301,1351,1763,1270,1566,1307,1200,1698,1353,1797,1475,1804,1175,1384,1742,1409,1327,1483,1178,1673,1454,1376
,1726,1361,1340,1549,1760,1279,1663,1590,1408,1302,1298,1621,1400,1387,1612,1186,1217,1319,1665,1175,1471,1780,1692,1711,1681,1441,1600,1442,1476,1205,1420,1362,1553,1553,1141,1357,1781,1211,1473,1275,1410,1581,1730,1482,1714,1702,1771,1148,1746,1747,1376,1260,1480,1719,1137,1717,1396,1592,1389,1376,1394,1163,1295,1355,1617,1404,1515,1589,1437,1731,1264,1551,1332,1639,1297,1528,1304,1610,1483,1353,1555,1469,1495,1368,1194,1380,1268,1706,1320,1629,1791,1538,1574,1539,1739,1662,1388,1375,1579,1475,1159,1273,1150,1716,1431,1749,1525,1464,1346,1570,1219,1227,1532,1146,1240,1539,1660,1413,1323,1765,1208,1427,1575,1606,1803,1720,1248,1253,1317,1367,1539,1213,1482,1203,1468,1681,1427,1655,1237,1694,1611,1546,1520,1272,1280,1535,1699,1367,1629,1403,1437,1207,1248,1273,1696,1246,1655,1701,1535,1712,1170,1718,1522,1366,1709,1462,1804,1252,1431,1249,1525,1179,1197,1377,1357,1374,1382,1284,1689,1332,1418,1343,1187,1414,1605,1197,1729,1297,1430,1493,1263,1389,1156,1519,1389,1686,1741,1752,1176,1650,1660,1243,1231,1314,1605,1654,1399,1322,1607,1666,1516,1682,1140,1519,1765,1490,1162,1593,1740,1639,1654,1294,1759,1185,1424,1257,1676,1747,1470,1719,1169,1546,1335,1278,1743,1690,1146,1503,1759,1257,1350,1696,1427,1296,1588,1750,1734,1483,1338,1368,1616,1615,1608,1332,1586,1416,1545,1544,1197,1516,1462,1157,1202,1358,1745,1434,1295,1633,1254,1288,1513,1791,1558,1599,1531,1518,1668,1461,1167,1709,1558,1539,1480,1364,1197,1395,1161,1473,1458,1468,1506,1735,1535,1271,1228,1368,1558,1191,1601,1713,1262,1498,1142,1433,1724,1419,1323,1628,1663,1753,1610,1607,1628,1315,1497,1649
,1669,1400,1195,1598,1729,1451,1587,1202,1744,1545,1580,1658,1550,1650,1137,1237,1695,1362,1698,1723,1708,1339,1184,1540,1386,1657,1149,1373,1748,1372,1342,1803,1274,1260,1724,1385,1564,1511,1449,1190,1476,1224,1324,1761,1507,1679,1335,1598,1288,1794,1314,1252,1623,1134,1640,1139,1523,1705,1178,1570,1575,1311,1178,1300,1518,1324,1699,1286,1582,1696,1664,1301,1652,1644,1510,1720,1186,1239,1496,1682,1770,1194,1148,1389,1163,1660,1273,1420,1723,1272,1302,1290,1284,1624,1283,1209,1561,1370,1597,1495,1437,1737,1580,1636,1529,1398,1407,1216,1147,1136,1735,1690,1516,1750,1614,1702,1760,1599,1525,1706,1191,1139,1446,1671,1253,1751,1763,1424,1152,1775,1325,1174,1505,1215,1736,1504,1248,1564,1427,1298,1636,1223,1389,1216,1393,1609,1235,1722,1175,1596,1236,1600,1250,1574,1264,1412,1566,1413,1234,1567,1461,1216,1466,1264,1228,1256,1711,1169,1190,1717,1494,1359,1794,1643,1263,1712,1579,1216,1484,1744,1476,1205,1417,1405,1672,1667,1370,1673,1536,1419,1779,1264,1576,1750,1353,1527,1142,1453,1285,1664,1320,1576,1355,1764,1730,1449,1766,1524,1545,1488,1647,1359,1522,1375,1679,1548,1391,1741,1381,1627,1779,1268,1381,1158,1804,1400,1363,1278,1721,1330,1450,1136,1493,1353,1717,1391,1687,1748,1746,1190,1223,1496,1263,1233,1280,1494,1793,1252,1142,1424,1202,1204,1211,1372,1241,1387,1296,1552,1328,1209,1271,1223,1384,1163,1209,1378,1544,1675,1601,1665,1131,1205,1656,1226,1512,1335,1338,1163,1168,1651,1567,1575,1636,1206,1512,1578,1377,1286,1520,1675,1682,1373,1483,1257,1592,1712,1390,1662,1151,1140,1239,1264,1257,1580,1190,1677,1315,1345,1201,1412,1151,1203,1309,1689,1141,1471
,1211,1544,1751,1267,1289,1617,1590,1495,1280,1369,1465,1186,1444,1616,1784,1626,1511,1180,1443,1506,1303,1766,1745,1432,1386,1311,1741,1378,1252,1620,1426,1758,1464,1551,1436,1708,1408,1340,1798,1313,1474,1687,1674,1236,1697,1681,1480,1676,1647,1653,1701,1212,1746,1201,1652,1417,1160,1347,1599,1640,1255,1508,1174,1425,1299,1523,1650,1765,1618,1329,1233,1391,1573,1335,1534,1519,1781,1511,1656,1300,1317,1444,1415,1564,1458,1259,1621,1633,1315,1506,1483,1476,1179,1791,1284,1615,1362,1508,1802,1372,1301,1492,1514,1332,1753,1377,1253,1214,1646,1151,1558,1218,1759,1551,1160,1720,1591,1771,1718,1230,1541,1430,1714,1808,1343,1399,1659,1346,1608,1195,1381,1534,1480,1445,1354,1267,1134,1156,1639,1337,1355,1257,1135,1222,1748,1481,1411,1472,1170,1307,1357,1182,1691,1308,1178,1671,1282,1259,1327,1635,1633,1141,1786,1504,1413,1288,1303,1448,1306,1599,1329,1680,1764,1249,1656,1385,1771,1579,1192,1210,1680,1275,1194,1471,1521,1262,1323,1256,1780,1728,1716,1191,1801,1394,1486,1519,1488,1208,1606,1665,1144,1335,1320,1328,1711,1256,1312,1746,1752,1527,1548,1752,1236,1404,1612,1136,1774,1761,1741,1664,1744,1201,1263,1178,1411,1233,1342,1782,1718,1686,1274,1357,1452,1803,1363,1354,1144,1340,1730,1490,1327,1770,1334,1634,1350,1664,1752,1614,1400,1223,1394,1599,1678,1199,1713,1694,1501,1297,1645,1311,1300,1718,1447,1233,1602,1757,1705,1438,1701,1189,1140,1188,1653,1729,1236,1332,1772,1331,1150,1502,1345,1538,1448,1665,1420,1232,1561,1635,1586,1754,1621,1638,1332,1314,1702,1352,1505,1766,1440,1662,1396,1294,1726,1635,1539,1330,1351,1246,1477,1252,1521,1307,1681,1643,1505,1520
,1401,1332,1715,1442,1554,1162,1253,1633,1785,1261,1554,1575,1697,1201,1659,1661,1703,1514,1304,1727,1324,1566,1805,1435,1430,1343,1278,1363,1581,1669,1240,1401,1133,1567,1638,1395,1665,1448,1315,1583,1489,1294,1695,1213,1672,1231,1332,1188,1761,1603,1417,1157,1136,1391,1643,1315,1273,1561,1532,1429,1704,1604,1709,1425,1708,1654,1739,1761,1601,1319,1175,1306,1513,1335,1505,1517,1489,1334,1327,1287,1794,1677,1240,1538,1411,1458,1224,1485,1578,1271,1517,1149,1260,1147,1382,1300,1698,1476,1141,1712,1244,1233,1716,1465,1205,1610,1764,1471,1759,1164,1220,1557,1774,1452,1380,1496,1540,1197,1691,1137,1627,1378,1784,1346,1733,1781,1571,1652,1752,1247,1690,1357,1491,1408,1557,1419,1264,1756,1330,1444,1298,1400,1764,1341,1750,1680,1415,1289,1719,1328,1213,1543,1774,1798,1697,1462,1502,1764,1644,1198,1646,1670,1771,1568,1778,1238,1756,1703,1691,1277,1731,1350,1417,1379,1707,1520,1332,1286,1269,1496,1241,1305,1706,1751,1259,1625,1152,1403,1661,1464,1572,1282,1375,1619,1522,1155,1339,1775,1510,1169,1563,1396,1386,1464,1411,1661,1587,1256,1253,1356,1604,1590,1445,1586,1448,1219,1149,1521,1670,1760,1497,1419,1584,1498,1767,1244,1558,1218,1212,1450,1336,1526,1364,1707,1672,1622,1476,1307,1204,1597,1474,1357,1344,1579,1404,1275,1639,1178,1250,1753,1315,1260,1213,1270,1538,1338,1402,1500,1470,1193,1690,1275,1229,1773,1348,1627,1143,1397,1598,1454,1498,1263,1215,1750,1589,1264,1664,1465,1506,1407,1501,1697,1548,1563,1714,1701,1563,1282,1530,1390,1574,1176,1435,1713,1382,1454,1730,1197,1714,1593,1213,1313,1404,1440,1181,1525,1306,1616,1209,1449,1600,1180,1364,1482,1673,1640
,1771,1247,1381,1648,1511,1307,1265,1619,1689,1639,1256,1197,1785,1451,1731,1684,1772,1309,1455,1206,1659,1463,1314,1402,1339,1275,1766,1133,1786,1801,1228,1624,1411,1498,1534,1590,1132,1713,1795,1432,1155,1191,1300,1796,1469,1745,1435,1412,1544,1350,1764,1725,1774,1327,1679,1510,1502,1420,1295,1505,1705,1544,1622,1225,1342,1211,1570,1547,1804,1430,1796,1408,1490,1676,1761,1250,1597,1502,1602,1506,1506,1206,1355,1787,1616,1655,1563,1739,1543,1579,1720,1660,1803,1691,1497,1558,1734,1450,1141,1428,1571,1655,1613,1613,1644,1500,1243,1695,1799,1236,1709,1459,1145,1670,1182,1325,1189,1256,1271,1302,1713,1139,1287,1139,1347,1334,1161,1257,1417,1248,1372,1336,1384,1557,1777,1514,1260,1195,1486,1344,1766,1236,1628,1696,1594,1700,1418,1198,1327,1736,1711,1502,1555,1307,1777,1175,1529,1621,1241,1214,1295,1152,1227,1666,1599,1516,1262,1418,1719,1190,1648,1214,1769,1678,1492,1288,1249,1633,1474,1233,1762,1617,1602,1763,1736,1560,1186,1501,1707,1272,1440,1182,1325,1766,1652,1499,1177,1622,1708,1780,1550,1660,1262,1787,1317,1337,1222,1303,1711,1660,1500,1469,1318,1638,1381,1689,1244,1445,1755,1596,1765,1705,1213,1492,1403,1135,1282,1456,1535,1486,1447,1391,1289,1321,1789,1778,1396,1455,1784,1371,1722,1792,1389,1439,1266,1666,1773,1687,1478,1368,1372,1758,1685,1447,1135,1765,1319,1291,1204,1648,1280,1374,1324,1215,1508,1396,1667,1638,1752,1648,1304,1600,1145,1686,1337,1495,1360,1419,1203,1532,1770,1740,1597,1733,1362,1753,1716,1325,1406,1791,1402,1665,1505,1492,1679,1604,1455,1462,1287,1251,1394,1661,1366,1776,1735,1504,1658,1560,1603,1607,1756,1205,1638,1712,1173,1640
,1355,1686,1253,1690,1135,1641,1674,1179,1733,1238,1227,1425,1242,1656,1266,1371,1340,1779,1546,1267,1306,1736,1573,1609,1803,1492,1662,1274,1388,1452,1324,1276,1634,1446,1353,1743,1777,1456,1263,1346,1472,1325,1709,1541,1444,1209,1602,1617,1773,1506,1558,1471,1654,1243,1758,1725,1172,1516,1703,1430,1352,1361,1492,1787,1147,1717,1550,1194,1312,1651,1259,1234,1756,1718,1723,1133,1707,1271,1564,1548,1584,1603,1462,1639,1598,1527,1185,1583,1611,1416,1300,1425,1614,1447,1679,1714,1270,1791,1153,1695,1806,1505,1290,1476,1156,1539,1215,1616,1267,1351,1647,1431,1485,1149,1597,1131,1365,1425,1324,1371,1802,1306,1701,1806,1253,1381,1412,1598,1532,1418,1495,1246,1473,1666,1530,1433,1653,1477,1460,1666,1642,1704,1174,1473,1427,1430,1795,1390,1640,1679,1800,1495,1699,1242,1528,1606,1466,1239,1582,1338,1580,1216,1334,1341,1168,1753,1352,1164,1140,1208,1539,1745,1185,1556,1675,1573,1633,1335,1661,1322,1392,1538,1351,1709,1284,1735,1512,1190,1504,1518,1236,1451,1517,1235,1734,1280,1386,1798,1450,1408,1720,1265,1485,1605,1296,1467,1516,1548,1595,1531,1496,1669,1295,1477,1553,1185,1431,1747,1663,1234,1290,1412,1595,1805,1131,1789,1165,1582,1614,1419,1647,1395,1700,1595,1733,1604,1649,1498,1711,1769,1362,1135,1250,1808,1299,1666,1669,1312,1687,1451,1142,1505,1395,1712,1726,1344,1254,1638,1652,1506,1441,1777,1606,1507,1267,1221,1176,1242,1788,1696,1622,1433,1329,1656,1305,1152,1672,1228,1404,1650,1647,1197,1606,1510,1728,1378,1287,1306,1412,1718,1292,1565,1279,1578,1527,1559,1698,1421,1361,1338,1257,1386,1501,1735,1646,1767,1192,1251,1336,1487,1518,1508,1712,1727,1204,1582
,1385,1199,1181,1503,1447,1775,1620,1548,1463,1631,1777,1356,1805,1661,1262,1489,1580,1633,1452,1316,1756,1716,1216,1659,1586,1578,1501,1526,1628,1529,1617,1564,1746,1715,1709,1396,1656,1137,1403,1797,1600,1387,1505,1305,1564,1159,1584,1636,1506,1520,1311,1300,1624,1462,1789,1159,1732,1218,1637,1403,1449,1308,1301,1342,1414,1635,1413,1280,1706,1308,1416,1153,1356,1458,1758,1226,1776,1237,1422,1621,1270,1219,1301,1161,1444,1536,1353,1587,1773,1292,1444,1614,1155,1742,1163,1597,1300,1215,1761,1404,1653,1470,1460,1415,1194,1255,1739,1652,1543,1690,1545,1756,1323,1262,1494,1422,1689,1239,1553,1532,1376,1680,1173,1260,1413,1631,1625,1212,1322,1387,1189,1270,1261,1155,1506,1185,1647,1574,1363,1242,1509,1626,1625,1289,1761,1540,1405,1661,1173,1299,1389,1460,1253,1407,1535,1249,1356,1558,1215,1753,1656,1259,1758,1387,1672,1745,1605,1689,1325,1543,1146,1249,1235,1346,1522,1308,1713,1627,1400,1618,1192,1573,1558,1549,1664,1230,1501,1234,1759,1639,1561,1161,1590,1340,1729,1662,1638,1137,1259,1597,1529,1518,1274,1688,1252,1538,1420,1350,1270,1591,1283,1248,1238,1501,1134,1479,1235,1464,1703,1701,1653,1273,1441,1303,1159,1484,1388,1781,1764,1686,1431,1365,1169,1191,1658,1272,1428,1270,1258,1642,1288,1377,1630,1668,1304,1579,1501,1700,1752,1603,1604,1464,1166,1238,1208,1183,1690,1533,1728,1463,1317,1388,1511,1425,1347,1331,1187,1806,1634,1704,1382,1563,1508,1757,1697,1693,1320,1802,1287,1250,1271,1156,1399,1432,1536,1172,1239,1647,1155,1454,1307,1727,1689,1136,1680,1147,1694,1486,1605,1472,1774,1512,1470,1667,1316,1577,1500,1703,1279,1234,1661,1721,1215,1792,1742,1384
,1498,1714,1648,1551,1468,1520,1756,1289,1269,1450,1185,1770,1314,1266,1260,1787,1226,1136,1351,1460,1555,1639,1486,1760,1533,1614,1542,1638,1457,1193,1188,1529,1393,1565,1431,1695,1595,1275,1474,1687,1188,1620,1422,1218,1472,1227,1226,1209,1592,1543,1240,1165,1546,1412,1707,1792,1632,1349,1178,1181,1722,1724,1597,1240,1531,1230,1783,1780,1427,1654,1183,1282,1356,1338,1393,1207,1492,1476,1268,1327,1165,1703,1518,1499,1433,1485,1577,1165,1696,1659,1176,1326,1162,1475,1359,1488,1295,1514,1227,1637,1548,1229,1521,1179,1579,1707,1190,1363,1331,1704,1638,1261,1340,1351,1174,1618,1577,1250,1781,1337,1587,1214,1257,1233,1698,1357,1193,1644,1401,1328,1345,1405,1459,1552,1788,1692,1178,1662,1435,1566,1389,1464,1454,1642,1328,1554,1149,1713,1642,1387,1354,1655,1311,1222,1349,1665,1445,1622,1753,1664,1371,1667,1698,1484,1239,1346,1595,1134,1718,1375,1137,1698,1422,1595,1375,1420,1300,1759,1201,1678,1624,1215,1231,1525,1366,1185,1755,1546,1375,1316,1705,1498,1205,1547,1247,1343,1208,1408,1329,1379,1714,1632,1267,1188,1320,1428,1497,1401,1449,1655,1587,1746,1274,1642,1322,1571,1673,1632,1223,1134,1453,1561,1304,1777,1427,1630,1231,1466,1475,1564,1738,1319,1207,1402,1433,1298,1212,1713,1413,1194,1375,1400,1203,1469,1399,1693,1352,1297,1632,1440,1192,1449,1219,1282,1283,1721,1565,1631,1532,1438,1417,1280,1797,1446,1414,1741,1292,1331,1621,1697,1714,1720,1774,1526,1586,1453,1422,1646,1446,1732,1151,1331,1482,1381,1169,1685,1518,1380,1759,1454,1315,1131,1223,1418,1180,1697,1374,1169,1275,1363,1356,1476,1270,1775,1352,1361,1632,1229,1145,1368,1280,1795,1574,1189,1686,1452
,1697,1785,1441,1742,1761,1720,1410,1731,1492,1190,1759,1259,1363,1657,1754,1194,1264,1231,1395,1789,1179,1783,1356,1314,1405,1301,1552,1382,1305,1316,1650,1222,1288,1357,1400,1705,1545,1328,1410,1675,1766,1470,1594,1631,1546,1325,1140,1173,1613,1181,1364,1533,1683,1324,1683,1406,1717,1269,1434,1224,1396,1410,1567,1689,1160,1533,1476,1772,1197,1169,1439,1721,1568,1471,1475,1782,1499,1197,1447,1432,1678,1305,1776,1230,1439,1241,1613,1357,1327,1412,1709,1610,1133,1138,1417,1340,1530,1363,1784,1595,1244,1178,1183,1758,1356,1170,1622,1409,1678,1153,1450,1166,1354,1424,1520,1691,1643,1137,1532,1747,1708,1442,1351,1686,1641,1164,1538,1766,1568,1362,1463,1725,1691,1714,1790,1252,1448,1320,1327,1138,1712,1354,1559,1685,1656,1500,1182,1313,1550,1485,1747,1665,1667,1436,1297,1549,1677,1303,1453,1783,1313,1716,1471,1700,1257,1631,1694,1636,1806,1779,1605,1225,1344,1523,1462,1152,1712,1790,1657,1805,1448,1484,1488,1448,1504,1780,1279,1747,1257,1377,1488,1381,1652,1623,1555,1276,1612,1360,1688,1502,1509,1688,1224,1708,1410,1748,1758,1709,1691,1771,1465,1483,1329,1385,1478,1652,1633,1529,1435,1740,1655,1325,1262,1630,1512,1408,1797,1191,1791,1475,1539,1449,1734,1368,1542,1502,1174,1634,1617,1610,1691,1138,1476,1524,1804,1598,1311,1346,1608,1442,1534,1778,1571,1530,1478,1659,1767,1557,1537,1234,1508,1396,1575,1708,1191,1207,1198,1791,1137,1300,1134,1573,1603,1310,1404,1571,1178,1148,1298,1277,1317,1489,1263,1278,1334,1553,1692,1385,1268,1683,1495,1339,1551,1292,1214,1148,1733,1369,1143,1519,1151,1547,1734,1199,1300,1280,1402,1484,1416,1660,1718,1485,1327,1791,1146,1412
,1415,1441,1800,1244,1670,1482,1769,1801,1397,1780,1396,1768,1326,1380,1408,1238,1713,1774,1677,1642,1229,1560,1767,1280,1423,1180,1202,1228,1343,1251,1804,1135,1434,1172,1201,1210,1284,1247,1583,1342,1557,1672,1488,1320,1307,1185,1731,1288,1459,1143,1619,1575,1207,1474,1274,1486,1707,1482,1191,1196,1324,1550,1752,1185,1224,1469,1347,1498,1803,1517,1153,1642,1313,1429,1142,1746,1663,1458,1291,1568,1596,1159,1767,1360,1342,1635,1740,1732,1419,1664,1586,1749,1451,1423,1674,1394,1194,1679,1585,1511,1573,1164,1399,1538,1377,1281,1222,1293,1181,1678,1733,1629,1559,1299,1207,1313,1572,1179,1525,1216,1497,1754,1692,1260,1788,1415,1245,1327,1373,1606,1209,1487,1180,1766,1172,1641,1782,1565,1406,1166,1237,1793,1353,1360,1167,1215,1711,1377,1402,1190,1549,1415,1531,1198,1749,1183,1525,1537,1338,1429,1304,1146,1359,1607,1175,1621,1321,1377,1288,1608,1396,1482,1519,1757,1377,1268,1371,1193,1647,1376,1156,1389,1647,1447,1217,1672,1634,1398,1461,1275,1267,1595,1505,1649,1688,1226,1401,1664,1549,1414,1536,1692,1201,1699,1732,1211,1308,1134,1370,1322,1321,1369,1729,1618,1453,1459,1751,1282,1518,1453,1777,1665,1368,1164,1432,1548,1701,1627,1417,1200,1353,1450,1356,1195,1284,1763,1409,1339,1199,1723,1136,1163,1523,1245,1570,1323,1432,1510,1605,1301,1267,1795,1324,1517,1586,1661,1285,1485,1449,1730,1287,1585,1609,1522,1328,1631,1598,1322,1602,1703,1144,1580,1694,1680,1803,1164,1749,1328,1568,1465,1339,1612,1756,1710,1473,1630,1354,1657,1757,1330,1443,1436,1281,1462,1169,1450,1354,1625,1207,1193,1515,1543,1377,1576,1576,1697,1724,1574,1687,1478,1289,1518,1792,1553,1531,1620
,1151,1552,1764,1315,1212,1613,1537,1701,1522,1537,1134,1582,1486,1594,1342,1461,1466,1252,1300,1808,1508,1393,1597,1659,1299,1175,1398,1577,1717,1449,1327,1338,1684,1786,1585,1304,1175,1229,1627,1433,1362,1753,1691,1182,1166,1779,1642,1279,1182,1293,1672,1169,1143,1164,1421,1158,1544,1364,1466,1166,1320,1304,1643,1352,1186,1747,1484,1169,1228,1276,1427,1584,1562,1296,1477,1278,1619,1517,1542,1405,1598,1132,1187,1709,1444,1521,1539,1242,1713,1535,1317,1148,1297,1470,1570,1648,1483,1176,1253,1153,1418,1409,1455,1358,1459,1233,1260,1321,1321,1407,1279,1480,1310,1644,1561,1285,1381,1532,1545,1488,1296,1449,1640,1740,1800,1401,1494,1625,1696,1705,1530,1582,1370,1643,1361,1535,1662,1175,1497,1704,1459,1706,1144,1181,1660,1527,1537,1138,1581,1749,1783,1322,1601,1791,1465,1700,1795,1261,1418,1330,1747,1548,1776,1750,1547,1521,1329,1585,1479,1736,1646,1684,1515,1616,1595,1428,1799,1310,1371,1435,1664,1397,1518,1547,1457,1354,1305,1364,1159,1653,1273,1720,1210,1360,1636,1640,1147,1150,1391,1778,1723,1368,1763,1676,1740,1525,1650,1171,1203,1527,1406,1355,1563,1182,1243,1503,1251,1443,1749,1222,1403,1645,1575,1320,1414,1377,1795,1770,1586,1596,1759,1239,1717,1584,1240,1152,1693,1200,1337,1469,1178,1565,1450,1771,1469,1241,1579,1469,1602,1336,1170,1793,1634,1507,1630,1159,1141,1721,1426,1390,1421,1251,1360,1546,1192,1492,1706,1234,1717,1751,1425,1715,1652,1553,1496,1328,1249,1542,1531,1576,1749,1417,1557,1197,1781,1403,1469,1774,1488,1553,1183,1350,1149,1581,1542,1589,1370,1593,1318,1447,1464,1378,1522,1330,1374,1226,1694,1460,1629,1421,1491,1471,1212,1470,1618,1727
,1597,1785,1580,1261,1461,1657,1658,1505,1777,1460,1617,1796,1648,1449,1294,1346,1608,1498,1133,1407,1430,1477,1509,1396,1568,1647,1252,1374,1769,1381,1484,1788,1601,1709,1521,1187,1618,1246,1728,1737,1713,1297,1144,1732,1756,1312,1336,1279,1330,1180,1531,1559,1565,1245,1599,1225,1740,1654,1691,1479,1378,1333,1224,1184,1718,1445,1422,1325,1295,1259,1364,1665,1549,1402,1143,1629,1293,1400,1324,1537,1757,1558,1268,1540,1519,1740,1420,1330,1759,1394,1607,1798,1537,1239,1232,1186,1250,1445,1624,1457,1765,1453,1238,1583,1158,1176,1565,1392,1447,1265,1188,1720,1443,1219,1460,1197,1750,1220,1461,1580,1235,1515,1609,1444,1756,1204,1195,1163,1631,1238,1356,1597,1343,1630,1548,1709,1523,1805,1149,1360,1756,1191,1524,1581,1700,1643,1740,1452,1138,1268,1653,1166,1649,1706,1562,1374,1215,1717,1633,1286,1254,1355,1768,1390,1621,1505,1135,1808,1395,1442,1284,1595,1162,1241,1451,1461,1773,1137,1626,1336,1456,1251,1656,1435,1218,1606,1689,1490,1638,1725,1634,1414,1340,1602,1591,1517,1295,1756,1466,1173,1187,1721,1451,1764,1318,1241,1461,1573,1531,1364,1421,1416,1332,1365,1371,1151,1411,1582,1698,1363,1214,1264,1553,1338,1538,1701,1286,1557,1425,1397,1470,1244,1371,1172,1624,1654,1538,1598,1668,1658,1607,1291,1229,1521,1691,1152,1341,1498,1499,1571,1580,1406,1488,1796,1654,1231,1692,1488,1174,1393,1332,1190,1508,1690,1527,1441,1775,1555,1657,1135,1617,1781,1135,1521,1347,1806,1651,1653,1580,1747,1344,1352,1543,1416,1602,1759,1767,1729,1726,1591,1608,1800,1769,1491,1539,1253,1460,1670,1160,1667,1726,1563,1407,1589,1303,1807,1174,1268,1781,1372,1807,1480,1467,1389,1166,1667
,1645,1469,1260,1491,1698,1408,1742,1714,1167,1651,1351,1635,1576,1231,1608,1531,1500,1652,1167,1802,1520,1688,1159,1458,1267,1314,1653,1375,1355,1632,1795,1199,1648,1222,1755,1131,1513,1444,1479,1473,1444,1140,1279,1198,1538,1244,1371,1379,1585,1141,1703,1376,1623,1476,1418,1511,1740,1388,1659,1452,1172,1566,1747,1763,1397,1789,1443,1271,1679,1216,1382,1695,1499,1794,1196,1800,1404,1490,1337,1616,1498,1792,1237,1541,1762,1365,1477,1508,1486,1320,1369,1343,1573,1759,1606,1182,1511,1247,1301,1268,1346,1402,1619,1561,1672,1488,1523,1778,1206,1726,1428,1690,1195,1160,1474,1390,1801,1224,1407,1496,1353,1474,1576,1478,1493,1320,1807,1451,1597,1323,1135,1793,1258,1685,1263,1553,1158,1637,1315,1674,1397,1279,1570,1397,1331,1807,1568,1788,1312,1328,1373,1233,1438,1418,1733,1598,1338,1483,1780,1446,1370,1288,1506,1153,1753,1736,1682,1563,1285,1662,1174,1236,1211,1193,1630,1694,1691,1754,1513,1231,1623,1392,1201,1258,1671,1585,1640,1645,1173,1571,1552,1227,1721,1594,1653,1590,1660,1734,1777,1269,1146,1582,1197,1462,1288,1395,1221,1485,1156,1786,1596,1278,1430,1222,1546,1251,1171,1188,1459,1541,1331,1552,1138,1466,1603,1163,1535,1289,1227,1222,1554,1563,1753,1566,1726,1656,1278,1377,1454,1765,1659,1463,1491,1188,1515,1508,1221,1378,1313,1403,1133,1237,1246,1750,1393,1616,1615,1260,1132,1471,1677,1163,1808,1715,1376,1475,1627,1799,1767,1406,1604,1438,1577,1775,1263,1595,1706,1467,1317,1402,1772,1633,1703,1362,1766,1269,1734,1194,1236,1553,1553,1191,1601,1594,1705,1785,1454,1419,1439,1238,1367,1261,1237,1524,1430,1610,1694,1214,1558,1433,1503,1692,1710,1638,1430,1159
,1801,1646,1547,1445,1799,1541,1631,1480,1135,1541,1360,1620,1776,1754,1493,1179,1717,1253,1801,1615,1805,1288,1237,1569,1163,1763,1582,1631,1142,1269,1779,1483,1299,1238,1738,1710,1790,1652,1330,1619,1489,1416,1760,1412,1520,1433,1803,1728,1659,1355,1505,1206,1234,1157,1615,1549,1550,1654,1371,1497,1764,1224,1171,1760,1448,1490,1542,1613,1314,1675,1270,1162,1142,1383,1470,1595,1163,1594,1708,1591,1316,1261,1497,1151,1415,1362,1412,1257,1274,1487,1413,1249,1750,1597,1355,1496,1737,1314,1649,1172,1307,1754,1252,1285,1782,1551,1387,1314,1284,1644,1603,1633,1316,1337,1752,1356,1584,1759,1348,1740,1360,1735,1207,1402,1785,1454,1468,1417,1406,1639,1502,1518,1204,1652,1589,1334,1318,1212,1305,1800,1745,1646,1240,1202,1464,1792,1763,1142,1750,1625,1787,1288,1320,1594,1260,1540,1282,1204,1458,1765,1723,1374,1173,1562,1229,1781,1234,1513,1440,1583,1147,1416,1211,1705,1519,1727,1803,1419,1290,1356,1785,1378,1587,1320,1434,1521,1206,1608,1192,1264,1132,1725,1493,1137,1584,1770,1327,1242,1237,1650,1563,1467,1484,1209,1777,1480,1644,1677,1211,1140,1379,1278,1379,1743,1706,1538,1592,1485,1660,1369,1299,1777,1630,1686,1530,1569,1329,1793,1395,1195,1657,1366,1690,1336,1576,1552,1462,1298,1138,1432,1155,1707,1579,1555,1764,1233,1591,1500,1670,1291,1328,1484,1571,1761,1649,1801,1732,1422,1332,1674,1738,1148,1354,1203,1736,1508,1320,1276,1269,1297,1455,1559,1386,1734,1348,1657,1255,1415,1780,1536,1250,1762,1426,1684,1719,1310,1508,1132,1562,1531,1316,1363,1151,1636,1328,1712,1274,1266,1542,1314,1273,1467,1783,1166,1263,1751,1752,1564,1556,1156,1348,1791,1220,1525,1262,1186
,1621,1458,1415,1798,1606,1716,1296,1170,1512,1646,1740,1605,1249,1211,1438,1692,1604,1382,1277,1436,1440,1672,1687,1547,1238,1573,1630,1151,1345,1226,1191,1615,1649,1714,1352,1714,1230,1134,1289,1742,1272,1459,1505,1156,1243,1758,1547,1594,1164,1745,1546,1541,1699,1659,1759,1143,1612,1445,1463,1178,1149,1575,1739,1642,1288,1302,1763,1234,1630,1236,1588,1473,1534,1671,1657,1566,1348,1569,1210,1187,1475,1315,1747,1720,1621,1239,1472,1178,1491,1349,1408,1796,1531,1655,1440,1445,1666,1466,1296,1507,1387,1754,1692,1382,1275,1266,1162,1355,1545,1151,1176,1742,1737,1308,1687,1284,1247,1159,1134,1161,1433,1385,1277,1761,1494,1269,1716,1462,1158,1264,1407,1408,1217,1616,1651,1233,1543,1396,1328,1343,1418,1450,1198,1518,1189,1808,1622,1500,1284,1659,1671,1283,1569,1553,1602,1403,1212,1783,1455,1155,1682,1469,1393,1449,1592,1262,1398,1442,1413,1270,1604,1295,1582,1315,1797,1603,1432,1361,1296,1383,1371,1689,1642,1683,1746,1474,1340,1762,1711,1707,1389,1788,1780,1447,1455,1515,1751,1345,1505,1228,1360,1721,1676,1343,1392,1776,1645,1150,1202,1299,1159,1520,1524,1411,1637,1563,1518,1197,1768,1181,1325,1493,1180,1765,1747,1197,1456,1604,1548,1490,1727,1150,1552,1681,1364,1408,1730,1378,1350,1314,1223,1207,1417,1542,1778,1781,1616,1431,1662,1543,1701,1504,1427,1741,1154,1627,1340,1724,1658,1404,1330,1688,1398,1571,1159,1188,1203,1354,1493,1449,1449,1269,1667,1719,1753,1587,1659,1188,1151,1472,1471,1272,1136,1620,1711,1431,1703,1211,1791,1449,1469,1179,1707,1655,1290,1655,1279,1702,1660,1665,1674,1384,1492,1713,1255,1440,1713,1295,1504,1286,1371,1613,1643,1325,1447,1457
,1226,1591,1450,1196,1258,1772,1461,1579,1251,1520,1306,1230,1374,1571,1643,1610,1801,1409,1600,1623,1174,1521,1210,1174,1710,1373,1494,1708,1728,1238,1567,1266,1280,1729,1360,1257,1740,1805,1196,1380,1748,1720,1151,1251,1166,1164,1798,1773,1630,1700,1453,1166,1330,1278,1799,1218,1576,1370,1282,1588,1226,1750,1605,1618,1657,1641,1302,1425,1244,1789,1704,1184,1294,1770,1410,1489,1216,1191,1669,1272,1550,1294,1491,1365,1666,1745,1166,1169,1238,1510,1341,1580,1608,1796,1406,1617,1312,1657,1733,1764,1609,1662,1291,1238,1791,1663,1381,1716,1268,1525,1634,1548,1704,1220,1148,1503,1522,1313,1500,1703,1596,1644,1317,1149,1770,1380,1674,1542,1533,1336,1613,1285,1807,1369,1330,1147,1334,1670,1688,1509,1147,1794,1527,1683,1768,1307,1636,1247,1488,1303,1188,1537,1630,1368,1280,1143,1703,1313,1132,1427,1464,1385,1588,1386,1693,1601,1413,1241,1466,1560,1228,1409,1284,1355,1760,1300,1349,1364,1776,1536,1785,1161,1305,1615,1151,1531,1793,1759,1676,1311,1675,1516,1311,1495,1771,1627,1606,1775,1702,1412,1557,1292,1476,1694,1748,1519,1387,1563,1135,1358,1530,1255,1373,1232,1147,1436,1389,1716,1534,1630,1635,1481,1269,1493,1507,1607,1279,1325,1169,1439,1498,1488,1368,1712,1161,1582,1588,1573,1568,1188,1393,1150,1612,1322,1302,1174,1349,1315,1575,1716,1485,1279,1399,1499,1474,1345,1167,1201,1533,1722,1687,1321,1191,1532,1147,1747,1408,1732,1533,1284,1502,1377,1586,1506,1514,1215,1672,1315,1463,1441,1446,1662,1580,1240,1506,1525,1237,1431,1310,1484,1775,1710,1178,1782,1320,1651,1421,1275,1621,1427,1575,1572,1609,1384,1656,1650,1537,1374,1232,1170,1272,1700,1591,1514,1170,1603
,1644,1336,1465,1516,1443,1610,1148,1684,1645,1355,1364,1714,1312,1617,1270,1293,1513,1403,1330,1483,1358,1364,1555,1653,1159,1662,1212,1617,1383,1461,1435,1474,1403,1278,1792,1571,1468,1744,1579,1566,1379,1696,1660,1662,1449,1592,1217,1190,1532,1149,1621,1241,1467,1543,1748,1146,1185,1552,1432,1257,1323,1639,1190,1620,1494,1350,1255,1154,1407,1220,1655,1689,1532,1608,1530,1209,1653,1506,1575,1367,1430,1368,1151,1662,1762,1494,1160,1314,1444,1570,1536,1137,1729,1229,1773,1181,1179,1394,1305,1245,1721,1337,1406,1751,1661,1591,1199,1410,1310,1429,1672,1302,1794,1252,1299,1490,1351,1570,1653,1778,1743,1175,1434,1162,1147,1224,1151,1392,1140,1680,1592,1430,1434,1270,1214,1767,1201,1227,1303,1303,1320,1243,1222,1670,1283,1508,1777,1214,1171,1694,1138,1370,1494,1718,1801,1275,1309,1753,1561,1656,1153,1745,1513,1319,1377,1159,1795,1143,1190,1797,1390,1138,1189,1717,1770,1234,1437,1738,1804,1616,1693,1442,1701,1406,1280,1238,1215,1670,1406,1803,1605,1640,1632,1610,1305,1745,1376,1327,1803,1697,1495,1542,1548,1211,1198,1426,1204,1205,1164,1226,1735,1447,1401,1786,1686,1371,1405,1255,1665,1497,1467,1789,1536,1606,1218,1617,1143,1536,1403,1184,1374,1378,1390,1644,1508,1366,1232,1706,1628,1807,1710,1676,1313,1301,1375,1654,1701,1154,1198,1500,1524,1661,1184,1696,1296,1687,1529,1506,1316,1135,1288,1403,1361,1610,1592,1680,1534,1478,1682,1490,1434,1628,1675,1492,1695,1710,1308,1369,1526,1556,1732,1675,1544,1603,1199,1744,1465,1708,1279,1475,1630,1215,1483,1405,1241,1769,1149,1223,1579,1308,1516,1271,1346,1261,1658,1551,1223,1394,1698,1460,1261,1518,1522,1226,1755,1670
,1193,1229,1692,1806,1679,1588,1353,1493,1511,1424,1487,1471,1368,1599,1344,1720,1628,1692,1342,1444,1557,1499,1174,1271,1679,1298,1430,1803,1493,1190,1489,1553,1383,1665,1283,1795,1535,1641,1172,1671,1764,1727,1471,1633,1433,1277,1131,1401,1621,1734,1667,1541,1346,1407,1660,1524,1365,1304,1743,1752,1275,1337,1244,1214,1578,1590,1627,1336,1442,1465,1772,1288,1705,1464,1677,1274,1720,1779,1302,1433,1241,1509,1419,1592,1222,1182,1221,1256,1780,1401,1538,1668,1629,1655,1316,1569,1337,1455,1550,1679,1464,1663,1439,1221,1679,1561,1443,1238,1156,1456,1161,1148,1728,1619,1790,1367,1233,1791,1558,1353,1769,1430,1514,1265,1162,1767,1725,1763,1334,1294,1730,1758,1484,1148,1582,1408,1734,1486,1235,1757,1276,1601,1601,1194,1145,1365,1632,1153,1211,1552,1409,1501,1808,1535,1757,1214,1686,1375,1237,1781,1194,1257,1320,1132,1556,1316,1246,1631,1501,1341,1695,1305,1625,1569,1699,1608,1388,1752,1724,1398,1278,1689,1699,1164,1680,1387,1365,1671,1594,1240,1441,1457,1713,1507,1321,1780,1785,1211,1364,1227,1582,1514,1175,1686,1428,1491,1533,1276,1442,1515,1277,1364,1529,1360,1295,1235,1798,1661,1738,1450,1487,1161,1546,1701,1591,1585,1336,1775,1291,1532,1325,1743,1646,1776,1185,1296,1342,1323,1763,1720,1348,1808,1621,1422,1232,1530,1567,1593,1685,1221,1344,1766,1279,1560,1480,1788,1182,1757,1336,1741,1160,1727,1212,1327,1244,1453,1231,1199,1259,1648,1701,1631,1418,1470,1419,1409,1323,1675,1486,1636,1649,1509,1213,1347,1368,1267,1214,1213,1657,1750,1696,1239,1275,1564,1139,1342,1222,1132,1567,1653,1302,1550,1588,1757,1249,1350,1679,1327,1131,1506,1474,1647,1243,1477,1708,1633
,1251,1743,1804,1152,1519,1303,1569,1253,1232,1572,1724,1210,1455,1600,1164,1168,1683,1327,1406,1744,1257,1182,1239,1192,1264,1240,1579,1385,1597,1402,1348,1570,1481,1231,1724,1711,1249,1321,1573,1181,1421,1797,1491,1608,1660,1478,1467,1445,1196,1361,1670,1566,1729,1306,1156,1709,1622,1477,1409,1173,1479,1592,1568,1270,1559,1338,1580,1508,1718,1684,1410,1606,1216,1219,1768,1708,1705,1564,1433,1206,1490,1788,1385,1284,1399,1505,1364,1492,1183,1465,1546,1306,1554,1254,1638,1342,1751,1245,1671,1797,1216,1347,1639,1226,1224,1153,1169,1149,1221,1744,1689,1598,1733,1328,1452,1324,1449,1552,1469,1397,1710,1365,1463,1584,1613,1558,1158,1592,1563,1754,1545,1394,1675,1545,1610,1440,1443,1621,1784,1761,1639,1724,1803,1530,1563,1509,1308,1331,1164,1645,1217,1303,1150,1292,1293,1181,1141,1239,1187,1710,1525,1589,1234,1266,1264,1137,1408,1734,1553,1616,1212,1138,1341,1569,1734,1491,1248,1546,1624,1668,1588,1723,1419,1715,1646,1582,1307,1640,1174,1802,1326,1467,1669,1669,1526,1565,1702,1319,1497,1685,1730,1446,1185,1623,1558,1229,1729,1741,1621,1458,1142,1614,1315,1218,1217,1622,1324,1725,1369,1151,1187,1585,1453,1684,1666,1782,1706,1614,1211,1683,1788,1496,1696,1166,1597,1205,1722,1704,1549,1345,1158,1510,1372,1417,1308,1644,1206,1166,1435,1179,1339,1176,1231,1726,1246,1803,1691,1418,1800,1731,1610,1420,1555,1200,1752,1305,1639,1759,1695,1301,1763,1425,1396,1133,1516,1347,1723,1666,1232,1149,1141,1695,1718,1808,1517,1542,1435,1755,1798,1220,1316,1708,1475,1724,1568,1333,1608,1298,1134,1599,1678,1230,1142,1535,1399,1336,1695,1147,1780,1218,1757,1296,1356,1626,1321,1139
,1629,1452,1701,1220,1243,1328,1457,1356,1332,1282,1462,1414,1511,1707,1768,1176,1470,1566,1500,1285,1295,1188,1655,1389,1497,1149,1661,1507,1759,1250,1514,1330,1735,1157,1707,1356,1560,1139,1165,1293,1354,1131,1173,1331,1805,1514,1622,1660,1393,1673,1416,1413,1400,1158,1232,1664,1410,1149,1566,1433,1163,1206,1280,1205,1584,1798,1793,1619,1680,1699,1376,1327,1599,1453,1798,1706,1587,1724,1744,1606,1712,1724,1318,1674,1624,1650,1706,1755,1693,1399,1140,1251,1134,1365,1384,1551,1299,1173,1492,1666,1290,1476,1320,1586,1390,1354,1426,1220,1550,1352,1411,1722,1664,1695,1724,1800,1236,1517,1437,1780,1442,1406,1751,1503,1389,1380,1435,1284,1705,1391,1321,1253,1191,1623,1450,1795,1380,1243,1241,1618,1541,1469,1378,1648,1607,1473,1427,1523,1224,1695,1198,1453,1431,1589,1475,1789,1356,1734,1662,1239,1654,1503,1180,1783,1806,1500,1249,1368,1541,1414,1625,1322,1428,1564,1483,1414,1638,1418,1802,1636,1283,1735,1317,1255,1619,1136,1230,1259,1692,1643,1301,1382,1171,1739,1614,1389,1482,1220,1231,1732,1643,1480,1398,1316,1162,1592,1589,1443,1478,1264,1203,1248,1806,1513,1799,1796,1390,1792,1614,1586,1143,1266,1420,1803,1523,1187,1335,1736,1299,1757,1487,1593,1354,1302,1559,1294,1642,1188,1193,1627,1169,1349,1166,1669,1550,1703,1257,1795,1475,1321,1269,1645,1292,1521,1285,1201,1264,1385,1622,1374,1493,1289,1358,1598,1177,1133,1460,1616,1207,1745,1255,1340,1372,1239,1435,1203,1563,1255,1718,1646,1659,1413,1713,1606,1546,1266,1227,1161,1217,1686,1526,1194,1616,1447,1668,1792,1578,1651,1241,1488,1197,1251,1767,1634,1393,1169,1138,1763,1756,1774,1467,1307,1537,1522,1432,1623
,1615,1730,1158,1338,1188,1462,1138,1589,1282,1300,1290,1348,1401,1499,1254,1766,1503,1636,1627,1681,1390,1705,1582,1787,1719,1540,1503,1140,1252,1723,1337,1677,1181,1364,1492,1231,1803,1188,1650,1523,1783,1781,1694,1517,1409,1714,1257,1801,1757,1611,1441,1795,1437,1583,1549,1633,1131,1664,1428,1661,1551,1395,1587,1582,1184,1468,1292,1467,1314,1351,1505,1668,1494,1223,1514,1242,1731,1339,1791,1562,1380,1324,1243,1553,1239,1369,1687,1297,1206,1311,1692,1131,1622,1724,1641,1303,1716,1526,1441,1384,1435,1717,1229,1153,1605,1453,1187,1132,1484,1698,1698,1633,1409,1266,1541,1201,1379,1660,1747,1295,1476,1469,1692,1167,1501,1767,1713,1187,1519,1553,1173,1295,1519,1354,1647,1714,1755,1762,1409,1650,1385,1385,1222,1622,1436,1464,1619,1443,1562,1563,1543,1532,1506,1214,1800,1155,1355,1180,1542,1707,1638,1748,1757,1733,1241,1289,1303,1325,1144,1772,1551,1256,1484,1667,1352,1695,1748,1166,1251,1657,1399,1405,1150,1734,1285,1785,1635,1618,1366,1670,1515,1231,1746,1680,1452,1742,1724,1642,1302,1769,1330,1144,1772,1371,1645,1207,1252,1354,1628,1158,1246,1536,1661,1330,1596,1660,1299,1184,1431,1204,1208,1435,1150,1404,1524,1196,1268,1278,1516,1323,1445,1182,1694,1802,1175,1193,1687,1341,1620,1429,1491,1466,1445,1272,1557,1393,1409,1787,1271,1187,1275,1753,1183,1788,1425,1611,1608,1686,1132,1526,1159,1742,1785,1731,1657,1476,1156,1675,1710,1473,1531,1605,1549,1480,1665,1654,1624,1326,1541,1503,1304,1531,1714,1306,1442,1173,1252,1774,1334,1657,1418,1570,1359,1409,1181,1793,1186,1792,1426,1537,1529,1761,1186,1393,1229,1398,1735,1235,1522,1272,1142,1189,1325,1278,1709,1270
,1488,1254,1542,1336,1635,1667,1625,1391,1531,1452,1559,1325,1402,1237,1641,1725,1762,1589,1222,1786,1797,1788,1427,1798,1696,1388,1454,1131,1223,1247,1504,1726,1713,1772,1658,1697,1217,1774,1699,1520,1199,1460,1472,1266,1159,1781,1794,1357,1496,1441,1208,1473,1704,1236,1729,1145,1411,1186,1399,1389,1223,1520,1767,1469,1149,1550,1255,1196,1573,1691,1194,1506,1324,1394,1487,1349,1201,1578,1295,1784,1282,1511,1268,1589,1575,1806,1657,1439,1761,1322,1416,1724,1514,1297,1631,1138,1341,1256,1237,1692,1565,1449,1308,1497,1170,1505,1410,1448,1625,1757,1799,1474,1752,1480,1670,1705,1710,1761,1634,1707,1615,1433,1389,1400,1388,1297,1637,1363,1157,1186,1539,1377,1668,1233,1436,1344,1464,1378,1441,1671,1571,1292,1242,1216,1651,1297,1452,1721,1595,1311,1590,1525,1706,1654,1297,1655,1804,1582,1425,1798,1340,1482,1464,1658,1628,1438,1252,1799,1324,1653,1634,1380,1569,1350,1648,1697,1493,1264,1282,1717,1676,1292,1358,1257,1668,1736,1487,1458,1349,1652,1631,1669,1712,1740,1478,1424,1510,1292,1189,1358,1765,1628,1411,1491,1373,1683,1340,1409,1310,1324,1689,1281,1241,1464,1486,1168,1676,1500,1281,1361,1451,1708,1219,1332,1452,1529,1206,1359,1782,1656,1345,1792,1486,1276,1296,1164,1692,1196,1232,1670,1229,1549,1224,1432,1801,1409,1522,1249,1321,1713,1747,1330,1492,1672,1634,1607,1805,1308,1741,1481,1753,1554,1756,1266,1754,1365,1180,1485,1286,1551,1784,1172,1396,1319,1774,1671,1185,1566,1625,1596,1631,1286,1765,1642,1423,1474,1497,1413,1421,1296,1726,1271,1393,1518,1591,1200,1788,1428,1667,1604,1477,1436,1550,1725,1708,1444,1251,1391,1177,1783,1644,1398,1671,1666,1793,1577
,1377,1803,1609,1350,1697,1387,1232,1667,1380,1783,1194,1771,1131,1563,1794,1591,1800,1498,1220,1625,1702,1148,1488,1717,1290,1748,1689,1235,1780,1585,1138,1274,1299,1161,1798,1709,1408,1266,1372,1566,1728,1787,1715,1601,1472,1464,1187,1787,1191,1442,1671,1237,1505,1400,1704,1322,1488,1530,1743,1802,1510,1752,1282,1225,1388,1163,1209,1360,1744,1653,1174,1704,1479,1132,1584,1798,1641,1569,1713,1213,1418,1223,1482,1273,1756,1490,1671,1746,1187,1502,1788,1455,1382,1138,1662,1667,1787,1402,1502,1390,1285,1131,1356,1725,1274,1439,1272,1151,1681,1518,1583,1492,1742,1797,1790,1342,1306,1219,1573,1231,1349,1211,1186,1340,1765,1252,1463,1675,1542,1782,1477,1221,1561,1749,1189,1270,1796,1657,1564,1432,1463,1559,1536,1557,1548,1186,1764,1277,1256,1383,1548,1670,1173,1574,1714,1241,1597,1290,1251,1273,1547,1206,1233,1563,1706,1572,1650,1766,1803,1456,1690,1511,1793,1219,1291,1511,1493,1322,1740,1382,1613,1277,1442,1564,1238,1471,1246,1807,1141,1511,1370,1144,1256,1423,1190,1668,1412,1133,1394,1801,1431,1132,1708,1296,1285,1525,1500,1674,1199,1461,1368,1331,1646,1611,1687,1262,1404,1759,1260,1780,1425,1599,1329,1375,1671,1158,1790,1619,1699,1698,1388,1682,1641,1349,1369,1206,1547,1332,1392,1210,1317,1475,1366,1792,1315,1733,1327,1732,1375,1665,1487,1362,1223,1636,1659,1303,1576,1497,1232,1237,1424,1766,1559,1620,1657,1219,1287,1258,1146,1806,1732,1315,1312,1767,1655,1612,1436,1756,1131,1540,1534,1137,1156,1349,1751,1686,1731,1609,1446,1312,1540,1761,1562,1562,1312,1407,1347,1758,1777,1497,1476,1471,1206,1506,1698,1279,1597,1285,1564,1799,1528,1735,1280,1310,1468,1379
,1483,1445,1587,1219,1320,1751,1415,1602,1137,1794,1202,1770,1317,1310,1397,1663,1291,1584,1732,1290,1508,1327,1192,1377,1310,1772,1262,1184,1729,1510,1452,1700,1634,1340,1361,1804,1626,1356,1455,1504,1208,1244,1691,1303,1526,1774,1297,1328,1691,1398,1698,1693,1244,1133,1750,1323,1353,1439,1802,1299,1745,1554,1592,1242,1667,1480,1443,1256,1554,1771,1294,1285,1797,1623,1365,1698,1391,1489,1312,1360,1171,1725,1422,1711,1469,1404,1629,1248,1132,1746,1792,1631,1538,1578,1375,1162,1706,1371,1478,1461,1282,1759,1174,1309,1632,1512,1421,1298,1406,1506,1707,1723,1464,1267,1708,1525,1617,1439,1779,1148,1519,1556,1488,1311,1660,1694,1352,1474,1490,1557,1136,1779,1179,1579,1214,1746,1347,1527,1141,1744,1229,1397,1170,1234,1636,1419,1390,1413,1203,1402,1594,1440,1714,1140,1467,1713,1576,1389,1562,1135,1608,1411,1696,1762,1475,1162,1150,1698,1491,1355,1657,1366,1355,1390,1740,1536,1415,1273,1390,1519,1681,1565,1794,1339,1715,1556,1480,1341,1805,1805,1664,1131,1165,1247,1733,1396,1651,1806,1509,1610,1413,1737,1177,1366,1280,1302,1534,1583,1285,1622,1453,1782,1345,1339,1331,1192,1444,1382,1337,1446,1233,1535,1645,1273,1188,1150,1261,1293,1583,1666,1548,1559,1619,1787,1529,1552,1558,1576,1578,1179,1708,1672,1700,1778,1259,1803,1797,1194,1641,1323,1383,1223,1519,1800,1476,1507,1536,1546,1560,1280,1730,1776,1485,1162,1704,1253,1694,1681,1655,1486,1166,1425,1400,1594,1555,1240,1476,1371,1313,1507,1303,1288,1274,1483,1262,1688,1776,1792,1508,1403,1472,1665,1183,1718,1676,1458,1614,1620,1555,1794,1763,1779,1227,1411,1561,1800,1602,1287,1556,1299,1143,1498,1721,1561,1694,1791
,1309,1332,1194,1521,1331,1501,1244,1449,1481,1289,1281,1198,1797,1708,1274,1196,1785,1341,1456,1531,1222,1568,1249,1220,1555,1325,1638,1466,1271,1783,1721,1493,1607,1449,1654,1308,1166,1262,1636,1786,1274,1198,1225,1441,1618,1689,1550,1639,1718,1805,1594,1159,1323,1433,1544,1631,1372,1491,1269,1308,1759,1323,1486,1697,1611,1222,1688,1512,1212,1418,1645,1286,1246,1236,1631,1479,1540,1399,1559,1711,1169,1146,1468,1543,1393,1132,1265,1189,1301,1476,1287,1615,1788,1735,1793,1325,1491,1178,1522,1215,1213,1419,1314,1184,1493,1575,1589,1724,1492,1333,1375,1173,1183,1686,1152,1534,1604,1382,1483,1802,1365,1401,1468,1558,1244,1577,1541,1681,1442,1369,1164,1618,1492,1778,1321,1429,1396,1803,1169,1789,1605,1642,1258,1389,1578,1322,1436,1166,1551,1443,1777,1461,1649,1521,1435,1251,1614,1739,1446,1488,1221,1607,1280,1152,1171,1773,1535,1219,1351,1209,1196,1711,1227,1266,1605,1527,1143,1691,1624,1746,1215,1542,1251,1274,1628,1759,1234,1595,1585,1418,1573,1621,1511,1376,1287,1780,1730,1533,1422,1285,1338,1281,1171,1420,1309,1210,1667,1352,1527,1138,1152,1344,1350,1137,1521,1257,1581,1363,1163,1798,1703,1404,1477,1579,1720,1412,1667,1269,1201,1296,1225,1522,1133,1521,1649,1418,1610,1475,1139,1640,1322,1589,1541,1191,1397,1154,1304,1461,1384,1779,1764,1301,1361,1788,1496,1757,1642,1687,1584,1428,1400,1176,1609,1760,1342,1784,1780,1477,1547,1356,1305,1205,1681,1572,1529,1356,1338,1249,1198,1681,1528,1565,1273,1354,1649,1531,1800,1319,1573,1212,1560,1388,1574,1205,1710,1290,1575,1156,1185,1338,1503,1169,1342,1771,1791,1313,1783,1282,1339,1507,1262,1248,1143,1473,1461,1491
,1392,1437,1683,1283,1518,1525,1646,1748,1338,1283,1542,1143,1413,1807,1674,1750,1329,1674,1523,1242,1381,1157,1437,1679,1359,1461,1778,1398,1741,1591,1209,1790,1786,1723,1224,1134,1327,1244,1685,1492,1456,1296,1202,1422,1335,1538,1552,1318,1440,1476,1420,1322,1674,1457,1624,1347,1653,1482,1639,1465,1178,1758,1776,1148,1311,1667,1150,1440,1649,1586,1305,1806,1791,1776,1192,1425,1470,1747,1424,1781,1132,1513,1737,1504,1490,1770,1480,1519,1486,1708,1702,1153,1385,1222,1685,1198,1775,1458,1641,1403,1136,1517,1369,1522,1475,1450,1517,1795,1258,1364,1135,1362,1520,1216,1384,1306,1472,1190,1593,1446,1622,1208,1228,1633,1476,1216,1627,1483,1691,1694,1748,1278,1571,1671,1459,1347,1501,1473,1692,1672,1361,1295,1132,1681,1459,1506,1650,1685,1438,1205,1679,1636,1598,1223,1691,1680,1177,1417,1244,1172,1443,1213,1544,1462,1339,1344,1571,1715,1249,1282,1382,1504,1608,1682,1393,1471,1466,1386,1197,1253,1240,1593,1683,1584,1470,1274,1333,1196,1245,1529,1286,1319,1319,1778,1428,1505,1267,1407,1621,1390,1148,1383,1243,1572,1329,1651,1222,1587,1449,1316,1727,1330,1493,1250,1326,1539,1135,1528,1659,1132,1524,1743,1787,1574,1537,1202,1412,1472,1716,1546,1665,1317,1216,1326,1700,1711,1754,1418,1230,1294,1560,1410,1152,1470,1789,1473,1649,1282,1704,1399,1184,1754,1578,1380,1386,1385,1397,1673,1357,1685,1650,1171,1394,1711,1673,1623,1298,1199,1236,1699,1765,1733,1726,1290,1586,1681,1383,1263,1533,1397,1562,1203,1638,1617,1770,1414,1478,1504,1528,1561,1213,1525,1629,1720,1333,1255,1497,1699,1513,1450,1522,1587,1452,1509,1764,1754,1222,1350,1621,1688,1295,1191,1384,1609,1366,1640
,1431,1341,1220,1660,1709,1445,1669,1317,1587,1605,1710,1671,1648,1722,1510,1257,1672,1373,1344,1498,1342,1371,1188,1135,1744,1164,1796,1736,1246,1321,1397,1391,1292,1241,1767,1749,1680,1614,1312,1231,1605,1360,1609,1735,1765,1232,1795,1363,1134,1141,1574,1266,1196,1414,1559,1447,1435,1608,1491,1764,1788,1507,1503,1297,1770,1464,1735,1379,1673,1248,1388,1696,1565,1647,1385,1775,1715,1767,1169,1773,1559,1543,1337,1670,1671,1415,1470,1313,1531,1182,1770,1676,1618,1275,1450,1582,1260,1560,1772,1540,1321,1400,1258,1298,1735,1527,1777,1282,1613,1462,1178,1173,1150,1591,1533,1750,1136,1784,1751,1550,1152,1505,1154,1445,1415,1363,1524,1617,1217,1707,1167,1583,1489,1254,1519,1765,1499,1693,1178,1320,1341,1293,1805,1387,1424,1229,1273,1165,1192,1537,1227,1455,1807,1350,1790,1758,1425,1726,1447,1756,1178,1688,1547,1211,1743,1319,1187,1696,1194,1646,1600,1290,1160,1436,1642,1390,1691,1620,1372,1629,1315,1404,1421,1722,1713,1207,1509,1274,1308,1475,1299,1543,1696,1550,1621,1576,1405,1534,1675,1399,1546,1363,1328,1585,1286,1469,1491,1168,1393,1435,1255,1392,1315,1188,1793,1384,1563,1743,1585,1290,1558,1741,1263,1669,1761,1590,1726,1795,1165,1644,1727,1421,1403,1359,1526,1678,1221,1686,1507,1146,1629,1224,1640,1415,1651,1672,1723,1527,1551,1519,1257,1509,1790,1773,1711,1615,1668,1673,1172,1474,1804,1204,1455,1388,1721,1534,1782,1770,1648,1739,1251,1758,1365,1632,1698,1258,1265,1370,1183,1778,1788,1179,1215,1202,1292,1451,1249,1737,1408,1613,1593,1329,1770,1568,1691,1694,1395,1371,1381,1572,1378,1419,1565,1195,1615,1147,1309,1778,1236,1277,1734,1728,1245,1485,1367,1418
,1360,1379,1710,1577,1526,1637,1719,1196,1452,1671,1148,1412,1518,1784,1270,1753,1287,1306,1752,1700,1629,1300,1584,1391,1570,1605,1662,1230,1702,1154,1578,1735,1369,1432,1778,1286,1405,1143,1190,1466,1302,1459,1132,1468,1454,1415,1386,1593,1501,1431,1605,1514,1752,1153,1311,1488,1380,1756,1334,1455,1542,1327,1605,1429,1779,1334,1365,1732,1313,1418,1152,1802,1760,1569,1714,1297,1272,1543,1489,1802,1382,1667,1348,1728,1671,1727,1462,1603,1559,1454,1712,1572,1391,1469,1648,1626,1261,1653,1158,1776,1406,1717,1777,1327,1784,1514,1610,1649,1752,1696,1261,1752,1701,1259,1469,1555,1312,1313,1628,1212,1793,1167,1246,1614,1715,1610,1441,1371,1733,1649,1287,1682,1629,1418,1598,1310,1427,1299,1475,1683,1414,1518,1540,1557,1728,1452,1563,1365,1778,1399,1165,1461,1596,1503,1482,1529,1521,1264,1706,1701,1422,1672,1791,1342,1276,1375,1363,1331,1276,1471,1556,1160,1548,1422,1651,1363,1650,1752,1793,1675,1325,1759,1651,1131,1293,1178,1400,1614,1753,1516,1236,1223,1404,1303,1571,1593,1627,1550,1406,1747,1549,1347,1554,1564,1273,1239,1589,1240,1209,1327,1402,1789,1242,1486,1586,1584,1538,1487,1422,1145,1236,1215,1687,1766,1472,1741,1371,1521,1549,1484,1297,1218,1215,1660,1654,1747,1531,1709,1542,1571,1546,1368,1356,1476,1179,1626,1271,1185,1147,1137,1275,1631,1651,1551,1556,1763,1785,1454,1220,1447,1170,1165,1667,1673,1451,1721,1680,1545,1490,1405,1604,1265,1778,1603,1556,1784,1484,1757,1517,1629,1691,1232,1280,1675,1782,1658,1763,1724,1481,1151,1418,1224,1522,1796,1674,1617,1434,1288,1403,1176,1295,1665,1354,1538,1801,1408,1799,1286,1373,1324,1568,1179,1394,1638,1800,1195
,1515,1477,1183,1759,1324,1617,1161,1624,1398,1422,1545,1495,1456,1497,1539,1625,1343,1605,1273,1758,1502,1500,1388,1695,1744,1708,1639,1768,1157,1163,1277,1262,1309,1207,1722,1449,1473,1649,1751,1570,1376,1400,1704,1327,1679,1376,1608,1790,1281,1798,1567,1307,1262,1790,1774,1531,1377,1500,1365,1373,1359,1181,1619,1200,1370,1626,1496,1534,1794,1388,1238,1201,1251,1218,1526,1395,1619,1300,1696,1692,1762,1208,1260,1244,1182,1210,1526,1445,1439,1760,1156,1598,1135,1621,1317,1159,1497,1357,1597,1327,1249,1287,1148,1335,1795,1438,1715,1230,1296,1748,1201,1754,1499,1778,1153,1750,1715,1604,1613,1628,1678,1287,1805,1261,1674,1746,1216,1740,1756,1518,1787,1748,1358,1570,1688,1162,1310,1448,1591,1713,1611,1229,1576,1305,1715,1432,1471,1237,1729,1481,1306,1165,1631,1665,1543,1617,1184,1580,1635,1651,1416,1804,1717,1249,1511,1290,1321,1371,1212,1741,1760,1628,1200,1289,1710,1312,1321,1446,1192,1625,1621,1308,1523,1199,1272,1387,1629,1528,1663,1673,1353,1283,1601,1419,1605,1656,1253,1685,1140,1750,1718,1437,1623,1192,1221,1147,1260,1669,1209,1784,1572,1523,1466,1164,1273,1229,1249,1797,1552,1650,1668,1520,1508,1186,1663,1173,1334,1480,1701,1542,1788,1511,1428,1720,1368,1335,1391,1750,1630,1668,1452,1694,1719,1332,1391,1296,1665,1772,1686,1790,1296,1375,1255,1205,1180,1279,1349,1222,1323,1529,1801,1384,1446,1565,1134,1594,1159,1184,1362,1517,1787,1348,1696,1447,1378,1576,1438,1458,1782,1239,1421,1227,1372,1381,1667,1331,1387,1690,1805,1338,1248,1168,1440,1210,1308,1298,1608,1770,1538,1329,1726,1381,1290,1428,1560,1346,1584,1518,1753,1546,1511,1728,1464,1569,1736,1356
,1171,1708,1410,1578,1655,1461,1747,1407,1303,1242,1189,1654,1330,1594,1399,1337,1784,1625,1799,1286,1791,1238,1642,1389,1222,1317,1523,1465,1805,1498,1186,1766,1509,1182,1726,1774,1636,1409,1362,1167,1199,1609,1417,1356,1274,1655,1499,1174,1399,1272,1665,1616,1344,1337,1689,1173,1429,1550,1646,1737,1446,1226,1446,1473,1506,1373,1264,1653,1156,1466,1706,1173,1150,1304,1738,1608,1395,1711,1570,1239,1563,1515,1316,1650,1588,1279,1555,1227,1740,1561,1479,1655,1739,1505,1407,1251,1142,1325,1241,1481,1634,1681,1209,1167,1644,1398,1760,1656,1520,1694,1694,1545,1517,1765,1665,1135,1627,1137,1774,1427,1502,1547,1489,1164,1789,1720,1154,1263,1633,1390,1156,1698,1717,1620,1687,1594,1373,1469,1683,1459,1634,1267,1514,1513,1659,1585,1341,1730,1793,1600,1738,1683,1205,1573,1627,1597,1452,1245,1458,1409,1513,1437,1407,1765,1757,1722,1572,1588,1756,1762,1448,1164,1174,1284,1793,1667,1756,1318,1395,1561,1266,1405,1774,1512,1506,1645,1356,1178,1330,1439,1785,1715,1488,1689,1317,1237,1719,1707,1735,1578,1149,1726,1701,1152,1470,1271,1728,1250,1574,1255,1397,1734,1676,1182,1738,1623,1455,1741,1455,1444,1559,1257,1469,1535,1787,1145,1748,1425,1605,1362,1213,1496,1250,1790,1686,1539,1619,1162,1301,1141,1319,1731,1806,1347,1538,1742,1475,1324,1752,1689,1789,1546,1599,1670,1506,1262,1646,1640,1791,1174,1628,1246,1158,1466,1680,1277,1441,1606,1623,1319,1287,1393,1400,1271,1131,1453,1781,1199,1547,1649,1412,1342,1676,1633,1656,1594,1297,1668,1152,1318,1328,1739,1526,1215,1353,1797,1703,1181,1131,1254,1717,1417,1675,1340,1794,1402,1171,1758,1478,1131,1526,1154,1741,1134,1579,1255
,1131,1491,1506,1433,1742,1197,1285,1584,1195,1726,1390,1305,1446,1605,1524,1191,1197,1496,1539,1225,1466,1258,1298,1724,1367,1240,1499,1175,1730,1227,1767,1414,1143,1145,1609,1353,1309,1207,1157,1346,1259,1517,1303,1357,1132,1256,1157,1615,1352,1393,1608,1332,1364,1169,1176,1589,1239,1244,1406,1321,1577,1772,1597,1704,1507,1658,1406,1156,1734,1601,1701,1416,1684,1419,1790,1617,1677,1798,1649,1725,1488,1259,1699,1133,1433,1476,1508,1364,1229,1666,1154,1625,1699,1390,1808,1248,1260,1327,1512,1168,1512,1516,1431,1316,1503,1301,1398,1274,1540,1440,1175,1151,1807,1708,1723,1500,1769,1655,1793,1212,1670,1473,1489,1443,1748,1401,1607,1340,1336,1267,1661,1427,1468,1227,1407,1672,1472,1566,1431,1673,1642,1459,1530,1483,1293,1490,1578,1430,1802,1311,1656,1476,1369,1526,1511,1803,1275,1747,1698,1781,1564,1441,1350,1470,1453,1608,1612,1789,1150,1150,1256,1726,1204,1500,1275,1295,1720,1579,1789,1407,1760,1241,1469,1771,1269,1643,1332,1500,1756,1335,1236,1348,1724,1162,1741,1398,1673,1341,1569,1287,1417,1678,1755,1203,1736,1295,1510,1708,1706,1773,1345,1612,1781,1484,1442,1485,1706,1717,1399,1178,1360,1543,1578,1495,1424,1497,1530,1458,1398,1435,1443,1297,1744,1345,1765,1802,1470,1452,1689,1412,1443,1466,1571,1801,1262,1153,1780,1142,1399,1422,1605,1772,1439,1775,1278,1775,1350,1225,1720,1534,1415,1805,1216,1340,1429,1626,1263,1537,1651,1410,1537,1322,1660,1506,1723,1484,1802,1467,1634,1725,1804,1672,1302,1763,1222,1374,1654,1195,1342,1250,1692,1488,1317,1139,1456,1781,1656,1786,1478,1341,1769,1229,1262,1470,1530,1182,1240,1578,1201,1546,1549,1674,1708,1470,1472,1140
,1807,1732,1667,1769,1387,1395,1554,1783,1466,1221,1536,1192,1720,1386,1788,1272,1349,1219,1640,1769,1200,1133,1134,1332,1202,1392,1796,1615,1320,1375,1508,1374,1145,1365,1502,1221,1165,1800,1348,1648,1164,1333,1237,1263,1654,1215,1691,1208,1568,1216,1477,1739,1276,1342,1145,1295,1240,1469,1551,1322,1714,1731,1633,1459,1273,1290,1552,1472,1711,1424,1489,1462,1217,1538,1145,1466,1456,1367,1314,1657,1654,1178,1342,1214,1135,1519,1254,1230,1437,1444,1615,1670,1331,1661,1657,1161,1408,1207,1450,1294,1802,1192,1456,1679,1634,1341,1578,1411,1805,1192,1299,1266,1610,1484,1723,1790,1204,1474,1434,1336,1690,1318,1558,1702,1409,1741,1737,1504,1728,1793,1290,1662,1503,1543,1732,1635,1604,1280,1322,1369,1512,1367,1257,1300,1249,1541,1684,1556,1251,1631,1397,1246,1679,1694,1273,1198,1527,1452,1377,1743,1508,1585,1538,1149,1350,1150,1501,1793,1672,1316,1744,1716,1388,1555,1430,1451,1204,1389,1231,1651,1335,1807,1681,1153,1304,1482,1736,1153,1154,1322,1404,1274,1184,1290,1698,1744,1406,1524,1710,1784,1682,1510,1477,1599,1444,1325,1413,1196,1504,1569,1343,1274,1564,1411,1232,1551,1555,1806,1169,1795,1457,1628,1754,1279,1648,1576,1313,1782,1690,1225,1512,1622,1652,1766,1365,1566,1567,1512,1775,1503,1393,1461,1647,1720,1799,1153,1223,1315,1756,1395,1726,1612,1277,1283,1309,1559,1240,1501,1774,1632,1165,1459,1539,1142,1645,1175,1720,1733,1590,1746,1271,1723,1549,1632,1380,1759,1174,1706,1189,1598,1670,1581,1342,1169,1783,1659,1152,1290,1258,1420,1619,1423,1403,1292,1644,1755,1360,1470,1671,1353,1718,1719,1348,1758,1589,1635,1674,1656,1524,1391,1349,1282,1338,1712,1465,1461
,1430,1145,1162,1783,1523,1583,1376,1496,1551,1301,1734,1796,1543,1457,1607,1356,1711,1330,1802,1490,1637,1231,1793,1527,1441,1440,1540,1577,1761,1656,1484,1322,1277,1674,1671,1723,1697,1601,1454,1427,1655,1549,1715,1351,1402,1157,1454,1470,1524,1386,1702,1143,1389,1727,1551,1239,1194,1549,1598,1165,1760,1539,1328,1459,1409,1620,1769,1314,1341,1790,1532,1602,1782,1795,1433,1626,1573,1777,1184,1337,1635,1565,1215,1434,1364,1452,1494,1725,1456,1588,1564,1770,1737,1768,1583,1436,1426,1382,1496,1212,1455,1290,1601,1483,1736,1414,1767,1171,1376,1400,1168,1706,1530,1312,1262,1226,1530,1395,1419,1740,1515,1766,1563,1802,1524,1360,1666,1777,1219,1566,1196,1246,1140,1641,1301,1263,1517,1477,1670,1606,1582,1726,1421,1352,1637,1533,1383,1571,1441,1320,1370,1665,1399,1581,1520,1572,1403,1221,1138,1275,1655,1424,1689,1679,1458,1580,1189,1768,1175,1242,1350,1586,1627,1619,1400,1253,1404,1293,1208,1359,1537,1590,1746,1351,1364,1483,1316,1628,1166,1381,1781,1495,1298,1797,1763,1409,1767,1405,1327,1575,1202,1585,1666,1391,1352,1509,1234,1710,1236,1486,1786,1793,1274,1649,1760,1801,1494,1364,1537,1193,1803,1303,1510,1153,1283,1504,1353,1533,1381,1391,1286,1618,1171,1328,1291,1655,1322,1734,1766,1395,1372,1224,1221,1476,1550,1682,1403,1704,1301,1378,1520,1552,1467,1503,1564,1622,1231,1410,1309,1778,1496,1702,1523,1592,1553,1167,1265,1304,1501,1376,1280,1456,1442,1310,1707,1307,1156,1203,1213,1201,1264,1609,1525,1517,1201,1619,1352,1648,1766,1198,1297,1563,1368,1524,1426,1158,1739,1649,1173,1488,1796,1508,1594,1565,1223,1543,1763,1660,1133,1249,1263,1199,1723,1351,1247,1702
,1582,1687,1473,1134,1425,1189,1444,1782,1495,1780,1691,1136,1666,1737,1297,1249,1173,1195,1473,1180,1179,1569,1463,1373,1550,1590,1709,1554,1508,1510,1325,1731,1144,1227,1648,1252,1601,1267,1248,1233,1314,1392,1520,1281,1224,1516,1613,1715,1220,1423,1614,1555,1405,1537,1557,1454,1529,1695,1741,1639,1220,1427,1375,1602,1545,1194,1262,1798,1500,1217,1367,1332,1606,1156,1735,1581,1657,1233,1432,1273,1444,1795,1232,1153,1198,1725,1802,1730,1602,1186,1408,1719,1458,1140,1679,1436,1412,1707,1296,1607,1429,1562,1538,1199,1424,1482,1580,1805,1808,1290,1703,1214,1409,1143,1257,1402,1563,1177,1173,1725,1446,1405,1338,1677,1369,1659,1203,1619,1667,1191,1595,1540,1770,1413,1200,1264,1800,1602,1286,1151,1294,1286,1567,1723,1555,1202,1171,1375,1302,1192,1242,1577,1374,1683,1727,1733,1244,1586,1317,1515,1420,1136,1291,1586,1290,1196,1549,1611,1566,1720,1572,1556,1715,1610,1683,1356,1531,1688,1145,1615,1194,1771,1667,1160,1805,1579,1381,1768,1718,1579,1492,1754,1408,1331,1719,1681,1512,1468,1194,1422,1475,1718,1524,1194,1416,1289,1259,1355,1162,1396,1633,1687,1315,1549,1336,1570,1205,1391,1287,1731,1492,1145,1224,1305,1468,1688,1684,1410,1195,1780,1599,1345,1606,1529,1698,1174,1398,1265,1550,1518,1620,1260,1147,1358,1324,1335,1755,1787,1378,1699,1635,1390,1291,1340,1369,1402,1665,1511,1602,1738,1288,1503,1206,1480,1232,1410,1196,1297,1316,1527,1443,1760,1680,1760,1230,1320,1210,1361,1748,1387,1573,1327,1354,1175,1419,1343,1609,1303,1645,1195,1568,1229,1447,1750,1762,1600,1614,1492,1633,1487,1526,1711,1591,1361,1354,1154,1711,1556,1555,1569,1141,1159,1392,1353,1523,1499
,1657,1790,1315,1380,1578,1376,1771,1407,1470,1473,1329,1651,1485,1503,1707,1233,1464,1534,1284,1767,1676,1799,1567,1470,1561,1429,1795,1703,1592,1342,1385,1592,1283,1320,1620,1786,1513,1355,1784,1225,1465,1508,1252,1534,1807,1617,1645,1608,1521,1480,1277,1309,1475,1712,1481,1277,1801,1333,1476,1573,1571,1702,1784,1441,1622,1190,1435,1382,1168,1518,1344,1345,1156,1165,1734,1432,1721,1283,1381,1571,1688,1240,1621,1571,1373,1564,1630,1672,1180,1154,1163,1648,1179,1380,1247,1736,1686,1401,1504,1340,1530,1728,1245,1228,1381,1564,1275,1182,1699,1708,1485,1741,1789,1230,1390,1441,1594,1646,1699,1207,1716,1664,1383,1229,1632,1529,1309,1757,1224,1492,1217,1715,1241,1794,1808,1615,1685,1527,1787,1794,1187,1737,1636,1278,1517,1287,1372,1582,1661,1695,1409,1449,1447,1794,1622,1478,1398,1548,1580,1344,1672,1342,1338,1331,1242,1678,1769,1803,1354,1232,1246,1155,1225,1806,1466,1771,1748,1289,1417,1454,1673,1352,1331,1270,1372,1579,1499,1557,1367,1587,1401,1240,1625,1707,1779,1486,1684,1208,1764,1596,1622,1319,1290,1510,1319,1261,1204,1769,1266,1499,1771,1184,1453,1253,1685,1455,1241,1554,1518,1724,1160,1692,1436,1303,1555,1502,1519,1376,1203,1294,1323,1708,1608,1575,1798,1319,1285,1213,1478,1773,1747,1504,1394,1483,1618,1727,1519,1647,1641,1353,1613,1517,1238,1799,1545,1411,1415,1605,1678,1618,1290,1186,1353,1146,1653,1500,1511,1697,1401,1375,1133,1727,1633,1215,1356,1390,1374,1404,1762,1445,1193,1668,1474,1714,1139,1239,1485,1560,1639,1677,1725,1212,1782,1396,1344,1569,1286,1446,1206,1658,1741,1648,1688,1559,1666,1330,1796,1383,1538,1402,1343,1626,1693,1411,1796,1241
,1414,1473,1136,1380,1561,1478,1341,1716,1359,1443,1370,1667,1751,1317,1556,1267,1548,1132,1666,1578,1723,1791,1555,1342,1745,1798,1497,1143,1206,1418,1671,1335,1577,1685,1321,1319,1297,1615,1486,1520,1534,1739,1379,1624,1231,1246,1375,1370,1472,1425,1174,1171,1566,1743,1151,1758,1345,1630,1382,1587,1388,1679,1220,1659,1181,1413,1444,1523,1541,1203,1711,1207,1528,1513,1494,1746,1711,1671,1229,1661,1658,1478,1603,1468,1339,1514,1701,1164,1783,1229,1307,1409,1629,1134,1695,1657,1637,1518,1456,1793,1235,1357,1721,1654,1145,1554,1357,1418,1612,1548,1242,1368,1424,1581,1335,1739,1543,1235,1279,1445,1366,1506,1778,1666,1583,1159,1260,1786,1313,1159,1412,1794,1807,1583,1765,1712,1134,1697,1201,1271,1341,1628,1306,1230,1230,1166,1287,1787,1423,1777,1599,1330,1722,1552,1229,1707,1254,1188,1164,1493,1682,1175,1248,1276,1666,1480,1422,1718,1583,1775,1450,1616,1690,1241,1697,1348,1321,1643,1336,1381,1494,1787,1613,1242,1289,1440,1602,1304,1472,1474,1395,1262,1722,1354,1685,1226,1407,1627,1389,1613,1614,1566,1268,1180,1291,1506,1283,1262,1245,1707,1553,1283,1238,1572,1705,1672,1334,1211,1433,1807,1191,1221,1204,1147,1374,1195,1675,1182,1358,1577,1487,1250,1197,1349,1295,1571,1322,1506,1732,1306,1791,1705,1138,1440,1728,1781,1653,1768,1402,1656,1666,1523,1704,1353,1505,1454,1698,1787,1195,1397,1583,1685,1196,1248,1492,1582,1630,1662,1312,1600,1260,1573,1259,1513,1243,1283,1669,1175,1679,1800,1524,1694,1800,1192,1240,1169,1338,1346,1328,1354,1205,1697,1252,1406,1244,1235,1332,1216,1597,1355,1425,1512,1712,1273,1384,1645,1474,1320,1214,1372,1775,1382,1679,1448,1521,1410
,1311,1174,1542,1678,1586,1217,1295,1193,1267,1318,1653,1431,1357,1153,1616,1716,1424,1654,1486,1629,1412,1721,1773,1556,1580,1513,1656,1419,1796,1688,1333,1552,1777,1349,1225,1483,1257,1382,1185,1448,1288,1798,1257,1332,1143,1146,1467,1378,1370,1377,1722,1371,1680,1603,1584,1586,1446,1526,1376,1671,1402,1728,1277,1689,1505,1426,1377,1328,1806,1802,1412,1197,1343,1710,1400,1599,1615,1583,1393,1618,1417,1240,1418,1322,1661,1524,1477,1607,1497,1289,1413,1387,1594,1753,1474,1544,1552,1212,1268,1496,1502,1636,1359,1163,1740,1342,1559,1240,1366,1138,1231,1249,1532,1687,1782,1200,1805,1617,1208,1131,1393,1222,1752,1520,1178,1722,1212,1424,1315,1326,1582,1298,1366,1467,1592,1714,1774,1699,1369,1684,1374,1784,1424,1507,1793,1229,1467,1360,1448,1384,1322,1674,1577,1438,1508,1569,1658,1680,1418,1157,1634,1134,1217,1209,1694,1155,1426,1376,1314,1521,1375,1392,1133,1573,1345,1361,1501,1744,1327,1442,1564,1451,1438,1756,1768,1207,1612,1806,1426,1662,1489,1247,1163,1736,1632,1363,1725,1314,1439,1494,1560,1629,1249,1442,1678,1636,1314,1480,1158,1398,1634,1737,1751,1311,1630,1666,1146,1301,1474,1789,1755,1306,1519,1458,1658,1482,1413,1721,1538,1660,1684,1224,1270,1163,1754,1360,1637,1787,1202,1646,1694,1201,1656,1457,1796,1575,1465,1672,1406,1500,1678,1711,1359,1495,1429,1319,1481,1637,1198,1760,1753,1473,1633,1268,1341,1496,1371,1721,1221,1146,1610,1734,1664,1635,1626,1394,1327,1381,1382,1564,1701,1483,1568,1565,1249,1245,1750,1260,1666,1138,1440,1138,1161,1412,1222,1666,1645,1585,1399,1687,1698,1469,1801,1404,1243,1551,1632,1508,1464,1524,1559,1158,1749,1788,1186,1370
,1519,1465,1792,1552,1524,1569,1743,1334,1784,1685,1654,1647,1786,1236,1232,1268,1306,1215,1603,1302,1623,1661,1650,1297,1343,1721,1431,1228,1150,1292,1306,1696,1564,1135,1298,1577,1539,1333,1485,1609,1453,1737,1228,1691,1634,1186,1386,1528,1749,1434,1180,1263,1274,1249,1553,1632,1168,1210,1330,1614,1340,1671,1384,1406,1347,1676,1638,1717,1363,1620,1131,1270,1451,1304,1777,1265,1796,1179,1417,1807,1424,1193,1136,1712,1208,1790,1448,1603,1713,1462,1621,1391,1528,1571,1546,1722,1787,1573,1563,1507,1227,1302,1702,1168,1333,1723,1290,1438,1498,1665,1488,1208,1655,1490,1475,1582,1335,1254,1490,1618,1773,1248,1427,1237,1488,1550,1591,1210,1135,1535,1388,1475,1364,1288,1738,1747,1526,1796,1518,1476,1540,1422,1308,1146,1341,1288,1260,1565,1634,1293,1550,1512,1555,1245,1271,1314,1492,1426,1150,1786,1540,1393,1417,1727,1216,1264,1731,1233,1248,1596,1218,1498,1693,1389,1442,1482,1722,1139,1454,1214,1266,1570,1278,1557,1189,1143,1269,1452,1287,1229,1651,1509,1148,1266,1749,1574,1651,1702,1360,1347,1497,1434,1546,1605,1302,1436,1403,1742,1765,1591,1500,1317,1646,1134,1612,1197,1317,1464,1672,1339,1217,1208,1795,1192,1188,1608,1289,1482,1141,1470,1390,1209,1467,1508,1270,1680,1169,1695,1322,1198,1520,1689,1312,1688,1688,1607,1608,1328,1189,1616,1131,1601,1488,1572,1288,1464,1755,1272,1564,1573,1384,1462,1287,1178,1687,1749,1753,1745,1700,1302,1734,1652,1489,1409,1286,1380,1162,1533,1569,1190,1272,1155,1236,1357,1232,1179,1227,1783,1334,1393,1804,1571,1344,1141,1597,1301,1714,1304,1546,1251,1668,1797,1537,1339,1778,1643,1782,1258,1765,1625,1380,1263,1284,1540,1368,1719
,1559,1189,1154,1252,1514,1467,1697,1250,1504,1650,1565,1378,1189,1536,1741,1373,1608,1556,1695,1161,1185,1192,1487,1620,1408,1160,1554,1158,1655,1236,1715,1343,1313,1757,1179,1279,1688,1292,1491,1290,1460,1141,1406,1543,1295,1205,1310,1215,1404,1484,1507,1434,1711,1540,1234,1216,1481,1490,1642,1236,1141,1595,1253,1796,1500,1337,1686,1782,1391,1750,1182,1703,1142,1554,1609,1595,1138,1317,1700,1386,1400,1702,1752,1274,1433,1378,1314,1197,1767,1198,1321,1220,1251,1283,1717,1502,1662,1217,1477,1392,1358,1783,1196,1769,1136,1520,1479,1197,1233,1463,1724,1255,1193,1201,1243,1645,1801,1308,1784,1789,1269,1329,1164,1406,1260,1339,1375,1169,1657,1564,1420,1498,1609,1320,1289,1202,1432,1428,1583,1188,1613,1531,1344,1795,1536,1493,1272,1193,1778,1806,1577,1717,1496,1351,1670,1633,1181,1408,1674,1307,1538,1731,1407,1522,1384,1345,1253,1537,1559,1488,1173,1648,1364,1546,1294,1209,1225,1703,1431,1782,1721,1732,1232,1806,1223,1393,1269,1739,1528,1229,1608,1266,1221,1449,1323,1218,1359,1137,1727,1235,1759,1659,1228,1184,1668,1230,1184,1369,1407,1652,1378,1303,1593,1637,1762,1211,1477,1194,1172,1629,1476,1489,1615,1341,1345,1245,1292,1390,1490,1655,1227,1221,1273,1678,1698,1242,1372,1797,1188,1414,1771,1172,1503,1789,1190,1770,1548,1413,1410,1196,1263,1555,1328,1217,1405,1165,1692,1717,1292,1733,1491,1602,1789,1495,1502,1785,1735,1772,1194,1512,1512,1372,1545,1392,1539,1732,1556,1276,1773,1597,1638,1729,1182,1536,1722,1447,1664,1436,1177,1147,1497,1714,1389,1302,1213,1562,1565,1150,1327,1767,1443,1323,1438,1657,1600,1372,1668,1461,1391,1633,1484,1192,1329,1664,1302,1299
,1785,1409,1580,1770,1575,1482,1484,1242,1700,1521,1785,1616,1584,1701,1189,1786,1597,1572,1139,1293,1658,1235,1796,1315,1513,1167,1455,1447,1668,1385,1655,1310,1167,1297,1769,1605,1681,1795,1601,1539,1272,1540,1363,1323,1481,1310,1591,1797,1751,1173,1786,1642,1679,1135,1246,1380,1136,1323,1805,1178,1749,1500,1773,1356,1368,1498,1276,1289,1714,1462,1190,1286,1702,1219,1301,1252,1316,1575,1224,1605,1259,1308,1611,1414,1362,1292,1183,1565,1356,1656,1602,1204,1749,1628,1164,1659,1510,1754,1596,1264,1321,1160,1236,1715,1327,1634,1630,1655,1212,1250,1794,1211,1418,1330,1552,1661,1270,1685,1251,1501,1523,1389,1475,1463,1174,1443,1540,1560,1774,1198,1456,1648,1285,1217,1357,1478,1663,1624,1359,1682,1246,1556,1696,1723,1636,1666,1746,1411,1326,1705,1265,1717,1624,1642,1606,1220,1532,1467,1609,1414,1510,1566,1382,1733,1478,1606,1168,1793,1169,1381,1774,1428,1631,1649,1571,1140,1385,1491,1505,1465,1508,1742,1498,1561,1776,1482,1256,1770,1726,1776,1671,1220,1742,1176,1419,1230,1139,1737,1191,1208,1501,1437,1737,1177,1263,1551,1680,1421,1591,1568,1480,1168,1313,1785,1736,1219,1484,1370,1804,1542,1297,1579,1218,1435,1201,1622,1374,1630,1783,1211,1594,1659,1383,1193,1186,1404,1788,1397,1738,1570,1301,1614,1660,1561,1578,1495,1708,1550,1543,1565,1232,1403,1563,1213,1685,1227,1496,1157,1319,1449,1634,1586,1586,1682,1174,1504,1618,1225,1585,1362,1267,1598,1778,1233,1372,1177,1321,1275,1571,1347,1267,1207,1661,1679,1180,1699,1740,1342,1506,1172,1152,1768,1541,1666,1618,1591,1201,1140,1199,1285,1180,1697,1153,1424,1656,1183,1371,1460,1502,1152,1229,1486,1222,1637,1543,1292
,1613,1736,1207,1250,1795,1497,1771,1725,1301,1238,1751,1275,1313,1636,1731,1733,1573,1379,1302,1773,1496,1426,1723,1758,1245,1750,1354,1231,1711,1253,1224,1787,1361,1640,1148,1346,1324,1402,1545,1155,1150,1350,1343,1281,1551,1303,1756,1773,1296,1425,1746,1270,1265,1747,1377,1363,1348,1348,1756,1436,1339,1144,1254,1462,1584,1541,1676,1593,1690,1688,1347,1684,1378,1370,1410,1553,1508,1627,1556,1568,1395,1463,1783,1405,1154,1257,1434,1457,1170,1732,1352,1721,1408,1603,1806,1719,1256,1315,1637,1260,1468,1250,1315,1174,1616,1491,1740,1591,1471,1609,1278,1502,1258,1393,1446,1664,1186,1641,1653,1463,1676,1231,1587,1489,1220,1784,1561,1169,1336,1465,1428,1624,1420,1764,1161,1323,1426,1655,1476,1563,1771,1660,1357,1337,1582,1684,1748,1311,1469,1290,1598,1700,1512,1280,1575,1202,1308,1350,1146,1676,1224,1782,1344,1650,1163,1486,1258,1682,1157,1678,1143,1478,1472,1792,1591,1234,1713,1299,1362,1580,1146,1478,1443,1689,1582,1283,1301,1575,1632,1379,1409,1715,1319,1616,1702,1324,1514,1201,1373,1400,1396,1266,1630,1710,1685,1186,1705,1346,1340,1633,1645,1644,1376,1651,1701,1675,1398,1447,1604,1309,1388,1211,1548,1593,1629,1719,1701,1226,1696,1235,1362,1473,1151,1685,1527,1294,1381,1206,1410,1707,1565,1500,1525,1260,1456,1417,1674,1515,1243,1157,1541,1577,1319,1651,1541,1257,1486,1768,1605,1339,1329,1679,1621,1276,1695,1350,1535,1628,1397,1194,1302,1445,1605,1214,1613,1355,1373,1749,1134,1723,1360,1591,1499,1792,1498,1334,1444,1483,1290,1416,1501,1265,1315,1673,1470,1573,1169,1703,1611,1333,1323,1379,1180,1715,1560,1197,1297,1228,1438,1768,1211,1274,1297,1144,1528,1785
,1708,1239,1795,1172,1661,1721,1569,1334,1494,1476,1700,1339,1462,1152,1717,1768,1320,1655,1434,1710,1215,1156,1233,1262,1607,1314,1332,1403,1568,1346,1491,1780,1748,1765,1777,1299,1706,1524,1551,1357,1191,1495,1328,1478,1308,1660,1612,1754,1397,1233,1626,1506,1378,1465,1640,1802,1205,1542,1209,1509,1635,1259,1159,1249,1763,1663,1594,1633,1597,1726,1345,1662,1744,1786,1248,1375,1150,1414,1722,1307,1376,1716,1799,1314,1543,1226,1607,1609,1178,1778,1271,1552,1424,1546,1505,1270,1210,1327,1224,1343,1235,1733,1452,1550,1456,1483,1561,1373,1388,1161,1669,1538,1763,1533,1407,1762,1416,1782,1740,1608,1715,1613,1505,1710,1661,1282,1731,1394,1544,1626,1144,1590,1578,1515,1223,1630,1738,1368,1412,1417,1233,1659,1305,1313,1720,1496,1465,1279,1501,1354,1161,1708,1395,1768,1296,1608,1282,1231,1253,1213,1372,1678,1144,1434,1259,1366,1356,1639,1248,1333,1461,1314,1268,1585,1652,1355,1344,1360,1597,1722,1348,1222,1344,1241,1744,1786,1248,1504,1253,1252,1506,1211,1166,1175,1369,1389,1767,1699,1293,1401,1784,1504,1518,1531,1790,1188,1173,1443,1729,1601,1509,1617,1619,1238,1499,1508,1635,1724,1674,1470,1692,1156,1199,1274,1371,1509,1274,1744,1380,1613,1803,1325,1192,1431,1215,1378,1164,1541,1176,1477,1694,1426,1399,1692,1799,1455,1550,1617,1407,1457,1630,1604,1228,1721,1667,1304,1671,1620,1416,1358,1618,1498,1157,1761,1563,1734,1356,1502,1197,1778,1440,1535,1806,1439,1486,1429,1449,1283,1251,1539,1320,1630,1269,1138,1585,1607,1749,1176,1466,1144,1286,1556,1538,1452,1152,1745,1533,1155,1368,1384,1379,1382,1470,1379,1366,1233,1474,1558,1779,1710,1229,1470,1408,1754,1218,1806
,1320,1617,1264,1237,1647,1791,1132,1467,1460,1632,1280,1253,1342,1736,1529,1414,1582,1382,1166,1520,1646,1570,1550,1560,1262,1350,1454,1481,1622,1150,1389,1277,1684,1490,1454,1724,1362,1491,1601,1438,1339,1461,1335,1440,1742,1391,1633,1502,1420,1686,1354,1788,1632,1649,1537,1499,1155,1584,1618,1695,1705,1515,1541,1772,1770,1198,1658,1640,1503,1694,1419,1318,1523,1583,1699,1586,1490,1670,1410,1734,1328,1771,1706,1399,1567,1571,1490,1419,1506,1794,1280,1358,1804,1261,1607,1266,1665,1388,1468,1479,1324,1282,1443,1329,1737,1567,1444,1557,1688,1492,1214,1528,1235,1173,1359,1548,1284,1160,1526,1690,1287,1481,1343,1358,1158,1461,1645,1171,1762,1540,1617,1347,1208,1741,1457,1524,1210,1766,1391,1701,1397,1750,1764,1213,1417,1329,1620,1489,1509,1232,1309,1675,1646,1644,1165,1375,1306,1298,1267,1737,1549,1749,1546,1245,1729,1602,1470,1353,1689,1643,1137,1403,1488,1424,1134,1263,1650,1463,1131,1776,1271,1773,1555,1297,1175,1364,1783,1472,1181,1132,1533,1357,1479,1329,1792,1258,1742,1673,1683,1783,1545,1207,1792,1278,1686,1496,1611,1589,1589,1245,1608,1235,1312,1502,1272,1474,1654,1275,1404,1303,1341,1583,1759,1328,1786,1141,1450,1756,1218,1287,1736,1717,1288,1495,1143,1695,1223,1440,1570,1456,1510,1629,1738,1555,1717,1304,1459,1220,1602,1759,1419,1774,1755,1728,1433,1363,1561,1736,1760,1806,1734,1771,1341,1561,1153,1414,1356,1672,1353,1650,1482,1695,1452,1183,1292,1511,1787,1503,1417,1230,1767,1790,1741,1725,1456,1550,1624,1288,1539,1294,1318,1354,1390,1252,1751,1591,1360,1431,1183,1194,1205,1279,1257,1391,1182,1500,1229,1597,1769,1224,1146,1391,1629,1334,1324,1635
,1424,1187,1287,1573,1536,1156,1520,1693,1588,1653,1538,1700,1679,1323,1678,1687,1235,1205,1699,1218,1661,1435,1227,1306,1663,1433,1325,1273,1695,1713,1552,1452,1543,1226,1491,1162,1430,1586,1321,1560,1807,1519,1697,1508,1198,1403,1446,1333,1402,1277,1331,1802,1437,1396,1776,1551,1208,1225,1804,1678,1485,1236,1778,1216,1144,1274,1311,1224,1216,1582,1203,1414,1441,1316,1387,1602,1405,1808,1403,1369,1744,1710,1338,1157,1683,1150,1642,1630,1504,1690,1685,1457,1442,1155,1357,1756,1807,1450,1500,1382,1551,1523,1793,1694,1668,1199,1237,1499,1738,1713,1402,1276,1701,1433,1626,1334,1137,1503,1740,1372,1498,1723,1633,1349,1486,1573,1526,1636,1188,1639,1351,1273,1767,1171,1281,1604,1701,1751,1336,1420,1320,1778,1352,1203,1676,1350,1301,1526,1744,1343,1490,1477,1523,1366,1774,1243,1375,1744,1221,1670,1243,1498,1674,1761,1335,1703,1421,1493,1293,1688,1438,1776,1377,1311,1695,1342,1680,1546,1538,1557,1332,1460,1641,1468,1599,1687,1719,1173,1776,1348,1201,1802,1711,1781,1373,1761,1569,1249,1141,1369,1769,1527,1427,1700,1564,1323,1379,1468,1161,1600,1618,1758,1199,1488,1686,1430,1132,1580,1409,1717,1338,1506,1756,1410,1548,1360,1400,1672,1279,1555,1143,1357,1411,1678,1611,1314,1657,1626,1513,1553,1500,1269,1727,1407,1424,1150,1492,1768,1582,1359,1799,1513,1261,1683,1631,1591,1371,1651,1202,1719,1291,1254,1761,1760,1235,1491,1798,1563,1320,1141,1757,1181,1680,1361,1458,1132,1344,1623,1571,1800,1190,1373,1774,1213,1164,1145,1623,1186,1586,1132,1152,1688,1392,1370,1134,1352,1654,1543,1347,1346,1638,1677,1580,1753,1208,1252,1663,1180,1581,1470,1700,1146,1282,1132,1761,1744
,1566,1147,1231,1712,1742,1373,1507,1702,1289,1702,1234,1356,1478,1309,1402,1176,1660,1418,1706,1757,1349,1134,1349,1751,1609,1543,1802,1273,1693,1650,1371,1729,1327,1339,1351,1711,1608,1368,1269,1303,1657,1584,1702,1279,1739,1566,1651,1360,1651,1149,1234,1419,1393,1746,1242,1806,1767,1283,1756,1481,1245,1151,1742,1400,1584,1332,1715,1601,1456,1776,1535,1186,1207,1524,1671,1627,1414,1196,1486,1477,1802,1405,1803,1487,1272,1799,1551,1704,1153,1158,1417,1343,1262,1802,1230,1365,1805,1777,1803,1261,1611,1742,1387,1214,1164,1753,1587,1698,1261,1598,1540,1742,1134,1339,1208,1562,1731,1458,1784,1174,1756,1713,1202,1730,1680,1340,1536,1458,1229,1147,1718,1501,1191,1668,1427,1604,1628,1210,1280,1438,1573,1654,1642,1436,1654,1801,1465,1478,1526,1787,1768,1366,1494,1712,1266,1417,1712,1437,1659,1636,1427,1133,1577,1222,1357,1598,1512,1443,1576,1756,1270,1286,1578,1553,1752,1689,1337,1255,1415,1622,1182,1194,1804,1307,1381,1135,1259,1419,1172,1382,1366,1334,1181,1368,1153,1698,1183,1510,1219,1603,1763,1229,1433,1135,1192,1396,1625,1500,1715,1166,1426,1582,1779,1648,1402,1312,1672,1295,1773,1592,1521,1433,1472,1444,1509,1153,1163,1648,1251,1586,1431,1704,1644,1746,1639,1634,1668,1463,1171,1285,1234,1545,1636,1277,1357,1292,1197,1396,1430,1514,1402,1724,1539,1147,1364,1605,1540,1455,1640,1155,1677,1282,1140,1600,1594,1643,1709,1760,1249,1797,1464,1775,1767,1470,1562,1760,1140,1613,1178,1734,1320,1704,1350,1305,1691,1600,1658,1610,1150,1142,1543,1498,1309,1262,1164,1754,1370,1317,1784,1414,1404,1725,1752,1751,1593,1414,1155,1435,1282,1529,1706,1273,1487,1208,1257,1418
,1529,1447,1413,1280,1783,1462,1539,1371,1148,1613,1696,1768,1407,1278,1381,1184,1720,1692,1212,1408,1521,1283,1758,1584,1183,1606,1538,1435,1490,1265,1159,1807,1727,1209,1335,1442,1663,1295,1667,1301,1785,1593,1468,1304,1569,1474,1258,1489,1393,1661,1289,1432,1712,1190,1761,1350,1722,1346,1233,1143,1405,1274,1794,1743,1799,1336,1781,1700,1620,1726,1472,1254,1322,1285,1161,1260,1553,1404,1684,1590,1718,1219,1650,1423,1583,1540,1532,1269,1207,1613,1530,1445,1450,1195,1364,1427,1396,1182,1332,1513,1804,1191,1272,1250,1351,1257,1568,1154,1230,1773,1677,1770,1585,1174,1217,1598,1243,1289,1517,1736,1186,1458,1706,1320,1761,1617,1258,1773,1492,1173,1579,1639,1802,1538,1503,1153,1601,1696,1256,1202,1678,1192,1385,1689,1433,1746,1205,1249,1441,1210,1469,1433,1334,1515,1587,1775,1345,1669,1480,1277,1611,1753,1376,1274,1286,1157,1372,1664,1442,1228,1305,1247,1688,1641,1573,1195,1471,1217,1679,1757,1492,1233,1364,1210,1468,1309,1765,1263,1416,1173,1697,1280,1551,1560,1439,1573,1375,1165,1368,1381,1292,1364,1249,1341,1656,1209,1299,1460,1501,1342,1301,1677,1467,1629,1430,1608,1550,1351,1751,1528,1176,1362,1786,1443,1378,1316,1319,1646,1644,1442,1349,1617,1548,1211,1176,1601,1720,1144,1626,1445,1245,1193,1696,1131,1139,1773,1623,1457,1619,1592,1624,1751,1737,1571,1183,1771,1337,1488,1132,1427,1608,1274,1327,1144,1437,1285,1645,1632,1551,1193,1141,1316,1268,1733,1706,1696,1524,1710,1183,1732,1728,1421,1210,1295,1769,1402,1337,1315,1169,1342,1169,1722,1377,1491,1218,1327,1512,1798,1595,1420,1782,1648,1153,1577,1166,1459,1474,1305,1579,1410,1453,1619,1553,1690,1230,1472
,1181,1697,1683,1437,1787,1326,1274,1374,1481,1238,1141,1577,1339,1635,1405,1207,1676,1727,1555,1732,1713,1161,1626,1727,1445,1310,1470,1558,1420,1515,1785,1196,1599,1387,1647,1253,1621,1218,1608,1779,1480,1309,1781,1680,1416,1244,1691,1678,1726,1742,1758,1379,1415,1155,1803,1500,1675,1440,1309,1296,1296,1733,1437,1162,1630,1140,1244,1627,1741,1804,1220,1642,1187,1686,1191,1516,1227,1511,1208,1624,1657,1685,1414,1546,1404,1561,1213,1554,1464,1555,1691,1590,1155,1416,1468,1325,1569,1762,1315,1747,1326,1710,1685,1258,1185,1366,1486,1353,1362,1558,1743,1698,1421,1764,1185,1299,1149,1719,1530,1221,1584,1276,1731,1697,1503,1797,1651,1552,1725,1221,1207,1274,1793,1318,1569,1532,1422,1159,1605,1309,1513,1357,1561,1758,1390,1285,1754,1366,1391,1411,1729,1274,1654,1216,1217,1792,1590,1803,1227,1761,1389,1230,1431,1544,1557,1268,1132,1169,1777,1413,1212,1440,1464,1188,1151,1139,1600,1319,1211,1209,1462,1764,1693,1199,1399,1218,1301,1552,1274,1153,1224,1171,1306,1310,1424,1486,1768,1565,1217,1625,1367,1444,1667,1232,1612,1314,1334,1166,1362,1174,1766,1573,1801,1546,1757,1563,1444,1201,1592,1660,1471,1643,1664,1259,1664,1503,1147,1231,1347,1733,1204,1596,1557,1566,1729,1794,1330,1790,1591,1704,1210,1361,1213,1231,1254,1579,1467,1215,1537,1394,1239,1393,1144,1544,1537,1764,1628,1217,1342,1729,1784,1604,1355,1415,1263,1795,1342,1167,1374,1781,1353,1375,1139,1564,1753,1390,1775,1598,1663,1456,1303,1782,1742,1452,1248,1781,1691,1777,1733,1704,1547,1648,1329,1619,1657,1423,1548,1413,1653,1329,1575,1302,1675,1622,1779,1251,1270,1532,1631,1616,1353,1172,1782,1400,1412,1362
,1694,1207,1482,1143,1761,1718,1531,1692,1437,1279,1152,1193,1273,1354,1187,1438,1214,1672,1649,1197,1744,1292,1782,1758,1154,1366,1295,1508,1494,1396,1149,1210,1461,1337,1156,1689,1161,1687,1161,1377,1773,1797,1717,1615,1769,1761,1445,1724,1212,1563,1266,1368,1749,1491,1642,1649,1783,1615,1370,1747,1199,1684,1805,1807,1775,1598,1622,1569,1363,1346,1290,1254,1538,1253,1209,1167,1457,1189,1288,1434,1661,1650,1457,1543,1524,1145,1621,1485,1672,1804,1184,1636,1352,1379,1304,1202,1808,1547,1545,1419,1775,1694,1343,1569,1654,1177,1449,1763,1474,1728,1657,1501,1747,1661,1764,1763,1803,1613,1135,1286,1600,1685,1625,1284,1777,1239,1284,1529,1610,1195,1470,1580,1501,1325,1608,1640,1131,1377,1641,1269,1447,1505,1347,1674,1292,1382,1443,1649,1594,1155,1589,1260,1304,1637,1771,1358,1713,1714,1552,1590,1727,1188,1241,1502,1267,1728,1369,1673,1471,1591,1553,1215,1713,1149,1535,1529,1149,1361,1369,1221,1207,1248,1553,1608,1254,1432,1711,1229,1567,1621,1436,1615,1697,1523,1434,1519,1775,1558,1248,1779,1322,1194,1289,1193,1599,1780,1600,1568,1671,1576,1624,1550,1779,1406,1742,1756,1458,1457,1337,1685,1604,1241,1709,1693,1717,1416,1320,1284,1603,1491,1136,1621,1633,1281,1605,1801,1433,1627,1739,1220,1664,1689,1683,1403,1444,1729,1781,1653,1133,1209,1668,1187,1314,1276,1223,1159,1744,1681,1265,1629,1503,1570,1642,1714,1600,1769,1171,1405,1484,1776,1421,1271,1159,1214,1277,1428,1556,1467,1421,1569,1487,1437,1188,1686,1203,1732,1140,1695,1766,1352,1570,1607,1410,1362,1657,1358,1394,1599,1792,1407,1212,1178,1525,1774,1157,1475,1283,1693,1655,1289,1492,1293,1265,1728,1362,1351
,1411,1483,1341,1137,1545,1545,1667,1603,1616,1530,1576,1630,1639,1274,1791,1306,1232,1344,1144,1543,1186,1630,1777,1640,1555,1217,1366,1395,1442,1176,1592,1271,1142,1567,1289,1644,1415,1373,1427,1701,1131,1354,1798,1337,1807,1581,1493,1672,1509,1790,1353,1554,1202,1504,1522,1245,1234,1454,1594,1796,1684,1195,1523,1685,1214,1599,1437,1311,1506,1234,1372,1417,1489,1787,1690,1374,1404,1137,1271,1211,1755,1637,1692,1570,1196,1633,1686,1692,1504,1777,1318,1569,1513,1569,1437,1477,1751,1484,1710,1597,1570,1305,1741,1352,1732,1155,1180,1425,1640,1432,1315,1572,1804,1153,1391,1536,1369,1365,1521,1778,1408,1606,1315,1660,1139,1772,1728,1220,1272,1490,1785,1188,1609,1492,1348,1437,1483,1281,1168,1373,1375,1212,1141,1192,1276,1148,1519,1685,1439,1567,1338,1547,1295,1544,1685,1763,1474,1695,1135,1229,1265,1563,1410,1249,1459,1693,1194,1268,1706,1381,1342,1610,1492,1410,1654,1408,1642,1770,1643,1652,1771,1427,1611,1339,1752,1539,1388,1362,1516,1479,1332,1215,1695,1729,1314,1508,1681,1567,1544,1650,1132,1349,1268,1415,1604,1312,1775,1681,1452,1524,1629,1585,1662,1719,1683,1271,1399,1200,1229,1298,1269,1580,1209,1459,1588,1700,1663,1490,1199,1141,1440,1770,1493,1635,1384,1349,1554,1492,1493,1199,1588,1661,1688,1666,1740,1457,1423,1399,1536,1254,1207,1627,1805,1607,1619,1504,1787,1798,1565,1597,1315,1559,1540,1620,1370,1733,1808,1495,1270,1676,1411,1141,1404,1558,1440,1443,1567,1265,1261,1280,1132,1451,1678,1524,1807,1492,1728,1519,1451,1566,1508,1313,1495,1806,1225,1159,1490,1754,1693,1229,1355,1146,1533,1273,1748,1308,1561,1571,1342,1793,1190,1677,1741,1151,1485,1639
,1574,1156,1799,1556,1634,1377,1194,1309,1734,1777,1380,1239,1466,1339,1750,1677,1178,1314,1327,1711,1777,1515,1390,1281,1384,1641,1182,1494,1470,1685,1489,1430,1434,1241,1626,1240,1701,1698,1534,1688,1487,1325,1363,1346,1318,1549,1332,1512,1298,1289,1220,1153,1446,1445,1387,1440,1725,1207,1617,1382,1612,1173,1703,1504,1354,1727,1193,1797,1265,1290,1345,1329,1714,1439,1446,1165,1384,1559,1502,1701,1626,1723,1363,1509,1433,1134,1280,1522,1327,1321,1276,1336,1594,1618,1293,1502,1370,1214,1356,1493,1452,1364,1162,1461,1438,1151,1501,1173,1484,1650,1665,1384,1456,1372,1285,1287,1203,1790,1416,1585,1308,1501,1178,1253,1233,1506,1293,1179,1602,1596,1493,1419,1165,1789,1333,1196,1570,1252,1526,1714,1668,1590,1707,1633,1289,1709,1239,1581,1764,1530,1680,1672,1387,1212,1249,1719,1683,1570,1624,1323,1335,1697,1696,1294,1669,1491,1734,1376,1487,1522,1612,1431,1424,1358,1359,1630,1461,1241,1329,1601,1206,1501,1707,1624,1786,1308,1710,1794,1670,1778,1389,1433,1315,1373,1743,1740,1659,1657,1311,1180,1802,1740,1622,1706,1183,1185,1750,1690,1287,1194,1505,1313,1658,1789,1792,1720,1593,1203,1390,1278,1159,1689,1311,1648,1374,1490,1567,1337,1792,1663,1392,1742,1718,1338,1802,1232,1662,1143,1598,1253,1596,1748,1581,1494,1534,1195,1448,1673,1220,1284,1380,1780,1742,1397,1646,1306,1530,1684,1513,1195,1593,1742,1539,1555,1726,1540,1534,1648,1430,1557,1369,1662,1153,1260,1141,1408,1472,1572,1347,1658,1529,1448,1398,1330,1355,1170,1497,1638,1729,1344,1206,1562,1411,1787,1252,1540,1328,1603,1528,1553,1801,1457,1469,1422,1218,1458,1688,1277,1624,1238,1569,1755,1236,1794,1628,1738
,1667,1257,1638,1490,1787,1784,1181,1682,1759,1635,1769,1626,1212,1562,1229,1768,1589,1696,1137,1656,1679,1306,1336,1726,1563,1781,1400,1379,1330,1549,1747,1319,1316,1772,1346,1378,1693,1400,1179,1332,1355,1746,1371,1567,1424,1349,1225,1679,1773,1579,1266,1744,1445,1760,1490,1293,1628,1678,1502,1668,1477,1169,1177,1669,1432,1197,1776,1671,1688,1283,1491,1595,1225,1566,1778,1797,1426,1399,1444,1606,1625,1250,1793,1302,1352,1587,1428,1563,1430,1277,1805,1737,1174,1753,1256,1182,1726,1592,1512,1608,1624,1536,1620,1147,1580,1450,1469,1189,1214,1593,1600,1549,1579,1762,1219,1533,1185,1245,1218,1157,1693,1628,1600,1289,1306,1180,1725,1472,1260,1441,1635,1502,1141,1200,1321,1256,1226,1640,1413,1309,1189,1443,1331,1608,1146,1305,1168,1149,1519,1791,1682,1509,1448,1463,1299,1276,1614,1435,1748,1483,1455,1346,1198,1568,1312,1230,1162,1660,1182,1732,1691,1798,1663,1488,1265,1169,1287,1252,1278,1650,1469,1622,1397,1791,1310,1781,1344,1509,1558,1477,1678,1323,1492,1163,1685,1706,1631,1600,1790,1415,1292,1269,1224,1271,1542,1423,1573,1223,1153,1506,1612,1650,1628,1489,1650,1313,1314,1801,1584,1218,1439,1363,1410,1521,1549,1148,1179,1562,1262,1609,1557,1680,1743,1663,1425,1329,1681,1509,1365,1630,1445,1339,1563,1418,1440,1424,1514,1159,1315,1675,1612,1184,1225,1495,1298,1531,1451,1150,1319,1580,1432,1607,1751,1716,1309,1188,1242,1368,1457,1132,1224,1606,1323,1555,1707,1143,1309,1807,1616,1450,1600,1318,1402,1651,1583,1728,1163,1559,1173,1734,1743,1658,1319,1398,1601,1198,1207,1317,1641,1749,1224,1333,1800,1293,1519,1358,1184,1246,1576,1710,1804,1342,1359,1707,1532,1432
,1439,1193,1301,1566,1797,1302,1138,1288,1388,1564,1192,1351,1180,1612,1604,1689,1448,1574,1654,1742,1192,1258,1328,1480,1204,1272,1628,1435,1409,1648,1516,1236,1197,1303,1153,1284,1798,1554,1655,1346,1767,1170,1795,1649,1339,1615,1434,1775,1173,1418,1225,1798,1297,1144,1363,1159,1710,1162,1530,1296,1245,1767,1625,1736,1468,1329,1178,1324,1592,1461,1581,1294,1350,1472,1476,1602,1576,1547,1475,1219,1740,1135,1339,1157,1622,1662,1396,1148,1576,1317,1798,1544,1199,1196,1354,1240,1489,1530,1289,1325,1601,1610,1145,1348,1211,1589,1438,1363,1561,1794,1679,1387,1306,1513,1472,1553,1480,1409,1642,1741,1796,1547,1345,1574,1346,1487,1401,1710,1728,1234,1158,1386,1361,1445,1172,1626,1531,1592,1762,1449,1355,1190,1803,1238,1769,1680,1255,1380,1743,1253,1164,1190,1319,1415,1333,1274,1252,1382,1332,1347,1669,1388,1775,1534,1303,1214,1363,1160,1467,1491,1341,1255,1448,1304,1625,1406,1738,1656,1530,1391,1641,1513,1309,1747,1181,1149,1387,1168,1472,1389,1339,1618,1696,1351,1473,1409,1206,1200,1457,1517,1294,1707,1368,1717,1663,1507,1575,1545,1267,1305,1651,1264,1133,1547,1657,1611,1490,1193,1536,1782,1714,1136,1159,1634,1645,1375,1791,1473,1466,1155,1658,1502,1622,1637,1649,1183,1582,1224,1696,1580,1323,1444,1752,1564,1138,1713,1228,1481,1377,1188,1505,1142,1789,1343,1453,1683,1376,1617,1718,1476,1633,1280,1282,1487,1254,1323,1179,1640,1590,1594,1414,1735,1192,1157,1766,1160,1576,1724,1417,1637,1223,1199,1271,1585,1344,1626,1697,1441,1725,1259,1805,1660,1718,1488,1674,1502,1138,1553,1627,1211,1168,1483,1300,1454,1557,1318,1266,1406,1279,1621,1167,1244,1506,1702,1570,1164
,1274,1681,1795,1698,1590,1713,1165,1276,1785,1647,1380,1639,1298,1675,1749,1789,1633,1313,1537,1232,1235,1212,1670,1755,1226,1790,1500,1282,1553,1761,1621,1573,1206,1518,1546,1285,1779,1412,1411,1142,1372,1287,1795,1227,1655,1246,1417,1696,1755,1578,1806,1352,1666,1714,1261,1265,1796,1495,1716,1133,1384,1668,1606,1761,1518,1194,1311,1147,1635,1393,1143,1474,1777,1351,1545,1691,1805,1160,1379,1605,1485,1575,1622,1505,1192,1141,1163,1337,1436,1604,1303,1611,1590,1681,1149,1666,1801,1352,1218,1133,1727,1367,1355,1550,1431,1705,1371,1762,1409,1419,1208,1761,1307,1746,1682,1233,1703,1714,1477,1676,1668,1745,1159,1280,1689,1511,1762,1657,1500,1272,1179,1442,1134,1645,1136,1422,1482,1550,1506,1306,1496,1502,1392,1157,1340,1450,1589,1270,1155,1788,1607,1799,1568,1444,1400,1529,1293,1183,1715,1210,1800,1215,1509,1174,1705,1183,1253,1347,1741,1335,1708,1732,1704,1745,1406,1184,1504,1642,1274,1557,1664,1710,1614,1549,1615,1264,1637,1235,1774,1436,1454,1703,1567,1199,1201,1543,1394,1221,1594,1446,1375,1543,1393,1300,1678,1558,1157,1616,1638,1788,1220,1656,1226,1739,1623,1326,1471,1162,1723,1294,1251,1437,1535,1412,1663,1339,1155,1194,1364,1298,1724,1710,1659,1433,1377,1806,1701,1581,1711,1472,1229,1227,1232,1757,1580,1332,1427,1389,1589,1463,1700,1593,1352,1554,1609,1768,1743,1213,1656,1195,1431,1559,1185,1771,1305,1394,1776,1229,1156,1212,1675,1453,1571,1426,1348,1282,1175,1290,1733,1796,1705,1684,1689,1293,1232,1348,1547,1582,1560,1334,1258,1540,1234,1194,1701,1751,1331,1655,1700,1504,1617,1447,1679,1774,1192,1332,1727,1386,1449,1784,1693,1585,1729,1340,1666,1739
,1175,1144,1141,1612,1303,1560,1244,1278,1165,1405,1494,1714,1584,1395,1551,1761,1547,1497,1198,1413,1392,1566,1620,1678,1644,1480,1131,1414,1693,1438,1808,1517,1572,1370,1207,1378,1561,1209,1451,1729,1444,1137,1583,1340,1161,1621,1590,1334,1803,1480,1761,1138,1302,1457,1615,1753,1300,1724,1668,1270,1563,1270,1343,1302,1236,1586,1528,1465,1391,1413,1715,1593,1646,1190,1330,1455,1694,1624,1620,1548,1671,1297,1227,1158,1399,1376,1767,1731,1239,1460,1781,1312,1147,1269,1709,1467,1196,1382,1209,1454,1464,1208,1140,1446,1589,1699,1387,1369,1751,1540,1245,1756,1479,1806,1446,1781,1437,1462,1677,1780,1696,1202,1212,1554,1303,1244,1640,1748,1725,1469,1217,1342,1168,1674,1543,1136,1408,1413,1503,1526,1261,1276,1233,1627,1574,1503,1150,1671,1299,1474,1776,1456,1420,1411,1793,1254,1648,1561,1557,1323,1486,1390,1401,1677,1798,1499,1725,1784,1368,1522,1551,1249,1458,1320,1485,1525,1688,1141,1408,1602,1304,1465,1665,1174,1508,1215,1801,1715,1562,1287,1652,1240,1715,1754,1213,1612,1501,1365,1574,1751,1704,1546,1480,1549,1304,1633,1277,1410,1422,1453,1341,1738,1345,1331,1247,1165,1274,1443,1252,1660,1211,1595,1460,1689,1389,1363,1140,1631,1234,1591,1537,1569,1502,1221,1391,1734,1725,1143,1623,1702,1369,1610,1620,1555,1363,1280,1325,1538,1727,1339,1518,1189,1379,1791,1783,1658,1670,1303,1507,1757,1310,1256,1379,1750,1474,1173,1180,1592,1268,1347,1346,1698,1444,1212,1194,1175,1250,1619,1192,1684,1188,1574,1349,1279,1773,1740,1295,1349,1765,1321,1529,1655,1239,1509,1605,1806,1722,1633,1788,1794,1432,1368,1371,1609,1452,1370,1711,1672,1803,1533,1242,1674,1635,1187,1441,1745
,1574,1297,1359,1605,1748,1312,1389,1804,1195,1382,1232,1629,1345,1202,1417,1471,1705,1550,1645,1477,1487,1677,1525,1780,1144,1676,1798,1149,1200,1495,1484,1251,1310,1371,1297,1389,1644,1337,1186,1476,1767,1770,1729,1504,1205,1381,1218,1643,1163,1396,1312,1807,1305,1396,1739,1752,1256,1438,1366,1801,1605,1284,1588,1434,1151,1721,1545,1787,1240,1555,1224,1238,1599,1214,1545,1208,1519,1403,1242,1807,1628,1173,1496,1620,1313,1537,1157,1772,1719,1432,1349,1136,1245,1163,1676,1784,1369,1368,1208,1766,1577,1218,1726,1459,1398,1787,1154,1214,1549,1397,1205,1442,1134,1653,1254,1202,1331,1352,1435,1792,1687,1159,1782,1633,1499,1351,1527,1443,1219,1239,1682,1320,1727,1587,1457,1643,1240,1142,1370,1629,1519,1519,1427,1371,1805,1598,1708,1679,1796,1400,1416,1331,1616,1685,1798,1479,1517,1334,1296,1167,1148,1276,1290,1532,1511,1214,1357,1598,1490,1174,1153,1755,1134,1292,1713,1572,1603,1720,1448,1645,1460,1539,1486,1796,1213,1737,1245,1234,1344,1188,1235,1361,1287,1302,1519,1317,1138,1419,1546,1475,1212,1500,1497,1136,1356,1283,1155,1612,1612,1542,1611,1391,1652,1483,1513,1744,1579,1412,1701,1265,1484,1201,1605,1365,1735,1610,1417,1350,1485,1217,1797,1342,1360,1483,1413,1508,1788,1611,1461,1633,1444,1285,1781,1575,1736,1349,1313,1695,1740,1190,1652,1447,1175,1330,1221,1328,1595,1233,1744,1151,1202,1552,1553,1612,1792,1236,1622,1296,1184,1696,1452,1257,1526,1303,1389,1402,1786,1314,1135,1545,1218,1299,1524,1189,1282,1393,1223,1543,1546,1793,1523,1506,1698,1181,1296,1768,1655,1756,1558,1534,1486,1287,1797,1689,1377,1355,1793,1311,1672,1620,1714,1796,1151,1755,1489,1282
,1153,1426,1683,1176,1135,1540,1176,1632,1725,1628,1362,1786,1615,1408,1507,1287,1587,1163,1649,1736,1613,1279,1209,1605,1560,1262,1160,1804,1771,1605,1255,1689,1413,1352,1498,1497,1564,1740,1219,1782,1288,1363,1222,1549,1583,1670,1380,1147,1583,1536,1499,1807,1670,1216,1597,1579,1763,1586,1769,1547,1688,1585,1390,1220,1684,1500,1472,1397,1514,1267,1687,1699,1440,1370,1651,1293,1425,1331,1320,1344,1743,1311,1427,1466,1514,1676,1327,1387,1801,1271,1784,1333,1255,1684,1332,1238,1533,1185,1272,1242,1764,1658,1728,1370,1792,1358,1180,1364,1804,1461,1203,1273,1366,1399,1365,1303,1314,1712,1287,1411,1267,1405,1249,1560,1616,1162,1352,1547,1470,1302,1663,1208,1794,1662,1634,1583,1273,1475,1730,1606,1700,1509,1438,1524,1473,1476,1646,1671,1295,1311,1740,1233,1175,1456,1548,1325,1713,1352,1262,1554,1158,1148,1594,1209,1588,1176,1212,1667,1633,1600,1608,1167,1204,1492,1220,1607,1177,1757,1369,1189,1434,1745,1485,1312,1706,1566,1602,1470,1310,1551,1142,1681,1759,1331,1515,1771,1702,1360,1175,1650,1300,1204,1489,1587,1338,1135,1504,1802,1586,1796,1398,1302,1523,1207,1637,1477,1437,1597,1533,1276,1735,1790,1470,1283,1783,1648,1736,1457,1772,1199,1146,1464,1756,1505,1732,1736,1580,1230,1798,1619,1805,1530,1683,1340,1151,1395,1464,1515,1796,1797,1325,1537,1449,1304,1213,1662,1427,1288,1779,1807,1780,1569,1422,1253,1253,1135,1490,1175,1517,1402,1759,1321,1499,1219,1548,1477,1768,1630,1677,1246,1152,1527,1787,1492,1695,1545,1733,1764,1449,1382,1268,1460,1587,1259,1182,1645,1135,1397,1572,1205,1519,1618,1633,1234,1165,1593,1647,1211,1471,1682,1788,1467,1358,1180,1713,1804
,1233,1569,1400,1408,1243,1731,1632,1492,1261,1767,1463,1549,1242,1204,1466,1181,1663,1460,1183,1321,1795,1401,1804,1181,1439,1246,1532,1495,1174,1652,1672,1551,1642,1179,1167,1283,1332,1728,1156,1173,1798,1462,1511,1253,1213,1273,1493,1739,1326,1443,1584,1769,1525,1342,1406,1463,1343,1417,1345,1292,1210,1440,1594,1260,1419,1623,1302,1162,1212,1467,1594,1471,1449,1329,1557,1630,1179,1135,1140,1181,1378,1347,1652,1626,1594,1628,1184,1393,1735,1515,1401,1779,1503,1459,1309,1499,1670,1249,1603,1392,1766,1170,1465,1520,1796,1225,1767,1582,1415,1681,1737,1503,1365,1330,1465,1205,1553,1253,1684,1268,1690,1344,1153,1737,1313,1381,1337,1392,1370,1743,1606,1533,1558,1296,1664,1492,1604,1586,1610,1253,1381,1784,1773,1419,1657,1481,1344,1164,1759,1808,1674,1404,1297,1259,1515,1250,1314,1610,1509,1388,1623,1472,1479,1246,1222,1311,1488,1551,1405,1183,1643,1185,1766,1584,1734,1650,1247,1389,1401,1690,1385,1481,1493,1623,1222,1144,1771,1391,1380,1541,1684,1560,1514,1612,1334,1750,1673,1295,1672,1707,1536,1725,1550,1499,1597,1168,1405,1805,1358,1372,1289,1730,1710,1331,1598,1201,1457,1381,1328,1352,1770,1234,1750,1297,1363,1740,1221,1293,1442,1561,1576,1515,1541,1445,1705,1160,1278,1377,1342,1778,1567,1688,1376,1660,1482,1291,1332,1134,1582,1438,1462,1540,1598,1286,1642,1216,1786,1188,1759,1407,1598,1482,1481,1496,1616,1371,1375,1439,1401,1436,1158,1767,1410,1620,1224,1248,1482,1316,1653,1341,1631,1753,1497,1617,1343,1777,1439,1422,1761,1569,1225,1241,1174,1684,1511,1574,1134,1340,1754,1184,1583,1332,1766,1160,1197,1794,1351,1135,1499,1153,1650,1473,1547,1169,1272,1398
,1315,1444,1266,1669,1642,1797,1558,1751,1206,1320,1149,1793,1663,1236,1712,1143,1220,1604,1206,1338,1768,1630,1570,1284,1195,1281,1165,1351,1753,1613,1616,1550,1743,1257,1276,1212,1225,1186,1499,1777,1621,1508,1654,1297,1631,1250,1343,1674,1575,1723,1422,1628,1502,1327,1716,1522,1466,1672,1347,1227,1614,1288,1351,1772,1302,1476,1780,1430,1373,1334,1303,1333,1708,1251,1263,1259,1552,1370,1552,1310,1405,1582,1337,1572,1697,1654,1279,1424,1193,1195,1302,1608,1307,1779,1294,1378,1149,1132,1686,1712,1541,1237,1323,1683,1799,1597,1781,1432,1138,1340,1488,1404,1254,1705,1768,1188,1271,1776,1791,1202,1532,1594,1487,1776,1139,1807,1341,1255,1698,1558,1578,1759,1547,1794,1393,1268,1558,1294,1315,1353,1729,1424,1558,1724,1486,1570,1496,1724,1807,1166,1531,1523,1251,1722,1300,1367,1615,1342,1163,1259,1440,1789,1564,1572,1714,1232,1324,1699,1259,1632,1707,1178,1292,1358,1564,1735,1396,1687,1308,1507,1701,1211,1565,1502,1481,1216,1631,1621,1258,1176,1539,1361,1167,1604,1413,1555,1195,1518,1131,1267,1729,1727,1700,1401,1656,1563,1284,1251,1787,1460,1298,1385,1317,1148,1492,1133,1668,1694,1258,1451,1374,1382,1778,1286,1488,1733,1633,1447,1564,1656,1652,1249,1561,1178,1490,1170,1735,1185,1308,1568,1584,1141,1755,1479,1618,1419,1340,1608,1474,1218,1697,1374,1228,1527,1788,1209,1730,1477,1393,1513,1402,1608,1744,1476,1609,1237,1470,1212,1242,1267,1501,1401,1413,1642,1694,1488,1144,1549,1540,1443,1400,1171,1677,1705,1371,1508,1149,1552,1623,1558,1645,1689,1430,1389,1552,1248,1214,1731,1373,1427,1646,1516,1251,1283,1578,1297,1468,1245,1440,1268,1360,1537,1449,1622,1367,1291
,1230,1142,1516,1767,1154,1131,1737,1772,1495,1388,1592,1604,1162,1140,1739,1278,1456,1450,1749,1355,1780,1409,1163,1216,1372,1327,1723,1686,1705,1211,1727,1460,1169,1622,1360,1770,1326,1133,1550,1611,1752,1414,1700,1159,1719,1779,1566,1287,1396,1691,1626,1625,1304,1504,1708,1217,1589,1631,1674,1690,1495,1215,1254,1345,1245,1228,1450,1134,1351,1270,1723,1422,1240,1537,1596,1430,1648,1219,1139,1236,1397,1501,1769,1715,1692,1795,1774,1726,1804,1500,1616,1270,1323,1192,1145,1290,1730,1437,1551,1343,1312,1461,1324,1748,1321,1416,1613,1778,1735,1481,1557,1707,1277,1527,1475,1352,1760,1305,1241,1667,1771,1170,1465,1242,1208,1375,1791,1208,1763,1200,1432,1134,1749,1511,1740,1315,1775,1751,1452,1197,1292,1383,1511,1654,1409,1461,1581,1156,1486,1556,1506,1442,1795,1632,1358,1703,1526,1347,1539,1699,1610,1752,1281,1728,1149,1667,1668,1786,1540,1213,1270,1537,1764,1530,1587,1254,1465,1506,1551,1527,1546,1779,1746,1457,1159,1640,1728,1583,1685,1551,1404,1569,1261,1321,1460,1766,1356,1530,1714,1463,1401,1687,1692,1779,1210,1644,1501,1330,1352,1507,1365,1576,1547,1525,1743,1468,1745,1661,1313,1446,1423,1197,1156,1360,1279,1174,1348,1390,1155,1545,1370,1151,1757,1560,1362,1543,1690,1549,1474,1416,1622,1744,1131,1552,1498,1554,1653,1330,1380,1406,1251,1162,1589,1177,1331,1437,1141,1376,1635,1537,1654,1507,1233,1696,1406,1622,1430,1693,1353,1689,1182,1310,1334,1341,1807,1544,1697,1657,1204,1244,1731,1568,1550,1476,1701,1626,1750,1542,1770,1772,1582,1139,1584,1446,1204,1369,1331,1673,1222,1218,1708,1486,1739,1671,1446,1739,1150,1277,1708,1797,1356,1629,1349,1474,1734,1664
,1732,1401,1709,1195,1473,1438,1259,1551,1405,1611,1672,1744,1596,1139,1576,1652,1482,1691,1197,1146,1147,1730,1785,1633,1740,1651,1409,1761,1694,1643,1541,1528,1312,1147,1224,1717,1419,1562,1328,1330,1289,1715,1577,1522,1497,1573,1180,1433,1255,1154,1358,1580,1403,1724,1734,1485,1428,1301,1567,1141,1221,1292,1600,1538,1508,1357,1630,1499,1808,1481,1523,1344,1620,1177,1304,1594,1157,1220,1487,1161,1208,1176,1576,1622,1648,1739,1360,1711,1216,1408,1329,1370,1341,1612,1346,1676,1385,1188,1516,1531,1252,1151,1612,1375,1528,1160,1196,1235,1333,1804,1737,1679,1586,1331,1638,1145,1726,1537,1514,1596,1333,1297,1382,1680,1451,1337,1713,1485,1160,1221,1727,1366,1595,1673,1533,1226,1615,1783,1233,1660,1723,1376,1580,1491,1290,1311,1624,1188,1292,1352,1625,1485,1200,1139,1740,1711,1432,1760,1288,1608,1462,1696,1658,1706,1654,1727,1722,1550,1199,1393,1192,1765,1684,1524,1415,1554,1520,1257,1609,1521,1336,1699,1463,1247,1722,1564,1602,1448,1413,1254,1577,1791,1686,1743,1395,1474,1663,1578,1571,1701,1236,1182,1151,1288,1754,1689,1678,1687,1803,1476,1749,1242,1501,1232,1514,1789,1730,1479,1601,1677,1531,1647,1216,1293,1768,1479,1671,1281,1686,1230,1558,1458,1461,1367,1173,1132,1160,1553,1726,1733,1514,1352,1537,1345,1132,1781,1142,1337,1677,1739,1178,1774,1557,1517,1353,1707,1774,1291,1284,1193,1337,1594,1494,1396,1202,1150,1213,1257,1453,1450,1796,1440,1527,1398,1255,1592,1170,1226,1448,1702,1459,1471,1737,1780,1761,1153,1256,1799,1249,1740,1737,1313,1450,1292,1769,1473,1486,1216,1194,1349,1588,1363,1331,1737,1725,1367,1636,1713,1726,1452,1286,1609,1320,1788,1183,1312
,1788,1741,1289,1284,1267,1602,1163,1574,1745,1749,1750,1293,1576,1677,1736,1315,1803,1592,1655,1285,1288,1206,1753,1654,1554,1512,1614,1365,1748,1188,1174,1571,1783,1429,1422,1578,1399,1298,1344,1327,1784,1585,1717,1494,1575,1206,1666,1573,1703,1481,1361,1279,1342,1489,1170,1580,1391,1422,1267,1284,1642,1606,1619,1211,1348,1615,1498,1675,1474,1700,1416,1671,1439,1163,1405,1276,1397,1546,1575,1210,1230,1710,1313,1696,1623,1153,1752,1591,1700,1537,1242,1409,1443,1432,1662,1187,1484,1400,1517,1296,1583,1686,1543,1188,1543,1672,1636,1322,1438,1465,1401,1148,1264,1174,1712,1197,1406,1318,1744,1177,1518,1488,1537,1711,1778,1210,1673,1249,1345,1277,1628,1803,1204,1368,1709,1395,1373,1489,1351,1368,1675,1628,1676,1354,1615,1717,1274,1272,1631,1216,1262,1413,1607,1426,1472,1340,1374,1694,1662,1684,1241,1763,1530,1579,1547,1740,1480,1716,1453,1165,1689,1464,1154,1328,1589,1730,1683,1271,1298,1684,1508,1372,1216,1192,1291,1366,1479,1576,1686,1694,1396,1754,1527,1209,1235,1598,1192,1186,1246,1789,1225,1216,1359,1192,1530,1725,1691,1354,1680,1583,1302,1183,1405,1200,1133,1283,1569,1640,1741,1651,1459,1265,1211,1159,1772,1474,1742,1681,1575,1166,1802,1651,1514,1209,1712,1142,1512,1786,1469,1273,1570,1729,1429,1134,1302,1297,1371,1507,1737,1440,1540,1331,1320,1408,1624,1337,1691,1695,1795,1637,1286,1515,1735,1226,1702,1180,1575,1464,1414,1681,1798,1496,1605,1452,1645,1788,1292,1340,1230,1306,1319,1791,1185,1252,1399,1725,1709,1163,1405,1271,1540,1554,1578,1252,1473,1725,1154,1399,1239,1283,1387,1252,1428,1186,1255,1582,1567,1795,1624,1375,1541,1142,1638,1595,1776,1476
,1365,1548,1167,1337,1386,1540,1275,1776,1493,1437,1755,1486,1297,1452,1303,1366,1239,1168,1267,1278,1433,1621,1154,1420,1404,1712,1155,1367,1192,1782,1731,1626,1423,1277,1589,1643,1394,1275,1310,1300,1397,1315,1636,1657,1134,1717,1181,1321,1156,1230,1167,1591,1722,1472,1404,1764,1534,1203,1177,1375,1613,1196,1493,1737,1771,1224,1534,1462,1572,1712,1643,1476,1447,1789,1191,1692,1652,1309,1752,1372,1282,1252,1439,1807,1277,1207,1155,1644,1438,1196,1499,1727,1660,1590,1203,1516,1583,1540,1648,1232,1452,1556,1186,1485,1681,1371,1475,1687,1476,1412,1197,1205,1150,1528,1315,1192,1451,1797,1776,1192,1751,1608,1312,1250,1140,1644,1370,1245,1509,1374,1747,1247,1205,1612,1341,1349,1525,1609,1466,1348,1414,1158,1511,1620,1191,1202,1397,1281,1738,1504,1575,1795,1334,1225,1557,1720,1174,1788,1525,1267,1532,1356,1462,1723,1621,1296,1415,1515,1803,1242,1198,1521,1253,1309,1537,1621,1190,1425,1480,1675,1437,1796,1465,1420,1161,1494,1483,1678,1640,1653,1227,1274,1263,1783,1705,1337,1225,1357,1261,1714,1776,1274,1645,1536,1550,1331,1708,1408,1145,1155,1764,1168,1238,1540,1369,1164,1490,1602,1457,1207,1534,1583,1583,1539,1798,1707,1269,1224,1325,1268,1206,1783,1787,1414,1620,1328,1592,1561,1708,1533,1506,1756,1495,1677,1374,1381,1802,1486,1314,1337,1156,1722,1763,1783,1559,1171,1697,1714,1643,1259,1404,1235,1776,1445,1163,1334,1668,1295,1202,1571,1192,1174,1598,1220,1457,1347,1271,1461,1674,1499,1531,1606,1374,1357,1277,1699,1324,1144,1756,1280,1382,1579,1593,1152,1446,1276,1151,1447,1217,1691,1726,1691,1426,1480,1345,1253,1521,1564,1320,1725,1787,1325,1648,1523,1191,1685
,1266,1754,1802,1700,1743,1538,1208,1586,1300,1754,1463,1288,1274,1282,1637,1142,1655,1175,1214,1185,1404,1309,1560,1631,1268,1417,1190,1553,1519,1749,1464,1354,1335,1572,1639,1445,1296,1319,1719,1761,1750,1518,1298,1190,1605,1548,1193,1606,1774,1473,1203,1586,1778,1667,1304,1769,1610,1154,1436,1573,1176,1249,1139,1433,1469,1419,1569,1206,1225,1725,1380,1370,1244,1372,1252,1774,1144,1641,1497,1308,1233,1447,1773,1723,1408,1518,1145,1308,1163,1667,1507,1807,1737,1152,1592,1674,1317,1596,1203,1745,1575,1328,1753,1154,1274,1229,1693,1664,1587,1644,1694,1631,1156,1339,1438,1484,1340,1678,1313,1738,1629,1156,1232,1592,1528,1633,1268,1423,1255,1766,1713,1417,1486,1417,1518,1328,1559,1396,1510,1513,1378,1311,1236,1549,1442,1795,1613,1376,1352,1546,1665,1620,1716,1282,1145,1380,1220,1214,1136,1158,1636,1295,1233,1791,1595,1778,1688,1424,1598,1350,1419,1716,1319,1386,1808,1481,1465,1468,1492,1804,1717,1244,1555,1664,1760,1629,1280,1612,1459,1547,1266,1771,1498,1585,1276,1368,1634,1638,1764,1205,1340,1579,1313,1188,1610,1132,1688,1794,1388,1252,1532,1598,1767,1667,1698,1784,1420,1684,1407,1577,1287,1328,1192,1212,1657,1766,1630,1471,1385,1766,1568,1197,1350,1321,1388,1674,1500,1605,1474,1710,1469,1667,1221,1519,1795,1375,1440,1327,1796,1808,1375,1197,1300,1300,1332,1586,1726,1468,1670,1770,1667,1225,1194,1424,1581,1684,1334,1244,1152,1270,1276,1261,1751,1681,1186,1340,1392,1480,1703,1446,1542,1535,1142,1317,1726,1644,1462,1531,1799,1382,1540,1650,1516,1757,1342,1635,1675,1641,1600,1391,1748,1368,1645,1140,1469,1597,1309,1178,1152,1788,1152,1173,1695,1575,1695,1586
,1641,1495,1259,1592,1176,1215,1508,1702,1300,1390,1766,1547,1647,1722,1617,1557,1764,1253,1212,1502,1456,1324,1226,1638,1582,1253,1222,1687,1578,1411,1770,1752,1319,1214,1661,1748,1185,1648,1482,1375,1516,1554,1752,1729,1362,1633,1629,1144,1194,1345,1275,1203,1688,1658,1312,1495,1624,1550,1217,1611,1163,1402,1162,1452,1645,1150,1450,1462,1586,1536,1800,1221,1761,1462,1486,1643,1217,1578,1540,1315,1779,1732,1509,1345,1670,1149,1600,1254,1458,1770,1539,1304,1623,1408,1365,1192,1313,1148,1298,1632,1800,1501,1175,1762,1244,1383,1176,1523,1187,1136,1287,1504,1753,1751,1502,1385,1518,1234,1153,1320,1198,1614,1397,1178,1288,1305,1501,1355,1650,1713,1740,1135,1635,1280,1651,1801,1282,1441,1700,1537,1785,1208,1309,1673,1219,1679,1258,1235,1324,1424,1306,1363,1772,1182,1262,1633,1426,1635,1768,1758,1786,1768,1716,1209,1350,1436,1350,1306,1588,1510,1543,1396,1696,1496,1308,1335,1389,1655,1459,1361,1330,1787,1253,1539,1676,1618,1683,1646,1384,1295,1540,1263,1708,1607,1677,1624,1453,1453,1761,1544,1566,1160,1659,1613,1189,1182,1404,1156,1723,1570,1351,1762,1348,1235,1141,1616,1167,1448,1596,1262,1204,1246,1366,1169,1429,1220,1795,1521,1571,1169,1472,1313,1726,1548,1692,1561,1685,1647,1187,1422,1202,1252,1341,1423,1753,1468,1342,1293,1753,1644,1563,1659,1596,1695,1623,1461,1488,1550,1291,1670,1777,1213,1534,1587,1759,1726,1647,1761,1805,1568,1757,1764,1669,1258,1647,1745,1461,1639,1551,1766,1417,1586,1282,1144,1339,1615,1598,1247,1575,1362,1183,1369,1537,1657,1137,1311,1549,1178,1431,1248,1758,1733,1736,1443,1643,1237,1254,1226,1506,1212,1609,1337,1389,1353,1381,1317
,1387,1518,1158,1371,1686,1365,1150,1614,1295,1657,1161,1479,1371,1798,1611,1771,1708,1282,1352,1484,1646,1408,1420,1776,1202,1681,1275,1716,1149,1411,1416,1231,1541,1326,1148,1736,1736,1541,1539,1267,1293,1749,1762,1309,1528,1616,1156,1671,1475,1698,1594,1437,1577,1434,1522,1449,1246,1612,1469,1596,1715,1702,1170,1295,1481,1594,1712,1284,1709,1166,1755,1333,1433,1512,1729,1622,1789,1251,1256,1540,1705,1173,1361,1151,1165,1328,1388,1717,1785,1436,1293,1156,1501,1530,1312,1428,1329,1559,1413,1134,1489,1589,1145,1508,1770,1425,1704,1800,1614,1242,1621,1423,1244,1213,1175,1445,1265,1579,1701,1474,1392,1195,1258,1694,1462,1446,1287,1242,1716,1515,1288,1529,1480,1803,1718,1319,1153,1779,1141,1556,1480,1435,1355,1147,1590,1151,1348,1754,1351,1481,1442,1472,1379,1270,1782,1754,1522,1616,1734,1324,1714,1330,1651,1224,1802,1546,1627,1802,1177,1394,1787,1634,1601,1641,1761,1532,1510,1323,1430,1533,1433,1283,1760,1345,1389,1745,1659,1198,1513,1647,1767,1598,1782,1569,1213,1615,1534,1660,1199,1720,1364,1386,1378,1502,1475,1181,1421,1438,1148,1260,1215,1314,1556,1505,1512,1604,1224,1330,1679,1454,1706,1358,1170,1374,1803,1706,1192,1212,1303,1223,1156,1285,1403,1335,1782,1739,1708,1344,1253,1177,1594,1403,1733,1709,1701,1770,1359,1654,1390,1342,1273,1339,1527,1419,1319,1489,1507,1389,1454,1604,1152,1298,1303,1151,1776,1459,1150,1742,1606,1775,1472,1499,1502,1281,1169,1476,1403,1600,1683,1382,1632,1802,1417,1235,1692,1393,1546,1400,1250,1349,1803,1517,1747,1708,1430,1316,1726,1489,1629,1597,1728,1434,1416,1677,1242,1269,1207,1769,1372,1454,1370,1540,1353,1274,1139,1399
,1775,1564,1456,1631,1734,1238,1147,1499,1399,1621,1311,1369,1181,1661,1209,1808,1592,1434,1717,1475,1486,1247,1381,1432,1603,1687,1748,1663,1314,1734,1315,1785,1367,1200,1623,1494,1546,1628,1721,1717,1571,1262,1537,1213,1480,1577,1660,1458,1262,1262,1658,1624,1736,1344,1139,1289,1572,1736,1502,1477,1448,1637,1545,1362,1488,1772,1147,1777,1699,1182,1234,1605,1557,1498,1349,1663,1168,1640,1722,1535,1363,1222,1695,1592,1546,1749,1660,1765,1555,1272,1305,1358,1672,1437,1294,1533,1726,1604,1243,1482,1681,1513,1556,1725,1318,1145,1544,1469,1198,1640,1336,1406,1143,1440,1455,1546,1495,1314,1593,1331,1214,1538,1650,1263,1320,1299,1602,1716,1513,1443,1300,1138,1339,1207,1401,1442,1768,1807,1351,1191,1799,1589,1583,1323,1759,1725,1694,1282,1358,1729,1337,1776,1611,1423,1750,1191,1206,1494,1233,1367,1529,1356,1541,1689,1540,1336,1562,1318,1395,1166,1216,1395,1687,1234,1789,1796,1192,1501,1379,1195,1536,1561,1247,1603,1784,1644,1583,1639,1653,1736,1332,1385,1572,1473,1455,1709,1210,1792,1653,1411,1723,1449,1205,1295,1608,1752,1187,1178,1784,1299,1204,1202,1355,1467,1789,1187,1292,1519,1136,1228,1701,1336,1438,1442,1305,1376,1468,1335,1465,1222,1439,1705,1709,1265,1629,1629,1429,1330,1396,1475,1795,1764,1331,1400,1376,1382,1635,1431,1529,1416,1621,1736,1490,1533,1461,1584,1133,1494,1135,1479,1262,1674,1285,1209,1686,1522,1644,1240,1669,1781,1248,1221,1604,1600,1163,1580,1201,1290,1526,1264,1422,1486,1789,1497,1277,1206,1311,1698,1303,1367,1620,1630,1719,1645,1412,1180,1686,1740,1181,1196,1464,1160,1731,1478,1528,1581,1316,1468,1397,1562,1607,1216,1150,1456,1165,1661
,1714,1739,1210,1616,1297,1388,1137,1680,1429,1664,1378,1431,1166,1472,1173,1631,1232,1294,1376,1587,1382,1407,1217,1147,1774,1538,1632,1400,1749,1170,1352,1756,1450,1774,1381,1598,1603,1447,1400,1560,1713,1392,1539,1648,1725,1695,1440,1655,1488,1543,1351,1168,1802,1202,1453,1581,1396,1196,1424,1224,1263,1365,1227,1173,1808,1572,1364,1450,1602,1696,1232,1599,1506,1223,1709,1212,1734,1477,1574,1222,1629,1250,1153,1617,1805,1275,1249,1329,1209,1318,1237,1771,1767,1281,1339,1412,1146,1484,1543,1212,1801,1218,1375,1546,1211,1628,1240,1295,1196,1389,1217,1662,1304,1353,1601,1783,1600,1721,1602,1329,1206,1748,1739,1344,1259,1634,1401,1595,1739,1245,1211,1570,1280,1203,1629,1740,1694,1185,1399,1669,1355,1553,1208,1745,1579,1651,1443,1397,1741,1291,1685,1611,1365,1186,1186,1533,1164,1239,1207,1634,1494,1570,1191,1208,1719,1470,1550,1669,1494,1436,1393,1692,1192,1168,1404,1684,1331,1232,1602,1237,1161,1425,1663,1767,1133,1459,1525,1211,1651,1362,1236,1508,1139,1143,1721,1207,1292,1638,1592,1331,1723,1744,1209,1256,1556,1683,1750,1537,1338,1742,1499,1479,1447,1204,1465,1772,1176,1266,1502,1605,1379,1237,1571,1469,1511,1425,1314,1268,1472,1544,1554,1488,1351,1649,1346,1607,1235,1423,1385,1697,1238,1530,1379,1687,1371,1371,1676,1556,1758,1379,1466,1408,1631,1496,1501,1583,1548,1617,1335,1245,1132,1583,1759,1298,1770,1227,1679,1516,1437,1573,1275,1366,1413,1373,1211,1602,1212,1322,1705,1506,1149,1454,1636,1172,1465,1310,1442,1286,1400,1693,1312,1172,1325,1343,1245,1710,1265,1167,1205,1511,1751,1191,1733,1256,1250,1569,1804,1425,1380,1443,1546,1767,1539,1240,1245,1499
,1707,1451,1763,1237,1798,1325,1374,1192,1593,1765,1548,1447,1178,1231,1355,1696,1255,1484,1403,1586,1437,1366,1241,1177,1227,1592,1690,1657,1141,1455,1493,1664,1402,1644,1696,1450,1192,1485,1140,1737,1357,1135,1302,1159,1548,1749,1785,1516,1599,1319,1531,1518,1767,1747,1805,1544,1144,1604,1792,1209,1199,1413,1512,1220,1272,1802,1235,1740,1723,1144,1390,1395,1201,1549,1342,1593,1412,1188,1622,1783,1505,1460,1473,1649,1609,1676,1652,1288,1614,1663,1783,1614,1272,1655,1393,1579,1663,1413,1695,1253,1213,1561,1588,1525,1338,1313,1220,1166,1259,1146,1194,1339,1697,1152,1554,1799,1779,1534,1259,1255,1158,1599,1547,1720,1697,1272,1333,1355,1337,1149,1725,1542,1263,1753,1496,1796,1760,1592,1414,1528,1769,1598,1139,1496,1789,1463,1677,1641,1288,1664,1588,1541,1353,1800,1396,1453,1190,1759,1548,1730,1364,1367,1728,1614,1251,1479,1251,1479,1330,1705,1150,1273,1288,1276,1759,1301,1348,1555,1443,1384,1440,1774,1424,1673,1442,1243,1317,1690,1244,1272,1148,1739,1366,1788,1684,1268,1490,1530,1572,1287,1209,1134,1591,1693,1191,1316,1792,1446,1197,1242,1235,1440,1194,1754,1534,1437,1251,1696,1642,1641,1493,1753,1272,1210,1333,1655,1260,1374,1686,1628,1448,1711,1300,1656,1400,1799,1250,1429,1677,1213,1796,1740,1569,1546,1760,1245,1622,1784,1521,1532,1620,1161,1412,1131,1364,1554,1399,1419,1345,1498,1345,1673,1679,1178,1762,1609,1613,1621,1185,1360,1762,1394,1687,1708,1701,1298,1586,1343,1389,1584,1236,1512,1172,1784,1377,1192,1218,1328,1407,1165,1422,1569,1678,1392,1585,1622,1757,1435,1162,1796,1444,1396,1491,1434,1674,1213,1226,1726,1263,1380,1422,1453,1728,1330,1748,1163
,1530,1140,1573,1655,1169,1643,1794,1131,1150,1536,1234,1440,1132,1720,1300,1248,1141,1717,1456,1131,1196,1301,1347,1661,1329,1689,1268,1488,1690,1428,1233,1522,1547,1327,1535,1362,1387,1381,1202,1144,1308,1635,1781,1801,1426,1248,1697,1322,1434,1736,1387,1343,1274,1620,1154,1530,1589,1602,1778,1743,1549,1350,1546,1221,1765,1178,1570,1563,1659,1316,1429,1799,1568,1730,1588,1748,1776,1530,1759,1640,1238,1715,1808,1545,1367,1619,1440,1276,1325,1386,1239,1221,1454,1457,1473,1181,1320,1708,1780,1650,1185,1674,1540,1282,1745,1538,1384,1145,1138,1747,1190,1289,1359,1268,1539,1451,1328,1747,1194,1646,1741,1193,1386,1468,1497,1466,1485,1641,1358,1231,1237,1343,1576,1136,1591,1476,1799,1504,1314,1688,1401,1592,1336,1424,1561,1438,1662,1440,1719,1323,1329,1668,1339,1590,1274,1230,1293,1755,1785,1618,1451,1635,1523,1235,1460,1707,1623,1425,1215,1532,1624,1319,1744,1383,1540,1709,1400,1251,1767,1571,1711,1191,1463,1140,1500,1189,1220,1636,1215,1318,1795,1282,1726,1456,1606,1468,1415,1665,1640,1264,1263,1389,1532,1675,1701,1192,1366,1254,1600,1727,1483,1156,1676,1478,1528,1589,1254,1339,1337,1226,1783,1154,1299,1620,1294,1280,1371,1491,1377,1743,1679,1356,1291,1334,1745,1712,1570,1556,1232,1538,1346,1562,1589,1764,1729,1437,1796,1295,1468,1630,1622,1508,1667,1317,1319,1699,1796,1309,1170,1758,1214,1441,1325,1330,1681,1279,1286,1407,1297,1695,1220,1396,1302,1715,1753,1294,1516,1507,1572,1459,1598,1404,1669,1346,1236,1467,1660,1568,1295,1757,1557,1673,1779,1566,1428,1341,1279,1183,1515,1721,1579,1240,1310,1507,1198,1299,1753,1344,1370,1347,1614,1631,1261,1495,1388,1587
,1740,1390,1304,1654,1193,1453,1163,1759,1150,1545,1325,1217,1596,1315,1182,1323,1499,1664,1530,1136,1449,1494,1451,1723,1522,1519,1583,1161,1149,1283,1228,1578,1723,1693,1607,1533,1793,1143,1597,1585,1728,1352,1215,1641,1660,1495,1257,1806,1203,1649,1756,1575,1782,1560,1203,1736,1598,1658,1652,1394,1517,1713,1467,1323,1174,1303,1435,1409,1581,1294,1696,1695,1415,1762,1750,1261,1311,1152,1433,1322,1299,1792,1396,1528,1695,1636,1196,1600,1386,1682,1406,1185,1567,1151,1669,1520,1250,1360,1394,1382,1500,1299,1135,1398,1206,1704,1469,1591,1288,1574,1196,1524,1387,1246,1463,1334,1801,1254,1448,1499,1591,1764,1320,1649,1266,1517,1702,1697,1397,1701,1185,1415,1748,1303,1229,1216,1769,1712,1546,1333,1273,1553,1499,1550,1629,1525,1342,1559,1535,1538,1659,1144,1355,1753,1376,1246,1756,1661,1483,1219,1469,1717,1764,1693,1639,1157,1337,1414,1306,1608,1277,1203,1244,1794,1389,1399,1353,1226,1202,1342,1305,1223,1610,1348,1612,1234,1317,1558,1183,1297,1180,1730,1144,1238,1156,1137,1165,1297,1606,1390,1726,1782,1409,1499,1740,1737,1790,1486,1702,1322,1390,1626,1470,1636,1465,1473,1668,1232,1423,1244,1519,1477,1534,1727,1282,1216,1677,1370,1733,1759,1452,1742,1664,1148,1488,1299,1353,1389,1471,1258,1173,1175,1794,1248,1725,1497,1214,1172,1511,1717,1520,1650,1718,1532,1352,1498,1291,1441,1382,1286,1346,1401,1329,1621,1262,1366,1660,1219,1653,1146,1666,1597,1640,1447,1598,1572,1442,1144,1318,1173,1613,1165,1167,1260,1689,1325,1529,1209,1530,1551,1377,1774,1463,1376,1139,1535,1268,1411,1527,1374,1748,1309,1492,1704,1713,1672,1525,1366,1224,1535,1499,1497,1427,1212,1174,1151
,1743,1747,1163,1766,1530,1655,1663,1212,1770,1755,1285,1340,1364,1616,1785,1365,1160,1324,1782,1625,1791,1504,1234,1630,1571,1524,1593,1722,1324,1740,1802,1704,1437,1223,1679,1261,1563,1661,1490,1164,1434,1471,1414,1230,1516,1783,1385,1352,1527,1157,1501,1373,1279,1347,1615,1159,1525,1137,1153,1658,1286,1729,1331,1578,1366,1510,1583,1636,1221,1197,1753,1800,1763,1522,1583,1529,1181,1467,1543,1256,1204,1295,1159,1267,1621,1753,1776,1752,1569,1772,1274,1714,1326,1521,1592,1144,1660,1493,1282,1559,1344,1480,1167,1270,1760,1387,1695,1353,1621,1265,1211,1427,1782,1537,1271,1371,1500,1805,1311,1458,1644,1317,1680,1256,1629,1717,1202,1770,1805,1155,1460,1462,1801,1750,1178,1770,1504,1311,1429,1173,1580,1234,1620,1332,1807,1138,1419,1632,1646,1159,1795,1762,1478,1221,1524,1633,1215,1788,1589,1199,1794,1674,1699,1367,1807,1270,1502,1778,1550,1324,1540,1631,1602,1352,1198,1133,1577,1579,1228,1262,1788,1598,1476,1461,1635,1323,1343,1372,1216,1501,1785,1711,1516,1674,1378,1789,1769,1570,1225,1246,1566,1425,1283,1800,1146,1353,1590,1404,1659,1734,1145,1615,1643,1594,1209,1382,1145,1195,1219,1797,1604,1535,1140,1666,1624,1381,1330,1456,1718,1338,1630,1704,1637,1315,1698,1469,1509,1382,1802,1400,1740,1477,1426,1554,1753,1394,1289,1171,1568,1422,1547,1778,1737,1253,1774,1630,1492,1443,1407,1292,1467,1808,1172,1778,1758,1177,1156,1793,1304,1743,1678,1545,1482,1323,1601,1292,1779,1243,1489,1405,1601,1164,1765,1150,1230,1771,1533,1392,1590,1394,1260,1702,1357,1236,1688,1564,1774,1748,1476,1275,1136,1651,1134,1394,1134,1319,1609,1488,1210,1761,1791,1150,1768,1655,1174,1614
,1292,1364,1333,1594,1521,1725,1473,1774,1694,1669,1691,1448,1594,1293,1614,1340,1228,1456,1575,1640,1604,1703,1736,1263,1675,1698,1455,1619,1663,1429,1329,1728,1661,1207,1311,1352,1628,1364,1770,1308,1146,1734,1795,1493,1531,1611,1435,1784,1371,1311,1212,1573,1145,1762,1290,1170,1655,1383,1698,1398,1666,1366,1643,1279,1325,1486,1685,1181,1341,1356,1640,1467,1773,1329,1380,1529,1727,1713,1329,1164,1593,1518,1711,1209,1648,1262,1629,1427,1790,1345,1234,1152,1555,1394,1447,1449,1450,1143,1748,1265,1409,1694,1282,1399,1416,1134,1159,1236,1591,1438,1419,1420,1373,1425,1456,1298,1689,1335,1599,1677,1474,1401,1750,1412,1186,1394,1683,1585,1800,1148,1652,1472,1207,1353,1297,1657,1369,1558,1523,1494,1297,1574,1510,1440,1158,1313,1299,1555,1533,1648,1396,1184,1312,1569,1147,1695,1614,1251,1583,1254,1518,1705,1175,1463,1179,1780,1160,1455,1161,1626,1788,1648,1500,1192,1804,1615,1272,1582,1582,1444,1397,1338,1331,1768,1580,1146,1341,1588,1255,1279,1333,1609,1238,1476,1593,1728,1427,1691,1400,1348,1740,1759,1794,1414,1151,1553,1445,1274,1443,1405,1614,1163,1287,1347,1413,1601,1636,1653,1488,1784,1691,1461,1178,1692,1679,1481,1547,1772,1428,1629,1526,1317,1391,1735,1716,1325,1346,1450,1175,1808,1254,1560,1305,1801,1595,1508,1616,1408,1728,1578,1675,1662,1266,1212,1808,1561,1412,1530,1497,1656,1376,1552,1453,1668,1746,1530,1254,1340,1675,1701,1752,1543,1345,1180,1207,1436,1772,1706,1427,1661,1626,1737,1233,1633,1302,1364,1352,1162,1466,1525,1631,1535,1465,1160,1202,1622,1136,1370,1237,1479,1490,1214,1624,1329,1722,1336,1688,1602,1575,1525,1135,1388,1519,1148,1744,1240
,1594,1201,1132,1136,1165,1669,1747,1317,1416,1288,1179,1593,1216,1166,1211,1707,1744,1691,1603,1418,1340,1514,1163,1752,1794,1498,1159,1400,1153,1406,1563,1598,1654,1722,1428,1268,1665,1478,1663,1727,1798,1602,1393,1724,1246,1496,1797,1223,1589,1152,1404,1598,1383,1566,1185,1136,1687,1508,1133,1469,1357,1660,1755,1166,1271,1607,1478,1498,1426,1628,1179,1441,1245,1565,1490,1502,1474,1642,1584,1742,1190,1301,1601,1203,1789,1152,1549,1717,1792,1680,1314,1339,1164,1165,1517,1751,1511,1196,1254,1679,1634,1641,1311,1576,1670,1363,1645,1534,1604,1346,1589,1168,1486,1413,1230,1434,1677,1798,1718,1143,1477,1387,1200,1298,1655,1147,1583,1560,1170,1592,1590,1639,1198,1461,1377,1612,1426,1273,1631,1795,1363,1513,1610,1580,1512,1426,1574,1378,1311,1216,1179,1764,1291,1173,1663,1671,1507,1203,1425,1395,1683,1635,1490,1550,1547,1154,1408,1667,1513,1388,1151,1578,1686,1147,1545,1354,1155,1794,1495,1710,1234,1218,1356,1666,1184,1491,1361,1530,1273,1411,1342,1256,1620,1714,1733,1527,1614,1617,1353,1199,1285,1525,1248,1229,1632,1578,1320,1510,1507,1526,1535,1236,1603,1550,1800,1481,1632,1326,1144,1400,1683,1568,1741,1639,1670,1138,1325,1316,1369,1327,1144,1434,1597,1704,1767,1679,1136,1593,1661,1436,1196,1471,1674,1148,1397,1406,1164,1167,1456,1201,1702,1308,1239,1774,1556,1259,1606,1194,1288,1697,1243,1161,1530,1445,1640,1319,1713,1251,1184,1426,1467,1594,1552,1322,1199,1370,1749,1253,1695,1282,1415,1471,1608,1471,1179,1455,1785,1617,1455,1653,1241,1321,1194,1784,1267,1202,1420,1469,1773,1299,1142,1430,1512,1678,1799,1531,1718,1293,1766,1506,1716,1686,1482,1515,1322,1613
,1251,1754,1146,1359,1303,1268,1355,1633,1174,1254,1672,1204,1290,1714,1175,1636,1238,1253,1452,1508,1440,1698,1155,1547,1417,1328,1562,1569,1471,1774,1768,1497,1687,1172,1237,1704,1469,1138,1581,1544,1163,1723,1177,1443,1422,1724,1658,1174,1633,1284,1515,1676,1684,1274,1363,1381,1718,1630,1389,1320,1286,1147,1659,1168,1579,1244,1326,1342,1638,1569,1613,1721,1599,1296,1250,1213,1566,1381,1494,1144,1701,1681,1467,1769,1716,1373,1570,1141,1260,1782,1450,1235,1271,1691,1611,1247,1690,1434,1407,1382,1709,1222,1434,1752,1696,1155,1267,1779,1320,1489,1297,1528,1184,1143,1683,1191,1365,1579,1394,1720,1504,1744,1544,1541,1748,1493,1510,1168,1404,1740,1591,1444,1497,1148,1625,1162,1164,1787,1646,1139,1720,1354,1161,1663,1737,1309,1466,1655,1777,1303,1788,1787,1315,1733,1477,1635,1572,1679,1209,1245,1800,1254,1727,1407,1785,1312,1562,1568,1598,1580,1611,1726,1399,1204,1319,1696,1319,1470,1738,1572,1453,1530,1202,1470,1135,1305,1330,1382,1270,1455,1617,1740,1174,1648,1249,1758,1301,1477,1542,1627,1559,1500,1684,1272,1430,1357,1520,1168,1542,1387,1784,1225,1176,1263,1190,1423,1552,1142,1209,1412,1221,1468,1493,1599,1430,1445,1214,1244,1528,1591,1139,1375,1481,1425,1184,1305,1597,1467,1584,1589,1426,1342,1537,1445,1377,1335,1592,1368,1297,1598,1396,1280,1486,1806,1502,1779,1303,1396,1354,1280,1502,1226,1708,1362,1787,1651,1285,1348,1504,1665,1436,1733,1516,1690,1795,1584,1613,1412,1313,1293,1629,1622,1277,1730,1217,1658,1173,1219,1608,1356,1574,1365,1147,1487,1422,1258,1195,1275,1539,1596,1530,1483,1481,1494,1349,1495,1512,1709,1525,1521,1289,1683,1358,1510,1514,1577
,1466,1254,1271,1217,1263,1599,1627,1547,1384,1405,1644,1261,1485,1206,1699,1299,1331,1177,1669,1550,1559,1147,1323,1418,1789,1361,1806,1186,1166,1673,1619,1405,1360,1576,1662,1430,1278,1784,1261,1451,1517,1468,1778,1297,1418,1238,1276,1574,1272,1181,1489,1371,1695,1529,1498,1625,1322,1324,1316,1694,1249,1407,1314,1412,1677,1231,1413,1763,1348,1240,1147,1289,1348,1516,1397,1735,1348,1712,1529,1645,1420,1170,1392,1444,1631,1500,1430,1771,1212,1517,1319,1337,1716,1483,1463,1355,1212,1763,1583,1459,1763,1158,1232,1191,1335,1792,1142,1642,1210,1320,1202,1626,1293,1360,1151,1378,1233,1176,1558,1571,1454,1670,1538,1707,1766,1399,1167,1158,1144,1676,1668,1774,1470,1590,1264,1436,1378,1514,1547,1799,1496,1210,1581,1340,1432,1530,1554,1711,1205,1408,1244,1307,1399,1580,1633,1220,1499,1530,1275,1665,1220,1155,1352,1270,1745,1646,1476,1274,1175,1470,1718,1710,1425,1371,1648,1460,1464,1230,1238,1383,1526,1353,1503,1190,1623,1559,1436,1494,1808,1739,1180,1668,1307,1443,1192,1222,1185,1723,1661,1395,1716,1317,1581,1166,1677,1381,1232,1200,1344,1684,1411,1521,1406,1620,1472,1293,1714,1562,1648,1527,1191,1510,1662,1574,1358,1425,1310,1616,1347,1758,1591,1616,1667,1295,1486,1132,1343,1382,1601,1514,1438,1389,1686,1799,1262,1341,1789,1671,1772,1727,1281,1308,1266,1221,1528,1551,1797,1783,1648,1370,1165,1543,1343,1769,1362,1307,1187,1273,1397,1160,1583,1137,1618,1642,1568,1141,1807,1593,1393,1621,1345,1330,1600,1185,1492,1528,1235,1252,1705,1351,1657,1517,1593,1569,1298,1258,1506,1139,1658,1610,1475,1429,1637,1733,1798,1287,1468,1249,1483,1739,1665,1179,1780,1486,1675,1742
,1700,1574,1583,1252,1580,1135,1365,1329,1561,1477,1415,1542,1559,1535,1563,1443,1560,1433,1635,1569,1383,1488,1476,1167,1387,1554,1253,1657,1512,1799,1780,1489,1296,1134,1375,1720,1191,1285,1184,1799,1154,1265,1504,1775,1576,1355,1276,1265,1617,1278,1212,1151,1399,1722,1662,1341,1377,1323,1594,1547,1310,1323,1244,1672,1505,1173,1795,1397,1755,1511,1774,1368,1755,1615,1659,1160,1645,1715,1765,1254,1253,1573,1680,1727,1205,1692,1697,1416,1808,1131,1736,1451,1515,1238,1593,1172,1287,1220,1567,1648,1185,1517,1353,1191,1325,1332,1388,1442,1805,1218,1606,1263,1414,1672,1520,1764,1189,1160,1539,1181,1380,1183,1800,1249,1271,1585,1577,1711,1537,1783,1576,1230,1251,1509,1482,1593,1738,1668,1496,1560,1363,1263,1595,1381,1623,1715,1561,1632,1744,1750,1318,1788,1213,1286,1577,1592,1346,1744,1243,1765,1603,1152,1298,1658,1180,1251,1573,1756,1241,1597,1751,1785,1236,1505,1335,1583,1799,1370,1690,1304,1672,1297,1241,1356,1147,1379,1202,1627,1690,1596,1592,1651,1270,1673,1254,1792,1401,1272,1645,1160,1141,1416,1402,1805,1629,1718,1646,1233,1225,1721,1451,1769,1205,1253,1378,1141,1472,1346,1687,1526,1757,1732,1461,1207,1475,1313,1764,1755,1284,1340,1552,1434,1268,1680,1544,1726,1148,1656,1406,1253,1138,1797,1556,1357,1246,1530,1410,1375,1465,1723,1537,1220,1562,1719,1348,1427,1463,1528,1512,1434,1432,1506,1633,1395,1504,1199,1611,1297,1405,1308,1535,1251,1772,1182,1635,1705,1407,1358,1579,1696,1332,1500,1796,1511,1417,1455,1325,1204,1565,1770,1448,1624,1763,1457,1614,1547,1693,1275,1663,1148,1694,1557,1226,1712,1298,1755,1579,1315,1593,1638,1567,1558,1449,1153,1510,1516
,1696,1366,1442,1636,1795,1161,1702,1480,1414,1583,1445,1356,1266,1683,1257,1538,1432,1368,1209,1227,1324,1585,1373,1716,1713,1453,1169,1768,1683,1354,1434,1212,1758,1321,1726,1391,1417,1751,1185,1514,1367,1267,1213,1208,1454,1219,1300,1386,1698,1354,1807,1202,1157,1595,1204,1476,1198,1426,1191,1667,1380,1529,1713,1696,1640,1545,1794,1177,1368,1530,1325,1722,1743,1541,1245,1192,1371,1278,1610,1410,1758,1609,1712,1237,1604,1309,1806,1426,1474,1255,1742,1797,1233,1293,1450,1184,1634,1135,1319,1743,1534,1528,1410,1451,1691,1808,1239,1681,1559,1392,1482,1466,1597,1585,1684,1587,1530,1806,1747,1161,1446,1239,1478,1754,1535,1433,1798,1392,1760,1707,1769,1414,1417,1132,1694,1689,1373,1161,1563,1716,1190,1223,1253,1785,1360,1542,1515,1354,1784,1338,1345,1512,1348,1634,1642,1225,1421,1785,1439,1224,1278,1511,1569,1390,1451,1474,1319,1203,1459,1326,1489,1463,1601,1319,1426,1592,1756,1528,1288,1443,1254,1669,1162,1548,1207,1385,1251,1465,1221,1588,1261,1451,1578,1213,1506,1791,1386,1756,1479,1642,1705,1700,1583,1581,1481,1581,1687,1327,1161,1334,1176,1693,1365,1650,1302,1577,1209,1580,1446,1511,1431,1452,1751,1665,1684,1213,1485,1200,1212,1395,1717,1147,1289,1540,1277,1304,1422,1572,1299,1564,1399,1316,1255,1673,1581,1724,1213,1220,1763,1270,1473,1453,1724,1208,1552,1217,1491,1547,1157,1802,1574,1478,1374,1304,1329,1458,1612,1317,1688,1617,1799,1219,1367,1159,1527,1804,1272,1351,1688,1337,1481,1499,1300,1350,1522,1385,1742,1284,1479,1534,1494,1214,1783,1326,1706,1394,1374,1178,1560,1412,1804,1552,1603,1706,1294,1732,1776,1315,1165,1488,1422,1668,1678,1751,1460,1148
,1255,1416,1755,1480,1780,1550,1467,1200,1443,1251,1658,1369,1561,1382,1490,1143,1420,1668,1769,1341,1489,1732,1433,1154,1249,1406,1272,1587,1159,1712,1594,1512,1164,1544,1576,1682,1295,1684,1529,1163,1675,1142,1773,1444,1284,1280,1670,1540,1613,1608,1732,1693,1341,1317,1549,1668,1153,1417,1617,1185,1313,1694,1506,1648,1293,1164,1555,1297,1688,1320,1207,1608,1380,1772,1338,1646,1372,1489,1366,1164,1442,1631,1708,1413,1211,1640,1543,1576,1449,1586,1163,1161,1674,1146,1281,1260,1253,1542,1300,1370,1537,1403,1491,1332,1605,1694,1463,1248,1188,1728,1366,1578,1402,1508,1485,1281,1456,1761,1359,1703,1623,1295,1540,1286,1801,1165,1545,1344,1353,1262,1163,1300,1409,1775,1198,1710,1747,1408,1450,1753,1707,1326,1175,1806,1307,1595,1172,1742,1210,1744,1239,1748,1414,1679,1696,1135,1429,1807,1497,1268,1509,1473,1286,1526,1620,1538,1286,1658,1221,1342,1307,1768,1778,1150,1702,1417,1647,1201,1231,1223,1225,1278,1235,1614,1226,1424,1394,1141,1740,1789,1271,1680,1288,1750,1292,1601,1135,1785,1753,1544,1278,1440,1492,1675,1653,1519,1151,1416,1616,1729,1390,1311,1492,1556,1401,1212,1489,1232,1319,1458,1455,1619,1680,1246,1674,1764,1276,1295,1401,1320,1132,1716,1494,1200,1585,1476,1383,1163,1375,1436,1315,1212,1336,1273,1455,1345,1751,1763,1278,1268,1528,1227,1184,1595,1488,1793,1301,1253,1530,1773,1335,1370,1237,1305,1484,1308,1616,1571,1530,1674,1432,1772,1489,1610,1458,1388,1141,1352,1416,1700,1542,1650,1431,1306,1486,1370,1234,1408,1796,1468,1328,1535,1444,1537,1636,1157,1689,1380,1178,1337,1602,1799,1194,1568,1700,1686,1608,1392,1159,1423,1218,1659,1282,1198,1168,1138
,1580,1680,1333,1286,1443,1385,1476,1516,1301,1548,1692,1298,1503,1311,1289,1370,1204,1488,1758,1429,1260,1323,1696,1571,1385,1398,1236,1466,1294,1134,1443,1593,1416,1197,1576,1514,1806,1193,1739,1509,1720,1632,1489,1364,1166,1418,1150,1748,1188,1783,1527,1358,1306,1343,1273,1705,1497,1169,1550,1496,1678,1546,1566,1240,1584,1146,1694,1763,1727,1592,1736,1253,1257,1657,1607,1245,1549,1238,1350,1539,1542,1805,1387,1320,1405,1653,1557,1455,1406,1715,1546,1555,1402,1800,1747,1148,1755,1724,1203,1193,1362,1148,1544,1699,1508,1581,1369,1769,1774,1337,1741,1721,1296,1534,1304,1506,1472,1364,1238,1211,1702,1592,1257,1336,1573,1221,1240,1420,1507,1216,1254,1276,1365,1565,1471,1591,1565,1185,1594,1214,1571,1705,1459,1410,1223,1537,1533,1604,1662,1343,1603,1774,1471,1377,1633,1751,1781,1404,1365,1504,1494,1232,1166,1474,1219,1250,1529,1503,1651,1243,1665,1642,1716,1207,1431,1300,1535,1427,1460,1218,1166,1221,1254,1519,1450,1276,1808,1215,1255,1481,1502,1591,1343,1273,1690,1226,1696,1326,1456,1603,1215,1147,1272,1311,1135,1767,1167,1391,1474,1749,1504,1206,1732,1215,1776,1449,1681,1505,1412,1165,1718,1615,1488,1603,1492,1498,1406,1257,1675,1347,1243,1401,1608,1253,1249,1697,1585,1190,1575,1589,1723,1765,1375,1616,1230,1808,1435,1564,1280,1220,1219,1340,1532,1617,1319,1770,1525,1134,1316,1435,1267,1756,1625,1350,1619,1146,1416,1807,1700,1540,1615,1159,1206,1212,1153,1179,1757,1351,1526,1671,1439,1588,1755,1625,1620,1430,1640,1423,1805,1678,1367,1293,1492,1227,1302,1159,1433,1328,1358,1212,1559,1696,1207,1515,1648,1160,1324,1658,1312,1688,1612,1505,1268,1567,1423,1153
,1747,1151,1469,1402,1402,1697,1390,1222,1203,1766,1356,1617,1193,1143,1310,1746,1397,1444,1711,1512,1220,1210,1651,1561,1244,1776,1246,1793,1193,1363,1270,1212,1639,1551,1158,1459,1157,1336,1632,1532,1373,1287,1757,1443,1320,1396,1685,1623,1154,1499,1145,1198,1185,1399,1248,1274,1763,1217,1487,1319,1761,1785,1758,1340,1265,1624,1405,1713,1224,1572,1418,1651,1593,1794,1539,1343,1668,1578,1228,1434,1803,1306,1401,1213,1199,1204,1718,1412,1335,1663,1711,1309,1314,1459,1612,1135,1780,1454,1198,1306,1157,1768,1333,1492,1148,1276,1668,1265,1735,1438,1537,1622,1456,1711,1474,1715,1317,1585,1377,1716,1271,1403,1296,1442,1174,1196,1271,1505,1321,1511,1251,1684,1795,1219,1618,1457,1613,1333,1286,1681,1387,1411,1359,1563,1708,1587,1429,1200,1158,1518,1743,1631,1734,1517,1235,1410,1302,1656,1342,1278,1555,1198,1783,1355,1654,1318,1445,1466,1687,1500,1681,1545,1498,1396,1638,1211,1371,1764,1425,1543,1321,1487,1581,1526,1724,1783,1784,1788,1618,1691,1696,1764,1610,1356,1524,1278,1504,1397,1253,1175,1553,1742,1356,1520,1259,1248,1438,1491,1549,1349,1391,1202,1700,1791,1430,1263,1661,1619,1726,1338,1133,1725,1204,1576,1645,1679,1249,1430,1641,1641,1269,1156,1645,1288,1722,1338,1521,1529,1259,1132,1499,1635,1466,1135,1642,1340,1632,1212,1429,1164,1290,1687,1157,1433,1692,1235,1494,1635,1333,1150,1398,1526,1552,1366,1166,1462,1247,1459,1197,1297,1345,1390,1612,1217,1421,1281,1263,1258,1356,1339,1786,1363,1429,1617,1388,1679,1427,1279,1509,1556,1527,1143,1196,1679,1758,1324,1263,1745,1533,1227,1265,1718,1756,1177,1578,1432,1711,1257,1769,1201,1686,1219,1384,1507,1674,1455
,1267,1785,1553,1677,1330,1249,1273,1212,1169,1381,1540,1323,1557,1742,1595,1589,1524,1597,1267,1198,1534,1785,1672,1706,1791,1736,1346,1206,1749,1198,1176,1253,1245,1589,1635,1546,1760,1306,1318,1583,1646,1310,1300,1277,1660,1650,1668,1221,1177,1441,1232,1348,1665,1157,1166,1589,1194,1156,1155,1509,1664,1390,1149,1345,1690,1705,1335,1163,1740,1262,1539,1670,1214,1256,1167,1232,1745,1268,1456,1182,1409,1140,1168,1421,1473,1216,1459,1620,1662,1567,1593,1800,1438,1482,1417,1468,1803,1572,1462,1605,1179,1618,1527,1653,1538,1645,1543,1341,1213,1318,1249,1400,1510,1349,1792,1491,1549,1412,1206,1396,1197,1655,1580,1575,1283,1508,1726,1635,1750,1248,1794,1578,1494,1255,1627,1614,1461,1459,1525,1242,1497,1365,1489,1689,1751,1660,1514,1191,1687,1249,1613,1436,1336,1698,1469,1192,1535,1327,1696,1435,1769,1633,1773,1235,1423,1708,1454,1701,1406,1571,1271,1355,1186,1587,1183,1559,1697,1219,1430,1288,1620,1302,1541,1409,1527,1144,1476,1419,1794,1734,1554,1771,1476,1479,1368,1178,1754,1457,1511,1641,1432,1721,1675,1232,1765,1225,1492,1559,1170,1730,1424,1719,1668,1621,1165,1555,1369,1294,1422,1286,1135,1296,1275,1714,1478,1550,1196,1497,1186,1741,1512,1642,1596,1182,1201,1734,1727,1340,1721,1152,1413,1155,1287,1665,1764,1161,1376,1642,1419,1541,1442,1578,1541,1561,1743,1209,1511,1723,1643,1414,1194,1760,1248,1258,1361,1498,1133,1512,1178,1304,1386,1638,1192,1601,1771,1739,1441,1738,1365,1792,1532,1654,1134,1203,1365,1507,1266,1255,1645,1243,1363,1222,1713,1273,1167,1536,1581,1340,1598,1785,1709,1576,1612,1620,1412,1440,1683,1618,1275,1342,1316,1291,1509,1405,1209,1145
,1581,1155,1767,1694,1549,1337,1187,1176,1487,1721,1780,1461,1536,1402,1327,1225,1412,1421,1259,1525,1587,1649,1208,1474,1803,1540,1789,1382,1432,1630,1299,1483,1327,1689,1758,1264,1301,1293,1367,1527,1267,1411,1705,1538,1747,1495,1648,1566,1618,1204,1231,1447,1267,1247,1238,1660,1441,1165,1487,1322,1571,1400,1301,1210,1257,1514,1781,1441,1691,1701,1245,1751,1779,1702,1456,1260,1253,1287,1259,1268,1786,1679,1251,1362,1174,1695,1618,1191,1625,1342,1394,1204,1437,1374,1167,1440,1801,1742,1546,1647,1581,1455,1602,1236,1247,1498,1492,1230,1543,1778,1496,1692,1171,1400,1537,1491,1723,1757,1429,1568,1190,1196,1173,1275,1755,1643,1391,1223,1438,1710,1595,1451,1464,1230,1232,1767,1269,1717,1344,1593,1325,1602,1380,1140,1190,1728,1411,1232,1727,1347,1442,1153,1299,1196,1745,1485,1554,1789,1651,1630,1431,1185,1656,1423,1728,1262,1242,1678,1686,1471,1536,1254,1795,1668,1267,1423,1230,1258,1135,1515,1234,1681,1801,1287,1173,1435,1468,1479,1525,1402,1537,1442,1152,1709,1243,1139,1718,1712,1164,1458,1618,1519,1377,1794,1323,1568,1492,1674,1803,1171,1291,1602,1156,1746,1275,1586,1433,1243,1727,1222,1628,1190,1404,1685,1171,1234,1172,1156,1580,1247,1767,1499,1804,1723,1385,1479,1565,1237,1742,1429,1194,1251,1302,1145,1204,1801,1697,1150,1420,1234,1229,1562,1186,1413,1418,1580,1480,1301,1451,1400,1662,1473,1180,1499,1301,1419,1660,1135,1296,1772,1520,1402,1712,1374,1344,1312,1273,1723,1715,1784,1299,1187,1555,1573,1197,1387,1640,1164,1442,1181,1198,1674,1327,1218,1414,1224,1467,1178,1199,1715,1359,1238,1162,1704,1242,1209,1442,1467,1770,1781,1657,1216,1713,1487,1395,1769
,1756,1766,1610,1505,1339,1487,1716,1760,1637,1761,1631,1451,1142,1426,1231,1732,1246,1272,1716,1707,1620,1770,1430,1710,1260,1250,1357,1244,1571,1366,1661,1398,1191,1716,1411,1204,1335,1459,1429,1285,1672,1623,1135,1524,1551,1178,1540,1396,1372,1535,1674,1678,1699,1438,1476,1141,1555,1765,1751,1198,1771,1700,1196,1672,1501,1346,1598,1391,1767,1512,1660,1496,1162,1171,1456,1398,1442,1268,1292,1524,1131,1132,1619,1342,1303,1637,1372,1216,1787,1721,1250,1595,1332,1466,1367,1530,1778,1673,1247,1156,1647,1439,1460,1783,1284,1223,1288,1281,1318,1769,1614,1377,1709,1446,1446,1397,1323,1623,1261,1605,1584,1528,1341,1744,1301,1439,1149,1535,1174,1387,1713,1737,1775,1158,1657,1446,1693,1293,1743,1281,1675,1491,1611,1276,1270,1492,1529,1695,1443,1450,1188,1538,1725,1474,1228,1464,1165,1594,1173,1389,1469,1255,1201,1764,1219,1799,1763,1449,1450,1751,1516,1359,1185,1651,1737,1463,1290,1330,1665,1393,1518,1778,1447,1762,1261,1351,1327,1613,1407,1150,1639,1268,1544,1667,1555,1797,1228,1646,1535,1545,1785,1204,1532,1153,1730,1762,1792,1740,1557,1390,1561,1755,1263,1777,1400,1599,1763,1512,1794,1517,1708,1143,1195,1333,1630,1486,1306,1291,1704,1789,1287,1699,1559,1229,1139,1614,1181,1332,1622,1279,1793,1221,1276,1511,1142,1305,1614,1244,1144,1581,1452,1475,1545,1669,1758,1694,1494,1186,1398,1723,1198,1424,1627,1396,1187,1238,1408,1797,1412,1236,1260,1631,1577,1253,1540,1145,1208,1800,1190,1638,1198,1246,1184,1786,1230,1752,1596,1244,1638,1523,1463,1715,1688,1385,1638,1738,1768,1667,1497,1437,1333,1780,1216,1449,1447,1629,1300,1392,1605,1217,1214,1398,1465,1429,1152,1441
,1308,1333,1557,1301,1194,1442,1262,1688,1662,1146,1137,1677,1297,1393,1760,1534,1408,1244,1598,1445,1439,1640,1536,1366,1682,1259,1442,1641,1603,1730,1463,1418,1269,1597,1362,1211,1515,1386,1778,1751,1141,1231,1245,1514,1176,1752,1213,1387,1701,1422,1671,1639,1664,1787,1209,1167,1636,1593,1540,1564,1661,1721,1188,1278,1600,1553,1570,1621,1518,1487,1405,1528,1474,1591,1408,1461,1736,1390,1731,1675,1369,1258,1586,1581,1711,1346,1473,1679,1763,1653,1631,1157,1588,1223,1753,1193,1185,1720,1751,1257,1393,1443,1784,1569,1527,1708,1701,1428,1237,1184,1334,1777,1531,1723,1558,1380,1404,1238,1783,1410,1422,1649,1438,1272,1707,1615,1802,1694,1760,1466,1345,1588,1281,1316,1314,1261,1709,1774,1195,1513,1716,1628,1718,1200,1432,1456,1470,1421,1190,1508,1658,1527,1584,1720,1139,1410,1192,1464,1134,1557,1327,1730,1271,1269,1749,1284,1721,1514,1164,1308,1534,1777,1308,1592,1380,1207,1373,1349,1711,1168,1307,1221,1722,1526,1240,1559,1540,1345,1704,1789,1747,1465,1203,1348,1367,1452,1503,1769,1572,1238,1669,1778,1331,1735,1624,1210,1535,1637,1290,1155,1716,1313,1803,1592,1534,1761,1576,1246,1425,1317,1639,1767,1432,1729,1521,1768,1562,1359,1516,1157,1262,1183,1162,1521,1229,1623,1311,1699,1670,1300,1511,1738,1740,1654,1459,1663,1253,1309,1234,1462,1563,1306,1389,1634,1591,1521,1449,1637,1183,1466,1705,1383,1259,1393,1133,1375,1140,1322,1782,1728,1695,1385,1765,1320,1471,1166,1717,1248,1335,1396,1492,1785,1561,1700,1622,1743,1806,1432,1645,1382,1695,1748,1785,1498,1742,1161,1788,1472,1604,1462,1515,1751,1615,1253,1193,1683,1716,1246,1404,1643,1407,1476,1418,1593,1167,1549
,1535,1203,1337,1673,1260,1180,1252,1487,1328,1350,1601,1264,1531,1620,1303,1469,1486,1521,1671,1775,1725,1453,1770,1687,1395,1765,1511,1185,1700,1497,1570,1607,1518,1667,1450,1703,1203,1260,1703,1571,1432,1202,1231,1187,1496,1357,1438,1140,1781,1701,1303,1804,1215,1758,1181,1509,1524,1163,1365,1790,1235,1445,1753,1315,1714,1282,1546,1173,1506,1740,1697,1480,1617,1305,1361,1793,1233,1221,1762,1313,1246,1745,1445,1706,1660,1267,1303,1766,1272,1447,1242,1772,1353,1594,1281,1390,1143,1238,1317,1784,1794,1672,1148,1778,1621,1292,1628,1191,1646,1271,1245,1159,1803,1528,1209,1257,1508,1284,1249,1589,1537,1542,1154,1740,1537,1250,1632,1429,1769,1399,1141,1294,1562,1426,1215,1739,1442,1272,1252,1724,1532,1272,1621,1409,1755,1658,1560,1324,1263,1251,1614,1260,1388,1363,1207,1252,1132,1704,1313,1769,1217,1470,1678,1263,1215,1506,1172,1201,1471,1137,1682,1765,1336,1326,1479,1762,1134,1332,1328,1418,1631,1561,1555,1557,1658,1676,1497,1405,1740,1634,1549,1636,1639,1741,1444,1568,1647,1475,1420,1155,1255,1329,1771,1144,1482,1717,1601,1134,1627,1719,1209,1350,1328,1559,1163,1359,1712,1298,1630,1460,1251,1427,1589,1296,1732,1635,1510,1743,1193,1476,1790,1342,1616,1410,1438,1592,1393,1359,1609,1285,1284,1596,1455,1153,1456,1562,1224,1497,1362,1147,1338,1251,1371,1666,1674,1615,1733,1153,1714,1760,1593,1492,1720,1423,1158,1413,1162,1628,1318,1269,1368,1771,1173,1321,1320,1191,1201,1558,1539,1185,1456,1338,1694,1195,1661,1722,1163,1448,1240,1659,1263,1299,1256,1310,1803,1719,1207,1647,1185,1697,1541,1796,1515,1489,1444,1491,1464,1529,1519,1419,1488,1768,1606,1359,1552,1485
,1546,1310,1320,1669,1230,1410,1697,1421,1229,1458,1635,1568,1451,1305,1519,1635,1155,1170,1168,1497,1337,1167,1776,1743,1339,1658,1539,1770,1301,1220,1389,1747,1168,1236,1202,1605,1776,1639,1716,1152,1368,1454,1352,1226,1199,1483,1768,1634,1745,1273,1446,1259,1751,1570,1577,1268,1404,1418,1530,1798,1694,1464,1394,1756,1529,1689,1138,1610,1696,1237,1575,1236,1613,1494,1177,1373,1232,1741,1254,1290,1767,1433,1721,1488,1226,1493,1514,1483,1557,1138,1351,1291,1704,1399,1493,1353,1142,1340,1593,1337,1255,1623,1154,1245,1551,1583,1203,1439,1778,1356,1671,1645,1649,1679,1397,1429,1742,1538,1178,1154,1716,1415,1651,1482,1344,1399,1524,1210,1778,1506,1762,1540,1698,1637,1604,1557,1791,1572,1640,1701,1390,1347,1785,1615,1445,1382,1683,1578,1686,1446,1548,1599,1598,1209,1698,1498,1706,1315,1802,1632,1684,1600,1697,1256,1800,1406,1397,1214,1506,1536,1546,1633,1644,1588,1576,1740,1289,1381,1495,1361,1466,1598,1449,1276,1533,1162,1555,1573,1449,1415,1233,1648,1780,1548,1345,1464,1257,1178,1423,1705,1356,1725,1146,1512,1568,1452,1802,1554,1763,1256,1684,1419,1469,1267,1449,1455,1148,1224,1742,1426,1672,1134,1433,1514,1447,1301,1756,1759,1323,1452,1581,1416,1369,1303,1312,1207,1255,1663,1434,1139,1321,1782,1671,1235,1343,1512,1391,1793,1186,1715,1403,1606,1220,1474,1309,1433,1505,1270,1653,1638,1555,1423,1644,1513,1771,1183,1462,1639,1753,1499,1239,1677,1371,1404,1647,1324,1720,1258,1296,1161,1770,1633,1712,1334,1406,1620,1598,1771,1361,1276,1626,1791,1548,1385,1344,1310,1707,1358,1675,1736,1200,1472,1770,1139,1740,1407,1244,1617,1462,1507,1449,1416,1611,1341,1547,1270
,1150,1410,1753,1191,1322,1525,1367,1776,1680,1297,1319,1671,1797,1603,1298,1582,1744,1588,1521,1610,1397,1558,1250,1275,1140,1776,1265,1373,1582,1466,1285,1608,1564,1420,1450,1674,1468,1475,1726,1716,1224,1748,1435,1745,1221,1411,1530,1788,1503,1498,1741,1381,1800,1788,1676,1300,1617,1462,1623,1535,1750,1745,1803,1270,1631,1371,1426,1283,1571,1536,1692,1178,1600,1602,1304,1745,1399,1219,1177,1612,1700,1176,1635,1136,1219,1618,1725,1460,1568,1464,1557,1283,1629,1575,1188,1551,1220,1678,1246,1172,1267,1677,1644,1705,1581,1510,1789,1510,1197,1677,1287,1796,1251,1145,1696,1303,1297,1314,1375,1795,1247,1675,1529,1310,1419,1605,1345,1322,1194,1695,1571,1420,1445,1188,1673,1704,1449,1342,1723,1437,1711,1538,1408,1445,1708,1357,1266,1610,1243,1545,1212,1463,1241,1309,1324,1192,1220,1767,1266,1192,1282,1334,1143,1204,1520,1186,1428,1441,1464,1271,1482,1583,1348,1412,1761,1647,1643,1439,1177,1764,1580,1418,1336,1396,1388,1794,1471,1248,1459,1173,1526,1720,1221,1204,1254,1656,1198,1665,1303,1345,1752,1275,1637,1421,1741,1320,1512,1341,1562,1640,1744,1748,1423,1422,1186,1604,1690,1617,1481,1682,1613,1736,1386,1182,1616,1629,1685,1223,1276,1500,1399,1639,1797,1803,1486,1346,1136,1475,1327,1728,1411,1251,1606,1460,1263,1670,1628,1755,1163,1487,1383,1659,1763,1281,1235,1139,1316,1544,1746,1328,1294,1284,1367,1545,1172,1266,1210,1729,1348,1267,1164,1739,1569,1481,1362,1590,1356,1538,1161,1559,1600,1149,1362,1537,1175,1580,1691,1198,1747,1329,1685,1281,1268,1282,1423,1672,1213,1557,1733,1378,1358,1602,1154,1533,1297,1276,1598,1646,1561,1633,1378,1767,1761,1530,1718,1801
,1260,1718,1299,1640,1730,1131,1341,1351,1147,1560,1228,1766,1620,1761,1610,1155,1464,1631,1471,1382,1342,1366,1246,1571,1502,1743,1235,1204,1593,1425,1228,1787,1499,1369,1350,1405,1317,1216,1284,1528,1365,1150,1709,1409,1654,1277,1163,1510,1205,1760,1180,1552,1734,1402,1137,1254,1451,1434,1631,1605,1269,1405,1447,1425,1261,1804,1512,1637,1616,1425,1191,1562,1235,1168,1459,1640,1766,1629,1357,1324,1695,1595,1524,1600,1395,1220,1380,1469,1256,1697,1710,1396,1625,1505,1170,1584,1527,1306,1700,1721,1249,1403,1568,1251,1284,1660,1143,1706,1636,1265,1189,1262,1642,1301,1607,1613,1598,1388,1570,1732,1494,1325,1590,1182,1401,1730,1807,1553,1469,1650,1694,1501,1801,1413,1698,1547,1158,1753,1627,1590,1433,1514,1210,1539,1370,1370,1761,1345,1166,1774,1354,1337,1485,1531,1237,1213,1783,1806,1779,1507,1649,1458,1207,1546,1383,1662,1621,1365,1305,1619,1233,1406,1159,1337,1513,1578,1714,1469,1572,1318,1317,1486,1429,1264,1508,1606,1141,1396,1138,1224,1512,1658,1404,1304,1355,1396,1600,1624,1266,1437,1172,1598,1140,1725,1723,1455,1550,1630,1145,1512,1376,1712,1392,1258,1777,1700,1302,1757,1665,1290,1437,1228,1608,1146,1593,1213,1673,1781,1145,1703,1268,1521,1309,1294,1395,1511,1374,1719,1272,1334,1603,1537,1238,1319,1241,1549,1367,1519,1592,1778,1258,1290,1238,1388,1440,1237,1453,1808,1447,1225,1582,1286,1312,1567,1135,1236,1142,1169,1789,1275,1768,1230,1594,1612,1730,1452,1531,1779,1557,1261,1639,1487,1175,1550,1295,1449,1643,1458,1412,1808,1210,1195,1543,1806,1487,1502,1747,1368,1617,1788,1685,1346,1755,1284,1402,1374,1261,1286,1372,1472,1265,1250,1426,1450,1317,1772
,1164,1376,1274,1166,1469,1639,1732,1757,1256,1584,1153,1770,1186,1798,1495,1161,1588,1350,1610,1401,1159,1484,1724,1683,1133,1489,1647,1348,1290,1708,1190,1632,1795,1584,1152,1504,1147,1223,1175,1742,1612,1442,1684,1430,1373,1645,1480,1404,1767,1556,1537,1802,1445,1485,1228,1534,1657,1466,1650,1359,1330,1483,1333,1725,1183,1549,1270,1690,1576,1628,1507,1777,1386,1266,1707,1775,1683,1141,1182,1630,1513,1733,1457,1392,1379,1208,1281,1743,1488,1793,1249,1611,1608,1225,1249,1332,1199,1533,1328,1715,1301,1208,1714,1727,1352,1765,1408,1599,1731,1654,1528,1362,1417,1310,1620,1774,1443,1480,1531,1321,1766,1540,1578,1573,1256,1376,1739,1503,1549,1756,1685,1246,1717,1622,1653,1382,1396,1143,1619,1540,1600,1661,1281,1394,1433,1475,1302,1553,1421,1482,1605,1754,1175,1420,1349,1220,1236,1674,1356,1238,1479,1501,1550,1425,1741,1268,1430,1161,1565,1791,1532,1372,1261,1709,1340,1778,1366,1559,1474,1534,1303,1629,1430,1638,1714,1513,1689,1450,1182,1605,1752,1375,1241,1613,1490,1808,1408,1369,1214,1517,1191,1187,1330,1271,1527,1300,1140,1241,1352,1314,1708,1208,1218,1596,1677,1751,1526,1582,1261,1526,1790,1777,1345,1337,1271,1378,1617,1188,1545,1309,1179,1463,1215,1630,1230,1302,1442,1389,1802,1715,1404,1228,1717,1176,1411,1439,1306,1177,1492,1494,1758,1178,1773,1635,1249,1410,1552,1267,1703,1249,1654,1539,1327,1763,1544,1724,1439,1776,1770,1448,1137,1219,1638,1567,1452,1798,1500,1355,1794,1454,1648,1212,1710,1279,1800,1446,1527,1360,1400,1482,1442,1165,1259,1310,1473,1484,1577,1660,1590,1358,1466,1393,1285,1480,1567,1598,1368,1148,1269,1329,1288,1479,1392,1646,1515,1484
,1507,1602,1367,1333,1328,1302,1381,1744,1561,1508,1689,1672,1366,1513,1282,1466,1426,1361,1451,1756,1276,1453,1312,1226,1306,1208,1256,1273,1352,1349,1628,1379,1492,1272,1592,1179,1308,1279,1597,1400,1326,1741,1279,1484,1670,1625,1738,1650,1194,1200,1695,1588,1519,1397,1583,1744,1652,1704,1190,1550,1202,1197,1366,1596,1610,1382,1539,1536,1441,1418,1685,1736,1143,1245,1180,1312,1596,1550,1789,1494,1178,1503,1653,1800,1212,1545,1360,1408,1647,1799,1160,1246,1518,1379,1338,1731,1422,1299,1608,1418,1159,1528,1633,1600,1336,1383,1621,1139,1463,1574,1757,1675,1703,1474,1702,1213,1141,1599,1624,1410,1275,1805,1299,1649,1393,1696,1315,1318,1164,1327,1313,1450,1507,1656,1730,1754,1625,1641,1273,1806,1236,1713,1385,1284,1132,1262,1360,1529,1471,1191,1355,1766,1556,1273,1671,1444,1635,1194,1220,1479,1184,1729,1194,1644,1163,1267,1609,1286,1798,1295,1300,1211,1520,1770,1380,1792,1459,1152,1624,1302,1519,1591,1294,1687,1284,1185,1246,1317,1713,1274,1733,1402,1637,1798,1525,1300,1501,1729,1537,1509,1644,1621,1478,1253,1590,1298,1378,1668,1405,1500,1798,1561,1319,1354,1212,1234,1174,1750,1385,1147,1288,1751,1587,1496,1454,1528,1379,1789,1794,1191,1469,1305,1236,1296,1653,1389,1668,1174,1721,1630,1600,1581,1762,1784,1531,1141,1521,1296,1306,1498,1329,1688,1265,1340,1756,1421,1218,1348,1434,1285,1759,1696,1214,1546,1146,1324,1583,1717,1706,1250,1418,1529,1322,1311,1241,1504,1346,1701,1268,1593,1156,1149,1469,1160,1709,1634,1664,1341,1152,1570,1690,1310,1403,1296,1297,1545,1324,1192,1254,1769,1341,1632,1581,1490,1751,1596,1580,1491,1721,1175,1139,1147,1571,1227,1222,1438
,1162,1670,1337,1193,1559,1586,1685,1152,1666,1628,1223,1433,1282,1707,1334,1142,1250,1532,1638,1609,1205,1561,1206,1787,1705,1255,1738,1174,1134,1733,1229,1416,1476,1203,1718,1780,1187,1351,1398,1768,1248,1374,1370,1460,1582,1186,1308,1676,1727,1713,1715,1798,1369,1721,1541,1200,1479,1351,1277,1436,1598,1780,1336,1217,1649,1608,1409,1182,1768,1393,1657,1616,1425,1190,1642,1781,1675,1721,1511,1200,1644,1465,1508,1563,1390,1561,1696,1710,1209,1477,1621,1513,1301,1408,1804,1571,1688,1618,1623,1278,1596,1681,1794,1752,1336,1409,1204,1243,1742,1735,1725,1598,1676,1626,1406,1784,1480,1187,1161,1751,1692,1714,1690,1322,1734,1446,1199,1395,1299,1290,1444,1559,1697,1407,1142,1356,1751,1133,1440,1518,1647,1439,1706,1434,1791,1497,1391,1138,1714,1803,1547,1446,1447,1612,1590,1679,1353,1523,1598,1434,1175,1773,1142,1338,1794,1289,1519,1437,1516,1375,1800,1383,1403,1313,1311,1500,1667,1258,1780,1331,1166,1328,1710,1608,1463,1785,1710,1643,1438,1253,1798,1611,1715,1646,1533,1719,1695,1540,1442,1329,1404,1374,1188,1234,1203,1246,1750,1804,1523,1672,1567,1762,1182,1278,1407,1759,1431,1336,1543,1302,1616,1250,1429,1473,1603,1506,1466,1526,1792,1698,1660,1379,1210,1366,1611,1534,1426,1346,1582,1445,1491,1237,1273,1337,1259,1304,1500,1599,1434,1386,1152,1470,1176,1517,1465,1323,1758,1742,1666,1654,1578,1523,1162,1301,1769,1663,1496,1522,1682,1273,1537,1309,1208,1445,1390,1736,1561,1331,1573,1685,1726,1634,1509,1540,1587,1475,1540,1184,1497,1195,1188,1223,1359,1528,1544,1732,1245,1484,1258,1335,1225,1609,1219,1389,1773,1719,1538,1524,1806,1573,1265,1475,1439,1153,1181,1674
,1591,1777,1567,1675,1758,1302,1448,1489,1687,1709,1346,1278,1180,1346,1709,1450,1634,1142,1322,1326,1782,1301,1568,1226,1474,1525,1580,1513,1790,1581,1570,1407,1618,1623,1681,1747,1343,1437,1698,1413,1484,1598,1286,1132,1376,1524,1692,1330,1685,1327,1534,1596,1777,1456,1198,1554,1307,1403,1193,1245,1395,1566,1206,1420,1380,1542,1199,1297,1617,1406,1604,1200,1478,1663,1257,1568,1259,1700,1595,1719,1590,1541,1321,1346,1264,1132,1712,1784,1515,1597,1587,1312,1565,1373,1806,1440,1609,1796,1145,1229,1608,1149,1140,1405,1186,1172,1268,1304,1133,1144,1474,1682,1633,1355,1745,1580,1380,1564,1312,1492,1411,1742,1370,1289,1335,1757,1160,1591,1266,1416,1776,1691,1601,1349,1414,1670,1212,1658,1546,1388,1179,1265,1424,1637,1200,1677,1422,1636,1778,1610,1765,1261,1687,1615,1757,1489,1769,1229,1627,1202,1175,1237,1256,1311,1300,1579,1473,1263,1381,1380,1629,1165,1131,1269,1339,1589,1495,1476,1425,1474,1698,1291,1451,1189,1552,1318,1551,1639,1582,1553,1805,1172,1622,1732,1641,1201,1466,1637,1791,1283,1712,1763,1150,1215,1210,1227,1761,1260,1252,1262,1735,1404,1638,1641,1619,1630,1651,1275,1609,1779,1655,1137,1165,1470,1577,1641,1511,1747,1322,1403,1655,1225,1460,1418,1732,1663,1640,1444,1325,1321,1605,1708,1463,1690,1506,1270,1471,1741,1687,1445,1795,1463,1780,1327,1274,1363,1207,1739,1230,1591,1149,1363,1341,1756,1675,1730,1353,1456,1233,1720,1337,1293,1680,1510,1223,1202,1247,1170,1155,1224,1370,1660,1478,1778,1263,1743,1190,1712,1529,1366,1175,1737,1527,1537,1374,1721,1754,1234,1283,1669,1672,1348,1244,1629,1633,1399,1767,1488,1557,1273,1258,1430,1151,1189,1568,1372
,1698,1640,1749,1639,1502,1172,1291,1355,1498,1351,1498,1694,1767,1751,1441,1265,1470,1503,1461,1371,1795,1412,1393,1223,1384,1611,1318,1436,1376,1229,1544,1512,1536,1272,1643,1163,1806,1700,1341,1322,1258,1379,1620,1137,1453,1692,1158,1735,1366,1370,1769,1238,1631,1334,1540,1663,1533,1570,1784,1293,1274,1206,1215,1468,1608,1637,1745,1556,1404,1422,1774,1336,1170,1492,1428,1567,1274,1509,1216,1493,1796,1733,1661,1750,1567,1533,1131,1259,1770,1331,1324,1423,1274,1774,1520,1355,1754,1456,1212,1348,1622,1441,1531,1132,1358,1381,1451,1284,1775,1747,1797,1485,1625,1729,1737,1506,1670,1758,1252,1145,1593,1190,1549,1365,1533,1254,1742,1590,1255,1189,1225,1377,1483,1284,1287,1145,1615,1792,1457,1425,1322,1688,1588,1540,1279,1346,1562,1131,1534,1312,1422,1505,1798,1148,1212,1208,1305,1671,1565,1789,1323,1408,1495,1807,1529,1389,1699,1472,1491,1584,1342,1297,1786,1327,1630,1390,1241,1234,1612,1193,1356,1168,1412,1444,1642,1584,1570,1392,1543,1472,1132,1339,1241,1745,1246,1638,1530,1583,1671,1674,1448,1621,1442,1215,1186,1671,1771,1265,1144,1162,1351,1462,1706,1438,1454,1475,1289,1689,1618,1572,1220,1383,1439,1225,1524,1627,1627,1784,1238,1806,1492,1274,1696,1612,1194,1430,1212,1721,1678,1189,1604,1697,1564,1542,1447,1781,1367,1598,1731,1550,1377,1292,1182,1410,1260,1725,1453,1202,1343,1507,1648,1153,1574,1569,1352,1399,1792,1241,1432,1628,1775,1433,1479,1228,1443,1639,1491,1672,1324,1234,1385,1261,1364,1377,1358,1226,1697,1675,1738,1498,1463,1473,1462,1377,1575,1495,1188,1177,1141,1326,1228,1457,1505,1607,1367,1508,1214,1462,1162,1345,1653,1464,1244,1499,1620,1627
,1400,1312,1412,1332,1776,1543,1526,1565,1310,1805,1267,1426,1184,1695,1630,1443,1672,1751,1406,1550,1571,1761,1236,1179,1226,1803,1587,1306,1202,1764,1193,1551,1147,1219,1406,1361,1537,1527,1473,1159,1369,1620,1513,1783,1703,1703,1376,1250,1674,1610,1587,1800,1534,1132,1744,1721,1710,1206,1436,1619,1416,1344,1529,1351,1277,1337,1158,1591,1681,1267,1215,1581,1686,1248,1715,1551,1220,1486,1636,1553,1267,1462,1602,1521,1275,1162,1526,1781,1783,1168,1195,1459,1804,1431,1292,1717,1559,1151,1699,1609,1327,1760,1772,1592,1688,1167,1714,1140,1434,1184,1490,1801,1611,1360,1152,1496,1383,1272,1650,1750,1647,1671,1558,1641,1400,1559,1419,1504,1208,1151,1730,1612,1745,1200,1581,1782,1268,1514,1505,1406,1180,1503,1792,1523,1396,1793,1734,1331,1203,1348,1746,1598,1590,1771,1402,1404,1448,1538,1180,1409,1648,1436,1598,1690,1458,1687,1557,1353,1754,1617,1486,1309,1808,1205,1658,1347,1424,1278,1472,1790,1445,1692,1618,1176,1219,1699,1389,1522,1229,1226,1403,1186,1384,1808,1331,1708,1446,1223,1233,1729,1331,1287,1628,1706,1524,1376,1611,1718,1379,1595,1334,1635,1656,1405,1637,1692,1528,1736,1154,1376,1469,1429,1606,1169,1267,1621,1390,1444,1147,1666,1149,1310,1606,1743,1300,1182,1265,1648,1559,1628,1458,1748,1513,1168,1419,1264,1299,1738,1623,1590,1449,1421,1286,1642,1775,1505,1300,1787,1216,1284,1403,1651,1638,1538,1330,1308,1616,1777,1177,1374,1220,1716,1651,1518,1798,1561,1570,1608,1611,1750,1686,1395,1514,1246,1728,1444,1197,1260,1498,1197,1194,1368,1691,1369,1666,1265,1328,1602,1558,1655,1386,1146,1185,1319,1359,1309,1194,1602,1649,1252,1772,1541,1226,1196,1591,1236
,1346,1648,1234,1656,1395,1534,1688,1411,1586,1650,1256,1789,1444,1410,1489,1206,1394,1279,1580,1136,1682,1577,1387,1266,1534,1299,1719,1775,1492,1334,1633,1408,1388,1427,1799,1501,1313,1275,1567,1525,1725,1568,1360,1552,1186,1724,1510,1369,1392,1259,1222,1334,1285,1526,1490,1219,1727,1291,1729,1311,1717,1352,1543,1748,1571,1704,1143,1240,1578,1463,1685,1548,1191,1384,1155,1772,1260,1248,1331,1630,1653,1158,1408,1216,1135,1458,1630,1297,1444,1367,1769,1137,1727,1585,1340,1367,1145,1778,1274,1520,1711,1377,1176,1199,1573,1321,1177,1329,1355,1390,1148,1683,1506,1253,1598,1622,1633,1179,1618,1533,1190,1604,1306,1513,1601,1484,1645,1293,1317,1581,1671,1519,1794,1711,1720,1788,1719,1719,1365,1278,1280,1730,1639,1200,1700,1279,1700,1775,1713,1465,1397,1627,1563,1320,1161,1530,1581,1433,1183,1176,1347,1627,1711,1604,1513,1395,1306,1598,1663,1284,1772,1773,1658,1349,1532,1497,1798,1612,1532,1137,1669,1209,1290,1306,1393,1156,1766,1338,1251,1607,1151,1697,1235,1370,1647,1737,1336,1155,1598,1475,1734,1473,1210,1186,1634,1488,1808,1328,1342,1593,1674,1251,1791,1555,1753,1305,1631,1675,1664,1167,1281,1507,1759,1487,1517,1689,1795,1463,1494,1530,1459,1807,1378,1240,1273,1145,1233,1411,1746,1459,1688,1474,1351,1491,1468,1288,1735,1285,1658,1727,1762,1681,1517,1320,1495,1788,1194,1628,1295,1777,1353,1735,1626,1451,1239,1432,1469,1367,1416,1401,1272,1731,1787,1358,1228,1565,1538,1636,1456,1631,1299,1350,1414,1481,1721,1566,1768,1632,1361,1676,1517,1313,1170,1297,1711,1406,1780,1369,1271,1646,1146,1331,1300,1470,1751,1334,1155,1678,1528,1394,1181,1156,1245,1179,1330,1592
,1378,1137,1634,1323,1784,1274,1282,1784,1377,1187,1360,1262,1348,1157,1755,1324,1504,1791,1789,1671,1587,1308,1515,1641,1302,1562,1140,1541,1745,1544,1334,1782,1458,1157,1778,1226,1523,1305,1351,1783,1312,1410,1604,1687,1445,1416,1161,1471,1276,1216,1468,1635,1688,1494,1450,1415,1717,1279,1726,1533,1481,1233,1460,1722,1152,1629,1381,1558,1583,1424,1146,1157,1759,1674,1511,1647,1133,1754,1408,1538,1353,1131,1175,1699,1528,1437,1536,1702,1209,1208,1509,1175,1271,1367,1411,1533,1212,1226,1511,1221,1449,1278,1136,1805,1161,1590,1457,1647,1627,1302,1749,1693,1598,1229,1228,1626,1256,1155,1761,1690,1189,1479,1198,1208,1282,1651,1645,1762,1498,1186,1486,1158,1770,1550,1355,1612,1737,1647,1435,1453,1202,1430,1383,1242,1315,1657,1589,1154,1778,1397,1309,1625,1677,1681,1804,1373,1572,1720,1771,1193,1434,1417,1266,1460,1585,1356,1364,1583,1301,1754,1588,1680,1495,1801,1537,1211,1698,1491,1378,1707,1510,1145,1301,1740,1218,1438,1131,1544,1751,1515,1484,1239,1512,1657,1197,1796,1472,1391,1485,1663,1739,1595,1212,1434,1178,1331,1645,1253,1536,1333,1262,1607,1159,1575,1597,1504,1747,1510,1447,1319,1665,1641,1477,1452,1487,1791,1649,1175,1399,1781,1382,1548,1259,1681,1193,1270,1275,1183,1552,1344,1333,1359,1283,1759,1764,1382,1619,1781,1773,1250,1148,1142,1250,1235,1766,1244,1350,1556,1566,1319,1534,1328,1470,1498,1144,1144,1280,1743,1314,1417,1434,1342,1402,1806,1679,1762,1202,1618,1254,1418,1414,1603,1606,1479,1720,1682,1334,1179,1409,1226,1351,1269,1165,1510,1564,1377,1469,1190,1727,1360,1761,1283,1758,1158,1373,1134,1493,1650,1206,1591,1288,1466,1385,1295,1426,1672
,1222,1604,1461,1294,1663,1411,1160,1643,1279,1606,1261,1177,1140,1502,1401,1163,1721,1411,1404,1289,1740,1807,1399,1574,1252,1734,1399,1501,1153,1729,1312,1205,1573,1375,1637,1662,1409,1453,1642,1249,1677,1710,1408,1289,1715,1754,1395,1532,1329,1251,1474,1185,1174,1529,1140,1591,1468,1547,1562,1448,1796,1234,1360,1488,1392,1808,1335,1572,1333,1355,1616,1757,1593,1433,1587,1354,1509,1152,1601,1230,1740,1513,1222,1664,1200,1508,1230,1703,1747,1767,1410,1611,1270,1324,1687,1415,1784,1430,1702,1464,1333,1425,1444,1503,1305,1506,1407,1615,1246,1799,1356,1474,1215,1172,1628,1726,1210,1735,1667,1478,1769,1794,1395,1774,1147,1137,1231,1665,1692,1643,1784,1246,1386,1762,1352,1730,1312,1719,1656,1792,1385,1672,1452,1724,1234,1583,1226,1554,1191,1165,1219,1724,1566,1245,1220,1723,1725,1215,1369,1202,1755,1394,1567,1334,1247,1508,1740,1358,1284,1186,1401,1439,1681,1784,1324,1686,1384,1164,1672,1416,1567,1717,1152,1728,1806,1215,1270,1342,1359,1711,1426,1713,1656,1632,1464,1797,1190,1436,1421,1660,1780,1778,1743,1357,1453,1542,1694,1256,1242,1311,1670,1629,1590,1349,1248,1577,1510,1530,1382,1441,1257,1598,1665,1134,1654,1494,1386,1404,1360,1477,1410,1748,1317,1363,1313,1783,1185,1673,1384,1436,1273,1280,1565,1160,1324,1542,1730,1760,1435,1132,1197,1649,1787,1610,1804,1412,1174,1270,1215,1309,1740,1376,1163,1346,1167,1760,1326,1200,1663,1741,1139,1671,1667,1642,1593,1332,1271,1520,1190,1318,1684,1492,1518,1294,1673,1569,1631,1638,1265,1800,1648,1187,1575,1742,1758,1441,1713,1211,1131,1227,1159,1183,1617,1580,1325,1267,1405,1409,1774,1520,1403,1786,1657,1416,1646,1628
,1558,1198,1572,1762,1367,1785,1250,1674,1227,1652,1319,1727,1626,1785,1294,1689,1441,1747,1713,1164,1264,1251,1692,1736,1230,1745,1192,1521,1671,1590,1322,1131,1393,1358,1706,1550,1416,1570,1660,1336,1650,1240,1410,1801,1660,1576,1785,1527,1403,1302,1709,1724,1331,1523,1571,1153,1506,1411,1164,1471,1348,1565,1475,1143,1458,1323,1223,1227,1165,1477,1453,1594,1789,1497,1719,1196,1536,1721,1337,1364,1207,1275,1260,1611,1772,1734,1454,1679,1151,1664,1761,1268,1399,1798,1267,1285,1592,1358,1616,1416,1517,1278,1530,1476,1276,1577,1260,1418,1474,1201,1653,1660,1567,1753,1187,1565,1300,1311,1302,1735,1617,1424,1565,1214,1209,1627,1131,1215,1714,1544,1804,1384,1394,1233,1432,1771,1524,1719,1136,1806,1598,1401,1758,1511,1608,1782,1415,1246,1150,1137,1736,1212,1775,1611,1687,1718,1236,1330,1772,1804,1348,1511,1480,1522,1607,1782,1760,1179,1147,1386,1733,1263,1749,1360,1242,1429,1606,1377,1172,1227,1349,1694,1406,1687,1498,1484,1533,1630,1718,1185,1655,1588,1748,1607,1262,1741,1614,1444,1310,1579,1670,1559,1587,1727,1552,1307,1459,1380,1733,1522,1242,1370,1705,1349,1596,1217,1776,1374,1713,1532,1728,1295,1142,1280,1346,1307,1631,1458,1167,1179,1181,1541,1224,1799,1416,1770,1554,1581,1768,1498,1273,1634,1601,1327,1638,1776,1770,1326,1395,1488,1262,1790,1473,1246,1234,1743,1291,1587,1546,1398,1745,1241,1688,1282,1648,1159,1256,1793,1347,1454,1787,1193,1308,1716,1256,1322,1794,1258,1331,1353,1435,1700,1248,1592,1740,1567,1420,1522,1225,1535,1706,1647,1654,1497,1368,1170,1774,1244,1376,1424,1274,1407,1575,1205,1509,1602,1138,1679,1657,1213,1365,1773,1434,1548,1405,1173
,1209,1420,1693,1242,1642,1286,1150,1779,1502,1278,1734,1791,1755,1190,1596,1418,1452,1523,1744,1420,1461,1413,1171,1252,1648,1229,1185,1742,1207,1200,1208,1168,1659,1595,1467,1153,1487,1782,1770,1450,1160,1517,1156,1473,1562,1614,1703,1751,1805,1280,1568,1175,1386,1369,1343,1486,1604,1513,1283,1746,1261,1470,1641,1336,1230,1417,1372,1430,1655,1210,1252,1705,1771,1240,1426,1578,1597,1408,1368,1517,1199,1187,1592,1328,1607,1604,1666,1489,1709,1550,1708,1741,1582,1583,1753,1169,1455,1228,1700,1725,1555,1643,1655,1179,1228,1720,1326,1148,1779,1732,1158,1185,1243,1377,1710,1219,1282,1500,1713,1610,1201,1131,1249,1144,1453,1406,1523,1227,1556,1349,1695,1510,1601,1558,1595,1187,1255,1760,1707,1675,1541,1776,1567,1395,1525,1387,1710,1589,1690,1560,1259,1342,1579,1189,1527,1384,1524,1349,1206,1478,1301,1378,1450,1637,1267,1668,1456,1298,1456,1424,1709,1244,1678,1268,1562,1553,1590,1483,1684,1273,1315,1712,1304,1357,1156,1594,1753,1139,1438,1235,1725,1396,1323,1459,1563,1315,1764,1784,1387,1504,1681,1167,1758,1766,1158,1400,1366,1743,1365,1728,1282,1320,1551,1157,1383,1777,1617,1217,1150,1393,1510,1234,1238,1348,1320,1364,1201,1353,1613,1293,1528,1770,1494,1352,1359,1741,1624,1271,1614,1782,1677,1192,1322,1803,1789,1412,1339,1722,1251,1764,1736,1279,1364,1442,1530,1623,1614,1763,1159,1479,1571,1728,1382,1352,1619,1666,1544,1474,1302,1672,1498,1209,1793,1398,1491,1422,1642,1682,1413,1507,1460,1165,1264,1400,1279,1774,1360,1407,1371,1535,1453,1703,1768,1261,1640,1216,1726,1297,1697,1752,1691,1764,1442,1662,1681,1594,1427,1761,1693,1220,1304,1779,1280,1388,1239,1751
,1529,1677,1649,1789,1340,1263,1480,1652,1591,1648,1491,1217,1635,1552,1287,1641,1566,1795,1559,1778,1323,1538,1575,1192,1416,1432,1715,1382,1511,1575,1612,1478,1434,1737,1650,1711,1258,1592,1438,1268,1489,1332,1738,1534,1495,1513,1639,1163,1427,1328,1281,1505,1298,1341,1266,1709,1289,1230,1308,1199,1536,1773,1181,1574,1282,1706,1497,1560,1403,1445,1440,1319,1801,1467,1603,1500,1361,1269,1766,1521,1699,1282,1778,1755,1231,1362,1617,1252,1470,1357,1295,1730,1754,1631,1166,1328,1226,1300,1324,1413,1671,1248,1604,1774,1508,1770,1752,1172,1653,1248,1162,1731,1305,1380,1223,1651,1409,1712,1627,1559,1791,1684,1155,1407,1417,1611,1423,1761,1472,1584,1679,1744,1592,1133,1629,1354,1195,1326,1680,1792,1257,1168,1688,1317,1298,1778,1691,1403,1177,1681,1581,1623,1335,1673,1398,1663,1691,1445,1577,1588,1613,1306,1500,1176,1294,1220,1717,1455,1741,1723,1370,1211,1240,1564,1286,1420,1306,1270,1222,1700,1260,1528,1372,1721,1371,1244,1502,1432,1512,1768,1132,1370,1480,1460,1608,1245,1208,1731,1497,1782,1179,1403,1134,1335,1739,1505,1272,1506,1426,1320,1378,1423,1199,1301,1661,1220,1248,1459,1341,1231,1485,1805,1678,1281,1175,1630,1607,1219,1322,1378,1315,1803,1431,1302,1528,1627,1146,1286,1315,1296,1575,1172,1325,1207,1233,1747,1321,1232,1687,1550,1755,1601,1542,1730,1552,1654,1315,1207,1397,1310,1554,1802,1428,1369,1144,1309,1540,1324,1674,1238,1627,1397,1297,1173,1482,1791,1158,1535,1619,1638,1336,1509,1220,1799,1378,1336,1776,1376,1623,1519,1466,1548,1469,1171,1255,1595,1388,1500,1359,1224,1166,1497,1290,1587,1604,1350,1503,1648,1539,1788,1709,1582,1301,1653,1316,1751
,1574,1288,1267,1359,1446,1563,1419,1401,1565,1362,1143,1779,1707,1330,1269,1334,1477,1274,1722,1590,1675,1509,1504,1512,1559,1804,1321,1514,1718,1703,1666,1578,1336,1255,1415,1241,1505,1711,1509,1717,1593,1645,1416,1512,1612,1422,1714,1469,1346,1573,1172,1688,1264,1397,1309,1783,1230,1399,1240,1808,1765,1240,1729,1315,1643,1608,1223,1644,1368,1516,1387,1384,1673,1647,1804,1665,1211,1163,1346,1550,1607,1390,1289,1767,1712,1212,1226,1771,1561,1802,1352,1158,1136,1694,1583,1308,1180,1252,1540,1151,1674,1270,1350,1593,1364,1192,1325,1801,1220,1506,1361,1692,1677,1134,1233,1736,1536,1701,1164,1712,1602,1727,1318,1412,1643,1657,1585,1749,1301,1577,1599,1736,1423,1724,1597,1683,1289,1440,1519,1248,1565,1203,1395,1157,1346,1625,1402,1309,1538,1143,1418,1403,1541,1426,1233,1381,1353,1361,1550,1801,1713,1466,1506,1229,1456,1771,1415,1469,1300,1693,1669,1225,1606,1491,1244,1511,1491,1385,1458,1430,1390,1275,1366,1556,1440,1409,1800,1307,1738,1336,1602,1222,1617,1564,1596,1239,1582,1570,1713,1503,1551,1715,1280,1442,1408,1515,1172,1671,1392,1599,1674,1301,1762,1789,1756,1807,1219,1731,1597,1668,1764,1722,1541,1782,1168,1446,1261,1552,1407,1289,1599,1150,1213,1554,1804,1530,1210,1635,1276,1321,1681,1232,1216,1362,1660,1161,1172,1378,1299,1585,1650,1289,1764,1403,1513,1784,1271,1337,1222,1599,1609,1654,1734,1358,1509,1782,1534,1774,1138,1507,1510,1408,1740,1472,1393,1414,1435,1573,1532,1420,1154,1788,1764,1584,1355,1612,1754,1697,1511,1725,1418,1263,1260,1204,1472,1554,1491,1660,1294,1797,1744,1611,1378,1732,1508,1380,1617,1263,1390,1423,1175,1440,1610,1639,1615,1599
,1296,1539,1432,1287,1290,1371,1319,1312,1353,1495,1471,1418,1209,1243,1794,1581,1286,1429,1623,1274,1615,1444,1471,1218,1591,1384,1749,1181,1748,1334,1340,1572,1798,1513,1565,1418,1318,1436,1212,1456,1206,1209,1658,1642,1401,1751,1662,1589,1328,1782,1210,1598,1185,1358,1418,1277,1455,1388,1545,1514,1475,1164,1598,1308,1629,1544,1414,1311,1742,1311,1200,1649,1720,1481,1344,1568,1264,1533,1560,1208,1789,1550,1176,1368,1678,1338,1390,1536,1360,1685,1189,1325,1546,1758,1617,1251,1415,1493,1617,1259,1787,1271,1672,1671,1692,1305,1590,1560,1494,1622,1670,1318,1749,1756,1757,1727,1639,1325,1512,1473,1728,1427,1598,1417,1480,1756,1784,1667,1741,1684,1201,1217,1164,1565,1402,1615,1662,1340,1772,1599,1787,1346,1134,1567,1715,1630,1437,1732,1726,1185,1344,1191,1568,1278,1472,1706,1230,1326,1781,1293,1736,1308,1718,1646,1488,1708,1785,1579,1686,1364,1502,1597,1595,1445,1279,1760,1784,1431,1176,1322,1509,1477,1510,1632,1486,1298,1262,1611,1417,1643,1572,1756,1627,1611,1443,1359,1484,1196,1557,1428,1577,1590,1583,1663,1283,1359,1332,1647,1548,1131,1655,1650,1162,1370,1263,1272,1606,1271,1766,1454,1431,1699,1716,1726,1681,1303,1652,1661,1574,1359,1490,1549,1585,1612,1324,1415,1558,1182,1404,1681,1260,1652,1372,1719,1496,1534,1290,1595,1301,1472,1441,1221,1220,1721,1225,1518,1618,1492,1287,1430,1455,1255,1554,1150,1300,1494,1519,1220,1210,1312,1569,1481,1741,1775,1698,1517,1581,1501,1603,1660,1660,1558,1725,1566,1430,1295,1791,1717,1538,1681,1671,1190,1568,1216,1322,1509,1469,1253,1585,1536,1451,1219,1375,1676,1642,1201,1155,1191,1158,1289,1157,1800,1383,1648,1645,1326
,1480,1150,1364,1412,1367,1770,1173,1570,1371,1730,1305,1224,1428,1573,1700,1237,1549,1373,1803,1388,1233,1156,1763,1285,1303,1581,1616,1360,1429,1803,1491,1509,1797,1258,1657,1692,1411,1226,1271,1674,1481,1292,1707,1630,1505,1578,1181,1573,1610,1603,1726,1607,1779,1505,1699,1390,1135,1316,1377,1425,1133,1458,1184,1198,1222,1188,1661,1361,1788,1716,1738,1619,1145,1349,1758,1503,1750,1794,1274,1372,1592,1216,1570,1496,1683,1493,1259,1162,1606,1552,1765,1486,1400,1582,1141,1317,1610,1324,1677,1487,1249,1794,1433,1470,1243,1621,1297,1791,1612,1150,1215,1253,1542,1697,1603,1572,1693,1308,1535,1206,1427,1494,1459,1170,1173,1441,1162,1543,1664,1463,1726,1202,1648,1778,1141,1524,1697,1331,1285,1580,1162,1719,1455,1352,1531,1653,1576,1575,1644,1793,1750,1433,1519,1395,1419,1475,1637,1299,1262,1182,1654,1202,1757,1588,1416,1698,1691,1651,1333,1138,1175,1706,1427,1641,1396,1610,1782,1516,1299,1480,1200,1536,1222,1525,1685,1331,1618,1736,1436,1470,1223,1604,1348,1708,1779,1213,1310,1698,1256,1233,1457,1246,1610,1662,1557,1635,1618,1592,1490,1498,1802,1807,1524,1637,1531,1699,1352,1189,1468,1769,1356,1715,1543,1539,1387,1578,1464,1467,1223,1604,1626,1553,1365,1709,1398,1372,1363,1500,1478,1785,1475,1522,1307,1647,1509,1141,1654,1263,1503,1249,1745,1746,1341,1639,1276,1700,1407,1806,1645,1513,1404,1277,1652,1429,1664,1641,1424,1201,1288,1610,1473,1492,1215,1636,1222,1586,1603,1527,1237,1677,1677,1711,1578,1469,1688,1512,1615,1173,1601,1762,1533,1174,1670,1631,1649,1477,1568,1231,1590,1359,1143,1379,1175,1160,1380,1765,1341,1488,1485,1597,1469,1616,1680,1662,1699,1518
,1173,1772,1651,1783,1690,1733,1442,1644,1722,1621,1405,1640,1438,1361,1404,1305,1488,1403,1210,1252,1542,1235,1665,1553,1754,1168,1470,1592,1173,1610,1609,1254,1278,1689,1556,1603,1299,1509,1241,1295,1134,1385,1675,1482,1761,1514,1582,1792,1672,1658,1140,1354,1159,1477,1183,1225,1271,1230,1387,1527,1525,1520,1805,1221,1587,1155,1708,1212,1198,1760,1695,1161,1303,1744,1771,1747,1695,1756,1667,1777,1679,1241,1795,1706,1190,1794,1132,1187,1137,1564,1537,1754,1412,1432,1597,1186,1546,1575,1388,1152,1230,1223,1489,1166,1780,1364,1256,1377,1639,1363,1211,1400,1263,1750,1143,1515,1181,1462,1683,1663,1287,1229,1514,1563,1407,1363,1695,1303,1612,1326,1305,1290,1565,1565,1770,1442,1322,1432,1797,1606,1167,1285,1147,1629,1662,1253,1414,1325,1399,1602,1135,1623,1699,1779,1651,1686,1621,1292,1695,1179,1294,1186,1602,1428,1664,1174,1762,1271,1358,1733,1571,1794,1752,1676,1790,1411,1298,1570,1153,1168,1442,1402,1298,1807,1501,1700,1467,1753,1217,1395,1496,1771,1632,1138,1141,1271,1343,1570,1762,1323,1428,1537,1750,1415,1495,1520,1750,1657,1470,1506,1469,1246,1625,1256,1259,1358,1391,1526,1621,1212,1457,1284,1152,1307,1363,1695,1504,1545,1213,1516,1459,1198,1466,1256,1689,1273,1615,1551,1699,1409,1227,1439,1551,1196,1689,1272,1206,1463,1406,1513,1536,1669,1612,1156,1773,1365,1309,1382,1211,1660,1267,1712,1670,1515,1223,1288,1323,1131,1170,1540,1566,1610,1223,1162,1165,1761,1141,1673,1237,1295,1670,1758,1315,1556,1355,1806,1484,1226,1438,1354,1595,1565,1444,1747,1271,1607,1714,1540,1383,1540,1711,1158,1485,1188,1453,1498,1663,1522,1371,1284,1252,1466,1590,1382,1271,1447
,1795,1382,1558,1137,1686,1713,1794,1383,1594,1614,1373,1297,1459,1396,1405,1349,1144,1598,1171,1614,1430,1384,1788,1452,1369,1485,1789,1208,1784,1610,1429,1680,1146,1378,1496,1714,1671,1380,1225,1149,1552,1189,1735,1561,1322,1779,1678,1470,1526,1202,1723,1201,1482,1154,1340,1782,1312,1271,1770,1380,1622,1417,1250,1510,1270,1550,1217,1236,1284,1563,1661,1681,1496,1665,1752,1214,1328,1503,1385,1540,1184,1732,1520,1691,1264,1607,1225,1628,1366,1730,1471,1543,1351,1471,1478,1481,1714,1612,1274,1388,1516,1687,1272,1569,1346,1351,1169,1441,1418,1802,1344,1788,1133,1446,1741,1746,1467,1481,1553,1397,1359,1162,1148,1796,1466,1194,1698,1423,1148,1588,1750,1220,1224,1460,1152,1138,1412,1260,1474,1172,1721,1350,1240,1275,1652,1528,1391,1723,1584,1564,1752,1506,1328,1160,1629,1418,1684,1132,1387,1661,1629,1514,1329,1322,1202,1662,1418,1337,1297,1235,1487,1355,1619,1607,1721,1392,1537,1509,1720,1642,1215,1203,1271,1500,1322,1734,1404,1386,1489,1808,1329,1353,1273,1390,1657,1765,1375,1428,1494,1146,1706,1650,1511,1333,1722,1716,1177,1300,1799,1365,1636,1171,1429,1140,1479,1800,1354,1504,1583,1520,1515,1763,1417,1289,1296,1565,1735,1491,1573,1637,1460,1445,1288,1137,1691,1232,1145,1428,1787,1639,1569,1147,1696,1165,1305,1261,1144,1222,1676,1490,1666,1144,1682,1332,1726,1241,1479,1318,1659,1741,1789,1706,1291,1687,1133,1443,1623,1458,1343,1327,1759,1164,1304,1691,1717,1573,1470,1782,1624,1258,1578,1339,1274,1279,1142,1412,1473,1403,1249,1250,1307,1620,1479,1576,1395,1407,1148,1290,1197,1679,1197,1203,1286,1144,1263,1767,1291,1745,1709,1208,1602,1155,1565,1179,1261,1665
,1198,1400,1242,1593,1496,1760,1547,1273,1530,1626,1197,1379,1304,1806,1498,1250,1558,1555,1168,1485,1384,1250,1393,1716,1276,1343,1253,1669,1523,1735,1221,1246,1326,1625,1175,1654,1135,1500,1625,1783,1315,1243,1567,1336,1622,1721,1300,1342,1348,1695,1618,1395,1516,1234,1478,1732,1558,1162,1223,1164,1440,1159,1431,1422,1800,1768,1353,1203,1398,1451,1638,1753,1150,1534,1153,1716,1640,1594,1428,1777,1253,1802,1394,1574,1426,1206,1322,1570,1171,1194,1292,1661,1370,1655,1150,1542,1509,1609,1734,1632,1406,1394,1807,1739,1806,1432,1338,1530,1444,1757,1431,1269,1689,1330,1536,1477,1735,1748,1394,1209,1300,1806,1243,1191,1231,1193,1162,1321,1677,1671,1491,1440,1225,1273,1762,1208,1744,1684,1635,1387,1149,1539,1691,1453,1683,1281,1301,1558,1638,1150,1743,1267,1641,1503,1348,1582,1207,1244,1216,1556,1138,1185,1782,1226,1317,1165,1709,1739,1286,1177,1290,1350,1806,1505,1410,1572,1651,1506,1670,1600,1538,1165,1593,1652,1459,1391,1744,1727,1189,1779,1696,1518,1800,1554,1267,1550,1701,1296,1188,1352,1643,1215,1172,1489,1221,1420,1791,1293,1798,1652,1392,1558,1313,1195,1469,1804,1148,1701,1732,1763,1558,1228,1565,1627,1175,1733,1537,1376,1805,1595,1595,1580,1324,1166,1366,1370,1532,1529,1565,1802,1546,1178,1374,1329,1407,1730,1692,1657,1618,1674,1556,1435,1805,1471,1501,1697,1793,1705,1131,1611,1474,1207,1777,1524,1613,1654,1658,1807,1203,1793,1387,1739,1493,1666,1782,1147,1154,1327,1329,1449,1152,1481,1618,1756,1328,1721,1603,1770,1196,1528,1255,1574,1589,1271,1740,1352,1157,1272,1633,1331,1662,1574,1273,1248,1316,1486,1186,1150,1533,1344,1448,1799,1432,1589,1741,1403
,1550,1238,1490,1287,1568,1503,1755,1483,1467,1676,1434,1697,1248,1582,1383,1674,1543,1619,1234,1524,1250,1430,1627,1731,1538,1153,1592,1345,1703,1718,1499,1499,1743,1782,1282,1748,1579,1453,1439,1252,1686,1446,1248,1266,1295,1180,1186,1722,1562,1603,1299,1622,1503,1566,1391,1694,1535,1133,1573,1270,1552,1680,1281,1425,1293,1448,1651,1580,1522,1622,1277,1647,1369,1733,1485,1274,1161,1448,1433,1650,1368,1210,1612,1349,1333,1716,1670,1144,1612,1300,1698,1405,1337,1782,1468,1543,1725,1304,1419,1725,1537,1593,1251,1461,1420,1289,1171,1767,1395,1443,1407,1697,1532,1343,1786,1697,1184,1431,1329,1307,1390,1372,1143,1141,1700,1414,1712,1509,1754,1381,1330,1325,1397,1190,1752,1624,1519,1259,1140,1668,1421,1173,1321,1626,1652,1698,1160,1494,1138,1695,1751,1472,1640,1577,1554,1541,1552,1382,1625,1393,1710,1737,1771,1236,1619,1552,1733,1703,1359,1403,1190,1664,1247,1256,1708,1326,1316,1425,1789,1628,1158,1145,1602,1355,1210,1545,1227,1677,1458,1723,1670,1308,1317,1365,1551,1801,1344,1356,1247,1605,1725,1445,1711,1576,1146,1573,1687,1490,1694,1207,1441,1515,1449,1262,1776,1741,1439,1292,1548,1375,1384,1169,1292,1174,1456,1676,1498,1211,1360,1503,1154,1497,1412,1435,1311,1652,1801,1750,1493,1221,1445,1406,1787,1410,1544,1504,1480,1453,1638,1383,1283,1744,1390,1246,1654,1498,1398,1687,1677,1670,1668,1238,1726,1414,1242,1226,1623,1709,1694,1440,1168,1262,1138,1619,1358,1740,1599,1533,1172,1252,1533,1486,1793,1801,1730,1709,1591,1588,1240,1596,1163,1625,1513,1310,1432,1662,1614,1298,1140,1133,1389,1157,1378,1165,1423,1224,1320,1514,1223,1269,1686,1785,1556,1184,1302,1746
,1182,1593,1584,1164,1678,1479,1531,1208,1357,1166,1431,1507,1246,1330,1793,1341,1277,1530,1760,1418,1526,1169,1424,1351,1331,1242,1595,1611,1415,1645,1246,1167,1586,1509,1268,1285,1458,1270,1324,1360,1506,1455,1756,1297,1673,1378,1482,1562,1359,1230,1263,1546,1322,1272,1306,1750,1170,1297,1438,1580,1287,1427,1552,1209,1666,1409,1795,1798,1301,1774,1201,1774,1808,1666,1472,1449,1567,1335,1139,1500,1758,1776,1301,1276,1425,1150,1165,1240,1378,1558,1788,1136,1660,1484,1415,1653,1801,1239,1703,1395,1226,1290,1622,1298,1469,1177,1434,1235,1244,1427,1250,1497,1596,1602,1599,1728,1699,1614,1583,1227,1194,1568,1145,1177,1249,1387,1561,1679,1400,1486,1672,1449,1630,1405,1191,1192,1370,1530,1247,1770,1675,1222,1268,1300,1674,1253,1181,1426,1536,1290,1443,1277,1669,1596,1205,1778,1631,1214,1505,1372,1564,1347,1297,1497,1248,1562,1322,1411,1202,1726,1476,1499,1622,1234,1227,1553,1150,1265,1411,1602,1564,1494,1266,1273,1740,1677,1631,1556,1406,1522,1466,1800,1797,1244,1326,1298,1466,1163,1629,1144,1652,1305,1269,1643,1565,1442,1545,1413,1515,1162,1748,1341,1622,1244,1222,1742,1670,1553,1672,1132,1210,1239,1535,1448,1296,1316,1719,1200,1161,1447,1548,1151,1433,1467,1769,1366,1277,1337,1411,1705,1185,1212,1356,1265,1619,1651,1320,1803,1522,1211,1377,1621,1632,1364,1389,1795,1569,1565,1488,1644,1212,1767,1622,1536,1483,1306,1638,1716,1687,1628,1422,1696,1498,1601,1485,1564,1469,1497,1184,1289,1667,1639,1677,1754,1618,1200,1632,1162,1462,1423,1139,1732,1467,1751,1188,1428,1419,1148,1135,1747,1717,1377,1421,1543,1509,1622,1244,1604,1132,1204,1708,1184,1566,1489,1605,1449
,1365,1289,1350,1374,1652,1294,1343,1494,1683,1317,1769,1315,1268,1539,1671,1536,1704,1500,1215,1385,1625,1309,1292,1678,1592,1597,1676,1299,1318,1513,1251,1678,1355,1516,1417,1553,1147,1802,1364,1618,1627,1307,1706,1511,1776,1383,1497,1602,1468,1371,1263,1320,1348,1309,1428,1137,1630,1219,1500,1626,1772,1609,1692,1251,1718,1431,1633,1470,1252,1497,1374,1518,1323,1693,1254,1171,1718,1246,1181,1430,1666,1746,1588,1376,1341,1380,1776,1419,1646,1795,1367,1195,1659,1729,1561,1788,1139,1163,1534,1327,1691,1668,1419,1268,1743,1653,1475,1719,1381,1390,1570,1490,1216,1270,1219,1742,1597,1695,1241,1414,1568,1465,1505,1308,1294,1599,1776,1231,1241,1501,1744,1575,1571,1705,1507,1404,1144,1506,1300,1572,1171,1226,1342,1343,1432,1219,1408,1657,1355,1744,1431,1293,1505,1581,1392,1469,1270,1619,1179,1502,1776,1551,1184,1568,1647,1161,1504,1672,1167,1494,1479,1199,1187,1286,1575,1604,1296,1576,1302,1548,1778,1214,1162,1200,1164,1402,1272,1689,1441,1204,1556,1756,1687,1145,1395,1289,1726,1249,1300,1380,1338,1685,1607,1505,1399,1416,1171,1650,1684,1429,1276,1693,1693,1271,1402,1283,1654,1215,1808,1338,1569,1520,1671,1629,1596,1529,1491,1278,1472,1714,1451,1613,1242,1531,1605,1187,1228,1675,1539,1512,1685,1297,1475,1234,1722,1545,1730,1576,1498,1675,1467,1511,1443,1216,1543,1170,1642,1330,1690,1611,1359,1510,1329,1494,1218,1792,1185,1726,1487,1339,1230,1209,1214,1480,1500,1791,1222,1593,1136,1265,1391,1743,1382,1805,1782,1396,1390,1732,1467,1414,1391,1186,1516,1634,1261,1412,1528,1654,1373,1168,1257,1612,1371,1547,1464,1739,1616,1342,1222,1262,1146,1535,1403,1296,1446,1492
,1540,1390,1378,1658,1460,1224,1707,1179,1583,1267,1363,1277,1706,1301,1735,1232,1805,1397,1624,1234,1218,1467,1418,1249,1691,1327,1158,1405,1770,1315,1381,1198,1308,1253,1264,1494,1447,1280,1228,1727,1662,1215,1316,1256,1188,1265,1694,1440,1489,1215,1305,1752,1788,1450,1611,1140,1146,1421,1763,1667,1728,1155,1534,1776,1672,1279,1217,1460,1374,1805,1277,1594,1320,1202,1723,1561,1587,1556,1464,1555,1261,1488,1618,1678,1453,1204,1743,1289,1716,1646,1528,1490,1361,1653,1768,1755,1180,1391,1479,1714,1708,1141,1789,1512,1716,1348,1322,1184,1750,1731,1208,1719,1694,1785,1446,1622,1573,1565,1620,1751,1279,1197,1244,1221,1449,1213,1278,1657,1384,1611,1740,1706,1697,1632,1563,1321,1656,1509,1147,1804,1699,1533,1738,1150,1765,1700,1738,1279,1807,1630,1578,1339,1220,1224,1435,1339,1712,1197,1444,1762,1270,1758,1182,1361,1758,1476,1453,1330,1710,1160,1405,1361,1340,1211,1688,1559,1342,1415,1252,1335,1326,1426,1805,1154,1153,1249,1308,1468,1457,1631,1714,1719,1676,1187,1221,1317,1301,1272,1465,1532,1219,1240,1599,1801,1329,1784,1185,1270,1174,1318,1679,1336,1651,1461,1255,1150,1666,1193,1544,1447,1258,1716,1512,1558,1387,1565,1307,1258,1711,1760,1376,1514,1729,1541,1316,1352,1427,1233,1669,1131,1615,1328,1238,1447,1159,1578,1261,1695,1459,1361,1194,1593,1290,1497,1219,1182,1390,1336,1730,1532,1159,1746,1183,1664,1531,1365,1636,1159,1544,1294,1294,1562,1565,1164,1670,1713,1647,1381,1648,1524,1402,1268,1634,1341,1668,1164,1211,1254,1619,1192,1216,1334,1603,1326,1270,1409,1749,1613,1554,1607,1291,1226,1491,1398,1808,1180,1807,1564,1180,1575,1490,1544,1662,1311,1381,1688
,1575,1465,1240,1472,1723,1327,1573,1419,1493,1580,1403,1309,1754,1193,1334,1330,1339,1807,1249,1170,1675,1723,1365,1404,1427,1297,1631,1365,1415,1672,1342,1726,1681,1201,1245,1300,1584,1225,1589,1562,1529,1338,1333,1309,1382,1770,1808,1766,1295,1583,1723,1350,1226,1571,1458,1272,1266,1243,1670,1463,1381,1448,1553,1656,1560,1185,1267,1164,1653,1609,1589,1444,1593,1365,1692,1564,1288,1135,1327,1708,1807,1424,1698,1177,1779,1650,1709,1542,1714,1799,1624,1162,1752,1569,1393,1316,1786,1422,1445,1455,1577,1329,1201,1646,1430,1566,1580,1652,1176,1156,1267,1184,1772,1774,1708,1315,1204,1769,1252,1485,1323,1753,1754,1294,1806,1336,1733,1537,1544,1594,1147,1295,1133,1420,1197,1713,1687,1573,1430,1389,1261,1261,1177,1413,1219,1650,1631,1345,1446,1703,1452,1446,1257,1299,1597,1319,1178,1227,1773,1797,1468,1746,1185,1400,1179,1475,1746,1576,1678,1618,1234,1801,1482,1278,1456,1711,1163,1389,1168,1612,1390,1730,1737,1589,1215,1409,1412,1415,1625,1217,1305,1501,1647,1743,1546,1713,1354,1550,1455,1507,1495,1249,1769,1398,1670,1689,1649,1526,1524,1319,1643,1285,1157,1799,1745,1356,1565,1756,1333,1279,1431,1467,1619,1645,1542,1808,1713,1270,1743,1584,1499,1341,1547,1591,1630,1313,1633,1517,1131,1567,1539,1747,1458,1355,1807,1374,1679,1254,1535,1445,1317,1629,1771,1501,1296,1622,1386,1488,1534,1603,1277,1477,1468,1597,1471,1332,1639,1611,1177,1305,1712,1351,1543,1509,1187,1587,1207,1407,1301,1585,1158,1271,1556,1765,1226,1241,1189,1337,1738,1457,1507,1646,1232,1398,1517,1253,1240,1807,1411,1543,1202,1529,1430,1352,1306,1561,1167,1582,1347,1319,1384,1494,1647,1624,1174,1723
,1161,1445,1250,1485,1466,1619,1549,1332,1643,1607,1270,1349,1301,1358,1527,1692,1384,1636,1521,1238,1602,1517,1790,1683,1262,1557,1508,1614,1562,1216,1572,1168,1737,1758,1483,1254,1470,1799,1337,1807,1624,1393,1324,1432,1618,1571,1148,1202,1384,1766,1377,1404,1763,1671,1162,1133,1344,1521,1631,1517,1137,1401,1266,1542,1563,1727,1781,1755,1716,1174,1191,1369,1766,1361,1401,1237,1595,1626,1135,1731,1357,1245,1800,1617,1431,1381,1265,1557,1401,1501,1201,1521,1743,1245,1671,1634,1635,1316,1659,1494,1729,1666,1798,1468,1423,1600,1375,1713,1238,1716,1456,1533,1196,1530,1508,1413,1601,1207,1410,1625,1467,1413,1425,1171,1712,1659,1284,1425,1801,1454,1436,1206,1662,1314,1690,1623,1631,1605,1560,1667,1776,1320,1374,1598,1670,1385,1799,1181,1132,1465,1439,1339,1380,1323,1474,1439,1525,1573,1614,1791,1734,1193,1365,1743,1231,1463,1472,1583,1713,1407,1288,1365,1140,1731,1748,1670,1164,1159,1565,1133,1295,1807,1139,1455,1570,1332,1480,1404,1142,1452,1730,1786,1576,1205,1592,1652,1340,1551,1503,1493,1742,1209,1344,1189,1713,1215,1587,1466,1509,1244,1179,1526,1597,1596,1509,1313,1488,1716,1148,1491,1356,1628,1627,1183,1488,1163,1318,1379,1459,1160,1289,1703,1552,1531,1666,1499,1294,1419,1485,1672,1769,1144,1182,1550,1604,1290,1789,1787,1324,1559,1201,1213,1628,1567,1556,1412,1264,1336,1603,1441,1515,1181,1679,1387,1768,1431,1713,1723,1554,1354,1716,1180,1245,1796,1682,1356,1586,1647,1146,1172,1249,1643,1192,1344,1526,1377,1635,1672,1259,1141,1195,1682,1736,1151,1808,1684,1570,1403,1494,1542,1490,1582,1358,1433,1795,1307,1718,1648,1234,1150,1337,1489,1719,1604,1339,1631
,1577,1518,1680,1545,1177,1443,1694,1470,1335,1592,1270,1801,1769,1254,1551,1705,1227,1188,1297,1610,1308,1242,1164,1341,1146,1788,1136,1473,1289,1621,1697,1733,1153,1672,1805,1589,1174,1485,1690,1698,1671,1455,1775,1410,1569,1220,1453,1383,1683,1764,1359,1724,1478,1340,1253,1452,1461,1478,1604,1522,1188,1573,1148,1531,1204,1498,1345,1492,1623,1517,1626,1140,1152,1345,1652,1491,1724,1285,1750,1145,1159,1374,1558,1247,1227,1371,1749,1364,1668,1665,1429,1300,1736,1508,1693,1301,1206,1356,1357,1593,1190,1571,1648,1780,1646,1151,1132,1525,1158,1520,1320,1671,1388,1694,1433,1794,1453,1290,1458,1482,1602,1586,1486,1135,1614,1434,1657,1173,1314,1274,1620,1732,1214,1602,1689,1746,1150,1334,1631,1175,1774,1264,1575,1637,1611,1791,1627,1421,1263,1339,1492,1656,1243,1606,1623,1445,1210,1461,1496,1806,1625,1260,1406,1350,1488,1325,1737,1376,1476,1281,1625,1615,1194,1802,1770,1233,1765,1286,1393,1503,1437,1442,1247,1492,1274,1661,1554,1597,1367,1735,1694,1685,1666,1756,1796,1341,1644,1225,1704,1608,1200,1249,1774,1715,1602,1497,1453,1149,1457,1507,1450,1600,1132,1533,1299,1594,1406,1156,1451,1298,1404,1597,1293,1421,1677,1194,1319,1681,1627,1517,1735,1231,1599,1789,1321,1509,1379,1199,1728,1619,1234,1175,1445,1754,1698,1665,1753,1234,1568,1545,1321,1328,1696,1305,1496,1616,1314,1325,1633,1765,1475,1342,1416,1789,1763,1762,1346,1304,1652,1457,1656,1527,1528,1712,1697,1288,1657,1227,1537,1198,1552,1537,1713,1373,1779,1624,1384,1594,1585,1184,1275,1467,1588,1482,1347,1652,1544,1460,1330,1659,1599,1443,1760,1482,1316,1570,1231,1645,1384,1544,1367,1788,1473,1408,1263,1547
,1275,1514,1720,1590,1305,1674,1490,1644,1157,1546,1764,1718,1136,1699,1623,1680,1781,1421,1413,1555,1280,1350,1369,1313,1222,1323,1528,1443,1224,1765,1136,1566,1464,1323,1723,1176,1476,1557,1558,1613,1298,1650,1151,1457,1389,1531,1563,1626,1135,1638,1752,1569,1746,1184,1633,1505,1532,1802,1669,1748,1726,1644,1708,1558,1144,1374,1598,1760,1185,1255,1229,1388,1804,1218,1427,1734,1743,1558,1644,1766,1227,1183,1360,1289,1742,1730,1164,1546,1292,1561,1193,1278,1311,1343,1440,1475,1670,1520,1805,1662,1761,1525,1378,1173,1750,1132,1486,1177,1213,1332,1597,1469,1612,1574,1714,1242,1198,1571,1333,1416,1244,1481,1605,1160,1726,1521,1635,1533,1471,1480,1750,1381,1153,1496,1412,1524,1776,1491,1503,1660,1516,1495,1253,1371,1455,1748,1787,1554,1652,1363,1782,1688,1385,1629,1570,1804,1533,1439,1335,1676,1271,1475,1446,1143,1222,1614,1244,1655,1621,1169,1473,1484,1495,1733,1600,1218,1652,1202,1393,1161,1502,1183,1798,1232,1626,1377,1574,1780,1218,1455,1696,1352,1308,1457,1719,1719,1560,1515,1666,1642,1221,1792,1280,1773,1154,1629,1759,1474,1367,1609,1759,1795,1444,1435,1302,1802,1470,1241,1403,1496,1607,1728,1624,1267,1714,1270,1321,1776,1151,1345,1171,1367,1156,1681,1684,1654,1434,1673,1396,1738,1532,1541,1245,1350,1559,1542,1374,1357,1185,1427,1198,1587,1474,1635,1139,1478,1357,1400,1482,1288,1152,1352,1685,1641,1367,1384,1470,1647,1535,1227,1134,1630,1321,1258,1272,1782,1759,1337,1285,1545,1180,1153,1438,1528,1635,1179,1194,1232,1178,1430,1660,1406,1589,1368,1151,1262,1394,1260,1636,1776,1455,1590,1406,1211,1689,1291,1138,1699,1500,1215,1440,1738,1700,1278,1323,1526
,1248,1276,1191,1455,1205,1500,1399,1199,1598,1395,1655,1223,1341,1342,1336,1801,1422,1790,1782,1704,1538,1397,1194,1665,1734,1277,1726,1235,1590,1661,1734,1764,1224,1614,1140,1422,1251,1505,1212,1311,1511,1467,1202,1489,1480,1573,1280,1194,1363,1170,1628,1171,1186,1164,1480,1482,1668,1254,1633,1619,1689,1780,1140,1479,1263,1740,1274,1713,1688,1655,1397,1721,1300,1156,1616,1326,1517,1696,1783,1294,1368,1590,1252,1638,1338,1661,1631,1263,1440,1189,1483,1187,1241,1205,1193,1340,1604,1295,1757,1373,1209,1449,1731,1789,1665,1541,1490,1569,1513,1463,1515,1361,1238,1686,1509,1666,1349,1759,1427,1697,1196,1493,1550,1729,1421,1618,1303,1265,1533,1518,1731,1206,1440,1741,1683,1541,1303,1546,1755,1463,1569,1610,1320,1788,1466,1429,1674,1293,1443,1475,1680,1697,1244,1431,1312,1484,1342,1363,1262,1384,1781,1228,1277,1638,1651,1642,1305,1765,1545,1259,1746,1551,1343,1720,1569,1395,1139,1281,1644,1344,1229,1478,1781,1156,1194,1593,1280,1471,1164,1233,1374,1158,1721,1268,1563,1729,1797,1402,1746,1237,1407,1645,1419,1736,1550,1252,1140,1240,1639,1752,1759,1355,1578,1753,1729,1726,1602,1520,1244,1532,1438,1747,1777,1147,1449,1282,1564,1453,1288,1262,1381,1333,1457,1381,1165,1712,1711,1475,1385,1195,1380,1232,1687,1228,1711,1607,1548,1258,1337,1364,1368,1785,1704,1139,1343,1458,1323,1757,1765,1194,1702,1432,1558,1208,1751,1677,1180,1412,1264,1406,1673,1731,1735,1403,1757,1388,1338,1793,1281,1250,1451,1713,1347,1539,1756,1198,1444,1358,1784,1617,1599,1468,1485,1338,1695,1635,1452,1783,1204,1681,1544,1184,1228,1459,1343,1278,1776,1380,1252,1283,1365,1193,1352,1386,1181,1447
,1633,1588,1657,1587,1591,1368,1628,1248,1367,1164,1707,1135,1656,1711,1574,1450,1798,1698,1219,1580,1158,1536,1562,1560,1618,1737,1505,1508,1626,1285,1623,1555,1458,1441,1715,1369,1247,1504,1543,1640,1321,1525,1511,1148,1531,1600,1669,1602,1471,1399,1536,1282,1768,1565,1624,1227,1266,1544,1208,1705,1316,1435,1759,1272,1161,1669,1491,1176,1721,1342,1292,1686,1725,1244,1425,1439,1567,1595,1163,1519,1764,1637,1498,1240,1289,1199,1707,1609,1594,1187,1240,1264,1529,1185,1368,1398,1804,1551,1482,1229,1274,1666,1569,1782,1549,1737,1609,1402,1323,1463,1253,1533,1471,1219,1284,1164,1291,1228,1176,1507,1590,1744,1435,1493,1556,1194,1465,1365,1236,1527,1735,1331,1481,1163,1239,1767,1245,1196,1377,1255,1767,1629,1451,1320,1280,1155,1667,1578,1241,1446,1380,1607,1784,1561,1762,1313,1650,1806,1188,1752,1734,1445,1760,1593,1522,1140,1435,1726,1652,1252,1189,1270,1782,1380,1210,1282,1553,1654,1623,1802,1797,1529,1574,1787,1566,1577,1771,1509,1549,1712,1364,1472,1615,1702,1553,1568,1437,1609,1392,1326,1417,1493,1473,1203,1450,1220,1384,1435,1196,1336,1532,1533,1771,1771,1629,1589,1668,1320,1383,1243,1220,1389,1794,1754,1135,1410,1261,1513,1429,1372,1462,1450,1452,1691,1618,1487,1376,1178,1430,1808,1365,1210,1507,1482,1536,1771,1198,1279,1367,1716,1484,1250,1406,1647,1248,1698,1166,1767,1750,1296,1513,1508,1683,1654,1410,1563,1536,1196,1788,1191,1762,1272,1295,1586,1332,1370,1212,1544,1303,1227,1406,1305,1208,1145,1261,1725,1326,1540,1708,1725,1595,1483,1744,1210,1772,1412,1638,1699,1349,1243,1473,1280,1193,1166,1805,1332,1589,1730,1486,1677,1520,1266,1549,1626,1738,1341
,1637,1371,1489,1175,1143,1443,1438,1283,1342,1761,1367,1773,1451,1353,1616,1374,1675,1587,1277,1607,1710,1176,1564,1169,1725,1638,1403,1781,1449,1483,1346,1515,1801,1471,1710,1653,1668,1748,1509,1654,1624,1693,1265,1168,1534,1405,1324,1650,1326,1663,1210,1337,1775,1364,1802,1657,1654,1333,1274,1387,1797,1167,1679,1584,1166,1146,1760,1338,1797,1169,1569,1739,1766,1479,1616,1745,1488,1731,1185,1266,1314,1329,1482,1722,1196,1571,1503,1286,1647,1300,1422,1492,1377,1414,1172,1551,1234,1467,1434,1646,1245,1485,1251,1273,1328,1375,1705,1525,1232,1331,1710,1445,1156,1238,1756,1514,1253,1784,1564,1760,1768,1794,1750,1252,1614,1176,1787,1684,1376,1163,1462,1643,1763,1294,1590,1310,1499,1312,1545,1351,1722,1308,1141,1801,1134,1509,1347,1469,1349,1156,1352,1142,1254,1536,1531,1700,1243,1580,1270,1212,1526,1536,1246,1422,1617,1137,1485,1458,1786,1319,1754,1461,1307,1358,1472,1139,1710,1442,1578,1485,1474,1430,1558,1488,1313,1367,1246,1462,1641,1213,1389,1741,1152,1403,1501,1574,1257,1802,1679,1149,1203,1274,1705,1475,1654,1178,1785,1791,1598,1241,1639,1443,1142,1701,1681,1524,1678,1630,1479,1439,1668,1535,1328,1146,1689,1548,1313,1772,1732,1616,1537,1300,1371,1422,1712,1560,1676,1777,1136,1422,1303,1260,1602,1189,1213,1454,1719,1789,1800,1688,1556,1520,1489,1221,1284,1508,1516,1246,1341,1540,1135,1661,1331,1317,1749,1335,1582,1663,1530,1722,1175,1673,1692,1249,1244,1614,1156,1269,1668,1360,1789,1691,1503,1200,1670,1194,1615,1352,1144,1192,1511,1639,1433,1168,1584,1660,1732,1653,1215,1483,1270,1330,1624,1787,1531,1458,1630,1646,1588,1491,1354,1403,1420,1299,1697,1510
,1214,1692,1768,1437,1584,1233,1331,1552,1666,1774,1738,1652,1576,1602,1461,1749,1198,1141,1257,1692,1215,1154,1420,1339,1178,1265,1416,1704,1340,1186,1235,1354,1775,1702,1265,1504,1214,1535,1443,1659,1747,1543,1498,1626,1365,1264,1453,1243,1274,1267,1555,1549,1393,1222,1635,1192,1648,1254,1299,1277,1135,1519,1271,1740,1463,1495,1523,1382,1426,1717,1664,1646,1445,1239,1281,1604,1262,1799,1217,1234,1697,1323,1563,1689,1287,1696,1207,1662,1187,1795,1345,1358,1512,1491,1199,1691,1733,1786,1237,1380,1739,1468,1750,1797,1271,1611,1294,1473,1777,1362,1244,1317,1779,1218,1249,1493,1536,1454,1216,1305,1722,1249,1588,1317,1338,1706,1198,1146,1348,1175,1372,1243,1397,1737,1520,1615,1445,1743,1133,1462,1593,1768,1350,1578,1315,1504,1241,1607,1576,1186,1144,1804,1706,1210,1201,1420,1381,1722,1410,1581,1724,1295,1272,1759,1756,1269,1154,1206,1135,1281,1516,1515,1657,1307,1667,1485,1694,1606,1150,1301,1650,1657,1706,1215,1790,1544,1195,1499,1516,1687,1309,1708,1779,1353,1761,1436,1367,1633,1685,1148,1239,1235,1189,1476,1536,1798,1450,1455,1702,1762,1701,1399,1728,1464,1211,1519,1140,1448,1732,1773,1706,1492,1204,1594,1559,1516,1808,1330,1348,1757,1628,1177,1602,1772,1455,1544,1666,1546,1132,1444,1522,1665,1294,1679,1247,1758,1627,1583,1544,1450,1182,1358,1483,1619,1651,1421,1600,1333,1774,1726,1577,1235,1140,1334,1334,1412,1203,1372,1498,1686,1529,1171,1777,1280,1544,1153,1224,1282,1177,1227,1720,1360,1437,1284,1175,1131,1328,1725,1547,1385,1660,1463,1398,1697,1543,1451,1558,1206,1260,1797,1729,1317,1769,1363,1485,1504,1434,1519,1430,1699,1743,1171,1318,1657,1801,1623
,1652,1314,1434,1768,1770,1328,1512,1450,1262,1538,1332,1166,1235,1679,1606,1385,1235,1330,1366,1629,1763,1539,1239,1727,1136,1394,1622,1717,1663,1707,1564,1133,1697,1502,1188,1231,1139,1388,1307,1787,1387,1792,1382,1447,1717,1648,1498,1198,1348,1274,1224,1610,1351,1714,1190,1803,1794,1665,1179,1477,1428,1407,1409,1359,1774,1166,1488,1423,1142,1536,1358,1319,1512,1716,1579,1182,1559,1409,1550,1569,1272,1541,1445,1693,1526,1361,1585,1637,1409,1210,1591,1339,1756,1245,1158,1618,1455,1346,1436,1250,1627,1217,1736,1767,1717,1198,1701,1774,1189,1483,1319,1326,1238,1483,1501,1531,1659,1494,1648,1268,1733,1154,1277,1576,1677,1431,1556,1255,1772,1188,1287,1290,1799,1598,1380,1197,1211,1146,1332,1406,1198,1286,1631,1423,1216,1277,1285,1316,1258,1532,1294,1252,1445,1178,1248,1149,1509,1590,1213,1765,1618,1264,1485,1537,1463,1414,1788,1684,1231,1219,1320,1360,1512,1349,1735,1501,1349,1276,1805,1187,1535,1462,1185,1527,1306,1539,1258,1264,1421,1596,1757,1794,1595,1504,1595,1736,1319,1784,1428,1676,1739,1528,1503,1237,1664,1698,1675,1595,1346,1384,1262,1548,1379,1562,1797,1137,1131,1656,1696,1705,1483,1415,1414,1307,1789,1773,1606,1160,1717,1164,1788,1607,1216,1378,1633,1256,1213,1423,1219,1673,1301,1426,1341,1574,1729,1435,1189,1393,1184,1586,1294,1623,1452,1265,1199,1767,1728,1268,1381,1430,1214,1695,1445,1220,1324,1728,1382,1228,1261,1391,1453,1244,1337,1387,1229,1466,1337,1753,1302,1393,1511,1191,1776,1724,1729,1426,1215,1384,1303,1286,1342,1156,1770,1646,1235,1173,1632,1756,1443,1673,1549,1309,1524,1720,1599,1791,1439,1746,1284,1603,1628,1298,1319,1536,1147,1339
,1418,1362,1301,1759,1134,1733,1733,1716,1570,1365,1673,1700,1135,1686,1332,1152,1366,1666,1465,1421,1642,1341,1660,1784,1472,1458,1566,1235,1470,1173,1260,1798,1257,1681,1246,1612,1739,1509,1202,1585,1684,1408,1199,1678,1186,1646,1351,1327,1459,1234,1347,1510,1333,1281,1519,1454,1255,1250,1546,1500,1528,1506,1400,1357,1793,1145,1493,1264,1563,1403,1138,1359,1344,1561,1757,1561,1175,1505,1503,1638,1310,1595,1192,1768,1379,1233,1655,1239,1514,1765,1746,1738,1560,1461,1765,1390,1301,1575,1257,1181,1746,1686,1696,1280,1283,1444,1166,1552,1355,1647,1746,1739,1272,1250,1426,1756,1389,1191,1305,1186,1325,1349,1474,1306,1349,1579,1266,1235,1276,1332,1168,1586,1321,1532,1628,1701,1766,1152,1422,1513,1759,1376,1411,1370,1337,1803,1605,1700,1432,1296,1242,1715,1248,1707,1176,1183,1496,1394,1617,1469,1568,1146,1170,1159,1144,1747,1531,1619,1561,1307,1574,1709,1795,1277,1303,1460,1161,1643,1323,1179,1174,1341,1265,1685,1526,1583,1280,1520,1423,1773,1731,1632,1233,1363,1742,1377,1758,1326,1302,1760,1183,1500,1215,1416,1223,1308,1765,1227,1456,1573,1607,1272,1317,1496,1733,1352,1664,1518,1529,1667,1554,1189,1805,1267,1445,1153,1392,1361,1378,1341,1430,1464,1774,1172,1749,1381,1249,1546,1760,1557,1644,1216,1277,1270,1694,1149,1641,1612,1698,1393,1265,1525,1246,1356,1583,1326,1220,1725,1446,1707,1562,1329,1191,1628,1499,1249,1632,1712,1712,1731,1768,1683,1362,1653,1807,1257,1159,1232,1755,1331,1657,1554,1384,1783,1451,1567,1395,1250,1645,1300,1339,1567,1662,1134,1430,1404,1252,1375,1261,1547,1591,1770,1523,1669,1688,1691,1186,1804,1223,1238,1152,1579,1601,1150,1568,1709
,1489,1514,1574,1495,1626,1515,1394,1353,1288,1758,1498,1200,1551,1473,1305,1250,1302,1273,1185,1807,1440,1359,1304,1215,1235,1594,1747,1518,1147,1364,1185,1662,1311,1593,1656,1434,1589,1787,1324,1367,1770,1616,1649,1263,1803,1134,1195,1410,1777,1405,1237,1196,1738,1372,1771,1642,1142,1296,1354,1546,1267,1309,1357,1273,1477,1645,1396,1297,1756,1553,1298,1643,1699,1410,1651,1280,1642,1430,1320,1454,1190,1575,1717,1227,1647,1395,1601,1793,1562,1671,1335,1350,1798,1473,1754,1300,1282,1409,1707,1602,1520,1135,1568,1746,1686,1774,1390,1683,1183,1505,1413,1567,1250,1308,1785,1761,1720,1433,1453,1256,1458,1419,1258,1776,1406,1769,1333,1518,1477,1289,1509,1285,1265,1379,1518,1366,1459,1321,1518,1230,1613,1802,1795,1254,1212,1558,1558,1171,1798,1327,1409,1517,1437,1610,1601,1719,1154,1303,1688,1702,1163,1677,1307,1263,1324,1433,1445,1550,1549,1164,1326,1452,1491,1254,1177,1602,1688,1592,1245,1311,1639,1201,1769,1405,1643,1647,1203,1420,1252,1160,1663,1519,1344,1294,1386,1639,1538,1533,1370,1397,1532,1390,1660,1553,1726,1507,1652,1223,1747,1260,1562,1418,1339,1404,1410,1785,1249,1570,1628,1658,1143,1609,1361,1548,1176,1483,1750,1774,1142,1731,1186,1161,1603,1691,1726,1772,1748,1351,1724,1411,1287,1687,1534,1206,1580,1441,1407,1424,1550,1675,1441,1525,1411,1316,1506,1526,1184,1544,1638,1396,1207,1517,1268,1193,1559,1297,1514,1717,1291,1473,1222,1796,1575,1794,1438,1334,1184,1539,1209,1511,1619,1453,1640,1245,1430,1474,1342,1146,1331,1486,1279,1779,1604,1771,1264,1565,1260,1206,1589,1448,1469,1158,1277,1794,1584,1159,1665,1374,1763,1714,1476,1267,1290,1337,1743,1298
,1344,1562,1273,1354,1549,1460,1767,1262,1568,1449,1610,1291,1464,1467,1787,1375,1632,1776,1493,1252,1551,1741,1474,1648,1677,1148,1416,1417,1697,1287,1160,1445,1513,1527,1661,1135,1515,1241,1666,1665,1217,1140,1413,1768,1234,1801,1509,1264,1367,1461,1148,1790,1802,1552,1291,1761,1317,1418,1475,1793,1609,1163,1167,1326,1211,1595,1159,1400,1455,1777,1772,1694,1211,1673,1299,1167,1260,1611,1613,1652,1417,1631,1536,1568,1305,1733,1383,1232,1803,1795,1457,1204,1204,1471,1678,1333,1240,1585,1511,1407,1732,1564,1452,1698,1653,1607,1562,1279,1155,1345,1349,1333,1676,1213,1455,1623,1176,1634,1146,1446,1572,1773,1547,1471,1157,1799,1494,1228,1670,1757,1447,1467,1581,1303,1684,1714,1441,1408,1299,1490,1486,1650,1464,1455,1270,1232,1631,1622,1138,1160,1484,1720,1457,1539,1778,1394,1679,1143,1535,1175,1233,1242,1275,1323,1237,1696,1498,1321,1388,1542,1372,1803,1734,1182,1335,1485,1511,1245,1779,1614,1683,1637,1295,1760,1631,1724,1636,1727,1195,1222,1748,1426,1194,1532,1375,1792,1248,1797,1657,1582,1725,1145,1291,1187,1747,1376,1417,1759,1582,1145,1389,1301,1740,1744,1667,1189,1457,1562,1208,1788,1137,1223,1371,1301,1670,1657,1177,1737,1677,1454,1598,1134,1339,1482,1617,1803,1297,1642,1700,1236,1181,1162,1413,1664,1562,1322,1134,1219,1703,1537,1690,1259,1744,1294,1648,1635,1690,1657,1542,1675,1803,1570,1366,1719,1478,1188,1278,1185,1492,1260,1177,1684,1242,1576,1426,1334,1576,1470,1796,1608,1164,1450,1644,1225,1551,1607,1212,1563,1485,1347,1787,1498,1708,1610,1456,1481,1144,1497,1680,1211,1382,1403,1305,1542,1728,1567,1163,1389,1144,1563,1501,1351,1742,1296,1758,1198
,1270,1716,1416,1782,1141,1765,1412,1634,1532,1475,1238,1437,1716,1400,1333,1265,1433,1181,1227,1568,1782,1437,1467,1279,1306,1686,1262,1497,1350,1677,1346,1641,1661,1553,1577,1706,1263,1655,1735,1487,1608,1207,1769,1310,1165,1555,1550,1805,1283,1528,1204,1673,1417,1569,1517,1253,1403,1802,1219,1194,1458,1665,1687,1472,1224,1686,1299,1746,1735,1182,1618,1544,1213,1194,1465,1527,1750,1185,1541,1180,1156,1263,1360,1488,1135,1202,1479,1707,1759,1768,1722,1243,1620,1790,1264,1435,1584,1417,1509,1662,1307,1443,1646,1508,1425,1316,1799,1655,1441,1377,1165,1295,1766,1737,1292,1708,1691,1482,1588,1558,1174,1193,1215,1242,1757,1445,1337,1607,1691,1448,1463,1545,1223,1653,1197,1409,1664,1491,1479,1319,1272,1337,1465,1287,1214,1542,1455,1680,1727,1159,1591,1381,1320,1762,1418,1409,1374,1746,1592,1745,1609,1553,1675,1693,1737,1288,1792,1317,1663,1553,1176,1618,1175,1643,1652,1698,1594,1250,1297,1279,1613,1637,1277,1501,1729,1792,1734,1456,1550,1609,1674,1724,1360,1170,1337,1233,1302,1519,1594,1285,1693,1364,1519,1351,1440,1411,1361,1264,1147,1354,1425,1267,1160,1798,1493,1751,1327,1691,1136,1676,1175,1567,1137,1740,1592,1324,1219,1184,1781,1344,1768,1702,1357,1220,1284,1192,1564,1190,1177,1643,1344,1640,1262,1273,1185,1576,1476,1172,1398,1335,1135,1630,1631,1224,1408,1762,1630,1460,1348,1697,1762,1272,1214,1781,1567,1358,1363,1677,1315,1456,1465,1646,1766,1632,1757,1701,1386,1740,1267,1216,1535,1481,1312,1374,1759,1552,1292,1462,1355,1238,1720,1220,1143,1714,1513,1313,1195,1443,1430,1426,1750,1169,1254,1160,1391,1337,1569,1735,1738,1799,1353,1526,1785,1599,1278,1564
,1804,1391,1585,1252,1479,1402,1613,1266,1206,1534,1667,1267,1144,1633,1377,1301,1472,1680,1535,1671,1131,1487,1667,1511,1570,1299,1714,1463,1339,1156,1625,1568,1768,1595,1222,1311,1546,1700,1418,1254,1135,1329,1231,1262,1722,1305,1735,1744,1409,1718,1494,1310,1497,1533,1540,1365,1247,1371,1234,1238,1434,1424,1808,1592,1760,1745,1496,1642,1806,1521,1382,1720,1245,1766,1730,1662,1285,1417,1564,1153,1668,1477,1582,1730,1251,1452,1758,1438,1574,1137,1803,1538,1575,1582,1453,1638,1417,1730,1428,1651,1692,1337,1179,1569,1171,1701,1336,1780,1602,1351,1689,1708,1692,1561,1366,1761,1484,1615,1565,1784,1685,1305,1158,1204,1223,1242,1684,1647,1322,1596,1182,1242,1136,1495,1645,1239,1746,1172,1723,1490,1451,1442,1181,1135,1512,1776,1286,1808,1444,1447,1424,1437,1728,1679,1743,1469,1490,1539,1365,1409,1450,1420,1410,1642,1177,1271,1285,1505,1258,1180,1676,1717,1193,1378,1209,1388,1725,1349,1473,1552,1357,1445,1546,1560,1623,1615,1496,1171,1261,1492,1610,1577,1347,1471,1717,1241,1481,1438,1162,1699,1282,1669,1193,1255,1778,1544,1282,1409,1632,1444,1370,1238,1234,1253,1268,1488,1362,1668,1491,1795,1786,1772,1556,1174,1649,1334,1401,1553,1140,1131,1739,1512,1180,1750,1579,1360,1640,1638,1161,1463,1591,1737,1721,1727,1544,1699,1321,1688,1316,1452,1241,1383,1472,1235,1313,1168,1154,1239,1195,1419,1443,1636,1174,1756,1543,1603,1314,1581,1646,1482,1741,1143,1175,1486,1536,1422,1434,1348,1365,1402,1469,1457,1631,1458,1269,1485,1757,1213,1428,1401,1517,1560,1341,1207,1788,1383,1496,1575,1728,1351,1335,1443,1389,1399,1438,1337,1781,1245,1426,1261,1418,1453,1634,1354,1636,1412
,1683,1437,1617,1637,1797,1238,1333,1388,1670,1268,1619,1400,1144,1712,1722,1338,1540,1440,1527,1484,1655,1241,1806,1476,1180,1557,1563,1379,1524,1618,1657,1782,1495,1131,1631,1805,1264,1304,1144,1321,1799,1737,1428,1390,1512,1461,1257,1521,1547,1416,1215,1249,1255,1326,1789,1329,1306,1171,1162,1179,1783,1443,1384,1473,1639,1137,1793,1282,1741,1200,1543,1167,1504,1617,1512,1205,1525,1285,1677,1426,1265,1728,1442,1598,1350,1312,1204,1264,1186,1358,1270,1583,1386,1507,1402,1522,1233,1412,1446,1228,1324,1721,1214,1485,1244,1523,1584,1641,1372,1402,1151,1521,1598,1532,1369,1323,1700,1278,1442,1180,1273,1804,1483,1362,1755,1663,1450,1224,1522,1666,1721,1660,1179,1667,1340,1147,1802,1298,1375,1652,1774,1359,1728,1635,1133,1169,1582,1621,1567,1412,1198,1436,1536,1508,1650,1578,1688,1650,1297,1528,1481,1132,1452,1409,1806,1459,1360,1359,1628,1607,1280,1612,1470,1426,1223,1559,1268,1588,1396,1134,1488,1414,1350,1586,1630,1302,1789,1336,1606,1589,1484,1781,1231,1202,1231,1790,1662,1313,1643,1181,1675,1697,1189,1799,1694,1151,1711,1242,1598,1403,1504,1590,1341,1578,1769,1643,1566,1616,1257,1726,1773,1404,1664,1657,1772,1700,1794,1180,1249,1540,1326,1293,1389,1528,1440,1601,1350,1252,1132,1584,1706,1779,1349,1587,1153,1578,1720,1565,1325,1142,1282,1481,1223,1543,1186,1632,1311,1776,1389,1383,1365,1241,1532,1604,1187,1619,1394,1703,1293,1298,1769,1251,1781,1773,1271,1762,1647,1215,1132,1321,1287,1242,1268,1727,1272,1318,1397,1654,1586,1257,1585,1328,1434,1416,1543,1291,1346,1740,1401,1279,1412,1654,1399,1466,1243,1240,1192,1523,1235,1426,1231,1290,1211,1220,1694,1681
,1689,1494,1240,1251,1679,1723,1571,1715,1344,1254,1356,1572,1299,1148,1743,1185,1548,1708,1302,1710,1756,1500,1502,1208,1795,1263,1581,1281,1203,1600,1640,1547,1608,1665,1549,1151,1450,1673,1566,1214,1630,1774,1794,1248,1326,1160,1661,1504,1461,1226,1265,1523,1633,1325,1704,1565,1170,1750,1586,1252,1165,1333,1594,1302,1782,1720,1361,1757,1299,1267,1420,1140,1289,1411,1200,1596,1675,1149,1789,1353,1520,1585,1722,1633,1706,1139,1254,1528,1650,1576,1554,1782,1436,1253,1714,1720,1705,1433,1495,1702,1355,1780,1459,1237,1703,1604,1340,1697,1743,1420,1375,1614,1315,1289,1679,1767,1660,1155,1429,1530,1170,1723,1147,1132,1353,1180,1419,1342,1196,1780,1278,1462,1162,1261,1700,1354,1588,1692,1338,1313,1285,1305,1442,1639,1197,1378,1606,1507,1216,1799,1292,1516,1793,1225,1647,1420,1313,1365,1541,1173,1141,1748,1420,1272,1437,1289,1493,1526,1517,1494,1407,1545,1415,1673,1533,1351,1434,1483,1569,1368,1804,1637,1194,1333,1485,1634,1670,1509,1590,1236,1288,1342,1180,1451,1709,1210,1374,1526,1686,1508,1210,1749,1348,1488,1250,1203,1352,1293,1250,1444,1754,1206,1797,1469,1270,1721,1189,1573,1249,1158,1633,1429,1318,1785,1775,1281,1600,1370,1388,1570,1200,1413,1680,1414,1682,1218,1695,1408,1141,1336,1636,1614,1410,1249,1635,1631,1609,1770,1286,1534,1287,1462,1179,1192,1703,1416,1271,1573,1348,1779,1735,1417,1265,1725,1565,1362,1456,1361,1673,1701,1682,1203,1783,1412,1233,1642,1399,1481,1245,1422,1390,1488,1533,1409,1681,1282,1186,1552,1458,1661,1230,1391,1738,1315,1412,1151,1350,1737,1615,1588,1546,1652,1509,1747,1538,1799,1135,1446,1387,1147,1172,1716,1195,1752,1629,1529
,1182,1653,1138,1572,1388,1782,1591,1302,1323,1421,1579,1629,1763,1688,1382,1320,1237,1282,1567,1285,1502,1449,1684,1406,1154,1719,1717,1507,1187,1384,1745,1452,1366,1480,1787,1772,1672,1297,1431,1502,1714,1707,1808,1508,1680,1308,1259,1163,1808,1533,1474,1326,1489,1639,1720,1290,1724,1664,1786,1477,1158,1197,1360,1573,1721,1719,1767,1265,1517,1342,1716,1698,1739,1561,1627,1468,1415,1201,1212,1474,1456,1792,1605,1555,1167,1682,1697,1667,1441,1254,1305,1363,1146,1216,1316,1308,1477,1691,1291,1357,1753,1774,1338,1696,1536,1769,1790,1511,1557,1786,1703,1180,1251,1723,1405,1795,1259,1767,1627,1676,1439,1644,1413,1434,1562,1218,1242,1197,1596,1514,1425,1345,1762,1473,1328,1745,1142,1713,1736,1530,1338,1671,1589,1686,1286,1662,1264,1480,1166,1475,1729,1240,1340,1224,1650,1478,1793,1310,1522,1492,1592,1364,1659,1162,1257,1330,1473,1221,1726,1612,1229,1788,1452,1375,1408,1527,1197,1320,1133,1333,1594,1446,1241,1453,1552,1709,1516,1703,1553,1259,1229,1543,1665,1310,1266,1150,1538,1470,1580,1781,1380,1270,1435,1548,1303,1229,1533,1562,1570,1413,1743,1768,1368,1688,1267,1633,1303,1241,1289,1552,1258,1322,1150,1205,1434,1227,1445,1647,1778,1716,1335,1470,1623,1734,1660,1780,1331,1373,1670,1217,1697,1218,1245,1425,1235,1236,1698,1400,1205,1399,1753,1380,1695,1767,1526,1228,1217,1558,1283,1576,1543,1507,1569,1775,1460,1629,1592,1242,1251,1140,1532,1566,1340,1643,1432,1186,1352,1411,1475,1429,1349,1590,1500,1802,1577,1627,1687,1621,1450,1419,1736,1619,1205,1432,1762,1646,1290,1168,1795,1593,1398,1452,1410,1368,1572,1790,1263,1236,1167,1529,1749,1682,1558,1254,1471,1739
,1319,1708,1634,1743,1531,1547,1746,1710,1630,1701,1658,1690,1245,1282,1602,1318,1750,1336,1672,1570,1538,1393,1607,1301,1171,1270,1598,1137,1403,1255,1591,1768,1557,1536,1438,1282,1603,1384,1745,1396,1430,1224,1338,1356,1260,1324,1200,1366,1211,1322,1725,1674,1640,1311,1797,1344,1286,1789,1654,1335,1668,1567,1793,1316,1169,1749,1276,1300,1619,1314,1168,1148,1211,1650,1396,1313,1693,1551,1790,1537,1456,1525,1350,1595,1501,1719,1254,1372,1524,1324,1754,1137,1399,1676,1144,1171,1206,1233,1166,1752,1236,1665,1533,1704,1761,1278,1469,1667,1611,1137,1328,1245,1328,1249,1310,1781,1416,1151,1471,1190,1770,1192,1137,1241,1561,1212,1148,1430,1691,1240,1799,1790,1194,1516,1478,1571,1572,1425,1494,1461,1498,1293,1228,1486,1182,1536,1600,1431,1473,1744,1518,1172,1537,1757,1546,1150,1216,1291,1392,1335,1358,1734,1371,1377,1541,1285,1210,1378,1166,1423,1179,1143,1704,1796,1557,1422,1217,1307,1492,1368,1680,1175,1489,1308,1553,1722,1161,1252,1657,1382,1781,1462,1394,1249,1554,1652,1722,1139,1252,1700,1790,1295,1466,1283,1629,1793,1256,1388,1752,1681,1631,1373,1727,1549,1674,1213,1318,1548,1781,1624,1302,1727,1722,1185,1551,1549,1209,1720,1233,1450,1712,1711,1644,1292,1726,1690,1166,1404,1193,1791,1200,1182,1405,1346,1544,1303,1483,1707,1246,1577,1450,1511,1682,1659,1333,1574,1211,1410,1541,1362,1498,1649,1530,1135,1729,1612,1732,1433,1456,1588,1387,1444,1413,1390,1777,1564,1493,1601,1776,1397,1577,1294,1678,1719,1647,1607,1763,1579,1221,1137,1337,1189,1646,1733,1137,1182,1269,1667,1712,1429,1805,1537,1357,1699,1365,1360,1450,1424,1157,1521,1343,1431,1589,1529,1436,1706
,1138,1299,1633,1172,1764,1705,1531,1673,1235,1665,1262,1382,1438,1557,1539,1275,1278,1720,1790,1443,1423,1319,1284,1691,1407,1317,1478,1636,1639,1289,1421,1360,1376,1169,1215,1263,1283,1373,1613,1446,1489,1182,1299,1596,1478,1398,1161,1721,1287,1724,1632,1672,1242,1405,1752,1442,1554,1289,1518,1493,1242,1682,1232,1643,1295,1153,1223,1316,1747,1376,1489,1574,1452,1278,1671,1625,1760,1338,1402,1688,1651,1449,1794,1789,1673,1599,1377,1403,1756,1138,1404,1519,1517,1230,1423,1182,1176,1467,1332,1675,1656,1457,1700,1150,1421,1522,1267,1461,1297,1796,1296,1260,1778,1321,1138,1527,1457,1647,1402,1460,1562,1712,1807,1316,1249,1253,1531,1554,1484,1340,1790,1741,1572,1242,1700,1757,1339,1513,1444,1659,1715,1747,1234,1149,1769,1592,1524,1283,1368,1487,1574,1186,1792,1776,1254,1533,1763,1687,1146,1149,1697,1803,1669,1280,1677,1414,1557,1689,1756,1416,1471,1607,1767,1668,1561,1607,1496,1614,1565,1514,1346,1289,1454,1434,1402,1227,1148,1648,1667,1373,1653,1227,1216,1454,1688,1270,1593,1471,1548,1455,1604,1724,1425,1367,1180,1666,1728,1782,1447,1221,1399,1536,1312,1151,1420,1310,1361,1578,1290,1225,1202,1238,1723,1208,1317,1153,1229,1409,1750,1285,1434,1449,1404,1614,1187,1317,1787,1304,1477,1188,1681,1774,1776,1430,1444,1682,1282,1504,1802,1798,1451,1768,1316,1476,1570,1548,1367,1497,1458,1517,1373,1570,1630,1659,1367,1663,1370,1339,1555,1705,1767,1377,1675,1759,1516,1475,1525,1196,1725,1475,1355,1614,1338,1765,1188,1160,1449,1564,1586,1336,1470,1785,1348,1331,1450,1747,1724,1541,1176,1661,1176,1346,1406,1796,1428,1533,1711,1550,1261,1408,1692,1199,1182,1490,1287,1737
,1782,1456,1217,1327,1150,1425,1161,1429,1705,1136,1619,1342,1427,1716,1557,1530,1615,1679,1229,1405,1347,1295,1546,1694,1559,1454,1348,1504,1662,1606,1764,1607,1688,1184,1578,1457,1463,1340,1730,1614,1565,1461,1486,1730,1447,1335,1273,1157,1729,1695,1366,1624,1320,1157,1778,1309,1230,1767,1662,1642,1618,1275,1541,1254,1574,1794,1231,1434,1507,1764,1224,1635,1408,1510,1716,1452,1536,1536,1493,1718,1644,1565,1215,1294,1231,1426,1628,1344,1301,1499,1325,1255,1632,1677,1623,1207,1324,1475,1761,1428,1567,1754,1334,1134,1785,1261,1570,1228,1315,1777,1285,1179,1677,1769,1650,1741,1614,1439,1203,1804,1808,1309,1521,1524,1209,1656,1376,1187,1525,1277,1632,1778,1633,1537,1669,1480,1281,1725,1636,1268,1385,1604,1291,1597,1791,1736,1134,1399,1183,1803,1658,1414,1260,1294,1581,1202,1798,1485,1576,1580,1149,1331,1151,1802,1283,1419,1488,1600,1803,1666,1618,1483,1227,1552,1303,1797,1194,1305,1571,1392,1707,1775,1716,1317,1247,1599,1159,1198,1292,1611,1206,1210,1510,1191,1131,1268,1269,1155,1575,1283,1636,1209,1618,1342,1297,1359,1458,1510,1464,1416,1435,1690,1336,1347,1516,1565,1292,1525,1622,1135,1750,1284,1678,1532,1636,1313,1755,1250,1356,1499,1536,1232,1491,1538,1689,1168,1708,1701,1794,1231,1614,1405,1331,1805,1194,1552,1312,1227,1201,1590,1432,1147,1180,1806,1530,1742,1772,1326,1803,1557,1644,1385,1785,1582,1189,1389,1641,1702,1435,1515,1345,1300,1684,1138,1603,1552,1184,1190,1750,1662,1425,1444,1648,1706,1323,1237,1163,1369,1795,1470,1448,1723,1598,1767,1501,1269,1596,1329,1358,1218,1785,1228,1549,1161,1565,1778,1642,1481,1737,1723,1522,1692,1373,1328,1632,1668
,1372,1623,1775,1707,1141,1154,1360,1264,1611,1168,1639,1505,1308,1625,1350,1512,1373,1420,1781,1328,1227,1183,1237,1558,1760,1545,1750,1543,1645,1537,1457,1197,1678,1191,1290,1552,1527,1342,1728,1375,1181,1147,1717,1738,1485,1636,1177,1593,1269,1244,1284,1758,1612,1652,1201,1467,1260,1739,1656,1556,1327,1189,1412,1773,1159,1722,1178,1643,1686,1306,1588,1134,1652,1266,1693,1393,1229,1686,1464,1369,1545,1650,1515,1777,1171,1545,1456,1483,1409,1557,1171,1250,1131,1791,1242,1206,1398,1149,1442,1458,1334,1802,1707,1571,1419,1141,1199,1672,1547,1708,1211,1518,1544,1635,1544,1467,1310,1212,1721,1251,1644,1334,1181,1521,1252,1640,1605,1476,1194,1154,1793,1597,1272,1576,1187,1672,1589,1266,1494,1786,1467,1709,1739,1800,1792,1556,1536,1551,1449,1670,1243,1505,1366,1372,1606,1670,1396,1660,1172,1646,1531,1437,1524,1729,1650,1561,1278,1803,1313,1690,1521,1635,1779,1377,1541,1441,1758,1223,1523,1252,1486,1544,1583,1208,1321,1687,1492,1229,1472,1251,1327,1328,1336,1766,1305,1586,1490,1567,1733,1211,1477,1229,1728,1347,1688,1179,1145,1366,1207,1365,1612,1644,1431,1771,1416,1735,1320,1642,1497,1393,1437,1753,1598,1413,1646,1322,1681,1476,1767,1279,1688,1379,1616,1792,1657,1470,1804,1206,1322,1233,1215,1525,1579,1154,1799,1728,1717,1379,1795,1330,1321,1210,1655,1188,1659,1780,1790,1519,1526,1553,1720,1428,1331,1623,1519,1289,1610,1216,1704,1806,1754,1170,1795,1400,1514,1185,1297,1414,1645,1658,1358,1717,1629,1472,1517,1707,1667,1708,1599,1638,1625,1801,1716,1341,1641,1141,1724,1486,1435,1435,1333,1246,1628,1349,1371,1346,1340,1443,1393,1537,1272,1268,1403,1477,1183,1619
,1226,1577,1205,1533,1689,1444,1539,1450,1635,1701,1506,1201,1570,1563,1194,1410,1232,1353,1321,1484,1433,1287,1389,1697,1506,1562,1346,1225,1404,1427,1489,1235,1401,1231,1269,1555,1779,1141,1519,1679,1578,1579,1703,1437,1641,1133,1288,1456,1754,1167,1494,1736,1407,1372,1260,1322,1221,1392,1578,1402,1568,1233,1270,1490,1327,1731,1778,1416,1715,1484,1504,1788,1316,1698,1589,1384,1499,1484,1506,1349,1282,1509,1368,1536,1656,1477,1789,1531,1621,1450,1399,1520,1246,1194,1718,1460,1467,1242,1515,1273,1481,1725,1299,1657,1590,1652,1705,1149,1569,1345,1420,1240,1454,1393,1680,1483,1724,1636,1309,1681,1772,1688,1387,1450,1285,1299,1472,1334,1656,1614,1636,1519,1469,1718,1364,1636,1411,1708,1570,1752,1394,1519,1305,1280,1350,1786,1149,1244,1534,1567,1453,1447,1707,1225,1348,1145,1191,1425,1291,1305,1222,1629,1332,1327,1470,1605,1291,1323,1715,1621,1594,1426,1226,1522,1259,1292,1628,1795,1742,1605,1725,1340,1303,1504,1778,1537,1239,1662,1147,1665,1407,1578,1699,1437,1390,1158,1302,1339,1403,1657,1532,1642,1284,1477,1691,1583,1177,1780,1675,1329,1516,1447,1535,1389,1646,1473,1739,1217,1664,1162,1421,1638,1566,1711,1451,1496,1723,1804,1519,1322,1172,1706,1650,1169,1521,1519,1759,1431,1311,1708,1675,1709,1571,1396,1348,1178,1578,1300,1494,1806,1213,1804,1377,1205,1436,1458,1242,1632,1613,1650,1351,1760,1592,1163,1589,1632,1585,1602,1743,1279,1766,1294,1356,1205,1659,1555,1236,1737,1570,1151,1400,1249,1236,1667,1782,1247,1610,1192,1207,1345,1204,1668,1253,1520,1316,1474,1631,1709,1438,1538,1238,1207,1357,1475,1211,1160,1547,1677,1659,1675,1157,1429,1574,1696,1391,1411
,1379,1630,1780,1313,1244,1440,1577,1165,1164,1554,1727,1486,1718,1174,1778,1781,1198,1162,1304,1419,1335,1752,1618,1583,1202,1200,1570,1551,1648,1368,1714,1468,1220,1287,1417,1384,1528,1198,1467,1458,1536,1641,1428,1241,1504,1690,1729,1695,1774,1538,1192,1632,1719,1149,1233,1355,1753,1767,1201,1560,1411,1631,1799,1585,1444,1342,1190,1740,1332,1274,1484,1173,1675,1449,1329,1211,1649,1690,1731,1796,1451,1193,1162,1745,1131,1739,1322,1231,1692,1478,1640,1327,1265,1225,1582,1432,1280,1491,1588,1346,1775,1609,1741,1808,1167,1380,1438,1481,1236,1354,1539,1330,1462,1325,1721,1701,1724,1564,1494,1190,1607,1488,1523,1211,1186,1648,1167,1590,1794,1278,1777,1352,1479,1262,1187,1286,1805,1497,1346,1695,1289,1637,1282,1532,1736,1725,1617,1285,1441,1661,1720,1622,1729,1738,1630,1262,1226,1290,1764,1763,1488,1474,1161,1474,1222,1163,1227,1187,1186,1253,1380,1803,1728,1315,1446,1387,1687,1388,1361,1342,1358,1528,1516,1542,1631,1718,1241,1607,1471,1748,1799,1739,1214,1257,1187,1376,1331,1726,1296,1479,1725,1721,1470,1791,1742,1246,1720,1670,1273,1352,1801,1700,1320,1225,1544,1277,1639,1621,1414,1256,1190,1259,1462,1428,1134,1741,1501,1372,1323,1695,1738,1444,1190,1390,1308,1574,1383,1530,1500,1290,1805,1788,1639,1515,1616,1380,1274,1329,1137,1788,1405,1426,1251,1546,1761,1156,1550,1461,1201,1258,1492,1704,1296,1317,1764,1586,1464,1571,1678,1453,1742,1134,1644,1617,1441,1584,1253,1544,1213,1159,1191,1212,1181,1803,1474,1655,1302,1276,1362,1153,1658,1162,1791,1337,1708,1709,1309,1137,1348,1264,1339,1587,1404,1303,1503,1687,1343,1157,1322,1600,1339,1428,1201,1733,1599,1552
,1328,1800,1179,1254,1684,1158,1322,1791,1177,1521,1144,1499,1804,1647,1550,1642,1362,1448,1500,1539,1419,1219,1253,1611,1376,1559,1432,1560,1467,1239,1335,1710,1185,1463,1431,1196,1613,1560,1319,1311,1695,1386,1556,1275,1616,1348,1455,1562,1273,1229,1718,1679,1493,1580,1465,1513,1741,1505,1342,1692,1777,1659,1574,1787,1312,1506,1784,1320,1384,1182,1547,1250,1279,1225,1162,1432,1514,1143,1709,1356,1402,1693,1316,1324,1497,1479,1200,1745,1550,1766,1518,1301,1198,1342,1774,1460,1498,1486,1148,1363,1638,1299,1416,1399,1526,1677,1493,1689,1689,1536,1685,1341,1205,1446,1478,1486,1214,1251,1166,1234,1192,1239,1728,1729,1750,1263,1291,1584,1522,1761,1234,1714,1602,1433,1192,1310,1439,1263,1648,1272,1533,1150,1716,1217,1538,1174,1141,1547,1527,1358,1699,1496,1704,1576,1537,1749,1247,1663,1709,1668,1767,1392,1487,1692,1435,1562,1801,1632,1585,1636,1465,1424,1503,1540,1501,1615,1320,1720,1712,1625,1324,1449,1573,1487,1331,1359,1799,1755,1466,1474,1595,1740,1389,1367,1296,1286,1226,1146,1165,1455,1622,1799,1593,1471,1483,1649,1172,1424,1299,1699,1556,1631,1178,1629,1150,1265,1392,1700,1237,1239,1132,1374,1524,1779,1560,1528,1477,1287,1416,1460,1362,1589,1474,1322,1792,1403,1203,1579,1455,1638,1808,1507,1722,1649,1523,1657,1555,1577,1381,1667,1674,1524,1711,1199,1628,1632,1249,1430,1379,1768,1614,1561,1540,1802,1228,1312,1553,1439,1799,1488,1567,1559,1554,1636,1780,1592,1714,1690,1762,1513,1712,1373,1773,1442,1562,1173,1747,1766,1419,1420,1464,1493,1372,1630,1685,1389,1574,1779,1712,1547,1541,1417,1601,1225,1210,1234,1624,1321,1503,1168,1344,1649,1215,1298,1365,1388
,1610,1320,1468,1649,1401,1148,1649,1191,1247,1135,1343,1328,1512,1596,1528,1187,1334,1203,1260,1329,1307,1591,1182,1238,1654,1357,1293,1501,1506,1743,1449,1209,1728,1693,1649,1246,1778,1619,1392,1767,1282,1589,1522,1317,1747,1170,1486,1335,1583,1362,1807,1702,1359,1605,1693,1315,1713,1753,1355,1357,1646,1793,1360,1785,1428,1616,1402,1258,1534,1261,1602,1220,1236,1758,1530,1484,1400,1392,1216,1155,1727,1632,1146,1370,1405,1609,1684,1435,1655,1315,1556,1337,1341,1385,1616,1647,1776,1796,1784,1471,1590,1536,1467,1216,1741,1233,1270,1509,1560,1491,1153,1648,1187,1806,1724,1182,1643,1488,1494,1642,1666,1691,1288,1453,1148,1370,1553,1132,1417,1680,1805,1263,1385,1417,1287,1403,1256,1209,1375,1342,1272,1287,1523,1550,1268,1524,1359,1170,1297,1148,1533,1466,1201,1360,1634,1137,1500,1428,1427,1293,1240,1166,1639,1682,1536,1804,1376,1200,1267,1255,1463,1765,1373,1490,1662,1414,1372,1586,1268,1753,1672,1616,1561,1139,1601,1161,1790,1443,1289,1186,1747,1267,1712,1733,1530,1138,1421,1607,1734,1642,1563,1220,1580,1287,1787,1273,1719,1160,1590,1724,1131,1580,1451,1466,1172,1778,1597,1701,1204,1139,1217,1742,1700,1776,1793,1169,1799,1523,1294,1434,1728,1656,1587,1133,1461,1488,1457,1257,1669,1356,1388,1605,1432,1792,1311,1758,1607,1214,1241,1637,1221,1518,1506,1208,1518,1644,1226,1758,1567,1422,1469,1591,1288,1629,1804,1656,1771,1617,1181,1591,1331,1504,1679,1576,1523,1519,1320,1429,1776,1203,1509,1389,1382,1657,1315,1461,1645,1635,1207,1726,1148,1245,1716,1685,1808,1233,1554,1188,1355,1674,1443,1166,1248,1788,1190,1699,1786,1613,1221,1235,1172,1217,1674,1548,1643,1797
,1623,1274,1423,1398,1479,1608,1766,1706,1357,1618,1677,1297,1236,1348,1784,1302,1748,1776,1170,1136,1357,1204,1610,1714,1141,1272,1558,1343,1164,1523,1360,1500,1183,1131,1575,1180,1579,1545,1545,1769,1340,1650,1724,1639,1658,1794,1141,1535,1466,1785,1308,1301,1195,1540,1350,1591,1184,1427,1317,1663,1318,1131,1739,1347,1694,1636,1549,1162,1154,1288,1630,1639,1140,1787,1801,1618,1595,1562,1349,1395,1190,1711,1616,1398,1246,1304,1570,1566,1499,1568,1321,1489,1386,1656,1174,1612,1797,1338,1298,1671,1779,1162,1540,1600,1260,1404,1754,1329,1353,1350,1774,1782,1491,1792,1519,1805,1753,1353,1261,1150,1266,1183,1408,1687,1229,1200,1612,1377,1581,1471,1378,1155,1638,1173,1539,1798,1276,1153,1804,1497,1244,1761,1294,1579,1415,1294,1202,1663,1327,1725,1781,1762,1533,1488,1211,1630,1213,1187,1555,1743,1721,1553,1390,1313,1369,1275,1406,1685,1166,1261,1571,1406,1775,1276,1789,1400,1230,1307,1301,1151,1737,1571,1430,1369,1300,1707,1217,1808,1283,1720,1553,1366,1163,1135,1700,1455,1227,1198,1327,1230,1137,1723,1204,1241,1470,1674,1548,1791,1781,1763,1146,1214,1659,1445,1495,1557,1630,1240,1590,1218,1558,1732,1511,1574,1291,1291,1366,1627,1502,1684,1464,1187,1342,1650,1781,1625,1258,1771,1634,1507,1139,1459,1318,1711,1206,1144,1338,1567,1264,1365,1367,1272,1570,1572,1178,1715,1700,1568,1339,1340,1751,1458,1770,1755,1641,1596,1650,1561,1285,1523,1583,1598,1165,1714,1514,1719,1698,1317,1715,1430,1537,1351,1189,1666,1190,1240,1481,1726,1729,1251,1390,1529,1580,1192,1798,1318,1205,1528,1603,1391,1365,1464,1468,1131,1205,1274,1453,1450,1760,1653,1412,1344,1423,1160,1758,1502
,1540,1453,1560,1610,1296,1586,1675,1730,1517,1730,1290,1528,1769,1354,1769,1290,1625,1602,1342,1235,1755,1281,1493,1554,1496,1241,1137,1322,1581,1714,1192,1354,1560,1425,1756,1761,1436,1350,1229,1679,1702,1734,1419,1491,1315,1406,1578,1381,1594,1691,1617,1581,1600,1526,1446,1280,1288,1312,1263,1270,1135,1315,1198,1248,1674,1496,1247,1598,1629,1771,1231,1517,1693,1500,1150,1622,1648,1463,1595,1309,1275,1668,1313,1593,1458,1755,1299,1297,1330,1765,1479,1665,1737,1330,1737,1748,1289,1372,1614,1264,1651,1159,1682,1152,1523,1492,1232,1686,1407,1802,1585,1520,1566,1462,1193,1318,1367,1210,1573,1187,1728,1229,1569,1721,1394,1699,1276,1760,1331,1391,1419,1579,1736,1343,1724,1185,1468,1490,1654,1679,1351,1348,1585,1415,1684,1667,1310,1718,1264,1321,1526,1524,1212,1770,1336,1503,1222,1769,1188,1626,1223,1219,1490,1691,1560,1345,1432,1137,1390,1287,1609,1304,1529,1572,1336,1488,1188,1726,1254,1756,1702,1529,1599,1629,1725,1737,1790,1182,1323,1475,1137,1515,1599,1717,1405,1166,1681,1256,1752,1547,1509,1522,1289,1410,1679,1721,1493,1751,1802,1443,1762,1639,1148,1441,1456,1396,1333,1350,1611,1148,1449,1297,1233,1478,1628,1807,1470,1433,1451,1712,1699,1237,1540,1241,1651,1256,1563,1562,1292,1738,1302,1543,1346,1704,1641,1620,1139,1415,1631,1346,1265,1149,1607,1792,1796,1566,1468,1403,1411,1635,1171,1392,1497,1639,1268,1472,1756,1343,1164,1559,1285,1336,1274,1206,1290,1452,1432,1564,1412,1288,1142,1519,1411,1558,1653,1562,1705,1763,1483,1329,1548,1314,1804,1155,1561,1657,1448,1205,1786,1212,1441,1530,1642,1425,1343,1715,1395,1254,1781,1784,1339,1272,1334,1458,1211,1733
,1651,1754,1771,1195,1427,1597,1396,1608,1638,1411,1686,1352,1489,1516,1595,1606,1450,1764,1741,1174,1595,1441,1410,1171,1583,1210,1702,1372,1211,1596,1184,1371,1766,1459,1781,1420,1498,1760,1500,1679,1497,1282,1559,1693,1170,1297,1443,1164,1413,1681,1550,1546,1516,1807,1721,1737,1528,1398,1728,1210,1245,1562,1735,1357,1674,1340,1455,1776,1705,1742,1694,1173,1277,1347,1556,1403,1795,1605,1591,1344,1253,1539,1479,1793,1165,1395,1387,1364,1250,1689,1373,1574,1220,1749,1226,1604,1656,1537,1764,1151,1247,1700,1158,1539,1531,1360,1187,1790,1274,1632,1142,1804,1519,1209,1481,1286,1726,1613,1452,1241,1709,1725,1683,1400,1742,1195,1393,1443,1644,1559,1807,1631,1295,1566,1387,1285,1628,1801,1778,1205,1488,1752,1401,1775,1633,1313,1514,1265,1538,1329,1255,1664,1756,1153,1554,1802,1282,1779,1498,1427,1783,1701,1550,1182,1684,1214,1163,1575,1806,1706,1477,1491,1217,1603,1243,1680,1149,1451,1245,1576,1585,1378,1684,1224,1321,1157,1132,1388,1156,1441,1449,1333,1451,1526,1471,1349,1560,1218,1207,1705,1403,1296,1230,1499,1694,1568,1743,1799,1372,1805,1574,1189,1201,1274,1574,1804,1382,1228,1281,1647,1183,1414,1209,1713,1607,1144,1768,1215,1463,1612,1320,1703,1213,1560,1364,1148,1654,1468,1380,1390,1140,1389,1342,1595,1319,1142,1621,1475,1211,1416,1367,1455,1388,1397,1696,1224,1223,1608,1614,1655,1199,1647,1742,1264,1287,1183,1662,1418,1563,1319,1399,1223,1681,1486,1755,1786,1347,1155,1202,1602,1246,1436,1260,1401,1789,1145,1388,1478,1382,1586,1629,1293,1340,1187,1628,1503,1371,1481,1677,1340,1542,1606,1749,1606,1154,1231,1763,1533,1643,1284,1167,1433,1577,1226,1202,1243
,1546,1479,1582,1510,1431,1364,1625,1178,1479,1617,1533,1285,1677,1568,1432,1161,1590,1435,1290,1204,1494,1621,1665,1772,1362,1531,1560,1714,1345,1293,1417,1805,1442,1218,1672,1500,1366,1360,1713,1746,1482,1670,1349,1322,1683,1646,1486,1748,1551,1370,1753,1561,1625,1359,1517,1572,1209,1497,1487,1598,1329,1434,1448,1384,1514,1222,1499,1633,1495,1700,1161,1352,1378,1251,1646,1431,1799,1178,1396,1703,1151,1210,1439,1775,1385,1577,1733,1236,1177,1728,1336,1750,1406,1548,1371,1778,1406,1721,1631,1168,1463,1288,1450,1613,1707,1334,1557,1357,1456,1694,1660,1637,1484,1169,1507,1689,1266,1714,1524,1429,1761,1404,1383,1302,1671,1614,1418,1618,1185,1731,1597,1413,1504,1257,1516,1258,1206,1526,1509,1290,1720,1572,1198,1296,1498,1485,1463,1750,1609,1700,1711,1749,1581,1626,1204,1143,1756,1803,1720,1237,1498,1496,1488,1541,1174,1489,1629,1720,1554,1442,1222,1688,1711,1686,1366,1577,1437,1639,1774,1445,1673,1427,1625,1296,1594,1267,1132,1353,1464,1386,1291,1248,1374,1291,1686,1139,1642,1556,1744,1303,1453,1180,1442,1393,1224,1778,1181,1694,1302,1360,1786,1326,1704,1281,1174,1249,1157,1781,1280,1559,1768,1151,1392,1238,1531,1317,1608,1631,1596,1331,1498,1464,1468,1786,1403,1774,1558,1217,1592,1196,1597,1370,1431,1791,1564,1800,1717,1320,1245,1217,1256,1794,1661,1737,1714,1474,1252,1792,1373,1356,1200,1194,1201,1791,1285,1532,1200,1464,1193,1236,1508,1571,1411,1564,1499,1661,1234,1356,1507,1163,1610,1668,1380,1667,1262,1338,1648,1159,1382,1675,1478,1436,1736,1153,1344,1366,1407,1668,1419,1792,1637,1305,1441,1131,1281,1436,1639,1320,1742,1245,1343,1721,1203,1278,1190,1582
,1769,1409,1145,1360,1528,1688,1345,1135,1572,1396,1167,1715,1144,1587,1515,1363,1455,1770,1199,1311,1289,1184,1768,1279,1220,1240,1453,1632,1228,1639,1637,1640,1786,1683,1401,1163,1172,1159,1659,1595,1263,1293,1753,1344,1341,1589,1325,1600,1710,1145,1399,1706,1587,1150,1282,1745,1214,1294,1284,1622,1147,1411,1787,1708,1482,1616,1173,1807,1469,1671,1299,1438,1538,1324,1203,1759,1620,1405,1584,1155,1425,1209,1738,1767,1487,1184,1479,1132,1786,1180,1175,1237,1680,1492,1697,1792,1560,1337,1236,1773,1674,1380,1663,1268,1495,1467,1547,1639,1602,1271,1440,1185,1345,1668,1659,1724,1493,1584,1740,1466,1241,1229,1742,1803,1378,1361,1539,1656,1343,1259,1550,1722,1669,1199,1571,1254,1227,1691,1602,1635,1802,1545,1559,1649,1470,1660,1341,1136,1231,1643,1201,1689,1521,1480,1751,1398,1449,1745,1141,1257,1588,1566,1542,1452,1794,1424,1350,1527,1475,1306,1800,1483,1647,1669,1594,1409,1304,1429,1626,1584,1796,1619,1523,1338,1508,1678,1693,1584,1267,1462,1404,1533,1442,1660,1143,1549,1306,1618,1775,1252,1763,1336,1236,1268,1715,1802,1339,1617,1659,1662,1378,1273,1741,1354,1371,1791,1332,1540,1213,1681,1305,1429,1795,1300,1587,1286,1153,1515,1163,1387,1489,1509,1157,1767,1716,1216,1390,1278,1753,1661,1550,1373,1620,1542,1803,1558,1587,1169,1648,1606,1366,1187,1765,1802,1680,1702,1262,1443,1336,1793,1363,1794,1714,1432,1178,1602,1672,1764,1788,1623,1143,1518,1460,1432,1679,1616,1421,1179,1613,1433,1684,1270,1413,1753,1533,1279,1557,1754,1389,1157,1533,1424,1775,1512,1432,1324,1348,1181,1600,1799,1173,1449,1497,1402,1791,1430,1249,1356,1311,1768,1456,1732,1641,1242,1240,1744
,1365,1772,1420,1707,1696,1157,1642,1807,1461,1753,1737,1328,1572,1357,1415,1293,1333,1368,1232,1471,1490,1589,1276,1471,1453,1238,1484,1716,1199,1558,1153,1448,1807,1596,1284,1595,1231,1668,1648,1610,1160,1454,1304,1539,1639,1594,1216,1698,1785,1404,1387,1221,1394,1649,1133,1731,1159,1333,1711,1411,1207,1278,1803,1428,1440,1236,1347,1377,1339,1623,1389,1293,1406,1376,1403,1653,1179,1226,1533,1175,1536,1201,1755,1255,1391,1359,1538,1391,1733,1544,1629,1616,1781,1669,1288,1667,1774,1665,1403,1722,1431,1152,1730,1243,1617,1411,1171,1369,1297,1719,1246,1395,1512,1713,1606,1661,1641,1745,1226,1146,1476,1792,1518,1279,1356,1222,1522,1349,1207,1795,1262,1249,1281,1318,1365,1465,1579,1505,1336,1292,1350,1223,1381,1462,1522,1612,1696,1340,1135,1169,1289,1646,1214,1447,1574,1512,1456,1358,1607,1454,1267,1281,1578,1700,1753,1192,1684,1791,1681,1262,1202,1299,1587,1555,1286,1478,1646,1321,1613,1396,1207,1415,1538,1575,1770,1405,1629,1417,1191,1233,1686,1189,1527,1215,1645,1196,1649,1398,1534,1322,1517,1245,1343,1392,1337,1157,1167,1639,1456,1378,1193,1376,1669,1388,1270,1156,1199,1690,1657,1220,1690,1698,1764,1626,1545,1757,1412,1456,1639,1316,1743,1314,1499,1155,1404,1253,1391,1533,1396,1803,1672,1353,1278,1145,1373,1435,1424,1524,1290,1625,1295,1612,1312,1657,1380,1352,1479,1631,1532,1575,1757,1616,1583,1397,1576,1645,1223,1783,1645,1216,1704,1645,1136,1712,1593,1242,1289,1806,1481,1728,1627,1731,1722,1491,1275,1295,1301,1428,1208,1494,1565,1333,1548,1307,1291,1307,1370,1495,1598,1373,1473,1616,1667,1503,1777,1385,1248,1803,1180,1728,1235,1408,1805,1530,1235,1407
,1334,1460,1763,1486,1162,1295,1774,1561,1614,1583,1347,1146,1710,1492,1258,1392,1427,1333,1535,1240,1725,1227,1257,1443,1470,1390,1376,1767,1539,1268,1722,1518,1311,1453,1623,1410,1573,1236,1699,1472,1283,1743,1536,1773,1685,1588,1529,1222,1656,1618,1392,1184,1258,1652,1446,1180,1555,1527,1210,1768,1508,1221,1592,1726,1548,1634,1290,1360,1581,1133,1751,1281,1793,1494,1759,1550,1709,1724,1211,1481,1334,1345,1787,1131,1268,1765,1750,1314,1459,1285,1182,1424,1691,1534,1173,1769,1600,1399,1808,1647,1691,1409,1268,1586,1183,1354,1222,1642,1566,1654,1709,1635,1455,1587,1634,1683,1408,1258,1785,1743,1394,1480,1500,1263,1375,1676,1671,1292,1752,1628,1551,1746,1420,1523,1763,1588,1300,1411,1248,1254,1572,1455,1474,1617,1617,1721,1183,1613,1555,1325,1723,1676,1682,1208,1520,1729,1705,1498,1372,1131,1697,1758,1808,1419,1619,1673,1398,1613,1326,1320,1770,1716,1480,1367,1222,1243,1290,1200,1793,1565,1581,1200,1456,1208,1381,1643,1396,1349,1513,1762,1667,1569,1553,1776,1590,1187,1668,1226,1481,1156,1216,1762,1702,1694,1761,1248,1577,1573,1577,1225,1629,1709,1664,1748,1274,1529,1599,1501,1164,1565,1773,1377,1605,1659,1493,1673,1456,1195,1767,1800,1307,1377,1198,1727,1499,1235,1525,1699,1516,1394,1404,1226,1430,1339,1210,1530,1807,1698,1666,1644,1374,1250,1518,1345,1643,1348,1379,1333,1687,1668,1500,1607,1787,1460,1330,1742,1394,1377,1351,1361,1371,1605,1568,1615,1239,1641,1729,1185,1785,1737,1589,1526,1719,1767,1136,1730,1608,1290,1189,1807,1381,1794,1776,1280,1726,1261,1170,1140,1132,1362,1783,1419,1607,1364,1447,1612,1446,1528,1747,1290,1512,1328,1470,1730,1373,1646
,1533,1237,1709,1764,1450,1149,1204,1699,1546,1695,1808,1696,1176,1538,1626,1472,1216,1747,1655,1641,1411,1650,1191,1133,1359,1562,1535,1166,1717,1666,1406,1721,1675,1562,1419,1501,1483,1378,1291,1320,1787,1769,1540,1153,1172,1150,1713,1667,1774,1696,1292,1708,1269,1732,1227,1182,1800,1142,1480,1382,1508,1596,1193,1686,1427,1741,1407,1525,1576,1497,1446,1440,1266,1344,1551,1261,1691,1440,1614,1722,1247,1525,1389,1219,1672,1627,1654,1184,1359,1753,1514,1467,1465,1483,1448,1778,1582,1207,1251,1161,1505,1787,1174,1780,1336,1799,1554,1585,1258,1540,1466,1659,1347,1694,1564,1343,1538,1720,1309,1579,1583,1447,1714,1796,1302,1789,1401,1514,1583,1319,1752,1378,1601,1486,1286,1713,1720,1625,1597,1647,1473,1361,1655,1471,1340,1444,1439,1789,1541,1728,1237,1196,1653,1345,1618,1622,1803,1346,1742,1335,1457,1613,1599,1568,1700,1142,1795,1342,1404,1285,1489,1227,1539,1379,1556,1723,1641,1314,1242,1526,1133,1135,1790,1377,1210,1635,1149,1468,1359,1780,1362,1742,1635,1578,1456,1131,1780,1327,1632,1670,1741,1207,1376,1633,1371,1706,1452,1696,1224,1229,1328,1753,1223,1440,1601,1248,1730,1556,1513,1420,1574,1512,1297,1614,1296,1696,1162,1784,1802,1302,1580,1209,1298,1346,1369,1380,1703,1523,1558,1751,1323,1774,1552,1267,1659,1421,1493,1754,1381,1506,1472,1562,1637,1765,1320,1476,1228,1492,1218,1542,1788,1758,1348,1733,1741,1530,1707,1537,1248,1283,1475,1188,1807,1533,1296,1736,1733,1351,1213,1289,1156,1446,1691,1279,1182,1141,1407,1264,1664,1166,1399,1202,1774,1195,1300,1628,1153,1198,1571,1346,1211,1426,1409,1579,1710,1672,1393,1541,1293,1543,1601,1737,1611,1324,1578,1483
,1374,1196,1457,1628,1567,1713,1598,1660,1784,1736,1174,1416,1246,1770,1778,1724,1422,1330,1553,1231,1433,1240,1656,1760,1578,1208,1486,1345,1330,1765,1270,1642,1706,1307,1626,1412,1203,1472,1165,1553,1768,1459,1361,1630,1677,1364,1338,1537,1353,1523,1668,1642,1598,1221,1600,1183,1202,1673,1343,1132,1249,1601,1228,1606,1719,1681,1533,1421,1258,1466,1546,1480,1167,1745,1425,1310,1722,1310,1513,1695,1697,1372,1293,1482,1771,1491,1281,1643,1744,1743,1452,1759,1540,1143,1364,1205,1296,1592,1516,1207,1253,1378,1662,1697,1609,1223,1443,1190,1444,1342,1324,1396,1533,1316,1437,1704,1297,1379,1539,1798,1759,1724,1207,1336,1453,1640,1194,1348,1142,1254,1241,1808,1593,1624,1152,1760,1144,1293,1571,1188,1283,1752,1263,1727,1781,1656,1340,1196,1375,1243,1374,1467,1194,1660,1663,1161,1393,1348,1668,1241,1754,1160,1559,1423,1572,1144,1460,1199,1347,1162,1605,1336,1192,1569,1173,1598,1319,1162,1146,1593,1490,1302,1390,1292,1507,1219,1633,1336,1753,1423,1273,1771,1798,1357,1737,1141,1464,1742,1378,1549,1576,1783,1388,1329,1439,1678,1706,1443,1739,1535,1211,1162,1167,1334,1617,1746,1629,1284,1571,1645,1673,1580,1476,1321,1480,1166,1529,1677,1156,1568,1471,1783,1562,1305,1511,1525,1750,1168,1625,1569,1432,1623,1578,1729,1808,1409,1520,1518,1241,1665,1553,1391,1375,1215,1327,1721,1177,1479,1715,1487,1519,1404,1175,1737,1255,1456,1440,1219,1737,1482,1518,1739,1297,1791,1401,1589,1247,1350,1782,1198,1295,1774,1801,1173,1552,1808,1682,1656,1754,1353,1435,1180,1285,1487,1579,1660,1384,1207,1259,1468,1294,1286,1641,1339,1661,1598,1383,1160,1628,1552,1226,1345,1750,1394,1139,1804
,1639,1579,1695,1518,1690,1565,1599,1258,1350,1206,1218,1185,1285,1234,1393,1223,1730,1591,1407,1163,1286,1158,1286,1418,1632,1403,1150,1406,1180,1512,1416,1587,1702,1640,1276,1778,1708,1671,1692,1424,1152,1425,1299,1724,1200,1286,1532,1595,1427,1458,1300,1740,1186,1398,1359,1639,1517,1159,1625,1621,1767,1406,1646,1551,1362,1146,1372,1340,1415,1747,1264,1668,1682,1220,1291,1601,1730,1614,1145,1177,1315,1193,1722,1511,1314,1682,1696,1700,1594,1271,1516,1326,1735,1623,1400,1714,1386,1575,1292,1468,1309,1227,1160,1470,1399,1139,1408,1696,1648,1507,1325,1488,1601,1518,1430,1620,1512,1203,1645,1518,1312,1134,1802,1649,1164,1633,1621,1150,1594,1748,1434,1340,1150,1663,1649,1531,1349,1276,1713,1246,1326,1695,1642,1204,1780,1305,1735,1290,1623,1406,1202,1363,1330,1324,1375,1339,1527,1426,1344,1405,1271,1151,1483,1147,1788,1177,1770,1144,1263,1426,1562,1434,1501,1717,1560,1455,1390,1694,1334,1154,1649,1459,1532,1276,1782,1205,1550,1171,1191,1520,1136,1221,1612,1619,1628,1411,1215,1466,1761,1537,1700,1170,1635,1524,1286,1628,1558,1522,1400,1463,1407,1356,1134,1607,1669,1473,1459,1576,1583,1433,1300,1800,1395,1249,1443,1397,1713,1479,1486,1479,1407,1176,1332,1576,1798,1247,1768,1228,1222,1758,1514,1278,1430,1301,1695,1502,1240,1592,1409,1428,1550,1162,1417,1798,1135,1385,1789,1589,1197,1716,1721,1515,1659,1703,1167,1782,1468,1476,1750,1598,1633,1248,1664,1482,1685,1133,1204,1457,1312,1684,1391,1764,1575,1190,1442,1586,1563,1777,1764,1784,1158,1459,1301,1765,1244,1561,1167,1542,1137,1216,1386,1778,1798,1278,1472,1389,1803,1491,1339,1138,1531,1616,1349,1633,1189,1522
,1632,1538,1490,1681,1609,1701,1781,1755,1484,1243,1805,1146,1397,1149,1372,1551,1679,1515,1614,1674,1566,1585,1249,1494,1704,1231,1378,1442,1478,1631,1480,1381,1323,1717,1514,1653,1691,1716,1395,1561,1499,1157,1650,1749,1686,1710,1670,1757,1497,1327,1634,1563,1213,1463,1239,1804,1558,1419,1709,1800,1617,1173,1620,1403,1162,1259,1143,1452,1781,1286,1695,1533,1275,1440,1700,1633,1572,1461,1142,1214,1469,1234,1627,1386,1610,1154,1414,1185,1140,1208,1169,1799,1203,1631,1417,1579,1431,1410,1259,1514,1749,1746,1542,1680,1598,1671,1287,1264,1734,1740,1562,1512,1363,1594,1487,1661,1270,1310,1625,1323,1446,1671,1732,1514,1372,1580,1500,1607,1543,1461,1630,1345,1411,1466,1585,1139,1757,1190,1788,1687,1755,1691,1528,1398,1607,1229,1743,1225,1273,1792,1704,1243,1790,1244,1236,1594,1441,1613,1637,1714,1237,1336,1506,1767,1776,1218,1142,1447,1681,1618,1331,1747,1266,1548,1739,1774,1437,1774,1654,1624,1139,1336,1688,1360,1441,1522,1600,1397,1256,1671,1553,1519,1485,1542,1637,1386,1617,1750,1209,1753,1536,1153,1528,1324,1284,1666,1258,1327,1619,1745,1727,1780,1534,1393,1784,1236,1790,1680,1239,1474,1158,1604,1286,1201,1463,1796,1182,1466,1549,1387,1566,1448,1585,1541,1204,1364,1181,1539,1611,1391,1320,1206,1397,1560,1135,1176,1736,1529,1734,1399,1139,1576,1489,1660,1592,1525,1713,1612,1529,1746,1190,1326,1602,1609,1806,1675,1425,1386,1267,1325,1707,1226,1452,1662,1514,1507,1406,1278,1310,1368,1793,1412,1248,1751,1212,1603,1682,1689,1770,1401,1469,1605,1716,1734,1222,1693,1542,1253,1394,1392,1428,1754,1175,1248,1557,1374,1514,1720,1786,1307,1216,1732,1627,1754,1467,1801
,1669,1398,1413,1711,1211,1355,1391,1628,1797,1187,1330,1142,1172,1230,1160,1587,1738,1456,1729,1183,1661,1158,1290,1491,1282,1759,1316,1173,1694,1465,1195,1402,1701,1204,1558,1792,1596,1505,1155,1352,1758,1395,1619,1474,1373,1720,1321,1212,1428,1223,1332,1761,1438,1786,1793,1398,1218,1244,1749,1663,1558,1211,1410,1784,1771,1777,1214,1751,1254,1465,1156,1523,1536,1658,1514,1750,1410,1575,1292,1131,1272,1603,1325,1633,1665,1717,1627,1551,1612,1417,1723,1694,1224,1338,1439,1581,1559,1165,1782,1171,1674,1316,1738,1215,1514,1167,1322,1392,1704,1341,1161,1236,1265,1737,1509,1417,1213,1686,1559,1272,1755,1638,1699,1758,1505,1630,1793,1463,1564,1376,1444,1480,1663,1257,1553,1592,1505,1492,1528,1134,1213,1653,1488,1662,1460,1318,1132,1328,1176,1416,1789,1178,1214,1645,1795,1445,1167,1332,1745,1668,1786,1461,1652,1461,1676,1740,1334,1690,1507,1457,1428,1614,1657,1158,1642,1723,1598,1770,1200,1344,1697,1584,1260,1308,1204,1441,1240,1473,1182,1680,1304,1210,1283,1259,1748,1333,1513,1608,1264,1496,1255,1571,1252,1430,1667,1428,1598,1672,1242,1477,1388,1582,1499,1380,1219,1504,1449,1481,1425,1475,1447,1191,1393,1422,1346,1447,1568,1606,1618,1417,1485,1199,1512,1492,1327,1504,1745,1739,1602,1619,1243,1310,1184,1358,1255,1467,1630,1559,1519,1491,1352,1738,1189,1739,1436,1590,1256,1300,1283,1257,1603,1649,1796,1431,1189,1290,1617,1503,1242,1201,1412,1165,1661,1677,1359,1786,1296,1321,1192,1745,1268,1192,1648,1410,1580,1624,1752,1262,1349,1427,1346,1625,1332,1356,1387,1775,1435,1715,1636,1272,1162,1375,1310,1375,1655,1536,1658,1416,1545,1226,1192,1197,1158,1642,1696,1732
,1349,1325,1802,1749,1610,1292,1772,1684,1336,1138,1262,1149,1559,1231,1723,1344,1440,1714,1672,1186,1747,1325,1399,1489,1716,1338,1613,1365,1224,1209,1296,1353,1808,1407,1435,1356,1562,1745,1797,1726,1591,1544,1267,1296,1653,1133,1221,1232,1379,1283,1685,1295,1765,1603,1220,1643,1151,1807,1461,1462,1714,1444,1351,1709,1254,1564,1650,1590,1330,1296,1728,1365,1405,1660,1512,1382,1754,1622,1258,1797,1136,1733,1802,1733,1585,1486,1134,1544,1724,1537,1619,1182,1239,1562,1617,1765,1387,1470,1491,1675,1467,1504,1161,1153,1513,1424,1800,1470,1645,1296,1671,1181,1416,1662,1230,1474,1170,1471,1511,1159,1186,1466,1154,1235,1641,1668,1523,1313,1745,1576,1451,1352,1244,1393,1319,1715,1808,1561,1310,1254,1663,1595,1608,1723,1291,1281,1521,1268,1183,1783,1330,1610,1728,1263,1676,1250,1215,1381,1774,1356,1191,1535,1151,1192,1799,1746,1316,1438,1521,1317,1140,1203,1757,1214,1436,1463,1420,1677,1525,1456,1165,1448,1168,1251,1578,1436,1194,1241,1221,1303,1401,1608,1768,1377,1153,1767,1159,1365,1535,1563,1736,1335,1787,1214,1720,1670,1485,1150,1647,1457,1785,1658,1300,1280,1631,1645,1541,1742,1581,1401,1313,1214,1417,1211,1199,1147,1375,1325,1137,1431,1370,1458,1799,1713,1626,1371,1660,1348,1534,1591,1512,1245,1457,1456,1390,1592,1269,1494,1402,1136,1173,1807,1662,1782,1281,1596,1796,1437,1249,1754,1505,1488,1732,1178,1562,1517,1410,1379,1606,1715,1730,1513,1378,1263,1348,1684,1299,1400,1690,1155,1643,1531,1661,1512,1248,1669,1408,1356,1568,1691,1552,1294,1484,1430,1363,1177,1429,1141,1363,1429,1533,1288,1137,1169,1497,1192,1492,1652,1767,1274,1546,1285,1454,1339,1642,1415
,1237,1427,1499,1541,1803,1515,1325,1716,1422,1594,1688,1692,1788,1497,1647,1660,1331,1499,1131,1183,1197,1416,1762,1519,1305,1512,1216,1763,1554,1230,1236,1501,1191,1553,1217,1538,1301,1501,1631,1629,1255,1518,1177,1295,1292,1312,1325,1487,1423,1520,1219,1556,1199,1193,1566,1541,1571,1531,1374,1500,1153,1674,1170,1345,1376,1293,1208,1207,1297,1358,1776,1489,1776,1671,1173,1327,1219,1477,1795,1727,1152,1698,1202,1679,1439,1285,1158,1533,1193,1342,1688,1420,1147,1728,1348,1721,1671,1362,1543,1565,1802,1168,1272,1203,1157,1360,1389,1392,1606,1533,1300,1734,1522,1484,1448,1320,1476,1143,1555,1692,1498,1219,1492,1381,1485,1588,1782,1269,1459,1330,1132,1507,1474,1418,1183,1377,1546,1462,1635,1365,1739,1353,1364,1183,1569,1768,1403,1525,1668,1197,1558,1592,1765,1233,1776,1596,1349,1787,1263,1279,1773,1572,1769,1327,1509,1671,1536,1664,1213,1415,1652,1694,1594,1765,1392,1564,1592,1248,1387,1568,1637,1645,1619,1755,1283,1205,1251,1741,1775,1477,1393,1512,1344,1422,1494,1447,1637,1475,1637,1607,1309,1789,1750,1333,1414,1458,1366,1407,1261,1698,1741,1215,1226,1422,1623,1427,1460,1270,1234,1265,1350,1501,1435,1223,1318,1739,1727,1628,1707,1783,1639,1723,1750,1263,1605,1610,1546,1719,1625,1744,1712,1225,1277,1504,1283,1696,1445,1363,1197,1690,1496,1335,1750,1722,1135,1250,1508,1243,1215,1260,1433,1211,1436,1779,1528,1555,1286,1529,1369,1723,1565,1430,1408,1667,1657,1341,1569,1271,1626,1279,1753,1408,1620,1713,1742,1753,1286,1534,1779,1564,1539,1353,1567,1324,1669,1578,1311,1238,1578,1312,1481,1428,1565,1744,1372,1527,1463,1273,1510,1525,1793,1433,1131,1445,1619,1605
,1767,1545,1610,1584,1216,1142,1360,1150,1143,1513,1197,1329,1612,1776,1603,1308,1571,1383,1691,1618,1584,1336,1321,1298,1375,1582,1410,1694,1747,1556,1223,1389,1463,1456,1707,1515,1492,1290,1537,1552,1206,1521,1211,1540,1330,1376,1496,1190,1706,1278,1589,1143,1430,1346,1495,1373,1716,1649,1516,1424,1443,1407,1767,1641,1731,1712,1639,1439,1516,1378,1523,1346,1403,1688,1442,1203,1518,1746,1673,1557,1174,1464,1425,1154,1608,1537,1800,1725,1807,1144,1258,1223,1662,1169,1362,1770,1704,1322,1237,1266,1489,1789,1592,1361,1314,1694,1551,1411,1207,1401,1566,1666,1702,1486,1351,1382,1140,1656,1479,1147,1351,1755,1370,1217,1641,1592,1144,1327,1215,1609,1715,1749,1402,1446,1637,1802,1569,1268,1337,1425,1281,1635,1414,1748,1731,1503,1789,1421,1782,1327,1350,1589,1323,1691,1321,1255,1186,1162,1467,1423,1266,1173,1727,1395,1332,1688,1653,1778,1446,1174,1309,1384,1636,1787,1519,1280,1402,1455,1686,1403,1719,1349,1571,1640,1477,1470,1738,1728,1502,1341,1589,1714,1662,1382,1644,1665,1267,1707,1265,1280,1575,1396,1170,1674,1572,1359,1145,1571,1778,1268,1706,1228,1786,1472,1407,1286,1734,1361,1322,1719,1305,1667,1164,1743,1411,1403,1269,1563,1591,1313,1789,1629,1794,1199,1560,1802,1150,1767,1730,1437,1620,1466,1291,1531,1309,1765,1472,1588,1709,1637,1400,1286,1654,1423,1173,1613,1720,1411,1199,1475,1449,1189,1465,1804,1652,1741,1565,1717,1561,1194,1657,1451,1660,1769,1365,1189,1511,1650,1598,1417,1667,1790,1512,1593,1657,1320,1137,1338,1701,1784,1500,1508,1360,1190,1372,1246,1272,1786,1538,1663,1135,1245,1540,1228,1478,1781,1309,1281,1532,1430,1720,1246,1173,1165,1501,1211
,1407,1577,1636,1701,1724,1760,1673,1681,1374,1416,1673,1357,1499,1303,1312,1253,1605,1753,1506,1438,1540,1623,1752,1801,1693,1533,1575,1735,1265,1144,1368,1304,1675,1205,1397,1406,1368,1338,1565,1136,1276,1386,1739,1367,1284,1261,1212,1149,1273,1346,1237,1592,1753,1608,1177,1246,1569,1763,1609,1761,1628,1272,1267,1387,1642,1348,1624,1465,1724,1517,1557,1199,1640,1656,1317,1633,1721,1759,1277,1437,1616,1563,1688,1494,1742,1205,1760,1808,1375,1635,1452,1808,1232,1778,1476,1146,1645,1437,1162,1804,1301,1164,1165,1348,1537,1301,1411,1670,1543,1447,1681,1286,1432,1417,1665,1329,1142,1635,1747,1148,1590,1744,1397,1378,1394,1700,1394,1140,1641,1748,1625,1399,1415,1725,1683,1269,1199,1520,1502,1534,1468,1510,1664,1777,1227,1282,1784,1341,1166,1458,1763,1135,1622,1281,1678,1742,1778,1728,1328,1733,1765,1422,1180,1596,1224,1701,1494,1722,1366,1580,1623,1336,1430,1377,1451,1746,1442,1230,1689,1754,1565,1343,1623,1327,1255,1498,1449,1706,1219,1206,1275,1494,1528,1575,1308,1235,1712,1388,1352,1149,1562,1752,1711,1531,1747,1335,1634,1632,1338,1800,1332,1511,1690,1374,1234,1679,1318,1654,1381,1154,1692,1540,1326,1296,1747,1163,1482,1417,1490,1686,1212,1701,1420,1399,1299,1604,1197,1407,1165,1770,1707,1492,1577,1698,1336,1504,1268,1323,1570,1621,1738,1279,1382,1791,1689,1434,1410,1233,1299,1489,1726,1475,1578,1631,1630,1185,1764,1352,1409,1352,1652,1308,1639,1449,1722,1653,1166,1549,1516,1185,1194,1630,1517,1728,1428,1598,1385,1459,1466,1147,1577,1637,1169,1673,1275,1671,1317,1797,1277,1188,1206,1610,1462,1582,1456,1301,1242,1449,1693,1196,1767,1329,1296,1407,1580,1433
,1634,1410,1217,1310,1743,1758,1377,1613,1497,1583,1787,1519,1751,1705,1574,1712,1709,1515,1529,1677,1557,1594,1452,1216,1684,1145,1500,1148,1194,1333,1440,1331,1155,1372,1415,1606,1749,1677,1557,1483,1718,1158,1498,1278,1492,1539,1265,1353,1617,1250,1345,1713,1699,1671,1159,1664,1287,1651,1307,1319,1536,1251,1423,1681,1701,1353,1588,1401,1470,1371,1802,1162,1284,1545,1792,1723,1459,1625,1383,1658,1434,1141,1655,1512,1525,1458,1178,1708,1523,1170,1305,1149,1538,1273,1684,1642,1272,1397,1582,1303,1776,1647,1799,1197,1715,1134,1271,1542,1143,1302,1170,1551,1379,1200,1165,1599,1633,1572,1565,1457,1401,1203,1668,1710,1650,1777,1607,1268,1431,1389,1224,1495,1395,1217,1205,1315,1685,1317,1706,1138,1674,1459,1145,1422,1524,1612,1221,1224,1165,1191,1664,1276,1469,1556,1607,1431,1663,1368,1409,1219,1791,1631,1442,1414,1421,1348,1280,1794,1492,1151,1217,1762,1343,1675,1309,1645,1243,1141,1588,1301,1780,1655,1635,1771,1505,1146,1461,1408,1738,1446,1212,1343,1659,1309,1629,1739,1479,1243,1253,1665,1150,1392,1305,1681,1297,1685,1603,1552,1503,1151,1614,1608,1413,1462,1220,1157,1133,1347,1144,1174,1583,1625,1631,1612,1735,1317,1333,1501,1355,1183,1311,1731,1796,1214,1646,1547,1365,1636,1548,1670,1798,1600,1299,1173,1432,1539,1737,1316,1717,1384,1754,1432,1780,1178,1564,1296,1162,1565,1436,1595,1354,1655,1807,1273,1238,1691,1474,1539,1733,1232,1384,1315,1801,1440,1688,1215,1256,1231,1423,1423,1318,1804,1459,1197,1671,1374,1133,1206,1484,1311,1632,1350,1315,1610,1313,1240,1229,1319,1354,1739,1726,1661,1661,1591,1289,1351,1412,1371,1684,1195,1384,1553,1440,1335,1503,1277
,1334,1531,1666,1472,1807,1195,1206,1565,1704,1571,1581,1293,1615,1805,1134,1568,1612,1310,1637,1404,1305,1766,1805,1523,1591,1335,1749,1610,1431,1716,1667,1514,1476,1233,1321,1621,1648,1633,1770,1275,1364,1508,1592,1806,1440,1685,1775,1545,1782,1733,1726,1195,1671,1655,1275,1150,1726,1214,1704,1598,1616,1399,1195,1681,1572,1547,1138,1218,1244,1728,1503,1642,1465,1781,1377,1758,1582,1421,1520,1798,1535,1788,1475,1634,1238,1772,1716,1140,1539,1291,1745,1774,1194,1476,1671,1681,1181,1648,1686,1201,1614,1198,1352,1469,1605,1279,1737,1401,1481,1239,1401,1502,1382,1349,1385,1481,1278,1745,1444,1425,1477,1224,1726,1419,1548,1485,1737,1424,1693,1730,1159,1611,1520,1397,1686,1496,1302,1386,1335,1788,1224,1339,1431,1438,1164,1285,1218,1191,1797,1164,1278,1400,1391,1387,1605,1309,1410,1337,1290,1198,1241,1695,1489,1459,1714,1805,1398,1764,1519,1655,1428,1634,1150,1621,1396,1743,1365,1311,1649,1763,1804,1171,1191,1438,1285,1735,1767,1663,1362,1354,1788,1549,1453,1588,1697,1795,1686,1378,1247,1576,1278,1400,1239,1603,1526,1423,1659,1157,1755,1144,1137,1762,1510,1676,1398,1604,1273,1632,1754,1718,1767,1486,1722,1221,1548,1524,1329,1177,1606,1557,1314,1475,1259,1501,1561,1622,1201,1212,1733,1148,1473,1633,1783,1582,1400,1410,1160,1370,1317,1341,1754,1666,1659,1667,1217,1623,1581,1142,1517,1170,1259,1477,1469,1743,1141,1144,1502,1568,1181,1283,1808,1428,1310,1593,1773,1639,1618,1622,1536,1657,1298,1294,1294,1713,1610,1161,1378,1159,1223,1803,1741,1677,1759,1650,1632,1805,1654,1134,1272,1262,1366,1140,1688,1351,1542,1750,1797,1721,1134,1514,1717,1623,1279,1638,1341,1584
,1635,1340,1793,1562,1527,1451,1382,1749,1463,1771,1763,1450,1300,1644,1222,1778,1166,1614,1363,1586,1515,1588,1650,1600,1645,1218,1469,1199,1623,1220,1547,1672,1760,1761,1287,1420,1387,1288,1673,1789,1139,1656,1737,1194,1158,1158,1268,1270,1430,1696,1177,1740,1534,1412,1742,1281,1508,1264,1784,1738,1598,1759,1345,1299,1455,1756,1438,1524,1304,1591,1272,1476,1474,1355,1641,1248,1800,1219,1220,1288,1444,1321,1397,1739,1399,1554,1610,1168,1683,1194,1583,1145,1516,1784,1146,1514,1318,1263,1763,1445,1714,1260,1426,1184,1235,1720,1354,1320,1319,1308,1400,1770,1145,1417,1279,1523,1701,1165,1780,1778,1580,1396,1644,1481,1463,1801,1545,1368,1701,1464,1360,1477,1649,1699,1746,1385,1742,1705,1746,1482,1645,1159,1213,1320,1742,1589,1533,1728,1196,1766,1340,1437,1146,1163,1417,1370,1695,1585,1557,1132,1207,1446,1194,1327,1489,1797,1747,1634,1585,1150,1678,1254,1457,1763,1494,1522,1434,1737,1411,1800,1539,1221,1637,1618,1687,1344,1663,1247,1259,1194,1547,1147,1473,1725,1630,1292,1287,1311,1316,1182,1366,1304,1661,1800,1777,1286,1512,1626,1387,1770,1798,1284,1586,1708,1561,1247,1240,1807,1294,1752,1366,1371,1662,1289,1656,1177,1775,1748,1304,1467,1386,1182,1682,1559,1741,1338,1132,1300,1757,1422,1476,1357,1208,1145,1637,1731,1704,1219,1471,1760,1390,1665,1147,1540,1403,1485,1174,1339,1393,1792,1144,1275,1304,1234,1462,1688,1398,1482,1740,1322,1799,1295,1732,1193,1332,1143,1504,1349,1774,1647,1260,1652,1378,1360,1695,1158,1376,1564,1541,1141,1422,1718,1232,1302,1170,1735,1338,1603,1451,1500,1571,1702,1644,1530,1223,1716,1516,1710,1572,1748,1494,1310,1271,1788,1393,1671
,1253,1136,1198,1796,1501,1351,1139,1226,1281,1520,1305,1537,1488,1331,1181,1367,1321,1423,1795,1762,1455,1477,1795,1345,1535,1368,1509,1449,1224,1293,1317,1255,1178,1529,1707,1185,1308,1534,1754,1506,1455,1508,1512,1176,1686,1376,1334,1338,1185,1366,1754,1577,1284,1297,1712,1150,1167,1447,1499,1563,1544,1738,1272,1787,1217,1436,1447,1304,1251,1360,1486,1154,1224,1655,1666,1530,1519,1429,1801,1376,1181,1263,1522,1544,1393,1323,1139,1136,1262,1511,1723,1586,1648,1445,1535,1301,1246,1679,1488,1744,1150,1387,1282,1402,1758,1793,1523,1273,1140,1408,1588,1320,1342,1786,1326,1467,1378,1217,1632,1406,1425,1402,1224,1498,1757,1227,1561,1759,1568,1588,1495,1246,1268,1259,1623,1470,1275,1664,1139,1679,1574,1757,1399,1451,1554,1669,1751,1792,1523,1313,1792,1150,1569,1633,1200,1161,1622,1363,1408,1424,1783,1314,1662,1322,1466,1464,1159,1727,1777,1174,1438,1634,1333,1769,1681,1637,1210,1341,1215,1229,1449,1185,1695,1363,1735,1340,1706,1417,1802,1554,1461,1535,1724,1500,1781,1678,1586,1426,1403,1313,1770,1195,1797,1780,1685,1477,1205,1743,1409,1632,1489,1396,1578,1738,1647,1419,1620,1336,1510,1354,1715,1316,1565,1136,1365,1416,1307,1350,1162,1517,1413,1537,1411,1260,1429,1594,1762,1322,1155,1381,1730,1430,1584,1600,1795,1554,1654,1396,1739,1666,1675,1697,1677,1202,1425,1534,1412,1491,1384,1422,1229,1298,1418,1559,1226,1357,1736,1652,1519,1735,1357,1185,1383,1137,1198,1533,1643,1779,1263,1230,1223,1276,1527,1302,1250,1135,1644,1187,1382,1417,1789,1472,1225,1750,1171,1221,1586,1752,1176,1441,1612,1213,1563,1141,1181,1585,1438,1493,1472,1293,1674,1609,1582,1324,1771,1274
,1787,1414,1186,1138,1488,1610,1686,1309,1581,1145,1374,1789,1602,1600,1509,1261,1390,1337,1383,1434,1595,1598,1487,1324,1429,1562,1402,1333,1454,1424,1201,1688,1237,1381,1555,1534,1189,1518,1692,1326,1158,1411,1177,1311,1483,1780,1143,1357,1534,1427,1311,1199,1350,1503,1131,1794,1187,1706,1703,1316,1713,1458,1156,1761,1568,1709,1139,1620,1571,1288,1801,1264,1784,1603,1518,1205,1698,1723,1521,1405,1693,1164,1152,1357,1291,1404,1213,1430,1767,1325,1606,1225,1491,1547,1708,1233,1777,1572,1559,1598,1578,1324,1438,1669,1401,1255,1460,1790,1518,1462,1495,1301,1725,1706,1615,1316,1358,1144,1528,1145,1183,1641,1612,1542,1364,1367,1286,1556,1616,1382,1503,1577,1309,1140,1142,1531,1696,1332,1546,1161,1742,1174,1254,1420,1765,1678,1321,1322,1199,1671,1412,1433,1300,1677,1776,1455,1346,1344,1434,1743,1422,1240,1530,1639,1736,1358,1149,1564,1789,1651,1373,1484,1699,1380,1697,1559,1491,1484,1136,1471,1223,1720,1668,1492,1488,1158,1590,1386,1769,1728,1800,1433,1525,1227,1224,1481,1211,1659,1635,1305,1443,1606,1526,1286,1321,1423,1658,1251,1657,1643,1593,1395,1430,1457,1488,1370,1434,1595,1455,1273,1761,1655,1645,1475,1147,1314,1561,1256,1316,1689,1526,1685,1294,1320,1538,1567,1604,1222,1775,1624,1703,1412,1356,1255,1733,1519,1297,1234,1546,1574,1652,1773,1431,1612,1192,1622,1248,1597,1439,1423,1430,1151,1182,1432,1455,1802,1775,1155,1293,1201,1597,1634,1712,1704,1401,1611,1505,1764,1185,1414,1323,1322,1531,1353,1640,1562,1256,1142,1420,1204,1789,1518,1495,1622,1768,1186,1449,1327,1200,1184,1395,1315,1524,1393,1256,1290,1800,1475,1763,1269,1677,1719,1228,1302,1520,1394
,1329,1485,1176,1531,1330,1418,1397,1496,1358,1357,1726,1202,1529,1455,1583,1316,1711,1174,1779,1243,1727,1421,1387,1245,1196,1425,1649,1178,1175,1369,1715,1571,1654,1383,1423,1523,1396,1157,1352,1597,1290,1463,1204,1358,1546,1700,1509,1755,1200,1414,1167,1261,1428,1660,1567,1752,1584,1383,1445,1696,1251,1685,1388,1652,1798,1548,1185,1803,1308,1224,1483,1144,1678,1778,1473,1257,1448,1558,1139,1241,1302,1749,1294,1603,1294,1467,1413,1677,1136,1157,1767,1590,1471,1755,1235,1449,1182,1687,1570,1653,1721,1405,1742,1722,1225,1224,1312,1597,1232,1743,1358,1142,1312,1479,1210,1786,1799,1290,1526,1562,1465,1538,1692,1612,1636,1510,1356,1666,1480,1570,1343,1372,1597,1281,1736,1638,1513,1360,1288,1267,1375,1213,1482,1387,1364,1687,1707,1361,1471,1769,1366,1799,1471,1686,1763,1377,1678,1474,1463,1456,1373,1603,1215,1301,1149,1509,1319,1133,1636,1739,1204,1372,1290,1631,1408,1511,1648,1315,1217,1679,1151,1694,1636,1426,1187,1453,1607,1285,1718,1193,1356,1610,1202,1711,1636,1505,1326,1156,1645,1526,1524,1570,1161,1198,1240,1405,1561,1312,1658,1197,1446,1341,1419,1214,1348,1686,1736,1561,1685,1662,1168,1414,1548,1262,1711,1289,1181,1628,1785,1330,1782,1407,1665,1327,1329,1137,1670,1683,1590,1605,1626,1285,1386,1677,1732,1655,1798,1307,1246,1359,1732,1628,1559,1341,1331,1250,1754,1600,1672,1641,1610,1735,1414,1602,1306,1593,1803,1550,1737,1381,1488,1716,1408,1141,1351,1176,1641,1407,1430,1401,1196,1696,1408,1197,1218,1578,1363,1594,1600,1406,1169,1595,1280,1472,1717,1161,1360,1606,1408,1264,1308,1679,1526,1683,1729,1687,1336,1339,1352,1721,1140,1295,1167,1195,1493,1132
,1711,1411,1642,1364,1595,1690,1650,1255,1152,1787,1372,1628,1192,1724,1468,1550,1412,1456,1424,1696,1299,1595,1348,1318,1590,1213,1544,1780,1219,1750,1522,1262,1416,1776,1718,1371,1554,1756,1647,1315,1358,1442,1146,1240,1729,1140,1339,1265,1356,1501,1507,1416,1354,1214,1324,1158,1405,1578,1643,1566,1771,1387,1760,1705,1342,1351,1580,1306,1156,1248,1380,1285,1203,1629,1659,1756,1364,1738,1704,1249,1262,1577,1617,1683,1606,1203,1608,1640,1451,1659,1640,1302,1435,1234,1410,1416,1231,1576,1788,1565,1707,1349,1250,1681,1256,1257,1607,1497,1770,1773,1298,1373,1499,1280,1572,1609,1450,1299,1727,1261,1690,1757,1361,1316,1408,1593,1136,1538,1423,1386,1546,1677,1286,1697,1266,1347,1575,1416,1605,1362,1678,1384,1186,1489,1342,1153,1247,1694,1531,1486,1305,1713,1749,1517,1345,1479,1393,1387,1459,1798,1306,1516,1623,1451,1344,1217,1647,1160,1413,1185,1623,1806,1267,1409,1511,1524,1655,1592,1675,1365,1604,1287,1235,1797,1177,1729,1225,1247,1496,1440,1520,1263,1315,1266,1629,1257,1744,1762,1491,1207,1277,1704,1532,1183,1300,1724,1258,1203,1169,1131,1294,1442,1788,1784,1161,1230,1143,1290,1518,1359,1429,1322,1719,1765,1673,1547,1614,1435,1587,1494,1390,1603,1473,1474,1173,1227,1741,1699,1383,1227,1213,1583,1222,1574,1143,1749,1149,1784,1576,1656,1521,1656,1526,1512,1560,1251,1166,1616,1190,1350,1162,1604,1606,1700,1248,1392,1484,1613,1724,1315,1803,1751,1435,1594,1424,1729,1226,1688,1503,1440,1226,1658,1444,1691,1246,1757,1283,1138,1470,1792,1267,1161,1769,1242,1267,1474,1614,1683,1260,1788,1131,1542,1551,1336,1649,1379,1181,1567,1225,1297,1561,1497,1512,1626,1381,1220
,1142,1296,1651,1562,1570,1669,1150,1482,1465,1309,1338,1201,1352,1780,1723,1627,1541,1690,1626,1575,1685,1747,1199,1660,1720,1385,1679,1238,1781,1582,1689,1735,1791,1234,1400,1390,1280,1747,1609,1735,1354,1301,1798,1280,1717,1587,1616,1732,1376,1364,1176,1763,1769,1212,1373,1792,1789,1182,1414,1224,1783,1622,1667,1789,1171,1448,1384,1195,1644,1181,1561,1725,1140,1210,1197,1454,1671,1491,1722,1513,1718,1195,1410,1521,1185,1593,1257,1496,1384,1570,1432,1382,1755,1304,1187,1652,1588,1212,1803,1696,1586,1598,1565,1498,1456,1172,1608,1509,1580,1628,1802,1221,1389,1735,1321,1136,1729,1514,1158,1652,1453,1531,1369,1335,1650,1461,1242,1231,1262,1221,1251,1305,1536,1588,1530,1300,1644,1282,1728,1207,1169,1264,1592,1644,1323,1715,1435,1320,1536,1719,1669,1658,1278,1346,1299,1147,1429,1637,1669,1423,1244,1341,1780,1573,1708,1531,1730,1393,1519,1283,1701,1808,1468,1339,1740,1769,1666,1360,1363,1282,1646,1142,1301,1415,1506,1141,1192,1442,1321,1507,1185,1214,1720,1490,1444,1531,1579,1468,1310,1674,1621,1237,1808,1380,1727,1269,1534,1351,1700,1393,1774,1369,1805,1736,1689,1726,1337,1580,1285,1682,1138,1480,1685,1294,1273,1310,1234,1672,1674,1578,1343,1784,1558,1559,1219,1338,1339,1642,1548,1542,1402,1151,1228,1234,1596,1799,1736,1268,1225,1536,1685,1149,1772,1221,1195,1637,1349,1311,1799,1136,1159,1789,1219,1284,1209,1543,1428,1634,1771,1722,1616,1754,1786,1206,1534,1330,1766,1634,1566,1574,1542,1295,1496,1505,1320,1564,1563,1169,1698,1505,1773,1637,1578,1400,1220,1483,1616,1658,1755,1159,1191,1756,1734,1369,1143,1531,1328,1427,1211,1417,1638,1281,1756,1348,1315,1736
,1419,1459,1796,1203,1721,1766,1518,1293,1488,1631,1186,1660,1746,1581,1333,1150,1132,1355,1474,1600,1258,1402,1590,1784,1716,1496,1328,1334,1788,1199,1518,1607,1243,1149,1191,1417,1647,1740,1665,1169,1656,1789,1189,1224,1704,1789,1408,1607,1580,1754,1362,1517,1560,1779,1655,1522,1448,1666,1426,1775,1159,1714,1192,1240,1564,1734,1700,1710,1421,1448,1309,1723,1154,1131,1618,1571,1400,1442,1462,1329,1316,1190,1497,1665,1333,1337,1570,1435,1597,1180,1606,1298,1158,1654,1519,1663,1166,1739,1549,1572,1484,1419,1264,1455,1138,1479,1301,1277,1329,1747,1771,1664,1611,1751,1791,1417,1335,1284,1412,1370,1377,1707,1439,1711,1400,1728,1413,1387,1381,1151,1788,1395,1255,1470,1787,1479,1386,1280,1345,1390,1373,1469,1735,1710,1343,1303,1182,1418,1342,1292,1413,1767,1632,1474,1779,1765,1563,1250,1755,1621,1166,1790,1350,1362,1397,1145,1553,1733,1392,1164,1558,1551,1455,1701,1230,1303,1332,1737,1654,1232,1731,1424,1264,1297,1324,1379,1493,1413,1614,1606,1473,1497,1290,1439,1500,1706,1515,1353,1196,1295,1624,1577,1741,1714,1707,1775,1759,1279,1238,1248,1231,1585,1344,1777,1693,1639,1367,1286,1682,1219,1616,1488,1360,1433,1327,1372,1648,1427,1425,1266,1629,1727,1199,1379,1402,1727,1534,1283,1176,1507,1737,1241,1466,1210,1608,1663,1233,1460,1393,1225,1527,1335,1416,1448,1390,1472,1742,1264,1299,1447,1647,1552,1453,1526,1157,1133,1344,1581,1763,1136,1245,1147,1646,1458,1319,1261,1598,1723,1640,1560,1204,1769,1296,1466,1252,1230,1288,1397,1247,1679,1530,1390,1668,1249,1568,1784,1276,1703,1752,1220,1691,1592,1610,1268,1135,1516,1399,1180,1484,1218,1744,1212,1542,1149,1617,1596
,1754,1163,1258,1476,1330,1535,1334,1260,1779,1192,1770,1214,1350,1312,1559,1264,1203,1597,1203,1568,1526,1276,1554,1228,1309,1145,1407,1561,1213,1409,1457,1749,1193,1676,1705,1135,1684,1747,1689,1398,1470,1515,1320,1493,1465,1586,1702,1549,1581,1393,1304,1644,1397,1543,1301,1349,1295,1479,1137,1689,1434,1790,1359,1201,1216,1627,1168,1713,1677,1284,1686,1614,1533,1212,1716,1327,1225,1668,1338,1548,1294,1509,1447,1293,1429,1596,1276,1521,1214,1188,1398,1745,1144,1398,1790,1578,1297,1698,1499,1572,1313,1156,1205,1727,1407,1188,1535,1362,1523,1265,1232,1281,1593,1591,1536,1661,1336,1786,1614,1533,1567,1167,1183,1739,1660,1753,1778,1508,1568,1750,1276,1588,1303,1747,1715,1660,1538,1662,1662,1293,1320,1483,1548,1448,1756,1148,1292,1582,1442,1273,1356,1539,1256,1761,1173,1187,1779,1387,1611,1410,1219,1636,1348,1617,1510,1503,1566,1318,1131,1476,1715,1559,1612,1683,1350,1658,1318,1486,1167,1773,1772,1438,1552,1408,1502,1368,1195,1629,1476,1713,1592,1682,1229,1697,1131,1612,1579,1536,1461,1699,1525,1596,1385,1241,1752,1450,1201,1199,1285,1199,1562,1497,1681,1693,1663,1741,1517,1348,1522,1627,1491,1475,1180,1176,1712,1483,1312,1544,1415,1779,1445,1367,1141,1295,1169,1588,1361,1616,1538,1753,1519,1661,1182,1473,1654,1531,1725,1278,1229,1394,1801,1323,1222,1406,1562,1736,1770,1429,1153,1146,1442,1160,1565,1133,1757,1341,1704,1394,1723,1241,1585,1135,1376,1665,1477,1583,1197,1611,1598,1307,1306,1313,1604,1292,1246,1562,1351,1402,1403,1507,1407,1140,1521,1432,1641,1714,1366,1564,1676,1750,1373,1297,1150,1471,1330,1454,1567,1150,1637,1527,1584,1761,1635,1693,1606,1207
,1247,1473,1341,1245,1288,1184,1438,1471,1475,1804,1646,1397,1235,1256,1433,1439,1708,1598,1725,1630,1670,1184,1330,1283,1225,1629,1557,1522,1158,1202,1146,1782,1489,1641,1415,1572,1568,1578,1489,1207,1272,1775,1607,1668,1542,1425,1246,1664,1171,1651,1574,1372,1586,1203,1401,1316,1652,1138,1254,1539,1668,1288,1347,1575,1781,1192,1256,1544,1397,1505,1421,1148,1771,1235,1540,1779,1682,1416,1138,1488,1805,1528,1443,1291,1262,1691,1678,1217,1776,1628,1784,1791,1794,1363,1731,1466,1668,1453,1240,1519,1530,1486,1187,1206,1429,1586,1650,1469,1318,1226,1277,1657,1533,1177,1465,1144,1629,1447,1692,1651,1187,1300,1212,1502,1739,1632,1666,1329,1796,1381,1275,1628,1153,1227,1503,1761,1492,1660,1785,1486,1646,1728,1683,1186,1649,1173,1255,1602,1451,1605,1422,1265,1540,1787,1505,1467,1803,1317,1148,1493,1479,1590,1681,1335,1162,1287,1438,1136,1448,1273,1322,1296,1308,1549,1444,1608,1800,1525,1134,1773,1697,1469,1222,1445,1183,1741,1404,1364,1578,1589,1574,1490,1807,1652,1142,1680,1138,1143,1221,1313,1415,1451,1460,1564,1324,1770,1191,1544,1595,1520,1754,1490,1275,1710,1301,1379,1375,1251,1616,1630,1646,1609,1503,1638,1201,1560,1266,1400,1558,1212,1537,1148,1741,1180,1773,1158,1276,1711,1480,1193,1678,1153,1184,1138,1545,1240,1509,1393,1705,1276,1362,1666,1659,1696,1352,1406,1268,1601,1775,1677,1219,1178,1466,1523,1484,1451,1198,1319,1722,1747,1198,1543,1380,1239,1780,1751,1558,1530,1632,1562,1799,1552,1233,1139,1498,1248,1239,1154,1804,1553,1687,1546,1643,1630,1405,1474,1435,1191,1691,1406,1321,1787,1146,1262,1557,1708,1732,1220,1174,1144,1721,1777,1601,1550,1299,1292
,1268,1653,1511,1492,1611,1258,1161,1772,1297,1763,1143,1464,1177,1396,1618,1287,1742,1465,1717,1440,1721,1405,1139,1784,1789,1715,1657,1363,1709,1415,1486,1274,1331,1365,1767,1369,1731,1596,1241,1255,1432,1686,1803,1795,1678,1714,1502,1622,1722,1255,1621,1710,1445,1241,1288,1381,1734,1676,1362,1421,1366,1169,1257,1705,1589,1545,1531,1775,1595,1797,1509,1541,1781,1632,1771,1336,1367,1450,1451,1531,1306,1778,1272,1542,1182,1356,1701,1789,1749,1460,1738,1523,1341,1424,1760,1299,1460,1689,1589,1152,1716,1209,1445,1235,1510,1306,1447,1494,1173,1653,1170,1557,1796,1145,1601,1601,1338,1263,1625,1281,1808,1474,1718,1216,1600,1585,1650,1414,1499,1582,1257,1659,1283,1286,1185,1395,1426,1159,1763,1635,1774,1473,1523,1779,1229,1311,1363,1678,1260,1185,1386,1313,1235,1223,1216,1572,1373,1355,1734,1727,1767,1393,1559,1308,1689,1379,1479,1235,1141,1720,1799,1556,1534,1599,1723,1182,1423,1449,1703,1132,1160,1167,1758,1168,1377,1687,1213,1343,1181,1156,1783,1377,1780,1307,1740,1599,1421,1139,1415,1405,1171,1774,1593,1357,1743,1524,1685,1737,1694,1642,1580,1317,1686,1585,1201,1656,1580,1351,1447,1366,1388,1241,1682,1448,1676,1541,1218,1234,1288,1507,1391,1492,1432,1252,1163,1799,1402,1699,1797,1720,1469,1559,1424,1213,1570,1176,1363,1764,1419,1650,1664,1316,1790,1421,1176,1511,1768,1563,1605,1675,1145,1677,1158,1716,1319,1370,1170,1312,1594,1180,1423,1578,1496,1337,1358,1636,1291,1619,1449,1137,1704,1702,1191,1147,1542,1775,1278,1571,1501,1359,1355,1308,1656,1796,1744,1230,1724,1590,1774,1498,1538,1155,1156,1554,1682,1674,1797,1727,1596,1360,1698,1581,1184,1664,1455,1765
,1797,1705,1785,1526,1778,1187,1357,1663,1747,1680,1155,1415,1808,1518,1508,1515,1437,1792,1758,1407,1738,1665,1568,1341,1583,1294,1358,1258,1488,1274,1546,1613,1215,1765,1487,1277,1420,1572,1333,1533,1197,1256,1348,1547,1155,1318,1552,1594,1806,1221,1390,1586,1531,1538,1676,1633,1583,1311,1619,1189,1253,1172,1687,1656,1585,1575,1163,1310,1265,1309,1286,1291,1387,1498,1337,1718,1273,1749,1235,1334,1682,1629,1414,1695,1397,1790,1614,1627,1708,1518,1299,1373,1757,1480,1658,1356,1529,1631,1562,1423,1475,1781,1150,1315,1371,1569,1228,1448,1502,1379,1143,1518,1287,1618,1624,1712,1776,1581,1758,1514,1496,1630,1170,1769,1333,1710,1148,1734,1463,1167,1595,1789,1630,1292,1788,1289,1342,1444,1626,1554,1474,1517,1788,1192,1722,1533,1195,1450,1422,1284,1256,1288,1442,1450,1689,1767,1769,1751,1518,1620,1528,1372,1191,1196,1509,1785,1283,1624,1221,1400,1527,1748,1483,1453,1190,1166,1776,1767,1186,1495,1262,1360,1407,1734,1260,1486,1283,1527,1283,1624,1179,1685,1310,1451,1261,1490,1189,1608,1592,1658,1754,1482,1405,1707,1321,1762,1637,1653,1447,1247,1132,1785,1720,1256,1560,1486,1619,1461,1540,1727,1712,1296,1674,1521,1494,1294,1686,1212,1143,1700,1346,1802,1165,1643,1132,1229,1199,1528,1638,1684,1384,1338,1172,1458,1176,1344,1279,1575,1667,1373,1320,1182,1694,1250,1231,1467,1713,1423,1568,1602,1572,1313,1315,1802,1782,1323,1807,1230,1273,1180,1677,1512,1133,1233,1685,1712,1582,1671,1176,1295,1682,1218,1688,1636,1366,1645,1724,1705,1306,1736,1230,1419,1186,1399,1276,1217,1202,1600,1542,1288,1443,1296,1738,1624,1368,1212,1784,1775,1341,1363,1775,1556,1227,1741,1245,1607
,1373,1248,1629,1271,1443,1448,1406,1780,1630,1577,1489,1620,1581,1218,1420,1597,1631,1775,1724,1360,1364,1508,1708,1808,1442,1554,1679,1638,1511,1554,1497,1355,1585,1775,1414,1460,1174,1473,1228,1388,1324,1199,1502,1631,1666,1192,1430,1490,1194,1767,1275,1647,1796,1221,1357,1548,1577,1280,1640,1747,1365,1786,1358,1605,1172,1788,1585,1270,1503,1630,1660,1518,1463,1447,1609,1528,1572,1754,1549,1728,1650,1761,1298,1148,1300,1267,1410,1595,1763,1172,1314,1433,1557,1367,1151,1524,1692,1500,1653,1795,1720,1454,1634,1194,1462,1239,1613,1412,1772,1780,1672,1339,1761,1226,1310,1246,1609,1616,1410,1266,1779,1308,1250,1480,1250,1765,1205,1612,1570,1547,1433,1737,1360,1566,1147,1261,1258,1514,1503,1252,1607,1372,1517,1312,1672,1255,1686,1390,1746,1565,1303,1694,1329,1641,1253,1361,1295,1759,1164,1279,1160,1223,1573,1715,1249,1160,1462,1481,1632,1349,1354,1311,1439,1649,1154,1206,1184,1291,1804,1346,1143,1423,1150,1382,1331,1549,1390,1270,1326,1553,1490,1756,1618,1739,1422,1511,1305,1414,1184,1148,1686,1472,1782,1261,1265,1737,1328,1592,1278,1199,1434,1504,1627,1258,1643,1771,1322,1141,1335,1640,1443,1804,1488,1339,1276,1597,1271,1317,1277,1698,1252,1608,1551,1770,1161,1370,1161,1327,1759,1203,1588,1245,1727,1155,1223,1438,1265,1733,1701,1495,1337,1542,1781,1159,1742,1620,1349,1170,1688,1496,1235,1578,1574,1796,1705,1568,1464,1794,1711,1729,1774,1554,1519,1513,1417,1762,1436,1411,1686,1384,1695,1414,1752,1515,1752,1155,1355,1183,1306,1795,1787,1337,1480,1458,1626,1522,1797,1392,1209,1572,1506,1735,1249,1566,1742,1265,1693,1600,1236,1556,1135,1176,1644,1437,1315,1396
,1467,1571,1629,1433,1473,1260,1579,1380,1528,1225,1227,1296,1383,1138,1607,1781,1411,1194,1728,1737,1398,1764,1631,1422,1155,1204,1658,1193,1271,1707,1595,1491,1734,1803,1163,1527,1162,1787,1212,1476,1577,1363,1586,1547,1376,1443,1300,1585,1693,1730,1784,1497,1159,1434,1753,1797,1399,1573,1447,1469,1652,1234,1421,1148,1263,1512,1632,1145,1381,1552,1392,1778,1521,1449,1143,1640,1487,1617,1611,1409,1478,1710,1394,1589,1473,1515,1512,1563,1422,1486,1465,1536,1697,1198,1358,1392,1368,1734,1413,1535,1496,1523,1539,1451,1580,1503,1642,1412,1175,1257,1251,1790,1591,1332,1752,1796,1599,1401,1319,1215,1641,1286,1719,1319,1272,1396,1135,1549,1721,1538,1573,1371,1641,1414,1670,1303,1506,1551,1401,1367,1242,1487,1258,1272,1694,1569,1218,1597,1686,1775,1187,1622,1754,1715,1196,1623,1243,1557,1293,1798,1135,1552,1314,1783,1409,1245,1524,1401,1792,1416,1799,1755,1572,1805,1530,1226,1537,1176,1444,1222,1763,1277,1140,1542,1701,1731,1624,1346,1352,1756,1534,1650,1478,1620,1611,1142,1425,1727,1476,1780,1173,1481,1642,1393,1625,1617,1424,1241,1749,1431,1590,1265,1171,1615,1758,1229,1332,1622,1334,1361,1351,1709,1381,1650,1293,1457,1543,1483,1546,1639,1473,1173,1711,1804,1675,1528,1259,1688,1171,1533,1783,1429,1415,1273,1448,1376,1523,1276,1348,1253,1400,1228,1519,1634,1327,1321,1452,1744,1683,1599,1616,1772,1287,1779,1329,1150,1645,1358,1274,1470,1501,1759,1681,1257,1718,1427,1344,1260,1347,1410,1624,1218,1520,1160,1247,1485,1465,1497,1790,1516,1292,1280,1753,1754,1327,1231,1497,1267,1581,1350,1240,1206,1726,1253,1783,1691,1511,1582,1161,1189,1744,1265,1208,1229,1303,1483
,1414,1695,1453,1445,1518,1276,1549,1188,1205,1223,1265,1409,1679,1718,1792,1298,1353,1614,1591,1282,1434,1353,1169,1386,1637,1761,1184,1499,1744,1332,1632,1634,1406,1755,1148,1730,1538,1133,1558,1248,1737,1138,1744,1195,1222,1751,1408,1353,1177,1251,1800,1261,1543,1421,1681,1275,1544,1253,1173,1446,1270,1730,1695,1803,1481,1745,1709,1808,1737,1194,1692,1769,1617,1521,1696,1222,1655,1732,1785,1362,1615,1276,1614,1714,1152,1511,1227,1197,1535,1805,1456,1534,1415,1175,1790,1519,1646,1689,1327,1398,1739,1734,1734,1493,1394,1637,1775,1492,1319,1553,1263,1175,1613,1212,1662,1608,1631,1252,1780,1769,1706,1698,1780,1487,1323,1440,1379,1279,1643,1208,1411,1680,1522,1510,1192,1216,1537,1246,1591,1320,1796,1586,1254,1213,1601,1379,1223,1519,1541,1180,1131,1559,1185,1247,1266,1510,1141,1351,1418,1387,1261,1625,1486,1497,1249,1615,1465,1461,1204,1389,1662,1132,1749,1306,1231,1365,1290,1391,1407,1266,1211,1574,1464,1385,1573,1260,1691,1226,1570,1612,1514,1699,1254,1297,1301,1228,1445,1783,1518,1162,1239,1527,1471,1153,1186,1354,1523,1364,1508,1602,1467,1373,1268,1519,1363,1616,1158,1432,1138,1238,1426,1154,1133,1457,1502,1178,1808,1300,1356,1426,1256,1210,1251,1221,1146,1597,1257,1731,1312,1143,1506,1165,1615,1513,1132,1347,1494,1713,1255,1391,1474,1601,1383,1527,1229,1422,1646,1373,1749,1236,1283,1207,1468,1578,1721,1592,1363,1791,1204,1737,1151,1394,1341,1414,1785,1664,1300,1152,1529,1492,1179,1208,1802,1647,1651,1569,1555,1668,1501,1566,1265,1145,1551,1205,1212,1143,1160,1566,1301,1638,1679,1386,1233,1456,1433,1627,1263,1691,1441,1201,1131,1283,1279,1381,1470,1190
,1484,1402,1219,1365,1637,1178,1401,1652,1184,1690,1751,1465,1349,1482,1150,1173,1597,1552,1454,1686,1287,1605,1347,1518,1180,1292,1637,1783,1240,1625,1162,1631,1199,1162,1627,1169,1634,1359,1393,1437,1202,1696,1714,1194,1640,1360,1646,1270,1150,1337,1455,1381,1149,1237,1703,1326,1548,1384,1358,1646,1244,1466,1605,1223,1567,1354,1619,1232,1674,1683,1164,1163,1421,1760,1460,1343,1319,1552,1546,1724,1517,1510,1385,1356,1516,1671,1225,1337,1590,1446,1385,1517,1325,1664,1258,1320,1176,1517,1192,1612,1467,1178,1356,1364,1155,1134,1555,1276,1205,1233,1213,1761,1605,1514,1645,1383,1496,1423,1358,1197,1689,1605,1685,1336,1210,1412,1756,1616,1319,1338,1286,1406,1162,1669,1591,1192,1170,1638,1223,1658,1267,1439,1626,1595,1262,1712,1176,1537,1464,1259,1567,1260,1413,1502,1411,1222,1784,1170,1309,1243,1622,1246,1706,1300,1287,1516,1437,1254,1685,1249,1145,1331,1505,1807,1214,1188,1144,1275,1721,1348,1553,1181,1406,1752,1492,1321,1196,1736,1417,1595,1573,1665,1573,1361,1439,1417,1577,1719,1799,1751,1495,1746,1276,1395,1215,1446,1707,1572,1682,1293,1336,1762,1338,1768,1761,1325,1471,1163,1603,1805,1273,1742,1779,1345,1501,1668,1784,1387,1263,1654,1689,1643,1710,1698,1234,1482,1155,1631,1531,1265,1724,1272,1415,1579,1496,1324,1555,1394,1334,1722,1502,1527,1263,1476,1562,1738,1763,1215,1406,1569,1786,1235,1747,1307,1146,1628,1232,1191,1597,1182,1464,1717,1473,1470,1668,1496,1370,1367,1666,1548,1290,1598,1338,1232,1701,1791,1495,1255,1211,1582,1607,1226,1419,1288,1149,1245,1260,1487,1740,1197,1238,1444,1554,1435,1698,1649,1174,1312,1156,1321,1304,1641,1509,1535,1782,1517
,1785,1669,1785,1801,1782,1316,1391,1333,1322,1540,1765,1418,1479,1171,1656,1770,1709,1458,1379,1594,1149,1786,1541,1609,1180,1749,1675,1208,1748,1746,1489,1532,1676,1773,1452,1654,1301,1456,1646,1357,1497,1351,1617,1533,1133,1551,1372,1253,1559,1710,1326,1221,1633,1466,1190,1584,1226,1167,1136,1481,1472,1742,1342,1582,1573,1361,1537,1214,1651,1213,1158,1721,1293,1702,1545,1349,1396,1205,1783,1578,1142,1370,1172,1808,1683,1531,1627,1687,1264,1638,1203,1269,1667,1202,1631,1590,1714,1641,1292,1255,1476,1742,1611,1146,1356,1714,1367,1752,1725,1684,1199,1513,1721,1178,1307,1180,1556,1278,1629,1432,1416,1135,1788,1439,1556,1335,1543,1614,1133,1211,1137,1749,1285,1380,1548,1459,1144,1298,1564,1489,1282,1471,1456,1573,1198,1309,1447,1247,1793,1478,1691,1701,1556,1472,1590,1785,1379,1777,1618,1407,1326,1351,1405,1219,1740,1588,1242,1781,1535,1545,1378,1492,1707,1591,1321,1132,1770,1359,1555,1374,1146,1486,1484,1596,1222,1518,1518,1451,1373,1703,1597,1296,1605,1695,1508,1787,1318,1360,1674,1498,1623,1785,1283,1649,1251,1792,1210,1478,1707,1627,1596,1231,1159,1522,1392,1451,1577,1275,1565,1354,1704,1276,1595,1414,1595,1227,1328,1182,1386,1543,1444,1565,1197,1567,1434,1569,1419,1323,1461,1263,1603,1789,1619,1572,1516,1585,1563,1133,1467,1510,1224,1213,1278,1214,1522,1727,1177,1510,1323,1476,1575,1518,1302,1791,1627,1143,1171,1306,1805,1333,1591,1425,1711,1144,1295,1684,1465,1605,1202,1305,1145,1728,1380,1599,1375,1585,1754,1758,1536,1486,1576,1717,1677,1614,1335,1169,1332,1210,1742,1581,1361,1255,1384,1586,1351,1675,1371,1712,1169,1656,1282,1278,1653,1201,1420,1352
,1510,1308,1666,1543,1697,1294,1409,1715,1396,1761,1607,1182,1473,1411,1676,1349,1317,1368,1644,1446,1521,1563,1154,1746,1585,1278,1451,1796,1222,1603,1343,1672,1521,1796,1302,1169,1703,1192,1662,1254,1608,1470,1703,1316,1620,1714,1406,1754,1681,1230,1737,1202,1384,1466,1424,1150,1742,1697,1529,1601,1520,1437,1764,1752,1146,1598,1305,1345,1137,1650,1732,1477,1146,1296,1440,1617,1262,1505,1295,1638,1758,1265,1321,1151,1650,1296,1602,1238,1711,1652,1702,1409,1731,1714,1698,1699,1782,1691,1779,1335,1590,1611,1774,1698,1577,1791,1539,1326,1675,1735,1148,1414,1712,1216,1777,1262,1467,1752,1646,1293,1342,1682,1420,1443,1566,1350,1278,1260,1782,1132,1287,1302,1530,1137,1209,1784,1337,1624,1263,1285,1658,1436,1255,1195,1343,1206,1551,1322,1785,1216,1407,1704,1282,1415,1411,1752,1625,1735,1340,1805,1521,1473,1310,1432,1463,1131,1691,1170,1692,1151,1568,1626,1261,1432,1217,1534,1244,1567,1335,1294,1473,1793,1227,1287,1521,1326,1800,1362,1779,1783,1278,1746,1284,1446,1799,1578,1518,1483,1390,1238,1524,1633,1778,1451,1189,1722,1565,1602,1636,1145,1734,1540,1480,1237,1529,1545,1553,1617,1552,1777,1618,1276,1578,1530,1624,1540,1419,1677,1499,1592,1325,1722,1638,1391,1497,1237,1165,1495,1588,1787,1560,1738,1666,1213,1169,1360,1699,1254,1234,1459,1455,1435,1465,1341,1767,1552,1732,1307,1241,1360,1197,1224,1380,1353,1338,1279,1199,1523,1643,1652,1263,1521,1170,1380,1532,1722,1327,1439,1451,1789,1174,1357,1509,1165,1358,1591,1273,1555,1185,1371,1781,1276,1281,1331,1376,1608,1391,1368,1615,1693,1643,1475,1454,1292,1299,1754,1747,1143,1196,1657,1279,1350,1517,1375,1536,1316
,1348,1591,1209,1802,1187,1360,1162,1707,1219,1384,1519,1492,1630,1330,1672,1505,1786,1693,1443,1431,1682,1316,1284,1166,1449,1594,1481,1205,1261,1493,1222,1682,1427,1285,1297,1598,1430,1505,1803,1764,1517,1308,1474,1407,1362,1781,1236,1426,1805,1436,1303,1720,1786,1168,1690,1165,1612,1440,1714,1537,1136,1490,1531,1533,1580,1776,1221,1699,1346,1594,1339,1442,1739,1314,1443,1457,1206,1696,1711,1521,1447,1632,1507,1422,1221,1517,1323,1552,1143,1630,1649,1552,1482,1261,1257,1484,1730,1290,1784,1137,1427,1373,1211,1291,1296,1680,1439,1330,1358,1808,1745,1392,1702,1803,1383,1475,1219,1148,1519,1534,1622,1179,1347,1143,1655,1660,1579,1549,1169,1151,1763,1624,1325,1172,1640,1767,1750,1309,1585,1315,1162,1350,1415,1289,1613,1219,1745,1557,1778,1668,1479,1702,1635,1701,1290,1230,1499,1296,1211,1496,1666,1234,1365,1789,1210,1380,1304,1476,1427,1479,1176,1592,1534,1555,1504,1553,1638,1712,1461,1616,1545,1804,1362,1488,1463,1435,1597,1807,1753,1280,1153,1700,1510,1685,1324,1392,1251,1517,1355,1644,1667,1351,1518,1690,1307,1452,1330,1421,1531,1492,1586,1175,1329,1781,1613,1219,1490,1147,1762,1314,1132,1277,1339,1438,1416,1267,1474,1438,1186,1514,1583,1475,1548,1265,1145,1537,1574,1134,1180,1378,1307,1453,1201,1231,1681,1284,1556,1404,1803,1742,1167,1154,1788,1314,1149,1686,1375,1646,1393,1374,1742,1681,1401,1537,1760,1600,1233,1550,1628,1288,1166,1490,1471,1399,1609,1288,1638,1416,1708,1335,1332,1378,1132,1576,1546,1373,1652,1599,1139,1649,1594,1646,1693,1174,1146,1195,1604,1188,1208,1147,1559,1599,1599,1684,1478,1682,1753,1684,1335,1192,1265,1147,1198,1175,1276,1361
,1382,1457,1325,1406,1786,1643,1581,1646,1357,1223,1495,1286,1410,1173,1616,1651,1768,1670,1384,1627,1188,1791,1306,1191,1587,1413,1486,1206,1337,1330,1636,1684,1150,1184,1317,1688,1274,1334,1140,1727,1316,1256,1792,1577,1724,1588,1395,1457,1479,1442,1736,1166,1419,1434,1424,1473,1373,1713,1668,1382,1529,1413,1706,1323,1372,1761,1805,1223,1422,1518,1358,1763,1594,1556,1670,1211,1360,1463,1225,1474,1297,1312,1368,1462,1621,1682,1707,1311,1468,1426,1558,1609,1199,1220,1351,1299,1140,1792,1216,1240,1387,1142,1439,1577,1328,1344,1354,1226,1614,1191,1324,1327,1696,1557,1553,1246,1277,1454,1331,1541,1403,1610,1379,1737,1528,1162,1678,1178,1298,1557,1732,1540,1691,1749,1338,1277,1716,1619,1285,1642,1806,1456,1219,1566,1662,1511,1315,1553,1186,1590,1317,1257,1457,1194,1517,1267,1229,1554,1417,1574,1779,1587,1676,1343,1618,1751,1354,1515,1730,1540,1171,1790,1560,1135,1524,1604,1187,1614,1198,1396,1544,1667,1281,1370,1177,1778,1644,1743,1162,1426,1426,1575,1180,1597,1575,1456,1461,1229,1145,1239,1529,1283,1376,1377,1612,1508,1538,1334,1527,1676,1511,1231,1304,1145,1311,1258,1325,1146,1499,1146,1744,1660,1463,1671,1215,1414,1331,1764,1419,1293,1220,1222,1314,1736,1643,1685,1418,1670,1457,1745,1493,1302,1380,1185,1244,1794,1532,1537,1369,1628,1534,1628,1251,1533,1510,1401,1272,1596,1469,1730,1450,1692,1557,1386,1286,1765,1259,1701,1186,1728,1243,1588,1278,1771,1738,1376,1487,1394,1683,1407,1586,1575,1710,1701,1719,1759,1606,1746,1346,1630,1303,1505,1554,1723,1543,1676,1687,1181,1195,1389,1219,1500,1716,1224,1752,1530,1617,1150,1284,1463,1677,1720,1222,1703,1143,1756
,1228,1566,1318,1483,1734,1465,1133,1362,1319,1524,1293,1639,1132,1557,1802,1442,1710,1442,1336,1757,1524,1456,1572,1619,1415,1438,1447,1456,1428,1746,1746,1249,1557,1289,1685,1602,1785,1555,1600,1510,1342,1616,1331,1261,1268,1273,1414,1133,1732,1800,1301,1510,1773,1739,1807,1582,1662,1387,1298,1504,1715,1197,1446,1282,1364,1771,1687,1644,1764,1428,1191,1569,1744,1695,1255,1158,1717,1513,1691,1245,1193,1511,1478,1253,1447,1236,1212,1508,1715,1481,1540,1157,1299,1560,1530,1373,1159,1237,1589,1321,1765,1151,1572,1750,1505,1452,1192,1496,1677,1159,1349,1726,1146,1404,1611,1178,1243,1791,1290,1785,1492,1258,1224,1452,1679,1263,1279,1221,1239,1256,1668,1165,1629,1781,1216,1702,1380,1656,1619,1462,1203,1498,1483,1807,1379,1718,1409,1596,1511,1482,1236,1563,1565,1583,1673,1783,1548,1361,1366,1362,1304,1689,1702,1797,1322,1348,1228,1597,1648,1210,1432,1798,1655,1569,1542,1483,1784,1694,1516,1429,1546,1285,1681,1372,1720,1653,1381,1378,1143,1775,1204,1280,1465,1717,1730,1239,1661,1374,1321,1355,1560,1779,1588,1362,1268,1803,1737,1149,1205,1536,1497,1426,1460,1453,1434,1439,1369,1238,1562,1308,1417,1631,1760,1143,1209,1788,1253,1434,1723,1807,1470,1747,1511,1730,1168,1393,1348,1290,1182,1464,1537,1399,1670,1358,1545,1799,1400,1646,1617,1318,1417,1195,1294,1183,1729,1527,1133,1485,1644,1611,1467,1665,1685,1600,1219,1239,1415,1759,1262,1584,1468,1215,1395,1389,1766,1781,1776,1413,1181,1550,1601,1706,1270,1605,1219,1587,1185,1222,1384,1340,1778,1479,1702,1360,1723,1380,1146,1142,1685,1323,1215,1745,1243,1219,1744,1288,1380,1667,1173,1368,1168,1405,1456,1567,1631,1669
,1413,1563,1376,1574,1643,1502,1287,1506,1746,1193,1707,1503,1751,1560,1654,1165,1725,1363,1726,1172,1379,1480,1562,1225,1345,1782,1622,1300,1441,1185,1482,1807,1716,1660,1782,1271,1653,1598,1318,1471,1321,1689,1164,1434,1523,1164,1782,1394,1581,1296,1806,1635,1800,1157,1190,1584,1542,1402,1453,1627,1136,1481,1400,1698,1671,1541,1164,1143,1732,1364,1367,1192,1369,1763,1512,1212,1560,1423,1785,1470,1154,1757,1556,1796,1802,1744,1558,1148,1592,1326,1479,1383,1217,1771,1479,1249,1251,1272,1449,1485,1274,1768,1367,1672,1287,1170,1346,1649,1293,1615,1180,1375,1746,1778,1388,1417,1744,1774,1165,1712,1313,1235,1401,1187,1267,1484,1196,1496,1372,1680,1386,1149,1189,1538,1259,1657,1683,1401,1768,1176,1516,1372,1670,1393,1351,1744,1617,1556,1733,1368,1612,1342,1241,1416,1194,1187,1418,1419,1630,1288,1426,1324,1307,1218,1433,1418,1441,1781,1405,1606,1157,1230,1424,1329,1155,1685,1347,1717,1607,1241,1305,1148,1798,1447,1733,1353,1664,1733,1741,1140,1694,1407,1201,1279,1351,1407,1807,1234,1291,1495,1413,1224,1413,1686,1282,1786,1562,1654,1633,1776,1226,1246,1615,1772,1363,1677,1623,1573,1626,1693,1796,1427,1719,1715,1405,1344,1293,1343,1773,1168,1591,1308,1477,1647,1186,1227,1498,1432,1719,1508,1152,1198,1551,1638,1589,1149,1728,1171,1737,1145,1449,1169,1360,1487,1201,1570,1627,1462,1590,1679,1723,1735,1680,1691,1753,1772,1317,1516,1662,1442,1169,1521,1563,1627,1497,1357,1345,1803,1234,1808,1487,1760,1702,1142,1476,1612,1272,1357,1536,1397,1607,1762,1138,1566,1783,1210,1175,1707,1767,1371,1587,1619,1793,1761,1374,1365,1457,1242,1272,1804,1753,1447,1231,1285,1514,1789
,1188,1338,1574,1217,1306,1750,1724,1232,1214,1390,1685,1303,1650,1365,1222,1594,1158,1653,1417,1232,1582,1418,1315,1421,1609,1539,1463,1737,1293,1147,1598,1438,1680,1182,1760,1342,1614,1152,1438,1793,1366,1202,1499,1527,1324,1611,1551,1319,1479,1309,1215,1765,1331,1246,1374,1572,1673,1585,1632,1726,1146,1215,1793,1544,1411,1549,1293,1178,1292,1157,1378,1526,1424,1715,1291,1338,1533,1443,1433,1510,1240,1344,1700,1701,1466,1155,1182,1566,1275,1609,1346,1245,1237,1584,1258,1519,1585,1250,1495,1720,1720,1504,1374,1673,1383,1764,1207,1529,1750,1797,1339,1715,1598,1298,1617,1257,1430,1715,1708,1399,1529,1533,1295,1557,1418,1747,1745,1651,1168,1452,1422,1800,1647,1709,1516,1697,1248,1173,1624,1132,1259,1458,1693,1701,1204,1657,1511,1773,1184,1703,1396,1587,1684,1484,1784,1268,1350,1674,1737,1454,1486,1499,1334,1663,1570,1606,1343,1448,1759,1222,1272,1445,1218,1796,1367,1495,1156,1541,1763,1281,1700,1436,1651,1709,1161,1601,1293,1434,1633,1208,1163,1398,1395,1290,1664,1489,1145,1281,1328,1273,1715,1247,1631,1791,1168,1218,1616,1443,1781,1176,1736,1632,1648,1224,1420,1336,1429,1735,1193,1140,1152,1481,1781,1301,1196,1448,1706,1374,1792,1652,1756,1641,1627,1156,1278,1579,1515,1589,1751,1154,1296,1391,1688,1465,1552,1347,1594,1642,1672,1494,1284,1462,1412,1530,1266,1417,1373,1745,1751,1247,1338,1458,1183,1670,1279,1206,1525,1769,1354,1581,1667,1576,1287,1434,1519,1464,1227,1194,1612,1438,1796,1203,1434,1393,1491,1483,1743,1345,1173,1168,1664,1219,1271,1369,1282,1608,1144,1567,1316,1280,1291,1473,1655,1292,1574,1744,1519,1463,1486,1568,1473,1679,1358,1772,1231,1363
,1316,1279,1671,1191,1802,1579,1456,1745,1200,1265,1465,1528,1434,1368,1492,1677,1365,1298,1644,1393,1586,1589,1773,1744,1571,1236,1795,1612,1399,1377,1721,1723,1387,1448,1453,1341,1376,1677,1548,1219,1574,1352,1727,1484,1500,1693,1371,1304,1146,1261,1468,1424,1642,1386,1428,1458,1187,1563,1592,1557,1347,1682,1703,1792,1580,1719,1731,1581,1549,1687,1214,1324,1719,1323,1559,1794,1631,1560,1333,1593,1239,1367,1320,1420,1169,1690,1501,1421,1362,1502,1208,1806,1324,1762,1341,1188,1332,1190,1243,1365,1133,1410,1688,1598,1367,1730,1716,1563,1251,1197,1774,1780,1794,1219,1469,1593,1508,1323,1675,1288,1802,1552,1596,1762,1168,1219,1426,1194,1714,1778,1355,1480,1163,1347,1367,1179,1326,1573,1667,1275,1692,1426,1311,1237,1805,1768,1325,1458,1286,1291,1725,1460,1737,1753,1534,1440,1180,1161,1437,1547,1336,1506,1543,1668,1650,1178,1398,1800,1717,1770,1684,1247,1721,1293,1504,1529,1425,1549,1487,1500,1468,1755,1406,1777,1242,1463,1435,1477,1420,1634,1452,1232,1231,1495,1466,1597,1176,1363,1735,1170,1439,1731,1682,1560,1807,1169,1401,1291,1457,1347,1617,1742,1149,1496,1804,1488,1632,1656,1618,1289,1223,1690,1566,1180,1387,1688,1718,1732,1619,1550,1720,1178,1374,1452,1545,1636,1192,1531,1511,1350,1531,1295,1601,1242,1220,1750,1304,1282,1599,1179,1532,1133,1661,1133,1782,1155,1490,1161,1471,1792,1421,1296,1299,1491,1249,1448,1530,1783,1640,1577,1479,1597,1547,1218,1400,1338,1137,1210,1741,1754,1600,1623,1413,1541,1158,1760,1154,1498,1416,1165,1294,1595,1601,1630,1170,1179,1479,1656,1761,1261,1322,1558,1263,1489,1369,1751,1197,1561,1563,1248,1747,1154,1152,1309,1248,1612
,1310,1150,1488,1562,1323,1542,1652,1184,1444,1294,1229,1608,1600,1557,1770,1297,1579,1461,1629,1150,1321,1480,1694,1451,1391,1445,1619,1558,1518,1409,1533,1195,1283,1292,1319,1538,1493,1803,1163,1288,1227,1354,1264,1489,1132,1480,1170,1686,1575,1425,1236,1469,1727,1225,1220,1763,1751,1673,1674,1361,1367,1721,1321,1794,1592,1384,1388,1387,1583,1623,1564,1228,1415,1295,1649,1437,1341,1380,1592,1643,1291,1594,1600,1790,1491,1191,1774,1580,1447,1259,1212,1215,1231,1386,1176,1399,1528,1169,1584,1761,1793,1771,1645,1174,1335,1390,1700,1504,1368,1228,1512,1748,1646,1355,1488,1395,1448,1505,1502,1238,1538,1757,1730,1573,1292,1686,1594,1511,1565,1571,1645,1387,1637,1687,1664,1358,1647,1556,1640,1628,1760,1216,1709,1776,1284,1491,1731,1508,1404,1790,1691,1701,1712,1702,1714,1797,1505,1400,1606,1428,1202,1478,1219,1451,1195,1206,1557,1438,1471,1290,1213,1612,1354,1767,1433,1741,1403,1145,1729,1575,1661,1711,1270,1718,1353,1675,1776,1132,1293,1230,1777,1653,1778,1211,1774,1372,1419,1365,1740,1441,1799,1796,1163,1371,1176,1645,1599,1618,1323,1635,1548,1138,1220,1434,1807,1326,1623,1472,1143,1677,1306,1250,1566,1705,1487,1635,1289,1262,1640,1800,1282,1796,1711,1376,1552,1388,1561,1215,1544,1297,1534,1165,1488,1514,1632,1337,1357,1783,1637,1408,1645,1650,1381,1761,1308,1433,1517,1408,1134,1459,1223,1235,1417,1619,1757,1344,1699,1607,1294,1568,1572,1393,1282,1178,1230,1196,1615,1176,1719,1718,1484,1436,1288,1611,1161,1594,1229,1154,1144,1370,1216,1366,1323,1680,1717,1166,1238,1163,1796,1146,1513,1238,1754,1721,1212,1796,1639,1334,1354,1382,1204,1550,1248,1156,1608,1787
,1766,1806,1566,1447,1181,1660,1177,1370,1382,1559,1712,1242,1491,1153,1390,1137,1205,1693,1296,1264,1318,1549,1258,1465,1407,1722,1543,1680,1386,1380,1786,1201,1788,1629,1479,1513,1804,1553,1480,1297,1719,1275,1726,1767,1135,1183,1315,1721,1705,1488,1510,1217,1558,1733,1680,1679,1144,1733,1311,1408,1188,1416,1181,1707,1142,1208,1199,1688,1132,1138,1581,1791,1523,1593,1548,1557,1521,1605,1361,1376,1310,1362,1377,1251,1189,1450,1228,1276,1749,1226,1444,1319,1341,1287,1340,1251,1587,1383,1737,1508,1526,1375,1728,1162,1703,1220,1284,1555,1633,1225,1317,1174,1471,1184,1564,1780,1301,1234,1765,1406,1444,1718,1764,1659,1429,1768,1476,1340,1427,1470,1164,1212,1598,1224,1398,1478,1219,1174,1541,1638,1721,1732,1644,1440,1542,1367,1241,1759,1668,1295,1762,1305,1756,1566,1169,1745,1718,1622,1134,1718,1764,1385,1782,1173,1144,1785,1174,1639,1777,1647,1356,1197,1474,1461,1516,1489,1236,1449,1502,1235,1272,1348,1561,1400,1594,1735,1788,1436,1320,1618,1274,1437,1744,1522,1458,1144,1366,1282,1380,1578,1333,1614,1745,1360,1487,1361,1597,1480,1462,1464,1154,1725,1643,1368,1533,1608,1196,1650,1446,1335,1701,1210,1221,1776,1269,1271,1176,1357,1553,1376,1799,1430,1192,1804,1804,1786,1567,1230,1298,1495,1216,1363,1535,1314,1726,1534,1244,1400,1763,1432,1211,1212,1402,1774,1276,1742,1695,1174,1275,1304,1659,1460,1636,1789,1355,1606,1250,1182,1159,1672,1734,1153,1164,1499,1699,1357,1282,1457,1523,1336,1416,1264,1532,1647,1323,1487,1393,1723,1292,1402,1457,1278,1238,1276,1737,1575,1511,1180,1318,1629,1435,1180,1140,1552,1402,1754,1343,1799,1359,1692,1608,1675,1341,1468,1495,1724
,1401,1429,1351,1264,1620,1474,1374,1184,1755,1247,1301,1550,1652,1514,1358,1213,1630,1797,1716,1597,1274,1426,1483,1577,1345,1589,1627,1763,1417,1694,1145,1691,1335,1464,1463,1460,1468,1598,1318,1249,1611,1582,1681,1703,1499,1451,1358,1444,1609,1293,1669,1283,1150,1699,1432,1154,1521,1465,1522,1703,1308,1556,1625,1435,1279,1554,1576,1610,1651,1545,1216,1569,1229,1357,1315,1727,1218,1795,1154,1724,1351,1565,1358,1365,1148,1492,1530,1384,1456,1404,1777,1546,1151,1737,1682,1151,1372,1412,1645,1645,1783,1756,1532,1746,1582,1561,1423,1512,1561,1210,1568,1187,1217,1398,1407,1425,1478,1156,1135,1561,1595,1791,1208,1337,1680,1341,1547,1674,1644,1599,1790,1506,1264,1690,1296,1626,1743,1469,1582,1665,1784,1150,1610,1582,1630,1331,1161,1360,1459,1153,1162,1740,1420,1161,1519,1570,1325,1333,1731,1372,1710,1496,1530,1196,1286,1461,1524,1603,1161,1331,1310,1654,1587,1470,1283,1551,1346,1602,1415,1390,1756,1496,1387,1436,1241,1550,1367,1398,1501,1778,1546,1448,1302,1265,1298,1694,1511,1137,1493,1709,1473,1203,1702,1299,1446,1144,1404,1489,1277,1444,1315,1645,1512,1664,1647,1601,1459,1199,1682,1376,1709,1468,1229,1456,1179,1380,1147,1519,1775,1366,1551,1580,1387,1481,1394,1169,1470,1203,1732,1547,1208,1418,1301,1412,1384,1782,1413,1255,1140,1742,1391,1142,1385,1457,1235,1570,1677,1258,1200,1359,1479,1473,1310,1516,1511,1395,1139,1725,1493,1625,1444,1156,1694,1150,1437,1743,1284,1795,1346,1622,1333,1369,1631,1257,1147,1363,1467,1690,1453,1676,1396,1363,1782,1365,1142,1484,1789,1445,1326,1250,1559,1744,1434,1174,1197,1360,1470,1480,1160,1764,1195,1781,1714,1148,1587,1614
,1355,1442,1371,1370,1236,1561,1415,1153,1678,1266,1665,1474,1749,1410,1561,1745,1501,1224,1755,1702,1528,1362,1463,1322,1357,1551,1545,1433,1807,1446,1140,1508,1697,1792,1542,1270,1177,1243,1229,1588,1433,1381,1232,1684,1803,1327,1471,1635,1350,1321,1470,1233,1428,1398,1261,1439,1547,1461,1184,1437,1412,1393,1196,1405,1805,1709,1435,1307,1503,1274,1313,1189,1280,1134,1693,1397,1700,1475,1647,1776,1561,1589,1298,1437,1178,1160,1356,1648,1429,1388,1285,1171,1134,1338,1625,1343,1491,1780,1241,1537,1354,1338,1420,1351,1186,1648,1278,1212,1329,1695,1346,1371,1470,1329,1594,1531,1209,1276,1396,1458,1351,1475,1239,1164,1806,1335,1687,1443,1399,1170,1593,1453,1701,1714,1540,1133,1730,1667,1427,1322,1367,1521,1256,1208,1540,1180,1581,1402,1795,1736,1216,1387,1362,1187,1497,1161,1649,1336,1474,1679,1444,1438,1799,1604,1215,1727,1442,1682,1276,1488,1218,1206,1556,1452,1650,1131,1269,1804,1695,1596,1339,1596,1503,1516,1427,1660,1157,1296,1705,1508,1361,1718,1454,1498,1420,1532,1487,1508,1263,1316,1403,1681,1662,1207,1297,1605,1341,1349,1245,1479,1664,1561,1680,1279,1347,1499,1745,1610,1354,1392,1586,1308,1621,1476,1692,1791,1170,1276,1420,1408,1594,1613,1486,1700,1754,1345,1584,1532,1369,1705,1447,1776,1747,1685,1332,1282,1196,1236,1575,1665,1164,1524,1715,1531,1483,1353,1216,1703,1298,1701,1604,1622,1460,1389,1166,1589,1371,1434,1621,1212,1785,1188,1699,1653,1609,1758,1157,1492,1408,1542,1356,1259,1712,1718,1223,1381,1742,1651,1378,1380,1401,1769,1767,1542,1753,1314,1761,1300,1319,1185,1717,1739,1493,1587,1757,1526,1180,1555,1295,1721,1353,1390,1239,1603,1549,1552
,1790,1627,1578,1397,1274,1459,1307,1560,1502,1697,1648,1398,1417,1397,1475,1247,1515,1202,1311,1470,1606,1500,1791,1772,1741,1644,1666,1451,1191,1445,1327,1334,1326,1520,1638,1269,1618,1276,1505,1557,1585,1372,1535,1585,1713,1346,1587,1708,1752,1768,1419,1515,1289,1562,1218,1463,1414,1718,1553,1507,1141,1741,1748,1206,1424,1790,1588,1774,1681,1227,1441,1770,1386,1218,1171,1317,1560,1725,1201,1281,1431,1501,1541,1363,1779,1299,1725,1282,1633,1438,1382,1762,1354,1230,1790,1690,1596,1448,1748,1499,1376,1479,1645,1574,1463,1588,1211,1392,1418,1740,1373,1617,1272,1213,1548,1147,1724,1776,1401,1279,1451,1557,1214,1338,1147,1398,1219,1236,1387,1490,1486,1752,1200,1799,1376,1388,1514,1357,1134,1237,1356,1599,1742,1497,1581,1800,1373,1502,1551,1217,1630,1304,1748,1583,1720,1237,1198,1689,1251,1786,1804,1516,1426,1492,1745,1149,1311,1641,1356,1611,1298,1210,1747,1669,1339,1791,1176,1557,1197,1172,1513,1613,1307,1447,1309,1135,1485,1677,1420,1540,1182,1667,1450,1280,1705,1470,1748,1498,1629,1598,1381,1305,1192,1570,1529,1352,1433,1232,1226,1801,1276,1518,1567,1309,1757,1166,1577,1133,1141,1582,1604,1413,1137,1692,1568,1422,1805,1251,1533,1380,1401,1402,1157,1262,1174,1296,1501,1200,1410,1272,1706,1376,1318,1522,1289,1712,1429,1275,1686,1463,1767,1798,1334,1671,1770,1537,1716,1174,1204,1217,1254,1468,1503,1667,1660,1616,1305,1690,1182,1558,1164,1562,1673,1200,1475,1505,1134,1443,1449,1588,1484,1212,1581,1452,1663,1202,1517,1735,1524,1559,1547,1482,1589,1787,1503,1602,1416,1788,1454,1383,1673,1734,1424,1261,1310,1380,1773,1719,1427,1329,1637,1589,1601,1419,1564,1524
,1623,1268,1613,1582,1441,1313,1664,1700,1232,1713,1343,1739,1494,1387,1438,1217,1197,1416,1194,1543,1580,1533,1423,1166,1609,1646,1425,1670,1710,1299,1228,1486,1244,1598,1288,1541,1686,1673,1590,1276,1161,1230,1441,1375,1480,1143,1561,1304,1687,1572,1366,1162,1350,1256,1237,1685,1628,1422,1161,1757,1261,1494,1350,1677,1768,1579,1741,1568,1482,1577,1733,1704,1661,1150,1187,1436,1630,1766,1229,1517,1131,1467,1307,1620,1330,1181,1768,1146,1395,1236,1531,1319,1188,1531,1598,1618,1409,1138,1806,1182,1632,1420,1248,1150,1770,1534,1235,1476,1255,1785,1673,1161,1798,1445,1179,1237,1222,1715,1350,1553,1696,1740,1650,1774,1383,1205,1326,1577,1518,1335,1766,1171,1722,1240,1464,1167,1764,1631,1643,1364,1220,1367,1583,1520,1269,1189,1174,1693,1404,1257,1265,1336,1392,1767,1354,1159,1679,1497,1146,1246,1527,1150,1144,1667,1441,1572,1286,1270,1685,1633,1569,1373,1188,1517,1372,1345,1565,1450,1706,1764,1240,1435,1595,1760,1526,1309,1392,1580,1280,1560,1154,1475,1758,1388,1212,1640,1494,1353,1503,1215,1586,1509,1398,1163,1648,1495,1412,1449,1797,1624,1611,1469,1371,1158,1700,1612,1503,1190,1200,1578,1196,1699,1488,1723,1286,1726,1173,1391,1519,1175,1359,1598,1194,1526,1330,1335,1614,1267,1275,1228,1727,1285,1364,1341,1180,1738,1777,1132,1464,1427,1672,1335,1411,1207,1773,1691,1225,1218,1427,1278,1381,1789,1468,1366,1677,1462,1521,1417,1781,1378,1259,1366,1476,1309,1790,1537,1581,1231,1733,1656,1451,1291,1437,1550,1517,1181,1641,1306,1227,1163,1787,1324,1552,1410,1553,1336,1643,1790,1327,1457,1342,1350,1459,1331,1239,1244,1533,1326,1461,1456,1756,1693,1212,1192,1470,1266
,1415,1187,1772,1781,1400,1468,1310,1716,1673,1764,1308,1218,1282,1787,1644,1588,1333,1644,1696,1577,1231,1609,1711,1327,1505,1653,1404,1749,1705,1667,1780,1393,1768,1203,1799,1532,1255,1241,1214,1452,1745,1461,1405,1733,1284,1277,1675,1241,1594,1610,1156,1190,1480,1242,1330,1359,1271,1799,1645,1166,1273,1233,1545,1604,1707,1751,1255,1525,1731,1569,1320,1320,1154,1802,1730,1461,1340,1134,1388,1304,1801,1719,1426,1147,1265,1599,1182,1444,1530,1196,1638,1498,1667,1549,1691,1392,1184,1605,1771,1323,1715,1303,1570,1337,1688,1759,1244,1646,1199,1349,1371,1789,1384,1514,1282,1637,1557,1555,1367,1301,1277,1636,1296,1524,1222,1726,1351,1705,1249,1606,1749,1471,1586,1767,1180,1206,1259,1357,1536,1765,1222,1578,1201,1553,1769,1602,1273,1412,1173,1332,1481,1746,1789,1725,1700,1467,1132,1739,1278,1189,1222,1200,1451,1540,1795,1568,1209,1581,1145,1604,1193,1755,1712,1162,1201,1452,1426,1715,1392,1502,1497,1702,1453,1595,1233,1300,1796,1282,1558,1258,1377,1364,1646,1418,1389,1347,1237,1413,1343,1359,1290,1401,1343,1345,1459,1292,1715,1692,1302,1462,1198,1732,1645,1607,1524,1162,1783,1433,1493,1553,1584,1653,1642,1619,1280,1389,1376,1764,1521,1598,1244,1432,1226,1148,1163,1376,1579,1272,1597,1292,1186,1415,1199,1630,1546,1716,1168,1217,1258,1588,1530,1522,1530,1193,1678,1274,1140,1617,1784,1421,1588,1608,1136,1668,1239,1358,1316,1251,1255,1678,1716,1142,1170,1786,1647,1206,1498,1619,1312,1274,1746,1484,1699,1300,1704,1692,1152,1601,1243,1173,1522,1555,1390,1313,1590,1211,1641,1171,1687,1266,1150,1379,1464,1292,1349,1598,1733,1729,1686,1735,1295,1579,1541,1429,1451,1632
,1325,1642,1267,1365,1789,1610,1808,1740,1398,1552,1757,1798,1585,1602,1792,1148,1680,1414,1503,1232,1562,1540,1480,1693,1370,1702,1793,1332,1776,1228,1592,1618,1256,1153,1381,1766,1796,1522,1475,1245,1288,1200,1387,1715,1737,1772,1516,1714,1722,1408,1161,1226,1699,1156,1494,1227,1314,1530,1405,1576,1532,1736,1498,1424,1647,1615,1381,1275,1174,1165,1741,1146,1265,1263,1297,1228,1351,1438,1719,1235,1330,1688,1526,1231,1496,1656,1800,1366,1467,1719,1497,1361,1183,1168,1260,1226,1168,1285,1800,1690,1655,1335,1435,1534,1205,1569,1234,1711,1185,1792,1351,1652,1697,1397,1782,1318,1330,1781,1532,1464,1202,1748,1209,1622,1633,1573,1755,1680,1623,1368,1167,1269,1228,1212,1453,1649,1446,1541,1207,1656,1665,1161,1352,1243,1165,1191,1418,1223,1623,1411,1198,1408,1403,1306,1166,1577,1710,1685,1244,1313,1599,1481,1529,1178,1209,1203,1348,1665,1167,1142,1143,1591,1561,1282,1535,1196,1708,1710,1131,1693,1468,1600,1534,1537,1227,1577,1352,1753,1327,1583,1456,1524,1359,1564,1142,1317,1437,1752,1665,1427,1362,1358,1757,1637,1461,1677,1544,1358,1585,1322,1666,1531,1517,1699,1613,1785,1392,1335,1304,1764,1525,1237,1605,1619,1352,1668,1477,1517,1472,1766,1292,1307,1763,1636,1541,1390,1328,1349,1480,1797,1668,1634,1391,1409,1451,1689,1472,1562,1292,1401,1483,1721,1149,1418,1736,1740,1727,1403,1384,1543,1294,1575,1232,1356,1411,1467,1691,1326,1669,1776,1351,1267,1765,1263,1171,1491,1214,1172,1298,1527,1331,1189,1603,1287,1764,1302,1257,1640,1547,1580,1356,1233,1198,1645,1463,1134,1653,1347,1520,1536,1736,1777,1696,1304,1540,1177,1429,1131,1272,1207,1551,1608,1712,1647,1379,1714
,1664,1786,1356,1441,1331,1395,1563,1805,1433,1711,1332,1472,1183,1790,1176,1139,1684,1719,1194,1137,1597,1461,1564,1495,1542,1453,1401,1649,1538,1718,1418,1301,1370,1521,1329,1142,1406,1803,1261,1337,1204,1382,1710,1222,1751,1461,1188,1162,1516,1737,1659,1657,1540,1535,1510,1779,1341,1673,1141,1187,1664,1618,1158,1375,1454,1625,1796,1550,1708,1551,1366,1658,1539,1251,1267,1523,1802,1790,1513,1314,1241,1727,1703,1356,1720,1462,1791,1156,1678,1376,1230,1202,1657,1281,1542,1759,1166,1216,1450,1705,1560,1579,1435,1768,1334,1331,1161,1176,1804,1362,1540,1343,1790,1265,1605,1236,1766,1578,1592,1547,1245,1412,1616,1448,1299,1499,1651,1250,1215,1407,1700,1389,1805,1201,1624,1402,1201,1582,1594,1314,1219,1188,1638,1755,1451,1460,1220,1166,1446,1591,1164,1572,1160,1573,1160,1421,1544,1481,1159,1733,1139,1450,1343,1593,1659,1186,1459,1360,1707,1520,1320,1479,1649,1217,1148,1152,1433,1307,1497,1532,1204,1445,1240,1756,1298,1499,1154,1261,1521,1745,1231,1426,1783,1436,1789,1181,1727,1493,1291,1644,1367,1654,1709,1273,1661,1666,1793,1551,1729,1767,1237,1471,1285,1591,1469,1263,1161,1686,1625,1735,1363,1697,1206,1145,1798,1378,1731,1508,1570,1149,1370,1234,1513,1352,1154,1725,1355,1279,1567,1691,1143,1330,1725,1524,1248,1319,1750,1297,1220,1755,1807,1714,1491,1759,1408,1383,1172,1306,1453,1178,1585,1493,1479,1652,1535,1326,1260,1232,1412,1234,1485,1348,1403,1671,1760,1508,1707,1693,1793,1346,1394,1555,1154,1131,1150,1711,1676,1414,1159,1679,1213,1643,1805,1268,1636,1435,1200,1162,1748,1750,1603,1342,1286,1594,1389,1247,1470,1216,1273,1546,1420,1212,1331,1137,1254,1666
,1626,1596,1283,1247,1722,1516,1360,1635,1360,1362,1749,1727,1749,1147,1390,1733,1177,1723,1374,1603,1283,1646,1646,1640,1596,1382,1530,1466,1590,1175,1569,1772,1751,1342,1636,1481,1795,1673,1622,1670,1155,1415,1296,1499,1587,1335,1435,1494,1285,1260,1536,1604,1618,1522,1354,1157,1666,1161,1409,1223,1431,1218,1286,1686,1617,1437,1223,1174,1803,1597,1760,1574,1646,1623,1515,1435,1243,1630,1528,1506,1556,1206,1166,1360,1673,1328,1286,1461,1429,1344,1240,1388,1329,1145,1217,1800,1498,1788,1211,1584,1357,1620,1301,1415,1369,1620,1656,1424,1275,1563,1245,1196,1743,1335,1591,1423,1587,1337,1599,1428,1737,1642,1643,1681,1307,1463,1756,1651,1676,1461,1703,1321,1266,1777,1243,1260,1719,1427,1282,1133,1740,1135,1661,1549,1353,1538,1166,1467,1562,1617,1293,1502,1672,1686,1282,1729,1230,1360,1399,1514,1284,1308,1224,1320,1210,1189,1235,1334,1216,1238,1572,1695,1423,1227,1203,1472,1462,1534,1566,1397,1256,1561,1617,1601,1708,1687,1276,1749,1138,1597,1345,1213,1489,1401,1737,1695,1355,1528,1385,1722,1717,1615,1546,1747,1548,1716,1164,1612,1136,1370,1617,1773,1573,1179,1691,1267,1260,1140,1278,1298,1172,1358,1584,1656,1177,1697,1625,1701,1747,1291,1236,1368,1744,1157,1192,1544,1577,1401,1557,1466,1740,1270,1808,1735,1316,1276,1731,1498,1482,1741,1415,1766,1707,1473,1439,1394,1303,1548,1216,1659,1193,1228,1472,1203,1465,1755,1754,1168,1548,1484,1630,1796,1371,1765,1186,1770,1402,1730,1660,1379,1430,1384,1430,1276,1354,1748,1799,1742,1302,1472,1155,1459,1518,1683,1397,1548,1143,1647,1534,1722,1607,1591,1762,1762,1232,1187,1302,1560,1646,1442,1447,1487,1765,1492,1355,1303
,1380,1585,1546,1529,1509,1559,1435,1684,1210,1594,1246,1692,1310,1416,1539,1317,1221,1358,1769,1676,1294,1398,1214,1632,1216,1804,1525,1189,1493,1492,1647,1175,1482,1724,1459,1277,1356,1378,1502,1270,1799,1791,1613,1704,1652,1759,1510,1780,1247,1365,1567,1584,1135,1318,1805,1768,1138,1565,1143,1133,1773,1522,1731,1330,1488,1537,1139,1303,1334,1660,1782,1529,1160,1693,1429,1723,1292,1774,1752,1172,1594,1438,1416,1440,1686,1469,1729,1545,1610,1621,1361,1778,1370,1631,1552,1625,1704,1634,1215,1795,1464,1578,1599,1159,1139,1466,1672,1283,1624,1258,1749,1550,1747,1433,1234,1594,1266,1204,1489,1184,1357,1456,1478,1350,1633,1724,1369,1297,1158,1698,1749,1577,1510,1227,1422,1528,1468,1356,1226,1751,1750,1524,1260,1606,1498,1747,1513,1183,1145,1504,1342,1643,1535,1490,1342,1485,1501,1568,1642,1794,1435,1617,1185,1730,1516,1323,1570,1504,1801,1745,1739,1548,1242,1774,1341,1319,1218,1590,1384,1476,1317,1305,1558,1753,1233,1222,1164,1180,1558,1799,1649,1783,1687,1723,1466,1308,1452,1578,1407,1731,1214,1687,1791,1490,1211,1284,1340,1352,1304,1594,1284,1440,1645,1478,1597,1798,1789,1336,1344,1658,1332,1657,1505,1636,1340,1382,1405,1762,1479,1470,1228,1576,1146,1634,1744,1566,1766,1673,1772,1410,1746,1626,1790,1370,1400,1257,1173,1455,1458,1454,1657,1210,1210,1258,1466,1476,1591,1326,1311,1807,1370,1791,1476,1304,1695,1543,1763,1742,1710,1495,1776,1538,1250,1478,1281,1492,1409,1330,1474,1486,1800,1623,1141,1630,1615,1417,1339,1556,1779,1262,1466,1348,1596,1542,1803,1349,1801,1443,1302,1280,1523,1679,1510,1543,1692,1214,1236,1175,1487,1188,1433,1503,1687,1424,1355,1707
,1534,1687,1310,1184,1780,1158,1706,1375,1655,1700,1148,1190,1716,1477,1630,1312,1541,1786,1162,1434,1708,1132,1228,1650,1284,1496,1725,1240,1623,1681,1711,1587,1529,1201,1407,1146,1324,1391,1621,1217,1543,1379,1431,1561,1352,1344,1139,1611,1278,1168,1286,1195,1189,1309,1753,1601,1573,1394,1535,1254,1485,1170,1201,1591,1208,1185,1178,1785,1248,1395,1640,1714,1779,1636,1229,1805,1807,1527,1451,1566,1327,1800,1521,1211,1684,1183,1695,1449,1306,1216,1369,1205,1522,1270,1488,1587,1628,1216,1289,1312,1368,1728,1533,1292,1501,1804,1244,1350,1713,1728,1729,1657,1652,1529,1241,1518,1560,1612,1415,1508,1731,1453,1619,1709,1495,1709,1194,1190,1547,1140,1515,1320,1394,1378,1618,1609,1550,1648,1797,1495,1392,1554,1610,1682,1384,1299,1454,1709,1204,1730,1404,1640,1200,1405,1666,1650,1513,1360,1274,1207,1515,1223,1149,1655,1317,1484,1650,1608,1395,1489,1460,1781,1166,1708,1421,1194,1518,1630,1545,1343,1550,1623,1649,1461,1407,1679,1610,1227,1778,1412,1278,1632,1493,1490,1399,1491,1665,1364,1544,1550,1725,1370,1563,1734,1505,1153,1383,1617,1714,1289,1465,1780,1750,1409,1155,1347,1771,1420,1636,1630,1573,1196,1549,1549,1658,1197,1249,1558,1521,1437,1413,1308,1676,1456,1202,1712,1697,1131,1566,1169,1587,1592,1627,1541,1767,1277,1177,1497,1560,1793,1217,1653,1413,1469,1383,1808,1219,1630,1730,1615,1146,1377,1323,1753,1278,1700,1715,1275,1449,1555,1428,1746,1205,1436,1501,1189,1386,1602,1274,1688,1462,1250,1273,1734,1263,1403,1254,1698,1561,1175,1227,1136,1697,1326,1442,1781,1383,1804,1465,1146,1597,1257,1539,1579,1208,1478,1378,1235,1180,1532,1755,1476,1294,1254,1708,1564
,1670,1585,1779,1199,1409,1552,1462,1311,1334,1503,1799,1648,1746,1778,1804,1163,1562,1375,1483,1267,1784,1797,1529,1169,1465,1489,1386,1134,1791,1178,1546,1147,1652,1629,1312,1664,1290,1719,1780,1174,1403,1350,1680,1203,1209,1506,1747,1385,1802,1472,1630,1483,1365,1733,1246,1467,1753,1781,1511,1786,1732,1609,1694,1275,1281,1797,1313,1181,1491,1435,1466,1491,1140,1341,1766,1255,1339,1509,1392,1577,1490,1159,1470,1386,1479,1652,1771,1405,1443,1597,1185,1449,1454,1157,1304,1155,1778,1176,1703,1416,1471,1755,1253,1610,1733,1749,1159,1375,1641,1562,1654,1141,1578,1525,1434,1415,1343,1245,1669,1293,1212,1336,1756,1585,1402,1368,1216,1472,1804,1166,1733,1658,1360,1363,1700,1222,1604,1351,1705,1492,1462,1512,1361,1789,1235,1208,1302,1606,1679,1146,1339,1494,1383,1153,1455,1300,1141,1253,1742,1338,1683,1781,1278,1532,1593,1597,1324,1258,1515,1683,1705,1365,1193,1371,1740,1190,1582,1737,1131,1538,1710,1756,1530,1297,1454,1311,1720,1428,1531,1482,1678,1568,1390,1790,1744,1652,1495,1489,1621,1645,1281,1681,1799,1502,1231,1185,1746,1135,1169,1190,1669,1210,1599,1222,1434,1157,1501,1584,1802,1629,1196,1776,1550,1708,1287,1208,1601,1148,1403,1439,1537,1299,1302,1407,1754,1155,1456,1528,1710,1694,1780,1509,1662,1344,1648,1436,1597,1541,1630,1608,1409,1672,1652,1425,1549,1413,1764,1321,1589,1575,1440,1438,1648,1246,1754,1591,1761,1504,1604,1502,1177,1437,1326,1393,1683,1554,1325,1391,1638,1333,1496,1376,1752,1707,1594,1713,1731,1508,1391,1238,1788,1547,1199,1633,1251,1278,1181,1578,1152,1241,1729,1598,1590,1318,1635,1696,1150,1525,1383,1276,1558,1745,1209,1684,1207,1501
,1224,1446,1184,1720,1710,1507,1551,1478,1744,1176,1437,1571,1668,1313,1140,1778,1218,1580,1760,1783,1360,1694,1221,1362,1146,1434,1451,1581,1388,1664,1774,1463,1566,1593,1165,1679,1437,1542,1785,1334,1212,1148,1466,1192,1495,1685,1406,1359,1239,1296,1174,1668,1690,1403,1627,1239,1178,1703,1292,1708,1259,1739,1492,1437,1311,1569,1183,1543,1474,1596,1262,1629,1562,1660,1683,1722,1279,1308,1331,1552,1253,1304,1177,1371,1600,1249,1768,1300,1274,1351,1625,1270,1574,1292,1480,1320,1439,1484,1306,1395,1798,1549,1575,1436,1507,1583,1132,1635,1555,1714,1576,1663,1170,1196,1341,1569,1250,1268,1524,1647,1361,1754,1594,1756,1790,1206,1333,1693,1694,1135,1414,1675,1294,1217,1470,1319,1737,1326,1758,1799,1623,1671,1739,1674,1760,1467,1516,1364,1778,1661,1668,1652,1524,1350,1145,1593,1753,1605,1341,1427,1670,1153,1151,1472,1317,1550,1336,1180,1346,1187,1484,1783,1751,1221,1470,1295,1238,1397,1749,1296,1346,1164,1518,1519,1154,1284,1309,1496,1237,1435,1518,1549,1179,1562,1217,1743,1460,1448,1744,1469,1540,1192,1808,1215,1199,1765,1535,1173,1286,1139,1637,1799,1133,1254,1615,1151,1664,1287,1221,1584,1479,1277,1535,1719,1718,1728,1509,1428,1731,1773,1257,1493,1532,1753,1385,1265,1184,1399,1596,1177,1308,1502,1682,1792,1421,1561,1741,1763,1601,1153,1682,1183,1216,1547,1802,1171,1156,1356,1236,1649,1192,1606,1152,1469,1272,1423,1462,1742,1212,1368,1750,1563,1193,1449,1162,1426,1772,1502,1677,1753,1751,1145,1368,1680,1162,1285,1634,1339,1779,1799,1655,1216,1165,1548,1266,1496,1793,1579,1133,1645,1159,1427,1512,1613,1163,1531,1306,1804,1451,1430,1524,1344,1734,1461,1449,1347
,1757,1791,1260,1389,1726,1359,1392,1166,1148,1268,1622,1277,1520,1404,1378,1586,1660,1339,1594,1566,1436,1624,1244,1355,1582,1151,1203,1408,1696,1457,1412,1466,1452,1451,1627,1658,1323,1789,1182,1257,1364,1482,1609,1728,1566,1155,1638,1735,1392,1277,1513,1501,1465,1318,1603,1479,1341,1542,1318,1417,1506,1174,1806,1190,1241,1748,1726,1413,1306,1185,1621,1615,1270,1688,1423,1633,1317,1525,1306,1731,1650,1549,1544,1573,1393,1194,1636,1432,1357,1259,1672,1719,1462,1429,1552,1431,1413,1693,1477,1220,1711,1789,1212,1693,1229,1133,1330,1421,1368,1468,1646,1415,1703,1605,1258,1148,1632,1732,1666,1497,1651,1529,1719,1382,1239,1445,1132,1678,1148,1641,1251,1548,1559,1331,1703,1662,1573,1642,1707,1280,1470,1331,1205,1703,1538,1407,1491,1725,1442,1453,1258,1476,1690,1280,1322,1482,1399,1241,1808,1186,1255,1806,1793,1435,1547,1311,1691,1136,1402,1345,1423,1283,1209,1641,1794,1239,1580,1253,1327,1189,1489,1566,1714,1613,1523,1314,1427,1657,1373,1475,1440,1569,1273,1328,1438,1602,1548,1651,1275,1262,1574,1362,1765,1775,1715,1252,1727,1159,1468,1616,1719,1808,1695,1245,1450,1407,1756,1229,1226,1325,1399,1292,1272,1352,1184,1242,1257,1421,1203,1591,1144,1698,1790,1616,1292,1317,1426,1791,1222,1149,1171,1581,1156,1246,1562,1363,1715,1807,1322,1190,1355,1626,1270,1284,1650,1487,1302,1380,1778,1205,1611,1161,1783,1619,1413,1763,1747,1744,1416,1797,1436,1532,1335,1187,1500,1237,1638,1219,1140,1521,1777,1653,1606,1145,1667,1191,1559,1650,1642,1416,1266,1738,1720,1285,1731,1340,1603,1704,1704,1519,1434,1707,1178,1730,1167,1565,1462,1309,1304,1589,1430,1146,1290,1419,1791,1768
,1555,1621,1478,1515,1705,1476,1156,1216,1244,1170,1687,1472,1681,1138,1656,1180,1288,1516,1272,1273,1237,1456,1431,1155,1415,1156,1742,1683,1144,1253,1362,1250,1546,1687,1717,1218,1298,1309,1368,1670,1538,1487,1563,1665,1680,1437,1135,1532,1734,1283,1524,1611,1753,1659,1403,1233,1602,1708,1170,1652,1222,1357,1698,1137,1177,1478,1806,1605,1715,1336,1264,1327,1724,1789,1735,1265,1214,1370,1351,1166,1370,1477,1192,1503,1761,1270,1786,1276,1771,1189,1531,1376,1298,1367,1718,1320,1178,1702,1265,1587,1181,1220,1567,1425,1256,1676,1238,1143,1790,1163,1352,1593,1301,1404,1342,1372,1500,1524,1551,1746,1231,1729,1619,1629,1521,1418,1749,1737,1570,1197,1776,1544,1172,1679,1620,1674,1661,1749,1347,1626,1151,1426,1599,1315,1579,1442,1499,1451,1365,1255,1189,1313,1730,1756,1435,1530,1659,1559,1522,1624,1471,1725,1513,1739,1285,1217,1688,1174,1554,1726,1638,1445,1751,1599,1746,1589,1353,1234,1574,1204,1247,1323,1492,1801,1587,1766,1434,1138,1181,1691,1510,1505,1254,1253,1613,1571,1613,1677,1371,1666,1689,1135,1146,1767,1506,1300,1506,1467,1608,1524,1379,1690,1551,1294,1358,1282,1321,1588,1401,1449,1137,1211,1314,1245,1427,1670,1195,1590,1168,1275,1477,1791,1507,1293,1349,1390,1286,1583,1638,1715,1760,1662,1311,1361,1357,1164,1491,1351,1164,1262,1776,1372,1439,1534,1340,1239,1457,1265,1619,1480,1181,1647,1135,1688,1167,1518,1388,1228,1161,1440,1603,1362,1295,1699,1386,1226,1241,1453,1781,1494,1619,1746,1713,1597,1528,1623,1774,1619,1570,1616,1741,1470,1302,1359,1426,1493,1319,1136,1465,1185,1418,1294,1537,1330,1742,1489,1290,1504,1174,1161,1381,1781,1142,1603,1347,1189
,1455,1574,1195,1786,1267,1412,1780,1442,1304,1642,1139,1589,1433,1320,1377,1215,1392,1520,1249,1771,1595,1164,1389,1635,1642,1683,1525,1229,1254,1239,1213,1645,1780,1526,1202,1424,1198,1656,1518,1212,1149,1477,1191,1713,1456,1626,1397,1161,1746,1772,1461,1795,1239,1316,1262,1498,1371,1487,1133,1681,1183,1779,1665,1575,1665,1329,1423,1202,1740,1800,1171,1590,1524,1250,1614,1519,1603,1716,1180,1189,1453,1744,1668,1420,1257,1616,1305,1179,1671,1648,1194,1361,1181,1228,1269,1450,1606,1197,1660,1315,1241,1570,1211,1699,1433,1618,1742,1746,1546,1214,1238,1501,1301,1434,1577,1568,1412,1708,1321,1777,1494,1626,1557,1695,1515,1747,1728,1721,1527,1184,1200,1159,1472,1609,1509,1644,1685,1676,1740,1153,1559,1286,1653,1538,1698,1510,1407,1515,1208,1153,1243,1241,1286,1736,1133,1619,1230,1502,1219,1767,1428,1507,1526,1730,1401,1742,1767,1643,1686,1154,1173,1134,1692,1282,1211,1626,1238,1636,1478,1495,1641,1732,1745,1192,1524,1359,1537,1521,1244,1786,1525,1558,1226,1471,1603,1450,1251,1175,1549,1595,1643,1384,1793,1750,1311,1301,1498,1413,1279,1544,1249,1260,1511,1691,1155,1554,1321,1620,1344,1453,1288,1667,1271,1135,1454,1790,1764,1427,1482,1558,1414,1657,1499,1638,1640,1588,1213,1784,1216,1184,1392,1275,1366,1248,1656,1234,1801,1447,1254,1720,1620,1380,1729,1604,1721,1449,1650,1786,1516,1573,1465,1751,1679,1217,1194,1582,1761,1174,1563,1605,1532,1470,1186,1583,1255,1676,1763,1221,1395,1328,1328,1140,1396,1676,1577,1244,1786,1591,1415,1547,1288,1598,1478,1686,1709,1273,1228,1362,1629,1648,1147,1484,1328,1578,1356,1721,1351,1401,1712,1409,1587,1625,1426,1189,1167,1779
,1237,1721,1188,1455,1795,1163,1154,1429,1732,1364,1667,1139,1735,1522,1313,1248,1207,1222,1534,1559,1409,1699,1794,1396,1248,1190,1787,1194,1230,1416,1643,1196,1134,1570,1645,1441,1283,1645,1265,1692,1280,1304,1300,1216,1325,1771,1593,1754,1563,1544,1457,1686,1275,1704,1396,1146,1548,1586,1771,1646,1727,1133,1316,1239,1509,1540,1326,1722,1572,1277,1467,1460,1268,1433,1451,1229,1267,1335,1720,1316,1716,1570,1656,1413,1393,1431,1254,1324,1251,1459,1734,1712,1245,1514,1218,1498,1700,1164,1708,1726,1434,1222,1800,1381,1735,1601,1308,1586,1169,1620,1173,1518,1478,1284,1390,1305,1143,1220,1468,1309,1598,1651,1314,1624,1392,1450,1687,1558,1197,1617,1260,1778,1715,1642,1145,1301,1388,1235,1312,1409,1367,1394,1323,1612,1766,1729,1401,1301,1134,1702,1429,1723,1734,1136,1606,1758,1523,1783,1715,1494,1491,1630,1685,1487,1593,1533,1414,1661,1448,1458,1709,1603,1576,1450,1461,1490,1796,1356,1438,1160,1627,1608,1797,1432,1798,1280,1571,1600,1624,1230,1395,1261,1512,1427,1569,1322,1761,1435,1316,1635,1355,1503,1228,1337,1282,1219,1782,1306,1412,1538,1553,1225,1382,1274,1314,1264,1406,1767,1619,1163,1179,1722,1579,1273,1333,1776,1430,1680,1263,1462,1649,1576,1798,1191,1602,1345,1700,1554,1257,1427,1554,1243,1374,1557,1209,1248,1343,1143,1624,1272,1144,1417,1539,1735,1204,1445,1793,1303,1565,1226,1680,1162,1772,1806,1773,1493,1314,1339,1166,1736,1528,1634,1261,1275,1517,1744,1311,1184,1208,1143,1232,1498,1546,1463,1597,1150,1633,1190,1152,1336,1662,1284,1721,1749,1499,1189,1496,1278,1356,1562,1146,1700,1528,1189,1138,1463,1340,1187,1566,1691,1281,1408,1372,1751,1406,1484
,1569,1519,1416,1150,1150,1670,1416,1272,1269,1356,1801,1767,1280,1453,1232,1724,1275,1569,1639,1279,1476,1593,1303,1567,1339,1759,1385,1470,1232,1160,1576,1226,1721,1454,1741,1488,1274,1467,1399,1466,1642,1767,1344,1750,1207,1804,1651,1708,1702,1612,1253,1538,1730,1311,1172,1264,1711,1678,1220,1453,1795,1188,1783,1775,1478,1713,1802,1599,1352,1189,1691,1441,1570,1296,1268,1289,1478,1785,1785,1152,1694,1145,1697,1594,1434,1306,1237,1487,1462,1762,1260,1349,1730,1197,1709,1443,1376,1294,1347,1141,1375,1255,1649,1247,1307,1191,1396,1313,1583,1218,1801,1781,1379,1584,1670,1529,1133,1727,1236,1210,1662,1619,1490,1454,1391,1499,1649,1686,1165,1431,1321,1167,1704,1650,1683,1259,1601,1362,1397,1527,1218,1348,1749,1767,1742,1575,1706,1272,1537,1478,1369,1528,1514,1327,1374,1299,1311,1185,1575,1555,1526,1777,1605,1521,1487,1157,1586,1348,1145,1591,1532,1457,1198,1359,1521,1431,1766,1250,1375,1654,1692,1640,1411,1764,1300,1655,1285,1369,1316,1630,1765,1361,1187,1501,1455,1551,1712,1419,1439,1751,1255,1141,1331,1499,1796,1568,1208,1603,1628,1589,1772,1307,1433,1144,1151,1697,1222,1312,1299,1233,1234,1381,1202,1242,1572,1637,1413,1808,1264,1432,1368,1747,1199,1579,1527,1711,1487,1218,1434,1269,1177,1218,1787,1552,1466,1371,1449,1707,1364,1683,1291,1477,1386,1406,1219,1727,1237,1695,1257,1369,1618,1454,1185,1137,1775,1291,1236,1349,1158,1220,1428,1397,1354,1256,1674,1186,1595,1343,1424,1550,1757,1441,1194,1745,1664,1769,1541,1544,1307,1328,1732,1541,1311,1543,1787,1214,1237,1305,1795,1686,1467,1318,1373,1159,1418,1720,1152,1658,1723,1643,1231,1800,1422,1228,1646,1633
,1585,1559,1595,1727,1565,1578,1506,1450,1261,1405,1466,1351,1134,1309,1148,1769,1201,1805,1309,1607,1521,1194,1206,1673,1749,1250,1538,1715,1153,1649,1290,1407,1686,1248,1643,1477,1792,1283,1397,1416,1283,1596,1769,1751,1422,1474,1480,1278,1478,1505,1559,1203,1470,1717,1160,1757,1460,1413,1477,1170,1469,1785,1799,1688,1308,1586,1349,1246,1252,1770,1619,1547,1780,1490,1172,1259,1552,1241,1770,1565,1309,1443,1172,1164,1386,1315,1289,1173,1745,1520,1143,1361,1459,1637,1587,1158,1161,1655,1693,1691,1702,1439,1151,1402,1770,1689,1783,1426,1588,1136,1181,1460,1766,1510,1632,1213,1353,1161,1142,1377,1629,1269,1432,1268,1191,1435,1201,1792,1219,1733,1345,1690,1594,1774,1511,1746,1289,1492,1227,1668,1319,1249,1727,1356,1211,1320,1256,1413,1703,1184,1233,1706,1413,1170,1496,1507,1459,1211,1613,1495,1631,1795,1642,1744,1658,1450,1705,1322,1435,1741,1585,1235,1583,1418,1558,1730,1323,1309,1187,1563,1537,1674,1577,1307,1196,1644,1502,1563,1403,1591,1170,1517,1482,1325,1601,1195,1140,1133,1440,1144,1169,1575,1271,1406,1705,1591,1594,1153,1161,1652,1176,1784,1717,1140,1384,1266,1253,1542,1703,1614,1344,1200,1288,1497,1714,1427,1647,1681,1464,1212,1223,1417,1765,1658,1738,1210,1671,1323,1144,1489,1158,1245,1660,1476,1805,1524,1264,1454,1229,1147,1182,1691,1767,1723,1211,1235,1606,1532,1426,1476,1769,1691,1614,1234,1465,1640,1398,1285,1795,1348,1459,1753,1397,1385,1789,1176,1199,1754,1362,1702,1652,1460,1500,1305,1643,1196,1251,1378,1419,1480,1566,1501,1584,1456,1701,1799,1392,1802,1451,1547,1659,1299,1615,1355,1448,1661,1520,1470,1327,1356,1670,1434,1515,1521,1191,1447
,1718,1169,1635,1510,1700,1570,1478,1547,1328,1136,1751,1612,1488,1307,1239,1490,1663,1513,1532,1614,1462,1556,1652,1582,1489,1436,1246,1791,1269,1685,1781,1804,1678,1541,1520,1462,1327,1631,1340,1787,1746,1667,1410,1756,1457,1201,1704,1732,1609,1519,1533,1572,1552,1732,1248,1426,1690,1300,1514,1677,1519,1191,1349,1534,1728,1684,1382,1490,1521,1314,1170,1347,1675,1737,1603,1268,1248,1393,1690,1194,1774,1457,1637,1326,1794,1140,1167,1602,1726,1514,1705,1628,1391,1153,1174,1661,1141,1268,1696,1599,1737,1287,1187,1752,1438,1159,1677,1544,1286,1539,1336,1530,1775,1302,1157,1748,1296,1331,1260,1419,1491,1379,1139,1271,1637,1475,1640,1507,1800,1168,1802,1408,1588,1226,1395,1411,1362,1435,1592,1674,1215,1775,1527,1352,1358,1516,1794,1778,1543,1805,1418,1230,1462,1240,1355,1472,1743,1754,1602,1211,1698,1600,1686,1505,1747,1376,1732,1695,1164,1536,1221,1736,1371,1663,1713,1755,1743,1497,1291,1741,1788,1169,1203,1637,1639,1454,1612,1192,1483,1347,1520,1503,1368,1467,1668,1145,1338,1612,1562,1646,1352,1248,1340,1381,1675,1667,1317,1805,1606,1481,1300,1199,1595,1140,1397,1448,1706,1790,1424,1647,1171,1748,1227,1235,1707,1251,1259,1670,1574,1169,1640,1514,1508,1476,1603,1336,1330,1222,1583,1250,1447,1487,1717,1436,1804,1336,1229,1637,1521,1613,1381,1425,1760,1161,1348,1310,1291,1797,1601,1480,1375,1754,1485,1157,1410,1745,1765,1549,1169,1596,1327,1542,1772,1319,1278,1749,1711,1714,1275,1565,1540,1806,1341,1447,1655,1418,1506,1243,1487,1647,1151,1551,1589,1521,1707,1181,1771,1647,1663,1409,1638,1603,1528,1364,1668,1508,1221,1405,1619,1187,1448,1382,1668,1174,1749,1200
,1797,1465,1673,1518,1448,1567,1686,1709,1438,1462,1364,1419,1591,1672,1574,1516,1512,1760,1572,1157,1511,1531,1271,1205,1791,1619,1265,1635,1591,1581,1587,1705,1768,1651,1238,1267,1191,1669,1492,1562,1782,1348,1437,1448,1710,1302,1684,1315,1617,1260,1664,1396,1330,1531,1510,1158,1347,1183,1644,1293,1691,1532,1186,1761,1323,1325,1271,1706,1620,1255,1688,1626,1603,1651,1440,1743,1610,1191,1687,1230,1482,1492,1252,1467,1228,1797,1302,1752,1518,1166,1427,1320,1665,1336,1295,1246,1532,1455,1303,1668,1185,1706,1746,1320,1218,1542,1350,1249,1694,1542,1203,1780,1695,1595,1495,1746,1387,1452,1408,1578,1659,1319,1290,1734,1736,1229,1289,1652,1234,1407,1293,1702,1775,1635,1171,1322,1710,1766,1804,1171,1156,1416,1682,1606,1449,1282,1154,1616,1540,1698,1178,1527,1503,1592,1636,1137,1667,1528,1413,1213,1588,1580,1698,1616,1523,1255,1442,1594,1221,1643,1531,1681,1244,1801,1641,1587,1209,1716,1585,1590,1152,1338,1159,1413,1666,1439,1182,1705,1621,1501,1368,1516,1244,1150,1800,1555,1228,1327,1472,1278,1168,1352,1584,1512,1617,1690,1440,1385,1141,1146,1198,1638,1376,1604,1308,1700,1273,1614,1654,1310,1195,1690,1485,1525,1750,1332,1642,1776,1338,1666,1798,1212,1709,1202,1371,1465,1267,1670,1588,1774,1665,1233,1628,1450,1480,1506,1627,1506,1796,1742,1260,1621,1358,1374,1145,1506,1407,1215,1253,1320,1374,1338,1751,1271,1245,1299,1696,1629,1548,1771,1254,1599,1175,1420,1179,1303,1489,1646,1674,1207,1188,1174,1192,1354,1750,1754,1173,1375,1635,1715,1170,1463,1325,1243,1185,1504,1172,1340,1319,1212,1687,1614,1377,1715,1460,1653,1650,1497,1259,1748,1184,1477,1574,1156,1466,1777
,1142,1450,1760,1334,1651,1509,1157,1237,1317,1545,1773,1248,1655,1215,1300,1383,1241,1136,1536,1698,1554,1153,1793,1531,1603,1510,1616,1526,1442,1568,1453,1284,1676,1734,1239,1162,1429,1765,1634,1392,1665,1147,1557,1708,1532,1715,1697,1416,1788,1747,1199,1740,1808,1728,1553,1522,1171,1571,1260,1534,1334,1217,1226,1509,1425,1532,1192,1393,1251,1373,1771,1555,1620,1137,1716,1731,1439,1773,1325,1605,1223,1443,1515,1466,1663,1577,1199,1435,1405,1500,1366,1451,1243,1247,1488,1410,1776,1327,1279,1459,1336,1461,1246,1446,1247,1340,1583,1693,1498,1703,1199,1769,1170,1583,1508,1364,1543,1671,1795,1353,1186,1709,1422,1214,1712,1664,1730,1180,1353,1506,1242,1483,1212,1148,1659,1316,1186,1705,1221,1457,1282,1650,1444,1155,1712,1404,1435,1131,1274,1433,1280,1643,1601,1555,1462,1147,1579,1708,1508,1635,1526,1502,1248,1155,1748,1761,1619,1520,1391,1409,1787,1737,1305,1457,1410,1801,1524,1434,1687,1672,1252,1610,1686,1760,1383,1398,1263,1206,1592,1473,1622,1758,1575,1480,1807,1659,1215,1193,1712,1148,1482,1804,1753,1601,1389,1799,1722,1711,1181,1370,1240,1805,1145,1582,1676,1232,1742,1642,1370,1669,1754,1429,1490,1442,1364,1742,1583,1306,1722,1322,1403,1664,1313,1204,1628,1147,1691,1476,1257,1618,1158,1230,1676,1414,1224,1298,1788,1472,1689,1568,1227,1484,1391,1226,1527,1460,1501,1216,1745,1526,1259,1218,1177,1172,1534,1518,1668,1502,1249,1785,1532,1349,1592,1345,1286,1532,1139,1211,1474,1632,1428,1643,1648,1629,1357,1496,1188,1233,1734,1404,1249,1181,1351,1380,1243,1735,1190,1213,1146,1552,1808,1631,1267,1285,1302,1687,1216,1662,1163,1234,1343,1433,1614,1300,1575,1431
,1699,1741,1728,1400,1459,1467,1482,1366,1547,1382,1596,1612,1185,1569,1588,1347,1644,1735,1695,1298,1409,1449,1425,1783,1748,1649,1689,1725,1473,1178,1703,1345,1674,1789,1768,1423,1366,1624,1544,1395,1390,1284,1358,1205,1492,1530,1225,1656,1325,1316,1686,1158,1197,1157,1251,1249,1469,1232,1262,1377,1630,1496,1768,1698,1755,1206,1411,1412,1487,1187,1638,1287,1585,1289,1470,1615,1171,1623,1567,1795,1710,1138,1542,1559,1807,1629,1716,1565,1362,1577,1629,1604,1512,1578,1698,1451,1656,1674,1487,1411,1353,1344,1496,1530,1571,1216,1559,1574,1500,1238,1523,1637,1384,1373,1642,1221,1581,1780,1633,1268,1164,1703,1346,1186,1325,1421,1321,1732,1634,1600,1425,1144,1233,1407,1398,1249,1597,1375,1662,1586,1458,1578,1151,1376,1607,1214,1537,1708,1773,1608,1715,1706,1161,1307,1471,1183,1613,1505,1689,1399,1761,1363,1458,1711,1238,1686,1370,1693,1571,1194,1625,1132,1373,1215,1677,1301,1456,1496,1622,1635,1788,1150,1596,1413,1490,1330,1805,1627,1244,1586,1374,1621,1218,1582,1658,1170,1451,1597,1177,1786,1333,1150,1407,1493,1545,1570,1539,1335,1722,1166,1625,1461,1225,1402,1659,1380,1702,1669,1245,1279,1182,1358,1222,1460,1245,1174,1626,1475,1784,1335,1707,1559,1204,1177,1455,1154,1171,1714,1179,1689,1636,1175,1212,1425,1754,1558,1264,1181,1293,1772,1186,1631,1443,1711,1397,1722,1247,1641,1253,1745,1208,1561,1743,1676,1786,1636,1261,1145,1564,1159,1787,1448,1386,1306,1330,1576,1634,1139,1628,1656,1796,1343,1663,1572,1251,1143,1474,1182,1631,1265,1376,1808,1523,1432,1323,1754,1628,1418,1617,1443,1534,1558,1499,1799,1468,1354,1247,1455,1425,1396,1420,1433,1476,1144,1415,1250
,1324,1211,1751,1682,1401,1478,1197,1296,1752,1374,1316,1294,1153,1451,1347,1776,1610,1133,1530,1610,1570,1330,1233,1640,1559,1766,1431,1443,1644,1292,1253,1371,1774,1483,1734,1405,1778,1314,1406,1564,1278,1455,1345,1573,1621,1267,1780,1191,1678,1625,1451,1305,1336,1510,1463,1486,1791,1252,1765,1531,1440,1261,1323,1437,1506,1262,1378,1231,1453,1752,1411,1558,1163,1468,1590,1463,1415,1570,1685,1177,1506,1345,1402,1276,1391,1783,1222,1561,1320,1271,1289,1313,1620,1383,1527,1708,1159,1381,1440,1542,1603,1784,1701,1727,1172,1480,1337,1418,1323,1788,1216,1741,1723,1180,1163,1746,1502,1298,1769,1781,1256,1771,1398,1138,1566,1294,1189,1490,1200,1506,1551,1689,1158,1186,1206,1699,1138,1332,1762,1550,1172,1408,1476,1394,1370,1639,1655,1336,1743,1405,1458,1321,1658,1333,1444,1183,1632,1169,1572,1142,1417,1557,1437,1329,1155,1306,1201,1806,1533,1550,1296,1487,1347,1622,1655,1218,1187,1313,1578,1294,1290,1519,1434,1222,1640,1491,1214,1406,1676,1419,1249,1528,1524,1706,1258,1367,1299,1238,1394,1581,1308,1200,1347,1132,1724,1669,1629,1793,1502,1798,1443,1543,1502,1690,1356,1713,1406,1337,1704,1709,1621,1302,1778,1442,1264,1601,1600,1136,1236,1599,1135,1763,1451,1562,1573,1379,1315,1766,1465,1571,1177,1487,1494,1466,1344,1630,1780,1568,1607,1348,1511,1787,1357,1503,1394,1691,1334,1771,1394,1332,1766,1659,1442,1644,1358,1402,1341,1748,1189,1641,1701,1578,1706,1644,1692,1303,1303,1418,1808,1588,1708,1595,1684,1284,1223,1671,1800,1693,1650,1279,1179,1322,1577,1649,1149,1192,1663,1654,1152,1281,1304,1190,1516,1208,1184,1705,1587,1391,1656,1526,1675,1358,1449,1406,1236,1214
,1637,1525,1567,1434,1722,1483,1327,1801,1324,1462,1578,1313,1259,1512,1494,1215,1647,1516,1539,1664,1202,1782,1787,1485,1266,1608,1413,1459,1405,1131,1618,1538,1637,1607,1599,1175,1262,1786,1296,1334,1246,1687,1599,1452,1806,1494,1324,1162,1152,1270,1191,1580,1312,1197,1150,1522,1215,1807,1690,1531,1782,1680,1133,1796,1746,1264,1450,1294,1528,1139,1305,1540,1768,1373,1210,1561,1596,1494,1403,1556,1330,1716,1340,1268,1670,1140,1670,1406,1420,1265,1657,1748,1290,1494,1380,1737,1390,1213,1761,1299,1789,1234,1473,1472,1537,1568,1241,1214,1464,1612,1252,1144,1325,1785,1708,1231,1315,1357,1807,1288,1426,1743,1734,1801,1455,1449,1694,1570,1193,1456,1240,1339,1335,1702,1433,1440,1390,1218,1599,1152,1683,1159,1570,1489,1295,1552,1356,1574,1690,1636,1577,1295,1737,1352,1629,1298,1631,1297,1397,1737,1150,1759,1481,1579,1426,1435,1182,1177,1691,1292,1518,1304,1724,1803,1155,1272,1665,1240,1385,1173,1360,1745,1194,1391,1447,1250,1392,1389,1534,1551,1591,1169,1698,1411,1751,1334,1304,1209,1543,1340,1171,1645,1408,1268,1689,1420,1234,1631,1767,1652,1570,1636,1770,1198,1626,1149,1612,1170,1782,1717,1716,1243,1784,1774,1502,1525,1396,1243,1172,1723,1243,1520,1742,1235,1639,1532,1616,1595,1336,1513,1764,1501,1794,1483,1418,1306,1673,1156,1516,1488,1548,1642,1143,1176,1688,1266,1167,1189,1382,1159,1284,1182,1380,1463,1485,1161,1439,1423,1233,1670,1211,1443,1476,1314,1206,1399,1562,1397,1801,1508,1317,1643,1191,1607,1681,1680,1647,1327,1152,1426,1475,1628,1496,1679,1244,1764,1653,1519,1391,1190,1781,1268,1669,1452,1428,1345,1565,1713,1634,1264,1269,1148,1191,1387,1206,1276
,1319,1280,1743,1800,1397,1792,1276,1784,1370,1471,1224,1766,1387,1136,1548,1748,1267,1630,1747,1299,1519,1634,1169,1693,1585,1349,1136,1260,1709,1686,1721,1300,1689,1238,1657,1606,1564,1760,1586,1640,1286,1638,1193,1570,1359,1203,1440,1650,1178,1137,1178,1147,1522,1291,1422,1242,1693,1424,1151,1428,1545,1561,1255,1164,1381,1765,1701,1231,1259,1294,1218,1494,1278,1643,1414,1717,1605,1567,1461,1741,1261,1200,1398,1199,1769,1424,1702,1700,1485,1762,1482,1652,1765,1596,1284,1283,1273,1192,1650,1629,1185,1805,1337,1579,1787,1670,1465,1605,1763,1750,1629,1592,1422,1769,1634,1779,1516,1797,1376,1180,1464,1302,1584,1695,1335,1610,1727,1488,1456,1483,1725,1218,1203,1670,1242,1804,1707,1507,1478,1444,1751,1294,1141,1385,1717,1740,1690,1430,1169,1286,1679,1268,1801,1205,1527,1798,1260,1358,1298,1433,1588,1726,1793,1171,1726,1237,1134,1140,1281,1554,1584,1610,1764,1729,1255,1522,1520,1704,1436,1731,1382,1331,1394,1442,1593,1470,1709,1468,1346,1310,1501,1349,1404,1436,1713,1584,1365,1759,1252,1694,1266,1470,1801,1307,1302,1773,1494,1780,1339,1187,1410,1376,1609,1367,1288,1397,1575,1211,1232,1721,1775,1189,1647,1545,1316,1656,1783,1469,1582,1275,1340,1674,1429,1301,1148,1150,1551,1277,1349,1713,1282,1420,1279,1248,1552,1645,1320,1402,1400,1330,1316,1688,1769,1224,1273,1237,1574,1134,1625,1456,1307,1669,1561,1724,1699,1340,1465,1444,1155,1510,1443,1140,1341,1380,1566,1574,1219,1771,1803,1337,1709,1224,1195,1140,1341,1586,1319,1706,1195,1229,1642,1289,1224,1553,1410,1512,1402,1768,1613,1807,1304,1250,1270,1504,1337,1167,1784,1373,1804,1464,1727,1643,1311,1542,1669,1783
,1404,1251,1599,1770,1221,1324,1516,1702,1744,1166,1347,1555,1260,1444,1464,1159,1296,1193,1165,1402,1428,1577,1639,1763,1411,1807,1380,1360,1381,1747,1176,1520,1662,1418,1628,1785,1638,1366,1323,1576,1779,1568,1585,1760,1481,1658,1268,1662,1407,1765,1726,1588,1149,1334,1283,1555,1424,1282,1384,1415,1689,1261,1167,1369,1452,1755,1784,1418,1601,1589,1406,1420,1285,1547,1650,1136,1789,1688,1180,1319,1181,1228,1518,1160,1475,1604,1567,1181,1758,1798,1505,1592,1336,1222,1398,1382,1348,1637,1520,1284,1621,1637,1313,1741,1493,1360,1327,1416,1317,1675,1333,1430,1373,1579,1501,1606,1354,1789,1709,1527,1516,1192,1539,1268,1494,1635,1588,1424,1608,1215,1373,1543,1171,1739,1214,1538,1485,1479,1331,1563,1334,1231,1548,1401,1551,1472,1393,1371,1629,1190,1792,1237,1369,1788,1740,1710,1295,1309,1309,1187,1635,1501,1555,1460,1388,1155,1618,1454,1184,1191,1377,1741,1552,1576,1338,1445,1153,1230,1672,1207,1278,1334,1358,1540,1741,1185,1708,1205,1464,1573,1683,1388,1709,1503,1215,1672,1642,1636,1299,1331,1596,1510,1611,1805,1529,1234,1356,1655,1780,1392,1405,1425,1679,1328,1178,1339,1472,1225,1758,1523,1183,1155,1535,1767,1776,1425,1702,1529,1467,1161,1291,1152,1713,1424,1738,1282,1683,1425,1561,1167,1741,1420,1579,1143,1776,1368,1704,1767,1527,1486,1531,1710,1548,1705,1608,1289,1313,1787,1220,1431,1697,1712,1224,1283,1517,1464,1160,1302,1546,1179,1260,1626,1650,1327,1158,1777,1462,1803,1800,1750,1757,1153,1181,1422,1375,1435,1728,1449,1653,1493,1514,1358,1170,1536,1616,1523,1767,1792,1676,1563,1344,1380,1528,1419,1412,1590,1402,1232,1179,1532,1644,1496,1373,1636,1399,1355
,1548,1534,1177,1427,1440,1364,1805,1582,1651,1554,1617,1361,1640,1195,1456,1431,1472,1657,1199,1385,1556,1767,1700,1267,1259,1355,1432,1396,1514,1584,1357,1782,1421,1154,1717,1139,1310,1666,1228,1229,1316,1207,1148,1598,1788,1763,1728,1476,1617,1204,1645,1346,1145,1558,1407,1800,1250,1618,1494,1771,1149,1499,1755,1478,1187,1240,1183,1216,1267,1539,1175,1156,1501,1267,1257,1305,1462,1711,1724,1441,1749,1747,1781,1394,1210,1319,1651,1627,1339,1227,1563,1742,1381,1305,1273,1227,1753,1716,1463,1424,1479,1602,1672,1423,1740,1459,1211,1482,1686,1165,1725,1137,1153,1417,1508,1165,1784,1407,1163,1667,1731,1258,1377,1492,1629,1685,1524,1150,1287,1656,1637,1335,1720,1203,1558,1626,1337,1419,1591,1548,1156,1593,1229,1519,1561,1615,1444,1183,1438,1480,1564,1245,1314,1232,1620,1447,1455,1763,1563,1695,1278,1385,1463,1491,1601,1609,1550,1663,1235,1365,1378,1502,1453,1538,1356,1731,1331,1491,1531,1485,1735,1775,1370,1807,1800,1182,1713,1605,1533,1220,1167,1488,1568,1801,1493,1725,1514,1151,1566,1189,1150,1683,1474,1732,1131,1770,1438,1399,1368,1134,1622,1667,1461,1238,1490,1264,1163,1253,1654,1397,1617,1730,1798,1246,1485,1620,1667,1793,1134,1759,1775,1204,1574,1499,1774,1351,1211,1242,1768,1672,1261,1612,1480,1674,1494,1625,1635,1229,1177,1314,1250,1528,1349,1388,1702,1389,1738,1370,1371,1720,1453,1517,1625,1344,1212,1169,1795,1452,1501,1574,1443,1235,1587,1734,1165,1393,1640,1332,1388,1337,1463,1444,1306,1536,1543,1670,1590,1635,1646,1220,1739,1688,1609,1434,1187,1608,1282,1544,1397,1611,1219,1490,1346,1288,1753,1503,1283,1502,1222,1188,1791,1539,1461,1629,1140,1341
,1277,1599,1553,1755,1693,1131,1584,1267,1318,1761,1587,1525,1767,1344,1163,1805,1353,1662,1496,1171,1790,1411,1625,1377,1707,1766,1591,1430,1746,1798,1732,1360,1504,1203,1434,1808,1179,1777,1554,1141,1383,1523,1217,1711,1191,1301,1270,1610,1411,1666,1791,1587,1336,1678,1514,1408,1510,1802,1760,1366,1257,1632,1365,1536,1690,1677,1234,1527,1134,1155,1451,1627,1433,1519,1747,1616,1707,1326,1590,1453,1778,1248,1538,1805,1276,1632,1794,1697,1734,1707,1192,1764,1276,1638,1179,1708,1693,1377,1572,1146,1379,1217,1581,1244,1769,1220,1164,1504,1365,1689,1362,1712,1602,1195,1217,1461,1785,1303,1365,1569,1643,1478,1232,1174,1132,1693,1645,1237,1612,1728,1580,1400,1169,1766,1571,1208,1290,1411,1658,1134,1324,1690,1512,1713,1769,1538,1243,1559,1721,1191,1647,1161,1183,1504,1224,1578,1734,1375,1374,1646,1517,1232,1784,1256,1760,1137,1342,1683,1204,1723,1658,1776,1531,1485,1136,1799,1693,1478,1618,1567,1245,1226,1447,1161,1600,1141,1619,1271,1357,1627,1215,1159,1297,1204,1353,1207,1658,1391,1310,1720,1161,1304,1543,1284,1224,1514,1550,1514,1425,1301,1616,1455,1368,1793,1758,1296,1220,1786,1621,1503,1209,1655,1688,1287,1436,1288,1273,1596,1347,1472,1533,1386,1574,1255,1552,1328,1453,1768,1521,1749,1644,1695,1216,1738,1186,1332,1281,1672,1720,1331,1522,1500,1411,1356,1687,1579,1328,1490,1165,1706,1721,1293,1736,1441,1555,1511,1663,1681,1600,1416,1296,1808,1537,1700,1800,1542,1197,1150,1589,1389,1172,1209,1138,1783,1406,1702,1375,1153,1384,1448,1371,1427,1451,1741,1272,1633,1510,1254,1603,1189,1243,1659,1556,1718,1287,1647,1216,1575,1568,1673,1450,1148,1508,1319,1433,1482
,1400,1132,1432,1341,1408,1170,1754,1151,1404,1754,1701,1374,1460,1447,1724,1572,1280,1252,1735,1632,1245,1316,1386,1407,1391,1559,1623,1406,1655,1533,1802,1384,1450,1456,1232,1770,1330,1416,1192,1289,1674,1374,1700,1247,1476,1448,1645,1760,1689,1284,1693,1178,1229,1427,1272,1523,1245,1206,1378,1373,1745,1423,1760,1777,1573,1136,1160,1504,1739,1563,1538,1729,1244,1550,1419,1653,1689,1381,1322,1754,1469,1710,1807,1652,1280,1693,1599,1529,1156,1607,1713,1244,1556,1511,1622,1733,1736,1613,1727,1629,1180,1322,1279,1649,1580,1739,1405,1232,1450,1207,1302,1591,1789,1472,1161,1672,1224,1761,1300,1215,1697,1253,1416,1636,1231,1546,1656,1348,1400,1409,1689,1519,1311,1692,1600,1244,1598,1304,1567,1490,1214,1763,1698,1406,1382,1598,1435,1801,1671,1336,1605,1248,1400,1258,1291,1173,1736,1798,1612,1729,1213,1567,1294,1486,1321,1289,1439,1177,1641,1787,1594,1454,1290,1390,1184,1657,1397,1184,1698,1311,1699,1578,1131,1298,1356,1798,1475,1533,1800,1221,1463,1197,1196,1600,1165,1185,1730,1236,1203,1406,1428,1333,1162,1158,1240,1318,1259,1356,1502,1779,1732,1566,1430,1446,1269,1175,1587,1518,1199,1261,1136,1150,1418,1761,1243,1762,1532,1412,1519,1197,1662,1551,1371,1304,1431,1456,1149,1725,1357,1330,1205,1353,1682,1424,1154,1269,1207,1220,1686,1765,1419,1261,1712,1698,1209,1324,1784,1745,1550,1336,1637,1534,1717,1140,1205,1292,1601,1247,1797,1764,1544,1412,1312,1305,1699,1226,1601,1542,1774,1290,1629,1676,1242,1459,1774,1249,1445,1543,1650,1645,1486,1651,1627,1692,1309,1687,1368,1673,1634,1702,1599,1633,1165,1789,1745,1326,1794,1268,1274,1440,1247,1767,1725,1568,1257,1594
,1449,1398,1798,1589,1555,1471,1422,1405,1303,1470,1245,1258,1384,1674,1682,1639,1476,1717,1608,1409,1155,1356,1779,1726,1254,1287,1282,1597,1412,1548,1583,1311,1434,1583,1185,1750,1574,1465,1241,1265,1746,1338,1455,1213,1503,1788,1196,1572,1309,1542,1434,1603,1349,1379,1378,1781,1309,1621,1245,1614,1548,1769,1544,1257,1280,1659,1181,1611,1726,1330,1184,1562,1529,1535,1788,1371,1292,1416,1721,1719,1708,1515,1160,1148,1676,1477,1292,1327,1145,1525,1429,1617,1420,1477,1661,1508,1171,1230,1324,1148,1554,1657,1358,1216,1179,1269,1699,1484,1753,1672,1506,1530,1780,1389,1348,1461,1236,1449,1565,1596,1563,1277,1252,1140,1792,1720,1796,1621,1506,1202,1257,1282,1255,1708,1458,1739,1544,1737,1651,1231,1680,1335,1353,1549,1471,1658,1345,1586,1496,1711,1321,1188,1683,1140,1409,1456,1185,1440,1284,1222,1704,1283,1553,1515,1695,1511,1717,1173,1510,1304,1329,1621,1662,1247,1388,1403,1419,1330,1315,1698,1417,1232,1270,1190,1327,1453,1728,1215,1592,1484,1703,1432,1173,1173,1461,1152,1676,1798,1648,1185,1219,1232,1350,1278,1293,1438,1525,1349,1185,1210,1674,1628,1396,1288,1273,1159,1222,1298,1322,1457,1304,1775,1369,1629,1542,1650,1682,1710,1578,1804,1271,1405,1272,1467,1596,1389,1637,1208,1165,1368,1716,1546,1172,1417,1265,1255,1589,1667,1807,1614,1280,1564,1366,1164,1395,1449,1550,1659,1175,1302,1199,1236,1532,1188,1322,1205,1724,1387,1360,1583,1536,1298,1739,1489,1804,1358,1296,1421,1295,1581,1579,1572,1646,1745,1660,1778,1383,1273,1257,1310,1264,1490,1232,1410,1731,1623,1744,1485,1796,1210,1420,1672,1735,1407,1260,1275,1804,1688,1674,1188,1260,1338,1799,1388,1509,1545
