0,14,30,80,132,136,46,61,66,110,124,4,121,134,30,138,39,171,6,120,90,31,120,144,150,10,122,112,169,13,30,95,178,63,67,85,126,184,17,89,163,79,124,130,39,42,138,171,56,123,35,20,165,99,145,69,146,58,108,27,46,59,27,59,77,156,124,32,70,109,31,32,70,53,89,138,171,186,113,142,164,172,72,78,88,115,151,33,56,65,142,81,99,106,131,167,41,48,64,72,141,39,93,122,134,41,89,43,45,45,120,122,169,42,99,44,44,54,72,123,158,185,54,187,48,69,98,109,167,181,53,60,145,162,95,174,48,62,87,180,187,146,52,139,157,54,81,82,159,188,66,174,195,64,116,165,186,194,63,103,109,58,90,58,73,99,100,60,61,191,72,74,134,73,144,170,66,80,82,94,96,186,187,74,76,126,157,80,81,112,163,192,70,113,133,75,136,167,69,72,74,103,179,184,184,190,71,96,73,174,81,167,76,113,147,137,162,180,108,138,155,198,149,176,82,84,121,119,131,154,81,81,103,113,132,190,192,134,153,189,134,147,169,145,159,91,138,117,195,114,124,196,88,112,146,192,91,91,91,149,191,150,173,150,151,187,93,92,135,171
14,0,16,66,118,122,32,47,52,96,110,18,107,120,16,124,25,157,18,106,76,17,106,130,136,11,108,98,155,11,18,81,164,50,54,71,112,170,15,75,149,65,110,116,27,29,124,157,43,109,24,25,151,86,131,56,132,46,94,35,35,46,27,47,64,142,110,28,57,95,29,29,58,42,76,125,157,173,100,129,150,158,59,65,75,101,138,37,45,53,128,68,86,92,118,153,36,40,53,61,127,38,81,109,120,39,77,40,40,41,107,109,156,47,87,49,48,47,62,110,145,171,48,174,45,59,86,96,154,167,48,52,131,148,83,161,51,55,76,167,174,133,50,126,144,52,71,72,146,175,59,160,181,58,104,152,173,181,58,91,97,57,80,59,65,88,89,59,59,178,65,67,122,66,131,157,63,72,74,84,86,173,174,68,69,115,144,72,73,101,151,179,67,102,121,70,124,155,71,69,70,93,166,171,171,177,73,87,75,161,76,155,79,103,135,126,150,167,99,127,143,185,137,164,80,80,110,109,120,143,83,82,95,104,121,178,179,123,141,176,123,135,157,134,147,87,127,108,183,106,114,184,91,104,135,180,89,89,89,138,179,139,161,139,140,175,95,94,125,159
30,16,0,50,102,106,16,31,36,80,94,34,91,104,3,108,10,141,33,90,60,7,90,114,120,25,92,82,139,23,11,65,148,35,38,56,96,155,24,60,133,50,94,100,18,19,108,141,29,94,19,37,136,71,115,42,116,33,79,48,27,34,35,35,50,127,95,32,44,80,35,34,45,33,62,109,141,157,85,113,135,142,47,52,61,86,122,46,36,42,113,55,72,78,103,138,37,36,43,49,112,44,67,94,105,43,63,43,41,41,93,94,140,55,73,59,57,43,51,95,129,156,44,158,47,50,73,82,139,152,46,47,116,133,70,146,58,49,64,152,158,119,52,112,129,54,61,62,131,160,55,145,166,55,91,137,158,165,56,79,84,61,70,63,60,77,78,63,60,163,61,61,108,62,117,143,62,66,67,75,76,158,159,64,65,102,130,67,67,89,136,164,66,91,108,67,111,141,76,69,69,83,152,157,157,163,78,79,80,147,74,141,85,93,122,113,136,153,90,115,129,170,124,150,79,79,100,99,109,130,87,85,88,95,110,163,165,112,129,162,112,123,143,122,134,85,116,99,169,97,105,170,96,96,123,166,90,90,89,127,165,127,148,127,129,161,101,98,115,146
80,66,50,0,52,56,34,19,14,30,44,84,41,54,50,58,41,91,83,40,12,50,41,64,70,74,43,33,89,72,53,18,99,22,19,14,47,105,71,16,83,16,46,52,48,45,59,92,32,46,54,83,87,28,67,27,68,36,35,94,48,37,77,37,27,78,49,71,32,38,75,73,33,47,30,63,93,108,42,67,87,94,36,33,32,44,75,88,48,41,67,35,36,39,58,90,70,60,45,41,67,81,38,52,61,78,39,76,72,71,53,54,93,96,43,100,98,64,48,55,84,109,65,111,77,53,46,49,93,105,70,62,73,88,47,100,96,62,49,106,112,76,82,71,85,84,55,54,87,114,68,101,120,73,59,94,112,119,76,56,57,92,58,94,68,58,58,93,86,118,72,70,72,73,79,100,84,70,69,64,63,114,115,77,75,70,90,73,72,66,96,120,87,67,75,82,78,100,108,90,88,69,109,114,114,120,109,73,110,107,88,102,117,75,88,83,99,113,77,85,94,128,91,110,97,95,80,80,84,95,116,111,83,81,84,123,124,86,96,122,87,93,107,92,100,97,90,86,128,87,87,130,124,89,95,127,108,107,107,98,126,98,113,99,100,123,129,124,94,112
132,118,102,52,0,4,86,71,66,22,8,136,11,3,102,7,93,39,135,13,42,102,14,14,19,126,13,22,38,123,105,40,48,71,67,50,15,54,123,46,34,57,18,16,98,96,18,42,81,21,105,134,38,41,25,71,26,83,36,145,96,83,128,83,64,34,29,120,74,39,124,122,74,93,57,30,47,60,39,32,42,48,75,69,59,39,36,138,93,83,34,68,52,47,34,47,118,106,87,79,37,130,60,41,38,126,65,124,119,118,45,44,52,144,59,148,146,108,86,46,47,64,109,67,123,92,64,56,54,62,115,104,46,51,69,59,143,104,76,64,69,49,127,50,53,129,87,86,55,71,108,63,77,114,63,60,72,77,117,72,68,136,84,139,105,78,77,137,129,77,110,107,61,110,61,67,125,104,102,88,86,76,77,115,111,68,65,108,106,77,67,81,127,77,68,120,69,71,152,130,126,89,76,79,80,83,153,98,153,77,124,76,161,89,75,78,77,82,95,79,77,92,78,82,135,131,89,91,85,80,157,151,106,97,86,90,91,86,82,90,87,84,84,85,84,130,88,101,96,105,97,97,165,108,89,96,144,143,142,90,96,91,91,92,92,96,170,163,98,93
136,122,106,56,4,0,90,75,70,26,12,140,15,3,106,4,97,35,139,17,46,106,17,11,16,130,16,26,34,127,109,44,44,75,71,54,17,50,127,50,30,61,21,17,102,99,17,38,85,23,109,138,35,45,23,75,24,86,39,149,100,87,132,87,68,32,31,124,77,42,128,126,78,97,60,30,44,57,41,31,40,45,79,72,63,41,34,142,97,87,33,72,55,50,35,44,121,110,90,83,37,134,64,43,39,130,68,127,123,122,47,46,50,148,62,152,150,112,89,48,46,62,113,64,126,95,67,58,51,60,118,107,46,50,72,57,147,107,79,61,66,49,131,50,52,133,90,89,54,69,112,61,74,118,65,59,69,74,121,75,71,140,87,142,109,81,79,141,133,75,113,111,62,114,61,65,128,107,105,91,89,74,75,118,115,69,64,111,109,79,66,79,131,79,69,123,70,70,155,133,130,91,75,77,78,81,156,100,156,76,128,75,164,91,76,79,76,81,98,80,77,90,79,81,138,134,91,93,86,80,161,155,108,99,87,89,89,87,82,89,89,84,84,86,84,134,89,103,94,107,99,96,169,111,90,95,147,146,145,90,95,91,91,93,92,95,173,167,99,92
46,32,16,34,86,90,0,15,20,64,78,50,75,88,16,92,8,125,49,74,44,17,74,98,104,41,76,66,123,38,21,49,132,20,23,40,80,139,38,44,117,34,78,84,19,18,92,125,18,78,25,51,120,55,99,29,100,24,63,62,25,25,46,26,37,111,79,41,32,65,45,43,33,29,48,94,125,141,70,98,119,127,36,40,48,71,107,58,32,34,97,43,57,63,87,122,44,38,36,39,97,53,54,79,90,51,51,50,47,46,78,80,125,66,60,70,68,44,44,81,114,140,45,143,52,44,60,69,123,136,49,46,102,118,58,130,68,47,54,136,143,104,58,97,114,60,53,54,116,144,54,130,151,56,78,123,143,150,58,68,72,68,61,70,57,66,67,69,65,148,59,59,95,60,103,128,65,62,62,66,68,143,144,64,63,89,116,64,64,78,122,149,69,80,96,67,98,126,84,72,71,74,137,142,142,148,85,73,87,133,74,127,93,84,109,101,123,139,82,103,116,156,112,136,81,80,90,89,98,117,94,90,82,87,99,149,151,101,116,148,101,111,130,110,122,85,105,91,154,90,96,156,102,90,112,152,92,92,91,115,151,116,135,116,117,148,107,103,105,134
61,47,31,19,71,75,15,0,5,49,63,65,60,73,31,77,22,110,64,59,29,32,59,83,89,55,61,52,108,53,34,35,118,12,13,26,65,124,53,30,102,22,64,70,31,28,78,110,19,63,37,65,105,42,85,22,86,24,50,76,33,25,60,26,28,96,65,53,27,52,57,56,28,34,37,79,111,126,57,84,104,112,31,33,37,58,92,71,36,32,83,35,46,51,74,108,54,45,36,36,83,65,44,66,77,62,42,60,57,56,66,67,110,79,50,82,81,50,42,68,100,126,52,128,62,45,51,58,109,122,56,50,88,104,51,116,79,51,49,122,129,91,67,85,101,69,51,51,103,130,58,117,137,61,68,109,129,136,64,60,64,77,57,79,59,60,61,79,73,134,63,62,83,64,91,115,71,63,63,63,63,130,131,67,66,79,103,66,65,71,110,136,75,72,85,72,88,114,93,78,76,70,124,129,129,135,95,70,96,121,79,115,103,78,98,92,111,127,77,93,105,143,101,124,87,85,84,83,90,106,102,98,80,82,91,137,138,93,106,136,93,102,119,101,111,89,97,87,142,87,90,144,111,87,103,140,98,97,97,106,139,107,124,107,108,136,116,111,99,123
66,52,36,14,66,70,20,5,0,44,58,70,55,68,36,72,27,105,69,54,25,36,54,78,84,60,56,47,103,58,39,30,113,13,12,22,60,119,57,26,97,19,59,65,35,32,73,105,21,59,41,70,100,37,80,22,81,26,45,81,36,27,64,28,26,91,61,58,27,47,62,60,28,36,34,75,106,122,52,79,100,107,31,31,35,54,88,75,38,34,79,34,43,47,69,103,58,49,37,36,79,69,42,62,72,66,40,64,60,60,62,63,106,83,48,87,85,53,43,65,96,121,55,124,65,46,49,55,105,118,60,52,84,100,49,112,83,54,48,118,124,87,71,81,96,73,51,51,98,126,60,112,132,64,65,105,124,132,66,59,61,81,56,83,61,59,59,82,76,130,64,63,80,65,88,111,74,64,64,62,62,125,126,69,68,76,99,67,66,69,106,132,78,70,82,74,85,110,97,81,79,69,120,125,125,131,98,70,99,117,81,111,106,76,95,89,107,123,77,90,102,139,98,120,89,87,82,82,88,103,106,101,80,81,89,133,134,90,103,132,91,99,115,98,108,90,94,86,138,86,89,140,114,87,100,136,100,99,99,103,135,104,121,104,105,132,119,114,97,120
110,96,80,30,22,26,64,49,44,0,14,114,11,24,80,28,71,61,113,11,21,80,12,35,40,104,14,8,60,101,83,19,69,49,46,29,19,75,101,26,54,36,20,24,77,74,31,62,59,21,83,113,58,25,39,50,40,61,24,123,75,62,106,62,45,51,28,99,53,27,103,101,54,72,39,38,65,79,30,42,59,66,55,50,42,31,49,116,72,63,43,50,37,34,37,63,97,85,67,60,44,109,45,37,41,105,48,103,98,97,40,40,67,123,46,127,125,88,67,42,59,82,89,84,102,73,50,45,67,78,94,84,52,64,54,74,122,84,60,79,85,56,107,53,63,109,70,69,65,87,89,76,93,95,55,71,87,93,98,60,58,116,69,119,87,64,64,117,110,92,92,89,60,92,63,77,105,87,85,74,72,90,91,96,93,63,71,91,89,67,75,96,109,67,65,101,67,80,132,111,108,76,87,91,91,96,133,83,133,87,107,83,141,78,76,75,82,92,83,76,80,105,79,91,117,113,80,82,79,82,138,133,92,86,80,101,102,81,83,101,82,83,90,83,87,114,84,90,107,93,89,108,147,96,87,106,127,126,125,89,106,90,97,90,91,104,151,145,92,97
124,110,94,44,8,12,78,63,58,14,0,128,3,10,94,14,85,47,127,6,34,94,7,21,27,118,7,14,46,115,97,32,55,63,59,42,12,61,115,38,40,49,15,16,90,87,21,49,73,17,97,126,45,34,28,63,30,75,30,137,88,75,120,75,57,39,26,112,66,33,116,114,66,85,49,31,53,67,34,34,48,54,68,61,52,34,39,130,85,75,35,61,45,41,33,52,110,98,79,72,38,122,54,38,37,118,58,116,111,110,41,41,57,136,53,140,139,100,78,43,50,70,102,72,115,84,57,51,57,67,107,96,47,55,62,64,135,96,69,69,74,50,120,49,55,121,80,79,57,76,101,67,82,107,58,63,76,82,110,67,63,129,78,131,98,72,71,130,122,82,103,100,59,103,60,69,117,97,95,82,80,80,81,107,104,65,66,101,99,72,69,86,120,72,65,112,67,73,144,123,119,83,79,83,83,87,145,92,145,80,117,77,153,84,74,76,77,85,90,77,77,96,77,84,128,124,85,87,81,79,150,144,100,92,82,93,94,83,81,93,84,82,85,83,84,124,85,96,99,99,93,100,158,103,87,99,137,136,135,88,99,89,92,90,90,98,163,156,94,93
4,18,34,84,136,140,50,65,70,114,128,0,125,138,34,142,43,175,3,124,94,34,124,148,154,12,126,116,173,15,33,99,182,67,71,89,129,188,18,93,167,82,128,134,42,45,142,175,59,127,37,18,169,103,148,72,149,61,111,24,49,61,26,62,81,160,127,32,73,112,31,32,73,56,92,142,174,190,117,146,168,175,74,81,91,118,155,31,58,68,145,83,102,109,135,170,42,50,66,75,144,38,96,125,137,40,92,42,45,45,123,125,172,40,102,41,41,55,74,126,161,189,55,191,48,71,101,112,171,184,54,62,148,165,97,178,46,64,90,184,191,150,52,142,160,53,83,84,162,192,67,177,198,64,119,169,190,197,63,105,111,56,92,57,74,101,103,58,61,195,73,75,137,74,146,173,66,81,83,96,98,189,190,74,77,129,160,80,82,114,166,195,69,115,136,75,139,170,67,72,73,104,182,187,187,193,69,98,71,177,80,170,73,115,149,139,165,183,110,141,157,201,151,179,82,83,122,121,133,157,79,79,104,115,134,193,195,136,155,192,136,149,171,147,161,91,140,118,198,115,125,199,86,113,148,195,90,90,91,151,194,152,176,152,153,189,90,90,137,173
121,107,91,41,11,15,75,60,55,11,3,125,0,13,91,17,82,50,124,3,31,91,5,24,29,115,6,11,49,112,93,29,58,60,56,39,12,64,112,35,43,46,14,16,87,84,22,51,70,16,94,123,47,31,30,60,31,71,27,134,85,72,116,72,54,41,25,109,63,31,113,111,63,82,46,31,55,69,31,34,49,56,64,58,49,32,40,127,82,72,35,58,43,38,33,53,107,95,76,69,38,119,51,36,37,115,55,113,108,107,40,39,58,133,51,137,135,97,75,41,51,72,98,74,112,81,55,48,59,69,104,93,47,56,60,65,132,93,66,70,76,50,116,49,56,118,77,76,58,78,98,68,84,104,56,64,78,84,107,64,61,126,75,128,95,69,68,127,119,83,100,97,58,100,60,70,114,94,92,80,78,81,82,104,101,63,66,98,96,70,69,87,117,70,64,109,66,73,141,120,116,81,80,84,84,88,142,89,142,80,114,78,150,81,73,74,77,85,87,75,76,97,76,85,125,121,83,85,80,79,147,141,97,89,81,94,95,81,80,94,83,81,85,82,83,121,84,94,100,97,91,101,155,100,86,99,134,133,133,87,99,88,92,89,89,98,160,153,93,93
134,120,104,54,3,3,88,73,68,24,10,138,13,0,104,4,95,37,137,14,44,104,15,11,17,128,13,23,36,125,106,41,45,73,69,51,14,51,125,48,31,59,18,15,100,97,15,39,83,20,106,136,36,42,22,72,23,84,36,147,98,84,129,84,66,31,28,122,75,39,126,124,75,94,57,28,44,57,38,29,40,45,76,70,60,38,33,139,94,84,31,69,52,47,33,44,119,108,88,80,35,131,61,40,36,127,65,125,120,119,44,43,49,146,59,150,148,109,86,45,45,62,110,64,124,93,64,55,51,59,116,105,44,49,69,56,145,105,76,61,66,47,128,48,50,130,88,86,52,69,109,61,74,115,62,57,69,74,118,72,68,137,84,140,106,78,76,138,130,75,110,108,60,111,59,64,125,105,102,88,86,73,74,115,112,67,63,108,107,76,65,79,128,77,66,120,68,69,153,131,127,89,74,77,77,80,153,98,153,75,125,74,161,88,73,77,75,79,95,77,75,89,76,80,135,131,88,91,84,78,158,152,106,96,85,88,89,85,80,88,86,82,82,84,82,131,87,100,93,104,97,95,166,108,88,94,144,143,143,88,94,89,89,90,90,94,171,164,97,91
30,16,3,50,102,106,16,31,36,80,94,34,91,104,0,108,9,141,33,90,60,4,90,114,120,25,92,82,139,22,8,65,148,34,37,55,96,154,23,59,133,49,94,100,15,16,108,141,27,93,16,35,135,70,115,40,116,31,78,47,24,32,33,33,49,126,94,29,42,79,32,31,43,30,60,108,141,156,84,113,134,142,45,50,60,85,122,44,34,40,112,53,70,77,102,137,34,33,40,47,111,41,65,93,104,40,62,40,38,38,91,93,139,53,72,57,55,40,49,94,128,155,41,157,44,47,71,81,138,151,43,44,115,132,68,145,56,46,62,151,158,117,49,110,128,52,59,60,130,159,52,144,165,52,89,136,157,164,53,77,82,58,67,60,57,74,76,60,57,162,58,58,107,59,116,141,59,63,64,72,74,157,158,61,62,100,128,64,65,87,135,163,63,88,107,64,109,139,74,66,66,80,150,156,155,162,76,76,77,146,71,139,82,91,120,111,135,152,87,113,128,169,123,148,76,76,97,96,107,128,85,82,85,92,108,162,164,110,127,161,110,121,142,120,133,82,114,96,167,95,102,168,93,94,121,165,87,87,86,124,163,125,147,125,127,159,98,95,113,145
138,124,108,58,7,4,92,77,72,28,14,142,17,4,108,0,99,33,141,18,48,108,18,7,13,132,17,27,32,129,110,45,41,77,73,55,16,47,128,51,27,62,20,16,104,101,14,35,86,22,110,140,32,45,20,76,21,88,39,151,101,88,133,88,69,28,29,126,78,41,130,128,78,98,60,27,40,53,40,28,36,42,79,73,63,40,31,143,98,87,30,72,55,49,33,41,123,111,91,83,34,135,64,41,36,131,68,128,124,123,45,44,46,149,62,153,151,112,89,46,42,58,114,60,127,96,66,57,48,56,119,108,43,46,71,53,148,108,79,58,62,46,132,48,48,133,90,89,50,65,112,58,71,118,63,55,66,71,121,74,70,141,87,143,109,80,78,142,133,71,113,111,60,114,59,62,128,107,105,91,88,70,71,118,115,68,61,111,109,78,63,75,131,78,67,123,68,67,156,133,130,91,71,74,74,78,157,100,157,73,128,72,165,89,73,77,73,77,97,77,74,86,76,78,138,134,89,92,84,77,161,155,108,98,85,85,86,85,80,85,87,82,81,83,81,133,87,102,91,106,98,92,169,109,88,91,147,146,145,88,91,89,88,90,90,91,174,167,97,89
39,25,10,41,93,97,8,22,27,71,85,43,82,95,9,99,0,132,42,81,51,9,81,105,111,33,83,73,130,31,13,56,139,25,28,46,86,145,31,50,123,40,85,91,14,13,99,132,20,84,18,43,126,61,106,32,107,24,69,54,21,25,39,26,40,117,85,34,35,70,38,36,35,26,52,99,132,147,75,104,125,133,38,43,51,76,113,50,30,34,103,45,62,68,93,128,37,33,35,40,102,46,57,84,95,44,54,43,41,40,83,85,130,59,64,63,61,39,43,85,120,146,41,148,46,43,63,73,129,142,44,42,107,123,61,136,61,44,56,142,149,109,52,102,119,54,53,54,121,150,50,136,156,51,81,128,148,156,53,70,75,61,61,63,54,68,69,63,59,153,56,56,98,57,107,133,60,60,60,67,68,148,149,60,60,92,120,61,62,80,127,155,64,82,99,63,102,131,77,67,66,75,142,147,147,153,79,72,80,138,70,131,86,85,112,104,126,143,82,105,120,161,115,140,77,76,91,90,100,120,88,85,81,87,101,154,155,103,119,152,103,114,134,112,125,81,107,91,159,90,96,160,96,89,114,156,87,87,87,117,155,118,139,118,120,151,101,98,107,137
171,157,141,91,39,35,125,110,105,61,47,175,50,37,141,33,132,0,174,51,81,141,51,27,21,165,49,59,5,162,143,77,11,109,105,87,47,16,161,84,14,95,49,44,137,134,36,13,119,51,143,173,18,76,33,108,33,120,69,183,134,120,165,120,100,28,55,158,110,70,162,160,110,130,91,44,26,29,68,42,29,27,111,104,93,67,36,175,129,119,44,102,84,77,53,32,154,143,122,114,48,167,92,65,55,163,97,160,155,154,69,67,38,181,89,185,183,143,120,68,43,40,145,41,158,126,93,83,42,41,150,139,54,45,99,43,179,138,107,44,45,56,163,62,51,164,119,117,52,49,142,50,52,148,86,53,51,53,151,100,94,171,114,174,138,106,104,172,164,56,142,140,76,143,70,58,158,136,133,117,114,59,59,147,143,86,66,139,137,101,65,62,160,100,83,152,83,66,186,163,159,115,65,65,66,66,186,125,186,70,156,73,194,112,84,92,77,72,120,92,82,74,86,75,166,161,110,113,101,85,190,184,132,120,102,77,77,102,89,78,103,93,83,96,88,160,102,123,82,128,117,83,198,132,100,84,174,173,172,99,85,100,89,101,100,87,202,195,114,92
6,18,33,83,135,139,49,64,69,113,127,3,124,137,33,141,42,174,0,123,93,33,123,147,153,9,125,115,172,13,32,97,181,65,69,87,128,187,16,91,165,81,126,132,40,43,141,173,57,126,35,15,168,101,147,70,148,59,110,22,47,59,23,60,79,158,126,29,71,110,28,29,71,53,91,140,173,189,115,144,166,174,72,79,89,116,153,28,56,65,144,81,100,107,133,169,39,47,64,72,143,35,94,123,135,37,90,39,42,42,121,123,171,37,100,39,38,52,72,124,160,187,52,189,45,68,98,110,169,182,51,59,146,163,95,176,43,61,87,182,189,148,48,140,159,50,80,82,160,190,64,175,196,61,116,167,188,196,60,103,109,53,90,54,71,98,100,55,58,193,70,72,135,71,144,171,63,78,80,93,96,187,188,71,74,127,157,77,79,112,164,194,66,113,134,72,136,168,64,69,70,102,180,185,185,191,66,95,68,175,77,168,70,112,147,137,162,181,107,138,155,199,149,177,78,80,120,118,131,154,76,76,101,112,131,191,193,133,153,189,133,146,169,145,159,88,138,115,196,112,122,197,83,110,145,193,87,87,87,149,191,150,173,149,151,187,87,87,134,171
120,106,90,40,13,17,74,59,54,11,6,124,3,14,90,18,81,51,123,0,30,90,2,24,30,114,4,9,49,111,92,27,58,59,55,37,9,64,110,33,43,44,11,14,86,83,21,51,68,13,92,122,47,29,29,58,30,70,24,133,83,70,115,70,51,40,22,107,61,27,112,110,61,80,44,29,54,69,28,32,49,55,62,56,47,29,39,125,80,70,33,55,40,35,30,52,105,93,74,66,36,117,48,33,34,113,52,111,106,105,37,36,57,131,48,135,134,95,73,38,50,71,96,73,110,79,52,45,57,68,102,91,44,54,57,64,130,91,64,69,75,48,114,46,54,116,75,73,56,77,96,67,83,101,53,62,77,83,104,61,58,123,72,126,93,66,65,124,116,82,97,95,55,98,57,68,112,92,89,77,75,80,81,102,99,60,63,95,94,67,67,86,115,67,61,107,63,71,139,117,114,78,78,82,82,86,140,86,140,78,112,75,148,78,70,71,75,83,84,72,73,95,73,82,122,118,79,82,77,76,145,139,94,86,78,92,93,78,78,92,79,78,83,79,80,118,81,91,98,94,88,99,153,97,83,97,131,131,130,84,97,85,89,86,86,96,157,151,89,90
90,76,60,12,42,46,44,29,25,21,34,94,31,44,60,48,51,81,93,30,0,60,30,54,60,84,32,22,79,81,62,7,88,29,25,9,36,94,80,8,73,16,34,40,56,53,48,81,39,34,62,92,76,17,55,30,57,41,23,103,54,42,85,42,26,67,37,78,34,27,82,80,35,52,25,51,82,97,31,55,75,83,37,32,27,33,64,96,52,43,55,33,28,30,46,79,76,65,48,42,55,88,32,41,50,85,34,82,78,77,42,43,82,103,36,107,105,68,49,45,72,97,69,100,82,54,39,40,81,94,75,65,62,76,42,88,102,65,45,94,100,64,87,59,74,89,54,53,76,102,71,89,108,76,50,82,101,108,79,50,50,97,55,99,69,53,53,98,90,106,74,72,62,74,68,88,87,70,69,60,59,102,103,79,76,61,79,74,72,59,84,108,90,60,65,83,68,88,112,93,90,65,98,103,102,108,113,70,114,95,89,91,121,69,78,74,88,101,72,75,84,116,81,99,99,96,73,74,75,85,119,114,79,76,76,111,113,78,85,110,78,83,96,83,90,97,81,81,117,83,81,118,128,85,86,115,109,109,108,88,115,89,102,90,90,112,133,127,86,102
31,17,7,50,102,106,17,32,36,80,94,34,91,104,4,108,9,141,33,90,60,0,90,114,120,24,92,82,139,21,4,64,148,33,36,54,95,154,21,58,132,48,93,99,11,13,107,140,25,93,12,34,135,69,114,38,115,29,77,45,20,29,30,30,47,125,93,26,40,78,29,28,40,27,59,107,140,156,83,112,133,141,42,48,58,84,121,41,30,37,111,51,69,75,101,136,31,29,37,44,110,38,63,91,103,37,59,36,34,34,90,92,138,50,69,54,52,36,46,92,127,154,37,156,40,44,69,79,136,150,39,40,114,131,66,144,53,42,59,150,156,116,46,109,127,48,55,56,128,158,48,143,164,48,87,135,156,163,49,74,80,55,64,56,53,71,73,56,54,161,54,55,104,55,114,140,55,59,60,69,71,155,156,57,58,97,127,60,61,84,133,162,59,86,104,60,107,137,70,63,62,77,149,154,154,160,72,73,73,144,67,137,79,87,118,109,132,150,84,110,125,167,120,146,72,72,94,93,104,125,81,78,81,89,105,160,162,107,124,159,107,119,140,117,130,78,111,93,165,91,99,166,89,90,118,163,83,83,82,122,161,122,144,122,124,157,94,91,109,142
120,106,90,41,14,17,74,59,54,12,7,124,5,15,90,18,81,51,123,2,30,90,0,24,30,114,2,8,49,111,92,26,58,58,54,36,8,64,110,33,43,44,9,13,86,83,20,51,68,11,92,122,46,27,27,57,29,69,23,132,83,69,115,70,51,39,20,107,60,26,111,109,60,79,43,27,53,68,26,31,48,55,61,55,45,27,38,125,79,69,32,54,38,34,28,51,104,93,73,65,34,116,47,31,32,113,51,110,105,104,35,34,56,131,46,135,133,94,72,36,48,70,95,72,109,78,50,43,56,67,101,90,43,52,55,62,130,90,62,68,73,46,113,44,52,115,73,72,54,76,95,65,82,100,51,60,75,82,103,60,56,123,71,125,92,65,64,123,115,81,96,93,53,97,55,67,111,90,88,75,73,78,79,101,97,58,61,94,92,65,65,84,114,65,59,106,61,69,138,116,113,76,77,80,80,85,139,84,139,76,111,73,147,76,68,69,73,81,83,70,71,94,71,81,121,117,78,80,75,74,144,138,93,85,76,90,92,76,76,90,77,76,81,77,78,117,79,89,96,92,86,98,151,96,81,96,130,129,129,82,96,83,88,84,84,94,156,150,88,88
144,130,114,64,14,11,98,83,78,35,21,148,24,11,114,7,105,27,147,24,54,114,24,0,6,138,22,32,25,135,116,50,34,82,78,60,20,40,134,56,20,68,23,17,109,106,12,28,92,25,116,146,24,49,15,81,16,93,43,156,107,93,138,93,73,21,30,131,83,44,135,133,83,103,64,25,33,46,42,25,29,35,84,77,67,42,25,148,102,92,27,76,58,52,32,34,127,116,96,87,31,139,67,42,35,136,72,133,128,127,46,45,39,154,64,158,156,117,93,46,37,51,118,53,132,100,69,59,42,49,123,112,40,41,74,47,153,112,82,51,55,42,136,45,43,138,94,92,45,58,116,51,64,122,64,49,59,64,125,76,71,145,89,147,112,82,80,146,137,64,117,114,58,117,56,56,132,110,108,93,90,64,64,121,118,67,57,114,112,79,58,69,135,79,65,126,66,62,160,137,133,92,65,68,68,71,160,102,160,67,131,67,168,90,70,75,69,72,98,76,71,80,73,72,141,137,89,92,83,74,165,158,109,98,84,79,80,84,76,79,85,79,76,81,78,136,85,102,85,106,98,86,172,110,86,85,149,149,148,85,86,86,83,88,87,86,177,170,96,85
150,136,120,70,19,16,104,89,84,40,27,154,29,17,120,13,111,21,153,30,60,120,30,6,0,144,28,38,19,141,122,56,28,88,84,66,26,35,140,62,14,74,28,23,115,112,16,22,98,30,122,152,20,55,17,86,17,98,48,162,112,99,144,99,79,19,35,137,89,50,141,139,89,108,70,27,29,41,48,26,26,31,90,83,72,47,25,154,108,98,29,82,63,57,35,31,133,122,101,93,33,145,72,46,38,142,77,139,134,133,50,49,37,160,69,164,162,122,99,50,36,47,124,49,137,105,74,64,40,45,129,118,41,39,79,44,158,117,87,48,51,44,142,47,43,143,99,97,45,55,121,49,60,127,68,48,56,60,131,81,75,151,94,153,118,87,85,151,143,61,122,119,61,123,58,55,137,115,113,98,95,61,62,127,123,70,57,119,117,83,58,66,140,83,68,131,69,61,165,142,139,97,64,65,66,69,166,106,166,66,136,67,174,94,72,78,69,70,102,78,72,77,75,71,146,142,93,96,86,75,170,164,113,103,87,77,78,87,78,78,88,81,76,83,78,141,88,106,83,110,101,84,178,115,88,84,155,154,153,87,84,88,83,90,89,85,182,175,99,85
10,11,25,74,126,130,41,55,60,104,118,12,115,128,25,132,33,165,9,114,84,24,114,138,144,0,116,106,163,4,22,88,172,56,60,78,119,178,7,82,156,71,117,123,30,33,131,164,48,116,25,14,159,92,138,61,139,50,100,24,37,50,18,50,69,149,117,22,61,101,22,22,62,44,81,131,163,179,106,135,157,165,63,69,80,107,144,26,46,56,134,72,91,98,124,159,31,38,55,63,133,30,85,114,126,32,80,33,35,35,112,114,161,36,91,38,38,44,63,114,150,177,44,180,39,59,89,100,159,173,43,50,136,154,85,167,41,52,78,173,180,138,43,131,149,45,71,73,151,180,56,166,187,54,107,157,178,186,53,93,99,49,81,50,63,89,91,51,52,183,62,64,125,63,135,162,57,70,72,84,87,178,179,64,66,117,148,70,71,102,155,184,60,104,124,65,127,159,62,63,64,93,170,176,175,182,64,86,65,165,71,158,69,104,137,128,153,171,98,129,145,189,140,167,73,74,111,109,122,145,74,73,93,103,122,181,183,124,144,180,124,137,160,135,150,82,129,107,186,104,114,187,81,102,136,183,82,82,82,140,182,140,164,140,142,178,86,84,125,162
122,108,92,43,13,16,76,61,56,14,7,126,6,13,92,17,83,49,125,4,32,92,2,22,28,116,0,10,47,113,94,28,56,60,56,38,6,62,112,35,41,46,8,11,87,84,17,49,70,10,94,124,44,29,25,59,27,71,23,134,85,71,116,71,52,37,19,109,61,26,113,111,62,81,44,26,51,66,26,29,45,52,63,56,47,27,35,126,81,71,30,55,39,34,26,49,106,94,74,67,32,118,48,31,31,114,52,112,107,106,34,34,53,132,47,137,135,96,73,36,46,68,97,70,110,79,51,44,54,65,102,91,41,50,56,60,131,91,63,66,71,44,115,43,50,117,74,73,52,74,96,63,80,102,51,58,73,79,105,60,56,124,71,126,93,65,64,125,117,79,97,95,52,98,54,65,112,91,89,76,74,76,77,102,98,57,60,95,93,65,64,82,115,65,58,107,60,68,139,117,114,76,75,78,78,83,140,85,140,74,112,72,148,77,67,68,71,79,83,69,70,91,70,79,122,118,77,80,74,73,145,139,93,85,75,88,90,76,74,88,77,75,79,76,77,118,78,89,94,92,86,96,153,96,80,94,131,130,129,81,94,82,86,83,83,93,157,151,87,87
112,98,82,33,22,26,66,52,47,8,14,116,11,23,82,27,73,59,115,9,22,82,8,32,38,106,10,0,57,103,84,18,66,50,46,28,14,72,102,25,50,36,13,18,77,74,26,59,60,13,84,114,53,20,34,49,35,61,17,124,75,61,106,61,43,45,20,99,52,20,103,101,52,71,35,31,60,75,22,35,54,61,53,47,38,23,43,116,71,61,35,46,31,28,29,57,96,84,65,57,37,108,40,29,33,104,44,102,97,96,32,32,61,123,40,127,125,86,64,34,52,76,87,78,101,70,44,38,61,73,93,82,45,57,48,68,121,82,55,73,79,48,105,45,55,107,66,64,57,81,87,70,87,92,47,64,80,87,95,54,51,115,64,117,84,59,57,115,107,86,88,86,52,89,55,70,103,83,81,68,67,83,84,93,90,55,63,87,85,60,68,89,106,60,57,98,59,72,130,108,105,70,80,84,84,89,131,78,131,79,103,75,139,71,67,67,74,84,77,68,71,98,71,83,113,109,73,75,71,74,136,130,87,79,72,94,95,73,75,93,74,75,82,75,78,110,76,84,99,87,82,101,144,90,79,99,123,122,121,80,98,81,89,82,82,97,148,142,84,89
169,155,139,89,38,34,123,108,103,60,46,173,49,36,139,32,130,5,172,49,79,139,49,25,19,163,47,57,0,160,141,75,9,107,103,85,44,16,159,81,9,92,47,41,134,131,33,8,116,48,140,170,13,73,29,105,29,117,66,181,131,117,163,117,97,23,51,155,107,67,159,157,107,127,88,40,21,26,64,37,23,22,107,101,90,63,31,173,126,116,39,99,80,73,49,27,151,140,119,111,43,164,89,60,50,160,94,157,152,151,64,63,32,178,86,182,180,140,116,64,38,36,141,37,155,122,90,79,37,36,147,135,49,40,95,38,176,135,104,39,41,51,159,57,46,161,115,113,47,45,139,45,48,145,81,48,47,49,148,95,89,168,110,170,134,102,100,169,160,52,139,136,71,139,65,53,154,132,129,113,110,54,54,143,139,81,61,135,133,96,59,57,157,96,78,148,78,61,182,159,155,111,60,60,61,62,183,121,183,65,152,68,191,107,79,87,72,67,115,87,76,69,81,70,162,157,105,108,96,80,186,180,127,115,97,72,72,96,83,73,98,88,77,91,82,156,97,118,77,123,112,78,194,127,95,79,170,169,168,94,80,95,84,96,95,82,198,191,109,87
13,11,23,72,123,127,38,53,58,101,115,15,112,125,22,129,31,162,13,111,81,21,111,135,141,4,113,103,160,0,19,85,169,53,57,75,116,175,4,79,153,68,114,120,27,30,128,161,45,113,22,14,155,89,135,57,136,46,97,25,34,46,16,47,66,146,113,19,58,98,19,19,58,40,78,128,160,176,102,132,153,161,59,66,76,103,141,25,43,52,131,68,87,94,120,156,28,35,51,59,130,28,81,111,122,29,77,31,32,32,109,110,158,35,87,38,37,41,59,111,147,174,41,176,36,55,85,97,156,170,40,47,133,150,82,163,40,49,74,169,176,135,40,127,146,42,68,69,147,177,53,162,183,51,103,154,175,183,50,90,96,47,77,48,59,86,87,49,50,180,59,60,122,60,131,158,54,66,68,81,83,174,175,61,63,114,144,66,67,99,151,181,58,100,121,62,123,155,60,60,61,89,167,172,172,178,62,83,64,162,68,155,68,100,134,124,149,168,95,125,142,186,136,164,70,72,107,106,118,142,72,71,90,100,119,178,180,121,140,176,121,134,156,132,146,79,125,103,183,101,110,184,80,98,132,180,80,80,80,136,178,137,160,137,138,174,84,83,122,158
30,18,11,53,105,109,21,34,39,83,97,33,93,106,8,110,13,143,32,92,62,4,92,116,122,22,94,84,141,19,0,66,150,34,38,56,97,156,18,60,134,49,95,101,9,12,109,142,26,94,8,30,136,70,116,39,117,28,78,41,18,29,26,29,47,127,94,21,40,79,25,23,40,25,59,109,141,157,83,113,134,142,42,48,58,85,122,37,28,36,112,51,69,76,102,137,26,25,35,43,111,34,63,92,104,32,59,32,30,30,90,92,139,46,69,50,48,32,44,93,128,155,33,157,35,42,68,79,137,151,35,37,114,132,65,145,48,39,58,151,157,116,41,109,127,43,53,55,129,158,44,144,165,44,86,135,156,164,45,73,79,50,62,52,50,70,72,52,49,161,50,51,104,51,114,140,51,56,57,67,69,156,157,54,55,97,127,57,58,83,133,162,55,84,104,56,107,137,66,58,58,75,149,154,154,160,68,70,69,144,63,137,74,86,117,108,132,150,82,109,125,168,120,146,68,68,93,91,103,125,77,74,79,87,103,160,162,105,123,159,105,118,139,116,130,74,110,91,165,89,97,166,85,87,117,162,79,78,78,121,161,121,144,121,123,157,90,87,108,141
95,81,65,18,40,44,49,35,30,19,32,99,29,41,65,45,56,77,97,27,7,64,26,50,56,88,28,18,75,85,66,0,84,32,28,10,31,90,84,6,68,17,29,35,59,56,43,76,41,29,65,95,71,10,50,31,51,43,16,106,57,43,88,43,25,62,31,81,34,19,85,83,34,53,21,45,76,92,24,49,70,77,36,30,23,26,58,98,53,43,49,30,22,23,40,73,78,66,48,41,49,90,28,34,43,86,30,84,79,78,35,36,76,104,30,109,107,68,48,37,66,91,70,94,83,53,34,33,75,87,75,65,55,70,37,82,103,65,42,88,94,57,88,52,67,89,51,50,69,96,70,82,102,75,44,75,94,102,78,45,44,97,51,99,68,48,48,98,90,100,72,70,55,73,61,81,86,68,66,56,55,96,97,77,74,54,71,72,70,53,77,102,89,54,58,82,61,81,113,92,89,60,91,96,96,101,114,66,114,88,88,84,122,64,71,67,81,94,67,68,76,109,74,92,98,94,67,68,69,78,119,113,75,71,70,104,106,71,78,103,72,76,89,76,83,95,75,76,110,78,75,111,127,80,79,108,107,107,106,81,107,82,95,83,83,105,132,126,80,94
178,164,148,99,48,44,132,118,113,69,55,182,58,45,148,41,139,11,181,58,88,148,58,34,28,172,56,66,9,169,150,84,0,116,112,94,53,6,168,90,16,101,55,49,143,140,41,9,125,56,149,179,17,82,36,114,36,126,74,189,140,126,172,126,106,28,59,164,115,75,168,166,115,135,96,47,21,19,72,43,25,21,116,109,98,71,36,181,135,124,45,107,88,81,56,27,160,148,127,119,49,172,97,67,56,168,102,165,160,159,71,69,32,186,93,191,189,148,124,70,40,31,149,32,163,130,97,86,37,33,155,143,53,41,102,36,185,143,111,36,36,54,167,61,48,169,123,121,49,40,146,44,43,152,87,48,43,44,155,102,96,176,117,178,142,108,106,176,168,47,146,143,75,146,69,53,162,139,136,119,117,51,51,150,147,86,63,142,140,102,60,53,164,102,82,155,82,61,190,166,162,117,58,57,59,58,190,127,190,64,159,68,198,112,82,91,73,66,121,91,78,65,83,69,169,164,110,113,100,82,194,187,133,121,101,69,69,100,85,70,102,91,77,94,84,162,100,124,74,128,117,75,201,133,98,76,177,176,175,96,78,97,84,99,97,80,205,198,112,87
63,50,35,22,71,75,20,12,13,49,63,67,60,73,34,77,25,109,65,59,29,33,58,82,88,56,60,50,107,53,34,32,116,0,4,22,63,122,52,26,100,15,61,67,27,24,75,108,10,60,34,63,102,36,81,10,83,14,44,74,26,15,57,16,17,93,61,49,15,46,53,52,16,25,28,75,107,123,50,79,101,109,19,21,28,52,88,67,26,21,79,24,37,43,68,103,48,38,25,24,78,60,34,60,71,56,32,54,50,49,58,60,106,74,40,78,76,42,30,61,95,122,43,124,54,34,41,49,104,117,48,40,82,99,39,111,74,41,37,117,124,84,60,77,95,62,39,39,96,125,48,111,132,52,58,103,123,131,54,49,53,70,45,72,48,48,49,71,64,129,52,51,75,53,83,108,62,52,51,51,51,124,124,57,55,69,96,54,54,60,102,130,66,61,76,61,78,106,86,69,67,58,117,123,122,128,87,58,88,113,68,107,95,66,89,82,103,119,66,83,96,136,92,116,77,74,72,72,79,97,94,89,68,70,80,129,131,82,96,128,82,92,110,90,102,78,86,75,135,75,78,136,103,75,92,132,87,87,86,96,131,96,115,97,98,128,108,102,87,114
67,54,38,19,67,71,23,13,12,46,59,71,56,69,37,73,28,105,69,55,25,36,54,78,84,60,56,46,103,57,38,28,112,4,0,18,59,118,56,22,96,11,57,63,31,28,71,104,14,56,37,67,98,32,78,10,79,17,41,78,30,18,60,18,15,89,57,53,15,42,57,55,16,28,25,71,103,119,47,75,97,105,19,20,25,48,84,71,29,22,75,22,34,40,65,99,51,41,26,24,74,63,31,56,67,60,30,58,53,52,55,56,102,78,38,82,80,45,31,57,91,118,46,120,58,35,38,46,100,114,51,43,78,95,38,108,77,44,36,114,120,80,63,74,91,65,39,39,93,121,50,107,128,54,55,99,120,127,57,47,51,73,44,75,50,47,48,74,67,125,54,52,72,55,80,105,65,53,52,50,50,120,121,59,57,67,92,56,55,58,99,126,68,59,73,63,76,103,89,71,69,57,114,119,119,125,90,58,91,110,70,104,98,65,86,79,99,116,65,81,93,132,89,113,79,76,71,71,77,94,97,92,68,69,78,126,128,80,93,125,80,89,107,88,99,79,84,74,131,74,77,133,105,75,90,129,89,89,88,93,128,94,112,94,95,124,110,105,86,111
85,71,56,14,50,54,40,26,22,29,42,89,39,51,55,55,46,87,87,37,9,54,36,60,66,78,38,28,85,75,56,10,94,22,18,0,41,100,74,4,78,8,39,45,49,46,53,86,31,38,55,85,80,16,60,21,61,33,24,96,47,33,78,34,17,71,40,71,25,26,75,73,26,43,17,54,86,101,31,58,79,87,28,23,19,32,67,88,44,34,58,24,23,26,48,82,68,57,39,33,57,80,25,41,51,77,26,74,69,69,40,42,85,95,30,99,97,59,40,43,74,101,61,103,73,45,32,35,83,96,66,56,62,78,34,91,94,56,37,97,103,65,78,59,75,80,45,44,77,105,62,91,111,67,46,83,103,110,70,43,44,88,46,90,60,45,45,89,81,108,64,62,59,65,66,89,77,61,59,52,51,104,105,69,67,57,78,64,63,52,84,110,81,54,62,74,65,88,103,84,81,57,98,103,103,109,105,61,105,95,80,90,113,62,75,70,86,101,64,71,81,117,78,98,90,87,66,67,70,82,110,105,71,68,71,111,113,72,82,110,73,79,94,79,87,88,76,73,117,75,74,118,119,76,82,115,100,99,99,84,114,85,100,85,86,111,124,118,80,99
126,112,96,47,15,17,80,65,60,19,12,129,12,14,96,16,86,47,128,9,36,95,8,20,26,119,6,14,44,116,97,31,53,63,59,41,0,59,115,37,37,48,4,5,90,87,13,45,72,6,96,126,40,29,20,61,21,73,23,137,87,73,119,73,54,32,15,111,63,25,115,113,63,83,44,20,46,61,24,23,40,48,64,57,47,24,30,129,82,72,24,56,38,33,21,44,107,96,76,67,26,120,47,27,25,116,52,113,108,107,30,30,48,134,45,138,136,97,73,32,40,63,98,65,112,80,50,41,48,59,103,92,35,45,55,55,133,92,63,60,66,38,116,37,44,118,74,72,46,68,96,57,74,102,48,52,68,74,105,58,54,125,70,127,93,64,62,126,117,73,97,95,47,98,48,59,112,91,88,74,72,71,71,102,98,53,54,95,93,62,58,76,115,62,54,107,55,62,140,117,114,74,69,72,73,77,141,83,140,68,111,66,149,74,62,64,66,74,81,65,65,86,65,73,121,117,74,77,70,67,145,139,91,82,71,83,84,72,69,82,73,70,73,71,72,117,74,86,88,90,83,90,153,94,76,88,130,130,129,76,88,77,80,78,78,87,157,150,83,81
184,170,155,105,54,50,139,124,119,75,61,188,64,51,154,47,145,16,187,64,94,154,64,40,35,178,62,72,16,175,156,90,6,122,118,100,59,0,174,96,22,107,61,55,149,146,47,15,131,62,155,185,22,87,42,119,41,131,80,195,145,132,177,132,112,33,65,170,121,80,174,172,121,141,101,52,23,17,77,48,29,23,121,115,104,76,41,187,140,130,50,113,93,87,61,30,166,154,133,124,54,178,102,72,61,174,107,171,166,165,76,74,34,192,98,196,194,154,130,75,44,30,155,31,169,136,102,91,39,33,160,149,57,44,108,38,190,148,116,36,35,58,173,65,51,174,128,126,52,39,152,45,41,158,92,50,42,42,161,107,101,181,122,184,147,113,111,182,173,46,151,149,79,152,72,54,167,144,141,124,122,51,51,156,152,91,65,147,146,107,62,52,169,106,86,160,86,63,195,171,168,122,59,57,59,57,196,132,195,65,164,70,204,117,85,94,75,66,126,94,81,64,86,70,174,169,114,117,104,85,199,192,138,125,105,69,69,104,88,70,106,94,79,97,86,167,104,128,74,133,121,74,206,137,101,76,182,181,180,99,77,100,85,102,100,81,210,203,116,89
17,15,24,71,123,127,38,53,57,101,115,18,112,125,23,128,31,161,16,110,80,21,110,134,140,7,112,102,159,4,18,84,168,52,56,74,115,174,0,78,152,67,113,119,25,28,127,160,43,112,20,13,154,87,133,56,134,44,96,24,31,44,12,45,64,144,112,15,56,96,15,15,56,38,76,126,159,175,100,130,152,160,57,64,74,102,139,22,40,50,129,66,85,92,119,154,24,31,48,57,128,24,79,109,120,25,74,26,28,28,106,108,156,32,85,35,34,37,56,109,145,172,37,175,32,52,83,94,154,168,36,43,131,148,79,161,36,45,72,167,174,133,36,125,144,38,64,66,145,175,49,160,181,47,101,152,173,181,46,87,93,43,74,44,56,83,84,45,46,178,55,57,119,56,129,156,50,63,65,77,80,172,173,57,59,111,142,62,64,96,149,178,54,97,118,58,121,153,57,56,57,86,164,170,170,176,58,79,60,159,64,152,64,97,131,121,147,165,91,122,139,183,133,161,66,67,104,102,115,139,68,67,86,96,115,175,177,118,137,174,117,131,153,129,143,75,122,100,180,97,107,181,76,95,129,177,76,76,76,133,176,134,158,133,135,171,81,79,118,155
89,75,60,16,46,50,44,30,26,26,38,93,35,48,59,51,50,84,91,33,8,58,33,56,62,82,35,25,81,79,60,6,90,26,22,4,37,96,78,0,74,11,35,41,53,50,49,82,35,34,59,89,76,12,56,25,57,36,20,100,50,37,82,37,19,67,35,74,28,22,78,76,28,47,16,50,82,97,27,54,75,83,30,25,19,28,63,92,47,37,53,25,21,23,44,78,71,60,41,35,53,84,24,37,47,80,26,77,73,72,37,38,81,98,28,102,100,62,42,40,70,96,64,99,77,48,31,33,79,92,69,59,59,74,34,87,97,59,37,92,99,61,81,55,71,83,46,45,73,100,64,87,107,69,43,79,99,106,72,42,42,91,47,93,62,45,44,92,84,104,66,64,56,67,63,85,80,63,61,52,51,100,101,71,69,54,74,66,65,51,80,106,83,52,59,76,62,85,106,86,83,56,95,100,99,105,107,61,108,92,82,86,115,61,72,67,83,97,64,69,78,113,75,95,92,88,65,66,68,79,113,107,71,68,69,107,109,70,79,107,71,76,91,76,84,90,74,73,113,74,73,114,121,76,79,111,102,101,101,82,110,82,97,83,84,107,126,120,79,96
163,149,133,83,34,30,117,102,97,54,40,167,43,31,133,27,123,14,165,43,73,132,43,20,14,156,41,50,9,153,134,68,16,100,96,78,37,22,152,74,0,85,39,33,127,124,25,8,109,40,133,163,6,65,20,97,20,109,58,173,123,109,155,110,90,14,43,148,99,58,152,150,99,119,79,31,16,27,55,28,16,17,99,93,82,55,22,165,118,108,30,91,72,65,40,20,144,132,111,102,34,156,80,51,41,152,85,149,144,143,55,54,26,170,77,174,172,132,108,55,30,33,133,35,147,114,81,70,30,33,139,127,40,32,86,33,168,126,95,35,38,42,151,47,37,153,107,105,39,42,130,39,46,136,72,40,43,47,139,86,80,160,101,162,126,93,91,160,152,48,130,127,62,130,56,46,146,123,120,104,101,50,50,134,131,72,53,126,124,87,51,53,148,87,69,139,69,54,174,150,146,102,54,55,56,57,174,112,174,58,143,60,182,98,70,78,64,61,106,78,68,65,72,63,153,148,96,98,87,72,178,171,118,106,88,67,67,87,75,67,89,79,70,82,74,147,88,109,72,114,103,73,185,118,86,74,161,160,159,85,74,86,76,87,86,76,189,182,99,79
79,65,50,16,57,61,34,22,19,36,49,82,46,59,49,62,40,95,81,44,16,48,44,68,74,71,46,36,92,68,49,17,101,15,11,8,48,107,67,11,85,0,46,52,42,39,60,93,24,45,48,78,87,21,66,14,67,25,29,88,39,26,71,26,11,78,45,63,18,30,67,65,18,36,16,60,92,108,35,64,85,93,21,17,17,37,73,81,36,27,63,18,24,29,53,88,60,49,31,26,63,72,23,45,56,69,23,66,62,61,44,45,91,87,29,91,89,52,33,47,80,106,53,109,66,38,31,36,89,102,58,48,67,84,31,96,86,49,32,102,109,69,71,63,80,73,39,38,81,110,54,96,116,60,46,88,108,116,62,41,43,80,42,82,53,42,42,81,74,113,57,56,62,58,70,94,70,55,53,48,47,109,110,62,60,58,82,58,57,51,88,115,74,52,63,67,66,92,96,76,74,53,103,108,108,114,97,56,97,99,73,93,105,60,77,70,89,105,61,72,83,121,80,102,83,80,65,65,69,84,103,98,66,65,70,115,117,72,84,114,73,80,97,79,89,82,76,70,120,71,72,122,111,72,82,118,93,93,92,85,117,86,103,86,87,114,116,110,79,101
124,110,94,46,18,21,78,64,59,20,15,128,14,18,94,20,85,49,126,11,34,93,9,23,28,117,8,13,47,114,95,29,55,61,57,39,4,61,113,35,39,46,0,6,88,85,14,47,70,2,94,124,41,27,21,58,22,70,20,134,84,71,116,71,51,33,11,109,60,22,113,111,60,80,41,18,47,63,21,22,41,48,61,54,44,21,30,126,80,69,23,53,35,29,18,44,105,93,73,65,25,117,44,23,23,113,49,111,106,105,27,26,48,132,42,136,134,94,70,28,40,63,95,65,109,77,46,38,48,60,101,89,33,44,51,55,130,89,59,60,66,36,113,35,43,115,71,69,45,68,93,57,74,99,44,51,67,74,102,54,50,122,67,124,89,60,59,123,114,73,94,91,44,94,46,58,109,88,85,71,69,70,71,98,95,50,52,91,90,59,56,76,112,59,50,103,52,60,137,114,111,71,68,72,72,76,137,80,137,67,108,64,145,70,59,61,63,72,77,62,62,85,62,71,118,114,71,73,67,65,142,136,88,78,68,81,83,68,66,81,69,67,71,68,69,113,70,83,87,86,79,89,149,90,72,87,127,126,125,73,86,74,78,75,75,85,154,147,80,79
130,116,100,52,16,17,84,70,65,24,16,134,16,15,100,16,91,44,132,14,40,99,13,17,23,123,11,18,41,120,101,35,49,67,63,45,5,55,119,41,33,52,6,0,94,91,8,41,76,7,100,130,35,33,15,64,17,76,25,140,90,77,122,77,57,27,14,115,66,27,119,117,66,86,47,15,41,57,25,18,35,43,67,60,50,25,25,132,86,75,19,59,40,34,18,39,111,99,79,70,22,123,49,26,22,119,54,116,112,111,30,29,43,137,47,142,140,100,76,30,35,58,101,60,115,82,51,42,43,54,106,95,31,40,56,50,136,95,64,55,61,34,119,34,39,121,76,74,42,63,99,52,69,105,47,47,63,69,108,59,54,128,72,130,95,65,63,128,120,68,99,97,45,100,45,54,115,93,90,75,73,66,66,104,100,52,50,96,95,62,53,71,117,62,52,109,53,57,142,119,116,75,64,68,68,72,143,84,143,64,113,62,151,74,59,62,62,69,81,63,61,81,62,68,123,119,74,76,69,64,147,141,92,82,70,78,79,70,66,78,71,67,69,69,68,118,72,86,84,90,82,85,155,94,73,83,132,131,130,74,83,75,76,76,75,82,159,152,82,77
39,27,18,48,98,102,19,31,35,77,90,42,87,100,15,104,14,137,40,86,56,11,86,109,115,30,87,77,134,27,9,59,143,27,31,49,90,149,25,53,127,42,88,94,0,3,102,135,18,87,6,36,129,62,108,31,109,19,70,47,9,20,29,20,39,119,87,23,31,71,27,25,31,16,51,101,134,150,75,105,127,135,33,39,49,76,114,40,19,26,104,42,60,67,94,129,24,19,26,34,103,34,54,84,95,32,50,30,27,27,82,84,131,48,60,52,50,26,35,84,120,147,27,149,33,33,59,70,129,143,30,29,106,123,56,136,49,31,49,142,149,108,39,101,119,41,44,45,120,150,37,135,156,38,77,127,148,156,39,64,70,48,53,50,42,61,62,50,46,153,43,44,95,44,105,132,46,48,49,58,60,147,148,47,47,88,118,49,50,74,125,154,50,75,95,50,97,129,64,54,53,66,140,146,145,152,66,62,67,135,57,128,73,77,108,99,123,141,73,100,116,159,110,137,63,62,84,82,93,116,74,71,70,78,94,151,153,96,114,150,96,108,130,107,120,68,100,82,156,80,88,157,83,79,108,153,74,74,73,111,152,112,135,112,113,148,88,84,99,132
42,29,19,45,96,99,18,28,32,74,87,45,84,97,16,101,13,134,43,83,53,13,83,106,112,33,84,74,131,30,12,56,140,24,28,46,87,146,28,50,124,39,85,91,3,0,99,132,15,84,9,39,126,59,105,28,106,17,67,50,8,17,32,17,36,116,84,25,28,68,30,28,29,14,48,98,131,147,72,102,124,132,30,36,46,74,111,43,17,24,101,39,58,64,91,126,26,20,24,31,100,37,51,81,92,34,47,33,29,29,79,81,128,51,58,55,53,26,33,81,117,144,28,147,34,31,56,67,126,140,31,29,103,121,53,133,51,31,47,139,146,105,40,98,116,42,42,44,117,147,37,132,154,38,74,124,145,153,40,62,67,50,51,52,41,59,60,52,47,150,43,43,93,44,102,129,47,47,48,56,58,145,145,47,47,85,115,49,49,72,122,151,51,73,92,50,95,126,66,54,53,64,137,143,142,149,68,60,69,132,57,126,75,75,105,96,120,138,71,98,113,156,108,135,64,63,82,80,91,113,76,72,69,76,92,148,150,94,112,147,94,106,127,104,118,68,98,80,153,79,86,155,85,77,105,151,74,74,74,109,149,110,132,110,111,145,90,85,97,130
138,124,108,59,18,17,92,78,73,31,21,142,22,15,108,14,99,36,141,21,48,107,20,12,16,131,17,26,33,128,109,43,41,75,71,53,13,47,127,49,25,60,14,8,102,99,0,33,84,15,108,138,27,40,8,72,9,84,33,148,98,84,130,84,65,19,19,122,74,34,127,125,74,94,55,13,34,49,31,14,28,35,75,68,57,31,19,140,93,83,16,66,47,41,20,32,119,107,86,78,20,131,56,30,23,127,61,124,119,118,34,33,36,145,53,149,147,107,83,34,30,50,108,52,122,89,57,47,37,47,114,102,29,34,63,43,143,102,71,48,54,32,126,34,35,128,83,81,37,56,106,46,62,112,52,42,56,62,115,64,59,135,78,137,102,70,69,136,127,62,106,103,46,107,45,49,122,99,97,81,79,60,60,110,107,55,47,103,101,66,50,65,124,67,53,115,54,53,149,126,123,80,59,62,62,66,150,90,150,60,119,58,158,78,59,63,59,64,86,64,60,75,62,65,130,125,77,80,71,63,154,148,97,86,72,73,74,72,65,73,73,68,67,70,67,124,74,90,79,94,85,80,161,98,74,79,138,137,137,74,79,75,74,76,76,78,166,159,84,75
171,157,141,92,42,38,125,110,105,62,49,175,51,39,141,35,132,13,173,51,81,140,51,28,22,164,49,59,8,161,142,76,9,108,104,86,45,15,160,82,8,93,47,41,135,132,33,0,117,48,141,171,7,73,27,105,27,117,65,181,131,117,163,117,97,18,50,155,107,66,159,157,107,127,87,37,13,19,63,34,17,14,107,100,89,62,27,173,126,115,36,98,79,72,46,19,151,139,119,110,39,163,88,58,47,160,93,157,152,151,62,60,25,178,84,182,180,139,115,61,32,28,141,30,155,121,88,76,29,28,146,134,44,33,93,30,176,134,102,31,33,45,158,52,39,160,114,112,40,37,137,37,41,143,78,40,39,41,146,93,86,167,108,169,133,99,97,167,159,44,137,134,66,137,59,45,153,129,127,110,107,46,46,141,137,77,54,133,131,92,52,49,155,92,73,146,73,54,181,157,153,107,52,52,53,53,181,118,181,57,149,60,189,103,73,81,65,59,112,81,70,61,75,62,160,155,100,103,91,74,184,178,124,111,92,64,64,91,77,65,93,82,70,85,76,153,91,114,69,119,108,70,192,123,89,71,167,166,165,88,72,88,76,90,89,74,196,189,103,79
56,43,29,32,81,85,18,19,21,59,73,59,70,83,27,86,20,119,57,68,39,25,68,92,98,48,70,60,116,45,26,41,125,10,14,31,72,131,43,35,109,24,70,76,18,15,84,117,0,69,24,54,111,44,90,13,91,6,52,64,16,7,47,8,22,101,69,39,15,53,43,41,16,15,33,83,116,132,57,87,109,117,18,23,32,59,96,57,17,15,86,26,43,50,76,111,38,28,18,21,85,49,38,66,78,46,34,44,40,39,64,66,113,64,44,68,66,32,25,67,102,129,33,132,44,27,43,53,111,125,38,31,89,106,41,119,64,33,36,125,131,90,50,83,101,52,35,36,103,132,39,118,139,43,61,109,130,138,45,50,55,60,43,62,41,48,49,61,55,135,44,43,79,45,88,114,53,45,45,48,49,130,131,49,48,72,101,48,47,60,108,136,57,62,79,53,82,112,76,60,58,56,123,129,128,134,77,54,78,119,60,112,85,65,93,84,107,124,63,86,100,142,95,121,68,66,72,71,80,100,84,80,64,68,81,135,136,83,99,133,83,94,114,93,105,70,87,73,140,72,77,141,93,72,94,137,79,78,78,98,136,98,119,98,100,132,98,93,87,117
123,109,94,46,21,23,78,63,59,21,17,127,16,20,93,22,84,51,126,13,34,93,11,25,30,116,10,13,48,113,94,29,56,60,56,38,6,62,112,34,40,45,2,7,87,84,15,48,69,0,93,123,42,25,21,57,23,69,18,133,83,69,115,69,50,33,9,107,59,20,112,110,59,79,40,18,48,63,18,21,41,49,60,53,42,18,30,125,78,68,22,52,33,27,17,44,104,92,71,63,24,116,42,21,21,112,47,109,104,103,25,24,48,130,40,134,132,92,69,26,39,63,94,65,107,75,44,35,47,59,99,88,32,43,49,54,129,87,57,60,66,35,112,33,42,113,69,67,44,68,91,56,74,97,42,50,67,74,100,52,48,120,65,123,88,58,57,121,113,73,92,89,42,93,44,57,107,86,83,69,67,70,70,97,93,48,51,89,88,56,55,75,110,57,48,102,50,59,135,112,109,69,67,71,71,76,136,78,136,66,106,63,144,68,57,59,62,71,75,59,60,84,60,70,116,112,68,71,65,63,140,134,86,76,66,80,82,66,64,80,67,65,70,66,67,111,68,80,86,84,77,88,148,88,70,85,125,124,123,71,85,72,77,73,73,84,152,145,77,77
35,24,19,54,105,109,25,37,41,83,97,37,94,106,16,110,18,143,35,92,62,12,92,116,122,25,94,84,140,22,8,65,149,34,37,55,96,155,20,59,133,48,94,100,6,9,108,141,24,93,0,30,135,68,114,36,115,25,76,40,12,25,23,25,45,125,92,17,36,77,21,19,36,19,56,107,139,155,81,111,133,141,37,44,55,82,120,34,21,30,110,46,66,73,99,135,19,17,29,38,109,28,59,89,101,26,55,25,23,22,87,89,137,42,65,46,44,24,38,89,125,153,25,155,28,35,64,75,135,148,27,29,111,129,60,142,43,31,53,148,155,113,34,106,124,36,47,48,125,156,36,140,162,36,81,132,153,161,37,68,74,43,56,45,42,64,66,45,42,158,42,43,100,43,109,137,43,48,50,60,62,152,153,46,47,92,123,49,50,77,129,159,47,79,99,48,102,133,59,50,50,69,145,151,150,157,61,63,62,140,55,133,68,79,112,102,127,146,75,104,120,164,114,142,60,60,86,85,97,120,70,67,71,80,97,156,158,99,118,154,99,112,134,110,124,66,104,84,161,82,90,162,78,80,111,158,71,71,70,115,157,115,139,115,117,152,83,80,101,136
20,25,37,83,134,138,51,65,70,113,126,18,123,136,35,140,43,173,15,122,92,34,122,146,152,14,124,114,170,14,30,95,179,63,67,85,126,185,13,89,163,78,124,130,36,39,138,171,54,123,30,0,165,98,144,66,145,54,106,11,40,54,10,54,74,155,122,18,65,106,15,17,66,46,86,136,169,185,111,140,162,170,66,73,84,112,149,13,48,58,140,75,95,102,129,165,26,37,56,65,138,20,88,118,130,23,83,26,29,30,116,118,166,23,94,25,24,41,63,118,155,182,41,185,31,59,91,103,164,178,38,48,140,158,87,171,28,50,79,177,184,142,34,134,153,35,71,72,154,185,52,169,191,48,109,161,182,190,47,94,101,38,80,39,59,89,91,40,43,187,57,59,127,58,137,165,49,66,68,83,86,181,182,58,61,118,151,65,67,102,158,187,52,104,126,58,128,161,49,54,56,91,173,179,178,185,51,83,53,168,63,160,56,102,138,128,155,173,96,129,147,192,141,169,64,66,109,107,121,146,61,61,89,101,121,183,185,124,144,182,123,137,161,135,150,73,128,104,188,101,111,189,68,98,135,185,72,72,72,139,183,140,165,139,141,179,73,72,123,162
165,151,136,87,38,35,120,105,100,58,45,169,47,36,135,32,126,18,168,47,76,135,46,24,20,159,44,53,13,155,136,71,17,102,98,80,40,22,154,76,6,87,41,35,129,126,27,7,111,42,135,165,0,67,21,99,20,111,59,175,125,111,157,111,91,11,43,149,100,59,153,151,100,120,81,30,10,22,56,27,10,11,101,94,83,55,19,166,120,109,29,92,72,65,39,14,145,133,112,103,32,157,81,51,40,153,86,150,145,144,55,53,20,171,77,175,173,133,108,54,25,27,134,29,148,115,81,69,24,26,139,127,37,27,86,26,169,127,95,29,32,38,152,45,33,153,107,105,34,35,130,33,40,136,71,35,37,40,139,85,79,160,101,162,126,92,90,161,152,42,130,127,59,130,52,40,146,122,120,103,100,43,44,134,130,70,48,126,124,85,46,47,148,85,66,139,66,48,174,150,146,100,48,49,49,51,174,111,174,52,142,55,182,96,66,74,59,55,104,74,64,59,68,57,152,148,93,96,84,67,177,171,117,104,85,61,61,84,70,61,86,75,64,78,69,146,84,107,66,112,101,67,185,116,82,67,160,159,158,81,68,82,71,83,82,70,189,181,96,74
99,86,71,28,41,45,55,42,37,25,34,103,31,42,70,45,61,76,101,29,17,69,27,49,55,92,29,20,73,89,70,10,82,36,32,16,29,87,87,12,65,21,27,33,62,59,40,73,44,25,68,98,67,0,46,32,47,44,8,108,58,44,90,44,24,57,25,82,34,10,86,84,34,54,15,39,71,87,15,43,65,73,34,28,18,16,52,100,53,42,42,27,13,12,32,67,78,66,46,38,42,90,20,25,35,87,24,84,79,78,25,26,70,105,21,109,107,67,44,28,59,86,69,88,82,51,25,23,68,81,74,63,47,63,29,75,103,63,35,81,88,49,87,43,59,88,46,45,61,89,67,75,96,73,33,68,87,95,76,36,34,96,44,98,64,40,39,96,88,93,69,66,44,69,51,73,83,63,61,49,48,88,89,73,70,44,62,67,65,43,68,94,86,44,48,78,51,72,110,89,85,51,83,88,87,93,111,59,111,80,83,74,119,54,60,57,71,85,59,58,66,101,64,83,93,89,57,59,58,68,116,110,68,62,59,95,97,61,68,94,62,66,79,65,73,90,64,66,101,69,66,102,124,72,69,99,103,102,101,71,98,72,85,72,73,95,129,122,70,84
145,131,115,67,25,23,99,85,80,39,28,148,30,22,115,20,106,33,147,29,55,114,27,15,17,138,25,34,29,135,116,50,36,81,78,60,20,42,133,56,20,66,21,15,108,105,8,27,90,21,114,144,21,46,0,78,1,90,38,154,104,90,136,90,70,12,23,128,79,38,132,130,79,99,60,11,26,42,35,10,20,28,80,73,62,34,11,145,99,88,12,71,51,45,20,24,124,112,91,82,17,136,60,31,22,132,65,129,124,123,36,34,28,150,57,154,152,112,88,35,23,43,113,45,127,94,61,50,29,39,118,107,25,27,66,35,148,106,75,40,46,27,131,31,29,132,86,85,31,48,110,39,54,116,53,35,48,54,119,66,60,139,81,142,105,73,71,140,131,54,110,107,44,110,41,42,126,103,100,84,81,52,53,114,110,54,42,106,104,67,44,57,128,67,52,119,52,47,153,130,126,82,52,55,55,59,154,92,154,53,123,52,162,79,56,61,54,58,87,62,56,67,58,58,133,128,77,80,70,59,157,151,99,87,71,66,67,70,62,66,72,65,61,67,63,127,72,91,72,95,85,73,165,99,71,72,141,140,139,71,72,72,68,73,72,72,169,162,83,70
69,56,42,27,71,75,29,22,22,50,63,72,60,72,40,76,32,108,70,58,30,38,57,81,86,61,59,49,105,57,39,31,114,10,10,21,61,119,56,25,97,14,58,64,31,28,72,105,13,57,36,66,99,32,78,0,79,12,40,76,26,12,58,12,9,89,56,50,5,40,54,52,6,22,20,70,103,119,45,74,96,104,9,11,19,46,83,68,22,13,74,14,30,37,63,99,47,35,18,14,72,59,25,53,65,55,22,53,48,47,51,53,101,73,31,78,76,38,21,54,89,117,39,119,52,26,31,40,98,112,44,35,76,93,29,106,72,35,26,112,119,77,57,70,88,59,29,29,90,120,41,105,126,46,49,96,117,125,49,39,43,66,34,69,41,38,39,67,60,122,45,43,66,45,75,101,57,43,42,40,41,117,118,50,48,60,88,46,45,49,95,123,60,51,67,54,70,99,82,63,60,47,110,116,115,121,83,48,84,106,61,99,91,56,80,72,94,111,55,74,88,129,83,108,70,67,62,61,69,88,89,84,58,60,70,122,123,72,87,120,72,82,102,81,93,70,76,65,127,65,68,128,98,65,83,124,80,80,79,86,123,87,107,87,88,119,103,97,77,105
146,132,116,68,26,24,100,86,81,40,30,149,31,23,116,21,107,33,148,30,57,115,29,16,17,139,27,35,29,136,117,51,36,83,79,61,21,41,134,57,20,67,22,17,109,106,9,27,91,23,115,145,20,47,1,79,0,91,39,155,105,91,137,91,71,10,23,129,80,39,133,131,80,100,60,11,25,41,36,9,19,26,81,74,63,35,10,146,100,89,12,72,52,45,20,22,125,113,92,83,16,137,61,32,22,133,66,130,125,124,36,34,27,151,57,155,153,113,88,35,22,41,114,43,128,95,61,50,28,38,119,107,24,25,66,34,149,107,75,39,45,27,132,30,27,133,87,85,30,47,110,37,53,116,53,34,47,53,120,67,61,140,81,142,106,73,71,141,132,52,110,108,44,111,40,41,126,103,100,84,81,51,51,115,111,54,41,107,105,68,42,56,128,67,51,119,52,46,154,130,127,82,51,53,54,57,155,92,154,52,123,51,163,79,55,61,53,56,87,61,55,66,58,57,133,129,77,80,70,58,158,152,99,87,70,64,65,70,61,64,72,64,60,66,62,127,71,91,70,95,85,72,165,99,71,70,141,140,140,70,71,71,67,72,72,71,170,162,82,69
58,46,33,36,83,86,24,24,26,61,75,61,71,84,31,88,24,120,59,70,41,29,69,93,98,50,71,61,117,46,28,43,126,14,17,33,73,131,44,36,109,25,70,76,19,17,84,117,6,69,25,54,111,44,90,12,91,0,52,64,14,1,46,2,20,101,68,38,12,52,42,40,12,11,32,82,115,131,56,86,108,116,14,20,30,58,95,56,12,9,85,22,41,48,75,111,35,24,12,16,84,47,35,65,76,44,31,41,37,36,62,64,112,62,41,66,64,28,20,65,101,128,29,131,41,21,40,51,110,124,34,26,87,104,37,117,61,27,31,123,130,89,46,81,99,48,29,30,101,131,34,116,137,37,58,108,129,137,40,46,51,56,37,58,35,43,45,57,50,134,38,37,76,39,85,112,48,39,39,43,44,128,129,43,42,69,98,42,41,56,105,134,52,57,76,47,78,109,72,55,52,51,121,126,126,132,73,49,74,116,54,109,81,60,89,80,104,122,58,82,97,139,92,118,63,60,67,66,76,97,80,75,58,63,76,132,134,79,96,131,79,90,111,88,102,64,83,67,137,66,72,138,88,66,90,134,73,73,72,93,133,94,116,94,95,129,93,88,82,114
108,94,79,35,36,39,63,50,45,24,30,111,27,36,78,39,69,69,110,24,23,77,23,43,48,100,23,17,66,97,78,16,74,44,41,24,23,80,96,20,58,29,20,25,70,67,33,65,52,18,76,106,59,8,38,40,39,52,0,116,66,52,98,52,32,49,16,90,41,4,94,92,41,61,22,31,63,79,8,35,56,64,42,35,24,9,44,107,61,50,34,34,16,11,24,59,86,74,53,45,34,98,24,18,27,94,29,91,86,86,19,20,61,112,23,117,115,74,51,21,51,77,76,80,89,57,28,22,60,73,81,70,39,55,33,67,111,69,40,73,80,41,94,36,51,95,51,50,53,81,73,67,87,79,31,60,79,87,82,37,34,102,48,105,70,42,41,103,95,85,74,72,39,75,45,65,89,68,66,52,50,80,81,79,75,40,55,72,70,43,61,86,92,44,43,84,46,65,117,94,91,54,75,80,80,85,118,62,118,72,88,67,126,55,55,53,64,78,60,54,60,93,58,76,99,95,57,59,56,62,122,116,70,63,57,88,89,58,63,87,59,61,72,61,67,94,61,67,94,70,65,95,130,73,65,92,108,107,106,67,91,68,79,68,69,89,134,128,68,78
27,35,48,94,145,149,62,76,81,123,137,24,134,147,47,151,54,183,22,133,103,45,132,156,162,24,134,124,181,25,41,106,189,74,78,96,137,195,24,100,173,88,134,140,47,50,148,181,64,133,40,11,175,108,154,76,155,64,116,0,50,64,18,64,84,165,132,26,75,116,22,24,75,55,95,146,179,195,120,150,172,180,75,82,93,121,159,12,57,67,149,84,104,111,138,174,33,44,65,74,147,23,97,128,140,27,92,30,34,35,125,127,176,18,102,18,18,48,71,127,164,192,47,194,35,66,100,112,173,187,43,54,149,167,96,180,24,56,87,186,193,151,36,143,162,37,78,80,163,194,57,178,200,52,117,170,191,199,51,102,109,37,87,37,64,97,99,39,44,196,62,64,136,62,146,174,51,71,74,89,92,190,191,62,65,126,159,70,71,110,166,196,53,111,133,61,136,170,45,55,57,97,181,187,187,193,47,89,49,176,65,168,50,108,146,135,162,181,101,136,154,200,148,177,64,67,115,113,127,153,57,58,94,106,128,191,193,130,151,190,130,144,168,142,157,74,134,109,196,105,117,197,63,102,142,193,71,71,72,146,191,146,172,146,148,186,67,67,129,169
46,35,27,48,96,100,25,33,36,75,88,49,85,98,24,101,21,134,47,83,54,20,83,107,112,37,85,75,131,34,18,57,140,26,30,47,87,145,31,50,123,39,84,90,9,8,98,131,16,83,12,40,125,58,104,26,105,14,66,50,0,14,32,14,34,115,82,24,25,66,28,26,25,7,45,96,129,145,70,100,122,130,26,33,44,71,109,42,10,19,99,35,55,62,88,124,22,13,18,26,98,34,48,78,90,30,43,28,24,23,76,78,126,48,54,52,50,19,26,78,114,142,20,144,29,24,52,63,124,137,24,21,100,118,48,131,48,23,41,137,144,102,35,94,113,37,35,37,114,145,29,129,151,31,70,121,142,150,33,56,62,45,45,47,33,53,54,46,40,147,35,35,88,36,98,125,40,39,40,49,51,141,142,39,39,80,111,41,41,66,118,148,44,67,87,42,90,122,61,47,46,57,133,139,139,145,62,53,63,128,49,121,70,68,100,91,116,134,64,92,108,152,103,130,56,55,75,74,85,108,70,66,61,69,86,144,146,88,107,143,88,100,123,99,113,60,92,73,149,71,79,150,79,70,99,146,67,67,66,103,145,104,127,104,105,140,84,79,90,125
59,46,34,37,83,87,25,25,27,62,75,61,72,84,32,88,25,120,59,70,42,29,69,93,99,50,71,61,117,46,29,43,126,15,18,33,73,132,44,37,109,26,71,77,20,17,84,117,7,69,25,54,111,44,90,12,91,1,52,64,14,0,46,1,20,101,68,38,11,52,42,40,12,10,31,82,115,131,56,86,108,116,13,19,30,57,95,56,11,9,85,22,41,48,75,110,35,24,11,15,84,47,35,64,76,43,30,41,36,35,62,64,112,61,41,66,64,27,19,65,101,128,28,130,40,20,39,50,110,124,33,25,87,104,36,117,61,26,30,123,130,88,45,81,99,47,28,29,101,131,33,116,137,37,57,107,129,136,39,45,51,55,36,57,34,43,44,56,50,133,37,36,76,38,85,112,47,38,38,42,43,128,129,42,41,68,98,41,40,55,105,134,51,57,75,47,78,109,71,54,52,50,120,126,125,132,72,48,73,115,53,109,80,59,88,80,103,121,57,81,96,139,91,118,62,60,66,65,75,96,79,74,57,62,76,132,133,78,95,130,78,89,110,88,101,63,82,66,136,65,71,138,88,65,89,134,72,72,72,93,132,93,115,93,95,128,93,87,81,113
27,27,35,77,128,132,46,60,64,106,120,26,116,129,33,133,39,165,23,115,85,30,115,138,144,18,116,106,163,16,26,88,172,57,60,78,119,177,12,82,155,71,116,122,29,32,130,163,47,115,23,10,157,90,136,58,137,46,98,18,32,46,0,46,66,147,114,8,57,98,5,7,57,37,77,128,161,177,102,132,154,162,57,64,75,103,141,11,39,49,131,66,86,93,120,156,16,27,47,56,129,12,79,110,122,14,74,16,19,20,107,109,158,21,85,24,23,31,54,109,146,174,31,176,22,49,82,94,155,169,28,38,132,149,78,162,24,40,70,168,175,133,25,125,144,27,61,63,145,176,42,160,182,38,99,152,173,181,37,85,91,31,70,32,49,80,82,33,34,178,47,50,118,48,128,156,40,56,58,73,76,172,173,48,51,109,141,55,57,93,148,178,43,94,116,49,119,152,44,46,47,81,164,170,169,176,46,73,48,158,54,151,52,92,129,118,145,164,86,119,137,182,131,160,55,57,99,97,111,136,56,55,79,91,112,174,176,114,134,172,113,127,151,125,141,64,118,94,178,91,101,180,64,88,125,175,64,64,65,129,174,130,155,129,131,169,68,67,113,152
59,47,35,37,83,87,26,26,28,62,75,62,72,84,33,88,26,120,60,70,42,30,70,93,99,50,71,61,117,47,29,43,126,16,18,34,73,132,45,37,110,26,71,77,20,17,84,117,8,69,25,54,111,44,90,12,91,2,52,64,14,1,46,0,20,101,68,38,11,52,42,40,11,10,31,82,115,131,56,86,108,116,13,19,30,57,95,55,11,8,85,22,41,48,74,110,34,23,10,14,84,47,34,64,76,43,30,40,36,35,62,64,112,61,40,65,63,26,18,64,100,128,28,130,40,19,39,50,110,123,33,24,86,104,36,117,60,26,30,123,130,88,45,81,99,47,28,28,100,131,32,115,137,36,57,107,128,136,38,45,50,55,35,57,33,42,43,56,49,133,36,35,75,37,85,112,46,37,37,41,42,127,128,41,40,68,98,40,39,54,105,134,50,56,75,46,77,108,71,53,51,49,120,126,125,132,72,47,72,115,52,108,80,59,88,79,103,121,56,80,96,139,90,117,61,59,65,64,74,96,78,74,56,61,75,131,133,77,94,130,77,89,110,87,100,62,81,65,136,65,70,137,87,64,88,133,72,71,71,92,132,93,115,93,94,128,92,87,80,112
77,64,50,27,64,68,37,28,26,45,57,81,54,66,49,69,40,100,79,51,26,47,51,73,79,69,52,43,97,66,47,25,106,17,15,17,54,112,64,19,90,11,51,57,39,36,65,97,22,50,45,74,91,24,70,9,71,20,32,84,34,20,66,20,0,81,48,58,9,32,62,60,9,29,12,62,95,111,36,66,88,96,11,6,11,37,75,75,29,18,65,8,22,28,55,90,54,42,22,16,64,66,17,45,56,62,15,60,55,54,43,45,92,81,23,85,83,43,23,45,81,108,45,110,58,28,24,32,90,104,50,39,67,84,23,97,79,40,22,103,110,69,63,62,80,64,28,28,81,111,45,96,117,50,41,88,109,117,53,33,36,72,31,74,43,33,33,73,65,114,47,45,58,48,67,93,61,44,43,37,37,109,109,52,50,52,80,47,46,43,86,115,64,44,59,57,62,90,87,67,64,43,102,107,107,113,88,46,89,97,63,91,96,50,72,65,86,103,51,66,80,120,75,100,73,70,56,56,62,80,94,88,56,55,63,113,115,65,79,112,65,75,93,73,85,71,69,60,118,61,63,120,102,62,75,116,83,82,82,79,115,79,99,80,81,111,107,101,71,97
156,142,127,78,34,32,111,96,91,51,39,160,41,31,126,28,117,28,158,40,67,125,39,21,19,149,37,45,23,146,127,62,28,93,89,71,32,33,144,67,14,78,33,27,119,116,19,18,101,33,125,155,11,57,12,89,10,101,49,165,115,101,147,101,81,0,33,139,90,49,143,141,90,110,70,19,15,30,45,16,9,16,90,83,72,44,8,156,109,98,17,81,62,55,28,13,134,122,101,93,21,146,70,40,29,143,75,140,135,134,44,42,18,161,66,165,163,122,97,43,17,31,123,33,137,104,70,58,20,28,129,117,26,20,75,25,159,116,84,30,35,28,141,34,25,142,96,94,26,37,119,30,43,125,60,29,38,43,129,74,68,149,90,151,115,81,79,150,141,43,119,116,48,119,42,35,135,111,109,92,89,43,43,123,119,59,40,115,113,74,39,47,137,74,55,128,55,42,163,139,135,89,44,46,47,50,163,100,163,47,131,48,171,85,56,64,51,51,93,64,55,58,59,52,141,137,82,85,74,58,166,160,105,93,74,58,59,74,61,58,75,66,57,68,61,135,74,96,64,101,90,65,173,105,73,64,149,148,147,72,65,72,64,74,73,66,178,170,86,67
124,110,95,49,29,31,79,65,61,28,26,127,25,28,94,29,85,55,126,22,37,93,20,30,35,117,19,20,51,113,94,31,59,61,57,40,15,65,112,35,43,45,11,14,87,84,19,50,69,9,92,122,43,25,23,56,23,68,16,132,82,68,114,68,48,33,0,106,57,16,110,108,57,77,37,14,47,63,13,18,40,48,57,50,39,12,27,123,76,65,18,49,29,22,9,43,101,89,69,60,18,114,38,12,13,110,43,107,102,101,16,15,45,128,34,132,130,89,65,17,35,61,91,63,105,71,38,28,44,57,96,84,25,39,44,51,126,84,52,57,64,28,108,25,36,110,64,62,38,65,87,52,71,93,34,45,64,71,96,45,40,117,59,119,83,51,50,117,109,69,87,85,33,88,35,51,103,80,78,62,60,65,66,92,88,39,43,84,82,48,48,71,105,49,39,97,41,52,131,108,104,62,61,65,65,71,132,71,131,59,101,55,140,60,48,49,54,65,67,50,52,79,51,63,111,107,60,62,56,54,135,129,79,68,57,74,76,57,56,74,58,56,62,57,59,105,59,72,80,76,68,81,143,80,61,79,119,119,118,62,78,63,69,64,64,77,147,140,69,69
32,28,32,71,120,124,41,53,58,99,112,32,109,122,29,126,34,158,29,107,78,26,107,131,137,22,109,99,155,19,21,81,164,49,53,71,111,170,15,74,148,63,109,115,23,25,122,155,39,107,17,18,149,82,128,50,129,38,90,26,24,38,8,38,58,139,106,0,49,90,4,2,49,29,69,120,153,169,94,124,146,154,49,56,67,95,133,18,30,41,123,58,78,85,112,148,9,19,39,48,121,12,71,101,113,11,66,12,13,13,99,101,150,25,76,29,27,23,46,101,138,166,23,168,17,41,74,86,147,161,22,30,123,141,70,154,27,32,61,160,167,125,22,117,136,24,53,55,137,168,35,152,174,32,91,144,165,173,31,76,83,30,62,31,42,72,73,32,31,170,41,43,110,41,120,148,35,49,51,65,68,164,165,42,44,101,133,48,50,85,140,170,39,86,108,43,110,144,45,42,42,73,156,161,161,167,47,66,48,150,49,143,53,84,121,110,137,156,78,111,129,174,123,151,52,53,92,90,103,128,56,54,72,83,104,166,168,106,126,164,105,119,143,117,132,60,110,86,170,83,94,171,64,81,117,167,61,61,61,121,166,122,147,122,123,161,69,66,106,144
70,57,44,32,74,77,32,27,27,53,66,73,63,75,42,78,35,110,71,61,34,40,60,83,89,61,61,52,107,58,40,34,115,15,15,25,63,121,56,28,99,18,60,66,31,28,74,107,15,59,36,65,100,34,79,5,80,12,41,75,25,11,57,11,9,90,57,49,0,41,53,51,1,20,20,71,104,120,45,75,97,105,4,8,18,46,84,66,20,9,74,11,30,36,63,99,45,33,14,9,73,57,23,53,65,53,19,50,46,45,51,53,101,71,30,76,74,34,16,53,89,117,36,119,49,21,29,39,98,112,41,31,75,93,26,106,70,31,22,112,119,77,54,70,88,55,24,24,89,119,37,104,126,42,47,96,117,125,45,36,40,63,30,65,36,34,35,64,56,122,40,38,64,41,74,101,52,38,37,36,36,116,117,45,43,58,87,41,40,46,94,123,56,47,64,50,67,98,79,59,56,43,109,115,114,121,80,43,80,104,56,98,88,51,78,69,92,110,50,71,85,128,80,106,65,62,58,57,66,86,85,80,53,55,66,120,122,68,85,119,69,79,100,78,90,65,73,60,125,60,64,127,94,60,79,123,76,75,75,83,121,84,104,84,85,117,99,93,73,102
109,95,80,38,39,42,65,52,47,27,33,112,31,39,79,41,70,70,110,27,27,78,26,44,50,101,26,20,67,98,79,19,75,46,42,26,25,80,96,22,58,30,22,27,71,68,34,66,53,20,77,106,59,10,38,40,39,52,4,116,66,52,98,52,32,49,16,90,41,0,94,92,41,61,21,30,63,79,5,34,56,64,41,34,23,6,43,107,60,49,33,33,13,8,23,58,85,73,53,44,32,98,22,15,25,94,27,91,86,85,15,16,60,112,21,116,114,74,49,18,49,76,75,79,89,56,25,18,59,72,80,68,37,53,30,66,110,68,38,72,79,39,93,33,49,94,49,48,51,80,72,65,86,78,27,58,78,85,81,34,30,101,45,103,68,39,38,102,93,83,72,70,35,73,41,63,88,66,64,49,47,78,79,77,73,36,52,70,68,40,58,85,90,40,40,82,42,62,116,93,89,50,73,78,77,83,116,59,116,70,86,64,124,51,51,49,61,75,57,50,57,91,55,73,97,92,53,55,52,59,120,114,67,59,53,85,87,54,59,85,55,57,69,57,64,92,57,64,91,67,61,92,128,70,61,89,105,105,104,63,88,64,75,65,65,86,132,126,64,75
31,29,35,75,124,128,45,57,62,103,116,31,113,126,32,130,38,162,28,112,82,29,111,135,141,22,113,103,159,19,25,85,168,53,57,75,115,174,15,78,152,67,113,119,27,30,127,159,43,112,21,15,153,86,132,54,133,42,94,22,28,42,5,42,62,143,110,4,53,94,0,2,53,33,73,124,157,173,98,128,150,158,53,60,71,99,137,14,34,45,127,62,82,89,116,152,11,22,43,52,125,9,75,105,117,10,70,12,14,15,103,105,153,21,80,25,24,26,49,105,142,170,26,172,17,44,78,89,151,165,23,33,127,145,73,158,24,35,65,164,171,129,21,121,140,23,56,58,141,172,37,156,178,33,95,147,169,177,32,80,86,28,65,29,44,75,77,30,31,174,42,45,113,43,123,151,35,51,53,68,71,167,168,44,46,104,137,50,52,88,144,174,39,89,111,44,114,147,42,41,43,76,159,165,164,171,44,68,46,153,50,146,51,87,124,113,140,159,81,115,132,178,126,155,51,53,94,92,106,131,54,52,74,86,107,169,171,109,129,168,108,123,146,120,136,60,113,89,174,86,96,175,62,83,120,171,61,61,61,124,169,125,150,125,126,164,67,65,108,147
32,29,34,73,122,126,43,56,60,101,114,32,111,124,31,128,36,160,29,110,80,28,109,133,139,22,111,101,157,19,23,83,166,52,55,73,113,172,15,76,150,65,111,117,25,28,125,157,41,110,19,17,151,84,130,52,131,40,92,24,26,40,7,40,60,141,108,2,51,92,2,0,51,31,71,122,155,171,96,126,148,156,51,58,69,97,135,16,32,43,125,60,80,87,114,150,10,20,41,50,123,10,73,103,115,10,68,11,13,14,101,103,151,23,78,27,25,24,47,103,140,168,24,170,17,42,76,87,149,163,22,31,125,143,71,156,25,33,63,162,169,127,21,119,138,23,54,56,139,170,35,154,176,32,93,145,167,175,31,78,84,28,64,30,42,73,75,30,30,172,41,43,111,42,121,149,35,50,52,66,69,166,167,42,45,102,135,49,50,86,142,172,38,87,109,43,112,145,43,41,42,75,157,163,162,169,45,67,46,152,49,144,51,85,122,111,138,157,79,113,130,176,124,153,51,52,93,91,104,129,54,53,73,84,105,167,169,107,128,166,107,121,144,119,134,59,111,87,172,84,95,173,63,81,119,169,60,60,61,123,167,123,148,123,125,162,67,65,107,145
70,58,45,33,74,78,33,28,28,54,66,73,63,75,43,78,35,110,71,61,35,40,60,83,89,62,62,52,107,58,40,34,115,16,16,26,63,121,56,28,99,18,60,66,31,29,74,107,16,59,36,66,100,34,79,6,80,12,41,75,25,12,57,11,9,90,57,49,1,41,53,51,0,20,20,71,104,120,45,75,97,105,3,8,18,46,84,66,19,9,74,10,29,36,63,99,45,33,13,8,72,57,23,53,65,53,19,50,45,44,50,52,101,71,29,75,73,34,15,53,89,117,35,119,49,20,28,38,98,112,41,30,75,93,25,106,70,31,21,112,119,77,53,69,88,55,23,23,89,119,36,104,126,41,46,96,117,125,44,35,40,63,29,65,35,33,34,64,56,122,39,37,64,40,73,100,52,37,36,35,35,116,117,44,42,57,86,40,39,45,93,122,55,46,64,49,67,97,78,58,55,42,109,114,114,120,79,42,79,104,55,97,87,51,77,69,92,110,49,70,85,127,80,106,65,62,57,56,65,85,85,79,52,54,66,120,122,68,84,119,68,79,99,77,90,64,72,59,125,59,63,126,93,59,79,122,75,74,74,82,121,83,104,83,84,117,98,92,72,102
53,42,33,47,93,97,29,34,36,72,85,56,82,94,30,98,26,130,53,80,52,27,79,103,108,44,81,71,127,40,25,53,135,25,28,43,83,141,38,47,119,36,80,86,16,14,94,127,15,79,19,46,120,54,99,22,100,11,61,55,7,10,37,10,29,110,77,29,20,61,33,31,20,0,40,91,124,140,65,95,117,125,20,27,38,66,104,46,3,12,94,29,49,56,83,119,25,13,11,19,92,37,42,72,84,33,37,31,26,25,70,72,121,51,48,56,54,17,19,72,109,137,18,139,30,17,46,57,118,132,23,17,94,112,42,125,50,18,34,131,138,96,35,88,107,37,28,30,108,139,25,123,145,28,63,115,136,144,30,49,55,45,37,47,28,46,47,46,40,141,30,30,82,31,91,119,38,33,34,42,44,135,136,35,34,73,105,35,35,59,112,141,42,60,80,39,83,115,61,45,43,50,127,133,132,139,62,46,63,122,46,115,70,61,94,84,109,128,57,85,102,146,96,124,53,52,68,67,78,101,69,65,55,62,79,138,140,81,100,136,81,93,116,92,106,56,85,66,142,64,72,144,78,63,92,140,64,64,63,96,138,97,120,97,98,134,83,78,83,118
89,76,62,30,57,60,48,37,34,39,49,92,46,57,60,60,52,91,91,44,25,59,43,64,70,81,44,35,88,78,59,21,96,28,25,17,44,101,76,16,79,16,41,47,51,48,55,87,33,40,56,86,81,15,60,20,60,32,22,95,45,31,77,31,12,70,37,69,20,21,73,71,20,40,0,51,84,100,25,55,77,85,20,13,3,26,64,86,39,28,54,12,10,16,43,79,64,52,32,23,52,76,8,33,45,73,10,70,65,64,31,33,81,91,13,95,93,53,29,34,69,97,54,99,68,35,15,21,78,92,59,48,55,73,17,86,89,48,21,92,99,57,72,50,68,73,31,30,70,99,52,84,106,58,31,76,97,105,61,26,28,81,30,83,49,28,28,81,73,102,53,51,47,54,55,81,68,48,46,36,35,97,98,58,55,42,68,52,50,36,75,103,71,37,48,63,51,79,95,73,70,40,90,95,95,101,96,45,96,86,68,79,104,45,62,55,75,91,48,56,69,109,64,88,78,74,49,50,54,69,101,95,55,51,55,102,103,56,69,100,57,65,82,64,74,75,60,56,107,58,57,108,109,60,66,105,88,87,86,69,103,70,88,70,71,100,113,107,64,86
138,125,109,63,30,30,94,79,75,38,31,142,31,28,108,27,99,44,140,29,51,107,27,25,27,131,26,31,40,128,109,45,47,75,71,54,20,52,126,50,31,60,18,15,101,98,13,37,83,18,107,136,30,39,11,70,11,82,31,146,96,82,128,82,62,19,14,120,71,30,124,122,71,91,51,0,33,49,26,4,26,34,71,64,53,25,13,137,90,79,4,62,42,35,9,28,115,103,82,73,7,127,51,21,11,123,56,120,115,114,25,23,31,142,47,146,144,103,78,24,21,47,104,49,118,84,50,39,30,43,109,97,16,26,56,37,139,97,65,43,49,19,122,21,24,123,76,74,27,51,100,38,57,106,41,33,50,57,109,55,49,130,70,132,95,62,60,130,122,55,100,97,34,100,31,39,116,92,89,73,70,52,53,104,100,43,35,96,94,56,38,58,118,56,41,109,42,42,143,120,116,71,49,53,53,58,144,81,144,49,112,46,152,67,46,51,47,54,75,51,47,66,49,53,122,118,66,69,59,50,147,141,87,76,60,63,64,60,52,63,61,55,54,57,54,116,61,79,69,83,74,70,154,88,61,68,130,129,128,61,68,62,61,63,63,67,159,151,72,63
171,157,141,93,47,44,125,111,106,65,53,174,55,44,141,40,132,26,173,54,82,140,53,33,29,163,51,60,21,160,141,76,21,107,103,86,46,23,159,82,16,92,47,41,134,131,34,13,116,48,139,169,10,71,26,103,25,115,63,179,129,115,161,115,95,15,47,153,104,63,157,155,104,124,84,33,0,16,59,29,7,1,104,97,86,58,20,170,123,112,30,95,75,68,41,7,148,136,115,106,33,160,83,53,41,156,88,153,148,147,56,54,12,174,79,178,176,136,111,55,21,18,137,20,151,117,82,71,17,17,142,130,35,21,88,17,172,129,97,19,22,36,154,43,28,156,108,106,28,26,132,24,31,138,71,28,27,31,141,86,79,162,102,164,127,92,90,163,154,32,131,129,57,132,49,32,148,123,121,103,101,34,34,135,131,68,42,127,125,85,39,37,149,84,63,140,63,41,175,151,147,100,39,39,40,41,176,111,175,44,143,48,184,94,62,71,52,46,103,71,58,49,63,49,153,148,91,94,81,62,178,172,116,103,82,51,51,81,65,52,82,71,57,74,63,146,81,105,56,110,98,58,185,115,78,58,160,159,158,76,59,77,63,78,77,61,189,182,93,66
186,173,157,108,60,57,141,126,122,79,67,190,69,57,156,53,147,29,189,69,97,156,68,46,41,179,66,75,26,176,157,92,19,123,119,101,61,17,175,97,27,108,63,57,150,147,49,19,132,63,155,185,22,87,42,119,41,131,79,195,145,131,177,131,111,30,63,169,120,79,173,171,120,140,100,49,16,0,75,45,23,15,120,113,102,74,36,186,139,128,46,111,91,84,57,22,164,152,131,122,49,176,99,68,57,172,104,169,164,163,72,70,23,190,95,194,192,152,127,70,35,14,153,14,167,133,98,86,27,17,158,146,50,33,103,23,188,145,112,21,18,50,170,58,40,171,124,122,40,22,148,31,24,154,86,38,26,25,157,101,95,178,117,180,143,108,106,178,169,29,147,144,71,147,62,40,163,139,136,119,116,34,34,151,147,82,53,142,140,99,49,35,165,99,77,155,76,49,191,167,163,115,43,41,42,41,191,126,191,50,158,56,199,109,73,84,62,51,118,83,69,47,75,55,168,164,105,108,94,72,194,187,130,117,95,52,52,94,76,54,95,82,65,85,73,161,93,119,57,124,112,58,201,129,89,59,175,174,173,87,61,88,70,89,88,65,205,197,105,74
113,100,85,42,39,41,70,57,52,30,34,117,31,38,84,40,75,68,115,28,31,83,26,42,48,106,26,22,64,102,83,24,72,50,47,31,24,77,100,27,55,35,21,25,75,72,31,63,57,18,81,111,56,15,35,45,36,56,8,120,70,56,102,56,36,45,13,94,45,5,98,96,45,65,25,26,59,75,0,30,52,60,45,38,27,1,39,111,64,53,29,36,16,9,18,54,89,77,56,47,28,101,25,10,20,97,30,94,89,88,11,12,56,116,22,120,118,77,52,13,45,72,78,74,92,59,26,17,54,67,83,72,32,48,31,61,113,71,40,67,74,34,96,28,44,97,51,50,46,75,75,61,81,81,25,53,73,81,84,34,30,104,47,106,70,40,38,105,96,78,75,72,31,75,37,58,90,68,65,50,48,73,74,79,76,33,47,72,70,38,53,80,93,39,36,84,38,57,118,95,91,50,68,73,72,78,119,59,119,65,88,59,127,50,47,45,56,70,57,46,52,86,50,68,98,94,51,53,49,54,123,116,67,58,50,80,82,51,55,80,52,53,64,54,59,93,54,63,86,66,60,87,130,70,57,84,107,106,105,59,83,60,71,61,61,81,135,128,62,70
142,129,113,67,32,31,98,84,79,42,34,146,34,29,113,28,104,42,144,32,55,112,31,25,26,135,29,35,37,132,113,49,43,79,75,58,23,48,130,54,28,64,22,18,105,102,14,34,87,21,111,140,27,43,10,74,9,86,35,150,100,86,132,86,66,16,18,124,75,34,128,126,75,95,55,4,29,45,30,0,22,30,75,68,57,29,9,141,94,83,2,66,46,39,12,24,119,107,86,77,7,131,54,24,13,127,60,124,119,118,28,26,27,145,50,149,147,107,82,27,18,43,108,45,122,88,54,42,26,39,113,101,15,22,59,33,143,100,68,39,45,18,125,21,21,127,80,78,24,47,104,35,53,110,44,29,46,53,113,59,52,134,74,136,99,65,63,134,125,51,103,100,35,103,31,36,119,96,93,76,73,48,49,107,103,45,33,99,97,59,36,54,121,59,42,112,43,40,147,123,119,74,46,50,50,54,148,84,147,46,115,44,155,70,46,51,45,51,78,52,46,63,49,51,126,121,68,71,60,49,151,144,90,78,61,60,61,61,52,60,62,55,53,57,53,119,62,81,66,86,76,67,158,90,61,65,133,132,131,61,65,62,60,63,63,65,162,155,73,61
164,150,135,87,42,40,119,104,100,59,48,168,49,40,134,36,125,29,166,49,75,133,48,29,26,157,45,54,23,153,134,70,25,101,97,79,40,29,152,75,16,85,41,35,127,124,28,17,109,41,133,162,10,65,20,96,19,108,56,172,122,108,154,108,88,9,40,146,97,56,150,148,97,117,77,26,7,23,52,22,0,8,97,90,79,51,13,163,116,105,23,88,68,61,34,4,141,129,108,99,26,153,76,46,34,149,81,146,141,140,49,47,10,167,72,171,169,129,104,48,15,22,130,25,144,110,75,64,14,20,135,123,28,16,81,17,165,122,90,21,26,29,147,36,22,148,101,99,24,29,125,23,35,131,64,25,29,35,134,79,72,155,95,157,120,85,83,156,147,35,124,122,50,125,43,30,140,116,114,96,94,35,35,128,124,62,38,120,118,78,36,39,142,77,57,133,57,38,168,144,140,93,38,39,40,42,169,104,168,42,136,44,177,88,56,65,48,45,97,65,53,51,58,47,146,141,85,88,75,57,171,165,109,96,76,51,52,75,60,52,76,66,54,68,59,139,75,99,57,103,92,58,178,108,73,58,153,152,152,71,59,72,60,73,72,60,182,175,87,63
172,158,142,94,48,45,127,112,107,66,54,175,56,45,142,42,133,27,174,55,83,141,55,35,31,165,52,61,22,161,142,77,21,109,105,87,48,23,160,83,17,93,48,43,135,132,35,14,117,49,141,170,11,73,28,104,26,116,64,180,130,116,162,116,96,16,48,154,105,64,158,156,105,125,85,34,1,15,60,30,8,0,105,98,87,59,21,171,124,113,31,96,76,69,42,7,149,137,116,107,34,161,84,53,42,157,89,154,149,148,57,55,11,175,80,179,177,137,112,55,21,16,138,18,152,118,83,71,16,15,143,131,35,21,88,16,173,130,97,18,21,36,155,43,28,156,109,107,28,24,133,23,29,139,71,27,26,29,142,87,80,163,102,165,128,93,91,163,155,31,132,129,57,132,49,32,148,124,121,104,101,33,33,136,132,68,42,128,126,85,39,36,150,85,64,141,63,40,176,152,148,100,38,38,39,40,177,111,176,43,144,47,184,95,62,71,52,45,104,71,58,48,63,48,154,149,92,95,81,61,179,172,116,103,82,50,50,81,65,51,82,71,56,74,63,146,81,105,55,110,98,56,186,115,78,57,161,160,159,76,58,77,63,78,77,60,190,182,93,66
72,59,47,36,75,79,36,31,31,55,68,74,64,76,45,79,38,111,72,62,37,42,61,84,90,63,63,53,107,59,42,36,116,19,19,28,64,121,57,30,99,21,61,67,33,30,75,107,18,60,37,66,101,34,80,9,81,14,42,75,26,13,57,13,11,90,57,49,4,41,53,51,3,20,20,71,104,120,45,75,97,105,0,7,18,46,84,66,19,8,74,9,29,36,63,99,44,32,12,5,72,56,22,52,64,52,17,50,45,44,50,52,100,71,28,75,73,33,13,52,89,117,34,119,48,18,26,37,98,112,40,29,74,92,23,105,69,29,18,111,118,76,52,68,87,54,20,20,88,119,34,103,125,39,44,95,116,124,42,33,38,61,26,64,33,31,32,62,54,121,37,35,63,38,72,99,50,34,33,32,32,115,116,42,39,55,85,38,37,43,92,122,53,44,62,47,65,96,77,56,53,39,108,113,113,119,78,39,78,103,53,96,86,48,75,67,90,108,47,68,83,126,78,105,62,59,54,54,62,83,83,77,49,51,63,119,120,65,82,117,65,76,97,75,88,61,70,56,123,56,60,125,91,56,76,121,73,72,71,80,119,81,102,81,82,115,96,90,69,100
78,65,52,33,69,72,40,33,31,50,61,81,58,70,50,73,43,104,79,56,32,48,55,77,83,69,56,47,101,66,48,30,109,21,20,23,57,115,64,25,93,17,54,60,39,36,68,100,23,53,44,73,94,28,73,11,74,20,35,82,33,19,64,19,6,83,50,56,8,34,60,58,8,27,13,64,97,113,38,68,90,98,7,0,11,39,77,73,26,15,67,3,22,29,56,92,51,39,18,10,65,63,15,45,57,59,11,57,52,51,43,45,93,78,21,82,80,40,17,45,82,110,41,112,55,23,21,31,91,105,46,35,67,85,19,98,76,35,16,104,111,69,59,62,80,60,22,21,81,112,40,97,118,45,39,88,109,117,48,28,33,68,25,70,37,28,28,69,60,114,42,40,56,42,66,93,56,38,36,31,31,109,109,47,44,50,79,41,40,39,86,115,59,40,56,52,59,90,83,61,58,37,101,107,106,113,84,39,84,96,57,89,92,45,70,62,84,102,45,63,77,120,72,98,67,64,51,51,58,78,89,83,49,50,59,112,114,61,77,111,61,71,92,70,82,65,65,55,117,55,58,119,97,56,72,115,77,76,76,75,113,76,96,76,77,109,102,95,66,94
88,75,61,32,59,63,48,37,35,42,52,91,49,60,60,63,51,93,89,47,27,58,45,67,72,80,47,38,90,76,58,23,98,28,25,19,47,104,74,19,82,17,44,50,49,46,57,89,32,42,55,84,83,18,62,19,63,30,24,93,44,30,75,30,11,72,39,67,18,23,71,69,18,38,3,53,86,102,27,57,79,87,18,11,0,28,66,84,37,26,56,9,11,18,45,81,62,50,29,21,54,74,7,35,46,70,7,67,63,62,32,34,82,89,13,93,91,50,26,35,71,99,51,101,65,33,14,21,80,94,57,45,57,74,15,87,86,45,18,93,100,59,69,51,69,71,28,27,71,101,49,86,107,55,30,77,99,107,58,24,26,78,28,80,46,26,26,79,70,104,50,48,47,51,56,82,65,45,43,33,32,98,99,55,52,42,69,49,47,34,76,104,68,35,48,60,51,80,93,70,67,37,91,96,96,102,94,43,93,86,65,80,102,43,62,54,75,92,45,56,69,110,64,89,75,72,48,48,53,69,98,92,52,49,54,102,104,55,69,101,56,64,83,63,74,72,59,54,108,56,55,109,106,57,66,105,85,84,83,69,104,69,88,70,71,100,111,104,62,86
115,101,86,44,39,41,71,58,54,31,34,118,32,38,85,40,76,67,116,29,33,84,27,42,47,107,27,23,63,103,85,26,71,52,48,32,24,76,102,28,55,37,21,25,76,74,31,62,59,18,82,112,55,16,34,46,35,58,9,121,71,57,103,57,37,44,12,95,46,6,99,97,46,66,26,25,58,74,1,29,51,59,46,39,28,0,38,112,65,54,28,37,17,10,17,53,90,78,57,48,26,102,26,8,19,98,31,95,90,89,9,10,55,116,22,121,119,78,53,12,43,71,79,73,93,59,26,17,53,66,84,72,30,47,32,60,114,72,40,66,73,33,97,27,43,98,52,50,45,74,75,59,80,81,24,51,72,79,84,34,29,105,47,107,71,40,38,106,97,77,75,73,30,76,35,57,91,68,66,51,48,72,73,80,76,32,46,72,70,38,52,78,93,38,35,85,37,56,119,95,92,50,66,71,71,77,120,60,119,63,89,58,127,50,46,44,55,69,56,45,51,85,49,66,99,95,51,53,48,53,123,117,67,58,49,79,81,50,53,78,51,52,63,53,58,93,53,62,85,66,59,86,131,69,56,83,107,107,106,58,82,59,69,60,60,79,135,128,61,69
151,138,122,75,36,34,107,92,88,49,39,155,40,33,122,31,113,36,153,39,64,121,38,25,25,144,35,43,31,141,122,58,36,88,84,67,30,41,139,63,22,73,30,25,114,111,19,27,96,30,120,149,19,52,11,83,10,95,44,159,109,95,141,95,75,8,27,133,84,43,137,135,84,104,64,13,20,36,39,9,13,21,84,77,66,38,0,150,103,92,10,75,55,48,21,15,128,116,95,86,13,140,63,33,21,136,68,133,128,127,36,34,18,154,59,158,156,116,91,35,12,34,117,36,131,97,62,51,18,30,122,110,18,16,68,25,152,109,77,31,37,20,134,25,18,135,88,86,20,39,112,28,45,118,51,24,38,44,121,66,60,142,82,144,107,73,71,143,134,43,112,109,40,112,34,31,128,104,101,84,81,41,42,116,112,50,32,107,105,66,33,47,130,66,47,120,47,36,155,131,127,81,41,44,44,48,156,92,156,42,123,42,164,76,48,56,44,46,85,56,47,56,51,47,134,129,74,77,65,51,159,152,97,85,66,55,55,65,53,55,67,58,51,60,54,127,66,88,60,92,81,62,166,97,64,61,141,140,139,64,61,64,58,66,65,61,170,162,77,60
33,37,46,88,138,142,58,71,75,116,130,31,127,139,44,143,50,175,28,125,96,41,125,148,154,26,126,116,173,25,37,98,181,67,71,88,129,187,22,92,165,81,126,132,40,43,140,173,57,125,34,13,166,100,145,68,146,56,107,12,42,56,11,55,75,156,123,18,66,107,14,16,66,46,86,137,170,186,111,141,163,171,66,73,84,112,150,0,47,58,140,75,95,102,129,165,22,34,55,64,138,11,87,118,130,15,82,18,23,24,115,117,166,10,92,13,12,36,61,117,154,182,36,184,23,55,90,102,163,177,32,43,140,158,85,171,15,45,76,177,184,141,24,133,152,25,67,69,153,184,45,168,190,40,106,160,181,189,39,91,98,26,76,26,52,86,88,28,32,186,50,52,125,50,135,163,39,59,62,78,81,180,181,50,53,115,148,58,59,98,155,186,41,100,123,49,125,159,36,43,46,86,171,177,176,183,38,77,40,165,53,157,43,97,135,124,151,171,90,125,143,189,137,166,52,55,104,102,116,142,48,48,82,94,116,180,182,119,140,179,118,133,157,130,146,63,123,97,185,93,105,186,55,90,130,182,60,60,61,134,180,135,160,134,136,175,60,59,117,157
56,45,36,48,93,97,32,36,38,72,85,58,82,94,34,98,30,129,56,80,52,30,79,102,108,46,81,71,126,43,28,53,135,26,29,44,82,140,40,47,118,36,80,86,19,17,93,126,17,78,21,48,120,53,99,22,100,12,61,57,10,11,39,11,29,109,76,30,20,60,34,32,19,3,39,90,123,139,64,94,116,124,19,26,37,65,103,47,0,11,93,28,48,55,82,118,25,13,9,17,91,37,40,71,83,34,36,31,26,25,68,70,119,52,46,56,54,16,16,71,107,135,17,137,30,14,44,55,117,131,22,14,93,111,40,124,50,16,32,130,137,94,34,87,105,36,25,27,107,137,22,122,144,26,61,113,135,143,28,47,53,44,35,46,25,43,45,45,38,139,27,27,80,28,89,117,36,30,31,39,41,133,134,32,31,71,103,32,32,56,110,140,40,57,78,36,81,114,60,43,41,48,125,131,130,137,61,43,62,120,43,113,69,58,91,81,107,126,54,83,99,144,94,122,51,49,65,64,75,99,68,63,52,59,76,136,138,78,97,134,78,91,114,89,103,53,82,63,140,61,69,142,76,60,90,137,62,61,61,94,136,94,118,94,96,131,81,76,80,115
65,53,42,41,83,87,34,32,34,63,75,68,72,84,40,87,34,119,65,70,43,37,69,92,98,56,71,61,116,52,36,43,124,21,22,34,72,130,50,37,108,27,69,75,26,24,83,115,15,68,30,58,109,42,88,13,89,9,50,67,19,9,49,8,18,98,65,41,9,49,45,43,9,12,28,79,112,128,53,83,105,113,8,15,26,54,92,58,11,0,82,17,37,44,71,107,36,24,4,7,80,48,29,60,72,44,25,42,37,36,58,60,108,63,35,67,65,25,10,60,97,124,26,126,40,13,33,45,106,120,32,21,82,100,30,113,61,22,23,119,126,84,44,76,95,46,20,21,96,126,28,111,133,33,51,102,124,132,35,38,44,54,28,56,28,35,36,55,47,129,31,30,69,32,79,107,43,31,30,33,34,123,124,36,34,61,92,34,33,47,99,129,47,49,68,41,71,103,69,50,47,41,115,121,120,127,70,39,70,110,48,103,78,51,82,72,97,115,48,74,90,133,84,111,57,54,58,57,67,89,76,71,49,53,68,126,127,70,88,124,70,82,104,80,94,57,74,58,130,57,63,132,84,57,81,127,67,67,66,85,126,86,108,86,87,122,89,83,73,106
142,128,113,67,34,33,97,83,79,43,35,145,35,31,112,30,103,44,144,33,55,111,32,27,29,134,30,35,39,131,112,49,45,79,75,58,24,50,129,53,30,63,23,19,104,101,16,36,86,22,110,140,29,42,12,74,12,85,34,149,99,85,131,85,65,17,18,123,74,33,127,125,74,94,54,4,30,46,29,2,23,31,74,67,56,28,10,140,93,82,0,65,45,38,11,25,118,106,85,76,4,130,53,23,11,126,58,123,118,117,26,24,27,144,49,148,146,105,81,25,17,43,107,45,121,87,52,41,26,39,112,100,13,21,58,33,142,99,67,39,46,16,124,19,20,125,78,76,22,47,102,34,53,108,42,28,46,53,111,57,51,132,72,134,97,63,61,133,124,51,102,99,32,102,29,35,118,94,91,74,72,48,48,106,102,42,31,97,96,57,34,54,120,57,40,110,40,38,146,121,118,72,45,49,49,54,146,82,146,45,114,43,154,68,44,49,43,50,76,50,44,62,46,49,124,119,66,69,58,47,149,142,88,76,59,59,60,59,50,59,60,53,51,55,51,117,60,79,65,84,74,66,156,88,59,64,132,131,130,59,64,60,58,61,60,63,160,153,71,59
81,68,55,35,68,72,43,35,34,50,61,83,58,69,53,72,45,102,81,55,33,51,54,76,82,72,55,46,99,68,51,30,107,24,22,24,56,113,66,25,91,18,53,59,42,39,66,98,26,52,46,75,92,27,71,14,72,22,34,84,35,22,66,22,8,81,49,58,11,33,62,60,10,29,12,62,95,111,36,66,88,96,9,3,9,37,75,75,28,17,65,0,20,27,54,90,53,41,20,11,63,65,13,43,55,61,9,58,53,52,41,43,91,79,19,83,81,41,17,43,80,107,42,109,56,24,18,28,89,103,48,36,65,83,16,96,77,36,14,102,109,67,60,59,78,62,21,20,79,109,40,94,116,46,36,86,107,115,49,26,30,69,23,71,38,25,26,70,61,112,42,40,54,43,63,90,56,38,36,29,29,106,107,47,44,47,76,41,40,36,83,112,59,37,54,52,56,87,84,62,59,35,98,104,103,110,85,38,85,94,57,87,93,43,67,59,82,99,43,60,75,117,70,96,67,64,48,48,55,75,89,83,48,47,56,110,111,58,74,108,59,69,89,67,80,65,62,52,114,53,55,116,97,54,69,112,77,76,76,72,111,73,94,73,75,107,102,96,64,92
99,86,72,36,52,55,57,46,43,37,45,102,43,52,70,55,62,84,100,40,28,69,38,58,63,91,39,31,80,87,69,22,88,37,34,23,38,93,85,21,72,24,35,40,60,58,47,79,43,33,66,95,72,13,51,30,52,41,16,104,55,41,86,41,22,62,29,78,30,13,82,80,29,49,10,42,75,91,16,46,68,76,29,22,11,17,55,95,48,37,45,20,0,7,34,70,73,61,40,31,43,85,9,23,35,81,14,78,73,72,21,23,71,99,9,103,101,61,36,24,60,87,62,90,76,42,13,13,69,83,67,55,46,63,17,76,97,55,24,82,89,47,80,40,58,81,36,34,60,90,59,75,96,65,23,66,88,95,68,23,22,88,33,90,55,27,26,89,80,92,59,56,37,59,46,71,74,53,50,37,35,87,88,64,60,34,58,56,55,31,65,93,77,32,39,68,42,69,102,79,76,39,80,85,85,91,103,46,103,76,73,70,111,42,53,47,65,82,46,48,59,99,56,78,83,79,45,46,47,60,107,101,55,49,48,92,94,50,60,91,50,56,73,56,65,79,53,54,97,56,53,98,115,59,59,95,92,91,91,61,94,62,78,63,64,90,119,112,58,77
106,92,78,39,47,50,63,51,47,34,41,109,38,47,77,49,68,77,107,35,30,75,34,52,57,98,34,28,73,94,76,23,81,43,40,26,33,87,92,23,65,29,29,34,67,64,41,72,50,27,73,102,65,12,45,37,45,48,11,111,62,48,93,48,28,55,22,85,36,8,89,87,36,56,16,35,68,84,9,39,61,69,36,29,18,10,48,102,55,44,38,27,7,0,27,63,80,68,47,38,36,92,16,16,28,88,21,85,80,79,15,17,64,106,13,110,108,68,43,17,53,81,69,83,83,49,17,11,62,76,74,62,39,56,22,69,104,62,30,75,82,41,86,34,52,88,42,40,53,83,65,68,89,71,21,60,81,89,74,26,23,95,38,97,61,31,30,95,87,86,65,63,33,66,40,65,81,59,56,42,40,80,81,70,66,31,52,62,61,32,59,87,83,33,36,75,38,63,109,85,82,42,74,79,79,85,109,51,109,70,79,64,117,44,49,44,60,76,49,46,55,93,52,73,89,85,46,48,46,56,113,107,59,51,47,86,88,48,56,85,49,53,68,53,61,84,52,56,91,59,54,93,121,62,56,89,98,97,96,59,88,59,74,60,61,85,125,118,58,73
131,118,103,58,34,35,87,74,69,37,33,135,33,33,102,33,93,53,133,30,46,101,28,32,35,124,26,29,49,120,102,40,56,68,65,48,21,61,119,44,40,53,18,18,94,91,20,46,76,17,99,129,39,32,20,63,20,75,24,138,88,75,120,74,55,28,9,112,63,23,116,114,63,83,43,9,41,57,18,12,34,42,63,56,45,17,21,129,82,71,11,54,34,27,0,36,107,95,74,65,9,119,42,12,4,115,47,112,107,106,16,14,38,133,38,137,135,94,70,15,27,54,96,56,110,76,41,30,36,49,101,89,16,30,47,43,131,88,56,49,56,19,113,16,27,114,67,66,29,57,91,43,63,97,33,36,55,63,100,47,40,121,61,123,86,53,51,122,113,60,91,88,27,91,27,42,107,83,80,64,61,56,57,95,91,35,34,87,85,48,39,62,109,47,34,100,35,43,135,111,107,62,52,56,56,62,135,72,135,50,103,46,143,59,41,44,45,55,67,45,44,70,44,54,113,109,58,60,51,46,138,132,79,67,52,65,66,52,48,64,54,49,53,51,51,107,54,71,71,75,66,72,145,79,55,70,121,120,119,55,69,56,60,58,57,67,150,142,64,60
167,153,138,90,47,44,122,108,103,63,52,170,53,44,137,41,128,32,169,52,79,136,51,34,31,159,49,57,27,156,137,73,27,103,99,82,44,30,154,78,20,88,44,39,129,126,32,19,111,44,135,165,14,67,24,99,22,111,59,174,124,110,156,110,90,13,43,148,99,58,152,150,99,119,79,28,7,22,54,24,4,7,99,92,81,53,15,165,118,107,25,90,70,63,36,0,143,131,110,101,27,155,78,47,35,151,83,148,143,142,50,48,6,169,73,173,171,130,105,49,14,19,131,21,145,111,77,65,10,16,136,124,28,14,82,13,167,124,91,17,22,29,149,36,21,150,102,100,21,25,126,19,31,133,64,21,25,30,136,80,73,157,96,159,121,86,84,157,148,31,126,123,50,126,42,26,142,117,114,97,94,30,31,129,125,61,35,121,119,78,33,35,143,77,56,134,56,34,169,145,141,93,34,35,36,38,170,104,169,38,137,41,178,88,54,64,46,41,97,64,51,46,56,43,147,142,84,87,74,55,172,166,109,96,75,47,47,74,58,48,75,64,51,67,56,139,74,98,52,103,91,54,179,108,71,54,154,153,152,69,54,70,57,71,70,56,183,176,86,60
41,36,37,70,118,121,44,54,58,97,110,42,107,119,34,123,37,154,39,105,76,31,104,127,133,31,106,96,151,28,26,78,160,48,51,68,107,166,24,71,144,60,105,111,24,26,119,151,38,104,19,26,145,78,124,47,125,35,86,33,22,35,16,34,54,134,101,9,45,85,11,10,45,25,64,115,148,164,89,119,141,149,44,51,62,90,128,22,25,36,118,53,73,80,107,143,0,12,33,42,116,12,65,96,108,9,60,6,4,4,93,95,144,27,70,31,29,15,39,95,132,160,14,162,9,33,68,80,141,155,12,21,117,135,63,148,26,23,54,154,161,119,15,111,130,17,45,47,131,162,25,146,168,22,84,137,159,167,22,69,76,24,54,26,33,64,66,26,23,164,31,33,103,32,113,141,26,40,42,57,59,157,158,33,35,93,126,39,40,77,133,164,30,78,101,34,103,137,40,33,34,65,149,155,154,161,42,57,43,143,40,135,49,76,113,102,129,148,69,103,121,167,115,144,43,44,83,81,95,120,51,48,63,74,95,159,160,98,118,157,97,111,135,109,125,51,102,77,163,74,85,164,59,71,109,160,53,53,53,113,158,114,139,113,115,153,64,61,97,136
48,40,36,60,106,110,38,45,49,85,98,50,95,108,33,111,33,143,47,93,65,29,93,116,122,38,94,84,140,35,25,66,148,38,41,57,96,154,31,60,132,49,93,99,19,20,107,139,28,92,17,37,133,66,112,35,113,24,74,44,13,24,27,23,42,122,89,19,33,73,22,20,33,13,52,103,136,152,77,107,129,137,32,39,50,78,116,34,13,24,106,41,61,68,95,131,12,0,21,30,104,24,53,84,96,20,48,17,13,12,81,83,132,38,58,43,41,7,27,83,120,148,8,150,17,22,56,68,129,143,11,12,105,123,51,136,37,14,43,143,149,107,22,99,118,24,34,36,119,150,19,134,156,19,73,125,147,155,20,58,64,32,43,34,25,53,55,33,27,152,25,26,91,26,101,129,27,32,34,47,49,146,147,28,29,82,114,32,33,66,122,152,31,67,89,31,92,125,48,34,34,55,137,143,142,149,49,48,50,131,38,124,57,66,102,91,118,137,60,93,110,156,104,133,44,43,73,71,84,109,57,53,55,65,85,147,149,87,107,145,87,101,124,98,114,49,91,69,151,66,76,153,66,64,99,148,55,54,54,103,147,103,128,103,105,142,71,66,87,125
64,53,43,45,87,90,36,36,37,67,79,66,76,88,40,91,35,122,64,74,48,37,73,96,101,55,74,65,119,51,35,48,127,25,26,39,76,133,48,41,111,31,73,79,26,24,86,119,18,71,29,56,112,46,91,18,92,12,53,65,18,11,47,10,22,101,69,39,14,53,43,41,13,11,32,82,115,131,56,86,108,116,12,18,29,57,95,55,9,4,85,20,40,47,74,110,33,21,0,9,83,45,32,63,75,41,27,38,33,32,60,62,111,59,37,63,61,21,9,62,99,127,22,129,36,9,35,47,108,122,28,17,85,102,31,116,57,18,23,122,129,86,40,78,97,42,18,19,98,129,23,113,135,28,53,105,126,134,31,39,45,50,27,52,24,35,36,51,43,131,27,26,71,28,81,109,39,27,27,32,34,125,126,32,30,63,94,30,29,48,101,131,42,49,70,37,72,105,65,45,43,40,117,123,122,129,66,37,66,111,43,104,74,50,83,73,98,117,47,74,91,135,85,113,52,50,57,56,67,90,72,67,46,52,68,127,129,70,89,126,70,83,105,81,95,53,74,56,132,55,62,133,80,54,82,129,63,62,62,85,128,86,109,86,87,123,85,79,72,107
72,61,49,41,79,83,39,36,36,60,72,75,69,80,47,83,40,114,72,66,42,44,65,87,93,63,67,57,111,59,43,41,119,24,24,33,67,124,57,35,102,26,65,70,34,31,78,110,21,63,38,65,103,38,82,14,83,16,45,74,26,15,56,14,16,93,60,48,9,44,52,50,8,19,23,73,106,122,47,77,99,107,5,10,21,48,86,64,17,7,76,11,31,38,65,101,42,30,9,0,74,54,23,54,66,50,18,47,42,41,51,53,102,68,28,72,70,30,7,53,90,118,31,120,45,13,26,38,99,113,36,25,76,93,22,106,66,25,16,113,120,77,49,69,88,50,15,15,89,120,29,104,126,35,44,96,117,125,38,31,36,58,22,60,28,28,29,58,50,122,32,30,62,33,72,100,45,29,28,27,28,116,117,37,34,54,85,32,31,40,92,122,49,42,61,42,64,96,72,51,48,35,108,114,113,120,73,34,73,103,48,95,81,44,74,65,90,108,42,66,82,126,77,104,57,54,51,50,60,82,78,73,44,47,61,118,120,63,81,117,63,75,97,73,87,56,67,52,123,51,56,124,87,51,74,120,67,67,66,78,119,79,101,79,80,115,91,85,66,99
141,127,112,67,37,37,97,83,79,44,38,144,38,35,111,34,102,48,143,36,55,110,34,31,33,133,32,37,43,130,111,49,49,78,74,57,26,54,128,53,34,63,25,22,103,100,20,39,85,24,109,138,32,42,17,72,16,84,34,147,98,84,129,84,64,21,18,121,73,32,125,123,72,92,52,7,33,49,28,7,26,34,72,65,54,26,13,138,91,80,4,63,43,36,9,27,116,104,83,74,0,128,51,20,8,124,56,121,116,115,23,21,28,142,46,146,144,103,78,22,17,44,104,47,118,84,50,38,26,40,109,97,9,21,55,34,139,97,64,40,46,12,122,14,18,123,76,74,21,47,99,34,54,106,38,27,46,53,109,53,47,130,69,132,94,60,58,130,121,51,99,96,28,99,25,33,115,91,88,71,68,47,48,103,99,38,28,94,92,53,31,53,117,53,35,107,36,35,143,118,115,68,43,47,47,53,143,79,143,42,110,40,151,64,39,45,40,47,72,45,40,61,42,47,121,116,62,64,54,43,146,139,84,72,54,57,58,54,46,56,55,48,47,50,47,114,55,75,63,80,69,64,153,84,55,62,128,127,126,54,62,55,54,57,56,60,157,149,66,56
39,38,44,81,130,134,53,65,69,109,122,38,119,131,41,135,46,167,35,117,88,38,116,139,145,30,118,108,164,28,34,90,172,60,63,80,120,178,24,84,156,72,117,123,34,37,131,163,49,116,28,20,157,90,136,59,137,47,98,23,34,47,12,47,66,146,114,12,57,98,9,10,57,37,76,127,160,176,101,131,153,161,56,63,74,102,140,11,37,48,130,65,85,92,119,155,12,24,45,54,128,0,77,108,120,4,72,7,12,13,105,107,156,15,82,19,17,25,50,107,144,172,25,174,12,45,79,91,153,167,21,32,129,147,75,160,15,34,66,166,173,130,14,123,142,15,56,58,143,174,34,158,180,29,96,149,171,179,28,80,87,19,65,20,41,75,77,21,23,175,39,41,114,39,124,153,29,48,51,67,70,169,170,39,42,104,137,47,48,87,145,175,32,89,112,38,114,148,33,34,36,75,160,166,165,172,35,66,36,154,43,146,41,85,124,113,140,160,78,114,132,178,126,155,44,46,93,90,105,131,44,43,71,83,105,170,171,107,129,168,107,122,146,119,135,53,111,86,174,82,94,175,52,79,119,170,52,52,53,123,169,123,149,123,125,164,57,55,106,146
93,81,67,38,60,64,54,44,42,45,54,96,51,61,65,64,57,92,94,48,32,63,47,67,72,85,48,40,89,81,63,28,97,34,31,25,47,102,79,24,80,23,44,49,54,51,56,88,38,42,59,88,81,20,60,25,61,35,24,97,48,35,79,34,17,70,38,71,23,22,75,73,23,42,8,51,83,99,25,54,76,84,22,15,7,26,63,87,40,29,53,13,9,16,42,78,65,53,32,23,51,77,0,31,43,73,5,70,65,64,28,30,79,91,6,95,93,52,27,30,67,95,53,97,67,34,7,16,76,90,59,47,53,70,9,83,89,46,16,90,97,54,71,47,65,72,27,25,66,97,50,82,103,56,24,73,95,102,59,18,20,79,24,81,46,21,20,80,71,99,50,47,41,51,51,77,66,44,41,29,28,93,94,55,51,35,64,47,46,28,70,100,68,29,42,60,45,74,93,70,67,32,86,91,91,97,94,39,94,81,64,74,102,37,55,48,69,87,40,49,63,105,58,83,74,70,41,42,46,63,98,92,48,43,47,97,99,49,62,96,49,58,77,57,68,70,53,48,102,50,49,103,106,52,59,99,83,83,82,62,98,63,82,63,64,94,110,103,56,80
122,109,94,52,41,43,79,66,62,37,38,125,36,40,93,41,84,65,123,33,41,91,31,42,46,114,31,29,60,111,92,34,67,60,56,41,27,72,109,37,51,45,23,26,84,81,30,58,66,21,89,118,51,25,31,53,32,65,18,128,78,64,110,64,45,40,12,101,53,15,105,103,53,72,33,21,53,68,10,24,46,53,52,45,35,8,33,118,71,60,23,43,23,16,12,47,96,84,63,54,20,108,31,0,12,104,36,101,96,95,4,3,48,122,26,126,124,83,58,5,36,64,84,66,98,64,30,18,46,59,89,77,22,40,35,53,119,77,44,59,66,25,102,18,35,103,56,54,37,66,80,52,73,86,22,43,64,72,89,35,29,110,50,112,75,41,39,110,101,69,79,76,22,79,27,49,95,72,69,52,50,64,65,83,79,27,37,75,73,37,43,70,97,37,28,88,30,48,123,99,95,51,58,63,63,69,123,61,123,55,91,50,131,48,38,38,47,60,56,39,43,77,41,58,102,97,48,50,44,45,127,120,67,57,45,71,72,45,46,70,46,45,55,46,50,95,48,61,76,65,56,77,134,69,50,74,110,109,108,51,74,52,61,53,53,71,138,131,57,61
134,120,105,61,38,39,90,77,72,41,37,137,37,36,104,36,95,55,135,34,50,103,32,35,38,126,31,33,50,122,104,43,56,71,67,51,25,61,120,47,41,56,23,22,95,92,23,47,78,21,101,130,40,35,22,65,22,76,27,140,90,76,122,76,56,29,13,113,65,25,117,115,65,84,45,11,41,57,20,13,34,42,64,57,46,19,21,130,83,72,11,55,35,28,4,35,108,96,75,66,8,120,43,12,0,116,48,113,108,107,15,13,36,134,38,138,136,95,70,14,25,52,96,54,110,76,42,30,34,48,101,89,12,28,47,41,131,89,56,47,54,15,114,12,24,115,67,66,26,55,91,40,61,97,31,33,53,60,101,46,39,121,61,124,86,52,50,122,113,58,91,88,23,91,23,39,107,83,80,63,60,53,54,95,91,32,30,86,84,46,35,59,109,46,30,99,32,39,135,110,107,61,48,53,53,59,135,71,135,46,103,42,143,57,37,40,41,52,65,41,39,67,40,50,113,108,55,58,48,42,138,131,77,65,49,62,63,49,44,61,51,46,49,47,47,106,51,69,67,73,63,69,145,77,51,66,120,119,119,52,65,53,56,54,53,64,149,142,61,56
41,39,43,78,126,130,51,62,66,105,118,40,115,127,40,131,44,163,37,113,85,37,113,136,142,32,114,104,160,29,32,86,168,56,60,77,116,174,25,80,152,69,113,119,32,34,127,160,46,112,26,23,153,87,132,55,133,44,94,27,30,43,14,43,62,143,110,11,53,94,10,10,53,33,73,123,156,172,97,127,149,157,52,59,70,98,136,15,34,44,126,61,81,88,115,151,9,20,41,50,124,4,73,104,116,0,68,3,8,9,101,103,152,18,78,22,20,21,46,103,140,168,21,170,8,40,75,87,149,163,17,28,125,143,70,156,17,29,62,162,169,126,11,119,137,13,52,54,139,169,30,154,176,26,91,145,167,175,24,76,83,18,61,20,37,71,73,20,21,171,35,37,110,36,120,149,26,44,47,63,66,165,166,35,38,100,133,43,44,83,140,171,29,84,107,35,110,144,34,32,33,71,156,162,161,168,35,62,37,150,40,142,42,81,120,109,136,155,74,110,128,174,121,151,41,43,89,86,101,127,45,43,67,79,101,165,167,103,125,164,103,118,142,115,131,51,107,82,170,78,90,171,53,75,115,166,50,51,51,119,165,119,145,119,121,160,58,55,102,142
89,77,63,39,65,68,51,42,40,48,58,92,55,65,62,68,54,97,90,52,34,59,51,72,77,80,52,44,94,77,59,30,102,32,30,26,52,107,74,26,85,23,49,54,50,47,61,93,34,47,55,83,86,24,65,22,66,31,29,92,43,30,74,30,15,75,43,66,19,27,70,68,19,37,10,56,88,104,30,60,81,89,17,11,7,31,68,82,36,25,58,9,14,21,47,83,60,48,27,18,56,72,5,36,48,68,0,65,60,59,33,35,84,86,10,90,88,47,22,35,72,100,48,102,62,29,9,20,81,95,53,42,57,75,8,88,83,41,11,94,101,59,66,51,70,67,22,21,71,102,45,86,108,51,27,78,99,107,54,18,21,74,21,76,41,19,19,75,66,104,45,43,45,46,55,82,61,39,37,26,25,98,99,50,46,38,68,43,41,28,75,104,63,30,45,55,48,79,88,65,62,30,90,96,95,102,89,35,89,85,59,78,97,36,58,50,73,91,38,52,66,109,61,87,70,66,41,42,48,66,93,87,45,42,48,101,103,50,65,100,51,60,80,59,71,66,54,47,106,48,49,107,101,50,61,103,79,78,77,64,102,65,85,65,66,98,105,98,56,83
43,40,43,76,124,127,50,60,64,103,116,42,113,125,40,128,43,160,39,111,82,36,110,133,139,33,112,102,157,31,32,84,165,54,58,74,113,171,26,77,149,66,111,116,30,33,124,157,44,109,25,26,150,84,129,53,130,41,91,30,28,41,16,40,60,140,107,12,50,91,12,11,50,31,70,120,153,169,94,124,146,154,50,57,67,95,133,18,31,42,123,58,78,85,112,148,6,17,38,47,121,7,70,101,113,3,65,0,5,6,98,100,149,21,75,25,23,18,43,100,137,165,17,167,6,37,72,84,146,160,13,25,122,140,67,153,20,26,59,159,166,123,10,115,134,12,49,50,136,166,27,151,173,23,88,142,164,172,21,73,80,18,58,20,34,67,69,20,19,168,32,34,107,33,117,146,24,41,44,60,62,162,163,33,35,97,130,40,41,80,137,168,27,81,104,32,107,141,34,30,31,68,153,159,158,165,36,59,37,147,38,139,43,78,116,105,133,152,71,107,125,171,118,148,40,41,85,83,98,124,45,42,64,76,98,162,164,100,121,161,100,114,139,112,128,48,104,79,166,75,87,168,53,72,112,163,49,49,49,116,162,116,142,116,118,157,58,55,99,139
45,40,41,72,119,123,47,57,60,98,111,45,108,120,38,124,41,155,42,106,78,34,105,128,134,35,107,97,152,32,30,79,160,50,53,69,108,166,28,73,144,62,106,112,27,29,119,152,40,104,23,29,145,79,124,48,125,37,86,34,24,36,19,36,55,135,102,13,46,86,14,13,45,26,65,115,148,164,89,119,141,149,45,52,63,90,128,23,26,37,118,53,73,80,107,143,4,13,33,42,116,12,65,96,108,8,60,5,0,1,93,95,144,26,70,30,28,13,38,95,132,160,13,162,5,32,67,79,141,155,9,20,117,135,62,148,24,22,54,154,161,118,11,110,129,13,44,46,131,161,23,146,168,19,83,137,159,167,18,68,75,21,53,23,30,63,65,22,19,163,28,30,102,29,112,141,22,37,39,55,58,157,158,29,32,92,125,36,38,75,132,163,26,77,99,30,102,136,37,29,30,63,148,154,153,160,39,55,40,142,36,134,46,74,112,101,128,147,67,102,120,166,114,143,39,40,81,79,93,119,47,44,60,72,93,157,159,96,117,156,95,110,134,107,123,47,100,75,162,72,83,163,56,69,107,158,49,49,49,111,157,112,137,111,113,152,61,57,95,134
45,41,41,71,118,122,46,56,60,97,110,45,107,119,38,123,40,154,42,105,77,34,104,127,133,35,106,96,151,32,30,78,159,49,52,69,107,165,28,72,143,61,105,111,27,29,118,151,39,103,22,30,144,78,123,47,124,36,86,35,23,35,20,35,54,134,101,13,45,85,15,14,44,25,64,114,147,163,88,118,140,148,44,51,62,89,127,24,25,36,117,52,72,79,106,142,4,12,32,41,115,13,64,95,107,9,59,6,1,0,92,94,143,27,69,31,29,12,37,94,131,159,12,161,6,31,66,78,140,154,8,19,116,134,61,147,25,21,53,153,160,117,12,109,128,14,43,45,130,160,22,145,167,19,82,136,158,166,18,67,74,21,52,23,29,62,64,23,19,162,28,30,101,28,111,140,22,36,39,54,57,156,157,29,31,91,124,35,37,74,131,162,26,76,98,30,101,135,38,29,29,62,147,153,152,159,39,54,40,141,36,133,47,73,111,100,127,146,66,101,119,165,113,142,39,40,80,78,92,118,48,44,59,71,93,156,158,95,116,155,94,109,133,107,122,47,99,74,161,71,82,162,56,68,106,157,49,49,49,110,156,111,136,110,112,151,61,57,94,134
120,107,93,53,45,47,78,66,62,40,41,123,40,44,91,45,83,69,121,37,42,90,35,46,50,112,34,32,64,109,90,35,71,58,55,40,30,76,106,37,55,44,27,30,82,79,34,62,64,25,87,116,55,25,36,51,36,62,19,125,76,62,107,62,43,44,16,99,51,15,103,101,50,70,31,25,56,72,11,28,49,57,50,43,32,9,36,115,68,58,26,41,21,15,16,50,93,81,60,51,23,105,28,4,15,101,33,98,93,92,0,2,51,119,23,123,121,80,55,3,39,67,81,69,95,61,26,15,48,62,86,74,25,42,32,55,116,73,41,61,68,26,98,19,37,100,52,50,39,69,76,54,75,82,18,45,66,74,85,31,25,106,46,108,71,37,35,107,98,71,75,73,20,76,26,50,91,68,65,48,46,66,67,79,76,23,38,71,69,33,44,72,93,33,25,84,27,48,119,95,91,46,59,64,64,70,120,57,119,55,87,50,128,44,36,35,46,61,52,36,42,78,40,58,98,93,44,46,40,43,123,116,63,52,41,71,73,42,44,70,43,43,54,43,48,91,44,56,77,60,52,78,130,64,47,75,106,105,104,49,74,49,60,50,51,71,134,127,53,60
122,109,94,54,44,46,80,67,63,40,41,125,39,43,93,44,85,67,123,36,43,92,34,45,49,114,34,32,63,110,92,36,69,60,56,42,30,74,108,38,54,45,26,29,84,81,33,60,66,24,89,118,53,26,34,53,34,64,20,127,78,64,109,64,45,42,15,101,53,16,105,103,52,72,33,23,54,70,12,26,47,55,52,45,34,10,34,117,70,60,24,43,23,17,14,48,95,83,62,53,21,107,30,3,13,103,35,100,95,94,2,0,49,121,25,125,123,82,57,2,37,65,83,67,97,63,28,16,46,60,88,76,23,40,34,53,118,75,43,59,66,24,100,17,35,102,54,52,37,67,78,52,73,84,19,43,65,72,87,33,27,108,48,110,73,39,37,109,100,69,77,74,20,78,25,48,93,70,67,50,47,64,65,81,77,24,36,73,71,34,42,70,95,34,25,86,27,47,121,97,93,48,57,63,62,68,122,58,121,54,89,48,130,45,36,35,45,59,53,36,41,76,39,57,100,95,45,47,41,43,125,118,65,54,41,70,71,42,43,69,43,42,53,43,47,93,44,58,75,62,53,76,132,66,47,73,107,106,106,48,72,49,59,50,50,69,136,129,53,59
169,156,140,93,52,50,125,110,106,67,57,172,58,49,139,46,130,38,171,57,82,138,56,39,37,161,53,61,32,158,139,76,32,106,102,85,48,34,156,81,26,91,48,43,131,128,36,25,113,48,137,166,20,70,28,101,27,112,61,176,126,112,158,112,92,18,45,150,101,60,153,151,101,121,81,31,12,23,56,27,10,11,100,93,82,55,18,166,119,108,27,91,71,64,38,6,144,132,111,102,28,156,79,48,36,152,84,149,144,143,51,49,0,170,74,174,172,131,106,49,12,16,132,18,146,112,77,65,5,12,137,125,27,10,82,7,167,124,91,12,18,27,149,35,17,150,103,101,18,20,127,13,26,133,64,16,20,26,136,79,73,157,95,159,121,86,84,157,148,25,125,122,48,126,39,21,142,117,114,97,94,25,25,129,125,60,31,120,118,77,28,29,143,76,54,134,53,29,169,145,141,92,28,29,30,32,170,103,169,33,136,36,177,86,51,61,41,35,95,61,47,40,52,37,146,141,82,85,72,50,172,165,108,94,72,41,41,71,54,41,72,60,45,63,52,138,70,96,46,101,89,48,178,106,67,48,153,152,151,65,48,66,52,67,66,50,182,175,83,55
42,47,55,96,144,148,66,79,83,123,136,40,133,146,53,149,59,181,37,131,103,50,131,154,160,36,132,123,178,35,46,104,186,74,78,95,134,192,32,98,170,87,132,137,48,51,145,178,64,130,42,23,171,105,150,73,151,62,112,18,48,61,21,61,81,161,128,25,71,112,21,23,71,51,91,142,174,190,116,145,167,175,71,78,89,116,154,10,52,63,144,79,99,106,133,169,27,38,59,68,142,15,91,122,134,18,86,21,26,27,119,121,170,0,96,4,2,39,64,121,158,186,38,188,24,58,93,105,167,181,33,45,143,161,88,174,7,46,79,180,187,144,22,136,155,22,69,71,156,187,46,171,193,40,109,163,184,192,38,93,100,21,77,20,52,87,89,22,29,189,49,52,127,50,137,166,36,59,62,79,82,182,183,48,52,117,151,57,59,100,158,188,38,101,124,46,127,161,27,39,42,86,173,179,178,185,29,77,31,167,50,159,33,97,136,125,153,172,89,126,144,191,138,168,47,50,104,101,116,143,39,40,80,94,117,182,184,119,141,180,118,133,158,131,147,58,123,96,186,92,104,187,46,88,130,183,53,54,54,134,181,135,161,134,136,176,50,50,116,158
99,87,73,43,59,62,60,50,48,46,53,102,51,59,72,62,64,89,100,48,36,69,46,64,69,91,47,40,86,87,69,30,93,40,38,30,45,98,85,28,77,29,42,47,60,58,53,84,44,40,65,94,77,21,57,31,57,41,23,102,54,41,85,40,23,66,34,76,30,21,80,78,29,48,13,47,79,95,22,50,72,80,28,21,13,22,59,92,46,35,49,19,9,13,38,73,70,58,37,28,46,82,6,26,38,78,10,75,70,69,23,25,74,96,0,100,98,57,32,25,62,90,58,92,72,38,4,9,71,85,63,51,47,65,9,78,93,50,18,84,91,49,75,41,60,77,30,28,61,92,53,76,98,59,18,67,89,97,63,15,14,83,25,86,49,19,18,84,75,94,53,50,35,53,44,72,69,46,43,29,27,88,89,57,54,29,57,50,48,23,64,94,71,24,35,62,38,68,97,73,69,30,80,85,85,91,97,38,97,75,66,68,105,33,49,42,63,81,38,43,56,98,52,77,77,72,37,38,40,57,101,94,47,41,41,91,93,43,56,89,44,51,70,50,62,71,47,45,96,48,45,97,108,51,53,93,85,84,83,56,92,57,75,57,58,88,113,106,51,74
44,49,59,100,148,152,70,82,87,127,140,41,137,150,57,153,63,185,39,135,107,54,135,158,164,38,137,127,182,38,50,109,191,78,82,99,138,196,35,102,174,91,136,142,52,55,149,182,68,134,46,25,175,109,154,78,155,66,117,18,52,66,24,65,85,165,132,29,76,116,25,27,75,56,95,146,178,194,120,149,171,179,75,82,93,121,158,13,56,67,148,83,103,110,137,173,31,43,63,72,146,19,95,126,138,22,90,25,30,31,123,125,174,4,100,0,2,43,68,125,162,190,42,192,28,62,97,109,171,185,37,49,147,165,92,178,9,50,83,184,191,148,26,140,159,26,73,75,160,191,49,175,197,44,113,166,188,196,41,97,104,23,81,22,56,91,93,24,31,193,53,56,131,53,141,170,39,62,65,82,85,186,187,51,55,121,154,60,62,103,162,192,40,105,128,49,130,165,27,41,44,90,177,183,182,189,29,80,31,171,52,163,32,100,140,128,157,176,92,130,148,195,141,172,49,52,107,105,120,147,39,40,83,97,120,186,188,122,144,184,122,137,162,134,151,60,126,99,190,95,107,191,45,91,134,187,54,55,55,138,185,138,165,138,140,180,49,49,120,162
44,48,57,98,146,150,68,81,85,125,139,41,135,148,55,151,61,183,38,134,105,52,133,156,162,38,135,125,180,37,48,107,189,76,80,97,136,194,34,100,172,89,134,140,50,53,147,180,66,132,44,24,173,107,152,76,153,64,115,18,50,64,23,63,83,163,130,27,74,114,24,25,73,54,93,144,176,192,118,147,169,177,73,80,91,119,156,12,54,65,146,81,101,108,135,171,29,41,61,70,144,17,93,124,136,20,88,23,28,29,121,123,172,2,98,2,0,41,66,123,160,188,40,190,26,60,95,107,169,183,35,47,145,163,90,176,7,48,81,182,189,146,24,138,157,24,71,73,158,189,47,173,195,42,111,164,186,194,39,95,102,21,79,21,54,89,91,23,30,191,51,54,129,51,139,168,37,60,63,81,83,184,185,50,53,119,152,58,60,101,160,190,39,103,126,48,128,163,26,40,43,88,175,181,180,187,28,78,31,169,51,161,32,98,138,126,155,174,91,128,146,193,139,170,48,51,105,103,118,145,38,40,81,95,118,184,186,120,142,182,120,135,160,133,149,59,124,97,188,93,106,189,45,89,132,185,53,54,54,136,183,136,163,136,138,178,49,49,118,160
54,47,43,64,108,112,44,50,53,88,100,55,97,109,40,112,39,143,52,95,68,36,94,117,122,44,96,86,140,41,32,68,148,42,45,59,97,154,37,62,132,52,94,100,26,26,107,139,32,92,24,41,133,67,112,38,113,28,74,48,19,27,31,26,43,122,89,23,34,74,26,24,34,17,53,103,136,152,77,107,129,137,33,40,50,78,116,36,16,25,105,41,61,68,94,130,15,7,21,30,103,25,52,83,95,21,47,18,13,12,80,82,131,39,57,43,41,0,25,82,119,147,1,149,15,19,54,66,128,142,7,7,104,122,49,135,36,9,40,141,148,105,19,97,116,21,30,32,117,148,12,132,154,12,70,124,145,153,14,55,61,29,40,31,19,49,51,30,23,150,18,20,89,19,99,127,21,26,28,42,45,143,144,21,22,79,112,26,27,62,119,150,25,63,86,24,89,123,44,28,27,50,135,140,140,147,46,43,46,129,31,121,54,61,98,87,115,134,55,89,107,153,100,130,37,36,68,66,80,106,52,48,49,60,81,144,146,83,104,142,82,97,121,94,110,42,87,63,148,60,70,150,61,58,94,145,48,48,48,98,144,99,124,98,100,139,66,61,82,121
72,62,51,48,86,89,44,42,43,67,78,74,75,86,49,89,43,120,72,73,49,46,72,93,99,63,73,64,116,59,44,48,124,30,31,40,73,130,56,42,108,33,70,76,35,33,83,115,25,69,38,63,108,44,88,21,88,20,51,71,26,19,54,18,23,97,65,46,16,49,49,47,15,19,29,78,111,127,52,82,104,112,13,17,26,53,91,61,16,10,81,17,36,43,70,105,39,27,9,7,78,50,27,58,70,46,22,43,38,37,55,57,106,64,32,68,66,25,0,57,94,122,26,124,40,6,29,41,103,117,31,19,79,97,24,110,61,19,16,116,123,80,44,72,91,45,10,11,92,123,23,108,129,29,46,99,121,129,32,31,37,52,18,54,21,27,28,52,44,125,25,23,64,25,74,103,39,22,21,23,25,119,120,30,27,55,88,25,24,40,95,125,42,41,62,35,65,98,66,44,41,32,110,116,115,122,67,29,67,104,40,97,75,42,75,65,91,110,38,66,83,129,77,106,50,47,49,48,59,83,72,66,38,43,60,120,122,62,81,119,62,75,98,73,87,49,66,48,125,47,53,126,80,46,73,122,60,60,59,77,120,78,102,78,79,115,85,78,64,99
123,110,95,55,46,48,81,68,65,42,43,126,41,45,94,46,85,68,124,38,45,92,36,46,50,114,36,34,64,111,93,37,70,61,57,43,32,75,109,40,55,47,28,30,84,81,34,61,67,26,89,118,54,28,35,54,35,65,21,127,78,65,109,64,45,43,17,101,53,18,105,103,53,72,34,24,55,70,13,27,48,55,52,45,35,12,35,117,71,60,25,43,24,17,15,49,95,83,62,53,22,107,30,5,14,103,35,100,95,94,3,2,49,121,25,125,123,82,57,0,37,65,83,67,97,63,28,16,46,60,88,76,22,40,33,53,118,75,42,59,66,24,100,17,35,101,54,52,36,67,78,51,73,84,18,43,64,72,87,32,26,108,47,110,73,38,36,108,99,69,77,74,18,77,23,48,93,69,66,49,47,63,64,81,77,22,35,72,71,33,41,70,95,33,23,85,25,45,121,97,93,47,56,62,61,68,121,57,121,52,89,47,129,44,34,33,43,58,52,34,39,75,37,55,99,94,43,46,39,41,124,117,64,52,40,69,70,40,41,67,41,40,51,41,46,92,42,56,74,60,52,75,131,64,45,72,106,106,105,46,71,47,57,48,48,68,135,128,52,57
158,145,129,84,47,46,114,100,96,59,50,161,51,45,128,42,120,43,160,50,72,127,48,37,36,150,46,52,38,147,128,66,40,95,91,74,40,44,145,70,30,80,40,35,120,117,30,32,102,39,125,155,25,59,23,89,22,101,51,164,114,101,146,100,81,17,35,138,89,49,142,140,89,109,69,21,21,35,45,18,15,21,89,82,71,43,12,154,107,97,17,80,60,53,27,14,132,120,99,90,17,144,67,36,25,140,72,137,132,131,39,37,12,158,62,162,160,119,94,37,0,28,120,30,134,100,65,53,9,23,125,113,15,4,70,16,155,112,79,23,29,15,137,23,8,138,90,88,9,30,115,17,37,121,51,13,29,36,124,67,60,145,83,147,109,74,72,145,136,34,113,110,36,113,28,19,129,105,102,84,81,30,31,117,113,48,23,108,106,65,22,36,131,64,43,121,42,25,157,133,129,80,29,32,32,37,158,91,157,31,124,31,165,74,41,50,34,35,83,50,38,45,43,36,134,129,71,74,61,42,160,153,96,82,61,43,44,60,45,43,62,51,40,53,44,126,60,85,49,90,78,50,166,94,58,49,141,140,139,56,49,57,47,58,57,49,170,163,72,50
185,171,156,109,64,62,140,126,121,82,70,189,72,62,155,58,146,40,187,71,97,154,70,51,47,177,68,76,36,174,155,91,31,122,118,101,63,30,172,96,33,106,63,58,147,144,50,28,129,63,153,182,27,86,43,117,41,128,77,192,142,128,174,128,108,31,61,166,117,76,170,168,117,137,97,47,18,14,72,43,22,16,117,110,99,71,34,182,135,124,43,107,87,81,54,19,160,148,127,118,44,172,95,64,52,168,100,165,160,159,67,65,16,186,90,190,188,147,122,65,28,0,148,2,162,128,93,81,19,5,153,141,43,25,98,13,183,140,107,8,5,42,165,50,32,166,118,116,31,9,142,19,13,148,79,27,12,13,152,95,88,173,111,175,137,101,99,173,164,16,141,138,62,141,53,28,157,133,130,112,109,21,20,145,141,74,43,136,134,92,37,22,159,91,68,149,67,37,185,160,156,107,30,28,29,27,185,118,184,37,151,43,193,100,63,74,50,37,109,73,57,34,64,41,161,156,96,99,85,61,187,180,122,108,85,39,38,84,64,40,85,71,52,74,61,153,82,110,43,115,102,44,193,120,78,46,167,166,166,76,47,76,57,78,76,51,197,189,95,61
54,48,44,65,109,113,45,52,55,89,102,55,98,110,41,114,41,145,52,96,69,37,95,118,124,44,97,87,141,41,33,70,149,43,46,61,98,155,37,64,133,53,95,101,27,28,108,141,33,94,25,41,134,69,113,39,114,29,76,47,20,28,31,28,45,123,91,23,36,75,26,24,35,18,54,104,137,153,78,108,130,138,34,41,51,79,117,36,17,26,107,42,62,69,96,131,14,8,22,31,104,25,53,84,96,21,48,17,13,12,81,83,132,38,58,42,40,1,26,83,120,148,0,150,14,20,55,67,129,143,5,7,105,123,50,136,35,9,41,142,149,106,18,98,117,20,31,33,118,149,12,133,155,11,71,124,146,154,12,55,62,27,40,30,18,50,52,28,21,151,18,19,89,19,99,128,20,25,28,42,45,144,145,21,22,80,113,25,26,63,120,150,24,64,87,23,89,123,43,27,26,51,135,141,140,147,44,43,45,129,30,122,52,61,99,88,116,135,55,89,107,154,101,131,36,35,69,67,80,106,51,46,49,60,81,145,147,83,104,143,83,97,121,95,110,41,87,63,149,60,71,150,59,57,95,146,47,47,46,99,144,99,125,99,101,139,64,59,82,122
187,174,158,111,67,64,143,128,124,84,72,191,74,64,157,60,148,41,189,73,100,156,72,53,49,180,70,78,37,176,157,94,32,124,120,103,65,31,175,99,35,109,65,60,149,147,52,30,132,65,155,185,29,88,45,119,43,131,80,194,144,130,176,130,110,33,63,168,119,79,172,170,119,139,99,49,20,14,74,45,25,18,119,112,101,73,36,184,137,126,45,109,90,83,56,21,162,150,129,120,47,174,97,66,54,170,102,167,162,161,69,67,18,188,92,192,190,149,124,67,30,2,150,0,164,130,95,83,21,7,155,143,45,27,100,14,185,142,109,9,4,44,167,52,34,168,120,118,33,8,144,20,11,150,81,28,12,12,153,97,90,174,113,177,139,103,101,175,166,15,143,140,64,143,55,29,159,134,131,114,111,20,20,146,142,76,44,138,136,93,38,21,161,93,70,151,68,38,187,162,158,109,30,27,29,26,187,120,186,38,153,44,194,102,64,75,50,37,111,75,58,33,65,42,163,158,97,101,86,62,189,182,124,109,86,38,38,85,65,40,86,72,52,75,62,155,84,111,43,116,103,43,195,121,79,45,169,168,167,77,47,77,57,79,77,51,199,191,96,61
48,45,47,77,123,126,52,62,65,102,115,48,112,124,44,127,46,158,45,110,82,40,109,132,137,39,110,101,155,36,35,83,163,54,58,73,112,169,32,77,147,66,109,115,33,34,122,155,44,107,28,31,148,82,127,52,128,41,89,35,29,40,22,40,58,137,105,17,49,89,17,17,49,30,68,118,151,167,92,122,144,152,48,55,65,93,131,23,30,40,121,56,76,83,110,145,9,17,36,45,118,12,67,98,110,8,62,6,5,6,95,97,146,24,72,28,26,15,40,97,134,162,14,164,0,34,69,81,143,157,9,21,119,137,64,150,21,22,55,156,163,120,6,112,131,8,45,47,132,163,22,147,169,17,85,138,160,168,16,69,76,16,53,18,29,63,65,17,14,165,27,29,103,27,113,142,18,36,38,55,58,158,159,27,30,93,126,34,36,76,134,164,22,77,100,27,103,137,32,24,25,63,149,155,154,161,33,54,34,143,32,135,41,73,112,101,129,148,66,102,120,167,114,144,34,35,81,78,93,119,42,39,58,71,93,158,160,95,117,156,95,110,134,107,123,43,99,73,162,70,82,163,50,67,107,159,44,44,44,111,157,111,138,111,113,152,55,51,94,134
69,59,50,53,92,95,44,45,46,73,84,71,81,93,47,96,43,126,68,79,54,44,78,100,105,59,79,70,122,55,42,53,130,34,35,45,80,136,52,48,114,38,77,82,33,31,89,121,27,75,35,59,115,51,94,26,95,21,57,66,24,20,49,19,28,104,71,41,21,56,44,42,20,17,35,84,117,133,59,88,110,118,18,23,33,59,97,55,14,13,87,24,42,49,76,111,33,22,9,13,84,45,34,64,76,40,29,37,32,31,61,63,112,58,38,62,60,19,6,63,100,128,20,130,34,0,35,47,109,123,25,13,85,103,30,116,55,12,21,122,129,86,37,78,97,39,12,14,98,129,17,113,135,22,51,104,126,134,25,36,42,46,22,48,15,31,33,46,38,131,19,17,70,20,80,108,33,18,18,25,28,124,125,24,22,60,93,21,20,44,100,131,36,45,67,29,70,104,60,38,35,34,116,121,121,127,61,29,61,110,35,102,69,45,80,69,96,115,40,71,88,134,82,111,45,42,52,50,63,87,66,60,38,45,63,125,127,65,85,124,65,79,102,77,92,44,70,49,130,47,55,131,74,46,77,127,55,54,54,81,125,82,106,81,83,120,79,72,66,103
98,86,73,46,64,67,60,51,49,50,57,101,55,64,71,66,63,93,98,52,39,69,50,69,74,89,51,44,90,85,68,34,97,41,38,32,50,102,83,31,81,31,46,51,59,56,57,88,43,44,64,91,81,25,61,31,61,40,28,100,52,39,82,39,24,70,38,74,29,25,78,76,28,46,15,50,82,98,26,54,75,83,26,21,14,26,62,90,44,33,52,18,13,17,41,77,68,56,35,26,50,79,7,30,42,75,9,72,67,66,26,28,77,93,4,97,95,54,29,28,65,93,55,95,69,35,0,12,74,88,60,48,50,68,5,81,90,47,14,87,94,51,72,43,62,73,26,24,63,94,50,79,100,56,18,70,92,100,59,11,13,80,21,82,45,15,14,80,71,96,49,46,36,50,46,74,65,42,39,25,23,90,91,53,50,29,59,46,44,20,66,96,67,22,36,58,39,70,93,69,66,26,82,87,87,93,94,34,93,76,62,69,102,30,49,41,64,82,34,43,57,100,52,78,72,68,34,35,39,57,97,90,43,37,40,92,94,42,56,91,42,51,71,50,62,67,46,42,97,44,42,98,104,47,52,94,81,80,79,55,93,56,76,56,57,89,109,102,49,74
109,96,82,49,56,58,69,58,55,45,51,112,48,55,81,57,73,83,110,45,40,79,43,59,64,100,44,38,79,97,79,33,86,49,46,35,41,91,94,33,70,36,38,42,70,67,47,76,53,35,75,103,69,23,50,40,50,51,22,112,63,50,94,50,32,58,28,86,39,18,89,87,38,57,21,39,71,86,17,42,64,71,37,31,21,17,51,102,55,45,41,28,13,11,30,65,80,68,47,38,38,91,16,18,30,87,20,84,79,78,15,16,65,105,9,109,107,66,41,16,53,81,67,83,81,47,12,0,62,76,72,60,38,56,17,69,102,59,26,75,82,39,84,31,50,85,38,36,51,82,62,67,88,68,10,58,80,88,71,17,13,92,31,94,57,23,21,92,83,84,61,58,26,61,35,62,77,53,50,34,32,78,79,65,61,21,48,57,55,22,55,84,79,22,27,70,30,59,105,81,77,33,70,76,75,82,105,43,105,65,73,59,113,33,40,34,54,71,39,36,47,89,43,68,83,79,35,37,35,48,108,102,50,41,36,81,83,38,48,80,38,44,61,43,53,77,41,46,86,49,43,88,115,52,46,84,91,90,90,49,83,50,67,50,51,79,120,112,47,65
167,154,139,93,54,51,123,109,105,67,57,171,59,51,138,48,129,42,169,57,81,136,56,42,40,159,54,61,37,156,137,75,37,104,100,83,48,39,154,79,30,89,48,43,129,126,37,29,111,47,135,164,24,68,29,98,28,110,60,173,124,110,155,110,90,20,44,147,98,59,151,149,98,118,78,30,17,27,54,26,14,16,98,91,80,53,18,163,117,106,26,89,69,62,36,10,141,129,108,99,26,153,76,46,34,149,81,146,141,140,48,46,5,167,71,171,169,128,103,46,9,19,129,21,143,109,74,62,0,14,134,122,24,6,79,7,164,121,88,13,20,23,146,31,13,147,99,97,13,21,123,10,28,129,60,11,20,27,132,76,69,153,92,156,118,82,80,154,145,25,122,119,44,122,35,16,138,113,110,93,90,23,23,125,121,55,26,117,115,73,23,28,140,72,50,130,49,24,166,141,137,88,24,26,27,30,166,99,165,28,132,31,174,82,46,56,36,31,91,56,42,38,47,33,142,137,78,81,67,45,168,161,103,90,67,38,38,66,49,38,68,55,40,58,47,134,66,92,43,97,84,45,174,102,62,44,149,148,147,60,45,61,47,62,61,46,178,171,78,50
181,167,152,105,62,60,136,122,118,78,67,184,69,59,151,56,142,41,182,68,94,150,67,49,45,173,65,73,36,170,151,87,33,117,114,96,59,33,168,92,33,102,60,54,143,140,47,28,125,59,148,178,26,81,39,112,38,124,73,187,137,124,169,123,104,28,57,161,112,72,165,163,112,132,92,43,17,17,67,39,20,15,112,105,94,66,30,177,131,120,39,103,83,76,49,16,155,143,122,113,40,167,90,59,48,163,95,160,155,154,62,60,12,181,85,185,183,142,117,60,23,5,143,7,157,123,88,76,14,0,148,136,38,20,93,7,178,135,102,3,7,37,160,45,26,161,113,111,26,9,137,13,15,143,74,21,10,15,146,90,83,167,106,169,132,96,94,168,159,16,136,133,57,136,48,23,152,127,124,107,104,18,18,139,135,69,37,131,129,86,32,21,153,86,63,144,61,32,180,155,151,102,26,24,25,25,180,113,179,33,146,38,187,95,57,68,45,33,104,68,52,33,58,37,156,151,91,94,79,55,182,175,117,103,80,36,36,78,59,37,80,66,47,69,56,148,77,104,41,109,97,42,188,114,73,43,162,161,160,70,44,71,52,72,71,48,192,184,89,56
53,48,46,70,115,118,49,56,60,94,107,54,104,116,43,119,44,150,51,102,75,39,101,123,129,43,102,93,147,40,35,75,155,48,51,66,103,160,36,69,139,58,101,106,30,31,114,146,38,99,27,38,139,74,118,44,119,34,81,43,24,33,28,33,50,129,96,22,41,80,23,22,41,23,59,109,142,158,83,113,135,143,40,46,57,84,122,32,22,32,112,48,67,74,101,136,12,11,28,36,109,21,59,89,101,17,53,13,9,8,86,88,137,33,63,37,35,7,31,88,125,153,5,155,9,25,60,72,134,148,0,12,110,128,55,141,30,13,46,147,154,111,13,103,122,14,36,37,123,154,14,138,160,10,76,129,151,159,10,60,67,22,44,24,21,54,56,23,16,156,19,21,94,20,104,133,16,28,30,46,49,149,150,21,23,84,117,27,28,67,124,155,20,68,91,22,94,128,38,24,23,54,140,146,145,152,39,45,40,134,28,126,47,65,103,92,120,139,58,93,111,158,105,135,33,33,72,70,84,110,46,42,51,63,85,149,151,87,108,147,86,101,126,99,114,39,91,66,153,62,73,155,55,59,98,150,44,44,43,102,148,103,129,102,104,143,60,55,85,126
60,52,47,62,104,107,46,50,52,84,96,62,93,105,44,108,42,139,59,91,65,40,90,112,118,50,91,82,135,47,37,65,143,40,43,56,92,149,43,59,127,48,89,95,29,29,102,134,31,88,29,48,127,63,107,35,107,26,70,54,21,25,38,24,39,117,84,30,31,68,33,31,30,17,48,97,130,146,72,101,123,131,29,35,45,72,110,43,14,21,100,36,55,62,89,124,21,12,17,25,97,32,47,77,89,28,42,25,20,19,74,76,125,45,51,49,47,7,19,76,113,141,7,143,21,13,48,60,122,136,12,0,98,116,43,129,42,2,34,135,142,99,24,91,110,26,24,26,111,142,8,126,148,11,64,117,139,147,14,48,55,33,33,35,13,43,45,34,26,144,14,15,82,15,92,121,22,20,21,35,38,137,138,18,18,72,106,20,21,55,113,143,26,57,80,22,82,116,48,29,26,44,128,134,133,140,49,36,49,122,29,114,57,54,92,81,108,128,48,82,100,146,94,123,37,35,62,60,73,99,55,49,43,53,74,138,139,76,97,136,76,90,114,88,103,39,80,57,142,54,64,143,63,52,88,139,47,47,47,92,137,92,118,92,94,132,68,62,76,115
145,131,116,73,46,46,102,88,84,52,47,148,47,44,115,43,107,54,146,44,62,114,43,40,41,136,41,45,49,133,114,55,53,82,78,62,35,57,131,59,40,67,33,31,106,103,29,44,89,32,111,140,37,47,25,76,24,87,39,149,100,87,132,86,67,26,25,123,75,37,127,125,75,94,55,16,35,50,32,15,28,35,74,67,57,30,18,140,93,82,13,65,46,39,16,28,117,105,85,76,9,129,53,22,12,125,57,122,117,116,25,23,27,143,47,147,145,104,79,22,15,43,105,45,119,85,50,38,24,38,110,98,0,18,55,31,140,97,64,37,44,3,122,8,13,123,75,73,14,44,99,29,51,105,36,21,42,50,108,52,45,129,68,132,94,58,56,130,121,47,98,95,22,98,17,27,114,90,87,69,66,42,43,102,98,33,19,93,91,50,23,48,116,49,29,106,29,27,142,117,113,65,36,41,41,47,142,76,142,34,109,31,150,60,31,38,31,40,68,38,31,55,34,38,119,114,57,60,47,34,144,138,81,68,48,49,51,48,37,49,49,40,38,42,38,111,48,70,55,75,64,57,151,80,47,54,126,125,124,46,54,47,45,48,48,52,155,147,60,47
162,148,133,88,51,50,118,104,100,64,55,165,56,49,132,46,123,45,163,54,76,131,52,41,39,154,50,57,40,150,132,70,41,99,95,78,45,44,148,74,32,84,44,40,123,121,34,33,106,43,129,158,27,63,27,93,25,104,55,167,118,104,149,104,84,20,39,141,93,53,145,143,93,112,73,26,21,33,48,22,16,21,92,85,74,47,16,158,111,100,21,83,63,56,30,14,135,123,102,93,21,147,70,40,28,143,75,140,135,134,42,40,10,161,65,165,163,122,97,40,4,25,123,27,137,103,68,56,6,20,128,116,18,0,73,13,158,115,82,19,26,17,140,25,7,141,93,91,8,27,117,13,33,123,54,9,25,32,126,70,63,147,86,149,112,76,74,148,139,30,116,113,38,116,29,16,132,107,104,87,84,26,27,119,115,49,22,111,109,67,20,32,134,66,44,124,43,22,160,135,131,82,25,28,28,33,160,93,159,27,126,28,168,76,41,51,32,31,85,51,37,41,43,32,136,131,72,75,61,41,162,155,97,84,62,39,40,61,44,39,62,50,38,53,43,128,60,86,45,91,79,46,168,96,57,45,143,142,141,55,45,56,45,58,56,46,172,165,72,47
95,83,70,47,69,72,58,51,49,54,62,97,60,69,68,71,61,99,95,57,42,66,55,74,79,85,56,48,95,82,65,37,102,39,38,34,55,108,79,34,86,31,51,56,56,53,63,93,41,49,60,87,86,29,66,29,66,37,33,96,48,36,78,36,23,75,44,70,26,30,73,71,25,42,17,56,88,103,31,59,81,88,23,19,15,32,68,85,40,30,58,16,17,22,47,82,63,51,31,22,55,75,9,35,47,70,8,67,62,61,32,34,82,88,9,92,90,49,24,33,70,98,50,100,64,30,5,17,79,93,55,43,55,73,0,86,85,42,9,92,99,56,67,48,67,68,21,19,68,99,45,83,105,51,22,74,96,104,54,10,14,75,16,77,40,11,11,75,66,101,44,41,40,44,50,78,60,37,34,20,18,94,95,48,44,32,63,40,38,20,70,101,62,21,39,53,42,74,88,64,60,23,86,92,91,98,88,29,88,80,57,73,96,28,52,43,68,86,31,45,60,104,55,82,67,63,33,34,40,60,92,85,38,34,40,96,98,42,59,95,43,53,74,52,65,62,47,39,101,41,40,102,99,43,53,98,76,75,74,57,97,57,79,57,59,92,103,96,48,77
174,161,146,100,59,57,130,116,112,74,64,178,65,56,145,53,136,43,176,64,88,144,62,47,44,167,60,68,38,163,145,82,36,111,108,91,55,38,161,87,33,96,55,50,136,133,43,30,119,54,142,171,26,75,35,106,34,117,67,180,131,117,162,117,97,25,51,154,106,66,158,156,106,125,86,37,17,23,61,33,17,16,105,98,87,60,25,171,124,113,33,96,76,69,43,13,148,136,116,106,34,160,83,53,41,156,88,153,148,147,55,53,7,174,78,178,176,135,110,53,16,13,136,14,150,116,81,69,7,7,141,129,31,13,86,0,171,128,95,6,13,30,153,38,19,154,106,104,19,14,130,8,20,136,66,14,13,20,139,82,76,160,99,162,124,89,87,160,151,18,129,126,50,129,40,17,145,120,117,99,96,17,18,132,128,61,30,123,121,79,25,22,146,78,55,136,54,26,172,148,144,95,22,22,23,25,173,106,172,28,139,32,180,88,50,61,38,29,97,61,45,33,51,33,148,144,83,87,72,49,174,167,109,95,72,34,35,71,52,35,73,59,42,62,50,140,70,97,40,102,89,41,181,107,66,41,155,154,153,64,42,64,47,66,64,44,185,177,82,51
48,51,58,96,143,147,68,79,83,122,135,46,132,145,56,148,61,179,43,130,102,53,130,153,158,41,131,121,176,40,48,103,185,74,77,94,133,190,36,97,168,86,130,136,49,51,143,176,64,129,43,28,169,103,148,72,149,61,111,24,48,61,24,60,79,159,126,27,70,110,24,25,70,50,89,139,172,188,113,143,165,173,69,76,86,114,152,15,50,61,142,77,97,104,131,167,26,37,57,66,139,15,89,119,131,17,83,20,24,25,116,118,167,7,93,9,7,36,61,118,155,183,35,185,21,55,90,102,164,178,30,42,140,158,85,171,0,43,76,177,184,141,18,133,152,17,65,67,153,184,41,168,190,36,105,159,181,189,33,89,96,14,74,13,48,84,86,16,23,185,45,48,124,45,134,163,30,54,57,75,77,179,180,43,47,113,147,52,54,96,154,185,32,97,120,41,123,157,21,33,36,82,169,175,174,181,23,72,25,163,44,155,28,92,132,120,149,168,84,122,140,187,133,164,40,44,99,96,112,139,33,34,75,88,112,178,180,114,136,176,114,129,154,126,143,52,118,90,182,86,99,183,40,82,126,179,47,47,48,130,177,130,157,129,131,171,45,44,111,153
62,55,49,62,104,107,47,51,54,84,96,64,93,105,46,108,44,138,61,91,65,42,90,112,117,52,91,82,135,49,39,65,143,41,44,56,92,148,45,59,126,49,89,95,31,31,102,134,33,87,31,50,127,63,106,35,107,27,69,56,23,26,40,26,40,116,84,32,31,68,35,33,31,18,48,97,129,145,71,100,122,130,29,35,45,72,109,45,16,22,99,36,55,62,88,124,23,14,18,25,97,34,46,77,89,29,41,26,22,21,73,75,124,46,50,50,48,9,19,75,112,140,9,142,22,12,47,59,121,135,13,2,97,115,42,128,43,0,33,134,141,98,25,90,109,26,22,24,110,141,6,125,147,11,62,116,138,146,14,47,54,33,31,35,11,41,43,34,25,142,12,12,81,13,91,120,21,17,19,34,36,136,137,16,16,71,104,18,19,54,111,142,25,55,78,20,81,115,48,28,25,42,127,133,132,139,49,34,49,121,27,113,57,52,90,79,107,126,46,80,98,145,92,122,35,33,60,58,72,97,54,49,41,51,72,136,138,74,95,134,74,88,113,86,102,38,78,54,140,52,62,141,62,49,86,137,46,46,45,90,135,90,116,90,92,130,67,62,74,113
87,76,64,49,76,79,54,49,48,60,69,90,66,76,62,79,56,107,87,64,45,59,62,82,87,78,63,55,104,74,58,42,111,37,36,37,63,116,72,37,95,32,59,64,49,47,71,102,36,57,53,79,95,35,75,26,75,31,40,87,41,30,70,30,22,84,52,61,22,38,65,63,21,34,21,65,97,112,40,68,90,97,18,16,18,40,77,76,32,23,67,14,24,30,56,91,54,43,23,16,64,66,16,44,56,62,11,59,54,53,41,43,91,79,18,83,81,40,16,42,79,107,41,109,55,21,14,26,88,102,46,34,64,82,9,95,76,33,0,101,108,65,58,57,76,59,12,10,77,108,36,92,114,42,30,83,105,113,45,15,22,66,9,68,31,12,13,66,57,110,35,32,49,35,58,87,51,28,26,15,15,103,104,39,36,39,72,32,30,25,79,109,53,26,47,44,49,82,79,55,51,21,94,100,99,106,79,24,79,89,49,81,87,30,59,50,75,94,29,51,68,113,62,90,59,55,36,35,45,67,83,76,34,34,45,104,106,47,66,103,47,59,82,58,72,54,52,38,109,39,42,110,90,40,59,106,68,67,66,62,104,63,86,63,64,100,95,88,51,84
180,167,152,106,64,61,136,122,118,79,69,184,70,61,151,58,142,44,182,69,94,150,68,51,48,173,66,73,39,169,151,88,36,117,114,97,60,36,167,92,35,102,60,55,142,139,48,31,125,60,148,177,29,81,40,112,39,123,73,186,137,123,168,123,103,30,57,160,112,72,164,162,112,131,92,43,19,21,67,39,21,18,111,104,93,66,31,177,130,119,39,102,82,75,49,17,154,143,122,113,40,166,90,59,47,162,94,159,154,153,61,59,12,180,84,184,182,141,116,59,23,8,142,9,156,122,87,75,13,3,147,135,37,19,92,6,177,134,101,0,7,36,159,44,25,160,112,110,24,8,136,11,14,142,72,19,8,14,145,88,81,166,104,168,130,95,93,166,157,14,135,132,55,135,46,20,151,126,123,105,102,15,15,138,134,67,35,129,127,85,29,18,152,84,61,142,59,29,178,153,149,100,23,21,22,22,178,111,178,30,144,35,186,93,55,66,42,30,102,66,49,30,56,34,154,149,89,92,77,53,180,173,115,101,77,33,33,76,56,34,77,64,44,67,53,146,75,102,38,107,94,39,186,112,70,40,160,159,158,68,41,68,49,70,68,44,190,182,87,53
187,174,158,112,69,66,143,129,124,85,74,191,76,66,158,62,149,45,189,75,100,156,73,55,51,180,71,79,41,176,157,94,36,124,120,103,66,35,174,99,38,109,66,61,149,146,54,33,131,66,155,184,32,88,46,119,45,130,80,193,144,130,175,130,110,35,64,167,119,79,171,169,119,138,99,49,22,18,74,45,26,21,118,111,100,73,37,184,137,126,46,109,89,82,56,22,161,149,129,120,46,173,97,66,54,169,101,166,161,160,68,66,18,187,91,191,189,148,123,66,29,5,149,4,163,129,94,82,20,7,154,142,44,26,99,13,184,141,108,7,0,43,166,51,32,167,119,117,31,4,143,17,8,149,79,26,8,9,152,95,88,173,111,175,137,101,100,173,164,11,142,139,62,142,53,26,158,133,130,112,109,16,16,145,141,74,41,136,134,92,35,17,159,91,67,149,66,34,185,160,156,107,26,23,25,22,185,118,185,34,151,40,193,100,61,73,47,33,109,72,55,29,62,38,161,156,95,98,83,59,187,180,122,107,84,34,34,82,62,36,84,69,49,73,58,153,81,109,38,114,101,39,193,119,76,41,167,166,165,73,43,74,53,75,74,47,197,189,93,57
146,133,119,76,49,49,104,91,87,56,50,150,50,47,117,46,109,56,148,48,64,116,46,42,44,138,44,48,51,135,116,57,54,84,80,65,38,58,133,61,42,69,36,34,108,105,32,45,90,35,113,142,38,49,27,77,27,89,41,151,102,88,133,88,69,28,28,125,77,39,129,127,77,96,57,19,36,50,34,18,29,36,76,69,59,33,20,141,94,84,16,67,47,41,19,29,119,107,86,77,12,130,54,25,15,126,59,123,118,117,26,24,27,144,49,148,146,105,80,24,15,42,106,44,120,86,51,39,23,37,111,99,3,17,56,30,141,98,65,36,43,0,123,8,11,124,76,74,12,43,100,27,49,106,36,19,40,48,109,52,46,130,68,132,94,59,57,130,121,45,99,96,21,99,14,24,115,90,87,69,66,40,40,102,98,33,16,93,91,50,20,46,116,49,28,107,28,24,142,118,114,65,34,39,38,44,143,76,142,31,109,28,150,59,29,36,27,37,68,36,28,52,31,35,119,114,56,59,46,32,145,138,81,67,47,47,48,46,34,46,47,38,35,40,35,111,46,70,52,74,63,54,151,79,45,51,126,125,124,44,51,45,42,46,45,49,155,147,58,43
52,50,52,82,127,131,58,67,71,107,120,52,116,128,49,132,52,163,48,114,87,46,113,136,142,43,115,105,159,40,41,88,167,60,63,78,116,173,36,81,151,71,113,119,39,40,126,158,50,112,34,34,152,87,131,57,132,46,94,36,35,45,25,45,63,141,108,22,54,93,21,21,53,35,72,122,154,170,96,125,147,155,52,59,69,97,134,24,34,44,124,60,80,86,113,149,15,22,40,49,122,14,71,102,114,11,66,10,11,12,98,100,149,22,75,26,24,19,44,100,137,165,18,167,6,37,72,84,146,160,13,24,122,140,67,153,18,25,58,159,166,123,0,115,134,2,47,49,135,166,23,150,172,18,87,141,163,171,15,71,78,10,55,12,30,65,67,11,9,167,27,30,105,27,116,144,15,36,39,57,59,161,162,26,30,95,129,34,36,77,136,167,18,79,102,25,105,139,26,20,22,64,151,157,156,163,28,54,29,145,29,137,35,74,114,102,131,150,67,104,122,169,115,146,30,32,81,79,94,121,36,33,58,71,94,160,162,96,118,158,96,111,136,108,125,39,100,73,164,70,82,165,44,66,108,161,39,39,39,112,159,112,139,112,114,154,49,46,94,136
139,126,112,71,50,50,97,85,81,53,49,142,49,48,110,48,102,62,140,46,59,109,44,45,47,131,43,45,57,127,109,52,61,77,74,59,37,65,125,55,47,63,35,34,101,98,34,52,83,33,106,134,45,43,31,70,30,81,36,143,94,81,125,81,62,34,25,117,70,33,121,119,69,88,50,21,43,58,28,21,36,43,68,62,51,27,25,133,87,76,19,59,40,34,16,36,111,99,78,69,14,123,47,18,12,119,51,115,110,109,19,17,35,136,41,140,138,97,72,17,23,50,98,52,112,78,43,31,31,45,103,91,8,25,48,38,133,90,57,44,51,8,115,0,19,116,68,66,20,51,92,35,57,98,28,26,48,56,101,44,37,122,60,124,86,51,49,122,113,53,91,88,14,91,11,31,107,82,79,61,58,47,48,94,90,25,19,85,83,42,25,53,108,41,21,98,22,29,134,110,106,57,40,45,45,51,135,68,134,36,101,31,142,51,25,31,29,42,60,31,27,59,28,40,111,106,49,52,40,30,137,130,73,60,40,52,54,40,32,51,41,34,37,36,34,103,41,62,58,67,56,59,143,72,40,56,118,117,116,40,55,41,44,42,42,53,147,139,52,44
157,144,129,85,53,52,114,101,96,63,55,160,56,50,128,48,119,51,159,54,74,127,52,43,43,149,50,55,46,146,127,67,48,95,91,75,44,51,144,71,37,80,43,39,119,116,35,39,101,42,124,153,33,59,29,88,27,99,51,162,113,99,144,99,80,25,36,136,88,49,140,138,88,107,68,24,28,40,44,21,22,28,87,80,69,43,18,152,105,95,20,78,58,52,27,21,130,118,97,88,18,142,65,35,24,137,70,134,129,128,37,35,17,155,60,159,157,116,91,35,8,32,117,34,131,97,62,50,13,26,122,110,13,7,67,19,152,109,76,25,32,11,134,19,0,135,87,85,2,32,111,16,38,117,47,9,29,37,120,63,56,141,79,143,105,69,67,141,132,34,109,106,31,110,22,15,126,101,98,80,77,29,30,113,109,42,15,104,102,60,15,35,127,59,37,117,36,18,153,128,124,75,25,29,29,34,153,87,153,25,119,24,161,69,34,44,27,30,78,43,31,43,36,29,129,124,65,68,54,34,155,148,90,77,55,39,40,54,38,38,55,43,33,46,37,121,53,79,44,84,71,46,162,89,50,44,136,135,134,49,44,49,40,51,50,43,165,158,65,42
54,52,54,84,129,133,60,69,73,109,121,53,118,130,52,133,54,164,50,116,89,48,115,138,143,45,117,107,161,42,43,89,169,62,65,80,118,174,38,83,153,73,115,121,41,42,128,160,52,113,36,35,153,88,132,59,133,48,95,37,37,47,27,47,64,142,110,24,55,94,23,23,55,37,73,123,156,171,97,127,148,156,54,60,71,98,135,25,36,46,125,62,81,88,114,150,17,24,42,50,123,15,72,103,115,13,67,12,13,14,100,102,150,22,77,26,24,21,45,101,138,166,20,168,8,39,73,85,147,161,14,26,123,141,68,154,17,26,59,160,167,124,2,116,135,0,48,50,136,167,24,151,173,18,88,142,164,172,16,72,79,8,56,10,31,66,68,9,8,168,27,30,106,28,116,145,14,37,40,57,60,161,162,26,30,96,130,35,36,78,137,168,17,79,103,24,105,140,24,19,21,64,152,158,157,164,25,54,26,146,28,138,33,75,114,103,131,151,67,104,123,170,116,146,28,30,82,79,94,121,34,31,58,71,95,161,163,97,119,159,96,111,137,109,125,38,101,73,165,69,82,166,42,66,108,161,37,37,38,112,159,113,139,112,114,154,47,43,94,136
81,71,61,55,87,90,53,51,51,70,80,83,77,88,59,90,53,119,80,75,54,55,73,94,99,71,74,66,115,68,53,51,123,39,39,45,74,128,64,46,107,39,71,76,44,42,83,114,35,69,47,71,107,46,86,29,87,29,51,78,35,28,61,28,28,96,64,53,24,49,56,54,23,28,31,76,108,124,51,80,101,109,20,22,28,52,88,67,25,20,78,21,36,42,67,102,45,34,18,15,76,56,27,56,67,52,22,49,44,43,52,54,103,69,30,73,71,30,10,54,90,118,31,120,45,12,26,38,99,113,36,24,75,93,21,106,65,22,12,112,119,76,47,68,87,48,0,2,88,119,24,103,125,30,40,94,116,124,33,24,31,54,9,56,19,19,21,54,46,120,23,21,59,24,69,97,39,17,15,14,16,114,115,28,24,49,82,21,19,32,89,120,41,33,56,33,58,92,67,43,40,22,104,110,109,116,68,19,67,98,37,91,76,33,68,57,84,104,29,59,76,123,70,99,47,43,40,38,50,75,71,65,29,34,51,114,116,53,73,112,53,67,90,64,80,44,57,38,118,37,44,119,79,37,65,115,57,56,55,69,113,69,94,69,71,108,83,76,54,91
82,72,62,54,86,89,54,51,51,69,79,84,76,86,60,89,54,117,82,73,53,56,72,92,97,73,73,64,113,69,55,50,121,39,39,44,72,126,66,45,105,38,69,74,45,44,81,112,36,67,48,72,105,45,85,29,85,30,50,80,37,29,63,28,28,94,62,55,24,48,58,56,23,30,30,74,106,122,50,78,99,107,20,21,27,50,86,69,27,21,76,20,34,40,66,100,47,36,19,15,74,58,25,54,66,54,21,50,46,45,50,52,101,71,28,75,73,32,11,52,88,116,33,118,47,14,24,36,97,111,37,26,73,91,19,104,67,24,10,110,117,74,49,66,85,50,2,0,86,117,26,101,123,32,38,92,114,122,35,22,29,56,8,58,21,17,19,56,48,118,25,22,57,26,67,95,41,19,16,13,14,112,113,30,26,47,80,22,21,30,87,118,43,31,54,34,56,90,69,45,42,21,102,108,108,114,70,19,69,96,39,89,77,31,66,55,83,102,28,57,74,121,68,98,49,45,38,37,49,74,73,67,29,33,49,112,114,52,72,110,51,65,89,63,78,45,56,37,116,36,42,117,80,36,63,113,58,57,57,67,111,68,92,67,69,106,85,78,53,89
159,146,131,87,55,54,116,103,98,65,57,162,58,52,130,50,121,52,160,56,76,128,54,45,45,151,52,57,47,147,129,69,49,96,93,77,46,52,145,73,39,81,45,42,120,117,37,40,103,44,125,154,34,61,31,90,30,101,53,163,114,101,145,100,81,26,38,137,89,51,141,139,89,108,70,27,28,40,46,24,24,28,88,81,71,45,20,153,107,96,22,79,60,53,29,21,131,119,98,89,21,143,66,37,26,139,71,136,131,130,39,37,18,156,61,160,158,117,92,36,9,31,118,33,132,98,63,51,13,26,123,111,14,8,68,19,153,110,77,24,31,12,135,20,2,136,88,86,0,31,112,15,37,118,48,7,28,36,121,64,57,142,80,144,106,70,68,142,133,33,110,107,31,110,22,13,126,102,99,81,78,27,28,114,110,43,14,105,103,60,13,34,128,60,37,118,36,16,154,129,125,76,23,27,27,32,154,87,153,22,120,22,162,69,33,43,25,27,78,43,30,41,35,27,130,125,65,68,54,33,156,149,91,77,54,36,38,53,37,36,55,42,31,45,35,122,53,79,42,84,71,44,162,89,50,42,136,135,134,48,42,48,38,50,49,41,166,158,65,40
188,175,160,114,71,69,144,130,126,87,76,192,78,69,159,65,150,49,190,77,102,158,76,58,55,180,74,81,45,177,158,96,40,125,121,105,68,39,175,100,42,110,68,63,150,147,56,37,132,68,156,185,35,89,48,120,47,131,81,194,145,131,176,131,111,37,65,168,119,80,172,170,119,139,99,51,26,22,75,47,29,24,119,112,101,74,39,184,137,126,47,109,90,83,57,25,162,150,129,120,47,174,97,66,55,169,102,166,161,160,69,67,20,187,92,191,189,148,123,67,30,9,149,8,163,129,94,82,21,9,154,142,44,27,99,14,184,141,108,8,4,43,166,51,32,167,119,117,31,0,143,16,6,149,79,25,4,6,152,95,88,173,111,175,137,101,99,173,164,7,141,138,62,141,52,24,157,132,129,112,109,13,12,144,141,73,40,136,134,91,34,13,159,90,66,149,65,32,185,160,156,106,23,20,21,18,185,118,184,31,151,38,192,99,60,71,45,30,108,71,53,25,60,35,160,155,94,97,82,56,186,179,121,106,82,30,30,81,60,32,82,68,46,71,56,152,79,108,35,113,99,35,192,118,74,37,166,165,164,71,39,72,50,73,72,43,196,188,91,54
66,59,55,68,108,112,54,58,60,89,101,67,98,109,52,112,50,142,64,96,71,48,95,116,121,56,96,87,139,53,44,70,146,48,50,62,96,152,49,64,130,54,93,99,37,37,106,137,39,91,36,52,130,67,110,41,110,34,73,57,29,33,42,32,45,119,87,35,37,72,37,35,36,25,52,100,132,148,75,104,125,133,34,40,49,75,112,45,22,28,102,40,59,65,91,126,25,19,23,29,99,34,50,80,91,30,45,27,23,22,76,78,127,46,53,49,47,12,23,78,115,142,12,144,22,17,50,62,123,137,14,8,99,117,45,130,41,6,36,136,143,100,23,92,111,24,24,26,112,143,0,127,149,6,64,118,140,148,9,48,55,30,32,32,7,42,44,30,22,144,6,8,82,7,92,121,16,14,17,33,36,137,138,10,10,72,105,14,15,54,113,143,19,55,79,14,81,116,44,22,19,41,128,134,133,140,44,32,44,121,21,114,52,51,90,79,107,127,44,80,99,146,92,122,29,27,59,56,71,98,49,43,37,49,71,137,139,74,95,135,73,88,113,85,102,31,77,52,141,49,60,142,57,46,85,137,40,39,39,89,136,90,116,89,91,130,62,56,72,113
174,160,145,101,63,61,130,117,112,76,67,177,68,61,144,58,136,50,175,67,89,143,65,51,49,166,63,70,45,162,144,82,44,111,107,91,57,45,160,87,39,96,57,52,135,132,46,37,118,56,140,169,33,75,39,105,37,116,67,178,129,116,160,115,96,30,52,152,104,65,156,154,104,123,84,38,24,31,61,35,23,23,103,97,86,59,28,168,122,111,34,94,75,68,43,19,146,134,113,104,34,158,82,52,40,154,86,151,146,145,54,52,13,171,76,175,173,132,108,51,17,19,133,20,147,113,79,67,10,13,138,126,29,13,83,8,168,125,92,11,17,27,150,35,16,151,103,101,15,16,127,0,22,133,63,9,13,21,136,79,72,157,95,159,121,85,83,157,148,18,125,122,45,125,36,9,141,116,113,95,92,13,14,128,124,57,24,120,118,75,19,19,143,74,50,133,49,18,169,144,140,90,15,16,17,20,169,101,168,20,134,25,176,83,44,56,31,22,92,55,39,29,45,25,144,139,78,81,66,42,170,163,105,90,67,28,28,65,46,28,67,53,34,56,42,136,64,92,34,97,84,35,176,102,60,35,150,149,148,57,35,58,40,59,57,37,180,172,76,43
195,181,166,120,77,74,151,137,132,93,82,198,84,74,165,71,156,52,196,83,108,164,82,64,60,187,80,87,48,183,165,102,43,132,128,111,74,41,181,107,46,116,74,69,156,154,62,41,139,74,162,191,40,96,54,126,53,137,87,200,151,137,182,137,117,43,71,174,126,86,178,176,126,145,106,57,31,24,81,53,35,29,125,118,107,80,45,190,144,133,53,116,96,89,63,31,168,156,135,126,54,180,103,73,61,176,108,173,168,167,75,73,26,193,98,197,195,154,129,73,37,13,155,11,169,135,100,88,28,15,160,148,51,33,105,20,190,147,114,14,8,49,172,57,38,173,125,123,37,6,149,22,0,155,85,31,9,1,158,101,94,179,117,181,143,107,105,179,170,7,147,144,67,147,57,29,163,138,135,117,114,15,14,150,146,79,45,141,139,97,39,13,164,96,72,155,70,37,191,166,162,112,27,22,23,19,191,123,190,35,156,42,198,104,65,76,49,33,113,76,58,24,65,38,166,161,99,102,87,61,192,185,126,111,87,31,30,86,64,33,87,72,49,75,60,157,84,113,34,118,104,35,198,123,79,38,172,171,170,76,39,76,53,77,76,44,202,194,96,57
64,58,55,73,114,118,56,61,64,95,107,64,104,115,52,118,51,148,61,101,76,48,100,122,127,54,102,92,145,51,44,75,152,52,54,67,102,158,47,69,136,60,99,105,38,38,112,143,43,97,36,48,136,73,116,46,116,37,79,52,31,37,38,36,50,125,93,32,42,78,33,32,41,28,58,106,138,154,81,110,131,139,39,45,55,81,118,40,26,33,108,46,65,71,97,133,22,19,28,35,106,29,56,86,97,26,51,23,19,19,82,84,133,40,59,44,42,12,29,84,121,148,11,150,17,22,56,68,129,143,10,11,105,123,51,136,36,11,42,142,149,106,18,98,117,18,30,32,118,149,6,133,155,0,70,124,146,154,3,54,61,24,38,26,12,48,50,24,16,150,9,12,88,10,98,127,11,19,22,39,42,143,144,10,13,78,111,17,19,60,118,149,14,61,85,12,87,122,38,17,15,46,134,140,139,146,38,37,38,127,19,120,47,57,96,85,113,133,49,86,104,152,98,128,26,24,64,61,76,103,44,38,41,54,77,142,144,79,101,141,78,93,118,91,107,30,83,56,146,53,64,148,52,50,90,143,36,36,36,94,141,95,121,94,96,136,57,51,77,118
116,104,91,59,63,65,78,68,65,55,58,119,56,62,89,63,81,86,116,53,50,87,51,64,68,107,51,47,81,103,86,44,87,58,55,46,48,92,101,43,72,46,44,47,77,74,52,78,61,42,81,109,71,33,53,49,53,58,31,117,70,57,99,57,41,60,34,91,47,27,95,93,46,63,31,41,71,86,25,44,64,71,44,39,30,24,51,106,61,51,42,36,23,21,33,64,84,73,53,44,38,96,24,22,31,91,27,88,83,82,18,19,64,109,18,113,111,70,46,18,51,79,71,81,85,51,18,10,60,74,76,64,36,54,22,66,105,62,30,72,79,36,87,28,47,88,40,38,48,79,64,63,85,70,0,54,76,84,73,16,9,94,32,96,58,22,20,94,85,80,62,59,19,62,29,57,78,54,51,33,30,73,74,66,62,11,42,57,55,15,49,80,80,15,18,70,21,53,106,81,77,30,65,70,70,76,106,40,106,59,73,52,114,26,31,24,46,65,34,26,39,83,34,61,83,78,26,29,25,39,108,101,46,35,26,75,77,27,38,73,28,34,53,33,44,75,31,39,79,43,35,81,115,47,36,76,90,89,88,38,75,39,58,40,41,71,119,111,37,56
165,152,137,94,60,59,123,109,105,71,63,169,64,57,136,55,128,53,167,62,82,135,60,49,48,157,58,64,48,154,135,75,48,103,99,83,52,50,152,79,40,88,51,47,127,124,42,40,109,50,132,161,35,68,35,96,34,108,60,170,121,107,152,107,88,29,45,144,96,58,147,145,96,115,76,33,28,38,53,29,25,27,95,88,77,51,24,160,113,102,28,86,66,60,36,21,137,125,105,96,27,149,73,43,33,145,78,142,137,136,45,43,16,163,67,166,164,124,99,43,13,27,124,28,138,104,70,58,11,21,129,117,21,9,74,14,159,116,83,19,26,19,141,26,9,142,94,92,7,25,118,9,31,124,54,0,22,30,127,70,63,148,86,150,112,76,74,148,139,26,116,113,36,116,27,7,132,107,104,86,83,21,22,119,115,48,16,110,108,66,12,27,133,65,41,124,40,13,160,135,131,81,17,21,21,26,160,92,159,18,125,20,167,74,36,47,25,22,83,47,31,34,37,23,135,130,69,72,58,35,161,154,96,81,58,31,32,57,38,30,58,45,29,48,36,127,56,83,36,88,75,38,167,93,52,36,141,140,139,50,36,50,36,52,50,37,171,163,68,39
186,173,158,112,72,69,143,129,124,87,76,190,78,69,157,66,148,51,188,77,101,156,75,59,56,178,73,80,47,175,156,94,43,123,120,103,68,42,173,99,43,108,67,63,148,145,56,39,130,67,153,182,37,87,48,117,47,129,79,191,142,129,173,128,109,38,64,165,117,78,169,167,117,136,97,50,27,26,73,46,29,26,116,109,99,72,38,181,135,124,46,107,88,81,55,25,159,147,126,117,46,171,95,64,53,167,99,164,159,158,66,65,20,184,89,188,186,145,121,64,29,12,146,12,160,126,92,80,20,10,151,139,42,25,96,13,181,138,105,8,8,40,163,48,29,164,116,114,28,4,140,13,9,146,76,22,0,8,149,92,85,170,108,172,134,98,96,170,161,6,138,135,58,138,48,20,154,129,126,108,105,9,8,141,137,70,36,132,130,88,30,10,155,87,63,145,61,28,182,157,153,103,19,16,17,15,182,114,181,27,147,34,189,95,56,67,41,26,104,67,49,22,56,30,157,152,90,93,78,52,183,176,117,102,78,27,26,77,56,28,78,64,42,67,52,148,75,104,31,109,96,32,189,114,70,34,163,162,161,67,35,68,46,69,67,39,193,185,87,50
194,181,165,119,77,74,150,136,132,93,82,197,84,74,164,71,156,53,196,83,108,163,82,64,60,186,79,87,49,183,164,102,44,131,127,110,74,42,181,106,47,116,74,69,156,153,62,41,138,74,161,190,40,95,54,125,53,137,87,199,150,136,181,136,117,43,71,173,125,85,177,175,125,144,105,57,31,25,81,53,35,29,124,117,107,79,44,189,143,132,53,115,95,89,63,30,167,155,134,125,53,179,102,72,60,175,107,172,167,166,74,72,26,192,97,196,194,153,129,72,36,13,154,12,168,134,100,88,27,15,159,147,50,32,104,20,189,146,113,14,9,48,171,56,37,172,124,122,36,6,148,21,1,154,84,30,8,0,157,100,93,178,116,180,142,106,104,178,169,6,146,143,66,146,56,28,162,137,134,116,113,14,13,149,145,78,44,140,138,96,37,11,163,95,71,153,69,35,190,165,161,111,25,21,22,17,190,122,189,33,155,41,197,103,63,75,48,31,112,74,56,22,63,36,165,160,98,101,86,60,191,184,125,110,86,30,29,84,63,31,86,71,48,74,59,156,83,111,33,116,103,34,197,122,77,36,170,169,168,74,38,75,52,76,74,43,200,193,95,56
63,58,56,76,117,121,58,64,66,98,110,63,107,118,53,121,53,151,60,104,79,49,103,125,131,53,105,95,148,50,45,78,155,54,57,70,105,161,46,72,139,62,102,108,39,40,115,146,45,100,37,47,139,76,119,49,120,40,82,51,33,39,37,38,53,129,96,31,45,81,32,31,44,30,61,109,141,157,84,113,134,142,42,48,58,84,121,39,28,35,111,49,68,74,100,136,22,20,31,38,109,28,59,89,101,24,54,21,18,18,85,87,136,38,63,41,39,14,32,87,124,152,12,153,16,25,59,71,132,146,10,14,108,126,54,139,33,14,45,145,152,109,15,101,120,16,33,35,121,152,9,136,158,3,73,127,149,157,0,57,64,21,41,23,15,51,53,21,12,153,12,15,91,12,101,130,8,21,24,42,45,146,147,11,14,80,114,19,21,63,121,152,12,64,88,12,90,125,35,15,13,49,137,143,142,149,35,39,35,130,18,122,43,59,99,87,116,135,51,89,107,154,100,131,24,23,66,64,79,106,41,35,43,56,79,145,147,81,103,143,81,96,121,93,110,29,85,58,149,55,67,150,49,51,93,146,34,34,34,97,144,97,124,97,98,138,54,48,79,121
103,91,79,56,72,75,68,60,59,60,67,105,64,72,77,74,70,100,103,61,50,74,60,76,81,93,60,54,95,90,73,45,102,49,47,43,58,107,87,42,86,41,54,59,64,62,64,93,50,52,68,94,85,36,66,39,67,46,37,102,56,45,85,45,33,74,45,76,36,34,80,78,35,49,26,55,86,101,34,59,79,87,33,28,24,34,66,91,47,38,57,26,23,26,47,80,69,58,39,31,53,80,18,35,46,76,18,73,68,67,31,33,79,93,15,97,95,55,31,32,67,95,55,97,69,36,11,17,76,90,60,48,52,70,10,82,89,47,15,88,95,52,71,44,63,72,24,22,64,95,48,79,101,54,16,70,92,100,57,0,7,78,16,80,42,6,4,78,69,96,46,43,34,46,44,73,62,38,35,17,15,89,90,50,46,24,58,41,39,10,65,95,64,12,32,54,34,68,90,65,61,16,80,86,85,92,90,26,90,74,57,66,98,19,44,34,60,80,23,36,52,98,47,75,67,62,24,24,30,52,92,86,33,26,31,90,91,33,50,88,33,44,67,43,56,60,37,31,94,33,31,95,99,36,44,91,75,74,73,47,89,48,71,48,49,85,103,96,38,68
109,97,84,57,68,71,72,64,61,58,63,111,61,68,82,70,75,94,109,58,50,80,56,71,75,99,56,51,89,96,79,44,96,53,51,44,54,101,93,42,80,43,50,54,70,67,59,86,55,48,74,101,79,34,60,43,61,51,34,109,62,51,91,50,36,68,40,83,40,30,86,84,40,55,28,49,79,95,30,52,72,80,38,33,26,29,60,98,53,44,51,30,22,23,40,73,76,64,45,36,47,87,20,29,39,83,21,80,75,74,25,27,73,100,14,104,102,61,37,26,60,88,62,90,76,42,13,13,69,83,67,55,45,63,14,76,96,54,22,81,88,46,78,37,56,79,31,29,57,88,55,72,94,61,9,63,85,93,64,7,0,85,23,87,49,13,11,85,76,89,53,50,27,53,37,66,69,45,42,24,21,82,83,57,53,18,51,48,46,9,58,88,71,10,25,61,28,61,97,72,68,21,73,79,78,85,97,32,97,67,64,60,105,21,38,29,54,73,27,30,46,91,40,69,74,69,23,25,26,46,99,92,38,29,27,83,85,29,44,81,30,39,60,38,50,67,33,33,87,36,31,89,106,40,39,84,81,80,79,43,83,43,65,44,45,78,110,103,36,62
58,57,61,92,136,140,68,77,81,116,129,56,126,137,58,141,61,171,53,123,97,55,123,145,151,49,124,115,168,47,50,97,176,70,73,88,125,181,43,91,160,80,122,128,48,50,135,167,60,120,43,38,160,96,139,66,140,56,102,37,45,55,31,55,72,149,117,30,63,101,28,28,63,45,81,130,162,178,104,134,155,163,61,68,78,105,142,26,44,54,132,69,88,95,121,157,24,32,50,58,130,19,79,110,121,18,74,18,21,21,106,108,157,21,83,23,21,29,52,108,145,173,27,174,16,46,80,92,153,167,22,33,129,147,75,160,14,33,66,166,173,130,10,122,141,8,54,56,142,173,30,157,179,24,94,148,170,178,21,78,85,0,62,2,36,72,74,2,9,174,32,35,112,32,122,151,17,41,44,62,65,167,168,30,34,101,135,39,41,83,142,173,17,84,108,27,111,145,16,18,22,69,157,163,163,169,18,59,19,151,29,143,25,79,119,108,136,156,71,109,128,175,121,151,27,30,86,83,99,126,26,24,61,75,99,166,168,101,124,164,100,116,141,113,130,38,105,77,169,72,85,171,35,68,112,166,34,34,35,116,164,117,144,116,118,159,40,37,97,140
90,80,70,58,84,87,61,57,56,69,78,92,75,84,67,87,61,114,90,72,55,64,71,89,94,81,71,64,110,77,62,51,117,45,44,46,70,122,74,47,101,42,67,72,53,51,78,108,43,65,56,80,101,44,81,34,81,37,48,87,45,36,70,35,31,90,59,62,30,45,65,64,29,37,30,70,102,117,47,74,95,102,26,25,28,47,82,76,35,28,72,23,33,38,61,96,54,43,27,22,69,65,24,50,61,61,21,58,53,52,46,48,95,77,25,81,79,40,18,47,83,111,40,113,53,22,21,31,92,106,44,33,68,86,16,99,74,31,9,104,111,68,55,60,79,56,9,8,80,111,32,95,117,38,32,86,108,116,41,16,23,62,0,64,26,10,12,62,53,112,30,27,50,30,60,89,46,22,19,6,7,105,106,34,30,40,73,25,23,22,80,111,48,24,47,38,49,84,74,49,46,13,96,102,101,108,74,15,74,89,42,82,82,23,59,48,75,95,21,49,67,114,61,90,52,47,30,29,41,66,77,70,25,26,42,105,107,44,64,103,44,57,81,55,70,46,48,30,109,30,35,110,84,31,55,106,60,59,59,59,104,60,85,60,61,99,88,81,45,82
58,59,63,94,139,142,70,79,83,119,131,57,128,140,60,143,63,174,54,126,99,56,125,147,153,50,126,117,170,48,52,99,178,72,75,90,127,184,44,93,162,82,124,130,50,52,137,169,62,123,45,39,162,98,142,69,142,58,105,37,47,57,32,57,74,151,119,31,65,103,29,30,65,47,83,132,164,180,106,136,157,165,64,70,80,107,144,26,46,56,134,71,90,97,123,159,26,34,52,60,132,20,81,112,124,20,76,20,23,23,108,110,159,20,86,22,21,31,54,110,147,175,30,177,18,48,82,94,156,169,24,35,132,149,77,162,13,35,68,168,175,132,12,124,143,10,56,58,144,175,32,159,181,26,96,150,172,180,23,80,87,2,64,0,38,74,76,2,11,176,34,37,114,34,124,153,18,43,46,64,67,169,170,32,36,103,137,41,43,85,144,175,19,86,110,28,112,147,14,19,23,71,159,165,164,171,16,60,17,153,31,145,23,81,121,109,138,158,73,111,129,177,123,153,27,30,88,85,100,128,25,23,62,77,101,168,170,103,125,166,102,118,143,115,132,38,106,78,171,74,87,172,33,70,114,168,34,34,34,118,166,118,146,118,120,160,38,35,99,142
73,65,60,68,105,109,57,59,61,87,98,74,95,106,57,109,54,138,71,93,69,53,92,112,118,63,93,84,134,59,50,68,142,48,50,60,93,147,56,62,126,53,89,95,42,41,102,133,41,88,42,59,126,64,105,41,106,35,70,64,33,34,49,33,43,115,83,42,36,68,44,42,35,28,49,95,127,143,70,99,120,128,33,37,46,71,107,52,25,28,97,38,55,61,86,121,33,25,24,28,94,41,46,75,86,37,41,34,30,29,71,73,121,52,49,56,54,19,21,73,109,137,18,139,29,15,45,57,118,132,21,13,94,112,40,124,48,11,31,130,137,94,30,86,105,31,19,21,106,137,7,121,143,12,58,112,134,142,15,42,49,36,26,38,0,36,38,36,27,138,4,2,76,5,86,115,20,7,9,26,29,131,132,9,7,65,99,7,8,48,106,137,22,49,72,14,75,109,48,25,21,34,121,127,127,134,49,25,48,115,20,107,57,44,84,72,101,120,37,73,92,139,85,116,30,26,51,49,64,91,52,46,30,42,64,130,132,66,88,128,66,81,106,78,95,29,70,45,134,42,53,135,60,39,78,130,40,39,39,82,129,82,109,82,84,123,65,58,65,106
99,88,77,58,78,81,66,60,59,64,72,101,69,78,74,80,68,106,98,66,53,71,65,82,87,89,65,59,102,86,70,48,108,48,47,45,64,113,83,45,93,42,60,65,61,59,70,99,48,58,64,89,92,40,73,38,73,43,42,97,53,43,80,42,33,81,51,72,34,39,75,73,33,46,28,62,92,108,40,65,85,93,31,28,26,40,73,86,43,35,63,25,27,31,53,86,64,53,35,28,60,75,21,41,52,71,19,67,63,62,37,39,86,87,19,91,89,49,27,38,74,101,50,103,63,31,15,23,82,96,54,43,58,76,11,89,84,41,12,95,101,59,65,51,69,66,19,17,70,101,42,85,107,48,22,76,98,106,51,6,13,72,10,74,36,0,2,72,63,102,40,37,40,40,50,79,56,31,28,11,9,95,96,43,39,30,63,35,33,13,70,101,58,14,37,48,39,74,84,59,55,12,86,92,91,98,84,20,83,79,51,72,92,18,49,38,66,85,19,40,57,104,51,81,61,56,24,23,33,56,86,79,28,23,33,95,97,35,55,93,35,48,72,46,61,54,40,28,99,30,30,100,93,32,47,96,68,68,67,51,94,51,75,51,53,89,97,90,39,72
100,89,78,58,77,79,67,61,59,64,71,103,68,76,76,78,69,104,100,65,53,73,64,80,85,91,64,57,100,87,72,48,106,49,48,45,62,111,84,44,91,42,59,63,62,60,69,97,49,57,66,91,90,39,71,39,71,45,41,99,54,44,82,43,33,79,50,73,35,38,77,75,34,47,28,60,90,106,38,63,83,91,32,28,26,38,71,88,45,36,61,26,26,30,51,84,66,55,36,29,58,77,20,39,50,73,19,69,65,64,35,37,84,89,18,93,91,51,28,36,72,99,52,101,65,33,14,21,80,94,56,45,56,74,11,87,86,43,13,93,100,57,67,49,67,68,21,19,68,99,44,83,105,50,20,74,96,104,53,4,11,74,12,76,38,2,0,74,65,100,42,39,38,42,48,77,58,33,30,13,10,93,94,45,41,28,61,37,35,11,68,99,60,13,35,50,37,72,86,61,57,13,84,90,89,96,86,21,85,77,52,70,94,17,47,37,64,83,20,38,55,102,49,79,63,58,23,23,31,55,88,81,29,23,32,93,95,34,53,91,34,46,70,44,59,56,38,28,97,30,30,98,95,33,45,94,70,69,68,49,92,50,73,50,51,87,99,92,38,71
60,59,63,93,137,141,69,79,82,117,130,58,127,138,60,142,63,172,55,124,98,56,123,146,151,51,125,115,169,49,52,98,176,71,74,89,126,182,45,92,160,81,123,128,50,52,136,167,61,121,45,40,161,96,140,67,141,57,103,39,46,56,33,56,73,150,117,32,64,102,30,30,64,46,81,130,163,178,105,134,156,163,62,69,79,106,143,28,45,55,133,70,89,95,122,157,26,33,51,58,130,21,80,110,122,20,75,20,22,23,107,109,157,22,84,24,23,30,52,108,145,173,28,175,17,46,80,92,154,168,23,34,130,148,75,160,16,34,66,166,173,130,11,122,141,9,54,56,142,173,30,157,179,24,94,148,170,178,21,78,85,2,62,2,36,72,74,0,9,174,32,35,112,32,122,151,16,41,44,62,65,167,168,29,33,101,135,38,40,83,142,173,17,84,108,26,110,145,15,17,21,69,157,163,162,169,16,58,17,151,28,143,24,79,119,107,136,156,70,109,127,175,121,151,25,28,85,83,98,126,25,22,60,74,98,165,167,101,123,164,100,116,141,113,129,36,104,76,169,72,85,170,33,68,112,166,32,32,33,116,164,116,143,116,117,158,38,35,97,140
61,59,60,86,129,133,65,73,76,110,122,61,119,130,57,133,59,164,58,116,90,54,115,137,143,52,117,107,160,50,49,90,168,64,67,81,117,173,46,84,152,74,114,120,46,47,127,159,55,113,42,43,152,88,131,60,132,50,95,44,40,50,34,49,65,141,109,31,56,93,31,30,56,40,73,122,154,169,96,125,147,155,54,60,70,97,134,32,38,47,124,61,80,87,113,148,23,27,43,50,121,23,71,101,113,21,66,19,19,19,98,100,148,29,75,31,30,23,44,99,136,164,21,166,14,38,71,83,145,159,16,26,121,139,66,151,23,25,57,157,164,121,9,113,132,8,46,48,133,164,22,148,170,16,85,139,161,169,12,69,76,9,53,11,27,63,65,9,0,165,23,26,103,23,113,142,8,32,35,53,56,158,159,21,25,92,126,30,32,74,133,164,9,75,99,18,101,136,22,11,13,60,148,154,153,160,23,49,24,142,21,134,31,70,110,98,127,147,62,100,118,166,112,142,21,23,77,74,89,117,30,26,52,66,90,157,159,92,114,155,91,107,132,104,121,31,96,68,160,64,76,161,38,60,103,157,30,30,30,107,155,108,135,107,109,149,43,39,88,131
191,178,163,118,77,75,148,134,130,92,82,195,83,75,162,71,153,56,193,82,106,161,81,64,61,183,79,86,52,180,161,100,47,129,125,108,73,46,178,104,48,113,73,68,153,150,62,44,135,73,158,187,42,93,54,122,52,134,85,196,147,133,178,133,114,43,69,170,122,83,174,172,122,141,102,55,32,29,78,51,35,31,121,114,104,77,43,186,139,129,51,112,92,86,60,31,164,152,131,122,51,175,99,69,58,171,104,168,163,162,71,69,25,189,94,193,191,150,125,69,34,16,151,15,165,131,96,84,25,16,156,144,47,30,101,18,185,142,110,14,11,45,167,53,34,168,120,118,33,7,144,18,7,150,80,26,6,6,153,96,89,174,112,176,138,102,100,174,165,0,142,139,62,142,52,23,158,133,130,112,109,8,7,145,141,73,39,136,134,91,33,6,159,90,66,149,65,30,185,160,156,106,20,15,16,12,185,118,185,28,151,35,193,98,58,70,43,25,108,69,51,18,58,31,160,155,93,96,81,54,186,179,120,105,81,24,23,79,58,26,81,66,42,69,53,151,77,106,28,112,98,29,192,117,72,31,166,165,164,69,33,69,46,71,69,37,196,188,89,50
72,65,61,72,110,113,59,63,64,92,103,73,100,110,58,113,56,142,70,97,74,54,96,117,122,62,97,88,139,59,50,72,146,52,54,64,97,151,55,66,130,57,94,99,43,43,106,137,44,92,42,57,130,69,110,45,110,38,74,62,35,37,47,36,47,119,87,41,40,72,42,41,39,30,53,100,131,147,75,103,124,132,37,42,50,75,112,50,27,31,102,42,59,65,91,126,31,25,27,32,99,39,50,79,91,35,45,32,28,28,75,77,125,49,53,53,51,18,25,77,113,141,18,143,27,19,49,61,122,136,19,14,98,116,44,129,45,12,35,135,142,99,27,91,109,27,23,25,110,141,6,125,147,9,62,116,138,146,12,46,53,32,30,34,4,40,42,32,23,142,0,3,80,1,90,119,16,9,12,30,33,135,136,5,4,69,103,8,9,51,110,141,18,52,76,10,78,113,44,20,17,37,125,131,130,137,44,27,44,119,16,111,52,47,87,76,104,124,40,77,96,143,89,119,25,22,54,52,67,94,48,42,32,44,67,134,136,70,92,132,69,84,109,82,98,26,73,47,137,43,55,139,56,40,81,134,36,35,35,85,132,85,112,85,87,127,60,54,67,109
74,67,61,70,107,111,59,62,63,89,100,75,97,108,58,111,56,140,72,95,72,55,93,114,119,64,95,86,136,60,51,70,143,51,52,62,95,149,57,64,127,56,91,97,44,43,103,134,43,89,43,59,127,66,107,43,108,37,72,64,35,36,50,35,45,116,85,43,38,70,45,43,37,30,51,97,129,144,72,100,122,129,35,40,48,73,109,52,27,30,99,40,56,63,88,123,33,26,26,30,96,41,47,76,88,37,43,34,30,30,73,74,122,52,50,56,54,20,23,74,110,138,19,140,29,17,46,58,119,133,21,15,95,113,41,126,48,12,32,132,139,96,30,88,106,30,21,22,107,138,8,122,144,12,59,113,135,143,15,43,50,35,27,37,2,37,39,35,26,139,3,0,77,3,87,116,19,7,9,27,30,132,133,7,4,66,100,6,7,48,107,138,21,49,73,12,75,110,47,23,19,34,122,128,127,134,47,25,47,116,18,108,55,45,84,73,101,121,37,74,93,140,86,116,28,24,52,49,64,91,51,44,30,42,65,131,133,67,89,129,66,81,107,79,95,27,71,44,135,41,52,136,58,38,78,131,38,37,36,82,129,83,109,82,84,124,63,56,64,106
134,122,108,72,61,62,95,83,80,60,59,137,58,60,107,60,98,76,135,55,62,104,53,58,61,125,52,52,71,122,104,55,75,75,72,59,47,79,119,56,62,62,44,45,95,93,46,66,79,42,100,127,59,44,44,66,44,76,39,136,88,76,118,75,58,48,33,110,64,35,113,111,64,82,47,34,57,71,31,35,50,57,63,56,47,30,40,125,80,69,32,54,37,33,27,50,103,91,71,62,28,114,41,22,23,110,45,107,102,101,20,20,48,127,35,131,129,89,64,18,36,62,89,64,103,70,36,26,44,57,94,82,22,38,40,50,124,81,49,55,62,21,105,14,31,106,59,57,31,62,82,45,67,88,19,36,58,66,91,34,27,112,50,114,76,40,38,112,103,62,80,77,0,80,10,39,96,71,68,50,47,55,56,83,79,12,23,74,72,29,30,61,97,29,7,87,8,34,123,98,94,45,46,52,51,58,123,56,123,40,89,33,131,38,16,17,28,46,47,18,22,64,19,42,99,94,35,38,26,23,125,118,60,46,26,56,58,26,24,55,27,23,35,24,28,91,27,49,61,53,42,62,131,58,28,58,105,104,103,29,57,30,41,31,31,53,135,127,38,40
73,66,62,73,110,114,60,64,65,92,103,74,100,111,59,114,57,143,71,98,74,55,97,117,123,63,98,89,139,60,51,73,146,53,55,65,98,152,56,67,130,58,94,100,44,44,107,137,45,93,43,58,130,69,110,45,111,39,75,62,36,38,48,37,48,119,88,41,41,73,43,42,40,31,54,100,132,147,75,103,125,132,38,42,51,76,112,50,28,32,102,43,59,66,91,126,32,26,28,33,99,39,51,79,91,36,46,33,29,28,76,78,126,50,53,53,51,19,25,77,113,141,19,143,27,20,50,61,122,136,20,15,98,116,44,129,45,13,35,135,142,99,27,91,110,28,24,26,110,141,7,125,147,10,62,116,138,146,12,46,53,32,30,34,5,40,42,32,23,142,1,3,80,0,90,119,16,9,12,30,33,135,136,4,3,69,103,7,9,51,110,141,18,52,76,9,78,113,44,20,16,37,125,131,130,137,44,27,44,119,15,111,52,47,87,76,104,124,39,77,95,143,89,119,25,22,54,52,67,94,47,41,31,44,67,134,135,69,91,132,69,84,109,81,98,25,73,46,137,43,55,138,55,40,81,134,35,34,34,85,132,85,112,85,86,127,60,53,67,109
144,131,117,79,61,61,103,91,88,63,60,146,60,59,116,59,107,70,144,57,68,114,55,56,58,135,54,55,65,131,114,61,69,83,80,66,48,72,129,63,56,70,46,45,105,102,45,59,88,44,109,137,52,51,41,75,40,85,45,146,98,85,128,85,67,42,35,120,74,41,123,121,73,91,55,31,49,62,37,31,43,49,72,66,56,35,34,135,89,79,29,63,46,40,27,42,113,101,81,72,25,124,51,27,23,120,55,117,112,111,26,25,39,137,44,141,139,99,74,23,28,53,99,55,113,80,46,35,35,48,104,92,17,29,50,40,134,91,58,46,53,14,116,11,22,116,69,67,22,52,92,36,57,98,29,27,48,56,101,44,37,122,60,124,86,50,48,122,113,52,90,87,10,90,0,29,106,81,78,60,57,45,46,93,89,21,13,84,82,39,20,51,107,38,15,97,14,24,133,108,104,55,36,42,41,48,133,66,133,30,99,24,141,47,15,22,20,36,56,22,16,54,17,33,109,104,43,46,32,19,134,128,69,55,33,47,48,32,21,45,33,24,28,26,24,100,32,57,51,62,49,53,141,67,30,49,114,114,113,30,48,31,34,32,31,45,144,137,44,34
170,157,143,100,67,65,128,115,111,77,69,173,70,64,141,62,133,58,171,68,88,140,67,56,55,162,65,70,53,158,140,81,53,108,105,89,59,54,156,85,46,94,58,54,132,129,49,45,114,57,137,165,40,73,42,101,41,112,65,174,125,112,156,112,93,35,51,148,101,63,151,149,100,119,81,39,32,40,58,36,30,32,99,93,82,57,31,163,117,107,35,90,71,65,42,26,141,129,109,100,33,153,77,49,39,149,82,146,141,140,50,48,21,166,72,170,168,127,103,48,19,28,128,29,142,108,74,62,16,23,133,121,27,16,78,17,163,120,87,20,26,24,144,31,15,145,97,95,13,24,121,9,29,127,57,7,20,28,130,73,66,151,89,153,115,79,77,151,142,23,119,116,39,119,29,0,135,110,107,89,86,16,17,122,118,50,16,113,111,68,10,22,136,67,43,126,42,9,162,137,133,83,10,14,14,20,162,95,161,12,128,16,170,75,36,47,22,16,85,47,30,28,36,17,137,132,70,73,58,33,163,156,97,82,59,24,25,57,37,24,58,44,25,47,33,128,55,84,30,89,76,31,169,94,51,30,143,142,141,48,30,49,31,50,48,30,173,165,68,34
66,63,62,84,125,128,65,71,74,105,117,66,114,125,59,128,60,158,63,112,87,55,111,132,137,57,112,103,154,54,51,86,162,62,65,77,112,167,50,80,146,70,109,115,46,47,122,153,53,107,43,49,146,83,126,57,126,48,89,51,40,47,40,46,61,135,103,35,52,88,35,35,52,38,68,116,148,163,90,119,140,148,50,56,65,91,128,39,36,43,118,56,74,81,107,142,26,27,39,45,115,29,66,95,107,26,61,24,22,22,91,93,142,36,69,39,37,21,39,93,129,157,20,159,18,33,65,77,138,152,16,22,114,132,60,145,30,21,51,151,158,115,15,107,126,14,39,41,126,157,16,141,163,11,78,132,154,162,8,62,69,17,46,18,20,56,58,16,8,158,16,19,96,16,106,135,0,25,28,46,49,151,152,13,17,85,119,22,24,67,126,157,4,68,92,10,94,129,28,7,7,52,141,147,146,153,28,42,28,134,14,127,36,62,103,91,120,140,54,92,111,159,104,135,17,17,69,66,82,109,33,28,44,58,82,149,151,84,107,147,84,99,125,97,113,25,88,60,153,56,69,154,41,52,96,149,27,27,27,100,147,100,127,99,101,142,46,40,81,124
80,72,66,70,104,107,62,63,64,87,97,81,94,105,63,107,60,136,78,92,70,59,90,110,115,70,91,83,132,66,56,68,139,52,53,61,91,144,63,63,123,55,88,93,48,47,99,129,45,86,48,66,122,63,103,43,103,39,68,71,39,38,56,37,44,111,80,49,38,66,51,50,37,33,48,92,123,139,68,96,116,124,34,38,45,68,104,59,30,31,94,38,53,59,83,117,40,32,27,29,91,48,44,72,83,44,39,41,37,36,68,70,117,59,46,62,60,26,22,69,105,133,25,134,36,18,42,53,113,127,28,20,90,107,37,120,54,17,28,126,133,90,36,82,101,37,17,19,102,132,14,116,138,19,54,107,129,137,21,38,45,41,22,43,7,31,33,41,32,133,9,7,71,9,81,110,25,0,3,21,24,126,127,12,8,60,94,4,2,42,101,132,26,43,67,16,69,104,52,28,24,28,116,122,121,128,53,18,52,109,20,102,60,38,78,66,95,115,30,67,86,134,79,110,31,26,45,43,58,85,55,48,23,35,58,124,126,60,82,122,59,75,100,72,89,27,64,38,128,35,46,129,62,32,72,125,40,39,38,76,123,76,103,75,77,117,67,60,58,99
82,74,67,69,102,105,62,63,64,85,95,83,92,102,64,105,60,133,80,89,69,60,88,108,113,72,89,81,129,68,57,66,136,51,52,59,88,141,65,61,120,53,85,90,49,48,97,127,45,83,50,68,120,61,100,42,100,39,66,74,40,38,58,37,43,109,78,51,37,64,53,52,36,34,46,89,121,136,65,93,114,121,33,36,43,66,101,62,31,30,91,36,50,56,80,114,42,34,27,28,88,51,41,69,80,47,37,44,39,39,65,67,114,62,43,65,63,28,21,66,102,130,28,131,38,18,39,50,110,124,30,21,87,104,34,117,57,19,26,123,130,87,39,79,98,40,15,16,99,129,17,113,135,22,51,104,126,134,24,35,42,44,19,46,9,28,30,44,35,130,12,9,68,12,78,107,28,3,0,18,21,123,124,15,11,57,91,6,4,39,98,129,29,40,64,19,66,101,55,31,27,25,113,119,118,125,56,15,55,106,23,99,63,35,75,63,92,112,28,65,83,131,76,107,33,29,42,40,55,82,58,51,22,32,55,121,123,57,79,120,57,72,97,69,86,29,61,35,125,33,43,126,65,30,69,122,42,41,40,73,120,73,100,73,74,114,69,62,55,96
94,84,75,64,88,91,66,63,62,74,82,96,80,88,72,91,67,117,93,77,60,69,75,93,98,84,76,68,113,81,67,56,119,51,50,52,74,124,77,52,104,48,71,75,58,56,81,110,48,69,60,83,103,49,84,40,84,43,52,89,49,42,73,41,37,92,62,65,36,49,68,66,35,42,36,73,103,119,50,76,96,104,32,31,33,51,84,78,39,33,74,29,37,42,64,97,57,47,32,27,71,67,29,52,63,63,26,60,55,54,48,50,97,79,29,82,81,42,23,49,84,112,42,114,55,25,25,34,93,107,46,35,69,87,20,99,75,34,15,105,112,69,57,61,80,57,14,13,81,112,33,95,117,39,33,86,108,116,42,17,24,62,6,64,26,11,13,62,53,112,30,27,50,30,60,89,46,21,18,0,3,105,106,33,29,39,73,24,22,21,80,111,47,22,46,37,48,83,73,48,44,8,95,101,100,107,73,9,73,89,40,81,81,19,57,46,74,94,15,47,66,113,59,89,50,45,26,25,38,64,75,68,19,20,38,104,106,41,62,102,40,55,80,52,68,43,45,25,107,24,30,109,82,25,52,104,57,56,55,56,102,57,83,56,58,97,86,79,41,79
96,86,76,63,86,89,68,63,62,72,80,98,78,86,74,88,68,114,96,75,59,71,73,90,95,87,74,67,110,83,69,55,117,51,50,51,72,122,80,51,101,47,69,73,60,58,79,107,49,67,62,86,100,48,81,41,81,44,50,92,51,43,76,42,37,89,60,68,36,47,71,69,35,44,35,70,101,116,48,73,94,101,32,31,32,48,81,81,41,34,72,29,35,40,61,94,59,49,34,28,68,70,28,50,60,66,25,62,58,57,46,47,94,82,27,85,83,45,25,47,81,109,45,111,58,28,23,32,90,104,49,38,66,84,18,96,77,36,15,102,109,66,59,58,77,60,16,14,78,109,36,92,114,42,30,83,105,113,45,15,21,65,7,67,29,9,10,65,56,109,33,30,47,33,57,86,49,24,21,3,0,102,103,36,32,36,70,27,25,18,77,108,50,19,43,40,45,80,76,51,47,7,92,98,97,104,76,11,76,86,42,78,84,17,54,43,71,91,14,44,63,110,56,86,52,48,24,23,35,61,78,71,20,19,36,101,103,38,59,99,38,52,77,50,65,46,42,24,105,24,28,106,85,25,50,101,60,59,58,54,99,54,80,54,56,94,89,81,39,77
186,173,158,114,76,74,143,130,125,90,80,189,81,73,157,70,148,59,187,80,102,155,78,64,61,178,76,83,54,174,156,96,51,124,120,104,71,51,172,100,50,109,70,66,147,145,60,46,130,70,152,181,43,88,52,117,51,128,80,190,141,128,172,127,109,43,65,164,116,78,167,166,116,135,97,52,34,34,73,48,35,33,115,109,98,72,41,180,133,123,48,106,87,80,56,30,157,146,125,116,47,169,93,64,53,165,98,162,157,156,66,64,25,182,88,186,184,143,119,63,30,21,144,20,158,124,90,78,23,18,149,137,42,26,94,17,179,136,103,15,16,40,161,47,29,161,114,112,27,13,137,13,15,143,73,21,9,14,146,89,82,167,105,169,131,95,93,167,158,8,135,132,55,135,45,16,151,126,123,105,102,0,1,138,134,66,32,129,127,84,25,6,152,83,59,142,57,23,178,153,149,99,12,7,9,7,178,110,177,20,143,27,185,91,50,62,35,18,100,62,43,16,50,23,153,148,86,89,73,46,179,172,112,98,73,18,18,72,50,20,73,58,34,61,45,144,70,99,23,104,90,24,185,109,64,25,158,157,156,61,27,61,38,63,61,30,188,180,81,42
187,174,159,115,77,75,144,131,126,91,81,190,82,74,158,71,149,59,188,81,103,156,79,64,62,179,77,84,54,175,157,97,51,124,121,105,71,51,173,101,50,110,71,66,148,145,60,46,131,70,153,182,44,89,53,118,51,129,81,191,142,129,173,128,109,43,66,165,117,79,168,167,117,136,98,53,34,34,74,49,35,33,116,109,99,73,42,181,134,124,48,107,88,81,57,31,158,147,126,117,48,170,94,65,54,166,99,163,158,157,67,65,25,183,89,187,185,144,120,64,31,20,145,20,159,125,91,79,23,18,150,138,43,27,95,18,180,137,104,15,16,40,162,48,30,162,115,113,28,12,138,14,14,144,74,22,8,13,147,90,83,168,106,170,132,96,94,168,159,7,136,133,56,136,46,17,152,127,124,106,103,1,0,139,135,67,33,130,128,85,26,5,153,84,60,143,58,24,179,154,150,100,13,8,9,7,179,111,178,21,144,28,186,92,51,63,35,18,101,63,44,15,51,23,154,149,86,90,74,47,180,173,113,99,74,18,18,73,51,20,74,59,35,62,46,145,71,100,23,105,91,24,186,110,65,25,159,158,157,62,27,62,39,64,62,31,189,181,82,43
74,68,64,77,115,118,64,67,69,96,107,74,104,115,61,118,60,147,71,102,79,57,101,121,127,64,102,93,143,61,54,77,150,57,59,69,102,156,57,71,134,62,98,104,47,47,110,141,49,97,46,58,134,73,114,50,115,43,79,62,39,42,48,41,52,123,92,42,45,77,44,42,44,35,58,104,135,151,79,107,128,136,42,47,55,80,116,50,32,36,106,47,64,70,95,129,33,28,32,37,103,39,55,83,95,35,50,33,29,29,79,81,129,48,57,51,50,21,30,81,117,145,21,146,27,24,53,65,125,139,21,18,102,119,48,132,43,16,39,138,145,102,26,94,113,26,28,30,114,144,10,128,150,10,66,119,141,149,11,50,57,30,34,32,9,43,45,29,21,145,5,7,83,4,93,122,13,12,15,33,36,138,139,0,4,72,106,9,11,54,113,144,14,55,79,5,81,116,40,16,12,39,128,134,133,140,41,29,40,121,11,113,48,49,90,78,107,127,41,79,98,146,91,122,21,17,56,53,69,96,43,37,32,45,69,136,138,71,94,134,71,86,112,83,100,21,75,47,140,44,56,141,51,40,83,136,31,30,30,87,134,87,114,86,88,129,56,49,68,111
76,69,65,75,111,115,63,66,68,93,104,77,101,112,62,115,60,143,74,99,76,58,97,118,123,66,98,90,139,63,55,74,147,55,57,67,98,152,59,69,131,60,95,100,47,47,107,137,48,93,47,61,130,70,110,48,111,42,75,65,39,41,51,40,50,119,88,44,43,73,46,45,42,34,55,100,131,147,76,103,124,132,39,44,52,76,112,53,31,34,102,44,60,66,91,125,35,29,30,34,99,42,51,79,91,38,46,35,32,31,76,77,125,52,54,55,53,22,27,77,113,141,22,142,30,22,50,61,121,135,23,18,98,115,44,128,47,16,36,134,141,98,30,90,109,30,24,26,110,141,10,124,146,13,62,115,137,145,14,46,53,34,30,36,7,39,41,33,25,141,4,4,79,3,89,118,17,8,11,29,32,134,135,4,0,68,102,5,7,50,109,140,18,51,75,9,77,112,44,20,16,35,124,130,129,136,45,25,44,117,13,109,52,45,86,74,103,123,37,75,94,142,87,118,23,20,52,50,65,92,47,41,29,42,65,132,134,67,90,130,67,82,108,80,96,22,71,44,136,40,52,137,55,37,79,132,33,33,32,83,130,83,110,83,84,125,59,52,64,107
126,115,102,70,68,69,89,79,76,63,65,129,63,67,100,68,92,86,127,60,61,97,58,67,70,117,57,55,81,114,97,54,86,69,67,57,53,91,111,54,72,58,50,52,88,85,55,77,72,48,92,118,70,44,54,60,54,69,40,126,80,68,109,68,52,59,39,101,58,36,104,102,57,73,42,43,68,82,33,45,62,68,55,50,42,32,50,115,71,61,42,47,34,31,35,61,93,82,63,54,38,104,35,27,32,100,38,97,92,91,23,24,60,117,29,121,119,79,55,22,48,74,80,76,93,60,29,21,55,69,84,72,33,49,32,61,113,71,39,67,74,33,95,25,42,96,49,47,43,73,72,57,79,78,11,48,70,78,80,24,18,101,40,103,65,30,28,101,92,73,69,66,12,69,21,50,85,60,57,39,36,66,67,72,68,0,34,63,61,18,41,72,86,17,7,76,10,44,112,87,83,33,56,62,61,68,112,45,111,50,78,42,120,26,20,13,36,55,35,14,28,74,23,51,87,82,23,26,17,28,113,106,48,34,18,65,67,18,27,64,19,22,42,22,33,79,21,37,70,42,31,71,119,47,25,66,93,92,91,27,65,28,47,29,30,60,123,115,30,45
157,144,130,90,65,64,116,103,99,71,66,160,66,63,128,61,120,66,157,63,79,127,61,57,57,148,60,63,61,144,127,71,63,96,92,78,54,65,142,74,53,82,52,50,118,115,47,54,101,51,123,151,48,62,42,88,41,98,55,159,111,98,141,98,80,40,43,133,87,52,137,135,86,105,68,35,42,53,47,33,38,42,85,79,69,46,32,148,103,92,31,76,58,52,34,35,126,114,94,85,28,137,64,37,30,133,68,130,125,124,38,36,31,151,57,154,152,112,88,35,23,43,113,44,126,93,59,48,26,37,117,106,19,22,63,30,147,104,72,35,41,16,129,19,15,130,82,80,14,40,105,24,45,111,42,16,36,44,114,58,51,135,73,137,99,63,61,135,126,39,103,100,23,103,13,16,119,94,91,73,70,32,33,106,102,34,0,97,95,52,7,38,120,51,27,110,25,11,146,121,117,67,23,28,28,35,146,78,145,17,111,12,153,59,20,31,12,23,68,31,16,41,21,21,121,116,54,57,42,19,147,140,81,66,43,34,35,41,23,32,42,29,19,32,22,112,40,68,39,73,60,40,153,78,36,37,126,126,125,34,36,35,26,36,35,34,157,149,52,28
80,72,67,73,108,111,64,66,67,91,101,80,98,108,64,111,61,139,77,95,74,60,94,114,119,70,95,87,135,66,57,72,142,54,56,64,95,147,62,66,126,58,91,96,49,49,103,133,48,89,49,65,126,67,106,46,107,42,72,70,41,41,55,40,47,115,84,48,41,70,50,49,40,35,52,96,127,142,72,99,120,128,38,41,49,72,107,58,32,34,97,41,56,62,87,121,39,32,30,32,94,47,47,75,86,43,43,40,36,35,71,73,120,57,50,60,58,26,25,72,108,136,25,138,34,21,46,57,117,131,27,20,93,111,40,123,52,18,32,129,136,93,34,85,104,35,21,22,105,136,14,120,141,17,57,110,132,140,19,41,48,39,25,41,7,35,37,38,30,136,8,6,74,7,84,113,22,4,6,24,27,129,130,9,5,63,97,0,2,45,104,135,23,46,70,13,72,107,49,24,20,30,119,125,124,131,49,20,49,112,17,104,57,40,81,69,98,118,32,70,89,137,82,113,27,23,47,45,60,87,52,45,24,37,60,127,129,62,85,125,62,77,103,74,91,24,66,39,131,36,47,132,59,33,74,127,36,35,35,78,125,78,105,77,79,120,63,56,59,102
81,73,67,72,106,109,64,65,66,89,99,82,96,107,65,109,62,137,79,94,72,61,92,112,117,71,93,85,133,67,58,70,140,54,55,63,93,146,64,65,124,57,90,95,50,49,101,131,47,88,50,67,124,65,104,45,105,41,70,71,41,40,57,39,46,113,82,50,40,68,52,50,39,35,50,94,125,140,70,97,118,126,37,40,47,70,105,59,32,33,96,40,55,61,85,119,40,33,29,31,92,48,46,73,84,44,41,41,38,37,69,71,118,59,48,62,60,27,24,71,106,134,26,136,36,20,44,55,115,129,28,21,91,109,38,121,54,19,30,127,134,91,36,83,102,36,19,21,103,134,15,118,139,19,55,108,130,138,21,39,46,41,23,43,8,33,35,40,32,134,9,7,72,9,82,111,24,2,4,22,25,127,128,11,7,61,95,2,0,43,102,133,25,44,68,15,70,105,51,26,22,28,117,123,122,129,51,18,51,110,18,102,59,38,79,67,96,116,30,68,87,135,80,111,29,24,45,43,58,85,53,47,23,35,58,125,127,60,83,123,60,75,101,73,89,25,64,37,129,34,46,130,61,31,72,125,38,37,36,76,123,76,103,76,77,118,65,58,58,100
112,101,89,66,77,79,78,71,69,67,72,114,70,76,87,78,80,101,112,67,59,84,65,79,83,102,65,60,96,99,83,53,102,60,58,52,62,107,96,51,87,51,59,62,74,72,66,92,60,56,77,102,85,43,67,49,68,56,43,110,66,55,93,54,43,74,48,85,46,40,88,86,45,59,36,56,85,99,38,59,78,85,43,39,34,38,66,98,56,47,57,36,31,32,48,78,77,66,48,40,53,87,28,37,46,83,28,80,75,74,33,34,77,100,23,103,101,62,40,33,65,92,63,93,76,44,20,22,73,86,67,55,50,67,20,79,96,54,25,85,92,50,77,42,60,78,32,30,60,91,54,75,97,60,15,66,88,96,63,10,9,83,22,85,48,13,11,83,74,91,51,48,29,51,39,68,67,42,39,21,18,84,85,54,50,18,52,45,43,0,59,90,68,1,25,58,27,62,94,69,65,16,74,80,79,86,94,27,93,67,60,60,101,12,36,25,53,73,19,27,45,92,38,68,69,65,14,15,20,44,95,88,31,20,21,83,85,23,42,81,23,35,59,33,48,61,27,24,87,28,22,88,102,32,34,83,76,75,74,38,82,38,62,38,40,77,106,98,28,59
163,151,136,96,67,66,122,110,106,75,69,166,69,65,135,63,127,65,164,67,84,133,65,58,58,155,64,68,59,151,133,77,60,102,99,84,58,62,149,80,51,88,56,53,125,122,50,52,108,55,129,158,46,68,44,95,42,105,61,166,118,105,148,105,86,39,48,140,94,58,144,142,93,112,75,38,39,49,53,36,36,39,92,86,76,52,33,155,110,99,34,83,65,59,39,33,133,122,101,92,31,145,70,43,35,140,75,137,132,131,44,42,28,158,64,162,160,119,95,41,22,37,120,38,134,100,66,55,23,32,124,113,23,20,70,25,154,111,79,29,35,20,136,25,15,137,89,87,13,34,113,19,39,118,49,12,30,37,121,65,58,142,80,144,106,70,68,142,133,33,110,107,30,110,20,10,126,101,98,80,77,25,26,113,109,41,7,104,102,59,0,31,127,58,34,117,32,4,153,128,124,74,16,21,21,27,153,85,152,11,118,9,160,66,26,38,13,17,75,37,20,34,26,15,128,123,61,64,48,23,154,147,87,73,49,27,29,47,27,26,48,34,18,37,24,119,46,74,33,79,66,34,160,84,41,31,133,132,131,38,31,39,25,40,39,29,163,155,58,28
192,179,164,120,81,79,149,136,132,96,86,195,87,79,163,75,155,62,194,86,108,162,84,69,66,184,82,89,57,181,162,102,53,130,126,110,76,52,178,106,53,115,76,71,154,151,65,49,136,75,159,187,47,94,57,123,56,134,86,196,148,134,178,134,115,47,71,170,123,85,174,172,122,141,103,58,37,35,80,54,39,36,122,115,104,78,47,186,140,129,54,112,93,87,62,35,164,152,131,122,53,175,100,70,59,171,104,168,163,162,72,70,29,188,94,192,190,150,125,70,36,22,150,21,164,131,96,84,28,21,155,143,48,32,101,22,185,142,109,18,17,46,167,53,35,168,120,118,34,13,143,19,13,149,80,27,10,11,152,95,88,173,111,175,137,101,99,173,164,6,141,138,61,141,51,22,157,132,129,111,108,6,5,144,140,72,38,135,133,90,31,0,158,89,65,148,63,28,184,159,155,105,16,11,12,6,184,116,183,24,149,32,191,97,56,68,40,21,106,67,49,12,56,26,159,154,91,94,78,51,185,178,118,103,79,18,17,77,55,20,78,63,38,66,50,149,75,104,22,109,96,23,190,114,69,25,164,163,162,66,27,66,41,67,65,32,194,186,86,46
70,67,66,87,127,131,69,75,78,109,120,69,117,128,63,131,64,160,66,115,90,59,114,135,140,60,115,106,157,58,55,89,164,66,68,81,115,169,54,83,148,74,112,117,50,51,124,155,57,110,47,52,148,86,128,60,128,52,92,53,44,51,43,50,64,137,105,39,56,90,39,38,55,42,71,118,149,165,93,121,142,150,53,59,68,93,130,41,40,47,120,59,77,83,109,143,30,31,42,49,117,32,68,97,109,29,63,27,26,26,93,95,143,38,71,40,39,25,42,95,131,159,24,161,22,36,67,79,140,153,20,26,116,134,62,146,32,25,53,152,159,116,18,108,127,17,41,43,128,159,19,143,164,14,80,133,155,163,12,64,71,17,48,19,22,58,60,17,9,159,18,21,97,18,107,136,4,26,29,47,50,152,153,14,18,86,120,23,25,68,127,158,0,69,93,10,95,130,26,3,4,53,142,148,147,154,26,42,26,135,12,127,34,63,103,92,120,140,54,93,112,159,105,136,13,14,69,66,82,110,30,24,44,58,82,150,152,85,107,148,84,99,125,97,113,21,88,59,153,55,68,154,38,51,96,150,23,23,23,100,148,100,127,99,101,142,43,37,80,124
113,102,91,67,77,79,80,72,70,67,72,115,70,77,88,78,82,100,113,67,60,86,65,79,83,104,65,60,96,100,84,54,102,61,59,54,62,106,97,52,87,52,59,62,75,73,67,92,62,57,79,104,85,44,67,51,67,57,44,111,67,57,94,56,44,74,49,86,47,40,89,87,46,60,37,56,84,99,39,59,77,85,44,40,35,38,66,100,57,49,57,37,32,33,47,77,78,67,49,42,53,89,29,37,46,84,30,81,77,76,33,34,76,101,24,105,103,63,41,33,64,91,64,93,77,45,22,22,72,86,68,57,49,66,21,78,97,55,26,84,91,49,79,41,59,79,33,31,60,90,55,74,96,61,15,65,87,95,64,12,10,84,24,86,49,14,13,84,75,90,52,49,29,52,38,67,68,43,40,22,19,83,84,55,51,17,51,46,44,1,58,89,69,0,24,59,26,61,95,70,66,16,73,79,78,85,95,27,94,66,61,59,102,11,35,24,52,72,19,25,43,91,37,67,70,65,13,15,18,42,96,89,32,20,19,81,83,21,40,80,21,34,58,32,47,62,25,24,85,28,21,87,102,32,33,82,77,76,75,36,80,37,61,37,38,75,106,98,27,58
133,121,108,75,68,69,96,85,82,65,65,136,64,66,107,67,99,83,134,61,65,104,59,65,68,124,58,57,78,121,104,58,82,76,73,62,54,86,118,59,69,63,50,52,95,92,53,73,79,48,99,126,66,48,52,67,51,76,43,133,87,75,116,75,59,55,39,108,64,40,111,109,64,80,48,41,63,77,36,42,57,64,62,56,48,35,47,123,78,68,40,54,39,36,34,56,101,89,70,61,35,112,42,28,30,107,45,104,99,98,25,25,54,124,35,128,126,86,62,23,43,68,87,70,100,67,36,27,50,63,91,80,29,44,39,55,120,78,47,61,67,28,102,21,37,103,56,54,37,66,79,50,72,85,18,41,63,71,88,32,25,108,47,110,72,37,35,108,99,66,76,73,7,76,15,43,92,67,64,46,43,59,60,79,75,7,27,70,68,25,34,65,93,24,0,83,3,37,119,94,90,40,49,55,54,61,119,51,118,43,84,35,126,32,13,10,29,48,41,11,21,67,16,44,94,89,28,31,18,21,120,113,54,40,19,58,60,19,21,56,20,18,35,18,26,85,20,42,62,47,35,64,126,52,22,59,100,99,98,23,58,24,40,25,25,53,130,122,31,38
75,70,67,82,120,123,67,72,74,101,112,75,109,120,64,123,63,152,72,107,83,60,106,126,131,65,107,98,148,62,56,82,155,61,63,74,107,160,58,76,139,67,103,109,50,50,115,146,53,102,48,58,139,78,119,54,119,47,84,61,42,47,49,46,57,128,97,43,50,82,44,43,49,39,63,109,140,155,84,112,133,141,47,52,60,85,120,49,36,41,110,52,68,75,100,134,34,31,37,42,107,38,60,88,99,35,55,32,30,30,84,86,134,46,62,49,48,24,35,85,121,149,23,151,27,29,58,70,130,144,22,22,106,124,53,136,41,20,44,142,149,107,25,98,117,24,33,34,118,149,14,133,155,12,70,124,145,153,12,54,61,27,38,28,14,48,50,26,18,149,10,12,87,9,97,126,10,16,19,37,40,142,143,5,9,76,110,13,15,58,117,148,10,59,83,0,85,120,36,11,7,43,132,138,137,144,36,32,36,125,7,117,44,53,93,81,110,130,44,83,101,149,95,125,16,13,59,57,72,100,39,32,34,48,72,140,142,75,97,138,74,89,115,87,103,18,78,50,143,46,59,144,46,42,86,140,26,26,25,90,138,90,117,89,91,132,51,44,71,114
136,124,111,78,69,70,98,88,85,67,67,139,66,68,109,68,102,83,136,63,68,107,61,66,69,127,60,59,78,123,107,61,82,78,76,65,55,86,121,62,69,66,52,53,97,95,54,73,82,50,102,128,66,51,52,70,52,78,46,136,90,78,119,77,62,55,41,110,67,42,114,112,67,83,51,42,63,76,38,43,57,63,65,59,51,37,47,125,81,71,40,56,42,38,35,56,103,92,72,64,36,114,45,30,32,110,48,107,102,101,27,27,53,127,38,130,128,89,65,25,42,67,89,68,103,70,39,30,49,61,94,82,29,43,42,54,123,81,49,59,66,28,105,22,36,105,58,56,36,65,81,49,70,87,21,40,61,69,90,34,28,111,49,112,75,39,37,110,101,65,78,75,8,78,14,42,94,69,66,48,45,57,58,81,77,10,25,72,70,27,32,63,95,26,3,85,0,35,121,96,92,42,47,53,52,59,121,53,120,40,86,33,128,34,11,9,26,46,43,9,18,65,13,41,96,91,29,32,18,18,122,115,56,41,19,56,57,18,18,54,20,15,33,16,23,87,19,43,60,48,36,61,128,53,20,57,101,100,99,21,55,22,37,23,23,51,131,123,31,35
167,155,141,100,71,70,126,114,110,80,73,170,73,69,139,67,131,66,168,71,88,137,69,62,61,159,68,72,61,155,137,81,61,106,103,88,62,63,153,85,54,92,60,57,129,126,53,54,112,59,133,161,48,72,47,99,46,109,65,170,122,109,152,108,90,42,52,144,98,62,147,145,97,115,79,42,41,49,57,40,38,40,96,90,80,56,36,159,114,103,38,87,69,63,43,34,137,125,105,96,35,148,74,48,39,144,79,141,136,135,48,47,29,161,68,165,163,123,98,45,25,37,123,38,137,104,70,59,24,32,128,116,27,22,74,26,157,115,82,29,34,24,139,29,18,140,92,90,16,32,116,18,37,122,53,13,28,35,125,68,61,145,84,147,109,74,72,145,136,30,113,110,34,113,24,9,129,104,101,83,80,23,24,116,112,44,11,107,105,62,4,28,130,61,37,120,35,0,156,131,127,77,12,18,17,24,156,88,155,7,121,7,163,68,28,40,13,13,78,39,21,30,28,11,130,125,63,66,50,24,157,150,90,75,51,23,25,49,28,22,50,35,16,38,24,121,47,76,28,81,68,30,162,86,42,27,136,135,134,39,26,40,23,41,39,25,166,158,59,26
69,71,76,108,152,155,84,93,97,132,144,67,141,153,74,156,77,186,64,139,112,70,138,160,165,62,139,130,182,60,66,113,190,86,89,103,140,195,57,106,174,96,137,142,64,66,149,181,76,135,59,49,174,110,153,82,154,72,117,45,61,71,44,71,87,163,131,45,79,116,42,43,78,61,95,143,175,191,118,147,168,176,77,83,93,119,155,36,60,69,146,84,102,109,135,169,40,48,65,72,143,33,93,123,135,34,88,34,37,38,119,121,169,27,97,27,26,44,66,121,157,185,43,187,32,60,93,105,166,180,38,48,142,160,88,172,21,48,79,178,185,142,26,134,153,24,67,69,154,185,44,169,191,38,106,160,182,190,35,90,97,16,74,14,48,84,86,15,22,185,44,47,123,44,133,162,28,52,55,73,76,178,179,40,44,112,146,49,51,94,153,184,26,95,119,36,121,156,0,25,29,79,168,174,173,180,2,68,4,161,35,153,9,88,129,117,146,166,79,118,137,185,130,161,28,33,95,92,108,135,12,14,68,83,108,175,177,110,133,173,109,125,151,122,139,39,113,84,179,79,93,180,20,74,121,175,30,30,31,125,173,125,152,124,126,167,24,23,105,149
72,69,69,90,130,133,72,78,81,111,123,72,120,131,66,133,67,163,69,117,93,63,116,137,142,63,117,108,159,60,58,92,166,69,71,84,117,171,56,86,150,76,114,119,54,54,126,157,60,112,50,54,150,89,130,63,130,55,94,55,47,54,46,53,67,139,108,42,59,93,41,41,58,45,73,120,151,167,95,123,144,152,56,61,70,95,131,43,43,50,121,62,79,85,111,145,33,34,45,51,118,34,70,99,110,32,65,30,29,29,95,97,145,39,73,41,40,28,44,97,133,160,27,162,24,38,69,81,141,155,24,29,117,135,64,148,33,28,55,153,160,118,20,110,128,19,43,45,129,160,22,144,166,17,81,135,157,165,15,65,72,18,49,19,25,59,61,17,11,160,20,23,98,20,108,137,7,28,31,48,51,153,154,16,20,87,121,24,26,69,128,159,3,70,94,11,96,131,25,0,4,54,143,149,148,155,25,43,24,136,11,128,33,63,104,92,121,141,55,93,112,160,105,136,10,12,70,67,83,111,28,22,44,58,83,150,152,85,108,149,84,100,126,97,114,19,88,59,154,55,68,155,36,51,96,150,20,20,20,100,148,100,128,99,101,143,40,34,80,124
74,70,69,88,126,130,71,76,79,108,119,73,116,127,66,130,66,159,70,114,90,62,113,133,139,64,114,105,155,61,58,89,162,67,69,81,114,168,57,83,146,74,111,116,53,53,123,153,58,109,50,56,146,85,126,60,127,52,91,57,46,52,47,51,64,135,104,42,56,89,43,42,55,43,70,116,147,163,91,119,140,148,53,58,67,92,127,46,41,47,118,59,76,82,107,141,34,34,43,48,115,36,67,95,107,33,62,31,30,29,91,93,141,42,69,44,43,27,41,93,129,156,26,158,25,35,66,77,137,151,23,26,113,131,60,144,36,25,51,149,156,114,22,106,124,21,40,42,125,156,19,140,162,15,77,131,153,161,13,61,68,22,46,23,21,55,57,21,13,156,17,19,94,16,104,133,7,24,27,44,47,149,150,12,16,83,117,20,22,65,124,155,4,66,90,7,92,127,29,4,0,50,139,145,144,151,29,39,28,132,8,124,36,59,100,88,117,137,51,89,108,156,101,132,10,10,66,63,79,107,31,25,40,54,79,146,148,81,104,145,80,96,122,93,110,17,85,56,150,51,65,151,39,47,92,146,21,21,21,96,144,96,124,96,98,139,44,37,77,120
103,93,83,69,89,91,74,70,69,76,83,104,81,89,80,91,75,115,102,78,65,77,76,92,97,93,76,70,111,89,75,60,117,58,57,57,74,122,86,56,102,53,71,75,66,64,80,107,56,69,69,91,100,51,82,47,82,51,54,97,57,50,81,49,43,89,62,73,43,50,76,75,42,50,40,71,100,115,50,74,93,100,39,37,37,50,81,86,48,41,72,35,39,42,62,93,65,55,40,35,68,75,32,51,61,71,30,68,63,62,46,48,92,86,30,90,88,50,32,47,80,107,51,109,63,34,26,33,88,102,54,44,65,82,23,95,82,42,21,100,107,65,64,57,75,64,22,21,76,106,41,90,112,46,30,81,103,111,49,16,21,69,13,71,34,12,13,69,60,106,37,34,45,37,55,83,52,28,25,8,7,99,100,39,35,33,67,30,28,16,74,105,53,16,40,43,42,77,79,54,50,0,89,95,94,101,79,11,78,82,44,74,86,11,50,39,67,87,8,40,59,106,52,82,54,49,18,16,30,57,80,73,17,12,30,97,99,33,55,95,32,47,72,45,61,46,37,17,100,18,22,102,86,20,44,97,60,59,59,48,95,49,75,48,50,90,90,82,33,72
179,166,152,109,76,75,137,124,120,87,79,182,80,74,150,71,142,65,180,78,98,149,77,65,64,170,75,80,60,167,149,91,58,117,114,98,69,59,164,95,54,103,68,64,140,137,59,52,123,67,145,173,48,83,52,110,51,121,75,181,133,120,164,120,102,44,61,156,109,73,159,157,109,127,90,49,39,43,68,46,38,38,108,101,91,66,41,171,125,115,45,98,80,74,52,34,149,137,117,108,43,160,86,58,48,156,90,153,148,147,59,57,28,173,80,177,175,135,110,56,29,30,135,30,149,116,82,70,24,26,140,128,36,25,86,22,169,127,94,23,26,34,151,40,25,152,104,102,23,23,128,15,27,134,65,17,19,25,137,80,73,157,96,159,121,86,84,157,148,20,125,122,46,125,36,10,141,116,113,95,92,12,13,128,124,56,23,119,117,74,16,16,142,73,49,132,47,12,168,143,139,89,0,6,5,12,168,100,167,8,133,16,175,80,39,51,23,7,89,51,32,19,39,11,142,137,75,78,62,35,168,161,102,87,62,14,15,60,38,14,62,46,23,49,34,133,58,88,20,93,79,21,174,98,53,20,147,146,145,49,20,50,27,51,49,22,177,170,70,31
184,171,157,114,79,77,142,129,125,91,83,187,84,77,156,74,147,65,185,82,103,154,80,68,65,176,78,84,60,172,154,96,57,123,119,103,72,57,170,100,55,108,72,68,146,143,62,52,129,71,151,179,49,88,55,116,53,126,80,187,139,126,170,126,107,46,65,161,115,78,165,163,114,133,95,53,39,41,73,50,39,38,113,107,96,71,44,177,131,121,49,104,85,79,56,35,155,143,123,114,47,166,91,63,53,162,96,159,154,153,64,63,29,179,85,183,181,140,116,62,32,28,141,27,155,121,87,76,26,24,146,134,41,28,92,22,175,133,100,21,23,39,157,45,29,158,110,108,27,20,134,16,22,140,70,21,16,21,143,86,79,163,102,165,127,92,90,163,154,15,131,128,52,131,42,14,147,122,119,101,98,7,8,134,130,62,28,125,123,80,21,11,148,79,55,138,53,18,174,149,145,95,6,0,1,6,174,106,173,14,139,22,181,86,45,57,29,11,95,57,38,14,45,16,148,143,81,84,68,41,174,167,108,93,68,12,12,66,44,13,67,52,28,55,39,139,64,94,17,99,85,19,180,104,58,19,153,152,151,55,20,55,31,56,55,23,183,176,76,35
184,171,157,114,80,78,142,129,125,91,83,187,84,77,155,74,147,66,185,82,102,154,80,68,66,175,78,84,61,172,154,96,59,122,119,103,73,59,170,99,56,108,72,68,145,142,62,53,128,71,150,178,49,87,55,115,54,126,80,187,139,125,169,125,107,47,65,161,114,77,164,162,114,132,95,53,40,42,72,50,40,39,113,106,96,71,44,176,130,120,49,103,85,79,56,36,154,142,122,113,47,165,91,63,53,161,95,158,153,152,64,62,30,178,85,182,180,140,115,61,32,29,140,29,154,121,87,75,27,25,145,133,41,28,91,23,174,132,99,22,25,38,156,45,29,157,109,108,27,21,133,17,23,139,70,21,17,22,142,85,78,163,101,164,127,91,89,162,153,16,130,127,51,130,41,14,146,121,118,100,97,9,9,133,129,61,28,124,122,79,21,12,147,78,54,137,52,17,173,148,144,94,5,1,0,7,173,105,172,12,138,20,180,85,44,56,28,9,94,55,37,14,44,14,147,142,80,83,67,39,173,166,107,92,67,11,12,65,43,12,66,51,26,54,38,138,63,92,17,97,84,18,179,103,57,18,152,151,150,53,19,54,30,55,53,22,182,174,74,34
190,177,163,120,83,81,148,135,131,96,87,193,88,80,162,78,153,66,191,86,108,160,85,71,69,182,83,89,62,178,160,101,58,128,125,109,77,57,176,105,57,114,76,72,152,149,66,53,134,76,157,185,51,93,59,121,57,132,85,193,145,132,176,132,113,50,71,167,121,83,171,169,120,139,101,58,41,41,78,54,42,40,119,113,102,77,48,183,137,127,54,110,91,85,62,38,161,149,129,120,53,172,97,69,59,168,102,165,160,159,70,68,32,185,91,189,187,147,122,68,37,27,147,26,161,127,93,82,30,25,152,140,47,33,98,25,181,139,106,22,22,44,163,51,34,164,116,114,32,18,140,20,19,146,76,26,15,17,149,92,85,169,108,171,134,98,96,169,160,12,137,134,58,137,48,20,153,128,125,107,104,7,7,140,136,68,35,131,129,86,27,6,154,85,61,144,59,24,180,155,151,101,12,6,7,0,180,112,179,19,145,27,187,92,51,63,35,15,101,62,44,9,51,21,154,149,86,90,74,46,180,173,114,99,74,12,11,72,49,14,73,57,33,61,44,145,70,99,16,104,91,17,186,109,64,19,159,158,157,60,21,60,35,62,60,25,189,181,81,40
71,73,78,109,153,156,85,95,98,133,145,69,142,153,76,157,79,186,66,140,113,72,139,160,166,64,140,131,183,62,68,114,190,87,90,105,141,196,58,107,174,97,137,143,66,68,150,181,77,136,61,51,174,111,154,83,155,73,118,47,62,72,46,72,88,163,132,47,80,116,44,45,79,62,96,144,176,191,119,148,169,177,78,84,94,120,156,38,61,70,146,85,103,109,135,170,42,49,66,73,143,35,94,123,135,35,89,36,39,39,120,122,170,29,97,29,28,46,67,121,158,185,44,187,33,61,94,105,166,180,39,49,142,160,88,173,23,49,79,178,185,143,28,135,153,25,68,70,154,185,44,169,191,38,106,160,182,190,35,90,97,18,74,16,49,84,86,16,23,185,44,47,123,44,133,162,28,53,56,73,76,178,179,41,45,112,146,49,51,94,153,184,26,95,119,36,121,156,2,25,29,79,168,174,173,180,0,68,2,161,35,153,8,88,129,117,146,166,79,118,137,185,130,161,27,32,94,91,107,135,10,12,68,83,107,175,177,110,132,173,109,125,150,122,139,39,113,83,179,79,92,180,18,74,120,175,28,29,30,124,173,124,152,124,126,167,22,21,104,148
96,87,79,73,98,100,73,70,70,83,92,98,89,98,76,100,72,125,95,86,70,73,84,102,106,86,85,78,121,83,70,66,127,58,58,61,83,132,79,61,112,56,80,84,62,60,90,118,54,78,63,83,111,59,92,48,92,49,62,89,53,48,73,47,46,100,71,66,43,59,68,67,42,46,45,81,111,126,59,84,104,111,39,39,43,60,92,77,43,39,82,38,46,51,72,104,57,48,37,34,79,66,39,61,71,62,35,59,55,54,57,58,103,77,38,80,78,43,29,57,91,118,43,120,54,29,34,43,99,113,45,36,76,93,29,106,72,34,24,111,118,76,54,68,87,54,19,19,87,118,32,101,123,37,40,92,114,122,39,26,32,59,15,60,25,20,21,58,49,118,27,25,56,27,66,95,42,18,15,9,11,110,111,29,25,45,78,20,18,27,85,116,42,27,51,32,53,88,68,43,39,11,100,106,105,112,68,0,67,93,33,85,75,20,61,49,78,98,13,50,69,117,62,93,43,38,27,25,40,68,69,62,10,17,40,107,109,42,65,106,42,57,83,55,71,35,46,21,111,18,28,112,75,17,54,107,49,48,48,58,106,58,85,58,59,100,79,71,40,82
73,75,80,110,153,156,87,96,99,133,145,71,142,153,77,157,80,186,68,140,114,73,139,160,166,65,140,131,183,64,69,114,190,88,91,105,140,195,60,108,174,97,137,143,67,69,150,181,78,136,62,53,174,111,154,84,154,74,118,49,63,73,48,72,89,163,131,48,80,116,46,46,79,63,96,144,175,191,119,147,168,176,78,84,93,119,156,40,62,70,146,85,103,109,135,169,43,50,66,73,143,36,94,123,135,37,89,37,40,40,119,121,169,31,97,31,31,46,67,121,157,184,45,186,34,61,93,105,165,179,40,49,142,159,88,172,25,49,79,178,185,142,29,134,153,26,67,69,153,184,44,168,190,38,106,159,181,189,35,90,97,19,74,17,48,83,85,17,24,185,44,47,123,44,133,161,28,52,55,73,76,177,178,40,44,111,145,49,51,93,152,183,26,94,118,36,120,155,4,24,28,78,167,173,172,179,2,67,0,160,34,152,8,87,128,116,145,165,78,117,136,184,129,160,26,31,93,90,106,134,8,10,66,81,106,174,176,108,131,172,107,123,149,121,137,37,112,82,177,77,91,179,16,73,119,174,26,27,28,123,172,123,151,122,124,166,21,19,103,147
174,161,147,107,77,76,133,121,117,87,80,177,80,75,146,73,138,70,175,78,95,144,76,67,66,165,74,79,65,162,144,88,64,113,110,95,68,65,159,92,58,99,67,64,135,132,60,57,119,66,140,168,52,80,53,106,52,116,72,176,128,115,158,115,97,47,59,150,104,70,153,152,104,122,86,49,44,50,65,46,42,43,103,96,86,63,42,165,120,110,45,94,76,70,50,38,143,131,111,103,42,154,81,55,46,150,85,147,142,141,55,54,33,167,75,171,169,129,104,52,31,37,129,38,143,110,76,65,28,33,134,122,34,27,80,28,163,121,89,30,34,31,145,36,25,146,98,96,22,31,121,20,35,127,59,18,27,33,130,74,67,151,89,153,115,79,77,151,142,28,119,116,40,119,30,12,134,109,106,89,86,20,21,121,117,50,17,112,110,67,11,24,135,66,43,125,40,7,161,136,132,82,8,14,12,19,161,93,160,0,126,8,168,73,32,44,15,6,82,43,24,24,31,5,135,130,67,70,54,27,161,154,94,79,55,16,18,53,30,15,54,38,15,41,25,126,50,80,21,85,71,23,167,90,45,20,140,139,138,41,19,42,20,43,41,19,170,162,62,24
81,76,74,88,124,128,74,79,81,107,117,80,114,125,71,128,70,156,77,112,89,67,111,131,136,71,112,103,152,68,63,88,159,68,70,80,111,164,64,82,143,73,108,113,57,57,119,149,60,106,55,63,142,83,123,61,123,54,88,65,49,53,54,52,63,131,101,49,56,86,50,49,55,46,68,112,143,158,88,115,136,144,53,57,65,89,123,53,43,48,114,57,73,79,103,137,40,38,43,48,110,43,64,91,103,40,59,38,36,36,87,89,136,50,66,52,51,31,40,89,124,151,30,153,32,35,62,73,132,146,28,29,109,126,57,139,44,27,49,144,151,109,29,101,119,28,37,39,120,151,21,134,156,19,73,125,147,155,18,57,64,29,42,31,20,51,52,28,21,151,16,18,89,15,99,128,14,20,23,40,42,143,144,11,13,78,111,17,18,60,118,149,12,61,84,7,86,121,35,11,8,44,133,139,138,145,35,33,34,126,0,118,42,53,94,82,111,131,44,83,102,150,95,126,10,6,59,56,72,100,36,29,33,48,72,140,142,74,97,138,74,89,115,87,103,11,78,49,144,44,57,145,42,40,85,140,20,19,19,89,138,89,117,89,91,132,47,39,69,113
167,155,141,102,76,75,127,115,111,83,77,170,78,74,139,72,131,73,168,75,91,137,73,67,67,158,72,75,68,155,137,84,68,107,104,90,66,70,152,86,60,93,64,62,128,126,58,60,112,63,133,160,55,74,52,99,51,109,67,168,121,109,151,108,91,48,55,143,98,64,146,144,97,115,79,46,48,56,59,44,44,47,96,89,80,58,42,157,113,103,43,87,70,64,46,41,135,124,104,95,40,146,74,50,42,142,78,139,134,133,50,48,36,159,68,163,161,121,97,47,31,43,122,44,135,102,69,59,31,38,126,114,31,28,73,32,155,113,81,35,40,28,137,31,24,138,91,89,22,38,114,25,42,120,52,20,34,41,122,66,60,143,82,145,107,72,70,143,134,35,111,108,33,111,24,16,127,102,99,81,78,27,28,113,109,42,12,104,102,60,9,32,127,59,35,117,33,7,153,128,124,74,16,22,20,27,153,85,152,8,118,0,160,65,24,36,7,13,74,35,16,32,23,9,127,122,59,62,46,19,153,146,86,71,47,23,25,45,22,22,46,30,9,34,18,118,42,72,28,77,63,29,159,82,37,25,132,131,130,34,24,34,16,35,34,21,162,154,54,19
76,79,85,117,161,164,93,103,106,141,153,73,150,161,82,165,86,194,70,148,121,79,147,168,174,69,148,139,191,68,74,122,198,95,98,113,149,204,64,115,182,105,145,151,73,75,158,189,85,144,68,56,182,119,162,91,163,81,126,50,70,80,52,80,96,171,140,53,88,124,51,51,87,70,104,152,184,199,127,155,177,184,86,92,102,127,164,43,69,78,154,93,111,117,143,178,49,57,74,81,151,41,102,131,143,42,97,43,46,47,128,130,177,33,105,32,32,54,75,129,165,193,52,194,41,69,102,113,174,187,47,57,150,168,96,180,28,57,87,186,193,150,35,142,161,33,76,77,162,192,52,176,198,47,114,167,189,197,43,98,105,25,82,23,57,92,94,24,31,193,52,55,131,52,141,170,36,60,63,81,84,185,186,48,52,120,153,57,59,101,160,191,34,102,126,44,128,163,9,33,36,86,175,181,180,187,8,75,8,168,42,160,0,95,136,124,153,173,86,125,144,192,137,168,33,38,101,98,114,142,9,15,74,89,114,182,184,116,139,180,115,131,157,128,145,44,119,90,185,85,99,186,13,80,127,181,32,33,34,131,180,131,159,130,132,174,17,18,110,155
113,103,93,75,89,91,84,78,76,78,84,115,81,88,91,89,85,112,112,78,69,87,76,90,94,104,77,71,107,100,86,64,112,66,65,62,74,117,97,61,98,60,70,74,77,75,78,103,65,68,79,102,96,54,79,56,79,60,55,108,68,59,92,59,50,85,60,84,51,51,87,85,51,61,45,67,94,109,50,70,88,95,48,45,43,50,76,97,58,51,68,43,42,44,59,88,76,66,50,44,64,85,37,48,57,81,36,78,74,73,44,45,86,97,33,100,98,61,42,44,74,100,61,102,73,45,30,33,82,95,65,54,60,76,28,88,92,52,30,93,100,59,74,51,69,75,33,31,69,99,51,83,104,57,26,74,95,103,59,19,21,79,23,81,44,18,17,79,70,98,47,45,38,47,47,75,62,38,35,19,17,91,92,49,45,26,59,40,38,12,66,97,63,11,32,53,34,68,88,63,59,11,80,86,85,92,88,20,87,73,53,65,95,0,41,29,58,78,9,30,49,97,42,73,62,57,7,6,20,47,88,81,22,8,20,87,89,22,45,85,22,37,63,34,51,53,26,13,91,16,12,92,94,21,34,87,67,66,66,38,85,38,65,38,39,80,97,90,22,61
147,135,122,88,75,76,109,98,95,76,74,149,73,73,120,73,112,84,147,70,78,118,68,70,72,137,67,67,79,134,117,71,82,89,86,75,62,85,131,72,70,77,59,59,108,105,59,73,93,57,112,138,66,60,56,80,55,89,55,146,100,88,129,88,72,56,48,121,78,51,124,122,77,94,62,46,62,73,47,46,56,62,75,70,62,46,48,135,91,82,44,67,53,49,41,54,113,102,83,74,39,124,55,38,37,120,58,116,112,111,36,36,51,136,49,140,138,98,75,34,41,63,99,64,112,80,49,40,46,57,103,92,31,41,52,50,132,90,59,55,61,29,114,25,34,114,68,66,33,60,90,44,65,96,31,36,56,63,99,44,38,119,59,121,84,49,47,119,110,58,87,84,16,87,15,36,103,78,75,57,54,50,51,90,86,20,20,81,79,36,26,56,103,35,13,93,11,28,129,104,100,50,39,45,44,51,129,61,128,32,94,24,136,41,0,12,17,37,50,11,8,56,3,32,103,98,35,38,23,8,129,122,62,47,23,46,48,21,8,45,22,9,22,12,13,94,20,48,50,53,40,51,135,58,16,47,108,107,106,15,45,16,27,17,17,40,138,130,32,25
137,126,113,83,78,79,101,92,89,75,76,139,74,77,111,77,104,92,137,71,74,109,69,75,78,128,68,67,87,124,108,67,91,82,79,70,64,94,121,67,78,70,61,62,99,96,63,81,84,59,102,128,74,57,61,72,61,80,53,135,91,80,118,79,65,64,49,110,69,49,113,111,69,84,55,51,71,84,45,51,65,71,67,62,54,44,56,124,81,72,49,59,47,44,44,64,102,91,73,65,45,113,48,38,40,109,50,105,101,100,35,35,61,125,42,128,126,87,65,33,50,74,88,75,101,69,41,34,56,68,92,81,38,51,43,61,120,79,50,66,73,36,102,31,44,103,57,55,43,71,79,56,76,85,24,47,67,75,87,34,29,108,48,109,72,38,37,107,98,70,76,73,17,76,22,47,91,66,63,46,43,62,63,78,74,13,31,69,67,25,38,68,92,24,10,81,9,40,117,92,88,39,51,57,56,63,117,49,116,44,82,36,124,29,12,0,29,49,38,1,20,68,13,44,91,86,23,26,11,18,117,110,50,35,11,58,60,10,16,56,11,10,34,9,22,81,10,36,62,41,28,63,123,47,12,58,96,95,94,14,57,15,37,16,17,51,126,118,22,34
162,150,136,99,77,76,123,111,107,82,77,165,77,75,135,73,126,77,162,75,88,132,73,69,69,153,71,74,72,149,132,81,73,103,99,86,66,75,147,83,64,89,63,62,123,120,59,65,107,62,127,155,59,71,54,94,53,104,64,162,116,103,145,103,86,51,54,137,92,61,140,138,92,109,75,47,52,62,56,45,48,52,90,84,75,55,44,151,107,97,43,82,65,60,45,46,129,118,98,90,40,140,69,47,41,136,73,133,128,127,46,45,41,153,63,157,155,115,91,43,34,50,116,50,129,96,64,54,36,45,120,108,31,32,68,38,149,107,75,42,47,27,131,29,27,131,84,83,25,45,107,31,49,113,46,25,41,48,116,60,54,136,75,138,101,66,64,136,127,43,104,101,28,104,20,22,120,95,92,74,71,35,35,107,103,36,12,98,96,53,13,40,120,52,29,110,26,13,146,121,117,67,23,29,28,35,146,78,145,15,111,7,153,58,17,29,0,20,67,28,9,39,16,15,120,115,52,55,39,12,146,139,79,64,39,29,31,37,15,28,39,23,8,26,11,110,35,65,34,70,56,35,151,75,30,30,125,124,123,26,29,27,15,28,27,25,155,147,47,16
180,167,153,113,82,81,139,127,123,92,85,183,85,79,152,77,143,72,181,83,101,150,81,72,70,171,79,84,67,168,150,94,66,119,116,101,74,66,165,97,61,105,72,69,141,138,64,59,124,71,146,173,55,85,58,111,56,122,78,181,134,121,164,121,103,51,65,156,110,75,159,157,110,128,91,54,46,51,70,51,45,45,108,102,92,69,46,171,126,115,50,99,82,76,55,41,148,137,117,108,47,160,87,60,52,155,91,152,147,146,61,59,35,172,81,176,174,134,110,58,35,37,135,37,148,115,82,71,31,33,139,128,40,31,86,29,168,126,94,30,33,37,150,42,30,151,104,102,27,30,127,22,33,133,65,22,26,31,135,80,73,156,95,158,120,85,83,156,147,25,124,121,46,124,36,16,140,115,112,94,91,18,18,127,123,55,23,118,116,73,17,21,140,72,48,130,46,13,166,141,137,87,7,11,9,15,166,98,165,6,131,13,173,78,37,49,20,0,87,48,29,19,36,5,140,135,72,75,59,31,166,159,99,84,59,10,12,57,35,9,58,43,17,46,29,130,55,85,16,90,76,17,171,95,49,14,145,144,143,45,14,45,21,46,45,15,175,167,66,25
108,99,90,77,95,98,82,77,77,83,90,110,87,95,87,97,82,120,107,84,72,84,83,98,102,98,83,77,115,95,82,67,121,66,65,64,81,126,91,64,106,61,77,81,73,71,86,112,63,75,75,96,104,59,87,55,87,58,60,101,64,57,86,56,51,93,67,78,50,57,81,79,49,57,48,75,103,118,57,78,97,104,47,45,45,56,85,90,54,48,76,43,46,49,67,97,69,60,47,42,72,78,40,56,65,74,38,71,67,66,52,53,95,89,38,92,91,55,38,52,83,109,55,111,66,40,34,39,91,104,58,48,68,85,31,97,84,46,29,102,109,68,67,60,78,67,29,28,78,108,44,92,113,49,34,83,104,112,51,23,27,71,21,73,37,19,20,70,62,108,40,37,47,39,56,85,54,30,28,15,14,100,101,41,37,35,68,32,30,19,75,106,54,19,41,44,43,78,79,55,51,8,89,95,94,101,79,13,78,82,44,74,86,9,50,38,67,87,0,39,58,106,51,82,53,48,15,12,28,56,79,72,13,5,28,96,98,30,53,94,30,45,71,43,59,44,34,9,99,10,16,100,85,13,41,96,58,57,56,46,94,46,73,45,47,88,88,80,27,70
138,127,115,85,79,80,103,93,90,76,77,141,75,77,113,77,105,92,138,72,75,110,70,76,78,129,69,68,87,125,109,68,91,83,81,71,65,94,122,69,78,72,62,63,100,98,64,81,86,59,104,129,74,58,62,74,61,82,54,136,92,81,119,80,66,64,50,111,71,50,115,113,70,85,56,51,71,83,46,52,65,71,68,63,56,45,56,125,83,74,50,60,48,46,45,64,103,93,74,66,45,114,49,39,41,110,52,107,102,101,36,36,61,126,43,130,128,89,66,34,50,73,89,75,102,71,43,36,56,68,93,82,38,51,45,61,122,80,51,66,72,36,104,31,43,104,59,57,43,71,80,55,76,86,26,47,67,74,89,36,30,109,49,111,73,40,38,109,100,69,77,74,18,77,22,47,92,67,65,47,44,62,63,79,75,14,31,70,68,27,37,67,93,25,11,83,9,39,118,93,89,40,51,57,55,62,118,50,117,43,83,35,125,30,11,1,28,48,39,0,19,67,12,43,92,87,24,27,11,17,118,111,51,36,12,57,59,10,15,55,12,8,33,8,21,82,10,37,61,42,29,62,123,47,11,57,97,96,95,13,55,14,35,15,15,50,127,119,22,33
155,143,129,94,77,77,116,105,102,80,77,157,76,75,128,74,120,82,155,73,84,125,71,71,72,145,70,71,76,142,125,76,78,96,93,81,65,81,139,78,68,83,62,61,116,113,60,70,100,60,120,147,64,66,56,88,55,97,60,154,108,96,137,96,80,55,52,129,85,57,132,130,85,102,69,47,58,69,52,46,53,58,83,77,69,51,47,143,99,90,44,75,59,55,44,51,121,110,91,82,40,132,63,43,39,128,66,125,120,119,42,41,47,144,56,148,146,107,83,39,38,57,107,58,120,88,57,47,42,52,111,100,31,37,60,45,140,98,68,49,55,28,122,27,31,123,76,74,30,53,99,39,58,104,39,31,49,56,107,52,46,128,67,129,92,57,55,127,118,51,96,93,22,95,16,30,111,86,83,66,63,43,44,98,94,28,16,89,87,45,20,49,112,43,21,101,18,21,137,112,108,59,32,38,37,44,137,69,136,24,102,16,144,49,8,20,9,29,58,19,0,48,7,24,111,106,43,46,30,4,137,130,70,55,30,38,40,28,7,36,30,14,14,17,7,101,26,56,42,61,47,43,142,66,21,39,116,115,114,18,37,19,19,21,19,32,146,138,38,18
198,185,170,128,92,90,156,143,139,105,96,201,97,89,169,86,161,74,199,95,116,167,94,80,77,189,91,98,69,186,168,109,65,136,132,117,86,64,183,113,65,121,85,81,159,156,75,61,142,84,164,192,59,101,67,129,66,139,93,200,152,139,182,139,120,58,79,174,128,91,178,176,127,146,109,66,49,47,86,63,51,48,126,120,110,85,56,189,144,133,62,117,99,93,70,46,167,156,135,126,61,178,105,77,67,174,109,171,166,165,78,76,40,191,98,195,193,153,129,75,45,34,154,33,167,134,100,89,38,33,158,146,55,41,104,33,187,145,113,30,29,52,169,59,43,170,123,121,41,25,146,29,24,152,83,34,22,22,154,98,91,175,114,177,139,104,102,175,166,18,143,140,64,143,54,28,159,134,131,113,110,16,15,146,142,74,41,137,135,92,34,12,159,91,67,149,65,30,185,160,156,106,19,14,14,9,185,117,184,24,150,32,192,97,56,68,39,19,106,67,48,0,55,24,159,154,91,94,78,50,185,178,118,103,78,11,9,76,53,13,77,61,36,64,48,149,73,103,11,108,95,12,190,114,67,16,163,162,161,63,18,63,36,65,63,24,194,186,84,41
149,137,124,91,78,79,112,101,98,79,77,151,76,76,123,76,115,86,149,73,81,120,71,73,75,140,70,71,81,136,120,74,83,92,89,78,65,86,133,75,72,80,62,62,110,108,62,75,95,60,114,141,68,64,58,83,58,92,58,148,103,91,131,90,75,59,51,123,80,55,126,124,80,96,64,49,63,75,50,49,58,63,78,72,64,49,51,137,94,84,46,70,56,52,44,56,115,104,85,77,42,126,58,41,40,121,61,118,114,113,40,39,52,138,52,141,139,100,77,37,43,64,101,65,114,82,52,43,47,58,105,94,34,43,55,51,133,92,62,56,62,31,115,28,36,116,70,68,35,60,92,45,65,98,34,37,56,63,100,47,40,121,61,123,85,51,49,121,112,58,89,86,19,89,17,36,104,79,76,59,56,50,51,91,87,23,21,82,80,38,26,56,105,37,16,95,13,28,130,105,101,52,39,45,44,51,130,62,129,31,95,23,137,42,3,13,16,36,51,12,7,55,0,31,104,99,36,39,23,5,130,123,63,48,23,45,47,21,4,43,23,8,21,11,10,94,19,49,49,54,40,50,135,59,15,45,109,108,107,13,43,14,24,15,14,38,139,131,31,22
176,164,150,110,82,81,136,124,120,91,84,179,85,80,148,78,140,75,177,82,99,146,81,72,71,167,79,83,70,164,146,92,69,116,113,98,73,70,161,95,63,102,71,68,137,135,65,62,121,70,142,169,57,83,58,108,57,118,76,177,130,118,160,117,100,52,63,151,106,73,155,153,106,124,88,53,49,55,68,51,47,48,105,98,89,66,47,166,122,111,49,96,78,73,54,43,144,133,113,104,47,155,83,58,50,151,87,148,143,142,58,57,37,168,77,172,170,130,106,55,36,41,131,42,144,111,78,68,33,37,135,123,38,32,82,33,164,122,90,34,38,35,146,40,29,146,99,98,27,35,122,25,38,128,61,23,30,36,131,75,69,151,90,153,116,81,79,151,142,31,119,116,42,119,33,17,135,110,107,89,86,23,23,122,118,51,21,113,111,68,15,26,136,67,44,125,41,11,161,136,132,82,11,16,14,21,161,93,160,5,126,9,168,73,32,44,15,5,82,43,24,24,31,0,135,130,67,70,54,26,161,154,94,79,54,14,16,52,29,13,53,37,12,40,24,125,49,79,19,84,71,20,166,90,43,16,139,138,137,40,16,40,16,41,39,14,170,162,61,20
82,80,79,97,135,138,81,87,89,117,128,82,125,135,76,138,77,166,78,122,99,72,121,141,146,73,122,113,162,70,68,98,169,77,79,90,121,174,66,92,153,83,118,123,63,64,130,160,68,116,60,64,152,93,133,70,133,63,99,64,56,62,55,61,73,141,111,52,65,97,51,51,65,53,78,122,153,168,98,126,146,154,62,67,75,99,134,52,51,57,124,67,83,89,113,147,43,44,52,57,121,44,74,102,113,41,70,40,39,39,98,100,146,47,77,49,48,37,50,99,134,161,36,163,34,45,72,83,142,156,33,37,119,136,67,148,40,35,59,154,161,119,30,111,129,28,47,49,130,160,29,144,166,26,83,135,157,165,24,67,74,27,52,27,30,61,63,25,21,160,25,28,99,25,109,137,17,31,33,50,52,153,154,21,23,87,121,27,29,69,128,159,13,70,94,16,96,130,28,10,10,54,142,148,147,154,27,43,26,135,10,127,33,62,103,91,120,140,53,92,111,159,104,135,0,5,68,65,81,109,26,19,41,56,81,149,151,83,106,147,82,98,124,95,112,12,86,56,152,52,65,153,32,47,93,148,11,10,10,98,146,98,125,97,99,141,36,29,77,122
84,80,79,95,131,134,80,85,87,113,124,83,121,131,76,134,76,161,80,118,96,72,117,137,142,74,118,109,157,72,68,94,164,74,76,87,117,169,67,88,148,80,114,119,62,63,125,155,66,112,60,66,148,89,128,67,129,60,95,67,55,60,57,59,70,137,107,53,62,92,53,52,62,52,74,118,148,164,94,121,141,149,59,64,72,95,129,55,49,54,119,64,79,85,109,142,44,43,50,54,116,46,70,97,108,43,66,41,40,40,93,95,141,50,72,52,51,36,47,94,129,156,35,158,35,42,68,79,137,151,33,35,114,131,63,144,44,33,55,149,156,114,32,106,124,30,43,45,125,155,27,139,161,24,78,130,152,160,23,62,69,30,47,30,26,56,58,28,23,155,22,24,94,22,104,132,17,26,29,45,48,148,149,17,20,82,116,23,24,65,123,154,14,65,89,13,91,125,33,12,10,49,137,143,142,149,32,38,31,130,6,122,38,57,98,86,115,135,48,87,106,154,99,130,5,0,63,60,76,104,31,24,36,51,76,144,146,78,101,142,77,93,119,90,107,8,81,51,147,47,61,148,37,42,88,143,13,13,12,93,141,93,121,92,94,136,41,34,72,117
121,110,100,80,89,91,90,84,82,80,85,122,83,88,97,89,91,110,120,79,73,94,78,89,93,111,77,73,105,107,93,67,110,72,71,66,74,114,104,65,96,65,71,74,84,82,77,100,72,68,86,109,93,57,77,62,77,67,57,115,75,66,99,65,56,82,60,92,58,53,94,93,57,68,49,66,91,105,51,68,85,92,54,51,48,51,74,104,65,58,66,48,45,46,58,84,83,73,57,51,62,93,41,48,55,89,41,85,81,80,44,45,82,104,37,107,105,68,49,43,71,96,69,97,81,52,34,35,78,91,72,62,57,72,33,83,99,60,36,89,95,56,81,49,65,82,40,38,65,94,59,78,99,64,26,69,90,98,66,24,23,86,30,88,51,24,23,85,77,93,54,52,35,54,43,70,69,45,42,26,24,86,86,56,52,23,54,47,45,14,61,91,69,13,28,59,29,63,95,70,66,18,75,81,80,86,94,27,93,67,59,59,101,7,35,23,52,72,15,24,43,91,36,67,68,63,0,3,13,41,94,87,27,12,13,81,83,15,38,79,15,30,56,27,44,58,19,14,84,19,9,85,99,24,27,81,73,72,71,31,79,31,58,30,32,73,103,95,15,55
119,109,99,80,91,93,89,83,82,82,87,121,85,91,96,92,90,113,118,82,74,93,80,92,96,109,80,75,108,106,91,68,113,72,71,67,77,117,102,66,98,65,73,76,82,80,80,103,71,71,85,107,96,59,80,61,80,66,59,113,74,65,97,64,56,85,62,90,57,55,92,91,56,67,50,69,94,108,53,71,88,95,54,51,48,53,77,102,64,57,69,48,46,48,60,87,81,71,56,50,64,90,42,50,58,86,42,83,79,78,46,47,85,101,38,105,103,66,48,46,74,99,67,101,78,50,35,37,81,94,70,60,60,75,34,87,96,58,35,92,98,59,79,52,68,79,38,37,68,97,56,81,102,61,29,72,93,101,64,24,25,83,29,85,49,23,23,83,74,96,52,49,38,52,46,73,66,43,40,25,23,89,90,53,50,26,57,45,43,15,64,94,66,15,31,57,32,66,92,67,63,16,78,84,83,90,91,25,90,70,56,62,98,6,38,26,55,75,12,27,46,94,39,70,65,60,3,0,16,44,91,84,24,9,16,84,86,18,41,82,17,33,59,30,47,55,22,11,87,16,7,88,96,21,29,83,70,69,68,33,81,34,61,33,35,76,100,92,16,57
131,120,109,84,85,86,98,90,88,79,81,133,80,84,107,84,100,101,131,77,75,104,75,83,86,122,74,71,96,118,103,69,100,79,77,70,70,104,115,68,87,69,67,69,93,91,71,91,80,65,97,121,84,58,70,69,70,76,56,127,85,75,111,74,62,74,56,103,66,52,106,104,65,78,54,59,81,94,49,60,75,81,62,58,53,48,65,116,75,67,58,55,47,46,51,74,95,84,67,60,54,105,46,44,48,101,48,98,93,92,40,41,72,116,40,120,118,80,59,39,61,85,80,86,93,63,39,35,67,79,84,73,47,61,40,72,112,72,45,77,83,46,94,40,54,94,50,49,54,82,71,66,87,76,25,58,78,86,79,30,26,99,41,100,64,33,31,98,89,81,67,64,26,67,32,58,82,58,55,38,35,73,74,69,65,17,42,60,58,20,48,78,82,18,18,72,18,50,108,83,79,30,62,68,67,74,107,40,106,54,72,46,114,20,23,11,39,59,28,11,30,78,23,54,81,76,13,16,0,28,107,100,40,25,1,68,70,3,25,66,3,17,43,15,31,71,7,26,71,31,17,72,112,36,14,67,85,84,83,18,66,19,45,19,20,60,116,108,13,42
154,143,130,95,80,80,117,106,103,82,79,157,79,78,128,77,120,85,154,76,85,125,74,74,75,145,73,74,80,142,125,78,82,97,94,82,67,85,139,79,72,84,65,64,116,113,63,74,100,63,120,146,67,68,59,88,58,97,62,153,108,96,136,96,80,58,54,128,86,59,131,129,85,101,69,50,62,72,54,49,57,61,83,78,69,53,51,142,99,89,47,75,60,56,46,55,120,109,90,82,43,131,63,45,42,127,66,124,119,118,43,43,50,143,57,147,145,106,83,41,42,61,106,62,119,87,57,48,45,55,110,99,34,41,60,49,139,97,67,53,59,32,121,30,34,121,75,74,33,56,98,42,61,103,39,35,52,60,106,52,46,126,66,128,91,56,55,126,117,54,94,91,23,94,19,33,109,85,82,64,61,46,47,96,92,28,19,87,85,44,23,51,110,42,21,100,18,24,135,111,107,57,35,41,39,46,135,68,134,27,100,19,142,47,8,18,12,31,56,17,4,50,5,26,109,104,41,44,28,0,135,128,68,53,28,40,42,26,4,38,27,11,15,15,5,99,24,53,43,58,45,45,140,64,18,40,113,112,111,15,38,16,19,17,16,33,144,136,35,17
81,83,87,116,157,161,94,102,106,138,150,79,147,158,85,161,88,190,76,145,119,81,144,165,170,74,145,136,186,72,77,119,194,94,97,110,145,199,68,113,178,103,142,147,74,76,154,184,84,140,70,61,177,116,157,89,158,80,122,57,70,79,56,78,94,166,135,56,85,120,54,54,85,69,101,147,178,194,123,151,171,179,83,89,98,123,159,48,68,76,149,89,107,113,138,172,51,57,72,78,146,44,98,127,138,45,93,45,47,48,123,125,172,39,101,39,38,52,72,124,160,187,51,189,42,66,97,108,168,182,46,55,144,162,92,174,33,54,83,180,187,145,36,137,155,34,71,73,156,186,49,170,192,44,108,161,183,191,41,92,99,26,77,25,52,86,88,25,30,186,48,51,125,47,134,163,33,55,58,75,78,179,180,43,47,113,147,52,53,95,154,185,30,96,120,39,122,157,12,28,31,80,168,174,173,180,10,69,8,161,36,153,9,88,129,117,146,166,79,118,137,185,130,161,26,31,94,91,107,135,0,7,67,82,107,175,177,109,132,173,108,124,150,121,138,36,112,82,178,77,91,179,9,72,119,174,23,24,25,123,172,123,151,122,124,166,14,11,103,147
81,82,85,111,151,155,90,98,101,133,144,79,141,152,82,155,85,184,76,139,114,78,138,158,164,73,139,130,180,71,74,113,187,89,92,105,139,192,67,107,171,98,136,141,71,72,148,178,80,134,67,61,171,110,151,84,152,75,116,58,66,74,55,74,88,160,129,54,80,114,52,53,79,65,95,141,172,187,116,144,165,172,77,83,92,117,152,48,63,71,142,83,101,107,132,166,48,53,67,73,139,43,92,120,131,43,87,42,44,44,116,118,165,40,94,40,40,48,66,117,153,180,46,182,39,60,90,102,161,175,42,49,138,155,85,167,34,49,76,173,180,138,33,130,148,31,65,67,149,179,43,163,185,38,101,154,176,184,35,86,92,24,70,23,46,79,81,22,26,179,42,44,118,41,128,156,28,48,51,68,71,172,173,37,41,106,140,45,47,88,147,178,24,89,113,32,115,150,14,22,25,73,161,167,166,173,12,62,10,154,29,146,15,81,122,110,139,159,72,111,130,178,123,154,19,24,87,84,100,128,7,0,60,75,100,168,170,102,125,166,101,117,143,114,131,29,105,75,171,70,84,172,14,65,112,167,17,18,19,116,165,116,144,115,117,159,19,13,96,140
103,95,88,83,106,108,82,80,80,92,100,104,97,106,85,108,81,132,101,94,79,81,93,109,113,93,93,87,127,90,79,75,133,68,68,71,91,138,86,71,118,66,88,92,70,69,97,124,64,86,71,89,117,68,99,58,99,58,70,94,61,57,79,56,56,105,79,72,53,67,74,73,52,55,55,87,116,130,67,90,109,116,49,49,52,67,97,82,52,49,88,48,55,59,79,109,63,55,46,44,84,71,48,67,77,67,45,64,60,59,63,65,108,80,47,83,81,49,38,64,96,122,49,124,58,38,43,50,103,117,51,43,81,97,38,109,75,41,34,115,122,81,58,73,90,58,29,29,91,121,37,105,126,41,46,96,117,125,43,33,38,61,25,62,30,28,29,60,52,120,32,30,60,31,69,97,44,23,22,19,20,112,113,32,29,48,81,24,23,31,87,118,44,32,54,34,56,90,68,44,40,17,102,108,107,114,68,10,66,94,33,86,74,22,62,50,79,99,13,51,70,118,63,94,41,36,27,24,40,68,67,60,0,15,40,108,110,42,65,106,41,57,83,54,71,31,45,16,111,12,25,112,72,9,52,107,46,45,44,57,105,57,84,56,58,100,76,68,37,81
113,104,95,81,97,99,87,82,81,86,92,115,89,96,92,98,87,120,112,86,76,89,85,98,103,103,85,79,115,100,87,71,121,70,69,68,82,125,96,68,106,65,78,82,78,76,86,111,68,76,80,101,104,62,87,60,87,63,63,106,69,62,91,61,55,93,68,83,55,59,86,84,54,62,51,76,103,117,58,78,96,103,51,50,49,58,85,94,59,53,76,47,49,51,67,96,74,65,52,47,72,83,43,57,65,79,42,76,72,71,52,54,94,94,41,97,95,60,43,52,82,108,60,109,71,45,37,41,90,103,63,53,68,84,34,95,88,51,34,101,107,67,71,60,77,71,34,33,77,106,49,90,111,54,35,81,102,110,56,26,29,75,26,77,42,23,23,74,66,105,44,42,46,44,55,82,58,35,32,20,19,98,99,45,42,34,66,37,35,20,73,103,58,20,40,48,41,75,83,58,54,12,87,93,92,99,83,17,81,79,48,71,89,8,47,35,64,84,5,36,55,103,48,79,56,51,12,9,25,53,82,75,15,0,25,93,95,27,50,91,26,42,68,39,56,46,30,5,96,8,11,97,87,12,38,92,61,60,59,42,90,42,70,41,43,85,91,83,23,66
132,121,110,84,86,87,99,91,89,80,82,134,81,85,108,85,101,102,131,78,76,105,76,84,87,122,75,72,97,119,103,70,101,80,78,71,71,105,115,69,88,70,68,70,94,92,72,92,81,66,97,121,85,59,71,70,70,76,57,128,86,76,112,75,63,74,57,104,66,53,107,105,66,79,55,60,82,95,50,61,76,82,63,59,54,49,66,116,76,68,59,56,48,47,52,75,95,85,68,61,54,105,47,45,49,101,48,98,93,93,41,41,72,117,41,120,118,81,60,40,61,85,81,86,93,63,40,36,67,80,85,74,48,62,40,72,112,72,45,77,84,47,94,40,55,95,51,49,54,82,71,67,87,77,26,58,78,86,79,31,27,99,42,101,64,33,32,98,90,81,67,65,26,67,33,59,82,58,55,38,36,73,74,69,65,18,43,60,58,21,49,79,82,19,19,72,19,51,108,83,79,30,62,68,67,74,107,40,106,55,72,47,114,20,23,11,39,59,28,12,30,78,23,54,81,76,13,16,1,28,107,100,40,25,0,68,70,2,25,66,2,17,43,14,31,71,6,25,71,31,17,72,112,36,14,67,85,84,83,18,65,18,45,18,20,60,116,108,12,41
190,178,163,123,90,89,149,137,133,101,93,193,94,88,162,85,154,77,191,92,111,160,90,79,77,181,88,94,72,178,160,104,69,129,126,111,83,69,175,107,67,115,81,78,151,148,73,64,135,80,156,183,61,95,66,122,64,132,88,191,144,132,174,131,113,58,74,166,120,85,169,167,120,138,102,63,51,52,80,60,51,50,119,112,102,79,55,180,136,126,59,110,92,86,65,47,159,147,127,118,57,170,97,71,62,165,101,162,157,156,71,70,41,182,91,186,184,144,120,69,43,39,145,38,158,125,92,81,38,36,149,138,49,39,96,34,178,136,104,33,34,47,160,52,39,161,114,112,36,30,137,28,31,142,75,31,27,30,145,90,83,166,105,168,130,95,93,165,157,24,134,131,56,134,47,24,149,124,121,104,101,18,18,136,132,65,34,127,125,83,27,18,150,81,58,140,56,23,175,150,146,97,14,12,11,12,175,107,174,16,140,23,182,87,46,58,29,10,96,57,38,11,45,14,149,144,81,84,68,40,175,168,108,93,68,0,2,66,43,2,67,51,25,54,37,139,63,93,6,98,84,7,180,103,56,7,153,152,151,53,9,53,26,54,52,13,183,175,74,30
192,179,165,124,91,89,151,138,134,102,94,195,95,89,164,86,155,77,193,93,113,162,92,80,78,183,90,95,72,180,162,106,69,131,128,113,84,69,177,109,67,117,83,79,153,150,74,64,136,82,158,185,61,97,67,123,65,134,89,193,146,133,176,133,115,59,76,168,122,87,171,169,122,140,103,64,51,52,82,61,52,50,120,114,104,81,55,182,138,127,60,111,94,88,66,47,160,149,129,120,58,171,99,72,63,167,103,164,159,158,73,71,41,184,93,188,186,146,122,70,44,38,147,38,160,127,94,83,38,36,151,139,51,40,98,35,180,138,106,33,34,48,162,54,40,163,116,114,38,30,139,28,30,144,77,32,26,29,147,91,85,168,107,170,132,97,95,167,159,23,136,133,58,135,48,25,151,126,123,106,103,18,18,138,134,67,35,129,127,85,29,17,152,83,60,142,57,25,177,152,148,99,15,12,12,11,177,109,176,18,142,25,184,89,48,60,31,12,98,59,40,9,47,16,151,146,83,86,70,42,177,170,110,95,70,2,0,68,45,4,69,53,27,56,39,141,65,95,5,100,86,6,182,105,58,8,155,154,153,55,9,55,28,56,54,15,185,177,76,32
134,123,112,86,86,87,101,93,90,81,83,136,81,85,110,85,103,102,133,78,78,107,76,84,87,124,76,73,96,121,105,71,100,82,80,72,72,104,118,70,87,72,68,70,96,94,72,91,83,66,99,124,84,61,70,72,70,79,58,130,88,78,114,77,65,74,57,106,68,54,109,107,68,81,56,60,81,94,51,61,75,81,65,61,55,50,65,119,78,70,59,58,50,48,52,74,98,87,70,63,54,107,49,45,49,103,50,100,96,95,42,42,71,119,43,122,120,83,62,40,60,84,83,85,95,65,42,38,66,78,87,76,48,61,42,71,114,74,47,76,82,46,96,40,54,97,53,52,53,81,74,65,86,79,27,57,77,84,81,33,29,101,44,103,66,35,34,101,92,79,70,67,26,69,32,57,84,60,57,41,38,72,73,71,67,18,41,62,60,23,47,77,85,21,19,75,18,49,110,85,81,33,60,66,65,72,110,42,108,53,74,45,116,22,21,10,37,57,30,10,28,76,21,52,83,78,15,18,3,26,109,102,42,27,2,66,68,0,23,64,1,15,41,12,29,73,4,27,69,32,19,70,114,37,12,65,87,86,85,16,63,16,43,16,17,58,117,109,12,39
153,141,129,96,82,82,116,106,103,83,81,155,80,80,127,80,119,89,153,78,85,124,76,76,78,144,74,75,83,140,123,78,85,96,93,82,69,88,137,79,75,84,66,66,114,112,65,77,99,64,118,144,70,68,62,87,61,96,63,151,107,95,134,94,79,61,56,126,85,59,129,128,84,100,69,52,65,76,55,52,60,65,82,77,69,53,53,140,97,88,50,74,60,56,48,58,118,107,89,81,46,129,62,46,44,125,65,121,117,116,44,43,54,141,56,144,142,104,81,41,45,64,104,65,117,85,56,48,49,59,108,97,37,44,59,52,136,95,66,56,62,34,118,32,38,119,73,72,37,60,95,46,64,101,38,38,56,63,103,50,44,124,64,125,88,55,53,123,114,58,92,89,24,91,21,37,107,82,79,62,59,50,51,94,90,27,23,85,83,42,27,55,107,40,21,97,18,28,133,108,104,55,38,44,43,49,132,65,131,30,97,22,139,45,8,16,15,35,53,15,7,53,4,29,106,101,38,41,25,4,132,125,65,50,25,43,45,23,0,41,24,8,18,11,6,96,20,50,46,55,41,47,137,60,14,42,110,109,108,11,41,12,21,13,12,35,140,132,32,18
189,176,162,122,90,89,148,136,132,101,93,192,94,88,161,85,152,78,189,92,110,159,90,79,78,180,88,93,73,176,159,103,70,128,125,110,82,70,174,107,67,114,81,78,150,147,73,65,133,80,154,182,61,94,66,120,64,131,87,190,143,130,172,130,112,58,74,164,119,85,168,166,119,136,100,63,52,54,80,60,52,51,117,111,101,78,55,179,134,124,59,108,91,85,64,48,157,145,126,117,56,168,96,70,61,164,100,161,156,155,70,69,41,180,89,184,182,142,119,67,43,40,143,40,156,124,91,80,38,37,147,136,49,39,95,35,176,134,103,34,36,46,158,51,38,159,112,110,36,32,135,28,33,141,73,30,28,31,143,88,81,164,103,166,128,93,91,164,155,26,132,129,55,132,45,24,147,122,120,102,99,20,20,134,130,64,32,125,123,81,26,20,148,80,56,138,54,22,173,149,145,95,14,13,12,14,173,106,172,15,138,22,180,85,45,56,28,9,94,55,36,13,43,13,147,142,79,82,66,38,173,166,106,91,66,2,4,64,41,0,65,49,23,52,35,137,61,91,6,96,82,8,178,101,54,6,151,150,149,50,7,51,23,52,50,11,181,173,72,28
134,123,112,87,87,89,101,93,91,82,84,136,83,86,110,87,103,103,133,79,78,107,77,85,88,124,77,74,98,121,105,72,102,82,80,73,73,106,117,71,89,73,69,71,96,94,73,93,83,67,99,123,86,62,72,72,72,79,59,130,88,78,113,77,65,75,58,105,69,55,108,107,68,81,57,61,82,95,52,62,76,82,65,61,56,51,67,118,78,70,60,59,50,49,54,75,97,87,70,63,55,107,49,46,51,103,51,100,95,94,43,43,72,118,44,122,120,82,62,41,62,85,83,86,95,65,42,38,68,80,86,76,49,62,43,73,114,74,47,77,84,47,96,41,55,96,53,51,55,82,73,67,87,78,28,58,78,86,81,33,30,100,44,102,66,35,34,100,91,81,69,66,27,69,33,58,84,59,57,40,38,73,74,71,67,19,42,62,60,23,48,78,84,21,20,74,20,50,109,84,80,32,62,67,66,73,109,42,107,54,74,46,115,22,22,11,39,58,30,12,30,77,23,53,82,77,15,17,3,27,108,101,41,26,2,67,69,1,24,65,0,16,42,13,30,72,4,26,70,31,17,71,113,36,12,66,86,85,84,16,64,17,44,16,18,59,116,108,11,40
147,135,123,93,84,84,111,102,99,83,82,149,81,82,121,82,114,93,146,78,83,119,76,79,81,137,75,75,88,134,118,76,91,92,89,79,70,94,131,76,79,80,67,67,108,106,68,82,94,65,112,137,75,66,65,82,64,90,61,144,100,89,127,89,75,66,56,119,79,57,123,121,79,93,65,55,71,82,53,55,66,71,76,71,64,52,58,133,91,82,53,69,56,53,49,64,111,101,83,75,48,122,58,45,46,118,60,114,110,109,43,42,60,133,51,137,135,97,75,40,51,71,97,72,110,79,51,44,55,66,101,90,40,50,53,59,129,88,59,64,69,38,111,34,43,111,67,65,42,68,88,53,72,93,34,45,64,71,96,44,39,116,57,118,81,48,46,116,107,66,84,81,23,84,24,44,99,75,72,55,52,58,59,86,82,22,29,77,75,35,34,63,99,34,18,89,15,35,125,100,96,47,46,52,51,57,125,57,123,38,89,30,131,37,9,10,23,43,45,8,14,61,8,37,98,93,30,33,17,11,124,117,57,42,17,51,53,15,8,49,16,0,26,3,14,88,12,42,54,47,33,55,129,52,7,50,102,101,100,6,48,7,28,8,8,43,132,124,24,25
169,157,143,107,84,84,130,119,115,90,85,171,85,82,142,81,134,83,169,83,96,140,81,76,76,160,79,82,77,156,139,89,77,110,107,94,73,79,153,91,70,97,71,69,130,127,67,70,114,70,134,161,64,79,61,102,60,111,72,168,123,110,151,110,93,57,62,143,100,69,146,144,99,116,82,54,57,65,64,53,54,56,97,92,83,63,51,157,114,104,51,89,73,68,53,51,135,124,105,97,47,146,77,55,49,142,80,139,134,133,54,53,45,158,70,162,160,121,98,51,40,52,121,52,134,102,71,61,40,47,126,114,38,38,74,42,154,113,82,44,49,35,136,37,33,137,90,89,31,46,113,34,49,118,53,29,42,48,121,67,60,141,81,143,106,72,70,141,132,42,109,107,35,109,28,25,125,100,97,80,77,34,35,112,108,42,19,103,101,59,18,38,125,58,35,115,33,16,151,126,122,72,23,28,26,33,150,83,149,15,115,9,157,63,22,34,8,17,71,33,14,36,21,12,124,119,56,59,43,15,150,143,83,68,43,25,27,41,18,23,42,26,0,29,12,114,38,68,28,73,59,29,155,78,31,25,128,127,126,28,23,28,7,29,27,18,158,150,49,9
145,134,122,92,85,86,110,101,98,83,83,147,82,84,120,83,112,96,145,79,83,117,77,81,83,135,76,75,91,132,116,76,94,90,88,79,71,97,129,76,82,79,68,69,107,104,70,85,93,66,110,135,78,65,67,81,66,88,61,142,99,88,125,87,73,68,57,117,78,57,120,119,77,92,64,57,74,85,54,57,68,74,75,70,63,53,60,130,89,80,55,67,56,53,51,67,109,98,81,73,50,119,57,46,47,115,59,112,107,107,43,43,63,131,50,134,133,94,73,41,53,74,95,75,107,77,50,43,58,69,99,88,42,53,52,62,126,86,58,67,73,40,108,36,46,109,64,63,45,71,85,56,75,91,33,48,67,74,93,43,38,113,55,115,78,46,44,113,104,69,82,79,24,81,26,47,97,72,69,52,50,61,62,83,80,22,32,74,73,33,37,66,97,32,18,87,16,38,122,97,93,45,49,55,54,61,122,55,121,41,87,34,128,34,12,9,26,46,43,8,17,64,11,40,95,90,27,30,15,15,121,114,54,39,14,54,56,12,11,52,13,3,29,0,17,85,9,39,57,44,30,58,126,49,4,53,99,98,97,5,51,6,31,7,8,46,129,121,21,27
159,147,134,100,84,84,122,111,108,87,84,161,83,82,133,81,125,88,159,80,90,130,78,78,78,150,77,78,82,146,130,83,84,102,99,87,72,86,143,84,74,89,69,68,120,118,67,76,105,67,124,150,69,73,63,93,62,102,67,157,113,101,141,100,85,61,59,132,90,64,136,134,90,106,74,54,63,73,59,53,59,63,88,82,74,58,54,146,103,94,51,80,65,61,51,56,125,114,95,87,47,135,68,50,47,131,71,128,123,122,48,47,52,147,62,151,149,110,87,46,44,61,110,62,123,92,62,53,47,56,114,103,38,43,65,50,143,102,72,53,58,35,125,34,37,125,80,78,35,56,102,42,60,107,44,36,52,59,110,56,50,130,70,132,95,61,59,129,121,53,98,95,28,98,24,33,113,89,86,68,65,45,46,100,96,33,22,91,89,48,24,50,113,47,26,103,23,24,139,114,110,61,34,39,38,44,139,71,137,25,103,18,145,51,13,22,11,29,59,21,7,48,10,24,112,107,44,47,31,5,138,131,71,56,31,37,39,29,6,35,30,14,12,17,0,102,26,56,40,61,47,41,143,66,19,36,116,115,114,16,34,16,14,17,16,29,146,138,37,12
91,87,85,97,130,134,85,89,90,114,124,91,121,131,82,133,81,160,88,118,97,78,117,136,141,82,118,110,156,79,74,95,162,78,79,88,117,167,75,90,147,82,113,118,68,68,124,153,70,111,66,73,146,90,127,70,127,64,94,74,60,63,64,62,71,135,105,60,65,92,60,59,64,56,75,116,146,161,93,119,139,146,61,65,72,93,127,63,53,57,117,65,79,84,107,139,51,49,53,56,114,53,70,95,106,51,66,48,47,47,91,93,138,58,71,60,59,42,49,92,126,153,41,155,43,44,67,77,134,148,39,39,111,128,62,140,52,38,54,146,153,111,39,103,121,38,44,45,122,152,31,136,157,30,75,127,148,156,29,60,67,38,46,38,29,54,56,36,31,151,26,27,91,25,100,128,25,27,29,43,46,144,145,21,22,79,112,24,25,61,119,149,21,62,85,18,87,121,39,19,17,46,133,139,138,145,39,35,37,126,11,118,44,53,94,81,110,130,44,82,101,149,94,125,12,8,58,55,71,99,36,29,31,46,71,139,141,73,96,137,72,88,114,85,102,0,76,46,142,41,55,143,41,36,83,138,15,14,13,87,136,87,115,86,88,130,45,37,66,111
138,127,116,90,88,89,105,97,94,84,85,140,84,87,114,87,107,102,138,81,81,111,79,85,88,129,78,76,97,125,110,75,100,86,84,76,74,104,122,74,88,76,70,72,100,98,74,91,87,68,104,128,84,64,72,76,71,83,61,134,92,82,118,81,69,74,59,110,73,57,113,111,72,85,60,61,81,93,54,62,75,81,70,65,59,53,66,123,82,74,60,62,53,52,54,74,102,91,74,67,55,111,53,48,51,107,54,104,100,99,44,44,70,123,47,126,124,87,66,42,60,82,87,84,99,70,46,41,66,77,91,80,48,60,47,70,118,78,52,75,81,46,100,41,53,101,57,56,53,79,77,64,84,83,31,56,75,83,85,37,33,105,48,106,70,40,38,104,96,77,73,71,27,73,32,55,88,64,61,45,42,70,71,75,71,21,40,66,64,27,46,75,88,25,20,78,19,47,113,88,85,37,58,64,63,70,113,46,112,50,78,42,119,26,20,10,35,55,34,10,26,73,19,49,86,81,19,22,7,24,112,105,45,30,6,63,65,4,20,61,4,12,38,9,26,76,0,30,66,35,21,67,117,40,8,62,90,89,88,12,60,12,39,12,13,54,120,112,12,36
117,108,99,86,101,103,91,87,86,90,96,118,94,100,96,102,91,123,115,91,81,93,89,102,106,107,89,84,118,103,91,76,124,75,74,73,86,128,100,73,109,70,83,86,82,80,90,114,73,80,84,104,107,66,91,65,91,67,67,109,73,66,94,65,60,96,72,86,60,64,89,87,59,66,56,79,105,119,63,81,99,105,56,55,54,62,88,97,63,58,79,52,54,56,71,98,77,69,56,52,75,86,48,61,69,82,47,79,75,74,56,58,96,96,45,99,97,63,48,56,85,110,63,111,73,49,42,46,92,104,66,57,70,86,39,97,90,54,38,102,109,70,73,62,79,73,38,37,79,108,52,92,113,56,39,83,104,111,58,31,33,77,30,78,45,28,28,76,68,106,47,44,49,46,57,84,60,38,35,25,24,99,100,47,44,37,68,39,37,24,74,104,59,24,42,50,43,76,84,59,56,17,88,94,92,99,83,21,82,80,49,72,90,13,48,36,65,85,9,37,56,103,49,79,56,51,14,11,26,53,82,75,16,5,25,93,95,27,50,91,26,42,68,39,56,46,30,0,96,5,9,97,87,10,37,92,60,59,58,41,90,41,69,40,42,84,90,82,21,65
195,183,169,128,96,94,154,142,138,107,99,198,100,93,167,91,159,82,196,98,117,165,96,85,83,186,94,99,77,183,165,110,74,135,131,117,88,74,180,113,72,120,87,84,156,153,79,69,140,86,161,188,66,101,72,127,70,137,94,196,149,136,178,136,118,64,80,170,125,91,174,172,125,142,107,69,56,57,86,66,57,55,123,117,108,85,60,185,140,130,65,114,97,91,71,52,163,151,132,123,63,174,102,76,67,170,106,166,162,161,77,75,46,186,96,190,188,148,125,74,49,43,149,43,162,130,97,86,43,41,153,142,55,45,101,40,182,140,109,38,38,52,164,58,44,165,118,116,42,35,141,34,34,146,79,36,31,33,149,94,87,169,109,171,134,99,97,169,160,28,137,135,61,137,51,30,153,128,125,107,105,23,23,140,136,70,39,131,129,87,33,22,153,85,62,143,60,28,179,154,150,100,20,17,17,16,179,111,177,21,144,28,185,91,50,62,34,16,99,61,42,11,49,19,152,147,84,87,71,43,178,171,111,96,71,6,5,69,46,6,70,54,28,57,40,142,66,96,0,101,87,1,183,106,59,4,156,155,154,55,7,55,27,56,54,13,186,178,76,32
114,106,97,87,105,107,90,87,86,93,99,115,97,104,95,106,90,128,112,94,83,91,92,106,110,104,92,87,123,101,89,78,128,75,74,75,90,133,97,74,114,71,86,90,80,79,94,119,72,84,82,101,112,69,95,65,95,66,70,105,71,65,91,65,61,101,76,83,60,67,86,84,59,64,58,83,110,124,66,86,103,110,56,55,56,66,92,93,61,57,84,53,56,59,75,103,74,66,55,51,80,82,50,65,73,78,48,75,72,71,60,62,101,92,48,95,93,60,47,60,90,115,60,116,70,47,44,49,97,109,62,54,75,91,41,102,86,52,39,107,114,74,70,67,84,69,37,36,84,113,49,97,118,53,43,88,109,116,55,33,36,72,30,74,42,30,30,72,64,112,43,41,53,43,62,89,56,35,33,24,24,104,105,44,40,42,73,36,34,28,79,109,55,28,47,46,48,81,79,55,51,18,93,99,97,104,79,18,77,85,44,77,85,16,53,41,70,90,10,42,61,108,54,84,52,47,19,16,31,58,77,70,12,8,31,98,100,32,55,96,31,47,73,44,61,41,35,5,101,0,14,102,82,5,42,97,55,54,53,46,95,46,74,45,47,89,85,77,25,70
124,114,105,87,97,99,96,90,89,89,93,125,91,97,102,98,96,117,122,88,81,99,86,98,101,114,86,82,112,110,97,75,117,78,77,74,83,121,107,73,103,72,79,82,88,86,85,108,77,77,90,111,101,66,85,68,85,72,65,117,79,71,101,70,63,90,68,94,64,61,96,95,63,72,57,74,98,112,60,76,92,98,60,58,55,59,81,105,69,63,74,55,53,54,66,91,85,76,62,56,69,94,49,56,63,90,49,87,83,82,52,53,89,104,45,107,106,70,53,52,78,102,71,103,82,55,42,43,84,97,73,64,64,79,40,89,99,62,42,94,101,63,82,56,71,82,44,42,71,99,60,84,104,64,35,75,96,103,67,31,31,85,35,87,53,30,30,85,76,98,55,52,42,55,49,76,69,46,43,30,28,90,91,56,52,31,60,47,46,22,66,96,68,21,35,59,36,68,93,68,65,22,79,85,84,91,92,28,91,71,57,63,99,12,40,28,56,76,16,29,47,95,40,71,65,61,9,7,17,45,91,84,25,11,17,84,86,19,41,82,17,33,59,30,47,55,21,9,87,14,0,88,96,19,28,83,69,68,67,32,81,32,60,31,33,75,99,91,12,56
196,184,170,130,97,96,156,144,140,108,100,199,101,95,168,92,160,83,197,99,118,166,98,86,84,187,96,101,78,184,166,111,75,136,133,118,90,74,181,114,73,122,89,85,157,155,80,70,141,88,162,189,67,102,73,128,72,138,95,197,150,138,180,137,120,65,81,171,127,92,175,173,126,144,108,70,58,58,87,67,58,56,125,119,109,86,62,186,142,132,66,116,98,93,72,54,164,153,133,124,64,175,103,77,69,171,107,168,163,162,78,76,48,187,97,191,189,150,126,75,50,44,150,43,163,131,98,88,45,42,155,143,57,46,102,41,183,141,110,39,39,54,165,59,46,166,119,117,44,35,142,35,35,148,81,38,32,34,150,95,89,171,110,172,135,100,98,170,161,29,139,136,62,138,53,31,154,129,126,109,106,24,24,141,137,71,40,132,130,88,34,23,154,87,64,144,61,30,180,155,151,102,21,19,18,17,180,112,179,23,145,29,186,92,51,63,35,17,100,62,43,12,50,20,153,148,85,88,72,45,179,172,112,97,72,7,6,70,47,8,71,55,29,58,41,143,67,97,1,102,88,0,184,107,60,5,157,156,155,56,7,56,28,57,55,14,187,179,77,32
88,91,96,124,165,169,102,111,114,147,158,86,155,166,93,169,96,198,83,153,128,89,151,172,178,81,153,144,194,80,85,127,201,103,105,119,153,206,76,121,185,111,149,155,83,85,161,192,93,148,78,68,185,124,165,98,165,88,130,63,79,88,64,87,102,173,143,64,94,128,62,63,93,78,109,154,185,201,130,158,178,186,91,97,106,131,166,55,76,84,156,97,115,121,145,179,59,66,80,87,153,52,106,134,145,53,101,53,56,56,130,132,178,46,108,45,45,61,80,131,166,193,59,195,50,74,104,115,174,188,55,63,151,168,99,181,40,62,90,186,193,151,44,143,162,42,79,80,162,192,57,176,198,52,115,167,189,197,49,99,106,35,84,33,60,93,95,33,38,192,56,58,131,55,141,169,41,62,65,82,85,185,186,51,55,119,153,59,61,102,160,190,38,102,126,46,128,162,20,36,39,86,174,180,179,186,18,75,16,167,42,159,13,94,135,123,151,171,85,123,142,190,135,166,32,37,99,96,112,140,9,14,72,87,112,180,182,114,137,178,113,129,155,126,143,41,117,87,183,82,96,184,0,77,124,179,27,28,29,128,177,128,156,127,129,171,5,6,107,152
112,104,96,89,108,111,90,87,87,96,103,113,100,108,94,109,89,132,110,97,85,90,96,110,115,102,96,90,127,98,87,80,133,75,75,76,94,137,95,76,118,72,90,94,79,77,98,123,72,88,80,98,116,72,99,65,99,66,73,102,70,65,88,64,62,105,80,81,60,70,83,81,59,63,60,88,115,129,70,90,108,115,56,56,57,69,97,90,60,57,88,54,59,62,79,108,71,64,54,51,84,79,52,69,77,75,50,72,69,68,64,66,106,88,51,91,89,58,46,64,94,120,57,121,67,46,47,52,102,114,59,52,80,96,43,107,82,49,40,112,119,79,66,72,89,66,37,36,89,118,46,102,123,50,47,93,114,122,51,36,40,68,31,70,39,32,33,68,60,117,40,38,58,40,67,94,52,32,30,25,25,109,110,40,37,47,78,33,31,32,84,114,51,32,52,42,53,86,74,51,47,20,98,104,103,109,74,17,73,90,40,82,80,21,58,47,75,95,13,47,66,114,59,90,47,42,24,21,36,64,72,65,9,12,36,103,105,37,60,101,36,52,78,49,66,36,40,10,106,5,19,107,77,0,47,102,50,49,48,51,100,51,79,50,52,94,80,72,30,75
146,135,123,95,89,90,112,103,100,87,87,148,86,88,121,88,114,100,145,83,86,118,81,86,88,136,80,79,95,132,117,79,98,92,90,82,76,101,129,79,86,82,72,73,108,105,74,89,94,70,111,135,82,69,71,83,71,90,65,142,99,89,125,88,75,73,61,117,79,61,120,119,79,92,66,61,78,89,57,61,73,78,76,72,66,56,64,130,90,81,59,69,59,56,55,71,109,99,82,74,55,119,59,50,51,115,61,112,107,106,47,47,67,130,53,134,132,94,73,45,58,78,95,79,107,77,52,46,62,73,98,88,47,57,53,66,126,86,59,70,76,45,108,40,50,108,65,63,50,74,85,60,79,90,36,52,70,77,93,44,39,112,55,114,78,47,45,112,103,72,81,78,28,81,30,51,96,72,69,52,50,64,65,83,79,25,36,74,72,34,41,69,96,33,22,86,20,42,121,96,92,44,53,58,57,64,120,54,119,45,85,37,127,34,16,12,30,49,41,11,21,67,15,43,93,88,27,29,14,18,119,112,52,38,14,56,58,12,14,54,12,7,31,4,19,83,8,37,59,42,28,60,124,47,0,55,97,96,95,4,53,4,32,4,6,47,127,119,17,28
192,180,166,127,96,95,152,140,136,106,99,195,99,94,165,91,156,84,193,97,115,163,96,85,84,183,94,99,79,180,162,108,76,132,129,115,88,76,177,111,74,118,87,83,153,151,79,71,137,85,158,185,67,99,72,124,70,134,92,193,146,134,175,133,116,64,79,167,123,89,171,169,122,140,105,68,58,59,84,65,58,57,121,115,105,83,61,182,137,127,64,112,95,89,70,54,160,148,129,120,62,170,99,74,66,166,103,163,158,157,75,73,48,183,93,187,185,145,122,72,49,46,146,45,159,127,94,84,44,43,150,139,54,45,98,41,179,137,106,40,41,51,161,56,44,161,115,113,42,37,137,35,38,143,76,36,34,36,146,91,84,166,106,168,130,96,94,166,157,31,134,131,58,134,49,30,149,125,122,104,101,25,25,136,132,66,37,127,125,83,31,25,150,82,59,140,57,27,175,150,146,97,20,19,18,19,175,107,174,20,140,25,181,87,47,58,30,14,96,57,39,16,45,16,148,143,81,83,67,40,174,167,107,92,67,7,8,65,42,6,66,50,25,53,36,138,62,92,4,97,83,5,179,102,55,0,152,151,150,51,2,51,23,52,50,9,182,174,72,27
91,89,90,108,144,147,92,98,100,127,137,90,134,144,87,147,87,174,87,131,109,83,130,149,155,82,131,123,170,80,79,107,177,87,89,100,130,182,76,102,161,93,127,132,74,74,138,167,79,125,71,72,160,103,141,80,141,73,108,71,67,72,64,72,83,149,119,61,76,105,61,60,75,64,88,130,160,175,107,133,153,161,73,77,85,107,141,60,62,67,132,77,92,98,121,154,53,55,63,67,128,52,83,110,120,50,79,49,49,49,106,107,153,53,85,54,53,48,60,106,141,167,47,169,44,55,81,91,149,162,44,47,126,143,76,155,47,46,68,160,167,126,39,118,136,37,57,58,136,166,40,150,172,36,90,141,163,170,34,75,81,34,60,34,40,68,70,32,30,166,36,38,105,35,114,143,27,40,42,57,60,158,159,31,33,93,126,36,38,76,133,164,23,77,100,26,101,136,30,20,21,60,147,153,152,159,28,49,26,140,20,132,32,67,108,96,125,145,58,97,116,163,109,139,11,13,73,70,85,113,23,17,46,61,85,153,155,87,110,151,86,102,128,99,116,15,90,60,156,55,69,157,27,50,97,152,0,1,2,101,150,101,129,100,102,144,30,22,80,125
91,89,90,107,143,146,92,97,99,126,136,90,133,143,87,146,87,173,87,131,109,83,129,149,154,82,130,122,169,80,78,107,176,87,89,99,130,181,76,101,160,93,126,131,74,74,137,166,78,124,71,72,159,102,140,80,140,73,107,71,67,72,64,71,82,148,119,61,75,105,61,60,74,64,87,129,159,174,106,132,152,160,72,76,84,107,140,60,61,67,131,76,91,97,120,153,53,54,62,67,127,52,83,109,119,51,78,49,49,49,105,106,152,54,84,55,54,48,60,106,140,166,47,168,44,54,80,90,148,161,44,47,125,142,75,154,47,46,67,159,166,125,39,117,135,37,56,57,135,165,39,149,171,36,89,140,162,169,34,74,80,34,59,34,39,68,69,32,30,165,35,37,104,34,114,142,27,39,41,56,59,157,158,30,33,92,126,35,37,75,132,163,23,76,99,26,100,135,30,20,21,59,146,152,151,158,29,48,27,139,19,131,33,66,107,95,124,144,57,96,115,162,108,138,10,13,72,69,84,112,24,18,45,60,84,152,154,86,109,150,85,101,127,98,115,14,89,59,155,54,68,156,28,49,96,151,1,0,1,100,149,100,128,99,101,143,31,23,79,124
91,89,89,107,142,145,91,97,99,125,135,91,133,143,86,145,87,172,87,130,108,82,129,148,153,82,129,121,168,80,78,106,175,86,88,99,129,180,76,101,159,92,125,130,73,74,137,165,78,123,70,72,158,101,139,79,140,72,106,72,66,72,65,71,82,147,118,61,75,104,61,61,74,63,86,128,158,173,105,131,152,159,71,76,83,106,139,61,61,66,130,76,91,96,119,152,53,54,62,66,126,53,82,108,119,51,77,49,49,49,104,106,151,54,83,55,54,48,59,105,139,166,46,167,44,54,79,90,147,160,43,47,124,141,74,153,48,45,66,158,165,124,39,116,134,38,55,57,134,164,39,148,170,36,88,139,161,168,34,73,79,35,59,34,39,67,68,33,30,164,35,36,103,34,113,141,27,38,40,55,58,156,157,30,32,91,125,35,36,74,131,162,23,75,98,25,99,134,31,20,21,59,145,151,150,157,30,48,28,138,19,130,34,66,106,94,123,143,56,95,114,161,107,137,10,12,71,68,83,111,25,19,44,59,83,151,153,85,108,149,84,100,126,97,114,13,88,58,154,53,67,155,29,48,95,150,2,1,0,99,148,99,127,98,100,142,32,24,78,123
149,138,127,98,90,90,115,106,103,89,88,151,87,88,124,88,117,99,149,84,88,122,82,85,87,140,81,80,94,136,121,81,96,96,93,84,76,99,133,82,85,85,73,74,111,109,74,88,98,71,115,139,81,71,71,86,70,93,67,146,103,93,129,92,79,72,62,121,83,63,124,123,82,96,69,61,76,87,59,61,71,76,80,75,69,58,64,134,94,85,59,72,61,59,55,69,113,103,85,78,54,123,62,51,52,119,64,116,111,110,49,48,65,134,56,138,136,98,77,46,56,76,99,77,111,81,55,49,60,70,102,92,46,55,57,64,130,90,62,68,73,44,112,40,49,112,69,67,48,71,89,57,76,94,38,50,67,74,97,47,43,116,59,118,82,51,49,116,107,69,85,82,29,85,30,48,100,76,73,56,54,61,62,87,83,27,34,78,76,38,38,66,100,36,23,90,21,39,125,100,96,48,49,55,53,60,124,58,123,41,89,34,131,38,15,14,26,45,46,13,18,63,13,40,98,93,31,33,18,15,123,116,57,42,18,53,55,16,11,50,16,6,28,5,16,87,12,41,55,46,32,56,128,51,4,51,101,100,99,0,49,1,28,2,2,43,131,123,21,24
191,179,165,126,96,95,151,139,135,106,99,194,99,94,163,91,155,85,191,97,115,161,96,86,84,182,94,98,80,178,161,107,78,131,128,114,88,77,176,110,74,117,86,83,152,149,79,72,136,85,157,183,68,98,72,123,71,133,91,191,145,132,174,132,115,65,78,166,121,88,169,167,121,138,103,68,59,61,83,65,59,58,119,113,104,82,61,180,136,126,64,111,94,88,69,54,158,147,128,119,62,169,98,74,65,165,102,162,157,156,74,72,48,181,92,185,183,144,120,71,49,47,144,47,157,125,93,83,45,44,148,137,54,45,97,42,177,135,104,41,43,51,159,55,44,159,113,111,42,39,136,35,39,141,75,36,35,38,144,89,83,164,104,166,129,94,92,164,155,33,132,129,57,132,48,30,147,123,120,102,99,27,27,134,130,65,36,125,123,82,31,27,148,80,58,138,55,26,173,148,144,95,20,20,19,21,173,106,172,19,138,24,180,85,45,57,29,14,94,55,37,18,43,16,146,141,79,81,66,38,172,165,105,90,65,9,9,63,41,7,64,48,23,51,34,136,60,90,7,95,81,7,177,100,53,2,150,149,148,49,0,49,21,50,48,6,180,172,70,25
150,139,127,98,91,91,116,107,104,90,89,152,88,89,125,89,118,100,150,85,89,122,83,86,88,140,82,81,95,137,121,82,97,96,94,85,77,100,134,82,86,86,74,75,112,110,75,88,98,72,115,140,82,72,72,87,71,94,68,146,104,93,130,93,79,72,63,122,84,64,125,123,83,97,70,62,77,88,60,62,72,77,81,76,69,59,64,135,94,86,60,73,62,59,56,70,114,103,86,79,55,123,63,52,53,119,65,116,112,111,49,49,66,135,57,138,136,99,78,47,57,76,99,77,111,82,56,50,61,71,103,92,47,56,57,64,130,90,63,68,74,45,112,41,49,113,69,68,48,72,90,58,76,95,39,50,68,75,97,48,43,117,60,118,82,51,50,116,108,69,85,83,30,85,31,49,100,76,73,57,54,61,62,87,83,28,35,78,76,38,39,66,100,37,24,90,22,40,125,100,96,49,50,55,54,60,124,58,123,42,89,34,131,38,16,15,27,45,46,14,19,63,14,40,98,93,31,34,19,16,123,116,57,42,18,53,55,16,12,51,17,7,28,6,16,87,12,41,55,46,32,56,128,51,4,51,101,100,99,1,49,0,28,1,1,43,131,123,21,24
173,161,148,113,91,91,135,124,121,97,92,176,92,89,147,88,139,89,173,89,102,144,88,83,83,164,86,89,84,160,144,95,84,115,112,100,80,85,158,97,76,103,78,76,135,132,74,76,119,77,139,165,71,85,68,107,67,116,79,172,127,115,155,115,99,64,69,147,104,75,150,148,104,120,88,61,63,70,71,60,60,63,102,96,88,69,58,160,118,108,58,94,78,74,60,57,139,128,109,101,54,149,82,61,56,145,85,142,137,136,60,59,52,161,75,165,163,124,102,57,47,57,125,57,138,106,76,67,47,52,129,118,45,45,79,47,157,116,86,49,53,42,139,44,40,139,94,92,38,50,116,40,53,121,58,36,46,52,124,71,65,144,85,146,109,75,73,143,135,46,112,109,41,112,34,31,127,103,100,83,80,38,39,114,110,47,26,105,103,62,25,41,127,61,40,117,37,23,152,128,124,75,27,31,30,35,152,85,151,20,117,16,159,65,27,37,15,21,73,35,19,36,24,16,125,121,58,61,45,19,151,144,84,70,45,26,28,43,21,23,44,28,7,31,14,115,39,69,27,74,60,28,156,79,32,23,129,128,127,28,21,28,0,29,27,15,159,151,49,4
150,139,127,99,92,93,116,107,104,90,90,152,89,90,125,90,118,101,149,86,90,122,84,88,90,140,83,82,96,137,121,83,99,97,94,85,78,102,133,83,87,86,75,76,112,110,76,90,98,73,115,139,83,72,73,87,72,94,68,146,104,93,129,93,80,74,64,122,84,65,125,123,83,97,70,63,78,89,61,63,73,78,81,76,70,60,66,134,94,86,61,73,63,60,58,71,113,103,86,79,57,123,63,53,54,119,65,116,111,110,50,50,67,134,57,138,136,98,78,48,58,78,99,79,111,81,56,50,62,72,102,92,48,58,57,66,129,90,63,70,75,46,112,42,51,112,69,67,50,73,89,59,77,94,40,52,69,76,97,48,44,116,60,118,82,51,50,116,107,71,85,82,31,85,32,50,99,75,73,56,54,63,64,86,83,29,36,77,76,38,40,67,99,37,25,89,23,41,124,99,96,48,51,56,55,62,124,58,122,43,89,35,130,38,17,16,28,46,45,15,21,65,15,41,97,92,30,33,19,17,122,115,56,41,18,54,56,16,13,52,16,8,29,7,17,86,12,40,56,45,31,57,127,50,4,52,100,99,98,2,50,1,29,0,2,44,130,122,20,25
151,140,129,100,92,92,117,108,105,91,90,153,89,90,127,90,120,100,151,86,90,124,84,87,89,142,83,82,95,138,123,83,97,98,95,86,78,100,135,84,86,87,75,75,113,111,76,89,100,73,117,141,82,73,72,88,72,95,69,148,105,95,131,94,81,73,64,123,85,65,126,125,84,98,71,63,77,88,61,63,72,77,82,77,71,60,65,136,96,87,60,75,64,61,57,70,115,105,87,80,56,125,64,53,53,121,66,118,113,112,51,50,66,136,58,140,138,100,79,48,57,76,101,77,113,83,57,51,61,71,104,94,48,56,59,64,131,92,64,68,74,45,114,42,50,114,71,69,49,72,91,57,76,96,41,50,67,74,98,49,45,118,61,120,84,53,51,117,109,69,87,84,31,86,31,48,101,77,74,58,56,61,62,88,84,30,35,79,77,40,39,65,101,38,25,91,23,39,126,101,98,50,49,55,53,60,126,59,124,41,91,34,132,39,17,17,27,45,47,15,19,63,14,39,99,94,32,35,20,16,124,117,58,43,20,52,54,17,12,50,18,8,27,8,16,88,13,42,54,47,33,55,129,52,6,50,102,101,100,2,48,1,27,2,0,42,132,124,22,23
187,175,161,123,96,95,148,136,132,104,98,189,98,94,159,91,151,87,187,96,112,157,94,86,85,178,93,97,82,174,157,105,80,128,124,111,87,81,171,107,76,114,85,82,148,145,78,74,132,84,152,179,70,95,72,119,71,129,89,186,140,128,169,128,111,66,77,161,117,86,164,162,117,134,100,67,61,65,81,65,60,60,115,109,100,79,61,175,131,122,63,107,90,85,67,56,153,142,123,115,60,164,94,71,64,160,98,157,152,151,71,69,50,176,88,180,178,139,115,68,49,51,139,51,152,120,89,79,46,48,143,132,52,46,92,44,171,130,100,44,47,49,154,53,43,154,108,106,41,43,130,37,44,136,71,37,39,43,138,85,78,159,99,160,123,89,87,158,149,37,127,124,53,127,45,30,142,117,114,97,94,30,31,129,125,60,34,120,118,77,29,32,142,75,53,132,51,25,167,143,139,90,22,23,22,25,167,100,166,19,132,21,174,80,40,51,25,15,88,50,32,24,38,14,141,136,73,76,60,33,166,159,100,85,60,13,15,58,35,11,59,43,18,46,29,130,54,84,13,89,75,14,171,94,47,9,144,143,142,43,6,43,15,44,42,0,174,166,64,19
93,95,101,129,170,173,107,116,119,151,163,90,160,171,98,174,101,202,87,157,133,94,156,177,182,86,157,148,198,84,90,132,205,108,110,124,157,210,81,126,189,116,154,159,88,90,166,196,98,152,83,73,189,129,169,103,170,93,134,67,84,93,68,92,107,178,147,69,99,132,67,67,98,83,113,159,189,205,135,162,182,190,96,102,111,135,170,60,81,89,160,102,119,125,150,183,64,71,85,91,157,57,110,138,149,58,105,58,61,61,134,136,182,50,113,49,49,66,85,135,170,197,64,199,55,79,109,120,178,192,60,68,155,172,103,185,45,67,95,190,197,155,49,147,165,47,83,85,166,196,62,180,202,57,119,171,193,200,54,103,110,40,88,38,65,97,99,38,43,196,60,63,135,60,144,173,46,67,69,86,89,188,189,56,59,123,157,63,65,106,163,194,43,106,130,51,131,166,24,40,44,90,177,183,182,189,22,79,21,170,47,162,17,97,138,126,155,175,88,127,146,194,139,170,36,41,103,100,116,144,14,19,76,91,116,183,185,117,140,181,116,132,158,129,146,45,120,90,186,85,99,187,5,80,127,182,30,31,32,131,180,131,159,130,132,174,0,8,110,155
92,94,98,124,163,167,103,111,114,145,156,90,153,164,95,167,98,195,87,151,127,91,150,170,175,84,151,142,191,83,87,126,198,102,105,118,150,203,79,120,182,110,147,152,84,85,159,189,93,145,80,72,181,122,162,97,162,88,128,67,79,87,67,87,101,170,140,66,93,126,65,65,92,78,107,151,182,197,128,155,175,182,90,95,104,128,162,59,76,83,153,96,112,118,142,176,61,66,79,85,149,55,103,131,142,55,98,55,57,57,127,129,175,50,106,49,49,61,78,128,163,189,59,191,51,72,102,112,171,184,55,62,147,165,96,177,44,62,88,182,189,147,46,139,158,43,76,78,158,188,56,172,194,51,111,163,185,193,48,96,103,37,81,35,58,90,92,35,39,188,54,56,127,53,137,165,40,60,62,79,81,180,181,49,52,115,149,56,58,98,155,186,37,98,122,44,123,158,23,34,37,82,170,176,174,181,21,71,19,162,39,154,18,90,130,118,147,167,80,119,138,186,131,162,29,34,95,92,108,136,11,13,68,83,108,175,177,109,132,173,108,124,150,121,138,37,112,82,178,77,91,179,6,72,119,174,22,23,24,123,172,123,151,122,124,166,8,0,102,147
135,125,115,94,98,99,105,99,97,92,94,137,93,97,113,97,107,114,134,89,86,109,88,96,99,125,87,84,109,122,108,80,112,87,86,80,83,116,118,79,99,79,80,82,99,97,84,103,87,77,101,123,96,70,83,77,82,82,68,129,90,81,113,80,71,86,69,106,73,64,108,107,72,83,64,72,93,105,62,73,87,93,69,66,62,61,77,117,80,73,71,64,58,58,64,86,97,87,72,66,66,106,56,57,61,102,56,99,95,94,53,53,83,116,51,120,118,82,64,52,72,95,82,96,94,66,49,47,78,89,85,76,60,72,48,82,111,74,51,87,93,58,94,52,65,94,54,53,65,91,72,76,96,77,37,68,87,95,79,38,36,97,45,99,65,39,38,97,88,89,67,64,38,67,44,68,81,58,55,41,39,81,82,68,64,30,52,59,58,28,58,86,80,27,31,71,31,59,105,80,77,33,70,76,74,81,104,40,103,62,69,54,110,22,32,22,47,66,27,22,38,84,31,61,77,72,15,16,13,35,103,96,37,23,12,74,76,12,32,72,11,24,49,21,37,66,12,21,76,25,12,77,107,30,17,72,80,79,78,21,70,21,49,20,22,64,110,102,0,45
171,159,146,112,93,92,134,123,120,97,93,173,93,91,145,89,137,92,171,90,102,142,88,85,85,162,87,89,87,158,141,94,87,114,111,99,81,89,155,96,79,101,79,77,132,130,75,79,117,77,136,162,74,84,70,105,69,114,78,169,125,113,152,112,97,67,69,144,102,75,147,145,102,118,86,63,66,74,70,61,63,66,100,94,86,69,60,157,115,106,59,92,77,73,60,60,136,125,107,99,56,146,80,61,56,142,83,139,134,134,60,59,55,158,74,162,160,121,99,57,50,61,122,61,134,103,74,65,50,56,126,115,47,47,77,51,153,113,84,53,57,43,136,44,42,136,91,89,40,54,113,43,57,118,56,39,50,56,121,68,62,140,82,142,106,72,71,140,131,50,109,106,40,109,34,34,124,99,96,79,77,42,43,111,107,45,28,102,100,59,28,46,124,58,38,114,35,26,149,124,120,72,31,35,34,40,148,82,147,24,113,19,155,61,25,34,16,25,70,33,18,41,22,20,122,117,55,57,42,17,147,140,81,66,41,30,32,39,18,28,40,25,9,27,12,111,36,65,32,70,56,32,152,75,28,27,125,124,123,24,25,24,4,25,23,19,155,147,45,0
