0,101,128,10,48,136,92,112,8,87,115,118,5,52,158,171,60,117,178,11,45,92,112,72,128,139,71,120,159,13,36,39,82,123,148,48,13,44,61,136,159,22,50,175,35,126,157,170,16,150,17,58,128,153,22,17,97,20,161,24,127,152,158,171,52,70,105,125,136,24,135,176,25,33,76,103,116,54,74,128,180,31,77,56,87,120,173,79,151,157,48,154,66,107,73,87,149,34,75,92,55,36,112,40,175,43,41,81,175,82,43,50,84,133,46,44,67,46,81,109,48,145,59,62,125,126,182,52,52,59,96,93,122,140,171,55,129,55,58,60,77,100,117,163,91,180,66,139,60,61,129,101,122,177,80,96,121,163,102,170,92,115,191,84,155,68,142,147,173,178,70,76,84,92,100,121,152,193,70,71,78,100,123,72,81,96,188,145,186,74,108,143,103,152,77,115,129,153,79,109,139,109,127,81,84,103,131,145,84,96,148,83,93,127,93,90,115,86,96,135,130,88,97,116,154,200,98,145,94,124,143,152,166,127,132,156,166,94,97,146,96,180,118,154,97,115,104,108,132
101,0,27,111,53,35,9,11,108,15,15,17,101,49,57,70,41,17,77,92,57,11,13,30,28,39,32,21,59,94,67,64,22,24,48,55,96,60,43,36,59,120,55,75,70,28,57,69,96,50,107,48,31,53,116,101,18,94,62,88,31,53,59,72,57,39,21,30,39,110,39,77,98,83,38,24,27,60,41,35,81,119,40,59,35,33,76,41,56,61,72,59,54,32,49,39,55,111,48,37,68,110,37,97,80,126,115,51,80,51,103,86,52,50,121,109,68,114,57,46,102,59,82,78,50,51,89,127,96,87,55,57,53,60,81,102,56,114,100,98,74,59,56,76,64,90,93,64,117,124,62,65,62,90,82,69,63,80,67,86,76,66,102,84,78,117,72,74,89,93,114,98,87,80,74,69,77,105,127,115,96,76,70,131,94,80,102,76,100,132,76,78,82,82,129,78,77,84,130,83,80,84,80,134,113,89,81,83,116,97,85,133,102,83,104,111,88,130,104,86,87,133,107,91,91,118,107,90,116,91,91,93,98,92,91,95,99,122,119,94,151,107,100,97,151,103,116,111,98
128,27,0,138,80,8,36,16,135,41,13,10,128,76,30,43,68,12,50,119,84,36,17,56,7,13,59,11,32,120,93,90,48,10,22,82,122,87,69,13,33,146,81,49,97,13,31,43,123,25,134,74,15,28,143,128,37,120,36,114,18,29,34,46,82,64,32,21,21,137,23,51,124,108,61,36,27,85,64,25,56,145,62,83,54,30,51,62,35,39,97,38,77,40,71,58,36,137,69,53,92,136,42,122,57,152,141,70,57,70,128,110,70,42,146,134,90,139,76,54,126,47,105,100,49,48,67,152,120,110,69,72,54,51,62,125,53,138,123,120,93,71,60,60,80,71,115,58,140,148,62,78,65,72,100,83,67,66,79,70,91,73,83,101,67,139,67,67,74,76,136,118,105,95,87,74,68,86,150,137,116,89,74,154,113,94,84,71,83,155,87,74,95,75,151,87,80,77,152,94,79,96,85,156,133,102,84,80,136,112,81,155,119,88,121,129,98,150,120,88,92,154,124,101,87,101,124,89,134,98,91,89,90,98,96,90,91,140,137,93,172,96,110,94,173,115,132,125,103
10,111,138,0,58,146,102,122,4,97,125,128,10,62,168,181,70,127,188,20,54,102,122,82,138,149,80,130,169,20,46,49,91,133,158,58,19,53,71,145,169,14,59,185,44,136,166,179,21,160,15,67,138,163,16,19,106,25,171,30,137,162,168,181,61,79,115,134,145,21,145,185,27,39,85,112,126,62,83,137,190,25,86,64,96,129,183,88,160,166,54,164,74,116,81,95,158,32,83,101,62,35,121,42,185,38,38,89,184,90,43,55,92,142,42,43,74,45,89,118,50,154,64,68,133,135,192,47,55,63,103,100,130,149,180,56,138,54,60,62,83,108,125,172,98,189,69,147,59,59,137,108,130,186,85,103,128,171,109,178,98,122,200,89,163,68,150,155,181,186,70,79,89,98,107,128,160,201,68,71,82,107,130,69,85,102,197,153,194,71,114,151,109,160,75,122,136,161,77,115,146,115,133,79,85,108,138,152,85,100,155,81,96,133,96,92,120,85,99,142,136,87,99,122,161,209,101,151,96,130,150,159,173,133,138,163,174,95,98,153,92,187,123,161,94,119,106,111,138
48,53,80,58,0,88,44,64,55,39,67,70,48,5,110,123,13,69,130,39,6,44,64,25,80,91,23,72,111,41,15,13,34,75,100,9,43,12,16,88,111,67,11,127,20,78,109,122,44,102,55,16,80,105,64,49,49,42,113,37,80,104,110,123,18,26,58,77,88,59,88,128,47,34,33,56,70,24,32,81,132,68,35,26,43,73,126,38,104,110,31,107,32,62,35,45,102,62,37,50,33,61,68,51,128,77,67,44,128,45,57,47,48,88,73,63,43,67,48,67,58,100,48,47,81,83,136,79,56,52,59,58,80,96,125,61,87,71,61,60,54,64,77,118,60,134,60,97,75,81,89,68,83,132,61,66,82,119,70,126,66,79,146,65,113,78,101,105,129,133,77,69,67,68,72,84,110,148,86,78,69,72,86,89,70,71,144,105,142,91,77,104,77,112,91,84,94,113,92,82,101,82,93,96,83,81,96,107,85,80,110,96,81,94,82,85,88,95,84,101,98,98,86,90,116,158,87,109,90,96,108,116,127,98,101,119,127,94,94,112,113,140,96,118,114,95,96,95,104
136,35,8,146,88,0,44,24,143,49,21,18,136,84,22,35,76,19,42,127,92,44,25,64,10,7,66,17,24,128,101,98,56,15,14,89,130,95,77,10,25,154,89,41,105,16,23,35,131,18,142,81,17,21,151,136,44,128,29,122,20,23,27,38,90,71,38,23,19,145,21,43,132,116,68,42,31,92,71,26,48,153,69,91,60,34,44,69,30,33,104,33,84,45,77,64,32,145,76,59,99,143,46,129,50,159,148,76,51,76,135,117,76,42,154,141,96,146,82,57,133,45,112,106,51,50,61,159,127,117,74,77,56,50,57,132,54,145,129,127,99,76,63,57,85,66,121,58,147,155,63,82,68,67,106,88,69,63,84,66,96,77,77,107,65,146,67,66,70,72,143,124,111,101,92,77,67,80,157,143,122,93,76,161,119,99,79,71,78,161,91,74,99,74,158,90,82,76,158,98,80,100,87,162,139,107,86,81,142,117,81,161,124,90,126,135,102,156,125,90,94,160,129,105,87,97,129,90,139,101,91,89,88,101,98,89,89,146,143,94,179,94,114,94,179,119,137,129,106
92,9,36,102,44,44,0,20,99,5,23,26,92,40,66,79,32,25,86,83,48,4,20,21,36,47,23,29,67,84,57,54,13,32,56,46,86,51,33,44,68,110,45,84,61,35,65,78,87,58,98,38,37,61,107,92,14,84,70,79,38,61,67,80,47,30,21,36,46,101,46,84,89,73,29,22,30,51,33,40,89,110,31,50,28,35,83,33,62,68,63,65,45,31,40,32,61,102,40,32,59,101,37,87,86,117,106,43,86,43,94,77,45,52,112,100,59,104,50,44,92,63,73,69,51,51,95,117,87,78,49,51,52,62,86,93,56,105,90,89,66,54,54,81,58,95,84,66,107,115,62,60,60,95,74,63,61,83,62,90,69,63,107,76,80,108,73,75,93,97,105,89,79,73,69,66,79,110,118,106,88,70,68,122,86,73,107,77,105,123,71,78,76,83,120,74,75,85,121,78,79,79,77,125,105,83,79,83,108,89,85,124,94,80,96,103,83,121,96,84,84,125,100,86,92,122,100,89,108,87,89,92,99,88,88,95,100,114,112,92,142,110,95,96,143,97,109,104,94
112,11,16,122,64,24,20,0,119,25,3,6,112,60,46,59,52,6,66,103,68,20,4,40,17,27,42,10,47,104,77,74,32,13,37,65,106,71,53,25,48,130,65,64,81,17,45,58,107,39,118,57,20,42,127,112,22,104,50,98,21,42,48,60,66,48,20,21,28,121,29,65,108,92,45,24,21,69,49,26,70,129,47,68,40,26,64,47,45,50,81,48,61,31,56,44,45,121,55,40,76,120,35,106,69,136,125,56,69,56,112,95,57,42,131,118,75,123,62,45,110,51,90,85,45,45,78,136,105,95,57,60,49,52,71,110,50,123,107,105,79,60,54,67,68,80,100,58,125,132,58,67,59,80,87,72,61,71,69,77,79,66,92,88,70,124,66,67,80,83,121,104,92,83,77,67,70,95,135,122,102,78,68,139,100,83,92,70,91,140,77,73,84,76,137,78,74,78,137,85,76,86,78,141,119,92,79,78,122,100,80,140,106,82,108,116,89,136,108,83,86,140,111,92,86,109,112,86,121,91,87,88,91,91,90,89,92,127,124,90,158,100,101,92,158,105,120,114,97
8,108,135,4,55,143,99,119,0,94,122,125,7,59,165,178,67,124,185,16,51,99,119,79,135,146,77,127,166,16,42,45,88,130,155,54,15,50,67,142,166,14,56,182,40,132,163,176,17,156,12,64,135,159,15,15,103,21,168,27,134,159,165,178,57,76,111,131,142,19,141,182,24,35,81,109,123,58,79,134,186,24,82,61,92,126,180,84,157,163,51,160,71,113,78,92,155,30,80,98,59,32,118,39,181,37,36,85,181,86,40,51,88,139,40,41,70,42,85,114,47,150,60,64,130,132,188,46,51,60,100,97,126,145,177,53,134,52,57,59,79,104,122,168,94,185,66,144,57,57,134,105,126,182,81,99,125,168,106,175,94,119,196,86,160,65,147,151,178,183,67,76,85,94,103,124,156,198,66,68,78,103,127,67,81,98,193,149,191,69,110,147,105,157,73,118,133,157,75,111,142,111,130,77,82,105,134,149,82,97,152,79,93,130,93,89,117,83,96,138,132,84,96,118,157,205,98,148,93,127,146,156,169,130,134,160,170,92,95,149,91,184,119,157,92,116,103,108,134
87,15,41,97,39,49,5,25,94,0,28,31,87,35,71,84,27,30,91,78,43,6,25,16,41,52,18,33,72,79,52,49,8,36,61,41,81,46,28,49,72,105,40,88,56,39,70,83,82,63,93,33,42,66,102,87,15,79,74,74,42,66,72,84,42,26,23,40,50,96,50,89,83,68,25,24,34,46,28,44,94,105,27,45,25,38,88,30,66,72,58,69,40,32,36,30,65,97,36,30,54,96,38,82,91,112,101,40,90,40,89,72,42,55,107,95,55,99,47,44,87,66,69,64,52,53,99,112,82,74,47,49,53,64,90,88,58,100,86,84,62,52,54,84,55,99,80,67,103,110,63,58,61,98,70,61,61,86,60,93,66,62,111,73,82,103,74,77,96,100,101,85,76,70,66,66,81,113,113,101,84,68,67,117,82,71,110,78,108,118,69,79,74,85,116,73,75,87,116,76,80,77,77,121,101,80,79,84,103,86,86,120,91,80,93,99,82,117,93,84,83,120,96,85,93,125,97,89,104,86,89,93,100,87,87,96,101,110,108,93,138,112,93,97,138,95,106,101,93
115,15,13,125,67,21,23,3,122,28,0,3,115,63,43,56,55,3,63,106,71,23,4,43,14,24,45,7,44,107,80,77,35,10,34,68,109,73,56,22,45,133,68,61,84,14,42,55,110,36,121,60,17,39,130,115,24,107,47,101,19,39,45,57,69,51,21,19,25,123,26,62,111,95,47,25,20,71,51,24,67,132,49,70,41,25,61,49,42,47,83,45,64,31,58,45,42,124,57,42,78,122,34,108,66,138,127,58,66,57,114,97,58,41,133,121,77,125,64,45,113,48,92,87,44,44,75,139,107,97,58,61,48,50,68,112,49,125,110,107,81,61,53,64,69,77,102,56,127,135,57,68,59,77,89,72,60,69,69,74,80,65,89,90,68,126,65,66,78,81,123,105,93,85,77,67,68,92,137,124,104,79,67,141,101,84,89,69,88,142,78,71,85,74,139,79,74,76,139,85,75,86,78,143,121,92,78,77,124,102,78,142,108,81,110,117,89,138,109,83,85,142,113,93,85,106,113,85,122,91,86,86,89,91,89,88,90,129,126,89,160,98,102,91,160,106,121,115,96
118,17,10,128,70,18,26,6,125,31,3,0,118,66,40,53,58,2,60,109,74,26,7,46,11,21,48,5,41,110,83,80,37,8,31,71,112,76,59,19,42,136,71,58,87,12,39,52,113,33,124,63,15,36,133,118,26,110,44,104,17,36,42,54,72,53,23,18,23,126,24,59,114,98,50,27,20,74,54,23,64,135,51,73,44,25,59,52,40,44,86,43,66,32,60,48,40,127,59,44,81,125,35,111,63,141,130,60,63,60,117,100,60,40,136,124,79,128,66,46,115,47,95,90,44,44,73,141,110,100,60,63,49,49,66,115,49,128,112,110,83,63,54,63,71,75,105,56,130,137,57,69,59,75,91,74,61,67,71,72,82,66,87,92,67,129,64,65,76,79,126,108,96,86,79,68,67,90,140,127,106,80,68,144,104,85,87,68,86,145,79,71,87,73,141,80,74,75,142,86,75,88,79,146,123,94,78,77,126,103,78,145,110,82,112,120,91,140,111,83,86,144,115,94,84,104,115,85,124,92,86,86,89,92,90,87,89,131,128,89,162,97,103,91,163,107,123,116,97
5,101,128,10,48,136,92,112,7,87,115,118,0,52,158,171,60,117,178,9,44,92,112,72,128,139,70,120,159,9,35,38,81,123,148,47,9,43,60,135,159,20,49,175,33,125,156,169,12,149,12,57,127,152,18,12,96,16,161,21,127,152,158,171,50,69,104,124,135,19,134,175,20,29,74,102,116,51,72,127,179,27,75,54,85,118,173,77,150,156,44,153,64,106,71,85,148,29,73,91,52,31,111,35,174,39,36,78,174,80,38,46,81,132,41,39,64,41,79,107,43,143,55,59,123,125,181,47,48,55,93,90,120,138,170,50,127,50,53,55,74,97,115,161,88,178,61,137,55,56,127,98,119,176,76,93,118,161,99,168,88,112,189,80,153,63,140,144,171,176,65,72,80,88,97,118,149,191,65,66,74,97,120,67,77,93,186,143,184,69,104,141,100,150,72,112,126,151,74,105,136,105,123,76,79,99,128,142,79,92,145,78,89,124,89,85,111,81,92,132,126,83,92,113,151,198,93,142,89,121,140,150,163,124,128,153,163,89,92,143,91,177,114,151,92,111,99,104,129
52,49,76,62,5,84,40,60,59,35,63,66,52,0,106,119,8,65,126,43,8,40,60,20,76,87,18,68,107,44,18,15,29,71,96,8,47,12,11,83,107,70,9,123,22,74,104,117,47,98,58,12,76,101,67,52,45,45,109,40,75,100,106,119,16,21,53,73,84,62,83,123,50,36,28,52,65,22,27,76,128,71,30,23,38,68,121,33,99,105,31,102,28,57,31,40,97,64,33,45,31,63,63,52,123,79,69,39,123,41,58,46,43,83,75,64,40,69,44,62,59,95,47,45,76,78,131,81,56,51,54,53,75,91,121,61,82,71,60,60,51,60,72,113,55,129,59,92,75,81,84,64,78,127,58,62,77,114,65,121,62,74,141,62,108,78,96,100,124,129,77,67,64,65,67,79,105,143,86,77,67,68,81,90,67,67,139,100,137,91,73,99,73,107,91,80,89,108,92,77,97,78,88,96,82,77,92,102,84,77,105,95,79,90,80,83,84,94,81,96,93,97,84,86,111,153,85,104,88,92,103,111,122,94,96,114,122,92,92,107,113,135,92,113,114,92,93,92,100
158,57,30,168,110,22,66,46,165,71,43,40,158,106,0,13,98,41,20,149,114,66,46,86,30,19,88,38,4,150,123,120,77,35,11,111,152,116,98,24,7,176,110,19,126,34,9,14,152,13,163,103,33,13,172,157,64,150,13,144,35,16,14,18,111,92,57,38,29,166,31,24,153,137,88,61,48,113,91,39,29,174,89,111,80,48,27,89,27,25,125,27,104,62,97,83,31,166,96,78,119,164,61,150,35,180,169,95,37,94,155,137,94,50,174,162,115,166,100,72,153,47,131,126,61,59,47,179,147,136,90,94,67,55,47,152,62,165,149,146,117,91,75,51,101,54,140,63,166,174,71,97,78,58,123,103,80,59,98,60,112,88,65,124,65,165,71,69,63,63,161,141,127,116,106,87,68,68,175,162,139,108,86,180,136,114,68,74,68,180,104,79,113,76,176,102,90,77,176,111,86,113,96,181,156,121,94,85,159,133,85,179,140,100,142,151,114,174,141,97,103,178,144,117,89,86,144,95,155,111,97,92,87,110,107,91,88,162,159,99,196,89,126,97,196,132,152,143,114
171,70,43,181,123,35,79,59,178,84,56,53,171,119,13,0,111,54,7,162,127,79,59,99,43,32,101,51,13,163,136,133,90,48,24,124,165,129,111,37,14,189,123,9,139,47,17,9,165,24,176,116,45,22,185,170,77,163,17,157,47,24,20,14,124,105,70,51,40,179,42,18,166,150,101,73,60,126,104,51,22,187,101,124,92,60,24,101,34,30,137,33,116,74,110,95,38,178,108,90,131,177,72,162,33,193,181,107,35,106,168,150,106,59,187,174,127,179,112,83,165,54,144,138,71,69,43,192,159,148,101,105,77,62,48,164,72,177,161,158,129,102,85,54,113,53,152,70,179,187,80,107,87,57,135,114,89,62,108,62,123,98,62,135,69,177,78,75,64,63,173,153,139,127,117,96,73,65,188,174,151,118,96,192,148,125,66,81,67,192,114,85,123,81,188,111,98,83,188,121,93,123,105,193,167,131,102,92,170,143,91,191,151,108,153,162,123,186,151,105,111,189,155,126,94,83,155,102,166,120,104,98,91,119,115,97,92,173,170,105,208,91,135,103,208,141,163,154,123
60,41,68,70,13,76,32,52,67,27,55,58,60,8,98,111,0,57,118,51,16,32,52,12,68,79,10,60,99,52,25,22,21,63,88,14,54,19,6,75,99,78,14,115,29,65,96,109,55,89,66,11,68,93,75,60,37,52,101,47,67,92,98,111,18,16,46,65,76,69,75,115,57,42,22,44,57,24,22,68,120,78,24,25,32,61,113,27,91,97,35,94,26,49,27,34,89,71,29,38,34,70,55,58,116,86,75,35,115,37,64,50,39,76,81,70,40,75,41,56,64,87,49,47,69,71,123,87,60,54,50,49,68,84,113,66,75,77,65,63,50,55,66,106,52,122,61,85,80,87,77,59,72,120,58,58,71,107,61,114,60,69,133,62,101,82,90,94,117,121,80,69,64,63,64,74,98,136,91,81,69,65,76,95,68,65,131,93,129,96,70,93,71,100,95,76,84,102,96,75,91,75,83,100,84,75,86,96,86,77,99,99,79,85,81,85,81,98,82,91,89,101,84,84,105,145,85,99,90,88,98,105,115,90,92,108,116,94,93,102,117,128,90,108,118,90,94,92,96
117,17,12,127,69,19,25,6,124,30,3,2,117,65,41,54,57,0,61,108,73,25,5,45,11,22,47,4,42,109,82,79,36,7,31,70,111,75,57,19,42,135,69,58,85,11,40,53,111,33,122,62,14,36,131,117,25,109,45,103,16,36,42,55,70,52,21,16,23,125,23,59,112,97,48,25,18,73,52,22,64,134,50,71,42,23,59,50,39,44,85,42,64,30,59,46,39,125,57,42,79,124,33,110,63,140,129,58,63,58,116,98,58,38,134,122,78,126,64,44,114,46,93,88,42,42,72,140,108,98,58,61,47,48,65,113,47,126,110,108,81,60,52,62,69,74,103,54,128,136,55,67,57,74,89,72,59,66,69,71,80,64,86,90,65,127,63,63,75,78,124,106,93,84,77,66,66,89,138,125,104,78,66,142,102,83,86,67,85,143,77,69,84,72,139,77,72,74,140,84,73,86,76,144,121,92,76,75,124,101,76,143,107,80,110,118,89,138,109,81,84,142,112,92,82,103,113,83,122,90,84,84,87,89,88,86,88,129,126,87,160,95,101,89,161,105,121,114,95
178,77,50,188,130,42,86,66,185,91,63,60,178,126,20,7,118,61,0,169,134,86,66,106,50,39,108,58,19,170,143,140,97,55,30,131,172,136,118,43,20,196,130,8,146,54,23,12,172,30,183,122,52,28,192,177,84,169,22,164,54,30,25,15,131,112,76,57,46,186,48,17,173,157,108,80,66,133,111,57,20,194,108,131,99,66,24,108,38,34,144,37,123,80,116,102,43,185,114,96,138,183,78,169,33,200,188,113,35,113,175,156,112,64,194,181,134,185,118,89,172,58,150,144,76,74,42,199,166,155,107,111,82,66,48,171,76,184,167,165,135,107,90,56,119,53,158,74,185,193,84,113,92,57,141,119,94,64,114,63,129,103,60,141,72,183,82,78,65,64,179,159,144,133,122,101,76,63,194,180,157,124,100,198,153,130,65,84,66,199,120,89,129,84,194,116,103,85,194,126,97,128,109,199,173,136,106,95,176,149,94,197,156,112,159,168,128,192,157,109,115,195,161,131,97,82,160,105,172,125,107,100,93,123,119,99,94,179,175,109,214,91,140,106,214,146,168,159,127
11,92,119,20,39,127,83,103,16,78,106,109,9,43,149,162,51,108,169,0,35,83,103,63,119,130,61,111,150,3,26,29,72,114,139,38,6,33,51,126,150,28,39,166,24,116,147,160,9,140,17,48,118,143,25,13,87,11,151,13,118,143,148,161,41,59,95,115,126,23,125,166,17,21,65,93,106,42,63,118,170,31,66,45,76,109,163,68,141,147,36,144,55,96,62,76,138,30,64,82,44,31,102,31,165,43,37,69,164,71,35,40,73,122,43,38,56,41,70,98,40,134,48,51,114,116,172,49,43,49,84,82,111,129,160,46,118,49,49,50,66,89,106,152,80,169,56,128,54,56,118,90,111,166,69,85,109,152,91,159,81,103,180,73,144,61,131,136,162,167,62,66,73,81,89,109,140,182,65,63,68,89,112,66,71,85,177,134,175,68,96,132,92,141,71,104,118,142,73,98,127,98,115,76,75,92,120,133,76,85,136,77,83,116,83,81,103,79,86,124,118,81,87,105,142,189,88,133,85,113,132,141,154,116,120,145,155,86,88,135,91,168,107,142,92,104,94,98,121
45,57,84,54,6,92,48,68,51,43,71,74,44,8,114,127,16,73,134,35,0,48,68,28,84,95,26,76,115,36,9,7,37,79,104,5,38,5,17,91,115,62,7,131,14,81,112,125,39,105,50,15,83,108,59,44,52,37,117,31,83,108,114,127,14,26,61,80,91,53,90,131,42,28,33,59,72,19,31,83,135,62,34,22,44,75,129,37,107,112,25,110,29,63,33,44,104,56,35,50,28,55,69,45,131,71,61,42,130,43,51,40,46,90,67,57,38,61,45,67,52,101,42,41,82,84,138,73,49,46,57,56,80,97,127,55,87,64,55,54,50,63,77,120,57,136,54,97,68,74,88,66,82,134,56,63,81,120,67,127,62,77,147,60,113,72,101,105,130,135,71,63,62,64,68,83,110,149,80,72,64,69,85,83,64,67,145,105,143,85,75,103,74,112,84,82,92,113,85,78,100,79,91,89,77,77,95,106,79,75,109,89,76,92,77,79,85,89,79,99,95,92,81,87,115,158,82,108,85,93,107,115,126,95,98,118,127,88,88,110,106,139,92,117,107,91,90,90,101
92,11,36,102,44,44,4,20,99,6,23,26,92,40,66,79,32,25,86,83,48,0,20,20,36,47,22,28,67,84,57,54,11,31,56,45,86,50,32,43,67,110,44,83,60,34,64,77,86,58,97,37,36,61,106,92,10,84,69,78,36,60,66,79,46,28,18,34,44,100,44,84,88,72,26,19,28,49,30,38,88,109,28,48,24,33,82,30,61,66,61,64,42,27,37,29,59,101,37,28,56,99,33,86,85,116,104,40,85,40,92,75,41,50,110,98,57,103,46,40,90,60,71,66,47,48,93,116,85,76,45,47,48,59,84,91,53,103,88,86,63,50,50,78,54,93,82,62,105,113,58,56,57,92,71,59,57,81,58,87,65,59,105,73,77,105,69,72,91,94,103,86,76,69,65,62,75,108,116,103,85,66,64,120,83,69,104,73,102,121,67,74,72,80,118,70,71,81,118,74,75,75,73,123,102,79,75,79,105,86,81,122,91,76,93,100,79,118,93,80,80,122,96,83,88,120,97,85,105,83,85,89,95,84,84,91,96,111,108,89,139,106,91,93,140,94,105,100,90
112,13,17,122,64,25,20,4,119,25,4,7,112,60,46,59,52,5,66,103,68,20,0,40,16,27,42,8,47,104,77,74,31,11,36,65,106,70,52,24,47,130,64,63,80,15,45,57,106,38,117,57,17,41,126,111,20,104,49,98,18,41,47,59,65,47,17,18,26,120,26,64,107,92,43,21,17,68,47,23,69,129,45,66,37,22,63,45,43,48,80,46,60,27,54,41,42,120,52,37,74,119,31,105,67,135,123,53,67,53,111,93,54,39,129,117,73,121,60,41,109,47,88,83,41,41,76,135,103,93,54,57,45,48,68,108,46,121,106,103,77,57,50,64,65,77,98,54,123,131,54,64,55,77,84,68,57,68,65,73,76,62,89,86,66,122,62,64,77,80,119,101,89,80,73,63,66,92,133,120,99,75,64,137,97,79,89,66,88,138,74,69,81,72,135,75,70,74,135,81,72,82,74,139,117,88,75,74,119,97,76,138,103,78,105,113,85,134,105,79,82,137,108,89,82,106,108,82,118,87,83,84,87,87,86,85,88,125,122,86,156,96,98,88,156,102,117,110,93
72,30,56,82,25,64,21,40,79,16,43,46,72,20,86,99,12,45,106,63,28,20,40,0,56,67,2,48,87,64,37,34,9,51,76,25,66,30,13,63,87,90,25,103,40,53,84,97,66,77,77,18,56,80,86,72,25,64,89,58,55,80,86,99,27,13,34,53,63,80,63,103,68,52,16,32,45,31,18,56,108,89,19,30,23,49,101,22,79,85,43,82,28,38,26,26,77,81,26,30,40,80,45,67,103,96,85,32,103,33,73,58,35,64,91,80,43,84,38,47,72,76,55,51,59,60,111,97,68,60,44,44,58,73,101,73,64,85,72,70,52,49,57,94,49,110,67,74,88,95,68,55,63,108,60,55,63,95,57,102,59,62,122,63,90,89,80,83,106,110,87,73,66,62,61,67,88,124,99,88,72,62,68,103,71,63,120,84,118,104,65,84,68,91,102,70,76,92,103,71,82,72,77,107,88,73,79,87,91,77,90,106,81,79,82,88,77,103,83,84,83,107,86,80,97,134,87,91,93,83,91,97,106,85,86,100,107,98,97,94,124,118,87,100,124,88,96,92,91
128,28,7,138,80,10,36,17,135,41,14,11,128,76,30,43,68,11,50,119,84,36,16,56,0,11,58,8,31,120,93,90,47,5,20,81,122,86,68,8,31,146,80,47,96,7,29,41,122,22,133,72,8,25,142,127,34,119,34,114,11,25,31,43,81,62,28,14,14,136,16,48,123,107,58,32,21,83,62,18,53,144,59,81,51,24,48,59,30,34,95,33,74,35,68,54,30,136,66,49,89,134,36,120,52,150,139,66,53,66,126,108,66,35,145,132,86,136,72,48,123,40,102,97,42,41,62,150,117,107,64,67,48,44,56,123,46,135,120,117,89,66,54,54,75,65,111,51,137,145,55,72,59,66,96,78,60,59,74,64,86,67,77,97,60,136,60,60,68,70,133,114,101,91,82,68,61,80,147,133,112,84,68,151,109,89,78,64,77,152,81,67,89,68,148,81,73,70,148,89,72,90,78,153,129,97,77,73,132,108,74,151,114,82,116,125,92,146,115,82,85,150,119,95,80,95,119,82,129,92,84,82,83,92,89,83,84,136,133,86,169,90,105,87,169,109,127,120,97
139,39,13,149,91,7,47,27,146,52,24,21,139,87,19,32,79,22,39,130,95,47,27,67,11,0,69,19,20,131,104,101,58,16,9,92,133,97,79,6,20,157,91,36,107,15,18,31,133,12,144,83,14,15,153,138,45,130,23,124,17,16,21,33,92,73,38,21,14,147,16,38,134,118,69,42,30,94,72,23,43,155,70,92,61,31,38,70,24,27,106,26,84,44,78,64,26,146,77,59,100,145,44,130,44,161,149,76,45,76,136,118,76,37,155,143,96,147,81,55,134,39,112,107,47,46,54,160,128,117,72,76,53,45,50,133,50,146,130,127,98,74,60,50,84,59,121,53,147,155,59,80,64,60,105,86,66,56,81,60,95,73,70,106,59,146,62,61,63,65,143,123,110,99,90,73,61,73,157,143,121,91,73,161,118,97,72,65,72,162,88,69,97,68,158,87,77,70,158,96,75,97,83,162,138,105,81,75,141,116,76,161,123,86,125,133,99,156,124,85,90,160,127,102,81,90,127,85,138,98,87,84,82,97,94,84,83,145,141,89,178,87,111,89,178,116,135,127,102
71,32,59,80,23,66,23,42,77,18,45,48,70,18,88,101,10,47,108,61,26,22,42,2,58,69,0,50,89,62,35,32,11,53,78,23,64,28,10,65,89,88,22,105,38,55,86,99,64,79,75,16,57,82,84,69,26,62,90,56,57,82,88,100,25,11,35,54,65,78,65,105,66,50,15,34,46,29,17,58,109,87,18,28,23,50,103,21,81,87,40,84,26,39,25,26,79,79,25,30,37,78,46,65,105,94,83,31,105,32,71,56,34,66,89,77,41,82,37,47,70,77,53,49,60,61,113,95,66,58,43,44,59,74,102,71,65,83,69,68,50,49,57,95,48,111,65,75,86,93,68,54,64,110,58,54,63,97,56,103,57,62,123,61,91,87,81,84,107,111,85,71,64,61,60,67,88,125,97,86,70,61,68,100,69,62,121,84,119,102,65,84,67,91,100,70,76,93,100,70,83,71,76,105,87,72,79,88,89,76,90,104,79,78,81,86,76,101,82,84,82,105,85,79,97,135,85,91,91,83,91,97,106,84,86,100,107,96,95,94,122,119,86,100,122,87,94,91,90
120,21,11,130,72,17,29,10,127,33,7,5,120,68,38,51,60,4,58,111,76,28,8,48,8,19,50,0,39,112,85,82,39,3,28,73,114,78,60,15,39,138,72,55,88,7,36,49,114,30,125,64,10,33,134,119,26,111,41,105,12,33,38,51,73,54,21,12,18,128,19,56,115,99,50,25,16,75,54,18,60,136,51,73,43,20,55,51,35,40,87,38,66,29,60,47,35,127,59,42,81,126,31,112,59,142,131,59,59,59,118,100,59,35,137,124,79,128,65,43,115,42,94,89,39,39,68,142,110,99,57,61,44,44,61,115,44,128,112,110,82,60,50,57,69,70,104,50,129,137,52,66,55,70,89,72,57,62,68,67,80,63,82,90,61,128,59,60,71,74,125,107,94,84,76,64,62,85,139,126,105,78,64,143,102,83,82,63,81,144,76,66,84,68,141,76,70,70,141,83,70,85,74,145,122,91,74,72,125,101,73,144,108,78,110,118,87,139,109,79,82,143,112,90,79,99,112,80,123,88,81,81,83,88,86,82,84,129,126,84,161,91,99,86,161,104,121,114,93
159,59,32,169,111,24,67,47,166,72,44,41,159,107,4,13,99,42,19,150,115,67,47,87,31,20,89,39,0,151,124,121,78,36,11,112,153,117,99,24,3,177,111,16,127,34,6,11,153,12,164,103,33,10,173,158,64,150,9,144,34,13,10,15,112,93,57,38,28,167,30,21,154,138,88,61,47,113,92,38,25,175,89,112,80,47,23,89,24,22,125,23,104,61,97,83,28,166,95,77,119,164,60,150,31,181,169,94,33,94,156,137,93,47,175,162,115,166,99,70,153,44,131,125,59,57,43,180,147,136,89,93,65,52,43,152,60,165,148,146,116,89,73,47,100,50,139,60,166,174,69,95,76,53,123,102,78,55,96,56,111,86,60,123,61,164,68,66,59,59,161,140,126,115,105,85,65,64,175,161,138,106,84,179,135,113,64,71,64,180,102,76,111,72,176,100,87,74,176,109,83,111,94,180,155,119,91,82,158,131,81,178,138,97,141,150,112,173,139,95,100,177,143,115,86,82,143,92,154,109,94,89,83,108,104,88,84,161,157,96,195,85,124,94,195,130,150,142,112
13,94,120,20,41,128,84,104,16,79,107,110,9,44,150,163,52,109,170,3,36,84,104,64,120,131,62,112,151,0,27,30,73,115,140,39,3,34,52,127,151,26,40,167,24,117,148,161,5,141,14,48,119,144,23,10,87,8,152,11,118,143,149,162,41,60,96,116,126,20,126,167,14,20,66,93,107,42,63,118,171,29,66,45,76,110,164,68,141,147,35,145,55,97,61,76,139,27,64,82,43,28,102,28,165,40,34,69,165,70,32,38,72,123,39,35,55,38,69,98,37,134,46,50,114,115,172,46,40,47,84,81,110,129,161,43,118,46,46,48,64,88,106,152,79,169,53,128,50,53,118,89,110,166,67,84,109,152,90,159,79,103,180,71,144,58,131,135,162,166,59,64,71,79,88,108,140,182,61,60,66,88,111,63,68,83,177,133,174,65,95,131,91,140,68,103,117,141,70,96,126,96,114,72,72,90,119,133,73,83,136,74,81,114,81,78,102,76,84,122,117,78,84,103,141,189,86,132,82,112,130,140,153,115,119,144,154,83,85,134,88,168,105,141,89,102,92,96,120
36,67,93,46,15,101,57,77,42,52,80,83,35,18,123,136,25,82,143,26,9,57,77,37,93,104,35,85,124,27,0,3,46,88,113,12,29,7,25,100,124,53,13,140,5,90,121,134,29,114,40,22,92,117,49,35,60,27,125,22,91,116,122,135,16,34,69,89,100,44,99,140,32,19,40,66,80,20,38,91,144,53,41,23,51,83,137,43,115,121,21,118,32,71,38,51,112,47,40,56,26,46,76,36,139,61,52,46,138,48,43,34,50,97,58,48,38,52,48,73,44,109,38,38,89,90,146,64,43,41,62,59,86,104,135,48,93,56,48,48,49,66,82,127,59,143,49,103,60,66,94,69,87,141,55,65,86,127,70,134,63,81,155,59,119,65,107,111,137,141,64,59,60,64,70,87,116,157,72,65,60,70,89,75,61,68,152,110,149,77,77,109,75,117,77,84,96,118,78,80,105,80,94,82,72,77,98,111,74,74,114,82,73,95,74,75,86,82,76,103,98,85,78,88,120,165,79,112,80,95,110,119,131,97,101,123,132,83,83,114,99,145,92,121,100,90,87,88,103
39,64,90,49,13,98,54,74,45,49,77,80,38,15,120,133,22,79,140,29,7,54,74,34,90,101,32,82,121,30,3,0,43,85,110,9,32,4,22,97,121,56,10,137,7,87,118,131,32,111,43,19,89,114,52,38,57,30,122,25,88,113,119,132,14,31,66,86,97,47,96,137,35,21,37,64,77,18,35,88,141,56,38,21,48,80,134,40,112,118,21,115,30,68,35,48,109,49,38,54,25,49,73,38,136,64,54,44,135,45,45,35,47,94,60,50,37,55,46,71,46,106,38,38,86,88,143,67,44,42,59,57,83,101,132,49,91,58,49,49,48,64,80,124,57,140,50,101,62,68,92,67,85,138,54,64,84,124,68,131,62,79,152,58,117,66,105,109,134,139,65,59,60,63,69,85,114,154,74,66,60,69,87,77,61,67,149,108,147,79,75,106,73,115,79,82,94,116,80,78,103,79,92,84,73,76,96,108,74,73,111,84,73,93,74,75,85,83,76,101,96,86,78,87,118,162,79,110,81,93,108,117,129,96,99,120,129,84,84,112,100,142,91,119,102,90,87,88,101
82,22,48,91,34,56,13,32,88,8,35,37,81,29,77,90,21,36,97,72,37,11,31,9,47,58,11,39,78,73,46,43,0,42,67,34,75,39,21,54,78,99,33,94,49,44,75,88,75,68,86,26,46,71,95,80,16,72,79,67,46,71,77,89,34,17,25,43,54,89,54,94,76,61,17,24,36,38,20,47,98,97,19,37,19,40,92,22,70,76,50,73,32,30,28,23,68,89,28,25,45,88,37,74,94,104,93,32,94,33,81,64,34,56,99,87,47,91,39,40,79,67,60,56,51,52,102,105,74,65,41,42,51,65,92,80,57,92,77,76,54,46,51,85,48,101,71,67,94,102,61,52,57,100,62,54,57,87,54,94,59,57,113,64,82,95,73,76,97,101,92,77,68,62,60,62,80,115,105,93,76,61,63,109,74,63,111,77,109,110,63,77,67,83,107,67,71,85,108,69,76,70,72,112,92,73,74,81,95,78,83,111,83,75,85,91,75,108,85,79,78,112,88,78,90,126,89,86,96,80,85,90,99,81,82,93,100,102,100,89,129,111,86,94,130,88,97,93,87
123,24,10,133,75,15,32,13,130,36,10,8,123,71,35,48,63,7,55,114,79,31,11,51,5,16,53,3,36,115,88,85,42,0,25,76,117,81,63,12,36,141,75,52,91,4,33,46,117,26,128,67,7,30,137,122,29,114,38,108,9,29,35,48,76,57,23,11,16,131,16,53,118,102,53,27,17,78,56,16,57,139,54,76,45,20,52,54,32,37,89,35,69,30,62,49,32,130,61,44,84,129,32,114,56,145,133,61,56,61,120,102,61,33,139,127,81,131,67,43,118,40,97,91,39,38,65,144,112,102,59,62,44,43,58,117,43,130,114,112,84,61,50,55,70,67,106,49,132,140,52,67,55,67,91,73,57,59,69,65,81,63,79,92,59,131,58,58,68,71,127,108,95,86,77,64,60,82,141,128,107,79,64,145,104,84,80,62,78,146,77,65,85,67,143,77,70,69,143,84,70,85,74,147,123,92,74,71,126,103,72,146,109,78,111,119,88,141,110,78,82,145,114,91,78,97,114,80,124,88,81,80,82,88,86,81,83,131,128,84,163,89,100,85,163,105,122,115,93
148,48,22,158,100,14,56,37,155,61,34,31,148,96,11,24,88,31,30,139,104,56,36,76,20,9,78,28,11,140,113,110,67,25,0,101,142,106,88,13,11,166,100,27,116,23,9,21,142,5,153,92,22,7,162,147,53,139,14,133,24,9,13,24,100,82,46,27,18,156,20,29,143,127,77,50,37,102,81,28,34,164,78,101,69,37,30,78,20,21,114,21,93,51,86,72,23,155,84,66,108,153,50,139,36,169,158,84,37,83,145,126,83,40,164,151,104,155,89,61,142,39,120,114,50,49,47,169,136,125,79,82,57,46,45,141,52,154,138,135,106,80,64,46,90,53,129,54,155,163,61,86,67,55,112,92,70,53,87,56,101,78,64,113,58,153,62,61,59,60,150,130,116,105,95,77,60,67,164,150,128,97,76,168,125,103,66,66,66,169,93,70,102,68,165,91,80,70,165,100,77,102,86,170,145,110,84,76,148,122,76,168,129,90,131,140,103,163,130,88,93,166,133,106,81,84,133,86,144,101,88,84,81,100,97,84,81,151,148,90,185,84,115,89,185,121,141,133,105
48,55,82,58,9,89,46,65,54,41,68,71,47,8,111,124,14,70,131,38,5,45,65,25,81,92,23,73,112,39,12,9,34,76,101,0,41,5,13,88,112,65,2,128,15,78,109,122,41,102,52,10,80,105,61,46,48,39,113,33,79,104,110,123,9,22,57,77,88,55,87,128,43,28,28,55,68,15,27,79,132,64,30,17,39,71,125,32,103,109,23,106,24,59,28,40,100,57,30,45,24,56,64,44,127,72,61,37,126,38,51,38,41,85,68,57,34,61,40,63,51,97,39,38,77,79,134,74,48,43,52,51,75,93,123,53,82,64,53,52,45,58,72,115,52,132,51,92,67,74,84,61,77,129,52,58,76,115,62,123,58,72,143,56,109,70,97,101,126,130,69,60,58,60,64,78,105,145,79,70,60,64,80,82,61,63,140,100,138,84,70,99,69,107,83,77,87,108,84,74,95,74,86,88,74,72,90,101,76,71,104,88,72,87,73,76,80,86,75,94,90,90,77,82,110,154,78,103,81,88,102,110,121,90,93,113,122,85,85,105,105,135,87,112,106,86,87,86,96
13,96,122,19,43,130,86,106,15,81,109,112,9,47,152,165,54,111,172,6,38,86,106,66,122,133,64,114,153,3,29,32,75,117,142,41,0,36,54,129,153,24,42,169,26,119,150,163,3,143,12,50,121,146,21,7,89,7,154,11,120,145,151,164,43,62,97,117,128,17,127,168,12,20,67,95,109,43,65,120,173,26,68,46,78,111,166,69,143,149,36,146,56,98,63,77,141,25,65,83,44,26,103,27,167,37,31,70,166,71,30,37,73,124,37,32,55,35,70,99,35,136,46,50,115,117,174,43,39,46,85,81,111,130,162,42,119,43,45,46,64,89,107,153,79,170,52,129,48,51,119,89,111,168,67,84,110,153,90,160,79,103,181,71,145,56,132,136,163,168,57,63,71,79,88,109,141,183,59,58,65,88,111,61,68,83,178,134,176,63,95,132,91,141,66,103,118,142,67,96,127,96,114,70,71,90,119,133,71,83,136,72,80,115,80,77,102,74,83,123,117,76,83,103,142,190,85,133,81,112,131,141,154,115,119,145,155,81,83,134,85,168,105,142,87,102,90,95,120
44,60,87,53,12,95,51,71,50,46,73,76,43,12,116,129,19,75,136,33,5,50,70,30,86,97,28,78,117,34,7,4,39,81,106,5,36,0,18,93,117,60,6,133,10,83,114,127,36,107,47,15,85,110,56,41,53,34,118,28,84,109,115,128,10,26,62,81,92,50,92,132,38,23,32,59,73,15,30,84,137,59,34,17,43,76,130,36,108,113,20,111,26,63,31,43,105,52,33,49,23,51,69,40,132,67,56,40,131,41,46,35,43,90,63,52,34,56,42,66,47,101,37,36,81,83,139,69,44,41,55,53,79,97,127,50,86,59,49,49,45,60,75,119,54,136,49,96,63,69,87,63,80,134,51,60,80,119,64,127,58,75,147,56,112,67,100,104,130,134,65,58,57,60,65,81,109,149,75,66,58,65,83,78,59,63,145,103,142,80,71,102,70,110,79,78,90,112,80,75,98,75,88,84,72,72,92,104,74,70,107,84,71,89,72,74,81,83,74,97,92,86,76,83,113,158,77,105,79,90,104,112,124,92,95,116,125,83,83,108,101,138,88,115,102,87,85,85,98
61,43,69,71,16,77,33,53,67,28,56,59,60,11,98,111,6,57,118,51,17,32,52,13,68,79,10,60,99,52,25,22,21,63,88,13,54,18,0,75,99,78,12,115,28,65,96,109,54,89,65,6,67,92,74,59,35,51,100,46,66,91,97,110,14,11,44,64,75,68,74,115,55,40,17,42,55,19,17,66,119,76,19,19,28,59,112,22,90,96,31,93,20,47,22,29,88,69,23,34,29,67,52,55,114,83,73,30,114,31,61,46,33,73,79,67,34,72,35,52,60,85,44,41,66,67,121,85,56,49,44,43,64,81,110,62,71,73,60,59,45,50,62,103,46,119,56,81,76,83,73,54,67,117,52,53,67,103,56,111,54,64,131,56,97,78,86,90,114,118,76,64,58,57,58,69,94,133,87,77,63,59,71,91,63,59,128,89,126,92,64,88,65,96,91,70,78,98,91,69,86,69,78,95,79,69,81,91,81,71,94,95,73,80,75,79,75,93,76,86,83,96,79,78,101,142,79,94,84,82,93,100,111,84,86,104,112,89,88,97,112,124,84,103,113,84,88,86,90
136,36,13,145,88,10,44,25,142,49,22,19,135,83,24,37,75,19,43,126,91,43,24,63,8,6,65,15,24,127,100,97,54,12,13,88,129,93,75,0,24,153,87,40,103,10,21,34,129,14,140,79,9,17,149,134,40,126,26,120,11,17,23,36,87,68,33,15,9,142,11,41,130,114,64,37,24,89,67,17,45,151,65,87,56,25,40,65,22,26,101,25,80,39,73,59,23,142,71,54,95,140,38,126,44,156,145,71,45,70,131,113,70,32,150,138,91,142,76,50,129,35,107,102,41,40,55,155,123,112,67,70,47,40,49,128,44,141,125,122,93,68,54,48,78,58,116,48,142,150,53,74,58,59,100,80,60,53,76,57,89,68,70,100,55,141,57,56,61,63,137,118,104,93,84,67,57,73,152,138,116,86,67,156,113,92,71,61,70,156,83,64,91,64,153,81,72,66,153,90,70,91,77,157,132,99,76,71,135,110,71,155,117,81,119,128,93,150,118,80,85,154,122,96,77,88,122,80,132,92,82,79,78,91,89,79,79,139,136,84,173,84,105,84,173,111,130,122,96
159,59,33,169,111,25,68,48,166,72,45,42,159,107,7,14,99,42,20,150,115,67,47,87,31,20,89,39,3,151,124,121,78,36,11,112,153,117,99,24,0,177,111,16,127,34,4,10,153,10,164,103,32,8,173,158,64,150,6,144,34,11,7,13,111,92,57,37,27,166,28,19,153,138,88,60,47,113,91,37,24,175,88,111,79,46,21,88,21,19,124,21,103,60,96,82,25,165,95,76,118,164,59,149,29,180,168,93,30,93,155,137,92,45,174,161,114,166,98,69,152,41,130,124,57,55,40,179,146,135,87,91,63,49,40,151,58,164,147,145,115,88,71,44,99,47,138,57,165,173,67,93,74,50,121,100,76,52,95,53,109,85,58,121,58,163,66,63,56,56,160,139,125,113,103,83,62,61,174,160,137,105,82,178,134,111,61,68,61,179,101,73,110,69,175,98,85,71,174,107,81,109,91,179,153,117,89,79,157,130,79,177,137,95,139,148,110,172,138,92,98,175,141,113,83,79,141,89,152,107,92,86,81,106,102,85,81,160,156,93,194,82,122,91,194,128,149,140,109
22,120,146,14,67,154,110,130,14,105,133,136,20,70,176,189,78,135,196,28,62,110,130,90,146,157,88,138,177,26,53,56,99,141,166,65,24,60,78,153,177,0,66,193,50,143,174,187,24,167,13,74,145,170,6,19,113,27,178,34,144,169,175,188,66,85,121,141,152,15,151,192,26,41,91,119,132,66,88,144,196,14,91,69,101,135,190,93,167,173,57,170,78,121,85,100,164,25,88,106,65,27,126,39,191,26,29,92,190,93,38,53,95,147,32,36,75,36,91,122,45,159,63,68,138,139,197,36,51,61,106,103,134,153,185,51,142,46,55,58,83,110,128,176,99,193,66,151,51,49,140,110,132,190,84,104,131,175,110,183,98,124,204,88,167,60,153,158,185,190,63,75,87,97,107,130,163,206,58,64,78,107,132,59,81,101,201,156,198,61,114,153,108,163,66,122,138,163,68,114,148,114,134,69,79,107,139,154,78,97,157,72,92,134,92,87,119,76,95,142,136,77,95,120,162,212,96,152,90,129,150,161,175,132,137,165,175,88,91,153,81,189,120,161,83,116,100,107,137
50,55,81,59,11,89,45,65,56,40,68,71,49,9,110,123,14,69,130,39,7,44,64,25,80,91,22,72,111,40,13,10,33,75,100,2,42,6,12,87,111,66,0,127,16,77,108,121,42,101,53,9,79,104,62,47,47,39,112,34,78,103,109,122,7,20,56,75,86,56,86,126,43,28,26,53,67,13,25,78,131,65,28,15,38,70,124,30,101,107,22,105,21,57,26,38,99,57,28,43,23,56,63,44,126,72,61,35,125,36,50,37,38,84,68,56,32,61,38,61,50,95,38,36,76,77,133,73,47,42,50,49,73,91,121,52,81,63,52,51,43,55,70,113,50,130,50,91,66,73,82,59,75,128,50,56,74,114,60,121,55,70,141,54,107,69,95,99,124,128,68,58,56,57,61,76,103,143,78,69,58,62,78,81,59,60,139,98,136,83,68,97,67,105,82,74,85,106,83,71,93,72,84,87,73,70,87,99,75,69,102,87,70,85,71,74,78,85,73,92,88,89,75,80,108,152,76,101,80,86,99,107,119,88,91,111,120,83,83,103,104,133,85,110,105,84,85,84,94
175,75,49,185,127,41,84,64,182,88,61,58,175,123,19,9,115,58,8,166,131,83,63,103,47,36,105,55,16,167,140,137,94,52,27,128,169,133,115,40,16,193,127,0,143,50,19,6,169,26,180,119,48,23,189,174,80,166,16,160,49,25,19,8,127,108,72,53,42,182,43,10,169,153,104,76,62,129,107,52,13,191,104,127,94,61,16,103,32,27,140,30,119,75,112,97,36,181,110,91,134,179,73,165,25,196,184,108,27,108,170,152,107,57,190,177,129,181,113,83,167,51,145,139,69,68,35,194,161,150,101,105,76,60,41,166,70,179,163,160,129,102,84,48,113,45,153,67,180,188,78,107,85,50,136,114,88,56,108,55,123,97,53,135,64,178,74,71,57,56,174,154,139,127,116,94,69,56,189,175,151,118,93,193,148,124,58,77,59,194,113,82,122,76,189,110,96,78,189,120,90,121,102,193,167,130,99,87,171,143,86,191,150,106,153,162,122,186,151,102,108,189,154,124,90,75,154,97,166,118,100,93,85,116,112,92,86,173,169,101,208,84,133,98,208,139,162,152,120
35,70,97,44,20,105,61,81,40,56,84,87,33,22,126,139,29,85,146,24,14,60,80,40,96,107,38,88,127,24,5,7,49,91,116,15,26,10,28,103,127,50,16,143,0,93,124,137,26,117,37,24,95,120,46,31,63,23,128,18,94,119,125,138,17,36,71,91,102,40,101,142,28,14,41,69,83,19,39,94,146,49,42,22,52,85,140,44,117,123,17,120,32,72,38,52,115,42,40,58,24,41,77,31,141,57,47,46,140,47,38,30,49,98,53,43,36,47,47,74,39,110,34,35,90,92,148,59,38,37,61,59,87,105,136,43,94,51,43,43,47,66,82,128,58,145,45,104,55,61,95,68,87,142,52,64,86,128,69,135,61,81,156,56,120,60,108,112,138,143,59,55,57,62,69,87,117,158,67,60,56,69,89,70,57,66,153,110,151,72,75,109,73,118,72,83,96,119,73,78,105,78,93,77,68,74,98,111,69,70,114,77,70,94,70,71,84,77,73,102,97,80,74,86,120,165,76,111,76,93,110,119,131,96,99,122,132,79,79,113,94,145,89,120,95,88,83,85,101
126,28,13,136,78,16,35,17,132,39,14,12,125,74,34,47,65,11,54,116,81,34,15,53,7,15,55,7,34,117,90,87,44,4,23,78,119,83,65,10,34,143,77,50,93,0,31,44,119,24,130,69,3,27,139,124,30,116,35,110,5,26,32,45,77,58,23,7,11,132,12,50,119,103,54,27,15,79,57,12,54,141,55,77,46,17,48,54,28,33,91,31,69,29,63,49,28,132,61,44,85,130,30,116,52,146,135,61,52,60,121,103,60,29,140,128,81,132,66,41,119,35,97,92,35,35,61,145,113,102,57,61,41,38,54,118,40,131,115,112,83,59,47,50,69,63,106,45,132,140,48,66,52,63,90,71,54,55,67,60,80,61,75,91,55,131,54,54,64,67,127,108,95,84,76,61,56,78,142,128,106,77,61,146,103,83,75,58,74,146,75,61,83,62,143,74,66,64,143,82,66,83,71,147,123,91,71,67,126,101,68,145,108,75,110,119,86,141,109,75,79,144,113,89,74,92,113,76,123,85,77,76,77,85,83,77,78,130,127,80,163,85,98,81,163,103,121,113,90
157,57,31,166,109,23,65,45,163,70,42,39,156,104,9,17,96,40,23,147,112,64,45,84,29,18,86,36,6,148,121,118,75,33,9,109,150,114,96,21,4,174,108,19,124,31,0,13,150,7,161,100,29,4,170,155,61,147,6,141,30,7,5,15,108,89,53,34,23,163,25,20,150,134,85,57,43,110,88,33,25,171,85,108,76,43,21,85,18,16,121,18,100,57,93,78,22,162,91,73,115,161,55,146,28,177,165,90,30,89,152,133,89,42,171,158,110,162,95,65,149,38,127,121,53,52,39,176,142,131,84,88,60,46,39,147,54,160,144,141,111,84,68,42,95,46,135,54,162,170,63,90,70,49,118,96,72,49,91,51,106,81,57,118,55,159,62,60,54,55,156,136,121,110,100,79,59,60,170,156,133,101,78,175,130,107,60,65,60,175,97,70,106,66,171,94,82,68,171,104,77,105,88,175,150,114,85,76,153,126,76,173,133,91,135,145,106,168,134,89,94,172,138,109,80,78,137,86,149,103,88,83,78,102,98,82,79,156,152,90,191,80,118,88,191,124,145,136,106
170,69,43,179,122,35,78,58,176,83,55,52,169,117,14,9,109,53,12,160,125,77,57,97,41,31,99,49,11,161,134,131,88,46,21,122,163,127,109,34,10,187,121,6,137,44,13,0,163,20,174,113,42,17,183,168,74,160,10,154,43,19,13,5,121,102,66,47,36,176,37,10,163,147,98,70,56,123,101,46,15,184,98,121,88,55,15,97,26,22,134,25,112,69,106,91,31,175,104,85,128,173,67,159,24,190,178,102,26,102,164,146,101,52,183,171,123,175,107,77,161,46,139,133,64,62,35,188,155,144,95,100,70,54,38,160,64,173,156,154,123,96,78,45,107,44,147,62,174,182,72,101,80,48,130,108,82,53,102,52,117,91,53,129,60,172,70,67,55,54,168,148,133,121,111,89,65,56,183,169,145,112,88,187,142,119,57,72,58,188,108,77,117,72,183,104,91,74,183,114,85,116,97,187,162,125,94,83,165,137,82,185,145,100,147,156,116,180,145,97,103,184,149,119,86,75,148,93,160,113,96,89,82,111,107,88,83,167,163,97,202,82,128,94,202,134,156,147,115
16,96,123,21,44,131,87,107,17,82,110,113,12,47,152,165,55,111,172,9,39,86,106,66,122,133,64,114,153,5,29,32,75,117,142,41,3,36,54,129,153,24,42,169,26,119,150,163,0,143,11,50,121,146,20,5,89,4,154,10,120,145,151,164,42,61,97,117,128,15,127,168,9,18,67,94,108,42,64,120,172,24,67,45,77,111,166,69,143,149,34,146,55,97,62,76,140,22,64,82,42,23,102,24,167,35,28,69,166,70,27,34,72,123,34,29,53,32,68,98,32,135,43,47,114,116,173,40,36,43,83,80,110,129,161,39,118,40,42,44,62,87,105,153,77,170,50,128,45,48,117,88,110,167,64,82,108,152,89,159,77,102,180,69,144,53,130,135,162,167,54,60,68,77,86,108,140,182,56,55,62,86,110,58,65,81,177,133,175,60,93,131,88,140,63,101,116,141,64,94,126,94,113,67,68,88,117,132,68,80,135,69,77,113,77,74,100,71,80,121,115,73,81,101,140,189,82,131,78,110,129,139,153,113,117,143,153,78,81,132,82,167,102,140,84,99,88,92,117
150,50,25,160,102,18,58,39,156,63,36,33,149,98,13,24,89,33,30,140,105,58,38,77,22,12,79,30,12,141,114,111,68,26,5,102,143,107,89,14,10,167,101,26,117,24,7,20,143,0,154,93,22,3,163,148,54,140,11,134,23,4,9,21,101,82,46,27,16,156,18,26,143,127,78,50,36,103,81,26,31,164,78,101,68,36,26,77,15,16,114,16,93,50,86,71,18,155,84,66,108,153,48,139,32,170,158,83,33,82,145,126,82,36,164,151,103,155,88,59,142,34,120,114,47,46,43,168,135,124,77,81,54,42,40,140,49,153,137,134,104,78,62,41,89,48,128,50,155,163,58,83,64,50,111,90,66,48,85,51,99,75,59,111,53,153,58,56,54,55,149,129,115,103,93,74,56,62,164,149,127,95,73,168,123,101,61,61,61,168,91,66,100,63,164,88,77,65,164,98,73,99,83,168,143,108,80,72,146,120,72,167,127,86,129,138,100,161,128,84,89,165,131,103,77,79,131,82,142,98,84,79,76,97,93,79,77,149,146,86,184,79,112,85,184,118,139,130,101
17,107,134,15,55,142,98,118,12,93,121,124,12,58,163,176,66,122,183,17,50,97,117,77,133,144,75,125,164,14,40,43,86,128,153,52,12,47,65,140,164,13,53,180,37,130,161,174,11,154,0,61,132,157,9,6,100,14,165,20,131,156,162,175,53,72,108,128,139,7,138,179,14,28,77,105,119,53,75,130,183,15,78,55,88,122,176,79,154,160,44,157,65,108,72,87,151,18,74,93,52,20,113,28,177,27,24,79,177,80,29,41,82,134,29,29,62,30,78,108,35,145,50,55,124,126,184,35,40,49,93,90,121,140,172,42,128,39,45,48,70,97,115,163,86,180,55,138,44,45,127,97,119,177,72,91,118,162,98,169,85,111,191,76,154,53,140,145,172,177,55,65,75,85,94,117,150,192,54,56,67,94,119,55,70,89,187,142,185,57,102,140,96,150,61,110,125,150,63,102,135,102,121,65,70,95,126,141,70,86,144,67,82,121,82,77,107,71,85,130,123,72,85,108,149,199,86,140,81,117,138,148,162,120,125,152,162,80,83,141,79,176,109,149,81,105,91,97,125
58,48,74,67,16,81,38,57,64,33,60,63,57,12,103,116,11,62,122,48,15,37,57,18,72,83,16,64,103,48,22,19,26,67,92,10,50,15,6,79,103,74,9,119,24,69,100,113,50,93,61,0,71,96,70,55,39,47,104,41,70,95,101,114,9,12,47,67,78,63,77,118,51,35,18,45,59,13,16,70,122,72,19,14,29,61,116,22,93,99,25,96,16,49,19,29,91,64,21,35,23,62,54,49,117,78,67,28,116,29,55,40,31,75,74,62,30,66,32,52,55,87,39,36,67,69,124,79,50,44,43,42,65,82,113,56,72,67,54,53,40,48,62,105,44,121,51,82,70,77,73,52,67,119,48,50,66,105,54,112,51,63,133,51,98,72,86,90,115,120,70,58,54,53,56,68,95,135,81,71,58,56,70,85,58,56,130,90,128,86,61,89,62,97,85,68,78,98,86,66,86,66,77,90,73,65,80,91,76,66,94,89,68,78,70,74,72,87,71,85,81,91,74,75,100,143,75,93,79,80,92,100,111,82,85,103,112,84,83,96,107,124,80,102,108,80,83,81,88
128,31,15,138,80,17,37,20,135,42,17,15,127,76,33,45,68,14,52,118,83,36,17,56,8,14,57,10,33,119,92,89,46,7,22,80,121,85,67,9,32,145,79,48,95,3,29,42,121,22,132,71,0,25,141,126,32,118,33,112,3,24,30,43,79,60,25,6,9,134,9,48,121,105,56,28,15,81,59,10,52,142,56,79,47,17,46,56,25,30,92,28,71,30,64,50,25,133,63,45,86,132,30,117,49,148,136,62,49,61,123,105,61,27,142,129,82,133,67,41,120,33,98,93,34,34,59,147,114,103,58,62,40,36,51,119,38,132,116,113,84,59,47,48,69,60,107,43,133,141,47,66,51,60,91,72,53,52,67,57,80,60,72,92,53,132,52,52,61,64,128,109,95,85,76,60,54,75,143,129,107,77,60,147,104,83,72,56,71,147,75,59,83,60,144,73,65,62,144,82,64,83,70,148,123,91,69,65,127,101,66,146,108,74,110,119,85,142,109,74,77,145,113,88,72,89,113,74,124,85,76,74,75,84,82,75,76,130,127,78,164,82,97,79,164,102,121,113,89
153,53,28,163,105,21,61,42,159,66,39,36,152,101,13,22,93,36,28,143,108,61,41,80,25,15,82,33,10,144,117,114,71,30,7,105,146,110,92,17,8,170,104,23,120,27,4,17,146,3,157,96,25,0,166,151,57,143,8,137,26,3,6,18,104,85,49,29,19,159,20,23,146,130,80,53,39,105,84,29,28,167,81,104,71,38,23,80,15,14,117,15,95,52,89,74,18,158,87,68,111,156,51,142,29,173,161,85,30,85,147,129,84,37,166,154,106,158,90,61,144,34,122,116,49,47,40,171,138,127,79,83,55,42,38,143,50,156,140,137,107,80,63,40,91,46,130,50,157,165,59,85,66,48,113,92,68,47,87,49,101,77,57,113,52,155,59,56,52,53,152,131,117,105,95,75,56,60,166,152,129,97,74,170,126,103,59,62,59,171,93,66,102,63,167,90,78,65,166,99,74,101,84,171,145,109,81,72,148,121,72,169,129,87,131,140,102,164,130,85,90,167,133,105,77,77,133,82,144,99,85,79,75,98,94,79,76,151,148,86,186,78,114,85,186,120,141,132,102
22,116,143,16,64,151,107,127,15,102,130,133,18,67,172,185,75,131,192,25,59,106,126,86,142,153,84,134,173,23,49,52,95,137,162,61,21,56,74,149,173,6,62,189,46,139,170,183,20,163,9,70,141,166,0,15,109,23,174,29,140,165,171,184,62,81,117,137,148,9,147,188,21,37,86,114,128,62,83,139,192,10,87,64,97,131,185,88,163,169,52,166,74,117,81,95,160,19,83,101,60,22,122,33,186,23,24,87,185,88,33,48,90,142,27,31,70,31,86,117,39,154,57,62,133,135,193,32,45,56,101,97,129,148,180,46,137,41,50,52,78,105,123,171,94,189,60,146,46,45,135,104,127,186,78,98,126,170,105,178,92,119,199,82,162,55,148,153,180,185,57,69,81,91,101,124,158,201,54,58,72,101,127,54,76,96,196,150,193,56,109,148,103,157,61,117,132,158,63,108,142,108,129,64,73,101,133,148,73,91,152,67,87,128,86,81,114,71,89,137,130,73,89,115,157,207,91,147,84,124,145,155,170,127,132,159,170,83,86,148,77,184,115,156,79,110,95,101,131
17,101,128,19,49,136,92,112,15,87,115,118,12,52,157,170,60,117,177,13,44,92,111,72,127,138,69,119,158,10,35,38,80,122,147,46,7,41,59,134,158,19,47,174,31,124,155,168,5,148,6,55,126,151,15,0,94,8,159,14,125,150,156,169,47,66,102,122,133,10,132,173,9,22,71,99,113,47,69,124,177,19,72,49,82,116,170,73,148,154,38,151,59,102,66,81,145,18,68,87,46,19,107,24,171,30,24,73,171,74,26,36,76,128,30,27,56,29,72,102,32,139,45,50,118,120,178,36,36,45,87,84,114,134,166,38,122,38,42,44,65,91,109,157,81,174,50,132,43,45,121,91,113,171,66,85,112,156,92,163,80,105,185,71,148,51,134,139,166,171,53,61,70,79,89,111,144,186,53,54,63,89,113,55,66,84,181,137,179,57,96,134,91,144,60,104,119,145,62,97,129,96,116,64,67,90,120,135,67,81,138,66,78,116,78,74,102,69,81,124,118,71,81,103,144,193,82,134,78,112,132,142,156,115,120,146,157,78,80,135,79,170,104,143,81,100,88,93,120
97,18,37,106,49,44,14,22,103,15,24,26,96,45,64,77,37,25,84,87,52,10,20,25,34,45,26,26,64,87,60,57,16,29,53,48,89,53,35,40,64,113,47,80,63,30,61,74,89,54,100,39,32,57,109,94,0,86,65,80,31,56,62,75,47,28,9,28,39,102,38,79,89,73,24,9,20,49,28,31,83,110,25,47,18,24,77,26,55,60,61,58,40,17,34,22,52,101,33,19,55,100,23,86,79,116,105,34,78,34,91,74,35,40,110,98,53,102,40,29,89,52,68,63,37,38,87,116,83,73,37,39,38,49,76,89,43,101,86,84,57,41,40,70,47,85,78,52,103,111,48,47,46,84,65,51,47,72,49,78,58,49,97,67,67,103,59,62,82,86,100,82,70,62,56,52,66,100,113,100,80,58,53,117,78,62,96,63,94,118,58,64,64,70,115,61,61,71,115,65,65,66,63,120,97,71,64,69,100,79,71,118,85,66,87,94,70,114,86,70,70,118,90,73,77,111,90,74,99,74,75,78,85,74,74,81,86,105,103,78,136,96,82,82,136,85,99,93,80
20,94,120,25,42,128,84,104,21,79,107,110,16,45,150,163,52,109,169,11,37,84,104,64,119,130,62,111,150,8,27,30,72,114,139,39,7,34,51,126,150,27,39,166,23,116,147,160,4,140,14,47,118,143,23,8,86,0,151,6,117,142,148,161,39,58,94,114,125,17,124,165,7,14,63,91,105,39,61,116,169,26,64,41,74,108,162,65,140,145,30,143,51,94,58,73,137,21,60,79,38,22,99,20,163,35,27,65,162,66,24,30,68,120,33,27,49,30,64,94,29,131,39,43,110,112,170,40,32,39,79,76,107,126,158,35,114,38,38,40,58,83,101,149,73,166,46,124,43,46,113,84,106,163,60,78,104,148,85,155,73,98,177,65,140,50,126,131,158,163,51,56,64,73,82,103,136,178,54,52,58,82,106,56,61,77,173,129,171,58,89,127,84,136,60,97,112,137,62,90,121,90,108,65,64,84,113,128,65,76,131,66,73,109,73,70,95,68,76,117,111,70,77,97,136,185,78,127,74,105,125,135,149,108,113,139,149,75,77,128,80,163,98,136,82,95,84,88,113
161,62,36,171,113,29,70,50,168,74,47,44,161,109,13,17,101,45,22,151,117,69,49,89,34,23,90,41,9,152,125,122,79,38,14,113,154,118,100,26,6,178,112,16,128,35,6,10,154,11,165,104,33,8,174,159,65,151,0,145,34,9,3,10,112,93,57,37,26,167,27,15,154,138,88,60,46,113,91,36,20,175,88,111,79,45,16,88,17,13,125,16,103,60,96,81,21,166,94,76,118,164,57,149,23,180,168,93,24,92,155,136,91,42,174,161,113,165,97,67,152,37,130,124,54,52,34,179,145,134,86,90,60,45,34,150,55,163,147,144,114,86,69,39,97,41,137,53,164,172,63,91,70,44,120,98,73,46,92,47,107,82,52,120,53,162,61,58,50,50,158,138,123,111,101,80,57,55,173,159,135,102,79,177,132,109,55,64,55,178,98,69,107,64,173,95,81,66,173,105,76,106,88,178,152,115,85,75,155,127,74,175,135,91,137,146,107,170,135,88,94,174,139,109,78,73,139,85,150,103,87,81,75,102,98,80,76,157,154,89,193,76,118,86,193,124,146,137,106
24,88,114,30,37,122,79,98,27,74,101,104,21,40,144,157,47,103,164,13,31,78,98,58,114,124,56,105,144,11,22,25,67,108,133,33,11,28,46,120,144,34,34,160,18,110,141,154,10,134,20,41,112,137,29,14,80,6,145,0,111,136,142,155,33,52,88,108,119,22,118,159,10,9,57,85,99,33,54,110,163,31,58,35,68,101,156,59,133,139,24,137,45,88,52,66,131,25,54,73,32,25,93,19,157,39,30,59,156,60,24,26,62,114,37,29,44,32,59,88,28,125,35,38,104,106,164,43,30,35,73,70,101,120,152,34,108,39,36,37,53,77,95,143,68,160,42,118,43,47,108,78,100,157,56,73,98,142,79,149,68,92,171,60,134,50,120,125,152,157,50,53,60,68,77,98,130,172,55,51,55,76,100,57,57,72,167,123,165,59,84,121,79,130,61,92,106,131,62,85,116,85,103,65,62,79,108,122,63,72,125,66,69,103,70,68,91,68,73,111,106,70,73,92,131,179,75,121,72,100,119,129,143,103,108,133,143,73,75,123,82,157,94,130,83,91,81,85,108
127,31,18,137,80,20,38,21,134,42,19,17,127,75,35,47,67,16,54,118,83,36,18,55,11,17,57,12,34,118,91,88,46,9,24,79,120,84,66,11,34,144,78,49,94,5,30,43,120,23,131,70,3,26,140,125,31,117,34,111,0,25,31,44,78,59,23,4,8,133,8,48,120,104,54,26,13,79,57,7,52,141,55,78,45,14,46,54,25,30,91,28,69,27,63,48,24,132,61,43,85,130,27,116,49,146,135,60,49,59,121,103,59,24,140,127,80,132,65,38,118,30,96,91,31,30,58,145,112,101,55,59,37,33,50,117,35,130,114,111,82,57,44,46,67,59,105,40,132,139,44,63,48,59,89,69,50,50,64,55,78,57,71,89,50,130,49,49,59,62,126,106,93,82,73,57,51,74,141,127,104,74,57,145,101,80,71,53,70,145,72,56,80,57,141,70,62,59,141,79,61,80,67,146,121,88,66,62,124,99,63,144,106,71,108,116,82,139,107,71,74,143,110,85,69,88,110,71,121,81,73,71,72,81,78,72,73,128,124,75,161,80,94,76,162,99,118,110,86
152,53,29,162,104,23,61,42,159,66,39,36,152,100,16,24,92,36,30,143,108,60,41,80,25,16,82,33,13,143,116,113,71,29,9,104,145,109,91,17,11,169,103,25,119,26,7,19,145,4,156,95,24,3,165,150,56,142,9,136,25,0,6,19,103,84,48,28,17,158,18,23,145,129,79,51,37,104,82,27,28,166,79,102,70,36,22,79,11,11,116,12,94,51,87,72,15,157,85,67,109,155,48,140,28,171,159,84,28,83,146,127,83,35,165,152,104,156,88,59,143,31,121,115,46,45,38,170,136,125,77,81,53,39,35,141,47,154,138,135,105,77,61,37,89,43,128,47,156,163,56,83,63,46,111,90,65,44,84,46,99,74,55,111,49,153,55,53,50,51,150,129,114,103,93,72,52,58,164,150,127,94,71,168,123,100,57,59,57,169,90,63,99,60,165,87,75,62,164,97,70,98,81,169,143,107,78,69,146,119,69,167,126,84,129,138,99,162,127,82,87,165,131,102,73,75,130,79,142,96,81,76,72,95,91,76,73,149,145,83,184,75,111,82,184,117,138,129,99
158,59,34,168,110,27,67,48,165,72,45,42,158,106,14,20,98,42,25,148,114,66,47,86,31,21,88,38,10,149,122,119,77,35,13,110,151,115,97,23,7,175,109,19,125,32,5,13,151,9,162,101,30,6,171,156,62,148,3,142,31,6,0,13,109,90,54,34,23,164,24,17,151,135,85,57,43,110,88,33,22,172,85,108,76,42,17,85,14,11,122,13,100,57,93,78,18,163,91,73,115,161,54,146,24,177,165,89,25,89,152,133,88,39,171,158,110,162,94,64,149,34,126,121,51,49,35,176,142,131,82,87,57,43,34,147,52,160,144,141,110,83,65,37,94,41,134,51,161,169,60,88,67,44,117,95,70,45,89,46,104,79,52,116,51,159,59,56,49,49,155,135,120,108,98,77,55,55,170,156,132,99,76,174,129,106,55,61,55,175,95,66,104,62,170,92,79,64,170,102,74,103,85,174,149,112,82,72,152,124,72,172,132,88,134,143,104,167,132,85,91,171,136,106,76,73,135,82,147,100,85,79,73,99,95,78,74,154,150,86,189,75,116,84,189,122,143,134,103
171,72,46,181,123,38,80,60,178,84,57,54,171,119,18,14,111,55,15,161,127,79,59,99,43,33,100,51,15,162,135,132,89,48,24,123,164,128,110,36,13,188,122,8,138,45,15,5,164,21,175,114,43,18,184,169,75,161,10,155,44,19,13,0,122,103,67,47,36,177,37,6,164,148,98,70,56,123,101,46,11,185,98,121,89,55,10,98,25,19,135,22,113,69,106,91,29,176,104,85,128,174,66,159,19,190,178,102,21,101,165,146,101,50,184,171,123,175,106,76,161,43,139,133,62,60,30,188,155,144,95,99,68,52,34,160,62,173,156,154,123,95,77,41,106,39,147,59,174,182,70,100,78,43,129,107,80,48,101,48,116,89,48,128,57,171,67,63,50,49,168,147,132,120,109,87,61,51,182,168,144,110,86,186,141,117,52,69,53,187,106,74,115,69,182,102,88,70,182,112,82,114,94,187,160,123,91,80,164,136,79,184,143,98,145,155,114,179,144,94,100,183,147,117,82,70,147,90,159,110,92,85,77,108,104,84,78,166,162,93,201,77,126,90,201,132,154,145,112
52,57,82,61,18,90,47,66,57,42,69,72,50,16,111,124,18,70,131,41,14,46,65,27,81,92,25,73,112,41,16,14,34,76,100,9,43,10,14,87,111,66,7,127,17,77,108,121,42,101,53,9,79,104,62,47,47,39,112,33,78,103,109,122,0,19,55,75,86,55,85,126,42,26,24,52,66,6,22,77,130,63,25,8,35,69,123,27,100,106,16,104,16,55,21,35,98,55,24,40,16,53,60,40,124,70,59,30,124,31,47,32,33,81,65,53,25,57,32,57,46,93,31,29,73,74,131,70,42,36,45,43,70,88,119,47,77,59,46,45,36,50,66,111,44,128,43,87,62,69,78,53,71,125,43,50,70,111,54,118,49,65,139,47,103,64,91,95,121,126,62,52,49,51,55,71,100,141,73,63,52,55,73,76,52,54,136,94,134,78,61,92,60,101,76,69,80,102,77,65,89,65,78,81,66,63,82,94,68,62,97,81,63,79,64,67,71,79,66,87,82,83,68,74,103,148,69,95,73,80,94,103,115,82,85,106,115,77,76,98,98,128,78,105,99,77,78,77,88
70,39,64,79,26,71,30,48,76,26,51,53,69,21,92,105,16,52,112,59,26,28,47,13,62,73,11,54,93,60,34,31,17,57,82,22,62,26,11,68,92,85,20,108,36,58,89,102,61,82,72,12,60,85,81,66,28,58,93,52,59,84,90,103,19,0,36,56,67,74,66,107,61,45,6,33,47,21,6,58,111,82,9,20,17,50,104,12,82,88,33,85,15,37,13,18,79,73,14,24,28,72,43,58,106,88,77,20,105,21,64,47,24,63,83,70,30,75,26,41,62,75,43,39,56,57,113,88,57,48,34,34,54,71,101,62,61,75,60,58,39,39,51,93,37,110,54,71,77,85,62,44,57,108,47,43,56,93,46,101,46,53,121,50,87,78,75,79,104,108,75,60,53,49,49,59,84,123,88,76,59,50,60,92,58,51,119,79,116,93,54,78,56,86,90,60,68,87,91,60,75,60,68,95,76,61,71,81,78,64,84,94,68,69,69,75,66,91,70,76,73,95,73,69,90,132,74,83,80,73,83,90,100,74,76,93,101,85,84,86,112,113,75,92,113,76,83,79,80
105,21,32,115,58,38,21,20,111,23,21,23,104,53,57,70,46,21,76,95,61,18,17,34,28,38,35,21,57,96,69,66,25,23,46,57,97,62,44,33,57,121,56,72,71,23,53,66,97,46,108,47,25,49,117,102,9,94,57,88,23,48,54,67,55,36,0,20,31,110,30,71,97,81,31,4,11,56,34,23,75,118,32,54,22,15,68,31,46,52,68,49,46,11,40,26,44,109,38,21,62,107,16,93,70,123,112,38,70,38,98,80,38,32,117,105,58,109,44,25,96,43,74,69,30,30,78,122,89,79,37,40,32,41,68,95,35,108,92,89,61,40,35,61,48,77,83,44,109,117,41,47,41,75,68,52,42,63,49,70,60,46,88,69,59,108,52,54,73,77,105,86,73,64,57,48,58,91,119,105,84,58,49,123,81,63,87,56,85,123,57,57,64,62,120,59,56,64,120,64,59,66,59,124,101,72,60,62,104,81,64,123,87,62,89,97,69,118,88,65,66,122,92,72,71,102,92,69,102,71,69,72,78,71,70,74,79,108,105,73,140,88,81,76,141,85,101,94,77
125,30,21,134,77,23,36,21,131,40,19,18,124,73,38,51,65,16,57,115,80,34,18,53,14,21,54,12,38,116,89,86,43,11,27,77,117,81,64,15,37,141,75,53,91,7,34,47,117,27,128,67,6,29,137,122,28,114,37,108,4,28,34,47,75,56,20,0,11,130,10,51,117,101,51,23,9,76,54,5,55,138,51,74,42,11,49,51,27,32,88,30,66,24,59,45,25,129,57,39,81,127,23,112,51,143,131,56,51,56,118,99,56,22,137,124,77,128,61,35,115,30,93,87,28,28,59,142,109,98,52,55,34,32,51,114,32,127,110,108,78,53,40,46,63,60,101,38,128,136,41,59,45,59,85,65,47,50,61,56,74,54,72,85,49,126,47,48,59,62,123,103,89,78,69,54,49,75,137,123,101,71,54,141,98,77,71,51,70,142,68,54,76,56,138,67,59,58,138,75,59,77,64,142,117,84,63,60,121,95,61,140,102,68,104,113,79,136,103,68,71,139,107,82,67,88,107,69,117,78,70,69,71,78,75,70,72,124,121,73,158,79,91,74,158,96,115,107,83
136,39,21,145,88,19,46,28,142,50,25,23,135,84,29,40,76,23,46,126,91,44,26,63,14,14,65,18,28,126,100,97,54,16,18,88,128,92,75,9,27,152,86,42,102,11,23,36,128,16,139,78,9,19,148,133,39,125,26,119,8,17,23,36,86,67,31,11,0,141,2,40,128,112,62,34,20,87,65,10,44,149,62,85,53,20,38,62,17,22,99,20,77,34,70,55,16,140,68,50,92,138,32,123,41,154,142,67,41,66,129,110,66,23,148,135,87,139,72,43,126,26,104,98,33,32,50,153,119,108,61,65,39,31,42,124,36,137,121,118,88,62,47,40,73,52,112,39,139,147,45,68,50,52,95,74,52,45,69,50,83,60,64,95,46,136,48,47,53,56,133,113,98,87,78,59,48,66,147,133,110,79,59,151,107,85,64,52,63,152,76,55,84,55,148,74,64,57,148,83,61,84,69,152,127,92,68,62,130,104,62,150,111,73,113,122,86,145,112,72,76,149,115,89,67,81,115,71,126,84,73,70,69,83,80,70,70,133,130,75,168,75,98,75,168,103,123,115,88
24,110,137,21,59,145,101,121,19,96,123,126,19,62,166,179,69,125,186,23,53,100,120,80,136,147,78,128,167,20,44,47,89,131,156,55,17,50,68,142,166,15,56,182,40,132,163,176,15,156,7,63,134,159,9,10,102,17,167,22,133,158,164,177,55,74,110,130,141,0,140,181,13,29,79,107,121,54,76,132,185,9,79,56,89,123,178,80,155,161,44,158,66,109,73,88,152,11,75,94,51,14,114,24,179,20,17,79,178,80,24,39,81,134,22,22,61,23,77,108,30,146,48,53,125,126,185,28,36,46,92,89,121,140,172,37,129,33,41,43,68,96,115,163,85,180,51,138,38,38,127,95,119,177,69,89,117,162,96,169,83,110,191,73,153,47,139,144,172,177,49,60,72,82,92,116,149,193,47,50,63,92,118,48,66,87,187,142,185,50,99,139,93,149,54,108,123,149,56,99,133,99,119,58,65,92,124,140,64,82,143,60,77,119,77,72,104,64,80,128,121,65,80,105,148,198,82,138,76,115,136,146,161,118,123,150,161,74,77,139,72,175,105,147,74,101,86,92,122
135,39,23,145,88,21,46,29,141,50,26,24,134,83,31,42,75,23,48,125,90,44,26,63,16,16,65,19,30,126,99,96,54,16,20,87,127,92,74,11,28,151,86,43,101,12,25,37,127,18,138,77,9,20,147,132,38,124,27,118,8,18,24,37,85,66,30,10,2,140,0,41,127,111,61,33,19,86,64,9,45,148,61,84,51,18,38,60,17,22,97,20,76,32,69,54,16,138,67,48,91,137,30,122,41,153,141,65,41,65,127,109,64,21,147,134,86,138,70,41,124,24,102,96,31,30,50,151,118,107,59,63,37,29,42,123,34,136,119,117,87,60,45,39,71,51,110,37,137,145,42,66,48,51,93,72,50,43,67,48,81,58,63,93,45,135,46,45,52,55,131,111,97,85,76,57,46,66,146,132,109,77,57,150,106,83,63,49,62,151,74,53,82,53,146,72,61,55,146,81,59,82,67,151,125,90,65,59,128,102,60,149,109,70,111,120,84,144,110,69,74,147,113,86,65,80,113,69,125,82,71,68,67,81,78,68,68,132,128,73,166,74,96,73,166,101,121,113,86
176,77,51,185,128,43,84,65,182,89,62,59,175,123,24,18,115,59,17,166,131,84,64,103,48,38,105,56,21,167,140,137,94,53,29,128,168,132,115,41,19,192,126,10,142,50,20,10,168,26,179,118,48,23,188,173,79,165,15,159,48,23,17,6,126,107,71,51,40,181,41,0,168,152,102,74,60,127,105,49,5,189,102,125,92,58,7,101,27,21,138,24,116,73,109,95,31,179,108,89,132,177,69,163,15,194,182,105,17,105,168,149,104,52,187,174,126,178,109,78,165,44,142,136,64,62,25,192,158,147,97,101,70,53,31,163,64,176,159,157,125,97,78,39,108,35,149,60,177,185,71,102,79,40,131,109,81,47,103,45,118,91,43,131,56,174,67,63,47,46,170,149,134,122,111,88,60,46,185,171,147,112,87,189,143,119,48,69,49,190,107,74,117,68,185,103,88,69,185,114,82,115,95,189,163,124,92,79,166,137,78,187,145,98,147,157,115,181,145,94,101,185,149,118,81,65,148,89,161,111,92,84,76,109,104,83,76,168,164,93,204,74,126,89,204,133,156,146,112
25,98,124,27,47,132,89,108,24,83,111,114,20,50,153,166,57,112,173,17,42,88,107,68,123,134,66,115,154,14,32,35,76,118,143,43,12,38,55,130,153,26,43,169,28,119,150,163,9,143,14,51,121,146,21,9,89,7,154,10,120,145,151,164,42,61,97,117,128,13,127,168,0,16,66,94,108,41,63,119,172,21,66,43,76,110,165,67,142,148,31,145,53,96,60,75,139,15,62,81,39,15,101,15,166,29,21,66,165,67,18,28,69,121,27,21,49,24,65,96,24,133,37,42,112,114,172,33,28,36,80,76,108,127,159,30,116,31,33,35,57,83,102,150,73,167,42,125,36,39,114,83,106,164,58,78,105,149,84,156,72,98,178,62,141,44,127,132,159,164,45,52,62,71,81,103,137,180,47,46,54,80,106,49,57,75,174,129,172,51,88,127,82,136,54,96,111,137,56,88,121,88,108,58,59,81,113,127,59,73,131,60,69,108,69,66,94,62,72,116,110,64,72,95,136,185,74,126,70,104,124,134,148,107,111,138,149,70,72,127,74,163,96,135,75,92,79,84,111
33,83,108,39,34,116,73,92,35,68,95,98,29,36,137,150,42,97,157,21,28,72,92,52,107,118,50,99,138,20,19,21,61,102,127,28,20,23,40,114,138,41,28,153,14,103,134,147,18,127,28,35,105,130,37,22,73,14,138,9,104,129,135,148,26,45,81,101,112,29,111,152,16,0,50,78,92,25,47,103,156,37,50,27,60,94,149,51,126,132,16,129,37,80,44,59,123,29,46,65,24,28,85,17,150,44,33,51,149,52,23,19,53,106,39,29,35,33,50,80,25,117,27,30,96,98,156,45,25,28,65,62,92,112,144,30,100,37,31,32,45,69,87,135,59,152,36,110,42,47,99,69,91,149,47,64,90,134,70,141,59,83,163,52,126,47,112,117,144,149,47,46,52,60,68,89,122,164,53,48,48,68,91,56,50,64,159,115,157,58,75,112,71,122,59,83,98,123,60,76,107,76,94,64,57,71,99,113,58,64,116,64,62,95,63,62,82,65,65,103,97,67,66,84,122,170,68,113,66,92,111,121,134,95,99,125,135,68,69,114,80,149,86,122,81,83,75,77,100
76,38,61,85,33,68,29,45,81,25,47,50,74,28,88,101,22,48,108,65,33,26,43,16,58,69,15,50,88,66,40,37,17,53,77,28,67,32,17,64,88,91,26,104,41,54,85,98,67,78,77,18,56,80,86,71,24,63,88,57,54,79,85,98,24,6,31,51,62,79,61,102,66,50,0,28,42,25,4,53,106,87,3,23,11,44,99,6,76,82,37,79,16,31,11,12,74,78,11,17,31,76,36,62,100,92,81,16,99,17,67,50,19,57,86,74,30,78,23,35,65,69,45,40,49,51,107,91,60,50,28,28,47,64,95,65,54,77,62,60,37,34,45,87,33,104,55,64,80,87,56,39,50,101,45,39,50,87,41,94,43,47,115,48,80,79,69,73,97,102,77,60,51,46,45,52,77,117,90,77,59,46,54,94,57,48,112,72,110,95,49,71,52,79,92,55,62,81,92,55,69,56,62,97,76,58,65,75,79,62,77,95,66,64,68,74,61,92,68,70,67,96,72,64,84,126,72,77,79,67,77,83,94,69,71,87,95,85,83,80,113,107,71,86,114,73,81,77,75
103,24,36,112,56,42,22,24,109,24,25,27,102,52,61,73,44,25,80,93,59,19,21,32,32,42,34,25,61,93,66,64,24,27,50,55,95,59,42,37,60,119,53,76,69,27,57,70,94,50,105,45,28,53,114,99,9,91,60,85,26,51,57,70,52,33,4,23,34,107,33,74,94,78,28,0,14,53,31,25,78,115,28,51,19,17,71,28,48,54,64,51,43,8,36,22,46,105,34,17,58,104,14,89,72,120,108,34,72,34,95,76,34,32,114,101,54,105,40,22,92,44,70,65,28,29,80,119,86,75,33,36,30,41,69,91,34,104,88,85,57,36,32,62,44,78,79,44,105,113,40,43,38,76,64,47,39,63,45,70,55,42,89,65,59,104,51,53,74,78,101,82,69,60,52,45,57,92,115,101,80,54,46,119,77,59,88,55,86,120,53,56,60,61,116,55,53,63,116,60,57,62,56,120,97,67,57,60,100,77,62,119,83,59,85,93,65,114,84,62,63,118,88,68,69,102,88,66,98,67,67,70,77,68,67,72,78,104,101,70,136,88,77,74,137,81,96,90,74
116,27,27,126,70,31,30,21,123,34,20,20,116,65,48,60,57,18,66,106,72,28,17,45,21,30,46,16,47,107,80,77,36,17,37,68,109,73,55,24,47,132,67,62,83,15,43,56,108,36,119,59,15,39,128,113,20,105,46,99,13,37,43,56,66,47,11,9,20,121,19,60,108,92,42,14,0,67,45,11,64,129,42,65,32,5,57,41,35,40,78,38,57,14,50,35,32,119,48,30,72,118,15,103,59,134,122,47,58,46,109,90,46,22,128,115,67,119,52,27,106,33,84,78,24,24,66,132,99,88,43,46,28,32,56,104,29,117,101,98,69,45,34,50,54,66,92,37,119,127,37,51,39,64,76,57,41,53,52,59,65,47,77,76,50,117,45,47,63,67,113,94,80,70,61,47,50,80,128,114,91,62,48,132,89,68,76,49,75,132,60,52,68,55,128,60,54,57,128,67,55,69,58,133,108,76,58,57,111,86,59,131,93,62,95,104,71,126,94,63,66,130,98,74,65,92,98,65,108,72,66,67,71,72,70,68,72,115,112,69,149,80,84,71,149,88,106,98,77
54,60,85,62,24,92,51,69,58,46,71,74,51,22,113,126,24,73,133,42,19,49,68,31,83,94,29,75,113,42,20,18,38,78,102,15,43,15,19,89,113,66,13,129,19,79,110,123,42,103,53,13,81,105,62,47,49,39,113,33,79,104,110,123,6,21,56,76,87,54,86,127,41,25,25,53,67,0,22,78,131,62,25,3,35,69,124,26,101,107,12,104,13,55,19,34,98,53,22,40,10,51,60,37,125,67,56,27,124,28,43,27,30,81,62,49,19,54,28,56,42,92,26,23,71,73,131,67,37,30,42,40,68,87,119,43,76,54,41,40,31,47,64,110,39,127,38,86,57,64,76,49,68,124,37,45,67,109,50,117,43,62,138,41,102,59,89,93,120,124,57,46,43,45,50,67,98,140,68,57,46,51,70,72,46,48,135,91,132,73,57,90,55,99,71,64,76,100,72,60,85,60,74,76,60,58,78,91,63,56,94,76,57,75,58,61,66,74,60,83,78,77,62,68,100,147,63,92,67,75,91,99,112,77,81,103,113,71,70,94,93,126,73,101,94,72,72,71,83
74,41,64,83,32,71,33,49,79,28,51,54,72,27,91,104,22,52,111,63,31,30,47,18,62,72,17,54,92,63,38,35,20,56,81,27,65,30,17,67,91,88,25,107,39,57,88,101,64,81,75,16,59,84,83,69,28,61,91,54,57,82,88,101,22,6,34,54,65,76,64,105,63,47,4,31,45,22,0,56,109,84,3,20,13,47,102,6,79,85,33,82,13,34,8,13,76,74,8,19,28,73,39,58,103,89,77,14,102,15,64,46,17,59,83,70,27,75,20,36,62,71,41,36,51,53,109,88,56,46,28,27,49,66,98,61,56,74,59,57,34,33,45,89,31,106,52,66,76,84,57,38,51,103,42,37,50,89,40,96,40,47,117,45,82,76,70,74,99,104,73,57,48,44,43,52,79,119,86,74,56,44,54,90,54,45,114,73,112,91,48,72,50,80,88,54,62,82,89,53,70,54,61,93,72,55,65,75,75,59,78,92,63,63,65,71,60,88,65,69,67,92,68,62,84,127,69,77,76,66,77,84,95,68,70,87,96,82,80,80,110,108,69,86,110,70,78,74,74
128,35,25,137,81,26,40,26,134,44,24,23,127,76,39,51,68,22,57,118,83,38,23,56,18,23,58,18,38,118,91,88,47,16,28,79,120,84,66,17,37,144,78,52,94,12,33,46,120,26,130,70,10,29,139,124,31,116,36,110,7,27,33,46,77,58,23,5,10,132,9,49,119,103,53,25,11,78,56,0,53,140,53,76,43,9,46,52,23,29,89,26,67,24,60,46,21,130,59,40,82,128,22,114,48,145,133,57,47,56,119,100,56,17,138,125,77,130,61,33,116,24,94,88,24,23,56,143,109,98,51,55,30,26,46,114,28,127,111,108,78,52,37,41,62,55,102,33,129,137,37,58,41,55,85,64,43,45,59,50,73,51,67,85,44,126,42,42,54,57,123,102,88,77,67,50,44,70,137,123,100,69,50,141,97,75,67,46,65,142,66,49,74,50,138,64,55,52,138,73,54,74,60,142,117,82,59,55,120,94,56,140,101,64,103,112,76,135,102,64,68,139,105,79,62,83,105,64,116,75,66,64,66,74,72,65,66,123,120,68,157,74,88,69,157,94,113,105,79
180,81,56,190,132,48,89,70,186,94,67,64,179,128,29,22,120,64,20,170,135,88,69,108,53,43,109,60,25,171,144,141,98,57,34,132,173,137,119,45,24,196,131,13,146,54,25,15,172,31,183,122,52,28,192,177,83,169,20,163,52,28,22,11,130,111,75,55,44,185,45,5,172,156,106,78,64,131,109,53,0,193,106,129,96,62,8,105,30,24,142,27,120,76,113,98,34,183,111,92,135,181,73,166,14,197,186,109,16,108,172,153,107,55,191,178,129,182,113,81,168,46,146,140,67,65,22,195,162,150,100,104,73,55,30,166,66,179,163,160,129,100,81,39,111,33,153,62,180,188,73,104,81,38,134,111,84,46,105,44,121,93,40,133,56,177,68,64,46,44,173,152,137,125,113,90,61,43,188,174,150,115,89,192,146,122,45,69,47,193,110,74,119,68,188,105,90,69,188,116,83,117,97,192,165,127,93,80,169,140,78,190,147,100,150,159,117,184,148,95,102,188,151,119,81,62,151,90,163,112,93,84,75,110,105,83,76,170,166,93,207,72,128,89,206,135,158,148,113
31,119,145,25,68,153,110,129,24,105,132,135,27,71,174,187,78,134,194,31,62,109,129,89,144,155,87,136,175,29,53,56,97,139,164,64,26,59,76,151,175,14,65,191,49,141,171,184,24,164,15,72,142,167,10,19,110,26,175,31,141,166,172,185,63,82,118,138,149,9,148,189,21,37,87,115,129,62,84,140,193,0,87,64,97,131,186,88,163,169,51,166,73,117,80,95,160,12,82,101,59,15,121,29,186,13,15,86,185,87,27,44,88,142,17,23,67,22,84,116,33,153,53,59,132,134,192,22,40,51,99,95,127,147,180,39,136,32,43,46,74,102,122,170,91,188,54,145,37,35,133,101,125,184,73,95,123,169,102,176,88,116,198,77,160,46,146,151,179,184,49,63,76,87,98,121,156,199,44,50,66,97,124,44,70,91,194,148,191,46,105,145,98,155,51,113,129,156,54,104,139,104,125,55,65,96,130,145,65,85,149,57,80,124,79,73,109,62,83,133,126,63,82,110,154,204,84,143,76,119,141,152,166,122,127,156,167,74,78,144,67,181,109,152,69,104,87,94,126
77,40,62,86,35,69,31,47,82,27,49,51,75,30,89,101,24,50,108,66,34,28,45,19,59,70,18,51,89,66,41,38,19,54,78,30,68,34,19,65,88,91,28,104,42,55,85,98,67,78,78,19,56,81,87,72,25,64,88,58,55,79,85,98,25,9,32,51,62,79,61,102,66,50,3,28,42,25,3,53,106,87,0,23,10,44,99,3,76,82,36,79,15,30,9,10,73,77,9,16,30,76,35,61,100,92,80,13,99,14,67,49,16,56,86,73,28,77,20,33,64,68,43,38,48,50,106,91,58,48,26,25,45,63,94,64,53,76,61,59,35,31,42,86,30,103,54,63,78,86,54,36,48,100,43,36,48,86,38,93,40,45,114,45,79,78,67,71,96,101,75,58,48,43,42,50,76,116,88,75,57,43,52,92,55,45,111,70,109,93,47,69,49,77,90,52,59,79,90,52,67,53,59,95,74,55,62,72,76,59,75,94,64,61,65,72,58,90,66,67,65,94,69,61,81,124,69,75,77,65,74,81,92,66,68,84,93,83,80,78,111,105,68,84,112,70,78,74,72
56,59,83,64,26,91,50,68,61,45,70,73,54,23,111,124,25,71,131,45,22,48,66,30,81,92,28,73,112,45,23,21,37,76,101,17,46,17,19,87,111,69,15,127,22,77,108,121,45,101,55,14,79,104,64,49,47,41,111,35,78,102,108,121,8,20,54,74,85,56,84,125,43,27,23,51,65,3,20,76,129,64,23,0,33,67,122,24,99,105,13,102,10,53,17,31,96,54,19,37,9,53,58,38,122,69,57,24,122,26,44,27,27,78,63,51,17,55,25,53,42,90,25,22,69,71,129,68,37,30,39,37,66,84,116,43,73,55,41,40,28,44,61,108,36,125,37,83,58,65,73,46,66,122,35,42,64,107,48,114,41,59,135,39,99,59,86,90,117,122,57,44,41,43,48,65,95,137,68,57,44,48,67,72,44,46,132,89,130,73,54,87,52,96,71,61,74,97,72,57,83,58,71,76,59,55,76,89,62,54,92,76,55,72,57,60,64,73,58,80,75,77,61,66,98,144,62,89,65,72,88,97,109,75,78,100,110,70,69,91,93,123,70,98,94,69,70,69,80
87,35,54,96,43,60,28,40,92,25,41,44,85,38,80,92,32,42,99,76,44,24,37,23,51,61,23,43,80,76,51,48,19,45,69,39,78,43,28,56,79,101,38,94,52,46,76,88,77,68,88,29,47,71,97,82,18,74,79,68,45,70,76,89,35,17,22,42,53,89,51,92,76,60,11,19,32,35,13,43,96,97,10,33,0,34,89,9,66,72,46,69,24,20,17,4,63,87,16,6,39,85,25,71,89,101,90,16,89,16,76,58,17,46,95,82,36,87,23,24,73,58,52,46,38,40,96,100,67,56,22,24,36,53,84,72,43,85,69,67,40,27,34,76,30,93,61,53,87,95,45,33,40,90,47,35,40,76,35,83,41,39,104,49,69,85,58,62,86,91,82,64,52,45,41,43,66,106,96,83,62,42,45,100,60,45,101,62,99,101,44,61,49,69,98,48,53,70,98,50,59,52,53,102,79,55,56,64,82,62,67,101,67,56,69,76,56,97,69,61,60,100,72,59,74,114,73,68,81,61,68,73,83,62,63,77,84,88,85,71,118,96,67,77,119,70,82,76,68
120,33,30,129,73,34,35,26,126,38,25,25,118,68,48,60,61,23,66,109,75,33,22,49,24,31,50,20,47,110,83,80,40,20,37,71,111,76,59,25,46,135,70,61,85,17,43,55,111,36,122,61,17,38,131,116,24,108,45,101,14,36,42,55,69,50,15,11,20,123,18,58,110,94,44,17,5,69,47,9,62,131,44,67,34,0,55,43,32,38,80,35,58,14,51,36,29,121,49,30,73,119,13,104,56,135,123,47,55,47,110,91,46,17,129,116,68,120,52,24,107,28,84,78,19,19,63,134,100,89,41,45,24,27,52,105,24,118,101,99,69,43,30,46,53,61,92,32,119,127,32,49,35,60,75,55,36,48,50,55,64,43,73,75,45,117,40,41,58,62,113,93,79,68,59,43,44,75,128,114,91,60,44,132,88,66,72,44,70,133,57,46,66,50,128,57,49,52,128,65,50,66,54,133,107,74,54,52,111,85,53,131,92,58,94,103,68,126,93,58,61,129,96,71,60,87,96,60,107,68,61,61,65,68,65,63,66,114,110,64,148,75,80,66,148,85,104,96,73
173,76,51,183,126,44,83,64,180,88,61,59,173,121,27,24,113,59,24,163,129,82,63,101,48,38,103,55,23,164,137,134,92,52,30,125,166,130,112,40,21,190,124,16,140,48,21,15,166,26,176,116,46,23,185,170,77,162,16,156,46,22,17,10,123,104,68,49,38,178,38,7,165,149,99,71,57,124,102,46,8,186,99,122,89,55,0,98,23,17,135,20,113,69,106,91,26,176,104,85,128,174,65,159,9,190,178,102,11,101,165,146,100,47,184,171,122,175,105,74,161,38,138,132,59,57,20,188,154,143,93,97,65,47,24,159,58,172,155,152,121,92,73,32,104,29,145,54,173,181,65,97,74,33,127,104,76,40,97,39,113,85,38,126,49,170,60,57,41,40,166,145,129,117,106,82,54,41,181,166,142,107,81,185,139,114,42,62,43,185,102,67,111,61,180,98,82,63,180,108,76,110,89,184,158,119,86,73,161,132,72,182,140,92,142,152,109,176,140,88,95,180,144,112,74,60,143,83,155,105,86,78,69,103,98,76,70,163,158,86,199,67,121,83,199,127,150,141,106
79,41,62,88,38,69,33,47,84,30,49,52,77,33,89,101,27,50,108,68,37,30,45,22,59,70,21,51,89,68,43,40,22,54,78,32,69,36,22,65,88,93,30,103,44,54,85,97,69,77,79,22,56,80,88,73,26,65,88,59,54,79,85,98,27,12,31,51,62,80,60,101,67,51,6,28,41,26,6,52,105,88,3,24,9,43,98,0,75,81,37,78,15,29,9,8,72,78,7,14,30,76,34,62,98,92,81,10,98,11,67,49,13,55,86,73,27,78,17,31,64,66,43,38,46,48,105,91,58,48,22,22,43,61,93,63,51,76,60,58,33,28,40,84,27,101,53,60,78,86,51,33,45,98,41,33,45,84,35,91,37,42,112,43,77,77,64,69,94,99,74,57,46,41,39,47,73,114,88,75,55,40,49,92,53,42,109,68,107,93,43,67,46,75,89,49,56,76,90,49,64,50,56,94,72,52,59,69,75,57,72,93,61,58,63,70,55,89,64,64,61,92,67,58,79,122,67,72,75,61,71,78,89,63,65,81,90,81,79,75,110,102,65,81,111,67,76,72,69
151,56,35,160,104,30,62,45,157,66,42,40,150,99,27,34,91,39,38,141,107,61,43,79,30,24,81,35,24,141,115,112,70,32,20,103,143,108,90,22,21,167,101,32,117,28,18,26,143,15,154,93,25,15,163,148,55,140,17,133,25,11,14,25,100,82,46,27,17,155,17,27,142,126,76,48,35,101,79,23,30,163,76,99,66,32,23,75,0,6,112,3,90,46,83,68,4,153,81,62,105,151,43,136,24,167,155,79,24,78,142,123,77,26,161,148,99,152,83,52,138,20,115,109,38,36,33,165,131,120,70,74,44,28,27,136,38,149,132,130,98,70,52,26,82,36,122,36,150,158,46,75,54,37,104,82,56,33,76,36,91,65,48,104,38,147,44,42,40,41,143,122,107,95,85,63,41,50,158,144,120,86,62,162,116,93,49,47,48,163,81,52,91,49,158,78,64,51,158,88,60,89,71,162,136,98,68,58,139,111,58,160,119,74,121,130,90,155,119,71,77,158,123,92,62,66,122,68,134,86,70,65,61,85,81,65,62,141,137,72,177,64,102,70,177,108,130,120,89
157,61,39,166,110,33,68,50,163,72,47,44,156,105,25,30,97,44,34,147,112,66,48,85,34,27,87,40,22,147,121,118,76,37,21,109,149,113,96,26,19,173,107,27,123,33,16,22,149,16,160,99,30,14,169,154,60,145,13,139,30,11,11,19,106,88,52,32,22,161,22,21,148,132,82,54,40,107,85,29,24,169,82,105,72,38,17,81,6,0,118,3,96,52,89,74,9,159,87,68,111,157,49,142,19,173,161,85,19,84,147,129,83,31,167,154,105,158,88,57,144,24,121,115,43,41,28,171,137,126,76,80,49,33,24,142,43,155,138,136,104,76,57,26,87,32,128,40,156,164,51,81,59,34,110,87,61,33,81,35,97,70,44,109,40,153,48,45,38,39,149,128,113,101,90,67,43,47,164,149,126,91,66,168,122,98,46,50,45,169,86,55,96,51,164,83,69,53,164,93,63,94,75,168,142,103,72,61,145,116,61,166,124,79,126,136,95,160,124,75,81,164,128,97,64,64,127,71,140,91,74,68,62,89,85,67,63,147,143,75,183,64,106,73,182,112,135,125,93
48,72,97,54,31,104,63,81,51,58,83,86,44,31,125,137,35,85,144,36,25,61,80,43,95,106,40,87,125,35,21,21,50,89,114,23,36,20,31,101,124,57,22,140,17,91,121,134,34,114,44,25,92,117,52,38,61,30,125,24,91,116,122,135,16,33,68,88,99,44,97,138,31,16,37,64,78,12,33,89,142,51,36,13,46,80,135,37,112,118,0,115,22,66,29,44,109,41,31,50,8,39,70,25,135,56,44,35,134,36,31,16,38,91,50,37,20,42,34,65,30,102,17,17,81,83,141,55,25,21,49,46,77,96,129,31,85,42,30,29,30,53,72,120,44,137,29,94,45,52,84,54,76,134,35,49,74,118,55,126,45,68,147,39,110,48,96,101,128,133,46,38,40,45,53,74,106,149,57,47,39,53,76,60,40,49,144,99,141,62,60,97,56,106,60,68,82,107,61,62,92,62,79,65,52,57,84,98,54,53,101,65,52,79,53,54,68,64,55,87,82,67,57,70,107,155,58,97,60,77,95,105,119,80,84,109,119,63,63,99,82,133,72,106,83,70,66,67,85
154,59,38,164,107,33,65,48,160,69,45,43,153,102,27,33,94,42,37,144,110,64,46,82,33,26,84,38,23,145,118,115,73,35,21,106,146,111,93,25,21,170,105,30,120,31,18,25,146,16,157,96,28,15,166,151,58,143,16,137,28,12,13,22,104,85,49,30,20,158,20,24,145,129,79,51,38,104,82,26,27,166,79,102,69,35,20,78,3,3,115,0,93,49,86,71,6,156,84,65,108,154,45,139,21,170,158,81,21,81,144,126,80,28,164,151,102,155,85,54,141,21,118,112,40,38,30,168,134,123,73,77,46,30,24,139,40,152,135,132,101,72,54,25,84,33,125,38,153,161,48,77,55,34,107,84,58,32,78,35,94,67,45,106,38,150,45,43,38,39,146,125,110,98,87,64,41,48,161,146,122,88,63,165,119,95,46,48,46,165,83,53,93,49,161,80,66,51,160,90,61,91,72,165,138,100,69,59,142,113,58,163,121,76,123,133,92,157,121,72,78,160,125,94,62,64,124,69,136,88,71,65,60,86,82,65,61,144,140,73,179,63,103,71,179,109,132,122,90
66,54,77,74,32,84,45,61,71,40,64,66,64,28,104,116,26,64,123,55,29,42,60,28,74,84,26,66,104,55,32,30,32,69,93,24,56,26,20,80,103,78,21,119,32,69,100,112,55,93,65,16,71,95,74,59,40,51,103,45,69,94,100,113,16,15,46,66,77,66,76,116,53,37,16,43,57,13,13,67,120,73,15,10,24,58,113,15,90,96,22,93,0,44,7,22,87,63,9,28,15,61,48,46,113,77,65,14,112,16,52,34,18,69,71,58,15,63,17,43,49,80,29,24,59,61,119,76,43,34,30,28,56,75,107,49,64,61,46,44,25,35,51,98,28,115,40,73,64,71,63,37,56,112,32,34,55,97,39,104,35,50,126,36,89,63,76,80,107,112,61,45,38,37,40,55,85,127,74,61,44,40,57,78,43,40,122,79,120,79,46,77,46,86,76,53,64,87,76,50,73,51,62,81,61,49,67,79,63,51,82,80,53,64,55,60,56,76,56,71,67,80,59,59,88,134,59,80,65,64,79,87,100,67,70,91,100,70,69,82,97,113,64,89,98,64,68,66,72
107,32,40,116,62,45,31,31,113,32,31,32,106,57,62,74,49,30,80,96,63,27,27,38,35,44,39,29,61,97,71,68,30,30,51,59,98,63,47,39,60,121,57,75,72,29,57,69,97,50,108,49,30,52,117,102,17,94,60,88,27,51,57,69,55,37,11,24,34,109,32,73,96,80,31,8,14,55,34,24,76,117,30,53,20,14,69,29,46,52,66,49,44,0,37,22,43,107,35,16,59,105,6,90,69,121,109,33,68,32,96,77,32,26,115,102,54,106,38,14,92,38,70,64,21,22,76,119,86,74,28,32,22,34,64,90,26,104,87,84,55,31,24,56,40,73,78,36,105,113,31,37,30,71,61,42,31,57,39,64,51,35,84,62,52,103,43,46,67,72,99,79,65,55,47,37,50,86,114,100,77,48,38,118,74,54,82,47,80,118,47,47,54,53,114,48,45,55,114,54,49,56,48,119,94,62,49,52,97,72,54,117,79,51,81,89,59,112,80,54,55,115,84,62,61,96,83,58,94,60,59,62,69,60,59,64,70,101,97,62,134,80,71,66,134,75,92,85,66
73,49,71,81,35,77,40,56,78,36,58,60,71,31,97,110,27,59,116,62,33,37,54,26,68,78,25,60,97,61,38,35,28,62,86,28,63,31,22,73,96,85,26,112,38,63,93,106,62,86,72,19,64,89,81,66,34,58,96,52,63,87,93,106,21,13,40,59,70,73,69,109,60,44,11,36,50,19,8,60,113,80,9,17,17,51,106,9,83,89,29,86,7,37,0,15,80,70,2,21,22,68,41,53,106,84,72,9,105,10,59,40,12,62,78,65,19,69,13,36,56,73,34,29,52,54,112,83,50,39,24,22,49,68,100,55,57,68,52,50,26,29,44,91,25,108,44,66,69,77,56,33,49,105,34,31,48,90,34,97,33,44,119,37,82,69,69,74,100,105,66,49,40,36,37,50,79,121,79,66,48,38,52,83,46,38,115,72,113,84,42,71,43,80,81,49,59,81,81,47,67,48,57,86,64,48,61,73,67,51,76,84,55,59,57,63,53,81,57,66,62,84,60,56,82,127,61,74,68,61,73,81,93,63,65,85,94,74,72,77,102,107,62,84,103,63,70,66,69
87,39,58,95,45,64,32,44,92,30,45,48,85,40,83,95,34,46,102,76,44,29,41,26,54,64,26,47,83,76,51,48,23,49,72,40,77,43,29,59,82,100,38,97,52,49,78,91,76,71,87,29,50,74,95,81,22,73,81,66,48,72,78,91,35,18,26,45,55,88,54,95,75,59,12,22,35,34,13,46,98,95,10,31,4,36,91,8,68,74,44,71,22,22,15,0,65,85,13,6,37,83,26,68,91,99,87,12,90,12,74,55,13,47,93,80,32,84,18,23,70,59,48,43,38,40,97,97,64,53,18,19,36,53,85,69,43,82,66,63,35,23,33,77,26,93,57,53,83,91,44,29,38,91,43,31,38,76,31,83,37,36,104,45,69,82,57,61,86,91,79,60,48,41,37,41,66,106,93,79,58,38,43,97,56,41,101,60,99,98,40,59,44,67,94,44,50,69,94,46,57,47,50,98,75,51,53,62,78,57,65,97,63,52,65,72,52,93,65,58,56,96,68,55,72,114,68,66,77,57,65,71,82,59,60,75,83,83,81,68,115,95,63,74,115,65,77,72,65
149,55,36,158,102,32,61,45,155,65,42,40,148,97,31,38,89,39,43,138,104,59,42,77,30,26,79,35,28,139,112,109,68,32,23,100,141,105,88,23,25,164,99,36,115,28,22,31,140,18,151,91,25,18,160,145,52,137,21,131,24,15,18,29,98,79,44,25,16,152,16,31,139,123,74,46,32,98,76,21,34,160,73,96,63,29,26,72,4,9,109,6,87,43,80,65,0,150,78,59,102,148,39,133,26,164,152,75,26,74,138,119,74,21,157,144,96,149,79,48,135,16,112,106,34,32,34,162,128,116,66,71,40,24,26,133,34,146,129,126,95,66,48,24,78,35,119,32,147,155,42,71,49,36,101,78,52,30,72,34,87,61,47,100,34,143,40,38,38,40,140,119,103,91,80,58,37,50,154,140,116,82,57,159,113,89,48,43,47,159,77,48,86,45,154,74,60,47,154,84,55,85,66,158,132,94,64,54,135,107,54,156,114,70,117,126,86,151,115,67,73,154,119,88,58,65,118,64,130,82,66,61,57,81,77,61,58,137,133,68,173,62,97,66,173,103,126,116,84
34,111,137,32,62,145,102,121,30,97,124,127,29,64,166,178,71,125,185,30,56,101,120,81,136,146,79,127,166,27,47,49,89,130,155,57,25,52,69,142,165,25,57,181,42,132,162,175,22,155,18,64,133,158,19,18,101,21,166,25,132,157,163,176,55,73,109,129,140,11,138,179,15,29,78,105,119,53,74,130,183,12,77,54,87,121,176,78,153,159,41,156,63,107,70,85,150,0,72,91,48,3,111,17,176,15,6,75,175,76,14,32,78,131,12,12,56,12,73,105,21,143,41,47,121,123,182,19,27,39,88,84,116,136,169,27,124,22,31,34,62,91,110,160,79,177,42,133,27,27,122,89,114,173,61,83,112,158,90,165,76,104,187,65,149,36,134,139,167,172,38,51,64,75,85,110,144,188,36,39,54,85,112,37,57,79,183,136,180,39,93,133,86,143,43,101,117,144,45,92,127,91,113,47,54,83,118,134,54,73,137,49,68,112,67,62,97,53,71,121,114,54,70,97,142,193,72,131,65,107,129,140,155,110,115,144,155,64,67,132,61,169,97,140,63,92,76,82,114
75,48,69,83,37,76,40,55,80,36,57,59,73,33,96,108,29,57,114,64,35,37,52,26,66,77,25,59,95,64,40,38,28,61,84,30,65,33,23,71,95,88,28,110,40,61,91,104,64,84,74,21,63,87,83,68,33,60,94,54,61,85,91,104,24,14,38,57,68,75,67,108,62,46,11,34,48,22,8,59,111,82,9,19,16,49,104,7,81,87,31,84,9,35,2,13,78,72,0,19,24,70,39,55,104,86,74,7,103,8,61,42,10,60,80,67,20,71,12,34,57,71,36,30,50,52,110,84,51,41,22,21,47,66,98,56,54,69,53,51,26,27,42,89,23,106,45,64,71,79,54,31,47,103,34,30,46,88,33,95,32,42,116,37,80,70,67,72,98,103,67,49,40,36,36,47,76,118,80,67,48,36,50,85,46,37,113,70,111,85,41,69,42,77,82,47,57,78,82,46,65,47,55,87,65,47,59,71,68,51,74,85,55,57,57,63,52,82,57,64,60,85,60,55,80,125,61,72,68,59,71,79,91,61,64,83,92,74,72,75,103,105,61,81,104,62,70,66,67
92,37,53,101,50,59,32,40,98,30,42,44,91,45,78,90,38,42,96,82,50,28,37,30,49,59,30,42,77,82,56,54,25,44,66,45,83,49,34,54,76,106,43,91,58,44,73,85,82,66,93,35,45,68,101,87,19,79,76,73,43,67,73,85,40,24,21,39,50,94,48,89,81,65,17,17,30,40,19,40,92,101,16,37,6,30,85,14,62,68,50,65,28,16,21,6,59,91,19,0,43,89,20,74,85,105,93,17,84,17,79,61,17,41,99,86,38,90,22,18,76,53,54,48,32,34,91,103,70,59,18,20,30,48,79,74,37,88,71,69,40,22,28,71,27,87,62,47,89,97,39,29,34,85,47,32,34,70,31,77,39,33,98,48,63,87,52,56,81,85,84,64,52,43,37,37,60,100,98,84,62,39,39,102,60,43,95,55,93,103,40,55,45,62,99,43,47,64,99,46,53,48,48,103,79,52,50,58,82,60,61,102,66,50,68,76,52,97,67,55,54,101,71,55,67,108,71,62,81,56,61,67,77,57,58,70,78,87,84,65,119,90,63,70,119,66,80,74,63
55,68,92,62,33,99,59,76,59,54,78,81,52,31,119,131,34,79,138,44,28,56,74,40,89,100,37,81,119,43,26,25,45,84,108,24,44,23,29,95,118,65,23,134,24,85,115,128,42,108,52,23,86,111,60,46,55,38,118,32,85,109,115,128,16,28,62,81,92,51,91,132,39,24,31,58,72,10,28,82,135,59,30,9,39,73,128,30,105,111,8,108,15,59,22,37,102,48,24,43,0,46,63,31,128,62,50,27,127,29,37,19,30,83,56,43,12,47,26,57,34,95,16,13,73,75,134,61,29,21,41,38,69,89,121,34,77,47,32,30,23,45,64,112,36,129,28,86,49,56,76,46,68,126,29,41,66,111,47,118,37,60,139,33,102,50,88,93,121,125,47,36,34,38,45,66,98,141,59,48,36,45,68,63,36,42,136,91,133,64,52,89,49,98,62,60,74,99,63,54,84,55,71,67,51,51,76,90,53,48,93,66,48,72,49,52,60,64,51,80,74,68,53,62,98,147,54,89,57,70,87,97,111,72,76,101,111,61,60,91,84,125,66,98,85,64,62,62,78
36,110,136,35,61,143,101,120,32,96,122,125,31,63,164,177,70,124,183,31,55,99,119,80,134,145,78,126,164,28,46,49,88,129,153,56,26,51,67,140,164,27,56,179,41,130,161,173,23,153,20,62,132,156,22,19,100,22,164,25,130,155,161,174,53,72,107,127,138,14,137,177,15,28,76,104,118,51,73,128,181,15,76,53,85,119,174,76,151,157,39,154,61,105,68,83,148,3,70,89,46,0,109,15,174,16,6,73,173,74,12,30,75,129,12,9,54,10,71,102,18,140,39,45,119,121,179,18,25,36,85,82,114,134,167,24,122,19,28,31,59,88,108,157,77,174,39,131,24,25,120,87,111,171,59,81,109,155,88,163,73,102,184,62,146,33,132,137,165,170,35,48,61,72,83,107,142,186,34,36,51,82,109,36,55,76,180,134,178,37,90,131,83,141,41,98,115,141,43,89,125,89,110,45,51,81,115,131,51,70,134,47,65,110,64,59,94,50,68,118,111,52,67,95,139,190,69,128,62,104,126,137,152,107,112,141,152,61,64,129,60,166,94,137,61,89,73,80,111
112,37,42,121,68,46,37,35,118,38,34,35,111,63,61,72,55,33,78,102,69,33,31,45,36,44,46,31,60,102,76,73,37,32,50,64,103,69,52,38,59,126,63,73,77,30,55,67,102,48,113,54,30,51,122,107,23,99,57,93,27,48,54,66,60,43,16,23,32,114,30,69,101,85,36,14,15,60,39,22,73,121,35,58,25,13,65,34,43,49,70,45,48,6,41,26,39,111,39,20,63,109,0,94,65,125,113,36,64,35,99,80,35,21,118,105,57,109,40,11,96,33,73,67,14,16,71,123,89,77,29,33,16,28,59,93,20,107,90,87,56,30,19,51,40,67,80,30,107,116,25,36,25,65,63,42,26,51,37,58,51,31,79,63,45,105,36,39,61,66,101,81,66,55,46,33,43,81,116,102,78,47,33,120,75,53,76,40,74,121,45,41,53,47,116,45,40,49,116,52,43,54,44,120,95,61,44,46,98,72,48,118,79,47,81,90,56,113,80,49,51,117,83,59,55,90,83,53,94,57,53,56,62,57,55,58,63,101,98,56,136,74,68,60,136,73,91,83,62
40,97,122,42,51,129,87,106,39,82,108,111,35,52,150,162,58,110,169,31,45,86,105,67,120,130,65,112,150,28,36,38,74,114,139,44,27,40,55,126,149,39,44,165,31,116,146,159,24,139,28,49,117,142,33,24,86,20,149,19,116,140,146,159,40,58,93,112,123,24,122,163,15,17,62,89,103,37,58,114,166,29,61,38,71,104,159,62,136,142,25,139,46,90,53,68,133,17,55,74,31,15,94,0,159,31,19,58,158,59,6,15,60,114,25,13,39,17,56,87,9,125,24,30,103,105,164,30,13,22,70,66,99,119,152,15,107,20,18,20,45,73,93,142,62,159,27,116,25,30,105,72,96,156,45,66,94,140,73,147,59,87,169,49,131,31,117,122,150,155,31,37,48,58,68,92,127,171,36,32,39,68,95,39,43,62,165,119,163,41,76,116,69,126,42,84,100,126,43,75,110,75,96,47,44,67,101,116,45,58,119,47,54,95,54,50,80,49,57,104,97,51,57,81,124,175,59,114,54,90,112,123,137,93,98,127,138,55,57,115,63,152,81,123,64,77,64,69,98
175,80,57,185,128,50,86,69,181,91,66,63,174,123,35,33,116,63,33,165,131,85,67,103,52,44,105,59,31,165,139,136,94,56,36,127,167,132,114,44,29,191,126,25,141,52,28,24,167,32,177,117,49,29,186,171,79,163,23,157,49,28,24,19,124,106,70,51,41,179,41,15,166,150,100,72,59,125,103,48,14,186,100,122,89,56,9,98,24,19,135,21,113,69,106,91,26,176,104,85,128,174,65,159,0,190,178,101,2,100,164,145,99,45,183,170,121,174,104,72,160,35,137,131,57,55,11,187,153,142,91,95,63,43,16,158,55,171,154,151,119,90,70,25,102,20,144,50,171,179,61,94,70,25,125,101,72,33,95,30,111,82,29,123,42,168,55,51,32,31,164,142,127,114,103,78,48,32,179,164,140,104,77,183,136,111,33,56,34,183,98,61,108,54,178,94,78,56,178,104,70,106,84,182,155,115,80,67,158,129,65,180,137,87,139,149,105,174,137,82,90,177,140,107,67,51,140,76,152,100,79,71,61,98,93,69,62,159,155,80,196,59,116,76,196,123,146,136,100
43,126,152,38,77,159,117,136,37,112,138,141,39,79,180,193,86,140,200,43,71,116,135,96,150,161,94,142,181,40,61,64,104,145,169,72,37,67,83,156,180,26,72,196,57,146,177,190,35,170,27,78,148,173,23,30,116,35,180,39,146,171,177,190,70,88,123,143,154,20,153,194,29,44,92,120,134,67,89,145,197,13,92,69,101,135,190,92,167,173,56,170,77,121,84,99,164,15,86,105,62,16,125,31,190,0,12,89,189,90,26,45,91,145,9,21,69,17,86,118,31,156,54,60,134,136,195,10,38,50,101,97,130,150,182,36,138,26,40,43,74,103,123,173,92,190,52,146,29,25,135,102,126,186,72,95,124,171,102,178,87,116,200,75,161,38,147,152,180,185,42,59,73,85,97,122,157,201,34,42,62,96,124,34,66,90,196,149,193,35,104,146,96,155,41,112,129,156,43,102,139,102,124,44,59,93,129,145,57,81,148,47,75,123,74,67,106,52,78,132,125,53,77,107,153,205,78,142,69,117,140,151,166,120,125,155,166,66,70,143,55,181,105,151,57,100,81,89,123
41,115,141,38,67,148,106,125,36,101,127,130,36,69,169,181,75,129,188,37,61,104,123,85,139,149,83,131,169,34,52,54,93,133,158,61,31,56,73,145,168,29,61,184,47,135,165,178,28,158,24,67,136,161,24,24,105,27,168,30,135,159,165,178,59,77,112,131,142,17,141,182,21,33,81,108,122,56,77,133,186,15,80,57,90,123,178,81,155,161,44,158,65,109,72,87,152,6,74,93,50,6,113,19,178,12,0,77,177,78,14,33,79,133,6,9,57,7,74,106,19,144,42,48,122,124,183,13,27,39,89,85,118,138,170,25,126,17,29,32,62,91,111,161,80,178,41,134,22,21,123,90,114,174,61,83,112,159,90,166,76,104,188,64,149,31,135,140,168,173,34,49,62,74,85,110,145,189,30,34,52,85,112,31,55,78,184,137,181,33,92,134,85,144,37,100,117,144,39,91,127,90,112,41,50,82,117,133,49,71,137,43,65,112,64,58,95,47,68,120,113,49,67,96,141,193,69,131,61,106,128,139,154,109,114,143,155,59,62,131,55,169,95,139,57,90,72,79,113
81,51,70,89,44,76,43,56,85,40,58,60,78,39,95,107,35,58,113,69,42,40,53,32,66,76,31,59,94,69,46,44,32,61,84,37,70,40,30,71,93,92,35,108,46,61,90,102,69,83,79,28,62,85,87,73,34,65,93,59,60,84,89,102,30,20,38,56,67,79,65,105,66,51,16,34,47,27,14,57,109,86,13,24,16,47,102,10,79,85,35,81,14,33,9,12,75,75,7,17,27,73,36,58,101,89,77,0,100,1,63,44,4,56,82,69,21,73,7,30,59,67,37,31,46,48,106,86,53,41,16,14,42,61,94,57,50,71,54,52,23,21,37,85,17,102,45,59,72,80,49,24,41,98,31,23,40,83,26,91,27,35,112,33,75,70,62,66,93,98,67,48,36,30,29,41,71,114,81,67,46,30,43,85,44,31,109,64,106,86,34,63,36,72,82,40,50,73,82,39,59,40,49,86,63,41,53,65,66,47,68,85,51,50,53,60,46,80,53,57,54,84,57,48,74,120,57,66,65,52,65,73,85,54,57,76,86,71,69,68,102,99,55,75,103,56,66,61,60
175,80,57,184,128,51,86,69,181,90,66,63,174,123,37,35,115,63,35,164,130,85,67,103,53,45,105,59,33,165,138,135,94,56,37,126,166,131,114,45,30,190,125,27,140,52,30,26,166,33,177,116,49,30,185,171,78,162,24,156,49,28,25,21,124,105,70,51,41,178,41,17,165,149,99,72,58,124,102,47,16,185,99,122,89,55,11,98,24,19,134,21,112,68,105,90,26,175,103,84,127,173,64,158,2,189,177,100,0,99,163,144,98,44,182,169,120,173,103,71,159,34,136,130,56,54,10,186,152,140,90,94,61,42,14,157,54,170,153,150,118,88,69,23,100,18,142,48,170,178,60,93,69,22,123,100,71,30,93,28,109,80,28,122,40,166,53,49,30,29,163,141,125,113,101,77,45,31,178,163,138,102,75,182,135,109,31,54,32,182,97,59,106,52,177,92,76,54,176,103,68,104,82,181,154,114,79,65,157,127,63,178,135,86,137,147,103,172,135,80,88,176,139,106,65,49,138,74,151,98,77,69,59,96,91,67,60,158,153,78,195,57,114,74,194,121,145,135,98
82,51,70,90,45,76,43,56,86,40,57,60,80,41,94,106,37,58,113,71,43,40,53,33,66,76,32,59,94,70,48,45,33,61,83,38,71,41,31,70,93,93,36,108,47,60,89,102,70,82,80,29,61,85,88,74,34,66,92,60,59,83,89,101,31,21,38,56,66,80,65,105,67,52,17,34,46,28,15,56,108,87,14,26,16,47,101,11,78,84,36,81,16,32,10,12,74,76,8,17,29,74,35,59,100,90,78,1,99,0,64,45,2,55,83,70,21,74,6,28,60,66,38,32,45,47,105,87,54,42,14,13,41,60,93,58,49,71,55,52,23,19,35,83,16,100,46,58,73,81,47,23,40,97,31,22,39,82,25,89,26,34,111,33,74,70,60,65,92,97,67,48,36,30,28,40,70,113,81,68,46,29,42,85,44,31,107,63,105,86,33,61,35,70,82,39,49,71,82,38,57,39,47,87,63,41,51,63,66,46,66,85,51,49,53,60,44,81,53,56,52,84,56,47,72,119,57,64,65,51,63,71,84,53,55,75,84,71,69,67,103,98,54,74,103,56,66,61,59
43,103,128,43,57,135,94,112,40,89,114,117,38,58,155,168,64,116,175,35,51,92,111,73,126,136,71,118,156,32,43,45,81,120,145,51,30,46,61,131,155,38,50,170,38,121,152,164,27,145,29,55,123,147,33,26,91,24,155,24,121,146,152,165,47,64,98,118,129,24,127,168,18,23,67,95,109,43,64,119,172,27,67,44,76,110,165,67,142,147,31,144,52,96,59,74,138,14,61,79,37,12,99,6,164,26,14,63,163,64,0,19,65,119,19,6,43,11,60,92,6,130,28,34,108,110,169,24,13,25,75,71,103,123,156,13,112,14,17,20,48,77,97,147,66,164,28,120,19,24,109,76,100,160,47,69,98,145,76,152,62,90,174,51,135,26,121,126,154,159,27,37,49,60,71,96,131,175,30,28,40,71,98,33,43,65,169,123,167,35,78,120,72,130,36,86,103,130,38,77,113,77,99,41,42,69,104,120,42,59,123,42,54,98,53,49,82,44,57,107,100,46,57,83,128,179,58,117,52,92,115,126,140,96,101,130,141,52,54,118,57,155,82,126,59,78,63,69,100
50,86,110,55,47,117,77,95,51,72,97,100,46,46,137,150,50,98,156,40,40,75,93,58,108,118,56,100,137,38,34,35,64,102,126,38,37,35,46,113,137,53,37,152,30,103,133,146,34,126,41,40,105,129,48,36,74,30,136,26,103,127,133,146,32,47,80,99,110,39,109,149,28,19,50,76,90,27,46,100,153,44,49,27,58,91,146,49,123,129,16,126,34,77,40,55,119,32,42,61,19,30,80,15,145,45,33,44,144,45,19,0,46,100,38,25,24,29,41,73,16,111,9,15,89,91,150,42,10,9,56,52,84,104,137,16,93,28,14,14,30,58,78,128,47,145,16,101,30,38,90,57,81,141,30,51,80,126,58,133,44,72,155,35,116,32,102,107,135,140,31,27,34,44,54,77,112,156,41,31,28,53,80,45,31,48,151,104,148,46,61,101,55,111,45,69,85,112,46,61,95,61,81,50,38,54,86,101,40,46,105,49,43,81,43,42,66,48,46,89,83,51,47,67,110,160,48,99,47,76,97,108,122,79,84,112,123,49,50,100,67,137,68,108,68,65,55,58,84
84,52,70,92,48,76,45,57,88,42,58,60,81,43,94,106,39,58,112,73,46,41,54,35,66,76,34,59,93,72,50,47,34,61,83,41,73,43,33,70,92,95,38,107,49,60,89,101,72,82,82,31,61,84,90,76,35,68,91,62,59,83,88,101,33,24,38,56,66,81,64,104,69,53,19,34,46,30,17,56,107,88,16,27,17,46,100,13,77,83,38,80,18,32,12,13,74,78,10,17,30,75,35,60,99,91,79,4,98,2,65,46,0,54,84,71,22,75,6,27,61,65,38,32,43,45,104,88,54,43,12,10,39,59,91,59,47,72,55,53,23,17,34,82,14,99,46,56,73,81,46,21,38,96,30,20,37,81,22,88,24,32,109,32,72,71,59,63,91,95,67,48,35,28,26,37,68,111,82,68,46,27,40,86,43,29,106,61,103,86,31,59,33,68,82,37,47,69,82,36,55,37,45,87,63,39,49,61,66,45,64,85,50,47,52,59,42,80,52,54,50,84,55,45,70,117,55,62,64,49,61,69,82,51,53,73,82,71,68,65,103,96,52,71,103,54,64,59,57
133,50,42,142,88,42,52,42,139,55,41,40,132,83,50,59,76,38,64,122,90,50,39,64,35,37,66,35,47,123,97,94,56,33,40,85,124,90,73,32,45,147,84,57,98,29,42,52,123,36,134,75,27,37,142,128,40,120,42,114,24,35,39,50,81,63,32,22,23,134,21,52,121,106,57,32,22,81,59,17,55,142,56,78,46,17,47,55,26,31,91,28,69,26,62,47,21,131,60,41,83,129,21,114,45,145,133,56,44,55,119,100,54,0,138,125,76,129,59,27,115,12,92,86,12,10,50,142,108,96,46,50,18,10,38,112,13,126,109,106,74,45,26,30,57,46,98,16,126,134,22,50,28,44,80,57,30,31,51,38,66,39,58,79,28,123,25,25,41,45,119,98,82,70,59,37,28,60,134,119,95,60,37,138,91,67,56,29,54,138,56,32,65,34,133,52,40,36,133,62,38,64,46,137,111,73,44,38,114,85,39,135,93,50,95,105,65,129,93,48,53,133,97,67,45,70,97,48,109,62,49,47,49,61,57,48,50,116,112,52,152,58,76,52,152,82,104,95,65
46,121,146,42,73,154,112,131,40,107,133,136,41,75,174,187,81,134,194,43,67,110,129,91,145,155,89,137,175,39,58,60,99,139,164,68,37,63,79,150,174,32,68,190,53,140,171,183,34,164,29,74,142,166,27,30,110,33,174,37,140,165,171,184,65,83,117,137,148,22,147,187,27,39,86,114,128,62,83,138,191,17,86,63,95,129,184,86,161,167,50,164,71,115,78,93,157,12,80,99,56,12,118,25,183,9,6,82,182,83,19,38,84,138,0,13,62,9,79,111,23,149,46,52,127,129,188,6,30,43,93,89,122,142,175,28,130,17,32,35,66,96,116,165,84,183,44,139,21,18,127,94,118,179,64,87,117,163,94,170,79,108,192,67,154,30,139,144,173,178,33,51,65,77,89,114,149,194,27,34,54,88,116,27,58,82,188,141,185,29,96,138,88,148,34,103,121,148,36,94,131,93,116,37,50,85,121,137,49,73,140,40,67,115,66,59,98,45,69,123,116,46,68,98,145,197,70,134,61,108,131,143,158,111,117,147,158,58,62,134,50,172,97,142,52,91,72,80,115
44,109,134,43,63,141,100,118,41,95,121,124,39,64,162,174,70,122,181,38,57,98,117,80,132,143,77,124,162,35,48,50,87,127,151,57,32,52,67,138,161,36,56,177,43,128,158,171,29,151,29,62,129,154,31,27,98,27,161,29,127,152,158,171,53,70,105,124,135,22,134,174,21,29,74,101,115,49,70,125,178,23,73,51,82,116,171,73,148,154,37,151,58,102,65,80,144,12,67,86,43,9,105,13,170,21,9,69,169,70,6,25,71,125,13,0,49,4,66,98,10,136,33,39,114,116,175,18,18,30,80,76,109,129,162,16,117,11,20,23,53,83,103,152,71,170,32,126,16,19,114,81,106,166,52,74,104,150,81,157,67,96,179,55,141,25,126,131,160,165,27,40,53,65,76,101,136,181,27,28,43,76,103,29,47,69,175,128,172,31,83,125,76,135,33,91,108,135,35,82,118,81,103,38,43,73,109,125,42,62,128,39,57,103,56,50,86,42,59,111,104,44,59,87,133,184,60,122,53,97,119,130,145,100,105,134,146,52,55,122,53,160,86,130,55,81,64,71,104
67,68,90,74,43,96,59,75,70,55,77,79,64,40,115,127,40,78,134,56,38,57,73,43,86,96,41,79,115,55,38,37,47,81,104,34,55,34,34,91,114,75,32,129,36,81,110,123,53,103,62,30,82,106,70,56,53,49,113,44,80,104,110,123,25,30,58,77,87,61,86,126,49,35,30,54,67,19,27,77,129,67,28,17,36,68,122,27,99,105,20,102,15,54,19,32,96,56,20,38,12,54,57,39,121,69,57,21,120,21,43,24,22,76,62,49,0,53,17,49,39,87,16,10,65,67,126,66,32,21,32,28,60,80,113,37,68,50,34,31,11,35,54,104,24,121,25,77,51,59,66,34,58,117,18,29,56,102,36,109,25,49,131,22,93,50,78,83,111,116,47,30,24,26,33,55,88,132,60,47,29,33,57,64,28,30,127,81,124,65,40,78,37,88,62,48,63,88,62,42,72,42,59,67,46,39,64,79,48,37,82,65,39,60,40,45,48,62,42,68,62,65,44,50,87,137,45,78,50,58,76,86,100,60,64,90,100,55,54,79,83,114,54,87,83,53,54,52,66
46,114,139,45,67,146,104,123,42,99,125,128,41,69,166,179,75,126,185,41,61,103,121,84,136,147,82,128,166,38,52,55,91,131,155,61,35,56,72,142,166,36,61,181,47,132,162,175,32,155,30,66,133,158,31,29,102,30,165,32,132,156,162,175,57,75,109,128,139,23,138,178,24,33,78,105,119,54,75,130,182,22,77,55,87,120,175,78,152,158,42,155,63,106,69,84,149,12,71,90,47,10,109,17,174,17,7,73,173,74,11,29,75,129,9,4,53,0,70,102,14,140,37,43,118,120,179,13,21,33,84,80,113,133,166,18,121,10,23,26,57,87,106,156,75,173,35,130,15,16,118,85,109,170,55,78,107,154,85,161,70,99,183,58,145,24,130,135,163,168,26,42,56,68,79,105,140,184,24,27,45,79,107,26,49,72,179,132,176,28,86,128,79,138,31,94,111,139,33,85,122,84,107,35,43,76,112,128,42,64,131,37,58,106,57,51,89,41,61,114,107,42,60,89,136,188,62,125,54,99,122,133,149,102,108,138,149,52,55,125,50,163,88,133,52,83,65,72,106
81,57,76,89,48,82,50,62,85,47,64,66,79,44,100,112,41,64,118,70,45,46,60,38,72,81,37,65,99,69,48,46,39,67,89,40,70,42,35,76,98,91,38,113,47,66,95,107,68,88,78,32,67,90,86,72,40,64,97,59,65,88,94,106,32,26,44,61,72,77,70,109,65,50,23,40,52,28,20,61,113,84,20,25,23,52,105,17,83,88,34,85,17,38,13,18,79,73,12,22,26,71,40,56,104,86,74,7,103,6,60,41,6,59,79,66,17,70,0,32,56,70,33,27,48,50,109,83,49,37,15,12,43,63,96,53,51,67,50,47,17,19,37,87,12,104,40,60,67,76,49,21,41,100,25,18,40,85,22,92,20,34,114,26,76,65,62,67,95,99,61,42,30,24,24,39,72,115,76,62,40,25,42,80,38,25,110,64,107,81,30,62,30,72,77,36,48,72,76,34,57,35,46,81,57,35,50,64,60,40,67,79,45,47,47,54,40,75,47,54,50,78,50,43,72,121,50,64,59,48,62,71,84,50,53,75,85,65,62,66,97,98,49,73,97,50,59,54,56
109,46,54,118,67,57,44,45,114,44,45,46,107,62,72,83,56,44,89,98,67,40,41,47,48,55,47,43,70,98,73,71,40,43,61,63,99,66,52,50,69,122,61,83,74,41,65,77,98,59,108,52,41,61,117,102,29,94,67,88,38,59,64,76,57,41,25,35,43,108,41,78,96,80,35,22,27,56,36,33,81,116,33,53,24,24,74,31,52,57,65,54,43,14,36,23,48,105,34,18,57,102,11,87,72,118,106,30,71,28,92,73,27,27,111,98,49,102,32,0,88,38,65,59,16,18,77,115,81,69,19,23,13,32,64,85,20,98,81,79,47,19,11,55,30,72,71,30,99,107,21,25,17,69,53,31,17,54,26,61,40,21,82,52,46,96,34,38,64,69,92,71,56,44,35,23,43,84,107,92,68,36,24,111,65,42,79,37,77,111,34,37,42,45,107,34,31,46,106,41,36,42,34,111,85,49,35,41,88,61,43,109,68,37,70,79,45,103,69,40,41,107,72,48,50,91,72,46,84,46,46,50,59,46,45,53,60,91,87,49,126,72,57,54,125,62,80,72,52
48,102,126,50,58,133,92,110,47,87,113,115,43,59,153,165,64,114,172,40,52,90,109,72,123,134,70,115,153,37,44,46,79,118,142,51,35,47,60,129,152,45,50,167,39,119,149,161,32,142,35,55,120,144,39,32,89,29,152,28,118,143,149,161,46,62,96,115,126,30,124,165,24,25,65,92,106,42,62,116,168,33,64,42,73,107,161,64,138,144,30,141,49,92,56,70,135,21,57,76,34,18,96,9,160,31,19,59,159,60,6,16,61,115,23,10,39,14,56,88,0,126,23,29,104,106,165,27,7,19,70,66,99,119,152,7,107,13,11,13,43,73,92,142,61,159,22,116,16,23,104,71,95,156,41,64,93,140,71,147,56,85,169,45,131,22,116,121,149,154,22,30,43,55,66,91,126,170,28,23,33,65,93,31,37,59,165,118,162,33,73,114,66,124,33,81,98,125,35,72,108,71,93,38,36,63,98,114,36,52,117,39,48,92,47,42,76,40,50,101,94,42,50,77,122,174,52,111,46,86,109,120,135,90,95,124,135,46,48,112,55,150,76,120,56,71,56,62,93
145,59,47,154,100,45,63,51,150,66,48,47,143,95,47,54,87,46,58,134,101,60,47,76,40,39,77,42,44,134,109,106,67,40,39,97,136,101,85,35,41,159,95,51,110,35,38,46,135,34,145,87,33,34,154,139,52,131,37,125,30,31,34,43,93,75,43,30,26,146,24,44,133,117,69,44,33,92,71,24,46,153,68,90,58,28,38,66,20,24,102,21,80,38,73,59,16,143,71,53,95,140,33,125,35,156,144,67,34,66,130,111,65,12,149,136,87,140,70,38,126,0,103,97,22,20,39,153,119,107,56,60,27,9,26,123,20,136,119,116,84,55,35,18,67,35,109,16,137,145,27,59,35,33,89,66,38,21,59,27,75,47,46,88,20,133,24,22,30,34,129,107,92,79,68,44,22,48,144,129,105,69,43,148,101,76,44,27,42,148,64,32,73,29,143,59,45,31,143,70,39,71,51,147,120,81,48,38,123,94,38,145,102,55,104,114,71,139,102,51,57,142,105,73,42,59,105,48,117,67,50,45,43,65,61,45,44,124,120,52,161,50,82,51,161,89,112,102,69
59,82,105,64,48,112,73,90,60,69,92,95,55,47,131,144,49,93,150,48,42,71,88,55,102,112,53,94,131,46,38,38,60,97,120,39,46,37,44,107,130,63,38,145,34,97,127,139,43,120,50,39,98,122,57,45,68,39,130,35,96,121,126,139,31,43,74,93,104,48,102,142,37,27,45,70,84,26,41,94,146,53,43,25,52,84,138,43,115,121,17,118,29,70,34,48,112,41,36,54,16,39,73,24,137,54,42,37,136,38,28,9,38,92,46,33,16,37,33,65,23,103,0,6,81,83,142,50,16,5,47,43,76,96,129,21,84,34,17,15,21,50,69,119,38,136,12,93,35,43,81,48,72,133,21,42,71,117,49,124,35,63,146,25,108,34,93,98,127,132,32,21,25,34,44,68,103,148,45,33,22,44,71,49,24,39,142,95,139,50,51,92,46,102,47,60,76,102,48,51,86,51,72,52,35,45,76,92,37,38,95,51,36,71,36,37,57,48,39,80,73,52,40,58,100,151,42,90,42,67,88,98,113,70,75,102,113,46,46,91,69,128,59,99,69,56,49,51,74
62,78,100,68,47,106,69,85,64,64,87,90,59,45,126,138,47,88,144,51,41,66,83,51,97,107,49,89,125,50,38,38,56,91,114,38,50,36,41,102,124,68,36,139,35,92,121,133,47,114,55,36,93,116,62,50,63,43,124,38,91,115,121,133,29,39,69,87,98,53,96,136,42,30,40,65,78,23,36,88,140,59,38,22,46,78,132,38,109,115,17,112,24,64,29,43,106,47,30,48,13,45,67,30,131,60,48,31,130,32,34,15,32,86,52,39,10,43,27,59,29,97,6,0,75,77,136,56,22,10,41,37,70,90,123,26,78,40,23,21,15,44,64,113,32,130,16,87,41,49,75,42,66,127,17,36,65,111,43,118,30,57,140,22,102,39,87,92,121,126,37,22,22,30,39,63,97,142,50,37,23,39,65,54,23,34,136,89,133,55,46,86,41,96,52,54,70,97,52,47,80,47,66,57,38,41,71,87,40,35,90,55,35,66,36,38,52,52,38,74,68,56,40,54,95,146,41,85,44,62,82,93,108,65,70,97,108,48,47,86,73,122,56,94,74,53,49,50,70
125,50,49,133,81,51,51,45,130,52,44,44,123,76,61,71,69,42,76,114,82,47,41,59,42,47,60,39,59,114,89,86,51,39,50,77,115,81,66,41,57,138,76,69,90,35,53,64,114,47,124,67,34,49,133,118,37,110,54,104,31,46,51,62,73,56,30,28,33,125,31,64,112,96,49,28,24,71,51,24,67,132,48,69,38,19,59,46,38,43,81,40,59,21,52,38,34,121,50,32,73,119,14,103,57,134,122,46,56,45,108,89,43,12,127,114,65,118,48,16,104,22,81,75,0,2,61,131,97,85,34,38,6,16,48,101,6,114,97,94,63,33,14,39,45,56,87,16,115,123,13,38,17,53,68,45,19,38,38,45,54,28,66,67,31,111,22,25,48,53,107,86,70,58,47,26,29,68,122,107,83,48,26,126,79,55,63,26,61,126,44,28,53,33,122,41,31,34,121,51,31,52,36,125,99,61,35,33,102,73,35,123,81,40,83,93,53,117,81,40,43,121,85,56,41,76,85,41,97,51,42,43,48,50,47,45,49,104,100,45,140,60,65,47,140,71,92,83,55
126,51,48,135,83,50,51,45,132,53,44,44,125,78,59,69,71,42,74,116,84,48,41,60,41,46,61,39,57,115,90,88,52,38,49,79,117,83,67,40,55,139,77,68,92,35,52,62,116,46,126,69,34,47,135,120,38,112,52,106,30,45,49,60,74,57,30,28,32,126,30,62,114,98,51,29,24,73,53,23,65,134,50,71,40,19,57,48,36,41,83,38,61,22,54,40,32,123,52,34,75,121,16,105,55,136,124,48,54,47,110,91,45,10,129,116,67,120,50,18,106,20,83,77,2,0,59,133,99,87,36,40,8,14,46,103,5,116,99,96,64,35,16,37,47,54,89,14,117,125,13,40,18,51,70,46,21,36,40,43,56,29,65,69,30,113,22,24,47,51,109,88,72,60,49,28,28,66,124,109,85,50,27,128,81,57,61,26,59,128,45,27,55,32,123,42,32,34,123,52,31,54,37,127,101,62,36,33,104,75,35,125,83,41,85,95,54,119,83,40,44,123,87,57,41,75,86,41,98,52,42,42,47,51,48,44,48,106,102,45,142,58,66,47,141,72,94,85,56
182,89,67,192,136,61,95,78,188,99,75,73,181,131,47,43,123,72,42,172,138,93,76,111,62,54,113,68,43,172,146,143,102,65,47,134,174,139,121,55,40,197,133,35,148,61,39,35,173,43,184,124,59,40,193,178,87,170,34,164,58,38,35,30,131,113,78,59,50,185,50,25,172,156,107,80,66,131,109,56,22,192,106,129,96,63,20,105,33,28,141,30,119,76,112,97,34,182,110,91,134,179,71,164,11,195,183,106,10,105,169,150,104,50,188,175,126,179,109,77,165,39,142,136,61,59,0,192,158,146,95,99,66,46,14,162,58,175,158,155,123,93,73,24,105,12,147,51,175,183,63,97,72,17,128,104,75,30,97,25,113,84,18,126,41,171,55,50,26,23,167,146,130,117,105,80,46,21,182,167,143,106,78,186,139,113,23,55,25,187,100,60,110,52,181,95,78,53,181,106,69,107,84,185,157,117,80,65,161,131,63,182,138,87,141,151,106,176,138,81,89,180,142,108,64,40,141,74,154,99,77,68,56,97,92,65,57,161,157,77,198,51,116,72,198,123,147,137,99
52,127,152,47,79,159,117,136,46,112,139,141,47,81,179,192,87,140,199,49,73,116,135,97,150,160,95,142,180,46,64,67,105,144,169,74,43,69,85,155,179,36,73,194,59,145,176,188,40,168,35,79,147,171,32,36,116,40,179,43,145,170,176,188,70,88,122,142,153,28,151,192,33,45,91,119,132,67,88,143,195,22,91,68,100,134,188,91,165,171,55,168,76,119,83,97,162,19,84,103,61,18,123,30,187,10,13,86,186,87,24,42,88,142,6,18,66,13,83,115,27,153,50,56,131,133,192,0,34,46,97,93,126,146,179,30,134,18,35,38,69,99,119,169,87,186,46,142,20,15,131,97,122,182,66,90,120,167,97,174,82,111,196,69,157,29,142,147,176,181,33,52,67,80,91,117,152,197,24,33,55,90,119,23,59,84,191,144,188,25,98,140,90,150,31,106,123,151,33,96,133,95,118,34,50,86,123,140,48,74,143,36,67,117,66,58,100,42,70,126,118,43,68,100,147,200,70,136,60,110,133,145,160,113,119,149,161,57,61,136,45,175,98,145,47,92,72,80,116
52,96,120,55,56,127,87,105,51,82,107,110,48,56,147,159,60,108,166,43,49,85,103,68,117,128,66,110,147,40,43,44,74,112,136,48,39,44,56,123,146,51,47,161,38,113,142,155,36,135,40,50,114,138,45,36,83,32,145,30,112,136,142,155,42,57,89,109,119,36,118,158,28,25,60,86,99,37,56,109,162,40,58,37,67,100,154,58,131,137,25,134,43,86,50,64,128,27,51,70,29,25,89,13,153,38,27,53,152,54,13,10,54,108,30,18,32,21,49,81,7,119,16,22,97,99,158,34,0,12,63,59,92,112,145,6,100,18,6,8,36,65,85,135,54,152,15,108,20,28,97,63,88,149,34,57,86,133,64,140,49,78,162,38,123,22,109,114,142,147,22,24,36,47,59,83,119,163,31,22,27,58,86,35,30,52,158,110,155,36,66,107,59,117,35,74,90,118,36,64,101,64,86,40,32,56,91,107,33,46,110,40,42,85,41,38,69,40,45,94,87,43,45,70,115,167,46,104,42,79,102,113,128,82,88,117,128,43,45,105,57,142,69,113,58,65,52,57,87
59,87,110,63,52,117,78,95,60,74,97,100,55,51,136,148,54,98,155,49,46,76,93,60,107,117,58,99,136,47,41,42,65,102,125,43,46,41,49,112,135,61,42,150,37,102,131,144,43,124,49,44,103,127,56,45,73,39,134,35,101,125,131,144,36,48,79,98,108,46,107,147,36,28,50,75,88,30,46,98,150,51,48,30,56,89,143,48,120,126,21,123,34,74,39,53,116,39,41,59,21,36,77,22,142,50,39,41,140,42,25,9,43,96,43,30,21,33,37,69,19,107,5,10,85,87,146,46,12,0,51,47,80,100,133,16,88,29,13,10,24,53,73,123,41,140,8,96,30,38,85,51,76,136,22,45,74,121,52,128,37,66,150,26,111,29,97,101,130,135,27,18,25,36,47,71,107,151,40,28,20,46,73,44,22,40,145,98,143,45,54,95,47,105,42,62,78,106,43,53,89,53,74,47,31,45,79,95,33,37,98,46,34,73,34,34,58,44,37,82,75,47,38,59,103,154,40,92,39,68,90,101,116,71,76,105,116,42,42,93,64,130,59,101,64,56,47,49,76
96,55,69,103,59,74,49,57,100,47,58,60,93,54,90,101,50,58,107,84,57,45,54,44,64,72,43,57,89,84,62,59,41,59,79,52,85,55,44,67,87,106,50,101,61,57,84,95,83,77,93,43,58,79,101,87,37,79,86,73,55,77,82,95,45,34,37,52,61,92,59,97,80,65,28,33,43,42,28,51,100,99,26,39,22,41,93,22,70,76,49,73,30,28,24,18,66,88,22,18,41,85,29,70,91,101,89,16,90,14,75,56,12,46,93,80,32,84,15,19,70,56,47,41,34,36,95,97,63,51,0,4,29,49,82,67,37,80,63,60,28,5,23,72,12,89,53,46,81,89,34,11,26,86,34,14,25,70,13,77,23,20,99,34,61,77,47,52,80,85,73,52,38,27,20,25,57,101,88,73,50,21,28,92,47,26,95,50,92,93,22,48,27,57,88,26,35,58,88,29,43,30,34,92,66,34,37,49,69,44,52,90,50,35,53,61,34,85,52,42,39,88,55,37,58,106,55,50,66,39,49,57,70,41,42,61,70,73,69,53,107,84,45,59,107,48,64,57,47
93,57,72,100,58,77,51,60,97,49,61,63,90,53,94,105,49,61,111,82,56,47,57,44,67,76,44,61,93,81,59,57,42,62,82,51,81,53,43,70,91,103,49,105,59,61,88,100,80,81,90,42,62,83,97,84,39,76,90,70,59,81,87,99,43,34,40,55,65,89,63,101,76,62,28,36,46,40,27,55,104,95,25,37,24,45,97,22,74,80,46,77,28,32,22,19,71,84,21,20,38,82,33,66,95,97,85,14,94,13,71,52,10,50,89,76,28,80,12,23,66,60,43,37,38,40,99,93,59,47,4,0,33,53,86,63,41,76,59,56,24,7,26,76,8,93,49,49,76,84,38,10,30,90,30,12,28,74,12,81,19,22,103,30,65,73,51,55,84,88,69,48,34,23,17,28,60,104,84,69,46,19,30,88,42,22,99,53,96,89,21,51,25,60,84,27,37,61,83,27,46,28,35,88,62,32,39,52,65,40,55,86,47,36,49,57,33,81,48,43,40,84,52,36,61,109,52,52,62,39,51,60,73,41,43,63,73,69,65,55,103,87,44,62,103,46,60,54,47
122,53,54,130,80,56,52,49,126,53,48,49,120,75,67,77,68,47,82,111,80,48,45,58,48,53,59,44,65,110,86,83,51,44,57,75,111,79,64,47,63,134,73,76,87,41,60,70,110,54,121,65,40,55,129,114,38,107,60,101,37,53,57,68,70,54,32,34,39,121,37,70,108,92,47,30,28,68,49,30,73,127,45,66,36,24,65,43,44,49,77,46,56,22,49,36,40,116,47,30,69,114,16,99,63,130,118,42,61,41,103,84,39,18,122,109,60,113,43,13,99,27,76,70,6,8,66,126,92,80,29,33,0,20,53,96,8,109,92,89,57,27,8,43,39,60,81,17,109,117,10,32,11,57,62,39,13,41,32,49,48,21,70,61,34,105,22,26,52,56,101,80,64,52,41,20,30,72,116,102,77,42,20,121,73,49,67,26,64,121,37,26,47,33,116,35,26,34,115,44,27,46,30,120,93,54,30,31,96,67,33,117,75,34,77,87,47,111,75,35,38,115,79,50,39,79,78,37,90,45,38,40,48,44,42,43,49,98,93,41,134,60,59,44,133,64,86,77,49
140,60,51,149,96,50,62,52,145,64,50,49,138,91,55,62,84,48,66,129,97,59,48,73,44,45,74,44,52,129,104,101,65,43,46,93,130,97,81,40,49,153,91,60,105,38,46,54,129,42,140,82,36,42,148,134,49,126,45,120,33,39,43,52,88,71,41,32,31,140,29,53,127,112,64,41,32,87,66,26,55,147,63,84,53,27,47,61,28,33,96,30,75,34,68,53,24,136,66,48,89,134,28,119,43,150,138,61,42,60,123,104,59,10,142,129,80,133,63,32,119,9,96,90,16,14,46,146,112,100,49,53,20,0,33,116,12,129,112,109,77,47,27,23,59,40,101,8,129,137,18,51,27,37,82,58,29,23,51,30,67,39,51,80,18,125,17,16,33,38,121,99,84,71,59,35,18,53,136,121,97,61,34,140,93,68,48,20,46,141,55,24,65,24,135,51,36,26,135,61,31,63,43,139,112,72,40,31,115,85,31,137,93,46,96,105,62,131,93,43,49,134,97,65,36,62,96,40,109,58,42,39,39,57,52,39,40,116,112,44,153,48,74,44,152,80,103,94,60
171,81,62,180,125,57,86,71,177,90,68,66,170,121,47,48,113,65,48,160,127,84,68,101,56,50,102,61,43,161,135,132,92,58,45,123,162,127,110,49,40,185,121,41,136,54,39,38,161,40,172,113,51,38,180,166,76,158,34,152,50,35,34,34,119,101,68,51,42,172,42,31,159,144,95,69,56,119,98,46,30,180,94,116,84,52,24,93,27,24,129,24,107,64,100,85,26,169,98,79,121,167,59,152,16,182,170,94,14,93,156,137,91,38,175,162,113,166,96,64,152,26,129,123,48,46,14,179,145,133,82,86,53,33,0,149,45,162,145,142,110,80,60,11,92,9,134,38,162,170,50,84,59,10,115,91,61,17,84,14,100,70,21,113,27,158,41,37,16,16,154,132,116,103,92,66,33,24,169,154,129,93,65,173,125,100,22,42,22,173,87,47,96,39,168,81,64,40,167,92,56,93,71,171,144,103,67,52,147,117,50,169,125,74,127,137,92,163,125,68,76,166,128,94,52,40,127,61,140,86,64,55,45,84,78,53,46,148,143,65,185,43,102,60,184,109,134,123,86
55,102,125,56,61,132,93,110,53,88,112,115,50,61,152,164,66,113,171,46,55,91,108,73,123,133,71,115,152,43,48,49,80,117,141,53,42,50,62,128,151,51,52,166,43,118,147,160,39,140,42,56,119,143,46,38,89,35,150,34,117,141,147,160,47,62,95,114,124,37,123,163,30,30,65,91,104,43,61,114,166,39,64,43,72,105,159,63,136,142,31,139,49,90,55,69,133,27,56,74,34,24,93,15,158,36,25,57,157,58,13,16,59,112,28,16,37,18,53,85,7,123,21,26,101,103,162,30,6,16,67,63,96,116,149,0,104,13,4,8,39,69,89,139,57,156,16,112,15,22,100,67,91,152,36,60,90,136,67,144,52,81,166,40,127,17,112,117,146,151,16,24,38,50,61,86,122,167,25,17,27,60,89,29,31,54,161,114,158,30,68,110,61,120,29,76,93,121,31,66,103,66,88,34,29,57,93,110,29,46,113,34,41,87,40,36,71,34,44,96,89,37,44,71,117,170,45,106,40,81,104,115,130,84,89,119,131,40,42,107,51,145,70,115,52,65,50,56,88
129,56,53,138,87,54,56,50,134,58,49,49,127,82,62,72,75,47,76,118,87,53,46,64,46,50,65,44,60,118,93,91,57,43,52,82,119,86,71,44,58,142,81,70,94,40,54,64,118,49,128,72,38,50,137,122,43,114,55,108,35,47,52,62,77,61,35,32,36,129,34,64,116,100,54,34,29,76,56,28,66,136,53,73,43,24,58,51,38,43,85,40,64,26,57,43,34,124,54,37,77,122,20,107,55,138,126,50,54,49,112,93,47,13,130,117,68,121,51,20,107,20,84,78,6,5,58,134,100,88,37,41,8,12,45,104,0,117,100,97,65,35,15,35,47,52,89,10,117,125,9,39,16,49,70,46,18,34,40,41,56,27,62,68,26,113,17,19,44,48,109,87,72,59,48,25,23,64,124,109,85,49,24,128,81,56,59,21,56,129,44,22,53,27,123,40,28,29,123,50,26,52,34,127,100,61,32,28,103,74,29,125,82,37,84,94,52,119,82,36,40,122,85,55,36,71,85,36,97,49,38,37,43,48,44,39,43,105,100,40,141,54,64,42,141,70,92,83,52
55,114,138,54,71,145,105,123,52,100,125,128,50,71,165,177,77,126,184,49,64,103,121,85,135,146,83,128,165,46,56,58,92,130,154,64,43,59,73,141,164,46,63,179,51,131,160,173,40,153,39,67,132,156,41,38,101,38,163,39,130,154,160,173,59,75,108,127,137,33,136,176,31,37,77,104,117,54,74,127,179,32,76,55,85,118,172,76,149,155,42,152,61,104,68,82,146,22,69,88,47,19,107,20,171,26,17,71,170,71,14,28,72,126,17,11,50,10,67,98,13,136,34,40,114,116,175,18,18,29,80,76,109,129,162,13,117,0,17,20,52,82,102,152,70,169,28,125,5,10,113,79,104,165,49,72,102,149,80,156,64,94,178,51,140,14,125,130,159,164,17,34,49,62,73,99,135,180,16,17,37,73,101,19,41,66,174,126,171,21,80,123,72,133,22,88,105,133,24,78,116,77,100,27,33,68,105,122,32,56,125,28,50,99,49,42,82,31,52,108,100,33,51,82,129,182,52,118,44,92,115,127,142,95,101,131,143,42,45,118,43,157,80,126,44,74,55,63,98
58,100,123,60,61,129,90,107,57,86,110,112,53,60,149,161,65,110,167,49,55,88,106,72,120,130,69,112,148,46,48,49,77,114,138,53,45,49,60,125,147,55,52,163,43,115,144,156,42,137,45,54,116,140,50,42,86,38,147,36,114,138,144,156,46,60,92,110,121,41,119,159,33,31,62,88,101,41,59,111,163,43,61,41,69,101,155,60,132,138,30,135,46,87,52,66,129,31,53,71,32,28,90,18,154,40,29,54,153,55,17,14,55,109,32,20,34,23,50,81,11,119,17,23,97,99,158,35,6,13,63,59,92,112,145,4,100,17,0,3,35,65,85,135,53,152,12,108,18,26,96,62,87,148,32,56,85,132,63,139,47,77,161,35,123,18,108,113,142,147,16,20,33,45,57,82,118,163,27,17,23,56,84,31,26,50,157,109,154,32,64,106,56,116,30,71,89,116,31,62,99,61,84,35,26,53,89,105,27,42,108,35,37,83,36,32,66,34,40,91,84,37,40,67,113,165,41,102,36,76,99,111,126,80,85,115,126,37,39,102,52,141,66,110,53,61,46,52,83
60,98,120,62,60,127,89,105,59,84,107,110,55,60,146,158,63,108,165,50,54,86,103,70,117,127,68,110,146,48,48,49,76,112,135,52,46,49,59,122,145,58,51,160,43,112,141,154,44,134,48,53,113,137,52,44,84,40,144,37,111,135,141,154,45,58,89,108,118,43,117,157,35,32,60,85,98,40,57,108,160,46,59,40,67,99,152,58,130,136,29,132,44,84,50,63,126,34,51,69,30,31,87,20,151,43,32,52,150,52,20,14,53,106,35,23,31,26,47,79,13,116,15,21,94,96,155,38,8,10,60,56,89,109,142,8,97,20,3,0,32,62,82,132,50,149,9,105,20,28,93,59,84,145,29,52,82,129,60,136,44,74,158,32,120,19,105,110,139,144,17,17,30,42,54,79,115,160,30,18,20,53,81,34,23,46,154,106,151,34,60,103,53,113,32,68,86,113,33,59,96,58,81,37,25,50,86,102,26,39,105,36,34,80,34,30,63,34,37,88,81,38,37,64,110,162,39,99,35,73,96,108,123,76,82,112,123,36,37,99,54,137,63,107,54,58,44,49,80
77,74,93,83,54,99,66,79,79,62,81,83,74,51,117,129,50,81,135,66,50,63,77,52,89,98,50,82,116,64,49,48,54,84,106,45,64,45,45,93,115,83,43,129,47,83,111,123,62,104,70,40,84,107,78,65,57,58,114,53,82,105,110,123,36,39,61,78,88,68,87,125,57,45,37,57,69,31,34,78,129,74,35,28,40,69,121,33,98,104,30,101,25,55,26,35,95,62,26,40,23,59,56,45,119,74,62,23,118,23,48,30,23,74,66,53,11,57,17,47,43,84,21,15,63,64,123,69,36,24,28,24,57,77,110,39,65,52,35,32,0,30,50,100,18,117,24,73,52,60,61,28,52,113,8,21,50,97,28,104,15,42,126,11,88,49,73,78,107,112,45,25,14,15,24,48,83,128,60,45,23,24,50,64,21,19,122,75,119,64,31,72,26,81,60,39,55,82,60,32,65,32,51,64,40,27,56,72,43,26,75,62,29,51,31,37,38,57,32,59,53,61,35,39,80,131,35,69,42,47,67,78,92,50,55,82,93,48,46,70,80,107,43,78,80,41,44,41,55
100,59,71,108,64,76,54,60,104,52,61,63,97,60,91,102,55,60,107,89,63,50,57,49,66,74,49,60,89,88,66,64,46,61,80,58,89,60,50,68,88,110,55,102,66,59,84,96,87,78,97,48,59,80,105,91,41,83,86,77,57,77,83,95,50,39,40,53,62,96,60,97,83,69,34,36,45,47,33,52,100,102,31,44,27,43,92,28,70,76,53,72,35,31,29,23,66,91,27,22,45,88,30,73,90,103,91,21,88,19,77,58,17,45,96,83,35,87,19,19,73,55,50,44,33,35,93,99,65,53,5,7,27,47,80,69,35,82,65,62,30,0,20,70,12,87,54,43,82,90,31,7,23,83,35,12,21,67,9,75,21,15,97,34,58,78,44,49,77,82,74,53,37,26,16,21,54,98,89,74,50,18,23,93,46,23,92,46,89,94,17,43,24,53,89,21,30,54,88,24,39,26,28,92,66,31,32,45,69,42,48,90,49,30,51,60,30,85,50,37,34,88,54,33,54,102,53,45,65,34,44,52,66,36,37,56,66,72,68,48,107,80,41,54,107,45,62,54,42
117,56,60,125,77,63,54,54,122,54,53,54,115,72,75,85,66,52,90,106,77,50,50,57,54,60,57,50,73,106,82,80,51,50,64,72,107,75,62,54,71,128,70,84,82,47,68,78,105,62,115,62,47,63,123,109,40,101,69,95,44,61,65,77,66,51,35,40,47,115,45,78,102,87,45,32,34,64,45,37,81,122,42,61,34,30,73,40,52,57,72,54,51,24,44,33,48,110,42,28,64,108,19,93,70,123,111,37,69,35,97,78,34,26,116,103,54,106,37,11,92,35,69,64,14,16,73,119,85,73,23,26,8,27,60,89,15,102,85,82,50,20,0,50,32,67,74,23,102,110,12,24,6,63,54,31,7,48,24,55,40,13,77,53,39,98,25,30,57,62,94,72,57,44,33,14,35,78,109,94,69,34,14,113,66,41,73,28,70,113,29,27,39,35,108,27,21,36,107,36,25,38,25,112,85,46,25,30,88,59,33,109,67,28,69,79,39,103,67,30,32,107,71,42,39,83,70,35,82,38,35,39,50,38,36,42,50,90,85,38,126,63,51,43,126,57,78,69,43
163,76,60,172,118,57,81,67,168,84,64,63,161,113,51,54,106,62,56,152,120,78,64,94,54,50,95,57,47,152,127,124,85,55,46,115,153,119,103,48,44,176,113,48,128,50,42,45,153,41,163,105,48,40,171,157,70,149,39,143,46,37,37,41,111,93,61,46,40,163,39,39,150,135,87,62,50,110,89,41,39,170,86,108,76,46,32,84,26,26,120,25,98,56,91,77,24,160,89,71,112,157,51,142,25,173,161,85,23,83,147,128,82,30,165,152,104,156,87,55,142,18,119,113,39,37,24,169,135,123,72,76,43,23,11,139,35,152,135,132,100,70,50,0,82,17,124,27,152,160,39,73,48,14,104,80,50,8,73,10,90,60,28,103,17,147,30,26,13,16,144,122,106,93,81,56,22,30,159,144,119,82,54,163,115,89,26,31,24,163,76,36,85,29,157,70,53,30,157,81,45,83,60,161,133,92,56,41,136,106,40,158,114,63,116,126,81,152,114,57,65,155,117,83,42,42,117,51,130,75,54,45,37,73,68,44,38,137,132,54,174,38,92,50,174,98,123,113,75
91,64,80,98,60,85,58,68,94,55,69,71,88,55,101,113,52,69,119,80,57,54,65,49,75,84,48,69,100,79,59,57,48,70,90,52,79,54,46,78,99,99,50,113,58,69,95,107,77,89,86,44,69,91,94,81,47,73,97,68,67,89,94,106,44,37,48,63,73,85,71,108,73,59,33,44,54,39,31,62,111,91,30,36,30,53,104,27,82,87,44,84,28,40,25,26,78,79,23,27,36,77,40,62,102,92,80,17,100,16,66,47,14,57,84,71,24,75,12,30,61,67,38,32,45,47,105,87,54,41,12,8,39,59,92,57,47,70,53,50,18,12,32,82,0,99,42,55,70,78,43,10,34,95,23,6,33,79,11,86,11,25,108,22,70,66,55,60,89,94,62,41,26,16,12,30,65,110,77,62,38,13,33,81,35,15,104,57,101,82,18,54,19,64,77,25,39,65,76,22,48,23,35,81,55,25,40,55,58,33,58,78,39,36,41,50,29,73,40,44,39,77,44,31,63,113,44,54,54,36,52,62,76,38,42,66,76,61,58,55,95,90,38,63,95,40,52,46,44
180,90,71,189,134,66,95,80,185,99,77,75,178,129,54,53,122,74,53,169,136,93,77,110,65,59,111,70,50,169,143,140,101,67,53,132,170,136,119,58,47,193,130,45,145,63,46,44,170,48,180,121,60,46,189,174,85,166,41,160,59,43,41,39,128,110,77,60,52,180,51,35,167,152,104,78,66,127,106,55,33,188,103,125,93,61,29,101,36,32,137,33,115,73,108,93,35,177,106,87,129,174,67,159,20,190,178,102,18,100,164,145,99,46,183,170,121,173,104,72,159,35,136,130,56,54,12,186,152,140,89,93,60,40,9,156,52,169,152,149,117,87,67,17,99,0,141,44,169,177,56,90,65,6,121,97,67,21,90,15,106,76,12,119,31,164,46,41,15,12,160,138,122,110,98,72,37,15,175,160,136,99,70,179,132,106,14,46,14,180,92,51,102,42,174,86,69,43,173,97,60,98,75,177,150,108,71,55,153,122,53,175,130,78,133,143,97,168,130,72,79,172,133,99,53,32,133,64,146,90,67,57,45,87,82,54,45,153,148,67,190,40,107,61,190,114,139,128,89
66,93,115,69,60,121,84,100,66,80,102,105,61,59,140,152,61,103,158,56,54,82,98,67,111,121,65,104,139,53,49,50,71,106,129,51,52,49,56,116,138,66,50,153,45,106,135,147,50,128,55,51,107,130,60,50,78,46,137,42,105,128,134,147,43,54,83,101,112,51,110,149,42,36,55,79,92,38,52,102,153,54,54,37,61,92,145,53,122,128,29,125,40,78,44,57,119,42,45,62,28,39,80,27,144,52,41,45,142,46,28,16,46,98,44,32,25,35,40,71,22,109,12,16,87,89,147,46,15,8,53,49,81,101,134,16,89,28,12,9,24,54,74,124,42,141,0,97,28,36,85,51,76,137,20,44,74,121,51,128,36,65,150,23,111,25,96,101,130,135,21,10,21,34,45,71,106,151,36,22,13,44,73,40,16,38,145,98,143,40,52,94,44,104,37,60,77,105,37,50,87,50,72,41,23,41,77,94,25,31,97,40,27,71,27,26,55,37,30,80,73,40,31,55,101,154,32,90,31,65,88,99,114,68,73,103,115,34,34,91,58,129,55,99,58,50,39,42,72
139,64,58,147,97,58,66,58,144,67,56,56,137,92,63,70,85,54,74,128,97,62,54,74,51,53,75,50,60,128,103,101,67,49,54,92,129,96,81,48,57,151,91,67,104,45,54,62,128,50,138,82,43,50,146,132,52,124,53,118,40,47,51,59,87,71,44,38,39,138,37,60,125,110,64,44,37,86,66,33,62,145,63,83,53,32,54,60,36,40,94,38,73,36,66,53,32,133,64,47,86,131,30,116,50,146,134,59,48,58,120,101,56,16,139,126,77,130,60,30,116,16,93,87,16,14,51,142,108,96,46,49,17,8,38,112,10,125,108,105,73,43,23,27,55,44,97,0,125,133,12,46,21,40,77,53,23,24,46,32,62,33,53,75,16,120,9,10,34,39,116,95,79,66,54,29,13,55,131,117,92,55,27,136,88,62,49,13,47,136,49,16,59,18,130,44,28,20,130,55,23,56,35,134,106,66,32,23,109,79,23,131,87,38,90,99,55,125,87,35,41,128,91,58,29,61,90,32,103,51,34,31,34,49,45,32,35,110,106,36,147,44,67,36,147,73,97,87,52
60,117,140,59,75,147,107,125,57,103,127,130,55,75,166,179,80,128,185,54,68,105,123,88,137,147,86,129,166,50,60,62,94,132,155,67,48,63,76,142,165,51,66,180,55,132,162,174,45,155,44,70,133,157,46,43,103,43,164,43,132,156,161,174,62,77,109,128,139,38,137,177,36,42,80,105,119,57,76,129,180,37,78,58,87,119,173,78,150,156,45,153,64,105,69,83,147,27,71,89,49,24,107,25,171,29,22,72,170,73,19,30,73,126,21,16,51,15,67,99,16,137,35,41,115,117,175,20,20,30,81,76,109,129,162,15,117,5,18,20,52,82,102,152,70,169,28,125,0,8,113,79,104,165,48,72,102,149,79,156,63,93,178,50,139,9,124,129,158,163,13,32,48,61,73,98,134,179,12,13,35,72,100,15,40,65,173,126,170,16,79,122,71,132,17,87,104,132,19,76,115,76,99,22,30,66,104,121,28,54,124,23,47,98,46,38,80,26,49,106,99,28,48,80,128,181,49,117,40,90,114,126,141,93,99,130,141,38,41,117,38,156,77,125,40,72,52,60,96
61,124,148,59,81,155,115,132,57,110,135,137,56,81,174,187,87,136,193,56,74,113,131,95,145,155,93,137,174,53,66,68,102,140,163,74,51,69,83,150,173,49,73,188,61,140,170,182,48,163,45,77,141,165,45,45,111,46,172,47,139,163,169,182,69,85,117,136,147,38,145,185,39,47,87,113,127,64,84,137,188,35,86,65,95,127,181,86,158,164,52,161,71,113,77,91,155,27,79,97,56,25,116,30,179,25,21,80,178,81,24,38,81,134,18,19,59,16,76,107,23,145,43,49,123,125,183,15,28,38,89,84,117,137,170,22,125,10,26,28,60,90,110,160,78,177,36,133,8,0,121,87,112,173,56,80,110,157,87,164,71,101,186,58,147,15,132,137,166,171,19,40,56,68,80,106,142,187,9,19,43,80,108,10,47,73,181,133,178,12,87,130,78,140,16,94,112,140,19,84,122,83,107,20,35,74,112,129,33,61,132,22,54,105,52,44,87,27,56,114,106,28,54,87,136,189,56,124,45,97,122,133,149,101,106,137,149,42,46,124,34,163,84,132,36,78,57,66,103
129,62,62,137,89,63,62,58,134,63,57,57,127,84,71,80,77,55,84,118,88,58,54,68,55,59,68,52,69,118,94,92,61,52,61,84,119,87,73,53,67,140,82,78,95,48,63,72,117,58,127,73,47,59,135,121,48,113,63,108,44,56,60,70,78,62,41,41,45,127,42,71,114,99,56,40,37,76,57,37,73,133,54,73,45,32,65,51,46,51,84,48,63,31,56,44,42,122,54,39,76,120,25,105,61,135,123,49,60,47,109,90,46,22,127,114,66,118,49,21,104,27,81,75,13,13,63,131,97,85,34,38,10,18,50,100,9,113,96,93,61,31,12,39,43,56,85,12,113,121,0,34,9,52,65,41,11,36,34,43,50,21,65,63,27,108,13,17,46,50,104,82,66,54,42,17,22,66,119,104,80,43,16,123,76,50,61,16,58,124,37,16,46,23,118,32,19,25,117,43,18,44,25,122,94,54,23,21,97,67,23,119,75,28,77,87,44,113,75,27,32,116,79,47,30,71,78,28,91,40,29,30,38,39,36,33,39,98,94,32,135,51,56,35,135,62,85,75,43
101,65,78,108,68,82,60,67,105,58,68,69,98,64,97,107,59,67,113,90,66,56,64,55,72,80,54,66,95,89,69,67,52,67,86,61,89,63,54,74,93,110,59,107,68,66,90,101,88,83,97,52,66,85,104,91,47,84,91,78,63,83,88,100,53,44,47,59,68,95,66,102,83,69,39,43,51,49,38,58,104,101,36,46,33,49,97,33,75,81,54,77,37,37,33,29,71,89,31,29,46,87,36,72,94,102,90,24,93,23,76,57,21,50,94,81,34,85,21,25,71,59,48,42,38,40,97,97,63,51,11,10,32,51,84,67,39,79,62,59,28,7,24,73,10,90,51,46,79,87,34,0,25,86,31,7,23,70,2,77,16,15,99,29,60,74,45,50,79,84,70,49,33,20,10,20,55,100,85,70,46,11,22,89,42,17,94,47,92,90,11,44,17,54,84,16,28,54,84,18,38,19,25,88,61,25,30,44,64,36,47,86,43,26,46,55,23,80,44,34,30,83,48,26,53,103,47,43,59,29,42,51,65,30,33,55,66,66,62,45,102,80,34,53,102,38,55,47,36
122,62,65,130,83,68,60,59,126,61,59,59,119,78,78,87,72,57,92,111,82,57,55,63,59,64,64,55,76,110,87,85,57,55,67,77,111,80,67,58,74,132,75,85,87,52,70,80,110,64,119,67,51,66,127,113,46,106,70,100,48,63,67,78,71,57,41,45,50,119,48,79,106,91,50,38,39,68,51,41,81,125,48,66,40,35,74,45,54,59,76,55,56,30,49,38,49,114,47,34,68,111,25,96,70,126,114,41,69,40,100,81,38,28,118,106,58,109,41,17,95,35,72,66,17,18,72,122,88,76,26,30,11,27,59,91,16,104,87,84,52,23,6,48,34,65,76,21,104,112,9,25,0,61,56,32,2,45,25,52,41,12,74,54,35,99,21,26,54,59,95,73,57,45,33,9,31,75,110,95,70,34,9,114,67,41,70,23,67,115,28,21,38,30,109,24,15,31,108,34,19,36,19,113,85,45,19,24,88,59,27,110,66,23,69,78,36,104,66,24,27,107,70,39,33,79,69,28,82,34,29,33,44,33,31,36,45,89,85,32,126,58,48,37,126,54,76,67,38
177,90,72,186,132,67,95,80,182,98,77,75,176,127,58,57,120,74,57,166,134,92,77,108,66,60,110,70,53,166,141,138,100,67,55,129,168,134,117,59,50,190,128,50,142,63,49,48,167,50,177,119,60,48,186,171,84,163,44,157,59,46,44,43,125,108,75,59,52,177,51,40,164,149,101,76,64,124,103,55,38,184,100,122,90,60,33,98,37,34,134,34,112,71,105,91,36,173,103,85,126,171,65,156,25,186,174,98,22,97,160,141,96,44,179,166,117,170,100,69,156,33,133,127,53,51,17,182,149,136,86,90,57,37,10,152,49,165,148,145,113,83,63,14,95,6,137,40,165,173,52,86,61,0,117,93,63,16,86,9,102,72,14,115,26,160,41,36,9,6,156,134,118,105,93,67,32,16,171,156,131,94,65,175,127,101,12,41,11,175,88,46,97,37,170,81,64,38,169,93,55,94,70,173,145,104,66,50,148,118,47,170,126,73,128,138,92,164,125,66,74,167,129,94,48,30,128,59,141,85,62,51,39,82,77,49,40,148,143,61,186,35,102,56,185,108,134,123,84
80,82,100,85,61,106,74,87,81,70,89,91,76,58,123,135,58,89,141,69,56,71,84,60,96,105,58,89,123,67,55,54,62,91,112,52,67,51,52,100,121,84,50,136,52,90,118,130,64,111,72,48,91,113,78,66,65,60,120,56,89,111,117,129,43,47,68,85,95,69,93,131,58,47,45,64,76,37,42,85,134,73,43,35,47,75,127,41,104,110,35,107,32,61,34,43,101,61,34,47,29,59,63,45,125,72,61,31,123,31,47,30,30,80,64,52,18,55,25,53,41,89,21,17,68,70,128,66,34,22,34,30,62,82,115,36,70,49,32,29,8,35,54,104,23,121,20,77,48,56,65,31,56,117,0,24,54,101,31,108,15,45,130,4,91,43,76,81,110,115,39,18,6,13,25,50,86,131,54,40,16,24,52,59,13,18,125,78,122,59,32,74,25,84,54,40,57,84,53,31,67,30,52,58,32,23,57,73,36,19,76,56,21,51,23,29,36,51,24,60,53,54,27,37,81,133,27,70,34,46,68,79,94,49,54,83,94,40,38,71,73,109,38,79,73,36,36,34,53
96,69,83,103,66,88,63,72,99,61,72,74,93,62,103,114,58,72,119,85,63,59,68,55,78,86,54,72,102,84,65,64,54,73,92,58,84,60,53,80,100,104,56,114,64,71,96,108,82,90,91,50,72,92,98,85,51,78,98,73,69,90,95,107,50,43,52,65,74,89,72,109,78,64,39,47,57,45,37,64,111,95,36,42,35,55,104,33,82,87,49,84,34,42,31,31,78,83,30,32,41,81,42,66,101,95,83,23,100,22,69,51,20,57,87,74,29,78,18,31,64,66,42,36,45,46,104,90,57,45,14,12,39,58,91,60,46,72,56,52,21,12,31,80,6,97,44,53,72,80,41,7,32,93,24,0,30,77,7,84,9,21,106,22,67,67,52,57,86,91,63,41,26,13,6,27,62,107,78,63,39,7,29,82,35,11,101,54,98,83,12,50,13,60,77,19,34,61,77,16,44,17,30,81,54,20,35,50,57,30,53,79,37,30,39,48,22,73,38,39,33,76,41,25,59,110,41,49,52,30,47,57,71,32,36,61,72,60,56,50,95,86,32,58,95,34,50,42,38
121,63,67,128,82,69,61,61,125,61,60,61,118,77,80,89,71,59,94,109,81,57,57,63,60,66,63,57,78,109,86,84,57,57,70,76,110,80,67,60,76,131,74,88,86,54,72,82,108,66,118,66,53,68,126,112,47,104,73,98,50,65,70,80,70,56,42,47,52,117,50,81,105,90,50,39,41,67,50,43,84,123,48,64,40,36,76,45,56,61,74,58,55,31,48,38,52,112,46,34,66,109,26,94,72,124,112,40,71,39,98,80,37,30,117,104,56,107,40,17,93,38,71,65,19,21,75,120,86,74,25,28,13,29,61,90,18,102,85,82,50,21,7,50,33,67,74,23,102,110,11,23,2,63,54,30,0,47,23,54,39,9,76,52,37,97,23,27,56,61,93,71,55,42,31,7,33,77,108,93,68,32,7,112,64,39,71,25,69,112,26,22,35,32,107,22,14,33,106,32,19,34,18,110,83,43,18,25,86,56,28,108,64,21,66,76,34,102,64,23,25,105,68,37,34,81,67,28,80,32,28,34,45,31,29,37,46,87,83,32,124,59,46,37,123,52,74,65,36
163,80,66,171,119,63,83,71,168,86,69,67,161,114,59,62,107,66,64,152,120,81,68,95,59,56,97,62,55,152,127,124,87,59,53,115,153,119,103,53,52,175,114,56,128,55,49,53,152,48,162,105,52,47,170,156,72,148,46,142,50,44,45,48,111,93,63,50,45,162,43,47,149,134,87,63,53,109,89,45,46,169,86,107,76,48,40,84,33,33,118,32,97,57,90,76,30,158,88,70,111,155,51,140,33,171,159,83,30,82,145,126,81,31,163,150,102,154,85,54,140,21,117,111,38,36,30,167,133,121,70,74,41,23,17,136,34,149,132,129,97,67,48,8,79,21,121,24,149,157,36,70,45,16,101,77,47,0,70,7,86,56,29,99,11,144,25,21,10,15,140,118,102,89,77,51,16,31,155,140,115,78,49,159,111,85,25,26,23,159,72,30,81,22,154,66,48,23,153,77,39,78,55,157,129,88,50,35,132,102,33,154,110,58,112,122,76,148,109,51,59,151,113,78,35,39,112,44,125,69,47,38,29,67,62,36,30,132,128,48,170,31,86,43,169,93,118,108,69
102,67,79,109,70,84,62,69,106,60,69,71,99,65,98,108,61,69,114,91,67,58,65,57,74,81,56,68,96,90,70,68,54,69,87,62,90,64,56,76,95,110,60,108,69,67,91,102,89,85,98,54,67,87,105,92,49,85,92,79,64,84,89,101,54,46,49,61,69,96,67,103,84,70,41,45,52,50,40,59,105,102,38,48,35,50,97,35,76,81,55,78,39,39,34,31,72,90,33,31,47,88,37,73,95,102,90,26,93,25,76,58,22,51,94,81,36,85,22,26,71,59,49,43,38,40,97,97,64,52,13,12,32,51,84,67,40,80,63,60,28,9,24,73,11,90,51,46,79,87,34,2,25,86,31,7,23,70,0,77,16,14,99,29,60,74,45,50,79,84,70,48,32,20,9,20,55,100,85,70,45,10,22,89,42,17,94,47,91,89,9,43,16,53,84,14,27,54,83,16,37,17,24,88,60,23,29,43,64,35,47,85,42,25,45,54,21,79,43,33,28,83,47,24,52,103,46,42,58,27,40,50,64,28,31,54,65,65,61,44,102,79,33,51,101,36,54,46,34
170,86,70,178,126,66,90,77,175,93,74,72,168,121,60,62,114,71,63,159,127,87,73,102,64,60,103,67,56,159,134,131,94,65,56,123,160,127,111,57,53,183,121,55,135,60,51,52,159,51,169,112,57,49,178,163,78,155,47,149,55,46,46,48,118,101,70,56,50,169,48,45,156,141,94,70,59,117,96,50,44,176,93,114,83,55,39,91,36,35,126,35,104,64,97,83,34,165,95,77,118,163,58,147,30,178,166,91,28,89,152,133,88,38,170,157,109,161,92,61,147,27,124,118,45,43,25,174,140,128,77,81,49,30,14,144,41,156,139,136,104,75,55,10,86,15,128,32,156,164,43,77,52,9,108,84,54,7,77,0,93,63,22,106,17,151,32,27,4,8,147,125,109,96,84,58,22,23,162,147,122,85,56,166,118,92,18,32,16,166,78,36,88,27,160,72,54,28,160,83,45,84,61,164,136,94,56,40,139,108,38,161,116,64,119,129,82,154,116,57,65,158,119,84,39,33,118,49,131,75,52,42,31,73,67,40,32,139,134,52,176,29,92,47,176,99,124,114,74
92,76,91,98,66,96,69,79,94,66,80,82,88,62,112,123,60,80,129,81,62,65,76,59,86,95,57,80,111,79,63,62,59,81,101,58,79,58,54,89,109,98,55,123,61,80,106,117,77,99,85,51,80,101,92,80,58,73,107,68,78,99,104,116,49,46,60,74,83,83,81,118,72,59,43,55,65,43,40,73,121,88,40,41,41,64,113,37,91,97,45,94,35,51,33,37,87,76,32,39,37,73,51,59,111,87,76,27,109,26,62,44,24,66,79,67,25,70,20,40,56,75,35,30,54,56,113,82,49,37,23,19,48,67,100,52,56,64,47,44,15,21,40,90,11,106,36,62,63,71,50,16,41,102,15,9,39,86,16,93,0,30,115,13,76,58,61,66,95,100,54,32,16,4,9,35,71,116,69,54,29,9,37,73,25,5,110,62,107,73,17,59,12,69,68,25,41,69,67,17,52,17,37,72,45,15,42,58,48,21,61,69,28,36,30,39,23,63,29,45,38,67,33,25,66,118,33,55,43,33,53,64,79,35,40,68,79,50,47,56,86,93,30,64,85,30,41,35,40
115,66,73,122,79,77,63,66,119,62,65,66,112,74,88,98,69,64,103,103,77,59,62,62,67,73,62,63,86,103,81,79,57,63,78,72,103,75,64,68,85,124,70,97,81,61,81,91,102,75,111,63,60,77,119,105,49,98,82,92,57,74,79,89,65,53,46,54,60,110,58,91,98,83,47,42,47,62,47,51,93,116,45,59,39,43,85,42,65,70,68,67,50,35,44,36,61,104,42,33,60,102,31,87,82,116,104,35,80,34,90,72,32,39,108,96,49,99,34,21,85,47,63,57,28,29,84,111,78,66,20,22,21,39,70,81,27,94,77,74,42,15,13,60,25,76,65,33,93,101,21,15,12,72,45,21,9,56,14,63,30,0,85,43,46,88,31,36,65,70,84,62,46,33,21,6,41,86,99,84,59,22,8,103,55,29,80,33,77,103,17,29,26,39,98,14,15,40,97,23,24,24,15,101,74,34,17,30,77,47,33,98,55,17,57,67,25,92,55,22,21,96,58,28,39,89,58,30,70,25,29,38,51,25,25,41,51,77,73,33,114,65,38,40,114,43,65,55,31
191,102,83,200,146,77,107,92,196,111,89,87,189,141,65,62,133,86,60,180,147,105,89,122,77,70,123,82,60,180,155,152,113,79,64,143,181,147,131,70,58,204,141,53,156,75,57,53,180,59,191,133,72,57,199,185,97,177,52,171,71,55,52,48,139,121,88,72,64,191,63,43,178,163,115,89,77,138,117,67,40,198,114,135,104,73,38,112,48,44,147,45,126,84,119,104,47,187,116,98,139,184,79,169,29,200,188,112,28,111,174,155,109,58,192,179,131,183,114,82,169,46,146,140,66,65,18,196,162,150,99,103,70,51,21,166,62,178,161,158,126,97,77,28,108,12,150,53,178,186,65,99,74,14,130,106,76,29,99,22,115,85,0,128,39,173,54,49,20,15,169,147,131,118,106,80,44,3,184,169,144,107,78,188,140,114,7,53,10,188,100,58,109,48,182,94,76,49,181,105,66,106,82,186,158,116,77,61,161,130,58,183,138,85,140,150,104,176,137,78,86,179,141,105,57,22,140,69,153,96,72,61,47,93,88,58,47,160,155,71,198,38,113,65,197,120,145,135,94
84,84,101,89,65,107,76,88,86,73,90,92,80,62,124,135,62,90,141,73,60,73,86,63,97,106,61,90,123,71,59,58,64,92,113,56,71,56,56,100,121,88,54,135,56,91,118,129,69,111,76,51,92,113,82,71,67,65,120,60,89,111,116,128,47,50,69,85,95,73,93,131,62,52,48,65,76,41,45,85,133,77,45,39,49,75,126,43,104,109,39,106,36,62,37,45,100,65,37,48,33,62,63,49,123,75,64,33,122,33,51,35,32,79,67,55,22,58,26,52,45,88,25,22,67,69,126,69,38,26,34,30,61,80,113,40,68,51,35,32,11,34,53,103,22,119,23,75,50,58,63,29,54,115,4,22,52,99,29,106,13,43,128,0,89,45,74,79,108,113,41,19,4,10,22,48,84,129,56,41,16,21,50,60,13,15,123,75,120,60,29,71,21,81,55,36,54,82,54,27,64,26,49,59,32,19,54,70,35,15,74,56,18,48,20,28,32,51,21,56,49,54,24,33,78,131,24,67,33,42,64,76,91,45,50,80,91,39,36,67,73,106,34,75,73,31,33,30,49
155,78,67,163,113,65,80,70,160,82,68,67,153,108,65,69,101,65,72,144,113,77,66,90,60,59,91,61,61,144,119,117,82,59,58,109,145,112,97,55,58,167,107,64,120,55,55,60,144,53,154,98,53,52,162,148,67,140,53,134,50,49,51,57,103,87,59,49,46,153,45,56,141,126,80,59,50,102,82,44,56,160,79,99,69,45,49,77,38,40,110,38,89,52,82,69,34,149,80,63,102,146,45,131,42,161,149,75,40,74,135,116,72,28,154,141,93,145,76,46,131,20,108,102,31,30,41,157,123,111,61,65,34,18,27,127,26,140,123,120,88,58,39,17,70,31,111,16,139,147,27,60,35,26,91,67,37,11,60,17,76,46,39,89,0,134,15,10,19,24,130,108,92,79,67,41,5,40,145,130,105,68,39,149,101,75,34,15,31,149,61,20,71,12,143,55,37,14,143,66,29,67,44,147,119,77,40,24,122,91,23,144,99,47,101,111,66,137,99,41,48,141,102,67,25,45,101,34,114,59,37,29,23,56,51,27,24,122,117,37,159,30,75,34,159,82,107,97,58
68,117,139,68,78,146,108,124,65,103,126,129,63,78,165,177,82,127,183,61,72,105,122,89,136,146,87,128,164,58,65,66,95,131,153,70,56,67,78,141,163,60,69,178,60,131,159,172,53,153,53,72,132,155,55,51,103,50,162,50,130,153,159,171,64,78,108,126,136,47,135,174,44,47,79,104,117,59,76,126,177,46,78,59,85,117,170,77,147,153,48,150,63,103,69,82,143,36,70,87,50,33,105,31,168,38,31,70,166,70,26,32,71,123,30,25,50,24,65,96,22,133,34,39,111,113,171,29,22,29,77,73,105,125,158,17,113,14,18,19,49,78,98,147,66,164,25,120,9,15,108,74,99,160,43,67,97,144,74,151,58,88,173,45,134,0,119,124,153,158,4,26,42,55,67,93,129,174,11,4,29,66,95,15,33,59,168,120,165,16,73,116,64,126,13,81,98,126,14,70,109,69,93,18,21,59,98,115,19,46,118,17,39,91,38,29,73,18,41,100,92,21,39,73,122,175,41,110,31,83,107,119,135,86,92,123,135,28,32,110,35,149,69,118,36,64,42,51,89
142,72,67,150,101,67,73,66,147,74,65,64,140,96,71,78,90,63,82,131,101,69,62,80,60,62,81,59,68,131,107,105,73,58,62,97,132,100,86,57,66,153,95,74,108,54,62,70,130,58,140,86,52,59,148,134,59,126,61,120,49,55,59,67,91,75,52,47,48,139,46,67,127,112,69,51,45,89,70,42,68,146,67,86,58,40,60,64,44,48,96,45,76,43,69,57,40,134,67,52,88,132,36,117,55,147,135,62,53,60,121,102,59,25,139,126,78,130,62,34,116,24,93,87,22,22,55,142,109,97,47,51,22,17,41,112,17,125,108,105,73,44,25,30,55,46,96,9,124,132,13,45,21,41,76,52,23,25,45,32,61,31,54,74,15,119,0,5,34,39,115,93,77,64,52,26,10,55,130,115,90,53,24,134,86,60,49,4,46,134,46,8,56,11,128,40,23,12,127,51,16,52,30,132,104,62,26,14,107,76,14,129,84,33,86,97,51,122,84,28,35,126,87,53,20,59,87,24,99,45,26,22,26,43,38,23,27,107,102,28,144,38,61,27,144,68,93,82,45
147,74,67,155,105,66,75,67,151,77,66,65,144,100,69,75,94,63,78,136,105,72,64,83,60,61,84,60,66,135,111,109,76,58,61,101,136,104,90,56,63,158,99,71,112,54,60,67,135,56,145,90,52,56,153,139,62,131,58,125,49,53,56,63,95,79,54,48,47,144,45,63,132,117,73,53,47,93,74,42,64,151,71,90,62,41,57,69,42,45,101,43,80,46,74,61,38,139,72,56,93,137,39,122,51,152,140,66,49,65,126,107,63,25,144,131,83,135,67,38,121,22,98,92,25,24,50,147,114,101,52,55,26,16,37,117,19,130,113,110,78,49,30,26,60,41,101,10,129,137,17,50,26,36,81,57,27,21,50,27,66,36,49,79,10,124,5,0,29,34,120,98,82,69,57,31,5,50,135,120,95,58,29,139,91,65,44,6,41,139,51,11,61,8,133,45,28,10,132,56,19,57,34,137,109,67,30,16,112,81,16,134,89,37,91,101,56,127,89,32,39,131,92,58,20,54,91,26,104,49,29,23,24,47,42,23,25,112,107,30,149,35,66,28,149,73,97,87,49
173,89,74,181,129,70,93,80,178,96,78,76,171,124,63,64,117,75,65,162,130,91,77,106,68,63,107,71,59,162,137,134,97,68,59,126,163,130,114,61,56,185,124,57,138,64,54,55,162,54,172,115,61,52,180,166,82,158,50,152,59,50,49,50,121,104,73,59,53,172,52,47,159,144,97,74,63,120,99,54,46,179,96,117,86,58,41,94,40,38,128,38,107,67,100,86,38,167,98,81,121,165,61,150,32,180,168,93,30,92,154,135,91,41,173,160,111,163,95,64,149,30,127,121,48,47,26,176,142,130,80,84,52,33,16,146,44,159,142,139,107,77,57,13,89,15,130,34,158,166,46,79,54,9,110,86,56,10,79,4,95,65,20,108,19,153,34,29,0,5,149,127,111,98,86,60,24,21,164,149,124,87,58,168,120,94,15,33,13,168,80,38,89,28,162,74,56,29,161,85,46,86,62,166,138,96,57,41,141,110,39,163,118,65,120,130,84,156,117,58,66,159,121,85,39,29,120,50,133,76,53,42,30,74,68,39,30,140,135,52,178,27,93,47,177,100,125,115,75
178,93,76,186,133,72,97,83,183,100,81,79,176,129,63,63,121,78,64,167,135,94,80,110,70,65,111,74,59,166,141,139,101,71,60,130,168,134,118,63,56,190,128,56,143,67,55,54,167,55,177,120,64,53,185,171,86,163,50,157,62,51,49,49,126,108,77,62,56,177,55,46,164,149,102,78,67,124,104,57,44,184,101,122,91,62,40,99,41,39,133,39,112,72,105,91,40,172,103,85,125,170,66,155,31,185,173,98,29,97,159,140,95,45,178,165,116,168,99,69,154,34,132,126,53,51,23,181,147,135,85,88,56,38,16,151,48,164,147,144,112,82,62,16,94,12,135,39,163,171,50,84,59,6,115,91,61,15,84,8,100,70,15,113,24,158,39,34,5,0,154,132,116,103,91,65,29,16,169,154,129,92,63,173,125,99,10,38,8,173,85,43,94,33,167,79,61,34,166,90,51,91,67,170,143,101,62,46,146,115,43,168,123,70,125,135,89,161,122,63,71,164,126,90,43,26,125,54,138,81,57,47,33,78,73,44,34,145,140,57,183,28,98,51,182,105,130,120,79
70,114,136,70,77,143,105,121,67,101,123,126,65,77,161,173,80,124,179,62,71,103,119,87,133,143,85,125,161,59,64,65,92,127,150,69,57,65,76,137,160,63,68,174,59,127,156,168,54,149,55,70,128,152,57,53,100,51,158,50,126,150,155,168,62,75,105,123,133,49,131,170,45,47,77,101,113,57,73,123,173,49,75,57,82,113,166,74,143,149,46,146,61,99,66,79,140,38,67,84,47,35,101,31,164,42,34,67,163,67,27,31,67,119,33,27,47,26,61,92,22,129,32,37,107,109,167,33,22,27,73,69,101,121,154,16,109,17,16,17,45,74,94,144,62,160,21,116,13,19,104,70,95,156,39,63,93,140,70,147,54,84,169,41,130,4,115,120,149,154,0,22,38,51,63,89,125,170,15,1,25,62,91,19,29,55,164,116,161,19,69,112,60,122,15,76,94,122,16,66,104,65,89,20,17,55,94,111,16,42,114,19,35,87,34,26,69,18,37,96,88,21,36,69,118,171,37,106,28,79,103,115,131,82,88,119,131,25,29,106,37,145,65,114,37,59,39,47,85
76,98,118,79,69,124,89,104,76,85,105,108,72,67,141,153,69,106,159,66,63,86,101,73,114,123,71,107,140,64,59,59,77,108,130,60,63,58,64,118,139,75,58,154,55,108,136,148,60,129,65,58,109,131,69,61,82,56,138,53,106,129,135,147,52,60,86,103,113,60,111,149,52,46,60,82,94,46,57,102,152,63,58,44,64,93,145,57,122,128,38,125,45,79,49,60,119,51,49,64,36,48,81,37,142,59,49,48,141,48,37,27,48,98,51,40,30,42,42,71,30,107,21,22,86,88,146,52,24,18,52,48,80,99,132,24,87,34,20,17,25,53,72,122,41,138,10,95,32,40,82,49,73,134,18,41,71,118,48,125,32,62,147,19,108,26,93,98,127,132,22,0,16,29,41,67,103,148,37,22,3,40,69,41,7,33,142,94,139,41,47,90,39,100,36,55,72,100,35,44,83,43,67,40,16,34,72,89,18,22,92,38,17,66,17,16,48,33,20,74,66,36,21,48,96,149,22,84,21,58,82,93,109,61,67,98,109,25,25,84,55,124,46,93,55,41,28,32,64
84,87,105,89,67,111,79,92,85,76,93,96,80,64,127,139,64,93,144,73,62,76,89,66,101,110,64,94,126,71,60,60,68,95,116,58,71,57,58,104,125,87,56,139,57,95,121,133,68,115,75,54,95,117,81,70,70,64,123,60,93,114,120,132,49,53,73,89,98,72,97,134,62,52,51,69,80,43,48,88,137,76,48,41,52,79,129,46,107,113,40,110,38,65,40,48,103,64,40,52,34,61,66,48,127,73,62,36,125,36,49,34,35,82,65,53,24,56,30,56,43,92,25,22,70,72,130,67,36,25,38,34,64,84,116,38,72,49,33,30,14,37,57,106,26,122,21,79,48,56,66,33,57,118,6,26,55,102,32,109,16,46,131,4,92,42,77,82,111,116,38,16,0,13,25,51,87,132,53,38,13,24,53,57,9,17,126,78,123,57,31,74,23,84,52,39,57,84,51,29,67,28,51,55,29,20,56,73,32,13,76,53,15,50,17,24,33,47,18,59,51,51,21,34,80,133,21,69,29,43,66,78,93,47,52,82,94,35,33,69,70,108,34,77,69,31,30,28,50
92,80,95,98,68,101,73,83,94,70,85,86,88,65,116,127,63,84,133,81,64,69,80,62,91,99,61,84,115,79,64,63,62,86,105,60,79,60,57,93,113,97,57,127,62,84,110,121,77,103,85,53,85,105,91,79,62,73,111,68,82,103,108,120,51,49,64,78,87,82,85,122,71,60,46,60,70,45,44,77,125,87,43,43,45,68,117,41,95,101,45,98,37,55,36,41,91,75,36,43,38,72,55,58,114,85,74,30,113,30,60,44,28,70,77,65,26,68,24,44,55,79,34,30,58,60,117,80,47,36,27,23,52,71,103,50,59,62,45,42,15,26,44,93,16,110,34,66,61,68,54,20,45,105,13,13,42,89,20,96,4,33,118,10,79,55,64,69,98,103,51,29,13,0,12,38,74,119,66,51,26,11,40,70,22,4,113,65,110,70,18,61,11,71,64,26,44,72,64,17,54,17,39,68,41,12,44,60,44,17,63,66,24,38,26,35,23,59,25,46,39,63,28,24,68,121,28,57,39,33,54,65,81,36,40,70,81,46,42,57,82,95,28,65,82,27,37,31,40
100,74,87,107,72,92,69,77,103,66,77,79,97,67,106,117,64,77,122,89,68,65,73,61,82,90,60,76,105,88,70,69,60,77,95,64,88,65,58,84,103,107,61,116,69,76,100,111,86,93,94,56,76,95,101,89,56,82,101,77,73,93,98,109,55,49,57,69,78,92,76,111,81,68,45,52,61,50,43,67,113,98,42,48,41,59,106,39,85,90,53,87,40,47,37,37,80,85,36,37,45,83,46,68,103,97,85,29,101,28,71,54,26,59,89,76,33,79,24,35,66,68,44,39,47,49,105,91,59,47,20,17,41,59,92,61,48,73,57,54,24,16,33,81,12,98,45,54,73,80,42,10,33,93,25,6,31,77,9,84,9,21,106,22,67,67,52,57,86,91,63,41,25,12,0,26,62,107,78,63,38,1,28,82,34,8,101,53,98,82,7,49,8,59,76,15,32,60,76,10,42,11,27,80,52,15,32,49,56,26,52,77,34,27,36,46,16,71,34,35,29,74,38,19,56,109,38,46,50,25,43,54,69,27,31,58,70,57,53,47,93,84,26,55,93,29,46,38,33
121,69,74,128,84,77,66,67,124,66,67,68,118,79,87,96,74,66,101,109,83,62,63,67,68,73,67,64,85,108,87,85,62,64,77,78,109,81,69,67,83,130,76,94,87,61,79,89,108,74,117,68,60,75,124,111,52,103,80,98,57,72,77,87,71,59,48,54,59,116,57,88,103,89,52,45,47,67,52,50,90,121,50,65,43,43,82,47,63,67,74,64,55,37,50,41,58,110,47,37,66,107,33,92,78,122,110,41,77,40,96,77,37,37,114,101,55,105,39,23,91,44,68,63,26,28,80,117,83,71,25,28,20,35,66,86,25,99,82,79,48,21,14,56,30,72,71,29,98,106,17,20,9,67,50,27,7,51,20,58,35,6,80,48,41,93,26,31,60,65,89,67,51,38,26,0,36,81,104,89,64,27,2,108,60,34,75,27,72,108,20,24,30,34,102,15,9,34,101,26,18,27,11,106,78,37,13,24,81,51,27,103,59,14,61,71,27,97,59,18,18,100,62,30,33,83,61,25,74,25,24,32,45,24,22,36,46,81,77,28,119,60,39,34,118,45,68,58,29
152,77,68,160,110,67,79,70,156,81,68,67,149,105,68,73,98,66,76,140,110,75,66,88,61,61,88,62,65,140,116,114,80,60,60,105,141,109,94,57,62,163,103,69,117,56,59,65,140,56,150,95,54,56,158,144,66,136,57,130,51,52,55,61,100,84,58,49,48,149,46,60,137,122,77,57,50,98,79,44,61,156,76,95,66,44,54,73,41,43,106,41,85,50,79,66,37,144,76,60,98,142,43,127,48,157,145,71,45,70,131,112,68,28,149,136,88,140,72,43,126,22,103,97,29,28,46,152,119,107,57,60,30,18,33,122,23,135,118,115,83,54,35,22,65,37,106,13,134,142,22,55,31,32,86,62,33,16,55,22,71,41,44,84,5,129,10,5,24,29,125,103,87,74,62,36,0,45,140,125,100,63,34,144,96,70,39,9,36,144,56,14,65,8,138,50,32,9,137,61,23,62,39,142,114,72,34,19,117,86,18,139,94,41,96,106,60,132,94,35,43,135,97,62,21,49,96,29,109,53,32,24,21,51,46,23,22,116,112,33,154,31,70,30,153,77,102,91,53
193,105,86,201,148,80,110,95,198,113,92,90,191,143,68,65,136,89,63,182,149,108,92,124,80,73,125,85,64,182,157,154,115,82,67,145,183,149,133,73,61,206,143,56,158,78,60,56,182,62,192,135,75,60,201,186,100,178,55,172,74,58,55,51,141,123,91,75,66,193,66,46,180,164,117,92,80,140,119,70,43,199,116,137,106,75,41,114,50,47,149,48,127,86,121,106,50,188,118,100,141,186,81,171,32,201,189,114,31,113,175,156,111,60,194,181,132,184,115,84,170,48,148,142,68,66,21,197,163,151,101,104,72,53,24,167,64,180,163,160,128,98,78,30,110,15,151,55,179,187,66,100,75,16,131,107,77,31,100,23,116,86,3,129,40,174,55,50,21,16,170,148,132,119,107,81,45,0,185,170,145,108,79,189,141,115,6,54,9,189,101,58,110,49,183,94,76,49,182,105,67,107,83,186,158,117,78,61,162,131,58,184,139,85,141,151,104,177,138,78,86,180,141,106,57,19,140,69,153,96,72,61,46,94,88,57,47,161,156,71,199,37,113,64,198,120,146,135,94
70,127,150,68,86,157,118,135,66,113,137,140,65,86,175,188,91,138,194,65,80,116,133,99,147,157,97,139,175,61,72,74,105,141,164,79,59,75,87,152,174,58,78,189,67,142,170,183,56,164,54,81,143,166,54,53,113,54,173,55,141,164,170,182,73,88,119,137,147,47,146,185,47,53,90,115,128,68,86,137,188,44,88,68,96,128,181,88,158,164,57,161,74,114,79,93,154,36,80,98,59,34,116,36,179,34,30,81,178,81,30,41,82,134,27,27,60,24,76,107,28,144,45,50,122,124,182,24,31,40,88,84,116,136,169,25,124,16,27,30,60,89,109,159,77,175,36,131,12,9,119,85,110,171,54,78,108,155,85,162,69,99,184,56,145,11,130,135,164,169,15,37,53,66,78,104,140,185,0,15,40,77,106,4,44,70,179,131,176,5,84,127,75,137,7,91,109,137,9,81,119,80,103,11,29,70,109,125,27,56,129,13,49,102,47,38,83,18,51,110,102,19,48,83,132,186,50,121,39,93,118,130,145,96,102,134,146,34,39,120,27,160,79,128,28,73,50,59,99
71,115,137,71,78,143,106,122,68,101,124,127,66,77,162,174,81,125,180,63,72,103,120,88,133,143,86,126,161,60,65,66,93,128,150,70,58,66,77,138,160,64,69,175,60,128,156,169,55,149,56,71,129,152,58,54,100,52,159,51,127,150,156,168,63,76,105,123,133,50,132,171,46,48,77,101,114,57,74,123,174,50,75,57,83,114,166,75,144,149,47,146,61,100,66,79,140,39,67,84,48,36,102,32,164,42,34,67,163,68,28,31,68,119,34,28,47,27,62,92,23,129,33,37,107,109,167,33,22,28,73,69,102,121,154,17,109,17,17,18,45,74,94,144,62,160,22,117,13,19,104,70,95,156,40,63,93,140,70,147,54,84,169,41,130,4,115,120,149,154,1,22,38,51,63,89,125,170,15,0,25,62,91,19,29,55,164,116,161,19,69,112,60,122,15,76,94,122,15,66,104,65,89,19,16,55,94,111,15,42,114,18,35,87,33,25,69,17,37,95,88,20,35,68,117,171,36,106,27,79,103,115,131,82,88,119,131,25,28,106,36,145,65,114,37,59,38,47,84
78,96,116,82,69,122,88,102,78,84,104,106,74,67,139,151,69,104,157,68,64,85,99,72,112,121,70,105,138,66,60,60,76,107,128,60,65,58,63,116,137,78,58,151,56,106,133,145,62,127,67,58,107,129,72,63,80,58,135,55,104,127,132,144,52,59,84,101,110,63,109,147,54,48,59,80,91,46,56,100,150,66,57,44,62,91,142,55,120,126,39,122,44,77,48,58,116,54,48,62,36,51,78,39,140,62,52,46,138,46,40,28,46,95,54,43,29,45,40,68,33,105,22,23,83,85,143,55,27,20,50,46,77,97,129,27,85,37,23,20,23,50,69,119,38,136,13,92,35,43,80,46,70,131,16,39,68,115,45,122,29,59,144,16,105,29,90,95,124,129,25,3,13,26,38,64,100,145,40,25,0,37,66,44,4,30,139,91,136,44,44,87,36,97,39,51,69,97,38,41,80,40,64,42,17,31,69,86,20,19,89,40,15,62,15,16,45,35,18,71,63,38,19,45,93,146,20,81,21,55,79,90,106,58,64,94,106,26,25,81,57,120,43,90,57,38,27,30,61
100,76,89,107,72,93,70,78,103,68,79,80,97,68,108,118,65,78,124,89,69,66,75,62,84,91,61,78,106,88,70,69,61,79,97,64,88,65,59,86,105,107,62,118,69,77,101,112,86,95,94,56,77,97,101,89,58,82,102,76,74,94,99,110,55,50,58,71,79,92,77,112,80,68,46,54,62,51,44,69,115,97,43,48,42,60,107,40,86,91,53,88,40,48,38,38,82,85,36,39,45,82,47,68,104,96,85,30,102,29,71,53,27,60,88,76,33,79,25,36,65,69,44,39,48,50,106,90,58,46,21,19,42,61,93,60,49,73,56,53,24,18,34,82,13,99,44,55,72,80,43,11,34,94,24,7,32,78,10,85,9,22,107,21,68,66,53,58,87,92,62,40,24,11,1,27,63,108,77,62,37,0,29,81,33,7,102,54,99,81,8,50,6,60,75,16,33,61,75,9,43,10,28,79,51,14,33,49,54,25,52,76,33,27,35,45,16,70,33,36,29,73,37,18,57,109,36,46,48,24,44,55,70,27,31,59,70,56,51,47,92,84,25,55,92,28,44,36,32
123,70,74,130,86,76,68,68,127,67,67,68,120,81,86,96,76,66,100,112,85,64,64,68,68,73,68,64,84,111,89,87,63,64,76,80,111,83,71,67,82,132,78,93,89,61,78,88,110,73,119,70,60,74,127,113,53,106,79,100,57,71,76,86,73,60,49,54,59,118,57,87,106,91,54,46,48,70,54,50,89,124,52,67,45,44,81,49,62,66,76,63,57,38,52,43,57,112,50,39,68,109,33,95,77,124,112,43,75,42,98,80,40,37,116,103,57,107,42,24,93,43,71,65,26,27,78,119,86,73,28,30,20,34,65,89,24,101,84,81,50,23,14,54,33,70,73,27,100,108,16,22,9,65,52,29,7,49,22,56,37,8,78,50,39,95,24,29,58,63,91,69,53,40,28,2,34,79,106,91,66,29,0,110,62,36,73,25,70,110,22,22,32,32,104,17,8,32,103,28,16,29,10,108,80,39,11,22,83,52,25,105,60,14,63,73,28,98,60,16,18,102,64,31,31,81,63,23,76,25,22,30,43,24,22,33,43,83,78,26,120,57,40,32,120,46,69,59,29
72,131,154,69,89,161,122,139,67,117,141,144,67,90,180,192,95,142,198,66,83,120,137,103,151,161,100,143,179,63,75,77,109,145,168,82,61,78,91,156,178,59,81,193,70,146,175,187,58,168,55,85,147,170,54,55,117,56,177,57,145,168,174,186,76,92,123,141,151,48,150,189,49,56,94,119,132,72,90,141,192,44,92,72,100,132,185,92,162,168,60,165,78,118,83,97,159,37,85,102,63,36,120,39,183,34,31,85,182,85,33,45,86,138,27,29,64,26,80,111,31,148,49,54,126,128,186,23,35,44,92,88,121,140,173,29,128,19,31,34,64,93,113,163,81,179,40,136,15,10,123,89,114,175,59,82,112,159,89,166,73,103,188,60,149,15,134,139,168,173,19,41,57,70,82,108,144,189,4,19,44,81,110,0,48,74,183,135,180,2,88,131,79,141,8,95,113,141,11,84,123,83,107,10,33,74,112,129,30,60,132,13,52,106,51,41,87,20,54,114,106,20,52,87,136,190,53,124,42,97,121,133,149,100,106,137,149,37,41,124,24,164,83,132,26,76,53,63,102
81,94,113,85,70,119,86,100,81,82,101,104,77,67,136,148,68,102,153,71,64,83,97,71,109,118,69,102,135,68,61,61,74,104,125,61,68,59,63,113,134,81,59,148,57,103,130,142,65,123,70,58,104,126,76,66,78,61,132,57,101,123,129,141,52,58,81,98,107,66,106,143,57,50,57,77,89,46,54,97,146,70,55,44,60,88,139,53,116,122,40,119,43,74,46,56,113,57,46,60,36,55,75,43,136,66,55,44,135,44,43,31,43,91,58,47,28,49,38,65,37,101,24,23,79,81,139,59,30,22,47,42,73,93,125,31,81,41,26,23,21,46,66,115,35,132,16,88,40,47,76,42,67,127,13,35,64,111,42,118,25,55,140,13,101,33,86,91,120,125,29,7,9,22,34,60,96,141,44,29,4,33,62,48,0,26,135,87,132,48,40,83,31,93,42,47,65,93,42,37,75,36,60,46,20,27,65,82,23,16,85,44,12,58,13,17,40,38,16,67,59,42,17,41,89,142,18,77,22,51,74,86,102,54,59,90,102,28,26,77,61,116,39,85,60,35,26,28,57
96,80,94,102,71,99,73,83,98,71,84,85,93,67,114,125,65,83,130,85,67,69,79,63,89,97,62,83,113,83,68,67,63,84,103,63,83,63,59,92,111,101,60,124,66,83,107,119,81,101,89,56,83,103,96,84,62,77,109,72,80,100,106,117,54,51,63,77,85,87,83,119,75,64,48,59,68,48,45,75,122,91,45,46,45,66,114,42,93,98,49,95,40,54,38,41,89,79,37,43,42,76,53,62,111,90,78,31,109,31,65,48,29,67,82,69,30,72,25,42,59,76,39,34,55,57,113,84,52,40,26,22,49,68,100,54,56,66,50,46,19,23,41,89,15,106,38,62,65,73,50,17,41,101,18,11,39,85,17,92,5,29,114,15,75,59,60,65,94,99,55,33,17,4,8,34,70,115,70,55,30,7,36,74,26,0,109,61,106,74,14,57,7,67,68,22,39,67,67,13,50,13,34,72,44,10,39,56,47,19,59,69,26,33,28,38,18,63,27,42,35,66,30,20,63,116,30,52,42,28,50,61,76,31,36,65,77,49,45,53,85,91,25,61,85,25,38,31,36
188,102,84,197,144,79,107,92,193,110,89,87,186,139,68,66,131,86,65,177,145,104,89,120,78,72,121,82,64,177,152,149,111,80,66,140,178,145,128,71,61,201,139,58,153,75,60,57,177,61,187,130,72,59,196,181,96,173,55,167,71,57,55,52,136,119,87,71,64,187,63,48,174,159,112,88,76,135,114,67,45,194,111,132,101,72,42,109,49,46,144,46,122,82,115,101,48,183,113,95,136,180,76,165,33,196,184,109,31,107,169,151,106,56,188,175,127,179,110,79,165,44,142,136,63,61,23,191,158,145,95,99,67,48,22,161,59,174,157,154,122,92,73,26,104,14,145,49,173,181,61,94,70,12,125,101,71,25,94,18,110,80,7,123,34,168,49,44,15,10,164,142,126,113,101,75,39,6,179,164,139,102,73,183,135,109,0,48,3,183,95,52,104,42,177,88,70,43,176,99,61,100,77,180,152,110,72,55,155,124,52,177,133,79,135,145,98,171,132,72,80,174,135,99,51,18,134,63,147,90,66,54,40,87,81,51,40,154,150,65,192,31,107,58,192,114,139,129,88
145,76,71,153,105,71,77,70,149,78,69,68,143,100,74,81,93,67,84,134,105,73,66,84,64,65,84,63,71,133,110,108,77,62,66,100,134,103,89,61,68,156,98,77,110,58,65,72,133,61,142,90,56,62,150,137,63,129,64,123,53,59,61,69,94,79,56,51,52,142,49,69,129,115,72,55,49,91,73,46,69,148,70,89,62,44,62,68,47,50,99,48,79,47,72,60,43,136,70,55,91,134,40,119,56,149,137,64,54,63,123,104,61,29,141,128,81,132,64,37,118,27,95,89,26,26,55,144,110,98,50,53,26,20,42,114,21,126,109,106,75,46,28,31,57,46,98,13,126,133,16,47,23,41,78,54,25,26,47,32,62,33,53,75,15,120,4,6,33,38,116,94,78,65,53,27,9,54,131,116,91,54,25,135,87,61,48,0,45,135,47,5,56,7,129,40,23,8,128,51,14,53,29,132,104,63,25,11,107,77,10,129,85,32,87,97,51,123,84,26,34,126,87,52,16,56,87,21,100,44,23,18,22,42,36,19,23,107,102,25,145,35,61,24,144,67,92,82,44
186,100,83,194,142,78,105,91,191,108,88,86,184,137,68,67,129,85,66,175,143,102,88,118,77,72,119,81,64,174,149,147,109,78,66,138,176,142,126,70,61,198,136,59,151,74,60,58,175,61,185,128,71,59,193,179,94,171,55,165,70,57,55,53,134,116,85,70,63,185,62,49,172,157,110,86,75,132,112,65,47,191,109,130,99,70,43,107,48,45,141,46,120,80,113,99,47,180,111,93,133,178,74,163,34,193,181,106,32,105,167,148,103,54,185,172,124,176,107,77,162,42,139,133,61,59,25,188,155,143,92,96,64,46,22,158,56,171,154,151,119,89,70,24,101,14,143,47,170,178,58,92,67,11,122,98,69,23,91,16,107,77,10,120,31,165,46,41,13,8,161,139,123,110,98,72,36,9,176,161,136,99,70,180,132,106,3,45,0,180,92,49,101,39,174,85,67,39,173,96,57,97,73,177,149,107,69,52,152,121,49,174,129,76,132,142,95,168,129,68,76,171,132,96,48,18,131,59,144,87,63,51,37,84,78,48,37,151,147,62,189,28,104,55,189,111,136,126,85
74,132,155,71,91,161,123,140,69,118,142,145,69,91,180,192,96,143,199,68,85,121,138,104,152,162,102,144,180,65,77,79,110,146,169,84,63,80,92,156,179,61,83,194,72,146,175,188,60,168,57,86,147,171,56,57,118,58,178,59,145,169,175,187,78,93,123,142,152,50,151,190,51,58,95,120,132,73,91,142,193,46,93,73,101,133,185,93,163,169,62,165,79,118,84,98,159,39,85,103,64,37,121,41,183,35,33,86,182,86,35,46,86,138,29,31,65,28,81,111,33,148,50,55,126,128,187,25,36,45,93,89,121,141,173,30,129,21,32,34,64,94,113,163,82,180,40,136,16,12,124,90,115,175,59,83,112,159,89,166,73,103,188,60,149,16,134,139,168,173,19,41,57,70,82,108,144,189,5,19,44,81,110,2,48,74,183,135,180,0,88,131,79,141,7,95,113,141,9,84,123,83,107,9,32,73,112,129,29,60,132,12,52,105,50,41,87,18,54,114,106,18,51,86,136,190,52,124,41,97,121,133,149,100,106,137,149,36,40,124,22,163,82,132,24,76,52,62,102
108,76,87,114,77,91,71,77,110,69,78,79,104,73,104,114,70,77,120,96,75,67,74,65,81,88,65,76,102,95,77,75,63,77,93,70,95,71,64,83,101,114,68,113,75,75,97,108,93,91,102,61,75,93,109,96,58,89,98,84,72,90,95,106,61,54,57,68,76,99,74,107,88,75,49,53,60,57,48,66,110,105,47,54,44,57,102,43,81,86,60,83,46,47,42,40,77,93,41,40,52,90,45,76,98,104,92,34,97,33,78,61,31,56,96,83,40,86,30,34,73,64,51,46,44,45,100,98,66,54,22,21,37,55,87,68,44,80,64,60,31,17,29,76,18,92,52,49,79,87,37,11,28,88,32,12,26,72,9,78,17,17,100,29,61,73,46,51,80,85,69,47,31,18,7,20,56,101,84,69,44,8,22,88,40,14,95,47,92,88,0,43,9,53,82,8,25,53,81,7,36,9,20,85,58,17,25,42,61,30,45,83,38,20,41,50,12,76,38,28,22,79,42,15,49,102,41,38,54,18,36,47,62,21,24,51,63,61,57,39,98,77,24,47,98,28,48,39,26
143,78,74,151,104,74,78,73,147,79,71,71,141,99,79,85,93,69,89,132,103,74,69,84,67,69,84,66,76,131,109,106,77,65,70,99,132,102,88,64,73,153,97,82,109,61,70,77,131,66,140,89,59,66,148,134,64,127,69,121,56,63,66,74,92,78,57,54,55,139,53,74,127,112,71,56,52,90,72,49,74,145,69,87,61,46,67,67,52,55,97,53,77,47,71,59,48,133,69,55,89,131,41,116,61,146,134,63,59,61,120,101,59,32,138,125,78,128,62,37,114,32,92,86,28,27,60,140,107,95,48,51,26,24,47,110,22,123,106,103,72,43,27,36,54,51,94,16,122,130,16,44,21,46,74,50,22,30,43,36,59,29,58,71,20,116,8,11,38,43,112,90,74,61,49,24,14,58,127,112,87,50,22,131,83,57,52,5,49,131,43,0,52,10,125,36,18,10,124,47,9,48,25,128,100,58,20,6,103,72,7,125,80,27,82,93,46,119,80,21,29,122,83,48,14,59,82,16,95,39,19,15,23,37,31,17,23,102,98,20,140,36,56,20,140,63,88,77,39
103,82,95,109,77,99,76,84,105,74,85,87,100,73,113,123,71,84,129,92,74,72,81,68,89,97,67,84,111,91,75,73,67,85,102,69,91,70,65,91,110,108,67,122,73,83,106,117,88,100,96,62,83,102,103,91,64,84,107,79,80,99,104,115,60,56,64,76,84,93,82,117,82,71,52,60,68,55,50,74,119,98,49,52,49,66,111,46,91,96,56,93,46,54,43,44,86,86,42,45,49,83,53,69,108,96,85,36,106,35,72,55,33,65,88,76,37,79,30,42,66,73,46,41,53,55,110,90,59,47,27,25,47,65,96,61,53,72,56,53,26,24,39,85,19,102,44,59,71,78,46,17,38,97,25,13,35,81,16,88,12,26,109,21,71,64,56,61,89,94,60,39,23,11,8,30,65,110,75,60,36,6,32,79,31,7,104,56,101,79,9,52,0,62,73,16,34,62,72,6,44,6,28,76,48,8,33,50,51,21,53,73,29,27,31,41,11,67,29,35,28,70,32,13,57,111,32,46,44,21,43,55,70,24,29,59,71,52,47,46,89,85,19,54,88,21,39,30,29
152,82,75,160,112,74,83,76,157,85,74,73,150,107,76,81,100,72,84,141,112,80,72,91,68,68,91,68,72,140,117,115,83,67,68,107,141,110,96,64,69,163,105,76,118,62,66,72,140,63,150,97,60,63,157,144,70,136,64,130,57,60,62,69,101,86,62,56,55,149,53,68,136,122,79,61,55,99,80,50,68,155,77,96,69,50,61,75,49,51,106,49,86,53,80,67,45,143,77,62,98,141,47,126,54,155,144,72,52,70,130,111,68,34,148,135,88,138,72,45,124,29,102,96,33,32,52,150,117,105,57,60,33,24,39,120,27,133,116,113,81,53,35,29,64,42,104,18,132,140,23,54,30,37,84,60,32,22,53,27,69,39,48,81,12,126,11,8,28,33,122,100,84,71,59,34,8,49,137,122,97,60,32,141,93,67,42,7,39,141,53,10,62,0,135,46,28,2,134,57,18,58,34,138,110,68,29,13,113,82,11,135,90,37,92,102,56,128,90,30,38,132,93,57,13,49,92,22,105,48,25,17,16,46,40,16,17,112,107,25,150,28,65,22,149,72,97,87,47
77,129,151,75,91,158,120,137,73,116,139,141,72,91,176,188,95,139,194,71,84,118,135,102,148,158,100,141,176,68,77,79,107,143,165,83,66,79,91,153,175,66,82,189,72,143,171,183,63,164,61,85,144,167,61,60,115,60,173,61,141,165,170,182,76,90,120,138,148,54,146,185,54,59,92,116,128,71,88,138,188,51,90,71,98,128,180,89,158,164,60,161,76,114,81,94,154,43,82,99,62,41,116,42,178,41,37,82,177,82,36,45,82,133,34,33,62,31,77,107,33,143,47,52,122,123,181,31,35,42,88,84,116,135,168,29,123,22,30,32,60,89,108,157,77,174,37,130,17,16,118,84,109,170,54,77,107,154,84,160,68,98,182,55,143,13,128,133,162,167,15,36,52,64,76,102,138,183,7,15,39,75,104,8,42,68,177,129,174,7,82,125,73,135,0,89,107,135,2,78,117,77,101,5,25,67,106,123,23,53,126,6,45,99,44,34,80,11,47,107,100,12,44,80,129,183,46,118,34,90,115,127,143,93,99,131,143,28,33,117,22,157,75,125,23,69,45,55,95
115,78,87,122,84,90,74,78,118,73,79,80,112,80,102,111,76,77,116,104,82,70,75,70,81,87,70,76,100,103,84,82,67,77,91,77,103,78,70,81,98,122,74,110,83,74,94,104,101,88,110,68,73,90,117,104,61,97,95,92,70,87,92,102,69,60,59,67,74,108,72,103,96,83,55,55,60,64,54,64,105,113,52,61,48,57,98,49,78,83,68,80,53,48,49,44,74,101,47,43,60,98,45,84,94,112,100,40,92,39,86,69,37,52,103,91,48,94,36,34,81,59,60,54,41,42,95,106,74,62,26,27,35,51,81,76,40,88,71,68,39,21,27,70,25,86,60,44,87,94,32,16,24,81,40,19,22,66,14,72,25,14,94,36,55,81,40,45,74,79,76,55,39,26,15,15,50,94,91,76,51,16,17,95,47,22,88,40,85,95,8,36,16,46,89,0,18,46,88,11,28,12,12,92,64,22,17,34,67,36,37,89,44,12,47,57,12,82,44,20,14,86,47,15,41,95,47,30,59,13,28,39,55,14,17,43,55,67,62,31,104,69,24,39,104,30,53,43,20
129,77,80,136,94,82,75,74,133,75,74,74,126,89,90,98,84,72,103,118,92,71,70,76,73,77,76,70,87,117,96,94,71,70,80,87,118,90,78,72,85,138,85,96,96,66,82,91,116,77,125,78,65,78,132,119,61,112,81,106,62,75,79,88,80,68,56,59,64,123,61,88,111,98,62,53,54,76,62,55,90,129,59,74,53,49,82,56,64,69,82,66,64,45,59,50,60,117,57,47,74,115,40,100,78,129,117,50,76,49,103,85,47,40,121,108,63,111,48,31,98,45,76,70,31,32,78,123,90,78,35,37,26,36,64,93,28,105,89,86,55,30,21,53,39,69,77,28,104,112,19,28,15,64,57,34,14,48,27,54,41,15,76,54,37,98,23,28,56,61,94,72,57,44,32,9,32,76,109,94,69,33,8,113,65,39,70,23,67,113,25,18,34,28,107,18,0,28,106,29,10,30,7,110,82,40,4,16,85,54,20,107,62,10,64,74,28,100,62,9,13,104,65,30,25,77,64,16,77,22,15,23,37,21,17,27,38,84,80,18,122,52,38,25,121,45,70,59,24
153,84,77,161,113,76,85,78,157,87,76,75,151,108,77,83,102,74,85,142,113,81,74,92,70,70,93,70,74,141,118,116,85,69,70,108,142,112,98,66,71,163,106,78,119,64,68,74,141,65,150,98,62,65,158,145,71,137,66,131,59,62,64,70,102,87,64,58,57,149,55,69,137,123,81,63,57,100,82,52,69,156,79,97,70,52,63,76,51,53,107,51,87,55,81,69,47,144,78,64,99,141,49,126,56,156,144,73,54,71,130,112,69,36,148,135,88,139,72,46,125,31,102,97,34,34,53,151,118,106,58,61,34,26,40,121,29,133,116,113,82,54,36,30,65,43,105,20,132,140,25,54,31,38,84,61,33,23,54,28,69,40,49,82,14,126,12,10,29,34,122,100,84,72,60,34,9,49,137,122,97,61,32,141,93,67,43,8,39,141,53,10,62,2,135,46,28,0,134,57,18,58,34,138,110,68,29,12,113,82,10,135,90,36,92,102,55,128,89,29,37,131,93,57,12,49,92,21,105,48,24,15,14,45,39,14,15,112,107,24,150,26,64,20,149,71,97,86,46
79,130,152,77,92,158,121,137,75,116,139,142,74,92,176,188,96,140,194,73,85,118,135,103,148,158,100,141,176,70,78,80,108,143,165,84,67,80,91,153,174,68,83,189,73,143,171,183,64,164,63,86,144,166,63,62,115,62,173,62,141,164,170,182,77,91,120,138,148,56,146,185,56,60,92,116,128,72,89,138,188,54,90,72,98,128,180,90,158,164,61,160,76,114,81,94,154,45,82,99,63,43,116,43,178,43,39,82,176,82,38,46,82,133,36,35,62,33,76,106,35,143,48,52,121,123,181,33,36,43,88,83,115,135,167,31,123,24,31,33,60,88,107,157,76,173,37,130,19,19,117,84,108,169,53,77,106,153,83,160,67,97,181,54,143,14,127,132,161,166,16,35,51,64,76,101,137,182,9,15,38,75,103,11,42,67,176,128,173,9,81,124,72,134,2,88,106,134,0,77,116,76,100,4,24,66,105,122,21,52,125,4,44,98,42,33,79,9,46,106,98,9,43,79,128,182,44,116,32,89,114,125,141,92,98,130,142,26,31,116,21,156,74,124,22,67,43,53,94
109,83,94,115,82,98,78,85,111,76,85,86,105,77,111,121,75,84,126,98,78,74,81,71,89,96,70,83,109,96,80,78,69,84,100,74,96,75,69,90,107,114,71,120,78,82,104,114,94,98,102,66,82,99,108,97,65,90,105,85,79,97,102,112,65,60,64,75,83,99,81,114,88,76,55,60,67,60,53,73,116,104,52,57,50,65,108,49,88,93,62,90,50,54,47,46,84,92,46,46,54,89,52,75,104,102,91,39,103,38,77,61,36,62,94,82,42,85,34,41,72,70,51,47,51,52,106,96,64,53,29,27,44,61,92,66,50,78,62,59,32,24,36,81,22,97,50,55,76,84,43,18,34,93,31,16,32,77,16,83,17,23,105,27,66,70,51,56,85,90,66,44,29,17,10,26,61,105,81,66,41,9,28,84,37,13,99,51,96,84,7,47,6,57,78,11,29,57,77,0,39,1,23,81,53,11,28,45,56,25,48,78,33,21,35,45,6,71,33,30,22,75,36,9,52,105,35,40,48,16,38,49,65,18,23,53,65,56,51,40,93,79,17,49,93,21,42,32,23
139,80,79,146,101,80,79,76,142,80,75,75,136,97,86,93,91,73,97,127,100,75,72,82,72,75,83,70,83,126,105,103,76,70,77,95,127,98,86,70,81,148,93,90,105,66,77,85,126,73,135,86,64,74,142,129,65,121,76,116,61,70,74,82,89,75,59,59,61,133,59,82,121,107,69,57,55,85,70,54,83,139,67,83,59,50,76,64,60,63,92,61,73,49,67,57,55,127,65,53,84,125,43,110,70,139,127,59,68,57,113,95,55,38,131,118,72,122,57,36,108,39,86,80,31,31,69,133,101,89,43,46,27,31,56,103,26,116,99,96,65,39,25,45,48,60,87,23,115,122,18,38,19,55,67,44,19,39,37,45,52,24,66,64,29,109,16,19,46,51,104,83,67,54,42,18,23,67,119,104,80,43,16,123,75,50,61,14,57,123,36,9,44,18,117,28,10,18,116,39,0,40,16,120,92,50,11,6,95,64,9,117,72,18,74,84,37,110,71,12,20,113,75,39,15,67,74,10,87,30,11,14,27,28,22,18,28,94,89,14,132,42,47,17,131,54,79,68,30
109,84,96,115,82,100,79,86,111,77,86,88,105,78,113,123,75,86,128,98,79,75,82,72,90,97,71,85,111,96,80,79,70,85,102,74,96,75,69,91,109,114,72,121,78,83,105,116,94,99,102,66,83,101,108,96,66,90,106,85,80,98,103,114,65,60,66,77,84,99,82,115,88,76,56,62,69,60,54,74,117,104,53,58,52,66,110,50,89,94,62,91,51,56,48,47,85,91,47,48,55,89,54,75,106,102,90,40,104,39,77,61,37,64,93,81,42,84,35,42,71,71,51,47,52,54,107,95,64,53,30,28,46,63,93,66,52,77,61,58,32,26,38,83,23,98,50,56,76,83,44,19,36,94,30,17,34,78,17,84,17,24,106,26,67,69,52,57,86,91,65,43,28,17,11,27,62,107,80,65,40,10,29,83,36,13,100,53,97,83,9,48,6,58,77,12,30,58,76,1,40,0,24,80,52,10,29,46,55,24,49,77,32,22,34,44,6,70,32,31,23,73,35,8,53,106,34,41,47,16,38,50,66,19,24,54,66,54,50,41,92,80,16,49,91,19,41,31,23
127,80,85,133,93,87,77,78,130,77,78,79,123,88,96,105,83,76,109,115,91,73,74,77,78,83,76,74,94,114,94,92,72,74,86,86,114,88,78,77,91,134,84,102,93,71,88,97,113,83,121,77,70,84,129,116,63,108,88,103,67,81,85,94,78,68,59,64,69,119,67,95,108,94,62,56,58,74,61,60,97,125,59,71,53,54,89,56,71,75,79,72,62,48,57,50,66,113,55,48,71,110,44,96,84,124,112,49,82,47,99,81,45,46,116,103,59,107,46,34,93,51,72,66,36,37,84,118,86,74,34,35,30,43,71,88,34,100,84,81,51,28,25,60,35,75,72,35,99,107,25,25,19,70,52,30,18,55,24,61,37,15,82,49,44,93,30,34,62,67,89,67,51,39,27,11,39,83,103,89,64,28,10,107,60,34,77,29,73,107,20,25,28,34,101,12,7,34,100,23,16,24,0,104,76,34,5,22,79,48,25,101,56,4,58,68,22,94,55,8,7,97,59,23,29,82,58,18,71,16,16,27,42,14,11,31,42,78,73,20,116,57,32,27,115,38,63,53,19
81,134,156,79,96,162,125,141,77,121,143,146,76,96,181,193,100,144,199,76,89,123,139,107,153,162,105,145,180,72,82,84,112,147,170,88,70,84,95,157,179,69,87,193,77,147,175,187,67,168,65,90,148,171,64,64,120,65,178,65,146,169,174,187,81,95,124,142,152,58,151,189,58,64,97,120,133,76,93,142,192,55,95,76,102,133,184,94,162,168,65,165,81,119,86,98,158,47,87,103,67,45,120,47,182,44,41,86,181,87,41,50,87,137,37,38,67,35,81,111,38,147,52,57,125,127,185,34,40,47,92,88,120,139,171,34,127,27,35,37,64,92,112,161,81,177,41,134,22,20,122,88,113,173,58,81,110,157,88,164,72,101,186,59,147,18,132,137,166,170,20,40,55,68,80,106,142,186,11,19,42,79,108,10,46,72,180,132,177,9,85,128,76,138,5,92,110,138,4,81,120,80,104,0,28,70,109,126,25,56,129,4,48,102,46,36,83,11,49,110,102,10,47,82,132,186,48,120,35,92,117,129,145,96,101,133,145,29,34,120,17,160,77,128,18,71,46,56,97
84,113,133,85,83,139,105,119,82,101,121,123,79,82,156,167,84,121,173,75,77,102,117,88,129,138,87,122,155,72,72,73,92,123,145,74,71,72,79,132,153,79,73,167,68,123,150,162,68,143,70,73,123,145,73,67,97,64,152,62,121,143,149,160,66,76,101,117,127,65,125,163,59,57,76,97,108,60,72,117,165,65,74,59,79,107,158,72,136,142,52,138,61,94,64,75,132,54,65,79,51,51,95,44,155,59,50,63,154,63,42,38,63,111,50,43,46,43,57,85,36,120,35,38,99,101,157,50,32,31,66,62,93,112,144,29,100,33,26,25,40,66,85,133,55,150,23,106,30,35,94,61,85,145,32,54,83,129,60,136,45,74,158,32,119,21,104,109,138,143,17,16,29,41,52,78,114,158,29,16,17,51,80,33,20,44,152,104,149,32,58,100,48,110,25,64,82,110,24,53,92,52,76,28,0,42,81,98,3,28,101,25,20,74,18,9,55,19,22,82,74,22,19,54,104,158,21,92,11,65,89,101,117,68,74,105,117,11,13,92,41,132,50,100,41,44,22,31,70
103,89,102,108,81,107,83,92,105,80,92,94,99,77,121,131,75,92,136,92,77,79,88,73,97,105,72,91,119,90,77,76,73,92,110,72,90,72,69,99,117,107,70,130,74,91,114,125,88,108,95,65,91,109,101,90,71,84,115,79,88,107,112,123,63,61,72,84,92,92,90,124,81,71,58,67,76,58,55,82,127,96,55,55,55,74,119,52,98,103,57,100,49,62,48,51,94,83,47,52,51,81,61,67,115,93,82,41,114,41,69,54,39,73,85,73,39,76,35,49,63,81,45,41,61,62,117,86,56,45,34,32,54,72,103,57,61,68,53,50,27,31,46,92,25,108,41,66,66,74,54,25,45,104,23,20,43,88,23,94,15,34,116,19,77,59,62,67,96,101,55,34,20,12,15,37,72,117,70,55,31,14,39,74,27,10,110,63,107,73,17,58,8,68,67,22,40,68,66,11,50,10,34,70,42,0,39,56,45,14,59,67,22,32,24,34,14,60,22,40,33,63,25,14,62,116,24,51,37,24,48,60,76,27,33,64,76,44,40,50,82,90,15,59,81,15,31,23,31
131,81,84,138,96,86,79,79,134,79,78,78,128,92,94,102,86,76,106,120,95,75,75,79,77,81,79,74,91,119,98,96,74,74,84,90,119,92,81,76,89,139,87,99,98,71,85,94,117,80,126,80,69,81,133,120,64,113,85,108,66,78,82,91,82,71,60,63,68,124,65,92,113,99,65,57,58,78,65,59,93,130,62,76,56,54,86,59,68,72,84,69,67,49,61,53,64,118,59,50,76,115,44,101,80,129,117,53,79,51,104,86,49,44,121,109,64,112,50,35,98,48,76,71,35,36,80,123,91,79,37,39,30,40,67,93,32,105,89,86,56,32,25,56,40,71,77,32,104,112,23,30,19,66,57,35,18,50,29,56,42,17,77,54,40,98,26,30,57,62,94,72,56,44,32,13,34,78,109,94,69,33,11,112,65,39,72,25,69,112,25,20,33,29,106,17,4,29,105,28,11,29,5,109,81,39,0,17,84,53,20,106,61,7,63,73,26,99,60,5,9,102,63,28,24,77,63,14,76,19,12,22,37,17,13,26,37,83,78,16,121,52,36,23,120,43,68,57,21
145,83,80,152,107,81,83,78,149,84,77,77,142,102,85,92,96,75,95,133,106,79,74,87,73,75,88,72,82,133,111,108,81,71,76,101,133,104,91,71,79,154,99,87,111,67,76,83,132,72,141,91,65,72,148,135,69,128,75,122,62,69,72,80,94,81,62,60,62,140,59,79,127,113,75,60,57,91,75,55,80,145,72,89,64,52,73,69,58,61,98,59,79,52,73,62,54,134,71,58,90,131,46,116,67,145,133,65,65,63,120,101,61,38,137,125,79,128,64,41,114,38,92,87,33,33,65,140,107,95,49,52,31,31,52,110,28,122,105,102,72,45,30,41,55,55,94,23,121,129,21,44,24,50,73,50,25,35,43,40,58,30,61,70,24,115,14,16,41,46,111,89,73,60,49,24,19,61,125,111,86,49,22,129,82,56,55,11,52,129,42,6,50,13,123,34,16,12,122,45,6,46,22,126,98,56,17,0,101,70,3,123,78,24,80,90,43,116,77,17,25,119,80,45,9,60,79,10,92,35,13,9,21,33,27,12,21,100,95,14,138,35,52,14,137,59,85,74,34
84,116,136,85,85,142,108,122,82,103,124,126,79,84,159,170,86,124,176,76,79,105,119,91,132,141,89,125,158,73,74,74,95,126,148,76,71,74,81,135,157,78,75,171,69,126,153,165,68,146,70,76,127,148,73,67,100,65,155,63,124,146,152,164,68,78,104,121,130,64,128,166,59,58,79,100,111,63,75,120,169,65,76,62,82,111,161,75,139,145,54,142,63,97,67,78,135,54,68,82,53,51,98,45,158,57,49,66,157,66,42,40,66,114,49,42,48,42,60,88,36,123,37,40,102,104,161,48,33,33,69,65,96,115,147,29,103,32,27,26,43,69,88,136,58,153,25,109,28,33,97,64,88,148,36,57,86,132,64,139,48,77,161,35,122,19,107,112,141,146,16,18,32,44,56,81,117,162,27,15,20,54,83,30,23,47,155,107,152,29,61,103,51,113,23,67,85,113,21,56,95,55,79,25,3,45,84,101,0,31,104,22,23,77,21,11,58,16,24,85,77,19,22,57,107,161,23,95,12,67,92,104,120,71,77,108,120,10,13,95,38,135,53,103,38,46,23,33,73
96,97,112,100,80,117,89,100,97,86,102,103,92,77,133,143,77,101,149,85,75,86,97,77,108,116,76,101,131,83,74,73,78,103,122,71,83,70,71,110,130,97,69,143,70,101,126,137,80,120,86,66,101,121,91,81,79,76,127,72,99,119,124,136,62,64,81,95,104,82,102,137,73,64,62,77,86,56,59,94,140,85,59,54,62,85,132,57,111,116,53,113,51,72,51,57,107,73,51,60,48,70,72,58,129,81,71,47,127,46,59,46,45,85,73,62,37,64,40,61,52,94,38,35,73,75,131,74,46,37,44,40,67,85,117,46,74,56,42,39,26,42,59,106,33,122,31,79,54,61,67,36,59,118,19,30,56,102,35,108,21,47,130,15,91,46,76,81,110,115,42,22,13,17,26,51,86,131,56,42,19,25,52,60,16,19,124,77,121,60,30,72,21,82,53,36,54,82,52,25,64,24,48,56,28,14,53,70,31,0,73,53,8,46,10,20,27,46,8,54,46,49,12,27,76,130,11,64,23,37,62,73,89,40,46,78,89,31,26,64,68,104,24,72,67,19,20,15,43
148,85,81,155,110,81,85,80,152,86,78,78,145,105,85,91,99,76,94,136,109,81,76,90,74,76,90,73,81,136,114,111,83,72,76,104,136,107,94,71,79,157,102,86,114,68,76,82,135,72,144,94,66,72,152,138,71,131,74,125,63,69,72,79,97,84,64,61,62,143,60,78,131,116,77,62,59,94,78,56,78,149,75,92,67,53,72,72,58,61,101,58,82,54,76,65,54,137,74,61,93,134,48,119,65,148,137,68,63,66,123,105,64,39,140,128,82,131,67,43,117,38,95,90,35,35,63,143,110,98,52,55,33,31,50,113,29,125,108,105,75,48,33,40,58,53,97,23,124,132,23,47,27,47,76,53,28,33,47,38,61,33,58,74,23,118,14,16,39,43,114,92,76,63,52,27,18,58,129,114,89,52,25,132,85,59,52,10,49,132,45,7,53,11,126,37,20,10,125,48,9,49,25,129,101,59,20,3,104,73,0,126,81,27,83,93,46,119,80,19,27,122,83,47,7,57,82,11,95,38,14,8,18,35,29,10,18,102,98,15,141,32,55,13,140,62,87,76,36
83,133,155,81,96,161,124,140,79,120,142,145,78,95,179,191,99,143,197,77,89,122,138,106,151,161,104,144,178,74,82,84,111,146,168,88,72,84,95,155,177,72,87,191,77,145,173,185,69,167,67,89,146,169,67,66,118,66,175,66,144,167,172,184,81,94,123,140,150,60,149,187,60,64,95,119,131,76,92,140,190,57,94,76,101,131,182,93,160,166,65,163,80,117,84,97,156,49,85,102,66,47,118,47,180,47,43,85,178,85,42,49,85,135,40,39,65,37,79,109,39,145,51,55,123,125,182,36,40,46,90,86,117,137,169,34,125,28,35,36,62,90,109,158,78,175,40,131,23,22,119,86,110,170,56,79,108,154,85,161,69,98,183,56,144,17,129,134,163,168,19,38,53,66,77,103,139,184,13,18,40,76,105,13,44,69,177,129,174,12,83,125,73,135,6,89,107,135,4,78,117,77,101,4,25,67,106,123,22,53,126,0,45,99,43,33,80,8,46,107,99,6,43,79,129,183,44,117,32,89,114,126,142,92,98,130,142,26,31,116,18,156,74,125,18,67,42,53,94
93,102,119,96,81,124,94,106,93,91,108,110,89,79,140,151,79,107,156,83,76,91,103,81,114,123,79,108,138,81,73,73,83,109,129,72,80,71,73,117,137,92,70,150,70,108,133,145,77,127,82,68,108,129,87,78,85,73,135,69,106,126,132,143,63,68,87,102,111,77,109,145,69,62,66,83,93,57,63,101,147,80,64,55,67,92,140,61,119,124,52,121,53,79,55,63,114,68,55,66,48,65,79,54,137,75,65,51,135,51,54,43,50,93,67,57,39,58,45,68,48,102,36,35,81,83,138,67,42,34,50,47,75,93,125,41,82,50,37,34,29,49,67,114,39,130,27,87,47,54,75,43,66,126,21,37,64,110,42,116,28,55,138,18,99,39,84,89,118,123,35,17,15,24,34,59,94,139,49,35,15,33,60,52,12,26,133,85,129,52,38,80,29,90,45,44,62,90,44,33,72,32,56,48,20,22,61,78,23,8,81,45,0,54,2,12,35,38,3,62,54,41,5,34,84,138,6,72,16,45,69,81,97,48,54,85,97,23,19,72,60,112,30,80,59,25,15,15,50
127,83,88,133,94,90,80,82,130,80,81,82,124,90,100,108,85,80,112,116,92,76,78,79,82,86,78,78,97,114,95,93,75,78,90,87,115,89,80,81,95,134,85,106,94,75,91,100,113,86,121,78,74,87,128,116,66,109,91,103,71,84,88,98,79,69,62,68,73,119,70,98,108,95,64,59,62,75,63,64,100,124,61,72,56,58,92,58,74,79,79,76,64,51,59,52,70,112,57,50,72,110,47,95,87,123,112,50,86,49,98,81,47,50,115,103,60,106,47,37,92,55,71,66,40,41,87,117,85,73,35,36,34,46,74,87,37,99,83,80,51,30,28,63,36,78,71,38,98,105,28,26,23,73,51,30,21,58,25,64,36,17,85,48,47,91,33,37,65,70,87,66,50,38,27,14,41,85,102,87,62,27,14,106,58,33,79,32,76,105,20,27,27,37,99,12,10,36,98,21,18,22,4,102,74,32,7,24,77,46,27,99,54,0,56,66,19,92,53,9,4,95,56,21,30,84,55,19,68,12,17,28,44,11,8,32,44,76,71,20,114,58,29,28,113,35,61,50,15
93,104,121,96,82,126,96,108,93,93,110,112,89,80,142,153,81,110,159,83,77,93,105,82,116,125,81,110,141,81,74,74,85,111,131,73,80,72,75,119,139,92,71,153,70,110,135,147,77,129,82,70,110,131,86,78,87,73,137,70,108,129,134,145,64,69,89,104,113,77,111,147,69,63,68,85,95,58,65,103,150,79,65,57,69,94,142,63,121,126,53,123,55,81,57,65,117,67,57,68,49,64,81,54,139,74,64,53,137,53,53,43,52,95,66,56,40,57,47,70,47,104,36,36,83,85,141,66,41,34,53,49,77,96,127,40,84,49,36,34,31,51,69,116,41,133,27,90,46,52,77,46,69,128,23,39,66,112,45,119,30,57,140,20,101,38,86,91,120,125,34,17,17,26,36,61,96,141,47,33,15,35,63,51,13,28,135,87,132,50,41,82,31,92,44,47,64,92,42,35,74,34,58,46,18,24,63,80,21,10,83,43,2,56,0,10,37,36,4,64,56,39,4,36,86,140,5,74,13,46,71,83,99,49,55,87,99,21,17,74,58,113,32,82,57,26,13,15,52
90,111,129,92,85,135,103,116,89,99,117,120,85,83,151,162,85,118,168,81,79,100,113,88,125,133,86,118,150,78,75,75,91,119,140,76,77,74,79,128,148,87,74,162,71,119,145,156,74,138,77,74,119,140,81,74,94,70,146,68,116,138,143,155,67,75,97,113,122,72,120,157,66,62,74,93,104,61,71,112,159,73,72,60,76,103,152,70,130,136,54,133,60,89,63,72,126,62,63,76,52,59,90,50,149,67,58,60,147,60,49,42,59,105,59,50,45,51,54,79,42,114,37,38,93,95,151,58,38,34,61,57,87,105,137,36,94,42,32,30,37,60,79,126,50,143,26,99,38,44,87,55,78,138,29,48,76,122,54,129,39,67,150,28,111,29,97,101,130,135,26,16,24,35,46,71,106,151,38,25,16,45,73,41,17,38,145,97,142,41,50,93,41,102,34,57,74,102,33,45,84,44,68,36,9,34,73,90,11,20,93,33,12,66,10,0,47,26,13,74,66,29,10,46,96,150,12,84,5,56,81,93,109,59,65,97,109,11,9,83,48,123,41,92,47,35,14,22,61
115,88,98,120,88,102,83,89,117,82,89,91,111,84,114,123,81,89,128,103,85,79,85,77,92,99,76,87,112,102,86,85,75,88,103,80,102,81,75,93,110,119,78,122,84,86,106,116,100,100,107,72,85,102,114,102,70,95,107,91,82,99,104,114,71,66,69,79,86,104,84,115,94,82,61,65,71,66,60,76,117,109,58,64,56,68,109,55,90,95,68,92,56,59,53,52,86,97,52,52,60,94,56,80,105,106,95,46,103,44,82,66,42,65,98,86,48,89,40,45,76,71,57,52,53,54,106,100,69,58,34,33,47,62,92,71,52,82,66,63,38,30,39,81,29,97,55,55,80,87,44,23,36,92,36,22,34,76,21,82,23,25,104,32,66,73,51,56,84,89,69,48,33,23,16,27,60,104,83,69,45,16,28,87,40,18,98,51,95,87,12,46,11,56,80,12,28,55,79,6,37,6,22,83,55,14,26,43,58,27,46,80,35,19,37,47,0,73,34,27,19,76,37,3,49,103,36,37,49,10,34,46,62,13,19,50,62,56,52,37,94,77,12,45,94,18,42,31,18
86,130,150,85,95,156,121,136,83,117,138,140,81,94,174,186,98,138,192,79,89,118,134,103,146,156,101,139,173,76,82,83,108,141,163,86,74,83,93,150,172,76,85,186,77,141,168,180,71,161,71,87,142,164,71,69,114,68,170,68,139,162,167,179,79,91,118,136,145,64,144,181,62,65,92,114,126,74,88,135,184,62,90,73,97,126,176,89,155,160,64,157,76,112,81,93,151,53,82,97,64,50,113,49,174,52,47,80,172,81,44,48,80,129,45,42,62,41,75,103,40,139,48,52,117,119,176,42,40,44,85,81,111,131,163,34,119,31,34,34,57,85,103,152,73,168,37,125,26,27,113,80,104,164,51,73,102,148,79,154,63,92,176,51,137,18,122,127,156,161,18,33,47,59,71,97,132,177,18,17,35,70,98,20,38,63,171,123,168,18,76,119,67,128,11,82,100,128,9,71,110,70,94,11,19,60,99,116,16,46,119,8,38,92,36,26,73,0,39,100,92,4,36,72,122,176,37,110,24,82,107,119,135,85,91,123,135,18,23,109,22,149,67,117,22,60,35,45,87
96,104,120,99,84,125,96,108,96,93,109,111,92,81,141,151,82,109,157,86,79,93,105,83,115,124,82,109,139,84,76,76,85,110,130,75,83,74,76,118,138,95,73,151,73,109,134,145,80,128,85,71,109,130,89,81,86,76,135,73,107,127,132,144,66,70,88,103,112,80,110,145,72,65,68,84,94,60,65,102,148,83,66,58,69,93,140,64,119,124,55,121,56,80,57,65,115,71,57,67,51,68,80,57,137,78,68,53,135,53,57,46,52,93,69,59,42,61,47,69,50,102,39,38,81,83,138,70,45,37,52,48,75,93,125,44,82,52,40,37,32,50,67,114,40,130,30,87,49,56,75,44,66,125,24,38,64,109,43,116,29,55,137,21,99,41,84,89,117,122,37,20,18,25,34,59,94,138,51,37,18,33,60,54,16,27,132,84,129,54,38,80,29,90,47,44,62,89,46,33,71,32,55,49,22,22,60,77,24,8,80,46,3,53,4,13,34,39,0,61,53,42,4,33,83,137,4,71,16,43,68,80,96,46,52,84,96,23,18,70,61,110,28,79,60,22,13,12,48
135,86,88,142,101,90,84,83,138,84,83,83,132,96,97,105,91,81,109,124,99,80,79,84,82,85,84,79,95,122,103,101,79,78,88,94,123,97,86,80,92,142,92,102,102,75,89,97,121,84,130,85,74,85,137,124,70,117,88,111,71,82,85,94,87,76,65,68,72,128,69,94,116,103,70,62,63,83,69,64,95,133,67,80,61,58,88,64,71,75,87,72,71,54,66,58,67,121,64,55,80,118,49,104,82,132,120,57,80,56,107,89,54,48,123,111,68,114,54,40,101,51,80,74,40,40,81,126,94,82,42,43,35,43,68,96,36,108,91,88,59,37,30,57,44,72,80,35,106,114,27,34,24,66,60,39,23,51,33,57,45,22,78,56,41,100,28,32,58,63,96,74,59,46,35,18,35,78,110,95,71,36,16,114,67,42,72,26,68,114,28,21,35,30,107,20,9,29,106,30,12,31,8,110,82,40,5,17,85,54,19,107,62,9,64,74,27,100,61,0,8,103,64,28,22,76,63,10,76,18,8,19,35,16,10,24,35,83,78,11,121,50,35,19,120,42,68,57,18
130,87,92,136,98,94,84,86,132,83,85,86,126,93,103,111,89,84,115,118,95,80,82,83,85,90,82,82,100,117,98,96,78,82,93,90,117,92,83,85,98,136,88,108,97,79,94,103,115,89,123,81,77,90,130,118,70,111,94,106,74,87,91,100,82,73,66,71,76,121,74,101,110,97,67,63,66,78,67,68,102,126,65,75,60,61,95,61,77,81,82,78,67,55,62,56,73,114,60,54,74,111,51,97,90,125,113,54,88,52,100,83,50,53,116,104,62,107,50,41,94,57,73,68,43,44,89,118,87,75,39,40,38,49,76,89,40,100,84,81,53,34,32,65,39,79,73,41,99,106,32,30,27,74,53,33,25,59,28,65,38,21,86,49,48,92,35,39,66,71,88,66,51,39,29,18,43,86,102,88,63,29,18,106,59,35,80,34,76,106,22,29,28,38,100,14,13,37,98,22,20,23,7,102,74,33,9,25,77,46,27,99,54,4,56,66,19,92,53,8,0,95,56,20,30,84,55,18,68,10,15,27,43,8,4,31,43,75,70,18,113,57,27,26,112,34,60,49,12
88,133,154,87,98,160,125,140,84,120,142,144,83,97,178,189,101,142,195,81,92,122,137,107,150,160,105,143,177,78,85,86,112,145,166,90,76,86,96,154,175,77,89,189,80,144,172,184,73,165,72,91,145,167,73,71,118,70,174,70,143,165,171,183,83,95,122,139,149,65,147,185,64,67,96,118,130,77,92,139,188,63,94,77,100,129,180,92,158,164,67,160,80,115,84,96,154,54,85,101,68,52,117,51,177,53,49,84,176,84,46,51,84,133,46,44,65,42,78,107,42,142,52,56,121,123,180,43,43,47,88,84,115,134,166,37,122,33,37,38,61,88,107,155,77,172,40,128,28,28,116,83,107,167,54,76,105,151,83,158,67,96,179,54,141,21,126,131,159,164,21,36,51,63,74,100,135,180,19,20,38,73,102,20,42,66,174,126,171,18,79,122,70,132,12,86,104,131,9,75,113,73,97,10,22,63,102,119,19,49,122,6,41,95,39,29,76,4,42,103,95,0,39,75,125,179,40,113,27,85,110,122,138,88,94,126,138,20,25,112,19,152,69,120,19,63,37,48,89
97,107,124,99,86,129,100,111,96,96,113,115,92,84,144,155,84,112,161,87,81,96,108,86,119,127,85,112,143,84,78,78,88,114,133,77,83,76,79,122,141,95,75,154,74,113,138,149,81,131,85,74,113,133,89,81,90,77,139,73,110,131,136,147,68,73,92,107,115,80,113,149,72,66,72,88,98,62,68,105,151,82,69,61,72,96,144,67,123,128,57,125,59,84,60,68,119,70,60,71,53,67,83,57,140,77,67,57,139,56,57,47,55,97,68,59,44,60,50,72,50,105,40,40,85,87,142,68,45,38,55,52,79,97,128,44,85,51,40,37,35,54,71,117,44,133,31,91,48,54,79,48,70,129,27,41,68,113,47,119,33,58,141,24,102,39,87,92,121,126,36,21,21,28,38,62,97,141,48,35,19,37,64,52,17,30,135,87,132,51,42,83,32,93,44,47,65,93,43,36,75,35,59,47,19,25,63,80,22,12,83,43,5,56,4,10,37,36,4,64,56,39,0,36,86,140,1,74,12,46,71,83,99,49,55,87,99,19,15,73,57,113,31,81,57,24,9,12,51
116,91,101,122,90,105,86,92,118,85,93,94,113,86,117,126,84,92,131,105,87,83,89,80,95,102,79,90,115,103,88,87,78,91,106,82,103,83,78,96,113,120,80,124,86,89,109,119,101,103,108,75,88,105,115,103,73,97,109,92,85,102,106,117,74,69,72,82,89,105,86,118,95,84,64,68,74,68,62,79,119,110,61,66,59,71,112,58,92,97,70,94,59,62,56,55,88,97,55,55,62,95,59,81,107,107,96,48,106,47,83,67,45,67,98,87,50,89,43,48,77,73,58,54,56,57,108,100,70,59,37,36,50,65,94,71,55,82,67,64,39,33,42,83,31,99,55,58,80,87,47,26,39,94,37,25,37,78,24,84,25,28,105,33,67,73,53,58,85,90,69,48,34,24,19,30,62,106,83,68,45,18,31,87,41,20,99,52,96,86,15,48,13,57,80,15,30,57,79,9,39,8,23,82,54,14,28,45,57,27,47,79,34,21,36,46,3,72,33,28,20,75,36,0,50,104,35,38,48,10,35,47,63,13,19,51,63,55,50,37,93,77,9,46,92,15,40,29,17
154,91,87,161,116,87,92,86,157,93,85,84,151,111,89,94,105,82,97,142,115,88,82,97,80,81,97,79,86,141,120,118,90,78,81,110,142,113,101,77,83,162,108,90,120,74,80,86,140,77,149,100,72,77,157,144,77,136,78,131,69,73,76,82,103,90,71,67,67,148,65,81,136,122,84,69,65,100,84,62,81,154,81,98,74,60,74,79,62,64,107,62,88,61,82,72,58,142,80,67,98,139,55,124,67,153,141,74,65,72,128,110,70,45,145,133,87,136,72,50,122,42,100,95,41,41,64,147,115,103,58,61,39,36,52,117,36,129,113,110,80,54,39,42,63,53,101,29,128,136,30,53,33,48,81,59,34,35,52,39,66,39,57,78,25,122,20,20,39,43,118,96,80,68,56,33,21,57,132,117,93,57,31,136,89,63,51,16,48,136,49,14,57,13,129,41,25,12,128,52,15,53,29,132,104,62,24,9,107,76,7,129,84,30,86,96,49,122,83,22,30,125,86,50,0,54,85,12,98,40,15,4,13,37,31,3,13,105,100,14,143,28,56,9,142,64,89,79,37
200,118,101,209,158,97,122,109,205,125,106,104,198,153,86,83,145,103,82,189,158,120,106,134,95,90,135,99,82,189,165,162,126,97,84,154,190,158,142,88,79,212,152,75,165,92,78,75,189,79,199,143,89,77,207,193,111,185,73,179,88,75,73,70,148,132,102,88,81,198,80,65,185,170,126,102,92,147,127,83,62,204,124,144,114,87,60,122,66,64,155,64,134,96,127,114,65,193,125,108,147,190,90,175,51,205,193,120,49,119,179,160,117,70,197,184,137,188,121,91,174,59,151,146,76,75,40,200,167,154,106,109,79,62,40,170,71,182,165,162,131,102,83,42,113,32,154,61,181,189,71,103,79,30,133,110,81,39,103,33,118,89,22,131,45,175,59,54,29,26,171,149,133,121,109,83,49,19,186,171,146,109,81,190,142,116,18,56,18,190,102,59,111,49,183,95,77,49,182,105,67,106,82,186,158,116,77,60,161,130,57,183,138,84,140,150,103,176,137,76,84,179,140,104,54,0,139,66,152,94,69,57,41,91,85,53,41,159,154,67,197,28,110,59,196,117,143,132,90
98,107,124,101,87,129,100,112,98,97,113,115,93,85,144,155,85,113,160,88,82,97,108,87,119,127,85,112,143,86,79,79,89,114,133,78,85,77,79,122,141,96,76,154,76,113,137,148,82,131,86,75,113,133,91,82,90,78,139,75,110,130,135,147,69,74,92,107,115,82,113,148,74,68,72,88,98,63,69,105,151,84,69,62,73,96,143,67,122,127,58,124,59,83,61,68,118,72,61,71,54,69,83,59,140,78,69,57,138,57,58,48,55,97,70,60,45,62,50,72,52,105,42,41,85,86,141,70,46,40,55,52,78,96,127,45,85,52,41,39,35,53,70,117,44,133,32,90,49,56,78,47,69,128,27,41,67,112,46,118,33,58,140,24,101,41,87,91,120,125,37,22,21,28,38,61,96,140,50,36,20,36,63,53,18,30,134,87,131,52,41,82,32,92,46,47,64,92,44,35,74,34,58,48,21,24,63,79,23,11,82,44,6,55,5,12,36,37,4,63,55,40,1,35,85,139,0,73,13,45,70,82,98,48,54,86,98,20,16,72,58,112,30,80,57,23,9,11,50
145,90,89,151,109,90,89,86,148,89,85,85,142,104,95,102,99,83,105,133,108,85,82,91,82,85,91,80,92,132,112,110,86,80,86,103,133,105,94,80,89,152,101,97,111,76,86,93,131,82,140,93,74,82,147,134,74,127,85,121,71,79,82,90,95,83,69,69,71,138,69,89,126,113,77,66,65,92,77,64,90,143,75,89,68,60,83,72,68,71,97,69,80,58,74,66,64,131,72,62,89,128,53,114,76,142,131,66,74,64,117,99,62,48,134,122,78,125,64,46,111,48,90,85,41,41,74,136,104,92,50,52,37,40,61,106,36,118,102,99,69,45,35,51,54,64,90,32,117,124,28,43,28,59,70,49,28,44,42,49,55,30,69,67,34,110,24,26,50,54,106,84,69,57,46,25,29,69,121,106,81,46,23,124,77,52,63,21,59,124,38,16,46,22,118,30,16,21,116,40,10,41,18,120,92,51,14,10,95,64,11,117,72,19,74,84,37,110,71,10,18,113,74,38,12,66,73,0,86,28,3,9,25,25,19,13,25,93,88,4,131,39,44,9,130,51,77,66,25
94,116,134,96,90,139,108,121,93,104,122,124,89,88,155,166,90,122,172,85,85,105,118,93,129,138,91,123,154,82,80,81,96,124,144,81,81,79,84,132,152,90,80,166,76,123,149,160,78,142,81,79,124,144,84,78,99,74,150,72,121,142,147,159,73,80,102,117,126,76,125,161,70,66,79,98,108,67,76,116,163,76,77,65,81,107,155,75,134,140,60,136,65,94,68,77,130,65,68,81,57,62,94,54,152,69,61,65,151,65,52,47,64,109,61,53,50,54,59,84,46,117,42,44,97,98,154,60,42,39,66,62,90,109,140,40,97,44,36,35,42,65,82,130,54,146,31,103,40,45,91,59,82,141,34,52,80,125,58,131,43,70,153,33,114,31,99,104,133,138,28,21,29,39,50,74,109,153,39,27,21,48,76,42,22,42,147,100,144,41,54,95,44,105,34,59,77,105,32,48,87,47,71,35,11,37,76,92,12,23,95,32,16,68,13,5,49,24,16,76,68,27,12,48,98,152,13,86,0,58,83,95,111,61,67,99,111,7,4,85,45,125,42,93,44,36,11,21,62
124,91,98,130,96,101,87,91,127,86,91,92,121,92,111,120,88,90,125,113,93,83,87,83,92,98,83,88,109,112,95,93,80,88,101,88,112,90,82,92,107,129,86,118,93,85,103,113,110,98,117,80,85,99,124,112,74,105,103,100,81,96,100,110,80,73,71,78,84,115,82,111,104,92,67,67,72,75,66,75,112,119,65,72,61,68,105,61,86,91,77,88,64,60,61,57,82,107,59,56,70,104,57,90,100,117,106,52,98,51,92,76,49,62,108,97,58,99,48,46,86,67,67,62,51,52,99,110,79,68,39,39,45,58,86,81,49,92,76,73,47,34,38,75,36,90,65,51,90,97,40,29,34,85,46,30,32,69,27,75,33,25,96,42,59,83,45,49,76,81,79,58,43,33,25,25,53,96,93,79,55,24,25,97,51,28,90,44,87,97,18,39,21,48,90,13,22,48,89,16,30,16,16,92,65,24,19,35,67,37,38,89,45,12,46,56,10,82,43,18,10,85,46,10,40,94,45,28,58,0,25,37,53,3,9,41,53,65,60,27,103,67,17,35,102,24,49,39,8
143,91,91,150,108,91,89,87,146,89,86,86,140,103,97,104,98,84,107,132,107,85,83,91,84,87,91,81,94,130,110,108,85,81,88,102,131,104,93,82,92,150,99,100,110,77,88,96,129,84,138,92,76,85,145,132,75,125,87,119,73,81,85,92,94,83,69,70,73,136,71,92,124,111,77,67,66,91,77,66,93,141,74,88,68,61,86,71,70,74,95,71,79,59,73,65,66,129,71,61,87,126,53,112,79,140,128,65,77,63,115,97,61,49,131,119,76,122,62,46,109,50,88,82,42,42,77,133,102,90,49,51,38,42,64,104,38,115,99,96,67,44,35,54,52,67,88,34,114,122,29,42,29,62,68,47,28,47,40,52,53,29,72,64,37,107,26,29,53,57,103,82,66,54,43,24,32,72,118,103,79,44,22,121,74,50,66,23,63,121,36,19,43,25,115,28,15,24,114,38,11,38,16,117,89,48,12,13,92,62,14,114,69,17,71,81,34,107,68,8,15,110,71,35,15,69,70,3,83,25,0,12,28,22,16,16,28,90,85,4,128,42,41,11,127,48,74,63,22
152,93,89,159,116,89,92,88,156,93,86,86,150,111,92,98,105,84,100,141,115,89,84,97,82,84,97,81,89,140,119,117,90,80,84,110,141,112,100,79,86,161,107,93,119,76,83,89,139,79,148,100,74,79,155,142,78,135,81,129,71,76,79,85,103,90,72,69,70,146,68,84,134,121,83,70,67,99,84,64,84,152,81,97,73,61,78,78,65,68,105,65,87,62,81,71,61,140,79,67,97,137,56,123,71,151,139,73,69,71,126,108,69,47,143,130,86,133,71,50,120,45,98,93,43,42,68,145,113,101,57,60,40,39,55,115,37,127,111,108,78,52,39,45,62,57,99,31,126,133,30,51,33,51,79,57,34,38,50,42,64,38,61,76,29,119,22,23,42,47,115,93,78,65,54,32,24,61,130,115,90,55,30,133,86,61,54,18,51,133,47,15,55,17,127,39,23,15,125,49,14,50,27,129,101,60,22,9,104,73,8,126,81,28,83,93,46,119,80,19,27,122,83,47,4,57,82,9,95,37,12,0,16,34,28,4,16,102,97,10,140,30,53,5,139,60,86,75,34
166,98,90,173,127,88,99,91,169,100,89,89,163,122,87,91,115,87,93,154,126,95,87,106,83,82,106,83,83,153,131,129,99,82,81,121,154,124,111,78,81,175,119,85,131,77,78,82,153,76,162,111,75,75,170,156,85,149,75,143,72,72,73,77,115,100,78,71,69,161,67,76,148,134,94,77,71,112,95,66,75,166,92,109,83,65,69,89,61,62,119,60,100,69,93,82,57,155,91,77,111,152,62,137,61,166,154,85,59,84,140,122,82,49,158,145,100,149,84,59,135,43,113,108,48,47,56,160,128,116,70,73,48,39,45,130,43,142,126,123,92,66,50,37,76,45,114,34,141,149,38,65,44,39,94,71,45,29,64,31,79,51,47,91,23,135,26,24,30,33,131,109,93,81,69,45,21,46,145,131,106,70,43,149,102,76,40,22,37,149,62,23,70,16,143,55,37,14,141,65,27,66,42,145,117,76,37,21,120,89,18,142,97,44,99,109,62,135,96,35,43,138,99,63,13,41,98,25,111,53,28,16,0,50,44,12,1,118,113,26,156,15,69,19,155,76,102,91,49
127,92,98,133,98,101,88,91,130,87,91,92,124,94,110,119,90,89,123,116,95,84,87,85,92,97,84,88,108,115,97,96,81,88,100,90,115,92,84,91,106,132,88,116,96,85,102,111,113,97,120,82,84,98,127,115,74,108,102,103,81,95,99,108,82,74,71,78,83,118,81,109,107,95,69,68,72,77,68,74,110,122,66,75,62,68,103,63,85,89,80,86,67,60,63,59,81,110,61,57,72,107,57,93,98,120,109,54,96,53,96,79,51,61,111,100,60,102,50,46,90,65,70,65,50,51,97,113,82,71,41,41,44,57,84,84,48,95,80,76,50,36,38,73,38,87,68,49,93,101,39,30,33,82,49,32,31,67,28,73,35,25,93,45,56,86,43,47,74,78,82,61,47,36,27,24,51,94,96,82,58,27,24,100,54,31,87,42,84,100,21,37,24,46,93,14,21,45,92,18,28,19,14,96,68,27,17,33,71,40,35,92,48,11,49,59,13,85,46,16,8,88,49,13,37,91,48,25,61,3,22,34,50,0,6,38,50,68,63,24,106,64,19,32,105,26,52,41,6
132,91,96,138,101,98,88,90,134,87,89,90,128,96,107,115,92,88,119,120,98,84,86,86,89,94,86,86,104,119,101,99,82,86,97,93,119,95,86,89,102,137,91,112,99,83,98,107,117,93,125,85,82,94,132,120,74,113,98,108,78,91,95,104,85,76,70,75,80,123,78,104,111,99,71,67,70,81,70,72,105,127,68,78,63,65,98,65,81,85,84,82,70,59,65,60,77,115,64,58,76,112,55,98,93,125,114,57,91,55,101,84,53,57,117,105,64,108,53,45,95,61,75,70,47,48,92,119,88,76,42,43,42,52,78,89,44,101,85,82,55,37,36,68,42,82,73,45,99,106,36,33,31,77,54,36,29,62,31,67,40,25,88,50,51,92,38,42,68,73,88,67,52,40,31,22,46,88,102,88,64,31,22,106,59,36,81,36,78,106,24,31,29,40,99,17,17,39,98,23,22,24,11,101,74,33,13,27,77,46,29,98,54,8,55,65,19,91,52,10,4,94,55,19,31,85,54,19,67,9,16,28,44,6,0,32,44,74,69,18,112,58,25,26,111,32,58,47,8
156,95,90,163,119,89,95,89,160,96,88,87,153,114,91,97,108,86,99,145,118,91,85,100,83,84,100,82,88,144,123,120,93,81,84,113,145,116,104,79,85,165,111,92,122,77,82,88,143,79,152,103,75,79,159,146,81,139,80,133,72,76,78,84,106,93,74,70,70,150,68,83,138,125,87,72,68,103,87,65,83,156,84,100,77,63,76,81,65,67,109,65,91,64,85,75,61,144,83,70,101,141,58,127,69,155,143,76,67,75,130,112,73,48,147,134,90,138,75,53,124,45,102,97,45,44,65,149,117,105,61,63,43,39,53,119,39,131,115,112,82,56,42,44,66,54,103,32,130,137,33,55,36,49,83,61,37,36,54,40,68,41,58,80,27,123,23,23,39,44,119,98,82,70,58,36,23,57,134,119,94,59,33,137,90,65,51,19,48,137,51,17,59,16,131,43,27,14,130,53,18,54,31,133,105,64,26,12,108,78,10,130,85,32,87,97,50,123,84,24,31,126,87,51,3,53,86,13,99,41,16,4,12,38,32,0,12,106,101,14,144,26,57,7,143,64,90,79,37
166,99,91,174,127,89,100,92,170,101,90,89,163,122,88,92,116,88,94,155,127,96,88,107,84,83,107,84,84,154,132,129,100,83,81,122,155,125,112,79,81,175,120,86,132,78,79,83,153,77,162,112,76,76,170,157,86,149,76,143,73,73,74,78,115,101,79,72,70,161,68,76,149,135,95,78,72,113,96,66,76,167,93,110,84,66,70,90,62,63,119,61,100,70,94,83,58,155,92,78,111,152,63,138,62,166,155,86,60,84,141,123,82,50,158,146,100,149,85,60,135,44,113,108,49,48,57,161,128,116,70,73,49,40,46,131,43,143,126,123,93,66,50,38,76,45,115,35,141,149,39,66,45,40,94,72,46,30,65,32,79,51,47,91,24,135,27,25,30,34,131,109,94,81,70,46,22,47,146,131,106,70,43,149,102,77,40,23,37,149,63,23,71,17,143,55,38,15,142,65,28,66,42,145,117,76,37,21,120,89,18,142,97,44,99,109,62,135,96,35,43,138,99,63,13,41,98,25,111,53,28,16,1,50,44,12,0,118,113,26,156,14,69,18,155,76,102,91,49
94,122,140,95,94,146,114,127,92,110,129,131,89,92,162,173,94,129,179,86,88,111,125,98,136,145,96,129,161,83,83,84,102,131,151,85,81,83,89,139,160,88,83,173,79,130,156,167,78,149,80,84,130,151,83,78,105,75,157,73,128,149,154,166,77,85,108,124,133,74,132,168,70,68,85,104,115,71,82,123,170,74,83,70,88,114,163,81,141,147,63,144,70,101,74,83,137,64,74,87,61,61,101,55,159,66,59,71,158,71,52,49,71,116,58,52,55,52,65,91,46,124,46,48,104,106,161,57,43,42,73,69,98,116,148,40,105,42,37,36,48,72,90,137,61,153,34,110,38,42,98,66,89,148,40,60,87,132,65,139,50,77,160,39,122,28,107,112,140,145,25,25,35,46,57,81,116,161,34,25,26,56,83,37,28,49,154,107,151,36,61,102,52,112,28,67,84,112,26,56,94,54,78,29,11,44,83,100,10,31,102,26,23,76,21,11,56,18,23,83,75,20,19,55,105,159,20,93,7,65,90,102,118,68,74,106,118,0,5,92,38,132,49,100,37,42,17,27,69
97,119,137,98,94,143,112,124,95,108,126,128,92,92,159,170,93,126,175,88,88,108,122,97,133,141,95,126,157,85,83,84,100,128,148,85,83,83,88,136,156,91,83,169,79,127,152,163,81,146,83,83,127,148,86,80,103,77,154,75,124,145,150,162,76,84,105,121,130,77,128,164,72,69,83,101,112,70,80,120,166,78,80,69,85,110,158,79,137,143,63,140,69,97,72,81,133,67,72,84,60,64,98,57,155,70,62,69,153,69,54,50,68,112,62,55,54,55,62,87,48,120,46,47,100,102,157,61,45,42,69,65,93,112,143,42,100,45,39,37,46,68,85,132,58,148,34,106,41,46,94,62,85,143,38,56,83,128,61,134,47,73,155,36,117,32,102,107,135,140,29,25,33,42,53,77,112,156,39,28,25,51,78,41,26,45,150,102,147,40,57,98,47,107,33,62,80,107,31,51,89,50,73,34,13,40,78,95,13,26,98,31,19,71,17,9,52,23,18,78,70,25,15,50,100,154,16,88,4,60,85,97,113,63,69,101,113,5,0,87,43,127,44,95,42,37,12,22,64
146,94,93,153,112,94,92,90,149,93,89,89,143,107,99,105,102,87,109,135,110,89,86,94,86,89,94,84,96,134,114,112,89,84,90,105,134,108,97,84,93,153,103,101,113,80,90,97,132,86,141,96,78,86,148,135,78,128,89,123,75,83,86,93,98,86,73,73,75,139,73,93,127,114,80,70,69,94,80,68,93,144,78,91,71,64,86,75,72,75,99,73,82,62,77,68,68,132,75,65,91,129,56,115,80,143,131,68,78,67,118,100,65,52,134,122,79,125,66,49,112,52,91,86,45,45,77,136,105,93,53,55,41,44,65,107,40,118,102,99,70,48,38,54,55,67,91,36,117,124,32,45,32,61,71,50,32,48,44,52,56,33,71,67,37,110,28,30,52,57,106,84,69,57,47,28,33,71,120,106,81,47,26,124,77,53,65,25,62,124,39,20,46,25,117,31,18,24,116,40,14,41,20,120,92,50,16,14,95,64,15,116,72,20,74,83,37,109,70,11,18,112,73,37,14,67,72,4,85,27,4,10,26,24,18,14,26,92,87,0,130,40,43,8,129,50,76,65,23
96,151,172,92,113,179,142,158,91,138,160,162,91,113,196,208,117,160,214,91,106,139,156,124,169,178,122,161,195,88,99,100,129,163,185,105,85,101,112,173,194,81,104,208,94,163,191,202,82,184,79,107,164,186,77,79,136,80,193,82,161,184,189,201,98,112,140,158,168,72,166,204,74,80,113,136,149,93,110,157,207,67,111,93,118,148,199,110,177,183,82,179,97,134,102,115,173,61,103,119,84,60,136,63,196,55,55,102,195,103,57,67,103,152,50,53,83,50,97,126,55,161,69,73,140,142,198,45,57,64,107,103,134,153,185,51,141,43,52,54,80,107,126,174,95,190,58,147,38,34,135,102,126,186,73,95,124,170,102,176,86,114,198,73,159,35,144,149,178,183,37,55,70,82,93,119,154,199,27,36,57,92,120,24,61,85,192,145,189,22,98,140,89,150,22,104,122,150,21,93,132,92,116,17,41,82,121,138,38,68,141,18,60,114,58,48,94,22,61,121,113,19,57,93,143,197,58,131,45,103,128,140,156,106,112,144,156,38,43,130,0,170,87,138,2,80,54,65,107
180,107,96,187,140,94,110,100,184,112,98,97,177,135,89,91,128,95,91,168,139,106,96,118,90,87,119,91,85,168,145,142,111,89,84,135,168,138,124,84,82,189,133,84,145,85,80,82,167,79,176,124,82,78,184,170,96,163,76,157,80,75,75,77,128,113,88,79,75,175,74,74,163,149,107,88,80,126,108,74,72,181,105,123,96,75,67,102,64,64,133,63,113,80,107,95,62,169,105,90,125,166,74,152,59,181,169,99,57,98,155,137,96,58,172,160,114,163,98,72,150,50,128,122,60,58,51,175,142,130,84,87,60,48,43,145,54,157,141,137,107,80,63,38,90,40,129,44,156,163,51,80,58,35,109,86,59,31,79,29,93,65,38,106,30,149,38,35,27,28,145,124,108,95,84,60,31,37,160,145,120,84,57,164,116,91,31,35,28,163,77,36,85,28,157,69,52,26,156,79,42,80,57,160,132,90,52,35,135,104,32,156,112,58,113,123,77,149,110,50,57,152,113,77,28,28,112,39,125,67,42,30,15,64,58,26,14,132,127,40,170,0,83,32,169,90,116,105,63
118,100,110,123,96,114,95,101,119,93,102,103,114,92,126,135,90,101,140,107,92,91,98,87,105,111,86,99,124,105,92,91,86,100,115,87,105,88,84,105,122,120,85,133,89,98,118,128,102,112,109,80,97,114,115,104,82,98,118,94,94,111,116,126,78,75,81,91,98,105,96,126,96,86,71,77,84,73,69,88,128,109,68,70,67,80,121,65,102,106,72,103,64,71,62,63,97,97,61,63,66,94,68,81,116,105,95,55,114,54,82,68,52,76,97,86,54,88,49,57,76,82,59,56,65,66,116,98,69,59,45,44,59,74,102,70,64,80,66,63,43,41,51,92,38,107,55,67,77,84,56,34,48,102,38,32,46,86,33,92,30,38,113,34,75,69,61,66,93,98,65,46,34,28,26,39,70,113,79,65,43,25,40,83,39,25,107,61,104,82,24,56,19,65,75,24,38,64,74,17,47,16,32,77,50,15,36,52,53,24,55,74,30,29,32,41,12,67,28,35,27,69,31,9,56,110,30,44,42,17,41,53,69,19,25,57,69,49,44,43,87,83,0,51,86,7,33,22,20
154,97,94,161,118,94,96,92,157,97,91,91,151,113,97,103,108,89,106,142,117,93,88,100,87,89,100,86,94,141,121,119,94,85,89,112,142,115,103,84,91,161,110,98,120,81,88,94,140,85,149,102,79,85,156,143,82,136,86,130,76,82,84,90,105,92,76,74,75,147,73,89,135,122,86,74,71,101,86,69,89,152,84,98,77,66,83,81,70,73,106,71,89,66,84,74,66,140,81,70,98,137,60,123,76,151,139,75,74,74,126,108,71,52,142,130,87,133,73,54,120,51,99,94,47,47,72,145,113,101,59,62,44,44,60,115,42,126,110,107,78,54,43,50,63,61,99,36,125,132,35,53,37,56,79,58,37,43,51,47,64,40,65,75,34,118,27,28,47,51,114,93,77,65,55,34,30,64,128,114,90,55,32,132,85,61,58,24,55,132,47,20,54,22,125,39,25,20,124,49,17,49,27,128,100,59,23,14,103,72,13,125,80,28,82,92,45,117,79,19,26,120,81,46,9,59,80,9,93,35,11,5,19,32,26,7,18,100,95,8,138,32,51,0,137,58,84,73,31
97,151,173,94,114,179,143,158,92,138,160,163,92,114,196,208,118,161,214,92,107,140,156,124,169,178,122,161,195,89,100,102,130,163,185,106,87,102,113,173,194,83,105,208,95,163,191,202,84,184,81,108,164,186,79,81,136,82,193,83,162,184,189,201,99,113,141,158,168,74,166,204,75,81,114,137,149,94,110,157,206,69,112,94,119,148,199,111,177,182,83,179,98,134,103,115,173,63,104,119,85,61,136,64,196,57,57,103,194,103,59,68,103,152,52,55,83,52,97,125,56,161,69,74,140,141,198,47,58,64,107,103,133,152,184,52,141,44,53,54,80,107,126,174,95,190,58,147,40,36,135,102,126,185,73,95,123,169,101,176,85,114,197,73,159,36,144,149,177,182,37,55,69,82,93,118,153,198,28,37,57,92,120,26,60,85,192,144,189,24,98,140,88,149,23,104,121,149,22,93,131,91,115,18,41,81,120,137,38,67,140,18,59,113,57,47,94,22,60,120,112,19,57,92,142,196,57,130,44,102,127,139,155,105,111,143,155,37,42,129,2,169,86,137,0,79,53,64,106
115,103,115,119,95,119,97,105,116,95,106,107,111,92,132,141,90,105,146,104,91,94,102,88,109,116,87,104,130,102,90,90,88,105,121,86,102,87,84,111,128,116,84,139,88,103,124,134,99,118,105,80,102,120,110,100,85,95,124,91,99,117,122,132,77,76,85,96,103,101,101,133,92,83,73,81,88,72,70,94,135,104,70,69,70,85,127,67,108,112,70,109,64,75,63,65,103,92,62,66,64,89,73,77,123,100,90,56,121,56,78,65,54,82,91,81,53,83,50,62,71,89,56,53,71,72,123,92,65,56,48,46,64,80,109,65,70,74,61,58,41,45,57,98,40,114,50,73,72,78,62,38,54,108,36,34,52,93,36,99,30,43,120,31,82,64,68,73,100,105,59,41,31,27,29,45,77,120,73,59,38,28,46,76,35,25,114,67,111,76,28,63,21,72,69,30,45,71,67,21,54,19,38,71,44,15,43,59,46,19,62,67,25,35,26,35,18,60,22,42,34,63,24,15,64,117,23,51,36,24,48,60,76,26,32,64,76,42,37,50,80,90,7,58,79,0,26,15,27
104,116,132,106,96,137,109,120,103,106,121,123,99,93,152,163,94,121,168,94,90,105,117,96,127,135,94,121,150,92,87,87,97,122,141,87,90,85,88,130,149,100,85,162,83,121,145,156,88,139,91,83,121,141,95,88,99,84,146,81,118,138,143,154,78,83,101,115,123,86,121,156,79,75,81,96,106,72,78,113,158,87,78,70,82,104,150,76,130,135,66,132,68,92,70,77,126,76,70,80,62,73,91,64,146,81,72,66,145,66,63,55,64,104,72,64,54,65,59,80,56,112,49,49,92,94,147,72,52,47,64,60,86,103,134,50,92,55,46,44,44,62,78,123,52,139,39,97,52,57,85,55,76,134,36,50,74,118,54,124,41,65,145,33,107,42,93,97,125,130,39,28,30,37,46,68,102,146,50,38,27,44,69,53,26,38,139,92,136,52,48,88,39,97,45,53,70,97,43,42,79,41,63,46,22,31,68,85,23,20,87,42,15,61,13,14,42,35,13,68,60,37,9,40,89,143,9,77,11,49,74,86,102,52,58,90,102,17,12,76,54,116,33,84,53,26,0,11,53
108,111,125,111,95,129,104,114,108,101,115,116,104,92,143,154,92,114,159,98,90,100,110,92,120,127,91,114,142,96,88,88,93,115,133,86,95,85,86,122,140,107,84,152,85,113,136,147,92,130,97,81,113,132,101,93,93,88,137,85,110,129,134,145,77,79,94,107,115,92,113,146,84,77,77,90,98,71,74,105,148,94,74,69,76,96,141,72,120,125,67,122,66,85,66,72,116,82,66,74,62,80,83,69,136,89,79,61,135,61,69,58,59,95,80,71,52,72,54,72,62,102,51,50,83,85,137,80,57,49,57,54,77,94,123,56,83,63,52,49,41,54,69,113,46,128,42,87,60,66,75,47,67,123,34,42,65,108,46,114,35,55,135,30,97,51,82,87,115,120,47,32,28,31,38,58,91,135,59,47,30,36,59,63,28,31,129,82,126,62,39,77,30,87,55,43,59,86,53,32,68,31,53,56,31,23,57,74,33,15,76,53,15,50,15,22,31,45,12,57,49,48,12,29,79,132,11,66,21,39,63,75,91,41,47,79,91,27,22,65,65,105,22,73,64,15,11,0,42
132,98,103,138,104,106,94,97,134,93,96,97,129,100,114,123,96,95,127,121,101,90,93,91,97,102,90,93,112,120,103,101,87,93,105,96,120,98,90,96,109,137,94,120,101,90,106,115,117,101,125,88,89,102,131,120,80,113,106,108,86,99,103,112,88,80,77,83,88,122,86,112,111,100,75,74,77,83,74,79,113,126,72,80,68,73,106,69,89,93,85,90,72,66,69,65,84,114,67,63,78,111,62,98,100,123,113,60,98,59,100,84,57,65,115,104,66,106,56,52,93,69,74,70,55,56,99,116,87,76,47,47,49,60,86,88,52,98,83,80,55,42,43,75,44,89,72,52,96,103,43,36,38,84,53,38,36,69,34,74,40,31,94,49,58,89,45,49,75,79,85,64,50,40,33,29,53,94,99,84,61,32,29,102,57,36,88,44,85,102,26,39,29,47,95,20,24,46,94,23,30,23,19,97,70,31,21,34,73,43,36,94,50,15,52,61,18,87,48,18,12,89,51,17,37,90,50,25,62,8,22,34,49,6,8,37,49,69,64,23,107,63,20,31,106,27,53,42,0
