0,0,0,0,0,0,0,0,0,0,0,0,0,0,0,0,0,0,0,0,0,0,0,0,0,0,0,0,0,0,0,0,0,0,0,0,0,0,0,0,0,0,0,0,0,0,0,0,0,0,0,0,0,0,0,0,0,0,0,0,0,0,0,0,0,0,0,0,0,0,0,0,0,0,0,0,0,0,0,0,0,0,0,0,0,0,0,0,0,0,0,0,0,0,0,0,0,0,0,0,0,0,0,0,0,0,0,0,0,0,0,0,0,0,0,0,0,0,0,0,0,0,0,0,0,0,0,0,0,0,0,0,0,0,0,0,0,0,0,0,0,0,0,0,0,0,0,0,0,0,0,0,0,0,0,0,0,0,0,0,0,0,0,0,0,0,0,0,0,0,0,0,0,0,0,0,0,0,0,0,0,0,0,0,0,0,0,0,0,0,0,0,0,0,0,0,0,0,0,0,0,0,0,0,0,0,0,0,0,0,0,0,0,0,0,0,0,0,0,0,0,0,0,0,0,0,0,0,0,0,0,0,0,0,0,0,0,0,0,0,0,0,0,0,0,0,0
,1206,1339,1251,1401,1049,1331,1274,1525,1392,1317,1475,1535,1056,1176,1543,980,1435,1321,1018,1052,1420,1089,1461,1503,1453,1195,1423,1061,1179,1038,1138,1145,1144,1350,1020,1265,1039,1331,1411,1072,967,1082,1469,1152,1011,1275,1200,1342,1395,1196,1324,1063,1307,1041,1459,1163,975,1184,1519,998,1440,1307,1062,965,969,1234,1381,987,1193,1184,1264,1056,1344,1397,1351,1510,1239,1255,1390,1205,1380,1161,1450,1237,1451,1293,1324,1337,1081,1103,1160,1217,1061,1118,1132,1444,1147,1512,1534,1277,1272,1246,1303,1062,1191,1137,1507,1154,1432,1219,1167,1207,1041,1503,1019,967,1433,1167,1230,1166,1458,1328,1442,973,1298,1036,1277,1186,1283,1148,1317,1293,1331,1503,1298,1310,1511,1438,1051,1253,1222,1128,1103,1275,1507,984,1086,1310,1466,1086,1300,1504,1359,1302,1525,1421,1158,984,1180,1252,1108,1324,1016,1476,1214,1033,1339,1399,1480,1203,1112,1487,1174,1494,1538,1348,1533,1434,1200,1448,1141,1438,1049,1068,1173,1468,1169,1304,1086,1285,1532,995,1414,1191,1050,1393,1172,1296,1023,1063,965,1058,1376,1291,1304,1492,1417,1138,1309,1438,1314,1187,1232,1286,1342,1477,1517,1202,1361,1211,1172,1275,1369,1194,1096,1394,1069,1533,1077,1275,1133,1322,1386,1390,978,1167,1484,1413,1165,999,1110,1450,1273,1294,1321,1123
,1451,1380,1255,1348,1350,1211,1279,1165,1530,1392,1041,1379,1115,989,1228,1519,1181,1292,1382,1528,1058,1016,1300,1512,998,1409,1373,1476,1486,1127,1338,1136,1284,1335,1034,1031,1231,1266,1221,1086,1476,1004,1181,1373,1379,1229,1324,1151,1244,1527,1384,1491,1360,1076,1047,1510,1509,1256,1288,1443,1229,1082,1392,1291,1463,1172,987,1178,1333,1540,1213,1171,1053,1078,1102,1510,1223,1343,1498,1253,1291,1140,1531,1010,1490,1100,1062,1423,999,1320,1122,1480,1197,1092,1523,1053,969,1429,1143,1324,1133,1176,1260,1147,1058,1154,1244,1096,1202,1196,1178,1334,1016,1223,1343,1232,1130,1510,1530,1504,1018,1288,1173,996,1330,1499,1102,1146,1279,1213,1103,1130,1133,1023,1255,1294,1363,1196,1029,1525,1166,1346,991,1044,1515,1110,1287,1221,1142,1282,1386,1360,1164,1087,1160,1482,1282,1354,1360,1314,1339,1201,1161,1214,988,1352,1256,1327,1229,1132,1009,1450,1426,1541,1394,1095,1531,1404,1282,1098,1037,1432,1432,1008,1302,1383,1226,1045,1211,1160,1450,1471,965,1448,991,1361,1071,1306,1521,1334,1495,1312,1450,1077,981,1457,1436,1436,1127,1363,1005,1200,1006,1103,1467,1174,1315,1296,1127,1351,1115,1173,1461,1160,1312,1383,1076,1417,1026,1307,1010,1411,1231,1158,1299,1511,1225,1487,1463,1316,1342,1433,1521,1016,1016,1207
,1169,1354,1279,1037,1505,1406,1035,1412,1506,1203,1314,1019,1074,1170,1247,981,1355,1450,1027,1027,1424,1003,1309,1047,1345,1139,1486,1353,1487,991,1503,1472,1128,1116,1379,1454,1123,1361,1309,1289,1321,1151,1251,1374,1110,1249,1239,1483,1072,1320,1367,1267,1470,1232,1391,1032,1358,1173,1014,1356,1019,1129,1071,1543,1538,1438,1134,1428,1381,1023,1425,1313,1014,1083,1442,1022,1477,974,1353,1089,978,1146,1300,1471,1259,1387,1426,1469,1144,1250,1350,1165,1500,1517,1050,1075,1402,1340,1131,1290,1365,1358,1466,1125,1243,1372,1068,1433,1250,1163,1415,1474,1510,1254,1124,1447,1512,1160,1372,973,1175,1497,1528,1483,1158,1432,1222,976,1307,1442,1492,1082,1497,1292,1080,1425,1116,987,1181,1417,1280,1171,1053,1456,1152,1105,1125,997,1182,1293,1247,1227,1536,1533,1377,1421,1309,1358,1534,1138,1323,1134,1429,1074,1177,1069,1264,1238,1054,992,1466,1522,1467,1094,1525,1127,1327,1491,1002,1281,1207,982,1445,1404,1412,1353,975,1120,988,1346,1107,993,1458,1182,1086,1287,1366,984,1530,1118,1042,1231,1468,1009,1488,1022,1398,1489,1062,1267,1195,1503,1452,1282,1359,1036,1240,1530,1150,1237,1529,1401,1378,1222,981,1298,1317,1492,1181,1216,1485,1317,1473,1036,1258,1218,1532,1173,1441,1191,1146,1039,1267,1518,1435,1006
,1203,1108,1535,1124,1058,1309,1496,1124,1003,1435,1317,1086,1155,973,1410,1453,1180,1242,985,1183,1082,1062,1012,1404,1407,1510,1409,975,1363,1327,1027,1271,1196,1285,1127,1505,980,1472,1299,1035,1359,1511,1429,1011,1487,1079,1464,1226,1184,1174,1258,1439,1171,1249,1112,1266,1429,1153,1066,1243,1022,1001,1225,1183,1239,994,1058,1237,998,1089,1280,1328,1152,982,1121,1301,1414,1213,973,1336,1402,1221,990,1242,1421,1312,1360,1452,1337,1285,1516,1540,996,1343,1416,1101,1523,1159,1215,996,977,1468,1532,997,1148,971,1270,1198,1257,1185,1499,1127,1145,1389,1041,1523,1352,1215,1530,972,1052,975,1098,1514,1243,1191,1220,1532,983,1340,1349,967,1504,1521,1343,1213,1068,1157,1079,1126,1293,1160,1372,1247,1064,984,971,1163,1346,997,1160,1062,1400,1294,1159,1103,1438,1273,1033,1210,1305,1184,1047,1501,1039,1221,1145,1266,1521,1417,1471,1157,1258,1475,1016,1108,1381,1175,1038,1389,1212,1406,1059,1026,1254,1298,1251,1143,1308,1108,1011,1324,1059,1491,1015,1377,1481,1144,1337,1186,1178,1023,1398,1256,1056,1401,1093,1469,1380,1027,1327,1524,1480,1316,1021,1117,1022,1504,1362,1097,1026,1449,1257,1306,1043,1309,1331,1190,1364,1459,1175,966,1323,1068,1278,1180,1189,1406,1400,1140,1311,1435,1133,1256,1517,1290
,1147,1230,1171,1360,1015,1047,1148,1368,1444,1135,1076,1419,1111,1371,1500,1204,1462,1188,1239,1222,1349,1358,1099,1531,1032,1256,1445,1426,1366,986,970,1538,1126,1527,1081,1394,1220,1451,1254,1261,1437,1294,1343,1097,1360,1337,1041,1464,1259,1430,1193,1091,1421,1539,1263,1274,1003,1267,1125,1163,1395,1083,1086,1004,1347,1375,1102,1253,1241,1278,1092,1540,1004,1110,1249,1470,1387,1346,1058,1165,1259,1288,1289,1268,1297,1266,1170,1299,1402,1229,1429,1103,1438,1174,1052,1117,1498,1543,1211,1126,1498,1522,1002,1469,1527,1088,1061,1139,1115,984,1152,1404,1351,1150,1457,1265,1193,1066,1046,1308,1304,1455,1195,1039,1170,1014,1321,1246,1522,1167,1140,1521,1106,1307,1478,1356,1099,1127,1280,1088,1328,1444,1252,1020,1517,978,974,1046,1454,1204,992,1155,1404,975,1370,1498,1508,1134,1229,1505,1248,1089,1176,1397,1259,1520,1048,1372,987,1059,1024,1443,1121,1538,1460,1449,1186,1103,1095,1406,1090,1174,1068,1281,1237,1513,1188,1421,1209,1330,1023,1150,1389,1153,991,1290,1043,1403,1294,966,1232,1332,1086,1086,1541,1323,1188,1516,1450,1218,1118,1179,1509,1307,1216,1117,1382,1257,1389,1086,1188,1230,1168,1531,1001,1491,981,1419,1126,1399,1099,1539,1053,1013,1184,1460,1002,1171,1198,1200,1140,1498,1522,1003,1038,996
,1429,1512,1039,1205,966,1317,1010,1250,1306,1440,1191,1097,1428,1430,1328,1169,1238,1086,1103,1526,1459,1139,1327,1364,1156,1484,1128,1320,1229,1083,1037,1292,1110,1244,1395,1525,1347,978,1302,1248,1299,1490,1030,1425,1441,1036,1253,1387,1154,1523,1453,1074,1086,1019,1124,1036,1026,1503,1015,1276,1391,1431,1141,1006,973,1152,1118,1162,1117,1064,1180,1195,1171,1299,1453,1466,1351,1358,1266,1301,1433,1386,1058,1401,1352,1435,1157,1360,1162,1095,1430,1541,1457,1252,1524,1001,1031,1533,1219,1497,1309,1518,1214,1111,1066,1111,1223,1389,1072,1190,1022,1162,1200,1414,1263,1438,1521,991,1176,1515,1020,1317,1228,1246,1304,1345,1380,1065,1121,1429,1153,1454,1395,1195,1208,1137,1149,1343,1302,1309,1098,998,1299,1307,1426,1343,1288,1440,1001,1415,1171,1160,1499,1305,1449,1536,995,1030,1266,1288,1475,1293,1295,1522,1055,1360,1454,1518,1271,1451,1384,1387,1497,1408,1147,1374,1310,1201,1039,1174,1186,1320,1067,1362,1031,1531,1161,1009,1268,1441,1522,1180,1234,1198,1217,1285,1481,1420,1010,1060,1476,1089,1353,1045,1395,1168,1174,1078,1391,1326,1036,1195,1026,1116,1419,1101,1001,1423,1243,1217,1237,1347,1029,1000,1109,1523,1397,1094,1294,1227,1456,1164,1437,1114,1468,1104,1181,1114,1109,1361,1259,1346,1290,1341,1120,1354
,1194,1455,1469,1160,1541,1370,1352,1208,1139,1146,1069,1497,1036,1508,1116,1178,1514,1309,1306,1426,1520,1542,1109,1184,977,1423,1366,1378,1108,1300,1446,1500,1166,1114,1032,1134,1279,1299,1070,1430,1429,998,1104,1398,1540,1421,966,1484,1168,1456,989,1054,1457,1358,1200,1476,1323,1151,1041,1032,1016,1209,1366,1449,1313,1132,1488,1317,1511,1455,1021,1258,1157,1072,1336,1525,1129,1460,1381,1206,1025,1206,1443,1539,1423,1364,1398,1268,1029,1150,1286,1225,1090,1141,1334,1274,1074,1050,1275,1479,1394,1274,995,989,1092,1031,974,1495,1472,976,1291,1477,1279,1016,1492,1436,1234,1316,1144,1407,1122,1114,987,1172,1530,1287,1427,992,1224,1542,1205,1489,1106,1156,970,1426,1397,1477,1224,1211,1375,1163,1198,1040,1469,1250,1233,1331,1289,1406,1499,1197,1441,1104,1472,1366,1262,1375,1366,1314,1140,1139,1298,1423,1307,1039,1140,1052,1509,1243,1049,1285,1174,1036,1542,1113,1005,1116,1172,1001,969,1476,1469,1098,1433,1202,1035,1498,1318,998,1381,1397,999,1072,1159,1304,1356,1463,1363,1236,1503,1452,1349,1295,1288,1268,1399,1120,1233,1319,992,1286,1327,1263,1399,1368,1005,1090,1440,1508,1342,1300,1111,1374,1491,1157,1374,1522,1070,1514,982,1326,1369,1360,1348,1227,1536,1090,1332,973,1539,1149,1110,1516,1446,1307
,1329,1319,1535,1107,998,1345,1487,1147,1226,1088,1528,1367,986,1241,1364,1187,1241,1248,1159,1379,1242,1358,1342,1053,1412,1488,1022,990,1436,1218,1016,1116,1146,1069,1373,1096,1524,1054,1401,1540,1266,1388,1233,1353,1009,1024,1283,978,1209,1331,1286,966,1194,1138,1450,1275,1517,989,974,1463,1041,1443,1166,1132,1315,981,1349,1034,1403,1535,1397,1132,1394,1064,1230,1459,981,1077,1112,1231,1262,1322,1068,1209,1455,1135,1220,1260,1099,1146,1319,976,1245,1105,1543,1206,1447,1237,1003,1450,1268,988,1280,1091,1484,1314,1182,1275,1543,1019,1427,1522,1167,1282,1142,1114,1250,1137,1382,1039,1515,983,1345,1464,1252,1534,1470,984,1329,1449,1102,1386,1536,1465,1541,1326,982,1083,1309,1190,1128,1222,1136,1027,1210,1086,1121,1055,1146,1217,1251,1361,1060,1512,1295,1061,1073,991,1194,1336,1028,994,1203,984,1111,1067,1278,1503,1213,1239,1396,1399,1220,1453,1366,1279,1199,992,1149,1521,980,1075,1476,1126,1222,1516,973,1116,1406,1062,1087,1389,969,1154,1123,1084,1433,1062,980,1067,1519,1496,1273,1537,1118,1337,1305,1309,1321,1407,1402,1156,1201,1376,1288,1182,1026,1170,1421,971,1355,1290,1150,1489,1223,1121,1434,1514,1261,1199,1085,1012,1311,1272,1008,1132,1312,1388,979,1037,1043,1454,1152,1145,1099,1174
,1384,1165,1125,977,1233,1005,1449,1296,1487,1217,1242,969,1053,1447,1224,1180,1508,1180,1074,1136,1371,1078,1269,1298,1493,1107,1447,1392,1390,970,1523,1241,1153,1430,1444,1188,1532,1465,975,1519,1114,1108,1014,1207,1280,1463,1225,1523,1454,1298,1066,1065,1199,1126,1358,1230,1428,1436,1331,1370,1477,1088,1442,1063,1417,989,1288,1236,978,1348,1243,1059,1176,976,1207,1007,1240,1008,1392,1099,1067,1006,1102,1114,1157,1002,1509,1154,1390,1513,1203,1263,1472,1047,1108,1345,965,1142,1210,1342,996,977,1438,1158,1007,1189,1168,1285,1175,1160,1091,1437,988,1086,991,1234,1489,970,1447,1145,1494,1104,1125,1279,1018,1470,1493,1537,1360,1013,1125,990,1233,1411,1521,1115,1343,1066,1522,1181,1250,1084,1480,1343,1222,1397,1083,1232,1492,1069,1045,1406,1057,1111,994,1036,1477,1444,1456,1233,1385,1405,1080,1441,1302,1458,1443,1404,1497,1373,1048,1086,1319,1105,1155,1447,1318,1064,1466,1173,996,1191,1459,967,1221,1248,1325,1182,1092,1534,972,1339,1478,1153,1402,1457,1307,1263,1351,1214,1217,973,1228,1332,978,1271,1246,1462,1378,1455,1073,1294,1448,1106,1056,1226,1127,1039,1006,1351,1079,1388,1477,1090,1194,1218,1529,1488,1317,1210,1529,1269,1361,1364,1272,1162,967,1186,1181,1475,1232,1488,1034,969,1065,1388
,1489,1298,1182,1492,1240,1287,1085,1213,1334,1049,1199,1252,1491,1099,1510,1155,1088,1349,1085,1170,1320,1234,1109,1060,1488,1034,1112,1163,1506,999,1004,980,1299,1264,1001,1335,1292,1513,1261,1390,1460,1536,1182,1428,1429,1048,1182,1133,1357,1487,1161,1444,1343,1461,977,1396,1062,1393,1528,1494,1091,1329,1419,1103,971,1016,1214,1489,1306,1162,1468,1061,1396,1160,1031,1272,1019,1461,1148,1443,1058,1432,1145,1093,1424,1008,1245,1265,1191,1478,1436,1326,1363,1480,1256,1232,1485,1522,1041,1540,1258,970,1316,1171,1145,1239,1091,1149,1245,1367,1482,1441,1413,1114,1164,1097,965,1411,1266,992,1060,1476,1379,1259,970,1497,1349,1488,1196,1523,1179,1458,1247,1432,1333,1021,1478,977,1106,1277,1515,1061,1291,1478,1103,1161,1375,1524,1062,1356,1088,1305,1403,1300,1540,1397,1412,1060,1250,1309,1125,1083,1263,1511,1343,1451,1215,1466,1119,1079,1421,1531,1340,1482,1328,1079,1382,1507,1248,1008,1038,978,1166,1508,1096,1179,1158,1369,1230,1310,1428,1219,1350,1220,1020,1080,1271,1187,1126,1049,1298,1051,1147,1487,1211,1017,1052,1377,984,1529,1144,1438,1231,1171,1009,1177,1158,1165,1007,1519,1154,1466,1376,1129,1206,1064,1206,1400,1098,1048,1277,1065,1226,1079,1163,1082,1422,992,1480,1000,986,1500,1453,1145,1391,1156
,1089,1317,1370,1212,1096,968,1209,1513,1264,1106,1540,1238,1227,1410,1170,1350,1202,1054,1414,1304,1502,990,1099,1312,1526,1156,1516,1248,1176,1337,1104,1361,970,1516,1352,1274,1345,1246,1499,1529,1240,1537,1143,1511,1438,1460,1078,979,1496,968,1413,974,1469,1254,967,1176,1505,1306,1407,1377,1453,1235,1049,1132,1425,979,1397,1186,1346,1019,1361,1129,1187,965,1149,1391,1440,1358,974,1543,1044,1010,1159,1107,1111,1329,1277,1146,1124,1368,1015,1230,1128,1273,1531,1107,1028,1347,968,1380,1392,1499,1245,1486,1011,1413,1350,1073,1206,1080,1471,1516,1377,1347,996,1163,1276,1472,1373,1155,1323,1065,1496,1360,1362,1110,1070,1154,1431,1364,1123,1340,980,1191,1392,1289,1060,1537,1187,1252,1189,1197,1371,1489,1093,1203,1008,1433,1073,1219,1427,1416,1147,1524,1233,1079,1405,1512,1222,1177,1183,1486,997,1251,1011,1307,1217,1213,1382,1116,993,1193,1128,1537,1082,1322,1418,1493,1231,1113,1506,1314,1483,990,1438,1171,1185,1403,1168,1270,1247,1465,1100,1489,1077,1207,1122,982,1375,1141,1364,1159,1523,1373,1290,1234,1500,1459,1503,979,1513,1183,994,1103,1308,1462,1437,1257,1260,1010,1456,1354,1225,1500,1081,1457,998,1480,1057,1442,1259,1390,1443,1113,1371,1251,1205,1095,1372,1129,1193,970,1104,1433,1263,1191
,1095,1150,1209,1199,1416,1486,1527,1050,1222,1248,1139,1507,1319,996,1451,1014,1160,1276,1147,1026,1237,1103,1280,1410,1031,1260,1058,1045,1266,1210,1292,1369,976,1319,1028,1510,1525,1277,1200,1093,1380,1463,1006,1244,1525,1150,1061,1127,1014,1004,1359,992,1058,1150,1079,1241,1290,1249,1447,1283,1505,1134,1030,1028,1251,1379,1105,1029,1323,1121,1312,1143,1503,1481,1011,1505,1314,1095,1158,1001,1417,1526,1048,1405,1446,1280,1270,1108,1146,1092,1187,1092,1398,1260,1357,1040,1021,1543,1373,1372,1269,1529,981,1085,1194,1205,1138,1142,1100,1492,1065,1319,1455,1482,1534,1336,1412,1510,1177,1483,1387,1337,967,1523,1388,1075,1189,1394,1078,1293,1232,1362,1191,1383,1042,1229,1181,1359,1501,1446,1107,1120,1048,1233,1063,1068,1307,1118,1483,1328,1265,1140,1498,1488,1336,1413,1511,1410,973,1523,1101,1019,1484,1101,990,1314,991,1322,1218,1115,1444,1062,1108,1042,1305,1432,1134,1338,1372,1489,1425,1228,1503,1228,1203,1135,1051,1440,1225,1288,1072,1428,1029,1089,1170,977,1070,1322,1071,1488,1244,1145,1368,1360,1473,1493,1059,1336,1293,1297,983,1191,1083,1467,1050,1312,975,1291,1051,1515,1518,1477,1493,1045,1537,1225,1315,1535,1296,1041,1285,1332,1382,1490,1003,1401,1414,1341,1283,1242,1087,1215,1221,1438,997,1246
,1426,1167,1209,1509,1283,1093,1116,1145,1265,1477,1144,1116,1433,1496,1090,1155,1405,1356,1509,976,1500,988,1377,1010,1242,1415,1352,1396,1538,1432,975,1013,1175,1274,1508,1452,968,1342,1439,1123,1440,1062,1233,1520,1041,1245,1396,1356,1090,1278,1276,1492,976,1511,1346,1454,1452,1341,1379,1299,977,1441,1448,1524,1365,1122,1068,1156,1162,1411,1214,1049,1037,1218,1023,1218,1118,1417,1300,1334,1272,1388,1417,1138,1109,1428,1081,1480,1443,1102,1132,1423,1507,1294,1205,1095,1120,1108,1165,1361,1034,1522,1441,1199,1240,1436,1367,1347,1141,990,1192,1162,1129,1455,1503,1041,1485,1522,1328,1205,1291,1509,992,1303,1150,966,1013,1470,1242,1027,995,1522,1490,1010,1118,1305,1398,1244,966,1036,997,1188,1247,978,1023,1373,1118,1467,1410,1130,1340,1508,1149,1287,1161,1499,1507,1335,1134,1511,988,1103,1026,1338,1478,1163,1242,1049,1019,1434,980,1054,1436,1209,1178,1134,1314,1290,1047,1320,1028,1280,1395,1495,1300,1107,1411,1016,1379,1209,1243,1030,1315,1267,991,1020,1234,1295,1179,1129,1232,1122,1187,1469,1147,1192,1150,1337,1107,1393,1318,1107,1059,1129,1392,1242,1509,1133,1128,1001,1538,1132,1414,993,1109,979,1323,1159,1511,1261,1202,1503,1124,1173,1039,1339,1307,1244,1099,1140,1482,1500,1455,1155,1203,1204
,1499,1124,1113,1256,1274,973,1434,1459,1462,1512,1457,1201,1195,1120,1420,1382,994,1402,1252,1069,1343,1347,1485,1343,1142,1357,1025,1367,1268,1369,977,1189,1026,1511,1070,1349,968,1506,1194,1376,1331,1057,1123,1275,1048,1049,998,1007,1474,1442,973,1062,1291,1156,1364,1487,1526,1197,1066,1104,1528,1373,1248,1114,1115,1184,1191,1426,1013,1393,1301,1103,1473,1441,994,1061,1296,1380,1157,1013,1514,1242,1279,1277,1203,1176,1343,1533,1192,1067,1134,1171,1399,1103,1183,1520,1294,1520,1067,1380,1279,1280,1133,1338,1045,1335,1359,1523,1144,1046,1186,1294,1189,1466,1192,1052,1166,1122,1512,1440,1128,1066,1391,1522,1446,1012,1439,1446,1350,1467,1402,1424,1213,1174,1048,1158,1147,1219,1283,1403,1266,1413,981,1095,1096,1359,1084,1378,1534,1079,1009,1008,1439,1386,1519,1465,1273,1302,1128,1175,1200,1246,1133,1274,1064,1141,1398,1514,1391,1321,1269,1371,1214,1402,1106,992,1168,1471,1189,1476,1223,1419,1016,1348,1330,1290,1468,1476,1445,1386,1099,1180,1503,1478,1031,1426,1386,1487,1462,1260,1175,1302,972,1185,1053,1513,1120,1543,1369,1272,1447,1348,1454,1019,1066,1223,1438,1450,1091,1494,1423,979,1013,1335,1433,1532,1131,1471,1023,978,1528,1110,1522,986,1527,1244,1167,1417,1196,1062,1255,1051,1108,1340,1475,1161
,1419,989,971,1106,1351,1260,1442,1240,1088,1492,1164,1310,1054,1144,1057,1044,1495,1525,1439,1035,1399,1022,1351,1089,1037,1048,1202,1316,1105,1007,1004,1259,1419,1459,1490,1469,1070,987,1525,1254,1407,1065,1532,1050,1282,1154,1358,1021,1335,1280,1162,1529,1509,1294,1196,1398,1402,1455,1249,1400,995,1254,1501,995,987,979,1453,1201,1326,1413,1029,1018,1509,1216,1456,1277,1061,1062,1261,999,1080,1484,1183,1157,1018,1003,1238,1093,1067,1141,1078,1074,1520,1386,1320,1094,1460,1054,1379,1029,1121,1072,1537,987,1020,1466,1507,1274,1166,1192,1345,1408,1398,1099,1497,1170,1347,1433,1026,1030,1512,1512,1515,1365,1286,1393,1311,1033,1472,1183,1281,1000,1434,1392,1295,1217,1021,1199,1154,1536,1300,1144,1422,1167,981,1321,1346,1266,1246,1281,1010,1121,1117,1506,1200,1201,1168,1264,1486,1364,1236,1265,1479,1199,1049,1479,1046,1165,1069,1153,1399,1139,1208,1254,1325,1304,1282,1406,1537,1528,984,1052,1194,1310,1315,1344,1185,1488,983,1487,1484,1259,1469,1031,1256,1472,1012,1313,1279,1541,1531,1372,1312,1301,1367,1051,1524,1134,1533,1404,1289,1397,1089,1080,1007,1254,1441,1002,994,1265,1226,1387,1161,1103,1127,1155,1376,1505,1172,1504,1407,1036,1093,1044,1391,1336,1136,1500,1209,1496,1183,1273,1529,1231,1038,1525
,1396,1484,1214,1288,1418,1134,1258,980,1354,1053,1095,1165,1283,1281,1049,1291,1072,1469,1011,1259,1280,1141,1177,1075,1151,1265,1367,1186,1221,1320,965,1455,1073,1007,1004,1273,1062,1315,1315,1509,1167,989,1433,1004,1022,1101,1049,1488,1353,999,1033,1377,1469,1091,1092,1412,1154,989,1050,1276,1284,1396,1323,1326,1263,1450,1379,1259,1245,1171,1021,1015,1288,1429,1438,1429,1394,1377,1122,1273,1086,1375,1255,1172,1469,1543,1106,1192,1326,1000,1398,1418,1050,1099,1058,1172,1117,1258,1406,1494,1373,980,1152,1458,1271,1001,1053,1323,1398,1496,1067,1273,1209,1142,1381,1338,969,1369,1244,975,1465,1031,1254,1079,1459,1033,1162,1486,1458,1047,1439,1402,1111,1390,1376,1340,1145,1342,1295,1239,1340,1185,1025,1098,1383,1260,1427,1306,1041,1322,1085,1428,1208,1396,1148,1495,1091,1454,1216,1487,1355,1116,1203,1498,987,1264,1109,1170,1436,1114,1095,1026,1415,1105,1372,1354,1073,1143,1529,1487,1164,1459,1526,1062,1382,1157,1300,1246,1528,993,1067,1104,1385,1492,1078,1276,1338,1020,1342,1393,1047,994,1468,1462,1483,1209,1342,1421,1175,1219,1515,1043,1374,1079,1431,1032,991,1309,1225,1538,1044,1292,1420,1511,1281,1351,985,1206,1054,1089,966,1346,1287,1354,1355,1387,968,1405,1001,1159,1239,1361,1418,1273,1498,1068
,1196,1494,1424,1489,1085,1363,1049,1083,1081,1253,1227,1517,1531,1255,1530,1346,1148,1130,1006,1520,1530,1519,1318,1533,1117,1358,1493,1353,1418,1141,1287,1320,1425,1084,1131,1392,972,1117,1388,1103,1118,1006,1118,1342,997,1003,1426,1184,1083,1398,1521,1004,1104,1478,1225,1128,1224,1300,989,1185,1037,1153,1398,1202,1404,1049,1339,1369,1222,1324,1299,1361,1260,1235,1406,1053,1334,1405,1286,1051,1376,989,1242,1216,1429,1283,1004,1485,1007,1426,1217,1011,1423,1473,1486,1382,1092,1163,980,1301,1059,1084,1083,1146,1409,1317,1533,1362,1304,1321,1414,1068,1027,1541,1039,1533,1160,1508,1205,1109,968,1371,1059,1496,1021,1035,1034,1496,1425,1057,1386,1199,1230,1200,999,1433,1358,1521,992,1405,1458,1240,1091,1025,1419,1207,1531,1227,1226,1295,1160,1523,1518,1233,1379,1168,1062,1238,1422,1167,1514,969,1342,1192,1199,1387,1448,1410,1453,1522,1457,1334,1115,1032,1076,1284,1495,1232,1248,1355,1361,1079,1092,1391,1249,1035,1530,1542,1191,1026,1142,1271,1218,1237,981,1155,1102,1498,1520,1486,1356,1096,1176,1197,1088,1392,1283,1072,1540,1329,1002,988,1513,1282,1120,1034,1351,1288,1468,973,1467,1458,1510,1273,1060,1330,1209,980,1354,1076,1036,1050,1204,1476,1094,1187,1406,1401,1179,1534,1094,1071,1190,1069,1315,1066
,1157,1089,1112,1324,967,1036,1077,1463,1114,1441,1370,1258,1480,1162,1510,1344,1307,1374,1334,1093,1368,1085,1483,1404,1023,1333,1316,1225,1260,1460,1408,1520,1014,1457,973,1489,1359,1540,1083,1245,1214,1502,1061,1534,1210,1048,1172,1376,1172,1009,1355,1542,1018,1494,1332,1417,1078,1279,1204,1360,1162,1478,1009,1106,1045,1042,1117,1155,1159,1339,1543,1237,1337,1350,1536,1252,1480,1413,1422,1008,1277,1153,1354,1033,1421,1312,972,1453,1304,1475,1481,1370,1021,1152,969,1459,1008,1278,1503,1112,1150,1166,1216,1097,1289,1102,1540,1495,1081,1468,1216,1202,1377,1069,1247,1227,1472,1033,1209,1429,1410,1036,1031,1356,1146,1505,1075,1398,1328,1058,1518,1226,1516,1365,1060,1424,1062,1351,1325,1362,1340,1512,1105,1378,1169,1342,1278,972,1155,1539,1381,1162,1266,1162,974,1497,1497,1533,1343,1202,1238,1450,1409,1330,1138,1406,1507,1291,1517,1506,1503,1369,1134,1207,1227,1109,1479,1127,1283,1452,1185,1305,1096,1044,1357,1171,1358,1351,1319,1239,1008,1337,1211,1183,1059,1032,1307,1144,1493,1310,1116,973,1387,1435,1187,1389,1068,983,1035,1281,1377,1224,1530,1102,1410,1307,974,1453,1329,1441,1117,1024,1211,1044,1262,1167,1425,1035,1462,1240,1478,1536,1432,1473,1406,1122,1419,1112,1194,1007,1052,976,1108,1380,1297,988
,1288,1360,1321,1056,1450,1511,1409,1112,1056,1322,1059,1023,1387,1045,1169,1527,1474,998,1477,1337,1360,1338,1122,1520,1363,1154,1018,1049,1371,1196,1401,1154,1281,1038,1328,1198,1059,1417,1205,1480,1052,1090,1322,1182,1019,1340,1035,1337,1236,1291,1383,1243,1188,1433,1340,1454,1462,1398,1476,1111,1465,1037,1284,1346,1333,1404,1273,1534,1393,1504,1061,1364,1149,1145,1396,1013,1036,1336,1291,1534,1244,1148,1255,1010,1352,1379,1298,1029,1210,1382,1467,1480,1147,1530,1347,1242,1305,1033,1049,996,1490,1359,1104,1430,1359,1053,1019,1047,1163,1371,1210,1288,1198,1405,1416,994,1278,1271,1045,1432,1358,1266,1095,1507,1034,1203,1262,1515,1098,1202,1290,1273,1509,1105,1485,1464,1162,1237,1493,1329,1453,1172,1211,1002,1371,1392,1161,1390,1364,968,1229,1400,1038,1286,1232,1518,1393,1091,1079,971,1041,1529,1132,1041,1369,1228,1520,1417,1328,1313,999,1527,1380,1237,1425,973,1264,1438,1180,1503,1529,1385,1275,1343,1066,1379,1318,1253,1292,1088,1468,1502,1073,1084,1381,1151,1124,1131,1117,1294,1436,980,1386,991,1104,1134,1227,1355,1154,1216,1280,1527,1480,1036,1286,1281,971,999,1421,1315,1254,1280,1050,1415,1345,1200,1445,1089,969,1406,1001,1138,1366,1091,1340,1421,1434,1319,1195,1373,1477,1157,1515,1253,1164,1421
,1096,1245,991,1043,1233,1455,1054,1480,981,1170,1054,1254,1269,1063,1256,1076,1238,1271,1492,1244,1289,1156,1303,1146,975,1113,1420,1341,999,1527,1516,1036,1134,1432,1026,1275,1080,1422,1476,1093,1138,996,1134,1501,1140,1292,1498,1008,1342,1302,1386,1482,1306,1289,1467,1481,1526,1118,1132,1523,993,1308,1487,1014,1075,1434,1455,1138,1332,1500,1384,1270,1103,1057,1092,1327,1127,1304,1463,1260,1030,1033,1208,1036,1256,1137,1291,1121,1533,1233,1046,1234,1021,1039,1153,1519,1165,1137,1101,995,1204,1376,1371,997,1164,1403,1338,1450,1419,1197,1443,1004,1439,1350,1402,1250,1061,1006,1156,1137,1479,1398,1163,1343,1193,1188,1026,1083,1530,1395,1380,992,971,1022,1193,1168,1376,1435,1450,1026,1406,1139,1485,1178,1347,1195,1267,1486,1250,1333,1225,1065,1343,1453,1429,1359,1381,1110,1164,1478,1118,1109,1487,1538,1462,1204,1057,1044,1058,1256,1409,1063,1044,1028,1368,1312,1087,1015,973,1310,1460,1405,990,1483,1026,1125,1070,1060,1332,1154,1032,1158,980,1347,1264,1174,1538,978,1407,1049,1469,1047,1142,1414,1297,1419,1034,1007,1294,1489,1279,1007,1039,1477,1462,1382,1140,1475,1190,1168,1500,971,1131,1516,1201,1340,1056,1080,965,995,1026,1267,1367,1073,1304,1204,1407,1429,1496,1100,1021,1149,993,1296,1428,1243
,1010,1053,1344,1463,1328,1118,1258,1357,1354,1260,1296,1266,1319,1377,1125,1019,1208,1062,1429,1445,1191,1100,1054,1037,1338,1287,1419,1331,1043,1180,1117,1195,1438,1476,1288,1279,1180,1394,1163,991,1246,1452,1093,1259,1190,1240,1329,1024,1137,1006,1273,1192,1430,1471,1043,1102,980,1445,1493,1348,1081,1204,1110,1395,1183,1162,1396,1433,988,1182,1129,1053,1182,1457,1512,1298,1521,1378,1500,1521,1342,1404,1291,988,1332,1009,1034,1494,1124,1352,1442,1298,1281,1201,1139,1009,1015,1056,1112,1333,1148,1322,1328,1535,1424,1121,1041,1237,1164,1099,1022,1061,1241,1120,1410,1533,1060,1395,1261,1250,1368,1088,1089,996,1097,1350,1130,1206,1518,1068,1304,1530,1523,1376,1472,976,1079,1089,1522,1238,1083,1514,1543,1137,1454,1411,1404,1170,1477,1347,1138,1526,1116,1371,1070,1483,1209,1417,1071,1060,1368,1301,1462,1338,1018,1215,1076,1121,1336,1524,1402,1017,1097,1375,1431,1369,1088,1186,1441,1418,1124,1324,1207,1320,1497,1291,1218,1228,1214,1328,1209,1031,1149,1492,1413,1541,1364,1202,1160,1159,1179,1490,1452,1424,1462,1428,1301,1109,1385,1170,1485,1172,1021,1155,1197,1323,1253,1116,1010,1416,1144,1308,1484,1237,1488,1112,1186,1503,1302,1045,1438,1421,1510,999,1170,1301,1477,1189,1085,1325,1441,1037,1086,1382,1439,1141
,1023,1249,1486,1375,1350,1204,1347,1470,1490,1152,1175,1239,1396,1039,1188,1189,1001,1403,1457,1536,1138,1243,1533,1525,1348,1154,1095,1257,1257,1346,1359,1031,1260,1540,1264,1244,1492,1534,1454,1513,1516,1530,1510,1248,1113,1101,1141,1065,1283,1369,1026,1140,1452,1491,1303,1317,1463,1340,1031,1515,1146,1231,980,1452,1156,1386,1121,1478,1286,1069,1237,1452,1468,1510,1106,1210,1347,1176,1142,1481,1011,1319,1515,1009,1187,1057,1201,1172,1085,1431,1243,1021,1181,1378,1175,1528,1302,1099,1297,1135,1207,1471,1205,1341,1255,1527,1022,980,1398,987,1362,1168,1109,1350,1050,1103,1208,1434,1372,1510,1423,1250,995,1318,1148,1229,1009,1497,1370,1372,1456,1360,1108,1042,1360,996,1434,1136,1143,1260,1347,1474,1082,1524,1246,1196,1287,1296,1374,1352,1369,1136,1319,1457,1116,1193,1232,1280,1462,1392,1298,1087,1448,1026,1121,1531,1088,1511,1534,1321,1135,1416,1209,1520,1363,990,1084,1339,1486,1119,1439,1041,1161,968,1009,1356,1245,1413,1222,1370,1262,1338,1536,1503,1418,1279,1101,975,1215,1449,1139,1179,1390,1465,1123,1353,1231,1284,1476,1000,974,1036,1286,1218,1426,1151,1262,1053,1048,1375,1274,1207,1256,1295,1416,1162,1478,1198,1272,1079,1009,1487,1363,1317,1137,1322,1066,1302,1387,1128,1457,1348,1351,1202,1484,1534
,1322,1369,979,966,1253,1236,1230,1037,1140,1155,1221,1217,1179,1096,1487,1106,1201,1111,1090,981,1031,1263,981,1047,1492,1234,1291,1340,986,990,1527,1137,971,1245,1239,1372,1497,1308,1042,1427,1164,1286,1492,1279,1465,1168,966,1054,1372,1087,1432,1292,1314,1350,1414,1068,1413,1526,1268,1189,1325,1046,1364,1341,1024,1112,978,1162,1279,1420,1070,1316,1459,1391,1516,998,1244,1496,1173,987,1079,1031,1365,1281,1252,1461,1208,1309,1183,1091,1316,1133,1263,1533,1199,983,1076,977,1062,1315,1026,1351,1470,1516,1408,1531,1303,1523,1182,1165,1532,1533,1401,1164,984,1161,1091,1400,1328,1539,967,1539,1476,1127,1487,1018,1471,1382,1156,1499,1250,1010,1004,1498,987,1238,1371,1059,1116,1093,1267,1448,971,1300,1026,976,1262,1040,1456,1013,1247,998,1065,1252,1287,1105,1506,1118,1262,1275,1286,1090,1265,1168,1332,985,1190,1165,1208,1383,1480,1121,1384,1315,1173,1467,1220,1393,1024,1284,1153,1337,1254,1335,1257,1187,1333,1517,1380,1350,1389,1229,1097,1451,1183,1203,1273,1265,1008,1271,1224,1507,1222,1490,1439,1395,1193,1135,1012,1090,1112,1267,1219,1086,994,1393,1273,1018,1073,1519,1539,1440,1361,1521,1139,1153,1524,1303,1501,1131,1457,1451,1370,1360,1109,1125,1372,1289,1275,1154,1399,1457,1083,1053,1270,1527
,1269,1385,1453,1104,981,1094,1270,1510,1206,1259,1252,1408,997,1149,1493,1302,1112,1214,1260,971,1276,1417,1524,1519,1366,1069,1170,1371,1286,1178,1428,1227,1047,977,1247,1519,1270,1351,1441,1170,1171,1225,1263,1430,1504,1492,1210,1122,1507,1200,1111,1029,1214,1491,987,1075,1070,1075,1064,1141,1281,1103,1377,1387,1065,1093,1535,1192,1063,1279,1235,1017,1175,1309,1242,1121,1267,1211,1344,1223,1453,1445,1474,1433,1439,1043,1322,1277,1156,1229,985,1255,986,1266,1305,1088,1336,1443,1500,1323,1462,1139,1234,1241,1511,1037,1234,1475,1542,1325,1539,1065,1540,1253,1098,1373,1460,1364,1112,1208,1389,1142,1467,1320,1412,1054,1420,1350,1410,1362,1423,972,1520,1495,1278,1530,1069,1029,1501,1521,1454,1168,1323,1067,1367,1139,1221,1247,1189,1518,1070,980,1392,976,1232,1410,1255,1440,1410,1373,1153,985,987,1283,1311,1193,1447,1053,1021,1234,1042,1073,1041,1060,1478,1322,972,1188,1408,1180,1227,1221,1413,1449,1379,1381,1102,1418,1114,1078,1067,1525,1315,1170,1370,1002,1462,1005,1320,969,1425,1269,1190,1113,1282,1287,1166,1177,1301,1210,1173,1157,1537,1222,1056,1283,1148,1024,1528,1287,1117,1478,1446,1485,1543,1532,1433,1451,1136,1125,1386,1070,988,1438,1172,1226,1145,1345,970,1116,1430,999,1333,1506,1060,1495
,1064,1429,1268,1268,1167,1397,1266,1283,965,1046,1493,1007,1260,999,976,1464,1343,1295,1425,1290,1420,1340,1383,1328,1424,980,1199,1411,1286,1146,1282,1036,1172,1359,1071,1083,1129,1260,1007,1067,1043,1373,1497,1364,1314,1162,1447,1335,1241,1495,1230,1177,989,1301,1153,1124,1143,1124,1404,1463,1144,1501,1076,1079,1385,1109,1364,1173,1351,1462,1449,1094,1352,1484,1151,1207,1498,1041,1400,981,1234,1234,1132,1444,1195,972,999,1523,1459,1294,1042,1427,1187,1321,1457,1093,1537,1522,1316,1150,1154,1132,1217,1369,1194,1131,1315,1420,1334,1457,1466,1305,1012,1250,1300,1250,1161,1276,1107,1327,1096,1089,1431,1327,1148,1516,1238,1112,974,1150,1490,967,1136,1201,1405,1474,1327,994,1274,1102,1241,1290,1414,1097,1155,1365,995,1173,1483,1054,1169,1201,1373,1074,1089,1373,970,1436,1449,1274,1168,1087,1260,1467,1406,1394,1026,1031,1149,1309,1140,1376,1418,1088,1007,1504,1352,1264,966,1252,1043,1263,1354,1363,1176,1042,1148,1218,1248,1422,1231,1145,973,1023,975,1456,1056,1423,1027,1306,1259,1207,1276,1444,981,1206,1170,1094,1355,1338,1197,1177,1027,1428,1264,1309,1139,1296,1385,1327,1421,1011,1389,1364,1142,1255,1449,1442,1084,1209,1523,1313,1425,1186,1389,1292,1210,1312,1227,1017,1196,1068,1216,1460,1216,1435
,1149,1254,1078,1408,1250,979,1079,1190,1177,1483,1030,1405,1115,1464,1106,1495,1350,1184,1325,1206,1203,1001,1115,1289,1123,1319,1520,1498,1486,1199,1096,1531,1192,1446,979,1447,1109,1412,1155,1353,1205,1184,1439,1178,1365,992,1093,1113,1488,1172,1377,1092,1390,1172,1127,1413,1243,1054,1519,1331,1492,1282,1393,1506,1196,1244,1518,1015,978,1177,1245,1100,1007,1127,1059,1281,1063,1151,966,1288,1067,1030,1122,1504,1264,1418,1044,1280,993,1400,1138,1400,1247,1226,1463,1121,1365,1144,1079,1049,1524,1001,1451,1300,1304,1237,1449,1290,1093,1386,1499,1202,1020,1216,1071,991,1431,1418,1435,1325,1465,1444,1430,1144,1140,1292,1081,1360,1504,1193,1018,1410,1121,1216,1394,1310,1172,1236,1278,1274,1283,1384,1486,1044,1429,1505,1153,1188,1540,1132,1406,1540,1087,1199,1375,1431,991,1331,1116,1520,1067,1121,1402,1002,1054,1441,1343,1171,1236,1527,998,1429,1503,1004,1090,1369,1289,1191,1357,1314,1508,1315,1311,1100,965,1161,1254,1146,1507,1291,995,1330,1376,1457,1203,1418,1504,1431,981,1214,1536,1219,1006,1249,1503,1036,1379,986,1328,1143,1324,1254,1413,1454,1259,1136,1330,1478,1374,1178,1064,1423,1389,973,970,1390,1428,997,1001,1042,1204,1263,1222,1508,1071,1252,1497,1301,1236,1210,1349,1285,1177,1031,1456,1283
,1304,1215,1416,1460,1212,1481,1505,1441,1264,1372,1313,1434,1143,1015,1193,1408,1470,1299,1530,1027,1440,1516,1197,1455,1396,1038,1290,1357,1512,1450,1074,1399,1492,980,1159,1386,1206,1428,1478,1405,1266,1250,1514,1288,1516,1039,1427,1318,1318,1499,1445,1108,1193,1007,1086,1348,1343,1362,1295,1374,1285,1512,1469,1375,1400,1247,1106,1405,1202,1134,1241,1043,981,1006,1437,1015,1249,1016,1017,1277,1201,1190,1139,1159,1077,1405,982,1126,1112,1347,1059,990,1499,1168,1503,1167,1537,1138,1285,1164,1527,1469,1362,1420,1540,1077,1528,1513,1185,1523,1055,970,1350,1239,1352,1437,1477,1162,1164,1385,1435,1513,1297,1393,1344,1394,1284,1181,1126,1227,1330,1420,1326,1320,1193,983,1209,1144,1213,1482,1235,1030,1399,1397,1044,1027,1383,1094,1492,1306,1314,1281,1532,1019,1149,1205,1335,1471,1329,1503,1360,1128,1273,1461,1009,1169,1024,1469,1526,1136,1218,1112,1436,1475,1356,1316,1030,1518,1158,1123,1113,1232,1217,1299,1070,1380,1275,1326,1097,1538,1404,1276,1185,1277,1530,1282,1312,1213,1468,1227,1298,1422,1309,1051,1055,980,1019,1449,1350,1025,1092,1153,1355,976,1001,1407,1543,1496,1112,1434,1002,1168,980,1204,1323,1115,1079,1496,1320,1036,988,1145,1001,1091,1524,1413,970,1438,1215,1240,1209,1168,1262,1046,1252,1240
,970,1064,1073,1450,1219,1009,1045,1021,1398,1450,1279,1209,990,1163,1416,1482,991,1258,1455,1427,1422,1074,1131,1193,1107,1003,1189,1451,1249,1004,1047,1386,1503,1370,1256,1441,1488,1258,967,1398,1307,996,1055,1537,1002,1027,1533,1142,1175,1362,1410,1329,1275,1403,1391,1062,1190,1282,1526,1076,1517,1197,1398,1508,1169,1188,1035,976,1120,1273,1543,1177,1152,1166,1514,1385,1371,1515,1251,1152,1100,1282,1407,1196,1137,1262,1081,1124,1325,1118,976,1283,1345,1358,1480,1355,1426,1184,1142,1236,1238,1377,1189,1228,972,1379,1110,1269,1502,1388,1018,1309,1413,1178,1196,1442,1180,1101,987,979,1487,996,1041,1224,1105,1050,971,1236,1316,1291,985,1337,1413,1414,1480,1344,993,1457,1277,1387,1349,1389,1276,983,1183,1206,1447,1101,1073,1372,1218,992,1297,1437,1048,1252,1218,1444,1372,1435,1477,1359,1298,990,1036,1341,1167,984,1377,1430,1176,1494,1374,1220,1104,1338,988,1027,1291,1371,1257,1275,1482,1329,1403,1332,1241,1402,1529,1234,1251,1484,1415,1143,1411,1462,1539,1495,1019,1511,1080,1322,1347,1094,1078,1373,1004,1053,1153,1392,1334,1308,1003,996,1417,1489,1273,1113,1057,1100,1003,1052,1170,1192,1073,1522,1239,1263,1177,1230,1476,1534,1529,1218,1311,1170,1069,1174,1188,1189,1434,1424,1066,1074,1523,1146
,1288,1247,1427,1451,1162,1003,1292,1211,1373,1446,1308,1021,971,1424,1170,1215,1350,1379,1381,1322,1090,1185,1052,1331,1211,1364,1525,1275,1410,1105,966,1061,1432,1200,1252,1481,1147,1405,987,1381,1493,1366,1203,1504,988,1516,1235,1341,1264,1060,1464,1270,1164,1340,1005,1227,1365,1366,997,1019,1383,1014,1299,1080,1234,1507,1007,1222,1025,1145,1079,1361,982,1540,1283,1166,1145,986,1147,992,1099,1337,1306,1421,990,1172,1460,1127,1347,1151,1076,1134,1125,1029,1273,1358,984,977,1011,1144,1043,1479,1362,1298,1092,1447,1212,1098,1470,1478,1227,1238,1510,1503,1034,1463,1354,1300,1454,1029,1065,1120,1088,1517,1491,1304,1008,1324,975,1106,1139,1185,1204,1373,1009,1129,1118,1222,1416,1121,1400,1031,1458,1461,1492,1466,1453,1217,1326,1526,1537,1470,983,1227,1503,1538,1262,1191,1122,1250,1521,1009,1112,1236,1382,1102,1460,1201,1498,1543,1146,1341,1507,1511,1066,1443,966,1087,1497,1418,1283,1164,1120,1039,1007,1108,1029,1135,1333,1060,1449,1494,1097,1287,1314,1495,1368,996,1044,1192,1041,1473,966,1375,1441,1053,1403,1082,1140,1017,1085,1011,1131,993,1174,1415,1133,1415,1323,1065,1110,1037,1076,1454,986,1142,1201,1389,1204,1245,1171,1463,1045,1462,1529,1405,1375,1211,1192,1072,1448,1480,1296,1367,1018,1055
,1023,1461,1227,1364,1009,1230,1406,1207,1062,1449,1386,1058,1465,1301,1374,1377,1182,1259,1024,1093,1014,980,1096,1424,1478,1274,1159,1217,1081,1510,1378,1432,1055,1071,1369,1539,1159,1039,1411,1474,1469,1383,1332,979,1345,1098,1294,1225,1046,1020,1435,1411,1426,1418,1230,975,1026,1481,1537,1427,1026,1541,1129,1410,1147,1023,1256,973,1303,1167,1483,1203,1014,1376,983,1470,1390,1016,1111,1302,1103,1540,1248,1441,1057,1065,1077,996,1453,991,1516,1179,1410,1307,1526,1486,1519,1116,1478,1282,1259,1441,1439,1047,1114,1047,1509,1461,1037,1422,1339,1033,980,1361,1010,1158,1213,1535,1221,1313,1128,1046,1470,1160,1266,1258,1096,1068,1178,1220,1402,1245,1064,1325,1153,1411,1419,1243,1277,1285,1453,1063,1003,1183,974,1264,1394,1199,1226,1141,1082,1533,1141,1434,1380,1512,1423,1173,1402,1308,1258,1117,1288,1203,1426,1175,1250,1091,1370,1264,1119,1289,1220,1290,1130,1090,1263,1486,1199,1264,1370,1351,1269,1091,1310,1407,1249,1083,1229,1042,986,1081,1539,1198,1165,1360,1116,1193,1445,1150,981,1191,1137,1339,982,1520,1259,1121,1133,1074,1270,1301,1344,1259,1218,1265,1219,1534,1152,1004,1103,1014,1522,1348,1342,1018,1348,1303,1138,1531,1465,1312,1026,1473,1239,1033,1170,1389,1101,1237,1092,1480,1027,1033,1006,1323
,1299,1076,1246,974,984,1297,1429,1120,1490,1099,1329,1479,1515,1082,1299,1390,1119,974,1387,998,1232,1124,1426,1453,1517,1311,1084,1329,1118,1091,1301,985,1218,1073,969,1008,1010,1247,1481,1414,1129,1427,1033,1321,1393,1448,1126,1136,1538,1016,1207,1460,1209,1107,1211,1068,1488,1212,1025,978,1170,1403,1034,1341,1147,1088,1080,1510,1430,1023,1058,1411,1078,1128,1349,1123,1161,1276,1538,1181,1068,1389,1514,1434,1480,1479,1466,1065,1500,1331,1390,1084,1118,1293,1034,1447,1185,1241,1231,1160,1518,1489,1233,1091,1117,1410,1018,1283,1171,1500,1172,1318,968,1072,1322,1327,1500,1423,1045,1220,1221,1513,1446,1276,1189,1505,1016,1271,1466,1004,1529,1452,1326,1053,1495,1537,1073,974,974,1543,1086,1513,1079,1523,1092,1466,1171,1474,1490,1106,1445,1235,1487,1190,1066,1014,1379,1451,1241,1400,1403,1438,1078,1181,1168,991,1083,1270,1287,1085,1305,1000,1278,1070,1081,1006,1082,1232,977,1115,1127,996,1522,981,1455,1133,1127,1034,1068,1411,1014,1328,1280,968,1541,1104,1227,1043,1097,1405,1242,1102,1467,1141,1016,1178,1001,1280,1291,1461,1437,1295,1130,990,1025,1028,1169,1481,1483,1112,972,1321,1495,1177,1399,1153,1106,1535,1275,1220,1493,1520,1163,1297,1484,1104,978,1166,1361,1286,1101,1229,1127,1423,1183,1128
,1136,1466,1067,1476,1246,1037,1419,1458,1242,1320,1409,1479,1091,986,1216,1171,1341,1483,1113,1424,1434,1465,1533,1315,1392,1141,984,1217,1336,967,1194,1163,1250,1483,1166,1364,1497,1302,1513,984,1194,1063,1477,1285,1345,1306,1302,1163,975,1050,1402,1171,1068,1443,1304,1431,1304,1465,1121,1442,1156,1510,1173,1119,974,969,1287,1472,1122,1509,1302,998,1230,1011,1497,1312,1102,1047,1220,1159,994,1220,974,1404,1024,1130,1358,1070,1054,1058,1130,1195,1056,1062,1033,1040,1374,992,1026,1074,1379,1279,1311,1170,1155,987,1121,1189,1440,1253,1364,1217,1192,1146,1052,1345,1432,1163,1379,1306,1120,1181,1321,1451,1239,1257,1227,1504,1302,1324,1438,1239,1480,1379,1311,1231,1475,1245,1035,1529,1481,1286,1193,1480,1151,1300,1464,1218,1405,970,1227,1081,1352,1340,1130,1119,1475,974,1218,1389,1536,1106,1304,1246,1326,1034,1224,1272,1274,1289,1308,1178,1080,1364,1294,1513,1276,1101,968,1243,1165,1482,1103,1185,1008,1077,1453,1014,1321,1120,1209,1393,1205,1229,1440,1194,1200,1201,1127,1299,1464,1225,1403,1398,1253,1163,1306,1233,971,1472,1025,1515,1150,1171,1289,1111,1135,1064,1531,985,1492,1005,1529,1174,1415,1273,1301,1215,1453,1336,1013,968,983,1500,1500,1120,1259,1456,1001,1530,1202,1039,1475,1000,1228,1453
,1489,979,1468,1457,1296,1511,1510,1329,1421,1297,1450,1091,1081,1061,987,1252,1377,1118,1350,1435,1025,984,1396,1404,1480,1116,1043,1388,1090,1290,1079,1096,1483,1080,1471,1421,1435,1191,1498,1290,1030,1212,968,1493,1064,1055,1389,1087,979,1459,1000,1011,1228,1524,1005,1377,1334,1352,1326,1206,1396,1055,1478,1314,1016,1474,1201,1494,1406,1237,1222,1354,1126,1391,1450,1272,1238,1028,1482,1158,1403,1077,1068,1247,1015,1325,1001,1021,1344,1090,1334,1441,1106,1492,1268,1199,1383,1236,1219,1130,1087,1397,1441,1327,1327,1216,1074,1247,1143,977,1139,1173,1057,1427,1041,987,1254,1207,1358,1224,1472,1317,1091,1490,972,1003,1346,967,1266,1295,1418,1148,1157,1463,1104,1123,1044,1048,1456,1207,1281,1327,1269,1541,1392,1215,1355,1373,1417,1511,1196,1056,1010,1230,1387,1058,1084,1153,1315,1023,992,1481,1368,1086,1504,1197,1024,1541,1516,1335,1156,1224,1139,977,1227,1155,1063,1119,1514,1347,1481,1315,1056,1084,1306,1295,1256,1512,1059,1378,1326,1533,1290,1440,1173,1326,1184,1306,1285,1356,1348,1378,1393,1389,1403,1415,1142,1210,1404,1505,1163,1047,1463,1395,979,1104,1530,1263,1472,1140,1417,1281,1235,1343,1512,1375,1308,1075,1223,1274,1159,1340,1237,1361,1408,994,1145,1087,1400,1491,988,1227,1357,1333,1124,1492
,1275,1023,970,1037,992,1329,1238,1456,1028,1133,1258,1224,1493,1304,1179,1342,1180,1464,1249,979,1087,1225,1183,1159,1117,1350,1282,1079,1528,1230,1468,1261,1167,1384,1353,1463,1493,1112,1116,1212,973,1202,1269,1192,1330,1064,1207,1470,1220,1440,1487,1182,1097,1236,1225,1396,968,1139,1403,997,1499,1288,1327,1234,1099,983,1358,1524,1088,1055,1540,1395,1218,1204,1340,1030,1010,1137,1388,978,1205,1176,1414,1187,1168,1314,1105,1272,1476,1412,1002,1396,1000,1408,1436,1297,1162,1000,1104,1479,1163,1357,1203,1309,1368,1119,1233,1412,1252,1485,1008,1049,1482,1540,1040,1194,1121,1253,1102,984,1106,1280,1262,1436,1077,1520,1219,1239,1234,966,1334,1280,1278,1463,1351,1204,970,1045,1211,1082,1538,1097,978,975,1439,1386,1352,1134,993,1026,1474,1177,1445,1469,1378,1347,1380,965,1218,970,1438,1496,1354,1383,1473,1097,1410,1140,1310,1257,1185,981,1359,1510,979,1491,1185,1033,1127,1212,1030,1417,1293,1356,1470,1443,1275,1477,1443,1056,1145,1208,1521,1351,1192,1485,1213,1467,1432,1359,1385,1457,1034,1393,1105,1286,1019,1336,1400,1120,1393,1470,1319,1236,1119,1018,1316,1312,1463,1439,1125,1110,1170,1165,1430,1167,1223,1222,1358,1084,1013,1486,1102,1364,1312,1195,1348,1443,1359,1162,1282,1015,1499,1052,1090,1133
,1023,1513,1243,1173,1200,1410,1453,1238,1137,1532,971,1451,1040,1142,974,1146,1108,1467,1357,983,1374,1344,1489,1341,1321,970,1180,1230,1308,974,1510,1418,1278,1026,1228,1505,971,972,1537,1021,1469,1228,1510,1290,1393,1150,993,1473,1100,1280,1354,1296,986,979,1388,1461,1119,1138,1502,1443,1210,1529,1528,1475,1394,1261,1418,1263,1437,1304,1286,1183,1047,991,1221,1034,967,1224,1227,997,1143,1035,1278,1115,1007,1110,1158,1247,1212,1406,1470,1199,1473,1050,1398,1297,1091,1156,969,1006,1541,1390,1462,1028,1466,1139,1053,1529,1159,1040,1179,1480,1447,1284,1269,1368,1398,1226,1054,1212,1215,1538,1119,1105,1279,1471,1507,1042,1212,1324,1062,1333,990,1272,1156,1098,1424,1134,1239,1469,1225,1234,1255,1412,1210,1242,1386,1115,1463,1454,1398,1197,1341,989,1038,1011,1296,1030,1349,1070,1526,1490,1508,1479,1360,1105,1540,1455,1436,1428,1115,1407,1355,1304,1254,1497,1351,1058,1226,1013,1051,1268,1320,1079,1367,1400,1445,1274,1503,1081,1083,1109,1113,1085,1109,1208,1181,1282,1424,1445,1244,1091,1048,1274,1439,1116,1498,1246,1077,1364,1520,1449,1255,970,1124,1089,1436,1147,1084,1250,1536,965,1456,1229,1087,1282,1216,1134,1086,1025,1469,1459,1198,1490,1316,1286,1374,1275,1393,1496,1311,1348,1065,1278,1539,1370
,1107,980,1492,1308,1394,1174,1255,1085,987,1375,1505,1380,1142,1437,1444,1154,1268,1215,1385,1387,1311,1336,1021,1321,1221,1008,1040,1200,1445,1286,1432,1005,1337,1506,1538,1375,1222,1489,1063,1230,1051,1541,1419,1483,1032,1161,1417,1481,1421,1365,978,1421,1275,1310,1427,1333,1524,1305,1024,1496,1095,1418,1274,1141,1436,1514,1257,1250,1496,1355,1315,1512,1483,1533,1188,1387,1539,1210,1448,1277,1326,1065,1460,1025,1390,1341,1200,1514,1076,1508,1132,1104,1337,1213,1185,1384,1003,1346,1140,1252,1358,1047,1233,1150,1476,1421,1153,1387,1314,1217,1257,1511,1345,1445,1019,1194,1100,1194,1165,1310,1464,1142,1238,1057,1359,1071,1192,1489,1101,1130,1258,1126,1252,1461,1084,1209,1498,1035,1072,1083,1342,1355,1272,1288,1181,1144,1513,1040,1512,1066,985,1396,1151,1354,1355,1379,1067,1016,1275,1200,1415,1411,1137,1529,1309,1456,1126,1482,1428,1350,1145,1283,1047,1517,1413,1358,1069,1429,1451,1371,1167,1427,1010,1203,1011,1196,1456,1058,1125,1211,1281,1142,1298,1097,1011,1327,1497,1528,1378,978,1321,1048,1393,1383,1368,1492,1418,1431,1471,1228,984,1491,1458,989,1226,1169,1485,1238,1315,1495,1425,1053,1489,1075,1347,1159,1367,1428,1047,1347,1120,1022,1429,1316,1202,1036,1505,1093,1341,1340,1036,1415,1477,1516,1140,1472
,1051,1172,1455,994,1088,1471,1056,1506,1369,1499,1065,1219,1012,1135,1481,1378,1165,1178,1035,1017,1187,1380,1524,1131,1517,1521,1166,979,1457,980,1197,1387,1178,1076,1110,1239,1243,1187,1061,1367,1379,1280,1538,1159,1248,1184,1335,1030,1351,1363,1321,985,1486,1129,1436,1487,989,1044,1281,1506,1224,1438,1367,1287,1148,1192,1511,1241,1439,1456,1261,1323,1394,1095,1481,1155,1173,1482,1000,1212,1118,1015,1037,1402,1506,1346,1314,1291,994,1499,1136,1434,1467,1354,987,1373,1010,972,1384,1503,1080,1238,1403,1524,1221,1302,1009,1244,1084,1405,1197,1330,1425,1333,1192,998,1487,1423,1157,1230,1133,1066,1011,1384,1203,1355,1053,1161,1370,1524,1542,1512,1092,995,1426,969,1057,1492,1172,1355,1375,973,1206,1069,1366,1366,1065,971,1078,1360,1002,1364,1007,977,1418,1459,1001,1246,1167,1137,1343,1329,1415,1290,1444,1391,1316,1241,1402,1206,1488,1453,1041,1455,1205,1036,1256,1004,1127,1242,1538,1349,1343,1497,1350,978,1383,1025,1048,1540,1298,1144,1456,1116,1172,1389,980,1451,1396,1227,1220,1225,1098,1134,1412,1128,1061,1213,1320,1489,1507,1152,1527,1186,1231,1087,1477,1459,1350,1288,1353,1110,1450,1486,1361,1251,1115,1004,1320,1258,1264,979,1019,1152,1140,1266,1032,1339,1412,1522,1064,1224,1009,1035,1514,1360
,1543,1357,1052,1364,1264,1516,1479,1397,983,1231,1245,1466,1500,1339,1371,1264,1017,1456,1091,1288,1259,1083,1490,1388,1079,1345,1120,1183,1531,1410,1473,1420,1184,1341,1219,1325,967,1192,1213,1166,1480,1298,1315,1011,1361,1139,1271,1538,1450,1374,1367,1474,1456,1136,1129,1022,1352,1197,1154,1500,1404,1239,1202,1125,996,1034,1521,1160,1452,1259,1169,970,1542,1494,1249,1367,991,1429,1197,1220,1371,1377,1028,1532,1435,1345,1021,1454,1029,1462,1483,1350,1147,1388,1525,1277,1261,1025,1085,1174,972,1117,1105,1123,1519,1151,1204,1326,1075,1530,1520,1235,1174,1170,1125,1339,1386,1068,1197,1151,1541,997,1537,971,1138,1154,1485,1484,1445,1390,1103,1225,1399,1430,1495,1092,997,1277,1450,1070,1160,1438,972,1125,1336,1019,1075,1543,1379,990,1498,1527,1255,1242,1238,1320,1449,1274,1444,1025,1137,1217,1404,1064,1511,1118,1440,1177,1226,1393,1446,1315,1289,1013,1451,1278,1332,1310,1159,1071,1493,1287,992,1221,1398,1523,1207,1412,1230,1244,1540,1193,1266,1529,973,1234,1532,1203,1402,1243,1366,1148,1512,1367,979,1162,966,1301,1406,1236,1179,1031,1133,1535,1416,1123,1264,1289,1456,1399,1055,1507,1014,1390,969,1449,1056,1513,1527,972,1277,1033,1242,1021,975,982,1043,1391,1056,1029,1088,1007,1100,1028,1265,1160
,1072,1391,1279,1001,1003,1183,1127,1243,1063,1482,1542,1013,1147,1309,1452,1391,1443,978,1090,1287,1007,1221,1388,1355,1023,1255,1338,1156,1190,1459,1329,1341,1355,1307,1300,989,1290,1018,1206,1314,1472,1099,979,1004,1427,1096,1118,1212,1019,1280,985,1251,1002,1275,1393,1095,1465,1378,1011,1531,1448,1159,1470,1015,1128,1448,1142,1315,993,1113,1085,1370,1022,1009,1005,1355,1450,1012,1037,1294,1209,1250,1357,1269,991,1052,1147,1023,1144,1027,1189,1191,1505,1506,1251,1079,1047,1357,1218,1517,1234,1036,1347,1358,1511,1176,1316,1468,1187,1009,1111,1200,1134,1373,970,1425,1518,1051,1533,1486,1289,1048,980,1039,1000,1456,1246,1318,1315,1274,1138,1394,1219,1278,1388,1061,971,1405,1534,1415,1469,1119,1113,1191,1449,1414,1436,1017,1096,1331,1261,1440,1310,1443,1151,1427,1481,1114,1248,1190,1461,1027,1371,1343,1302,1217,1173,1165,1405,1041,1082,1390,1283,1204,1122,1323,984,1365,1367,1367,1367,1267,975,1399,1209,987,1215,1233,1289,1109,1261,1168,1232,992,1235,1027,1097,1129,1144,1278,1023,1240,1146,971,1454,1080,1193,1467,1062,1126,1030,1132,1307,1208,1060,1387,1526,1049,1034,1309,1130,1041,1056,996,1424,1237,1428,1180,1352,1524,1393,1026,1477,1131,1227,1201,1268,1204,1017,973,1107,1029,1333,1035,1128,1016
,980,1118,989,1376,1133,1399,1522,1067,988,1375,1532,1132,1110,1274,1358,1501,1208,1114,1437,1092,1252,1376,1203,1034,1128,1184,1297,1033,1137,1413,1454,1130,1468,1033,1043,1450,1164,1463,1426,1502,1145,1260,1543,1308,1494,1039,1437,1495,1170,1433,1505,1459,1191,1479,1378,965,1036,1189,1318,1001,1046,1278,1035,1235,1308,1204,988,1145,1219,1196,1142,979,1346,1278,1097,1316,1016,1037,1151,969,1324,1460,1082,1541,1351,1087,1402,1537,1184,1470,1244,1170,1110,1365,988,1035,1261,1285,988,1089,1387,1427,1176,1240,1152,1271,1129,1542,1149,970,1489,1072,1465,1076,1067,1074,1243,1106,1067,1079,1304,1531,1123,1491,1140,1028,1471,1255,1431,992,1063,1149,974,1092,1386,1325,1227,1063,1206,1352,1395,1403,1115,1295,1308,1531,1262,1400,1207,1276,1202,1109,985,1103,1493,1411,1388,1106,1094,1018,1435,1503,1296,1206,1320,1502,1151,985,992,1423,1412,1011,981,980,1245,1383,1103,1294,1225,965,1387,1272,1301,1108,1043,1539,995,1301,1451,1233,1360,1523,1078,1486,1502,1347,1434,1476,1266,1231,1443,1150,1311,1153,986,1445,1337,1498,1510,1271,1316,1231,1539,1518,985,1413,1096,1291,1327,1527,1300,1322,1071,1074,1025,1332,1106,1073,1463,1112,1460,1433,1211,1211,1317,1236,1522,999,1223,1118,1297,993,1257,1058,986,1264
,1062,1436,1276,1409,1354,1002,1160,999,1262,1120,1411,1256,1482,1238,1446,1120,1045,1245,1410,970,1418,1258,981,1166,1200,1062,1145,1495,1104,1032,1456,1375,1167,1356,1025,1459,1136,1345,1018,1254,1061,1287,1132,1147,1506,1340,1367,1200,1395,1431,1055,1058,1482,1024,1345,1194,1500,1315,1264,1240,1165,1172,970,1195,1086,1473,1099,1084,1125,1108,1479,1334,1210,1132,1002,1196,1063,1460,1156,1015,1345,1395,1388,1256,1454,1461,1295,1380,1498,1298,1134,1366,1243,1452,1468,1306,1284,1315,991,1107,1404,1538,1009,1499,1448,1220,1258,1479,1510,1133,1301,1473,1431,1478,1404,1416,1197,1505,1521,1276,1477,1266,1494,1437,1015,1377,1486,1422,1147,1011,1269,1176,1011,976,1438,1220,1234,982,1152,1124,1166,1297,1442,1521,1362,1074,1212,1379,1225,1210,1349,1194,1392,1090,1295,1243,1253,1351,1332,1230,1230,1448,971,1323,1250,1339,1160,1246,1456,1472,1414,1178,1429,1085,1513,1215,1369,1341,1465,1123,1357,1463,1173,997,1225,1455,1448,1209,1169,1389,1218,1333,1213,1533,1013,1226,1475,1024,1456,1046,1464,1150,1076,1282,1197,1092,1499,1065,1094,1129,1020,1217,1091,1364,1182,1098,1515,1483,1260,1284,1184,1015,1069,1328,1213,1039,989,1007,1374,1294,1031,1334,1351,1083,1504,1314,1309,1093,1536,1299,1266,1029,1327,1126,1316,1082
,1193,1539,1517,1488,1221,996,993,1101,1081,994,1291,1449,1243,1307,1478,1302,1150,1328,1424,1095,1069,1196,1418,1163,1248,994,1079,1540,1112,1461,1042,991,1067,1228,1363,1435,1125,1256,1166,1432,1130,1489,1018,1050,1043,996,1254,1196,1399,1378,1037,1007,1439,1543,1040,1110,1166,1280,1017,1262,1052,1422,1471,1477,1295,1493,1475,1538,1450,1264,1450,1310,1134,1045,1363,1383,1492,1318,1095,1266,1161,1135,1433,1061,1252,1392,1027,1155,1355,1248,1293,1085,1349,1282,1038,1150,1136,1088,1345,972,1065,1543,1278,1008,1222,1469,1398,1511,1420,1147,1151,1168,1183,1160,1290,1187,1471,1157,1482,1403,1169,1413,1177,1532,1207,1417,1462,1225,1507,1142,1177,1247,1130,1223,1348,1123,1044,1532,1067,1523,1264,1155,1515,1297,1542,1508,1182,1171,1494,1449,1308,1420,1461,1475,1047,1363,1386,1161,1301,1188,1235,1089,1159,1003,1025,1041,1013,1071,1142,1428,1302,1193,1523,1141,1451,1273,1020,1525,965,1504,1161,982,1034,1284,1435,1522,1487,993,1066,1109,1425,1136,1444,1310,1062,1405,1202,1353,1073,1512,1148,973,1382,1329,1087,1046,1260,1145,1116,1046,1113,1245,1066,1222,978,979,1266,1336,1169,1508,1268,1101,1323,1236,1108,1451,1493,997,1229,1480,1174,1346,1125,1166,1361,1401,1359,1499,1435,1230,1459,1255,1117,1178,1251,1515
,1259,1228,1273,1204,1122,1143,1116,973,1440,1020,1193,1070,1071,1345,1320,1441,1070,1416,1148,1404,1383,1107,1298,1044,1050,1040,1235,1434,1028,1286,1222,1012,1389,1005,1100,1113,1153,1195,1198,1024,1350,1103,1526,1349,1377,1055,1170,1147,1231,1151,1498,1014,1174,1202,1249,1032,1492,1104,1340,1159,1333,1491,1150,1073,1226,1507,1255,1023,1526,1164,1273,1484,1141,1422,1280,1249,1394,1436,1051,1487,1517,1514,1070,1415,1042,1046,1134,1010,1124,1303,1415,1524,1037,1125,1462,1471,1177,1197,1255,1100,1189,1542,1088,1199,1319,1221,1052,1268,1162,1372,1135,1200,1185,1154,1026,1182,1381,1153,978,1354,1320,1109,1470,1433,1314,1520,1364,1441,1304,1258,1020,1109,1047,1440,1407,1128,1278,1342,991,1153,1491,1241,1449,1234,1476,1254,1170,1457,1147,1094,1375,1281,1153,1055,1124,1245,1418,1356,1416,1426,1017,1230,1510,1112,1506,1359,1140,1168,1144,1231,1125,1513,1507,1172,1169,1302,1406,1015,1094,1114,1428,1025,1414,1005,1408,1020,1522,1044,1454,1320,1259,1183,1060,1288,1325,1206,1133,1481,1261,1427,1433,1073,1249,1406,1100,971,1275,1254,1335,1332,1283,1135,1122,1336,1113,1314,1533,1064,1077,1341,976,1110,1457,1317,1333,1329,1425,1345,1378,1444,1398,1070,1314,1080,1256,985,996,1484,1491,1384,1133,973,1371,996,1210,1407
,1171,1539,1315,999,1251,1265,1490,1033,1333,1454,1118,1296,1445,1124,1506,1052,1180,1496,1474,1224,1465,1109,973,1103,1007,1054,1186,1311,1541,1020,1325,1510,1300,1190,1043,1369,1031,1059,1116,1089,1439,1370,1031,990,1270,1361,1492,1374,1430,1358,1431,1013,1267,1267,1335,1102,1483,1473,997,1458,1481,1495,1386,1536,1334,1373,1458,1439,1282,1199,1394,1442,1487,1307,1061,1419,1116,1514,1105,1151,1080,1365,1291,1409,1245,1098,1151,1229,1171,1534,1343,1465,1330,1339,1515,1483,1272,1091,1439,1310,994,1111,1221,985,1523,1197,1483,1418,1219,1298,1420,1479,1360,1081,1102,1514,1529,1395,1276,1117,1003,1535,1447,1254,1492,1448,1436,1097,1092,1381,1050,1303,1090,1346,1169,1278,1223,1375,1508,1352,1379,1072,1039,1404,1100,1169,992,1465,1276,1373,1543,1037,1486,1009,1524,1137,1131,1472,1351,1309,1087,1267,980,1207,1377,1291,1377,1324,1159,1474,1517,1446,1337,1408,1205,1176,1090,1197,1505,1043,1027,1071,1482,1234,1340,1135,1471,1327,1275,1136,1258,1156,1385,1134,1542,1422,1372,1189,1215,1371,1290,1067,1243,1342,1276,1314,1042,1237,1188,1108,1497,1243,1099,1326,1375,1060,1051,1286,1111,1341,1404,1097,1385,1011,1168,978,1100,1362,1087,1205,1166,1372,1056,1111,999,1032,1404,1071,1163,990,1063,1249,1450,1275,1220,1170
,1213,1175,1482,1122,1496,1112,1319,1209,1118,1458,968,1030,1225,1234,1251,1493,1128,1470,1203,1128,1033,1396,1238,977,981,1470,1046,1322,988,1038,1183,1241,1459,1073,1249,1423,1445,1314,1514,1020,1390,1352,1108,1201,1330,1459,1248,1095,1370,1160,1281,1170,1323,1061,1004,1278,1461,1236,1350,1433,1468,1517,1349,1444,1075,1285,1260,1306,1511,1178,1151,1170,1061,1255,1428,1273,1376,1022,1208,1355,1399,1344,1174,1234,1109,1054,1417,1294,1385,1268,1478,1512,1106,1259,1197,1220,1469,1110,1372,1185,1154,1457,1101,1444,1472,1307,1005,1479,1085,1482,1223,1370,1251,1519,1274,1086,1445,983,1255,1018,982,1031,1450,1391,1231,1129,1238,1376,1359,1254,1244,1270,1441,1167,1464,1162,1099,1307,1514,1531,1436,1478,1041,1404,1241,1057,1215,1524,1280,1111,1162,1060,1149,1037,1081,980,1216,1446,1280,1352,1342,1258,1373,1405,1300,1256,1029,1173,1330,1074,1285,1284,1517,1467,1012,1527,1218,1126,1395,1308,1241,1494,1287,1395,1134,1117,1172,1209,1203,1088,1344,1172,1516,1159,1405,1085,1320,1535,1150,1533,1046,1162,1444,1032,1431,1309,1242,1430,1251,1256,1188,1108,1442,1246,1450,987,1050,1384,1231,1245,1528,1207,1518,1237,996,1437,1412,1519,1077,1197,980,1380,1067,1149,1406,1144,1118,1157,969,1362,1339,1441,1064,1119,1485,1526
,1142,1487,1453,1068,1032,1421,1489,1380,1192,1540,1100,1106,1400,974,1214,1283,1378,1453,1135,1487,998,1382,965,1454,1275,1089,1057,970,1006,1031,1182,1048,1148,1237,1247,1543,1502,1023,1515,1469,1027,1514,1006,1021,1044,1096,1389,1308,1400,1187,1460,1538,1418,1221,1198,1496,1073,1375,1413,1092,1050,1166,1390,1062,1514,1335,1404,974,1502,1171,1406,1071,1342,1034,1101,1429,1295,1295,1462,1149,1265,1500,1232,1184,1133,1009,1483,1189,1410,1019,1414,1216,1280,1153,1500,1496,1203,1176,1300,1199,1376,1261,1226,1082,1294,1101,1110,1475,1132,1121,1044,1057,1236,1349,1374,1085,1374,1338,1093,1489,1174,1386,1196,1085,1093,972,1043,1159,1396,1474,1139,1298,978,1529,1175,1464,1095,1056,1343,1481,1451,1390,1046,1248,1306,1301,1304,1466,1238,1166,1286,1221,999,973,1099,1019,1320,1353,1112,1267,1481,1173,1179,1138,985,1288,1438,1188,1027,1417,1116,1399,1247,1424,1497,1155,1489,1521,1247,1200,1386,1381,984,1507,1355,1169,1056,1502,1433,1075,1325,992,1189,1344,1102,1266,1099,1403,1539,970,1062,985,1453,1203,1341,1292,1451,1038,1263,984,1277,1520,1408,1414,1266,1108,1034,1164,1331,1276,1242,1289,1175,1348,970,1475,1136,1296,1379,1065,1153,1054,1515,1290,1284,1438,1390,1176,1114,1274,1481,1263,1464,1074,1184,1109
,1120,1464,1371,1191,1421,1241,1353,1035,1398,1009,1100,1476,1449,973,1225,1183,1002,1300,1131,1062,1530,1435,1403,1058,1406,1481,1092,1430,1360,996,1313,1113,1186,1010,1010,1213,1245,971,1373,1261,1365,1422,1172,1026,1501,1203,1534,1253,1274,1091,1464,1321,1052,1297,1117,1286,1185,1419,1324,1247,1361,1061,1346,1250,1280,1136,1058,1033,1504,1459,1372,994,1102,1508,1495,1002,1209,1103,1318,1111,1443,1526,1382,1095,966,1441,1193,1412,1243,1293,1478,1411,1294,987,1014,1082,1333,1193,1533,1530,1251,1120,1450,1279,1133,1251,1258,1067,1226,1472,1147,1543,1307,1404,1050,1285,1505,1021,1307,1241,1326,1182,1061,1100,1127,1222,1358,1289,1495,1086,1411,1045,1495,1299,1001,1272,1217,1106,1172,1311,1316,1109,1207,1539,1475,1465,984,1211,1335,1358,1009,1500,1377,1308,1149,1319,973,1087,1206,1053,1166,1471,1358,1160,1132,1294,1334,1143,1005,1339,1147,1183,1501,1533,1251,1271,1297,1267,1410,1300,1194,1327,1403,1306,1089,1533,1450,1294,1363,1085,1371,1408,1249,1433,1024,1299,1488,1539,1520,1140,1000,1124,1387,1321,1003,1232,1489,1417,1149,1068,1343,1344,1283,1209,1284,1453,1434,1241,1506,1501,1010,1007,1008,1029,1308,1395,1205,991,1537,1536,1105,1346,1022,1078,1235,1016,984,1055,1255,1332,1016,1047,1336,1456,1027,1031
,1401,1331,978,1073,1071,1419,1326,1101,1342,1060,1526,966,1208,1531,1363,1281,1022,1402,1419,1365,1444,1055,1045,1127,1174,1074,1497,1184,1165,1029,1411,1207,1446,1126,983,1522,1039,1528,1374,1334,1272,1535,1038,1152,1468,1100,1476,1105,1218,1371,1343,1432,1208,1252,1341,972,1149,1165,1077,1393,1331,1019,1100,1118,1468,1189,1054,1413,1402,1272,1443,1086,1094,1247,1525,1330,1424,1541,1239,1247,1518,1473,1180,1008,1349,1311,1300,1052,1091,1498,1346,1008,1524,1345,1425,1078,1435,1430,1522,1219,985,1295,968,1514,1483,1526,1368,1455,1009,1218,1126,1012,1111,1262,1088,1415,1408,1488,1392,1288,1302,1212,1024,1370,1301,1190,1048,1259,1459,1083,1056,1008,1003,1233,1418,1170,1326,1047,1274,1259,1244,1211,1089,1174,967,1135,1174,1071,1106,1155,1487,1293,1113,1099,1395,1032,1185,1383,1042,1233,982,1282,1500,1373,1462,1207,1089,969,1077,1331,1409,1370,1467,1129,1066,1324,1083,1170,1207,1281,1077,1307,982,1024,1233,1482,1501,993,1503,1360,1295,1041,1025,1024,1290,1416,1531,1088,1179,1114,1481,1343,1219,1049,1388,1460,1197,1259,1037,1182,1511,1067,1501,1000,1151,965,1006,1259,1488,1194,981,1216,1255,1356,1166,991,1522,1084,1219,1282,1472,1489,1137,998,1496,1151,1381,1230,1537,1079,1470,1438,1378,1360,1542,1436
,1183,1157,1054,1101,1126,1409,1457,1416,1328,1402,1500,1535,1220,1125,1164,1490,1233,1122,1095,1203,1494,1135,1245,1004,1274,1104,1191,1353,1032,1466,1509,1171,1424,1428,1069,1397,1473,1498,1215,1406,1292,1519,1010,1502,1338,1114,1177,1027,1451,1282,1003,1158,1247,1064,1032,1445,1542,1288,1340,1345,978,1008,1490,1481,996,1353,1212,1302,1356,1131,1359,1159,1493,1354,1169,1217,1430,1237,1503,1166,1484,1429,1237,1192,1114,1221,1491,1384,1086,1013,1109,1054,1449,1127,1011,1314,1066,1445,1237,1020,1343,1525,1172,1281,1277,1330,1133,1447,1455,1517,1120,1184,1105,1181,1349,1269,1029,1542,1432,1061,1190,1395,1276,1353,1412,1171,1047,1140,1518,1111,1048,1352,1330,1031,1331,1445,1207,986,1336,1063,1123,1453,1453,1415,1153,1492,1263,1357,981,1383,1530,1508,1414,991,1338,1241,1217,1529,1267,1097,1267,1332,974,1420,1438,1393,1224,1414,1165,1413,1409,1464,1462,1454,1533,1541,1069,1535,1208,1095,1104,1166,1024,1322,1267,1135,1329,1325,1186,1297,1138,1517,1475,1140,1168,1026,1010,1042,1363,1145,1297,1112,1318,1038,1453,1220,1049,1117,1444,1080,1425,1289,1428,1070,1493,1529,1060,1191,1521,1226,1176,1365,1206,1154,999,1073,1491,1456,1384,1322,1336,1350,1408,1348,1132,1345,1235,1298,1385,1063,1452,1390,1523,1375,1326,1382
,1287,1250,1265,1062,1377,1440,1209,1301,1117,1348,1119,1166,1377,1099,1181,1460,1447,1081,1477,1442,1048,1006,1220,1007,996,1118,1111,1528,1202,1031,1494,1215,1342,1517,1508,1039,1119,1055,1092,1543,1057,1365,1278,1014,1362,1469,971,969,1421,1152,988,1071,1173,1471,1040,1200,1018,1388,990,1229,1378,1481,1543,1497,1427,969,1328,1068,1218,1133,1350,1256,1030,1517,1263,1366,1430,1134,1102,1344,1484,1106,1394,1076,1239,1394,1366,1411,1033,1208,993,1102,1380,967,1409,1373,1130,1453,1258,1103,1521,1096,1438,1121,1264,1381,1112,1095,1338,1289,1297,1206,1315,1362,1245,1182,1541,1216,1231,1534,1015,1289,1009,1453,1464,1320,1484,1050,1121,1360,1106,1524,1420,1136,1361,1321,967,1531,1178,983,1505,1474,1349,1185,1396,1261,1081,1184,1434,1177,1140,1269,1028,1037,965,1488,1383,1159,1219,1283,1350,1391,1319,1134,1501,1416,967,1134,1281,1367,1069,1330,1338,1526,1339,1228,1016,1488,1255,1538,1074,1057,1480,1539,969,1305,1447,1129,1228,1394,1019,1142,1330,1117,1453,1366,1073,1378,1144,1020,1063,1323,1223,1161,1506,1303,1000,1315,1124,1513,1521,1181,1394,1054,1466,1511,1000,1500,1133,1401,1373,1538,1023,1026,1435,1123,1125,1515,1380,1177,1139,1143,996,1208,1101,1127,1019,1013,1273,1345,1332,1010,1416,1091,1204,1200
,1069,1502,1184,1470,1360,1529,1246,1000,1164,1389,1346,1041,1207,970,1218,1004,1468,1294,1498,1407,1483,1023,1535,1482,1197,1234,1153,1021,1491,1021,1168,1361,1148,1323,1068,1157,1197,1237,1524,1161,1276,1149,1319,1214,1495,1080,1528,1536,1154,1444,1293,1356,981,1332,1374,1156,1519,1297,1239,1286,1198,1245,1059,998,1039,1192,1265,1107,1074,1355,1526,1165,1327,1480,1150,1066,1194,1463,1014,1333,1323,1392,1095,979,1300,1398,1299,1427,966,1370,1404,1412,1322,1534,1141,1532,1302,1307,1299,1373,1147,1426,1126,1385,1290,1108,1097,1165,1488,1018,1470,1172,1432,1501,1264,1452,1451,1118,1062,1006,1300,1451,1357,1521,1192,1121,1096,1359,1384,1058,1072,1316,1072,1002,1537,1079,1508,1352,1243,1178,1425,1317,1313,1455,1182,1501,1422,1430,1443,1291,1179,1228,1401,1327,1145,1253,1499,1115,1313,1150,1056,1282,1508,1458,1361,1421,1424,1037,1076,1364,1040,1428,1444,995,1367,1421,1082,1027,1395,1173,1518,1401,1408,1005,1304,1532,1490,1259,1511,1440,1287,1018,1462,987,965,1128,1345,1201,1473,1031,1042,1455,1133,1185,1386,1471,1519,1539,1258,1113,1318,986,983,1291,1372,1147,1264,966,1526,1455,1500,1534,1230,1470,1323,1006,990,1119,1397,1250,989,1256,982,1438,1064,1393,1253,1475,1526,1085,1502,1188,1150,1202,1392,1459
,1188,1253,991,1252,1423,1234,1480,1464,1483,1101,1336,1105,1294,1344,1142,1312,978,1431,1188,1267,1115,1538,1499,1077,1164,1044,1026,1163,1332,1234,1293,1312,1521,987,1261,1241,1081,1105,1254,1014,1079,1173,1217,1362,1418,1317,1490,1413,1079,1360,1086,1110,1245,1251,968,1366,1399,1427,1314,1074,1212,972,1291,971,1107,1426,1009,1243,1528,1430,1362,1494,1228,1297,990,1346,981,1384,1295,1536,1075,1213,1228,1232,1038,1262,1113,1011,1211,1385,1229,1093,1007,1184,1447,1047,1131,1065,1402,1416,1052,1321,1349,1140,1361,1009,1169,1053,1333,1018,991,1190,1250,1116,1357,1106,1331,1392,1418,1083,1197,1294,1467,1380,1127,1314,1332,1359,1143,1095,1114,1039,1364,1522,1073,1485,1422,1436,1006,985,1509,1348,1432,1406,1437,1391,1197,1263,1106,1362,1035,977,1120,1067,1482,1219,1049,1491,1365,1488,1040,977,1369,1205,1327,1058,1272,1089,1143,1057,970,969,1010,1282,979,1413,1068,990,1008,1226,1369,1492,1496,1529,1082,1408,1498,1291,1122,1104,984,1351,1274,1205,1482,1082,1353,1020,1355,1291,1249,1150,1115,1092,1081,1124,1439,1302,1294,1057,1084,1522,1276,1039,1418,1015,1334,1251,1412,1258,1140,1406,1322,1123,1084,1109,1279,1439,1299,1181,1193,1441,1542,1530,1148,1127,1358,1069,1356,1259,1158,1032,1443,1305,1249,1058
,1443,1389,1265,1371,1261,970,1425,1274,1439,1198,1028,1135,1038,1013,1149,1322,1249,987,1155,1276,1200,1142,1494,1328,1178,1372,1231,1424,1523,1512,1275,1020,1174,1003,1272,1188,1431,1012,1107,1050,1414,1280,970,1025,1087,1272,1087,1467,1439,1175,1270,1266,1085,1491,1531,1020,1239,1432,1498,1253,1200,1412,1538,1439,1424,1486,1395,1017,1225,1450,1325,1107,1301,1008,995,1302,1025,1028,1099,1254,1333,1459,1433,1131,1469,1386,1527,1196,1451,1252,1083,1111,1377,1373,1154,1184,1235,1105,1056,1449,1455,1274,1049,1309,1093,1374,1081,1276,1307,1482,1504,1219,1281,1288,1075,1071,1371,1104,1532,1469,1026,1355,1189,1350,1091,1289,1059,1377,1097,1205,982,1442,1531,1506,1349,1351,1352,1293,1339,1280,1134,1376,1237,1293,1020,1498,1432,1010,1353,1146,1516,1085,1192,1147,1400,1443,1462,1047,1509,1268,1240,1493,969,1523,1195,1255,1515,1431,1118,1383,998,1250,1157,980,1281,1209,1234,1184,1296,1423,1182,1152,1249,1268,1370,1509,1446,1149,1259,1187,1134,1052,1529,1456,1244,1329,1539,1490,1032,1530,1151,1106,1367,1386,1328,1333,1292,1428,1115,1391,1100,1127,1051,1149,1088,1053,1429,981,1261,1490,1314,1448,1112,1118,1256,1454,1085,1494,1114,1110,1211,1485,1062,1423,1527,1392,1226,1374,1084,1296,1367,1116,1087,1242,1372,1319
,1423,1262,970,1460,1085,1064,1297,1526,1190,1197,1467,1420,1359,1003,1417,1446,1267,1036,1251,1183,1215,972,1024,1494,1210,1181,1320,1191,1404,1400,1440,1145,1502,1351,1189,1392,1081,1209,1082,1503,1141,1300,1227,1428,1499,1314,1196,1540,1211,1344,1092,1381,1379,1344,1173,1508,1144,1011,1466,1395,1011,1389,1095,1179,1347,1090,1072,1240,1514,1080,1088,1446,1157,1152,1340,1061,1276,1150,1165,1352,1447,1257,1541,1360,1075,1239,1038,1086,1364,1454,1470,1125,1270,1431,1002,1118,1385,1356,1499,1069,981,1533,1005,1093,979,1243,985,1431,1457,1288,1460,1364,1400,1332,1508,1398,1103,1361,1237,1061,1224,1377,994,1364,1218,1344,1192,985,1292,1179,1411,1513,1024,1112,1073,1004,994,1367,1168,1168,1208,1237,1108,1433,1035,1399,994,1522,1296,1163,1090,1344,1414,988,1351,1155,1313,1450,996,1291,1376,1247,1116,1344,969,1090,1149,996,1247,1057,1126,1115,1429,1539,1275,994,995,1373,1326,1473,1490,1436,1042,1241,1274,1495,1109,1053,1248,1187,1141,1509,1208,992,1118,1283,1263,1429,1135,1331,1217,1362,1105,1141,984,1108,1212,1061,1249,1539,1042,1130,1098,1068,1412,1197,1016,1168,1405,1012,1014,1430,1366,1061,981,1055,1440,1303,1424,1153,1087,1293,1400,1445,1402,1105,1443,1283,1203,1221,1332,1060,1533,1456,1410,1280
,1408,1351,1249,1246,1497,1018,1242,1259,1526,1475,1148,1001,1261,1532,1440,1116,1190,1123,1250,1289,1511,1078,1287,1243,1422,978,1419,979,1523,1461,1197,1276,1471,1346,1469,1099,1332,1320,1054,1211,1510,1161,1125,1252,1254,988,1299,1329,1248,1395,1140,1472,1449,1084,1170,1283,1183,1108,1099,1527,1172,1348,1079,1531,1403,1210,1180,1276,1131,1291,1509,1244,1132,1503,1045,1085,1484,1357,1407,1420,1045,1234,1199,1520,1139,1293,979,1031,1173,1265,1166,1531,1010,1251,1251,1260,999,985,998,1196,1018,1139,1349,1494,1227,1519,1147,1383,1506,1025,1257,1532,1087,986,1457,1364,1187,1177,1211,1490,1090,1377,1093,1425,1153,1276,1259,979,1213,1490,1070,1192,1542,1469,1450,1184,1055,1510,1440,1324,1076,1429,1162,1064,1204,1153,1318,1356,995,1444,1379,1452,1024,1290,1515,1263,1340,1529,1046,1300,1157,1256,1263,1208,1230,1065,1104,994,1032,991,1447,1413,994,1411,1110,1519,1012,1417,1533,1107,1001,1536,1543,1180,1405,1334,1523,1257,1301,1445,1026,1186,1456,1183,1214,1124,1221,1006,1169,1463,1380,1048,1023,1052,1356,1444,1050,1186,1490,1212,1503,1379,1494,1523,1287,1496,1061,1278,980,1463,1504,1469,1294,1216,1036,1022,1036,1170,1292,1409,1529,1317,1173,984,1489,1011,1098,1335,1382,1129,1434,1251,1423,1158,1474,1446
,1028,1305,1247,1538,1468,1490,1023,1172,1447,1285,1439,1465,1378,1091,1458,1139,1121,1540,1407,1389,1377,1045,1091,1270,1434,1261,1023,1200,1417,1374,1411,1260,1254,1485,1537,1507,1314,1459,1440,1158,1039,1154,1046,1121,1492,1329,1161,997,1163,1371,1371,1253,974,1006,1502,1121,1023,1005,979,1280,974,967,1180,1305,1080,1289,1483,1402,1476,1363,1184,1495,1463,1093,1177,1524,1198,1108,1518,1128,1233,1131,1365,1329,1182,1318,1086,1219,1495,1005,985,1132,1238,1309,1228,1309,1263,1148,1057,1483,1119,1235,969,1087,1140,1323,1318,1137,1325,1435,1333,1037,1199,1165,1220,1491,981,1458,1440,1084,1229,1098,1442,1185,1538,1127,1051,1115,1112,1283,1224,1334,1247,1528,1233,1035,1133,1238,1358,1387,984,1143,1365,1307,1144,1121,1485,1472,1317,1288,1303,1309,1341,1213,1531,1253,1348,1137,1296,1110,1257,999,1298,1496,1088,1529,1472,1367,1470,1481,1138,1439,1026,1241,1276,1144,1227,1335,1285,1205,1057,1130,1021,1112,1202,1224,1242,1357,1424,1209,1017,1396,1045,1199,1152,1277,1271,1373,1250,1170,1317,1356,1069,1538,1352,1036,1030,1087,1396,1471,1408,1156,1380,1132,1108,1153,1252,1518,1126,1064,1160,1403,991,1138,1096,1283,1404,1153,1068,1290,1210,1382,1163,1123,1361,1464,1229,1393,1054,1130,1052,1331,1418,1343,1094,1341
,1330,1095,1512,1501,1197,992,1320,1245,1151,1319,1186,1251,1117,1247,1380,1208,1272,1326,1437,1359,1252,1499,1391,1197,1260,1249,1206,1186,1528,1014,1111,1084,1530,1355,1534,1218,1112,1389,1160,1253,1358,1230,1055,1235,1511,1118,1061,965,1165,1009,1142,1058,1075,1360,1245,1422,1476,1473,1306,1420,1472,1316,1500,1395,1450,1062,1264,1089,1150,1388,1201,1391,1170,1165,1179,1220,1051,1290,1388,1200,1156,1499,1050,1256,1503,1295,1280,1040,1258,1484,1005,1190,1311,1157,1461,1485,1517,1507,1035,1429,1264,1179,1276,1359,1275,1406,1238,1169,1264,1051,1486,1519,1362,1029,1301,1425,1177,1202,1438,983,1148,1210,1432,1501,1194,1444,999,1073,1180,1481,1500,1165,1405,999,1146,1107,968,1212,1449,1139,1118,1059,1071,1141,1106,1376,1097,989,995,986,1326,1377,1507,1001,1193,1196,1096,1045,1156,1518,1388,1333,1218,1092,974,1199,1010,1526,1088,1418,1489,1289,1491,988,1018,1179,1539,1391,1029,1140,1083,989,1495,1175,1394,1363,1142,1106,1367,1431,1460,1059,1391,1020,1516,1473,1341,1079,1392,1104,1296,1018,1132,1516,1503,1208,1184,1377,1281,1135,1103,1095,1450,975,1474,1381,1458,993,1224,1259,1411,1364,1396,1112,1466,1077,1396,1396,985,1424,1508,981,1471,1174,1497,1304,1499,1329,1263,1102,1185,1321,1499,1499,998,1296
,1214,1451,1205,1214,1197,1011,1359,1294,1395,1092,1263,1051,1049,1145,1089,1361,1264,1116,1455,1204,1276,1225,1204,1120,1039,1197,1242,1335,1311,1263,1049,1495,1195,1222,1077,1003,1425,1091,1045,1437,1157,1407,1373,1399,1337,966,1227,999,975,1240,1413,1173,1086,1033,1153,1193,1078,1282,1424,1258,1127,1470,1055,1315,1284,1474,1310,1051,1016,1332,1455,1087,1356,1269,1104,1497,1418,1252,1336,979,1080,1487,1135,989,1511,1288,1363,979,1196,1140,1151,1397,1420,1304,1322,1311,1076,1493,1181,1080,1430,1526,1090,1299,1078,1232,1256,1125,1533,1300,1091,1090,1079,1213,976,1488,1480,980,1227,1121,1365,1534,1355,1273,1166,1446,1062,1229,1374,1439,1200,1082,1118,1359,1261,1341,980,1040,1016,1270,1317,993,1082,965,1035,1075,1450,1285,1032,1138,1108,1333,1183,1208,1528,1117,1057,1236,1537,1539,1410,1246,1091,1523,1300,987,976,1362,1088,1342,1161,1279,1022,983,1489,1536,1302,1185,1408,1282,1399,1141,1462,1366,1102,1117,1512,1369,1339,1112,1035,1188,1178,1541,1257,1078,1310,1453,1397,1269,1242,1341,1521,970,1533,1245,1148,967,1099,1389,1219,993,1171,1449,1391,1366,1105,975,1201,1036,1023,1381,1395,1449,1287,1289,1180,1086,1471,1467,1328,1183,1404,1007,1421,1362,1008,1244,1468,1158,1463,1085,1019,1517,1282,1474
,1205,1224,971,1448,1505,1287,1166,1275,1303,1274,1455,1259,1010,1383,1174,1095,990,1369,1215,1332,1200,1074,969,1513,1152,995,1164,1301,1378,1204,1439,1231,1437,1314,1200,967,1332,1343,1275,1289,1012,1281,1030,1383,1405,1389,1480,1094,1330,1392,1027,1422,1178,1096,1497,1373,1354,1164,1415,1099,1505,1396,1020,978,1045,1397,1082,1203,1165,1278,1051,1396,1272,1108,976,1379,1313,1031,1082,1002,1470,1368,1490,1019,1409,1210,1353,1039,1369,1500,1498,1220,1100,1134,1385,1542,1465,1524,1218,1498,1070,981,1289,996,1105,1450,1306,1320,1162,1353,1317,1456,1541,1368,1501,1442,1303,1460,1295,987,976,1104,1480,1098,1241,1425,1063,1113,1102,1477,1292,986,1103,1193,1083,1351,1183,991,1436,1093,1537,1458,1352,994,1534,1303,1527,1011,1214,1268,1477,1101,1512,1121,1429,1458,1255,1066,1384,1402,1264,1280,1510,1514,1202,1190,1429,1429,1026,1172,1022,989,1066,985,1282,1212,1058,1253,1043,1519,1473,1023,1314,1445,1246,1225,1337,988,1529,1203,1440,1430,1174,1024,1484,1381,1351,1188,1538,1309,1045,1219,1312,1358,1244,1533,1381,1097,1540,1047,1542,1345,1314,1012,1365,1084,1147,1258,1123,1258,1496,1004,1074,1107,1508,1051,1112,1488,1237,1065,1285,1296,1401,1346,1449,1409,1171,1489,991,1448,990,1266,1024,1279,1526,1182
,1316,1532,1399,1540,1418,1383,1472,992,1065,1465,1468,1419,1171,1449,1016,1504,1424,1146,1044,1007,1540,1015,1503,1149,1321,1159,1434,1096,1248,1164,1192,1538,1055,1084,1344,1064,1222,1064,1127,1387,1336,1196,1518,1542,1351,1260,969,993,1447,1241,1328,1036,1318,1456,1345,1457,1241,1097,1468,1358,1385,1461,1256,1090,1407,1089,1450,1442,1533,1156,976,1149,1442,1367,1087,1144,1383,1458,1095,1014,1082,1469,1332,1519,1470,1058,1269,1187,1488,1162,1328,1058,1149,1225,1036,1268,1326,1380,1352,1159,1148,1429,1434,1372,1341,1325,981,1055,1372,1388,1306,1531,1318,1156,1497,996,984,1429,1358,1215,1120,1401,1386,1176,1529,1313,1298,1049,1115,1070,1440,1332,1038,1260,1364,1366,1047,1162,1521,1356,1239,1144,1170,1083,1429,1386,1192,1331,1503,1291,1405,1044,1314,1292,1079,1053,1045,1077,1100,1210,1163,1319,1249,1113,1460,1461,1167,1185,988,976,1475,991,1040,1085,988,1483,1188,1436,1415,1103,1507,1216,1135,1092,1383,996,1420,1233,1123,1473,1543,1279,1497,1018,1522,1141,1285,1307,1341,1160,1108,1148,987,1383,1097,1099,1361,1411,1320,1344,1220,1182,1301,1158,1394,1011,1017,1172,1466,1500,1167,1435,1477,1168,1206,1274,993,1307,1219,1470,1485,1182,1435,1148,1206,1393,987,1112,1007,1436,984,1386,1092,1264,1227,1527
,1421,1164,1033,1147,1299,1335,1297,1001,1252,1005,1059,1114,1367,1257,1418,1132,1296,1320,1375,1111,1210,974,969,1197,1070,1083,1318,1509,995,1511,1536,1199,1055,1125,1210,1067,1300,1218,1310,973,1283,1217,1208,1170,1365,1068,1374,1408,1392,1421,1390,1353,1075,1506,1495,1000,1399,1499,1469,1306,1105,1431,1153,1239,1507,1315,1457,1420,1103,1222,1047,1207,1184,1495,1286,1138,1019,1326,1195,1131,1305,1117,990,1196,1362,966,1313,1242,1287,1436,973,1271,1203,1176,1192,1289,1237,1188,1133,1074,966,1213,1266,987,1447,1082,1379,1079,1400,1454,1486,1309,1379,1397,1113,1436,1303,1004,1159,1101,988,1202,1077,1124,1339,1302,1278,973,999,1191,1509,1041,1211,1360,983,1076,1432,1059,1508,1348,1465,1336,1282,1338,1441,1036,1267,1318,1436,1442,1064,1058,988,1530,1190,1056,1163,1081,1460,1062,998,1394,972,1167,1194,1486,1078,1090,1083,1372,1533,1527,1155,1108,1194,1446,1197,1437,1535,1146,1479,1016,1138,1156,970,1495,1359,1391,1173,1068,1312,1408,1092,1068,1350,970,1530,1017,1366,1463,1315,1031,1373,970,1236,971,1056,967,1238,1042,1427,1372,1149,1183,1513,1053,999,976,1353,1386,1543,1360,1413,1505,1360,980,1178,1119,1524,1391,1341,1480,1374,1159,997,1093,1118,977,1144,986,1383,1472,1062,1441,1514,1248
,1196,1019,1169,1110,1089,1092,1146,1363,1338,1065,1206,1411,1059,1106,982,1013,1299,1328,1034,1503,1464,1529,1333,1128,1204,1430,1491,1443,1228,1180,1123,1446,1170,1446,1078,1010,1413,1217,1206,1081,1520,983,1319,1510,1037,1463,1462,1230,1206,1283,1090,1050,1284,1243,1015,1500,1384,1347,1398,1247,1382,1483,1522,1061,1481,1491,1036,1062,1309,1399,1502,1354,1440,1238,1250,1509,1169,1361,1031,1313,1264,1416,1264,1367,1145,1003,1030,1142,1196,1001,1055,1443,1531,1308,1543,1253,1466,1161,1088,1342,1060,1111,1309,1167,1164,1091,1116,1132,1367,1337,1419,1063,1061,1456,1195,1142,1051,1207,1086,998,1175,965,1105,1441,1429,1520,1437,1513,1007,1260,1289,1445,1011,1234,1226,1378,1419,1305,1323,1520,1109,1209,1508,1159,1443,1291,1049,1140,1331,1512,1427,1331,1163,1386,986,1407,1333,1029,1456,1027,1001,1164,1122,985,1010,1359,1204,1102,1418,1421,1207,1239,1505,1053,1446,1317,1208,1426,1332,1397,1276,1462,1332,1005,1436,1427,1064,1461,1351,1382,1205,1442,1307,1484,1050,1472,1444,1252,1525,1266,1084,1412,1347,1425,1389,1168,1203,1062,1457,1415,1398,1030,1340,1441,1335,1543,1216,1472,1385,1169,1382,1538,1321,1216,1412,1473,1305,1230,1090,1184,1219,1117,1293,1047,1255,1338,1006,1484,1254,996,1227,1171,1183,1183,1235,1129
,1028,990,980,1177,1215,1369,1323,1131,1326,1474,1163,992,1362,1316,1166,1112,1460,1208,983,1093,1419,1209,1125,1278,1513,1393,1540,1460,1293,1045,1343,1344,1160,997,1156,1115,1100,1431,1541,1270,1451,1019,1251,1131,1214,1021,1438,1029,1384,1246,974,1180,1524,1292,1229,1144,1124,1069,1047,1201,1377,1263,1157,1295,1144,1489,1255,1494,1138,972,1199,1384,1470,1196,1143,1217,1406,1456,1511,1537,1171,1452,996,1426,1400,1455,1176,1441,997,1169,1106,1348,1422,1288,1034,1030,1102,1143,1518,969,1085,1015,1310,1397,1455,1111,1456,1445,1473,1426,980,1170,1145,1160,1167,1516,1472,1264,990,1540,1363,1334,1302,1448,1296,1300,1319,1517,1165,1279,1391,1157,1119,1143,1175,1114,1502,975,1483,1336,986,1404,1315,1393,1317,1153,1373,1362,1106,1031,1527,1400,1194,1511,1475,1126,1478,1352,1314,985,1098,1174,987,1353,1138,1255,1268,1397,1320,1278,1488,1352,1023,1363,1284,1334,1063,1156,1070,1078,1118,994,1477,1312,977,1501,1540,998,1290,1115,968,1540,1106,1218,1060,1516,1315,1287,1430,1006,1273,1108,1410,1160,1094,1093,1266,966,1512,1420,1316,1441,1361,1152,1320,1344,1042,1220,1293,1454,1166,1315,993,1014,1135,1052,1496,1098,973,1028,1078,1510,1298,1155,1449,1094,1270,1433,1399,1143,1300,967,1250,1344,1044,1494
,1479,1237,1227,1398,1211,1487,1508,1018,1033,1243,1525,1041,1495,1027,1131,1339,1499,1422,1386,1478,1272,1157,1027,1477,1140,1500,1248,1247,1081,1210,1370,1527,1320,1131,1380,1294,1340,1366,978,1352,1227,1063,1098,1405,1056,1304,1095,1231,1172,1318,1060,1501,1338,1056,1166,999,1260,1359,1310,1362,1198,1366,1473,1327,1060,1082,1101,1361,1371,1131,1287,1173,1319,1540,1147,1356,1399,1313,1389,1327,1391,1268,1351,1207,1404,1481,1184,1129,1088,1537,1516,1108,1189,1458,1483,1269,1411,1118,1149,1147,1252,1105,1439,1144,1208,1130,1226,1015,1158,1464,1135,1078,1209,1360,1067,1224,1298,994,1029,992,1420,1272,1399,1109,1195,1229,1460,1226,1450,1029,1208,1002,1025,1152,1148,1193,1241,1066,990,1539,1258,1461,1314,1438,1531,1064,1415,1414,1173,992,1427,1238,1258,1106,1338,1115,1053,970,982,1484,1070,998,1255,1301,1295,1521,1406,1001,1211,1005,1216,1187,1001,1332,1207,1442,1391,1224,1318,1490,1454,1261,1353,988,1411,1279,1277,1015,1293,1454,1157,1043,1398,1125,1082,1072,1310,1526,1388,1012,1111,1209,1386,1292,1218,1427,1489,1297,1197,1003,1446,1489,1288,1391,1363,1078,1042,1054,1182,1375,1310,1477,1512,1515,990,1447,1192,1519,1411,1489,1143,1331,974,1132,1273,1195,1277,1040,1530,1426,999,1535,1445,1054,1442,1199
,1538,1110,1002,1210,1486,1353,1226,1519,1110,1169,1061,1123,1527,1243,1198,1442,1543,1172,1287,1060,1176,1263,1314,1498,1122,1378,1151,1189,1337,1081,1012,1543,1541,1239,1349,1457,1262,1015,1095,1413,1428,1534,1308,1153,1019,1497,1510,1282,1088,1139,1006,1228,1046,1151,1019,1515,1251,1337,1216,1311,1184,1309,1409,1040,983,1515,1201,1536,1405,1378,1283,1139,1100,1207,1244,1147,1249,1294,994,1184,1364,1390,1072,1480,1513,1075,1237,1417,1421,1076,1220,1017,1021,1408,1416,1482,1159,1195,1072,1403,1501,1048,1101,1314,1265,1426,1356,1385,1373,1000,1401,1132,1536,1125,1083,1270,1389,1044,1339,1156,1112,1082,1273,1360,1260,1462,1324,1446,1006,1131,1440,1326,1242,1368,1252,1073,1057,1197,1418,1528,1422,1425,972,1289,1147,1002,1503,1204,1468,1062,1059,1124,1533,1439,1168,1254,1361,1413,1161,1288,1505,971,1496,1107,1440,1415,1340,1338,1204,1466,983,995,1018,1063,1533,1458,1071,1363,1519,984,1427,1489,1389,1166,1358,1079,987,1200,1025,1535,1069,1003,1018,1150,1481,1210,1283,1319,1022,1143,1396,1424,1414,993,1452,1002,1313,1164,1138,1489,1165,1512,1509,1153,1524,1064,1286,1386,1490,1038,1092,1377,1403,1410,1416,1178,1092,1485,1221,1039,1349,1256,1424,1060,1220,1310,1538,1541,974,1237,1329,1402,1366,1015,1028,981
,1239,1477,1335,1299,1199,1379,1351,1196,1174,1274,1180,1236,1377,1293,1305,1083,985,1221,1520,1241,1007,1012,1411,1482,1415,1387,1107,1254,1254,1085,1490,1003,1166,1498,1486,1151,1197,1141,1542,1088,1294,1500,1442,1326,1280,1117,1321,1024,1393,1259,1120,1087,1258,992,1354,992,1210,1396,1195,970,1507,1456,1020,1318,1283,1316,1252,1235,1222,1372,1045,1215,1367,1309,1532,1033,983,1131,1241,1349,1471,1261,1337,1465,1111,1110,1003,1328,1463,1462,1339,1034,983,1341,1091,1485,1378,1466,1376,1468,1387,1107,1020,1044,980,1351,993,1419,975,1183,1083,991,1523,1439,1259,1258,1439,1022,998,1029,1425,972,1470,1387,1316,1469,1118,1214,1088,1061,1262,1119,1008,1208,1212,1177,1284,1482,1349,1238,1468,1309,1137,1364,1499,1260,1081,1032,1379,1437,1310,984,1221,1386,1206,1099,1279,1094,1265,1292,1179,1442,1261,991,1142,1388,1269,1136,1383,1541,1200,965,1047,1541,1256,1377,1084,1063,1465,1451,1428,1472,1333,1357,1406,1263,1461,1271,1074,1288,1203,1411,1082,1497,1222,1181,968,1089,1445,1337,1267,1046,1202,965,1160,1016,1317,1143,1532,1200,1214,1065,1227,1293,1003,989,1196,1513,1431,1534,1369,1124,1076,1229,1186,1061,1249,1094,1155,1201,1049,1387,1163,1540,1465,1281,1341,1496,1423,991,1167,1357,1334,1340,1177,1516
,1057,1435,1478,1461,1025,1373,1144,1070,1419,993,1352,1262,1008,1380,1457,1238,1081,1268,981,1057,1154,1462,1480,1025,1442,1020,1438,1229,1038,1053,1036,1122,1244,1433,1173,1003,1416,1131,989,1004,1081,1046,1220,1368,978,1106,1114,1463,1523,1395,1003,1136,970,967,1091,1166,1101,1483,1465,1156,1323,1084,1227,1307,1189,1190,1530,1365,1015,1470,1269,1277,1309,1300,1383,1422,1506,1136,1123,1222,1444,1486,1074,1022,1446,1226,1451,1306,1132,1228,1044,1517,1492,1265,1405,1338,980,1329,1202,1451,1185,1212,1372,1215,965,1049,1446,1293,1363,1411,1537,1245,1003,1085,1324,1256,1485,1035,1107,1024,1356,1359,1026,1331,1517,1257,1137,1240,1336,1316,1353,1480,1427,1459,1491,1134,1203,1391,1149,1297,1289,1372,996,1310,1303,971,1326,1070,1292,1077,1328,1270,1206,1280,1483,1207,1418,1176,1503,1525,1324,986,996,1483,1090,1457,1170,984,992,1150,1124,1178,1506,1298,1211,1183,1518,1197,1261,1539,1469,1120,988,1372,1303,1146,1222,1063,973,1155,1268,1376,1277,1026,1248,1278,1259,1217,1261,1060,1181,1329,1336,1150,1393,1299,1313,1023,1260,1056,1155,1265,1017,1260,1268,1417,1430,1469,1197,1421,1452,974,1430,1001,1173,1264,1185,1489,1192,1363,1139,1241,1447,986,1257,980,1541,1134,1458,1501,1336,1508,1227,1427,1358,1085
,1381,996,1279,1534,1543,1359,1185,1234,1401,1119,1077,1403,1145,1091,1339,1290,998,1051,992,1145,1446,1334,1356,1424,1010,1479,1460,1246,1520,1386,1091,983,1517,1290,1385,1278,1189,968,1296,1504,1325,1144,970,1290,1292,1522,1002,1423,1183,1355,1487,1343,973,1339,1383,1000,1300,1231,1278,1083,1050,1198,1525,1106,1060,1399,1062,1250,1460,1187,1502,1161,1022,1174,973,1099,1362,1378,1490,1286,1184,1121,1210,1106,1470,1539,1033,1423,1539,1230,1432,1506,1190,1084,1171,1186,1428,1024,1434,1254,1131,1199,1090,1479,1326,986,1002,1466,1207,1339,1491,1166,1142,1533,1439,1224,1305,1416,1427,1098,1007,1149,1197,1218,1131,1005,990,1420,1196,1337,1191,1396,1328,1084,1404,1350,1343,1244,1034,1505,1022,1361,1476,1503,1408,1051,1105,1433,1062,1067,1495,1374,1174,1130,1437,1467,1470,1533,1251,1398,977,1505,1039,1264,1109,1287,1135,1080,1178,1297,1148,1181,1173,1519,1183,1220,1382,1326,1079,1526,1425,1072,1127,1446,1206,1452,1315,1052,1040,1036,1387,1316,1407,1313,996,1364,1180,1435,1513,1194,1197,1251,1489,1475,1291,1046,1414,1066,996,1167,1002,1422,1188,1490,1356,1243,1276,1431,1148,1356,1076,1449,1137,1036,1321,1131,1021,1497,1514,1196,1112,1166,1272,1362,1431,1504,1113,1009,1365,988,1357,1048,1332,1493,1175,1239
,1303,1018,1305,1272,1273,1458,1378,1271,1323,1254,1208,1047,1385,1030,1440,1065,1141,1392,1331,1170,1319,1530,1342,994,1017,1315,1160,1346,1171,1441,1119,1507,1145,1100,1006,1257,1506,1137,1494,1436,1283,1543,1263,1050,1382,1009,1232,1334,1476,1326,999,1287,1283,1323,1093,1261,1436,1204,1494,1127,1317,1402,1143,1194,1144,1111,1454,1400,1436,1239,1073,1437,1264,1304,1325,1339,1515,1015,1532,1218,1113,1438,1504,1024,1523,1535,1202,1194,1317,979,1417,1003,1394,1285,1538,991,1314,1339,1110,1389,1323,1536,1293,995,996,972,1346,1004,1159,1164,1257,1046,1333,1185,1310,1334,1439,1491,1058,1018,1373,1278,1204,965,974,1433,1125,1358,1046,1285,1482,1512,1246,1384,1311,1157,1417,1310,1371,1077,1532,1159,1373,1474,1425,1248,1226,1337,1305,1207,1260,1178,1346,1158,1087,1218,982,1099,1087,990,1320,1035,1526,1345,1242,1254,1240,976,1005,1441,1488,1006,1212,1389,1245,1378,1365,1523,1502,1115,1326,1286,1302,1211,1437,1193,1468,1243,1386,1120,1268,1286,1015,1419,1285,1019,1083,1260,1295,1437,1504,1282,1334,1434,1505,1398,1130,1190,1012,1289,1493,1438,1463,1064,1371,1510,1355,1204,1069,1526,1339,995,986,1088,1140,1463,1245,1106,1489,1516,980,1233,1034,1043,1166,1451,1155,1313,1364,1114,1345,1295,1134,1228,1152,1063
,1451,1137,1028,1108,1087,1232,1021,1529,1197,1403,1268,1515,1132,1373,1528,1129,1226,1204,1459,1268,1427,1174,1070,1070,1117,1259,1155,1497,1105,1504,1376,1301,1434,1060,1411,1141,1347,1103,1322,1377,1300,1522,1304,1078,1036,1200,1051,1160,1367,1394,1034,1209,1093,1533,988,1018,1268,1280,1065,998,1406,1158,1475,1160,1025,995,1444,1222,1201,1542,980,1325,1543,1271,1125,1150,1400,1376,1263,1408,1065,1480,1445,1500,1465,1311,1012,1161,993,1139,1516,1492,1239,1114,1169,1496,1321,1298,1309,1319,983,1228,1257,1354,1116,1262,1074,1387,1120,1358,1268,1166,1127,1441,1085,1204,1271,1084,1471,1055,1475,1327,967,1216,1206,1374,1229,1086,1310,1059,1052,1100,1025,1290,1358,1152,1360,1154,1178,1086,1191,1435,1449,1527,1236,1312,985,1056,1472,1177,1443,999,1434,1437,1256,1401,1189,1201,1454,1402,1385,1232,1207,1021,1221,1361,1133,1051,1031,1375,1087,1073,1027,1062,1086,1184,1108,1172,1258,1326,1499,988,1016,1067,986,1526,1000,1438,1249,1046,1364,1509,1035,1395,1189,978,1075,1186,1390,978,1244,1335,1519,1159,974,1451,1001,1457,1455,1036,1308,1292,1376,1244,1320,1078,1236,1086,1198,974,1232,1054,1165,1309,1536,1163,1061,1286,1003,1437,1374,972,1062,1320,1535,1226,1363,1262,986,1265,1495,1064,1388,1367,1098,969
,1378,1171,1173,1109,1117,1359,1245,1045,1525,1327,1016,1449,1023,1527,1480,1298,1495,1005,1145,1423,1019,1238,1108,1311,1328,1534,1225,1210,1191,1522,1159,1376,1451,1318,1196,1065,1515,1355,999,1402,1132,1455,1314,1093,1095,1456,1011,1166,1297,1143,1419,1373,1436,1515,1183,1066,1167,1075,1102,1363,1165,1030,1313,1054,1021,1376,1535,1105,1333,1230,1483,1362,1377,1091,1430,1122,1486,1271,1221,1085,1177,968,1451,1496,994,1125,1384,1348,1356,1021,1424,1381,985,1110,1041,974,1069,1530,1270,1376,1222,1470,966,1484,1269,1302,1303,1104,1123,981,1335,1283,1107,1475,1075,1306,1029,1527,1296,1154,1475,1299,1372,1510,1392,1489,1049,1484,1167,1292,1402,1215,1193,1470,1211,1272,1405,1024,1001,1313,1248,1171,1251,1369,1308,1339,1427,1382,1353,1179,1356,1329,1404,1346,965,1313,1277,1278,1138,1324,1491,1222,1169,1372,1191,1468,1270,1052,1122,1198,1039,1208,1200,1283,1359,1324,1241,1533,1269,1449,1121,1437,985,1451,1031,1197,1423,1059,1282,1118,1447,1199,1323,1401,1254,1426,1040,1070,1342,1477,1484,1328,1083,1134,1010,1103,1156,1198,1025,969,1311,1283,1349,1289,1456,1490,1441,1404,1185,1156,1253,1278,1104,1486,1061,1133,1225,1442,1138,1147,1290,1017,1218,1231,1350,1183,1116,1514,1424,1268,1236,1190,1310,1024,1188,1105
,1260,1384,1453,1377,1236,1336,1537,1345,1340,1514,1481,1044,983,1234,1385,1322,1017,1304,1154,1457,1002,1163,1390,1464,1203,1516,974,1519,1391,1078,1251,1264,987,974,1155,1205,1525,1523,1502,1191,1069,1402,1365,1173,1479,1289,1066,1055,1397,1489,1296,1123,1532,1524,1219,1363,1472,1341,1248,1266,1170,1480,1134,1041,986,1303,966,1194,1026,1024,1458,971,984,1136,1097,1306,983,1275,1262,1387,1400,1305,1304,1534,1494,1145,1003,1314,1538,1530,1057,1164,1100,1400,1292,1034,1074,1078,1090,1531,1480,1095,1519,1418,1123,1222,1244,1036,1030,1143,1182,1407,1069,1123,1489,1280,1132,1168,1356,1527,1268,1309,1537,1003,1256,1129,1464,1130,1050,1529,1011,990,1113,1131,1212,1429,1355,1348,1284,1225,1136,1512,983,1006,1285,1429,1525,1226,1356,1136,1383,1404,1271,1203,1495,1478,1490,1214,1078,1327,1065,1537,1024,1540,1284,1421,1038,1401,1210,1305,1075,1518,1531,991,1191,1494,985,1199,1378,1337,1159,973,1520,1233,1481,1084,1111,1451,1076,1510,1373,1347,1332,1023,1146,1424,1174,1432,1150,1176,970,1489,1442,1012,1493,1216,1067,1163,1056,1063,1416,1402,1026,1152,1168,1377,1477,1239,1399,1519,1296,1393,976,1465,1312,1435,1136,989,1479,1264,1225,1297,1381,1302,1251,1100,1517,1104,1340,1256,1295,1172,1448,1082,995,1292
,1511,1074,1109,1283,1117,1500,1032,1381,1445,1350,1181,1334,1470,1222,1465,1221,1259,1522,1247,1197,1249,1523,1287,1427,1460,1070,1363,1185,1126,993,1511,1067,1007,1449,1305,987,1236,1266,1280,1347,1463,1411,1043,1149,978,1155,1521,1515,1247,1326,1320,1517,1023,1029,1340,1038,1375,1540,1319,1298,1504,1524,1127,1476,1386,1424,1440,1206,1127,1308,1213,1141,965,980,1038,1239,1000,1332,1324,1057,1526,996,1072,1205,1497,1280,1311,1038,1174,1165,1438,966,976,1477,1268,1454,1102,1044,1451,1525,1172,1370,1104,1322,1067,1286,973,1370,1387,1124,1445,1470,1002,1434,1003,1073,1073,1490,1103,1360,1021,1370,1315,1510,1210,1512,1013,1405,1526,1162,967,1141,1260,1122,1258,1449,1303,1251,1167,968,1084,1082,1034,969,1356,1019,1282,1383,1171,1269,1337,1476,1371,979,986,1153,1336,1342,1040,1282,1063,1388,1054,1445,1402,1361,1025,1421,1495,1368,1242,1021,1173,1315,1346,1072,1452,1355,1417,1220,1434,1142,1193,1452,1149,1263,1527,1520,1265,1176,1300,1360,1075,1165,1500,1430,1219,1388,1072,1509,970,1339,1285,1067,1485,1520,1199,1293,1097,1470,1317,1407,1085,1079,1478,1411,1490,1359,1205,1188,1207,1492,1215,1002,1056,1009,1510,1029,980,1463,1069,1150,1249,1144,1110,1312,1229,1364,1293,1015,1301,1286,1099,1205,1475,982
,1519,1308,1257,1350,995,1399,1229,971,1541,1402,1427,1019,1013,1256,1030,1363,1283,1043,1159,1153,1531,1079,1014,1176,1356,1498,1420,1448,1249,1230,1473,1283,1137,1395,1098,1432,1234,1274,1474,1119,1350,1119,1177,1213,1396,1317,1212,1535,1499,1279,1086,1147,1520,973,966,1349,1218,1434,1254,1005,1493,1240,1256,1492,1490,1067,1425,1368,1075,1539,1343,1097,1236,1345,1233,1083,1160,1425,1158,1075,1453,1188,1223,1430,1017,1297,1357,1054,1369,1057,1160,1297,1509,1033,1438,1122,1392,1341,1070,1480,1090,1252,1273,1181,1057,1307,1267,1469,1227,1049,1389,1320,1112,1096,1364,1231,1403,1012,1131,1301,1434,1453,1114,1251,1277,1033,1335,990,1007,1288,1402,1353,1492,1397,1509,1112,1157,1127,1387,1191,1116,1198,1221,1441,1090,1062,1130,965,1131,1485,1090,1201,1105,1199,1076,1165,1436,1044,1480,1071,1168,1108,1020,1344,1514,989,978,1139,1151,1003,1532,1009,1287,1224,1427,966,1130,1413,1086,1107,1148,1314,1469,1014,1027,1413,1075,1520,1076,1060,1056,1145,1072,1065,1366,1293,968,970,976,1291,1158,1182,1059,1114,1331,1365,1536,1372,1437,1225,1256,1522,1438,1222,1240,1256,1151,1232,967,1229,1305,1489,1158,999,1152,1336,1365,1020,1486,1365,1244,1246,1434,996,1099,1339,1523,1190,1421,1113,1090,1259,1117,1008,1515,1494
,1242,987,1180,1242,1520,1199,1127,1083,1141,1539,1467,1155,1047,1208,1075,1013,1141,1418,1373,1281,1422,1210,1481,1518,1255,1342,1477,1201,1029,1030,1079,1492,1374,1308,1421,1339,1129,1344,1321,1106,1160,1396,1168,1008,1169,1070,1199,1035,1133,1260,1449,1090,1007,1366,1102,1376,1443,1410,1235,1314,993,1054,1459,1067,1437,1270,1159,1187,977,1353,1163,1300,1355,1230,1455,1332,1009,1152,1254,1262,1399,1309,1162,1106,1328,1368,1269,1407,1283,1486,1479,1137,1002,1098,1082,1181,1401,1076,1352,1344,1365,1263,1342,1416,1333,1276,1137,1006,968,1487,1385,1096,1219,1078,1141,1534,1223,1098,1053,1269,1327,1163,1362,1496,1232,1152,974,1371,1180,1097,1138,1223,1163,1124,1289,1012,1459,1026,1460,1160,1008,1397,1142,1414,985,1332,976,1338,1454,1221,1523,1063,1154,1135,1476,1104,1526,1357,1367,1129,1306,1214,1150,1494,969,1148,1246,1058,1533,1159,1207,1078,1097,1539,1164,1083,1161,1318,1382,1163,1312,1524,1502,1232,1112,1061,1077,1265,1228,1232,1147,1156,1177,1368,1293,1108,1230,1511,1014,1163,1043,1285,1379,1231,1163,1336,991,1030,976,996,1003,1455,1307,1061,1361,1242,1380,1444,1305,1423,1436,1387,1116,1129,1302,1293,1135,1180,1050,1207,1353,1281,1150,980,1492,1407,1323,1538,1454,1220,1026,1387,1085,1418,1017,1534
,1504,1280,1487,1157,1214,1281,1030,1187,1021,986,1148,1436,1095,1001,1297,1180,1488,1161,983,1328,1513,1446,1146,1486,1274,1386,1459,1353,1298,1257,1400,1431,1104,1418,1390,1197,1416,1500,1126,1525,1218,1012,1203,1330,1487,1245,1116,1422,1174,1196,1157,1001,1321,976,982,1193,1102,1435,1123,1124,1124,1014,1309,1312,1337,1053,1276,969,1301,1225,1417,1417,1311,1201,1215,1111,1119,975,1483,1267,1445,1488,1170,1210,1243,1300,1482,1325,1402,1515,1454,1290,1106,1219,994,1368,1321,1529,1020,1444,1462,1480,1272,1476,1443,1447,1392,1442,1541,1233,1244,1353,1301,990,1333,1523,1229,1263,1071,1165,1313,1028,1543,1028,1537,1089,1264,1401,1006,986,1213,1405,1069,1210,1193,1503,1234,1103,1066,1493,1398,1337,1172,1209,1015,1210,1170,1301,1111,1073,1346,1107,1262,1521,1163,1018,1233,984,1497,1250,1197,1303,1474,1003,1410,999,1402,1013,1330,1321,1199,1251,1168,1311,1071,1445,1180,1032,1207,1324,1034,1476,1023,1510,1211,1291,1130,1013,1207,1501,1321,1032,987,1246,1323,1001,1528,1213,1485,1009,1156,1047,1070,987,1521,1143,1420,1135,966,1216,1414,994,1033,1481,1398,1080,1116,1491,1184,1535,1337,1160,1095,1502,1162,1153,1535,1250,1490,1440,1171,992,1054,1370,1346,1092,1191,1221,1345,1257,1253,1175,1474,1209,1010,1002
,1271,1505,1018,1521,1444,1163,1285,1299,1402,1234,1092,1154,1093,1429,1462,1033,1519,1449,1169,975,1234,1309,1024,1318,1289,1072,1214,1228,1470,1124,1326,1186,1154,1521,1136,1072,1510,1172,1061,1023,1454,997,1192,1343,1425,1487,983,1511,1337,1486,1260,1506,1482,1051,1469,1384,1519,1266,1107,1468,1360,1384,1118,1183,1392,1084,1037,1338,1285,1106,1331,1217,1502,1001,1466,1148,1522,1479,1436,1480,1338,1149,1325,1509,1302,1395,1410,1184,1304,1225,1351,1509,1100,1083,1376,1452,1136,1353,980,1213,1462,1348,1276,1198,977,1205,1352,1015,1449,1163,1042,1465,1135,1177,1061,1130,1010,1108,1174,1187,1142,1119,1293,1048,1016,1506,1218,1089,1451,1384,1180,1321,1025,1312,1191,1060,1309,1191,1115,1041,1452,1075,1406,1336,1182,1124,1527,1319,1062,1355,1272,1192,1474,1073,1043,1244,1061,1409,1048,1500,1414,1459,1012,1212,1313,1536,1026,1043,1092,1526,979,1103,1052,1421,1336,1356,1344,1239,1379,1007,987,1148,1001,1112,1051,973,1226,1448,1366,1322,1481,1076,1024,986,1362,1392,1233,1339,1502,1452,1084,1317,1530,1036,1340,1368,1301,979,1488,1192,983,1015,1166,1040,1074,1010,970,1395,1246,1059,1188,1409,968,1222,1446,1240,1311,1114,1171,1491,1147,1343,1105,1204,1448,1055,1507,1132,1291,1243,1299,993,1325,1089,980,1281
,1155,1105,1130,1066,1127,1198,1383,1090,1334,1477,1214,1189,1237,1412,1059,999,1414,1122,1030,1391,1315,1402,1458,1222,994,1140,1502,1228,1533,1215,1262,1501,1262,1473,1281,1198,1176,1026,1203,1362,1524,1299,1351,1070,1161,1365,1319,1242,1102,1077,998,1168,1276,1419,1126,1274,1470,970,1297,990,1457,1216,1478,1523,1108,1251,1500,1457,1529,1124,1219,1305,1498,1465,1179,1388,1524,1183,1374,1183,1522,1281,1250,1055,1136,1006,1401,1154,1215,1439,1539,1297,1372,1390,1515,1539,1206,1299,1283,1542,1435,1416,1378,1377,1172,1263,1198,1350,1305,1372,1086,1048,1099,1135,1003,1417,1020,1256,1155,1193,1096,1453,1492,1217,984,968,1003,1271,1044,1496,1410,1534,968,966,1543,1002,1146,989,1516,1441,1359,1086,1439,1421,1134,1065,1210,1138,1167,1464,1056,1232,1037,1000,1335,1026,1183,1259,1040,1041,1011,1257,1220,1154,1198,1467,1538,1457,1081,1015,1145,1326,1016,1418,1046,1021,1363,1153,1023,1065,1035,1269,1531,1211,1435,1166,1245,1392,1256,1526,1447,1304,1424,1017,1229,1479,1395,1007,1071,1032,1091,1367,1495,1307,1008,1198,999,1188,1484,1088,1523,1536,1266,1283,1479,1111,1053,1077,995,1158,1298,1454,984,1287,1518,1406,1184,1062,1527,1220,1115,1454,1421,1359,1421,1124,1428,1321,1489,1509,1372,1375,993,1015,1139,1368
,1091,1401,1216,1070,1007,995,1422,1402,1240,969,1383,1416,1159,1004,1285,1124,1351,1031,1430,1038,1044,983,1388,1103,1413,1370,1330,1467,1389,1147,1061,1318,990,1192,1422,1104,1310,1074,1317,1008,1142,1181,1354,1419,1109,1374,1425,1332,1154,1403,1135,1344,1201,1287,1342,1045,1324,997,1044,1461,1533,1148,1433,1462,1419,1235,1471,1241,1222,1485,1338,1468,1141,1398,1108,1443,1037,1478,1376,1407,1463,1021,1400,1526,1252,1283,972,1036,1277,1521,1162,980,1138,1027,1162,1029,1238,1136,1314,1494,1085,1424,976,1143,1224,1143,1452,1287,1384,1161,991,1227,1290,1282,1431,1531,1369,1522,1120,1312,1204,1212,993,1420,1144,1484,1018,1090,1182,1447,1091,1202,1055,1285,1152,1327,996,1525,1241,988,1519,1463,1102,1151,1099,1514,997,1289,1015,1108,1435,1060,1283,1105,1046,1344,1076,1065,1316,1406,1152,1287,1275,1301,1279,1243,1498,1502,1419,1311,1521,1449,1150,1062,1507,1190,1215,1333,1173,1373,1102,1049,1425,1270,977,1228,977,1130,1167,1079,1133,1025,1475,1258,1017,1373,1292,1456,1207,1021,1243,1347,1153,1160,1050,1431,1340,1455,1070,1302,1222,1093,1340,967,1434,1291,1252,1070,1489,1348,1247,1196,1082,1458,1201,1004,1485,1386,1069,1140,1487,1246,1246,1534,1529,1237,984,1171,1226,1420,1079,1480,981,1146,1067,1101
,1440,1290,1479,1320,1481,1315,1462,1112,1322,1084,1159,1214,976,1520,972,1198,1468,1520,1219,1475,976,1382,1012,1538,1475,985,1034,1250,1366,1009,1304,1312,1194,1286,1292,1258,1144,1083,1520,1434,1071,1416,1219,1098,1311,1072,1091,1098,1459,1192,1464,1421,1132,1100,1292,1112,1184,1468,1516,1204,1445,1335,1336,1131,1514,1358,1153,1078,1476,1447,1481,1108,1462,1426,1048,1435,1471,1144,1028,965,1020,1181,1399,1345,1489,1089,1415,1489,1448,1420,1148,1207,1312,1233,1392,1200,1471,1480,1424,1358,1409,1075,1528,1485,1394,1075,1011,1273,1438,1090,1084,1254,1234,1440,1432,1223,1096,1510,1091,1505,1247,1088,1420,1297,1517,1417,1139,1146,1315,1411,1143,1429,988,1035,1314,1268,1362,1230,1372,1502,1462,1362,1460,1408,1507,1320,1039,1104,1368,1302,1089,1328,1361,1488,1275,1178,1150,1171,1449,1116,1186,1351,1075,1430,1520,1037,1391,1127,1229,1044,1151,1265,1540,1376,1197,1418,1102,1041,1424,1060,1155,1045,1523,977,1526,1146,1307,994,1477,1208,1232,1355,1128,1429,1054,1325,1411,1512,1466,1458,1029,1336,1180,1366,1367,984,990,1006,1526,1055,1413,1112,1228,1186,1067,1367,1525,1205,1023,1220,1362,1411,1119,1043,1175,1523,1524,1171,1066,1383,1024,1100,1386,1361,1515,1215,1099,965,1347,1524,1356,1251,1333,1055,1156,994
,1101,1517,1033,1296,1006,1058,1394,1103,1539,1066,1304,1476,1224,1230,1405,1080,1107,1247,1085,1239,1365,976,1409,1211,1271,1129,1150,1325,1080,1138,1485,1279,1089,1460,1424,1539,1502,1003,1052,1516,1106,1496,1425,1178,1524,1316,1177,1530,1244,1144,970,1513,1199,1012,1200,1139,971,977,1514,1125,1243,1282,1340,1005,1358,1405,1007,977,1274,1096,1331,1038,1147,1032,1150,1484,1492,1319,1010,1176,1162,1079,1296,1284,1470,1367,993,1330,1414,1230,1528,1466,1021,994,1217,1206,1118,1381,1093,1308,1102,1047,1178,1079,1447,1311,1135,1369,1349,1345,1348,1002,1033,1210,1396,1296,1080,1364,1103,1317,1374,1274,1320,1407,1474,1162,1353,1247,1343,1499,1332,1287,1226,1237,1041,1171,1237,1130,1312,1181,1033,1151,1539,1094,1167,1442,1125,1225,1326,1478,1077,1393,1101,1104,1267,1287,1217,1536,1324,1098,1456,1364,1519,1278,1367,1523,1112,1297,1025,1255,1472,1041,1185,1199,1056,1335,1315,1119,1154,1252,1447,1426,1468,1286,1113,1138,1500,1322,1262,997,1473,978,1362,1144,1182,1035,1198,1499,980,1108,1317,1043,1128,1050,1517,1514,1529,1281,1335,1330,1461,1223,1222,1094,1409,978,1102,1222,1392,1079,1328,1303,1213,993,1105,1136,1482,1454,1324,1037,1296,1423,1498,1047,1266,1190,1270,1376,1223,1229,1302,1073,1052,1317,1348,1035
,1286,1044,992,1172,1246,1311,1306,1347,1352,1409,1381,1244,1433,1129,1140,1389,1052,1137,1529,1370,1152,1148,1362,1421,1500,1232,1340,1390,1135,1171,1117,1531,1467,1418,1447,1003,1522,1514,1462,1371,1468,1418,1362,1250,1403,1281,1076,1148,1512,1420,1238,1220,1216,1160,995,1421,1528,1371,1435,1433,1103,1071,1467,1286,1126,1178,1295,1290,1481,1339,1462,1435,1442,1539,1366,971,1353,1189,1130,1448,1416,1400,1509,1397,1053,1385,1120,1146,1093,1518,1002,1224,1178,1365,988,967,1070,1150,1088,1184,1319,1136,1394,1006,1359,1123,1439,1210,1347,1205,1462,974,1136,1429,1497,1238,1315,1159,1397,1499,1273,1355,1057,987,1278,1097,1407,1532,1112,1402,1428,1403,1245,1342,1212,1337,1202,1488,1058,1275,1357,1142,1362,1276,1217,1237,1062,1231,1308,1251,1242,1153,1475,1321,1531,1074,1164,1155,1438,1174,1258,1482,1436,1116,1499,1205,1542,1184,1278,1501,1236,1064,1034,1453,1492,1112,992,1505,1486,1043,1472,1504,1007,1212,1054,1458,1269,1219,1327,1383,1383,1482,1149,1025,1511,1015,1220,1519,1254,1267,1360,1233,1191,1502,1363,1487,1278,1083,988,1098,1391,1481,1303,1531,1404,1004,1499,1112,1100,1435,1302,1351,1119,1525,1147,1472,1052,1326,1359,1288,973,1253,1139,1298,1170,1348,1516,1109,1158,1112,1000,1304,1531,1473,1118,1127
,1250,1447,1332,995,977,976,1207,1536,1153,1086,1273,1252,1295,1260,1480,1175,1127,1259,1229,982,1484,1398,1462,1442,1479,1099,1077,1291,1444,1383,1491,1117,1225,1214,1246,1405,1225,1237,1510,1020,1212,1408,1506,1029,1219,1538,971,1341,989,990,1345,1021,1417,1214,969,1156,1189,1091,1295,1115,1249,1125,1282,1147,1061,1125,1461,1118,1138,1292,1312,1092,998,1344,1202,1138,1253,1150,1423,1175,1451,970,1289,1133,1406,1312,1420,1061,1292,1054,1055,1497,1023,1233,977,1011,1131,1077,1445,1289,1303,984,1208,1194,1511,1088,1033,1426,982,1331,1424,1432,1138,1333,1477,1295,1290,1201,1142,1315,1343,1289,1429,1008,1430,1304,1249,1026,1120,1166,1341,1327,1356,1358,1355,1233,1466,1044,982,1517,1283,1089,1179,1065,1446,1287,1260,1285,1108,1211,1510,1100,1061,1035,1487,1151,1156,1362,1226,1349,1388,1515,1489,1467,1366,977,1496,1393,1281,1328,1234,1399,1439,1161,1133,1494,1330,1164,1084,1320,1502,1191,995,1346,1277,1115,1256,1100,1247,1329,1505,1022,1069,997,1452,1017,1234,1155,1462,1389,1041,1470,1054,1285,1306,1532,1155,1029,1341,1519,1049,1282,973,1461,1169,1449,1469,1011,1163,1106,1492,1349,1346,1413,1071,1141,1219,1113,1293,992,1326,1146,1251,1279,1448,1501,1451,1066,1075,1451,1403,1408,1367,1474,991,1372
,1293,1494,989,1394,1197,1448,1167,1460,1358,1179,1061,1387,1225,1367,1087,1451,1404,1099,1481,1499,1382,1029,1126,1397,1401,1474,1400,1021,1003,1251,1326,1216,1472,1336,1418,1348,1422,1126,966,1419,1505,987,1272,1422,1041,1106,1212,965,1118,1365,1349,1423,1381,1523,1335,1451,1522,1119,1530,1396,1107,1029,1253,1225,1297,1015,1412,1123,1490,1272,1326,1175,1288,1093,1257,1325,1165,1400,1257,1155,1433,1450,1242,1079,1181,1330,1528,1302,1259,1490,1076,1444,1201,1402,998,1065,1458,1068,1427,988,1381,1517,1469,1151,1084,996,1323,1163,1344,1497,1254,1357,1224,1056,1516,1015,1205,1266,1241,981,1014,1184,1048,1383,1333,1268,1479,1073,1443,1277,990,1472,1293,1524,1298,1520,1382,1013,1075,1242,1408,1531,1413,1425,976,1445,1113,1304,1134,1455,1040,1503,1249,1442,1489,1285,1389,1297,1171,1380,1071,1280,1119,1237,1384,1162,1395,1361,1042,1141,1465,1462,1213,1253,994,1079,1186,1289,1140,1523,1175,1212,1460,1071,999,1167,1136,1353,1185,1527,1026,1118,1186,1030,1246,1320,1277,1167,1349,1068,1270,1421,1444,1217,1230,1092,1237,1051,1502,1529,990,1081,1181,1100,1382,1021,1316,1526,1274,1253,1210,1318,1395,979,1358,1461,1230,1298,1276,1433,1199,1517,1240,1486,987,1475,1155,1335,1396,1479,1488,1147,974,1226,1205,1231
,1092,1231,1052,1004,1496,1403,1022,1266,1264,1329,1431,1223,1169,1231,1369,971,1304,1401,1005,1321,1502,1208,1193,1424,1382,1446,1204,1208,1323,1465,1457,1151,1446,1071,1501,1207,1518,1214,1151,1317,1035,1000,1159,1540,1514,1035,1244,1471,1038,1090,1102,1190,1179,1396,1026,1331,1489,1260,1346,1001,1431,1294,1152,970,1502,998,1467,1249,1318,1536,1315,988,1193,1069,975,1230,1524,1141,1486,1108,1411,1368,1058,1456,1371,1012,1434,1359,1530,1000,1174,1036,1446,1120,1340,1308,1221,986,1389,1046,1091,1132,1179,1075,1185,1403,1329,1513,1242,1394,1335,1031,1314,1175,1391,1431,1171,1267,1149,985,1527,1296,1524,1378,1051,984,1465,1322,1098,1417,1374,1268,1247,1129,1206,1287,1036,968,975,1180,1253,1335,1332,1331,1054,1056,1019,1405,1206,1411,988,1212,1253,1533,1520,1334,1515,1052,1301,1368,1370,1294,1425,1034,1435,1344,1257,1299,1450,1485,1383,1447,1415,1236,1120,1014,1146,1144,1482,1532,1063,1251,1433,1522,1433,1251,1005,1469,1527,1256,1199,1112,1391,980,1003,1297,1045,1301,1293,1531,1146,1532,1508,1322,1056,1540,1519,1525,1423,1067,1101,1450,1031,1104,1209,1179,1369,1039,1534,1360,1426,1083,1126,1136,1122,1100,1343,1539,1310,1040,1520,1055,967,1520,1355,1109,1086,1119,974,970,1522,1068,995,1220,1491,1002
,1176,1114,1336,1353,1064,1385,1272,1490,1270,993,1037,1465,989,1246,1161,1207,1192,1164,1144,1041,1454,1472,998,1176,1441,1218,1152,1088,1169,1461,1380,1333,1246,1470,1507,1366,1522,1419,1123,1282,1279,1291,1540,1160,1411,1238,1417,998,1138,1428,1471,1261,1306,1143,1189,1542,1002,1358,1249,1473,1447,1456,1085,980,1207,1220,1252,1329,1089,1092,1209,1222,1407,1481,1038,1169,1425,1027,1079,1308,1158,1520,1285,1496,1072,1261,1361,1262,1058,1255,1062,1034,1522,1055,1398,1533,1050,1385,1516,1282,1046,1226,989,1041,1026,1150,1086,1492,1293,1363,1168,1005,1299,1309,1401,1234,1192,1517,1193,983,1010,1384,1006,1054,999,1062,1016,1217,1321,1507,1075,1463,1474,1330,1206,1194,1309,1135,1169,977,1201,1041,1359,1278,1501,1362,1271,1188,1282,1331,1132,1256,1072,1023,1293,1022,1011,1538,1318,1169,1198,1349,1273,1452,1500,1427,983,1306,1404,987,1422,1062,1262,1275,1263,1444,1218,1480,1163,1149,1096,1387,1229,1174,1389,1469,1069,1047,1143,1120,1337,1093,1277,1250,1307,1123,1324,1301,1085,1403,1200,1331,1122,1535,1165,1400,1498,1489,1371,1070,1437,1250,1342,1430,1233,1073,1056,1354,1328,1123,1101,1337,1011,1407,1305,1477,1409,1269,1273,1277,1107,1514,1275,1154,1523,1172,1362,1503,998,1236,1365,1281,1202,1005,1403,1056
,1136,1323,1107,1408,1103,1090,1424,1406,1157,1176,1354,1106,1232,1037,1342,1095,1192,1490,1066,1122,1489,973,1316,1467,1241,1004,1374,1023,1255,1180,1066,1371,1507,1310,1309,1326,1074,1168,1152,1079,1175,1015,1418,976,1151,1253,1004,1034,1322,990,1301,1426,1122,1410,1168,968,1410,1464,1273,1343,1231,1357,1429,1287,1460,1129,1343,1345,1178,1047,1410,1532,1140,1378,968,1343,1505,1021,1478,1416,1271,1206,1530,1367,1041,1137,1081,1233,1301,981,1426,1038,1409,1082,1350,970,1250,1410,1015,1154,1244,1478,1405,1221,1137,1023,1487,1082,1097,1067,968,1376,1464,1247,1219,1236,1317,1354,1250,1178,1284,1388,999,1034,1027,1483,1229,1127,1318,987,984,1095,1536,1356,975,1191,1263,1129,1502,1203,1443,1400,1404,1062,1300,1403,1122,1188,1207,1395,1483,1084,1413,1041,1524,1433,1109,1413,1029,1239,1205,1036,1163,1287,1104,1286,1155,1215,1265,1263,1055,1467,1040,1266,1402,1340,1438,1264,1127,1037,1314,1418,1231,1191,1308,1303,1280,1385,1296,1065,1144,1200,1239,1444,1450,998,1051,1336,1427,1126,1477,1331,1342,1321,1045,970,1320,1253,1410,1339,1317,1249,1145,1337,1230,1112,1049,1161,1103,1427,1193,1435,1360,1235,1158,1280,1151,1058,1033,1117,1414,1287,1033,1076,1139,1351,966,1286,1395,1123,1292,1286,1135,969,1046,1274
,1359,1101,1254,1368,1242,1184,1043,1533,1001,1021,966,1411,1192,1027,1149,1008,1286,1535,1269,1285,1445,1512,1477,1314,1091,1378,1118,1233,1146,1418,1341,1105,1406,1289,1435,1069,1184,1426,1112,1529,1035,1159,1302,971,1290,1127,999,993,1458,1433,1543,1183,1264,983,1149,1469,1530,1246,977,1457,1521,1050,1392,1237,1269,1442,1098,971,969,1283,976,1421,1369,1058,1327,1424,1209,1422,1097,1234,990,1055,1187,1290,1376,1440,1030,1339,1479,1219,1196,967,1382,1224,1180,1063,1183,1026,1542,1102,1267,1188,1407,1346,1305,1518,1383,1201,1027,1064,1005,1328,1072,1395,1447,1235,1473,1055,1288,1061,1369,1099,1407,1095,1249,1378,1242,1051,974,982,1246,1159,1084,1477,1452,1304,1475,1498,1393,1062,1506,1520,1233,977,1020,1092,1237,1065,1524,1087,1011,1189,1398,1445,1061,1084,1036,1151,1279,1324,1125,1023,1351,1228,1295,1374,1538,1095,1482,1058,1542,1460,1300,1007,1309,1424,1074,1324,1114,1055,1237,1147,1137,1210,1509,982,1026,1074,1089,1151,1284,1126,1156,1170,1464,1146,981,1199,1537,1411,1265,1519,1185,1142,1374,1485,1198,1224,1520,1518,990,1454,1015,1176,1038,1285,1066,1241,1325,1267,1505,1229,1265,1493,1507,1082,1077,1312,1242,1072,1059,1321,1319,1143,1119,1064,1424,1484,1170,1162,1198,1029,1012,1456,1281,1159
,1243,1513,1186,1496,1066,1489,1266,1542,1005,1310,1074,1347,1465,1218,969,1101,1335,1512,1466,1332,1155,1319,1225,1268,1018,1533,1025,1371,1515,1378,1325,1491,1012,1120,1411,1225,1393,1540,1532,1098,1471,1541,1469,1057,1050,982,1165,1147,1478,1106,1264,1506,1201,1086,1284,992,1352,977,1170,1465,1450,1535,1464,1149,1331,1101,1015,1089,1146,1427,1322,1062,1030,1196,1067,1028,1418,1352,984,1230,1200,1283,1274,1084,1015,1087,1060,1351,1251,1093,1113,1322,1393,1358,1019,1248,1212,1106,1240,1480,1062,1100,1046,1456,1243,1420,1496,1392,1375,1252,986,1512,1157,1239,1154,995,1067,1361,1506,1145,1485,1370,1179,1034,1037,1249,1427,1223,1194,1447,1204,1198,1214,1478,1532,1241,1174,1158,1510,1486,1450,1245,1413,1294,1135,1290,1393,1515,1301,1513,1468,1031,1227,1138,1512,1499,1016,1337,1297,977,979,1375,1025,1106,1235,1271,1218,1270,1042,1119,1015,1410,1323,1013,1371,1375,1317,1225,1398,1128,1079,1096,1266,1103,1445,1383,1070,999,1201,1117,1304,1063,1149,1198,1527,1237,1254,1323,1467,1104,1030,1415,1036,1288,1181,1063,1167,1112,1481,1165,1494,1091,1139,1182,1265,1383,1418,1212,1197,1254,1153,965,1299,1280,1339,1420,1194,1246,969,1041,1498,1225,1417,1336,1200,1427,1175,1366,1203,1000,1099,1118,1381,1132,1412,1205
,1146,1200,1013,1377,1253,1235,1234,1090,1440,1529,1308,1067,1531,1185,1498,1288,970,1292,1012,1272,1162,1528,1086,1038,1364,1522,1248,1504,1277,1507,1056,1178,1123,1277,1484,1366,1098,1356,1090,1059,1540,1337,1171,1342,1303,1284,1105,1093,1377,1442,1520,1301,1082,1151,1321,1110,1495,1197,988,1451,1060,1240,1115,1463,1137,1464,1417,1058,1353,1072,1506,1047,1109,1313,1386,1251,1523,1117,975,1296,1495,1352,1215,1025,1082,1460,1510,1209,1036,983,1387,1093,1282,1451,1495,1482,1179,1137,1440,1361,1146,1489,1291,1294,1430,1230,996,1454,1449,1050,1422,1441,1491,1298,1434,968,1115,1194,1458,1094,1125,1039,1312,1201,1240,1175,1285,1341,1431,1050,1004,1475,1170,1167,1450,1151,1313,1296,1319,1159,1010,1086,1208,1194,1182,1083,1368,1526,985,1191,1089,1434,1219,1134,1531,1222,1255,1128,1388,1344,1027,1513,1484,1092,1318,1011,1532,979,1323,1255,1364,1222,1140,1515,1227,1543,976,1001,1110,1127,1370,1539,1248,1361,1143,1237,1433,1201,999,1113,1065,1421,1159,1143,1330,1086,1301,1530,1011,1120,1063,1123,1480,1343,1432,1394,1416,1248,1412,1068,1098,1042,989,1061,1536,1021,1338,1394,1457,1189,1346,1274,1341,1463,1393,1330,1060,1147,1508,1449,1365,1417,1377,1007,1146,1438,1401,1340,1509,1484,1487,1335,1169,1013,1424,975
,1003,1288,1489,1495,1349,1095,1299,1449,1167,1487,969,1261,1196,1183,1227,1307,1346,1383,1135,1065,1341,1143,1413,1258,1494,1165,1173,1174,1519,1131,1088,995,1388,1130,1268,1173,1089,1480,1477,1001,980,1293,1479,1075,1328,1403,1281,1314,1180,1004,1032,1415,1341,1159,1049,1343,1001,1526,1157,1257,1297,1199,1046,1252,1427,1247,1094,1487,1429,1499,1378,1330,1222,1284,1404,1099,1083,1534,1160,1513,1518,1095,1008,1100,1384,1080,1182,1505,1318,1103,1047,1281,1521,1234,1129,1196,1112,1246,1372,1479,1445,1092,1285,1418,1492,1510,1154,1040,1503,995,1489,1026,1496,1425,1160,1413,1190,1486,1128,1543,1143,1244,1387,1440,1114,1235,1484,1082,1401,1009,1505,993,1375,1272,1004,1486,1223,1202,1107,1141,1340,1008,1426,1321,1375,1459,1011,1460,1379,1387,1105,1091,1024,1489,1387,1151,1519,1534,984,1314,1206,1468,1497,1335,1210,1250,1354,1204,1081,1506,1069,1052,1013,1304,1174,1459,1384,1346,1431,1441,1009,1011,1368,1402,1090,1326,1217,1259,1193,1262,1379,1148,1226,1434,1148,1364,1290,1175,1145,1193,1428,1306,1239,1354,1017,1537,1045,1194,966,1327,1408,1534,1403,1420,1245,1027,1073,1308,1383,1427,1437,1091,984,970,1456,1360,1527,1475,1156,1422,1526,1311,1312,1421,978,1282,1376,1034,1274,1116,1478,1513,1006,1448,1182,1509
,1014,1128,1529,1453,1406,1405,1313,1171,1361,1240,1312,1468,1282,1029,1543,1061,1109,1330,1254,1393,1525,1147,1257,1332,1374,1339,1123,1126,1219,1071,1141,1274,1370,1387,1503,1444,1127,1316,1506,1041,1409,1450,996,1224,1242,1343,1425,1522,965,1119,1212,1395,1063,1481,1392,1140,1212,1322,1213,991,1510,1240,1453,1116,1523,1480,1493,1143,1474,1359,1202,1359,1399,1247,1301,1205,1395,1504,1020,1457,1230,1284,1026,1518,1140,1491,1226,1185,1487,1206,1150,1374,1324,1496,1228,1331,1074,1084,1439,1536,1391,1359,1157,1276,1234,1002,1130,1275,1402,1162,1416,987,1028,1381,1031,1307,1372,1410,1130,1298,983,1142,1418,1007,1229,1522,1089,1167,1434,1430,1429,1540,1324,1129,1461,1279,1211,1469,1058,1294,1417,1047,1357,967,1382,1350,1459,988,1425,1403,1325,1113,1045,1532,1101,1522,1543,1026,1238,1530,1310,1383,997,1489,1429,984,1064,1443,1098,1369,1426,1524,1246,1081,1227,1491,1122,1492,1325,1532,1312,1459,1379,1147,1329,1418,1228,1306,1536,1340,1501,1141,967,1507,1126,1097,1446,1390,1372,1072,1143,1415,1363,1058,1089,1137,1202,1193,1367,1460,1537,1410,1131,1162,1044,1209,1099,1528,1543,1339,1219,1071,1539,1250,1410,1000,1239,1379,1220,1046,1327,1112,1189,1071,1319,1360,1485,1526,1536,1234,1050,1418,1071,1474,1018,1242
,1405,1412,1188,1446,1103,1500,1427,1038,1203,1112,1022,1004,1208,1099,1026,1356,1456,1162,1291,1114,1154,1098,1267,1065,1260,976,1440,1103,1352,1252,1025,1300,1040,1429,1233,1145,974,1208,1274,1271,1392,1305,967,980,1073,1399,1305,1299,1029,1269,1089,1391,1293,987,1451,1058,1357,1300,1487,1334,1534,1150,1380,1503,1503,1426,986,1384,1143,1144,1002,1481,1247,1379,1483,1430,1196,1054,1304,1220,1223,993,1288,1251,989,1483,1425,1475,1359,1221,1087,1365,1336,1427,1093,1525,1178,976,1498,1092,1066,1448,1027,1504,1128,1313,1127,1360,1401,1339,1256,1042,1168,1047,1504,1030,1290,1480,1069,1380,1096,1424,1169,1398,1140,1386,1352,1227,1489,1154,1495,1118,967,1411,1044,1113,1093,1128,1295,1283,1005,1498,1263,1082,1053,1127,1027,1533,1354,1169,1354,1186,1524,1014,1421,1040,1202,1486,1391,1465,1376,1192,988,1490,1291,1529,1048,1429,1321,1246,1245,1108,1187,1518,1191,1447,1405,996,1166,1148,1189,1437,1003,1066,1138,973,1406,1293,1268,1414,1223,985,1078,1013,1212,1435,1159,1098,1119,1097,968,1328,1329,1249,1011,1207,1480,1303,1258,1523,1205,1170,1496,972,1064,1415,1223,1034,1509,1025,1077,1380,1211,1054,1334,1261,1194,1150,986,1470,1420,1440,1541,1535,1122,1473,1212,1153,1534,1151,1204,1505,1432,978,1152,1221
,1097,1297,1169,1100,1142,1457,1487,1507,1056,1496,1307,1026,1348,1413,1065,1406,1457,1161,1268,1060,1522,1161,1098,1516,1173,1455,1355,1540,1159,1360,1474,1176,1300,1152,1222,1022,1409,1269,1419,1092,1127,1000,1197,1178,1310,1280,1001,1196,1275,1350,1193,1360,1193,1282,1324,1361,1344,1475,1489,1052,1344,1371,1143,1377,1272,1475,1024,1197,1509,1339,1471,1060,1090,1274,982,1243,1169,1325,1495,1408,979,1071,1264,1310,1192,1447,1346,1009,1051,1235,1362,1201,1079,1236,1198,1397,1130,1257,1532,1473,1450,1362,1142,1244,1242,1442,1161,996,1118,1019,1214,1429,1241,1464,1230,1194,1272,1151,1498,1481,1537,1542,1006,1278,1252,1470,1057,1322,1457,1369,1125,1116,1286,1176,1077,1250,1299,1285,1187,1157,1431,1263,1177,1380,1187,1454,1500,1070,1459,1102,1003,998,1473,1394,1122,1444,1406,1315,1481,1510,1327,1154,1483,1298,1286,1462,1021,1512,1499,1084,1499,1140,1270,1122,1082,1216,1073,1029,1373,1009,1207,1293,1533,1227,1332,1308,1195,1219,1524,977,982,1198,1302,1249,1021,988,1217,1497,1349,1234,1170,1201,1344,1061,1200,1031,1178,1476,1359,1245,1533,1294,1372,1257,1116,1260,1527,1189,1530,1140,1002,1290,1450,1369,1470,1191,1446,1410,1494,1097,1380,994,1418,1443,1261,1182,992,1504,1088,1364,1507,967,1079,1387,1367,1114
,1062,1502,1004,1276,1508,1216,1178,1361,1321,1430,998,1023,1328,1378,1189,1325,1422,1319,1536,1029,1291,981,1500,1485,981,1196,1041,1332,1436,1371,1340,1273,1496,1227,1035,1246,1172,1278,1324,1535,1123,1052,1252,1082,1500,1043,1193,1241,1520,1470,1466,1290,1193,1147,1309,1539,1273,1190,1183,1364,1236,1008,1433,1524,994,1410,1518,1293,1501,1067,1184,1227,1062,1187,1433,1512,977,1334,1360,1319,1402,1161,1213,1452,991,1006,1233,1046,1091,1134,1143,1205,1273,1317,1011,1359,1159,1171,1240,997,1317,1451,1527,1275,1059,1289,1278,995,1071,1249,1283,1208,1150,1310,1445,1331,1102,978,1172,1255,1525,1145,1150,1005,1415,1086,1473,1285,1156,1098,1191,1112,1526,1098,1508,1350,1020,1013,1169,1017,1313,1084,1058,1339,1041,1023,1110,1162,1265,1023,1309,1260,1081,1016,1038,1068,1472,1391,1007,1088,1167,1374,1433,1318,1199,1001,1199,1356,1540,1058,1074,1529,1344,1020,1272,1316,1257,1200,1383,969,1308,1046,1243,1374,1184,1252,1460,1329,1353,1397,1156,1368,1420,1281,1261,1450,1306,1332,1018,972,1041,1289,1481,1384,1364,1343,1161,1443,1134,1340,1333,1187,1279,1446,1338,981,1002,1179,1323,1542,1150,1328,1220,1048,1523,1255,1395,1204,1344,996,1181,1012,1438,1167,1053,1541,1240,1411,1170,1492,1391,1456,1388,1394,1113,1046
,1203,1179,1298,1121,1009,1064,981,1375,1424,1012,1285,1022,1465,1275,993,979,1504,1405,1326,1238,1167,1285,978,1128,1152,1219,1488,1130,1344,1183,1178,1465,1356,1251,1351,977,1262,1386,1240,1422,1296,1407,972,1338,979,1034,1404,1274,1470,976,1381,1473,1011,1228,1006,1292,1347,1280,1509,1443,1491,1095,1428,1025,1315,1162,1011,1013,1478,1053,1175,1218,1400,1072,1236,996,1358,1069,1303,1290,1181,1362,1538,1455,1465,1313,1410,1051,1195,1202,1461,1162,969,1352,1371,1447,1426,1409,1069,1068,1097,1242,1205,1171,1152,1301,1542,1393,1503,1130,1279,1106,1414,1152,1001,1287,1071,1017,1235,1505,1218,1473,1105,1110,1497,1284,1519,1540,1498,1042,1424,1266,1130,1319,1053,1519,991,1023,1130,1162,1313,1466,1325,1543,1399,1317,1085,1291,1336,1157,1179,1035,1195,1011,971,1083,1120,1192,1250,1447,1416,1170,1002,1412,1517,1011,1143,1227,1538,1222,1327,1229,1156,1274,1469,1032,1375,974,1107,1025,1227,1460,1231,1407,1047,1448,1413,1474,1207,1300,1143,1036,1154,1516,1049,1379,1121,1526,1459,1286,1100,1043,1126,1491,1389,1427,1293,1512,1341,1466,1113,1524,1225,1315,1318,1056,1088,1460,1045,1451,1524,1420,1028,1018,1391,1203,1328,1496,1069,1137,1265,1313,1153,974,1149,995,1052,1535,1065,1320,1231,1466,1143,1480,1026,1427
,1279,1068,1105,1412,1354,1258,1042,1057,1147,1206,1185,1023,1002,1314,1181,993,1093,1489,976,1340,1023,1375,1275,1193,1056,1449,1439,1332,1397,1287,1239,1205,1084,982,1247,1285,1538,1347,1050,1149,1237,1241,1297,1517,1262,1450,1031,1199,1492,1253,1372,1312,1057,1202,1036,1534,1157,1135,1373,1012,1128,1004,991,1453,1267,1458,1524,1161,1071,1173,1050,1108,1361,1212,1135,1416,1502,1162,1216,972,1460,1072,1392,1291,1411,1450,1135,1511,1208,1509,1422,1326,1253,1155,1487,1020,1037,1193,1184,1448,1012,1250,1373,1203,1408,1152,1045,1243,1279,1472,1022,1383,1089,1142,1393,1124,1428,1308,1193,976,1030,1233,1133,1165,1310,1411,1346,1482,1372,1325,999,970,967,1292,1436,1523,1293,1370,1378,1323,1523,1170,1214,1214,1151,1149,1135,1520,1096,1049,979,1021,1019,1358,1164,1142,1185,1037,1541,1488,1486,1412,1080,1408,1322,1154,1185,1387,983,1506,1510,1123,1019,1530,1190,1528,1247,1376,1484,1302,1272,1538,1173,1291,1403,1163,1447,1177,1047,1293,1097,1387,1168,1135,1157,1494,1357,1108,979,1521,1031,1410,1166,1246,986,1019,1470,1133,1432,1168,1010,1373,1038,1205,1512,1178,1325,1358,1351,1490,968,1147,1378,1103,1101,1254,996,1117,1221,1322,1363,1296,1513,1124,1478,1513,1416,1380,1265,1323,1033,1447,990,990,1530,1447
,1413,1334,1118,1208,1437,1179,1129,1357,1150,1396,1400,1081,1026,1234,1185,1042,1003,1525,1539,1383,1212,1397,1382,1469,1522,1057,1014,1399,1381,1523,1393,1486,1424,1021,1531,982,1526,1539,1437,1139,1146,1519,978,1273,1328,1459,1299,972,1462,1044,1230,1471,993,1013,1422,983,1115,1489,1277,1201,1441,1106,1143,1016,1380,1331,1005,1285,1469,1508,1078,1435,1247,1099,1297,1242,1522,1186,1369,1171,1113,1093,1069,976,1327,1483,1044,1348,1118,1180,1341,1383,1233,1247,1103,1332,1278,1239,1320,1240,1286,1470,1062,1054,1079,1117,1109,1220,1481,990,1416,1216,1098,1533,1102,1096,1374,1099,1022,1381,1469,1199,1433,1493,1202,1229,1201,1043,1319,1429,1118,1347,1057,1367,1021,1169,1226,1496,1066,1199,1420,1156,1478,1097,996,1416,1492,1376,1260,1535,1324,1281,1316,1175,1059,1148,1451,1516,978,979,1206,1132,1410,1244,1454,1111,1369,1298,1522,1047,977,1124,1522,1269,1100,1266,1170,1294,1115,1422,1169,1096,1005,1086,1030,1016,988,1091,1166,1239,1343,1361,1488,1209,1340,1048,1515,1504,1212,1468,1145,1059,1400,1510,1525,1102,1106,991,1111,1502,1382,1245,1177,1347,1097,1325,1048,1350,1064,1387,1023,1275,1268,1143,1456,985,1138,1461,1376,1316,1405,1356,1434,1400,1262,1051,1000,1275,1480,1128,1106,1376,1195,1134,972,1497
,1250,1286,1046,1208,1230,1438,991,1142,1518,1327,1464,1017,978,1132,1533,1264,984,1070,1272,1402,1463,1319,1239,1209,1344,1522,1030,1259,1524,1329,1481,1073,1435,1237,1188,1404,1427,1103,989,1143,1291,1116,1431,1277,1410,1496,1348,967,1284,1073,1086,1363,1321,1007,1156,1400,1082,1440,1071,1364,1455,1253,1279,1485,1297,1371,1374,1276,1171,1143,1408,1102,1134,1222,1350,1162,1403,1275,1132,1067,1277,1416,1167,1012,1204,1267,1226,1401,1334,1104,993,1453,1098,1400,1092,1531,1351,1015,1014,1423,1451,1207,1031,1138,1267,1261,1073,1055,1162,1227,1287,1157,1258,1366,1370,1530,1043,1152,1112,1508,1045,1471,1272,1498,1209,983,1329,1342,1171,991,1118,1267,1391,1477,1251,1372,1139,1512,1194,1431,1377,1052,1149,1108,1322,1493,973,1434,1467,1274,1378,1284,1258,1274,1392,1239,1418,1354,1159,1282,1255,1389,1077,1516,1534,1116,1068,967,1281,1188,1056,1281,1177,1431,1514,1401,968,1094,1036,971,1043,1122,1529,1331,1292,1149,1145,998,1122,1098,1099,1498,1514,1541,1091,1016,1105,1113,1385,1501,1363,1109,967,1133,1425,1061,1397,1264,1003,1480,1159,1154,1023,1274,1123,1366,1463,1190,1540,1153,1500,1541,1336,1150,1061,1213,1280,1253,971,1225,990,1504,1276,1432,1399,1241,1230,1205,1393,1506,1246,998,1189,1318,993,980
,1226,1402,1542,1027,1511,1418,1019,1434,989,1357,1184,1349,1156,1520,1282,1117,1150,1277,1300,1009,1521,1133,1184,1053,1260,1200,1504,1062,1133,1224,1265,1332,991,1301,1302,1348,1264,1489,1316,1132,1389,1330,1197,1373,1382,1302,1515,1338,1005,1425,1523,1294,1466,1245,974,1358,974,1481,1287,1372,1005,1394,1385,1101,1051,1252,1108,1045,1004,1026,1106,1257,1378,1330,1313,1015,1314,1287,1111,1169,1154,1213,1377,1237,1358,1347,1458,1128,1322,1328,990,1309,1405,1295,1370,1277,1329,1402,1312,1258,972,1413,979,1417,1089,1218,1538,1526,1431,1535,1102,1298,1159,1042,982,1375,1397,1502,995,1317,1315,1424,1428,1192,1302,1418,1213,1197,975,1397,1114,1533,1391,1191,1083,1508,1214,1180,1402,1090,1443,1121,1490,1013,1449,1436,1167,1374,1419,1255,1368,1134,989,1429,1490,1433,1305,1451,1246,1238,1010,1221,1343,1008,1119,1177,1421,1016,1231,1332,1375,1093,1407,1173,1348,1089,1529,1258,1060,968,1240,1037,996,1011,1056,1258,1421,1001,1492,1456,1302,1326,1353,1082,1401,1358,1065,1124,1267,1298,1505,1503,1307,1457,1206,1288,1262,1156,1265,1017,1081,1376,1112,1236,1507,1058,1099,1188,1504,1021,1000,1458,1233,1291,1240,1105,1325,1263,1269,1319,1126,1170,1038,1472,1378,1067,1320,1267,1319,994,1207,1141,1316,987,969,1255
,1306,1165,1010,1047,1345,1262,1506,1019,1252,1409,1086,1028,1232,1007,1293,1468,1266,1504,979,1235,1211,1360,1280,1428,976,1314,1383,1349,1182,1297,1543,1306,1306,1215,1485,1533,1311,1315,1372,1169,1340,988,1534,1375,1252,1106,1400,1287,1138,1507,1386,1119,1517,1125,1209,1131,1236,1142,1155,1189,1307,1429,1112,1516,1357,1173,1174,995,1109,1037,1391,1345,1507,1296,1457,1461,978,1368,1521,1469,1267,1015,1501,1239,1314,1491,1518,1302,979,1297,1269,1198,979,1173,980,1017,1475,976,1422,1226,1315,1431,1195,1086,1162,1128,974,1343,1469,1266,1453,1177,1512,1376,1060,1130,1420,1176,1137,1092,1511,1418,1500,1150,1312,1508,1469,1301,1094,1110,1170,993,1381,1255,1008,1290,1121,1246,1126,1357,1211,1455,1342,1006,1378,1215,1494,1454,1345,1076,1203,1097,1173,1420,971,1339,1393,1191,1021,1473,1022,1243,1486,1213,973,1107,1021,1326,1079,1468,1250,1067,1007,1134,1430,1376,1010,1155,1246,969,1420,1299,1198,1506,1120,1432,1459,1215,1242,1345,1011,968,1261,1026,1152,1378,1287,1014,1021,1326,1516,1112,1217,1407,1523,1540,1444,1263,1387,1475,976,1196,1138,1130,1131,1265,1407,1188,1395,1136,1181,1091,1177,973,1341,1488,1240,1431,1243,985,1241,1352,1442,1501,1141,1147,1451,1036,1355,1043,1078,1273,1053,1302,1297,1513
,1052,1457,1451,1438,1426,1016,1106,1282,1279,1008,1370,1022,1051,1026,1310,1119,1015,1103,1496,1329,1402,976,1313,1224,1495,1327,1342,1233,1147,1089,1381,1183,1134,1141,1353,1134,1007,1184,1274,1363,1045,1422,1192,1053,1428,1270,1412,988,1444,1096,1091,1170,1074,1063,1228,993,1541,1339,1379,1507,1182,1115,1458,1524,1487,1016,1031,1434,1471,1217,1076,1374,1161,1246,1515,1006,1506,1423,1490,1502,1227,1402,1385,1182,1354,990,1066,1439,1051,1379,1241,994,1044,1024,1365,1183,1259,1253,1088,984,1448,1009,1418,1538,1036,1002,1382,1128,1405,1430,1007,1518,1143,1277,998,1149,1204,1461,1361,1329,1000,1237,1528,1072,1064,1103,1206,1307,1535,1060,1000,1214,1395,1157,1393,1282,1399,1473,1258,1429,1051,980,1096,1497,1092,1082,1328,1407,1292,1485,1000,1202,1005,1290,1498,1260,1355,980,1198,1249,1011,1378,1320,1503,1111,1215,1267,1099,1429,1304,1184,1147,1513,1449,1302,1394,1274,995,1035,1382,1270,1151,1420,1236,1402,1471,991,1364,1322,1520,1416,1190,988,1032,977,1481,1489,1058,1452,1139,1536,1326,1119,1269,1031,1141,1482,1241,1334,1263,1000,1314,1174,1095,1314,1179,1383,1236,1220,995,1266,1494,1468,1283,1018,1479,1428,1182,1044,1268,1442,1136,1038,1170,1291,1533,1125,1097,1273,1496,1353,1433,1272,1151,1022,1212
,1489,1438,1441,1233,1070,1410,1374,1016,1269,1064,1361,1015,1280,1226,1258,1090,1498,1329,1311,1059,989,1188,1180,1262,1323,1264,1438,1006,1422,1098,1072,1280,1395,1111,1018,1484,1223,1461,1149,1481,1322,1275,1399,1405,1154,1268,1297,1416,996,1488,1194,1497,978,1143,1218,1311,1275,1076,1331,999,1291,1122,1047,1220,1212,1399,1284,1034,1417,1498,1048,1002,1077,1505,1288,1200,1163,999,1354,1387,1192,1292,1539,983,1431,1368,1395,1208,1542,989,1534,1225,1015,1502,1397,1014,1390,1280,1027,1525,1133,994,984,1216,1193,1530,998,1364,1023,1288,1073,1093,1117,1305,1204,1487,1337,1494,1386,1385,1497,1530,1353,1125,1463,1453,1474,1389,1021,1314,1179,1149,1531,1532,1088,1325,1338,1244,1163,1302,1204,1359,1485,1338,1515,1159,1245,1391,1308,1250,1496,1017,1083,1032,1246,1145,1126,1414,1088,1322,1381,1495,1536,1354,1288,1215,1114,1261,1442,1472,1104,1113,1004,1175,1175,1497,1016,1355,1040,1141,974,1522,1379,1000,1332,997,1198,1009,1080,1059,1298,1197,1056,1132,1398,1479,1333,1399,1012,1463,1365,1096,1339,1063,1137,1286,1241,1398,1069,970,1089,1337,1143,1119,1536,1479,1406,1294,1030,1231,1350,1293,1059,1215,1321,1525,1043,1309,1233,1111,1348,1081,1266,1518,1254,1501,1287,1206,1190,1334,1242,1050,1168,1438,1146,1013
,1100,1339,1025,1031,1284,1391,1228,1446,1501,1400,1397,1497,1448,1376,1300,1103,1481,1102,1516,1189,1194,985,1016,1405,1231,1075,1326,1068,1219,1428,1441,1310,1158,1031,1331,1224,1157,1331,1180,1224,1018,1499,1513,1098,1281,1051,1126,1239,1098,1032,1133,1388,1537,1516,1217,1123,1114,1264,1373,1167,1062,1537,1420,1435,1496,1167,1398,1410,1272,1013,1110,1258,1403,1432,1241,1444,1060,1257,1030,1201,1206,1452,1248,1409,1461,1408,1309,1277,1369,1520,1018,1070,1017,1232,1047,1103,1012,1311,1404,1471,1108,1315,1290,1543,1141,1187,1468,1414,1538,1424,1379,1530,1235,1029,983,1118,1488,1294,1192,1242,1027,980,1191,1445,1450,969,1098,1513,1175,1282,1078,1258,1478,1313,1034,1077,1383,1040,1010,1465,1442,1072,1160,1085,967,1458,1063,1532,1286,1225,1368,1102,1136,1202,1223,1383,1093,968,1057,1228,1355,1537,1246,1383,1122,1529,1150,1084,1358,1275,1151,1393,1482,1516,1330,1118,1492,1141,1121,1355,1123,1138,1028,1457,1181,1395,1062,1481,1535,977,1123,1311,1414,1453,1287,1464,1480,1191,1459,1024,1288,1402,1312,1318,1437,1153,1393,1466,1186,1330,974,1433,1326,1347,1530,1468,1181,1034,1000,1466,1111,1285,1174,1019,1277,1156,1025,1142,1297,1423,1427,1076,1540,1512,1219,1225,1044,1468,982,1509,1303,1008,1092,1463,1236,1078
,1015,1294,993,1218,1210,1166,1120,1292,1001,1227,1395,1448,1067,1395,1463,1475,1018,1012,1351,1525,1405,1284,1543,1139,1489,1191,1207,988,1529,1380,1159,1076,1393,1000,1184,1460,1110,967,1216,1183,1205,1049,1519,1063,1278,1066,1162,1113,1067,1540,1282,1181,1110,1176,1298,1371,1484,1002,1309,1184,1511,1381,1156,1168,1040,1268,1044,1264,1192,1534,1218,1445,1303,1448,1230,1405,1200,1171,1516,1122,1344,1225,1366,1046,1106,1423,1380,1336,1478,1128,1533,1033,1395,1062,1079,1464,1518,1325,1437,994,1221,1147,1327,1050,1306,1280,1233,1517,1089,1217,972,1383,1540,1020,1438,1173,1132,984,1320,1458,1411,1126,1230,1337,1061,1139,1447,1235,973,1034,1394,1375,1504,1273,1438,1275,1295,1478,1277,1505,1159,1519,1488,1089,1371,1061,1205,1210,1052,1447,1522,1201,1106,998,1357,1494,1013,1308,1155,1132,1254,965,1376,972,1434,1016,1516,1474,1142,1024,1247,1413,1065,1118,1464,1061,1523,1204,1133,1207,1195,1289,1482,1367,1116,1328,1477,1255,1143,1284,1090,1192,1472,1480,1256,1469,1446,1013,1182,1496,1301,1063,1524,1040,1499,1114,1038,1043,1098,980,1497,1453,1210,1249,1390,1062,1498,1293,1356,1016,1471,1212,1318,1027,1045,1186,1378,1126,1390,1422,1347,1503,1232,1043,1174,1281,1455,1094,1072,1434,1047,1196,1454,965,1124,1006
,1055,1084,1346,1079,1270,1278,1335,1163,1542,1178,1249,1438,998,1112,1197,1472,1449,1477,1127,1240,1202,1270,1507,1003,1251,1509,1219,1315,1078,1043,1419,1035,1532,1027,1488,1069,1479,1386,1131,1245,1491,1520,1486,1187,1409,1116,1193,1531,1306,1356,1294,1407,1375,1067,1246,1039,1140,1490,1333,1069,978,1359,1266,1072,1491,1489,1033,1229,1489,1081,1271,1059,1004,1083,1033,1039,1046,1105,1527,1236,1423,1059,1195,1541,1343,1145,1320,1438,1250,1233,1515,1510,1387,1084,1390,1146,1403,1446,1442,1512,1447,1429,1206,1407,1328,1117,1286,1541,1382,1320,1165,1330,1104,1523,1175,1296,1516,1486,1080,1482,1349,1242,1431,1192,993,1071,1350,1251,1446,1341,1016,1195,1039,1505,1068,1206,1094,966,1103,1071,1386,1324,1096,1081,1047,1046,1476,1244,1138,1240,1501,1513,1253,990,1364,1096,1160,1285,1132,1542,1517,975,1118,1068,1023,1272,1382,1039,1281,1083,1337,1246,1420,1173,1321,1085,1052,1394,1244,1507,1233,1161,1154,1259,1306,1211,1382,1325,1242,1029,1234,1026,1255,1163,1170,1408,1377,1149,1447,1536,1096,1301,1357,970,1335,1142,1246,1119,1225,1455,1388,1265,997,1036,1446,1335,1252,1534,1355,1391,1042,1120,1208,1415,1413,1352,1434,1247,998,1136,1015,1123,1454,1192,1461,1464,1086,1179,1402,1211,1146,1042,1147,1225,1414,1456
,1473,1067,1539,1490,1102,1445,1385,1238,1187,1202,1330,1331,1233,1024,1506,1075,1404,1052,1528,1404,1002,1171,1389,1155,999,1448,1218,1463,1337,1018,1021,1277,1183,1334,973,1080,1184,1278,1465,1491,1175,1199,1373,1228,1271,1308,1022,978,1261,1383,1066,1219,1204,979,1512,1186,1424,1080,1130,1444,1509,1492,1325,1371,1005,997,1051,1462,1414,1128,1378,1017,1405,1316,1128,1483,1101,1082,1301,1083,1474,1336,981,1067,1045,1236,1400,1403,1097,1132,1305,1165,1427,1169,1032,1052,1474,1398,1096,1416,1381,1107,968,1468,1180,1020,1372,1205,1143,1078,1207,1278,1151,1279,1059,1236,1497,1206,1189,1208,1428,1326,1278,1513,1139,1094,1467,1198,1506,1252,1486,1026,1078,1331,1319,1496,1488,1167,1508,986,1319,1320,1520,1262,1298,1467,1348,1463,1060,1250,1117,1078,1400,1360,1524,1370,1453,1512,1313,1018,1242,1040,1217,1490,1207,1461,1312,1098,1402,1059,1457,1343,1218,1119,1002,1498,1297,1382,1445,1379,1536,1346,1047,1021,1296,1001,1079,1138,1002,1091,1310,1169,986,1189,1181,1177,1185,1241,1057,1307,1000,1291,1303,1103,1510,1420,1498,1483,1216,1168,1308,1113,1229,1370,1494,1438,1318,1166,1150,1442,1154,973,1528,1082,1452,1267,1530,1316,1189,1483,1233,1168,1357,1354,1365,1310,1308,1167,1289,1411,1436,1005,1193,1203,1388,1141
,1457,968,1080,1543,1080,990,1373,1109,1302,1473,1408,1447,1438,1370,1370,1116,1193,1053,1453,1454,1179,968,970,1479,1340,1031,1412,1118,1319,1090,1209,1155,1105,1097,1308,1193,1050,1084,1377,1497,1485,1287,976,1396,1134,1059,1286,1399,1331,1198,1411,1230,1534,1179,1485,1043,1037,1163,1146,1503,1461,1195,1052,1073,1263,1348,1121,1460,1496,1483,1145,1114,1301,1310,1389,978,1051,1025,1465,1383,1167,1321,1025,1307,1341,1281,1341,1061,1172,997,1034,1327,1167,1235,1485,1085,1291,1065,1004,1068,1100,1530,1144,1250,1369,1540,1369,1483,1220,1102,1090,1444,1389,1281,1040,1439,1419,1123,995,1386,1250,1243,1040,1386,1340,1095,1409,1262,1319,1322,1351,1224,1215,1191,1185,1107,1448,1191,1204,1238,1475,1536,1015,1160,1472,1075,1108,978,1224,1208,1445,1363,1459,1187,1474,1206,1463,1131,997,1172,1105,1144,1280,1466,1165,1230,1054,1169,1430,1044,1393,1419,1005,992,1034,1471,1042,1165,1515,1154,1137,1438,1015,1293,988,1079,1378,1156,1508,1092,1365,1066,1012,1201,1165,1030,1011,1268,970,1225,1368,1524,1287,1166,1263,1275,1535,1529,1439,1243,1045,984,1019,1123,1198,1407,1379,1023,1074,994,1529,1273,1499,1387,1077,1064,1156,1081,1205,1405,984,1010,1044,1254,1520,1148,1185,1043,1349,1517,1030,1054,1267,1031,1470,1532
,1457,1447,1146,1118,1297,1129,1336,1488,1152,1042,1141,1108,1060,1020,1505,1116,1371,1220,1071,1016,1026,1100,996,1229,1433,1466,1140,1293,1075,1482,1056,1470,1128,1447,1512,1076,1377,1392,1392,1031,1428,1004,1049,1152,980,1088,1425,1368,1447,1464,1244,1293,1251,1449,1427,1209,994,1173,977,1241,1118,1004,1081,1138,1402,1406,1280,1356,1355,1174,1408,1150,1330,1123,1103,1055,1290,1074,1248,1279,1263,1422,966,1060,1380,970,1378,1351,968,1019,1182,1287,1132,1024,1097,1291,1500,1292,1373,1405,1255,1325,1240,1025,1485,1507,1133,1142,1480,1462,1200,1089,1413,1179,1317,1095,1518,1183,1121,1134,1187,1179,1065,1149,1244,1307,1408,1513,1299,1305,1037,1141,968,1163,1122,1499,973,1395,1094,1051,1301,1534,977,1482,1344,1178,1008,1464,1433,1275,1383,1409,1120,971,1393,1417,1209,1535,1031,1530,1423,1072,1104,1190,1451,1047,1375,1290,1234,1536,1253,1404,1028,1465,1132,1279,1056,1086,1231,1377,1383,1304,1497,1281,1037,1004,1349,1389,1258,968,1303,1252,1085,1492,970,1326,1447,1216,1494,1370,1212,1428,1421,1077,1208,1483,1449,1306,999,1499,1022,1060,1055,1321,1485,1115,1525,1044,1503,995,1522,1202,1150,1338,1440,1516,986,1332,1017,1010,1521,966,1186,1354,1294,1430,1495,1194,1438,1036,1180,1406,1273,1002,1292,1486
,1068,1439,1411,1471,1313,1264,1376,1313,1369,1144,1254,1327,1459,1223,1112,1200,1201,1062,1067,1254,1445,1073,1151,1223,1091,1249,1200,1038,1413,999,1027,1396,1123,1031,1332,1071,1165,975,1150,1493,1215,1225,976,1348,1454,1202,1466,1281,988,1288,1203,1276,1030,1412,1211,986,1194,1325,1300,1361,1052,1186,1315,1178,1290,1232,1176,1419,1050,1407,1378,1315,1425,1146,1542,1524,1005,1163,977,1528,1401,1160,1467,1107,1531,1175,1055,1044,1225,1029,998,1008,1486,1363,1358,1023,1132,1402,1338,1025,1065,1433,1195,1355,1059,1266,1466,1478,1510,1538,1004,1134,1488,1463,1404,1049,1020,1326,993,1007,1122,1114,1054,1203,1119,1283,1118,1451,1415,1065,1124,1018,1257,1074,1224,1434,1117,1032,1392,1261,976,1300,1047,1304,1427,1322,1486,1325,1115,1469,1010,1298,1217,1055,976,1351,1355,1513,1038,1288,1125,1220,1492,1117,1398,1380,1120,1476,1516,1139,976,1199,1281,1174,1305,1002,1383,1468,1121,1374,1281,1320,1084,1126,1207,1119,1112,1536,1398,1473,1446,1023,1077,1170,993,1123,1341,1100,1454,1223,1186,1059,1262,1004,1143,1515,1054,1271,1097,1021,1353,1507,1319,1429,1087,1379,1021,1407,1316,997,1347,1289,1347,1080,1120,1429,1182,1019,1505,1330,969,1142,1139,1038,1311,1155,1276,1216,1428,1381,1124,1292,1281,1148,1208,1385
,1517,1504,1090,1233,1081,983,1233,1305,970,1003,984,1299,1081,1360,1134,1540,1013,1321,1213,1420,1237,1102,1542,1244,1222,1043,1084,1167,1525,1014,1506,1474,1344,1346,1074,1011,1211,1216,1150,1089,1370,1459,1282,1135,1408,989,1149,1534,1111,1396,1477,1219,1501,1537,1477,1429,1391,1535,1024,1059,1129,1247,1394,1429,1505,1391,1094,1426,1112,1457,1370,1090,1389,1534,1040,1349,1251,1151,1255,1199,1267,1537,990,1436,1181,1509,1277,1018,1072,1527,1309,973,1314,1344,1464,1286,1272,1139,1114,1180,995,1390,1132,1211,1422,1489,1103,1280,1289,1286,1385,1478,1313,1164,1416,1038,1033,1475,1035,1356,1289,1074,976,1049,1378,1352,1376,1357,1534,1258,977,1183,1154,1413,1261,1378,1122,1401,1256,1500,1477,1181,1435,1275,1059,1496,1180,1179,1286,1067,1265,1201,1256,1138,992,1077,1263,1362,1310,1060,1322,1327,1055,993,1522,1331,1100,1443,1135,1065,1482,1472,1328,1314,1235,1353,1259,1022,1367,1300,1014,1451,1326,1247,1290,1104,1000,1509,1204,1121,987,1129,1144,1147,1403,1263,1337,1067,1218,1064,1222,1349,1050,1067,1394,1300,1346,1245,1503,1268,1116,1020,1072,1401,1029,1138,1465,1094,1507,1156,1287,969,1314,1529,1221,1471,1013,1402,1198,1440,1500,1140,1285,987,1490,1466,1462,1253,1168,1086,1135,1186,1032,990,1500,1505
,1443,1183,1011,1036,1263,1089,1124,1103,1461,1321,1314,1361,1111,1200,1510,1209,1499,1095,1308,1139,1092,1410,1126,1063,1357,1473,1112,1148,1298,1284,1290,1144,989,1541,1023,1000,1416,1283,1348,1195,1311,1171,1406,1474,1043,1124,1372,1049,1088,1055,1050,978,1023,1343,1310,996,1468,1127,1184,1187,1207,1459,1301,1502,1476,1476,1184,1106,1521,1157,1164,1110,1400,1514,1326,1360,1521,1309,1214,1388,1316,1455,1079,1542,1499,1308,985,1377,1425,1016,1143,1117,1031,1504,1082,1216,1026,1385,1320,1447,1388,980,1280,992,1149,1041,1064,1414,1416,1234,1517,1331,993,1203,1209,1299,1459,965,1010,1426,1152,969,1320,1055,1195,987,1338,1103,1349,1270,1171,1193,1251,1258,1374,1073,1410,1205,1079,1376,1399,1186,1115,1352,981,1201,1373,1501,968,1439,1344,1538,1031,1441,987,1242,1384,1312,1156,1538,1029,1047,1269,1188,1369,1306,1501,1402,1035,1151,1297,1364,1087,1117,1306,1124,1202,1295,1010,1249,1225,998,1420,1421,1114,1181,1191,1276,1098,1259,1225,1424,1491,1124,1358,1536,1514,1337,1391,1475,974,1287,1438,1494,1113,993,1521,1415,1457,1134,1449,1021,1123,988,1071,1146,1384,1397,1059,1332,1136,1044,1482,1213,1150,1389,1160,1433,1003,1419,1354,1303,1282,1535,1543,1218,1260,997,1310,1531,1227,1279,1244,1051,1232,1048
,1383,1390,1064,1287,1194,980,1300,1433,1397,1131,1426,1388,990,1372,1030,1020,1390,1399,1375,1132,1365,1242,1303,1323,1100,1146,1535,1486,984,1512,1048,977,1070,976,989,1120,1258,1234,973,1020,1130,1133,1219,1186,1370,1139,1274,1239,1007,985,1045,1042,1119,1057,1508,1211,992,1364,1182,1060,1331,1494,1259,1038,1359,1274,1454,1265,1400,1115,1444,1019,1138,1261,1495,1045,1040,1447,1052,1284,1382,1278,1167,969,1012,1373,1315,1083,1017,1086,1369,1141,1531,1191,1543,1226,1358,1441,1003,1139,1364,992,1228,1483,1027,1373,1419,1426,1515,1300,1329,1533,1201,1185,1343,1393,1003,1426,1120,1359,1299,1205,1063,1371,971,1364,1148,1381,1367,1198,1052,1504,1489,1124,1227,1179,1390,1161,1039,1454,1495,1226,1048,1423,1003,1189,1274,1438,1541,1115,1045,1484,1271,1280,1057,1138,1500,1271,1339,1249,1420,1267,1106,1230,1458,1004,1145,1313,1392,1419,1361,1449,1432,1150,1095,1254,1469,1190,1083,1144,1039,1427,992,1289,1396,1278,1453,1312,1248,1217,969,1540,1273,1057,1349,1417,1213,1232,1192,1230,1303,1172,1421,1409,1399,1386,1318,1429,1101,1169,1372,1179,1511,1288,997,1537,1023,1063,1443,1497,1531,1157,1159,1017,1221,1029,1505,1403,1093,1328,1004,991,1048,1307,1450,1236,1294,1167,1510,1503,1093,1054,1105,1449,1084,977
,1372,1087,1531,1378,1209,1477,1435,1267,1083,1283,1017,1339,1061,1210,1191,1527,1234,1506,1020,1093,1161,1294,976,1341,1188,1275,1083,1010,1119,980,1057,1320,1009,1313,1222,970,1283,1055,1539,1009,1224,1119,1190,1410,1090,1390,1229,1294,1290,1376,1527,1340,1110,1436,1312,1233,1106,1081,1128,1167,1434,1543,1178,965,988,1265,1002,1070,1397,1194,1028,1437,1033,1196,1226,1357,1446,1289,1172,1399,1176,1268,1093,1390,1538,1001,1318,1191,975,1056,1163,1425,1393,1543,1007,1215,1303,1419,1102,1104,1371,1010,1033,1161,1043,1045,1089,1187,1510,1144,1375,1423,1103,1378,1038,1439,1015,1193,1154,1385,1289,1000,1248,1495,1009,1229,1419,1198,1443,1102,968,1265,1414,1500,1194,1003,1136,1415,975,1018,1438,1342,1184,1136,1524,1428,1257,997,1538,1038,1221,1316,1517,1118,973,1477,986,1485,1336,1194,988,1286,1258,1533,1020,1339,1148,1533,1150,1386,1418,1278,1221,1515,1333,1049,1131,997,1131,978,1334,1329,1016,1402,1338,1228,1263,1196,1462,1078,1381,1437,1237,1071,1123,1095,1022,1439,1209,1003,1191,970,1393,1367,967,1040,1434,1387,1032,1071,1524,1032,1201,1100,1126,1201,1339,1022,1149,1263,1269,1481,1202,1479,1196,1413,1477,1146,1153,1130,979,1358,1172,1145,1070,1537,1410,1112,1145,990,1119,1152,1027,994,1048,1212
,1401,1511,1394,979,1068,1503,1142,1447,971,1016,1512,1511,1461,980,1311,1320,974,1323,1282,1205,1430,1157,1172,1311,1503,1432,1228,1417,1009,1167,1534,1507,1447,1360,1335,966,1288,1426,1480,1293,1253,1374,981,979,1056,1277,1457,1230,1453,1055,1030,1462,1052,971,1475,1331,1320,1484,985,1354,1336,1021,1000,1469,1137,1520,1148,1077,1051,1001,1180,1022,1378,1405,976,1510,1541,1201,1521,1133,1288,1098,1265,1226,1440,1439,1423,984,1281,1364,1025,1316,1169,1126,1387,1119,1184,1528,1323,1525,1445,1236,1482,1497,1300,1292,1386,1296,1402,1279,1288,1047,1461,1494,1066,1003,1498,1477,1232,1312,1041,1314,1325,1190,1182,1018,1255,1530,1154,1454,1161,1429,1244,1345,1288,1271,1491,981,1441,1221,1350,1069,1255,1118,1283,1362,1177,1195,1318,1326,1063,1496,1450,1508,1514,1335,1343,1195,1127,1465,1129,1245,1420,1125,1489,1333,1400,1230,1435,977,1520,1273,1036,1330,1446,1252,1300,1151,1443,1499,1224,1364,1058,1069,1087,1107,1178,1081,1377,1188,1500,1219,1070,1422,1393,1329,1195,1333,1066,1132,1499,1060,1129,1228,1257,1198,1284,1325,1045,1173,1207,1364,1208,1146,1410,1136,1476,1130,1277,1280,1527,1238,1022,1102,1316,1202,1408,1388,1212,1500,967,1109,1359,968,1311,1068,1015,1478,1395,978,1064,1457,1191,965,1302,1155
,1292,1464,1150,1136,1461,1454,1176,1285,1402,1526,1411,1443,1485,1513,1355,1543,1418,1392,1291,1436,1167,1144,978,1219,1096,1217,1508,1120,1328,1292,1096,1036,971,1262,982,1518,1241,1110,1057,1454,1223,1226,1090,1491,1373,1441,1333,1108,1238,1162,1350,1374,1352,1323,1091,1080,1466,1280,985,1463,1145,1476,1189,1333,1140,1359,1420,1210,1020,1471,1073,1199,1049,1436,1152,1361,1162,1072,1178,1150,996,1471,1380,1144,1065,1520,1064,1061,1388,1234,1537,1386,981,1034,1380,979,1064,1061,1061,1138,1435,1367,1289,1104,973,1409,1389,1414,1085,1397,1127,1372,1534,1524,1283,1390,1340,1528,1171,1461,1171,1035,1049,1283,1036,1469,1405,1193,1201,1287,1060,1032,1518,1512,1165,1287,1085,1370,1305,1145,1118,1079,1017,1424,1213,1324,1487,1364,1035,1034,1533,1051,1042,1118,1310,1506,1448,1394,1082,1273,1205,1168,1357,1466,1433,1463,979,1291,1414,1090,1408,1267,1313,1117,1501,1390,1497,1411,1128,1141,1407,1294,1043,1058,1100,1332,1205,1398,1458,1416,1267,1523,1530,1401,1238,1016,1221,1205,1235,1191,976,1200,1227,1054,1449,1136,1368,1474,1327,1477,1142,1518,1090,1251,1173,1052,1076,1079,1188,1318,1242,1086,1032,1267,1000,1408,1508,1336,1218,1190,1201,1174,1349,1273,1416,1511,1205,1436,1311,1100,1283,1267,1316,967,1439,1059
,1234,1102,1458,1195,1010,1498,981,1139,1266,1464,1142,1089,1071,1348,974,1041,1171,989,1073,1136,1006,1330,1033,1380,1345,1081,1208,1015,1162,1073,1357,1351,1189,975,1489,1255,1072,1059,1408,1039,1498,1133,1007,1252,1420,1159,1302,1065,1365,1251,1218,1023,1120,1041,1107,1195,1407,1055,1365,1248,1383,1097,1211,1520,1495,972,1008,1147,1135,1277,1011,1297,1138,1045,1173,1042,1524,1395,1097,1303,1432,1526,1181,1326,1099,1485,1136,1170,1001,1107,1253,1399,1533,1268,1518,1293,1055,1059,1491,1303,1029,1506,1264,1273,1426,1097,1458,1350,1372,1221,1019,1094,1386,998,978,1326,1432,1464,1130,1433,1363,1091,1312,1242,1398,1502,1119,1072,1510,1108,1064,1091,1099,1314,1484,1261,1050,1283,1280,1151,1370,1501,1195,1222,1099,1372,1332,1197,967,1337,1140,1516,1180,1246,1515,1031,1386,1091,1420,1417,1256,1278,1136,1341,1485,1007,1046,1158,977,1261,966,1314,982,1469,1392,1531,1368,1343,1334,972,1185,1062,968,1062,1467,1526,982,1255,1240,1472,1100,1495,1426,1414,1070,967,1201,1317,1494,1357,1003,1449,997,1452,1234,1294,1282,1282,1145,1072,1478,1250,1421,1180,1016,1125,1297,1261,1262,1367,1463,1213,1178,1349,1157,1323,1263,1237,1499,1306,1443,1420,1169,1184,1243,1320,1125,1524,1163,1255,1211,1306,1395,1158,1320,1491
,1351,1256,1504,1536,1511,1188,993,1417,1303,1291,1225,1030,1250,1499,1218,1437,1370,1507,1382,1299,1239,1271,1276,1389,1372,1035,1459,1501,1054,1139,1323,1425,1244,1067,1063,1516,1021,1418,1191,1011,1231,1179,1116,1404,1376,1105,1142,1051,1432,1532,1290,1194,1243,1002,1299,1541,1263,1371,1292,1229,1245,1063,1212,1266,1017,1072,994,1216,1036,1290,1011,1126,1442,1408,1338,1370,1121,1490,1046,1193,1219,1496,1112,1035,1537,1170,1355,1107,1233,1324,1079,980,1307,1449,988,1023,1475,1352,1435,1248,1038,1210,1163,1210,1398,1094,1276,1309,1291,1211,1246,1394,1279,1198,1251,1293,1234,1000,1202,1435,1307,1148,1047,1478,1127,1064,1519,1507,1316,1343,1176,1025,1336,1415,1540,1161,1259,1233,1505,1148,1493,1260,1347,1201,996,1468,1197,1289,1164,1124,1193,1039,1269,1453,1022,1053,1518,1254,1297,1326,1374,1491,1107,1080,1340,1081,1293,1148,1044,1533,1311,1424,1513,1424,1475,1309,1063,1209,1069,1351,1321,1421,1376,1244,1487,1272,1323,1216,1429,1442,1342,1265,1000,1062,1101,1473,1413,1160,1196,1313,1453,1095,1434,1099,1310,1278,1370,1072,1218,1017,1530,993,1019,1286,1075,1318,1055,1363,1189,1289,1439,1000,979,1094,1469,1246,1129,1263,1423,1348,971,1333,1291,1050,1245,1478,1380,1287,1236,1142,1405,1520,1259,1113,1285,999
,1043,1351,1351,1018,1442,1438,1353,1145,1344,1529,1172,1355,1081,1359,1197,1201,1102,1016,1386,1156,1424,1420,1159,1241,1021,1032,1443,1008,1386,1319,1321,1180,1065,1213,1396,1089,1050,1032,1177,1005,1505,1394,1016,1191,1350,1014,1011,1224,1092,1257,977,1033,1120,1091,1443,1497,1470,1341,1147,1186,1022,1038,1519,1502,1234,1288,1529,1369,1317,1051,1179,1278,1096,1232,1375,1409,1415,1134,1515,997,1361,1188,1077,970,1502,1529,989,1297,1427,1014,1374,1199,1370,1228,1491,985,1136,1377,1339,1365,1535,1230,1356,1010,1288,1079,1159,1273,1195,1185,1007,1089,1004,1516,1115,1338,1538,1224,1490,1062,1156,1200,1430,1280,1132,1460,1233,1500,1538,1000,1396,1158,1416,1252,1020,1369,1017,1286,1035,1008,1497,1229,1445,1104,1210,977,1318,1426,1538,1134,1125,1233,1167,1152,1457,1085,1050,1369,1431,1365,1185,1506,1351,1542,1233,1535,1062,1337,1330,1354,1515,1232,1192,1440,1319,1147,1024,1364,1499,1083,1249,1019,1305,1063,1343,1367,1142,1421,1181,1156,1477,1234,1481,1473,1049,1297,1037,1491,1142,1160,1508,1174,1269,1149,1217,1230,1381,1345,1162,1171,1031,1282,1036,1308,1534,1542,1186,1288,1169,1467,1488,1185,1281,1024,1224,1514,1416,1325,1142,1252,1286,984,1183,1278,1028,1510,1522,1480,1424,1094,1309,1430,1168,1395,1470,1133
,1512,1203,1236,1174,1529,1094,1174,1179,1295,1011,1461,1152,1106,1025,1074,1146,1227,1229,1337,1263,1339,1183,1212,1229,1138,1039,1282,1517,975,1155,971,1133,1021,1335,1482,1014,1397,977,1402,1365,1521,1166,1528,1015,1285,1266,1428,1520,1320,1246,1330,1406,1236,1467,1536,1201,1029,1320,1443,1327,1131,1303,1144,1321,1530,1417,1461,1274,1009,1201,1130,1397,968,1444,1431,1343,1419,1251,1505,968,1522,1539,1150,1250,1359,1299,976,1145,1079,1031,1142,1276,1297,1065,1113,1140,1043,1250,1003,1078,1053,1284,1033,1022,1534,1201,1479,1542,1385,1415,1412,1027,1140,1338,1497,1005,1421,1305,1136,1222,1000,1013,1400,1033,1243,1385,1465,1103,1478,1128,1367,1060,1011,1094,1126,1368,1478,1056,1207,1491,1486,979,1115,1040,1506,1439,1104,1191,1335,1146,1260,1449,1056,1072,1039,1017,1481,1201,1502,1233,1170,1236,976,1417,1485,1302,1296,1067,1206,1360,1541,1059,1431,1324,998,1121,1081,1026,1396,1504,1424,1393,1464,1173,1167,1491,1443,1008,1392,1456,1172,1458,1084,1085,1459,1479,1454,1325,1325,1203,1406,1461,1515,1384,1515,1303,1177,1483,1328,1056,998,1449,1502,1207,1537,1177,994,969,1464,1229,1374,1155,1276,1189,1027,1281,1218,1263,1330,1278,1322,1491,1017,1246,1155,1005,1146,1394,1306,1286,1033,1264,1135,1304,986,1488
,1315,1255,1010,1342,1426,1051,989,1148,1084,1181,1075,1415,969,1159,1012,1340,1330,1330,1008,1111,1124,1484,1207,1448,1520,1356,1303,1466,1246,1469,1032,1368,1356,1074,1124,1475,1316,1507,1277,1475,1427,1034,1494,1055,1083,1011,1458,1527,1339,1490,1459,1359,1048,992,1478,987,1088,1002,1425,1260,1207,1276,1277,1461,1245,1377,1224,1439,1536,984,1250,1387,1389,1401,1515,1217,1500,1310,1034,1249,1097,1097,1326,1450,1113,1121,1344,1123,1450,1109,1055,1075,1001,1138,992,1356,1460,1400,1328,1144,1116,1254,1326,1113,1199,1107,1344,1422,1424,1399,1530,991,1039,1456,1101,1307,1438,1023,987,1193,1129,1520,1209,1113,1228,1376,1201,989,1490,1285,1283,1163,1092,1157,1370,1087,1164,1012,1255,1117,1435,985,1003,1151,991,1436,1106,1363,1094,1398,1011,1336,1024,1403,1124,1128,1219,1217,1096,1431,1327,1388,1351,1334,1010,1179,1316,1036,1145,1181,1328,1515,1360,1514,1235,1332,1090,1540,997,1352,1224,1528,1122,1308,1102,1534,1501,1253,981,1212,1300,1374,1252,1236,1437,1386,1006,1144,1227,1187,1064,1067,1261,1064,1461,1153,1264,1140,1251,1430,1341,1090,1014,1403,1245,1225,991,1465,1421,1177,1366,1102,1155,978,1139,1343,1507,1111,1455,1129,1185,1510,1518,1273,1119,1379,1135,1040,1500,1025,1058,996,1441,1096,1290,1057
,1430,1092,1033,1501,1132,1392,1426,1245,1053,1464,1422,1276,1114,1089,1395,1250,1290,1128,1425,1414,1148,1294,1341,1357,967,1268,1448,1055,1359,1420,1406,1464,1362,1065,1240,1263,1407,1506,1449,982,1174,1334,1456,1040,1364,1153,1378,1169,1025,1200,1408,1034,1332,1348,1225,1103,1377,1255,1068,1538,1472,1354,1321,1538,1071,1466,1366,1250,1262,1491,1357,1232,998,1532,1431,1385,1157,1244,1097,1230,1513,1015,1198,1084,1486,1009,1144,1150,1138,1067,1489,1453,1170,965,967,967,1524,1522,1103,1370,1056,1420,1065,1085,1178,1314,1077,1509,1352,1033,1037,988,1090,1026,1119,1476,1230,1018,990,1395,1486,1022,1357,1489,1102,1017,1437,1514,1126,1305,1187,1452,1450,1395,1024,1398,1409,1431,1239,1167,1251,1507,1505,1478,1429,1024,1539,1174,1268,1065,1460,1151,1255,1432,1172,1210,1387,1495,1462,1222,1336,1496,1518,969,1454,1371,1499,1160,1133,1475,1278,1100,1255,1109,1381,1289,1019,1508,1442,1052,1229,1443,1209,1034,1472,1281,1223,1302,1437,1027,1310,1522,1475,1429,1025,1011,1136,1073,1201,1427,1357,1228,1313,1093,1133,1401,1076,1528,1478,1171,994,1235,1451,1145,1448,1309,977,1521,1229,1524,1517,1521,1539,1438,1244,1003,1007,1383,1039,1212,1533,1172,1435,1234,1226,1510,1026,1507,1067,1068,1052,1466,1063,1365,1023,1070
,1171,1404,1301,1470,1328,1158,1278,1281,1181,1432,1368,985,1444,1034,1531,1332,979,1040,1281,1259,1421,996,1185,1532,1298,1503,1522,1060,1405,1395,970,1286,1291,1121,1114,1358,983,1006,1029,1416,1198,1522,1161,1434,1311,1170,1225,1213,1263,1045,1325,1415,1103,1513,1171,1339,1524,1132,1089,1450,1407,1150,1217,1479,1505,1244,1375,1217,1149,1320,1489,1075,1449,1025,1200,1104,1227,1359,1179,1321,1506,1458,1021,1014,1347,1209,1348,1096,1025,1009,1305,1239,1329,1419,1335,1400,1430,1414,1089,1137,1269,1116,1361,1440,1515,1331,1099,1370,1125,1444,1492,1000,1195,1197,1108,1061,1000,1389,1171,1371,968,1072,1511,1508,1063,1509,1359,1117,1420,1056,1172,1017,1056,1131,1359,973,1154,1077,1489,1014,1394,1120,1235,1122,1537,1232,1177,1147,1535,1493,1239,1332,1490,1284,1157,1016,1265,1041,1241,1074,975,1517,1363,1009,1405,1098,1339,965,1537,993,995,965,1342,1316,1009,1468,988,1134,1400,1094,1423,1480,1288,1068,1426,1221,1350,1056,1207,1068,1266,1135,1059,1011,1210,1388,1063,988,1244,1286,1210,1098,1390,1020,1028,1077,1141,1201,1482,1155,1151,1337,1078,1359,1397,1347,1313,1041,1517,1004,1532,1542,1093,1346,1081,1516,1340,1254,1071,1095,1071,1121,1475,1265,1164,1125,1105,1009,1470,1090,1056,1095,1243,1401,1339,1344
,1289,1068,1441,1327,1283,1337,1435,1184,1420,1321,1042,1487,1533,992,1113,1271,1462,1095,1122,1266,1423,1389,1513,985,1199,993,1414,1191,998,1380,1170,1200,1542,1342,1537,1446,1154,1343,1418,1419,1121,1294,1003,1309,1073,1205,1025,1048,1416,1188,1243,1045,1519,1354,1155,1358,1212,1326,1382,1307,1319,1022,1459,1047,1161,1175,1441,1035,1458,1178,1425,1456,1542,1126,1181,1016,1458,1257,1419,1273,1330,1475,1534,1119,976,1226,1317,1019,975,1310,1370,1274,1451,1273,1054,995,1429,1176,1338,1456,1409,1048,1122,1373,1414,1355,1269,987,1255,1393,1166,1168,1305,1369,1204,1034,1305,1308,1510,1516,1541,1345,1438,1058,1186,1152,1478,1496,1225,1436,1288,1162,1162,1372,1275,1213,1216,1260,1385,1131,1132,1399,1153,1436,1521,1477,1000,1479,1518,1174,1142,1221,1110,1308,1291,1156,1427,1475,1085,1426,1299,1077,1200,1361,1150,1029,1542,1351,1114,1271,1281,1260,1078,1319,1405,1188,999,1197,1357,1384,1532,1332,1295,1244,1156,1371,1479,1396,1534,1295,1152,1122,1104,1223,1269,1057,1223,1104,1170,1041,1463,1223,1068,1082,1353,1387,1528,1043,1384,977,1173,1014,1074,1527,1177,1419,1490,979,1415,1222,1024,1484,1401,1060,1184,1509,1270,1396,1009,1055,1166,1118,1291,1541,1298,1464,1207,1495,979,1398,1276,969,1250,1339,1017,1379
,1335,983,1013,1073,1349,1121,1059,1299,1383,1422,1405,1425,1281,1536,1362,1460,1073,1160,1518,1264,970,1365,1297,1299,1144,1359,1119,1418,1153,1186,1536,1406,1492,1452,985,1445,1026,980,1474,1430,1137,1470,1487,1450,1271,1333,1261,1062,1273,1062,1262,1317,1285,1415,1413,1040,1350,992,1362,1454,1512,1525,1017,1074,1270,1118,1507,1129,1405,986,1113,1288,1089,1250,1349,1039,1503,1418,1058,1200,1334,1262,1041,1051,1238,1459,1211,1092,1397,1384,1214,1535,1482,1126,1307,1476,1476,1488,1148,1109,1210,1355,1509,1088,1458,1083,1079,1462,1327,1205,1515,986,1228,1114,1113,1051,1046,1536,1142,1120,1188,1165,1075,1487,1408,1168,1499,1056,1215,1443,1021,1180,1261,1529,1079,1313,1188,1194,1028,1265,1399,1081,1443,1450,1180,1170,1507,1428,1060,1238,1517,1196,1129,1471,1004,1433,1454,982,1323,1105,1475,1380,1222,1047,1450,1006,1486,1120,1012,981,1239,1394,1424,1054,1056,1051,1149,1497,1485,1227,1414,1247,1385,1445,1262,1035,1174,1227,1466,1447,1337,1236,1209,1385,1240,1241,1138,1174,1123,1523,1116,1300,1536,1258,1386,1091,1290,1011,1282,1032,1095,1017,1325,1315,1101,1367,1294,1014,1351,1277,1417,1400,1277,969,1193,1533,1157,1533,1235,1463,1467,1469,978,1445,1236,1360,1058,1108,1232,1084,1017,1204,1053,1094,1006,1219
,1222,1187,1297,1321,1431,1512,1129,1180,1149,1294,1538,1542,1503,1227,1100,1450,1090,1489,1282,985,1137,1164,1357,1211,1159,1529,1462,1372,1163,1244,1102,1254,1313,1472,1099,1506,1433,1182,1210,1123,993,1119,1259,1287,1266,1264,1401,1071,965,1416,1207,1195,1466,1381,1453,1336,1091,1164,1353,1510,1409,1307,1183,1308,1427,1463,1237,1464,1150,993,1020,1161,1424,1280,1305,1070,1149,1242,1279,1190,1453,1456,1266,1150,1308,1153,1116,1085,1117,1002,1477,1088,1534,1358,1300,1129,1351,1346,1133,1103,1023,1044,970,1462,1419,1232,1395,1059,1309,1269,1037,1315,1092,1018,1202,976,966,1393,1063,1355,1432,1371,1287,1330,1061,1102,1162,1445,1268,1163,991,1023,987,1249,1019,1065,1140,1251,1200,1189,1406,1514,1052,980,1016,977,1240,1487,989,1049,1029,1198,1044,1011,1466,1028,1516,1024,1324,1089,1056,1248,1460,1291,1252,996,1102,1527,1343,1183,1026,1226,1330,973,966,1537,1410,1310,1382,1050,1347,1513,1171,1170,1465,1023,1102,1482,1123,1458,1154,1297,1207,1490,1315,1032,1112,1473,1000,1146,1277,1149,1112,1515,1355,1370,1500,1356,1467,1386,1103,1157,1515,1402,1346,1236,1341,1464,1065,1283,977,1044,1182,1433,996,1183,1422,1169,1536,1208,999,1243,970,1434,1047,1375,1112,1246,1489,1527,1162,1184,985,1307,995,1205
,1379,1377,1073,1466,1475,1464,1287,1109,1274,1426,1045,1025,1272,1155,1287,1378,1223,1029,1422,1298,1298,1346,1400,1489,1043,1199,1131,1361,1317,1369,1492,1515,1294,1004,1532,1476,1242,1232,1427,1047,1255,1242,1271,1454,1263,1072,1530,1463,1251,1006,1290,1104,1437,1209,1259,1258,1289,1390,1398,1513,1113,1059,1335,1208,1034,1444,1522,1038,1052,1025,1103,1214,1178,1217,1428,1399,1122,1091,1300,1321,1511,1030,1343,1324,989,1474,1245,1105,1428,1241,1363,1194,1487,1020,1524,1518,1022,1407,1476,1221,1477,1004,1132,1059,1348,1093,1497,1086,1401,1156,1091,1003,1032,1353,1341,1167,1360,1438,1060,1085,1500,1157,1261,1290,1456,993,1065,1413,1400,1201,1134,1115,1216,1435,1475,1483,1481,975,1221,1474,1141,1136,1107,1313,1045,1542,1437,1375,1492,1204,1201,1105,1134,1279,1347,1277,1327,1179,1496,1109,1160,1524,1274,1052,1220,1235,1062,1452,1435,1471,1391,1513,1144,1165,1226,1003,1222,1078,1162,1106,1177,1019,1432,1431,1326,1500,998,983,1045,1191,1139,1504,1215,1239,1226,1176,1343,1228,1488,968,1388,1486,1027,1456,1123,1470,1199,1097,1429,1270,1047,1227,1327,1167,1166,1240,1258,1392,1322,1294,1382,1454,1302,1512,1200,1086,1079,1055,1511,1527,1013,1093,1098,1075,1263,1499,1156,1447,1026,999,1201,1091,1001,1527,1084,1384
,1182,1198,1284,1355,1529,1329,1003,1284,1005,1532,1218,1142,1065,1008,1538,1000,1338,1478,1452,1207,1508,1072,1039,1079,1435,1453,1260,992,1341,1103,1293,1319,1505,1408,1284,1058,1352,1022,1308,1145,1332,1269,1090,1336,1325,1053,1279,1159,1183,1271,1542,1472,1357,1266,1293,1016,1405,1210,1119,1363,1463,1501,1208,1420,1449,1105,1403,1168,1473,1295,1048,1280,1253,1377,1039,1267,1226,1047,1529,1132,1417,1080,1114,1459,1391,1189,969,1156,1130,1375,1309,1187,1345,1118,1370,1067,1401,1483,1011,1098,1192,1138,1096,1452,1364,1515,1290,1173,1056,1273,1233,1257,1143,999,1286,1531,1355,990,1037,1441,1154,1067,1025,1413,1165,1503,1238,1433,1161,1384,1071,1326,1146,1309,1388,1121,1399,1491,1445,1475,1410,1250,1281,1120,1455,1195,1284,1099,1445,1068,1339,1489,1389,1531,1475,1380,1079,1274,1430,1198,1431,1154,1106,1340,1020,1225,1302,1455,1447,1347,1465,1100,986,1063,1200,1170,1456,1135,1527,1138,993,1309,1006,1312,1486,1191,1513,1400,1066,1242,1085,1156,1444,1210,1290,1322,1448,1190,1536,1153,1369,1175,1494,1187,1486,1457,1534,1030,1333,1214,1063,1044,1401,1250,1404,1068,1301,1008,1255,1454,1089,1038,1161,1010,1062,1528,1468,1355,1542,1209,1419,1435,1292,1131,1484,1329,1481,1526,1150,1097,1296,1353,1016,1448,1298,1142
,1157,1040,1229,1417,1282,1355,1214,1538,1399,1317,1214,1093,1488,1035,1086,1135,1334,1102,1172,1082,1052,1509,1235,1093,1120,1295,1468,1013,1327,1429,1124,1500,1017,1394,1049,1269,1442,1069,1406,1506,1531,1276,1261,1257,1343,1014,1149,1231,968,978,1320,1432,974,1298,1185,1493,1516,1456,1113,1157,1145,1186,1221,1265,1269,1280,1261,979,1505,1122,1454,1381,1387,1180,1326,1391,1448,1411,1303,1400,1486,1462,1053,1168,1238,1455,1324,1515,1110,1123,1379,1183,1002,1094,1283,1073,1294,1332,1035,1506,1073,1208,1184,1246,1117,1421,1084,1257,1125,1520,1543,1365,1065,1474,1388,1154,1387,1422,1232,1422,1462,1079,1199,1350,1438,1467,1472,1272,1211,1514,1129,1063,1115,1022,1351,1416,1388,1045,1403,1227,1036,984,1054,1158,993,985,1124,1472,1379,1107,1236,970,1069,1402,1309,1207,1384,1359,1020,1163,1329,1190,1498,1490,1302,1111,1317,1374,1063,1302,980,1170,1001,1450,1319,1212,1473,1039,1401,1150,1246,1184,1156,1377,1288,1150,1455,1429,989,1341,1042,1172,1088,1498,1293,1507,1139,1025,1121,1411,1031,1392,1342,1430,1096,1256,1499,1015,1235,1227,1298,1445,1492,1185,1321,1532,1371,1195,1060,996,1050,1247,1289,1294,1375,1342,1028,1533,1142,1211,1394,1429,1395,1190,1030,1094,1034,1405,998,1422,1494,1083,976,974,1466,1090
,972,1051,1097,1034,1434,1374,1482,1073,1407,1143,1064,1404,1257,1469,1225,1286,1095,1304,1372,1417,1256,985,1334,1271,1063,1393,995,1390,1382,1454,1083,1199,1520,1346,1031,1178,1067,1439,1199,1498,1290,1233,1164,1131,1245,1454,1061,1039,1343,1004,1531,1038,1418,988,1531,1527,1412,1424,1119,1445,1170,1396,1043,1166,1400,1496,1083,1122,1431,1367,1284,1439,1391,1467,1286,1089,1409,1395,1322,989,1068,1350,1147,1277,1117,1520,1164,1299,1292,1227,1267,1501,1056,994,1445,1212,1499,1195,1189,1459,1247,1188,1326,1349,1498,1039,1533,1231,967,1238,1412,1030,1236,1397,1067,1349,1102,1282,1340,1030,1138,1261,1454,1076,1230,1165,1043,1091,1237,1485,1106,1533,1245,1361,1136,1091,1000,1423,973,1132,1044,1025,989,1212,1311,1402,1232,1133,1476,1206,1469,1284,1208,1532,1360,1144,1109,1138,1327,1068,1162,1321,1511,1162,1117,1531,1327,1327,1350,1377,1498,1389,1183,1184,1447,1176,1295,1349,1396,1087,1107,1239,1328,1135,1342,1466,1241,1478,1242,1421,1413,1382,1127,1323,983,1476,1432,1324,1514,1536,1535,1273,1168,971,1268,1500,1389,1000,1493,1499,1494,1315,1397,1358,1473,1415,1285,1223,1515,1152,1246,1223,1076,1201,998,1493,1104,1218,1282,1464,1392,1189,1256,1365,1402,1225,1284,1255,1536,1395,1519,1350,1486,1002,1522,1076
,1012,1531,1349,974,1011,1048,1477,1508,1080,1391,1098,1367,1128,1370,1011,1467,1322,1228,1474,1186,1389,1423,1068,1451,1296,1159,1528,1218,1323,1411,1440,986,1458,1512,1353,1089,979,1200,1166,1198,1096,1458,1066,1094,1221,1237,1301,1185,1442,1007,1348,1356,1468,1103,1084,1038,1018,1311,1104,1034,1237,1113,1509,1487,1530,1139,1093,1431,1436,1505,1296,1430,968,993,1440,1530,1122,1507,1402,1536,1231,1372,1313,1258,1426,1068,1041,978,1116,1234,1264,1450,1212,1527,1038,1336,1114,1151,1251,983,1378,1010,1200,1472,1479,1516,995,1352,1486,1361,1540,1436,1057,1536,1189,1155,1058,1458,1068,1266,1446,1178,1249,1084,977,1150,1230,1260,1184,1286,1274,1162,997,1406,1176,978,1337,1045,1120,1494,1283,1033,1054,1335,1392,1215,1268,1351,1122,1150,1293,1275,993,1433,1142,1253,1446,1513,1415,1423,967,1070,1097,1031,1166,1240,1270,1081,1198,1193,1485,1115,1188,1499,1275,973,1486,1020,1310,1288,1179,1023,1031,1438,1338,1382,1290,1024,1431,983,967,1464,1169,1440,1530,1017,1358,1086,1047,1121,1175,1055,1269,1277,1064,1146,988,1113,1201,1407,1203,1465,967,1412,1037,1448,1320,1417,1065,1480,1117,1003,1057,1039,1359,1179,1145,1014,1399,1311,1339,971,1195,1408,1214,1308,1134,1431,1435,1536,1038,1507,1059,1101,1228,1526
,1449,1351,1228,1032,1471,1178,1060,1458,1034,1321,1375,1421,1036,1324,1353,1057,1431,1247,1040,1531,1130,999,1028,1130,1194,1059,1181,1102,1356,1108,1244,1458,1256,1389,1200,1025,1483,1274,1082,1484,1154,1474,1069,975,1299,1521,1374,1294,1289,1010,1496,1349,1499,1177,1025,1466,1189,1154,1244,1467,1492,1060,1183,1347,1120,1522,1531,1200,1259,1235,1112,1186,1475,1297,1487,1458,1039,1475,1068,1013,1357,1032,981,1442,1159,1448,1214,1425,1211,1028,1031,1387,1208,1013,1156,1108,1324,1091,1279,1474,1517,1521,1102,1356,1507,1465,1176,1316,1481,1087,1277,1460,1260,1472,1451,1398,1447,1403,1379,985,993,1518,1045,1515,1169,1390,1182,1334,1235,1221,1266,1483,1051,1172,1303,1147,1427,1065,1018,1295,1067,1067,1500,1435,1086,1067,1315,1256,969,1331,1076,1366,1306,1396,1499,1261,1088,971,1094,1104,1043,1473,996,1112,1448,1062,1449,992,1159,1343,989,1308,1461,1007,1226,1173,1506,1535,1330,1369,1345,1434,1004,1333,985,1367,1432,1070,1440,1372,1045,1514,1231,1244,1250,1395,1187,1164,1384,1364,1483,967,1431,1280,1154,1431,1338,1530,1350,1537,1096,1056,1031,1033,1430,968,1136,1347,1193,1228,1273,1046,1088,1035,1492,1239,1434,1363,1269,1057,1103,1063,1410,1013,1357,1229,1525,1431,1457,1504,1165,1412,1483,1427,1397,1041
,1322,1161,1105,968,1379,1472,1498,1511,988,1350,1246,1014,1280,1437,1413,1479,982,1209,1324,1193,1054,1187,1058,1272,1513,1353,1240,1194,1135,1020,969,1159,1421,1388,980,1458,1407,1393,1312,1179,1302,1009,1273,1404,1075,1312,1125,1182,1356,1120,1012,1448,1208,992,1502,1373,1043,1454,1054,1033,1133,1004,1001,1257,1453,1278,1022,1439,1219,1049,1109,1073,1356,1300,1237,1422,1266,1398,1279,1101,1419,1183,1033,1441,1452,1364,1226,976,1124,1374,1270,1215,1247,1467,1341,1241,1087,1187,1090,969,1367,1487,1409,1049,1065,1395,1070,1507,987,1093,1485,1183,1523,1221,1472,1372,1199,1369,1518,1335,1532,1179,1036,1088,1176,1181,1457,1481,1061,1065,1043,1427,1078,1338,1490,1132,1322,988,1392,1130,1247,1375,1115,1460,1103,1194,1401,1180,976,1500,1489,1268,1133,1220,1482,981,1076,1466,1335,1040,1178,1362,1435,1542,1242,1250,1499,1256,1064,1488,972,1249,1002,965,1399,1213,1104,1089,1125,1426,1396,995,1429,1259,1483,996,979,1137,978,1018,968,1201,1043,1262,1403,1144,1378,1277,1024,1298,1256,1535,1064,1188,1005,1155,1174,1038,1248,1188,1307,1331,1303,1013,1196,1272,1461,1325,1130,1122,1215,1346,1032,1240,1465,1093,1157,1088,1494,1147,1344,1218,1252,1487,979,1179,1050,1514,1288,1064,1134,1431,992,1201,1000,1391
,989,1303,1089,992,1419,1136,1188,1474,1170,1321,1313,1407,1430,1089,1384,1299,1285,1355,1467,1057,1533,1318,1085,1503,1127,1170,1507,1133,1177,1477,1156,1469,1270,1223,1542,1478,977,1274,1507,1302,1034,1049,1000,1438,1496,1454,1022,1470,1324,1170,1230,1287,1122,1326,1288,1161,988,1308,1295,1466,1304,1072,1347,1095,1367,1349,1192,967,1448,1524,1408,999,1427,1424,1289,1389,1108,1150,1443,977,1517,1350,1163,1180,1421,1164,1484,1115,1145,1453,1298,990,1165,1377,1340,1110,1034,1087,1538,1320,1312,1240,971,1214,1050,1138,1292,1382,1281,1288,1077,1139,1058,1030,1340,1144,1475,1135,1346,1505,1412,1396,1009,1333,1320,1250,1259,1526,1345,1297,1201,1265,1046,1252,1121,1302,1417,1392,1081,1416,1318,1038,1512,1115,1048,1053,1033,1257,1322,1190,1517,1459,1307,1058,1154,1080,1400,1535,1238,1220,1301,1503,1527,1127,1178,1239,1028,1074,1067,1422,1471,1273,1209,1184,1402,1238,1024,1313,1344,979,1130,999,1006,1415,1372,1333,1455,1408,1013,1152,1219,1502,1390,1482,1427,1344,1405,1090,1512,1395,1010,978,1494,1417,1205,1048,1375,1268,1343,1027,1542,1357,1274,1322,1372,1343,1042,1410,1438,1408,1182,1481,1381,1046,1274,1192,1202,1259,1409,1208,1433,1245,1422,1039,1395,1171,1023,1470,1429,1318,1509,1363,967,1184,1060,1254
,1057,1493,1159,1331,1417,1339,1451,1411,1175,1012,1161,1232,1357,1224,1150,1425,1236,1038,1122,1477,1438,1524,1416,1096,1441,1420,1421,1011,1037,1158,1356,1541,1145,1148,1398,979,1409,1473,1447,1518,1302,1109,1207,1405,1296,1169,1452,1010,1391,1297,1423,1333,1462,1294,986,1024,1438,1442,985,1151,1330,1271,1295,1531,983,1431,1148,1396,1056,1188,1448,1368,1354,1205,1230,1338,1335,1508,1450,1071,1346,1085,1276,1131,1506,1062,1315,1333,1173,1189,1474,1507,1523,1228,1239,1119,1411,1073,1497,1373,1243,1013,1225,1029,1119,1153,1075,1030,1258,1112,1464,1172,1478,1484,1367,1059,1234,1359,1172,1429,1494,1279,971,1102,1337,989,1373,1392,1325,1110,1038,978,971,1165,1344,1491,1465,1227,1378,1353,1500,1193,1039,1524,1473,1485,1008,1265,1265,979,1147,1482,1466,1414,1183,1475,1332,1135,1419,1528,1336,1158,1405,1073,1105,1090,1040,1212,1419,1052,1486,1232,1455,1000,1102,1540,1116,969,1449,1520,1314,1434,1382,1205,1513,1122,1015,1019,1438,1517,1180,1059,1163,1269,1059,1206,1090,1458,1465,1304,973,1295,1175,1489,1328,1428,1061,1113,1501,1516,1403,1296,1129,1110,1257,1385,1257,1160,1168,1408,1064,1424,1067,1492,1343,1149,1116,1223,1469,1526,1434,1283,1192,1368,1084,1000,1016,1293,1267,1046,1111,1457,1383,1252,1529,1275
,1344,1279,978,1498,1152,1346,1453,1300,1511,1439,1387,1263,1485,1365,1100,972,1171,1219,1270,1304,1105,1529,1472,1447,1375,1126,966,1408,1220,1312,979,1298,1192,1186,1089,1381,1032,1069,1089,1069,1229,1234,1412,1031,1485,1065,1067,1524,981,1102,1119,1440,1113,1200,1064,1083,1232,1006,1099,1464,1173,995,1203,1293,1420,1096,1259,1334,1261,1247,1161,1054,1028,1475,1319,1069,1069,981,1235,1392,1138,978,1514,983,1339,1009,1468,1208,980,1128,996,1019,1388,1340,1434,1448,1255,1292,1421,1022,982,1241,1369,1370,1344,1321,1165,1362,1121,1079,1432,1499,1111,1182,1263,1199,1266,1505,981,1173,1343,1157,1124,1472,1205,1255,1433,1438,1414,1071,1399,1249,1137,1263,1536,1200,1399,1368,1355,1477,1314,976,1471,1045,990,1056,1516,1479,1476,1493,1402,1474,1146,967,1133,1096,1014,1067,1490,1251,1509,1314,1109,1142,1116,1240,1443,1087,1125,1301,1060,1469,1503,977,1514,1427,1319,1385,1537,1127,1152,1252,1400,1457,1017,1497,1410,1538,983,1326,1319,1247,1199,1428,1015,1366,1088,1047,1369,1332,1218,1493,990,993,1508,1330,1011,1335,1179,1242,1502,1072,1263,1532,990,1115,1219,1125,1136,1519,1245,1241,1352,1383,1522,1378,1296,1051,1535,1473,1264,967,985,1150,1236,1381,1405,1225,974,1531,1344,978,1353,1305,1334,1236
,1123,1187,977,1004,1363,1265,1495,1385,1365,1445,1330,1010,1003,1147,1050,1290,968,1514,1405,1176,1112,1114,1295,1325,1192,990,1065,1411,1003,1148,1105,1406,1302,987,1435,1476,1284,1423,1293,1344,1086,1539,1085,1087,1110,1398,1168,1379,1461,1063,1260,1344,979,989,1499,1485,1204,1167,1460,1114,1039,1105,1144,1341,1303,1132,1197,1414,1518,1083,1415,1333,1026,1308,986,1116,1333,1105,996,1339,1419,982,1481,1428,1069,1318,1069,1128,1287,1292,1435,1271,1247,1185,1153,1366,1142,1411,1399,1105,1232,1450,983,1514,1215,1305,1315,1132,1215,1030,1016,1179,1160,1393,1057,1475,1294,1375,1343,1209,1396,1148,1337,1324,1424,1541,1449,1525,1404,1416,1515,1434,1472,1329,1211,1017,1420,1326,1204,1388,1368,1250,1359,1452,1422,1362,1020,1500,1102,1154,1052,1230,1024,1481,1038,1164,1500,1456,1452,1483,1054,1068,1377,1202,1535,1496,1528,1298,989,1319,1013,1174,1228,1166,1376,1079,1021,1339,1334,1270,1522,1403,1500,1504,1158,1172,1105,1030,1155,1353,1412,1130,997,1398,1326,1289,993,1520,1484,1373,1505,1015,1514,1486,1090,972,1398,1456,1142,1437,1260,1146,1497,1019,1421,1160,1212,1161,1386,1416,1293,973,1069,1266,1352,1389,974,998,1510,1033,1151,1354,996,1198,1424,1214,1366,1213,1029,1041,1429,1449,1030,1326,1195,1203
,1001,1202,1260,1468,982,1417,1138,1212,1218,1530,1339,1155,1259,1058,1077,1520,1432,1295,1369,1294,1361,1036,1079,1492,1422,1447,1366,1034,1115,1061,1088,1161,1412,1390,1424,1256,1309,1477,1466,1288,1479,1369,1291,1110,1122,1480,1452,1452,1509,1008,974,1164,1413,1197,1301,1190,1269,1126,1157,967,1282,1478,1231,1098,1534,1436,1151,1236,1111,1319,1368,1295,967,1446,1540,1529,990,985,1155,1084,1340,1294,1419,1145,1308,1056,1453,1268,1479,1470,1392,1064,1165,1110,1245,1053,1243,1062,1065,1018,1266,1228,1410,1141,1219,1346,1478,1061,1476,1080,1300,1100,1431,1338,1400,1180,1195,1428,1311,1133,1271,1533,1360,1442,1477,1522,1099,971,1145,1354,1498,1049,1203,1433,1447,1224,978,1476,1406,1456,1425,1164,1198,1101,983,1089,1108,981,1311,1467,1334,1524,1448,1453,1035,1467,1456,1222,1209,1391,1321,1239,1233,1092,1056,1001,1067,1448,1522,1254,1529,1267,1038,1137,1372,1389,1435,982,1285,1034,1455,1306,1383,1373,977,1020,1270,1195,1189,1347,1043,1193,1126,1349,1374,1529,1442,1375,1104,1215,1540,1462,1109,985,1299,1222,1361,1513,1370,1248,1541,1528,1201,1367,1437,1352,1105,1104,1460,1422,1308,1336,1148,1378,1480,1416,1505,1515,1202,1108,1297,1226,1484,1272,1343,1431,968,1003,999,1513,1365,1051,1235,1529,1051,1284
,1345,1097,1404,1247,1093,1253,1104,1457,1037,1272,1249,1031,1127,1145,1244,1009,1101,1283,1045,1289,1168,965,1372,1312,1487,1044,989,1168,1107,1213,1282,1149,1099,1436,1154,1319,1517,1282,1171,1028,1006,1057,1385,1363,1232,977,1534,1440,1340,1179,1480,1367,1327,1180,1521,1019,1522,1315,1429,1524,1394,1453,1136,1339,1491,1441,1297,1311,1334,1012,1084,1365,1509,1052,1358,1466,1146,1513,1028,1051,1282,1531,1054,1291,1412,1160,1425,1140,1274,1280,1373,1344,1387,1331,1147,1077,1007,1194,1457,1036,1011,1052,1108,1070,1173,1169,1463,1062,1145,1282,1343,1121,996,974,1358,1418,1403,1340,1418,1215,1401,1153,1404,1454,1486,1153,1485,1493,1042,1015,1088,1317,1048,1460,1210,1080,1111,1161,1219,1165,1257,1410,1092,1306,1101,976,1444,1338,1010,1146,1025,1482,1029,1050,1090,1114,1365,1148,1233,1058,1368,1197,1462,1002,1537,1362,1080,1009,1064,1040,1103,1503,1203,1047,1238,1510,1226,1439,1070,1089,1337,1324,1045,1049,1127,1416,1110,1444,973,996,1364,1516,1406,1120,1277,1008,1073,1498,1094,1161,1156,994,1234,1213,1373,1219,1023,1271,1498,1435,1350,1512,1081,1294,1275,1459,1462,973,1225,1452,1290,1126,1315,1323,1521,1026,1345,971,1215,1506,1215,1238,1128,1457,1288,1208,1028,1116,1491,1093,971,1262,1351,1342,1452,1236
,1493,1117,1025,1460,1249,1229,1207,1162,1329,1042,1294,1337,1509,1018,1228,1452,982,1415,1464,1021,977,976,1075,1107,1411,1280,1001,1091,1283,1057,1425,1305,1539,1110,1022,1231,1053,1530,1071,1396,1083,1173,1266,1452,1269,1309,1493,1212,1443,1377,1510,1400,1362,1366,1328,1298,1165,1441,1185,1133,1329,1108,1304,1435,1380,1127,1104,1270,1090,1480,1518,1307,1351,1459,1188,1089,1042,986,1469,1480,1141,1341,1472,1018,1333,1327,1430,1184,1228,1499,1470,1162,995,1034,1477,1030,1526,1501,1232,1079,969,1194,1031,1084,1208,1296,1346,1262,969,1298,1119,1458,1411,992,1096,1117,1082,1204,1518,1362,1367,1201,1517,1477,966,1173,1188,1061,1079,1254,1437,977,1100,1149,1330,1412,1266,1301,1020,1132,1190,1286,984,1328,1158,1369,1278,1387,1185,1464,1410,1376,1033,1336,1021,1308,1136,1406,1502,1517,1364,1018,1295,1286,1097,1339,1359,1341,1147,1363,1157,1425,1190,1337,1300,1391,1222,1411,1152,1060,1028,1408,1278,1018,1324,1068,1076,1093,1425,982,1228,1166,1216,1068,1189,1465,1455,1218,1482,1155,1138,1108,1026,1517,1025,1000,1435,1257,1085,1392,1095,1522,1302,1067,1534,1272,1471,1170,1516,1395,1111,1028,1403,1267,1508,1006,999,1138,1053,1093,1079,1260,1060,1117,983,1528,1471,1504,1410,1377,1108,1502,1094,977,1278,1541
,1024,1454,1254,1377,1464,1023,1468,1045,1263,1153,1460,1129,1509,1122,1002,1439,1528,1242,1323,1377,977,1222,1123,1239,1469,1169,1441,1217,1536,1505,1124,1347,1182,1513,1303,1145,1420,1125,1185,1520,1166,1338,1383,1436,1049,1139,1102,1347,1136,1076,988,1026,1200,1269,1060,1130,1207,1521,1540,1363,1526,1259,1402,1017,1052,1465,1233,979,1372,1342,1272,1126,1370,1011,1174,1289,1525,1310,1124,1454,1433,1485,1543,1376,1001,1131,1292,1473,1443,1220,1199,1145,1031,1482,1237,1250,1345,1224,1160,1350,1033,1513,1242,1391,1179,1204,1377,1053,995,1360,1223,1391,1139,1351,1485,1425,1255,1373,990,1267,1217,1089,1149,1200,985,1434,1375,1429,1101,1485,1178,1098,1461,1214,1294,1104,1116,1361,1227,1283,1182,1079,1471,1402,1457,1317,1253,1013,1506,1124,1512,1462,1247,1013,1284,1376,1496,1217,1368,1123,1331,1176,1527,1114,1133,1387,1376,1130,1443,1042,994,1270,1479,1519,1522,981,1494,1311,969,1460,1380,1102,1383,1346,1466,1253,1154,1018,1333,1310,1143,1171,1462,1255,1399,1533,1343,1470,1213,1420,985,1108,1504,1321,988,984,1011,1172,1201,1144,1192,1248,1419,1193,1397,1049,1440,1448,1302,1108,1227,982,1378,1164,1153,1157,1208,1415,1522,1350,1484,1094,966,1305,1417,1233,1003,1026,1504,1278,1054,1328,1294,1519,1041,1079
,1523,1372,1089,1453,1364,1280,1434,1276,982,1188,987,1349,1245,1517,1255,1189,1333,1444,1007,1124,1239,1303,1189,1532,1471,1121,1165,1363,1511,1511,989,1476,997,1357,1203,1012,1508,1364,1352,1056,1266,1036,1413,1528,1165,1308,1293,1148,1234,1533,1427,1517,969,1510,1186,978,1086,1253,1407,1211,1203,1539,1458,1146,1291,1478,1542,1465,1196,1052,1350,1212,1269,1178,1366,1237,1096,1508,1398,1111,1415,1339,1013,1527,1360,1387,1273,1354,1529,1362,1365,1543,1540,1053,1245,1541,1006,1382,1314,1284,1038,1334,1069,1044,1049,1278,1126,1134,1155,1357,1281,1020,1486,1120,1447,1070,1009,1093,1417,1533,1136,1118,1488,1207,1516,1323,1452,1242,1079,1490,1321,1239,1495,1348,1470,1052,1028,1354,1397,1446,1130,1436,1502,1402,1287,989,1286,1401,1197,1311,1141,1390,1088,1533,1276,1306,1405,1535,1153,1442,1338,987,1345,1353,1043,991,1168,1386,1223,1310,1500,1495,1525,1221,975,1093,1099,1227,1400,1445,1242,1456,1021,1449,1022,1370,1392,1533,1539,989,1180,966,1503,972,1489,1081,1330,992,1329,1449,1092,1496,1501,1150,1021,1197,1492,1166,1157,1087,1508,1084,1161,1441,1246,1279,1176,1210,1082,1484,1198,1268,1061,1516,1406,988,1540,1348,1384,986,1345,998,1008,1156,1183,1212,1502,1456,1100,1107,1407,1284,1214,1108,1013,1105
,1359,1366,1010,1000,1165,1221,1508,1372,1079,1465,1229,1064,1464,1512,1092,994,1459,1265,1245,1506,1292,1010,1454,1381,1276,1458,1332,1218,990,995,1363,1098,965,1005,1008,1507,1057,1373,1407,1321,1208,1316,1380,1413,1191,1540,1380,1203,1033,1524,1064,1012,1324,1204,1517,1413,1114,1218,1242,1489,1171,1159,1390,1535,1028,1070,1396,1222,1000,984,1084,1143,1222,1226,1213,1432,1157,988,1473,1006,1239,1452,1331,1456,1028,1356,1106,1450,1371,1374,1259,1169,1520,974,1419,1523,1471,1369,1447,1106,1323,1075,965,1332,1471,1058,1406,1112,1159,1119,1043,1111,1502,1031,1382,1542,1330,1172,1155,1123,1252,1220,1522,1365,1415,1329,1494,1112,976,1027,1125,1504,1228,1525,1036,1441,1323,1240,1353,1111,1118,991,1375,1459,1020,1178,1281,1542,1412,1195,1201,1499,989,991,1169,1349,1163,1030,1365,1505,1071,1468,973,977,1399,1168,1181,1131,1200,1279,1500,1308,1502,1029,1541,1425,1398,1116,1426,1523,1175,1022,994,1337,1044,1159,1009,972,1487,1028,1253,1185,1155,967,1509,1443,1360,1431,1222,1481,991,1120,1127,1411,1538,1337,1536,1245,1436,1098,980,1219,1539,1138,1483,1262,969,1312,993,1353,1046,1352,1096,1455,1138,1120,1399,1374,1358,1180,1374,1081,1365,1502,1267,1323,1011,1016,1259,1447,1325,1077,1107,1161,1052,1333
,1132,1177,1334,994,1005,1195,1433,1530,1405,1203,1167,1323,1509,1266,1099,1454,1058,1504,1246,1183,1236,1218,1048,1435,1016,983,999,1420,1429,1290,1209,1394,1026,1519,1386,1091,1527,977,1327,1022,1234,1525,1236,1231,979,1351,1431,1124,1405,1491,1034,1456,1119,1329,1074,1210,1383,1396,1172,1365,1108,1508,1123,1172,1458,1438,1389,1518,1152,1502,1423,997,1062,1400,1230,1086,1406,1463,1239,1269,1006,1234,1239,1436,1295,996,1274,1365,1305,1537,1106,1318,1278,1216,1025,1095,1233,972,1145,987,1220,1502,1392,1223,1263,1133,1339,1398,1184,1323,1185,1373,1527,1054,1171,1383,992,1359,1056,1324,1329,1098,1161,1285,1059,1162,1361,1413,1142,1091,976,1295,1515,981,1488,1303,990,1009,1148,978,1257,1354,987,1055,1143,1166,1309,1201,1145,1414,1220,1445,1351,1442,1454,1169,1024,1121,1244,1089,1074,1268,1372,1250,1229,1018,1246,1140,1183,1065,1301,979,1426,1393,1459,1507,1148,1123,1214,1124,977,1249,1377,1438,1251,1316,1107,1094,1242,1518,967,1077,1273,1310,1234,1248,1413,1324,1273,1453,1478,1531,1534,1333,1403,1181,1121,1511,1017,1294,1005,1433,1181,1230,1058,1273,1256,1169,1291,1182,988,1283,1174,1535,1254,1426,1078,1401,1326,1219,1521,1000,1285,1456,1503,1096,1501,1192,1510,1297,1311,1050,1378,1401,1291,1197
,982,1143,1084,1181,1342,1347,1007,1215,1426,1235,1001,1454,1209,978,1345,1364,1448,1151,1087,1229,1037,1077,1012,1530,1335,1393,1011,1288,1240,1525,999,1037,1109,1459,1438,1506,1470,1502,1102,1414,1541,1150,1375,1165,1341,1416,1059,1039,1357,1440,1384,1263,1309,1148,1384,1232,1034,985,1362,1373,1044,1270,1196,1320,1176,1422,973,1497,1008,1101,1399,1472,1460,1248,1165,1057,1041,1466,1176,1090,1391,1417,1352,1136,1532,1207,1373,1172,1317,1127,1240,991,1025,1414,1471,1458,968,971,979,1190,1075,1428,1501,1538,1315,1151,1543,1281,1145,1511,1426,1195,1490,1443,1195,1445,1091,1297,1026,989,1188,1092,1341,1471,1182,1493,1016,1403,1070,1404,1047,1424,1426,1271,1000,1324,1267,1187,1431,1110,1274,1510,1536,1134,999,1125,1021,1418,984,998,1393,1384,1429,1245,1033,1122,1256,1526,1505,1396,1260,1016,1249,1510,1492,1508,998,1087,1213,1482,1467,1310,1107,1393,1255,974,1510,1308,986,1449,1393,1493,1337,1196,1182,1509,1099,1528,1265,1492,1338,1267,1398,1401,1320,992,1185,1202,1540,1510,1083,1348,1339,1321,1026,1210,992,1511,1451,1281,1389,1511,1097,1100,1004,1286,1331,989,1298,1517,1012,1529,1143,1220,1529,1206,1135,1300,981,1291,1080,1147,1535,1473,1416,1226,1448,1339,1425,1076,1483,1439,1292,1432,1293,1433
,1273,1179,1419,1258,1003,1040,1348,969,1167,1539,1418,1095,1528,1019,1247,1094,1071,1140,1414,1034,1384,994,997,1008,1422,1155,1304,1212,1158,1380,1525,1034,1326,1206,1138,1016,1397,1232,1471,1502,1076,1116,1373,1197,1027,1391,1127,1373,991,1541,1160,1324,1401,1437,1134,1200,1010,1322,1133,1420,1531,1258,1156,1143,1371,1343,1413,1487,1346,1498,1279,1219,1217,1339,1313,1384,1268,1035,1272,1487,1047,1133,1211,1061,1426,1371,1449,1086,1347,1188,1121,1305,1328,1273,1023,1298,1161,1199,1370,1436,1203,1044,1004,1183,1504,1007,1164,1497,1129,1350,1390,1180,1237,1150,1140,1271,1257,1005,1219,1075,1435,1047,1353,1353,1527,1469,1504,977,1414,1543,1149,1306,1471,1142,1461,1410,1263,1271,1137,1053,1502,1538,1127,1223,1280,1423,1261,1124,1505,1111,1136,1428,1160,1540,1301,975,1226,1408,985,1284,1374,1321,1396,1138,1132,1499,1488,1070,1135,1417,1415,1132,1046,1299,1260,1156,1198,1324,1043,1108,1105,1279,1356,1248,1257,1100,1523,1480,1134,1443,1462,1102,1025,1161,1413,992,1327,1252,1068,981,1228,1446,1036,1541,1309,1419,1440,1245,1413,1376,1157,1311,1532,977,1347,1378,1026,1299,1196,1284,1352,1289,1363,1404,1002,1067,1407,1108,1204,1279,1410,971,1071,1015,1102,986,1514,1484,1020,1267,1021,1041,1215,1295,1205,1068
,1063,1464,1181,1238,1196,1399,1114,1282,1539,1138,1289,1496,1080,1461,1443,1314,1182,1245,1122,1259,1249,1347,1509,1039,1163,1294,1142,1125,1434,1175,1232,1270,1183,1465,1418,1289,1144,1018,1224,1219,1095,1190,1329,1242,1227,1331,1142,995,1039,1075,1238,1531,1336,1070,1497,1083,1520,1322,1236,1029,1115,1026,1080,1471,966,1231,1413,1347,1480,1216,967,1234,1396,1211,1383,1142,1472,1367,1425,1025,993,1402,1306,1097,1472,1006,1338,1346,974,1290,1197,1028,1497,1026,985,1286,1254,1020,1185,1074,1521,1277,1103,1280,1434,1417,1280,1260,1085,1258,1249,1165,1276,1037,1357,1323,1469,1422,1420,1288,1038,1200,1427,1100,1032,1087,1110,1185,1356,1395,1074,1220,1535,1324,1356,997,1323,1133,1225,1016,1199,969,1430,971,979,1287,1100,1225,1200,1214,1476,1050,1251,1019,1488,1347,1012,1306,972,1303,1153,1277,1296,1352,1358,1122,1234,1366,1000,1004,1500,998,1178,1274,1303,1348,968,1399,1373,1503,973,1283,1075,1471,1242,1427,1238,1393,1204,1538,1477,1447,1181,1102,1375,1408,1365,1101,1139,1026,1428,1300,1104,1427,1224,1240,1517,1129,1050,979,1432,1081,1480,1284,1323,1458,1127,1263,1338,1450,972,981,1084,1351,1066,1208,1116,1219,1481,1482,1058,1061,1436,1269,1529,1134,1220,1407,1250,1512,1444,1282,1185,1529,1488,1002
,1283,1188,1162,1475,1265,1019,1177,1135,1094,1402,1170,1496,1342,1118,1020,1150,1385,1130,1230,1252,1515,1355,1030,1025,1156,1429,1462,1076,1437,988,1091,1332,1318,1287,978,1164,1155,1105,1123,1035,1140,1295,1043,1264,1325,1054,1226,1141,1049,1058,1022,1043,1254,1266,1285,1090,1029,1100,1501,1080,1372,1371,1024,1179,1257,1354,1233,1281,1023,1523,1515,1502,1309,1122,1264,988,1419,1054,995,1300,1400,1393,1025,1379,1003,1465,1137,1115,1117,1306,1070,1242,1018,993,997,1169,1506,1003,1235,968,1402,1080,1383,1372,1037,988,1317,1255,1355,1461,1092,1084,1316,1298,1198,1342,1279,1481,1436,1272,1330,1267,1068,1167,1384,1331,1343,1208,1505,1143,1274,1004,1007,1495,1161,1366,1164,1538,1348,1353,1188,1074,1233,1315,1023,1059,1089,1446,1331,1530,1466,1142,1156,1098,1001,1136,1022,1054,1181,1539,1084,1293,1514,1066,1461,1406,1066,1404,1305,1473,1050,1124,1385,1378,1261,1128,1404,1045,1384,983,1509,974,1365,1348,1301,1263,1279,996,1124,1458,1313,1489,1150,1037,1156,990,1209,1205,1007,1368,1001,1057,1422,1395,1257,1448,1181,1237,1437,1445,1425,1443,1218,1533,1196,1145,1521,1116,1298,1411,1524,1192,1139,1375,1000,1084,1229,1041,992,1296,1120,1074,1074,1297,1192,1235,1338,1019,1442,1504,1118,1103,1024,980,1131,1538
,1279,1286,1120,1285,1360,1211,1451,1443,1038,1202,1179,1079,1540,1340,1498,1009,1158,1048,1298,1419,1320,977,1055,1034,1423,1380,1487,1153,1457,1378,1448,1124,1443,1109,1398,1380,1068,1352,1358,1321,1334,1094,1176,1364,1372,1347,1131,1033,1537,998,1120,1388,1371,1115,1244,1049,1099,1171,1033,1014,1339,1076,976,1071,973,1522,1087,1506,1405,1332,1474,1278,1122,1451,1203,1500,1469,1161,1359,1292,1425,1373,1281,1271,1216,1041,1404,1130,1466,1280,1499,1402,1340,1174,1268,1053,1276,1076,1389,1246,1164,1067,1147,1051,1229,1307,1003,1113,1223,1438,1372,1237,1327,1215,1479,1078,1535,1053,1537,969,1135,1203,1186,1288,1018,1290,1085,1411,1084,967,1229,1213,1308,1308,1280,1330,1289,1167,1008,1189,1216,1420,1353,1541,1425,1384,1185,1505,1006,1216,1396,1314,1159,1089,1288,1078,1337,1341,1322,1143,1063,1104,1039,1541,1279,1447,1445,1037,970,1266,1238,1455,1478,1063,1015,1066,1145,1172,1237,1404,1388,1188,1511,1170,1127,1052,1507,1285,1408,1455,1377,1124,1030,1486,1350,1194,1370,1332,1308,1402,1110,1093,1129,1061,1084,1279,1416,1013,1260,1511,1185,977,1481,1313,1424,1483,1016,1205,1182,969,995,983,1307,1275,1481,1113,981,1450,1232,1533,1161,1334,1024,1101,1340,1420,1103,997,1395,1334,1281,1378,1347,981,1016,1471
,1511,1532,1332,1160,1007,1307,1035,1402,1368,1055,1027,1426,1048,1188,1490,1040,1434,1218,1220,1526,1397,1231,1089,1257,1103,1404,1284,1129,1437,1058,973,1537,1301,1111,1277,1111,1263,1465,1138,1316,982,1409,1444,1243,1045,1141,1412,1029,1421,1322,1459,1080,1179,1420,1161,1333,1398,1293,1412,1462,1251,1382,969,1196,1021,1050,1317,1487,1438,1167,1488,1393,1020,1316,1068,1331,1206,1492,1011,1363,1251,1089,1479,1156,1288,1486,1385,1539,1383,1070,1423,1408,1107,1365,1026,1179,1515,1526,1452,1358,1433,1492,1417,1324,1046,1394,1481,1537,1209,1233,1096,1374,1385,1252,1391,1441,1004,1339,1323,1402,1308,1153,1272,1359,1099,1414,1354,985,1318,1457,1312,1285,1376,1093,1185,1332,1096,1098,1453,975,1177,1238,1149,1353,1074,1539,1422,1415,1073,1003,1003,1161,1373,1264,1196,1137,1323,1217,1387,1527,1140,1105,1137,1375,1267,1491,1034,1474,1219,1020,1032,1387,1450,1266,1475,1404,1198,1390,1492,1250,1252,1098,1420,1114,1034,1078,1438,1232,1162,1279,1185,1000,1088,1294,1123,1255,1052,1354,1033,1021,1075,1159,1262,1021,1166,1495,1511,1143,1460,1051,1446,1244,986,1138,1233,1195,1287,1342,1140,1032,1057,1171,1311,1023,1417,1053,1481,1423,990,983,967,1240,1336,1390,1070,1204,1274,1483,1266,1192,1480,1351,1058,1426,1443,1045
,1219,1523,1149,1477,1505,1468,1359,1235,1038,1109,1351,1297,1041,1125,1149,1202,1480,1445,970,1335,1224,1508,1021,1259,1277,1391,1032,1168,1415,1276,1410,1178,1409,1008,1138,1274,1214,1412,1217,1073,1408,1534,1228,1091,995,1011,1085,1003,1460,1014,1369,1341,1513,1518,1043,1054,1417,1170,1401,1454,1041,1317,1340,1114,1238,1150,1500,1418,1205,1119,1198,1012,1147,1147,1155,1272,1076,1504,1176,1298,1135,1020,1030,1510,976,1049,1542,1535,1381,1296,1517,1362,1377,1226,1504,974,1410,1420,1412,1446,1528,1140,1268,1350,1219,1158,1320,1142,1276,1236,1203,1162,1115,1313,974,1146,1446,984,1173,1463,973,1307,1122,1466,1443,1255,1284,1364,1266,1136,1373,1205,1077,1227,1443,991,1351,1285,1143,1296,1439,1207,1249,1088,1015,1123,996,1121,1322,1421,1303,1377,1397,1242,1047,1395,1448,986,1277,1161,1299,1464,1256,1453,1440,1488,1324,1521,1399,1090,1323,1032,1212,1179,1446,1089,1308,1410,1122,1119,1427,1143,1319,1411,1208,1346,1027,1330,1529,1191,1338,1175,1464,1335,1350,1518,1386,1212,1535,1060,1345,1187,1371,1385,1144,1142,1064,1485,1033,1419,1224,1121,1155,1252,1075,1182,1413,1498,969,1372,1356,1364,1112,1265,1065,1029,1184,1027,1094,1252,1071,1174,1152,1234,1053,1413,1050,1342,1243,1480,1041,993,1219,1333,1408,1006
,1039,1370,1478,1315,1243,1442,1327,969,1058,1464,1027,1375,1207,1043,1202,1231,1346,1304,1231,1052,1144,1317,1378,1521,1169,1266,1402,1108,1167,1480,1486,995,1004,1014,1142,1204,981,1230,1005,1358,1388,1307,1361,1425,1060,1459,1189,1516,1525,1337,1333,1262,1259,1199,1414,1160,1486,1180,1186,1538,1218,999,1109,1008,1000,1368,1099,1220,1227,1139,1158,977,1039,1367,1439,1298,1392,1279,967,990,1151,1020,1447,1265,1121,1254,992,1362,1113,1010,974,1425,1188,1149,1413,1054,1013,1082,1316,1163,1419,1541,1242,1008,1148,1314,1388,1015,1009,1492,989,1457,1352,1007,1277,1502,1397,1426,993,1021,1136,1307,1247,1205,1162,1376,1396,1429,1220,1461,1082,1290,1159,1158,1126,966,1050,1092,1239,1487,1540,1421,1015,1284,987,1002,1017,1508,1284,988,1101,997,1296,1089,1074,1348,1101,1149,1048,1356,1077,1196,1084,1103,1272,1445,1448,1250,1272,1284,1282,1149,1542,989,1107,971,1221,1233,1536,1353,1169,1444,969,1273,1211,1074,1291,1162,1295,1036,1508,1492,1076,1487,1302,1432,1221,1373,1267,1210,1077,1211,1015,1006,1348,1283,1064,1526,1200,1317,1118,1399,1237,1140,1430,1128,1052,1111,1144,1325,1269,1477,982,1117,1463,1012,1103,1523,1239,1223,1537,1089,1287,1401,1032,1184,1190,1482,1464,978,1375,1159,1393,980,981,1056
,1062,1221,1117,1224,1080,1429,1411,1155,1162,1411,1146,1356,1190,1374,1063,1407,1290,1205,1209,1460,1283,1265,1020,1150,1268,1046,1282,1515,1212,1136,1202,1445,1192,1509,1087,1442,1512,1107,1010,1132,1172,1115,1309,1333,1464,972,1535,1453,1325,1139,1128,1076,1336,1464,1003,1131,1141,1512,1503,1360,1356,1052,1304,1091,1374,1318,1153,1480,1248,1063,1380,1118,1159,1353,1305,1056,1054,1164,1047,1362,1381,1436,1128,1099,1075,1089,1503,1207,1411,1123,1398,1398,1132,1104,993,1016,1118,1036,1357,1286,1075,1014,1075,1476,1375,1079,1387,1370,975,1078,1209,1342,1242,1191,1282,1296,1314,1362,1397,1381,1361,1533,1296,1104,1025,1384,1268,1284,1028,1037,1171,1357,1086,1351,1289,1112,1073,1141,1325,1337,1513,1447,1307,1448,1119,1026,1103,1145,1069,1416,1220,1006,1013,1389,1522,1481,1408,1054,1519,1351,1095,1236,1197,1281,1056,1148,1190,1405,1190,1400,1097,1190,1081,1216,1166,1467,1400,1415,1354,1004,1108,1533,1519,1273,1124,1036,1436,1525,1361,1184,1386,1302,1220,1278,1370,1352,994,1173,1460,1063,1197,1096,1418,1112,1343,1381,1259,1347,1481,1337,1426,1113,1279,1433,1313,1034,1262,1311,1102,1275,1281,1130,1358,1222,1471,1264,1264,1323,1040,1110,1058,1476,1248,1533,1277,1297,1097,1066,1235,1287,1440,1025,1533,1429,1180,1476
,1220,1111,1113,1163,1528,1201,1384,1026,1322,1029,1417,1236,1228,1426,1537,1346,1509,1530,1016,1224,965,1312,1006,1108,1252,1367,1482,1082,1338,1535,1336,1350,1196,1493,981,1300,987,1533,1193,1100,1128,1181,1182,1523,1434,1119,1273,1286,1294,1387,1520,1042,1075,1132,1377,1207,1528,1490,1012,1111,1291,1500,1225,1499,972,1203,1060,1103,1091,1161,1363,1239,1127,1055,1166,1472,1501,1397,1007,1293,1437,1169,1521,1006,1488,1255,1196,1458,1227,1370,1271,1475,986,1117,1192,1066,1468,1345,1257,1168,1383,1312,1381,1173,1019,1500,991,1013,1510,1404,1342,1042,1445,1080,1324,1388,1155,1410,1002,1256,1016,1389,994,1264,1419,1040,970,1182,1130,1229,1442,1336,1294,1534,1301,1527,1332,1495,1004,1016,1282,1026,1362,1058,1200,1292,1512,1445,1366,1170,1144,1089,1539,1187,1355,1405,1286,1335,1368,1123,1285,1296,1435,1318,1364,1281,1087,1313,1500,1375,1372,1080,1032,1087,1364,1290,1529,1033,1250,1180,1101,1182,1486,1114,1527,1429,1497,1481,1448,1496,1443,1159,1479,1119,986,1337,1239,1447,1287,1040,1247,1108,1412,1301,1537,1305,1205,1541,1343,1070,1024,1489,1443,1336,1465,1262,1132,1521,1181,1075,1300,1324,1311,1443,1395,1353,1267,1133,1457,1412,1440,1419,1260,1372,1159,1100,1501,1237,1056,1025,1295,1249,1352,1444,1033,1058
,1504,1300,1113,1356,1020,1523,1413,1498,1403,1298,1220,1268,1324,1212,1221,996,978,1222,1190,1465,1346,1369,1366,1298,1419,1455,998,1388,1173,1008,1144,1220,1147,1334,1081,1339,1444,1092,1473,1085,1403,1471,1011,1469,1258,1345,1062,1377,1374,1408,1153,1196,1227,1375,1025,1314,1031,1425,1360,1342,1532,1039,1114,1427,1221,1410,1484,1337,1161,1046,1491,1400,1519,1318,1316,1283,1200,1291,1108,1285,1255,1023,1496,1234,1363,1034,1324,1292,1364,1526,1351,989,1070,1521,1252,993,1447,1346,1059,1103,1375,1307,1460,1456,1003,1175,1407,1107,1330,1327,1281,1490,1012,1140,1263,1211,1513,1106,1048,1491,1250,965,1058,1382,1531,1349,1262,1371,1186,1287,1091,1170,1524,1101,1440,996,1223,1116,1230,1157,1016,973,974,1381,1044,1196,1309,1026,1215,1049,1030,1184,995,1062,1027,1452,1269,1232,1109,1230,1284,1289,1052,1055,1045,1455,1515,1356,1004,1524,1111,1374,1471,1519,1328,1496,992,1479,1325,1502,1135,1146,1175,1334,1088,1260,1149,1046,1540,1079,1014,1104,1488,1102,1541,1456,1515,1359,1434,1012,1365,969,1394,1054,1196,1093,1037,1140,1520,1212,1264,1437,1093,1222,1296,1440,1390,1486,1184,1199,1427,1197,1368,1247,1434,1481,1136,1125,1446,968,1367,1217,1221,1293,1352,1309,1168,1143,1457,1392,1218,1434,1115,1419,1278,1210
,1230,1111,1535,1502,1315,1410,1090,1049,1292,1083,1027,1538,1537,1258,1284,1502,1351,1411,1526,1243,1286,1440,1178,1279,1128,1465,1033,1480,1238,1220,1093,1462,997,1087,1016,1214,1456,1376,1096,1270,1275,1089,1013,1342,1075,1543,1137,1153,1232,1286,1247,1409,1196,1335,1428,1427,1169,1430,1027,1131,1099,1028,1208,1332,1509,988,1450,1283,1005,1304,1357,1364,1318,1023,1400,1142,1116,1192,983,1238,1463,1253,1084,1193,1523,1523,1116,1486,1364,1232,1351,1458,1411,1263,1071,1189,1487,1155,1028,1097,1381,1198,1133,1419,1197,1229,1481,984,1368,1456,1150,1162,1395,1518,1029,1220,1299,1054,1288,999,1429,1037,973,1503,972,1404,1074,1280,1161,1165,1294,1367,1506,1130,1298,1497,1040,1178,1193,1212,1338,1008,1270,1462,1149,1515,1015,1519,1212,1137,1384,1381,1335,1037,987,1361,1034,966,1431,1374,998,998,970,1140,1171,1246,1071,1267,1100,1181,1178,1436,1441,1471,1117,1484,1304,1451,1412,990,1106,1329,1184,1134,1203,1341,1178,1351,1124,1531,998,1259,1211,1525,1387,1178,1380,1075,1536,1412,1529,1451,1219,1539,1165,1399,1446,1459,1105,1407,1314,1294,1205,1016,1312,1083,1435,1180,1378,1100,995,1451,1274,1503,1025,1094,1347,1103,1041,1371,1519,1166,1165,1434,1532,1158,1198,1078,1434,1540,1425,968,1042,1071,1227,1471
,993,1468,1065,1507,1543,1459,1131,1347,1333,1311,1415,1035,1394,1492,1143,1141,1143,1131,1047,1115,1088,1094,1129,1315,1416,1102,1492,1152,1493,1491,1242,1366,1499,1241,1144,1039,1324,1406,1131,1205,970,1438,1365,1522,1459,1391,1463,1090,1209,1012,1467,1228,1016,1431,1081,1513,1250,1102,1075,1073,1384,1323,1108,1230,1069,1345,1125,1074,1071,1262,1417,1390,1464,1412,1336,1328,1103,1089,965,1349,1487,1396,1438,1291,1399,1303,979,1308,1301,1268,1081,1511,1372,1408,1001,1495,1250,1221,1520,1400,1177,1443,1313,1133,1398,1301,1543,1207,1011,974,1444,1106,1392,969,1253,1379,1055,1321,1495,1280,1042,1011,1504,1248,1097,1298,1061,1430,1148,1164,1533,1274,1103,1352,1028,1231,1202,1541,1055,1383,1235,1113,1361,1438,1484,1084,1123,1489,1000,1058,1373,1002,1430,1148,1069,1165,1063,1162,1162,1049,1306,1442,1483,1135,1490,1310,1105,1243,1376,1108,1527,1008,1202,1507,1392,1077,1251,1481,1288,1467,1078,1334,1376,1514,1055,1115,1440,1096,1135,1004,1421,1272,987,1403,1114,1180,1083,1293,1178,1502,1017,1075,1389,1340,1246,1305,1444,1249,1328,1513,1251,1525,1126,1399,1352,1120,1235,1428,1043,1350,1521,1422,1052,1492,1048,1440,1392,1230,1136,999,1323,1232,1442,1392,1402,1099,1523,1228,997,969,1156,1526,1035,1528,1025,1204
,1541,1432,1022,1109,1533,1044,1361,1242,1193,1289,1096,996,1376,1522,1482,1017,1505,1293,1454,997,1322,1448,1153,1090,1241,1139,1073,1154,1178,1210,1445,1282,1139,1261,1368,1276,1192,1039,974,1391,1527,1279,1386,1305,1299,1327,970,1197,1205,1534,1473,1070,993,1282,1535,1262,986,965,1496,1275,1334,1350,1162,1049,1077,1300,1246,1510,1493,1331,1319,1343,1242,972,1225,1516,1340,1458,1265,1404,1038,1316,1161,1167,1171,1045,1014,1437,1442,1015,1270,1421,1287,1302,1119,1323,1153,1396,1377,1251,1033,1386,1164,1476,1033,1230,1231,1450,1537,1134,1421,1497,1287,1447,1248,1236,1409,1509,1439,1056,1501,1455,1400,1143,1389,1152,1490,1386,1091,1093,1137,1158,1136,1244,1286,1492,1218,1103,1025,1469,1427,1100,1071,1255,1131,1463,1343,1280,1445,1289,1032,1274,1172,1047,1185,1371,1134,1285,1507,1443,1140,1449,1188,1048,1244,1107,1444,1008,972,1113,1463,1009,1509,1242,1207,1201,1111,1285,979,1472,1250,1409,1214,1345,1494,1056,1406,1398,1297,1315,1185,1224,1266,1301,990,1406,1189,1020,1400,1235,1365,1485,1535,1118,1014,1455,1457,1440,1346,973,1317,1313,1323,1015,1040,1062,1324,1455,1165,1013,1149,1164,1082,1266,1161,1141,1206,978,1460,1268,1046,1496,1075,1239,1178,1503,1380,1399,1289,1306,1161,1290,1274,1078,1128,1496
,1450,1478,1542,1403,1376,1199,1150,1454,1084,1071,1417,1388,1014,1103,1043,1443,1303,1166,1506,1369,1393,1118,997,965,1219,1278,1510,1138,1056,1234,1515,1151,1495,1225,1330,1532,1254,1361,1284,1244,1158,1337,1375,1427,1133,1344,1081,972,1218,1482,1333,1380,1186,1332,1260,1511,1527,1216,1425,1094,1476,1013,1357,1348,999,1256,1354,1329,993,1323,1373,1341,1464,1070,1523,1175,1056,1161,1380,978,1205,1153,1401,1060,1378,1199,1184,1246,1116,1254,1463,973,1339,1362,1522,1119,1506,1415,1485,1114,1311,1455,1423,1172,1341,1408,1530,1328,1444,1254,1298,1130,1268,1382,1218,1194,1362,1213,1275,1491,1402,1088,996,972,1145,1476,1053,1363,1318,1415,1207,1318,1392,1136,1058,1330,1078,1205,985,1106,1182,1122,1063,1319,1495,1039,1445,1008,1117,1141,1241,1417,1335,1416,1110,1059,1405,1346,1231,1373,1195,1286,1267,1480,1432,1332,1532,1121,1381,1161,1088,1348,1513,1368,1209,1287,1410,1381,1320,1185,1270,1059,1449,980,1504,1052,1414,1255,1066,1145,1464,1173,1076,1422,1511,1472,1425,1126,1041,1309,986,1422,1527,1402,1527,1304,1521,1194,1349,1070,1001,1358,1001,1251,1098,1520,1162,1060,1053,1395,1173,1192,1238,1008,968,1316,1129,1313,1438,1088,1516,1463,1516,1459,1394,1146,1479,1011,1172,1142,1246,1449,1055,1293,1395,1258
,1487,1109,1355,1333,998,1313,974,1453,1316,1374,1246,1284,1029,1494,1133,1125,1387,1118,1169,1146,1376,1340,1426,991,1106,1055,1309,1063,1263,1241,1330,1105,1335,1127,1374,1418,1078,1440,1214,1507,1331,1010,1458,1489,1196,1352,1197,1510,1064,1176,1241,987,1314,1359,1370,1336,1036,1520,1216,1496,1431,1541,1095,1475,1342,1109,1156,1213,1019,1033,1450,1077,1323,1328,1505,980,1464,1442,1452,1060,1171,1240,1455,1296,1309,1482,1321,1216,1045,1066,1085,1013,1430,1538,1189,1219,1351,1230,999,1042,1410,1348,1204,1123,1211,1425,1427,1295,1023,1377,1096,1360,1025,1076,1211,1339,1297,1288,1416,1459,1237,1501,1272,1227,1164,1460,1070,989,1440,1452,1304,1134,1262,1093,1117,1387,1286,1415,1365,1432,1223,1275,1044,1277,1263,1104,1427,1169,1224,1313,983,1342,1375,1324,1316,1023,1197,1226,1089,1367,1125,995,1443,1484,1379,1235,1166,1165,1370,1160,1282,1311,1353,1301,1188,1095,1372,1168,1265,1066,1264,1293,1215,1492,1180,1534,1462,1223,1423,1037,1505,1091,1297,1257,1145,1406,1250,1310,1122,1495,1201,1404,1403,1389,1370,1360,1070,1285,1379,1347,1280,1122,1448,1529,1275,1104,1020,1185,1485,1004,989,1025,1450,1242,976,1174,1471,1527,1118,989,1339,1419,1115,1278,1400,1226,1133,1232,1424,1068,1216,1378,1091,1206,986,1007
,1491,1390,1236,1504,999,1335,1447,1063,1444,1227,1083,1359,1264,1520,1090,1404,1179,1210,1077,1312,1395,1368,1205,1291,990,1536,1040,1402,1064,1122,1038,1172,1260,1084,1019,1099,1275,1429,1128,1058,1190,1253,1157,1385,1039,1113,1505,1467,1408,1073,1467,1249,1395,1540,1179,1346,1470,1400,1515,1234,1095,1070,1088,1441,1220,1015,1222,1373,1503,1128,1367,1322,1016,1503,1013,1042,994,1479,1266,1010,1352,1512,1228,976,1503,970,1291,1016,1260,997,1375,1182,1247,1002,1497,1072,979,1328,1172,1088,1149,1005,1259,1352,1124,1252,1056,1212,1506,1182,1403,1479,1395,1354,1291,1425,1366,1153,1444,1490,1422,1338,1338,1405,1252,1173,1168,1172,1044,1451,990,1347,1132,1321,1070,1337,1474,1095,1179,1383,1475,1079,1489,1012,1012,1122,1073,1390,1537,1157,1371,1145,1191,984,1295,1395,1280,1036,1034,1520,1326,1523,1036,1455,1270,1285,1200,1361,1536,1498,1162,1161,1218,1518,1382,969,1217,1299,1005,1325,1161,1343,1446,1127,1479,1057,1308,1542,1189,1374,1414,1156,1518,1149,1502,1361,991,1258,1330,1378,1123,1169,1214,1539,1318,1300,1459,1078,986,1538,1069,1051,1327,1108,1040,1374,985,1244,1110,1149,1129,1516,978,1138,1037,1460,1479,981,1080,1416,1499,1443,1431,1526,1071,1543,1328,1120,1205,1068,1330,1528,996,1049,1201,1420
,1312,1465,1414,1273,1451,1146,1095,971,1155,1261,1539,1243,1489,1484,1503,1248,1235,1462,1492,1379,966,1512,1498,1534,1011,1329,1442,1132,985,1464,1494,1454,1441,1444,1468,1035,1278,1019,1403,1488,1174,1352,1104,1168,1452,1404,1385,1482,1298,1027,1207,1035,1115,1172,1334,1398,1498,1269,1198,1267,994,1104,992,1383,977,1255,1314,1118,1393,1116,995,1339,993,993,1086,1073,997,991,1247,1171,1454,1005,1081,1234,1509,1268,1106,1510,1128,1064,965,1017,1473,1188,1388,1357,1512,1508,1249,1282,1530,1074,1086,1283,1237,1089,1070,1446,1019,1541,1520,1510,1136,1035,1097,1112,1374,1360,1050,1126,1447,1305,1499,1204,1167,1294,1007,1308,1024,1236,988,1400,1459,1412,1360,1524,1332,1185,1241,1004,1492,1195,1368,1287,1422,1025,1423,1370,1130,1502,1432,1139,970,1100,1495,1125,1497,1403,1134,1154,1310,1496,1443,1148,1138,1394,1179,1090,1310,1275,1059,973,1044,1499,1176,1476,1409,970,1370,1266,1405,1163,1373,1291,1467,1258,1269,1298,1319,1068,1033,1490,1076,1319,1014,1014,1423,1070,1350,1218,1479,1432,1474,1476,1128,980,1039,1039,1348,1283,1393,1442,1081,1458,1202,1471,1345,1094,1346,1112,1184,1074,1099,1111,1135,1082,1539,1215,1113,1414,1137,1049,1162,1474,1202,1397,1048,1495,1339,1384,1222,982,1415,1200,1050,1044
,1050,992,1265,1343,1085,986,1405,1267,1102,1488,1492,1506,1163,1346,1262,1486,998,1095,1038,1270,1371,1469,1423,1066,1003,1264,1316,1387,1216,1096,1388,1010,1154,1442,1080,1166,1120,1275,1174,1279,1515,1330,1516,1417,1183,1162,1056,1364,1213,1111,1014,1083,1411,1164,1223,1131,1083,1330,1492,1316,1176,1379,1358,1417,1243,1314,1247,1105,1088,1418,992,1485,1459,1287,1497,1147,974,985,1290,967,1423,1322,1499,979,1345,1466,1302,1085,1215,1051,1249,1165,1060,1525,1448,1214,1002,1052,1105,989,1400,1400,1349,1159,1030,1069,1068,1367,1455,1455,1133,1227,1116,1525,1372,1219,1095,1192,1396,1413,1004,1208,1273,1161,1073,1099,997,975,1310,1029,1039,1505,969,1400,1318,1470,1269,983,1179,1243,1367,1313,1076,999,1490,1000,1373,1089,1055,1172,1377,1417,1540,1495,1391,970,1021,1492,1492,1455,1349,1431,1164,1134,1043,1429,1225,1133,1161,1128,1366,1522,1272,1029,965,1471,1208,1403,1477,1420,973,1159,1357,1371,1340,1272,1175,1153,1428,977,1027,1069,1374,1046,1303,1226,1075,1464,989,1439,1113,1444,1143,1377,1518,1204,1398,1051,1081,978,989,1325,994,1118,1401,1345,1197,1052,1164,1275,1033,1418,1478,1372,1376,1529,1248,1323,1280,1363,1172,1318,1229,1291,1037,1147,1263,1389,1329,1029,1023,1396,1379,1380,1498,1137
,1290,1407,1407,1099,1418,1103,1233,1419,1179,994,1384,1160,1102,1069,1499,1285,1220,1248,1121,1443,1260,1162,1384,993,1085,969,1214,983,1290,1070,1337,1088,1071,1181,1402,1398,1278,1515,1250,1047,1526,1533,1254,1208,1266,1399,1194,1168,1484,1180,1223,1037,1413,1303,968,1062,1201,1115,1369,1207,996,1287,1498,1115,1091,986,1212,1050,1074,1408,1303,1094,1247,1463,1156,1517,1229,1112,1439,1268,1000,1375,1017,1412,1223,1389,1108,1076,1018,1280,979,1536,1248,1488,1054,1012,983,1531,1340,1407,1174,1103,1458,1408,1215,1380,1154,969,1050,1007,1101,1281,1042,1126,1474,1502,1257,1070,1219,1125,1033,1467,1301,1418,1538,1308,1133,1063,1141,1142,1157,973,1448,1537,1499,1492,1151,1295,1146,1421,1130,1083,1232,1006,1249,1402,1331,1245,1480,1009,1327,1048,1356,971,1103,1002,1175,1540,1056,1426,1379,1240,1189,1368,1134,1059,1341,1135,1274,1283,974,1151,1256,979,1522,1339,1510,1516,1325,1264,1414,1032,1532,1002,1388,1485,1510,1368,1353,1514,1533,1166,1079,991,1421,1333,1063,1004,1226,1410,997,1300,1001,1165,1183,1436,1400,1056,1200,1353,1332,1243,1092,1115,1441,1174,1340,1035,1460,1100,1154,1205,1354,1256,1139,1078,1410,1411,1066,1435,1140,1439,1021,1473,1334,1281,1363,1128,1535,965,1279,1524,1076,1197,1132,1078
,1108,972,1185,1486,1413,1267,1078,1087,1296,1006,985,1148,1225,1514,1463,1325,1200,1181,1385,1437,1389,1511,1424,1019,1248,1429,1358,983,1074,1260,1534,1511,1084,1182,1478,1056,1173,1113,1012,1324,1140,1318,1261,1417,1011,1344,1191,1050,1391,989,1094,1325,1160,1046,1350,1408,966,1373,1014,1294,1149,1411,1309,1536,1529,1063,1072,1344,1421,1358,1414,1231,1431,980,986,1458,1293,1349,1149,994,1101,979,1540,1162,1007,1065,1204,1481,1444,1109,1229,1175,1160,1347,1160,1363,1147,1362,1169,1443,1213,1030,1489,1191,1540,1150,1370,1250,1271,1036,1232,1011,970,1001,1069,1209,1109,1519,1128,1156,1347,1368,1259,1326,1226,1305,1312,1487,1072,1469,1420,1357,1163,1155,1492,1168,1535,1275,1304,1267,1167,1111,1446,1042,1173,1145,1444,1377,1038,1064,1419,1203,1210,1398,1406,1526,998,1084,1096,1348,1488,1314,1235,1481,1286,986,979,1015,1516,1255,1501,1233,1372,1482,1272,1123,1394,1536,979,1301,1299,997,1040,1139,1482,1240,1402,1482,1476,1415,1096,1014,1113,1456,1289,1507,1028,1069,1176,1002,1095,1187,1036,1274,1240,1204,1401,1150,1051,1000,1309,967,1466,1484,1241,1471,1282,1486,1380,1473,1364,1325,1092,1271,983,1004,1034,1472,1234,1120,992,985,1116,991,1432,974,1517,1145,1346,1240,1377,1408,1473,1089,1375,989
,1126,1326,1419,1277,1208,1033,1435,995,1160,1403,1527,1399,984,1332,1057,1156,1415,1453,1290,1251,1302,1080,1125,1233,1022,1195,1193,1076,1251,1465,1229,1269,1172,972,1159,1230,1390,1258,1324,1007,1527,1009,1282,974,1264,1414,1235,1346,1217,1449,977,1360,1434,1187,1343,1167,1345,1342,1406,1330,1026,1264,1359,1051,1350,1115,1132,1246,1180,1083,1022,1090,1245,1407,1484,1513,1467,1050,1203,1244,1133,972,1045,1438,1477,1092,1279,1381,1149,1125,1213,1482,1240,1277,975,1462,1205,1186,1063,1272,1340,1163,1329,1272,1176,1320,1241,1200,1333,1110,1501,1308,1286,1392,1304,1527,1128,1384,1340,1364,1030,1143,1188,1534,1206,1211,1134,1280,1231,1237,1527,1135,1384,1427,979,1374,1505,1266,1269,1421,1484,1280,1289,1386,1337,1457,1151,1429,1218,994,1162,1258,1181,992,1159,972,1164,1020,1142,1275,1530,1513,1235,1364,1426,1262,1114,1116,1211,1233,1085,1143,1328,1189,1187,1203,1117,1372,1337,1077,1343,1130,1147,1255,1337,985,1084,995,1252,1519,1225,984,1275,1190,1182,1119,1533,1293,1250,1368,1518,1212,1474,1470,1377,1003,1453,1173,1305,1166,1521,1108,1032,993,1079,1322,1225,1354,1538,1417,1532,1074,1317,1246,1321,1187,1273,1131,1365,1030,1380,1078,985,1008,996,1383,1521,1276,1055,1438,1530,1399,1429,1042,1159,1024
,1006,1293,1424,1297,1356,1056,1133,1234,1525,1141,994,1074,1043,1508,1368,1185,1528,1420,1474,1343,1028,1380,1429,1071,1228,1465,1015,995,1077,1090,1164,1190,1226,1035,1373,1115,1323,1038,1201,1542,1081,1486,1148,1468,1265,1025,1384,1071,1405,987,1300,1125,1320,1025,1103,1156,979,985,1130,1291,998,1143,1229,1015,1015,1122,1528,1209,1126,1062,1003,1182,1132,1308,1247,1300,1056,1261,1099,1512,1470,1237,1071,1232,995,1246,1045,1374,968,1252,1307,1433,1024,1232,1317,1205,1073,1151,984,1396,1258,983,1284,1245,1420,1380,1245,1022,1277,1432,1210,974,1121,1225,1090,1337,1069,996,1263,1040,1054,1010,1321,1181,993,1465,1085,1508,1459,1263,1010,1232,1223,1314,1240,1202,1079,1373,1209,1484,1427,1314,1096,1337,1016,1134,1337,1489,1402,1298,1402,1253,1409,1347,1246,1155,1154,1469,1238,1372,1478,1315,1054,1208,1412,1424,1393,1543,1120,987,1135,1009,1438,1065,1067,1150,1008,1543,965,1270,1133,1291,1478,1298,1313,1231,1188,1353,1137,1179,1505,1120,1291,1490,1399,1492,1196,1190,1368,1344,1470,1391,1093,1014,1284,1351,1241,1214,1434,1267,1096,1464,1404,1125,1464,1273,1431,1207,1414,1445,1074,1032,1528,1228,1268,1049,1334,1007,1360,1223,981,1193,1009,1408,1286,1541,1360,1065,1239,1526,1333,1011,1122,1201,1216,1180
,1458,1335,1059,1398,1258,1185,1216,1221,1509,1170,1267,998,1383,1206,1221,1354,1194,1371,1315,1518,1216,1425,1362,1381,1374,1090,1370,1497,1525,1403,1146,1122,1318,1180,1165,1197,1361,1204,1422,1069,1190,1292,1142,1082,1450,1008,1421,1211,1512,1144,1364,1278,1067,1450,1316,1533,1072,1012,1215,969,1080,1099,1530,1108,1125,1318,1194,1404,1154,1264,1498,1190,985,968,1168,1260,1148,972,1279,1426,1143,996,1047,1247,1140,1103,1163,1125,1053,1138,1116,1202,1252,1164,1348,1024,1438,1315,1294,1007,1365,1384,1382,1119,1253,1396,1287,1126,1215,1541,1193,1273,1271,1398,1290,1259,1311,1218,1130,1227,1152,1180,1355,1168,1167,1086,1302,1239,1233,1514,1186,1007,1149,1283,1207,1128,1002,1327,1528,986,1115,1427,1274,1061,1000,1192,1271,1337,1428,1419,1253,1123,1348,1393,1340,977,1123,1232,1482,1514,1475,1075,1211,1077,1234,1446,1495,1067,1074,1476,1008,1393,1394,1150,1208,1418,1067,1009,1364,1299,1204,1449,1124,1318,1132,1160,1263,1430,1247,1062,1149,1038,1320,971,1284,1456,1465,1362,1168,1284,1302,1320,995,1053,968,1311,1229,1454,1263,1500,1127,1303,1506,1404,1101,1040,1289,1530,1142,1046,1346,1435,1526,1475,1353,1291,1423,1348,1065,1075,1166,1445,1333,1146,1229,1132,1119,1437,1279,1098,1103,1013,1154,1302,1278,1237
,1353,1186,1328,1036,996,1292,1463,1183,1001,1340,1508,1294,1302,1514,1442,1256,1260,1299,1234,1225,1072,1152,1308,1218,1281,1202,1479,1166,986,1252,1022,1260,1391,1118,1359,1028,1338,1439,1032,1236,1278,1005,1299,980,1490,1141,1508,1266,1229,1447,977,1240,1039,1164,1504,1125,1223,1532,1482,1305,998,1323,1108,1175,1526,1093,1214,1467,1430,1295,1208,1159,997,1218,984,1276,1145,1089,1397,1081,1124,1537,1509,1089,1477,1287,1132,1124,1180,1017,1135,1281,1298,1090,1522,1424,984,1445,1469,1158,1424,1048,1132,1131,1409,1508,1130,1443,1169,978,1031,1026,1494,1317,1364,1499,1128,1273,1094,1243,970,991,1138,1242,1006,1027,1346,1361,1079,1407,1442,984,1424,1462,1533,1157,1151,1047,1336,1134,1317,1398,1543,1072,1176,1178,1114,1492,1021,1195,969,1012,1094,1021,1319,1113,1183,1417,1232,1225,1338,1238,1161,1257,1293,1420,1507,968,1327,1391,1505,1483,1083,965,1498,1223,1183,1163,1095,1018,1414,1365,1469,1061,1169,1033,1067,1369,1069,1381,1162,1343,1092,1103,1531,1383,1075,1208,1538,1269,1160,1436,1068,1052,1333,1406,1359,1129,1336,1520,1504,1202,1421,997,1419,1124,1038,1245,1009,1523,1218,1492,1159,1134,1063,1113,1312,1131,1526,1453,1017,1165,1246,1070,1290,1416,1051,1255,1387,1132,1206,1294,1197,1165,1102,1002
,1540,1249,1185,1013,1266,1376,1353,1505,1444,1326,983,1190,1035,1056,1398,1216,1489,977,1119,1020,969,1429,1383,1430,1030,1129,1426,1418,1002,1101,1420,1362,1061,1233,1274,1533,1479,1282,1476,1291,1303,1148,1268,1122,1514,1367,1089,1203,1527,1520,1366,1418,1277,1295,1399,1266,1169,995,1251,1045,1541,1194,1109,1234,1185,995,1532,1038,1354,1105,1250,977,1069,976,1032,1434,1389,1099,1277,1535,1183,1416,1274,1474,1275,1217,1070,1487,1162,981,1049,1450,1226,1184,1542,975,1353,987,1495,1534,1227,1205,978,1300,1177,1502,1147,1529,1031,1061,1138,1513,1141,1067,1511,1201,1224,1078,1182,1488,1424,1240,1400,1348,1500,1079,1078,1177,1509,1214,1280,1490,1122,1169,1096,1483,1508,1242,1001,1182,1236,993,1043,1083,1178,983,1442,1133,1303,1351,1316,1347,1383,1268,1505,1046,1348,1082,1084,1010,1207,1103,1375,1022,1184,1389,1179,1202,1147,1047,1439,1001,1460,1340,1044,1056,1420,971,1256,985,1027,1096,1470,1231,1515,1080,1397,1535,1123,1261,1070,1445,1231,1225,1513,1363,1135,1157,1108,1286,1026,1289,1188,1283,1231,1493,1449,1532,1497,1299,1458,1228,1070,1455,1468,1191,1475,1536,1508,1191,1286,1262,1463,1540,1459,1419,1310,1394,1176,1517,1282,1437,1482,1437,1158,1452,1213,1022,1447,1424,1336,1391,1076,1394,1497,1364
,1008,1218,1529,1147,1238,1442,1255,1245,1351,1240,1218,1413,1220,1106,1215,1415,1235,1434,1239,984,1379,1406,1132,1136,1022,1081,1404,1462,1446,1225,1210,1090,1184,1179,1388,1087,981,1386,1050,1082,1473,1107,1145,1209,1340,1493,1160,1062,1310,1252,1347,1151,1107,1207,1097,1107,1095,1044,969,1246,1425,994,1287,991,1017,1250,1009,1245,1085,1469,1295,1304,1217,1191,1249,1065,1027,1403,1293,1012,1278,1366,1268,1276,1226,1095,1095,1264,1389,1200,1271,1049,1335,1112,1541,1460,1186,1317,998,1029,1260,1208,1222,1186,1173,1008,1069,1327,1287,1344,1432,1200,983,1481,1030,1500,1252,1293,1214,1013,1259,1060,1536,1329,1143,1213,1019,1328,1422,1431,1455,1471,1231,1224,1444,1091,1400,1071,1244,1027,1523,1233,1123,1242,1352,1267,1054,1494,1473,1226,1208,1178,1103,1478,1342,1015,1103,1396,1004,1474,1340,1176,1188,1334,1098,1514,1378,1062,1183,1151,1211,1006,1330,1345,1471,1030,1399,1286,1459,1339,1376,1046,1506,1011,1224,1164,1514,1092,1135,1312,1091,1525,1241,1158,1455,1160,1064,1489,1129,1102,1157,1457,1085,994,1404,1251,1010,999,1508,1230,1119,1115,1415,1508,1022,1502,1249,1214,1057,971,981,1444,1134,1400,965,997,1167,996,1054,1108,1444,1228,1185,1165,1363,1019,1367,1127,1153,1255,1036,1202,1262,1236,1141,1197
,1337,1048,1442,1055,1169,1267,1358,1262,1464,1510,1281,983,1437,1462,1002,971,1420,1162,1358,1378,1503,1127,1193,1437,971,1335,993,1228,1525,1421,1197,1243,1150,1323,1468,1460,1248,1484,1163,1039,1417,1025,1123,1084,1477,1531,1216,1207,1060,1484,1298,1161,1310,1193,1027,1485,999,1150,1430,1319,1304,1274,1431,1359,1201,1350,1086,1214,1010,1037,1505,1443,1471,1231,1455,1410,1090,1271,1177,1228,1084,1062,1132,1412,1306,1250,977,1502,970,1465,1027,1525,1330,1448,1540,1034,1007,1351,1489,1128,1442,1499,1507,1398,1032,1385,1200,1493,1353,1305,1521,1342,1155,1310,1337,1289,1163,1446,1000,1151,1367,1493,1147,1000,1044,1529,1404,1277,1369,966,1251,1209,1252,1223,1403,1030,1023,1424,1212,1094,1377,1344,1388,1298,1378,1005,1356,1284,1283,1189,1527,1512,1526,1033,1066,1215,1415,1500,1344,1521,1461,1432,1105,1163,1138,1019,1248,1543,1389,1248,1047,1015,1464,1302,979,1457,1256,1160,1262,1207,1513,1379,1259,1322,1080,1050,1207,1472,1095,1171,1388,1439,1071,1428,1249,1226,1467,1237,1362,993,1243,1255,1322,969,1351,1046,1206,1252,1006,1187,1215,1400,1127,1225,1297,1113,1106,1151,1387,1151,1118,982,1060,1018,986,1305,1091,1149,1159,1321,1525,1018,1351,1219,1344,1059,1436,1398,1541,1153,1522,970,1390,1330,1266,992
,1363,1281,1134,1151,1510,1513,1315,1072,1113,1225,1254,1125,1521,1245,1324,1029,1004,1466,1155,1435,1321,1040,975,1307,1182,1306,989,1423,1004,1330,1256,1467,1474,1250,1092,1487,1153,1296,1423,1188,1058,1347,1086,1286,1343,1245,1533,1434,1332,1296,1404,1271,1373,1038,1530,1037,1083,1359,1496,1079,1173,994,1227,1177,1509,1293,1511,1285,1150,1529,1491,1108,1249,1055,1346,1502,1203,1255,1178,1506,972,1358,1280,1009,983,1444,973,1152,1325,1186,1093,1284,1098,1079,1336,1390,1528,1401,1406,1387,1346,1045,1246,1021,968,966,1090,1248,1108,1029,1457,975,1065,1401,1334,1192,1168,1155,1013,1061,998,1457,1147,1148,1212,1218,1199,1252,1070,965,1538,973,1325,1399,1526,1402,1458,1202,1099,1165,1338,988,1222,1130,1040,1016,1067,1499,1274,1420,1230,1426,1060,1256,1121,974,998,1212,1047,974,1214,1543,1212,1430,1063,1510,1046,1382,1390,1258,1047,1146,1212,1190,973,1477,1006,1485,1294,1170,1346,1094,1066,1223,1243,1440,1278,1156,1034,1529,1405,1112,1475,1412,1234,1378,1059,1075,1117,1406,1310,1294,1410,1160,1217,1322,1231,1214,1193,986,1147,1272,967,1081,1513,986,1129,1076,1343,1221,1045,1168,1461,1443,1349,1111,1045,1255,1503,1003,1321,1124,1449,1153,1473,1377,1408,1209,1539,1011,1542,1164,1439,982,1145,1489
,1182,1333,1122,1258,1275,1158,1474,1221,983,1337,1014,1541,1136,1511,1131,1011,1106,1028,1228,1246,1510,1283,1308,1059,1140,1200,1258,1286,1325,1384,1388,1300,1092,1307,993,1243,1378,1173,1250,1049,1299,1249,1048,992,1537,1005,1328,1269,1070,1498,1520,1272,1200,1214,1175,972,1539,1186,1196,1249,1143,1217,1432,1011,1476,1305,1116,1133,1507,1528,1220,991,1294,1225,1217,1279,1093,1326,1095,1045,1493,1350,1424,1117,1312,1352,1027,1452,1035,1001,976,1118,1387,1114,1328,1410,975,1159,1219,1343,1440,1534,1246,1016,1335,1437,1206,1190,1490,1020,1456,1004,1171,1097,1254,1504,1094,1472,1236,1489,1213,1371,1430,992,1480,1486,1434,1376,1152,1063,1382,1312,1065,1224,1304,1239,1169,1454,1109,1095,1282,1133,1455,1344,1146,1288,1329,1262,1355,1353,1169,1097,1013,1477,1069,1239,1144,1181,1067,1528,1262,1230,1009,1185,1479,1087,1276,997,1162,1082,1107,1399,1077,1383,1306,1487,985,1423,1198,1458,1140,1385,1349,1534,1049,1453,1335,1228,1140,1322,1001,1017,1355,1065,1429,1067,1141,1011,1115,1453,1171,1178,1066,1131,979,977,1078,1062,1518,1435,1191,1466,1020,1223,1178,1505,1521,1092,1302,1151,1061,1376,1342,982,1352,1501,1398,1336,1033,1213,1241,1418,1299,1032,1179,1366,1359,1409,1515,1136,1341,1315,1420,1187,1338,1181
,1133,1152,1355,1258,1107,1523,1017,1001,1181,1304,1158,1393,1125,1205,1428,1435,1275,1347,1359,1469,1292,1057,1317,1458,1047,1076,1097,980,1374,1498,1398,1466,1058,1352,1295,1362,1453,1355,1149,1269,1222,1469,1467,1426,1090,1524,1029,1230,1319,1325,1311,1469,1442,1201,1447,1473,1124,1418,1334,1136,1524,1533,1530,1382,1383,1203,978,1533,1004,1354,1380,985,1517,1223,1294,1041,1494,1540,1110,1057,1475,1075,1542,1339,1222,1485,1517,1527,1289,1388,1255,1074,1181,1528,1276,1284,1397,1351,1483,1129,997,1298,1455,1445,1370,1066,1007,1391,1516,1125,1461,1443,1262,1519,1515,1191,1490,1469,1507,1329,1388,1065,1115,1411,1077,1020,1375,972,1265,978,1151,1403,1525,1484,1297,1102,1520,1124,1442,993,1134,1321,1439,1309,1461,1490,1092,1151,1391,1273,1146,1218,1259,1120,1432,1443,1454,1441,1256,1497,1391,1493,977,1079,1418,1254,1480,1312,981,1273,1153,1099,1306,1459,1171,1519,1423,1071,974,1503,1133,1379,1012,1100,1250,1170,1313,1254,1351,1160,1197,1286,968,1166,1354,1370,1281,1195,1275,1210,1347,998,1183,1421,991,1220,997,1498,1046,1282,1487,1313,1265,1033,1083,1067,1532,1475,984,1011,1397,1274,1019,1440,1496,1365,1439,1297,1186,1491,1127,1533,1460,1540,1294,1062,1133,1150,1417,1082,999,1160,1170,1345,1210,1078
,1455,1197,1227,1339,1181,1507,1525,1522,1344,989,1275,1421,1229,1135,1228,1514,1385,1106,1043,1312,1308,1139,1212,1404,1227,1452,1502,1541,1130,1027,1516,1148,1012,1490,1013,1118,1291,1444,1485,1265,1182,1165,1221,1491,1520,1499,967,1230,1103,1422,988,1128,1088,1002,1281,992,1061,968,1406,1403,1158,1385,1382,1172,1369,1525,1326,1078,1074,1247,1011,1261,1406,1066,1090,1144,1080,1007,1039,1167,1345,1090,1392,1363,1305,1309,972,1245,1228,1281,982,1225,1471,1388,1534,1156,1055,1457,1145,1460,1191,1397,1229,1112,1277,1459,1397,1248,1525,1126,975,1385,1433,1063,1355,1331,1460,1296,1142,1090,1517,1257,1429,1184,1522,1495,1531,1029,1157,1367,1220,1290,1423,1500,1309,1112,1409,1534,1184,981,1097,1370,1325,1003,1362,973,994,1318,1051,1326,1520,1510,1415,998,1110,1314,1457,1052,1341,1335,1471,1136,1469,1043,1154,1406,1478,1223,993,1307,1052,1435,1344,1508,1363,1430,1335,1265,990,1269,1294,1505,1514,1533,1395,1344,1222,1304,1432,1189,1438,1242,1517,1496,1298,1078,1456,1254,1049,1247,1463,1383,1501,1027,984,986,1409,1343,976,1103,1089,1285,1135,1190,1329,1285,1035,1347,1423,1491,1452,1516,1392,1287,1368,971,1403,1072,1251,1239,1195,1392,1472,1216,1437,1023,1198,1262,1351,1276,1424,1329,1398,1523,1080,1253
,1162,1079,1341,1379,1302,1382,1473,1138,1266,1322,1123,992,1194,1361,1336,1239,1147,1139,1215,1190,987,1006,1244,1374,973,1482,1321,1008,1432,1367,1325,1007,1140,1532,1522,1256,1049,1452,1363,1373,1107,1215,1329,1126,1528,1123,1272,1322,1448,1391,1181,1344,1032,1202,1059,1126,1346,1082,1065,1522,1060,1404,1189,1228,1382,1101,1275,1402,1247,1533,1418,1162,1018,1476,1315,1523,1287,1521,1414,1314,1256,993,1335,1103,1434,1414,1312,1385,1334,1177,1018,1267,1013,1193,1496,1316,1042,1535,1201,1252,1219,1511,1131,1158,1495,1173,1200,1024,1035,1360,1104,1249,1279,1198,1321,1438,1164,1318,1182,1397,975,1054,966,1473,1070,1010,1123,1434,1051,1472,1403,1510,1286,1294,1325,1096,1145,1292,1031,1180,1138,1214,1535,1005,1470,1350,1529,1492,1292,1412,1383,1030,1166,1408,1328,1475,1329,1229,1313,1253,1320,971,1004,1092,1536,1253,1184,1109,1316,1019,1072,1180,1274,1334,1199,1260,1471,1172,1421,1109,1046,1143,1035,968,1329,983,1218,1531,1001,995,1002,1332,1076,1324,1149,1118,1331,1361,1168,1133,1109,1096,1085,1538,984,1450,1323,1105,1530,1184,1018,1540,1153,1309,1455,1012,1323,1374,1427,1240,1169,1219,1534,967,1002,1322,1278,1312,1250,1332,1154,1499,1300,1274,1098,1320,1165,1225,1423,1273,1374,1325,1170,1189,1165,999
,1251,1083,1426,985,1296,1439,1202,1218,1146,1137,1338,1100,1071,1177,1044,1042,1265,1467,1406,1375,1499,1082,1108,1363,1500,1532,1053,1028,1057,1376,1356,1285,1276,1507,1156,1241,1414,1293,1517,972,1061,1337,1352,1303,1319,990,1385,1275,1124,1223,1326,1086,1138,1246,1236,1340,1218,1252,1525,1281,1094,1241,1106,1127,1306,981,1462,1286,1087,968,1311,1183,1030,1382,1503,997,1442,1087,1353,1494,984,1040,1007,1023,1296,1416,1145,1012,1143,1248,1227,1430,1065,1291,1221,1130,1489,1382,999,1135,1002,1413,1276,1197,1287,1463,1470,996,1361,1214,1335,1108,1107,1139,1171,1521,1204,1092,1094,1171,1001,1464,1274,1539,1175,1317,1512,1038,1532,1342,1475,1465,990,1283,984,977,1341,1389,1415,1294,1069,1417,1468,1188,1204,1168,1142,1024,989,1293,1475,1410,1111,1301,1436,1240,1153,1023,1068,1116,1075,1143,1403,990,1087,1424,1083,1479,1067,1199,1156,1254,1511,1325,1210,1209,989,1398,1115,1337,1483,1374,1410,1432,1458,1092,1351,1209,1047,1354,1367,1417,1292,1070,1356,1234,1516,1194,1444,1098,1165,1349,1350,1081,1487,1058,1052,1140,1258,1493,1417,969,1102,1302,1511,1160,1043,1102,1175,1529,1333,1509,1077,1540,1189,1326,1375,1141,1440,1072,1316,1155,1035,1069,984,1189,1093,1442,1155,1245,1534,1506,1351,1320,1455,1454
,1089,1315,1450,1453,1445,1460,1529,1082,1504,1102,1317,1202,1357,1068,1053,1080,1527,1113,1364,1229,1418,1036,1071,988,1297,1424,1446,1348,1335,1538,1053,1116,1318,1277,1477,1269,1087,1034,980,1340,1154,1231,1295,1088,1169,1101,1333,1336,1444,1416,1386,1092,1274,1357,1486,1280,1063,973,1472,1357,1223,1106,1347,1398,1349,1243,1358,1081,1255,1200,1399,1023,1284,1348,1180,1074,1129,1520,1167,1029,1328,1021,998,1426,1130,1406,985,1209,983,1515,1467,1002,987,1486,1493,1362,1271,1156,981,1426,1220,981,1038,1430,1357,1335,1329,995,1346,1257,1139,1235,1328,1012,1407,1339,1421,1451,1115,1140,1354,1025,1072,1511,1481,1394,1120,1175,1015,1360,1280,1416,1287,1255,1057,1352,1105,1077,1311,1213,1384,1314,1400,1223,1456,1396,1003,1392,1088,1118,1353,1492,1472,1473,1388,1045,1400,1043,1318,1382,1024,1384,1197,1261,1348,1309,1315,1449,1518,1292,988,1016,1099,1165,1058,1317,1254,1368,1128,1322,1409,1017,994,1135,1209,1415,977,1303,1239,1061,1314,1375,1498,1021,1281,1182,1029,1106,1089,1495,1508,1422,1333,1390,1095,1125,977,1110,1272,965,1446,1114,1430,1394,1530,1090,1474,1302,1326,1130,1416,1329,1359,1082,1531,1387,1480,1392,1051,1338,1091,1156,1515,1227,1318,1465,1034,1093,1505,1426,1024,1355,1140,1541,1201,1318
,1396,1172,1400,978,989,1020,1163,1068,1056,1352,1171,1162,1306,1023,1234,1340,1530,1450,1400,1104,1063,1520,1166,1395,1205,1072,1370,1158,1130,1523,1339,1243,1301,1175,1123,1142,1389,1088,1496,1387,1198,987,1374,1211,1217,1159,996,1072,1153,1456,1073,1315,1167,969,1273,1175,1077,1405,1022,1428,1509,1167,1439,1300,1361,1379,1257,1250,1452,980,1036,1140,1327,1332,1183,1439,1201,1344,1008,1008,1386,971,1160,1265,1084,1155,1032,1340,1439,1412,1248,1073,1212,1527,1387,1182,1137,1120,1307,1494,1187,1199,1146,1189,1441,1302,1141,1264,1128,1047,1321,1020,1014,1375,1305,1360,1035,1505,1037,1168,1482,1363,1037,1041,1341,1052,1070,1194,1424,999,1083,1461,1133,1469,1312,1282,1535,1118,972,1259,1500,1169,1244,1161,1235,1492,1383,1508,1084,1155,1050,1410,1238,1273,1519,1261,1424,1375,1369,1362,1122,1406,1516,1427,1030,1014,1161,1324,1387,1410,1457,1184,1004,1520,1197,1462,1051,1520,1099,1523,1052,1173,1511,1478,1426,1506,1013,1300,1000,1373,1425,1461,1141,1451,1270,1478,1494,1313,1133,1416,1118,1179,1501,1426,1465,1198,1195,1296,1091,1384,1271,1182,1341,1037,1361,1218,1471,1102,1388,1108,1086,1324,1310,1157,1357,1243,1092,1362,1277,1495,1234,1129,1304,1144,1366,1207,1130,1357,1326,966,1521,1538,1120,1455,1170,1271
,1183,1154,1076,984,1508,1376,966,1182,1217,1190,1458,1072,1003,1046,1516,1365,1145,1537,1509,1286,1299,1187,1156,1388,1207,1469,1106,1213,1167,1370,1221,1248,1063,1399,1004,1221,1079,1429,1096,1115,1486,1253,1314,1167,1263,1505,1429,1101,997,1297,1362,1292,1476,1309,1330,1363,1362,1198,1299,1275,1042,1231,1235,1055,1030,1219,1241,1151,1455,1382,1060,1065,1174,1493,1107,1443,1056,1464,1230,1085,1321,1227,1391,1531,1538,978,1235,1527,1185,1424,1378,982,1262,1352,1504,1116,1065,1050,1121,1311,1533,1120,1311,1160,1004,1290,1471,1183,1363,1290,1256,1542,1386,1093,1096,1015,1126,1368,1211,1219,1331,1071,1051,976,1048,1070,1048,1202,1236,1381,1520,1312,1373,1222,1115,1483,1276,1522,999,1193,1076,1106,1444,1357,1011,1303,1256,1078,1065,1182,1050,1325,1201,1499,1048,1364,1001,1379,1443,1248,1470,1115,1273,1518,1432,1513,1431,1405,1070,1035,1483,986,979,1349,1193,1125,1260,1534,1161,997,1476,1094,1215,1062,1146,1364,1203,1353,1188,984,989,1354,1442,1273,1384,1157,1418,1271,1435,1019,1309,1066,1366,1183,1007,1511,1467,1169,1121,1051,1524,1452,1239,1109,1485,1282,1511,1357,1295,1005,1096,1334,1508,1273,1305,1404,1289,1452,1020,1368,1491,1050,1146,1187,983,971,1459,978,1305,1281,1240,1415,1333,1541,1295,1197
,1069,1227,1223,1149,1219,1515,1330,1049,1455,1343,1029,1312,1515,1107,1108,1439,1423,1157,1066,1517,1158,1417,1064,1096,1408,1046,1278,1398,1079,1479,1315,1071,1193,1123,1104,1398,1463,1231,1120,1115,1447,1136,1271,1227,1071,1536,1219,965,1042,1396,1512,1361,1255,1299,1478,1360,1087,1166,1394,1312,1531,1249,1249,1153,1427,1094,1443,1216,1085,1358,1486,1238,1069,1541,1388,1188,1201,1388,1508,1305,1068,1008,1125,1403,990,1244,1174,1025,1124,1422,1223,1060,1432,1094,1151,1281,1179,1024,1225,1233,1023,1103,1025,1381,1116,1362,973,1480,1059,1207,1201,1249,1479,1053,1131,1500,1314,1415,1027,1205,976,978,1188,1442,1147,1186,1145,1124,1042,1010,990,1440,1185,1374,1436,1173,1222,1273,1480,1340,1366,1245,1090,1236,1010,1543,1065,1542,1032,1161,1019,1262,1537,1284,1494,1387,1366,1204,982,1503,1058,1050,1202,1203,1348,1219,1097,1256,1477,1398,1210,1448,1165,1524,1263,1504,991,1494,984,1341,1000,1143,1225,1026,969,1071,1503,1502,983,968,1353,1420,1302,1163,1438,1323,1238,1339,1450,1331,1531,1418,1384,1150,1182,1258,1285,1161,1500,1451,1376,1152,1309,1267,1188,1240,1014,1490,1032,1014,1304,1213,1309,1341,1397,1007,1005,1190,1181,1339,1405,1320,967,1146,1242,1063,1325,1272,1540,1377,1195,1017,1027,1133,1337,1330
,1486,1387,1387,1000,1538,1007,1405,1370,1151,1399,1471,1358,996,1253,1057,1324,1529,1121,1376,1252,1032,1338,1496,1378,1354,1045,1183,1127,1225,1459,1193,1480,1067,1334,1361,1285,968,1508,1184,1420,1109,1177,1065,1195,1173,1157,1457,1382,1116,1092,983,1318,1495,1226,1052,1187,1205,1131,1216,969,1169,1331,1416,1061,1522,1185,1414,1486,1251,1400,1351,1406,1042,1437,1274,1211,1533,985,1054,1480,1202,1228,1507,1176,1249,1060,1286,1291,1063,1036,1148,1390,1287,1010,1183,1108,1541,1091,1389,1024,1105,1144,1381,1067,1429,1090,1379,1399,1060,1306,1523,1291,1032,1402,1261,966,1515,1020,1354,1360,1286,1436,1276,1414,1159,1224,1424,1193,986,1330,1521,1320,1223,1402,1164,984,1172,1441,1040,1245,984,969,1190,1379,1071,1449,1382,1524,1447,1480,1007,1414,1457,1206,1010,1037,1179,1007,1295,1345,1048,971,1168,1358,1142,1284,1177,1146,1400,1444,1101,998,1221,1462,1285,1176,1029,1474,1485,1007,1015,1208,1274,1268,1468,1536,1088,1538,1055,1466,966,1496,1351,1177,1205,1273,1142,1528,1085,1422,1158,1289,1503,1421,1473,1365,1312,1369,1052,1323,979,1103,1183,1018,1131,1293,1295,1196,1259,1201,1194,1217,1482,1065,1410,1308,1408,1001,1039,965,1381,1447,1408,1193,1000,1259,1045,1111,1172,1355,1482,1353,1397,1060,1208,1200
,1105,1414,1464,981,1186,1221,1448,1108,1398,1151,1105,1418,1249,1463,1331,1057,1175,1041,1158,1487,1435,1154,1018,1483,1060,1250,1425,1267,1284,1250,1426,1023,1141,1453,1315,1524,1305,1495,1334,1087,1047,1059,1101,1114,1166,1336,1478,1274,1191,1367,1245,1215,1298,1003,1075,1364,1420,1104,1145,1486,1405,1364,1137,1315,1414,967,1376,1207,1375,1426,1097,1279,1180,1186,1281,1014,1026,1508,1144,1065,1474,1389,1273,1393,1099,1049,1308,1506,1278,1541,1382,1166,1048,988,1114,1013,995,1409,1071,1458,1226,1150,1508,1394,1169,1055,1195,1496,1162,1117,1454,1485,1109,997,1495,1107,1092,1339,1148,1092,1069,1112,1284,1209,1001,1539,1513,1500,1242,1137,1221,1236,1051,1327,1163,1003,1447,1114,1518,1437,1412,1255,1193,1175,1179,1270,1158,1183,967,1515,1437,1301,1018,1468,974,1280,1325,1332,1023,1164,1461,1305,1463,1006,1420,1177,1150,1436,1357,1464,1489,1435,1393,1005,1049,1031,1393,1010,1436,1443,1253,1037,1497,1454,1533,977,1462,1087,1098,1537,1049,1520,1297,1243,1206,1072,972,1014,1128,1515,1230,1022,1527,1527,1213,976,1465,1472,1119,1439,1441,977,1351,1382,1518,1250,1402,1017,1404,1538,1420,1514,1203,1103,1176,1459,1483,1511,1239,1164,1264,1013,1486,974,1455,1180,1180,1064,1019,1505,1199,1272,1505,1308,1391,1240
,1192,1532,1273,1119,1305,1489,1256,1219,1061,1183,1236,1297,1166,1350,1055,1359,1041,1085,1343,1110,1071,1171,1397,1169,1221,1456,1252,1111,1433,1265,1431,1522,1415,1027,1358,1047,1468,1430,1455,1296,1337,1071,1328,1426,1527,1401,1530,1058,1037,991,1017,1256,1050,1389,1144,1284,1435,1080,1237,1344,1183,1426,1089,979,1401,1416,1015,1185,1359,1237,1243,1158,967,1349,1324,1305,1009,1182,1512,1503,1477,1029,1348,1010,1455,1093,1168,1045,1370,1247,1075,1109,1065,1081,974,1123,1288,1285,1422,1147,1473,1029,1523,1181,1293,1218,1497,1416,1329,1067,1156,1523,1153,1103,1293,1503,1299,1530,1023,1194,1313,1226,1146,1013,1418,1300,1239,1253,1341,1175,1003,1270,1209,1290,1467,1055,1451,1207,1511,1398,1074,1097,1174,1466,1385,1383,1376,1388,1273,1190,1173,1301,1388,1198,1078,1196,1057,1088,1090,1287,1370,1401,1059,1395,1461,1310,1257,1223,1297,1363,1338,1367,1116,1503,1275,1036,1114,997,1297,1372,1362,1353,1214,1283,981,1190,1351,1034,1117,1453,1366,1374,1482,1491,1146,1415,999,1490,1414,1195,1183,1353,1301,1463,1053,1323,1114,1093,1412,1183,1201,1400,1315,1430,993,1118,1423,1149,1331,1007,1089,1308,1531,1094,1140,1214,980,1431,1333,1506,1162,1244,1477,1504,1388,1033,1427,1169,1327,1416,1499,972,977,1316,1510,1159
,1369,1358,1166,1461,1266,1234,1417,1157,1176,1221,1113,1434,1340,978,1046,971,1352,1148,1381,1272,1279,1139,1450,1505,999,1280,1048,1154,1360,1490,1228,1495,1034,1019,1281,1185,1477,1236,1441,1427,1409,1341,1385,1356,1283,1329,1164,1026,978,1432,1098,1050,1083,1266,1372,1286,1469,1428,1528,1415,1121,1417,1055,995,1039,1024,1305,1395,1259,1124,1100,1188,1227,1069,1267,1248,1036,1496,1398,1058,1082,1273,1068,1153,996,1336,1449,1436,1052,1075,1196,1266,1377,1047,1150,1472,1514,1143,1244,1066,1304,1376,1113,1366,1108,1385,1271,1435,1491,1022,1362,1024,1533,1049,1122,1323,1122,1140,1046,1005,1343,1033,1252,1328,1506,974,1349,1502,1189,1025,972,1286,1429,1002,1410,1048,1089,1094,1106,1485,1037,1382,1257,1500,1346,1013,1240,1045,999,1048,1291,1437,999,1466,1137,1043,1424,1307,1532,1435,1513,1412,1082,968,972,1032,1348,1082,1173,1009,1374,1314,1019,1088,1010,1225,1484,1316,1160,1244,1033,1538,1144,1099,1354,1133,1007,1390,1040,1147,1278,1229,1295,1260,1421,1221,1076,1305,1486,1318,1373,1369,1249,1157,1458,1457,1196,1526,1173,1096,1535,1384,1040,1431,1265,1184,1209,1395,1496,1153,1001,1359,1181,1507,1376,1526,1106,1469,1177,1143,1448,1483,1443,1273,1083,1355,1266,1253,1001,1523,1410,1284,1424,1150,1063,1437
,1363,1208,1013,1375,1309,981,1317,1042,1052,1159,978,1054,1466,1231,1538,1339,1037,1514,990,1229,1089,1483,1146,1083,1044,1340,1332,1149,1222,1428,1263,1205,1336,1322,1159,1363,1394,1306,1481,1371,1378,1354,1125,1191,1437,978,1152,1059,1404,1223,1001,1214,1504,1345,1385,1387,1165,1244,1096,1144,1512,1059,1427,1390,1160,994,1341,1291,1169,1254,1204,1178,1092,1474,1401,1444,1436,1187,1178,1053,1070,1064,1446,1021,1145,1398,983,1410,1505,976,1448,1390,1130,1218,1241,978,1462,1162,1316,1401,1348,1037,1004,1477,1380,1404,1278,1197,1172,1416,1085,1204,1016,1379,1159,1345,1242,1302,1269,1438,1150,1416,1443,1480,1504,1144,1298,1438,969,989,988,1073,1119,1432,1328,1344,1494,1016,997,1054,1527,1224,1357,1532,1117,1150,1083,1313,1524,1256,1073,1142,1413,1161,1468,1051,1415,1232,988,1399,1454,1162,1020,1444,1077,1234,1160,1216,1361,1329,1512,1001,1214,1398,1351,1103,1310,1493,1486,1433,1139,982,1361,1201,1072,1543,1171,976,1199,1133,1048,1365,1325,987,1365,1015,1020,1040,1404,1000,1266,1272,1052,981,1472,1027,1226,1046,1188,1427,1390,1469,1407,1334,1107,1347,1538,1085,1228,1321,1421,1353,1343,1212,1042,1431,1492,1536,1527,1389,1070,1405,1216,1254,1519,1262,1186,1461,1416,1040,1366,1514,1051,1439,1097,1044
,1060,1460,1366,1139,1033,1392,1307,1110,1260,985,1032,1189,1185,1348,1239,1053,968,1339,1492,1305,1411,989,1275,1181,1087,1265,1327,1426,1473,1449,1281,1518,1281,1521,1124,1531,1021,1190,1392,1273,1539,1220,1110,1351,1308,1114,1403,1230,1492,1362,1450,1000,1069,1290,1307,1536,1338,1151,1191,1258,1028,1190,1497,1412,1310,1492,1111,1165,1353,1135,995,1470,1239,1212,1054,1367,1487,1504,1038,1171,1002,1354,1139,1499,1106,1336,1399,1076,1071,1369,1141,1511,1029,1426,1251,1095,1263,1060,1534,1386,1220,1432,1416,1013,1525,1232,1360,1067,1213,980,1542,1138,1202,1202,1191,1385,1218,1319,1156,1191,1155,1167,1234,1402,1086,1227,975,1263,1098,1500,1428,1442,1310,1536,1126,1511,1279,1371,1275,1084,1396,1413,1542,1098,1286,1273,1405,976,1022,1203,1200,1447,1059,1488,1387,1161,1443,1470,1015,1268,1266,1247,1069,1266,1116,1321,1308,1002,1401,1499,1228,1250,1513,1045,1404,1225,1486,1476,1302,1283,1127,1251,1327,1415,1168,1148,1315,1261,1052,1078,1207,1114,971,1161,972,1422,1169,1416,1008,1222,1154,1301,1330,1130,1247,1504,1474,1216,1071,1470,1479,1088,1209,1376,1321,1098,1378,1196,1064,1146,1008,1052,1374,1355,1436,1151,1450,1170,1459,1282,1227,1131,1308,1310,1156,995,1193,968,1393,1341,1475,1497,1203,1095,1194,1140
,1497,1499,996,1190,1254,1370,1262,1025,976,1385,1115,997,1000,1166,1461,1337,1215,1520,1329,1145,1002,1386,1486,1147,1479,1025,1255,967,1000,1141,1299,1030,1376,1148,1357,1361,1278,1095,1418,1010,1479,996,1109,1336,1267,1053,1418,1065,1320,999,1492,1177,1291,1131,1215,1442,1256,1404,1329,1432,1072,1031,1158,1532,1047,980,1168,1488,1057,1103,1511,1538,1367,1088,1491,1007,997,1377,1033,1190,1269,1361,1267,995,1020,1030,1087,1516,1396,1313,1511,1406,1286,1189,1168,1247,1155,1163,1327,1508,1373,1520,1128,1197,1225,1451,1114,1226,1273,1310,1478,1114,1277,1372,1467,1150,1198,1498,1516,1009,1207,1465,1130,1011,999,1354,1418,1324,1352,1535,1391,1064,1075,1044,1133,1483,1219,1167,1168,1300,1302,1030,1003,1367,1297,1350,1325,994,1451,1267,1366,1061,1328,1131,1191,1529,988,1537,1302,1286,997,1057,1073,1141,1050,1055,1473,1075,1410,1102,1232,1491,995,1299,1514,1261,1355,1233,1226,1094,1511,1467,1439,1077,1435,1198,1471,983,1248,999,993,981,1291,1497,1373,1130,1419,1107,1097,1538,1184,1232,1336,1225,1135,1194,1059,981,1122,1056,1045,1374,1405,985,1312,1169,1165,1217,1380,991,1099,1480,1307,1269,1243,1009,1320,990,989,1301,1200,1482,1128,1084,1180,1157,1061,1481,1218,1268,1485,1359,1384,1047,1095,1355
,1003,1235,1466,1240,1397,1368,985,1502,1161,1121,1461,1358,1264,994,1327,1189,1181,1434,1300,1281,1044,1457,975,1340,1388,1444,1475,1172,1236,1496,1107,1221,1090,1365,1174,1300,1413,1495,1027,1425,1495,1374,1099,1330,1168,1350,1275,1183,1125,1421,1266,1194,1329,1407,1372,1124,1140,1055,1279,997,1237,1126,1408,1266,1231,1084,1301,1297,1542,1449,1543,1295,1257,1296,1441,1514,1279,1407,1375,1466,1485,1322,1150,1362,1232,1508,1521,1242,1286,1478,1534,1408,979,1372,1410,1537,1493,1425,1169,1530,1252,968,1039,1406,1216,1325,1296,1362,1317,1283,1114,1510,1109,1189,995,1335,1067,1353,1302,1242,1492,1353,1368,1261,1127,1262,1511,1324,1215,1008,1354,1220,1471,987,1337,1104,1215,1482,1470,1319,1026,1522,1521,1531,1020,1404,1229,1490,1358,1386,1494,1123,1382,1149,1192,1458,1342,1170,1251,1410,1100,1266,1141,1494,1171,1269,1018,1108,1451,1218,1289,1107,1487,1505,993,1532,1441,1265,1411,1482,1141,1022,1092,1304,1479,1113,1527,1068,1179,1219,1237,1022,1223,1365,1042,1256,1367,1475,1485,1387,1492,1366,983,1504,1228,1480,1349,1220,1242,1430,1270,1134,1186,1069,1108,1033,1432,1288,1522,1402,1212,1240,1303,1401,1064,1325,1505,1108,1196,1527,1178,1384,1283,1444,1277,1359,1238,1520,1533,1071,1505,1450,1334,1066,1211,1267
,1124,1102,1524,1251,1246,1296,1383,1212,1395,1443,1327,1288,1209,1017,1302,1523,1236,1206,1381,1463,1376,1330,1270,1214,965,972,1538,1271,1041,1431,1505,1158,1269,1024,966,1467,1035,996,1170,1329,1505,1192,1310,1095,1021,1443,1123,1377,1316,1500,1128,1242,1475,1383,1419,1529,1444,1094,1136,1183,1052,1471,1181,1521,1404,1281,1110,1217,1208,1363,1407,1400,1258,1158,1098,1215,1523,1170,1421,1145,1201,1274,1164,1027,1448,1499,1210,1076,992,1332,1525,1132,1480,1119,1301,1234,986,1415,1023,1196,990,1275,992,1260,1367,1397,1144,1010,1091,1156,1318,1069,1420,1489,1033,987,1493,1025,1297,1379,1142,1535,981,1464,1061,1290,1441,1201,1114,998,1257,1442,1180,1304,1293,1261,968,1121,1371,1093,1194,974,1161,1013,1331,1372,1069,1274,1080,1368,1426,1075,1431,1529,1133,1113,1432,1473,1262,1308,1307,1427,1103,1432,1270,1346,1382,1474,1494,1336,1529,1354,1366,1229,1334,1511,1201,1130,1511,1321,1493,1255,1513,1129,1526,1494,1539,1369,1155,1014,1460,1463,1012,1032,1403,1156,1119,1520,1078,1257,1537,1444,1435,1037,1108,1420,1150,1198,1420,1452,1111,1028,1377,1509,991,1010,998,1307,1083,1253,1534,1264,971,1501,1501,1239,1273,1424,1302,1128,1110,1351,1487,1410,1440,1039,998,1118,1426,1442,979,1484,1232,1174,1292,1024
,1403,1423,1231,1028,1372,1465,1524,982,1208,1535,1218,1396,983,1124,1416,1149,991,1443,1025,1495,1256,1541,1025,1191,1185,1008,1354,1449,1443,1352,1392,1487,1168,1182,1145,1353,1197,1372,1431,1123,1516,1481,1247,1527,1399,1033,1279,1182,1059,1089,1107,1384,1291,1321,1386,1489,1036,1120,1502,1439,1365,1249,1433,1427,1347,1236,998,1069,1252,1012,1009,1160,1346,1401,1019,1032,1041,1121,1487,1407,1408,1070,1313,1104,1174,1176,1455,1010,1488,1315,1213,986,1030,1225,1336,1009,1281,1235,1488,1320,1473,1127,1080,1120,1420,1322,1004,1469,1096,1500,1310,1161,1301,1146,1279,1290,1259,1033,1019,1023,1437,1359,1499,1112,1284,998,1160,1507,1001,1143,1520,1252,1166,1502,1270,1203,1494,1298,1260,1274,1391,1479,1353,1071,1104,1063,1186,1181,1409,1015,1091,1155,1355,1395,1333,1234,1230,1317,1502,1461,1078,1100,1100,1225,984,1129,1525,1405,1456,1313,1534,1265,1004,1226,1413,1521,1014,1173,995,1084,1170,1253,1364,1070,1360,1380,1055,1050,1490,1236,1104,1312,1195,1026,1461,1456,1195,1171,1243,1435,1266,1194,1486,1400,1048,1390,1170,1319,1413,1263,1224,992,1289,1179,1526,980,1250,1365,1417,1273,1455,1157,1369,1015,1278,1397,1454,1397,1408,1263,1481,1455,1412,999,1207,1541,1360,1141,1396,972,1531,1020,1342,1273,1024,1187
,1338,1015,1541,1346,1430,1194,1376,1030,1413,1503,1307,1335,1316,1515,1282,1146,1268,1364,1499,1474,1518,1097,969,975,1274,1238,979,1401,1029,1314,986,1042,1101,1426,1310,1030,1049,1383,1013,1343,1251,1464,1443,1197,1367,1412,1043,1207,1291,1060,1010,1102,1327,1109,1205,1437,1028,967,1430,975,1483,972,1039,1430,1312,1518,972,1304,1027,1196,1395,975,1488,1276,1069,1425,1527,1523,1286,1502,1258,1025,1371,1079,1176,997,1146,1512,1201,1134,1512,1149,1239,1010,1140,1410,1273,1188,1389,1026,1477,1512,1538,1537,1430,1167,970,970,1197,1216,1131,1532,1189,1164,1460,1485,996,1123,1007,1249,1340,1464,1197,1302,1027,1251,1395,1053,1410,1448,1114,1504,982,1443,994,981,1272,1349,1030,1534,1270,1509,1060,1500,1418,1380,1040,1010,1490,1128,1230,1423,1455,1033,1505,1525,1531,1356,1383,1190,1478,1346,1307,977,1535,1084,1065,1372,1302,1394,1024,1373,1097,1109,1162,1007,1240,1216,1305,1128,1507,1530,1103,1361,1369,1523,1317,1442,1446,1406,1261,1009,1393,1383,1218,1298,1370,1312,1342,1471,1395,1311,1388,1543,1212,1512,1320,1143,1109,1533,1150,1468,1284,1236,1045,1329,973,1485,1343,1351,1051,1098,1284,1030,1033,1513,1540,1186,1031,1530,1241,1466,1119,1501,1541,1015,1133,1100,1420,1279,1518,987,1407,1480,1522,1277
,1102,995,1403,973,1357,1216,1371,1292,1161,991,1499,1205,1312,1136,1227,1322,1204,1311,1538,1157,1087,1508,1213,1012,1289,1390,1369,1325,1432,1257,1485,1027,1362,1174,1406,1138,1110,1446,1326,1159,980,1094,1470,1125,1380,1266,1237,995,1411,1416,1211,1179,1286,1477,1235,1447,1278,1437,1371,1206,1419,1051,1329,1433,1101,1491,1441,1286,1064,1250,1203,1478,1465,1115,1351,1235,1531,1051,1399,1104,1413,1050,1237,1199,1017,1540,992,1213,1352,1054,996,1035,1507,1436,996,1254,1381,1126,996,1224,1466,1046,1230,1361,1272,1381,1099,1236,1140,1102,1334,1010,1381,1491,988,1104,985,1242,1274,1241,1154,1145,1045,1079,1297,1390,1386,1264,1016,1376,1467,1286,1458,1317,1475,1119,1040,1086,1124,1193,1537,1259,1034,972,1533,1096,1537,1255,1308,1143,1052,1065,1398,1145,1227,1150,1398,1302,1128,1353,1449,1256,994,1448,974,1476,1324,1084,1395,1374,1091,1231,1075,1385,1296,1133,991,1103,1415,973,1201,1156,1019,1129,1378,1357,1539,1482,1438,1295,1337,1502,1340,1005,1187,1373,1175,1515,993,1442,1517,1236,1194,1352,989,1466,1234,1022,1210,1499,1484,1380,1325,1202,1479,1386,1462,1452,1272,1111,1535,1155,1056,1525,1138,1285,1368,1370,1346,1075,1432,1013,1356,1293,1331,1166,1304,1176,1283,1078,1378,1483,1109,1175,1186,1508
,1446,1086,1063,1477,1484,1222,1537,1111,1045,1183,1302,1352,1070,1250,1050,1379,1342,1402,1123,1064,1010,1485,968,1404,1217,1287,987,1399,1271,1418,1467,1184,1371,1528,1225,1195,1329,1383,1018,1388,1466,1219,1375,1476,1093,1048,1374,1528,1280,1160,1393,1447,1053,1242,1341,1376,985,1098,1100,1122,1246,1259,1061,1424,1077,1398,1061,1040,1131,1118,996,1366,1270,1395,1406,1543,1311,1098,1081,1245,1297,1448,1364,1301,1335,1343,1037,1097,1026,1373,980,1275,1114,1213,1317,1478,1181,1476,1407,1311,1493,1031,1129,1112,1425,1242,1315,1044,1513,1386,1462,1378,1522,1102,1399,1097,1175,1235,1332,1081,1022,1253,1023,980,1026,1143,1268,1434,1530,1337,1015,1490,1098,1190,1386,1519,985,1466,1247,1297,1125,1072,1182,1513,1392,966,1137,1126,1484,1456,1139,1151,975,1377,1127,965,1425,1476,1324,1149,1460,1467,1305,1312,1486,1311,1198,1055,1469,1515,1172,1426,1260,1247,1149,1129,1129,1151,1002,979,1511,1228,1190,1373,1158,1009,1038,1422,1326,1287,1077,1155,1115,1476,1365,1187,1476,1098,1143,1260,1086,1029,1090,1130,1323,1394,1206,1415,1457,1012,1086,1492,1513,1165,1497,1035,1460,1313,1189,1467,1314,1353,1355,972,1404,1469,1283,1498,1139,1151,1299,1498,1189,1042,1401,1368,1117,1382,1171,1205,1375,1472,1086,1096,1492,1339
,1057,972,1106,1059,1495,1488,1455,1303,1388,1530,1489,1320,1172,1180,1226,1453,1042,1109,1176,1466,1153,1421,1465,1026,1071,1337,1258,1247,1478,1295,998,1074,1317,1192,1063,1084,1253,1186,1470,996,1022,1173,1154,1536,1219,1457,1196,1456,1359,1475,1167,990,1387,1382,1488,1343,1488,1502,1458,1253,1523,1020,1408,1373,1276,1243,1534,1539,1228,1533,988,1337,981,1211,1150,1149,1155,1137,1022,1403,1119,1314,1130,1380,1517,1169,1493,1073,1210,1112,1135,1403,1539,1456,1335,1386,1484,1360,1513,1148,1253,1463,1031,1013,1011,1212,1413,1046,1158,1176,1169,1376,1336,1190,1331,1470,1426,1278,1159,1517,1399,1275,1409,1422,1190,1279,1305,1246,1398,1381,1082,1223,1094,1508,1068,1502,1443,1015,1378,1244,997,1086,1281,1166,1404,1128,1201,1367,1193,1495,1185,1074,1319,1209,1435,1535,1446,1185,1073,1257,1122,1419,1120,1073,1455,1023,1165,991,1415,981,1272,1366,1252,1492,1432,988,1309,1396,1205,982,1043,1513,1284,1297,1448,1043,1255,1387,974,1175,1239,1233,1527,1287,1303,1250,1244,982,974,1182,1387,1495,1032,1024,1429,1119,1065,1206,1362,1080,1121,1155,1145,1533,1138,1089,1454,1346,1085,1287,1275,1347,1297,1170,1526,1063,1368,1342,1242,1192,1065,1228,1218,1136,1039,1091,1338,1397,1226,987,995,1348,1442,1084,1375,1255
,1006,1375,1084,1509,1525,1496,1426,1261,1289,1400,1374,1461,1041,1346,1372,1311,1275,1311,1347,1523,1322,1081,1467,1164,1273,1186,1228,1353,1137,1177,1267,1130,1164,1029,1322,1382,1514,1025,1087,1088,1184,1294,1492,1090,1121,1033,1539,1023,1040,1143,1014,1372,1142,1530,990,1043,967,1518,1206,1331,993,1134,1393,1192,1092,1207,1195,1038,966,1158,1250,1123,1386,973,1230,1195,1325,1108,1249,1534,1259,1244,1056,1528,1012,1250,1332,1386,1436,1151,1128,1501,1007,1213,1124,1183,1145,1521,1219,1343,1044,1192,1199,1443,1168,1257,1536,1393,1272,1126,1011,1407,1046,1483,1364,1159,1092,1429,1158,1000,1526,1434,1289,1415,1508,1473,1043,1181,1340,1044,1543,1067,1454,1237,1252,1081,1141,1275,1198,1334,1108,1172,1376,1389,1324,1259,1310,1513,1098,1149,1510,1542,1169,1030,1110,1092,1271,1057,1021,1441,1145,1348,975,1442,1324,1382,1138,1361,1362,1423,1094,1205,1243,1239,1535,1342,1166,1185,1103,1036,1515,1216,1198,1493,1278,1499,1022,1061,1497,1010,976,1296,1221,1053,1012,1221,1349,1208,1003,1474,1487,1523,1233,1206,985,1019,1275,1472,1258,1081,1080,1449,1424,998,1523,998,1187,988,1051,1270,1300,1263,1343,1394,1326,1089,1212,990,1010,1464,1510,1271,1062,1233,1333,1467,1321,1002,1525,1032,1013,1390,1433,1424,1130,1192
,1195,1141,1163,1246,1048,1417,1539,1409,1067,1216,1452,1336,1037,1312,1436,1278,1327,1475,1300,1266,995,1328,1312,1416,1400,1391,1289,1277,1330,1372,986,1301,1535,1031,968,1282,1186,1126,1044,1345,1536,1237,1492,1073,1428,1041,1122,1412,1354,1526,1132,1525,1298,1470,1283,1116,1108,1016,1311,1091,1135,1144,1125,1043,1009,1436,1350,985,1264,1350,1292,1077,1392,1135,1442,1025,1189,1314,1380,1355,1138,1503,1128,1124,1278,1233,1457,1386,1123,1344,1028,1510,1150,1532,1364,1097,1279,969,1178,1237,1489,1068,1095,1303,1253,1268,1301,986,1161,1042,1493,1247,1025,1084,1194,1525,1251,1209,1058,1455,1438,986,1421,1271,1153,1331,1100,970,1299,1305,1229,1267,1136,1027,1088,1311,1147,1249,1016,1344,1407,1486,1267,1132,1339,996,974,996,1529,1531,1493,1373,1275,1421,1064,1387,1163,1102,1028,1351,1042,1079,1192,1128,1380,990,1325,1423,1271,1303,968,1482,1103,967,1214,1056,1152,1276,1410,1096,1223,982,1384,971,1068,1113,1251,1420,1006,1127,1429,1535,1484,1502,1513,1124,1413,1012,1052,1003,1463,1536,1363,1188,1209,1494,1485,1410,1211,1151,1193,987,1073,1453,1040,1437,1037,1429,1469,1384,1339,1090,1511,1017,1426,1133,1514,1271,968,1408,1058,1356,1418,1330,1048,1107,1527,1041,1208,1335,1418,1208,1397,1467,1248,1450
,1239,1108,1194,1153,1373,1120,1472,1041,1171,969,1187,1084,1487,1431,1402,1004,1415,1342,1370,984,1321,1291,1046,1442,1537,1431,1445,1141,1408,1432,1279,1213,1034,1183,1436,985,1414,1125,1069,1254,1072,1276,1142,1305,1193,1117,1081,1127,1143,1043,1415,1413,1329,1508,1265,1382,1212,1456,1183,1296,1346,1456,1063,1061,1120,1140,1182,1300,1166,1238,1159,1121,1140,1416,1257,1109,1537,1319,1263,1122,1374,1373,1538,1321,1210,1223,1218,1219,1055,1313,1144,1334,1087,1196,1078,1203,1128,1067,1159,1152,1434,1008,1543,1359,1259,1308,1283,1346,1170,1076,1113,1477,1172,1048,1326,1443,1425,1275,1454,1027,1465,1075,1500,1394,1279,1368,1365,1121,1364,1277,1335,1116,1128,1237,1479,1339,1223,1500,1133,1314,1121,989,1434,1379,1259,983,1528,1364,1384,1541,1281,1520,1420,1530,1509,1328,972,1529,1447,1183,1102,1368,1160,1266,1195,1479,1268,1442,1381,1301,1378,1266,1123,1191,1541,1201,1330,1180,1073,997,1279,1074,1289,1467,974,1394,1272,1040,1031,1201,1027,1419,1447,1087,1040,1048,1102,1378,1332,1535,1198,1035,1058,1100,1225,1258,1502,1522,1449,1060,1508,1402,1096,1323,1066,1224,1130,1159,1283,1013,1520,1114,1273,1439,1361,1456,1085,1369,1181,1237,1202,1190,1309,1036,1362,1326,1033,1303,998,1158,1511,1013,1063,1288,977,1141
,1054,1085,1086,1361,1485,1259,1293,1390,1092,1431,1039,1331,1515,1341,1484,1437,1297,1385,1442,966,1203,1289,1059,1418,1196,1369,1088,1394,1039,1385,1525,1397,1029,1184,1415,1173,1326,1089,1125,1296,1018,1061,1416,1437,1458,1168,1017,1132,1450,1453,1322,1104,1091,1127,1322,1387,1328,1249,1490,1360,1520,1120,1035,1456,1298,1219,1433,1363,1003,1113,1387,1214,1243,1313,1100,1181,1523,1076,1224,1010,983,984,1275,996,1235,1088,993,986,1396,1443,1351,1385,993,1354,1127,1344,1106,1505,984,1309,1535,1072,1360,1073,1221,1473,1247,1172,1541,1098,1115,1335,1349,1476,1300,1435,1461,1400,1406,1037,1402,1067,1489,985,1306,1238,1003,1388,1354,1518,1045,996,1176,1291,1074,1264,1422,1427,1055,982,986,1169,1442,1468,1176,1388,1151,1161,1122,1100,1137,1483,1262,1015,992,1232,1336,1435,991,1330,1273,1284,1210,1369,1131,1146,1207,1406,1258,1136,1467,1136,1338,1075,1342,1202,1201,1442,1309,1427,1181,1455,1409,1150,1199,1346,1294,1228,1164,1150,1277,1527,1434,1156,1414,1188,1457,1064,1241,1059,1533,979,1314,1287,1212,1338,1483,1294,1160,1511,1543,1499,1042,1213,1435,1125,1407,1391,1361,1228,1300,978,1495,1236,1354,1031,1351,1490,1434,1290,1218,1488,1116,1542,1150,1501,1436,1379,1289,1414,1110,1499,1371,992,1516,1367
,1313,1412,1344,1189,1455,1211,1083,1369,1031,1056,1540,1126,1144,1524,1055,1313,1309,1538,1302,1299,1181,1176,1161,1372,1005,1357,1096,1516,1372,1383,1396,1244,975,1203,1492,1343,1121,1338,1131,1101,1276,1109,1500,1362,1524,1157,1180,1493,1438,1313,1148,1235,1242,1085,1295,1150,1422,1221,1424,986,1138,1092,999,1198,1287,1149,1338,1446,997,1368,1359,1297,1382,1448,1283,1171,1397,1322,1532,1531,1151,1452,1177,1458,1076,1436,1519,1509,1351,1335,1362,1074,1302,1208,1262,1201,1037,1121,1225,1024,1374,1359,1480,1440,1175,1352,1358,1303,1020,1312,1521,993,1501,1106,1349,1035,1151,1471,1291,1026,1324,1487,1059,1435,1160,1448,1291,1018,1008,1367,1391,1056,1158,1398,1492,1361,1127,1343,1347,1337,1316,1512,1102,1285,1525,1318,1128,1011,1538,1485,1084,1015,1261,1419,1440,1400,1227,1336,1167,1114,1161,1430,1207,1003,1123,968,1485,977,1163,1084,1190,969,1384,1124,1241,1542,1462,1034,1417,1419,1030,1231,1498,1454,967,1272,1037,1379,1429,1158,1417,1399,1467,1192,1202,1106,1483,1280,1429,1025,1133,1421,1064,1538,1230,1437,1226,1505,1531,1291,1519,1488,1063,1442,1405,1111,1240,1336,1475,1218,1251,1225,1500,1183,1534,1091,1361,1270,1157,1509,1095,1442,1015,1117,1246,1068,1083,1256,1389,1421,1103,1195,1460,1058,1201,1016
,1224,1008,1135,1268,1357,1461,1199,1298,1430,1172,1478,1038,1444,1210,1485,1453,1415,1159,1298,1047,1201,1381,1307,1386,1494,1073,1398,1308,1519,1306,1015,1436,1440,1213,1518,1408,1501,1006,1371,1218,1214,1296,1305,1237,1341,1298,1335,1167,1259,1468,970,1042,1152,1384,1233,1260,1185,1306,998,1363,1298,1423,979,1023,1212,1102,1311,1353,1464,1358,1278,1442,1036,1150,1528,1358,1502,1242,1126,1125,1103,1113,1539,1069,1497,1392,1061,1060,1278,1141,1254,996,993,1435,1455,1167,1074,1254,1262,1252,1420,1330,1477,1140,1199,1488,971,1466,1339,1100,1480,1251,1145,1004,1163,1260,1012,1241,1249,1306,1155,1454,1024,1539,983,1190,1347,1268,1013,979,1291,1199,1061,1354,1297,1333,1344,1431,1101,1203,1491,1009,1322,1032,1147,1426,1190,1279,1512,1124,1542,979,1373,1331,1336,989,1277,1083,1094,1281,1413,1241,1470,1030,1436,1212,1076,1255,1270,1356,1386,1313,1524,1238,1481,1508,1528,1479,1181,1038,1318,1087,1052,1067,1469,1399,1065,1335,977,1303,1043,1029,1531,1155,1188,1484,1222,1142,1349,1011,1008,1313,1255,1467,1022,1350,1459,1119,1502,1442,1370,1487,1074,1442,1384,1432,1025,1020,1147,1019,1368,1192,1109,1258,1289,1317,1337,1117,1265,1138,1477,1302,1264,1037,1017,1442,1361,1312,1281,1342,1518,1112,1446,1318,1034,1248
,1378,1366,999,1069,1173,989,1076,1095,1307,1520,1122,1193,1191,1495,990,1335,1312,1200,1011,1250,1447,1164,1437,1202,1166,1206,1206,1005,1161,1540,1528,1386,1033,1000,1355,1238,1359,1246,1271,1129,1274,1479,1024,974,1290,1082,1095,1352,1129,1018,1354,1537,1410,1516,1387,1422,1196,988,1017,992,1511,981,1054,1197,1455,1360,1071,1167,1055,1320,1264,1036,1378,1376,1298,1100,1056,1073,1028,1016,1077,993,1211,977,1415,1203,1512,1522,1291,972,1400,1112,1044,1531,1384,1024,1239,1308,1402,1497,1461,1090,1069,1097,1395,1438,1019,1413,1052,1043,1047,1103,1201,1270,1438,1187,1144,1527,1397,1180,1268,1429,1300,1355,1401,1113,1017,1024,1333,1400,1061,965,1472,1302,1230,1130,1367,1115,1542,1521,1502,1440,1373,1248,1289,1318,1342,1170,977,1215,989,1275,1356,1467,1244,1365,1175,1509,1238,1030,1321,1429,1064,1385,1229,1445,1166,1275,1218,1163,1193,1011,1315,1525,981,1520,1059,1099,1479,1288,1234,1041,1013,1285,1272,1138,1202,1391,1203,1500,1337,1273,1459,1148,980,1170,1272,1052,1532,1440,1538,1060,1314,1238,1541,1057,1013,1105,1472,1470,1196,1064,1239,1231,1312,1007,1498,1233,1257,1019,1490,1228,1153,1451,1272,1286,1123,1371,1125,1295,1491,977,1252,1430,1442,1462,1540,1162,1106,1138,1413,1387,1027,989,1453,1117
,1264,1128,1169,1154,1372,1323,1197,1434,1360,1151,1472,1197,1345,1136,1281,1526,1465,1416,1257,1062,982,1502,1053,1114,1401,1335,1423,1204,981,1087,1314,1039,1108,1064,1209,1183,1109,1423,1489,1134,1395,1024,1127,979,987,1386,1348,1155,1234,1346,988,1160,1212,1333,1011,1060,1426,1417,1529,1282,1330,1210,1043,1344,1515,1498,1198,1233,1238,1421,1330,1357,1242,1511,1113,1221,1237,1092,1058,1193,988,1010,1147,1154,1258,1034,1167,1392,1398,1012,1543,1381,1208,1031,1140,1455,1120,1367,1425,982,1145,1418,1153,1349,1423,993,1426,1359,1465,1233,1411,1039,999,1018,1042,1530,1377,1483,1266,1343,1417,983,1314,1286,1392,1509,1020,1065,1221,1531,1358,1335,1431,1444,1303,1074,1070,1074,1527,999,1089,1473,1423,1376,1369,1103,1306,1024,1161,1387,1134,1480,1363,1042,1476,1224,1543,1164,1143,1453,1220,1370,1184,1321,1197,1475,1379,1362,1105,1043,1472,1052,1217,1065,1196,1142,1383,1499,1128,1450,1017,1184,1417,1536,1425,1382,1397,1208,1135,1294,1203,1328,1076,1524,1435,1373,1103,1055,1068,1332,1469,1127,1241,1524,974,1213,1174,1448,1277,1155,1400,1332,1269,1227,1229,1041,1386,1470,1322,1338,1209,1266,1479,1490,1331,1361,1108,1196,1361,1426,1506,968,1530,1229,1504,1377,1507,1485,1016,1033,975,1439,1382,1244,1387,1237
,1342,1138,1395,1059,1068,1162,1092,1279,1059,1135,1268,1220,1307,1139,1203,1277,1431,1270,1112,1289,1247,1329,1137,1208,1490,1500,1372,1479,1342,1040,1492,1139,1086,1062,1323,1201,1092,1217,1121,1267,1318,1342,965,1159,1483,1233,1270,994,1341,1211,1182,1469,1269,1516,1228,1353,1120,1476,1455,1401,1197,1383,1020,1289,975,1216,1071,1095,989,1129,1240,1076,1037,1304,1068,1363,1265,1270,1244,1226,1390,1404,1089,1409,1028,1528,1335,1218,1009,1065,1058,1409,1534,1447,1068,1105,1437,1458,1248,1474,1350,1199,1132,1510,1418,982,1471,1018,1535,1188,1160,1519,1197,1091,1313,1383,1011,1500,1178,1217,1032,979,1499,1362,990,971,1447,1258,1416,1101,1459,1464,1391,1267,1464,1531,1100,1300,1202,972,1190,1153,1128,1520,1077,1340,1366,1046,1394,1098,1332,1181,1351,1038,1244,1283,1320,1408,1482,977,1020,1128,1054,1200,1324,1344,1396,1247,1542,1283,1391,1307,1105,1534,1396,1037,1062,1345,983,981,1401,1187,1098,1241,1457,1151,1186,1322,1358,1317,1385,1080,1085,1216,1014,1373,1193,1022,1517,1007,1125,1064,1227,1421,1441,1186,1251,1292,1482,1453,1014,1399,1538,1195,1008,1120,1184,1043,1459,1519,1496,1431,1249,1296,1469,1410,1168,1154,1182,1017,1223,1485,1294,1039,1427,1261,1215,1129,1514,1020,976,993,1262,1151,1288,1389
,1376,1198,1520,1348,1249,1022,1044,1144,1336,1436,1249,1172,1313,1231,1541,1534,1539,1138,1106,1399,1001,1141,1279,1214,1126,1320,1383,1476,1276,1435,1212,1175,1249,1294,1210,1380,1009,1127,1107,1194,1340,1162,1318,1220,1477,1155,1379,1490,1294,1032,1529,1225,1317,1286,1001,994,1450,1414,1211,1051,1453,1131,1102,1361,1250,1191,1294,1338,1020,1203,1386,1093,1466,1335,1536,1267,1120,1020,1377,1047,1527,1143,1440,1198,1239,1513,997,1466,1190,1099,1006,1467,1169,1480,1185,1207,1341,1033,1220,1253,1294,1354,1136,1045,1199,1327,1318,1018,1526,1013,1392,1158,1040,1056,1102,1405,1204,1165,1390,968,1076,1097,1306,1204,1301,1318,1489,1325,991,1528,1268,1016,1443,1280,1121,1498,1512,1309,1331,1470,1283,1076,1123,1034,1492,1481,1233,1022,1016,1129,1400,1451,1049,981,1221,1511,1456,1526,1407,990,1452,1061,1072,1264,1466,1536,1093,1126,1496,1303,1051,1102,1007,986,1154,1329,985,993,1499,1156,1512,1440,1415,1328,1054,1342,1493,1424,1404,1385,1159,1300,1015,1392,1156,1192,1305,1132,1405,1154,1228,1244,1207,1310,1293,1091,1098,1296,1222,1364,1180,1204,1334,1276,1539,1519,1002,1358,1127,1289,1443,1160,1217,1166,1034,1460,1263,1332,1483,1050,1234,1180,1157,1355,1242,1430,1530,1304,1299,1236,1461,1264,1470,1092,1352,1349
,1155,1110,1375,1111,1143,1395,1314,1008,1006,1096,1083,1211,1487,1278,1034,1302,1422,1082,1289,1352,1078,1391,1155,1300,1103,1200,1493,1312,1017,1261,1460,1039,1063,1159,1445,1201,1083,998,1149,1360,1036,1266,1004,1208,1002,1456,1259,1075,1350,977,1171,986,1256,1041,1270,1504,1328,1402,1322,1235,1468,1162,992,993,1491,1315,1197,1258,1334,1185,1157,1374,1124,1135,1195,1365,988,1302,1512,1525,1019,1034,1428,1347,1402,1091,1204,1016,1029,1037,1428,1424,1137,1098,1513,1497,1128,1371,1002,1230,1258,1050,1372,1355,1139,1064,1479,1422,1101,1423,975,1051,1141,1387,966,1336,1363,1428,1337,1309,1398,1008,1101,1159,1513,1334,1203,1431,1475,1448,1185,1068,993,1328,1478,1003,1049,1497,1149,1215,1026,1534,1336,1097,1521,1159,1243,1147,1361,1373,1213,974,1255,1047,1216,1361,1460,1410,1310,998,1384,1442,1282,1319,1513,1174,1343,977,1201,987,1481,1294,1044,1420,1522,1237,1421,1227,1421,1479,1125,1238,1232,1041,1543,1539,1536,1339,1491,1178,1008,1242,1182,1356,1280,1110,1129,1432,1106,1093,1065,986,1525,1211,1523,1124,1155,1497,1235,1487,1079,1313,1521,1127,1152,1135,1290,1217,1527,1312,1097,1531,1399,1141,1070,984,980,1264,1441,1534,1005,1397,1362,1462,1193,1462,1085,1311,1515,1113,1423,1430,1042,1462,1162,1024
,1342,1288,1239,1439,1490,1280,1190,1111,1345,1418,1162,1263,1091,1027,1364,1475,1316,1514,1186,1019,1066,1101,1418,973,1498,1123,1355,1006,973,1197,1163,1052,1258,1368,1028,1017,1413,1453,1124,1224,1099,1156,1040,1074,1391,1353,1451,1276,1016,1287,1056,1180,1246,1239,983,1118,1267,1033,1142,1184,1533,1522,1398,1436,1249,1035,1456,1200,1024,1238,1148,1279,1231,1491,1384,1278,1244,1119,1362,1358,1223,1466,1542,1445,1261,1517,1227,1040,1099,1482,1035,1013,1009,1410,1272,1452,1060,1186,1402,968,1137,1292,1257,1248,1497,1425,1543,1446,1500,1216,1068,995,1182,1080,1503,1309,1499,1209,1440,1133,1403,1155,1090,1222,1417,1146,1292,977,1140,1501,1158,1001,1503,1432,1311,1407,1301,971,1135,1476,1052,1507,1195,1403,1183,1194,1453,1081,1028,1311,1465,1298,1178,1185,1460,1149,1194,1130,1355,971,1368,1077,1310,1010,1175,1201,1496,1075,1164,1007,1071,1014,1112,1033,1020,1362,1085,1195,1295,1160,1322,1057,1128,1448,1128,995,1459,1484,1135,1324,1520,1334,1251,1169,1046,1374,1070,1540,1429,970,966,1090,1369,1511,1010,1131,1412,1067,1428,1052,1130,1113,969,1141,1267,1061,1226,1017,1267,1506,1061,1528,1481,1206,1271,1123,1445,1061,1200,1259,994,1098,1412,1438,1482,1212,1169,1430,1511,1335,1231,1256,1036,1308,1288,1264
,1432,1169,1406,1127,1422,1069,1236,1170,1095,1038,1005,1348,1321,1432,1333,1323,1176,1343,1314,1498,1031,1354,1074,1136,1376,1402,1161,1418,1023,1409,1131,1184,1242,1479,1221,971,1434,1296,1530,1257,979,1087,1193,1538,1198,1229,993,1490,1299,1388,1140,1215,1367,1279,976,1073,1368,1114,1058,1025,1184,1336,1283,997,1129,1501,1338,1307,1002,1003,1204,1387,1438,1275,1088,1453,1318,1488,1089,993,1344,1279,1432,1171,1311,1231,1514,1107,970,1130,1322,1168,1353,1338,1326,1376,1236,1496,1400,1275,1423,1165,1535,1211,1262,1182,1012,1042,1209,1110,1513,1329,1388,1335,1525,1160,1155,1322,1216,995,1387,1499,1401,1096,1108,1064,994,1016,1403,1526,1220,1265,1407,1474,1416,1197,1503,1257,1262,1434,1363,1248,1415,1206,1483,1051,1488,1453,1127,973,998,1303,1244,1369,1224,1062,1541,1336,1117,1213,1021,1232,1232,1392,1024,1075,1277,1246,1185,1304,1164,1378,1446,1132,1416,1375,1363,982,1433,1106,1456,1112,1416,1231,1543,1063,1439,1506,1003,1109,1358,1340,1398,1061,1063,1204,1260,1509,1089,1381,1505,1249,1049,1172,1531,1254,984,991,1298,1341,1523,1280,1002,1453,1280,1136,1266,1384,1473,1538,1297,1401,1053,1341,1289,1256,1009,1010,1376,1395,1341,1240,1506,1030,1124,1207,1476,1310,1120,1078,1229,1427,1433,1256,1411,1110
,1366,1320,1396,1040,1362,1177,1180,974,1140,991,1424,980,1032,1012,1209,1325,1470,1048,1143,966,1389,979,1526,1271,992,1250,1019,1543,1406,1362,1465,1196,1440,1446,1052,1422,1078,1119,1391,1339,1218,1035,1531,1469,1072,1530,1239,1384,1152,1115,1364,1056,1244,1197,1436,1231,1218,994,1413,1356,1455,1114,1236,969,1297,1077,1399,1137,969,1535,1242,1495,1152,1254,1133,1041,1418,1392,1238,1314,1290,1464,1116,1217,1455,1138,1519,1161,972,1298,1140,1179,1287,1247,1382,1054,1091,1512,1363,1201,971,1516,1429,1354,1288,1099,1043,1484,1188,1052,1402,1348,1331,1199,1494,973,1388,976,1157,1072,1416,1269,1055,966,1174,1418,1259,1210,997,1340,1134,1226,1139,1224,1375,1430,1504,1482,1495,1481,1007,1122,1091,1100,1507,1452,1170,1369,1433,1063,1420,1264,966,1321,1033,1322,1018,1281,1235,1329,1236,1189,1236,1319,1408,1111,1457,1341,1380,1391,1260,1474,1186,1350,977,1193,1436,1062,1302,1110,1466,981,1540,1460,1366,1432,1154,1008,1472,1040,1116,1231,1253,1246,1498,1001,1451,1004,1210,1132,1336,1010,1485,1313,1029,1225,1054,1383,1329,1301,1331,1357,988,1208,1087,1142,1441,1249,1409,1444,1207,1117,1186,1472,1094,1295,1437,1411,1385,1289,1449,997,1338,1121,1270,1436,1234,1489,1522,1039,1375,1118,1373,1159,1223,1231
,1368,1437,1330,1039,1450,1379,1474,1229,1359,1435,1370,1024,1261,966,1294,1254,1415,1494,1283,1055,986,1178,1517,1209,1088,1112,1134,974,975,1078,1421,1034,1024,1368,1061,1178,1445,1310,1330,1461,1195,1047,1499,1461,1124,1035,1270,1067,1368,1306,1397,1371,1048,1416,1172,1081,1095,1341,1104,1017,1274,1217,1501,1176,1211,1006,975,1178,1093,1504,1317,1381,1019,1156,1149,1018,1083,1184,1406,1095,1070,1010,1496,1140,1331,977,1457,1191,1436,1219,1466,1161,1461,1491,1241,1149,1130,1368,1535,1035,1514,1488,1160,1217,1213,1136,1330,1114,1501,1026,1276,1395,981,1380,1265,1453,1269,1082,1528,1074,1484,1059,1351,1366,1368,1531,1248,1236,1267,1336,1240,1363,1098,1383,973,1097,999,1140,1315,1427,969,1260,1355,1397,1315,1528,1102,1540,967,1416,1401,1253,1382,1293,998,1408,1429,1366,1416,1395,1433,1414,1207,1449,1333,1204,1469,1273,1140,1528,1332,1460,1500,1294,1004,986,1086,1195,1523,1037,1028,979,1032,1167,1477,1471,990,1202,1139,1208,1350,1135,1452,1310,1135,1108,1518,1185,1506,1412,1215,1537,978,1451,1303,1383,1077,982,1053,1397,1195,1229,1062,1310,965,1173,1202,1116,971,1007,1427,1347,1409,1445,1215,1259,1395,1268,974,1276,1293,1462,1520,1502,1244,1450,1095,1249,1514,1342,1453,1185,1420,1187,1219,1457
,1168,1283,1428,1137,1372,1186,1182,1059,1226,1243,1467,1454,1255,1401,1145,1283,992,1342,1176,1320,1148,1004,1369,1277,1328,1325,968,1264,1452,1036,1150,1290,1007,1423,1132,1541,1447,1467,1191,1221,1068,1400,1113,1248,1050,1232,1418,1245,1501,1461,1495,1432,1050,1444,1259,1486,1522,1375,1164,1462,1490,1444,1439,1164,1310,1129,1249,1441,1510,1298,1035,1505,1346,1140,1142,1087,1064,1341,1376,1179,1034,1195,1376,1353,1390,1142,1182,1059,975,1493,1267,1431,1304,1507,1524,1107,1394,1123,972,1522,1228,1232,1176,1011,1208,1137,1118,1501,1171,1001,1428,983,1123,1406,1264,1234,1037,1193,1505,1102,1475,1034,1301,1262,1518,1268,992,1514,1497,1538,1265,1228,1150,1147,1315,1331,974,1042,1113,1282,1029,1024,1487,1282,1413,1523,1500,1247,1491,1472,1141,982,1003,1002,1473,1061,1154,1510,1331,1146,1517,1182,993,986,1444,1435,1346,1215,1081,988,1121,1149,1243,1389,1128,1487,1281,1095,1506,1201,1468,1352,1536,1228,1338,1317,1337,1474,1286,1321,1526,1397,1182,1401,1481,1107,1394,1273,1281,1058,1019,1446,1305,1218,1168,1076,1253,1262,1401,1516,989,1523,1441,1496,1126,1445,1493,1239,1129,1297,1146,1452,1350,1039,1449,1523,1460,1096,1009,1022,1022,1261,989,1539,1500,1086,1199,1014,1136,1410,1079,1182,1155,1428,1131,1437
,1492,1364,1246,1446,1320,990,1085,1405,1043,1154,1247,1238,1343,1286,1418,1474,1439,1229,969,1278,1099,1160,992,1077,1517,1530,1160,1445,1014,1014,1243,1395,1254,993,1185,1128,1455,1466,1118,1131,1333,1506,1443,1055,998,1396,1477,1179,977,1486,971,1075,1007,1358,1027,1181,1517,1330,1463,1330,1244,1302,1197,1444,1460,1447,1149,1511,1090,1256,1416,1014,1343,1354,1475,1380,1152,1026,1081,1160,1381,1184,1112,1101,1250,1218,1318,1059,1090,966,1434,1053,1139,1271,1256,1303,1026,1333,1056,1524,1354,1274,1053,1090,1166,1391,1282,1453,1174,1405,1074,1319,1512,1432,1262,1425,1017,1403,1146,1414,1246,997,1239,1320,1111,1147,1323,1237,1441,1533,1311,1494,1419,974,1542,1010,1175,972,1281,1493,1069,974,1442,1361,1166,989,1452,1299,1367,986,1029,1114,1473,1387,1482,968,1103,1165,1156,1011,1183,1015,987,1443,1469,1540,1401,1239,1157,1305,1277,1071,1531,1159,1153,1046,1083,1148,1323,1036,1032,979,1296,1108,1122,1251,1085,1363,986,1209,1042,1073,1543,1421,1212,1081,1196,1177,1136,1519,1038,1099,1359,1134,1190,997,1220,1023,1020,1171,1423,1081,1454,1460,1340,1450,1358,1345,1330,1133,980,1262,1199,1052,1138,1093,1087,1223,1419,1070,1101,1137,1475,1384,1104,1253,1149,1146,1321,1424,1269,1139,1128,1143,1333,1211
,1099,1198,1342,979,1047,971,1506,1217,1173,1537,1117,1252,1389,1448,1217,1211,1511,1404,1057,1441,1128,1126,1293,1274,1206,1478,1350,1207,1297,1093,1515,1472,1019,1144,1485,1024,1409,1110,1251,1109,1196,970,1501,1286,968,1542,1266,1069,1179,1021,1302,1317,1226,1349,1100,1069,1483,1281,1177,1082,1258,1176,1427,1529,1445,1037,1192,992,1326,1153,1101,1081,1143,1089,1386,1537,1228,1488,1481,1125,1039,1236,1462,1264,1503,1149,1351,1130,1023,1483,1230,1046,1113,1411,1348,1070,1162,1511,1229,1388,1117,1067,1501,1129,1332,1256,1531,1202,1484,1427,988,989,1162,1037,1177,1494,1186,1159,1342,1371,1065,1048,1515,1126,976,1081,1181,1504,988,1475,1421,1344,1271,1045,1191,971,1353,1093,1240,1311,1184,1521,1208,1013,979,1317,1514,1163,1439,1015,1528,1469,1527,994,1131,1516,1046,1383,1458,991,1431,1507,1143,1419,1529,1218,1225,1242,1087,1480,1316,1053,1085,1369,1378,1370,1501,1061,1063,1045,1362,1104,1141,1394,1278,1317,981,1458,1230,1310,1494,1352,1355,1170,1044,1246,1013,1252,1316,1444,1072,1075,1371,1427,1506,1211,1309,1217,1243,1164,1144,1012,1241,1542,1489,1155,1445,1003,1035,1298,1197,1097,1277,1156,1417,1394,1227,1028,1127,1140,1468,1399,1308,1206,1469,1405,1260,1283,1117,1144,1230,1301,1132,1309,1059,1407
,1301,1485,1212,1484,1408,1118,1112,1088,1301,1087,1320,1156,997,1391,992,1024,997,1519,1198,1327,1289,1208,1058,1087,1396,1473,1383,1391,1368,1027,1107,1518,1354,1270,1357,981,1396,1079,1095,996,1268,991,1409,1460,1492,1137,1252,1516,1148,1010,1175,1175,1321,1409,1453,1186,971,1023,1412,1286,1403,1226,1219,1496,1381,1209,1072,981,1036,1232,1443,1054,1164,1457,1136,1311,1289,1282,968,1427,1104,1225,1209,1461,1356,1206,1391,1175,1537,1455,1333,1444,1158,1164,1498,1089,1157,1513,966,1001,1298,1484,1346,1318,1121,1241,1177,990,1415,1164,1336,1353,1139,1391,983,981,976,1401,1066,1446,1122,1473,1402,1079,1132,1386,1401,1427,1242,971,1435,1046,1455,1186,1323,1431,1435,1475,1018,1519,1190,1504,1223,1020,1411,1365,1406,1091,1281,1463,1272,1189,1030,1395,1488,1007,1100,1120,1220,991,1355,1064,1034,1315,1154,1029,1040,1166,1402,1313,1153,1422,1074,1462,1421,1053,1500,1146,1217,1258,1321,1034,1486,1208,1298,1096,1427,984,1441,1254,1466,1161,1339,1222,1200,1513,1261,1168,1276,1157,1251,1159,1047,1384,1473,1299,1443,1454,1189,1532,1235,1505,1506,994,1424,1003,1444,1202,1391,1154,1127,1342,1074,1290,1128,1500,1126,1086,1077,1355,1070,1296,1052,1346,1079,1176,1381,1088,1469,1536,1091,1246,1217,1261,1021,1499
,1497,1488,974,1168,1121,1169,1003,1475,1213,1190,1152,1151,1362,1028,1399,1120,1050,1128,1214,1538,1096,1401,1098,1453,1252,1046,1427,973,1260,1038,1240,1287,1325,1125,1043,1352,1081,1179,1005,1524,1216,1426,1027,1231,1011,1262,1501,1263,1267,1158,1288,1113,1440,1302,1010,1097,1186,1193,1424,1385,1200,1041,981,1264,1197,970,1163,1317,1244,1345,1523,1343,1451,1524,1120,1131,1471,1481,1209,975,1233,1522,1072,1404,1286,1092,1103,1291,1196,1376,1531,1492,1081,1377,1421,1182,1049,1376,1118,1056,974,1363,1324,1361,1101,1242,1383,1189,1382,1356,1394,1435,1377,1121,1218,1150,1268,1485,1031,1286,1165,1322,1345,1009,1412,1404,1317,1434,1327,1509,1293,1470,1012,1380,1323,1165,1132,1112,1106,1499,1127,1433,1256,1416,1410,1168,1210,1177,1424,994,1391,1146,1360,1041,1408,1001,1497,1425,1014,1384,1314,1279,1019,1538,1149,1010,1301,1224,1301,1123,1184,1347,966,1307,1155,1303,1126,1487,1248,1202,1524,1391,1342,1287,1191,1170,1138,1126,1366,1508,1458,1067,1059,1284,1120,1080,1328,993,1505,1520,1292,1299,1254,1063,1533,1361,1062,1472,1039,1000,1376,1229,1321,1190,1340,1223,1197,1182,1454,1199,988,1200,1501,1313,1492,1371,1149,1370,1505,1529,1090,1072,1476,1479,1063,1138,1107,1237,1535,1476,1357,1023,1301,1355,1434,1540
,1051,1354,1251,1062,1383,1244,965,1325,1022,1210,1105,1159,1438,1007,1454,1116,1198,975,1168,1425,1323,1415,1112,1130,1031,1105,1375,1358,967,1056,1002,1490,1103,1357,1008,1129,1226,1173,1013,1281,1208,980,1352,1165,1385,1364,1284,1439,1377,1012,1033,1355,1209,1313,1234,1478,1067,1337,1474,1111,1118,1233,1093,1040,1232,1359,1172,991,1508,1257,1181,1196,1388,1368,1168,1072,1516,1157,1510,1338,1193,1480,1533,1262,1168,1220,1299,1023,1153,1064,1490,1180,1431,1447,1516,1023,992,1297,1155,1240,1156,1453,1291,1474,1376,1159,1376,1475,1507,1166,1390,1001,1393,1146,1388,1155,1240,1028,1428,1402,1293,987,1014,1239,1508,1227,996,1297,1179,1189,1265,1339,1488,998,1254,997,1488,1009,1064,1346,1132,1076,1212,1195,1542,1087,1317,1111,1539,1407,1070,1067,1183,1430,1060,1420,1162,980,1433,1395,1054,1461,1462,1036,1468,1101,1248,989,1384,1176,1378,1205,1322,1285,1229,1543,1331,1075,1057,1354,1523,1030,1271,1397,1098,1541,1251,1415,1462,1286,1227,1086,1435,1115,1084,1421,1200,1139,989,1386,1435,1331,1425,1115,1374,1105,1252,1297,1466,992,1170,1031,1109,1265,1170,974,1021,1298,983,1350,1350,1405,1294,1371,1289,1116,1442,1078,1126,1132,1361,1410,1351,1000,1073,1338,1399,1521,1293,1141,1358,1221,1224,1307,1145,1064
,1527,1464,989,1317,1021,1327,1326,1203,1342,1092,1218,1062,1087,1291,1388,1047,1315,1365,1018,1364,1536,1465,1516,1281,976,1465,1359,967,1303,1350,1139,1488,1109,1535,1458,1226,1430,1259,1301,1152,1148,1374,1490,1231,1258,1153,1272,1136,1178,1427,1130,1524,1396,969,1460,1448,1492,1280,1082,1103,1146,1524,1522,1185,1540,1181,995,1281,1422,1505,1067,1334,1331,1521,1510,1393,1440,1101,1206,1432,1395,1023,1245,1047,1217,1418,1216,1259,1154,1045,1497,1154,1257,1286,1143,1441,983,1175,1097,1380,1070,1346,1289,1533,1427,1322,1138,1096,1437,1426,1143,1223,1012,1182,1280,1063,1316,1266,1033,1138,1401,1277,1283,1329,1476,1422,1170,1244,1490,991,1116,1356,1271,1243,1139,1061,1209,1281,1420,1358,1116,1423,1442,1355,1537,1442,1302,1315,1014,1203,1303,1406,1258,1239,1116,1520,1543,1279,1456,1060,1106,1207,1049,1145,1147,1341,1047,1188,1195,1038,1278,1053,1473,1009,972,1104,1033,1402,1188,1102,1162,1488,1400,1079,984,1439,1063,1254,1138,1125,1001,1507,1527,1428,1002,1440,1212,1100,1148,1106,1150,1214,1501,1264,1114,1261,1198,1286,1275,1328,1165,1172,1493,1000,1417,1189,1281,1469,1446,1483,1175,1193,1530,1525,1457,1367,1356,1511,1075,1226,1153,1111,1142,1041,1377,1207,1167,1329,1216,1177,1513,1313,1356,999,1283,1399
,1507,1135,1096,1200,971,1313,1131,1228,1193,1397,1229,1170,1119,1209,1095,1440,1485,1146,1300,1381,1002,1461,1159,1100,1487,1020,1123,1193,1184,1445,1291,1132,1106,970,1258,1174,1435,1123,1291,1152,1182,1157,1484,1020,1398,1542,1395,1236,1178,1443,1100,984,1138,1352,1497,1187,1456,1134,1433,1214,1004,1238,1402,1464,969,1483,1229,1050,1290,1248,1182,1512,1012,1078,1466,1074,1009,1483,1253,1513,1034,1430,1219,1266,1412,1318,1150,1296,1034,1184,972,1353,995,1377,1472,1251,1400,1412,1182,1063,1049,1029,1128,1363,1072,1127,1036,1409,1042,1004,1035,1342,1466,1143,1085,1138,1413,1094,1033,1066,1263,1305,1503,1498,1069,1343,1457,1143,1360,1540,1033,1322,1295,973,1521,1436,1400,1241,1288,1111,1130,1526,1254,1443,1040,1020,1426,1502,1162,1439,1173,967,1458,1119,985,1479,1231,1124,1044,1461,1211,979,1308,1473,1419,1346,1294,1084,1069,1253,1043,1128,1124,1331,1471,1064,1531,1250,1133,1084,1372,1015,1360,1490,1039,1478,1161,1046,1025,1095,1167,1409,1056,1296,967,1232,1199,1429,1424,1250,1378,1281,1226,986,1444,1101,1462,1369,1404,1067,1044,1414,1154,1152,1387,1439,1320,1255,1212,1194,1213,1254,1160,1530,1285,1539,1375,1154,1527,1426,1298,1077,1518,1425,1495,1098,1179,1191,1016,1072,1543,1074,995,1298,970,1402
,1013,1076,1287,1219,1050,1436,1332,1343,1076,1009,1227,1013,981,1332,1127,1347,1189,965,1248,1377,1477,1036,1239,1430,1275,1450,1421,1163,1242,1004,1251,1457,1416,1356,1500,1360,1415,1466,1362,1399,1025,1178,1165,1185,1221,1203,1528,1050,1096,1457,1206,1371,1017,1189,1293,1510,1257,1241,1325,1418,1069,1146,1061,1033,1234,1496,1510,1070,1122,1503,1447,1393,1224,1123,1307,1155,1426,1281,1425,1160,1055,1127,1087,1527,1193,1304,1473,1424,1233,1118,1119,1484,1182,1026,1245,1202,1436,1337,1154,1090,997,1403,1439,1171,1512,1409,1380,1368,1165,1195,1153,1265,1474,1273,1102,1275,1237,1401,1118,1405,1080,1170,1051,1085,1198,1167,1351,1089,1462,1479,986,1306,1247,1408,1448,1103,1132,1394,1018,1376,1121,1337,1032,1473,1424,1054,1011,1174,1009,982,1219,1015,1290,1424,1354,1242,1193,1438,1327,1152,1500,1381,1395,1230,1085,1459,1424,1025,1210,989,1540,1126,1080,1123,968,1227,1511,1022,1528,1119,1424,1462,1150,1017,1377,1542,1322,1190,1300,1036,997,1041,1383,1109,1380,1303,1496,1023,1200,1360,1428,1207,1134,1138,1529,1015,1051,1022,1232,1065,1402,1528,1498,1414,971,1067,1373,1459,965,1536,1089,1206,1208,1099,1317,1535,1343,1220,1048,1038,1049,1372,1508,1250,1283,1281,977,1487,1102,1065,1154,1339,1068,1312,1520,1407
,1092,1176,1381,1285,1380,1354,1320,985,1262,1445,975,1513,1158,1339,1275,1336,1424,1311,1229,1228,1485,1386,1134,1220,1084,1441,1530,1358,1108,1424,1521,1010,1526,1449,1089,1051,1127,1140,1468,1066,1279,1401,1441,997,1040,1485,1378,1485,971,1515,1057,1023,1437,1357,1415,1516,976,995,1324,1411,1103,1191,1285,1493,1387,1395,1116,1155,1327,1109,1472,1077,1113,1492,1187,1105,1289,1366,1230,1421,1395,1166,1097,1388,1157,1340,1284,1373,1487,1162,985,1534,1008,1225,1348,1186,1100,1245,1464,1187,1209,1489,1339,1524,1384,1131,1269,1234,1270,1234,1269,1374,1171,1065,1001,1464,1009,1332,1241,1172,1203,1337,1119,1006,1361,985,1274,1339,1515,1440,1022,1340,1326,1177,1383,1498,1081,1503,1458,1306,1177,1155,1120,1466,1303,1193,1208,1253,1286,1419,1333,1370,1252,1074,1540,1486,1225,1286,1112,1142,1526,1294,1197,1422,1271,1497,1531,1025,1253,1057,1400,1273,1206,1424,1163,1257,1396,1534,1009,1068,1080,1387,1367,1214,1374,1257,1245,1267,1270,1390,1353,1046,1409,1463,1022,1249,1237,1234,1202,1078,1161,1194,1150,1510,1386,1342,1026,1211,1413,1372,1026,1517,1208,1457,1071,971,1517,1073,1383,1384,1476,1060,1185,1111,1231,1508,1516,1481,1232,1428,1448,1277,1024,1338,1150,1490,1347,1246,1088,1429,1405,1506,1422,1421,1480,1039
,1027,1419,1416,1157,1478,1245,1380,1353,1126,1491,1163,1278,1211,1068,1144,1150,1404,1336,1419,1198,1276,1300,1470,1177,1500,1278,1446,969,1018,1125,1064,1033,1151,1172,1021,1334,1198,1409,1403,1100,1143,1526,1276,1004,1497,1517,1174,1413,1041,1209,1207,1361,1382,989,1003,1265,1299,1108,1410,1311,1297,1034,990,1155,1496,993,1290,1379,1268,1004,1369,972,1394,1402,1091,1015,1154,1471,1451,1184,1240,1013,1267,1389,1129,972,1050,1470,1124,1179,1144,980,1507,1168,1300,1065,1452,1297,1373,1357,1532,1351,1183,1292,1020,1041,1096,1507,1010,1510,1141,1272,1132,1180,1487,1417,1517,988,1539,1292,1345,997,1331,1179,1504,1164,1388,1271,1207,1215,1209,1446,1130,1387,1400,1059,1329,1005,1295,1505,1150,1516,1108,1334,1218,1093,1333,1418,1411,1248,1251,1458,1066,1374,1506,1536,1246,1140,1526,1091,1038,982,1407,1402,1408,1189,1393,1336,1126,1336,1378,1197,1001,1429,1057,1540,1047,1077,1274,1255,1093,1430,1042,1336,1063,1472,1133,1003,1187,1437,1181,1459,1382,1007,1207,987,1028,1159,1484,1142,989,1354,1469,1424,1209,1204,1065,1533,1204,1270,1342,1176,1351,1189,1374,1469,991,1498,1332,1159,1188,1278,1322,1458,1250,1289,1015,1362,983,1044,1206,1536,1508,999,1223,1087,1161,972,1213,1249,998,984,1327,1371,1250,1305
,1014,1096,1259,1164,1154,983,1267,1017,1175,1055,977,1538,1417,1505,1062,1493,1236,1358,996,1350,1229,1337,1539,1094,981,1074,1090,1050,1256,1195,1375,1518,1377,1420,1361,1151,1396,1408,1416,1264,1177,1067,1242,1475,1128,1193,1267,1195,1431,1458,1386,992,1512,1523,1306,1065,1220,1435,1339,1111,1522,1233,1094,1328,1276,1338,1001,1025,1514,1299,1137,1027,1316,1393,1079,1449,1093,1162,1050,1347,1305,1049,1166,1234,974,1229,975,1044,1515,1098,1173,1083,1205,1205,1202,1224,1361,971,1190,1202,968,1423,1318,1010,1131,1335,1239,1103,1425,1211,970,1504,1471,1130,1121,1179,1358,1425,1385,1405,1497,1048,1288,1344,1189,1129,1031,982,1492,1113,1195,1432,1300,1235,1109,1191,967,1077,1440,1043,1228,1209,1510,1432,1463,1342,1052,1081,1039,1513,1111,1271,1148,1067,1030,1400,1170,1297,1380,1150,1311,1493,1137,1355,1513,1189,1292,1003,1258,1169,1162,1098,1186,1347,1106,1126,1270,1339,975,1147,1057,1484,1281,1306,997,1516,1284,1485,1193,1196,1222,1170,1514,1430,1310,1168,1055,1282,1225,1245,1433,1031,1137,1327,1444,1507,1491,1092,1528,1374,1174,1468,1509,1505,1164,1452,1530,1477,991,1440,1128,1137,1286,1104,1349,1388,1059,1126,1335,1340,1263,1403,1445,1090,1258,1334,1043,1493,1478,1358,1227,1388,1449,1449,1154,979
,1103,1140,1515,1118,1098,1486,1316,1529,1236,1531,1457,1196,1180,1484,1135,1234,1098,1191,1043,1350,1317,1273,1318,1479,1506,1132,1099,1029,1196,1117,1499,1520,1127,1362,1242,1512,1205,1204,1120,1231,1317,1411,1033,1323,1517,1235,1216,1475,1500,1419,1439,1084,1345,1437,1518,1413,1400,1235,1469,1226,1527,1019,1094,982,1360,979,1295,1103,1238,1527,1075,1043,1543,1416,1508,1535,1083,1448,1256,1069,1352,1165,1304,1110,1232,997,1466,1104,1230,1322,1244,1483,1081,1241,1448,1080,1454,1276,1090,1486,1080,1147,1455,1219,1111,1422,1363,1539,982,1429,1120,972,1178,1035,1119,1327,1469,1333,1071,1138,1244,1071,1288,1483,1393,1439,1504,1036,1268,1458,1116,1338,1378,1306,1055,1004,1352,1231,1478,1488,1532,1153,1210,976,1511,1529,1469,1490,1380,1328,1470,999,1389,1250,1065,1158,1275,1096,1399,1024,1052,1177,1118,1534,1519,1153,997,1034,1099,1363,1176,1517,1337,1440,1060,1375,1494,989,1206,1356,1293,1436,1294,1137,1529,1012,1319,1521,1098,1355,1208,1287,1152,1056,965,992,1175,1367,1077,1338,1104,1029,999,1073,1490,1429,1181,1375,1520,1111,1125,1296,1217,1143,1004,1386,1260,1274,1480,1474,981,1146,1024,1037,1311,1530,1082,1248,1210,1154,1296,1097,1203,1130,1456,1352,1172,985,1202,1375,1216,1414,1171,1260,1420,1211
,1076,1090,1369,990,1304,1400,1491,1390,1265,1443,1025,1287,1260,1402,972,1340,974,995,1449,1331,1013,1237,1540,1304,1021,1117,1342,1044,1029,1022,1452,1230,1386,1156,1494,1466,1242,1462,1347,1409,1440,1521,1096,992,1099,1294,1282,1115,1178,1092,1190,1459,1258,1541,1488,1310,1266,1508,1067,1382,1106,1399,1236,1493,1119,998,1394,1127,1443,1203,995,1123,1506,1542,1496,1085,1119,1434,1054,1228,1384,1489,1253,1233,1340,1041,1167,1153,1189,1232,1064,1114,1330,1487,1308,1252,1410,1474,1412,1048,1214,1400,1460,1032,1479,1137,1174,1406,1234,1267,1492,1241,1345,1038,1500,1321,1200,1196,1132,1105,1298,1369,1203,1388,1436,1382,1227,1026,1383,1396,1051,1529,1246,1048,968,1298,1241,1215,1070,1227,1341,1365,1021,1018,1335,1085,1290,1117,1181,1255,1090,1405,1471,1022,995,1017,1424,1072,1014,1506,1446,1201,1259,1342,1420,990,1173,1075,1108,985,1537,1223,1268,1454,1535,1304,1073,1081,1535,1116,1230,1007,1177,1364,1306,1277,1081,1486,1323,1485,1201,1253,1277,1507,1290,1116,979,1188,1139,1257,1320,1319,1012,1149,1536,1133,976,972,1055,1015,1230,1044,1412,1415,1205,1035,1137,1057,1537,1087,1192,1196,1113,1493,1103,977,1435,1348,1447,1158,1299,1401,1333,1094,1392,1489,1504,1081,1366,1254,1142,1293,1419,1370,1516,1330
,1115,1127,1421,1108,1543,1052,1333,1265,1205,992,1100,1165,1434,1229,1322,1271,1047,1364,1356,1314,974,1441,1355,1381,1049,1294,1294,1064,1377,1243,983,1274,990,1086,1355,1496,1079,1542,977,1340,1502,1454,1209,1540,1163,1429,1216,1317,1435,1420,1121,1046,1298,977,1050,1366,1036,972,1299,1325,1339,1537,1196,1056,1467,977,1211,1375,1389,1047,1367,994,1523,1014,1060,1055,975,1210,1228,1508,1201,1487,1499,1429,1346,1033,1381,1334,1478,1063,968,1135,1336,981,1539,1400,1325,1448,1268,1156,1099,1500,994,1134,1154,969,1372,1496,1297,1250,1192,976,1485,1035,1025,1475,1072,1137,1405,1456,1175,1525,1381,1467,1455,1483,978,973,1318,1129,1234,1273,1050,1455,1170,1208,1237,1151,1241,1307,1172,1214,1514,1010,1087,1493,1161,1481,1237,1510,1339,1014,1175,1150,1272,1334,1525,1038,1493,1074,1258,1230,1467,1422,1195,1008,1235,1401,1271,1498,978,1027,1507,990,986,1385,1334,1274,1490,1235,1457,1379,1248,1212,1425,1337,1021,1038,1284,1273,1317,1191,1501,1030,1463,1380,1260,1430,1044,1439,1257,1349,1440,1317,1476,1268,1246,1054,1490,1468,1277,1263,1058,1252,1428,1463,1329,1163,1253,1146,968,1007,1197,1227,1279,1445,1223,1220,1422,1144,1026,1156,1013,1268,1115,1228,1269,1503,1213,1395,1302,1483,1250,1256,1236,1533
,1255,1391,1536,1035,1225,1457,1016,1386,1006,1386,1195,1187,1060,1337,968,1057,1303,1081,1494,999,1485,1127,1531,1196,1375,1290,1020,1313,1478,1407,1462,1225,1327,1247,1255,1227,1112,1194,1171,1474,1281,1042,1423,1110,1073,1326,1267,1089,1515,1401,1407,1056,1511,1382,1119,977,1064,1489,975,1537,1282,1399,1040,1458,1161,1010,1029,1217,1276,1143,1020,1258,1025,1019,1065,1175,1149,1022,1052,1357,1173,1079,1171,1452,1159,1173,1143,1211,1009,1535,1083,1407,1040,1073,1321,1402,1388,1521,1244,1267,1070,1212,1295,1221,1210,1178,1063,1227,1502,1108,1498,1222,1251,1115,1076,1408,1151,1192,1534,1220,1371,1522,1484,1146,1503,1373,966,1342,1283,1047,1518,1123,1524,1044,995,1001,1109,1128,1037,1415,1507,1289,1438,1419,1064,1487,1144,1389,1497,969,1449,1151,1337,1346,1023,1114,1509,1184,1253,1107,1024,1159,1001,1062,1116,1129,1419,1254,1218,1229,1137,1183,1058,1226,1418,1446,1431,1430,1308,1251,970,1035,1368,985,1096,1182,1519,1438,1200,1281,1305,1168,1166,1269,1527,1147,1310,1494,1489,1022,1407,1069,967,1510,1374,1456,1262,1264,1369,1166,1456,1092,1478,1324,1304,1365,1121,1403,1239,1100,1354,1513,1421,1244,1246,1121,981,1359,1478,1013,1287,1186,1012,1171,1111,1120,1350,1486,1476,1314,1106,1214,1365,1339,1124,1434
,1148,1025,1538,1157,1149,1207,1306,1223,1314,991,1113,1529,1016,1358,1238,1082,1490,1199,1280,1350,1458,1163,1026,1392,1304,1038,1025,1299,1286,971,1508,1508,1511,1209,1234,1487,1259,1028,1359,1416,1293,1078,1162,1309,1072,1190,1452,991,982,1105,1162,1474,1432,1346,1170,1284,995,1037,1449,1514,1020,1257,1238,1170,1201,1243,1255,1236,1057,1012,1150,1180,1428,1113,1063,1137,1506,1535,1226,1470,1532,1406,1501,1034,1039,1258,1178,1109,1476,1185,1221,1438,986,1498,1307,1271,1449,1450,1171,1496,1166,1464,1147,1476,1165,1505,1250,1403,965,1347,1276,1172,1312,1030,1406,1323,1181,1262,1217,1517,1117,1132,1415,1175,1129,1155,1236,973,1528,1029,1275,1225,1540,1048,1315,1529,1181,1473,1462,1300,1260,1055,1496,1408,1084,1477,1512,1308,1374,1486,1472,971,1069,1009,1479,1065,1470,1115,1022,1130,1161,1114,1515,1442,1474,1025,1112,1337,1476,1009,1301,1356,1070,1411,1305,1035,1480,1416,1375,1135,1346,1190,1225,1436,1419,1209,1457,1119,1023,1512,1486,1484,1364,1235,1227,1300,1031,1385,1337,1530,1541,1317,1423,1150,1318,1316,979,1154,1242,1135,1227,1167,1225,1186,1069,1382,1323,1435,1333,1048,1248,1085,1037,1155,1203,1179,1033,1243,1476,1213,1068,973,1500,1505,997,1007,981,1498,1493,1509,1120,1000,1194,1502,1166,1456
,1403,1008,1003,1508,1171,981,1280,1291,1066,1417,1459,966,1493,1341,996,1428,1197,1439,1180,1310,1159,1220,1159,1238,1329,1112,1367,1113,1200,1540,1417,1388,1457,1324,1237,1191,1333,1030,1016,1345,1527,1471,1261,1093,1236,1245,1209,1429,1035,1132,1095,1389,1365,973,1149,1542,1413,1405,1427,1017,1187,1120,1421,1067,1101,1081,1417,1343,1290,1015,1476,1295,975,1387,1490,1339,1498,1440,1408,1289,1480,1310,1283,1030,973,1133,1369,1204,1216,1051,1062,1065,1411,1048,1228,1100,1076,1357,1441,1347,1050,1047,1251,1444,1378,1495,978,1072,1071,1412,1396,1503,1072,1516,1127,1472,1025,1250,1130,1438,1285,1328,1487,1166,1503,1355,1063,1224,1358,1309,1097,1263,1469,1372,1388,1477,1068,1085,1018,970,1132,1486,1011,1031,1348,1363,1085,1293,1157,1526,1353,1527,1243,1519,1312,1208,1178,1026,1246,1411,1230,1040,1215,1322,1186,1185,978,1306,1058,1083,1304,1110,977,1166,1160,1054,1152,1143,1252,1046,1224,1125,1037,1426,1129,1477,1273,1346,1493,1333,1098,974,1049,1471,1428,1262,1498,1096,1241,1089,1410,1049,1324,1397,1498,1051,1296,1139,1444,1295,1243,1400,1312,1411,1380,1008,1225,1044,1539,1249,1398,1436,968,1245,1073,1174,1036,1453,1241,1353,1033,1064,1285,990,970,1508,1078,1410,1356,981,1119,1094,1509,1292,1238,1074
,1042,1161,1502,1034,1280,1482,1405,1190,1129,1104,1438,1312,965,1339,1019,1023,1405,1139,1444,1488,967,1457,1024,1060,1045,1206,1003,987,1469,1516,1135,1467,1059,1240,1059,1403,1203,1361,1150,1056,1264,1500,1174,1150,1090,1118,1427,1092,1140,1428,1031,1129,1469,1504,1398,979,1451,1001,1276,1196,1056,1470,1224,1238,1423,1175,1183,1107,1424,1467,1466,1422,1233,969,1000,1250,1467,1067,1145,1082,1106,1434,1532,1319,1017,1185,1295,987,1285,1253,1070,1248,1160,1449,1036,1037,1217,1236,1179,1275,1223,1414,1037,1086,1497,1397,1117,1405,1514,1022,1123,1169,1270,993,1516,1113,1224,1223,1330,1187,1198,1435,1115,1414,1336,1493,1413,1235,1496,1429,1302,1380,1221,1059,1061,1293,1355,1339,1012,996,1209,1486,1057,1235,1157,1017,1509,1299,1199,1313,1411,1165,1117,1451,1538,1440,1039,1130,1103,1143,1322,1272,1145,1468,1363,1246,1104,1425,1436,1257,1245,1210,1079,1377,1450,1112,1034,1475,1032,1188,1090,1494,1335,1483,1515,1381,1366,1389,1478,1299,1397,1469,1398,1112,1245,988,1135,1175,1086,1157,1380,1040,1390,1167,1249,1064,1098,1239,1530,1318,1331,1244,1284,1193,1018,1478,986,1087,1463,1324,1290,966,1073,1440,1132,987,1356,1543,1288,1488,1143,1179,1341,1001,1351,1355,1247,1092,1111,1255,1126,1092,1393,1239,1231,1275
,999,1543,1286,1283,1526,1004,1232,1491,1006,1104,1040,1489,1319,1055,1366,1001,974,1540,982,1332,978,1284,1013,1443,1424,1444,1143,1251,1457,1467,1346,1139,1105,1363,1513,1149,1478,1114,1341,1151,1471,1318,1034,1183,1368,1328,1171,1312,989,1015,1173,1523,1261,1000,1208,1225,1110,1083,1065,1128,1078,1123,1424,1450,1490,1133,972,1206,1118,1200,1251,1540,1054,1203,1281,1092,1288,1280,1316,1115,1016,1191,1498,1085,1156,1286,1464,1369,1325,1323,1525,1449,1472,974,1360,983,1510,1069,1464,979,1306,1246,1354,997,1394,1231,1353,1083,1181,1309,1186,1484,1146,1116,1254,1447,1075,1538,1412,1100,1393,1517,1264,1336,1016,1147,1442,1110,1155,1111,1497,1278,1123,1117,990,1197,1088,1108,1216,1413,1014,1245,1174,1294,1108,1455,1179,1224,1027,1138,1224,1289,1071,1434,1379,1260,1171,1269,1405,1532,1017,1431,1250,1009,1494,1361,1448,1332,1121,1136,1127,1304,1241,1489,1192,992,1060,1466,991,1215,1367,1526,1347,1037,1101,1417,1290,1165,996,1020,1508,1398,1078,1252,1431,1163,1011,1196,1407,1504,1203,1458,1446,1382,1384,1313,1507,1036,998,1181,1511,1328,1520,1436,983,1330,1380,1123,1194,1491,1383,1339,1159,1114,1188,1487,1063,1373,1113,1246,1172,1241,1516,1276,1243,1115,1258,1067,1045,1402,1222,1265,1270,1134,1218,1179
,1450,1164,1060,1047,1437,1446,1000,1411,1302,1471,1141,1219,1367,1346,1267,1023,1157,1433,1354,974,1294,1502,1456,1332,1179,1296,1419,976,1355,1046,1280,1472,1037,1506,1404,1178,1374,1037,1291,1063,1183,999,1536,1132,1118,1422,1236,1122,1371,1479,1250,1315,1437,1115,1425,1375,1051,1527,1015,1346,997,1504,1237,1385,1112,1240,1030,1053,1359,1056,1363,1109,1003,1459,1215,1369,980,1221,1489,1421,1388,1416,1365,1208,1062,1023,1337,1484,1214,1296,1403,1292,1075,1088,1401,1011,1492,1333,1287,1042,1024,1029,994,1353,1499,1500,1016,1531,1357,1130,1188,1229,1117,1288,1066,1181,1257,1057,1503,1025,1285,1435,973,1469,1202,1420,1522,1082,1193,1004,1333,1331,1326,1247,1089,1506,1320,1406,1372,1451,1539,1471,1011,1404,1282,1057,1445,1471,1085,1071,1029,1529,1072,1206,1297,1192,1448,1316,1471,1326,995,1444,1374,1450,1322,1170,1471,1217,1392,1067,1488,1507,1283,1001,1011,1315,995,965,1355,1356,1089,1139,1527,997,1219,1276,1497,1333,1144,1426,1470,1338,1127,1314,1089,1188,1293,1302,1537,1319,1278,1410,1068,1445,1311,1481,1296,972,1526,1456,1329,1483,1433,1243,1191,1189,1380,1513,1100,1331,1043,1058,1537,1528,1054,1015,1530,1015,1234,984,1124,1478,1131,1061,1126,1359,1051,1379,1126,1312,1017,1428,1108,1425,1152,1192
,1465,1298,1436,1256,1379,1047,1052,1276,1444,1361,1503,1490,1131,1180,1177,1397,1390,1537,1389,1067,1139,1212,1157,1357,998,1491,1529,1113,1406,1210,1052,1177,1440,1135,1267,1079,1083,1193,978,1067,1446,1351,1243,1226,1263,1461,1303,1171,1042,1288,1497,1441,1367,1498,1403,1276,1299,1008,1042,1206,1373,1536,1207,1136,1220,1066,1314,1119,1378,1485,1515,1054,1378,1526,1202,1259,969,1493,1523,1030,1523,1276,1338,1057,1220,1488,1017,1057,1235,1501,1502,1432,999,1367,1045,1173,1380,1517,1166,1152,1310,1394,1269,1162,1217,1471,1398,1531,1288,1065,1330,1022,1361,1182,1174,1516,1262,1276,1275,1453,1422,1169,1027,1338,1369,1345,1358,1033,994,1376,1385,1091,1401,1024,1422,986,1432,1132,1486,1508,1450,1229,1538,1507,1024,1110,1390,1258,1489,976,1228,1157,1303,1191,1432,1143,1447,1525,1444,1477,1197,1154,1029,1129,1108,966,1510,1167,1463,1289,1395,1458,1199,1521,1457,1400,1193,1004,1367,1277,1360,1427,1506,1321,1008,1466,1354,1212,1083,1051,1409,1327,1230,1307,1231,1270,1088,1133,1082,1184,1515,1068,998,1056,1002,1257,1266,1457,1006,1437,1418,1027,1012,1528,982,1076,1340,1458,1013,1128,1093,1364,1011,1534,1041,1215,1212,1133,1290,1177,1488,1213,1534,1378,1382,1238,1428,1465,1404,1476,1464,1146,1492,1533,1036,1332
,1093,1010,1228,1384,1030,1468,1199,1338,1260,1011,1453,1005,1254,1407,1453,1379,1072,1261,1415,1425,1532,1417,1154,1106,1431,1421,1023,1529,1520,1487,1532,1164,1068,1090,1140,1288,1447,1331,1113,1038,1061,1121,1218,1211,1513,1038,1279,1123,1404,1002,1442,1281,1199,1342,1295,1535,1066,997,1526,1183,1423,1330,1446,1492,1498,1435,1142,1300,1505,993,1440,1114,1065,1510,1364,1457,1049,1279,1164,986,1080,1178,1200,1209,1498,1394,1503,1117,971,1218,1033,1067,1430,1336,1201,1105,1232,1278,999,1042,1334,1339,1098,1171,1247,1437,1079,1124,1445,1082,1316,1178,1220,1397,1358,1283,1059,1432,1494,1039,1466,1140,1219,1042,1096,970,1422,1312,1184,1303,1255,976,1342,1236,1123,1373,1396,1432,1426,1344,1088,1417,1525,1236,1370,1067,1297,1424,1506,1494,1322,1538,1099,1347,974,1420,1140,1504,1002,1162,1216,1467,1367,989,1342,1475,1017,1243,1489,1031,1357,1009,1392,1176,1353,1190,1152,1508,1100,1363,1210,1257,1482,1134,1372,1110,1459,1190,1464,1312,1242,1229,1170,1406,1417,1390,1277,1085,1211,1143,1006,1424,1384,1103,1103,1445,1514,1133,1196,1146,1512,1386,1281,1280,1241,1377,1020,1433,1128,1242,1150,1205,1346,1345,1086,1462,1084,1185,1273,1115,1491,1140,1487,1359,1285,1148,1213,1159,995,983,1301,1016,1144,1293,1220,1467
,1429,1284,1150,1018,1070,1077,1060,1440,1093,1337,1312,1537,1167,1187,1394,1466,1128,1433,1232,1140,1391,1453,1333,1071,1530,1490,1315,1137,1152,1174,1321,1047,1313,1033,1063,1279,1090,1273,1540,974,1125,1167,1306,980,1441,1333,1376,982,1478,1074,1414,1141,1103,1542,1301,1419,1057,1218,1277,1318,1442,1271,1241,1245,1177,1028,1238,1329,1528,1227,1024,1412,1454,1096,1213,1039,1201,1491,1505,1345,1075,1131,1329,1196,1251,1456,1491,1168,979,1049,1117,1519,1016,986,1009,974,1239,1503,1037,1079,1527,1403,1282,1057,1368,1072,1230,1517,1317,1463,998,997,1154,1272,973,1322,1386,1065,1491,1373,1365,1332,1161,1003,1120,1307,1174,1428,1021,1090,1184,1300,1306,1251,1395,1232,1315,1242,1226,1178,1258,986,1295,1008,992,1131,1382,1074,1082,1472,1111,1116,1498,1329,1290,1235,1497,1223,1110,1424,1289,1457,1100,1325,981,1122,1211,1061,1442,1192,970,1244,1163,991,1044,1432,1358,1323,1014,1030,967,976,1280,1343,1162,1330,1277,1441,1303,1071,1113,996,1375,1110,1520,1533,1195,1276,1188,1376,1375,1174,1418,1419,1051,1036,1486,1321,1186,1035,1102,1374,1421,1357,1054,1077,1344,1272,1315,1508,1182,1034,1197,1450,1422,1343,1452,1201,1312,1184,1235,1101,1007,1338,1519,1263,1033,1183,1532,1426,992,1240,1086,1013,1111,1278
,1154,1223,1323,1505,1126,1059,978,1055,1054,1340,1096,1428,1180,1005,1425,1458,1314,1410,1271,1203,966,1071,1210,1513,1415,1513,1483,1431,1291,1028,1288,1448,1408,1168,1408,1159,1346,1368,992,1074,1267,1040,1080,1084,1383,1338,1351,1534,1077,1133,1342,1189,1204,1490,1039,1056,1527,1515,1264,1124,1272,1017,1034,1414,1342,1123,1097,1294,1504,1419,1329,1197,1329,1149,1490,975,967,984,1536,982,1501,1009,1218,1531,1364,1198,1173,1040,1316,1058,1181,1430,1507,1383,1116,1372,1262,1346,1238,1358,1333,1109,1018,1061,1528,1525,1018,966,1160,1419,1427,1144,1429,1437,1324,1090,1224,1143,1481,1079,1191,1215,1281,1397,1210,1401,1442,1045,1019,1044,1401,1384,1516,996,1402,1474,1102,1011,1071,1369,1199,1455,1065,1238,1121,969,1344,1415,989,1534,1355,1355,1210,1070,1276,1190,1519,1498,1112,1418,1206,1187,1413,1101,1498,1283,1268,1355,1255,1505,1097,1314,1274,1003,1212,1300,1500,1066,1347,1104,1079,1118,1313,1158,1382,1097,1026,1238,1180,1362,1510,1534,1141,1496,1423,1133,1464,1224,1486,1391,1414,1199,1097,1102,1077,1400,1471,978,1058,1008,992,1130,1355,1538,996,1082,1168,1031,1277,1423,1441,1459,966,1306,982,1505,1513,1458,1078,1031,1392,1254,1307,1119,1075,1495,1531,1257,1306,1153,1496,1255,1468,1392,1151,1190
,1476,1210,1154,1249,1543,1395,1342,1205,1025,1374,1002,1120,1197,1234,1187,1258,1103,1320,1045,1141,1431,1459,1444,1368,1124,1381,1271,1188,1370,1078,1231,1192,1434,1200,1474,1135,1035,977,1312,1260,1464,1122,1370,1126,1183,1452,1333,1235,1112,1362,1541,1106,1031,1439,1029,1359,1254,1462,1448,1260,1447,1338,1156,1254,1278,1274,1219,1151,1197,1022,1206,989,1239,1185,1076,1116,1519,1540,1522,1424,1281,1052,1461,1339,1404,1354,1269,1112,1183,1266,1325,1411,1056,1457,1032,1060,1005,998,1246,1532,1190,1240,1191,1471,1408,1507,1389,1477,1227,1052,1158,1070,1393,1510,1190,1466,1259,1495,1065,997,1539,1018,1050,1200,1381,1017,1036,1352,1536,1248,1398,1301,1157,1388,1431,985,1399,1512,1349,1419,1439,1504,1520,1140,1528,1191,1066,1209,1361,1226,1434,1187,1367,1259,1163,1245,1418,1064,1205,1103,1408,1375,1137,1084,1217,1272,1212,1040,1156,1130,1073,1228,1184,1451,1217,1493,1006,1508,1536,1426,1540,1486,1098,1045,1088,1299,1167,1504,1131,1456,1538,1323,1082,1152,1295,1377,1137,1250,1250,994,1413,974,1213,1195,1542,1512,1120,992,979,1468,1152,1268,1439,1193,1480,1305,1342,1155,1444,1332,1443,1412,1367,1173,1301,1195,1487,1505,1230,1028,1008,1220,1194,1042,1290,1291,1425,1458,1427,1447,1158,1124,1263,1316,1057,1344
,983,1053,1339,1448,1458,1480,1030,1442,1395,1213,1478,1437,1220,1161,1150,1110,980,1291,1116,1278,978,1212,1091,1042,1126,1055,1115,1005,1213,1016,1512,1175,1077,1066,1472,970,1368,1316,1270,1057,1160,1371,1452,1073,1256,1407,1402,1503,1361,1436,1425,1351,1062,1507,1421,1352,981,1161,1516,1412,1432,1336,1193,1440,1259,1183,1377,1363,1137,1285,968,989,1244,1465,1284,1179,1487,1535,1215,1308,1387,973,1425,1280,1257,1067,1233,1477,1081,999,1383,1081,1050,1209,1092,1480,1220,1239,1515,1249,1201,966,1512,1123,1148,1510,1014,1321,990,1513,1046,988,1449,1282,1373,1403,984,1206,1430,1504,1439,1107,1019,1054,1239,1019,1463,1456,1336,1279,1396,1482,985,1190,1241,1121,1430,1302,1113,1163,1146,1158,1345,1400,1274,1249,1172,1248,1461,1310,1282,1373,1285,985,1204,1240,1089,977,1056,1402,1059,1282,1224,1313,981,1247,1084,1246,1284,1126,1013,1249,1525,1212,966,1232,1089,1365,1213,1237,1159,1388,1530,1527,1521,1376,1311,1171,1321,1417,1516,1064,1415,1254,1291,1543,1080,1325,1128,1192,1287,1353,1147,1460,1442,1170,1227,1509,1018,1002,1101,1000,1160,1142,1314,1361,1086,983,1181,1111,1357,1542,1498,1424,1031,1328,1369,1320,1207,1449,1191,1324,1261,1001,1250,1380,1420,1181,1297,1497,1272,966,1121,1156,1205,1192
,1437,1429,1143,1103,1297,1091,1330,1162,1279,1088,1467,971,995,1290,1158,1374,1357,1184,1259,1476,1412,1184,1343,1496,1069,1238,1212,1314,1018,1451,1500,1416,1369,1057,1096,1423,1358,1195,1025,1415,1494,1444,1017,1118,1517,1085,1434,1392,1294,1175,1025,1533,1292,1397,1480,1096,1277,1500,1193,1128,1286,1246,1224,1377,1459,1370,1110,1161,1425,1021,1502,979,966,1335,1542,1432,1293,969,1501,1007,1279,1351,1134,1096,1405,1449,1430,1488,1234,1340,1140,1427,1114,1425,988,1364,1334,1002,1049,1077,1004,1143,1094,1009,1276,1210,1433,1088,1046,1478,1010,998,1438,1424,1414,1522,1427,997,1184,1059,1043,1039,1028,1246,1076,1280,1071,1038,1322,1450,1238,1390,1204,1534,1433,1386,1357,1051,1079,1206,1089,1283,1255,1454,1155,1492,1223,1196,1261,1405,1145,1289,1237,1199,1260,1035,1465,1141,1494,1414,1245,1149,1193,967,1136,1062,1461,1221,1434,1264,1389,970,1486,1243,1326,1296,1329,1374,1116,1115,1076,1274,996,1147,1429,1280,1294,1407,1331,1526,1340,1494,1437,1076,1128,1077,1436,1033,1412,1169,1016,1178,992,1203,985,1514,1514,1106,1426,1285,1353,1121,1238,1008,1484,1181,1251,1127,1292,1026,995,977,1499,1225,1040,1056,969,1124,1151,1527,1527,1284,1227,1159,974,1539,1424,1488,980,1443,1539,1334,1470,1455,1347,1304
,991,1275,1407,1002,1312,1478,1505,1026,1294,1476,1150,1059,1197,1116,1178,1508,1427,1197,1501,1319,1145,1479,1540,1429,1130,1371,1000,1099,1089,1037,1162,1283,965,1485,1089,1373,1492,1543,1306,1144,1439,1072,998,1294,1342,1408,1467,1377,1403,1353,1489,1047,1213,1025,1079,1520,1075,999,1414,1438,1073,1121,1208,1442,1311,1044,1003,1178,1056,1391,1445,1510,1461,1397,1279,1048,1178,1391,1391,1091,1044,1397,1327,1513,1314,1212,1541,1395,1529,1278,993,1172,1068,1003,1431,1274,1406,1345,1112,1485,1171,1211,1134,1115,1341,1516,1077,1158,1023,1390,1286,1396,1114,1454,1367,1246,1180,1026,1539,1066,1308,1197,1396,1011,1406,1483,1063,1509,1121,1170,1150,1019,1428,1051,1157,1510,1478,1135,1118,1048,1372,985,1495,1039,1278,1197,1087,1507,1257,1450,1447,1529,1046,969,1076,1255,1534,1371,1017,1256,1510,1030,997,1390,1278,1311,1507,1323,1270,1252,1292,1012,1362,1049,1272,1124,1402,987,993,1430,1354,1381,1447,1057,987,1306,1103,1259,1023,1444,1541,994,1238,1417,1328,1232,1521,1533,1221,1500,1077,1148,1296,1388,1083,1348,1307,1410,1185,1475,1057,1033,1280,1053,1519,1075,1259,1515,1442,1491,1314,1398,1040,1493,1053,1017,1304,1312,1127,1175,1423,1497,992,1152,1253,1154,1009,1435,1064,1073,1349,1248,1224,1325,1243,1499
,1420,965,1239,1010,1092,1530,1339,1484,1330,1422,1455,1224,1066,1313,1104,1355,968,1088,1328,1013,1535,1531,1221,1157,1065,1234,1282,1230,1075,1319,1003,991,1163,1514,1447,1361,1543,1358,1004,1467,1348,1311,1278,1102,1536,1026,1054,968,1213,1066,1505,1132,1180,1535,1466,1146,1303,1320,1224,1461,1350,1295,1487,1156,1401,1291,1416,1189,993,1208,1487,1244,1516,1377,1121,1179,1439,1374,1417,1363,1312,1371,1047,1521,1157,1395,1437,1388,1135,1237,1096,1367,1332,1369,999,996,1297,1220,1061,1318,1496,1260,1248,1202,1090,1531,1340,1128,1069,1318,1213,1114,1179,1078,1401,989,1087,1513,1415,1292,1287,1253,1132,1104,985,1100,1007,1245,1244,1375,1081,1534,1119,1373,1125,1241,1361,1250,970,1140,1021,1287,1311,1335,1117,1479,1043,1115,1319,1017,1196,1168,1316,1536,1130,1351,1241,1506,1026,1283,1128,1130,1088,1489,1334,1159,1474,1420,1474,1385,1058,1366,1406,1030,1159,1225,983,1128,1418,1260,1393,1152,1263,1076,1208,1109,1521,1384,983,1076,1437,1192,1388,1065,1387,1177,1214,1338,974,1048,1191,1402,1169,1478,1292,1153,1107,1424,1214,1504,1085,1517,1269,1424,1243,1419,1518,1191,1325,1489,1430,1103,1472,1184,1198,1335,992,1369,1497,1287,1242,985,1504,1025,1393,1054,1453,1194,999,1246,1357,1489,1476,1337,1139,1017
,1204,1458,1485,1082,1280,1226,1490,1278,1464,1008,1229,1069,1255,1072,1237,1153,1298,1039,1254,1346,1165,1317,1503,1067,1516,1489,1218,1033,1043,1416,1192,1012,1132,986,1372,1332,1466,1406,1022,1231,1354,1358,1540,1045,1521,1086,1428,1479,1386,1423,1484,1302,1051,1241,1039,1350,1499,1436,1350,1267,1244,996,995,1014,1153,1274,1245,1093,1043,1454,1180,1468,1428,1481,974,1473,1088,1360,1081,1306,1013,1360,1352,987,1517,1344,1040,1061,994,1125,1044,1238,1404,1529,1214,1474,1163,1111,1349,1281,1230,968,1228,1431,1329,1315,1270,1222,1006,1106,1267,1310,1510,1016,1331,1238,1290,1125,1543,1358,1038,1415,1011,1445,1445,1185,1302,1351,974,1357,1036,1475,1229,1056,1017,1533,1073,1306,1110,1308,1519,1121,1069,1253,1243,1264,1248,1191,995,1259,1051,1164,1429,1371,1355,986,1202,1224,1169,1377,1185,1032,1301,1446,1306,1021,1404,1425,1073,1153,986,1543,1199,1212,1025,1249,1541,1312,1537,1048,1280,1273,1074,1336,1218,1476,1258,1318,1064,1482,969,1340,1107,1317,1086,1096,1471,1036,1520,1169,1516,1182,1416,1224,1233,1388,1027,1294,1462,1337,1437,1442,1192,1298,1163,1282,1100,1486,1248,1261,1212,1373,1422,1069,1250,994,1542,1300,1228,1431,998,1424,1380,1188,1457,1219,1479,1287,1530,1144,1111,1482,1078,1357,1105,1442
,980,1051,1096,1340,1164,1455,1228,1306,1087,1452,1195,1299,1432,1311,1338,1523,1124,1528,1254,1203,1197,1061,1533,1266,1371,1479,1077,1475,1327,1024,1456,1468,1320,1109,1081,1317,1241,1089,1135,1051,1053,1421,1177,988,968,1214,1165,1243,1177,976,1106,1220,1496,1225,1163,1437,1283,1218,1098,1229,1448,1047,1276,1413,1488,1530,1169,1163,1285,1152,1371,982,1361,1131,1253,1450,1049,1242,1465,1533,975,1498,1107,1029,1092,1017,1397,1183,1290,1392,1189,1535,978,989,1035,1223,1454,1456,1440,1119,1160,1204,1537,1025,971,1255,1262,1316,1220,1397,1341,1090,1151,1310,1130,1482,1423,1283,1052,1054,1189,988,1309,1005,983,1184,1202,1209,1003,1521,1159,1513,1327,1018,1231,1048,1283,1523,1220,1409,1092,1441,1416,1377,1261,1303,996,1000,1109,1365,1425,1223,1167,1000,1066,1154,1271,1098,1274,1138,1162,1104,991,1218,1468,1461,1095,1327,1271,1409,1041,1257,1188,1075,1359,1441,1504,1105,998,1291,1140,1198,1135,1484,1344,1543,1039,1250,1353,1374,1122,1326,1047,1465,1089,1409,1502,1145,977,1172,1397,1458,1191,1117,1273,1129,1516,1266,1312,1485,1235,1348,1108,1225,1496,1061,1414,1375,1394,970,1433,1128,1238,1281,1020,1516,1143,1465,1425,1309,1044,1431,1118,1341,1057,1132,1037,977,1091,1160,1506,1014,1517,1145,1299,1271
,1248,1380,1408,1164,1534,1067,1282,1102,1403,1029,1478,1458,1247,1331,1353,1383,1434,1157,1098,1046,1064,1346,965,1110,1075,1271,1009,1473,1013,1539,1005,1220,1467,1240,1506,1480,1024,1329,1465,1244,1017,1472,1421,1239,1398,1442,1538,1071,1452,1274,1478,1313,1533,1023,1463,1431,1027,1113,1501,1316,1017,970,1100,1254,1241,1321,1108,1239,1249,1343,1243,1348,1246,1356,1140,1419,1178,1503,1446,1017,1281,1078,1540,1013,1447,1180,1373,1156,1429,1183,1041,1395,1395,1205,1297,1035,1103,1325,970,1005,1529,1154,1173,1267,1331,1356,1053,1217,1335,1115,1266,1479,1268,1023,1342,1349,1381,1060,1217,1033,1202,1394,1137,1223,1087,1419,1370,1308,1431,1179,1010,1050,1537,1294,1222,1529,1141,1481,1154,1124,1327,1519,1402,978,1191,1275,1148,1239,1305,1464,972,1162,1318,1418,1032,1197,1332,1005,1269,1517,1354,1479,1237,1318,1495,1105,1105,1476,1327,1011,1340,1141,982,1312,1102,1321,1063,1145,997,1471,1502,1354,1129,1413,996,1034,1326,1077,1041,1201,1120,1351,1319,1214,1030,1319,1026,1301,1193,1230,1128,1236,1416,1092,1274,1369,1182,1453,1351,1410,1159,1323,1121,1045,1465,1243,1004,1522,1010,1076,1120,1291,1480,1189,1189,1171,1450,1109,1162,1386,1234,1289,1447,1331,1015,1242,994,1129,1471,1156,967,1239,1325,1354,1433,1174
,1437,1158,1524,1292,1032,1420,1199,1407,999,1053,1306,1369,1492,1428,1356,1377,1165,1171,1282,1341,1508,1431,1069,1385,1503,1224,1276,1360,1495,1353,1127,1170,1470,1079,1108,1395,1100,1424,1403,1045,998,987,1417,1055,1207,1270,1332,1340,1039,1145,1413,1230,1413,1337,1402,1170,1178,1400,1401,1393,1257,1508,1361,1466,1424,1453,1051,1202,1074,1074,1023,1497,1511,1288,1413,1292,1198,1456,1216,988,1008,1272,1525,1542,1495,1152,1522,1269,1191,1165,1215,1184,1379,1144,1151,1435,1504,970,1001,993,1440,1202,1195,1235,1135,1442,1120,1500,1540,1264,1320,1300,1268,1317,1292,966,1329,1035,1264,1339,1020,1385,1008,1198,1214,1296,1524,1350,1392,1481,1204,1006,1165,1249,1225,1253,965,1541,985,1183,1262,1365,1015,1367,1206,1463,1417,1123,1142,1124,1410,1496,1408,1225,1308,1298,1296,1216,1171,1178,1434,1116,1257,1328,1443,1146,1401,1291,975,1179,1353,1161,1138,1426,1403,1542,1137,1421,1378,1110,1522,1087,1438,1201,1124,973,1398,1470,1280,1410,1125,1451,1150,1357,1352,1447,1517,1402,1415,1237,991,1271,1274,1427,1301,1252,1400,1529,1473,1521,1268,1114,1136,1185,1029,1437,1181,1203,1101,1259,970,1046,1527,966,1193,1001,1017,1502,1516,1528,1302,1228,1367,1503,1452,978,1535,1094,999,1108,1216,1185,1267,1091,981,1027
,1120,1231,1174,1517,1180,1036,1254,1356,1520,1346,1300,1466,1410,1525,1121,1083,1045,1535,1467,1409,1084,1481,1176,1012,995,1222,1464,1315,1267,1196,1239,996,1541,1372,1209,1300,1539,1025,1072,1537,1371,976,1305,1308,1478,1016,1023,980,1198,1311,1421,1438,1224,1409,1290,967,1236,1043,1237,1039,1072,1437,1529,1387,1082,1454,1056,1501,1247,1525,1107,1536,1258,1095,1348,1202,1086,1361,1083,1504,1081,1335,1032,1199,1415,1341,1479,1165,1332,1504,1542,1120,1179,1432,1121,1458,1230,1431,1405,970,1375,1181,1272,1353,1154,1397,1380,1184,1198,1510,1212,1494,1381,1454,1382,1005,1021,998,1492,1170,1386,1200,1491,1226,1152,1113,1297,1071,1300,1442,1172,1047,1340,1247,1400,1011,1510,1456,1094,1512,1455,1007,1402,974,1400,1037,1398,1347,1122,1238,1383,1015,1127,986,1210,1020,1365,1127,1520,1510,1510,1006,1388,1186,1351,1491,1503,1262,1451,1494,1004,1147,1234,1281,1000,1071,1065,1541,1488,1222,1099,1225,1175,1145,1406,1444,1516,1323,1078,1393,1237,1126,996,1379,1390,1114,1473,1073,1012,1058,1478,1309,1205,1497,1388,1236,1490,1475,1051,1227,1085,1130,1130,991,1064,1439,1470,1162,1525,1372,1039,1023,1006,1345,1486,1134,1199,1298,1467,1231,1408,1410,1119,1026,1164,1286,1524,1084,1030,1316,1538,1501,1067,1312,1228,1120
