0,106,68,45,123,114,32,89,80,70,73,47,120,73,27,10,25,22,19,8,44,42,70,125,49,47,12,100,55,16,35,116,65,24,14,68,94,93,23,74,24,65,97,55,87,22,22,37,73,90,40,24,74,67,121,119,48,59,53,49,58,115,111,50,32,46,50,57,31,129,81,78,45,45,38,36,42,52,46,77,66,76,40,65,43,39,73,49,36,53,80,42,39,67,93,46,42,43,109,48,43,97,63,89,83,81,73,69,66,62,52,45,46,45,133,67,80,50,128,56,49,55,112,56,93,76,54,80,52,124,82,56,97,71,68,53,59,55,54,105,97,60,68,66,84,60,58,85,68,77,108,64,83,88,89,133,129,67,74,61,67,94,132,65,62,133,90,78,64,120,88,67,93,66,68,75,87,69,69,141,113,69,97,80,122,85,84,137,132,109,104,94,85,79,96,130,74,77,79,75,98,89,123,82,80,133,99,79,142,127,147,92,141,120,85,89,83,98,89,86,84,83,83,87,89,151,142,131,84,84,87,105,97,99,100,133,117,95,88,95,119,108,90,87,100,116,96,95,95,102,95,94,92,89,96,103,127,153,108,94,143,98,116,95,107,109,96,97,106,107,99,98,101,106,100,115,143,100,137,118,100,98,99,126,127,115
106,0,38,151,17,8,74,17,26,176,33,153,15,33,80,113,130,86,89,105,64,147,175,21,59,61,110,13,54,116,139,16,45,88,105,173,19,20,125,179,94,169,22,158,30,102,112,138,177,29,76,100,177,171,27,26,149,161,65,149,160,27,26,69,127,145,150,62,122,34,41,44,76,77,86,92,139,151,143,48,167,178,132,165,86,93,174,79,119,149,50,131,116,164,45,93,100,128,40,137,122,46,158,52,56,57,64,68,71,75,89,123,128,110,49,161,178,132,49,91,123,141,48,92,56,69,136,176,109,51,67,100,58,79,82,117,98,109,113,56,60,97,87,91,178,103,110,178,152,166,60,143,174,181,182,60,60,148,160,117,146,187,62,107,127,63,76,88,122,64,79,139,184,129,138,156,175,117,118,70,70,128,187,160,70,92,166,72,71,75,77,84,94,155,183,72,119,149,154,139,186,170,76,107,150,76,87,145,78,77,80,98,80,81,111,163,141,179,110,117,125,133,138,155,160,85,83,83,128,135,153,95,103,178,180,85,89,107,123,169,90,96,119,143,177,92,110,112,167,105,114,117,122,139,166,180,91,92,102,158,91,168,99,127,183,187,157,158,181,110,123,125,169,112,122,194,96,125,98,105,128,145,155,102,103,111
68,38,0,113,55,46,36,21,12,138,6,115,52,7,42,75,92,49,51,67,26,109,137,58,22,24,73,33,19,78,101,49,14,51,67,136,29,28,87,141,57,131,33,121,26,65,75,100,140,29,41,64,140,133,55,54,112,123,33,112,123,51,48,37,90,108,113,32,85,64,29,28,43,44,51,57,102,114,106,31,130,140,96,128,53,59,137,47,83,113,36,95,81,128,42,60,67,93,52,101,87,46,121,44,43,43,44,46,47,49,59,88,93,77,73,125,141,98,69,62,89,106,58,62,50,50,102,140,77,68,51,70,54,56,58,85,69,78,82,58,55,69,63,65,142,74,80,142,118,131,62,110,139,145,146,78,75,114,126,86,112,151,78,79,95,79,63,67,91,72,65,106,148,98,106,123,140,89,89,87,71,98,152,126,77,73,132,86,83,72,71,71,75,123,149,82,92,118,122,108,152,137,80,84,119,86,76,114,92,83,96,81,92,82,89,131,112,146,90,94,99,106,110,125,129,101,95,89,102,108,122,84,87,146,147,91,86,89,99,137,87,86,97,115,145,87,92,93,136,90,94,96,99,112,135,148,91,105,91,129,100,137,92,104,151,155,128,129,149,96,103,104,139,98,103,162,103,105,101,97,107,120,128,99,100,100
45,151,113,0,168,159,77,134,125,25,118,4,165,118,71,38,22,65,62,47,88,9,25,170,93,92,42,144,99,38,18,161,109,65,49,26,139,138,30,31,62,25,141,20,131,55,46,26,33,134,81,57,33,29,165,163,24,25,94,25,26,159,155,91,37,27,26,99,42,173,124,120,85,84,75,70,33,29,32,119,34,39,39,34,79,72,39,87,50,36,121,44,56,39,135,78,71,49,151,45,55,139,42,129,123,121,112,107,103,99,85,56,52,67,176,45,50,53,171,87,60,50,154,87,133,113,55,52,74,166,119,83,136,106,101,69,87,77,74,145,136,88,100,96,58,85,79,59,58,57,148,61,59,61,62,174,170,61,59,79,63,65,172,88,73,173,125,110,79,159,122,70,67,76,71,66,67,87,86,181,151,80,72,69,160,115,70,177,171,145,139,128,115,72,73,168,91,75,74,80,76,74,161,106,78,172,132,81,181,164,186,121,179,156,108,81,88,81,112,106,100,94,91,84,83,189,179,168,99,94,86,136,124,84,84,169,151,121,105,85,153,139,110,94,86,149,120,118,87,129,118,115,111,98,89,88,161,191,137,92,179,92,146,112,92,93,96,96,93,133,118,117,95,132,120,97,178,119,171,147,118,106,102,157,159,141
123,17,55,168,0,9,91,34,43,193,50,170,5,50,97,130,147,103,106,122,80,164,192,8,75,78,127,26,71,132,155,14,61,105,122,190,33,34,142,196,110,186,33,175,43,119,129,154,194,42,92,117,194,187,24,24,166,177,81,166,177,27,29,85,143,162,167,77,138,27,54,58,92,93,102,108,156,167,160,61,183,194,148,182,101,109,191,94,135,166,63,147,132,181,54,108,115,144,45,153,138,55,174,62,68,69,77,82,85,89,104,139,144,126,44,178,194,148,46,106,139,157,52,106,65,82,152,192,124,51,78,114,66,92,96,132,112,123,128,62,68,111,101,104,194,118,125,194,168,182,65,159,190,196,197,58,59,164,176,131,161,203,60,121,141,61,86,100,136,67,90,154,199,144,153,171,190,131,132,67,75,142,202,175,73,103,181,70,71,81,85,94,105,170,199,73,133,164,169,153,201,185,78,119,165,76,96,159,76,79,77,108,78,85,123,178,155,194,122,129,137,146,151,170,174,82,82,85,140,149,167,103,113,193,195,87,94,117,135,183,95,103,130,156,192,98,121,123,181,114,124,128,133,151,180,195,94,89,110,172,91,182,106,138,197,202,170,172,195,119,134,136,182,122,133,208,97,136,100,112,139,158,168,107,107,119
114,8,46,159,9,0,82,25,34,184,41,161,7,41,88,121,138,94,97,113,71,155,183,13,66,68,118,17,62,123,146,11,52,96,113,181,24,25,133,186,101,177,25,166,35,109,120,145,185,34,83,108,185,178,22,22,157,168,72,157,168,24,25,76,134,153,158,69,129,29,46,49,83,84,93,99,147,158,151,53,174,185,139,173,92,100,182,85,126,157,55,138,123,172,48,99,107,135,40,144,129,48,165,55,60,62,69,73,77,81,95,130,135,117,44,169,185,139,45,97,130,148,48,98,59,74,143,183,115,49,71,106,60,84,88,124,103,115,119,57,62,103,93,96,185,109,116,185,159,173,61,150,181,188,189,57,57,155,167,123,152,194,59,113,133,60,80,92,128,63,83,145,190,136,144,163,182,123,123,67,70,133,194,166,70,96,172,69,69,76,79,87,98,161,190,70,125,156,160,145,193,176,75,111,156,74,90,150,75,76,77,101,77,81,115,169,147,186,115,122,130,138,143,161,166,82,81,82,133,141,158,97,107,184,186,84,90,111,128,175,90,98,123,148,183,93,114,116,172,108,117,121,126,144,172,186,91,88,104,164,89,174,101,131,189,193,162,164,187,113,127,129,174,115,126,200,94,129,97,106,132,150,160,103,103,113
32,74,36,77,91,82,0,57,48,102,41,79,88,41,7,39,56,13,16,31,13,73,101,93,17,16,37,68,23,42,65,84,33,17,32,100,62,61,51,105,24,95,65,85,55,32,41,65,104,59,20,31,104,97,89,87,76,88,27,77,87,84,80,26,55,73,78,31,51,98,51,48,26,26,27,30,68,79,72,48,95,105,62,93,31,34,102,32,51,78,52,62,51,93,64,38,41,61,79,69,57,68,88,61,56,55,49,46,44,43,41,58,62,50,102,92,107,67,98,45,60,74,83,46,66,53,71,106,53,95,58,50,70,52,51,59,52,55,57,78,71,52,53,53,109,56,58,109,87,99,81,80,106,112,113,104,100,84,94,64,83,118,103,61,70,104,68,62,68,93,68,79,116,74,79,93,109,69,69,112,88,74,120,97,95,69,102,109,105,85,81,75,70,94,117,103,73,90,94,84,120,107,98,73,92,107,80,89,115,101,119,77,114,96,77,103,89,117,80,81,82,86,88,99,102,123,115,106,84,87,97,87,83,117,118,108,96,83,84,110,97,90,84,93,117,96,85,85,109,88,86,86,87,92,109,120,104,127,92,104,118,111,97,91,123,127,105,106,122,94,92,92,113,94,93,133,119,94,115,101,96,101,106,106,108,100
89,17,21,134,34,25,57,0,9,159,16,136,31,16,63,96,113,69,72,88,46,130,158,36,41,44,93,13,37,98,121,28,28,71,88,156,12,11,108,161,76,152,17,141,18,85,95,120,160,19,59,83,160,153,36,34,132,144,48,132,143,33,30,52,109,128,133,46,105,45,28,30,60,60,69,75,122,134,126,34,150,160,115,148,69,76,157,62,102,132,38,114,99,147,36,76,83,111,39,120,105,39,141,42,44,45,51,54,57,60,73,106,111,93,55,144,161,115,53,75,107,124,47,76,47,56,119,159,93,54,55,84,50,65,68,101,82,93,97,51,52,82,73,76,161,88,94,161,135,149,55,127,157,164,164,64,61,132,143,101,129,170,64,92,110,65,65,74,106,62,68,122,167,113,122,140,158,102,102,73,65,112,170,143,68,80,149,74,71,68,69,74,81,139,167,71,104,133,138,123,169,153,72,93,134,76,77,129,80,75,83,86,81,76,97,147,126,163,97,104,110,118,123,140,144,88,84,81,113,120,137,85,92,162,163,83,82,95,109,153,83,87,105,128,161,85,98,100,151,94,101,104,108,124,150,164,86,93,92,143,90,152,91,113,167,171,141,143,165,99,110,112,153,102,110,178,94,112,94,97,115,131,140,96,97,102
80,26,12,125,43,34,48,9,0,150,7,127,40,7,54,87,104,60,63,79,37,121,149,45,33,35,84,21,28,89,112,36,20,62,79,147,17,16,99,152,68,143,22,132,17,76,86,111,151,20,51,74,151,144,43,42,123,135,40,123,134,39,36,44,101,119,124,38,96,52,25,26,51,52,60,66,113,125,117,30,141,152,106,139,61,68,148,55,93,123,34,105,91,138,36,68,75,103,43,111,97,40,132,40,41,42,46,48,51,54,66,98,103,85,62,136,152,107,59,68,98,116,50,69,46,51,111,150,85,58,51,77,49,59,62,93,75,85,89,52,51,75,67,69,152,81,87,153,127,141,56,119,149,155,156,68,66,123,135,93,121,161,68,85,103,70,62,69,98,65,65,115,158,106,114,132,150,95,96,78,66,105,162,135,70,75,141,77,75,68,68,71,76,131,158,74,98,126,130,116,161,145,74,88,126,79,75,121,84,77,87,82,84,77,92,139,119,155,92,98,104,112,116,132,136,92,87,83,107,114,130,83,88,154,156,85,82,91,103,145,83,85,100,121,153,84,94,95,143,90,97,99,103,117,143,156,86,97,90,136,93,145,90,108,159,163,135,136,157,96,105,107,146,98,105,170,96,108,95,95,110,125,134,95,96,99
70,176,138,25,193,184,102,159,150,0,143,23,190,143,96,63,46,90,87,71,113,29,5,195,118,116,66,169,123,62,39,185,133,90,73,10,163,162,53,12,85,17,166,25,155,78,68,44,18,158,105,80,19,21,189,187,36,27,118,36,28,183,179,114,57,40,36,122,62,198,148,144,108,107,98,93,48,38,45,143,30,28,56,32,102,94,30,109,69,45,145,60,75,38,158,99,91,65,175,58,72,162,46,152,146,144,134,129,126,121,106,73,68,85,199,47,42,67,194,107,76,62,177,108,156,135,67,47,92,189,141,102,159,127,122,86,106,95,91,168,158,108,120,116,52,104,97,53,64,58,170,71,56,55,55,197,192,69,62,95,71,57,195,105,87,196,146,130,94,182,143,81,61,89,82,71,65,102,102,204,173,94,65,73,182,134,72,199,193,167,160,148,134,78,68,190,106,82,80,91,70,75,182,123,85,193,152,90,203,185,208,139,201,177,124,84,98,80,129,121,114,106,102,90,88,211,201,189,112,106,93,155,141,83,83,190,171,138,120,87,172,158,125,104,86,168,137,134,91,146,134,130,125,109,92,87,181,212,155,98,199,95,165,126,91,90,103,102,92,150,133,131,98,148,135,92,198,134,191,165,132,116,109,176,177,158
73,33,6,118,50,41,41,16,7,143,0,120,47,1,47,80,97,53,56,72,30,114,142,52,25,28,77,27,22,82,105,43,13,55,72,140,22,21,92,145,61,136,27,125,19,69,79,104,144,23,44,67,144,137,49,47,116,128,34,116,127,45,41,38,94,112,117,33,89,58,24,24,45,46,54,60,106,118,110,27,134,145,99,132,54,61,141,48,86,116,32,98,84,131,37,62,69,96,46,104,90,40,125,39,39,39,42,44,46,49,60,91,96,79,66,129,145,100,63,62,92,109,52,63,45,48,104,143,79,62,48,71,49,55,57,87,69,79,83,53,50,69,62,64,145,75,81,146,120,134,57,112,142,148,149,72,69,117,128,87,115,155,71,79,97,73,60,65,92,66,62,108,151,100,108,125,143,89,90,81,66,99,155,129,71,71,134,80,77,68,67,68,73,125,152,76,92,119,123,109,154,139,75,83,120,80,73,115,86,78,90,78,86,77,87,133,113,149,88,93,99,106,110,126,130,95,89,84,102,108,124,81,84,148,149,86,81,87,98,139,82,82,96,115,147,83,90,91,137,87,93,95,98,112,137,150,86,99,87,130,94,139,88,103,153,157,129,130,151,93,101,102,140,95,101,164,97,103,96,93,106,119,128,94,95,97
47,153,115,4,170,161,79,136,127,23,120,0,167,120,73,40,23,67,64,48,90,7,22,172,95,93,43,146,100,39,17,162,110,67,50,22,140,139,31,27,63,21,143,16,132,55,46,24,29,135,82,58,29,25,166,164,21,21,95,22,22,161,157,92,36,24,23,100,41,175,125,121,85,84,76,71,30,25,29,120,29,35,38,29,79,72,34,87,49,32,122,42,55,35,136,77,70,47,152,42,53,139,38,130,123,121,112,107,104,99,85,54,50,66,177,41,45,51,171,86,58,47,154,87,134,113,52,48,72,167,120,82,137,106,101,68,86,76,72,146,136,88,99,96,53,84,78,54,54,53,148,58,55,57,57,175,170,58,55,77,59,61,173,86,71,174,125,109,77,160,122,67,63,73,68,62,63,85,84,182,151,78,67,66,160,114,66,177,172,145,139,127,114,69,69,168,89,71,70,77,71,70,161,105,75,172,131,78,181,164,186,120,179,156,106,77,85,77,111,104,98,92,89,81,80,189,179,168,97,91,83,135,123,80,80,169,151,120,103,81,152,138,108,91,82,148,119,117,84,128,117,113,109,96,85,84,160,191,136,89,179,88,146,110,88,89,93,92,89,132,117,115,91,130,119,92,178,117,171,146,116,103,98,156,158,140
120,15,52,165,5,7,88,31,40,190,47,167,0,47,94,127,144,100,103,119,77,161,189,6,72,74,124,22,67,129,152,9,58,101,118,187,28,29,138,192,107,182,29,172,39,115,125,151,191,37,89,113,191,184,19,19,162,174,77,162,173,22,24,81,140,158,163,73,135,24,50,53,88,89,98,104,152,164,156,56,180,191,145,178,97,105,187,90,131,162,58,143,128,177,50,104,111,140,40,149,134,50,170,57,63,64,73,77,81,85,100,134,140,121,40,174,190,144,42,101,135,153,47,102,60,77,148,188,120,47,73,110,61,87,91,128,107,119,124,57,63,107,96,99,190,113,120,190,163,178,60,154,186,192,193,54,54,159,172,127,157,199,56,116,137,57,81,95,131,62,85,149,195,140,149,167,186,126,127,63,70,137,198,170,68,98,176,66,67,76,80,89,100,166,195,68,128,160,164,148,197,181,74,114,160,72,91,154,72,75,73,103,74,80,118,173,151,190,117,125,133,142,147,165,169,78,78,80,136,144,162,98,108,188,190,82,89,112,130,179,90,98,126,151,187,93,116,118,176,109,120,123,128,147,176,190,90,85,105,167,87,177,101,133,193,197,165,167,191,114,129,131,178,117,128,204,92,131,95,107,134,153,163,102,103,114
73,33,7,118,50,41,41,16,7,143,1,120,47,0,47,80,97,53,56,72,30,114,142,52,25,27,77,27,21,82,105,43,13,55,71,140,22,21,91,145,60,136,26,125,19,69,79,104,144,22,43,67,144,137,49,47,116,127,34,116,127,44,41,37,93,112,117,32,89,58,23,23,44,45,53,59,106,117,110,26,134,144,99,132,54,61,141,48,86,116,31,98,84,131,36,61,68,95,45,104,90,40,125,38,38,38,41,43,45,48,59,90,96,78,66,128,145,100,62,62,91,108,51,62,44,47,104,143,78,61,47,70,48,54,56,86,69,78,82,52,49,69,61,63,145,74,80,145,120,134,56,111,141,148,149,71,68,116,128,87,114,154,71,78,96,72,59,64,92,65,61,108,151,99,107,124,143,88,89,80,65,98,154,128,70,70,134,79,76,67,66,67,72,124,151,75,91,119,123,109,154,138,74,82,120,80,72,115,85,77,89,77,86,76,87,132,113,148,87,92,98,105,110,125,129,94,88,83,101,108,123,80,83,147,149,85,80,86,98,138,81,81,95,115,146,82,89,90,136,86,92,94,97,111,136,149,86,99,86,129,93,138,87,102,152,156,128,129,150,92,100,102,139,94,100,163,96,102,95,92,105,119,127,93,94,96
27,80,42,71,97,88,7,63,54,96,47,73,94,47,0,33,50,6,9,25,17,67,95,99,22,20,30,73,28,36,58,89,38,10,25,93,67,66,45,98,17,89,70,78,60,24,34,58,97,63,17,24,97,91,94,92,69,81,28,70,80,88,84,26,48,66,71,32,44,102,55,51,24,23,22,24,61,72,65,51,88,98,55,86,27,28,95,29,44,71,54,55,44,86,67,33,35,53,82,61,49,71,80,63,57,56,49,46,44,41,37,51,55,43,106,85,100,59,102,41,53,67,86,42,68,53,64,99,47,98,58,45,72,51,49,52,47,49,51,80,72,48,50,50,102,50,52,102,80,92,83,73,99,105,106,107,103,77,87,58,76,111,105,56,63,107,68,60,62,95,67,72,109,67,72,86,102,63,63,115,89,68,113,90,97,67,95,112,107,86,81,74,68,87,110,104,68,83,87,77,113,100,99,69,85,109,79,82,117,103,122,75,116,97,73,97,83,110,76,76,77,80,82,92,95,125,117,107,79,82,91,86,81,110,111,109,96,80,80,103,97,89,80,87,110,95,82,81,102,85,82,82,82,86,102,112,104,128,90,98,119,105,96,86,116,120,98,99,115,91,88,88,107,91,89,126,120,90,115,99,91,95,100,106,107,98
10,113,75,38,130,121,39,96,87,63,80,40,127,80,33,0,17,27,24,8,50,34,62,132,55,53,5,106,60,6,26,122,70,27,11,60,100,99,14,66,24,56,103,46,92,19,15,27,65,95,43,22,65,59,126,124,38,49,56,39,49,121,117,53,23,36,40,61,22,135,86,82,47,47,39,35,33,42,36,81,57,67,30,55,43,37,64,50,28,43,84,33,32,57,97,44,39,34,113,38,35,101,53,92,85,84,75,70,67,63,51,37,38,40,138,57,71,41,133,54,41,46,116,55,96,77,45,71,47,128,83,52,99,71,67,47,56,50,49,108,99,58,67,64,74,56,53,75,58,67,111,55,73,78,79,137,132,58,64,56,58,84,135,60,55,136,90,77,58,123,88,59,83,59,60,66,77,63,63,144,115,62,87,70,124,83,74,140,135,110,105,94,83,70,86,132,68,68,70,67,89,79,125,78,71,135,99,71,145,128,149,90,143,121,81,79,75,89,85,81,78,76,76,78,80,153,143,133,79,77,78,104,94,90,91,134,118,92,83,86,119,107,86,80,90,116,93,91,86,99,92,90,87,82,87,93,127,155,106,86,144,89,115,90,97,99,88,88,97,104,94,93,92,104,96,105,144,96,137,117,96,91,91,125,127,112
25,130,92,22,147,138,56,113,104,46,97,23,144,97,50,17,0,44,41,25,67,17,45,149,72,70,20,123,77,16,10,139,87,44,27,44,117,116,10,49,40,40,120,30,109,33,25,16,48,112,59,36,49,43,143,141,25,34,73,25,34,137,134,69,21,24,27,77,24,152,102,98,63,62,54,49,24,29,26,97,42,51,26,41,58,51,49,65,32,33,100,30,38,44,113,57,50,34,130,34,38,117,42,108,101,99,90,85,82,77,64,40,38,48,154,46,57,40,149,66,44,41,132,67,112,92,43,58,55,144,98,63,115,85,80,52,67,59,56,124,115,69,79,76,63,66,61,63,52,57,126,52,62,66,67,153,148,53,56,62,54,72,150,69,58,152,104,89,63,138,101,58,72,62,60,60,68,70,69,160,130,66,76,65,139,95,67,155,150,124,118,107,95,65,76,147,75,66,66,68,79,72,139,88,69,150,112,70,160,143,165,101,158,135,90,75,76,81,94,89,84,80,78,76,76,168,158,147,84,80,77,116,105,83,83,148,131,102,89,81,132,119,93,82,84,129,102,100,82,110,100,98,94,85,83,86,140,169,117,84,158,86,127,96,90,92,87,87,91,114,102,100,89,113,104,97,157,103,151,128,102,94,91,137,139,123
22,86,49,65,103,94,13,69,60,90,53,67,100,53,6,27,44,0,3,19,23,61,89,105,28,26,24,79,33,29,52,95,43,6,19,87,73,72,39,92,13,83,76,72,65,19,28,52,91,69,20,19,91,85,99,97,63,75,32,64,74,94,90,29,42,60,65,36,39,108,60,56,26,25,22,22,55,66,59,55,82,92,49,80,27,26,89,31,39,65,59,49,39,80,72,32,33,48,87,56,45,76,75,67,62,60,52,49,46,43,37,46,50,40,112,79,94,54,107,41,49,62,91,42,72,56,59,93,44,103,62,44,76,52,50,49,46,47,48,84,76,47,51,50,96,49,50,96,74,86,87,68,93,99,100,112,107,72,82,55,71,105,110,54,60,112,71,61,59,99,69,68,103,64,68,81,96,61,61,120,93,65,107,85,101,68,90,116,111,89,84,76,69,82,105,109,66,79,82,73,108,95,103,69,81,113,81,78,121,106,126,76,120,100,72,92,80,105,76,75,75,77,79,88,91,130,121,111,77,79,87,88,81,105,106,112,98,81,78,98,100,90,79,84,105,98,82,81,98,86,82,81,81,84,98,108,107,132,91,94,122,100,98,85,111,115,95,96,110,92,87,87,102,92,88,121,123,89,118,101,90,93,97,108,109,99
19,89,51,62,106,97,16,72,63,87,56,64,103,56,9,24,41,3,0,16,26,58,86,108,31,29,21,82,36,26,49,98,46,6,16,84,76,75,36,89,11,80,79,69,68,17,25,49,88,72,22,17,88,82,102,100,60,72,34,61,71,97,93,31,40,57,62,39,36,111,63,59,28,27,22,22,52,63,56,58,79,89,46,77,28,26,86,32,37,63,61,47,37,77,74,32,32,46,90,53,43,78,72,70,64,62,55,51,48,45,38,44,48,39,114,76,91,52,110,41,47,59,93,42,75,58,57,90,44,106,64,44,78,54,51,48,47,46,47,87,79,48,52,51,93,49,49,94,72,84,90,66,91,97,97,114,110,70,79,54,69,103,113,54,58,114,72,63,58,102,71,66,101,62,67,79,94,60,61,122,95,64,105,83,103,69,88,119,114,91,86,78,70,81,102,111,65,77,80,72,105,93,105,69,79,115,83,77,124,109,128,77,122,103,73,90,79,103,76,75,75,77,78,86,89,132,123,113,76,78,85,89,82,103,104,115,100,82,78,97,102,92,79,83,103,99,83,82,96,87,83,82,81,83,96,106,109,135,93,93,125,99,100,85,109,113,94,94,108,93,88,87,101,93,89,119,125,89,120,102,90,92,96,110,111,100
8,105,67,47,122,113,31,88,79,71,72,48,119,72,25,8,25,19,16,0,42,42,70,124,47,45,6,98,52,11,33,114,62,19,6,68,92,91,20,73,17,64,95,53,84,14,15,34,72,87,35,17,73,66,118,116,45,57,48,46,56,113,109,45,27,42,47,53,24,127,78,74,40,39,32,28,38,48,42,73,64,74,34,62,37,32,71,43,28,49,76,36,31,63,89,38,35,36,105,42,35,93,59,84,78,76,67,63,60,56,45,37,39,37,130,63,77,43,125,48,41,49,108,49,89,70,47,77,44,120,76,48,92,64,61,45,51,47,46,101,92,53,61,58,80,52,50,81,62,71,103,57,78,83,84,129,124,61,68,53,60,89,127,57,54,128,84,71,56,115,81,60,88,58,60,69,82,61,61,136,108,61,92,73,117,77,77,132,127,103,98,88,78,72,91,124,66,70,72,67,93,82,118,74,72,128,93,71,137,121,142,85,136,114,77,82,75,92,81,78,76,75,75,80,82,145,136,126,76,76,79,98,89,93,94,127,111,88,80,88,112,101,82,80,93,110,88,87,88,94,87,86,84,81,89,96,120,148,101,87,137,91,109,87,100,103,89,89,99,99,91,90,94,99,92,109,137,92,131,111,92,90,91,119,121,107
44,64,26,88,80,71,13,46,37,113,30,90,77,30,17,50,67,23,26,42,0,84,112,82,5,4,47,56,11,52,75,72,21,25,41,110,50,49,61,115,31,105,53,95,43,39,49,74,114,46,17,38,114,107,77,75,86,97,17,86,97,71,67,18,64,82,87,20,59,85,39,35,22,22,27,32,76,88,80,35,104,114,69,102,30,35,111,27,57,86,40,69,56,102,51,37,42,67,66,75,62,56,95,49,44,43,38,36,36,35,38,63,68,52,90,99,115,72,85,42,64,80,70,43,55,43,76,114,54,82,47,49,58,44,44,61,49,55,58,66,59,49,47,48,116,54,58,116,92,105,69,84,113,119,120,92,87,89,100,64,87,125,90,59,72,92,59,55,69,81,58,82,123,75,82,97,115,68,68,100,76,75,126,101,84,62,107,97,93,74,71,66,63,98,123,91,72,93,97,85,126,112,86,68,95,95,71,91,103,89,107,70,102,85,73,107,90,121,75,77,80,85,88,101,105,111,103,95,82,87,99,78,76,121,122,96,85,77,81,113,87,81,80,93,121,86,79,79,112,80,81,81,83,91,112,123,93,115,83,106,106,114,88,87,127,131,106,107,125,86,87,88,115,87,88,137,108,90,104,92,91,100,106,97,98,92
42,147,109,9,164,155,73,130,121,29,114,7,161,114,67,34,17,61,58,42,84,0,28,166,89,87,37,140,94,32,10,156,104,60,43,26,134,133,24,32,56,23,136,15,126,49,39,17,32,129,75,51,32,27,160,158,16,20,89,17,20,154,150,85,29,18,18,93,34,168,119,115,79,78,69,64,24,21,23,113,29,36,31,28,72,65,35,80,42,27,115,35,48,33,129,70,63,40,146,36,46,132,34,123,116,114,105,100,97,92,77,47,44,58,170,38,45,44,165,79,51,41,148,80,127,106,46,47,65,160,113,75,130,98,94,61,79,69,65,139,129,80,92,89,52,77,71,53,49,50,141,52,53,55,56,168,163,52,51,70,54,60,166,79,64,167,118,102,70,153,115,61,61,67,62,57,60,78,77,175,144,72,66,61,153,107,62,170,165,138,132,120,107,64,67,161,82,66,65,71,69,66,153,98,69,165,124,72,174,157,179,112,172,149,99,72,79,74,104,97,91,85,82,76,75,182,172,161,90,85,77,128,116,77,77,162,143,112,96,77,145,131,102,85,78,141,112,110,79,120,110,106,102,89,80,81,153,183,129,84,171,83,138,103,85,86,88,87,85,124,110,108,86,123,112,90,170,111,163,139,109,97,93,149,151,133
70,175,137,25,192,183,101,158,149,5,142,22,189,142,95,62,45,89,86,70,112,28,0,194,117,115,65,168,122,60,37,184,132,88,71,5,162,161,51,8,84,12,164,21,153,76,66,41,13,157,103,78,14,16,188,186,32,23,116,33,24,182,178,112,54,37,32,121,59,196,146,142,106,105,96,90,44,34,41,141,25,23,53,27,99,91,25,107,66,40,143,56,72,34,156,96,89,61,173,54,68,160,41,150,143,141,132,127,123,118,103,69,64,82,197,42,37,64,192,105,72,57,175,105,154,133,63,41,89,187,139,99,156,124,119,83,103,92,87,166,156,105,117,113,47,100,93,48,60,53,168,67,51,50,50,195,190,64,57,91,67,52,192,102,83,194,143,127,90,179,140,76,56,85,78,66,59,99,98,201,170,90,60,68,179,131,67,196,191,164,157,144,130,73,63,187,102,78,75,86,65,70,179,120,81,191,148,86,200,183,205,135,198,174,120,79,94,75,125,117,110,102,98,86,83,208,198,186,108,101,89,151,138,78,78,187,168,134,115,82,169,154,121,99,81,165,133,131,86,143,130,127,121,105,87,82,178,209,151,94,196,90,162,122,86,85,98,97,87,146,129,127,93,144,131,87,195,129,187,162,127,111,104,172,174,155
125,21,58,170,8,13,93,36,45,195,52,172,6,52,99,132,149,105,108,124,82,166,194,0,77,79,129,26,72,134,157,11,62,106,123,192,32,33,143,197,111,187,32,176,42,120,130,155,195,40,93,118,195,189,17,17,167,179,81,167,178,21,24,85,144,163,168,77,139,19,53,56,92,93,102,108,156,168,160,59,184,195,149,182,101,109,192,93,135,166,60,147,132,181,51,107,115,144,39,153,138,50,174,59,65,66,75,80,83,88,103,138,144,125,36,178,194,148,38,104,138,157,46,105,61,79,151,192,123,44,75,113,62,89,93,131,110,122,127,57,64,110,98,102,194,116,123,194,167,181,60,158,189,196,197,50,51,163,175,129,160,203,53,119,140,54,82,97,134,60,86,152,199,142,152,170,190,129,130,59,69,140,202,174,66,100,180,63,64,75,80,89,101,169,198,66,130,163,167,151,200,184,72,116,163,69,91,157,68,72,69,104,71,78,120,176,153,193,118,126,135,144,149,168,172,74,75,78,138,146,165,98,109,191,193,80,88,113,132,182,89,98,127,154,190,92,117,119,179,110,121,124,130,149,178,193,88,81,105,170,84,180,100,135,195,200,168,169,193,114,130,132,180,117,129,207,89,132,93,106,135,155,165,101,101,113
49,59,22,93,75,66,17,41,33,118,25,95,72,25,22,55,72,28,31,47,5,89,117,77,0,2,52,51,6,57,80,67,16,29,46,115,45,44,66,120,35,110,48,100,38,43,53,79,119,41,20,42,119,112,72,70,90,102,16,90,101,66,62,18,68,87,92,18,64,80,34,31,23,24,30,35,81,92,85,31,108,119,74,107,32,38,116,28,61,91,35,73,60,106,47,40,45,71,61,79,65,51,100,45,40,39,35,34,34,34,39,66,72,55,85,103,120,76,81,43,68,84,66,44,51,41,80,118,57,77,45,50,54,43,43,64,50,57,61,62,55,51,47,48,120,55,60,121,96,109,65,88,117,123,124,87,83,93,104,66,91,129,86,60,74,87,56,54,71,76,56,85,127,78,85,101,119,69,70,95,72,77,130,105,80,61,110,93,88,71,68,63,62,101,127,86,73,96,100,88,130,115,82,68,98,91,69,93,98,86,103,69,98,82,73,110,92,125,75,77,81,87,90,104,108,107,99,91,84,89,102,76,75,124,126,93,82,76,82,116,84,79,81,95,124,83,79,79,115,79,80,81,83,93,115,127,90,110,82,108,102,117,86,88,130,134,108,109,128,85,88,88,118,86,88,140,104,90,100,90,92,101,108,94,95,90
47,61,24,92,78,68,16,44,35,116,28,93,74,27,20,53,70,26,29,45,4,87,115,79,2,0,50,53,7,55,78,69,17,27,44,113,47,46,64,118,33,108,50,97,39,41,51,77,117,43,18,40,117,110,73,71,88,100,15,88,99,68,64,16,66,85,89,17,61,82,35,32,21,22,28,33,78,90,82,32,106,117,71,104,30,35,113,26,59,89,36,71,57,104,48,38,43,68,63,77,63,52,97,45,41,40,35,34,33,33,38,64,69,53,86,101,117,73,82,41,65,82,67,42,51,41,78,116,54,79,44,49,55,42,42,62,48,55,59,62,56,49,46,47,118,53,58,118,94,107,66,86,115,121,122,88,84,90,102,64,88,127,87,58,72,88,56,53,69,77,56,83,124,76,83,99,116,67,68,96,73,75,128,103,80,60,108,94,89,71,68,63,61,99,125,87,71,94,98,86,128,113,83,67,96,91,68,91,99,86,103,68,98,82,71,108,90,123,73,76,80,85,88,102,105,108,100,91,82,87,100,76,74,122,124,93,82,75,80,114,84,78,79,93,122,83,77,78,112,78,79,80,82,91,112,124,90,111,81,106,103,115,85,86,128,132,106,107,126,84,86,87,116,85,87,138,104,88,100,89,90,99,106,94,95,90
12,110,73,42,127,118,37,93,84,66,77,43,124,77,30,5,20,24,21,6,47,37,65,129,52,50,0,103,57,5,28,119,67,23,7,63,97,96,15,68,20,59,99,48,89,14,11,28,67,92,39,17,67,60,123,121,40,51,52,40,50,117,113,49,21,37,41,57,19,131,82,78,43,42,34,30,32,42,36,77,58,68,28,56,39,33,65,46,24,43,79,31,28,57,93,39,34,31,109,37,31,96,53,87,81,79,70,66,62,58,46,33,35,35,134,57,71,39,128,49,37,44,112,50,92,72,43,71,42,124,79,48,95,66,62,42,51,46,44,104,95,53,62,59,74,51,48,75,56,66,106,52,72,78,78,132,128,55,63,51,55,84,130,56,51,132,85,72,53,118,83,56,82,55,56,64,76,59,58,140,110,58,86,68,119,78,72,136,130,105,100,89,78,67,85,127,64,65,67,64,88,77,120,73,68,131,94,67,140,124,145,85,138,117,76,77,71,87,80,77,74,72,72,75,77,148,139,128,74,73,75,99,89,88,89,129,113,87,78,83,114,102,81,76,88,111,88,86,83,94,87,85,82,78,84,91,122,150,101,82,139,87,110,85,95,98,85,85,94,99,90,89,89,99,91,103,139,91,133,112,91,87,88,120,122,107
100,13,33,144,26,17,68,13,21,169,27,146,22,27,73,106,123,79,82,98,56,140,168,26,51,53,103,0,46,108,131,16,36,80,97,166,7,8,117,171,85,161,9,150,17,93,103,129,169,16,67,92,169,162,23,21,141,153,55,141,152,20,17,59,118,137,142,52,113,32,29,32,66,67,76,82,130,142,134,35,158,169,123,156,75,83,165,68,109,140,38,122,106,155,32,82,89,118,29,127,112,33,148,39,43,45,52,56,59,64,78,113,118,100,43,152,168,122,41,80,113,131,37,80,43,57,126,166,98,42,54,89,45,66,70,106,86,98,102,44,47,86,75,78,168,92,99,168,142,156,48,133,164,171,172,52,50,138,150,105,135,177,53,95,115,54,63,75,110,53,66,128,173,118,127,145,164,105,106,62,58,116,176,149,59,79,155,63,61,62,65,71,81,144,173,62,107,138,143,127,175,159,64,94,139,66,74,133,69,66,72,85,70,69,98,152,130,168,98,105,112,121,126,144,148,77,74,72,115,123,141,82,90,167,169,74,76,94,110,157,77,83,106,131,166,79,97,99,155,92,101,104,109,126,155,169,79,83,89,146,81,156,86,114,171,176,145,146,169,97,110,112,157,99,109,182,85,112,86,92,115,133,143,89,90,98
55,54,19,99,71,62,23,37,28,123,22,100,67,21,28,60,77,33,36,52,11,94,122,72,6,7,57,46,0,62,85,62,10,34,51,120,40,39,71,125,39,115,43,104,32,48,58,83,123,35,22,46,123,117,66,64,95,107,15,95,106,61,57,18,72,91,96,15,68,75,28,25,24,25,32,38,85,97,89,25,113,123,78,111,33,40,120,28,65,95,30,77,63,110,41,41,47,74,56,83,68,45,103,39,35,34,31,31,31,32,40,69,75,58,79,107,123,79,75,43,70,87,60,44,45,37,83,122,58,72,40,51,49,40,41,66,50,59,62,56,50,50,46,47,124,56,61,124,99,112,60,91,120,127,128,81,77,95,107,67,93,133,80,60,76,81,52,52,72,71,52,87,130,79,87,104,122,70,70,90,67,78,133,107,74,58,113,87,83,66,63,60,60,103,130,81,73,98,102,89,133,118,77,67,99,85,65,95,93,80,97,66,92,77,72,112,93,127,73,77,81,87,91,106,109,101,94,86,84,89,103,73,72,126,128,87,78,74,81,118,79,75,79,96,126,78,76,77,116,76,78,80,82,93,116,129,85,105,78,110,97,118,82,87,132,136,109,110,130,82,86,87,120,83,86,143,99,88,95,86,90,101,109,90,91,87
16,116,78,38,132,123,42,98,89,62,82,39,129,82,36,6,16,29,26,11,52,32,60,134,57,55,5,108,62,0,23,124,72,28,11,58,102,101,9,63,24,53,104,43,93,17,10,23,62,97,43,20,62,55,128,126,34,46,57,35,45,122,118,53,17,31,36,61,16,136,86,83,47,46,38,33,27,37,31,81,53,63,24,51,42,35,60,49,22,38,84,26,26,52,97,41,35,28,114,32,29,101,48,91,85,83,74,69,66,61,48,31,32,35,138,52,66,35,133,51,35,39,116,52,95,76,39,65,42,128,82,49,98,69,65,41,53,46,44,108,98,54,64,61,69,52,48,70,52,61,110,49,67,72,73,136,132,51,58,50,51,78,134,56,49,136,88,74,52,122,86,53,77,53,53,59,72,58,58,143,114,56,81,64,123,80,68,139,134,108,103,92,80,63,80,131,63,62,64,61,83,73,123,74,65,134,96,64,144,127,148,87,142,120,77,73,69,82,81,77,73,71,70,72,73,152,142,131,73,71,72,101,91,83,84,132,115,88,77,79,117,104,81,74,84,113,89,87,80,96,87,85,82,76,80,87,125,153,103,79,142,83,112,85,91,93,82,82,90,100,90,88,86,100,91,99,142,91,135,113,90,85,85,122,124,109
35,139,101,18,155,146,65,121,112,39,105,17,152,105,58,26,10,52,49,33,75,10,37,157,80,78,28,131,85,23,0,147,95,51,34,35,125,124,14,40,46,31,127,20,116,39,29,9,39,119,66,41,39,33,150,148,15,24,79,16,24,145,141,75,20,15,17,83,24,159,109,105,69,68,59,54,17,20,18,104,32,42,22,31,63,55,39,71,33,24,106,27,38,34,119,60,53,31,136,29,37,123,33,113,107,105,95,90,87,82,68,39,35,49,160,37,47,37,155,69,42,35,138,70,117,96,39,48,56,150,103,65,120,89,84,52,69,59,56,129,120,71,82,79,53,67,62,54,45,48,131,47,53,57,57,158,153,47,48,61,48,62,156,70,56,157,108,92,61,143,105,54,62,59,55,53,59,69,69,165,134,64,67,57,143,97,59,160,155,128,122,110,97,59,67,151,74,60,60,64,69,64,144,88,64,155,115,66,164,147,169,103,162,139,90,68,72,72,95,88,83,77,75,70,70,172,162,151,82,77,72,118,106,74,75,152,134,103,88,73,135,121,93,78,76,131,103,101,75,111,101,97,93,82,76,78,143,174,119,78,162,79,129,95,82,84,82,82,83,115,101,99,82,114,103,89,161,102,154,130,101,90,87,140,141,124
116,16,49,161,14,11,84,28,36,185,43,162,9,43,89,122,139,95,98,114,72,156,184,11,67,69,119,16,62,124,147,0,52,96,113,182,22,23,133,187,101,177,21,166,32,109,119,145,185,29,82,107,185,178,11,11,156,168,70,156,167,13,15,74,134,153,158,66,129,19,42,46,81,82,91,97,146,158,150,48,174,185,138,172,90,98,181,83,125,156,50,137,122,171,40,97,104,134,30,143,127,40,164,48,54,56,64,69,72,77,92,128,133,114,34,167,184,137,34,93,128,146,38,94,51,68,141,182,112,38,64,102,52,78,83,120,99,111,116,48,54,99,88,91,183,105,113,183,156,171,51,147,179,186,187,46,46,152,165,119,150,192,48,108,129,49,72,86,124,53,76,142,188,132,141,160,179,118,119,56,60,129,191,163,59,89,169,58,58,67,70,79,91,158,187,60,120,152,157,140,190,173,65,105,152,63,82,146,64,66,66,94,66,71,109,165,142,182,108,116,124,133,138,157,161,71,70,71,127,135,154,89,99,181,182,73,80,103,122,171,81,89,117,143,180,84,107,109,168,100,110,114,119,138,168,182,80,77,96,159,78,169,91,124,185,189,157,159,182,104,120,122,170,107,119,196,84,122,86,97,125,144,155,93,93,104
65,45,14,109,61,52,33,28,20,133,13,110,58,13,38,70,87,43,46,62,21,104,132,62,16,17,67,36,10,72,95,52,0,44,61,130,30,29,81,135,49,125,33,114,22,57,67,93,133,26,31,56,133,126,56,54,105,117,21,105,116,51,47,25,82,101,106,19,77,65,20,17,32,33,41,47,94,106,98,19,122,133,87,121,41,48,130,35,74,104,24,86,72,120,33,49,55,83,47,92,77,38,113,33,31,30,30,32,33,36,46,78,84,66,70,116,133,87,66,49,79,96,52,49,39,36,91,131,65,63,38,57,43,42,44,73,56,66,70,49,44,56,49,51,133,62,67,133,107,121,53,99,129,136,137,72,69,104,116,74,102,142,72,66,83,73,50,53,79,64,51,95,139,86,95,112,130,76,76,81,61,85,142,115,67,59,121,79,75,61,59,58,61,111,139,74,79,106,110,96,141,126,71,70,107,78,63,102,85,74,89,67,85,71,75,120,100,135,76,80,86,93,97,113,117,94,87,80,88,95,110,71,73,134,136,81,74,75,85,126,75,73,83,102,134,75,78,79,124,76,80,82,85,99,123,136,80,98,77,116,91,125,79,90,140,144,115,117,138,82,89,90,126,84,89,150,93,91,90,84,93,106,115,86,87,86
24,88,51,65,105,96,17,71,62,90,55,67,101,55,10,27,44,6,6,19,25,60,88,106,29,27,23,80,34,28,51,96,44,0,17,86,74,73,37,91,7,81,76,70,65,15,24,50,89,69,17,14,89,83,100,98,61,73,30,61,72,94,90,26,39,57,62,34,35,108,59,55,22,21,16,16,52,63,56,54,79,90,45,77,22,20,86,26,34,62,57,45,34,77,70,26,26,44,86,52,40,74,71,65,59,57,49,45,42,39,31,41,45,34,111,75,91,50,106,35,43,57,89,36,70,52,54,90,38,101,58,38,73,48,45,43,40,41,42,82,73,41,46,45,92,43,44,93,70,82,85,63,89,95,96,110,106,67,77,49,66,102,108,48,54,110,67,56,53,97,65,62,99,58,63,76,92,55,55,118,90,59,103,80,98,63,85,114,109,86,81,72,64,77,100,106,60,74,77,68,103,90,100,63,75,110,77,73,119,103,123,71,117,97,67,87,74,100,70,69,69,71,73,82,85,127,118,108,71,73,81,83,76,100,101,109,94,75,72,93,96,86,73,78,100,93,76,76,92,81,76,76,75,78,92,103,103,129,86,88,119,95,93,79,106,110,89,90,105,86,81,81,97,86,83,116,120,83,114,96,84,87,91,103,105,94
14,105,67,49,122,113,32,88,79,73,72,50,118,71,25,11,27,19,16,6,41,43,71,123,46,44,7,97,51,11,34,113,61,17,0,69,91,90,20,74,13,64,93,53,82,8,10,33,72,85,32,11,73,66,117,115,44,56,46,45,55,111,107,42,24,41,46,50,21,125,76,72,36,35,27,23,36,47,40,70,63,73,31,61,32,26,70,39,23,47,73,32,26,61,86,33,29,32,103,38,30,90,56,81,74,72,64,59,56,52,40,32,34,31,127,60,75,39,122,43,35,45,105,44,85,66,43,74,38,117,72,42,88,60,56,39,46,41,40,97,88,47,55,53,77,46,44,78,57,68,100,52,75,81,82,126,121,56,64,47,55,87,124,51,49,125,79,66,50,111,76,54,85,53,55,64,79,55,54,133,104,55,89,69,113,72,73,129,123,99,93,83,72,67,87,120,60,65,67,62,90,78,113,68,67,124,88,66,133,117,138,79,132,110,71,77,69,88,75,72,70,69,69,74,76,142,132,121,70,70,74,93,84,89,90,122,106,82,74,83,108,96,76,74,89,105,82,81,83,89,82,80,78,75,84,92,116,143,95,81,132,86,104,81,96,99,83,84,95,94,85,84,89,93,86,105,132,86,126,106,86,84,86,114,115,102
68,173,136,26,190,181,100,156,147,10,140,22,187,140,93,60,44,87,84,68,110,26,5,192,115,113,63,166,120,58,35,182,130,86,69,0,160,159,49,5,81,7,162,17,151,73,64,38,9,154,100,76,9,11,185,183,28,18,114,29,19,179,175,110,51,33,28,118,56,194,144,140,103,102,93,87,40,30,37,138,20,18,49,22,96,88,20,104,63,36,140,52,68,28,153,93,85,57,170,50,64,157,36,147,140,138,129,124,120,115,100,65,60,78,195,37,32,59,189,101,68,52,172,101,150,129,58,36,85,184,135,95,153,120,116,78,99,88,83,162,153,101,113,109,42,96,89,43,54,47,164,62,46,45,45,192,187,59,52,87,62,47,189,98,78,190,139,123,85,176,136,71,51,80,73,61,54,94,93,198,166,85,55,63,176,127,61,193,187,160,153,141,126,68,58,184,98,72,70,81,60,64,175,115,75,187,144,80,197,179,202,131,195,170,116,74,89,69,121,113,105,97,93,80,78,204,194,182,103,96,83,147,133,73,72,183,164,130,111,77,165,150,117,94,75,161,128,126,80,138,126,122,116,100,82,77,174,205,147,88,193,84,157,117,80,80,93,92,82,141,124,122,87,140,126,82,191,125,183,157,122,106,99,168,169,150
94,19,29,139,33,24,62,12,17,163,22,140,28,22,67,100,117,73,76,92,50,134,162,32,45,47,97,7,40,102,125,22,30,74,91,160,0,1,111,165,79,155,5,144,11,87,97,123,163,10,61,85,163,156,27,25,134,146,48,134,145,22,19,52,112,131,136,45,107,36,22,25,60,61,69,76,124,136,128,29,152,163,116,150,69,76,159,61,103,134,31,115,100,149,27,75,83,112,27,121,106,29,142,33,37,38,45,49,53,57,71,106,112,93,45,145,162,116,42,73,106,124,35,73,38,50,119,160,91,42,48,82,40,60,64,100,79,91,95,40,42,79,69,72,161,85,92,162,135,149,44,126,157,164,165,52,50,131,143,98,129,170,52,89,109,54,57,69,103,51,60,121,167,111,120,139,158,98,99,62,54,109,170,142,56,73,148,62,60,58,60,65,75,137,166,60,100,131,136,120,169,152,61,88,132,64,69,126,68,63,71,79,69,65,92,145,123,162,91,98,106,114,119,137,141,76,72,69,109,117,134,77,84,160,162,71,72,88,104,151,73,78,100,124,159,75,91,93,148,86,95,98,103,120,148,162,75,82,84,140,79,149,82,108,165,169,138,140,162,91,104,106,150,94,103,176,83,106,83,87,109,126,136,85,86,93
93,20,28,138,34,25,61,11,16,162,21,139,29,21,66,99,116,72,75,91,49,133,161,33,44,46,96,8,39,101,124,23,29,73,90,159,1,0,110,164,78,154,6,143,10,86,96,122,162,9,60,84,162,155,28,26,133,145,47,133,144,23,20,51,111,130,135,44,106,37,21,24,59,60,68,75,123,135,127,28,151,162,115,149,68,75,158,60,102,133,30,114,99,148,26,74,82,111,28,120,105,28,141,33,36,38,45,49,52,56,70,105,111,92,45,144,161,115,43,72,105,123,35,72,37,49,118,159,90,43,47,81,40,59,63,99,78,90,94,40,42,78,68,71,160,84,91,161,134,148,44,125,156,163,164,52,50,130,142,98,128,169,53,88,108,54,57,68,102,51,60,120,166,110,119,138,157,98,98,62,54,108,169,141,56,72,147,62,60,58,59,65,74,136,165,60,100,131,135,120,168,151,61,87,131,64,68,125,69,64,72,78,69,65,91,144,122,161,91,98,105,114,118,136,141,76,72,70,108,116,133,76,84,159,161,72,72,87,103,150,73,77,99,123,158,75,91,93,147,86,94,97,102,119,147,161,75,82,83,139,79,149,81,107,164,168,137,139,162,91,103,105,149,93,103,175,83,105,83,87,109,125,135,85,86,92
23,125,87,30,142,133,51,108,99,53,92,31,138,91,45,14,10,39,36,20,61,24,51,143,66,64,15,117,71,9,14,133,81,37,20,49,111,110,0,54,32,44,113,33,102,25,16,14,52,105,52,27,53,46,136,134,25,36,65,25,36,131,127,61,12,22,27,69,14,145,95,91,55,54,45,40,19,28,23,90,43,54,18,42,49,42,51,57,22,30,92,22,28,43,105,47,41,25,122,27,28,109,40,99,93,91,81,77,73,68,54,30,29,38,146,44,57,32,141,57,34,34,124,57,103,83,35,57,45,136,89,53,106,75,71,42,57,49,46,115,106,59,69,66,61,56,51,62,46,54,118,45,59,64,65,144,139,47,51,52,47,70,142,59,49,143,95,80,53,129,92,50,69,52,51,54,64,60,59,151,121,56,74,59,130,85,62,147,141,115,109,97,85,59,73,138,65,58,59,59,75,67,130,78,61,141,102,62,151,134,156,91,149,126,80,68,67,76,84,79,74,71,69,68,69,159,149,138,74,71,69,106,95,77,78,139,121,92,79,74,122,109,83,73,78,119,92,90,75,100,90,88,84,76,76,81,131,160,107,76,149,79,117,86,85,87,79,79,85,104,92,90,82,103,94,93,148,93,141,118,92,85,83,128,129,113
74,179,141,31,196,186,105,161,152,12,145,27,192,145,98,66,49,92,89,73,115,32,8,197,120,118,68,171,125,63,40,187,135,91,74,5,165,164,54,0,86,10,167,21,156,78,68,42,6,159,105,80,7,12,190,188,32,21,118,33,22,184,180,115,55,37,32,123,60,198,149,145,108,107,98,92,44,33,41,143,21,16,53,23,101,93,19,109,67,39,145,56,72,29,158,97,89,61,175,53,68,161,37,152,145,143,133,128,124,119,104,69,64,82,199,38,31,62,194,105,72,55,176,105,155,133,61,35,88,188,140,99,157,125,120,82,103,91,87,167,157,105,117,113,41,100,93,42,56,47,169,64,45,44,43,196,191,61,53,90,64,45,194,101,81,195,143,126,88,180,140,74,49,83,75,62,53,97,96,202,170,88,53,64,180,130,62,197,191,164,157,144,130,69,57,188,101,74,71,83,58,64,179,118,77,191,148,82,201,183,206,135,199,174,119,74,91,68,124,115,107,99,95,81,79,208,198,186,106,98,84,151,137,72,72,187,167,133,113,77,169,153,119,96,75,165,131,129,80,141,129,125,119,102,82,76,177,209,150,89,196,85,161,119,80,78,94,93,81,145,127,124,88,143,129,81,195,127,187,161,125,108,100,171,173,153
24,94,57,62,110,101,24,76,68,85,61,63,107,60,17,24,40,13,11,17,31,56,84,111,35,33,20,85,39,24,46,101,49,7,13,81,79,78,32,86,0,76,81,65,70,8,18,44,84,73,19,7,84,77,104,102,55,67,33,55,66,98,94,29,33,52,57,37,28,112,63,59,23,22,15,12,45,57,49,57,73,84,39,71,20,16,80,26,27,56,60,38,27,71,73,22,21,37,90,45,33,77,65,68,61,60,51,46,43,39,29,34,38,28,114,69,84,43,109,32,36,50,92,33,72,53,47,83,32,104,59,34,75,47,44,36,36,35,36,84,75,38,44,42,85,38,38,86,63,75,87,56,82,89,89,113,108,60,70,43,59,95,111,43,47,112,67,55,47,98,64,55,92,51,56,69,85,49,49,120,91,52,96,73,100,61,78,116,111,86,81,71,61,70,93,108,54,67,70,61,96,83,101,59,69,111,76,66,120,104,125,68,119,97,63,80,67,93,66,64,64,65,67,75,78,129,119,109,65,67,74,82,73,93,94,110,94,72,67,86,95,84,69,71,93,93,73,72,85,78,73,72,70,72,85,96,103,131,84,81,120,88,92,74,99,103,82,83,98,84,77,77,90,83,78,109,120,79,114,95,79,81,84,102,104,91
65,169,131,25,186,177,95,152,143,17,136,21,182,136,89,56,40,83,80,64,105,23,12,187,110,108,59,161,115,53,31,177,125,81,64,7,155,154,44,10,76,0,157,11,146,68,58,32,9,149,95,70,9,5,180,178,22,11,108,22,12,174,170,104,45,26,22,112,50,188,138,134,98,97,88,82,34,23,30,133,14,15,42,15,90,82,15,98,56,29,134,46,61,22,148,87,79,51,164,43,58,151,29,141,134,132,123,118,114,109,93,59,53,72,189,30,27,52,183,95,61,45,166,95,144,123,51,31,78,178,129,88,147,114,109,72,93,81,76,156,146,94,107,103,37,89,82,38,47,41,158,54,40,40,40,186,181,52,45,80,55,43,183,91,71,184,133,116,78,169,129,64,46,73,66,54,48,87,86,192,160,78,50,56,169,120,55,187,181,153,147,134,119,61,53,177,91,65,63,74,55,58,169,108,69,181,138,73,190,172,195,124,188,164,109,67,82,64,114,106,98,90,86,73,71,198,188,175,96,89,76,140,127,67,67,176,157,123,104,71,158,143,110,87,69,154,121,119,74,131,119,115,109,93,75,71,167,199,140,81,186,78,150,110,75,74,86,85,76,135,117,115,81,133,119,77,184,118,177,150,115,99,92,161,163,143
97,22,33,141,33,25,65,17,22,166,27,143,29,26,70,103,120,76,79,95,53,136,164,32,48,50,99,9,43,104,127,21,33,76,93,162,5,6,113,167,81,157,0,146,11,89,99,125,165,9,62,87,165,158,24,22,136,148,49,136,147,18,15,53,113,132,137,46,108,32,21,25,61,62,71,77,125,137,129,28,153,164,118,152,69,77,161,62,104,135,29,116,101,150,23,76,83,113,22,122,106,24,143,30,35,36,44,48,52,56,71,107,113,93,40,146,163,116,37,73,107,125,30,73,34,48,120,161,91,37,45,82,36,58,62,100,79,91,95,35,38,78,67,71,162,85,92,162,135,150,39,126,158,165,166,47,44,131,144,98,129,171,47,88,108,48,54,67,103,45,58,121,167,111,120,139,158,98,98,56,49,109,170,142,51,71,148,56,54,54,56,62,72,137,166,54,99,131,136,120,169,152,56,86,132,59,65,126,63,58,66,76,64,60,90,145,122,161,89,96,104,113,118,136,141,71,67,64,107,115,133,73,81,160,162,66,68,85,102,150,68,74,98,123,159,71,89,91,148,83,92,95,100,118,147,161,70,76,80,139,73,149,77,105,164,169,137,138,162,88,101,103,149,90,101,175,78,103,78,83,107,124,135,81,82,89
55,158,121,20,175,166,85,141,132,25,125,16,172,125,78,46,30,72,69,53,95,15,21,176,100,97,48,150,104,43,20,166,114,70,53,17,144,143,33,21,65,11,146,0,135,57,47,21,19,138,84,59,19,13,169,167,11,5,97,12,6,163,159,93,34,16,11,101,39,177,127,123,86,85,77,71,23,13,20,122,14,22,32,14,79,71,20,87,46,20,123,35,51,19,136,76,68,40,153,33,47,140,24,130,123,121,112,107,103,98,83,48,43,61,178,26,30,43,172,84,51,37,155,84,133,112,42,32,68,167,118,78,136,103,99,62,82,71,66,145,136,84,96,92,38,79,72,39,41,38,147,47,40,41,42,175,170,45,41,70,48,46,172,81,62,173,122,106,69,159,119,56,47,64,58,48,47,78,77,181,149,69,52,52,158,110,51,176,170,143,136,123,109,55,53,167,82,59,57,67,56,55,158,98,62,170,127,66,180,162,185,114,177,153,99,63,74,62,104,96,89,82,78,68,66,187,177,165,88,81,70,130,117,65,65,166,147,113,95,67,148,133,101,80,67,144,112,110,70,121,109,106,100,85,71,69,157,188,130,76,175,74,140,101,73,73,80,79,74,125,108,106,77,123,110,77,174,109,166,141,107,92,86,151,153,134
87,30,26,131,43,35,55,18,17,155,19,132,39,19,60,92,109,65,68,84,43,126,153,42,38,39,89,17,32,93,116,32,22,65,82,151,11,10,102,156,70,146,11,135,0,78,88,114,154,4,51,76,154,147,34,32,125,137,38,125,136,29,25,42,102,121,126,35,97,43,11,14,50,51,60,66,114,126,118,18,142,153,107,141,58,66,150,51,93,124,21,105,90,139,19,65,73,102,26,111,95,22,132,24,27,28,35,39,42,46,61,96,102,83,48,135,152,105,44,62,96,114,33,63,29,40,109,150,81,42,37,71,32,49,53,89,68,80,85,35,34,68,58,61,151,74,81,151,125,139,39,115,147,154,155,52,49,120,133,88,118,160,52,78,98,53,48,58,93,47,51,110,156,101,110,128,147,88,89,62,48,98,159,131,52,63,137,61,58,51,52,56,64,127,156,57,90,121,125,110,158,142,57,77,121,61,60,115,67,59,70,69,67,59,81,134,112,151,81,88,95,104,108,126,131,75,70,65,98,106,123,68,74,149,151,67,65,78,93,140,66,69,89,113,148,67,81,83,137,76,84,87,92,109,137,151,69,80,75,129,75,139,74,97,154,158,127,129,152,82,93,95,139,84,93,165,79,96,78,79,99,115,125,78,79,84
22,102,65,55,119,109,32,85,76,78,69,55,115,69,24,19,33,19,17,14,39,49,76,120,43,41,14,93,48,17,39,109,57,15,8,73,87,86,25,78,8,68,89,57,78,0,10,36,76,81,27,3,76,69,112,110,47,59,40,47,58,106,102,36,25,43,48,45,20,120,70,66,30,29,21,16,37,49,41,65,65,76,30,63,25,18,72,32,20,47,67,31,21,63,80,25,21,29,97,37,26,84,56,75,68,66,57,52,49,44,32,27,31,24,122,60,76,35,116,35,30,43,99,36,79,59,40,75,30,111,65,34,82,52,48,32,38,33,33,91,81,39,47,45,77,38,36,78,55,67,93,49,74,81,81,120,115,53,63,40,52,87,117,43,42,119,71,58,43,105,69,50,84,47,50,62,77,47,47,126,97,49,88,66,106,64,71,122,117,92,86,75,64,64,86,114,52,61,63,56,89,76,106,60,63,117,80,61,127,110,131,71,125,103,63,73,63,86,67,64,62,62,63,70,72,135,125,114,63,63,69,85,75,86,87,115,98,74,66,80,100,88,68,67,86,97,74,73,79,80,74,72,70,68,79,89,108,136,87,76,125,82,96,73,92,96,77,78,91,86,77,76,84,85,78,102,125,79,118,98,79,77,80,106,108,93
22,112,75,46,129,120,41,95,86,68,79,46,125,79,34,15,25,28,25,15,49,39,66,130,53,51,11,103,58,10,29,119,67,24,10,64,97,96,16,68,18,58,99,47,88,10,0,26,66,91,37,12,66,59,122,120,37,49,50,37,48,116,112,46,15,33,38,54,11,130,80,76,40,39,30,24,27,39,31,75,55,66,21,53,33,26,62,41,14,38,76,22,17,53,90,32,25,22,107,28,21,93,47,84,77,75,66,61,57,53,39,23,25,25,131,51,66,29,126,41,26,35,108,42,88,67,33,65,32,121,73,38,90,60,55,31,43,35,34,100,90,44,54,51,68,42,38,69,48,58,102,43,65,71,72,129,124,46,54,40,45,78,126,46,40,128,79,65,42,113,76,45,75,44,46,54,69,48,48,135,105,47,79,59,114,70,63,131,125,99,93,82,70,57,77,122,53,55,57,53,80,68,115,64,58,126,87,57,135,118,140,76,133,110,66,67,60,78,71,66,63,61,61,65,67,143,133,122,63,62,65,91,80,79,80,123,106,78,67,73,107,94,71,65,79,104,78,77,73,85,77,75,72,67,74,82,115,145,93,72,133,77,102,75,86,89,74,74,85,90,79,78,79,89,81,95,132,81,126,103,80,76,77,112,114,98
37,138,100,26,154,145,65,120,111,44,104,24,151,104,58,27,16,52,49,34,74,17,41,155,79,77,28,129,83,23,9,145,93,50,33,38,123,122,14,42,44,32,125,21,114,36,26,0,40,117,63,38,40,33,148,146,11,23,76,12,22,142,138,72,13,9,13,80,18,156,106,102,65,64,55,50,8,14,10,100,30,40,14,28,58,50,37,66,26,17,102,18,31,29,115,55,48,23,132,20,29,119,26,109,102,100,91,86,82,77,62,30,27,42,157,31,43,28,151,64,34,26,134,64,113,91,29,43,49,146,98,58,115,83,78,44,63,52,48,124,115,64,76,72,47,60,54,48,36,41,127,37,46,51,52,154,149,38,40,53,39,57,151,62,47,153,102,86,53,138,99,45,56,50,46,44,52,61,60,160,129,55,60,49,138,90,51,155,150,123,116,104,90,50,60,146,65,51,51,55,63,56,138,81,54,149,108,57,159,142,164,96,157,133,82,59,63,65,87,80,74,68,66,61,61,167,157,145,73,68,63,112,99,66,67,146,127,96,79,65,129,114,85,69,68,125,95,93,66,104,93,89,85,73,67,70,137,168,112,69,156,70,122,86,74,76,73,72,74,108,93,91,73,106,95,81,154,94,147,122,92,81,77,133,134,116
73,177,140,33,194,185,104,160,151,18,144,29,191,144,97,65,48,91,88,72,114,32,13,195,119,117,67,169,123,62,39,185,133,89,72,9,163,162,52,6,84,9,165,19,154,76,66,40,0,157,103,78,1,7,188,186,29,17,116,29,18,182,178,112,52,33,28,120,57,196,146,142,105,104,95,89,41,29,37,140,16,10,49,18,98,90,13,106,63,34,142,52,68,23,155,94,86,57,172,49,64,158,32,149,142,140,130,125,121,116,100,65,59,78,196,32,24,58,191,101,67,50,173,102,152,130,56,29,84,185,136,95,154,121,116,77,99,87,82,163,154,101,113,109,35,96,88,36,50,41,165,58,39,37,37,193,188,55,47,85,58,39,190,97,76,191,139,122,83,176,136,68,43,78,70,56,47,92,91,199,167,83,47,58,176,126,55,194,188,160,153,140,125,63,50,184,96,68,65,78,52,58,176,114,71,187,144,76,197,179,202,130,195,170,114,68,85,62,119,110,102,94,89,75,72,205,194,182,100,93,78,146,132,66,65,183,163,128,108,71,164,149,114,90,68,160,127,124,74,137,124,120,114,96,76,70,173,205,145,83,192,78,156,114,73,72,88,87,75,140,121,119,81,138,124,74,190,122,183,156,119,102,94,167,168,148
90,29,29,134,42,34,59,19,20,158,23,135,37,22,63,95,112,69,72,87,46,129,157,40,41,43,92,16,35,97,119,29,26,69,85,154,10,9,105,159,73,149,9,138,4,81,91,117,157,0,54,79,157,150,31,29,128,140,41,128,139,25,21,45,105,124,129,37,100,39,13,16,52,53,62,68,117,129,121,19,145,156,109,143,61,69,152,53,96,127,21,108,92,142,17,67,75,104,23,113,98,20,134,23,27,28,36,40,43,48,63,98,104,85,44,138,155,108,41,64,98,117,30,64,28,40,111,152,83,39,38,73,31,50,54,91,70,82,87,32,33,70,59,62,154,76,83,154,127,141,36,118,149,156,157,49,46,123,135,89,120,163,49,79,100,50,48,59,94,44,50,112,159,102,112,130,150,89,90,58,46,100,162,134,49,63,140,57,55,49,50,55,65,129,158,54,91,123,127,111,160,144,54,78,123,58,59,117,64,57,67,69,64,57,82,136,114,153,81,88,96,105,110,128,132,72,67,63,99,107,125,67,74,151,153,65,63,78,94,142,64,68,90,115,150,66,81,83,139,76,85,88,93,110,139,153,67,77,74,130,72,140,72,98,156,160,128,130,153,81,94,96,141,84,93,167,76,96,76,78,99,116,127,77,77,83
40,76,41,81,92,83,20,59,51,105,44,82,89,43,17,43,59,20,22,35,17,75,103,93,20,18,39,67,22,43,66,82,31,17,32,100,61,60,52,105,19,95,62,84,51,27,37,63,103,54,0,25,103,96,85,83,74,86,13,74,85,79,75,10,51,70,75,18,46,93,43,39,6,6,10,16,63,75,67,38,91,102,56,90,13,18,99,12,43,73,40,55,40,88,54,20,25,52,70,61,46,58,81,49,43,41,33,29,26,24,22,47,52,36,95,85,102,56,90,25,48,65,73,26,53,36,60,100,37,85,42,32,57,33,31,44,32,38,41,65,57,33,33,33,102,37,40,102,76,90,68,68,98,104,105,94,89,73,85,47,71,111,92,42,54,93,51,43,51,80,49,65,108,58,65,81,99,51,51,101,73,58,111,85,82,50,91,97,92,69,65,56,50,81,108,89,55,77,80,68,110,95,83,53,78,93,62,74,102,87,107,58,101,81,57,90,73,105,60,61,64,68,71,84,88,110,101,91,66,70,82,68,63,104,106,93,79,64,65,96,80,71,65,76,104,78,65,65,95,68,66,66,67,74,95,107,87,113,72,89,103,97,79,71,110,114,89,90,108,74,72,73,98,74,73,121,103,74,98,82,76,83,89,88,90,80
24,100,64,57,117,108,31,83,74,80,67,58,113,67,24,22,36,19,17,17,38,51,78,118,42,40,17,92,46,20,41,107,56,14,11,76,85,84,27,80,7,70,87,59,76,3,12,38,78,79,25,0,78,71,110,108,49,61,38,49,60,104,100,34,26,45,50,42,22,118,68,64,28,27,18,13,39,50,43,63,67,78,32,65,22,16,74,30,20,49,65,31,20,64,78,22,18,29,95,38,25,81,58,72,65,64,54,50,46,42,29,27,31,22,119,61,77,35,114,32,30,43,97,33,76,56,40,76,28,109,62,31,79,49,45,31,35,31,31,88,79,36,45,42,78,36,34,79,55,68,90,49,75,81,82,117,112,53,63,38,52,88,115,40,41,116,69,55,41,102,66,49,85,45,49,62,78,45,45,124,94,47,89,66,103,61,71,120,114,89,83,72,61,63,86,111,50,60,63,55,89,76,104,57,62,115,77,60,124,107,129,68,122,100,60,73,62,86,65,62,60,60,61,69,72,132,122,111,61,62,68,82,73,86,87,112,96,71,64,79,97,85,66,66,86,94,72,70,78,78,71,69,67,67,79,89,105,134,84,75,122,81,93,71,92,96,76,77,91,83,74,74,83,82,76,102,122,76,116,95,76,76,78,103,105,91
74,177,140,33,194,185,104,160,151,19,144,29,191,144,97,65,49,91,88,73,114,32,14,195,119,117,67,169,123,62,39,185,133,89,73,9,163,162,53,7,84,9,165,19,154,76,66,40,1,157,103,78,0,7,188,186,29,17,116,29,18,182,178,112,52,33,28,120,57,196,146,142,105,104,95,89,41,29,37,140,15,9,49,17,98,90,12,106,63,34,142,52,68,23,155,94,86,57,172,48,64,158,31,148,142,140,130,125,121,116,100,65,59,78,196,31,23,57,191,101,67,50,173,101,151,130,56,28,84,185,136,95,154,121,116,77,99,87,82,163,153,100,113,109,34,95,88,35,49,40,165,58,38,36,36,193,188,54,46,85,57,38,190,96,76,191,139,122,83,176,136,68,42,77,69,55,46,92,91,198,166,82,46,57,176,126,55,193,188,160,153,140,125,62,49,184,95,67,64,77,51,57,175,113,70,187,144,76,197,179,202,130,195,170,113,67,84,61,118,110,102,93,88,74,72,204,194,182,100,92,78,146,132,65,64,182,163,128,107,70,164,148,114,89,67,160,126,123,73,136,123,119,113,95,75,69,173,205,145,82,192,77,156,113,72,71,87,86,74,139,121,118,80,137,123,73,190,121,182,155,119,101,93,166,168,148
67,171,133,29,187,178,97,153,144,21,137,25,184,137,91,59,43,85,82,66,107,27,16,189,112,110,60,162,117,55,33,178,126,83,66,11,156,155,46,12,77,5,158,13,147,69,59,33,7,150,96,71,7,0,181,179,22,10,109,22,11,175,171,105,45,26,21,113,50,189,139,135,98,97,88,82,34,22,30,133,9,10,42,11,91,83,10,99,56,27,135,45,61,17,148,86,79,50,165,42,57,151,25,141,134,133,123,118,114,109,93,58,52,71,189,26,22,51,184,94,60,43,166,94,144,123,49,26,77,178,129,88,147,114,109,70,92,80,75,156,146,93,106,102,32,88,81,33,44,36,158,52,35,35,35,186,181,49,41,78,52,38,183,89,69,184,132,115,76,169,129,62,41,71,63,50,44,85,84,191,159,76,45,52,169,119,51,186,180,153,146,133,118,57,48,177,89,62,59,71,50,53,168,107,65,180,137,70,190,172,195,123,188,163,107,63,79,59,112,103,95,87,83,70,67,197,187,175,94,86,73,139,125,62,62,175,156,121,101,66,157,142,107,84,65,153,120,117,69,129,117,113,107,90,71,66,166,198,138,78,185,74,149,107,70,69,82,81,71,133,115,112,77,131,117,72,183,115,175,149,113,96,88,160,161,141
121,27,55,165,24,22,89,36,43,189,49,166,19,49,94,126,143,99,102,118,77,160,188,17,72,73,123,23,66,128,150,11,56,100,117,185,27,28,136,190,104,180,24,169,34,112,122,148,188,31,85,110,188,181,0,2,159,171,72,159,170,6,10,76,136,155,160,68,131,9,42,46,83,84,93,99,148,160,152,49,176,187,140,174,91,99,183,84,126,157,49,139,123,173,37,97,105,135,23,144,128,36,165,45,52,53,63,68,72,76,92,128,134,115,22,168,185,138,23,93,128,147,29,93,46,66,141,183,112,27,61,102,46,76,81,120,98,111,116,41,48,98,86,90,184,104,112,184,157,171,43,147,179,186,187,35,35,152,165,118,149,192,37,107,128,38,67,83,122,43,71,141,188,131,140,159,179,116,117,44,52,128,191,162,50,85,168,47,48,59,64,74,87,157,187,49,117,151,156,139,189,172,55,102,151,53,76,145,53,56,54,89,55,62,105,164,140,181,104,112,121,131,136,155,160,59,59,61,124,133,152,82,94,179,181,63,72,98,118,169,72,82,113,140,178,76,102,104,166,94,106,110,115,135,166,181,71,66,89,157,68,167,84,120,183,188,154,156,181,98,115,117,167,101,114,194,73,117,76,90,121,140,152,84,85,97
119,26,54,163,24,22,87,34,42,187,47,164,19,47,92,124,141,97,100,116,75,158,186,17,70,71,121,21,64,126,148,11,54,98,115,183,25,26,134,188,102,178,22,167,32,110,120,146,186,29,83,108,186,179,2,0,157,169,70,157,168,4,8,74,134,153,158,66,129,11,40,44,81,82,91,97,146,158,150,47,174,185,138,172,89,97,181,82,124,155,47,137,121,171,35,95,103,133,22,142,126,34,163,43,50,52,61,66,70,74,90,126,132,113,23,166,183,136,23,91,126,145,28,91,45,64,139,181,110,27,59,100,45,74,79,118,96,109,114,40,47,96,84,88,182,102,110,182,155,169,42,145,177,184,185,35,35,150,163,116,147,190,37,105,127,38,66,81,120,43,70,139,186,129,138,157,177,114,115,45,51,126,189,160,49,84,166,47,47,58,62,72,85,155,185,49,115,149,154,137,188,170,54,100,149,52,74,143,53,55,55,88,55,61,104,162,138,179,102,110,119,129,134,153,158,60,59,61,122,131,150,81,92,177,179,63,71,97,116,168,71,81,111,139,176,75,100,103,165,93,104,108,114,133,164,179,70,66,88,155,67,165,83,118,181,186,153,154,179,97,113,116,166,100,112,193,73,115,76,88,119,139,150,83,84,96
48,149,112,24,166,157,76,132,123,36,116,21,162,116,69,38,25,63,60,45,86,16,32,167,90,88,40,141,95,34,15,156,105,61,44,28,134,133,25,32,55,22,136,11,125,47,37,11,29,128,74,49,29,22,159,157,0,12,87,1,11,153,149,83,23,4,2,91,28,167,117,113,76,75,66,60,12,5,9,111,18,29,21,17,69,61,26,77,34,11,113,24,40,19,126,65,57,29,143,23,36,129,19,120,113,111,101,96,92,87,72,37,32,50,167,22,33,32,162,73,40,27,144,73,123,101,32,33,56,156,107,67,125,92,88,50,71,60,55,134,125,72,85,81,38,68,61,39,34,34,136,38,38,42,42,164,159,37,35,59,39,47,161,70,52,163,111,94,58,148,108,47,47,54,48,41,45,67,66,170,138,59,52,45,147,98,46,165,159,132,125,112,98,48,52,156,71,51,49,57,55,50,147,87,54,159,116,57,169,151,174,103,166,142,88,56,65,58,93,86,79,72,68,60,59,176,166,154,77,71,62,119,106,61,61,155,136,102,84,61,137,122,90,70,63,133,101,99,63,110,99,95,90,75,64,65,145,177,119,68,164,67,129,91,69,70,72,72,69,114,98,96,70,112,100,74,163,98,155,130,96,83,77,140,142,123
59,161,123,25,177,168,88,144,135,27,128,21,174,127,81,49,34,75,72,57,97,20,23,179,102,100,51,153,107,46,24,168,117,73,56,18,146,145,36,21,67,11,148,5,137,59,49,23,17,140,86,61,17,10,171,169,12,0,99,12,1,165,161,95,35,16,11,103,40,179,129,125,88,87,78,72,24,12,20,123,9,17,32,9,81,73,15,89,46,18,125,35,51,14,138,76,69,40,155,32,47,141,19,131,124,122,113,108,104,99,83,48,42,61,179,21,25,41,174,84,51,35,156,84,134,113,41,27,67,168,119,78,137,104,99,61,82,70,66,146,136,84,96,92,33,79,72,34,38,33,148,44,34,36,36,176,171,42,36,69,44,40,173,80,61,174,122,105,67,159,119,54,42,62,55,44,42,76,75,181,150,67,46,47,159,109,47,176,171,143,136,123,109,51,48,167,80,56,53,64,50,50,158,97,59,170,127,63,180,162,185,114,178,153,98,59,71,57,103,95,87,79,75,64,62,188,177,165,86,79,67,130,116,60,60,166,146,112,93,62,148,132,99,77,62,144,111,108,65,120,108,104,99,82,66,64,156,188,129,72,175,69,140,99,68,68,76,76,69,124,106,104,73,122,108,72,174,107,166,140,105,89,82,150,152,132
53,65,33,94,81,72,27,48,40,118,34,95,77,34,28,56,73,32,34,48,17,89,116,81,16,15,52,55,15,57,79,70,21,30,46,114,48,47,65,118,33,108,49,97,38,40,50,76,116,41,13,38,116,109,72,70,87,99,0,87,98,66,62,4,64,83,88,4,59,80,30,26,11,12,21,27,76,88,80,25,104,115,68,102,21,28,111,14,55,86,27,67,52,101,40,28,35,64,57,73,57,44,94,36,30,28,22,19,18,18,25,58,64,45,81,97,114,67,76,28,58,76,60,29,41,26,71,112,45,72,31,37,44,27,27,52,36,45,49,53,45,36,31,32,113,41,47,113,87,101,56,78,109,116,117,81,76,83,95,53,81,122,79,46,62,80,42,38,58,67,41,74,119,66,74,91,110,55,56,88,62,64,122,95,70,45,101,85,80,58,54,48,46,91,118,77,59,85,89,75,121,105,71,52,86,81,54,81,90,75,94,53,88,70,57,99,79,115,59,62,66,73,76,92,96,98,89,80,69,75,89,61,59,114,115,81,69,60,67,105,70,64,65,81,113,69,63,63,103,63,64,65,67,79,103,116,77,101,66,96,91,104,71,72,119,123,95,96,117,69,72,72,106,70,72,130,92,74,88,75,76,87,94,80,81,75
49,149,112,25,166,157,77,132,123,36,116,22,162,116,70,39,25,64,61,46,86,17,33,167,90,88,40,141,95,35,16,156,105,61,45,29,134,133,25,33,55,22,136,12,125,47,37,12,29,128,74,49,29,22,159,157,1,12,87,0,11,153,149,83,23,4,1,91,28,167,117,113,76,75,66,60,12,4,9,111,18,29,20,17,68,61,25,77,34,10,113,24,39,18,126,65,57,29,143,22,36,129,18,119,112,110,101,96,92,87,71,37,32,50,167,22,32,31,162,72,40,26,144,73,122,101,31,33,56,156,107,66,125,92,87,50,71,59,55,134,124,72,85,81,37,68,61,38,33,33,136,37,37,41,41,164,159,36,34,59,38,46,161,69,51,162,111,94,57,147,107,46,46,53,47,40,44,66,65,170,138,58,51,44,147,98,45,165,159,131,125,112,98,47,51,155,70,50,48,56,54,49,147,87,53,158,116,56,168,150,173,103,166,142,88,55,64,57,93,85,78,71,67,59,58,176,165,153,77,70,61,119,105,60,60,154,135,102,83,60,136,121,89,69,62,132,100,98,62,110,98,94,89,75,63,64,145,176,118,67,164,66,129,90,68,69,71,71,68,113,97,95,69,112,99,73,162,98,155,129,96,82,77,140,141,122
58,160,123,26,177,168,87,143,134,28,127,22,173,127,80,49,34,74,71,56,97,20,24,178,101,99,50,152,106,45,24,167,116,72,55,19,145,144,36,22,66,12,147,6,136,58,48,22,18,139,85,60,18,11,170,168,11,1,98,11,0,164,160,94,34,15,10,102,39,178,128,124,87,86,77,71,22,11,19,122,8,18,31,8,79,71,15,87,45,16,123,34,50,13,137,75,67,39,154,31,46,140,18,130,123,121,111,107,103,98,82,47,41,60,178,20,24,40,172,83,49,33,155,83,133,112,39,26,66,167,118,77,136,103,98,59,81,69,64,145,135,82,95,91,32,77,70,33,36,32,147,43,34,35,36,174,169,40,35,68,43,40,172,79,59,173,121,104,66,158,118,52,41,61,54,43,41,75,74,180,148,66,46,46,158,108,46,175,169,142,135,122,107,50,47,166,79,54,52,62,50,49,157,96,57,169,126,62,179,161,184,112,176,152,97,57,70,56,102,93,86,78,74,63,61,186,176,164,84,77,65,128,114,59,59,164,145,111,91,61,146,131,97,75,61,142,109,107,64,119,107,103,97,81,65,63,155,187,128,71,174,68,138,98,67,67,75,74,68,122,105,103,71,120,107,71,172,105,165,138,103,88,81,149,150,131
115,27,51,159,27,24,84,33,39,183,45,161,22,44,88,121,137,94,97,113,71,154,182,21,66,68,117,20,61,122,145,13,51,94,111,179,22,23,131,184,98,174,18,163,29,106,116,142,182,25,79,104,182,175,6,4,153,165,66,153,164,0,4,70,130,149,154,62,125,14,36,40,77,78,87,93,142,154,146,42,170,181,134,168,85,93,177,77,120,151,42,132,117,166,31,91,99,129,18,138,122,30,159,39,45,47,57,61,65,70,86,122,128,109,23,162,179,132,22,87,122,141,25,87,40,60,135,177,106,25,55,95,40,70,75,114,92,105,109,36,43,91,79,83,177,98,105,178,150,165,38,141,173,180,181,34,33,146,158,111,143,186,35,100,122,36,61,77,116,40,65,134,182,124,134,153,173,110,111,43,47,121,185,156,46,79,162,45,45,54,58,68,81,151,181,46,111,145,149,133,183,166,51,96,145,50,70,138,51,52,53,83,53,57,99,158,134,175,98,106,115,124,130,149,154,58,57,58,118,127,146,77,88,173,175,60,67,92,112,163,68,77,107,134,172,71,96,98,160,88,100,104,109,129,160,174,67,65,84,150,65,161,79,114,177,181,148,150,174,93,109,111,161,95,108,188,70,111,73,85,115,134,145,80,80,92
111,26,48,155,29,25,80,30,36,179,41,157,24,41,84,117,134,90,93,109,67,150,178,24,62,64,113,17,57,118,141,15,47,90,107,175,19,20,127,180,94,170,15,159,25,102,112,138,178,21,75,100,178,171,10,8,149,161,62,149,160,4,0,66,126,145,150,58,121,18,32,36,73,74,83,89,138,150,142,38,166,177,130,164,81,89,173,73,116,147,38,128,113,162,27,87,95,125,16,134,118,26,155,35,42,43,53,58,61,66,82,118,124,105,25,158,175,128,24,83,118,137,23,83,37,56,131,173,102,25,51,91,37,66,71,110,88,101,106,33,40,88,76,79,173,94,102,174,146,161,36,137,169,176,177,35,34,142,155,108,139,182,36,97,118,37,58,73,112,39,62,131,178,120,130,149,169,106,107,45,46,118,181,152,45,76,158,46,45,52,56,65,77,147,177,46,107,141,145,129,179,162,50,92,141,50,67,135,52,52,54,80,54,56,96,154,130,171,94,103,111,121,126,145,150,59,57,57,114,123,142,74,85,169,171,59,65,89,108,159,66,74,103,131,168,69,93,95,156,86,97,100,106,125,156,171,66,66,81,147,65,157,77,111,173,178,144,146,171,90,106,108,157,93,105,184,70,108,72,82,112,131,142,78,79,90
50,69,37,91,85,76,26,52,44,114,38,92,81,37,26,53,69,29,31,45,18,85,112,85,18,16,49,59,18,53,75,74,25,26,42,110,52,51,61,115,29,104,53,93,42,36,46,72,112,45,10,34,112,105,76,74,83,95,4,83,94,70,66,0,60,79,84,8,55,84,34,30,7,8,17,23,72,84,76,28,100,111,64,98,17,24,107,11,51,81,31,63,48,97,44,24,31,59,61,68,53,48,89,39,33,31,23,20,18,17,22,54,59,41,85,93,110,63,80,25,54,72,63,26,44,27,67,107,41,75,33,33,47,26,26,49,32,41,45,56,47,33,29,30,109,38,43,109,83,97,59,74,105,112,113,84,79,79,91,50,77,118,82,42,59,83,43,37,54,70,42,70,114,62,70,87,106,52,53,91,64,61,118,91,72,44,97,87,82,60,56,49,45,87,114,80,55,81,85,72,117,101,74,50,82,84,54,77,92,77,97,52,91,72,55,95,76,111,57,59,64,69,73,88,92,101,92,82,66,71,86,61,58,110,111,83,70,59,64,101,72,64,63,78,109,70,61,61,99,62,63,63,65,75,99,112,79,103,66,92,93,101,71,70,115,119,91,93,113,68,70,70,102,69,70,126,94,72,89,75,74,84,91,80,82,74
32,127,90,37,143,134,55,109,101,57,94,36,140,93,48,23,21,42,40,27,64,29,54,144,68,66,21,118,72,17,20,134,82,39,24,51,112,111,12,55,33,45,113,34,102,25,15,13,52,105,51,26,52,45,136,134,23,35,64,23,34,130,126,60,0,19,24,68,5,144,94,90,53,52,43,37,12,24,16,88,40,51,7,38,46,38,48,54,13,23,90,10,18,38,103,42,35,13,120,16,17,106,32,97,90,88,78,73,69,64,49,19,17,29,144,36,52,20,139,51,23,23,121,51,100,78,23,51,36,133,85,45,102,70,65,32,50,40,36,112,102,51,63,60,54,48,42,54,35,45,114,33,51,57,58,141,136,35,41,42,35,63,138,50,37,140,89,73,42,125,86,38,61,41,39,43,55,50,49,147,116,45,65,47,125,78,51,142,137,110,103,91,77,47,64,133,54,47,48,47,66,56,125,69,49,136,95,50,146,129,151,83,144,120,70,57,56,66,75,69,64,59,57,57,57,154,144,132,63,59,57,99,86,67,68,133,114,83,69,63,116,102,73,61,68,112,83,81,64,91,81,78,74,64,64,70,124,155,99,64,143,67,109,76,74,77,67,67,74,95,82,80,70,94,83,82,142,83,134,110,81,73,71,120,121,104
46,145,108,27,162,153,73,128,119,40,112,24,158,112,66,36,24,60,57,42,82,18,37,163,87,85,37,137,91,31,15,153,101,57,41,33,131,130,22,37,52,26,132,16,121,43,33,9,33,124,70,45,33,26,155,153,4,16,83,4,15,149,145,79,19,0,5,87,24,163,113,109,72,71,62,56,8,6,5,107,22,32,16,20,64,56,29,72,30,9,108,20,35,21,122,60,53,25,139,18,32,125,18,115,108,106,97,92,88,83,67,33,28,46,163,22,35,28,157,68,36,23,140,69,118,97,28,35,52,152,103,62,121,88,83,46,67,55,51,130,120,68,80,77,39,64,57,40,31,34,132,34,38,43,43,159,155,34,34,55,35,48,157,65,47,158,107,90,54,143,103,43,48,50,44,39,44,62,62,165,134,55,52,43,143,94,45,160,155,127,121,108,94,45,52,151,66,48,47,53,55,49,143,83,51,154,112,54,164,146,169,99,162,138,84,54,61,58,89,81,74,68,64,57,56,172,161,149,73,67,59,115,101,60,60,150,131,98,80,59,132,117,86,67,61,128,97,94,61,106,94,91,86,72,62,64,141,172,115,65,160,65,125,87,68,69,69,69,68,110,93,91,68,108,95,74,158,94,151,125,92,79,74,136,137,118
50,150,113,26,167,158,78,133,124,36,117,23,163,117,71,40,27,65,62,47,87,18,32,168,92,89,41,142,96,36,17,158,106,62,46,28,136,135,27,32,57,22,137,11,126,48,38,13,28,129,75,50,28,21,160,158,2,11,88,1,10,154,150,84,24,5,0,92,29,168,118,114,77,76,67,61,12,3,9,112,17,27,21,15,69,61,24,77,35,9,113,24,40,17,127,65,57,29,144,22,36,130,16,120,113,111,101,97,93,88,72,37,32,50,168,20,31,31,162,73,40,26,145,73,123,102,31,31,56,157,108,67,126,93,88,50,71,59,55,135,125,73,85,81,36,68,61,37,32,32,137,36,36,39,40,164,159,35,33,59,37,45,162,69,51,163,111,95,57,148,108,45,45,53,47,39,42,66,65,170,139,58,49,43,148,98,44,165,159,132,125,112,98,46,50,156,70,49,48,56,52,48,147,87,52,159,116,56,169,151,174,103,167,142,88,54,64,56,93,85,78,71,67,58,57,176,166,154,76,70,60,119,105,59,59,155,136,102,83,59,137,122,89,69,60,133,101,98,61,110,98,94,89,74,62,63,145,177,119,66,164,65,129,90,67,68,71,70,67,114,97,95,68,112,99,72,163,98,155,129,96,81,76,140,141,122
57,62,32,99,77,69,31,46,38,122,33,100,73,32,32,61,77,36,39,53,20,93,121,77,18,17,57,52,15,61,83,66,19,34,50,118,45,44,69,123,37,112,46,101,35,45,54,80,120,37,18,42,120,113,68,66,91,103,4,91,102,62,58,8,68,87,92,0,63,76,26,22,15,16,25,31,80,92,84,20,108,119,72,106,24,32,115,17,58,89,23,71,55,105,36,30,38,67,53,76,61,40,97,31,26,24,18,16,16,17,27,61,67,48,77,101,117,71,72,30,61,80,55,30,36,23,74,115,47,67,27,38,40,25,26,55,37,47,51,48,40,37,30,32,116,42,49,117,90,104,51,81,112,119,120,76,72,86,98,55,84,125,74,47,65,76,38,36,60,63,38,77,122,68,76,94,113,57,57,84,57,66,125,98,65,43,103,80,75,54,51,45,44,93,121,73,60,87,92,77,124,108,67,52,88,77,51,83,85,71,90,51,84,66,56,101,81,117,58,62,67,74,78,94,98,94,85,76,69,76,91,58,57,116,118,77,65,59,67,107,67,61,64,83,115,65,61,62,105,61,63,65,67,80,105,118,73,96,64,97,87,106,68,72,121,125,96,98,119,67,71,72,107,68,71,132,88,73,84,72,75,87,96,76,78,72
31,122,85,42,138,129,51,105,96,62,89,41,135,89,44,22,24,39,36,24,59,34,59,139,64,61,19,113,68,16,24,129,77,35,21,56,107,106,14,60,28,50,108,39,97,20,11,18,57,100,46,22,57,50,131,129,28,40,59,28,39,125,121,55,5,24,29,63,0,139,89,85,48,47,38,32,17,29,21,83,45,56,10,43,40,33,52,49,9,27,84,11,14,42,98,37,30,12,115,18,15,101,36,91,85,83,73,68,64,59,44,16,16,25,139,40,56,20,134,46,21,24,116,46,95,73,23,55,32,128,80,41,97,65,60,29,45,35,32,106,97,47,58,55,57,43,38,58,37,48,109,33,55,61,61,136,131,36,44,38,36,67,133,46,35,135,84,68,39,120,81,37,65,39,38,44,58,46,46,142,111,42,69,49,120,73,53,137,132,105,98,86,73,48,67,128,51,47,48,46,69,58,120,64,49,131,90,49,141,124,146,79,139,115,66,58,54,68,71,65,60,57,56,57,58,149,139,127,60,57,57,94,82,69,70,128,110,79,65,64,111,97,70,59,69,107,79,77,64,87,77,74,70,62,65,72,119,150,95,64,138,68,105,72,76,78,66,67,75,91,78,77,70,90,80,84,137,79,130,106,78,71,70,115,117,100
129,34,64,173,27,29,98,45,52,198,58,175,24,58,102,135,152,108,111,127,85,168,196,19,80,82,131,32,75,136,159,19,65,108,125,194,36,37,145,198,112,188,32,177,43,120,130,156,196,39,93,118,196,189,9,11,167,179,80,167,178,14,18,84,144,163,168,76,139,0,50,54,91,92,101,107,156,168,160,56,184,195,148,182,99,107,191,91,134,165,56,146,130,180,43,105,113,142,28,151,136,41,173,51,58,60,70,75,78,83,99,136,142,122,17,176,193,145,20,100,135,154,32,100,51,72,148,190,119,26,67,108,51,83,87,127,105,118,123,44,53,104,92,96,191,111,118,191,164,178,46,154,186,193,194,32,33,159,172,124,156,200,34,113,135,35,72,88,129,44,76,147,195,137,147,166,186,122,123,40,54,134,198,169,50,90,175,44,46,62,67,78,92,164,194,48,123,157,162,145,196,179,55,107,157,51,79,151,49,55,50,93,52,62,110,170,146,188,108,117,126,136,142,161,166,55,56,60,129,138,158,85,98,186,188,62,73,102,123,176,73,85,117,146,184,77,106,108,172,98,110,114,120,140,172,187,71,62,92,162,65,173,86,125,189,194,160,162,187,101,119,121,173,104,118,201,71,121,75,91,125,145,157,85,85,100
81,41,29,124,54,46,51,28,25,148,24,125,50,23,55,86,102,60,63,78,39,119,146,53,34,35,82,29,28,86,109,42,20,59,76,144,22,21,95,149,63,138,21,127,11,70,80,106,146,13,43,68,146,139,42,40,117,129,30,117,128,36,32,34,94,113,118,26,89,50,0,4,41,42,51,57,106,118,110,7,134,145,98,132,49,57,141,41,84,115,9,96,81,130,14,55,63,93,28,102,86,18,123,15,16,17,23,27,31,35,50,86,92,73,52,126,143,96,47,52,86,105,32,52,21,28,99,141,71,44,26,61,25,38,42,79,58,70,74,30,26,57,47,50,142,64,71,142,115,129,34,105,137,144,145,53,49,110,123,77,108,150,52,67,87,53,37,47,82,44,40,100,146,90,99,118,137,77,78,62,42,88,149,121,48,52,127,59,55,43,43,46,53,116,145,54,78,110,115,99,148,131,51,66,110,58,50,105,65,55,69,58,65,53,70,123,101,140,70,76,84,92,97,115,120,74,67,60,87,95,112,58,64,139,141,62,57,67,82,129,58,59,78,102,138,59,70,72,127,66,73,76,81,98,126,140,62,78,65,118,71,128,64,86,143,148,116,118,141,71,82,84,128,73,82,154,74,84,72,70,88,104,114,70,71,74
78,44,28,120,58,49,48,30,26,144,24,121,53,23,51,82,98,56,59,74,35,115,142,56,31,32,78,32,25,83,105,46,17,55,72,140,25,24,91,145,59,134,25,123,14,66,76,102,142,16,39,64,142,135,46,44,113,125,26,113,124,40,36,30,90,109,114,22,85,54,4,0,37,38,47,53,102,114,106,4,130,141,94,128,45,53,137,37,80,111,8,92,77,126,16,51,59,89,31,98,82,21,119,16,15,16,21,24,27,32,46,82,88,69,56,122,139,92,51,48,82,101,35,48,22,26,95,137,67,47,25,57,26,35,38,75,54,66,71,32,27,54,43,47,138,60,67,138,111,125,36,102,133,140,141,56,52,107,119,73,104,147,55,63,84,56,36,44,78,46,38,96,143,86,95,114,134,73,74,65,44,84,146,117,50,49,123,62,58,44,43,44,51,113,142,56,75,107,111,95,144,128,53,63,107,61,49,101,68,56,72,56,67,54,67,120,98,137,67,74,81,89,94,112,116,76,69,62,84,91,109,57,62,135,137,64,58,65,79,126,59,59,75,99,134,59,68,70,123,64,71,74,78,94,123,137,63,80,64,114,73,124,64,83,140,144,113,114,137,70,80,82,125,72,80,151,76,82,73,69,85,101,111,70,71,73
45,76,43,85,92,83,26,60,51,108,45,85,88,44,24,47,63,26,28,40,22,79,106,92,23,21,43,66,24,47,69,81,32,22,36,103,60,59,55,108,23,98,61,86,50,30,40,65,105,52,6,28,105,98,83,81,76,88,11,76,87,77,73,7,53,72,77,15,48,91,41,37,0,1,10,16,65,77,69,35,93,104,57,91,9,17,100,6,43,74,37,56,40,90,50,17,24,52,67,61,46,54,82,45,38,36,27,23,21,17,17,46,52,34,92,86,102,56,86,20,47,65,69,21,49,30,60,100,34,81,36,27,52,27,25,42,27,35,38,61,52,28,27,27,102,32,37,102,76,90,64,67,98,104,105,90,85,72,84,43,70,111,87,37,52,89,45,36,48,75,43,63,107,55,63,80,99,46,47,97,68,54,110,84,77,43,89,93,87,64,59,50,44,80,107,84,50,74,78,65,110,94,78,47,75,88,56,71,97,81,102,51,96,75,51,88,70,104,54,56,59,64,67,81,85,105,96,86,61,66,79,62,57,103,104,87,73,57,60,94,74,65,59,72,102,72,59,59,92,62,60,60,61,70,92,105,81,108,66,86,97,94,72,66,108,112,85,86,106,67,66,67,95,68,67,119,98,69,92,76,70,78,85,82,84,74
45,77,44,84,93,84,26,60,52,107,46,84,89,45,23,47,62,25,27,39,22,78,105,93,24,22,42,67,25,46,68,82,33,21,35,102,61,60,54,107,22,97,62,85,51,29,39,64,104,53,6,27,104,97,84,82,75,87,12,75,86,78,74,8,52,71,76,16,47,92,42,38,1,0,9,15,64,76,68,36,92,103,56,90,9,16,99,6,42,73,38,55,39,89,51,16,23,51,68,60,45,55,81,46,39,37,28,24,21,18,16,46,51,33,93,85,101,55,87,20,46,64,70,21,50,31,59,99,33,82,37,27,53,27,25,41,27,34,38,62,53,28,27,27,101,32,36,101,75,89,64,66,97,103,104,90,86,71,83,43,69,110,88,37,51,90,45,37,47,76,44,62,106,54,62,79,98,46,46,98,69,54,110,83,77,44,89,93,88,64,59,51,44,79,106,85,50,74,78,64,109,93,79,47,75,89,56,70,98,82,103,52,97,76,51,87,69,103,54,55,58,63,67,81,85,106,97,87,60,65,78,63,57,102,103,88,73,57,59,93,75,65,59,72,101,72,59,59,92,62,60,60,61,69,91,104,82,108,66,85,98,93,73,66,107,111,85,86,105,68,66,67,95,68,67,118,98,68,93,76,70,78,85,83,84,74
38,86,51,75,102,93,27,69,60,98,54,76,98,53,22,39,54,22,22,32,27,69,96,102,30,28,34,76,32,38,59,91,41,16,27,93,69,68,45,98,15,88,71,77,60,21,30,55,95,62,10,18,95,88,93,91,66,78,21,66,77,87,83,17,43,62,67,25,38,101,51,47,10,9,0,6,55,67,59,45,83,94,47,81,5,8,90,12,34,64,47,46,31,80,60,11,16,42,77,51,36,64,72,54,47,46,36,32,28,24,15,37,43,26,101,76,93,47,96,19,38,55,79,20,58,38,51,90,27,91,44,24,61,33,29,34,25,29,31,70,61,26,30,28,92,29,31,92,67,80,72,58,88,95,96,99,94,63,75,37,61,101,97,34,45,98,52,40,42,84,50,55,98,48,55,71,89,42,42,106,76,48,101,75,85,47,81,102,96,71,66,56,47,71,98,93,46,67,70,58,101,85,86,47,68,97,61,64,106,90,111,55,104,83,51,80,64,95,54,54,56,59,62,74,78,114,105,94,57,61,72,67,60,94,96,95,79,59,58,86,81,70,58,67,94,78,60,60,85,65,61,60,60,65,85,97,88,116,70,79,105,87,78,64,100,104,79,80,98,70,66,66,89,70,67,111,105,68,99,80,69,74,80,88,89,77
36,92,57,70,108,99,30,75,66,93,60,71,104,59,24,35,49,22,22,28,32,64,90,108,35,33,30,82,38,33,54,97,47,16,23,87,76,75,40,92,12,82,77,71,66,16,24,50,89,68,16,13,89,82,99,97,60,72,27,60,71,93,89,23,37,56,61,31,32,107,57,53,16,15,6,0,49,61,53,51,77,88,41,75,9,4,84,17,27,58,52,40,25,74,66,10,11,36,83,45,30,69,66,60,53,51,41,37,33,29,17,31,37,21,107,70,86,41,102,20,32,49,84,21,63,43,45,84,23,97,49,22,66,36,33,29,25,25,27,75,66,26,32,30,86,27,28,86,61,74,78,53,82,89,90,104,100,57,69,34,55,95,102,32,40,103,56,43,38,89,53,50,92,44,50,66,84,39,39,111,81,44,95,70,90,49,75,107,101,76,70,59,49,66,92,98,44,62,65,54,95,80,91,47,63,102,64,59,111,94,116,56,109,87,51,75,60,90,55,53,53,56,58,70,73,119,109,98,55,58,68,70,61,89,91,99,83,60,56,81,84,73,57,63,89,81,61,60,80,66,61,60,59,62,80,92,92,121,72,75,109,82,80,63,95,99,75,76,93,72,65,65,84,71,67,105,109,67,103,83,68,71,76,91,92,79
42,139,102,33,156,147,68,122,113,48,106,30,152,106,61,33,24,55,52,38,76,24,44,156,81,78,32,130,85,27,17,146,94,52,36,40,124,123,19,44,45,34,125,23,114,37,27,8,41,117,63,39,41,34,148,146,12,24,76,12,22,142,138,72,12,8,12,80,17,156,106,102,65,64,55,49,0,12,4,100,28,39,9,26,57,49,35,65,23,11,101,12,28,26,114,53,45,17,131,12,24,118,21,108,101,99,89,84,80,75,60,25,21,38,156,25,39,21,150,61,28,18,132,61,111,89,22,39,44,145,96,55,113,80,76,39,59,48,43,123,113,60,73,69,42,56,49,43,28,34,124,29,40,45,46,152,147,30,33,48,31,51,149,58,41,151,99,82,47,136,96,37,50,43,39,36,45,55,54,158,126,48,54,41,135,86,43,153,147,120,113,100,86,42,53,144,59,43,43,48,56,48,135,76,46,147,104,49,157,139,162,91,154,130,77,51,56,57,82,74,68,61,59,53,53,164,154,142,67,61,55,107,94,59,60,142,123,90,73,57,125,110,79,61,60,121,89,87,58,99,87,83,79,66,59,63,133,165,107,61,152,62,117,80,67,69,65,64,67,102,86,85,65,101,89,74,151,87,143,118,86,74,70,128,130,111
52,151,114,29,167,158,79,134,125,38,118,25,164,117,72,42,29,66,63,48,88,21,34,168,92,90,42,142,97,37,20,158,106,63,47,30,136,135,28,33,57,23,137,13,126,49,39,14,29,129,75,50,29,22,160,158,5,12,88,4,11,154,150,84,24,6,3,92,29,168,118,114,77,76,67,61,12,0,8,112,16,27,20,14,69,61,23,77,34,7,113,23,39,15,126,65,57,28,143,20,35,130,14,120,113,111,101,96,92,87,71,36,30,49,168,17,29,29,162,72,38,23,144,73,123,101,29,29,55,157,107,66,125,92,87,49,70,58,54,134,125,72,84,80,33,67,59,34,29,29,136,34,33,37,38,164,159,32,30,57,34,42,161,68,49,162,110,93,56,147,107,43,42,51,44,36,40,64,64,170,138,56,47,40,147,97,41,164,159,131,124,111,97,43,47,155,68,46,45,53,50,45,146,85,49,158,115,53,168,150,173,102,166,141,86,51,61,53,91,83,76,68,65,55,54,176,165,153,74,68,58,118,104,56,56,154,134,100,81,56,136,120,87,66,57,131,99,96,58,108,96,92,87,72,59,60,144,176,117,64,163,62,128,88,64,65,68,67,64,112,95,93,65,110,97,69,162,95,154,128,93,79,73,138,140,120
46,143,106,32,160,151,72,126,117,45,110,29,156,110,65,36,26,59,56,42,80,23,41,160,85,82,36,134,89,31,18,150,98,56,40,37,128,127,23,41,49,30,129,20,118,41,31,10,37,121,67,43,37,30,152,150,9,20,80,9,19,146,142,76,16,5,9,84,21,160,110,106,69,68,59,53,4,8,0,104,24,35,12,22,61,53,31,69,26,7,105,15,31,22,118,57,49,20,135,13,27,122,17,112,105,103,93,88,84,79,63,28,23,41,160,21,35,23,154,64,31,18,136,65,115,93,23,35,47,148,99,58,117,84,79,41,62,51,46,126,116,64,76,72,38,59,52,39,27,31,128,29,37,42,43,156,151,29,30,50,31,48,153,61,42,154,102,86,49,139,99,38,47,45,39,35,42,57,57,162,130,50,51,39,139,89,41,156,151,123,116,103,89,41,50,147,62,43,42,48,53,46,139,78,46,150,107,49,160,142,165,94,158,133,79,50,56,55,84,76,69,63,60,53,52,168,157,145,68,62,54,110,97,57,57,146,127,93,75,55,128,113,81,62,58,124,92,89,57,101,89,86,81,67,58,60,136,168,110,61,155,61,120,82,65,66,65,64,65,105,88,86,64,103,91,71,154,89,146,120,87,74,70,131,132,113
77,48,31,119,61,53,48,34,30,143,27,120,56,26,51,81,97,55,58,73,35,113,141,59,31,32,77,35,25,81,104,48,19,54,70,138,29,28,90,143,57,133,28,122,18,65,75,100,140,19,38,63,140,133,49,47,111,123,25,111,122,42,38,28,88,107,112,20,83,56,7,4,35,36,45,51,100,112,104,0,128,139,92,126,43,51,135,35,78,109,5,90,74,124,16,49,57,86,32,95,80,20,117,14,12,12,17,21,24,29,44,80,86,66,57,120,137,89,52,45,80,98,35,45,20,22,93,134,64,47,21,54,24,31,35,72,51,63,68,30,25,51,40,43,135,57,64,135,108,123,34,99,131,138,139,56,52,104,116,70,101,144,55,60,81,56,33,41,75,45,35,93,140,83,92,111,131,70,71,65,42,81,143,114,49,46,120,62,57,42,40,41,47,110,139,55,72,103,108,92,141,125,52,59,104,60,46,98,67,55,72,52,66,52,64,117,94,134,64,70,77,86,91,109,113,76,68,61,80,88,106,54,58,132,134,62,55,61,76,123,56,55,72,95,131,56,64,66,120,61,67,70,75,91,119,134,61,79,60,111,72,121,61,80,136,141,109,111,134,66,76,78,122,68,76,148,74,78,71,66,82,98,108,67,69,69
66,167,130,34,183,174,95,150,141,30,134,29,180,134,88,57,42,82,79,64,104,29,25,184,108,106,58,158,113,53,32,174,122,79,63,20,152,151,43,21,73,14,153,14,142,65,55,30,16,145,91,67,15,9,176,174,18,9,104,18,8,170,166,100,40,22,17,108,45,184,134,130,93,92,83,77,28,16,24,128,0,11,36,2,85,77,7,93,50,19,129,38,54,8,142,80,72,43,159,34,50,145,16,136,129,127,117,112,108,103,87,50,45,64,184,17,16,43,178,87,52,35,160,88,138,116,41,19,70,172,123,81,141,107,102,63,85,72,68,150,140,86,99,95,25,81,73,25,35,27,151,43,27,28,28,179,174,40,32,70,42,32,177,82,61,178,125,108,68,162,122,53,34,62,54,40,35,77,76,185,153,67,38,43,162,111,41,180,174,146,139,126,110,48,40,170,80,53,50,62,43,44,161,98,56,173,129,61,183,165,188,115,180,156,98,54,69,50,103,95,87,78,74,60,58,190,180,167,85,77,63,131,117,53,53,168,148,113,92,57,149,134,99,74,56,145,111,109,60,121,108,104,98,81,61,57,158,190,130,68,177,64,141,98,61,61,73,72,63,124,106,103,67,122,108,64,175,106,168,140,104,87,79,152,153,133
76,178,140,39,194,185,105,160,152,28,145,35,191,144,98,67,51,92,89,74,114,36,23,195,119,117,68,169,123,63,42,185,133,90,73,18,163,162,54,16,84,15,164,22,153,76,66,40,10,156,102,78,9,10,187,185,29,17,115,29,18,181,177,111,51,32,27,119,56,195,145,141,104,103,94,88,39,27,35,139,11,0,47,13,96,88,4,104,61,30,140,49,65,17,153,91,83,54,170,45,61,156,25,146,140,138,128,123,119,114,98,61,55,75,195,24,14,53,189,98,63,45,171,98,149,127,51,19,80,183,134,91,151,118,113,73,96,83,78,161,151,97,110,106,25,91,84,26,43,32,162,52,29,27,27,190,185,48,38,80,51,29,187,92,71,189,136,118,78,173,132,62,33,72,63,47,37,87,86,196,163,77,37,49,172,121,46,190,184,156,149,136,121,54,40,181,90,60,57,71,42,48,172,108,63,184,139,69,194,175,199,125,191,166,108,59,77,52,113,104,96,87,82,67,64,201,190,178,94,86,70,141,127,56,55,178,158,123,102,61,160,144,108,82,59,155,121,118,65,131,118,113,107,89,66,60,168,201,140,74,188,69,151,107,63,62,79,78,65,134,115,112,72,132,117,64,186,115,178,150,112,94,85,162,163,142
40,132,96,39,148,139,62,115,106,56,99,38,145,99,55,30,26,49,46,34,69,31,53,149,74,71,28,123,78,24,22,138,87,45,31,49,116,115,18,53,39,42,118,32,107,30,21,14,49,109,56,32,49,42,140,138,21,32,68,20,31,134,130,64,7,16,21,72,10,148,98,94,57,56,47,41,9,20,12,92,36,47,0,34,49,41,43,57,14,17,93,4,19,33,106,45,37,9,123,9,16,109,26,100,93,91,81,76,72,67,51,17,13,30,148,30,46,15,142,52,21,16,124,52,102,81,17,44,36,136,87,46,105,72,67,30,51,39,35,114,104,52,64,61,47,48,41,48,28,38,116,26,44,50,51,144,139,28,34,40,28,56,141,49,34,142,90,74,39,127,87,32,54,37,34,36,48,47,47,149,118,41,58,40,127,78,44,144,139,111,105,92,78,40,57,135,52,40,41,42,59,49,127,67,43,138,96,44,148,130,153,83,146,121,69,50,50,59,74,67,60,55,53,50,51,156,145,133,60,55,51,99,86,60,61,134,115,82,66,56,116,102,71,56,60,112,81,79,57,90,79,76,71,60,57,63,125,156,99,58,144,60,109,73,67,69,61,61,67,94,79,77,63,93,81,75,142,80,135,109,78,68,65,120,121,103
65,165,128,34,182,173,93,148,139,32,132,29,178,132,86,55,41,80,77,62,102,28,27,182,107,104,56,156,111,51,31,172,121,77,61,22,150,149,42,23,71,15,152,14,141,63,53,28,18,143,90,65,17,11,174,172,17,9,102,17,8,168,164,98,38,20,15,106,43,182,132,128,91,90,81,75,26,14,22,126,2,13,34,0,83,75,9,91,48,17,127,36,52,6,140,78,70,41,157,32,48,143,14,133,126,124,115,110,106,101,85,48,42,62,181,15,16,40,176,85,50,33,158,86,136,114,39,18,67,170,121,78,138,105,100,60,83,70,65,148,138,84,97,93,24,79,71,25,33,26,149,40,26,28,28,177,172,37,30,68,40,32,174,79,59,176,123,106,66,160,119,50,34,60,52,39,34,75,74,183,150,65,38,41,160,109,40,177,171,143,137,123,108,46,40,168,78,51,48,60,42,43,159,96,54,171,127,59,181,162,186,113,178,153,96,52,67,49,101,93,84,76,71,58,56,188,177,165,83,75,61,129,114,52,52,166,146,111,90,55,147,132,97,72,54,143,109,106,59,119,106,102,96,78,60,56,156,188,128,66,175,63,139,96,60,60,71,70,61,122,104,101,66,120,106,63,173,104,165,138,102,85,77,149,151,131
43,86,53,79,101,92,31,69,61,102,54,79,97,54,27,43,58,27,28,37,30,72,99,101,32,30,39,75,33,42,63,90,41,22,32,96,69,68,49,101,20,90,69,79,58,25,33,58,98,61,13,22,98,91,91,89,69,81,21,68,79,85,81,17,46,64,69,24,40,99,49,45,9,9,5,9,57,69,61,43,85,96,49,83,0,8,92,8,35,66,44,47,31,81,57,8,14,43,74,52,37,61,74,51,44,42,33,28,24,20,10,37,43,25,99,77,94,47,93,14,38,56,76,15,54,34,51,91,25,88,40,19,57,28,24,32,20,26,29,66,57,21,25,23,93,24,28,93,66,81,69,58,89,95,96,96,91,63,75,34,60,102,93,29,43,95,47,35,39,80,45,54,98,46,54,71,89,38,38,102,72,45,101,74,81,42,80,98,92,67,61,51,42,70,98,89,42,65,69,56,100,85,82,42,66,93,56,62,102,85,107,49,100,78,46,79,61,94,49,49,51,55,59,72,76,110,100,89,53,57,70,62,54,93,95,90,74,54,53,85,76,65,53,64,93,73,55,55,83,59,55,55,55,62,83,95,84,112,65,76,100,85,72,60,99,103,76,77,97,65,61,61,86,65,62,109,100,63,94,75,64,70,77,83,84,72
39,93,59,72,109,100,34,76,68,94,61,72,105,61,28,37,51,26,26,32,35,65,91,109,38,35,33,83,40,35,55,98,48,20,26,88,76,75,42,93,16,82,77,71,66,18,26,50,90,69,18,16,90,83,99,97,61,73,28,61,71,93,89,24,38,56,61,32,33,107,57,53,17,16,8,4,49,61,53,51,77,88,41,75,8,0,84,16,27,58,52,39,24,73,65,7,8,36,82,45,29,69,66,59,52,50,40,35,32,27,13,30,35,18,107,69,86,39,101,17,30,48,83,17,62,41,43,84,20,96,48,18,65,34,30,26,21,22,24,74,65,22,29,27,85,23,24,85,59,73,76,51,81,88,89,103,98,55,67,30,53,94,101,28,37,102,53,40,34,88,51,48,90,41,47,64,82,35,35,110,79,41,94,67,88,46,73,105,100,74,68,57,46,64,90,96,40,59,63,51,93,78,89,43,60,100,62,56,109,92,114,53,107,85,47,72,56,87,51,49,49,52,55,67,70,117,107,96,51,54,65,67,58,87,88,97,80,56,52,79,82,70,53,59,86,79,57,56,77,63,57,56,55,59,77,89,90,119,69,71,107,79,77,59,92,96,72,73,91,68,62,61,81,68,63,103,107,63,100,79,64,67,72,88,89,76
73,174,137,39,191,182,102,157,148,30,141,34,187,141,95,64,49,89,86,71,111,35,25,192,116,113,65,165,120,60,39,181,130,86,70,20,159,158,51,19,80,15,161,20,150,72,62,37,13,152,99,74,12,10,183,181,26,15,111,25,15,177,173,107,48,29,24,115,52,191,141,137,100,99,90,84,35,23,31,135,7,4,43,9,92,84,0,100,57,26,136,45,61,12,149,87,79,49,166,41,57,152,21,142,135,133,123,118,114,109,94,57,51,71,190,20,12,49,185,94,59,40,167,94,145,123,47,16,76,179,129,87,147,114,109,69,91,79,74,156,147,92,105,101,22,87,79,23,38,28,158,47,26,25,25,186,181,44,34,76,47,28,183,88,66,184,131,114,73,169,128,57,31,67,59,43,34,82,81,191,159,72,35,45,168,117,43,186,180,152,145,132,116,50,38,176,85,56,52,66,40,45,167,104,59,179,135,64,189,171,194,121,187,162,104,55,73,49,109,100,91,82,77,63,60,196,186,173,89,81,66,137,122,53,52,174,154,118,97,58,155,139,104,78,55,151,116,114,61,127,113,109,103,84,63,57,164,196,136,70,183,65,146,103,60,60,75,74,62,129,110,108,68,127,113,62,181,111,173,146,108,90,81,157,158,138
49,79,47,87,94,85,32,62,55,109,48,87,90,48,29,50,65,31,32,43,27,80,107,93,28,26,46,68,28,49,71,83,35,26,39,104,61,60,57,109,26,98,62,87,51,32,41,66,106,53,12,30,106,99,84,82,77,89,14,77,87,77,73,11,54,72,77,17,49,91,41,37,6,6,12,17,65,77,69,35,93,104,57,91,8,16,100,0,43,74,36,55,39,89,49,14,22,51,66,60,45,53,81,43,36,34,25,20,17,13,11,45,51,32,91,85,102,54,85,15,45,63,67,16,46,27,58,99,31,80,33,23,49,22,19,38,22,31,35,59,49,22,21,21,100,27,33,100,74,88,61,65,96,103,104,88,83,70,82,39,67,109,85,32,48,87,40,31,44,72,38,60,105,51,60,77,96,41,42,94,65,50,108,81,73,38,87,90,85,60,54,45,38,77,105,81,45,71,75,61,107,91,74,41,72,85,50,67,94,78,99,46,93,71,46,85,65,101,48,50,53,59,62,78,82,102,93,82,55,61,75,57,51,99,101,83,68,51,54,91,69,60,53,67,99,67,53,53,89,56,54,54,56,65,88,102,77,104,61,81,93,90,67,60,105,109,81,82,103,62,61,61,91,62,61,115,94,63,88,70,64,73,80,77,78,68
36,119,83,50,135,126,51,102,93,69,86,49,131,86,44,28,32,39,37,28,57,42,66,135,61,59,24,109,65,22,33,125,74,34,23,63,103,102,22,67,27,56,104,46,93,20,14,26,63,96,43,20,63,56,126,124,34,46,55,34,45,120,116,51,13,30,35,58,9,134,84,80,43,42,34,27,23,34,26,78,50,61,14,48,35,27,57,43,0,31,79,12,6,46,92,30,23,9,109,18,7,95,39,85,79,77,67,62,58,53,37,9,11,16,133,42,59,16,128,38,13,23,110,39,88,67,20,57,23,122,73,33,91,58,53,20,37,27,24,100,90,39,51,47,59,35,29,59,35,48,102,29,55,62,63,129,125,33,43,30,32,68,127,37,27,128,77,60,31,113,73,31,65,31,32,42,58,38,37,135,104,35,69,46,113,65,51,130,125,97,91,78,65,44,66,121,42,42,44,39,69,56,113,56,44,124,82,43,134,116,139,70,132,108,58,54,47,66,62,57,52,49,48,51,53,142,131,120,52,49,51,86,74,66,67,120,102,71,57,60,103,89,61,52,66,99,70,68,60,79,68,65,62,54,60,69,112,142,87,58,130,63,96,64,73,76,60,61,72,83,69,68,65,81,71,82,129,71,122,97,70,63,63,107,109,91
53,149,113,36,166,157,78,132,123,45,116,32,162,116,71,43,33,65,63,49,86,27,40,166,91,89,43,140,95,38,24,156,104,62,47,36,134,133,30,39,56,29,135,20,124,47,38,17,34,127,73,49,34,27,157,155,11,18,86,10,16,151,147,81,23,9,9,89,27,165,115,111,74,73,64,58,11,7,7,109,19,30,17,17,66,58,26,74,31,0,110,19,35,15,123,61,53,23,140,15,31,126,10,116,109,107,97,92,88,83,67,31,25,45,164,14,29,24,158,68,33,17,141,68,119,97,23,28,50,153,103,61,121,88,83,43,66,53,48,130,121,67,80,76,31,62,54,32,22,25,132,27,30,35,35,160,155,26,24,51,28,41,157,63,43,158,106,89,50,143,102,36,40,45,38,30,35,59,58,165,133,50,44,34,142,92,35,160,154,126,120,106,91,37,43,151,62,40,38,47,46,40,142,80,43,154,110,47,163,145,169,96,161,136,80,45,54,48,85,77,69,62,58,49,48,171,160,148,68,61,51,112,98,50,51,149,129,94,75,50,130,115,81,60,52,126,93,90,52,103,90,86,81,65,53,54,139,171,112,57,158,56,122,81,58,60,61,60,59,106,89,86,59,104,91,65,156,89,149,122,87,72,66,133,134,115
80,50,36,121,63,55,52,38,34,145,32,122,58,31,54,84,100,59,61,76,40,115,143,60,35,36,79,38,30,84,106,50,24,57,73,140,31,30,92,145,60,134,29,123,21,67,76,102,142,21,40,65,142,135,49,47,113,125,27,113,123,42,38,31,90,108,113,23,84,56,9,8,37,38,47,52,101,113,105,5,129,140,93,127,44,52,136,36,79,110,0,91,75,125,13,49,57,87,30,96,80,17,117,9,7,8,15,19,23,28,44,80,86,66,55,120,137,90,49,44,80,99,32,45,15,19,93,135,64,45,17,53,19,29,33,72,50,62,67,26,20,49,38,42,135,56,63,135,108,123,30,98,131,138,139,53,49,104,116,69,101,144,51,59,80,53,28,37,74,41,30,92,140,82,92,111,130,68,69,61,37,80,143,114,44,42,120,58,53,37,35,36,44,109,138,51,70,103,107,91,141,124,47,57,103,55,41,97,63,50,68,48,62,47,61,116,93,133,60,67,75,84,89,107,112,72,64,56,78,86,104,49,54,131,133,57,50,57,73,121,51,50,69,93,130,51,61,62,119,56,64,67,71,89,118,133,56,75,56,109,67,119,56,76,135,140,107,109,133,62,73,75,120,64,72,146,69,75,66,61,78,95,105,62,64,65
42,131,95,44,147,138,62,114,105,60,98,42,143,98,55,33,30,49,47,36,69,35,56,147,73,71,31,122,77,26,27,137,86,45,32,52,115,114,22,56,38,46,116,35,105,31,22,18,52,108,55,31,52,45,139,137,24,35,67,24,34,132,128,63,10,20,24,71,11,146,96,92,56,55,46,40,12,23,15,90,38,49,4,36,47,39,45,55,12,19,91,0,16,34,104,42,34,5,121,6,12,107,27,97,90,88,78,73,69,64,49,13,9,26,145,30,47,10,139,49,16,13,122,49,100,78,13,45,32,134,84,43,102,69,64,26,47,35,31,111,102,48,61,57,47,44,37,47,26,37,113,23,44,50,51,141,136,25,33,35,25,56,138,45,29,139,87,70,35,124,84,28,54,32,29,33,47,43,42,147,115,37,58,38,124,74,42,141,136,108,101,88,74,37,55,132,48,36,37,38,58,47,123,63,39,135,92,40,145,127,150,79,143,118,64,47,46,56,69,62,56,51,48,46,47,152,142,130,55,51,47,95,82,57,58,131,111,78,61,53,113,98,67,51,58,109,77,75,53,86,75,71,67,55,54,61,121,153,95,54,140,57,105,68,64,67,57,57,64,90,75,73,60,89,77,73,139,76,131,105,74,64,61,116,117,99
39,116,81,56,132,123,51,99,91,75,84,55,128,84,44,32,38,39,37,31,56,48,72,132,60,57,28,106,63,26,38,122,72,34,26,68,100,99,28,72,27,61,101,51,90,21,17,31,68,92,40,20,68,61,123,121,40,51,52,39,50,117,113,48,18,35,40,55,14,130,81,77,40,39,31,25,28,39,31,74,54,65,19,52,31,24,61,39,6,35,75,16,0,50,88,26,18,12,105,21,6,91,42,81,74,72,62,57,53,48,32,7,12,11,129,46,62,16,123,33,10,25,105,34,84,62,20,60,18,118,68,27,86,53,48,15,32,21,18,95,86,33,45,42,61,29,23,62,36,50,97,29,58,64,65,125,120,33,44,24,32,71,122,32,23,123,72,55,26,108,68,29,67,27,30,42,59,32,32,130,99,30,71,46,108,59,51,125,120,92,86,73,59,43,68,116,37,40,43,36,70,56,108,50,42,119,77,40,129,111,134,65,127,103,52,53,43,66,57,51,47,44,44,49,52,137,126,114,47,45,48,80,68,66,67,115,96,65,51,59,98,83,56,48,66,94,65,63,59,73,63,60,56,50,59,69,106,137,81,56,125,61,91,59,72,76,57,58,71,77,64,63,64,76,66,82,123,65,116,92,64,59,60,102,103,86
67,164,128,39,181,172,93,147,138,38,131,35,177,131,86,57,44,80,77,63,102,33,34,181,106,104,57,155,110,52,34,171,120,77,61,28,149,148,43,29,71,22,150,19,139,63,53,29,23,142,88,64,23,17,173,171,19,14,101,18,13,166,162,97,38,21,17,105,42,180,130,126,90,89,80,74,26,15,22,124,8,17,33,6,81,73,12,89,46,15,125,34,50,0,138,76,68,38,155,29,45,141,9,131,124,122,112,107,103,98,82,45,39,59,179,9,14,37,173,82,47,28,155,83,133,112,35,14,64,168,118,75,136,102,97,57,79,67,62,145,135,81,94,90,19,75,67,20,27,19,146,35,20,23,23,174,169,32,24,64,35,28,172,76,54,173,120,102,61,157,116,45,29,55,47,32,28,70,69,180,147,60,33,35,156,105,34,174,168,140,133,120,104,40,34,165,73,45,42,55,37,37,155,92,48,167,123,53,177,159,182,109,175,150,92,46,62,43,97,88,79,70,66,52,50,185,174,161,77,70,55,125,110,46,46,162,142,106,85,49,143,127,92,66,48,139,104,102,52,114,101,97,91,73,53,50,152,184,123,60,171,56,134,91,54,54,65,64,55,117,98,96,59,115,101,58,169,99,161,134,96,79,71,145,146,126
93,45,42,135,54,48,64,36,36,158,37,136,50,36,67,97,113,72,74,89,51,129,156,51,47,48,93,32,41,97,119,40,33,70,86,153,27,26,105,158,73,148,23,136,19,80,90,115,155,17,54,78,155,148,37,35,126,138,40,126,137,31,27,44,103,122,127,36,98,43,14,16,50,51,60,66,114,126,118,16,142,153,106,140,57,65,149,49,92,123,13,104,88,138,0,62,70,100,17,109,93,4,130,8,15,16,26,31,35,40,56,93,99,79,41,133,150,102,36,57,92,111,19,57,11,29,105,147,76,31,24,65,13,39,44,84,62,74,79,16,16,61,49,52,148,67,75,148,120,135,20,111,143,150,151,40,36,116,129,81,113,156,39,70,92,40,32,46,85,30,35,104,152,94,103,123,143,79,80,49,30,91,155,126,34,49,132,46,42,32,33,39,50,120,150,40,80,114,119,102,153,136,38,65,114,45,43,108,52,41,56,54,51,40,69,127,103,144,67,75,84,93,99,118,123,60,53,47,87,96,115,50,59,142,144,49,46,63,81,132,47,51,76,103,141,49,66,69,129,60,70,74,79,98,129,144,50,64,57,119,58,130,55,84,146,151,117,119,144,65,79,81,130,68,78,157,61,81,59,61,85,104,115,59,60,66
46,93,60,78,108,99,38,76,68,99,62,77,104,61,33,44,57,32,32,38,37,70,96,107,40,38,39,82,41,41,60,97,49,26,33,93,75,74,47,97,22,87,76,76,65,25,32,55,94,67,20,22,94,86,97,95,65,76,28,65,75,91,87,24,42,60,65,30,37,105,55,51,17,16,11,10,53,65,57,49,80,91,45,78,8,7,87,14,30,61,49,42,26,76,62,0,8,38,79,47,31,65,68,55,48,46,36,31,27,22,7,31,37,18,103,71,88,41,97,10,31,50,80,11,58,36,44,86,17,92,43,12,60,28,24,25,14,18,21,70,60,15,23,20,86,17,20,87,60,74,72,51,82,89,90,99,94,56,68,26,53,95,97,22,35,98,48,33,31,83,45,46,91,38,46,64,83,30,31,105,74,38,95,67,83,39,73,100,95,68,62,50,39,63,91,91,35,57,62,48,93,77,83,37,58,95,55,54,104,87,109,46,102,79,40,71,53,87,44,43,44,48,51,64,68,112,102,90,46,50,62,60,51,86,87,91,74,50,46,77,75,63,47,56,85,72,51,50,75,56,50,49,49,54,75,88,84,113,62,69,101,77,71,53,91,95,68,70,89,61,55,55,78,61,56,102,101,57,94,73,58,63,69,81,83,69
42,100,67,71,115,107,41,83,75,91,69,70,111,68,35,39,50,33,32,35,42,63,89,115,45,43,34,89,47,35,53,104,55,26,29,85,83,82,41,89,21,79,83,68,73,21,25,48,86,75,25,18,86,79,105,103,57,69,35,57,67,99,95,31,35,53,57,38,30,113,63,59,24,23,16,11,45,57,49,57,72,83,37,70,14,8,79,22,23,53,57,34,18,68,70,8,0,30,87,39,23,73,60,63,56,54,44,39,35,30,15,23,29,10,111,63,80,33,105,16,23,42,87,17,66,44,36,78,12,100,50,13,68,35,31,18,17,14,16,77,68,19,29,26,79,18,17,79,52,66,79,43,74,81,82,107,102,48,60,22,46,88,104,22,29,106,55,39,27,91,51,40,84,33,40,56,75,28,28,113,81,33,87,60,90,45,66,108,102,75,69,57,45,56,83,99,33,51,55,43,86,70,90,39,52,102,61,48,112,94,117,51,110,86,42,65,48,80,47,44,43,45,47,59,62,119,109,97,44,46,57,66,55,79,81,98,80,53,46,71,82,69,48,52,79,78,54,52,69,60,53,51,50,51,69,81,90,120,67,64,108,71,76,53,85,89,64,65,83,65,57,56,73,64,58,95,107,58,100,78,59,60,65,87,88,73
43,128,93,49,144,135,61,111,103,65,96,47,140,95,53,34,34,48,46,36,67,40,61,144,71,68,31,118,74,28,31,134,83,44,32,57,112,111,25,61,37,51,113,40,102,29,22,23,57,104,52,29,57,50,135,133,29,40,64,29,39,129,125,59,13,25,29,67,12,142,93,89,52,51,42,36,17,28,20,86,43,54,9,41,43,36,49,51,9,23,87,5,12,38,100,38,30,0,117,9,7,103,30,93,86,84,74,69,65,60,44,8,4,22,141,34,50,7,135,45,11,14,117,45,96,74,11,48,27,130,80,38,98,64,59,21,42,30,26,107,97,44,56,52,50,39,32,50,26,38,109,21,46,53,53,136,132,24,34,30,24,59,134,40,25,135,83,66,30,120,79,25,56,28,26,33,48,38,38,142,110,32,60,37,119,69,42,137,131,103,96,83,69,36,57,127,43,34,36,34,60,47,119,58,37,130,87,37,140,122,145,74,138,113,59,46,42,57,64,57,51,46,44,44,46,148,137,125,51,46,44,90,77,57,58,126,106,73,57,52,108,93,62,48,57,104,72,70,52,81,70,67,62,51,53,60,116,148,90,52,135,55,100,64,64,67,54,54,63,85,70,68,58,84,72,73,134,71,126,100,69,60,58,111,112,94
109,40,52,151,45,40,79,39,43,175,46,152,40,45,82,113,130,87,90,105,66,146,173,39,61,63,109,29,56,114,136,30,47,86,103,170,27,28,122,175,90,164,22,153,26,97,107,132,172,23,70,95,172,165,23,22,143,155,57,143,154,18,16,61,120,139,144,53,115,28,28,31,67,68,77,83,131,143,135,32,159,170,123,157,74,82,166,66,109,140,30,121,105,155,17,79,87,117,0,126,110,14,147,24,31,33,43,48,52,57,73,110,116,96,25,150,167,119,19,73,109,128,8,73,24,45,122,164,93,16,40,82,23,55,60,101,78,91,96,18,25,77,65,69,165,84,91,165,137,152,21,127,160,167,168,26,23,132,145,97,130,173,26,86,108,27,44,61,102,24,48,120,169,110,120,139,159,95,96,36,30,107,171,142,30,63,148,35,33,36,40,51,64,137,167,33,96,130,135,118,169,152,35,79,130,37,52,123,41,37,44,66,42,41,83,143,118,160,81,89,98,108,114,134,139,49,45,43,102,111,130,59,70,158,160,45,50,75,95,148,50,59,90,118,157,53,79,81,145,71,82,87,92,113,144,159,50,55,66,135,52,145,61,97,162,166,132,134,159,75,92,94,145,78,91,173,56,94,57,67,97,118,129,62,63,74
48,137,101,45,153,144,69,120,111,58,104,42,149,104,61,38,34,56,53,42,75,36,54,153,79,77,37,127,83,32,29,143,92,52,38,50,121,120,27,53,45,43,122,33,111,37,28,20,49,113,61,38,48,42,144,142,23,32,73,22,31,138,134,68,16,18,22,76,18,151,102,98,61,60,51,45,12,20,13,95,34,45,9,32,52,45,41,60,18,15,96,6,21,29,109,47,39,9,126,0,16,112,21,102,95,93,83,78,74,69,53,16,10,30,150,25,41,9,144,53,18,7,126,54,104,82,10,39,35,138,89,46,107,73,68,29,51,38,34,116,106,52,65,61,41,47,39,41,20,30,117,18,38,44,45,145,140,20,26,37,20,50,143,48,29,144,91,74,35,128,87,25,48,31,27,27,40,44,43,151,118,36,51,32,128,77,36,145,139,111,105,91,77,32,49,136,48,32,32,35,52,40,127,65,35,139,95,37,149,130,154,81,146,121,66,41,44,50,71,63,56,49,47,42,42,156,145,133,55,49,43,97,84,51,52,134,114,80,62,47,116,100,67,49,52,111,79,76,48,88,76,72,67,54,49,55,124,156,97,50,143,52,107,68,59,61,53,53,58,92,75,73,55,90,77,67,142,76,134,107,74,61,58,118,120,100
43,122,87,55,138,129,57,105,97,72,90,53,134,90,49,35,38,45,43,35,62,46,68,138,65,63,31,112,68,29,37,127,77,40,30,64,106,105,28,68,33,58,106,47,95,26,21,29,64,98,46,25,64,57,128,126,36,47,57,36,46,122,118,53,17,32,36,61,15,136,86,82,46,45,36,30,24,35,27,80,50,61,16,48,37,29,57,45,7,31,80,12,6,45,93,31,23,7,110,16,0,96,37,86,79,77,67,62,58,53,37,2,6,14,134,40,57,10,128,37,6,19,110,38,88,66,14,55,20,122,73,31,91,57,52,15,35,23,19,100,90,36,49,45,56,32,25,56,31,44,101,23,52,59,59,129,124,28,38,24,26,65,127,34,20,128,75,58,25,112,72,24,61,24,25,36,53,32,32,135,103,28,65,40,112,62,45,130,124,96,89,76,62,38,62,120,37,35,37,32,64,50,111,52,37,123,80,36,133,115,138,67,131,106,53,47,40,60,58,51,46,42,41,44,47,140,130,118,46,43,44,83,70,60,62,118,99,67,51,54,101,86,56,45,60,97,66,64,53,75,64,60,56,48,54,63,109,141,83,51,128,56,93,58,67,70,53,54,66,79,64,62,59,77,66,76,127,65,119,94,64,56,56,104,105,87
97,46,46,139,55,48,68,39,40,162,40,139,50,40,71,101,117,76,78,93,56,132,160,50,51,52,96,33,45,101,123,40,38,74,90,157,29,28,109,161,77,151,24,140,22,84,93,119,158,20,58,81,158,151,36,34,129,141,44,129,140,30,26,48,106,125,130,40,101,41,18,21,54,55,64,69,118,130,122,20,145,156,109,143,61,69,152,53,95,126,17,107,91,141,4,65,73,103,14,112,96,0,133,10,17,19,29,34,38,43,59,96,102,82,38,136,153,105,32,59,95,114,15,59,11,31,108,150,78,28,26,68,12,41,46,87,64,77,82,12,14,63,51,55,151,69,77,151,123,138,16,113,146,153,154,36,32,118,131,83,115,159,35,72,94,36,32,47,88,26,36,106,155,96,106,125,145,81,82,44,26,93,157,128,30,50,134,42,38,29,31,39,51,122,153,36,82,116,121,104,155,138,34,66,116,40,42,109,47,37,52,54,47,37,70,129,105,146,68,76,85,95,100,120,125,56,49,43,88,97,116,49,59,144,146,45,44,63,82,134,44,50,77,105,143,46,67,69,131,60,70,74,80,99,130,145,47,60,56,121,54,131,53,84,148,152,119,120,145,64,79,82,132,67,79,159,57,81,56,59,85,105,116,57,58,65
63,158,121,42,174,165,88,141,132,46,125,38,170,125,80,53,42,75,72,59,95,34,41,174,100,97,53,148,103,48,33,164,113,71,56,36,142,141,40,37,65,29,143,24,132,56,47,26,32,134,81,58,31,25,165,163,19,19,94,18,18,159,155,89,32,18,16,97,36,173,123,119,82,81,72,66,21,14,17,117,16,25,26,14,74,66,21,81,39,10,117,27,42,9,130,68,60,30,147,21,37,133,0,123,116,114,104,99,95,90,74,37,31,51,171,4,20,28,165,74,38,20,147,74,125,103,26,18,56,159,109,67,127,94,89,48,71,58,53,137,127,72,85,81,21,66,59,22,19,16,138,26,20,25,26,166,161,23,17,55,26,31,163,67,45,164,111,93,52,149,107,36,30,46,38,25,26,61,60,171,138,51,34,28,148,96,28,166,160,131,124,111,96,32,34,156,64,37,34,46,36,32,147,83,40,159,114,45,169,150,174,100,166,141,83,39,53,40,88,79,70,62,57,45,43,176,165,153,69,61,48,116,101,42,43,153,133,97,76,43,134,118,83,58,44,130,95,93,46,106,92,88,82,64,47,46,143,176,115,53,163,50,125,82,50,51,57,56,51,108,90,87,53,106,92,56,160,90,152,125,87,70,63,136,137,117
89,52,44,129,62,55,61,42,40,152,39,130,57,38,63,92,108,67,70,84,49,123,150,59,45,45,87,39,39,91,113,48,33,65,81,147,33,33,99,152,68,141,30,130,24,75,84,109,149,23,49,72,148,141,45,43,120,131,36,119,130,39,35,39,97,115,120,31,91,51,15,16,45,46,54,60,108,120,112,14,136,146,100,133,51,59,142,43,85,116,9,97,81,131,8,55,63,93,24,102,86,10,123,0,7,9,19,24,28,33,49,86,92,72,48,126,143,95,42,49,85,104,25,49,6,21,98,140,68,37,16,58,10,31,36,77,54,67,72,17,11,53,41,45,141,59,67,141,113,128,21,103,136,143,144,45,40,108,121,73,105,149,43,62,84,44,24,38,78,32,28,96,145,86,96,115,135,71,72,52,28,83,147,118,35,41,124,49,44,28,28,32,43,113,143,42,72,106,111,94,145,128,38,57,106,46,36,100,54,41,59,46,53,38,61,119,95,136,60,67,76,85,91,110,115,62,54,47,79,88,107,44,51,134,136,48,42,55,73,124,43,45,68,95,133,44,59,61,121,53,62,66,71,90,121,136,48,66,51,111,58,122,50,76,138,143,109,111,136,58,71,74,122,61,71,149,60,74,57,55,77,96,107,55,56,60
83,56,43,123,68,60,56,44,41,146,39,123,63,38,57,85,101,62,64,78,44,116,143,65,40,41,81,43,35,85,107,54,31,59,74,140,37,36,93,145,61,134,35,123,27,68,77,102,142,27,43,65,142,134,52,50,113,124,30,112,123,45,42,33,90,108,113,26,85,58,16,15,38,39,47,53,101,113,105,12,129,140,93,126,44,52,135,36,79,109,7,90,74,124,15,48,56,86,31,95,79,17,116,7,0,2,12,17,21,26,42,79,85,65,55,119,136,88,49,42,78,97,31,42,11,14,91,133,61,44,11,51,14,25,29,70,47,60,65,23,15,46,34,38,134,53,60,134,106,121,26,96,129,136,137,52,47,101,114,66,98,142,49,55,77,51,21,32,71,37,24,89,138,79,89,108,128,65,66,59,32,76,140,111,40,36,117,55,50,30,28,29,38,106,136,47,66,99,104,87,138,121,42,51,99,51,34,93,60,45,64,42,58,41,55,112,89,130,54,62,70,79,85,104,108,68,59,51,73,81,100,42,48,128,130,52,43,51,68,118,44,43,63,89,127,44,54,56,115,50,58,61,66,84,114,129,50,71,49,105,62,115,49,71,131,136,103,105,129,55,67,69,116,57,66,143,64,69,60,54,72,90,101,56,57,58
81,57,43,121,69,62,55,45,42,144,39,121,64,38,56,84,99,60,62,76,43,114,141,66,39,40,79,45,34,83,105,56,30,57,72,138,38,38,91,143,60,132,36,121,28,66,75,100,140,28,41,64,140,133,53,52,111,122,28,110,121,47,43,31,88,106,111,24,83,60,17,16,36,37,46,51,99,111,103,12,127,138,91,124,42,50,133,34,77,107,8,88,72,122,16,46,54,84,33,93,77,19,114,9,2,0,10,15,19,24,40,77,83,63,57,117,134,86,51,40,76,95,33,40,13,13,89,131,59,46,9,49,16,23,28,68,45,58,63,25,16,44,32,36,132,51,58,132,104,119,27,94,127,134,135,53,49,99,112,64,97,140,51,53,75,53,21,30,69,39,23,88,136,77,87,106,126,63,64,60,33,74,138,109,41,35,115,56,51,31,29,29,36,104,134,49,64,97,102,85,136,119,43,50,97,53,33,91,61,47,66,41,60,42,54,110,87,128,53,60,68,78,83,102,106,70,61,52,71,80,98,41,47,126,128,53,44,50,66,116,45,43,62,87,125,45,53,55,113,49,56,60,64,82,112,127,51,72,48,103,63,114,49,69,130,134,101,103,127,54,65,67,114,56,65,141,65,68,61,54,71,88,99,56,57,57
73,64,44,112,77,69,49,51,46,134,42,112,73,41,49,75,90,52,55,67,38,105,132,75,35,35,70,52,31,74,95,64,30,49,64,129,45,45,81,133,51,123,44,112,35,57,66,91,130,36,33,54,130,123,63,61,101,113,22,101,111,57,53,23,78,97,101,18,73,70,23,21,27,28,36,41,89,101,93,17,117,128,81,115,33,40,123,25,67,97,15,78,62,112,26,36,44,74,43,83,67,29,104,19,12,10,0,5,9,14,30,67,73,53,67,107,124,76,61,30,66,85,43,30,22,6,79,121,49,56,9,39,25,14,18,58,35,48,53,34,25,35,23,27,122,41,49,122,94,109,36,84,117,124,125,63,58,89,102,55,87,130,61,44,66,62,21,24,59,48,21,78,126,68,77,97,116,54,55,70,41,65,128,99,49,30,106,65,60,37,33,28,31,94,124,57,55,88,93,76,127,109,50,43,88,61,33,82,70,54,75,37,68,48,47,101,78,118,47,53,60,69,74,93,97,78,69,59,63,71,89,41,43,116,118,60,47,45,59,107,49,43,55,79,115,48,48,50,104,46,51,54,58,74,103,118,55,80,47,95,70,105,50,63,120,125,93,94,118,52,60,61,105,53,60,132,71,62,66,55,65,81,91,59,60,56
69,68,46,107,82,73,46,54,48,129,44,107,77,43,46,70,85,49,51,63,36,100,127,80,34,34,66,56,31,69,90,69,32,45,59,124,49,49,77,128,46,118,48,107,39,52,61,86,125,40,29,50,125,118,68,66,96,108,19,96,107,61,58,20,73,92,97,16,68,75,27,24,23,24,32,37,84,96,88,21,112,123,76,110,28,35,118,20,62,92,19,73,57,107,31,31,39,69,48,78,62,34,99,24,17,15,5,0,4,9,25,62,68,48,72,102,119,71,66,25,61,80,48,25,27,7,74,116,45,61,13,34,29,11,14,53,31,43,48,39,29,30,19,22,117,36,44,117,89,104,41,79,112,119,120,68,63,85,97,50,82,125,66,39,61,67,22,22,55,52,22,73,121,63,72,92,111,49,50,74,45,60,124,95,53,28,101,70,64,40,36,29,29,89,119,61,51,83,88,72,122,105,54,39,83,65,34,77,74,58,79,36,73,52,44,96,74,114,44,50,57,65,70,88,93,82,73,62,59,67,85,42,42,112,114,64,50,44,55,102,51,44,52,75,111,50,46,48,99,45,49,51,55,70,99,113,58,84,47,90,74,100,52,60,116,120,88,90,114,51,57,59,101,52,57,127,74,59,69,56,62,77,87,60,62,56
66,71,47,103,85,77,44,57,51,126,46,104,81,45,44,67,82,46,48,60,36,97,123,83,34,33,62,59,31,66,87,72,33,42,56,120,53,52,73,124,43,114,52,103,42,49,57,82,121,43,26,46,121,114,72,70,92,104,18,92,103,65,61,18,69,88,93,16,64,78,31,27,21,21,28,33,80,92,84,24,108,119,72,106,24,32,114,17,58,88,23,69,53,103,35,27,35,65,52,74,58,38,95,28,21,19,9,4,0,5,21,58,64,44,76,98,115,67,70,21,57,76,52,22,31,10,70,112,41,64,16,30,33,9,11,49,27,39,44,42,33,26,16,19,113,33,40,113,85,100,45,76,108,115,116,72,67,81,93,46,78,121,69,36,57,71,24,20,51,56,23,69,117,59,69,88,107,46,47,78,48,57,120,91,57,27,97,74,68,43,38,30,28,86,115,65,48,79,84,68,118,101,58,37,80,68,36,74,78,61,83,35,76,55,42,93,70,110,43,47,54,62,67,85,89,86,76,66,57,64,81,43,41,108,110,67,52,43,53,98,54,46,50,71,107,52,45,46,96,45,47,49,52,67,95,110,61,88,48,87,77,97,53,57,112,117,85,87,110,51,56,57,97,52,56,123,77,58,72,57,60,74,84,62,64,56
62,75,49,99,89,81,43,60,54,121,49,99,85,48,41,63,77,43,45,56,35,92,118,88,34,33,58,64,32,61,82,77,36,39,52,115,57,56,68,119,39,109,56,98,46,44,53,77,116,48,24,42,116,109,76,74,87,99,18,87,98,70,66,17,64,83,88,17,59,83,35,32,17,18,24,29,75,87,79,29,103,114,67,101,20,27,109,13,53,83,28,64,48,98,40,22,30,60,57,69,53,43,90,33,26,24,14,9,5,0,16,53,59,39,81,93,110,62,75,16,52,71,57,17,36,14,65,107,36,69,21,25,38,9,9,44,22,34,39,47,38,22,13,16,108,28,35,108,80,95,49,71,103,110,111,77,72,76,88,42,73,116,74,32,52,75,28,20,47,61,26,65,112,55,64,83,103,42,42,83,52,52,115,86,61,27,92,78,73,47,42,33,28,81,111,69,44,75,79,64,113,96,62,35,75,73,38,69,82,66,87,35,80,58,39,88,66,105,41,45,50,58,63,80,85,90,81,70,53,60,77,45,41,103,105,71,55,42,50,94,57,47,47,67,102,54,44,45,91,45,46,47,50,64,91,105,64,92,49,83,81,92,55,55,108,112,81,83,106,51,54,55,93,52,54,119,81,56,75,58,58,71,80,65,66,57
52,89,59,85,104,95,41,73,66,106,60,85,100,59,37,51,64,37,38,45,38,77,103,103,39,38,46,78,40,48,68,92,46,31,40,100,71,70,54,104,29,93,71,83,61,32,39,62,100,63,22,29,100,93,92,90,72,83,25,71,82,86,82,22,49,67,72,27,44,99,50,46,17,16,15,17,60,71,63,44,87,98,51,85,10,13,94,11,37,67,44,49,32,82,56,7,15,44,73,53,37,59,74,49,42,40,30,25,21,16,0,37,43,23,97,77,94,46,91,4,36,55,73,5,51,30,49,91,20,85,36,11,54,21,17,28,11,20,24,63,53,11,16,13,92,16,21,92,65,79,65,55,87,94,95,92,87,60,73,28,58,100,90,21,38,91,40,26,33,76,37,50,96,40,49,68,87,30,31,98,67,39,99,71,76,32,77,93,88,61,55,43,33,66,95,84,34,60,65,50,98,81,76,32,61,87,48,56,97,80,102,40,95,72,36,74,54,90,39,39,42,47,51,67,71,105,95,83,44,49,64,53,45,89,91,84,67,44,43,80,68,56,43,56,88,65,45,45,78,50,45,45,45,54,77,91,76,106,56,70,94,79,64,50,94,98,69,71,92,55,51,51,80,55,52,105,93,53,87,66,54,62,69,74,76,63
45,123,88,56,139,130,58,106,98,73,91,54,134,90,51,37,40,46,44,37,63,47,69,138,66,64,33,113,69,31,39,128,78,41,32,65,106,105,30,69,34,59,107,48,96,27,23,30,65,98,47,27,65,58,128,126,37,48,58,37,47,122,118,54,19,33,37,61,16,136,86,82,46,46,37,31,25,36,28,80,50,61,17,48,37,30,57,45,9,31,80,13,7,45,93,31,23,8,110,16,2,96,37,86,79,77,67,62,58,53,37,0,6,14,134,40,57,9,128,37,4,18,110,37,88,66,13,54,19,122,72,30,90,57,52,13,34,22,18,100,90,36,49,45,55,31,24,56,30,43,101,22,51,58,59,129,124,26,38,23,25,64,126,32,18,127,75,58,23,112,71,22,61,22,23,35,52,31,30,134,102,26,64,39,111,61,44,129,123,95,89,75,61,36,61,120,35,33,36,30,64,49,111,50,35,123,79,34,132,114,138,66,130,105,52,46,38,59,57,50,44,40,39,43,45,140,129,117,44,41,42,82,69,59,60,118,98,65,49,52,100,85,54,43,59,96,64,62,52,73,62,59,55,46,52,62,108,140,82,49,127,55,92,56,65,69,51,52,64,77,62,61,57,76,64,75,126,64,118,92,62,54,54,103,104,86
46,128,93,52,144,135,62,111,103,68,96,50,140,96,55,38,38,50,48,39,68,44,64,144,72,69,35,118,75,32,35,133,84,45,34,60,112,111,29,64,38,53,113,43,102,31,25,27,59,104,52,31,59,52,134,132,32,42,64,32,41,128,124,59,17,28,32,67,16,142,92,88,52,51,43,37,21,30,23,86,45,55,13,42,43,35,51,51,11,25,86,9,12,39,99,37,29,4,116,10,6,102,31,92,85,83,73,68,64,59,43,6,0,20,140,34,51,4,134,43,8,13,116,43,94,72,8,48,25,128,78,36,96,63,58,18,40,28,23,106,96,41,54,50,49,36,29,50,24,38,107,18,46,52,53,135,130,22,32,27,21,59,132,38,21,133,81,63,26,118,77,21,55,24,22,30,47,35,34,140,108,28,59,35,117,67,40,135,129,101,94,81,66,33,56,125,39,31,33,30,58,45,116,55,33,128,85,33,138,120,143,71,136,111,56,43,38,54,61,54,47,42,40,41,42,146,135,123,47,42,41,87,73,55,56,123,104,70,53,49,105,90,58,44,55,101,69,67,49,78,67,63,58,47,49,58,114,146,87,48,133,52,97,60,61,65,50,50,60,82,66,64,54,80,68,71,131,67,123,97,65,56,54,108,109,90
45,110,77,67,126,117,50,93,85,85,79,66,121,78,43,40,48,40,39,37,52,58,82,125,55,53,35,100,58,35,49,114,66,34,31,78,93,92,38,82,28,72,93,61,83,24,25,42,78,85,36,22,78,71,115,113,50,61,45,50,60,109,105,41,29,46,50,48,25,122,73,69,34,33,26,21,38,49,41,66,64,75,30,62,25,18,71,32,16,45,66,26,11,59,79,18,10,22,96,30,14,82,51,72,65,63,53,48,44,39,23,14,20,0,120,54,71,23,114,23,13,32,96,23,74,52,26,68,7,108,58,17,76,43,38,9,21,11,9,86,76,22,35,31,69,18,13,69,42,57,87,33,65,71,72,115,110,38,50,16,36,78,112,21,20,113,61,44,19,98,58,30,74,24,30,46,65,24,23,120,88,25,77,50,98,49,55,115,109,82,75,62,48,46,73,106,29,41,45,34,76,60,97,40,42,109,66,39,119,101,124,54,116,92,42,55,40,70,47,42,39,38,39,49,52,126,116,104,39,39,47,70,57,69,70,104,85,55,43,61,87,72,46,44,68,83,54,52,59,62,53,50,47,44,59,71,95,127,70,54,114,62,80,50,75,78,55,56,73,67,55,53,63,65,56,85,113,56,105,81,56,53,57,91,92,75
133,49,73,176,44,44,102,55,62,199,66,177,40,66,106,138,154,112,114,130,90,170,197,36,85,86,134,43,79,138,160,34,70,111,127,195,45,45,146,199,114,189,40,178,48,122,131,157,196,44,95,119,196,189,22,23,167,179,81,167,178,23,25,85,144,163,168,77,139,17,52,56,92,93,101,107,156,168,160,57,184,195,148,181,99,107,190,91,133,164,55,145,129,179,41,103,111,141,25,150,134,38,171,48,55,57,67,72,76,81,97,134,140,120,0,174,191,143,6,97,133,152,24,97,46,68,146,188,116,13,62,105,45,78,83,124,101,114,119,36,46,100,88,92,188,107,115,188,160,175,36,151,183,190,191,15,18,156,169,120,153,197,18,108,131,19,65,82,124,31,69,143,192,133,142,162,182,117,118,23,42,129,194,165,36,83,171,27,30,50,56,69,84,159,190,32,117,152,157,140,192,174,41,100,152,35,69,145,33,41,33,85,35,49,103,165,140,183,100,109,119,129,135,155,160,38,40,45,122,132,152,74,88,180,182,47,60,93,115,170,60,73,109,139,179,65,97,99,166,87,101,105,112,133,166,181,57,45,81,156,49,166,73,116,183,188,153,155,180,90,110,112,166,93,108,195,55,111,60,79,115,137,149,71,71,88
67,161,125,45,178,169,92,144,136,47,129,41,174,128,85,57,46,79,76,63,99,38,42,178,103,101,57,152,107,52,37,167,116,75,60,37,145,144,44,38,69,30,146,26,135,60,51,31,32,138,85,61,31,26,168,166,22,21,97,22,20,162,158,93,36,22,20,101,40,176,126,122,86,85,76,70,25,17,21,120,17,24,30,15,77,69,20,85,42,14,120,30,46,9,133,71,63,34,150,25,40,136,4,126,119,117,107,102,98,93,77,40,34,54,174,0,17,31,168,77,41,22,150,77,128,106,28,15,58,162,112,69,130,96,91,50,73,61,56,139,129,75,88,84,17,69,61,18,18,12,141,27,16,21,21,169,164,24,15,57,27,27,166,69,47,167,113,96,54,151,110,37,25,47,39,24,22,63,62,174,141,52,30,26,150,98,25,168,162,134,127,113,98,31,30,158,66,36,33,46,32,29,149,85,39,161,116,45,171,152,176,102,168,143,84,37,53,36,89,80,71,62,57,44,41,178,167,155,69,61,47,118,103,39,39,155,135,98,77,41,136,120,84,58,41,132,97,94,44,107,93,89,83,64,45,43,145,178,116,51,165,48,127,83,47,48,56,55,48,110,90,88,51,107,93,52,162,91,154,126,88,70,62,138,139,118
80,178,141,50,194,185,107,161,152,42,145,45,190,145,100,71,57,94,91,77,115,45,37,194,120,117,71,168,123,66,47,184,133,91,75,32,162,161,57,31,84,27,163,30,152,76,66,43,24,155,102,77,23,22,185,183,33,25,114,32,24,179,175,110,52,35,31,117,56,193,143,139,102,101,93,86,39,29,35,137,16,14,46,16,94,86,12,102,59,29,137,47,62,14,150,88,80,50,167,41,57,153,20,143,136,134,124,119,115,110,94,57,51,71,191,17,0,48,185,94,58,39,167,94,145,123,45,5,75,179,129,86,147,113,108,67,90,77,72,156,146,91,104,100,10,86,78,11,33,20,158,43,15,13,13,186,181,39,27,74,42,16,183,86,63,184,130,112,70,168,126,53,19,63,54,36,23,79,78,190,158,68,23,37,167,115,33,185,179,150,143,130,114,43,26,175,82,49,45,61,28,35,166,101,52,178,133,58,188,169,193,118,185,160,100,46,67,38,105,95,86,77,71,54,51,195,184,171,84,75,58,134,119,42,41,172,151,114,92,48,153,136,99,71,44,148,112,109,52,123,109,104,98,78,53,46,161,194,132,62,181,55,143,97,49,48,66,65,51,125,105,102,59,123,107,50,178,105,170,142,102,82,73,153,155,133
50,132,98,53,148,139,67,115,107,67,100,51,144,100,59,41,40,54,52,43,72,44,64,148,76,73,39,122,79,35,37,137,87,50,39,59,116,115,32,62,43,52,116,43,105,35,29,28,58,108,56,35,57,51,138,136,32,41,67,31,40,132,128,63,20,28,31,71,20,145,96,92,56,55,47,41,21,29,23,89,43,53,15,40,47,39,49,54,16,24,90,10,16,37,102,41,33,7,119,9,10,105,28,95,88,86,76,71,67,62,46,9,4,23,143,31,48,0,137,46,10,9,119,46,97,75,4,45,27,131,81,38,99,65,60,20,43,30,25,108,98,44,57,53,46,38,31,46,20,34,110,14,42,49,49,138,133,18,28,28,17,55,135,39,20,136,83,65,26,120,79,18,51,22,19,26,43,35,34,143,110,27,55,30,119,68,35,137,131,103,96,83,68,29,51,128,39,27,29,28,54,40,119,56,30,130,86,30,140,122,146,72,138,113,57,38,36,50,62,54,47,41,38,37,38,148,137,125,46,41,37,89,74,50,52,125,105,71,52,45,107,91,58,41,51,103,69,67,45,79,67,63,58,45,45,53,115,148,88,44,135,48,98,59,57,60,47,47,56,82,66,64,51,81,68,67,133,67,125,98,65,53,51,109,111,91
128,49,69,171,46,45,98,53,59,194,63,171,42,62,102,133,149,107,110,125,85,165,192,38,81,82,128,41,75,133,155,34,66,106,122,189,42,43,141,194,109,183,37,172,44,116,126,151,191,41,90,114,191,184,23,23,162,174,76,162,172,22,24,80,139,157,162,72,134,20,47,51,86,87,96,102,150,162,154,52,178,189,142,176,93,101,185,85,128,158,49,139,123,173,36,97,105,135,19,144,128,32,165,42,49,51,61,66,70,75,91,128,134,114,6,168,185,137,0,91,127,146,18,91,40,62,140,182,110,7,56,99,38,72,77,118,95,108,113,30,40,94,81,85,182,100,108,182,154,169,30,144,177,184,185,12,13,149,162,114,147,190,14,102,125,15,58,76,118,25,62,137,186,126,136,156,176,111,112,21,36,123,188,159,30,77,165,24,25,44,50,63,78,153,184,28,111,146,151,134,186,168,36,93,146,31,63,139,30,36,31,78,32,43,96,158,133,176,94,103,113,123,129,149,154,36,36,40,116,125,146,68,82,174,176,42,54,87,109,163,54,67,103,133,172,59,90,93,160,81,94,99,105,127,159,175,52,43,75,149,45,160,67,110,177,182,146,148,174,84,103,106,160,87,102,188,51,105,55,73,109,131,143,65,66,82
56,91,62,87,106,97,45,75,68,107,62,86,101,62,41,54,66,41,41,48,42,79,105,104,43,41,49,80,43,51,69,93,49,35,43,101,73,72,57,105,32,95,73,84,62,35,41,64,101,64,25,32,101,94,93,91,73,84,28,72,83,87,83,25,51,68,73,30,46,100,52,48,20,20,19,20,61,72,64,45,87,98,52,85,14,17,94,15,38,68,44,49,33,82,57,10,16,45,73,53,37,59,74,49,42,40,30,25,21,16,4,37,43,23,97,77,94,46,91,0,36,55,73,1,51,29,49,91,19,85,35,9,53,20,15,27,7,18,23,62,52,8,13,10,91,13,19,91,64,79,64,54,87,94,95,92,87,59,72,26,57,100,89,17,36,90,38,23,31,75,35,48,96,38,48,66,86,27,28,97,65,37,98,70,75,29,76,92,86,59,53,41,29,65,94,83,30,59,63,48,97,80,74,28,59,86,45,54,96,78,101,36,94,70,32,72,51,89,35,36,38,44,48,64,69,103,93,81,41,46,62,50,41,87,89,82,64,40,40,78,66,53,39,53,86,62,41,41,75,46,41,41,41,50,75,89,74,104,52,67,92,77,61,46,92,96,66,68,90,51,47,47,78,51,48,103,91,49,84,63,50,58,66,71,73,59
49,123,89,60,139,130,60,107,98,76,92,58,135,91,53,41,44,49,47,41,64,51,72,138,68,65,37,113,70,35,42,128,79,43,35,68,106,105,34,72,36,61,107,51,96,30,26,34,67,98,48,30,67,60,128,126,40,51,58,40,49,122,118,54,23,36,40,61,21,135,86,82,47,46,38,32,28,38,31,80,52,63,21,50,38,30,59,45,13,33,80,16,10,47,92,31,23,11,109,18,6,95,38,85,78,76,66,61,57,52,36,4,8,13,133,41,58,10,127,36,0,19,109,36,87,65,13,55,17,121,71,28,89,55,50,10,33,20,15,98,88,34,47,43,56,28,21,56,29,43,100,20,51,58,59,128,123,25,37,19,23,64,125,30,14,126,73,55,19,110,69,19,60,18,20,33,52,27,26,133,100,22,64,37,109,59,43,127,121,93,86,73,58,34,60,118,31,30,33,26,63,47,109,47,32,121,77,30,130,112,136,63,128,103,48,43,34,57,53,46,40,36,35,39,42,138,127,115,40,37,39,79,65,57,58,115,96,62,45,50,97,82,50,39,57,93,61,59,49,70,59,55,51,42,49,59,106,138,79,46,125,52,89,52,63,67,48,48,62,74,59,57,54,72,61,73,123,60,115,89,58,50,50,100,101,82
55,141,106,50,157,148,74,124,116,62,109,47,153,108,67,46,41,62,59,49,80,41,57,157,84,82,44,131,87,39,35,146,96,57,45,52,124,123,34,55,50,45,125,37,114,43,35,26,50,117,65,43,50,43,147,145,27,35,76,26,33,141,137,72,23,23,26,80,24,154,105,101,65,64,55,49,18,23,18,98,35,45,16,33,56,48,40,63,23,17,99,13,25,28,111,50,42,14,128,7,19,114,20,104,97,95,85,80,76,71,55,18,13,32,152,22,39,9,146,55,19,0,128,55,106,84,6,36,36,140,90,47,108,74,69,28,51,38,34,117,107,52,65,62,37,47,39,37,13,25,119,11,33,40,41,146,142,12,20,35,13,46,144,47,26,145,91,74,33,129,88,20,43,28,21,20,35,42,41,151,119,33,46,25,128,77,29,146,140,112,105,91,76,25,43,136,45,25,25,30,46,34,127,64,28,139,95,31,149,130,154,80,147,121,64,34,38,43,69,60,52,45,41,35,35,156,146,133,51,44,36,96,82,44,45,134,114,78,58,40,115,99,64,43,45,110,76,74,41,86,73,69,64,49,42,48,123,156,95,43,143,45,106,64,51,54,47,46,51,89,72,69,48,87,74,60,141,72,133,106,70,56,51,117,118,98
112,48,58,154,52,48,83,47,50,177,52,154,47,51,86,116,132,91,93,108,70,148,175,46,66,67,112,37,60,116,138,38,52,89,105,172,35,35,124,176,92,166,30,155,33,99,108,134,173,30,73,97,173,166,29,28,144,156,60,144,155,25,23,63,121,140,145,55,116,32,32,35,69,70,79,84,132,144,136,35,160,171,124,158,76,83,167,67,110,141,32,122,105,155,19,80,87,117,8,126,110,15,147,25,31,33,43,48,52,57,73,110,116,96,24,150,167,119,18,73,109,128,0,73,22,44,122,164,92,12,38,81,20,54,59,100,77,90,95,13,22,76,63,67,164,82,90,164,136,151,14,126,159,166,167,21,17,131,144,96,129,172,20,84,107,21,41,58,100,16,45,119,168,108,118,138,158,93,94,30,23,105,170,141,22,59,147,28,25,30,35,46,61,135,166,25,93,128,133,116,168,150,27,76,128,29,47,121,34,29,38,62,34,33,79,141,116,158,77,86,95,106,111,131,136,42,37,35,98,108,128,53,66,156,158,37,43,70,92,146,43,53,86,115,155,46,74,77,142,66,78,82,89,110,142,157,43,47,60,132,44,143,54,93,159,164,129,131,157,69,87,90,143,72,86,171,48,89,49,60,93,114,126,55,56,68
56,92,62,87,106,98,46,76,69,108,63,87,102,62,42,55,67,42,42,49,43,80,105,105,44,42,50,80,44,52,70,94,49,36,44,101,73,72,57,105,33,95,73,84,63,36,42,64,102,64,26,33,101,94,93,91,73,84,29,73,83,87,83,26,51,69,73,30,46,100,52,48,21,21,20,21,61,73,65,45,88,98,52,86,15,17,94,16,39,68,45,49,34,83,57,11,17,45,73,54,38,59,74,49,42,40,30,25,22,17,5,37,43,23,97,77,94,46,91,1,36,55,73,0,51,29,49,91,19,85,35,9,53,19,15,27,6,18,23,62,52,7,12,9,91,12,19,91,64,79,64,54,87,94,95,92,87,59,72,25,56,100,89,16,35,90,38,23,30,75,35,48,95,38,47,66,86,26,27,97,65,36,98,69,74,28,75,92,86,59,52,40,29,64,94,83,29,58,63,47,96,79,74,27,59,86,45,53,96,78,101,36,93,69,31,72,50,88,34,35,38,43,47,64,68,103,93,81,40,45,61,50,40,87,89,82,64,39,39,77,65,52,38,52,86,62,40,40,75,45,40,40,40,49,75,89,73,104,52,67,92,76,60,45,91,96,66,67,89,51,46,46,77,50,47,102,91,48,84,62,49,57,65,71,72,58
93,56,50,133,65,59,66,47,46,156,45,134,60,44,68,96,112,72,75,89,55,127,154,61,51,51,92,43,45,95,117,51,39,70,85,150,38,37,103,155,72,144,34,133,29,79,88,113,152,28,53,76,151,144,46,45,123,134,41,122,133,40,37,44,100,118,123,36,95,51,21,22,49,50,58,63,111,123,115,20,138,149,102,136,54,62,145,46,88,119,15,100,84,133,11,58,66,96,24,104,88,11,125,6,11,13,22,27,31,36,51,88,94,74,46,128,145,97,40,51,87,106,22,51,0,22,100,142,70,34,16,59,4,32,37,78,55,68,73,12,5,54,41,45,142,60,68,142,114,129,15,104,137,144,145,41,36,109,122,74,107,150,39,62,85,40,21,37,78,27,25,97,146,86,96,116,136,71,72,48,22,83,148,119,29,39,125,44,39,22,22,28,40,113,144,36,72,107,111,94,146,128,32,55,106,40,31,100,49,35,54,43,48,32,59,119,95,137,57,66,75,85,90,110,115,57,49,40,78,87,107,39,48,135,137,42,36,52,72,124,37,40,66,95,133,38,56,58,121,49,60,63,69,89,120,136,41,60,46,111,52,121,44,74,138,143,108,110,135,54,69,71,122,57,68,149,54,71,51,50,75,94,106,49,50,55
76,69,50,113,82,74,53,56,51,135,48,113,77,47,53,77,92,56,58,70,43,106,133,79,41,41,72,57,37,76,96,68,36,52,66,129,50,49,83,133,53,123,48,112,40,59,67,91,130,40,36,56,130,123,66,64,101,113,26,101,112,60,56,27,78,97,102,23,73,72,28,26,30,31,38,43,89,101,93,22,116,127,81,114,34,41,123,27,67,97,19,78,62,112,29,36,44,74,45,82,66,31,103,21,14,13,6,7,10,14,30,66,72,52,68,106,123,75,62,29,65,84,44,29,22,0,78,120,48,56,6,37,24,10,15,56,33,46,51,33,24,32,20,24,120,39,47,120,92,107,35,82,115,122,123,63,58,88,100,52,85,128,60,41,63,61,15,18,57,46,15,76,124,65,75,94,114,50,51,69,38,62,126,97,47,24,103,64,58,33,28,22,25,92,122,55,51,85,90,73,124,107,48,37,85,59,28,79,68,51,73,31,66,45,42,98,74,116,41,48,56,65,70,89,94,76,66,56,59,67,86,35,37,114,115,57,43,39,54,103,44,38,50,75,112,42,42,44,100,40,45,48,52,70,100,115,51,78,41,91,67,101,45,57,117,122,89,90,115,46,54,56,102,47,54,129,67,56,62,49,59,76,87,53,55,50
54,136,102,55,152,143,71,119,111,67,104,52,148,104,64,45,43,59,57,47,76,46,63,151,80,78,43,126,83,39,39,141,91,54,43,58,119,118,35,61,47,51,120,42,109,40,33,29,56,111,60,40,56,49,141,139,32,41,71,31,39,135,131,67,23,28,31,74,23,148,99,95,60,59,51,45,22,29,23,93,41,51,17,39,51,43,47,58,20,23,93,13,20,35,105,44,36,11,122,10,14,108,26,98,91,89,79,74,70,65,49,13,8,26,146,28,45,4,140,49,13,6,122,49,100,78,0,42,30,134,84,41,102,68,63,22,45,32,27,111,101,46,59,55,42,41,33,43,16,30,112,10,38,45,46,140,135,13,24,29,13,51,138,41,20,139,85,67,27,123,81,16,47,22,17,22,39,36,35,145,113,27,51,26,122,70,31,140,134,105,98,85,70,25,47,130,39,23,25,26,50,36,121,57,26,133,88,27,143,124,148,74,140,115,57,34,34,46,62,54,47,40,37,33,34,150,139,127,45,39,34,90,76,46,47,127,107,72,52,41,109,93,58,39,46,104,70,68,41,80,67,63,58,44,41,49,117,150,89,41,137,44,100,59,53,56,44,44,52,83,66,64,47,81,68,62,134,66,126,99,64,52,48,110,112,92
80,176,140,52,192,183,106,159,150,47,143,48,188,143,99,71,58,93,90,77,114,47,41,192,118,116,71,166,122,65,48,182,131,90,74,36,160,159,57,35,83,31,161,32,150,75,65,43,29,152,100,76,28,26,183,181,33,27,112,33,26,177,173,107,51,35,31,115,55,190,141,137,100,99,90,84,39,29,35,134,19,19,44,18,91,84,16,99,57,28,135,45,60,14,147,86,78,48,164,39,55,150,18,140,133,131,121,116,112,107,91,54,48,68,188,15,5,45,182,91,55,36,164,91,142,120,42,0,72,176,126,83,144,110,105,64,87,74,69,153,143,88,101,97,6,82,74,7,29,15,154,39,10,9,9,182,177,34,22,70,38,14,179,82,59,180,127,109,66,165,123,48,15,59,50,31,18,75,74,187,154,64,20,32,163,111,28,181,175,147,140,126,110,38,22,172,77,44,40,56,24,30,162,97,47,174,129,53,184,165,189,114,181,156,96,41,62,33,101,91,82,72,67,50,46,191,180,167,80,71,53,130,114,37,36,168,147,110,88,43,149,132,95,66,40,144,108,105,47,119,105,100,94,73,48,41,157,190,128,57,177,50,139,93,44,43,62,60,46,121,101,98,54,118,103,46,174,101,166,138,98,78,68,149,151,129
52,109,77,74,124,115,53,93,85,92,79,72,120,78,47,47,55,44,44,44,54,65,89,123,57,54,42,98,58,42,56,112,65,38,38,85,91,90,45,88,32,78,91,68,81,30,32,49,84,83,37,28,84,77,112,110,56,67,45,56,66,106,102,41,36,52,56,47,32,119,71,67,34,33,27,23,44,55,47,64,70,80,36,67,25,20,76,31,23,50,64,32,18,64,76,17,12,27,93,35,20,78,56,68,61,59,49,45,41,36,20,19,25,7,116,58,75,27,110,19,17,36,92,19,70,48,30,72,0,104,54,11,72,38,33,8,15,4,4,81,71,16,29,25,72,12,6,72,45,59,82,35,67,74,75,110,105,40,53,10,37,81,108,14,18,109,56,38,15,93,52,30,76,21,29,47,67,17,17,115,83,21,79,51,92,42,57,110,104,76,69,56,42,46,75,100,22,40,45,31,77,61,91,33,41,103,60,37,113,95,118,47,111,86,35,54,36,70,39,35,32,33,35,47,51,121,110,98,33,34,45,63,50,69,71,98,79,47,36,60,80,66,39,40,68,77,47,45,58,55,45,43,40,39,58,71,89,121,63,52,108,60,73,43,74,78,52,53,72,59,48,46,62,58,49,85,106,49,99,74,49,48,53,84,85,68
124,51,68,166,51,49,95,54,58,189,62,167,47,61,98,128,144,103,106,120,82,160,187,44,77,79,124,42,72,128,150,38,63,101,117,184,42,43,136,188,104,178,37,167,42,111,121,146,185,39,85,109,185,178,27,27,156,168,72,156,167,25,25,75,133,152,157,67,128,26,44,47,81,82,91,97,145,157,148,47,172,183,136,170,88,96,179,80,122,153,45,134,118,168,31,92,100,130,16,138,122,28,159,37,44,46,56,61,64,69,85,122,128,108,13,162,179,131,7,85,121,140,12,85,34,56,134,176,104,0,50,93,32,66,71,112,89,102,107,23,33,88,75,79,176,94,102,176,148,163,23,138,171,178,179,10,8,143,156,107,140,184,10,96,118,12,51,69,112,18,56,131,179,120,130,150,170,104,105,20,29,116,182,152,24,70,158,20,20,37,43,56,71,146,177,22,104,140,145,127,179,162,29,86,139,25,56,132,27,29,29,71,28,36,89,152,127,170,87,96,106,116,122,142,147,34,32,34,109,118,139,61,75,167,169,36,47,80,102,157,47,60,96,126,166,52,83,86,153,74,87,92,98,120,153,168,45,40,67,142,40,153,60,103,170,175,139,141,167,77,96,99,153,80,95,181,46,98,49,66,102,124,136,59,59,75
82,67,51,119,78,71,58,55,51,141,48,120,73,47,58,83,98,62,64,76,47,113,139,75,45,44,79,54,40,82,103,64,38,58,72,135,48,47,89,140,59,129,45,118,37,65,73,98,136,38,42,62,136,129,61,59,107,119,31,107,118,55,51,33,85,103,108,27,80,67,26,25,36,37,44,49,96,107,99,21,123,134,87,121,40,48,129,33,73,103,17,84,68,118,24,43,50,80,40,89,73,26,109,16,11,9,9,13,16,21,36,72,78,58,62,112,129,81,56,35,71,90,38,35,16,6,84,126,54,50,0,43,18,16,21,62,39,52,57,27,17,38,25,29,126,44,52,126,98,113,29,88,121,128,129,57,52,93,106,58,90,134,54,46,69,55,12,22,62,40,14,81,130,70,80,100,120,55,56,62,32,67,132,103,41,25,109,58,52,28,23,20,27,97,128,49,56,90,95,78,130,112,42,41,90,52,25,84,62,45,67,31,60,39,45,103,79,121,44,51,60,69,75,94,99,70,60,50,63,72,91,33,37,119,121,51,38,40,57,108,39,35,52,79,117,38,44,46,105,40,47,50,55,74,105,120,46,72,39,95,61,106,41,60,122,127,93,95,120,45,56,58,106,47,56,133,62,58,57,46,62,80,91,49,51,49
56,100,70,83,114,106,50,84,77,102,71,82,110,70,45,52,63,44,44,48,49,75,99,113,50,49,48,89,51,49,65,102,57,38,42,95,82,81,53,99,34,88,82,78,71,34,38,58,95,73,32,31,95,88,102,100,67,78,37,66,77,95,91,33,45,62,67,38,41,108,61,57,27,27,24,22,55,66,58,54,81,91,46,78,19,18,87,23,33,61,53,43,27,75,65,12,13,38,82,46,31,68,67,58,51,49,39,34,30,25,11,30,36,17,105,69,86,38,99,9,28,47,81,9,59,37,41,83,11,93,43,0,61,27,22,19,4,9,14,70,60,6,18,15,83,5,10,83,55,70,71,46,78,85,86,99,94,51,64,17,48,91,97,10,27,98,45,28,22,82,41,39,87,30,39,58,77,19,19,104,72,28,90,61,81,32,67,99,93,65,59,46,32,56,85,89,23,50,54,39,88,71,81,26,50,92,50,45,102,84,107,38,100,75,29,63,42,80,33,31,32,36,40,55,60,110,99,87,34,38,53,53,42,78,80,88,69,40,34,69,70,56,35,45,77,67,40,39,67,47,40,38,37,43,66,80,79,110,54,59,98,68,64,41,83,87,58,59,81,52,44,43,69,51,45,94,96,45,89,65,46,51,58,75,76,60
97,58,54,136,66,60,70,50,49,159,49,137,61,48,72,99,115,76,78,92,58,130,156,62,54,55,95,45,49,98,120,52,43,73,88,153,40,40,106,157,75,147,36,136,32,82,90,115,154,31,57,79,154,147,46,45,125,137,44,125,136,40,37,47,102,121,126,40,97,51,25,26,52,53,61,66,113,125,117,24,141,151,105,138,57,65,147,49,91,121,19,102,86,136,13,60,68,98,23,107,91,12,127,10,14,16,25,29,33,38,54,90,96,76,45,130,147,99,38,53,89,108,20,53,4,24,102,144,72,32,18,61,0,34,39,80,57,70,75,9,2,56,43,47,144,62,70,144,116,131,12,106,139,146,147,39,34,111,124,75,108,152,36,64,86,37,21,38,80,23,25,99,147,88,98,118,138,73,74,45,18,85,150,120,25,39,126,41,36,19,20,28,41,115,145,33,73,108,113,95,148,130,28,56,107,37,30,101,45,31,50,43,44,28,59,120,96,138,57,66,75,85,91,111,116,54,45,37,78,88,108,37,47,136,138,39,33,52,72,125,34,38,66,95,134,35,55,58,122,48,59,63,69,90,121,137,38,57,44,112,48,122,42,74,139,144,109,111,136,53,68,71,122,55,67,150,50,70,47,47,74,94,106,46,47,53
71,79,56,106,92,84,52,65,59,127,55,106,87,54,51,71,85,52,54,64,44,98,124,89,43,42,66,66,40,69,89,78,42,48,60,120,60,59,75,125,47,114,58,103,49,52,60,83,121,50,33,49,121,114,76,74,92,104,27,92,103,70,66,26,70,88,93,25,65,83,38,35,27,27,33,36,80,92,84,31,107,118,72,105,28,34,114,22,58,88,29,69,53,102,39,28,35,64,55,73,57,41,94,31,25,23,14,11,9,9,21,57,63,43,78,96,113,65,72,20,55,74,54,19,32,10,68,110,38,66,16,27,34,0,5,46,23,36,41,43,33,22,9,13,110,28,36,110,82,97,44,72,105,112,113,72,67,77,90,42,74,118,70,30,53,71,19,11,46,55,17,65,114,55,64,84,104,40,41,78,46,52,116,87,55,18,93,73,67,40,34,24,19,81,112,63,41,75,80,63,114,97,55,29,75,66,29,68,76,59,81,26,74,51,33,88,64,105,34,39,46,55,60,79,84,84,74,62,49,57,76,35,32,103,105,63,47,34,45,93,48,38,41,65,102,45,36,37,90,36,38,40,44,60,90,104,56,85,40,81,73,91,46,49,107,111,79,80,104,42,47,48,91,43,47,118,73,49,67,49,51,67,77,55,57,48
68,82,58,101,96,88,51,68,62,122,57,101,91,56,49,67,80,50,51,61,44,94,119,93,43,42,62,70,41,65,84,83,44,45,56,116,64,63,71,120,44,109,62,99,53,48,55,78,116,54,31,45,116,109,81,79,88,99,27,87,98,75,71,26,65,83,88,26,60,87,42,38,25,25,29,33,76,87,79,35,102,113,67,100,24,30,109,19,53,83,33,64,48,97,44,24,31,59,60,68,52,46,89,36,29,28,18,14,11,9,17,52,58,38,83,91,108,60,77,15,50,69,59,15,37,15,63,105,33,71,21,22,39,5,0,41,18,31,36,48,38,17,5,9,105,23,31,105,77,92,49,67,100,107,108,77,72,72,85,37,69,113,75,26,48,76,24,11,41,60,21,60,109,50,59,79,99,35,36,83,51,47,111,82,60,18,88,77,72,44,38,27,19,76,107,68,37,70,75,58,109,92,60,26,70,71,32,64,81,63,86,26,79,55,30,83,60,100,32,36,42,51,56,74,79,89,78,67,45,53,71,38,32,98,100,68,50,33,41,88,52,40,38,60,97,49,35,36,85,37,37,38,41,56,85,100,60,89,41,76,78,86,48,46,102,107,74,76,100,43,45,46,87,43,45,113,77,47,70,51,49,63,73,58,60,49
53,117,85,69,132,124,59,101,93,86,87,68,128,86,52,47,52,49,48,45,61,61,83,131,64,62,42,106,66,41,52,120,73,43,39,78,100,99,42,82,36,72,100,62,89,32,31,44,77,91,44,31,77,70,120,118,50,61,52,50,59,114,110,49,32,46,50,55,29,127,79,75,42,41,34,29,39,49,41,72,63,73,30,60,32,26,69,38,20,43,72,26,15,57,84,25,18,21,101,29,15,87,48,77,70,68,58,53,49,44,28,13,18,9,124,50,67,20,118,27,10,28,100,27,78,56,22,64,8,112,62,19,80,46,41,0,23,10,5,89,79,24,37,33,64,18,11,64,36,51,90,27,59,66,67,118,113,32,45,9,29,72,115,19,11,116,63,45,11,101,59,22,68,15,21,39,59,17,17,123,90,16,71,43,100,48,48,118,112,83,76,63,48,38,67,108,22,33,37,25,69,53,99,37,34,111,66,30,121,102,126,53,118,93,38,46,31,62,43,37,32,30,31,40,44,128,117,105,32,31,39,69,55,61,63,105,86,52,37,53,87,72,41,35,60,83,51,49,51,60,49,46,42,36,51,63,95,128,69,45,115,53,79,44,66,70,46,47,65,64,49,48,55,62,51,77,113,51,105,79,50,45,48,90,91,72
59,98,69,87,112,103,52,82,75,106,69,86,107,69,47,56,67,46,47,51,49,79,103,110,50,48,51,86,50,53,69,99,56,40,46,99,79,78,57,103,36,93,79,82,68,38,43,63,99,70,32,35,99,92,98,96,71,82,36,71,81,92,88,32,50,67,71,37,45,105,58,54,27,27,25,25,59,70,62,51,85,96,51,83,20,21,91,22,37,66,50,47,32,79,62,14,17,42,78,51,35,64,71,54,47,45,35,31,27,22,11,34,40,21,101,73,90,43,95,7,33,51,77,6,55,33,45,87,15,89,39,4,57,23,18,23,0,13,18,66,56,1,14,10,87,6,13,87,59,74,67,49,82,89,90,95,90,54,67,19,51,95,92,10,30,93,40,23,24,78,37,42,91,32,42,61,81,20,21,100,68,30,93,64,77,28,70,95,89,61,54,41,28,59,89,85,23,53,57,41,91,74,76,23,53,88,45,47,98,80,103,34,96,71,26,66,44,83,30,29,31,37,41,58,62,105,95,83,34,39,55,49,38,81,83,83,64,36,33,72,66,52,33,46,80,62,37,36,69,43,36,35,35,43,69,83,74,106,50,61,93,70,60,39,85,90,59,61,83,48,41,41,71,47,42,97,92,43,84,61,44,51,59,70,72,56
55,109,78,77,123,115,55,93,85,95,79,76,119,78,49,50,59,47,46,47,55,69,92,122,57,55,46,98,59,46,59,111,66,41,41,88,91,90,49,91,35,81,91,71,80,33,35,52,87,82,38,31,87,80,111,109,60,70,45,59,69,105,101,41,40,55,59,47,35,118,70,66,35,34,29,25,48,58,51,63,72,83,39,70,26,22,79,31,27,53,62,35,21,67,74,18,14,30,91,38,23,77,58,67,60,58,48,43,39,34,20,22,28,11,114,61,77,30,108,18,20,38,90,18,68,46,32,74,4,102,52,9,70,36,31,10,13,0,5,79,69,14,27,23,74,9,3,74,46,61,80,36,69,76,77,108,103,41,54,9,39,82,105,11,18,106,53,35,13,91,49,30,78,21,30,49,68,14,14,113,80,20,80,52,90,39,58,108,102,73,66,53,38,47,76,98,19,41,45,30,79,62,89,29,41,101,57,36,111,92,116,44,108,83,31,54,35,71,36,31,29,31,33,47,51,118,107,95,30,32,45,60,47,69,71,96,76,44,33,60,77,62,35,38,68,73,43,42,58,52,42,39,37,37,58,71,86,118,60,51,105,60,70,40,74,78,51,52,72,56,44,43,61,55,46,85,103,46,96,70,45,46,51,81,82,64
54,113,82,74,128,119,57,97,89,91,83,72,124,82,51,49,56,48,47,46,58,65,87,127,61,59,44,102,62,44,56,116,70,42,40,83,95,94,46,87,36,76,95,66,85,33,34,48,82,87,41,31,82,75,116,114,55,66,49,55,64,109,106,45,36,51,55,51,32,123,74,71,38,38,31,27,43,54,46,68,68,78,35,65,29,24,74,35,24,48,67,31,18,62,79,21,16,26,96,34,19,82,53,72,65,63,53,48,44,39,24,18,23,9,119,56,72,25,113,23,15,34,95,23,73,51,27,69,4,107,57,14,75,41,36,5,18,5,0,84,74,19,32,28,69,13,6,69,41,56,85,31,64,71,72,113,108,36,49,7,34,77,110,14,14,111,58,40,11,96,54,25,73,17,25,44,63,15,14,118,85,17,76,47,95,43,53,112,107,78,71,58,43,42,71,103,20,36,41,27,74,57,94,33,37,106,61,33,116,97,121,48,113,88,34,50,32,66,39,33,30,29,31,43,47,123,112,100,30,31,41,64,51,65,67,100,81,47,34,56,82,67,38,36,64,78,47,45,54,55,45,42,38,36,54,67,90,123,64,48,110,56,74,41,70,74,48,49,68,59,46,45,57,58,48,81,108,47,100,74,47,45,49,85,86,68
105,56,58,145,62,57,78,51,52,168,53,146,57,52,80,108,124,84,87,101,66,139,166,57,62,62,104,44,56,108,129,48,49,82,97,162,40,40,115,167,84,156,35,145,35,91,100,124,163,32,65,88,163,156,41,40,134,146,53,134,145,36,33,56,112,130,135,48,106,44,30,32,61,62,70,75,123,134,126,30,150,161,114,148,66,74,156,59,100,130,26,111,95,145,16,70,77,107,18,116,100,12,137,17,23,25,34,39,42,47,63,100,106,86,36,139,156,108,30,62,98,117,13,62,12,33,111,153,81,23,27,70,9,43,48,89,66,79,84,0,10,65,52,56,153,71,79,153,125,140,4,115,148,155,156,29,25,120,133,84,117,161,27,72,95,28,28,46,88,15,33,107,156,97,107,126,146,81,82,36,14,93,159,129,18,47,135,32,27,19,23,34,48,123,154,25,81,116,121,104,156,138,22,64,116,29,35,109,37,25,42,49,36,25,67,129,104,147,64,74,83,93,99,119,124,45,38,31,86,96,116,41,53,144,146,33,33,58,79,134,33,41,73,103,143,36,62,64,130,53,66,70,76,97,130,145,35,49,48,120,42,130,43,81,147,152,117,119,144,57,75,77,130,60,73,158,45,77,43,49,80,102,113,46,46,56
97,60,55,136,68,62,71,52,51,158,50,136,63,49,72,99,115,76,79,92,59,129,156,64,55,56,95,47,50,98,120,54,44,73,88,153,42,42,106,157,75,146,38,136,34,81,90,115,154,33,57,79,153,146,48,47,125,136,45,124,135,43,40,47,102,120,125,40,97,53,26,27,52,53,61,66,113,125,116,25,140,151,104,138,57,65,147,49,90,121,20,102,86,135,16,60,68,97,25,106,90,14,127,11,15,16,25,29,33,38,53,90,96,76,46,129,146,98,40,52,88,107,22,52,5,24,101,143,71,33,17,60,2,33,38,79,56,69,74,10,0,55,42,46,143,61,69,143,115,130,12,105,138,145,146,39,34,110,123,74,107,151,37,62,85,38,19,36,79,23,23,98,146,87,97,117,137,71,72,45,17,83,149,119,25,38,125,41,35,17,18,25,39,113,144,32,71,107,111,94,146,129,27,54,106,36,28,99,45,30,50,41,44,27,58,119,94,137,56,64,74,84,89,110,114,54,45,36,77,86,106,35,45,134,136,37,31,50,70,124,32,36,64,94,133,33,53,56,121,46,57,61,67,88,120,135,36,56,42,110,47,121,40,72,137,142,107,109,135,51,66,69,121,53,65,149,49,68,46,45,72,93,104,44,45,51
60,97,69,88,111,103,52,82,75,108,69,88,107,69,48,58,69,47,48,53,49,80,105,110,51,49,53,86,50,54,71,99,56,41,47,101,79,78,59,105,38,94,78,84,68,39,44,64,101,70,33,36,100,93,98,96,72,84,36,72,82,91,88,33,51,68,73,37,47,104,57,54,28,28,26,26,60,72,64,51,86,97,52,84,21,22,92,22,39,67,49,48,33,81,61,15,19,44,77,52,36,63,72,53,46,44,35,30,26,22,11,36,41,22,100,75,91,44,94,8,34,52,76,7,54,32,46,88,16,88,38,6,56,22,17,24,1,14,19,65,55,0,13,9,88,6,14,88,60,75,66,50,83,90,91,94,89,55,68,20,52,96,91,10,31,92,39,22,25,77,35,43,92,33,42,62,82,20,21,99,66,30,94,65,76,26,71,94,88,59,53,40,26,59,90,84,23,53,58,42,92,75,75,22,53,87,44,47,97,78,102,33,94,70,25,66,44,83,29,28,31,37,41,58,63,104,94,81,33,39,55,48,37,82,84,82,63,35,32,72,64,50,32,46,81,61,35,34,69,42,35,34,34,43,69,83,73,104,49,61,92,70,58,38,86,90,60,61,84,47,40,40,71,46,41,97,90,42,83,59,43,51,59,69,70,55
68,87,63,100,101,93,53,73,67,120,62,99,96,61,50,67,79,51,52,61,47,92,117,98,47,46,62,75,46,64,82,88,49,46,55,113,69,68,69,117,44,107,67,96,58,47,54,76,113,59,33,45,113,106,86,84,85,96,31,85,95,79,76,29,63,80,85,30,58,92,47,43,27,27,30,32,73,84,76,40,99,110,64,97,25,29,105,21,51,80,38,61,45,94,49,23,29,56,65,65,49,51,85,41,34,32,23,19,16,13,16,49,54,35,88,88,104,57,81,13,47,65,63,12,41,20,59,101,29,75,25,18,43,9,5,37,14,27,32,52,42,13,0,4,101,19,27,101,73,88,53,63,96,103,104,81,76,68,81,32,65,109,78,21,43,79,26,11,37,64,23,56,104,45,55,75,95,30,31,86,54,42,107,77,63,17,83,81,75,47,40,28,17,72,102,71,32,65,70,53,105,87,62,22,65,74,33,59,84,66,89,25,82,57,26,78,55,96,28,31,37,46,51,69,74,91,81,69,40,48,66,38,30,94,96,70,52,30,37,84,53,40,34,55,92,50,32,32,81,35,33,34,37,51,80,95,61,92,40,71,80,81,48,42,97,102,69,71,95,41,41,41,82,41,41,109,79,43,72,50,45,58,68,59,60,48
66,91,65,96,104,96,53,76,69,116,64,96,99,63,50,64,76,50,51,58,48,89,113,102,48,47,59,78,47,61,79,91,51,45,53,109,72,71,66,113,42,103,71,92,61,45,51,72,109,62,33,42,109,102,90,88,81,92,32,81,91,83,79,30,60,77,81,32,55,96,50,47,27,27,28,30,69,80,72,43,95,106,61,93,23,27,101,21,47,76,42,57,42,90,52,20,26,52,69,61,45,55,81,45,38,36,27,22,19,16,13,45,50,31,92,84,100,53,85,10,43,62,67,9,45,24,55,97,25,79,29,15,47,13,9,33,10,23,28,56,46,9,4,0,97,15,23,97,69,84,57,59,92,99,100,85,80,64,77,28,61,105,82,17,39,83,30,14,33,68,27,52,100,41,51,71,91,27,28,90,57,38,103,73,67,19,79,85,79,51,44,31,19,68,98,75,29,61,66,49,101,83,66,20,61,78,36,55,88,70,93,26,85,61,25,74,51,92,27,30,35,43,47,66,70,95,85,73,38,45,63,40,31,90,92,73,55,31,34,80,56,43,33,52,89,53,32,32,77,36,33,33,35,48,76,91,65,96,42,68,83,78,51,40,94,98,66,68,91,42,40,40,78,42,40,105,82,42,75,53,44,55,65,62,63,49
84,178,142,58,194,185,109,161,152,52,145,53,190,145,102,74,63,96,93,80,116,52,47,194,120,118,74,168,124,69,53,183,133,92,77,42,161,160,61,41,85,37,162,38,151,77,68,47,35,154,102,78,34,32,184,182,38,33,113,37,32,177,173,109,54,39,36,116,57,191,142,138,102,101,92,86,42,33,38,135,25,25,47,24,93,85,22,100,59,31,135,47,61,19,148,86,79,50,165,41,56,151,21,141,134,132,122,117,113,108,92,55,49,69,188,17,10,46,182,91,56,37,164,91,142,120,42,6,72,176,126,83,144,110,105,64,87,74,69,153,143,88,101,97,0,82,74,1,28,13,154,38,6,4,4,182,177,33,20,69,36,9,179,81,58,180,126,108,65,164,122,47,9,58,48,29,13,74,73,186,154,62,14,29,163,110,24,181,175,146,139,125,109,35,16,171,76,42,37,54,18,25,161,95,44,173,128,51,183,164,188,112,181,155,94,37,59,28,99,89,80,69,64,46,42,190,179,166,77,68,50,128,113,31,31,167,146,108,85,38,147,131,92,63,34,143,106,103,42,117,102,98,91,70,43,35,156,189,126,52,176,46,137,90,39,37,57,56,40,119,98,95,49,116,100,40,173,98,164,136,95,74,64,147,149,127
60,103,74,85,118,109,56,88,81,104,75,84,113,74,50,56,66,49,49,52,54,77,100,116,55,53,51,92,56,52,67,105,62,43,46,96,85,84,56,100,38,89,85,79,74,38,42,60,96,76,37,36,95,88,104,102,68,79,41,68,77,98,94,38,48,64,68,42,43,111,64,60,32,32,29,27,56,67,59,57,81,91,48,79,24,23,87,27,35,62,56,44,29,75,67,17,18,39,84,47,32,69,66,59,53,51,41,36,33,28,16,31,36,18,107,69,86,38,100,13,28,47,82,12,60,39,41,82,12,94,44,5,62,28,23,18,6,9,13,71,61,6,19,15,82,0,8,82,54,69,72,44,77,84,85,100,95,49,62,14,46,90,97,5,25,98,45,27,18,82,41,37,85,27,36,56,76,14,15,105,72,24,88,58,81,30,65,99,93,65,58,45,30,53,83,89,18,47,52,35,86,68,80,22,47,92,48,41,102,84,107,36,100,75,25,60,38,77,29,26,27,32,35,52,56,109,99,86,29,34,49,51,39,75,77,87,68,36,29,66,69,54,30,40,74,65,36,35,63,44,35,34,32,38,63,77,77,109,52,55,97,64,62,36,80,84,54,55,77,48,39,38,65,47,40,91,95,41,87,62,41,46,53,72,74,57
58,110,80,79,125,116,58,94,87,97,81,78,120,80,52,53,61,50,49,50,58,71,93,123,60,58,48,99,61,48,62,113,67,44,44,89,92,91,51,93,38,82,92,72,81,36,38,54,88,83,40,34,88,81,112,110,61,72,47,61,70,105,102,43,42,57,61,49,38,118,71,67,37,36,31,28,49,59,52,64,73,84,41,71,28,24,79,33,29,54,63,37,23,67,75,20,17,32,91,39,25,77,59,67,60,58,49,44,40,35,21,24,29,13,115,61,78,31,108,19,21,39,90,19,68,47,33,74,6,102,52,10,70,36,31,11,13,3,6,79,69,14,27,23,74,8,0,74,46,61,80,36,69,76,77,108,103,41,54,6,38,82,105,9,17,106,52,35,11,90,49,29,77,19,28,48,68,11,11,113,80,18,80,51,89,38,57,107,101,73,66,52,37,46,76,97,16,39,44,29,78,61,88,27,40,100,56,34,110,91,115,42,107,82,29,53,33,70,33,28,26,28,31,45,49,117,106,94,27,30,43,58,45,68,70,95,75,42,30,59,76,61,33,36,67,72,41,39,56,50,39,37,34,34,56,70,85,117,58,49,104,58,68,37,73,77,48,50,70,54,41,40,59,52,43,84,102,43,94,69,42,43,49,79,80,62
85,178,142,59,194,185,109,161,153,53,146,54,190,145,102,75,63,96,94,81,116,53,48,194,121,118,75,168,124,70,54,183,133,93,78,43,162,161,62,42,86,38,162,39,151,78,69,48,36,154,102,79,35,33,184,182,39,34,113,38,33,178,174,109,54,40,37,117,58,191,142,138,102,101,92,86,43,34,39,135,25,26,48,25,93,85,23,100,59,32,135,47,62,20,148,87,79,50,165,41,56,151,22,141,134,132,122,117,113,108,92,56,50,69,188,18,11,46,182,91,56,37,164,91,142,120,43,7,72,176,126,83,144,110,105,64,87,74,69,153,143,88,101,97,1,82,74,0,28,13,154,38,5,3,4,182,177,33,20,69,36,9,179,81,58,180,126,108,65,164,122,47,9,58,48,28,12,74,73,186,153,62,13,28,163,110,24,181,175,146,139,125,109,34,15,171,76,41,37,54,17,24,161,95,43,173,128,50,183,164,188,112,180,155,94,36,59,27,98,89,79,69,64,45,41,190,179,166,77,68,49,128,113,30,30,167,146,108,85,37,147,130,92,63,33,142,106,103,41,116,102,97,91,70,43,34,156,189,126,52,176,45,137,90,38,36,57,55,40,118,98,95,48,116,100,39,173,98,164,135,94,73,63,147,148,127
68,152,118,58,168,159,87,135,127,64,120,54,163,120,80,58,52,74,72,62,92,49,60,167,96,94,56,142,99,52,45,156,107,70,57,54,135,134,46,56,63,47,135,41,125,55,48,36,50,127,76,55,49,44,157,155,34,38,87,33,36,150,146,83,35,31,32,90,37,164,115,111,76,75,67,61,28,29,27,108,35,43,28,33,66,59,38,74,35,22,108,26,36,27,120,60,52,26,137,20,31,123,19,113,106,104,94,89,85,80,65,30,24,42,160,18,33,20,154,64,29,13,136,64,114,92,16,29,45,148,98,55,116,82,77,36,59,46,41,125,115,60,73,69,28,54,46,28,0,15,126,10,23,30,31,154,149,5,8,41,9,36,151,53,30,152,98,80,37,136,94,19,32,30,21,8,23,46,45,158,125,35,35,12,135,82,16,153,147,118,111,97,81,14,31,143,48,18,16,28,34,21,133,67,21,145,100,26,155,136,160,85,153,127,67,23,35,31,72,62,53,44,39,27,25,162,151,138,51,43,29,101,85,31,32,139,118,81,59,28,120,103,66,40,32,115,79,76,30,90,76,71,65,46,31,35,128,161,99,35,148,34,110,64,39,41,39,38,39,92,72,70,37,89,74,47,145,72,137,109,70,52,45,120,121,100
77,166,131,57,182,173,99,149,141,58,134,53,178,134,92,67,57,86,84,71,105,50,53,181,109,107,66,156,112,61,48,171,121,82,68,47,149,148,54,47,75,41,150,38,139,67,58,41,41,141,90,68,40,36,171,169,34,33,101,33,32,165,161,97,45,34,32,104,48,178,129,125,90,89,80,74,34,29,31,123,27,32,38,26,81,73,28,88,48,25,123,37,50,19,135,74,66,38,152,30,44,138,16,128,121,119,109,104,100,95,79,43,38,57,175,12,20,34,169,79,43,25,151,79,129,107,30,15,59,163,113,70,131,97,92,51,74,61,56,140,130,75,88,84,13,69,61,13,15,0,141,25,8,15,16,169,164,20,7,56,23,21,166,68,45,167,113,95,52,151,109,34,17,45,35,16,11,61,60,173,140,49,21,17,150,97,14,168,162,133,126,112,96,23,19,158,63,29,25,41,22,17,148,82,32,160,115,38,170,151,175,99,167,142,81,27,47,24,86,76,67,57,51,35,31,177,166,153,64,55,38,115,100,27,27,154,133,95,73,30,134,118,79,51,29,130,93,90,33,104,90,85,78,58,34,31,143,176,113,42,163,37,124,77,35,36,47,46,36,106,85,83,40,103,88,40,160,85,151,123,82,62,53,134,136,114
108,60,62,148,65,61,81,55,56,170,57,148,60,56,83,111,126,87,90,103,69,141,168,60,65,66,106,48,60,110,131,51,53,85,100,164,44,44,118,169,87,158,39,147,39,93,102,127,165,36,68,90,165,158,43,42,136,148,56,136,147,38,36,59,114,132,137,51,109,46,34,36,64,64,72,78,124,136,128,34,151,162,116,149,69,76,158,61,102,132,30,113,97,146,20,72,79,109,21,117,101,16,138,21,26,27,36,41,45,49,65,101,107,87,36,141,158,110,30,64,100,119,14,64,15,35,112,154,82,23,29,71,12,44,49,90,67,80,85,4,12,66,53,57,154,72,80,154,126,141,0,116,149,156,157,28,23,121,134,85,118,162,25,73,96,26,28,46,89,12,33,108,157,97,107,127,147,81,82,34,10,94,159,129,14,47,136,29,24,16,21,33,48,124,155,21,81,117,122,104,157,139,18,63,116,25,33,109,34,21,39,48,33,21,66,129,104,147,64,73,83,93,99,119,124,42,34,27,86,95,116,39,52,144,146,29,29,57,79,134,30,39,73,103,143,33,60,63,130,52,64,69,75,97,130,145,31,45,46,119,38,130,40,80,147,152,116,118,144,55,73,76,130,58,72,158,40,75,39,46,79,101,113,42,43,54
64,143,110,61,159,150,80,127,119,71,112,58,154,111,73,55,52,68,66,57,84,52,67,158,88,86,52,133,91,49,47,147,99,63,52,62,126,125,45,64,56,54,126,47,115,49,43,37,58,118,68,49,58,52,147,145,38,44,78,37,43,141,137,74,33,34,36,81,33,154,105,102,67,66,58,53,29,34,29,99,43,52,26,40,58,51,47,65,29,27,98,23,29,35,111,51,43,21,127,18,23,113,26,103,96,94,84,79,76,71,55,22,18,33,151,27,43,14,144,54,20,11,126,54,104,82,10,39,35,138,88,46,106,72,67,27,49,36,31,115,105,50,63,59,38,44,36,38,10,25,116,0,33,40,41,144,139,5,18,31,3,46,141,43,20,142,88,70,27,126,84,10,41,20,11,13,32,36,35,148,115,25,44,17,125,72,22,143,137,108,101,87,71,15,40,133,39,14,15,20,43,27,123,58,17,135,90,20,145,126,150,75,143,117,57,25,27,37,62,53,44,35,31,24,25,152,141,128,42,35,25,91,76,37,38,129,108,71,50,31,110,93,56,33,37,105,69,67,31,80,66,62,56,38,32,40,118,151,89,32,138,34,100,56,43,47,35,35,42,82,63,61,37,80,65,53,135,64,127,99,61,45,40,110,112,91
83,174,139,59,190,181,106,157,149,56,142,55,186,141,99,73,62,93,91,78,113,53,51,189,117,115,72,164,120,67,53,179,129,89,75,46,157,156,59,45,82,40,158,40,147,74,65,46,39,149,98,75,38,35,179,177,38,34,109,37,34,173,169,105,51,38,36,112,55,186,137,133,98,97,88,82,40,33,37,131,27,29,44,26,89,81,26,96,55,30,131,44,58,20,143,82,74,46,160,38,52,146,20,136,129,127,117,112,108,103,87,51,46,65,183,16,15,42,177,87,51,33,159,87,137,115,38,10,67,171,121,78,139,105,100,59,82,69,64,148,138,83,96,92,6,77,69,5,23,8,149,33,0,7,8,177,172,28,15,64,31,13,174,76,53,175,121,103,60,159,117,41,10,52,43,23,8,69,68,181,148,57,14,23,157,105,18,175,169,141,134,120,104,29,14,166,70,36,31,48,17,19,156,90,38,168,122,45,178,159,183,107,175,149,89,31,53,23,93,84,74,64,58,40,36,185,174,161,72,62,44,123,107,27,26,161,141,103,80,32,142,125,87,57,29,137,100,97,36,111,97,92,85,64,38,31,150,184,120,47,170,40,131,84,35,34,52,50,36,113,92,90,43,110,95,37,167,92,159,130,89,68,58,142,143,121
88,181,145,61,196,188,112,164,155,55,148,57,192,148,105,78,66,99,97,83,119,55,50,196,123,121,78,171,127,72,57,186,136,95,81,45,164,163,64,44,89,40,165,41,154,81,71,51,37,156,104,81,36,35,186,184,42,36,116,41,35,180,176,112,57,43,39,119,61,193,144,140,104,103,95,89,45,37,42,138,28,27,50,28,95,88,25,103,62,35,138,50,64,23,150,89,81,53,167,44,59,153,25,143,136,134,124,119,115,110,94,58,52,71,190,21,13,49,184,94,58,40,166,94,144,122,45,9,74,178,128,85,146,112,107,66,89,76,71,155,145,90,103,99,4,84,76,3,30,15,156,40,7,0,1,184,179,35,22,71,38,6,181,83,60,182,128,110,67,166,124,48,6,59,49,30,12,76,75,188,155,64,10,29,164,112,24,182,176,148,141,127,111,35,13,173,77,42,38,55,15,24,163,97,44,175,129,51,185,166,190,114,182,156,95,36,60,25,100,90,81,70,65,46,42,192,181,168,78,69,50,130,114,30,29,168,147,109,86,37,149,132,93,64,32,144,107,104,41,118,103,99,92,71,42,33,157,191,127,52,177,45,138,91,36,35,57,55,38,120,99,96,48,117,101,37,174,99,166,137,95,74,63,148,150,128
89,182,146,62,197,189,113,164,156,55,149,57,193,149,106,79,67,100,97,84,120,56,50,197,124,122,78,172,128,73,57,187,137,96,82,45,165,164,65,43,89,40,166,42,155,81,72,52,37,157,105,82,36,35,187,185,42,36,117,41,36,181,177,113,58,43,40,120,61,194,145,141,105,104,96,90,46,38,43,139,28,27,51,28,96,89,25,104,63,35,139,51,65,23,151,90,82,53,168,45,59,154,26,144,137,135,125,120,116,111,95,59,53,72,191,21,13,49,185,95,59,41,167,95,145,123,46,9,75,179,129,86,147,113,108,67,90,77,72,156,146,91,104,100,4,85,77,4,31,16,157,41,8,1,0,185,180,36,23,72,39,5,182,84,61,183,129,111,68,167,125,49,6,60,50,31,13,77,76,189,156,65,10,30,165,113,25,183,177,149,142,128,112,36,13,174,78,43,39,56,15,25,164,97,45,176,130,52,186,167,191,115,183,157,96,37,61,26,101,91,82,71,66,47,42,193,182,169,79,70,51,131,115,30,29,169,148,110,87,37,150,133,94,64,33,145,108,105,42,119,104,100,93,72,43,34,158,192,128,53,178,45,139,92,37,35,58,56,39,121,100,97,48,118,102,37,175,100,167,138,96,75,64,149,151,129
133,60,78,174,58,57,104,64,68,197,72,175,54,71,107,137,153,112,114,129,92,168,195,50,87,88,132,52,81,136,158,46,72,110,126,192,52,52,144,196,113,186,47,175,52,120,129,154,193,49,94,117,193,186,35,35,164,176,81,164,174,34,35,84,141,159,164,76,136,32,53,56,90,90,99,104,152,164,156,56,179,190,144,177,96,103,186,88,129,160,53,141,125,174,40,99,107,136,26,145,129,36,166,45,52,53,63,68,72,77,92,129,135,115,15,169,186,138,12,92,128,146,21,92,41,63,140,182,110,10,57,99,39,72,77,118,95,108,113,29,39,94,81,85,182,100,108,182,154,169,28,144,177,184,185,0,5,149,162,113,146,190,4,101,124,4,56,74,117,19,60,136,185,125,135,155,175,109,110,10,30,121,187,157,23,74,163,12,14,39,46,59,75,151,182,18,109,145,150,132,185,167,27,90,144,20,59,137,18,26,20,74,20,35,93,156,131,174,90,100,109,120,126,147,152,25,25,30,113,122,143,62,77,172,174,32,47,82,105,161,47,61,99,130,170,51,86,89,158,76,90,95,101,123,157,172,42,31,68,146,34,157,60,105,174,179,143,145,171,78,98,101,157,81,97,186,40,100,44,65,104,127,139,57,57,75
129,60,75,170,59,57,100,61,66,192,69,170,54,68,103,132,148,107,110,124,87,163,190,51,83,84,128,50,77,132,153,46,69,106,121,187,50,50,139,191,108,181,44,170,49,115,124,149,188,46,89,112,188,181,35,35,159,171,76,159,169,33,34,79,136,155,159,72,131,33,49,52,85,86,94,100,147,159,151,52,174,185,139,172,91,98,181,83,125,155,49,136,120,169,36,94,102,132,23,140,124,32,161,40,47,49,58,63,67,72,87,124,130,110,18,164,181,133,13,87,123,142,17,87,36,58,135,177,105,8,52,94,34,67,72,113,90,103,108,25,34,89,76,80,177,95,103,177,149,164,23,139,172,179,180,5,0,144,157,108,141,185,3,96,119,4,51,69,112,14,55,131,180,120,130,150,170,104,105,13,26,116,182,152,19,69,158,12,12,34,41,54,70,146,177,15,104,140,145,127,180,162,23,86,139,18,54,132,19,23,21,70,20,31,88,151,126,169,85,95,105,115,121,142,147,26,24,27,108,117,138,58,72,167,169,29,43,77,100,156,43,57,94,125,165,47,81,84,153,71,85,90,96,119,152,168,39,32,64,141,32,152,56,101,169,174,138,140,167,74,94,97,152,77,92,181,38,95,42,61,100,122,134,53,53,70
67,148,114,61,164,155,84,132,123,69,117,58,159,116,77,58,53,72,70,61,89,52,64,163,93,90,55,138,95,51,47,152,104,67,56,59,131,130,47,61,60,52,131,45,120,53,46,38,55,123,73,53,54,49,152,150,37,42,83,36,40,146,142,79,35,34,35,86,36,159,110,107,72,71,63,57,30,32,29,104,40,48,28,37,63,55,44,70,33,26,104,25,33,32,116,56,48,24,132,20,28,118,23,108,101,99,89,85,81,76,60,26,22,38,156,24,39,18,149,59,25,12,131,59,109,88,13,34,40,143,93,51,111,77,72,32,54,41,36,120,110,55,68,64,33,49,41,33,5,20,121,5,28,35,36,149,144,0,13,36,3,41,146,48,25,147,93,75,32,131,89,14,36,25,15,8,27,41,40,153,120,29,39,13,129,77,18,147,142,113,106,92,76,12,35,138,43,14,13,23,38,23,128,62,17,140,95,21,150,131,155,79,147,122,61,22,30,33,66,57,48,39,34,23,23,157,146,133,46,38,25,95,80,33,34,134,113,76,54,28,114,98,60,35,33,110,74,71,29,84,70,66,60,41,29,36,123,156,93,32,143,32,104,59,40,43,35,35,39,86,67,64,35,84,69,49,140,67,132,103,64,47,41,115,116,95
74,160,126,59,176,167,94,143,135,62,128,55,172,128,87,64,56,82,79,68,100,51,57,175,104,102,63,150,107,58,48,165,116,77,64,52,143,142,51,53,70,45,144,41,133,63,54,40,47,135,85,63,46,41,165,163,35,36,95,34,35,158,155,91,41,34,33,98,44,172,123,119,84,83,75,69,33,30,30,116,32,38,34,30,75,67,34,82,43,24,116,33,44,24,129,68,60,34,145,26,38,131,17,121,114,112,102,97,93,88,73,38,32,50,169,15,27,28,162,72,37,20,144,72,122,100,24,22,53,156,106,64,124,90,85,45,67,54,49,133,123,68,81,77,20,62,54,20,8,7,134,18,15,22,23,162,157,13,0,49,16,28,159,61,38,160,106,88,45,144,102,26,24,37,28,9,15,54,53,166,133,42,27,11,142,90,11,160,154,126,119,105,89,16,23,151,56,22,18,34,26,16,141,75,25,153,107,31,163,144,168,92,160,134,74,22,40,25,78,69,60,50,44,29,26,170,159,146,57,48,32,108,92,26,27,146,126,88,65,26,127,110,72,44,28,122,86,83,29,96,82,78,71,51,30,30,135,169,106,36,155,33,117,70,34,36,41,40,35,98,78,76,36,96,80,41,153,78,144,115,75,56,47,127,128,107
61,117,86,79,131,123,64,101,93,95,87,77,127,87,58,56,62,55,54,53,64,70,91,129,66,64,51,105,67,50,61,119,74,49,47,87,98,98,52,90,43,80,98,70,88,40,40,53,85,89,47,38,85,78,118,116,59,69,53,59,68,111,108,50,42,55,59,55,38,124,77,73,43,43,37,34,48,57,50,70,70,80,40,68,34,30,76,39,30,51,69,35,24,64,81,26,22,30,97,37,24,83,55,73,66,64,55,50,46,42,28,23,27,16,120,57,74,28,114,26,19,35,96,25,74,52,29,70,10,107,58,17,75,42,37,9,19,9,7,84,74,20,32,28,69,14,6,69,41,56,85,31,64,71,72,113,108,36,49,0,33,77,110,12,11,111,57,39,5,95,53,23,72,13,23,42,62,8,8,117,84,11,74,45,94,41,51,112,106,77,70,56,41,40,70,102,13,33,38,22,72,55,92,28,34,104,59,28,114,96,119,45,112,86,29,47,26,64,34,27,23,23,25,39,43,121,110,98,23,24,36,61,47,62,64,98,78,43,27,52,79,64,32,30,61,75,42,40,50,51,40,36,32,29,50,64,88,121,60,42,108,51,71,35,66,71,42,43,64,55,40,38,52,53,42,77,105,41,97,70,40,38,43,81,83,63
67,146,112,63,161,152,83,129,121,71,115,59,157,114,76,58,54,71,69,60,87,54,67,160,91,88,55,135,93,51,48,150,102,66,55,62,129,128,47,64,59,55,129,48,118,52,45,39,58,120,71,52,57,52,149,147,39,44,81,38,43,143,139,77,35,35,37,84,36,156,108,104,70,69,61,55,31,34,31,101,42,51,28,40,60,53,47,67,32,28,101,25,32,35,113,53,46,24,130,20,26,115,26,105,98,97,87,82,78,73,58,25,21,36,153,27,42,17,147,57,23,13,129,56,107,85,13,38,37,140,90,48,108,74,69,29,51,39,34,117,107,52,65,61,36,46,38,36,9,23,118,3,31,38,39,146,141,3,16,33,0,44,143,45,22,144,90,72,29,128,86,11,39,22,12,10,30,38,37,150,117,26,42,14,126,74,20,144,138,110,103,89,73,12,38,135,40,12,12,20,40,24,125,59,15,137,91,19,147,128,152,76,144,119,58,22,27,34,63,54,45,36,31,22,22,154,143,130,43,35,24,92,77,34,35,130,110,72,51,28,111,95,57,32,34,106,70,68,28,81,67,63,56,38,29,37,120,153,90,30,139,32,101,56,41,44,34,33,40,83,64,61,35,81,66,50,137,64,128,100,61,45,39,112,113,92
94,187,151,65,203,194,118,170,161,57,155,61,199,154,111,84,72,105,103,89,125,60,52,203,129,127,84,177,133,78,62,192,142,102,87,47,170,169,70,45,95,43,171,46,160,87,78,57,39,163,111,88,38,38,192,190,47,40,122,46,40,186,182,118,63,48,45,125,67,200,150,147,111,110,101,95,51,42,48,144,32,29,56,32,102,94,28,109,68,41,144,56,71,28,156,95,88,59,173,50,65,159,31,149,142,140,130,125,121,116,100,64,59,78,197,27,16,55,190,100,64,46,172,100,150,128,51,14,81,184,134,91,152,118,113,72,95,82,77,161,151,96,109,105,9,90,82,9,36,21,162,46,13,6,5,190,185,41,28,77,44,0,187,89,66,188,134,116,73,172,130,54,6,65,55,35,16,81,80,194,161,69,9,34,170,117,29,188,182,153,146,132,117,41,14,178,83,48,43,60,14,28,169,102,49,181,135,56,191,172,196,119,188,162,101,40,65,27,105,96,86,75,70,50,46,197,186,174,83,74,54,135,119,31,30,174,153,115,91,40,154,137,98,68,34,149,112,109,44,123,109,104,97,75,46,34,163,196,132,56,183,48,144,96,37,35,61,59,40,125,104,101,50,122,106,36,180,103,171,142,100,78,67,154,155,133
132,62,78,172,60,59,103,64,68,195,71,173,56,71,105,135,150,110,113,127,90,166,192,53,86,87,130,53,80,134,156,48,72,108,124,189,52,53,142,194,111,183,47,172,52,117,126,151,190,49,92,115,190,183,37,37,161,173,79,161,172,35,36,82,138,157,162,74,133,34,52,55,87,88,97,102,149,161,153,55,177,187,141,174,93,101,183,85,127,157,51,138,122,172,39,97,104,134,26,143,127,35,163,43,49,51,61,66,69,74,90,126,132,112,18,166,183,135,14,89,125,144,20,89,39,60,138,179,108,10,54,97,36,70,75,115,92,105,110,27,37,91,78,82,179,97,105,179,151,166,25,141,174,181,182,4,3,146,159,110,143,187,0,98,121,1,53,71,114,15,57,133,182,122,132,152,172,106,107,10,27,118,184,154,19,71,160,10,11,35,42,56,72,148,179,14,106,141,146,129,181,164,24,87,141,17,55,134,16,23,19,71,18,32,90,153,128,171,87,96,106,117,123,144,148,24,22,27,109,119,140,59,74,169,171,28,43,79,102,158,43,58,95,126,167,48,82,85,154,72,86,91,98,120,153,169,39,30,65,143,31,154,56,102,171,176,140,142,168,75,95,98,154,78,93,182,37,97,41,62,101,123,136,53,53,71
65,107,79,88,121,113,61,92,85,105,79,86,116,78,56,60,69,54,54,57,59,79,102,119,60,58,56,95,60,56,70,108,66,48,51,98,89,88,59,101,43,91,88,81,78,43,46,62,97,79,42,40,96,89,107,105,70,80,46,69,79,100,97,42,50,65,69,47,46,113,67,63,37,37,34,32,58,68,61,60,82,92,49,79,29,28,88,32,37,63,59,45,32,76,70,22,22,40,86,48,34,72,67,62,55,53,44,39,36,32,21,32,38,21,108,69,86,39,102,17,30,47,84,16,62,41,41,82,14,96,46,10,64,30,26,19,10,11,14,72,62,10,21,17,81,5,9,81,53,68,73,43,76,83,84,101,96,48,61,12,45,89,98,0,23,99,45,27,16,83,41,35,84,24,34,54,74,10,11,105,72,21,86,57,81,29,63,100,94,65,58,44,29,51,82,90,13,44,49,32,84,66,80,18,44,92,47,38,102,84,107,34,100,74,21,57,34,75,25,21,22,27,31,49,53,109,98,86,24,29,46,50,36,73,75,86,66,33,24,63,68,52,26,36,72,64,33,31,60,41,31,29,27,33,59,74,76,109,49,51,96,61,60,31,77,81,50,51,74,45,34,34,62,44,36,88,94,36,86,60,36,41,49,70,72,54
62,127,95,73,141,133,70,110,103,87,97,71,137,96,63,55,58,60,58,54,72,64,83,140,74,72,51,115,76,49,56,129,83,54,49,78,109,108,49,81,47,71,108,62,98,42,40,47,76,100,54,41,76,69,128,127,52,61,62,51,59,122,118,59,37,47,51,65,35,135,87,84,52,51,45,40,41,49,42,81,61,71,34,59,43,37,66,48,27,43,80,29,23,54,92,35,29,25,108,29,20,94,45,84,77,75,66,61,57,52,38,18,21,20,131,47,63,20,125,36,14,26,107,35,85,63,20,59,18,118,69,27,86,53,48,11,30,18,14,95,85,31,43,39,58,25,17,58,30,45,96,20,53,60,61,124,119,25,38,11,22,66,121,23,0,122,68,50,7,106,64,12,61,4,12,31,51,16,15,128,95,8,63,34,104,52,40,122,116,88,81,67,51,29,59,113,19,23,27,14,61,44,103,38,24,115,70,19,125,106,130,55,122,97,38,36,21,53,43,34,27,22,21,30,33,132,121,108,26,22,28,71,56,51,53,109,88,52,33,42,90,73,38,25,51,85,50,48,40,60,47,43,38,27,40,53,98,131,69,35,118,42,80,39,56,61,35,36,54,63,46,44,44,61,48,67,115,47,107,80,45,36,37,91,92,72
133,63,79,173,61,60,104,65,70,196,73,174,57,72,107,136,152,112,114,128,92,167,194,54,87,88,132,54,81,136,157,49,73,110,125,190,54,54,143,195,112,184,48,173,53,119,128,153,191,50,93,116,191,184,38,38,163,174,80,162,173,36,37,83,140,158,163,76,135,35,53,56,89,90,98,103,151,162,154,56,178,189,142,176,95,102,184,87,128,158,53,139,123,173,40,98,106,135,27,144,128,36,164,44,51,53,62,67,71,75,91,127,133,113,19,167,184,136,15,90,126,145,21,90,40,61,139,180,109,12,55,98,37,71,76,116,93,106,111,28,38,92,79,83,180,98,106,180,152,167,26,142,175,182,183,4,4,147,160,111,144,188,1,99,122,0,54,72,115,16,58,134,183,123,133,153,173,107,108,8,28,119,185,155,20,71,161,9,11,36,43,57,73,149,180,14,106,142,147,129,182,164,24,88,142,16,56,135,15,23,17,72,17,32,91,154,128,172,87,97,107,118,124,144,149,22,21,26,110,120,141,59,74,169,171,28,44,79,103,159,43,58,96,127,168,48,83,86,155,73,87,92,98,121,154,170,39,29,65,144,30,155,57,102,172,177,140,142,169,75,96,98,154,78,94,183,36,97,41,62,101,124,137,53,53,71
90,76,63,125,86,80,68,65,62,146,60,125,81,59,68,90,104,71,72,84,59,118,143,82,56,56,85,63,52,88,108,72,50,67,79,139,57,57,95,143,67,133,54,122,48,71,79,102,139,48,51,69,139,132,67,66,111,122,42,111,121,61,58,43,89,107,111,38,84,72,37,36,45,45,52,56,99,110,102,33,125,136,90,123,47,53,131,40,77,106,28,87,72,120,32,48,55,83,44,91,75,32,111,24,21,21,21,22,24,28,40,75,81,61,65,113,130,83,58,38,73,91,41,38,21,15,85,127,56,51,12,45,21,19,24,63,40,53,58,28,19,39,26,30,126,45,52,126,98,113,28,88,121,128,129,56,51,93,106,57,90,134,53,45,68,54,0,18,61,38,4,80,129,69,79,99,119,53,54,60,27,65,131,101,37,18,107,55,49,21,14,8,20,95,126,45,53,88,93,76,128,111,36,35,88,48,13,81,58,40,63,22,55,31,38,100,75,118,36,45,54,65,71,91,96,65,55,43,58,67,87,21,27,116,118,44,28,31,51,105,29,23,45,75,114,27,35,37,102,29,38,42,48,69,101,117,37,66,27,91,54,102,30,53,119,123,88,90,116,34,48,50,102,36,47,130,53,50,47,34,53,73,85,38,39,37
78,88,67,110,100,92,62,74,69,130,65,109,95,64,60,77,89,61,63,71,55,102,127,97,54,53,72,75,52,74,92,86,53,56,66,123,69,68,80,126,55,116,67,106,58,58,65,86,122,59,43,55,122,115,83,81,94,105,38,94,104,77,73,37,73,90,95,36,68,88,47,44,36,37,40,43,82,93,86,41,108,118,74,106,35,40,114,31,60,89,37,70,55,102,46,33,39,66,61,74,58,47,93,38,32,30,24,22,20,20,26,58,63,44,82,96,112,65,76,23,55,74,58,23,37,18,67,109,38,69,22,28,38,11,11,45,23,35,40,46,36,22,11,14,108,27,35,108,80,95,46,70,103,110,111,74,69,75,88,39,72,116,71,27,50,72,18,0,43,56,14,62,111,51,61,81,101,35,36,78,45,47,113,83,54,7,89,72,66,38,31,18,8,77,108,63,35,71,76,58,110,93,53,19,70,65,22,63,75,57,80,15,73,48,23,83,58,101,23,30,38,48,53,73,78,82,72,59,41,50,70,27,21,98,100,60,41,22,36,88,43,30,31,58,97,39,25,26,84,25,27,30,34,52,84,99,51,83,30,74,70,85,38,39,101,106,72,73,99,31,36,37,85,32,36,113,68,38,61,40,41,58,69,48,50,38
64,122,91,79,136,128,68,106,98,94,92,77,131,92,62,58,63,59,58,56,69,70,90,134,71,69,53,110,72,52,61,124,79,53,50,85,103,102,53,88,47,78,103,69,93,43,42,53,83,94,51,41,83,76,122,120,58,67,58,57,66,116,112,54,42,54,57,60,39,129,82,78,48,47,42,38,47,56,49,75,68,78,39,66,39,34,73,44,31,50,74,35,26,61,85,31,27,30,102,35,25,88,52,78,71,69,59,55,51,47,33,23,26,19,124,54,70,26,118,31,19,33,100,30,78,57,27,66,15,112,62,22,80,46,41,11,24,13,11,88,79,25,37,33,65,18,11,65,37,52,89,27,60,67,68,117,112,32,45,5,29,73,114,16,7,115,61,43,0,99,57,19,68,8,18,38,58,9,8,121,88,6,70,40,97,45,47,115,109,80,73,60,44,35,65,105,13,28,33,17,68,50,96,30,29,108,62,23,118,99,123,47,115,89,31,42,22,59,36,28,21,19,20,34,38,125,114,101,21,20,31,64,49,57,59,101,81,45,27,47,82,66,32,25,56,78,43,41,45,53,41,37,32,25,45,59,91,124,62,37,111,46,73,34,61,66,37,38,59,56,40,38,48,54,42,72,108,41,100,72,39,34,38,84,85,65
120,64,72,159,67,63,93,62,65,182,66,160,62,65,95,123,138,99,102,115,81,153,179,60,76,77,118,53,71,122,143,53,64,97,111,176,51,51,129,180,98,169,45,159,47,105,113,138,176,44,80,102,176,169,43,43,148,159,67,147,158,40,39,70,125,143,148,63,120,44,44,46,75,76,84,89,136,147,139,45,162,173,127,160,80,88,169,72,113,143,41,124,108,157,30,83,91,120,24,128,112,26,149,32,37,39,48,52,56,61,76,112,118,98,31,151,168,120,25,75,110,129,16,75,27,46,123,165,93,18,40,82,23,55,60,101,78,91,96,15,23,77,64,68,164,82,90,164,136,151,12,126,159,166,167,19,14,131,144,95,128,172,15,83,106,16,38,56,99,0,42,118,167,107,117,137,157,91,92,22,12,103,169,139,6,55,145,17,12,20,27,41,56,133,164,10,90,126,131,113,166,148,12,72,125,14,40,119,22,13,27,56,21,19,75,138,112,156,71,81,91,102,108,128,133,31,23,19,94,104,124,44,59,153,155,21,30,64,87,143,30,43,80,111,152,34,67,70,139,57,71,76,83,105,138,154,28,34,50,128,28,139,43,87,156,160,124,126,153,60,80,83,138,63,78,167,32,82,33,48,86,108,121,41,41,57
88,79,65,122,90,83,68,68,65,143,62,122,85,61,67,88,101,69,71,81,58,115,140,86,56,56,83,66,52,86,105,76,51,65,76,136,60,60,92,140,64,129,58,119,51,69,76,99,136,50,49,66,136,129,71,70,108,119,41,107,118,65,62,42,86,103,108,38,81,76,40,38,43,44,50,53,96,107,99,35,122,132,87,119,45,51,128,38,73,102,30,84,68,116,35,45,51,79,48,87,72,36,107,28,24,23,21,22,23,26,37,71,77,58,69,110,126,79,62,35,69,88,45,35,25,15,81,123,52,56,14,41,25,17,21,59,37,49,54,33,23,35,23,27,122,41,49,122,94,109,33,84,117,124,125,60,55,89,102,53,86,130,57,41,64,58,4,14,57,42,0,76,125,65,75,95,115,49,50,64,31,61,127,97,40,14,103,58,52,24,17,7,16,91,122,49,49,84,89,72,124,106,40,31,84,51,13,77,61,43,66,18,59,34,34,96,71,114,32,41,50,61,66,87,92,69,58,46,53,63,83,20,24,112,114,47,30,28,47,101,31,23,41,71,110,29,31,33,98,26,35,38,44,65,97,113,39,69,26,87,57,98,30,49,114,119,84,86,112,32,44,46,98,34,43,126,56,46,50,34,50,69,81,39,40,35
67,139,106,70,154,145,79,122,115,81,108,67,149,108,72,59,58,68,66,60,82,61,76,152,85,83,56,128,87,53,54,142,95,62,54,71,121,120,50,74,55,64,121,56,110,50,45,45,68,112,65,49,68,62,141,139,47,54,74,46,52,134,131,70,38,43,45,77,37,147,100,96,63,62,55,50,37,43,38,93,53,62,32,50,54,48,57,60,31,36,92,28,29,45,104,46,40,25,120,25,24,106,36,96,89,88,78,73,69,65,50,22,21,30,143,37,53,18,137,48,19,20,119,48,97,76,16,48,30,131,81,39,99,65,60,22,42,30,25,107,98,43,56,52,47,37,29,47,19,34,108,10,41,48,49,136,131,14,26,23,11,54,133,35,12,134,80,62,19,118,76,0,49,11,1,19,39,27,26,140,107,16,51,22,116,63,28,134,128,99,92,78,62,17,47,124,29,11,15,10,49,32,115,48,13,127,81,12,137,118,142,66,134,108,47,25,18,41,52,43,34,25,22,20,23,143,132,120,32,25,20,81,66,39,41,120,99,62,40,31,100,84,47,24,39,96,60,57,30,70,56,52,46,29,30,42,109,142,79,27,129,32,90,46,45,49,29,29,43,72,53,51,34,70,55,55,126,54,118,89,51,36,33,101,102,81
93,184,148,67,199,190,116,167,158,61,151,63,195,151,109,83,72,103,101,88,123,61,56,199,127,124,82,173,130,77,62,188,139,99,85,51,167,166,69,49,92,46,167,47,156,84,75,56,43,159,108,85,42,41,188,186,47,42,119,46,41,182,178,114,61,48,45,122,65,195,146,143,107,106,98,92,50,42,47,140,34,33,54,34,98,90,31,105,65,40,140,54,67,29,152,91,84,56,169,48,61,155,30,145,138,136,126,121,117,112,96,61,55,74,192,25,19,51,186,96,60,43,168,95,146,124,47,15,76,179,130,87,147,114,109,68,91,78,73,156,146,92,104,100,9,85,77,9,32,17,157,41,10,6,6,185,180,36,24,72,39,6,182,84,61,183,129,111,68,167,125,49,0,60,50,30,10,76,75,189,156,64,4,28,165,112,23,183,177,148,141,127,111,35,8,173,77,42,37,55,9,21,163,97,43,175,130,50,185,167,191,114,183,157,95,34,59,21,100,90,80,69,64,44,39,192,181,168,77,68,48,130,114,25,24,168,148,109,86,33,149,132,93,62,28,144,107,104,38,117,103,98,91,69,39,28,157,191,127,49,177,41,138,89,31,29,54,53,34,119,98,95,44,116,100,31,174,97,165,136,94,72,61,148,149,127
66,129,98,76,144,136,74,113,106,89,100,73,140,99,67,59,62,64,62,58,75,67,85,142,78,76,55,118,79,53,59,132,86,58,53,80,111,110,52,83,51,73,111,64,101,47,44,50,78,102,58,45,77,71,131,129,54,62,66,53,61,124,120,62,41,50,53,68,39,137,90,86,55,54,48,44,43,51,45,83,62,72,37,60,46,41,67,51,31,45,82,32,27,55,94,38,33,28,110,31,24,96,46,86,79,77,68,63,59,55,40,22,24,24,133,47,63,22,126,38,18,28,108,38,86,65,22,59,21,120,70,30,88,55,50,15,32,21,17,97,87,33,45,41,58,27,19,58,30,45,97,20,52,59,60,125,120,25,37,13,22,65,122,24,4,123,69,51,8,107,65,11,60,0,10,30,50,16,15,129,96,5,62,32,105,52,38,123,117,88,81,67,51,27,57,113,18,20,25,10,60,42,103,37,21,116,70,16,126,107,131,55,123,97,37,34,16,51,42,33,25,18,17,26,30,132,121,109,23,19,24,71,55,49,51,109,88,51,30,39,89,73,37,21,48,85,49,47,37,60,46,42,36,24,37,51,98,131,69,31,118,39,80,37,53,58,31,32,51,62,44,42,40,60,46,64,115,45,107,79,43,32,33,90,92,71
68,138,106,71,153,144,79,122,114,82,108,68,149,107,72,60,60,68,67,60,82,62,78,152,85,83,56,127,87,53,55,141,95,63,55,73,120,119,51,75,56,66,120,58,110,50,46,46,70,112,65,49,69,63,140,138,48,55,74,47,54,134,130,70,39,44,47,76,38,147,99,95,63,62,55,50,39,44,39,92,54,63,34,52,54,47,59,60,32,38,92,29,30,47,103,46,40,26,120,27,25,106,38,96,89,87,77,72,69,64,49,23,22,30,142,39,54,19,136,48,20,21,118,47,96,75,17,50,29,130,80,39,98,64,59,21,42,30,25,107,97,42,55,51,48,36,28,48,21,35,107,11,43,49,50,135,130,15,28,23,12,55,132,34,12,133,79,61,18,117,75,1,50,10,0,20,40,26,25,139,106,14,52,22,115,62,28,133,127,98,91,77,61,17,47,123,28,11,16,9,50,32,113,47,13,125,80,11,136,117,141,64,133,107,46,25,17,41,51,42,33,24,20,20,23,142,131,118,31,23,19,80,65,40,42,119,98,60,39,31,99,83,45,22,39,95,58,56,30,69,55,51,44,27,30,42,108,141,78,26,128,32,89,44,45,49,28,29,43,71,52,49,34,69,54,56,125,52,116,88,50,35,32,100,101,80
75,156,123,66,171,163,93,140,132,71,125,62,167,124,86,66,60,81,79,69,97,57,66,170,101,99,64,145,104,59,53,160,112,76,64,61,139,138,54,62,69,54,139,48,128,62,54,44,56,130,81,62,55,50,159,157,41,44,91,40,43,153,149,87,43,39,39,94,44,166,118,114,80,79,71,66,36,36,35,111,40,47,36,39,71,64,43,77,42,30,111,33,42,32,123,64,56,33,139,27,36,125,25,115,108,106,97,92,88,83,68,35,30,46,162,24,36,26,156,66,33,20,138,66,116,94,22,31,47,150,100,58,118,84,79,39,61,49,44,126,117,62,75,71,29,56,48,28,8,16,127,13,23,30,31,155,150,8,9,42,10,35,152,54,31,153,99,81,38,137,95,19,30,30,20,0,20,46,45,159,126,34,32,4,135,82,9,153,147,118,111,97,81,7,28,143,48,13,9,25,30,14,133,67,16,145,100,22,155,137,161,84,153,127,66,15,31,24,70,60,51,41,35,20,18,162,151,138,48,39,23,100,84,24,25,138,118,80,57,20,119,102,64,35,25,114,77,74,22,88,74,69,62,42,23,27,127,161,97,28,147,26,108,61,31,34,32,31,31,90,69,67,29,87,72,40,144,69,136,107,66,47,38,119,120,98
87,175,140,67,190,182,109,158,150,65,143,63,186,143,102,77,68,96,94,82,115,60,59,190,119,116,76,164,122,72,59,179,130,92,79,54,158,157,64,53,85,48,158,47,147,77,69,52,47,150,99,78,46,44,179,177,45,42,110,44,41,173,169,106,55,44,42,113,58,186,137,134,99,98,89,84,45,40,42,131,35,37,48,34,89,82,34,96,58,35,130,47,59,28,143,83,75,48,159,40,53,145,26,135,128,126,116,111,107,103,87,52,47,65,182,22,23,43,176,86,52,35,158,86,136,114,39,18,67,170,120,77,138,104,99,59,81,68,63,146,137,82,95,91,13,76,68,12,23,11,147,32,8,12,13,175,170,27,15,62,30,16,172,74,51,173,119,101,58,157,115,39,10,50,40,20,0,66,65,179,146,54,12,18,155,102,13,173,167,138,131,117,101,25,9,163,67,32,27,45,11,12,153,86,33,165,119,40,175,156,180,104,172,147,85,24,48,15,89,80,70,59,53,34,30,182,171,158,67,58,38,119,104,19,18,158,137,99,75,25,138,122,82,52,21,134,96,93,29,107,93,88,81,59,30,23,147,181,116,40,167,33,128,79,26,26,45,43,28,109,88,85,36,106,90,30,164,87,155,126,84,62,51,138,139,117
69,117,89,87,131,123,69,102,95,102,89,85,126,88,63,63,70,61,60,61,68,78,99,129,69,67,59,105,70,58,69,118,76,55,55,94,98,98,60,97,49,87,98,78,88,47,48,61,92,89,51,45,92,85,116,114,67,76,55,66,75,110,106,52,50,62,66,57,46,122,77,73,46,46,42,39,55,64,57,70,77,87,47,75,38,35,82,41,38,59,68,43,32,70,79,30,28,38,95,44,32,81,61,71,65,63,54,49,46,42,30,31,35,24,117,63,79,35,111,27,27,42,93,26,71,50,36,75,17,104,55,19,73,40,35,17,20,14,15,81,71,20,30,27,74,14,11,74,46,61,81,36,69,76,77,109,104,41,54,8,38,81,106,10,16,107,53,35,9,91,49,27,76,16,26,46,66,0,1,113,80,12,78,48,89,36,54,107,101,72,65,51,35,42,73,97,5,35,40,23,75,57,87,22,35,99,54,28,109,91,115,39,107,81,22,48,24,66,27,19,15,17,21,39,44,116,105,92,16,19,36,55,40,63,65,93,72,36,19,53,73,57,24,26,62,69,34,32,50,44,32,28,24,24,50,65,82,115,53,41,102,51,64,27,67,72,40,41,64,47,32,30,52,46,34,78,99,33,91,64,32,32,39,75,76,56
69,118,89,86,132,123,69,102,96,102,90,84,127,89,63,63,69,61,61,61,68,77,98,130,70,68,58,106,70,58,69,119,76,55,54,93,99,98,59,96,49,86,98,77,89,47,48,60,91,90,51,45,91,84,117,115,66,75,56,65,74,111,107,53,49,62,65,57,46,123,78,74,47,46,42,39,54,64,57,71,76,86,47,74,38,35,81,42,37,58,69,42,32,69,80,31,28,38,96,43,32,82,60,72,66,64,55,50,47,42,31,30,34,23,118,62,78,34,112,28,26,41,94,27,72,51,35,74,17,105,56,19,74,41,36,17,21,14,14,82,72,21,31,28,73,15,11,73,45,60,82,35,68,75,76,110,105,40,53,8,37,80,107,11,15,108,54,36,8,92,50,26,75,15,25,45,65,1,0,114,81,11,77,47,90,37,53,108,102,73,66,52,36,41,72,98,5,34,39,22,74,56,88,22,34,100,55,28,110,92,116,40,108,82,22,47,24,65,27,20,15,17,21,38,43,117,106,93,16,19,35,56,41,62,64,94,73,37,20,52,74,58,24,25,61,70,35,33,49,45,33,29,25,23,49,64,83,116,54,40,103,50,65,27,66,71,39,40,64,48,32,31,51,46,34,77,100,34,92,64,33,32,38,76,77,57
141,70,87,181,67,67,112,73,78,204,81,182,63,80,115,144,160,120,122,136,100,175,201,59,95,96,140,62,90,143,165,56,81,118,133,198,62,62,151,202,120,192,56,181,62,126,135,160,199,58,101,124,198,191,44,45,170,181,88,170,180,43,45,91,147,165,170,84,142,40,62,65,97,98,106,111,158,170,162,65,185,196,149,183,102,110,191,94,135,165,61,147,130,180,49,105,113,142,36,151,135,44,171,52,59,60,70,74,78,83,98,134,140,120,23,174,190,143,21,97,133,151,30,97,48,69,145,187,115,20,62,104,45,78,83,123,100,113,118,36,45,99,86,90,186,105,113,186,158,173,34,148,181,188,189,10,13,153,166,117,150,194,10,105,128,8,60,78,121,22,64,140,189,129,139,159,179,113,114,0,33,125,191,161,24,77,167,7,12,41,48,62,78,155,186,16,112,148,153,135,188,170,27,93,147,16,61,140,10,25,10,77,13,35,96,159,134,177,92,102,112,123,129,150,155,15,17,27,115,125,146,63,79,175,177,28,46,84,107,164,46,62,101,132,173,51,87,90,160,77,91,96,103,126,159,175,40,22,69,149,27,160,59,107,177,182,145,147,174,78,99,102,159,82,98,188,33,101,40,64,105,128,141,54,54,74
113,70,71,151,75,70,88,65,66,173,66,151,70,65,89,115,130,93,95,108,76,144,170,69,72,73,110,58,67,114,134,60,61,90,104,166,54,54,121,170,91,160,49,149,48,97,105,129,167,46,73,94,166,159,52,51,138,150,62,138,148,47,46,64,116,134,139,57,111,54,42,44,68,69,76,81,126,138,130,42,153,163,118,150,72,79,159,65,104,133,37,115,99,147,30,74,81,110,30,118,103,26,138,28,32,33,41,45,48,52,67,102,108,88,42,141,158,110,36,65,100,119,23,65,22,38,113,154,83,29,32,72,18,46,51,90,68,80,85,14,17,66,54,57,154,72,80,153,125,140,10,115,148,155,156,30,26,120,133,84,117,161,27,72,95,28,27,45,88,12,31,107,156,96,106,126,146,80,81,33,0,92,158,128,9,44,134,27,21,9,15,29,45,122,153,17,79,115,120,102,155,137,10,60,114,21,28,107,30,13,35,44,28,11,63,127,101,145,60,69,79,90,96,117,122,38,28,19,82,92,113,32,47,142,144,20,20,52,75,131,20,32,68,100,140,24,55,58,127,46,59,64,71,93,127,142,21,40,39,116,30,127,32,75,144,149,113,115,141,49,68,71,127,52,67,155,32,70,30,38,74,96,109,32,33,46
69,128,98,80,142,133,74,112,105,94,99,78,137,98,68,62,66,65,64,61,75,72,90,140,77,75,58,116,78,56,64,129,85,59,55,85,109,108,56,88,52,78,109,69,98,49,47,55,83,100,58,47,82,76,128,126,59,67,64,58,66,121,118,61,45,55,58,66,42,134,88,84,54,54,48,44,48,56,50,81,67,77,41,65,45,41,72,50,35,50,80,37,30,60,91,38,33,32,107,36,28,93,51,83,76,74,65,60,57,52,39,26,28,25,129,52,68,27,123,37,22,33,105,36,83,62,27,64,21,116,67,28,85,52,47,16,30,20,17,93,83,30,42,38,62,24,18,62,35,49,94,25,57,64,65,121,116,29,42,11,26,69,118,21,8,119,65,47,6,103,61,16,64,5,14,34,54,12,11,125,92,0,66,36,101,48,42,119,113,84,77,63,47,30,61,109,14,23,28,11,63,45,99,33,23,111,65,17,121,102,126,50,119,93,32,36,15,54,37,28,20,14,14,28,32,128,117,104,19,15,25,66,51,52,53,104,84,46,25,42,85,68,32,19,50,80,44,42,39,55,41,37,31,20,39,53,93,127,64,31,113,40,75,32,55,60,31,32,53,57,39,37,41,55,41,67,111,40,102,74,38,29,32,85,87,66
97,187,152,72,202,194,120,170,162,65,155,67,198,154,113,87,76,107,105,92,126,66,60,202,130,128,86,176,133,81,67,191,142,103,89,55,170,169,74,53,96,50,170,52,159,88,79,60,47,162,111,89,46,45,191,189,52,46,122,51,46,185,181,118,65,52,49,125,69,198,149,146,110,110,101,95,54,47,51,143,38,37,58,38,101,94,35,108,69,44,143,58,71,33,155,95,87,60,171,51,65,157,34,147,140,138,128,124,120,115,99,64,59,77,194,30,23,55,188,98,64,46,170,98,148,126,51,20,79,182,132,90,150,116,111,71,93,80,76,159,149,94,107,103,14,88,80,13,35,21,159,44,14,10,10,187,182,39,27,74,42,9,184,86,63,185,131,113,70,169,127,51,4,62,52,32,12,78,77,191,158,66,0,30,167,114,24,185,179,150,143,129,113,36,6,175,79,43,38,56,6,22,165,98,45,177,131,52,187,168,192,115,184,158,97,34,59,19,101,91,81,70,65,44,40,194,183,170,78,69,48,131,115,23,22,170,149,110,87,33,150,133,94,63,26,145,108,105,37,119,104,99,92,70,39,26,158,192,128,49,178,40,139,90,29,26,54,52,31,120,98,96,43,117,101,27,175,98,167,137,95,72,60,149,150,128
80,160,126,69,175,166,97,143,135,73,129,66,170,128,90,70,65,85,83,73,101,61,68,174,105,103,68,149,107,64,57,163,115,80,69,63,142,141,59,64,73,56,142,52,131,66,59,49,58,134,85,66,57,52,162,160,45,47,95,44,46,156,152,91,47,43,43,98,49,169,121,117,84,83,75,70,41,40,39,114,43,49,40,41,74,67,45,81,46,34,114,38,46,35,126,67,60,37,142,32,40,128,28,118,111,109,99,95,91,86,71,39,35,50,165,26,37,30,159,70,37,25,141,69,119,97,26,32,51,152,103,61,120,87,82,43,64,52,47,129,119,65,77,73,29,58,51,28,12,17,129,17,23,29,30,157,152,13,11,45,14,34,154,57,34,155,101,83,40,139,97,22,28,32,22,4,18,48,47,161,128,36,30,0,137,84,6,155,149,120,113,99,83,6,25,145,49,13,9,26,27,10,135,68,15,147,101,22,157,138,162,85,154,128,67,11,30,20,71,61,52,41,35,18,15,164,153,140,49,40,21,101,85,20,21,140,119,81,57,16,120,103,64,34,20,115,78,75,18,89,74,70,63,42,19,23,129,162,98,25,149,22,109,61,27,30,30,29,26,91,70,67,25,88,72,36,146,69,137,108,66,46,36,120,121,99
122,70,77,160,73,70,95,68,70,182,71,160,68,70,97,124,139,101,103,117,84,153,179,66,80,80,119,59,74,123,143,59,67,98,113,176,56,56,130,180,100,169,51,158,52,106,114,138,176,49,82,103,176,169,50,49,147,159,70,147,158,46,45,72,125,143,148,65,120,50,48,50,77,77,85,90,135,147,139,49,162,172,127,160,81,88,168,73,113,142,44,124,108,156,34,83,90,119,30,128,112,30,148,35,40,41,49,53,57,61,76,111,117,98,36,150,167,119,30,75,109,128,22,74,29,47,122,163,92,24,41,81,25,55,60,100,77,90,95,18,25,76,63,67,163,81,89,163,135,150,14,125,157,164,165,23,19,129,142,94,126,170,19,81,104,20,37,54,97,6,40,116,165,105,115,135,155,89,90,24,9,101,167,137,0,53,143,18,12,17,24,38,54,131,162,8,88,124,129,111,164,146,5,69,123,12,36,116,21,7,26,53,19,13,72,135,110,153,68,78,88,99,105,126,131,29,20,13,91,101,122,40,55,151,153,15,24,60,83,140,24,38,77,108,149,29,63,66,136,53,67,72,79,102,135,151,21,31,46,125,23,136,37,83,153,158,121,123,150,55,76,79,135,59,74,164,27,77,27,43,82,105,117,35,35,52
85,92,73,115,103,96,69,80,75,134,71,114,98,70,67,83,95,68,69,77,62,107,131,100,61,60,78,79,58,80,97,89,59,63,72,127,73,72,85,130,61,120,71,110,63,64,70,90,126,63,50,61,126,119,85,84,98,109,45,98,108,79,76,44,78,94,98,43,73,90,52,49,43,44,47,49,86,97,89,46,111,121,78,109,42,46,117,38,65,92,42,74,59,105,49,39,45,69,63,77,62,50,96,41,36,35,30,28,27,27,32,61,67,49,83,98,115,68,77,29,59,77,59,28,39,24,70,111,42,70,25,32,39,18,18,48,28,39,43,47,38,26,17,19,110,30,38,110,82,97,47,72,105,112,113,74,69,77,90,41,74,117,71,29,52,71,18,7,45,55,14,63,112,52,62,82,102,36,37,77,44,48,114,84,53,0,90,71,65,36,29,15,1,78,109,61,35,71,76,58,111,93,51,17,70,63,18,63,73,54,78,8,71,45,20,83,57,101,18,27,36,47,52,73,78,80,69,57,39,49,69,21,14,98,100,57,37,16,33,87,38,24,27,56,96,34,19,20,84,18,22,25,30,50,83,99,47,80,23,73,66,84,32,35,100,105,70,72,98,24,31,33,84,25,30,112,64,33,57,34,36,55,67,43,44,31
84,166,132,70,181,172,102,149,141,72,134,66,176,134,95,74,67,90,88,77,107,62,67,180,110,108,72,155,113,68,59,169,121,85,73,61,148,147,62,62,78,55,148,51,137,71,63,51,55,140,91,71,55,51,168,166,46,47,101,45,46,162,158,97,51,45,44,103,53,175,127,123,89,89,81,75,43,41,41,120,41,46,44,40,80,73,43,87,51,35,120,42,51,34,132,73,66,42,148,36,45,134,28,124,117,115,106,101,97,92,77,44,40,55,171,25,33,35,165,76,43,29,147,75,125,103,31,28,57,158,109,67,126,93,88,48,70,58,53,135,125,71,83,79,24,65,57,24,16,14,136,22,18,24,25,163,158,18,11,51,20,29,160,63,40,161,107,89,47,145,103,28,23,38,28,9,13,54,53,167,134,42,24,6,143,90,0,161,155,126,119,105,89,12,19,151,55,19,14,32,21,5,141,74,21,153,107,28,163,144,168,91,160,134,73,13,36,15,77,67,57,47,41,22,18,169,159,146,55,45,26,107,91,16,17,146,125,86,63,16,126,109,70,39,17,121,84,81,19,95,80,75,68,47,20,19,134,168,104,28,154,23,115,67,23,26,33,32,24,96,75,72,26,93,77,31,151,75,143,113,71,50,40,125,126,104
137,72,86,177,70,69,109,74,77,199,80,177,66,79,112,140,155,116,119,132,97,170,196,63,93,94,136,63,87,139,160,58,79,114,129,193,62,62,147,197,116,187,56,176,61,122,131,155,194,57,97,120,193,186,47,47,165,176,85,165,175,45,46,87,142,160,165,80,137,44,59,62,93,93,102,107,153,164,156,62,180,190,144,177,98,105,186,90,130,160,58,141,125,174,46,100,108,137,35,145,130,42,166,49,55,56,65,70,74,78,93,129,135,115,27,168,185,137,24,92,127,146,28,92,44,64,140,181,110,20,58,99,41,73,77,118,95,108,112,32,41,94,81,85,181,99,107,181,153,168,29,143,175,182,183,12,12,147,160,112,144,188,10,100,122,9,55,72,115,17,58,134,183,123,133,153,173,107,108,7,27,119,185,155,18,71,161,0,6,35,42,56,72,149,180,10,106,142,147,129,182,164,20,87,141,9,54,134,6,18,10,70,8,28,89,153,127,171,86,96,106,117,122,143,148,14,12,20,109,119,140,57,72,169,170,21,40,77,101,158,39,55,94,126,167,44,81,84,154,70,85,90,97,119,153,169,33,20,62,142,22,153,52,100,170,175,139,141,167,72,93,96,153,75,91,182,28,94,33,57,98,122,135,47,47,67
132,71,83,171,71,69,105,71,75,193,77,172,67,76,107,135,150,111,114,127,93,165,191,64,88,89,130,61,83,134,155,58,75,109,123,187,60,60,141,191,111,181,54,170,58,117,125,150,188,55,92,114,188,180,48,47,159,171,80,159,169,45,45,82,137,155,159,75,132,46,55,58,87,88,96,101,147,159,151,57,174,184,139,171,92,100,180,85,125,154,53,136,120,168,42,95,102,131,33,139,124,38,160,44,50,51,60,64,68,73,88,123,129,109,30,162,179,131,25,86,121,140,25,86,39,58,134,175,104,20,52,93,36,67,72,112,89,102,107,27,35,88,75,79,175,93,101,175,147,162,24,137,169,176,177,14,12,142,154,106,138,182,11,94,116,11,49,66,109,12,52,128,177,117,127,147,167,101,102,12,21,113,179,149,12,65,155,6,0,29,36,50,66,143,174,4,100,136,141,123,176,158,15,81,135,5,48,128,10,13,15,64,9,22,83,147,121,165,80,90,100,111,117,137,142,18,12,16,103,113,134,51,66,163,165,17,34,71,95,152,34,49,88,120,161,38,75,78,148,64,79,84,91,113,147,163,28,22,56,136,20,147,47,94,164,169,133,135,162,66,87,90,147,69,85,176,26,89,30,52,93,116,129,43,43,62
109,75,72,145,81,76,85,68,68,167,68,145,76,67,86,110,124,89,91,103,74,138,164,75,71,71,105,62,66,108,128,67,61,86,99,160,58,58,115,164,86,153,54,143,51,92,99,123,160,49,69,89,160,153,59,58,132,143,58,131,142,54,52,60,110,127,132,54,105,62,43,44,64,64,71,76,120,131,123,42,146,156,111,143,67,74,152,60,97,126,37,108,92,140,32,68,75,103,36,111,96,29,131,28,30,31,37,40,43,47,61,95,101,82,50,134,150,103,44,59,93,112,30,59,22,33,105,147,76,37,28,65,19,40,44,83,61,73,78,19,17,59,47,51,146,65,73,146,118,133,16,108,141,148,149,39,34,113,126,77,110,153,35,65,88,36,21,38,80,20,24,99,148,88,98,118,138,72,73,41,9,84,150,120,17,36,126,35,29,0,7,21,37,114,145,25,71,107,112,94,147,129,16,52,106,27,20,99,37,19,43,36,35,11,55,118,93,136,51,61,71,82,88,109,114,45,34,22,74,84,105,24,38,134,136,24,14,43,66,123,15,23,60,91,132,17,47,50,119,37,51,56,62,85,118,134,19,45,31,108,34,119,25,66,136,141,104,106,133,40,60,62,118,43,58,147,34,61,30,31,65,88,100,27,28,38
104,77,71,139,85,79,81,69,68,160,67,139,80,66,81,105,118,84,86,98,71,132,157,80,68,68,100,65,63,103,122,70,59,81,93,153,60,59,109,157,81,147,56,136,52,86,93,116,153,50,65,83,153,146,64,62,125,136,54,125,135,58,56,56,103,121,125,51,98,67,43,43,59,59,66,70,113,124,116,40,139,149,105,137,61,68,145,54,91,120,35,101,86,133,33,62,69,96,40,105,89,31,124,28,28,29,33,36,38,42,55,89,94,75,56,127,143,96,50,53,86,105,35,52,22,28,98,140,69,43,23,59,20,34,38,76,54,66,71,23,18,53,40,44,139,58,66,139,111,126,21,101,134,141,142,46,41,106,119,70,103,146,42,58,81,43,14,31,73,27,17,92,141,81,91,111,131,65,66,48,15,77,143,113,24,29,119,42,36,7,0,14,30,107,138,32,64,100,105,87,140,122,22,45,99,34,13,92,44,26,49,29,42,17,48,111,86,129,44,54,64,75,81,102,107,51,41,29,67,77,98,18,32,127,129,30,15,37,60,116,16,19,53,84,125,16,40,43,112,31,44,49,56,78,111,127,23,52,25,101,39,112,22,60,129,134,98,99,126,35,53,56,111,38,52,140,39,55,33,28,59,81,94,27,28,34
94,84,71,128,94,87,75,74,71,148,68,127,89,67,74,94,107,76,78,88,66,120,144,89,63,63,89,71,60,92,110,79,58,72,83,141,65,65,97,144,71,134,62,123,56,75,82,104,140,55,56,72,140,133,74,72,112,123,48,112,122,68,65,49,91,108,112,45,86,78,46,44,50,51,56,59,100,111,103,41,126,136,92,123,51,57,132,45,78,106,36,88,73,120,39,50,57,83,51,91,76,39,111,32,29,29,28,29,30,33,43,75,81,62,69,113,130,83,63,41,73,91,46,40,28,22,85,126,56,56,20,46,28,24,27,63,41,53,58,34,25,40,28,31,125,45,52,125,97,112,33,87,120,127,128,59,54,92,105,56,89,132,56,44,67,57,8,18,60,41,7,78,127,67,77,97,117,51,52,62,29,63,129,99,38,15,105,56,50,21,14,0,16,93,124,46,50,86,91,73,126,108,36,31,85,48,5,78,58,39,63,16,56,30,34,97,72,115,31,41,50,61,67,88,93,65,54,42,53,63,84,13,20,113,115,42,24,24,46,102,25,15,40,71,111,22,28,31,98,21,32,36,43,64,97,113,33,65,19,87,52,98,22,47,115,120,84,86,112,26,41,44,98,28,40,126,51,43,44,26,47,68,80,32,33,28
85,94,75,115,105,98,70,81,76,134,73,114,100,72,68,83,95,69,70,78,63,107,130,101,62,61,78,81,60,80,97,91,61,64,72,126,75,74,85,130,61,119,72,109,64,64,70,90,125,65,50,61,125,118,87,85,98,109,46,98,107,81,77,45,77,94,98,44,73,92,53,51,44,44,47,49,86,97,89,47,110,121,78,108,42,46,116,38,65,91,44,74,59,104,50,39,45,69,64,77,62,51,96,43,38,36,31,29,28,28,33,61,66,48,84,98,114,68,78,29,58,76,61,29,40,25,70,110,42,71,27,32,41,19,19,48,28,38,43,48,39,26,17,19,109,30,37,109,81,96,48,71,104,111,112,75,70,76,89,41,73,117,72,29,51,73,20,8,44,56,16,62,111,51,61,81,101,35,36,78,45,47,113,83,54,1,89,72,66,37,30,16,0,77,108,62,34,70,75,57,110,92,52,16,69,64,19,62,74,55,79,7,71,46,19,81,56,100,17,25,35,45,51,72,77,81,70,57,38,48,68,21,13,97,99,58,38,15,31,86,39,24,26,55,95,35,17,19,83,17,20,23,29,49,82,97,48,80,23,72,67,82,32,33,99,104,69,71,97,23,29,31,82,24,29,111,65,31,57,33,35,54,65,43,44,30
79,155,123,72,170,161,94,139,131,78,125,69,166,124,87,70,65,82,81,72,98,64,73,169,101,99,67,144,103,63,59,158,111,77,67,68,137,136,59,69,70,61,137,55,127,64,57,50,63,129,81,63,62,57,157,155,48,51,91,47,50,151,147,87,47,45,46,93,48,164,116,113,80,79,71,66,42,43,41,110,48,54,40,46,70,64,50,77,44,37,109,37,43,40,120,63,56,36,137,32,38,122,32,113,106,104,94,89,86,81,66,36,33,46,159,31,43,29,153,65,34,25,135,64,113,92,25,38,46,146,97,56,115,81,76,38,59,47,42,123,113,59,72,68,35,53,46,34,14,23,124,15,29,35,36,151,146,12,16,40,12,41,148,51,29,149,95,77,35,133,91,17,35,27,17,7,25,42,41,155,122,30,36,6,131,78,12,149,143,114,107,93,77,0,31,139,43,7,2,20,33,15,129,62,9,141,95,16,151,132,156,79,148,122,61,10,24,24,65,55,45,35,29,13,11,157,146,134,43,33,16,95,79,23,25,134,113,74,51,16,114,97,58,28,23,109,72,69,16,83,68,63,57,35,17,25,122,156,92,21,142,20,103,55,29,33,25,24,28,84,63,61,23,82,66,39,139,63,131,101,60,40,31,113,114,92
96,183,149,73,199,190,117,167,158,68,152,69,195,151,110,86,76,105,102,91,123,67,63,198,127,125,85,173,130,80,67,187,139,100,87,58,166,165,73,57,93,53,166,53,156,86,77,60,50,158,108,86,49,48,187,185,52,48,118,51,47,181,177,114,64,52,50,121,67,194,145,142,107,106,98,92,53,47,50,139,40,40,57,40,98,90,38,105,66,43,138,55,68,34,150,91,83,57,167,49,62,153,34,143,136,134,124,119,115,111,95,61,56,73,190,30,26,51,184,94,60,43,166,94,144,122,47,22,75,177,128,85,145,112,107,67,89,76,71,154,144,90,102,98,16,83,76,15,31,19,155,40,14,13,13,182,177,35,23,70,38,14,179,82,59,180,126,108,65,164,122,47,8,57,47,28,9,73,72,186,153,61,6,25,162,109,19,180,174,145,138,124,108,31,0,170,74,38,33,51,3,16,160,93,39,172,126,46,182,163,187,110,179,153,91,28,54,13,96,86,76,65,59,39,34,188,177,164,73,63,43,126,110,18,16,165,144,105,81,27,145,128,88,57,21,140,102,99,31,113,98,94,87,64,33,21,153,187,122,43,173,34,134,85,24,22,48,47,26,114,93,90,37,112,95,24,170,92,161,132,89,66,55,144,145,122
130,72,82,168,73,70,103,71,74,190,76,168,68,75,104,132,147,109,111,124,91,161,187,66,86,87,127,62,81,131,151,60,74,106,120,184,60,60,138,188,108,177,54,167,57,114,122,146,184,54,89,111,184,177,49,49,156,167,77,155,166,46,46,80,133,151,156,73,128,48,54,56,84,85,93,98,144,155,147,55,170,181,135,168,89,96,176,81,121,151,51,132,116,165,40,91,99,127,33,136,120,36,156,42,47,49,57,61,65,69,84,120,125,106,32,158,175,128,28,83,118,136,25,83,36,55,130,172,100,22,49,89,33,63,68,108,85,98,103,25,32,84,71,75,171,89,97,171,143,158,21,133,166,173,174,18,15,138,151,102,135,178,14,90,113,14,45,63,105,10,49,124,173,113,123,143,163,97,98,16,17,109,175,145,8,61,151,10,4,25,32,46,62,139,170,0,96,132,137,119,172,154,10,77,131,4,44,124,13,9,18,60,11,18,79,143,117,161,76,86,96,106,112,133,138,21,13,13,99,109,129,47,62,158,160,14,30,67,91,148,30,45,84,116,157,34,71,74,144,60,75,80,86,109,143,159,25,24,52,132,19,143,43,90,160,165,129,131,157,62,83,86,143,65,81,172,24,84,27,48,89,112,125,39,39,58
74,119,92,91,133,125,73,104,98,106,92,89,128,91,68,68,75,66,65,66,72,82,102,130,73,71,64,107,73,63,74,120,79,60,60,98,100,100,65,101,54,91,99,82,90,52,53,65,96,91,55,50,95,89,117,115,71,80,59,70,79,111,107,55,54,66,70,60,51,123,78,75,50,50,46,44,59,68,62,72,80,90,52,78,42,40,85,45,42,62,70,48,37,73,80,35,33,43,96,48,37,82,64,72,66,64,55,51,48,44,34,35,39,29,117,66,82,39,111,30,31,45,93,29,72,51,39,77,22,104,56,23,73,41,37,22,23,19,20,81,71,23,32,29,76,18,16,76,48,63,81,39,70,77,78,109,104,43,56,13,40,83,106,13,19,106,53,35,13,90,49,29,77,18,28,48,67,5,5,112,79,14,79,49,88,35,55,106,100,71,64,50,34,43,74,96,0,36,41,23,76,58,86,19,35,98,52,28,108,89,113,36,105,79,18,48,23,66,23,15,10,14,19,38,43,115,104,91,11,16,35,52,37,63,65,91,70,33,14,53,71,55,19,24,62,67,31,28,49,41,28,24,19,20,49,64,80,113,50,39,100,50,61,22,66,71,37,39,64,44,27,26,50,42,29,77,97,28,89,60,27,28,36,72,73,52
77,149,118,75,164,156,90,133,126,82,119,71,160,119,83,68,66,79,77,70,93,66,78,163,96,94,65,138,98,62,60,152,106,74,65,72,131,131,58,74,67,65,131,59,121,61,55,51,68,123,77,60,67,62,151,149,51,56,85,50,54,145,141,81,47,48,49,87,47,157,110,107,74,74,67,62,43,46,43,103,53,60,40,51,65,59,56,71,42,40,103,36,40,45,114,57,51,34,130,32,35,116,37,106,99,97,88,83,79,75,60,33,31,41,152,36,49,27,146,59,30,25,128,58,107,85,23,44,40,140,90,50,108,75,70,33,53,41,36,116,107,53,65,61,42,47,39,41,18,29,117,14,36,42,43,145,140,14,22,33,12,48,141,44,23,142,88,71,28,126,84,11,42,20,11,13,32,35,34,148,115,23,43,13,124,71,19,142,136,107,100,86,70,7,38,132,36,0,5,13,40,22,122,55,3,134,88,9,144,125,149,72,141,115,53,14,17,30,58,48,38,28,22,10,12,150,139,126,36,26,11,88,72,29,30,127,106,67,44,20,107,90,51,22,28,102,65,62,19,76,61,56,50,29,19,31,115,149,85,18,135,21,96,48,34,38,22,21,32,77,56,54,24,75,59,44,132,56,124,94,53,34,27,106,107,85
79,154,122,74,169,160,94,138,130,80,123,70,164,123,87,70,66,82,80,72,97,65,75,167,100,98,67,143,102,64,60,157,110,77,67,70,136,135,59,71,70,63,136,57,125,63,57,51,65,127,80,63,64,59,156,154,49,53,89,48,52,149,145,85,48,47,48,92,48,162,115,111,78,78,70,65,43,45,42,108,50,57,41,48,69,63,52,75,44,38,107,37,43,42,119,62,55,36,135,32,37,121,34,111,104,102,93,88,84,79,65,36,33,45,157,33,45,29,151,63,33,25,133,63,111,90,25,40,45,145,95,54,113,80,75,37,57,45,41,121,111,58,70,66,37,52,44,37,16,25,122,15,31,38,39,150,145,13,18,38,12,43,146,49,27,147,93,76,33,131,89,15,37,25,16,9,27,40,39,153,120,28,38,9,129,76,14,147,141,112,105,91,75,2,33,137,41,5,0,18,35,17,127,60,7,139,93,14,149,130,154,77,146,120,58,10,22,26,63,53,43,33,27,11,10,155,144,131,41,31,14,93,77,24,26,132,111,72,49,16,112,95,56,26,24,107,70,67,16,81,66,61,54,33,17,26,120,154,90,19,140,20,101,53,30,34,23,22,28,82,61,58,22,79,63,40,137,61,128,99,58,38,29,111,112,90
75,139,108,80,153,145,84,123,116,91,109,77,148,109,77,67,68,73,72,67,85,71,86,151,88,86,64,127,89,61,64,140,96,68,62,81,120,120,59,83,61,74,120,67,110,56,53,55,78,111,68,55,77,71,139,137,57,64,75,56,62,133,129,72,47,53,56,77,46,145,99,95,65,64,58,54,48,53,48,92,62,71,42,60,56,51,66,61,39,47,91,38,36,55,102,48,43,34,118,35,32,104,46,94,87,85,76,72,68,64,50,30,30,34,140,46,61,28,134,48,26,30,116,47,94,73,26,56,31,127,78,39,95,63,58,25,41,30,27,104,94,42,53,49,54,35,29,54,28,41,104,20,48,55,56,132,127,23,34,22,20,60,129,32,14,129,76,58,17,113,72,10,55,10,9,25,45,23,22,135,102,11,56,26,111,58,32,129,123,94,87,73,57,20,51,119,23,13,18,0,53,35,109,42,12,121,75,6,131,112,136,59,128,102,40,25,8,43,45,35,26,16,11,17,21,137,126,113,23,15,14,75,59,41,42,114,93,54,31,30,94,77,38,14,39,89,52,49,28,63,48,44,37,19,27,42,102,136,72,21,122,29,83,36,44,49,22,22,42,65,44,42,30,62,47,56,119,44,111,82,42,26,24,93,95,73
98,186,152,76,201,193,120,169,161,70,154,71,197,154,113,89,79,108,105,93,126,69,65,200,130,128,88,175,133,83,69,190,141,103,90,60,169,168,75,58,96,55,169,56,158,89,80,63,52,160,110,89,51,50,189,188,55,50,121,54,50,183,179,117,66,55,52,124,69,196,148,144,110,109,101,95,56,50,53,141,43,42,59,42,100,93,40,107,69,46,141,58,70,37,153,93,86,60,169,52,64,155,36,145,138,136,127,122,118,113,98,64,58,76,192,32,28,54,186,97,63,46,168,96,146,124,50,24,77,179,130,88,148,114,109,69,91,79,74,156,146,92,105,101,18,86,78,17,34,22,157,43,17,15,15,185,180,38,26,72,40,14,181,84,61,182,128,110,68,166,124,49,9,60,50,30,11,75,74,188,155,63,6,27,164,111,21,182,176,147,140,126,110,33,3,172,76,40,35,53,0,18,162,95,41,174,128,48,184,165,189,112,181,155,93,30,56,14,97,87,78,67,61,40,35,190,179,166,75,65,44,127,112,18,16,166,145,107,83,28,147,130,90,58,21,142,104,101,32,115,100,95,88,66,34,21,155,189,124,44,175,35,135,86,23,21,49,47,26,116,94,91,37,113,97,22,172,94,163,133,90,67,55,145,146,124
89,170,137,74,185,176,107,153,145,75,139,70,181,138,100,79,72,95,93,82,112,66,70,184,115,113,77,159,118,73,64,173,126,90,78,64,152,151,67,64,83,58,152,55,142,76,68,56,58,144,95,76,57,53,172,170,50,50,105,49,49,166,162,101,56,49,48,108,58,179,131,128,94,93,85,80,48,45,46,125,44,48,49,43,85,78,45,91,56,40,124,47,56,37,136,77,70,47,152,40,50,138,32,128,121,119,109,105,101,96,81,49,45,60,174,29,35,40,168,80,47,34,150,79,128,107,36,30,61,162,112,71,130,97,92,53,74,62,57,138,129,75,87,83,25,68,61,24,21,17,139,27,19,24,25,167,162,23,16,55,24,28,164,66,44,164,111,93,50,148,106,32,21,42,32,14,12,57,56,170,137,45,22,10,146,93,5,164,158,129,122,108,92,15,16,154,58,22,17,35,18,0,144,77,23,156,110,30,166,147,171,94,163,137,75,13,38,10,79,69,60,49,43,22,18,172,161,148,57,47,27,109,94,11,12,148,127,89,65,13,129,112,72,41,12,124,86,83,17,97,82,77,70,48,18,15,137,171,106,28,157,21,117,68,19,21,33,31,19,98,77,74,24,95,79,26,154,76,145,115,73,51,39,127,128,106
123,76,80,161,78,75,98,72,74,182,75,161,74,74,99,125,139,103,105,118,86,153,179,72,82,83,120,64,77,123,144,65,71,100,113,175,61,61,130,179,101,169,56,158,57,106,115,138,176,54,83,104,175,168,55,54,147,158,71,147,157,51,50,74,125,143,147,67,120,55,51,53,78,79,86,91,135,146,139,52,161,172,127,159,82,89,167,74,113,142,47,123,108,155,38,83,90,119,35,127,111,34,147,38,42,43,50,54,58,62,76,111,116,97,41,149,166,119,36,74,109,127,27,74,32,48,121,162,91,29,42,81,28,55,60,99,76,89,94,22,27,75,62,66,161,80,88,161,133,148,18,123,156,163,164,27,23,128,141,92,125,169,24,80,103,24,36,53,96,12,40,115,163,103,113,133,153,87,88,27,10,99,165,135,5,51,141,20,15,16,22,36,52,129,160,10,86,122,127,109,162,144,0,67,121,12,34,114,22,4,27,50,19,8,69,133,107,151,65,75,85,96,102,123,128,29,19,9,88,98,119,36,52,148,150,11,20,57,81,137,19,35,74,106,146,24,60,63,134,50,64,69,76,99,133,149,16,30,42,122,20,133,33,80,150,155,118,120,147,52,73,75,132,55,71,161,22,74,22,38,78,101,114,30,30,48
82,107,84,106,119,111,73,93,88,123,83,105,114,82,69,78,88,69,69,74,68,98,120,116,68,67,73,94,67,74,88,105,70,63,68,115,88,87,78,118,59,108,86,98,77,60,64,81,114,78,53,57,113,107,102,100,87,97,52,87,96,96,92,50,69,83,87,52,64,107,66,63,47,47,47,47,76,85,78,59,98,108,67,96,42,43,104,41,56,80,57,63,50,92,65,37,39,58,79,65,52,66,83,57,51,50,43,39,37,35,32,50,55,40,100,85,101,56,93,28,47,64,76,27,55,37,57,97,33,86,41,26,56,29,26,37,23,29,33,64,54,22,22,20,95,22,27,95,67,82,63,58,90,97,97,90,86,62,75,28,59,102,87,18,38,88,35,19,30,72,31,48,97,37,47,67,86,22,22,93,60,33,98,68,69,17,74,87,81,52,45,31,16,62,93,77,19,55,60,42,95,77,67,0,54,79,33,47,89,70,94,17,86,60,4,66,40,84,7,11,19,30,36,56,61,95,84,71,22,32,53,33,18,81,83,72,51,15,16,71,52,36,13,40,80,48,14,13,67,23,14,13,15,34,66,82,61,94,32,56,81,67,43,20,84,89,53,55,81,27,19,20,67,26,20,95,78,21,70,42,23,39,50,53,55,35
80,150,119,78,165,156,92,134,126,85,120,75,160,120,85,71,69,81,79,72,95,69,81,163,98,96,68,139,99,65,64,152,107,75,67,75,132,131,61,77,69,69,132,62,121,63,58,54,71,123,78,62,70,65,151,149,54,59,86,53,57,145,141,82,49,51,52,88,49,157,110,107,75,75,68,63,46,49,46,104,56,63,43,54,66,60,59,72,44,43,103,39,42,48,114,58,52,37,130,35,37,116,40,106,99,97,88,83,80,75,61,35,33,42,152,39,52,30,146,59,32,28,128,59,106,85,26,47,41,139,90,50,107,75,70,34,53,41,37,116,106,53,65,61,44,47,40,43,21,32,116,17,38,44,45,144,139,17,25,34,15,49,141,44,24,142,88,70,29,125,84,13,43,21,13,16,33,35,34,147,114,23,45,15,123,70,21,141,135,106,99,85,69,9,39,131,35,3,7,12,41,23,121,54,0,133,87,7,143,124,148,71,140,114,52,13,15,31,56,47,37,26,20,7,10,149,138,125,34,24,8,86,71,28,30,125,104,66,42,19,106,89,49,19,27,101,63,60,17,74,59,55,48,26,17,30,114,148,83,15,134,19,95,46,33,37,18,18,31,75,54,52,21,73,57,44,131,54,122,93,51,31,24,105,106,84
133,76,86,172,76,74,107,76,79,193,80,172,72,80,109,135,150,113,115,128,95,165,191,69,91,91,131,66,85,134,155,63,78,110,124,187,64,64,141,191,111,181,59,170,61,117,126,149,187,58,93,115,187,180,53,52,159,170,81,158,169,50,50,84,136,154,159,77,131,51,58,61,88,89,97,102,147,158,150,60,173,184,138,171,93,100,179,85,124,154,55,135,119,167,45,95,102,130,37,139,123,40,159,46,51,53,61,65,68,73,87,123,128,109,35,161,178,130,31,86,121,139,29,86,40,59,133,174,103,25,52,92,37,66,71,111,88,101,106,29,36,87,74,78,173,92,100,173,145,160,25,135,168,175,176,20,18,140,153,104,137,181,17,92,115,16,48,65,108,14,51,127,175,116,125,145,165,99,100,16,21,111,177,147,12,63,153,9,5,27,34,48,64,141,172,4,98,134,139,121,174,156,12,79,133,0,46,126,10,9,15,62,8,19,81,145,119,163,77,87,97,108,114,135,140,17,9,11,100,110,131,48,64,160,162,12,30,69,92,149,30,46,86,117,158,35,72,75,145,61,76,81,88,111,144,160,24,20,53,134,15,145,43,91,162,167,130,132,159,63,84,87,144,66,82,173,20,85,25,48,89,113,126,38,38,58
99,87,76,132,96,90,80,77,75,152,73,131,91,72,79,99,112,81,83,93,71,124,148,91,69,68,94,74,65,96,115,82,63,77,88,144,69,68,102,148,76,138,65,127,60,80,87,108,144,59,62,77,144,137,76,74,116,127,54,116,126,70,67,54,95,112,116,51,90,79,50,49,56,56,61,64,104,115,107,46,129,139,96,127,56,62,135,50,82,110,41,92,77,123,43,55,61,87,52,95,80,42,114,36,34,33,33,34,36,38,48,79,85,66,69,116,133,86,63,45,77,95,47,45,31,28,88,129,60,56,25,50,30,29,32,66,45,57,61,35,28,44,33,36,128,48,56,128,100,115,33,90,122,129,130,59,54,95,107,59,91,135,55,47,70,56,13,22,62,40,13,81,130,70,80,100,119,54,55,61,28,65,131,101,36,18,107,54,48,20,13,5,19,95,126,44,52,88,93,75,128,110,34,33,87,46,0,80,56,37,61,16,53,27,35,99,73,117,32,41,51,62,68,89,94,62,51,39,54,64,85,8,19,114,116,39,19,24,47,103,21,10,40,72,112,17,27,30,100,18,31,36,43,65,99,115,29,62,15,88,48,99,17,47,116,121,85,87,113,23,40,43,99,25,39,127,47,42,39,21,46,68,81,27,28,24
79,145,114,81,159,150,89,129,121,90,115,78,154,115,82,71,70,78,77,71,91,72,86,157,93,91,67,133,95,64,66,146,102,73,66,80,126,125,62,82,66,73,126,66,115,61,57,57,76,117,74,60,76,70,145,143,57,63,81,56,62,138,135,77,50,54,56,83,49,151,105,101,71,70,64,59,49,53,49,98,61,69,44,59,62,56,64,67,43,47,97,40,40,53,108,54,48,37,123,37,36,109,45,100,93,91,82,77,74,69,56,34,33,39,145,45,58,30,139,54,30,31,121,53,100,79,27,53,37,132,84,45,101,68,64,30,47,36,33,109,99,47,59,55,51,41,34,50,26,38,109,20,45,51,52,137,132,21,31,28,19,56,134,38,19,135,81,63,23,119,77,12,50,16,11,22,40,28,28,140,107,17,52,22,116,63,28,134,128,99,92,78,62,16,46,124,28,9,14,6,48,30,114,47,7,126,80,0,136,117,141,64,133,107,45,19,9,37,49,39,30,19,13,11,15,142,131,118,27,17,9,79,64,35,37,118,97,59,35,25,99,82,42,13,34,94,56,53,22,67,52,48,41,20,22,36,107,141,76,16,127,23,87,39,38,43,17,18,36,68,48,45,25,66,50,50,124,47,115,86,44,26,21,98,99,77
142,78,92,181,76,75,115,80,84,203,86,181,72,85,117,145,160,121,124,137,103,174,200,68,98,99,140,69,93,144,164,64,85,119,133,197,68,69,151,201,120,190,63,180,67,127,135,159,197,64,102,124,197,190,53,53,169,180,90,168,179,51,52,92,146,164,169,85,141,49,65,68,97,98,106,111,157,168,160,67,183,194,148,181,102,109,189,94,134,163,63,145,129,177,52,104,112,140,41,149,133,47,169,54,60,61,70,74,78,82,97,132,138,119,33,171,188,140,30,96,130,149,34,96,49,68,143,184,113,27,62,102,45,76,81,121,98,111,116,37,45,97,84,88,183,102,110,183,155,170,34,145,178,185,186,18,19,150,163,114,147,191,16,102,125,15,58,75,118,22,61,137,185,126,136,155,175,109,110,10,30,121,187,157,21,73,163,6,10,37,44,58,74,151,182,13,108,144,149,131,184,166,22,89,143,10,56,136,0,19,5,72,4,29,91,155,129,173,87,97,107,118,124,145,150,8,8,19,110,120,141,57,73,170,172,20,40,78,102,159,39,56,95,127,168,44,82,85,155,71,86,91,98,121,154,170,32,14,62,144,17,155,52,101,172,177,140,142,169,72,94,97,154,75,92,183,24,95,30,57,99,123,135,46,46,67
127,77,83,164,79,76,101,75,77,185,78,164,75,77,103,128,143,106,109,121,89,157,183,72,86,86,124,66,80,127,147,66,74,103,117,179,63,64,134,183,104,172,58,162,59,110,118,142,179,57,87,107,179,172,56,55,151,162,75,150,161,52,52,77,129,146,151,71,124,55,55,56,81,82,90,94,139,150,142,55,165,175,130,162,85,92,171,78,116,145,50,127,111,159,41,87,94,122,37,130,115,37,150,41,45,47,54,58,61,66,80,114,120,101,41,152,169,122,36,78,112,130,29,78,35,51,124,165,95,29,45,84,31,59,63,102,80,92,97,25,30,78,66,70,164,84,91,164,136,151,21,126,159,166,167,26,23,131,144,96,128,172,23,84,106,23,40,57,99,13,43,118,167,107,117,137,156,91,92,25,13,102,168,138,7,54,144,18,13,19,26,39,55,132,163,9,89,125,130,112,165,147,4,70,124,9,37,117,19,0,24,53,16,10,72,136,110,154,68,78,88,99,105,126,131,26,15,6,91,101,122,39,54,151,153,8,22,60,83,140,21,37,77,108,149,26,63,66,136,52,67,72,79,102,135,151,16,26,44,125,17,136,34,82,153,158,121,123,150,54,75,78,135,57,73,164,20,76,20,39,81,104,117,30,30,49
147,80,96,186,77,77,119,83,87,208,90,186,73,89,122,149,165,126,128,142,107,179,205,69,103,103,145,72,97,148,169,66,89,123,138,202,71,72,156,206,125,195,66,185,70,131,140,164,202,67,107,129,202,195,54,55,174,185,94,173,184,53,54,97,151,169,174,90,146,50,69,72,102,103,111,116,162,173,165,72,188,199,153,186,107,114,194,99,139,169,68,150,134,182,56,109,117,145,44,154,138,52,174,59,64,66,75,79,83,87,102,138,143,124,33,176,193,146,31,101,136,154,38,101,54,73,148,189,118,29,67,107,50,81,86,126,103,116,121,42,50,102,89,93,188,107,115,188,160,175,39,150,183,190,191,20,21,155,168,119,152,196,19,107,130,17,63,80,123,27,66,142,191,131,141,161,180,115,116,10,35,126,192,162,26,78,168,10,15,43,49,63,79,156,187,18,113,149,154,136,189,171,27,94,148,15,61,141,5,24,0,77,8,34,96,160,134,178,92,102,112,123,129,150,155,5,11,24,115,125,146,62,78,175,177,24,45,83,107,164,44,61,100,132,173,49,86,89,160,76,91,96,102,125,159,175,37,12,67,148,20,160,57,106,177,182,145,147,174,77,98,101,159,80,97,188,26,100,34,61,104,127,140,50,50,71
92,98,81,121,108,101,77,86,82,139,78,120,103,77,75,90,101,76,77,85,70,112,135,104,69,68,85,85,66,87,103,94,67,71,79,131,79,78,91,135,68,124,76,114,69,71,76,96,130,69,58,68,130,123,89,88,103,114,53,103,112,83,80,52,83,99,103,51,79,93,58,56,51,52,55,56,91,102,94,52,115,125,83,113,49,53,121,46,70,96,48,79,65,109,54,46,51,74,66,81,67,54,100,46,42,41,37,36,35,35,40,66,71,54,85,102,118,72,78,36,63,80,62,36,43,31,74,114,47,71,31,38,43,26,26,53,34,44,48,49,41,33,25,26,112,36,42,112,85,99,48,75,107,114,115,74,70,79,92,45,76,119,71,34,55,72,22,15,47,56,18,66,114,55,64,84,104,39,40,77,44,50,115,85,53,8,91,70,64,36,29,16,7,79,110,60,36,72,77,59,112,94,50,17,71,62,16,64,72,53,77,0,69,43,19,83,57,101,16,25,35,46,52,73,78,78,67,54,38,48,69,16,6,98,100,54,34,9,31,87,35,19,24,56,96,30,13,15,83,10,16,21,27,49,83,99,43,77,16,72,63,83,26,31,100,105,69,71,97,16,26,28,83,17,25,111,61,28,53,27,31,53,65,37,38,23
141,80,92,179,78,77,114,81,84,201,86,179,74,86,116,143,158,120,122,136,102,172,198,71,98,98,138,70,92,142,162,66,85,117,132,195,69,69,149,199,119,188,64,177,67,125,133,157,195,64,101,122,195,188,55,55,166,178,88,166,176,53,54,91,144,162,167,84,139,52,65,67,96,97,104,109,154,166,158,66,180,191,146,178,100,107,187,93,132,161,62,143,127,175,51,102,110,138,42,146,131,47,166,53,58,60,68,73,76,80,95,130,136,116,35,168,185,138,32,94,128,147,34,93,48,66,140,181,111,28,60,100,44,74,79,118,96,108,113,36,44,94,82,85,181,100,107,180,153,167,33,143,175,182,183,20,20,147,160,112,144,188,18,100,122,17,55,73,115,21,59,134,183,123,133,153,172,107,108,13,28,119,184,154,19,71,160,8,9,35,42,56,71,148,179,11,105,141,146,128,181,163,19,86,140,8,53,133,4,16,8,69,0,26,88,152,126,170,84,94,104,115,121,142,147,10,4,16,107,117,138,54,70,167,169,16,36,75,99,156,36,52,92,124,165,41,78,81,152,68,82,87,94,117,151,167,29,13,59,140,14,151,49,98,169,173,137,139,166,69,90,93,151,72,88,180,20,92,27,53,96,119,132,42,42,63
120,81,82,156,85,81,96,76,77,177,77,156,80,76,97,121,135,100,103,114,85,149,174,78,82,82,117,69,77,120,139,71,71,97,110,170,65,65,126,174,97,164,60,153,59,103,110,133,170,57,81,100,170,163,62,61,142,153,70,142,152,57,56,72,120,138,142,66,115,62,53,54,75,76,83,87,130,141,133,52,156,166,121,153,78,85,162,71,108,136,47,118,103,150,40,79,86,113,41,121,106,37,141,38,41,42,48,52,55,58,72,105,111,92,49,143,160,113,43,70,103,121,33,69,32,45,115,156,86,36,39,75,28,51,55,93,71,83,88,25,27,70,57,61,155,75,82,155,127,142,21,117,149,156,157,35,31,122,134,86,119,162,32,74,97,32,31,48,89,19,34,108,157,97,107,127,147,81,82,35,11,93,158,128,13,45,134,28,22,11,17,30,46,122,153,18,79,115,120,102,155,137,8,60,114,19,27,107,29,10,34,43,26,0,62,126,100,144,58,68,78,89,95,116,121,35,24,12,81,91,112,28,44,141,143,13,12,49,73,130,11,27,66,98,139,16,53,56,126,42,57,62,69,91,125,141,10,35,34,115,22,126,25,72,143,148,111,113,140,44,65,68,125,47,63,154,23,66,19,30,70,94,107,22,23,39
85,111,89,108,123,115,77,97,92,124,87,106,118,87,73,81,90,72,73,77,73,99,120,120,73,71,76,98,72,77,90,109,75,67,71,116,92,91,80,119,63,109,90,99,81,63,66,82,114,82,57,60,113,107,105,104,88,98,57,88,97,99,96,55,70,84,88,56,66,110,70,67,51,51,51,51,77,86,79,64,98,108,69,96,46,47,104,46,58,80,61,64,52,92,69,40,42,59,83,66,53,70,83,61,55,54,47,44,42,39,36,52,56,42,103,84,100,57,96,32,48,64,79,31,59,42,57,96,35,89,45,29,59,33,30,38,26,31,34,67,58,25,26,25,94,25,29,94,67,81,66,57,89,95,96,93,88,61,74,29,58,101,90,21,38,91,38,23,31,75,34,47,95,37,46,66,85,22,22,96,63,32,97,67,72,20,73,89,83,55,48,34,19,61,91,79,18,53,58,40,93,75,69,4,52,81,35,45,91,72,96,19,88,62,0,64,38,82,5,7,16,27,33,54,59,97,86,73,19,29,50,34,19,79,81,73,52,14,13,68,53,37,8,37,77,49,13,11,64,23,11,9,11,30,64,80,62,96,32,53,82,64,43,16,81,86,50,52,78,26,15,16,64,24,16,92,79,17,70,42,19,35,47,53,55,34
89,163,131,81,178,169,103,147,139,84,133,77,173,132,97,79,75,92,90,82,107,72,79,176,110,108,77,152,112,73,68,165,120,87,77,74,145,144,68,74,80,67,145,63,134,73,67,59,68,136,90,73,67,63,164,162,56,59,99,55,57,158,154,95,57,54,54,101,58,170,123,120,88,87,80,75,51,51,50,117,54,59,50,52,79,72,55,85,54,45,116,47,53,46,127,71,65,46,143,41,47,129,39,119,112,110,101,96,93,88,74,46,43,55,165,37,46,38,158,72,43,34,141,72,119,98,34,41,54,152,103,63,120,88,83,46,66,54,50,129,119,66,78,74,37,60,53,36,23,27,129,25,31,36,37,156,151,22,22,47,22,40,153,57,36,154,100,83,42,138,96,25,34,34,25,15,24,48,47,159,127,36,34,11,135,83,13,153,147,118,111,97,81,10,28,143,48,14,10,25,30,13,133,66,13,145,99,19,155,136,160,83,152,126,64,0,26,18,68,58,48,37,31,10,5,161,150,137,45,35,14,98,82,16,17,137,116,77,53,6,117,100,60,29,14,112,74,71,7,85,70,65,59,36,8,17,125,159,95,16,145,11,106,56,20,24,21,19,18,86,65,62,14,83,67,31,142,64,133,103,60,38,27,115,117,94
83,141,112,88,155,147,89,126,119,98,113,85,151,113,83,75,76,80,79,75,90,79,94,153,92,90,71,130,93,69,72,142,100,74,69,89,123,122,67,91,67,82,122,74,112,63,60,63,85,114,73,62,84,79,140,138,65,71,79,64,70,134,130,76,56,61,64,81,54,146,101,98,70,69,64,60,56,61,56,94,69,77,50,67,61,56,73,65,47,54,93,46,43,62,103,53,48,42,118,44,40,105,53,95,89,87,78,74,70,66,54,38,38,40,140,53,67,36,133,51,34,38,116,50,95,74,34,62,36,127,79,42,96,64,60,31,44,35,32,104,94,44,55,51,59,38,33,59,35,47,104,27,53,60,61,131,126,30,40,26,27,65,128,34,21,128,75,58,22,112,71,18,59,16,17,31,48,24,24,134,101,15,59,30,110,57,36,127,121,93,86,72,56,24,54,117,23,17,22,8,56,38,107,40,15,119,73,9,129,110,134,57,126,100,38,26,0,44,42,32,22,11,5,16,21,135,124,111,19,9,12,72,56,41,43,111,90,51,27,30,91,74,34,5,39,86,48,45,27,59,45,40,33,11,26,42,99,133,69,17,119,27,80,31,43,48,16,17,41,60,39,36,27,58,41,55,116,39,107,78,36,18,17,90,91,68
98,179,146,81,194,186,117,163,155,80,149,77,190,148,110,89,81,105,103,92,121,74,75,193,125,123,87,168,127,82,72,182,135,100,88,69,162,161,76,68,93,64,161,62,151,86,78,65,62,153,105,86,61,59,181,179,58,57,115,57,56,175,171,111,66,58,56,117,68,188,140,137,104,103,95,90,57,53,55,134,50,52,59,49,94,87,49,101,66,48,133,56,66,43,144,87,80,57,160,50,60,146,40,136,130,128,118,114,110,105,90,59,54,70,183,36,38,50,176,89,57,43,158,88,137,116,46,33,70,170,121,80,138,105,100,62,83,71,66,147,137,83,96,92,28,77,70,27,31,24,147,37,23,25,26,174,169,33,25,64,34,27,171,75,53,172,118,101,59,156,114,41,21,51,41,24,15,66,65,177,145,54,19,20,153,101,15,171,165,136,129,115,100,24,13,161,66,30,26,43,14,10,151,84,31,163,117,37,173,154,178,101,170,144,82,18,44,0,86,76,66,55,49,28,23,179,168,155,63,53,32,116,100,4,3,155,134,95,71,15,135,118,78,46,7,130,92,89,19,103,88,83,76,53,20,8,143,177,112,31,163,21,123,74,11,11,36,34,13,104,82,79,24,101,84,17,160,81,151,121,78,54,42,133,134,111
89,110,90,112,122,115,80,97,92,129,88,111,117,87,76,85,94,76,76,81,75,104,125,118,75,73,80,98,73,81,95,108,76,70,75,121,91,91,84,124,66,114,89,104,81,67,71,87,119,81,60,65,118,112,104,102,93,103,59,93,102,98,94,57,75,89,93,58,71,108,70,67,54,54,54,55,82,91,84,64,103,113,74,101,49,51,109,48,62,85,60,69,57,97,67,44,47,64,81,71,58,68,88,60,54,53,47,44,43,41,39,57,61,47,100,89,105,62,94,35,53,69,77,34,57,41,62,101,39,87,44,33,57,34,32,43,30,36,39,64,56,29,28,27,99,29,33,98,72,86,64,62,93,100,101,90,85,66,78,34,63,105,87,25,43,87,36,23,36,71,32,52,100,42,51,70,89,27,27,92,60,37,101,71,68,18,77,86,80,51,44,31,17,65,96,76,23,58,63,45,97,79,65,7,56,77,32,49,87,68,92,16,84,58,5,68,42,86,0,10,20,31,37,58,63,93,82,69,23,33,54,30,14,83,85,69,48,9,15,72,49,32,9,40,81,44,8,6,68,18,6,7,12,34,67,83,57,91,27,57,78,68,38,16,85,90,53,55,82,21,13,14,67,19,13,96,74,15,66,37,18,37,49,49,50,29
86,117,94,106,129,122,81,104,98,121,93,104,125,92,76,81,89,75,75,78,77,97,117,126,77,76,77,105,77,77,88,116,80,69,72,113,98,98,79,115,64,106,96,96,88,64,66,80,110,88,61,62,110,103,112,110,86,95,62,85,93,106,103,59,69,81,85,62,65,117,76,74,56,55,54,53,74,83,76,70,95,104,67,93,49,49,100,50,57,77,67,62,51,88,75,43,44,57,89,63,51,76,79,67,62,60,53,50,47,45,39,50,54,42,109,80,95,54,103,36,46,60,86,35,66,48,54,91,35,96,51,31,66,39,36,37,29,31,33,74,64,28,31,30,89,26,28,89,62,76,73,53,84,90,91,100,95,57,69,27,54,96,96,21,34,97,45,30,28,81,41,43,90,33,42,60,80,19,20,102,69,28,91,61,78,27,67,96,90,61,54,41,25,55,86,86,15,48,53,35,87,69,75,11,47,87,41,39,97,78,102,25,94,68,7,58,32,76,10,0,10,21,27,48,53,103,92,79,13,23,44,40,24,73,75,79,58,19,6,62,59,42,4,30,71,54,17,14,58,28,13,9,6,24,57,73,67,101,37,47,87,58,48,10,75,80,43,45,72,30,13,12,57,27,15,86,84,15,76,46,15,28,40,58,59,38
84,125,99,100,137,130,82,110,104,114,99,98,133,98,77,78,84,75,75,76,80,91,110,135,81,80,74,112,81,73,83,124,86,69,70,105,106,105,74,107,64,98,104,89,95,62,63,74,102,96,64,60,102,95,121,119,79,87,66,78,86,115,111,64,64,74,78,67,60,126,84,81,59,58,56,53,68,76,69,77,87,96,60,84,51,49,91,53,52,69,75,56,47,79,84,44,43,51,98,56,46,85,70,76,70,68,60,57,54,50,42,44,47,39,119,71,86,47,113,38,40,52,95,38,75,56,47,82,32,106,60,32,75,46,42,32,31,29,30,83,74,31,37,35,80,27,26,79,53,67,83,44,74,81,82,109,105,48,60,23,45,86,106,22,27,107,54,38,21,91,50,34,80,25,33,51,70,15,15,112,79,20,81,52,88,36,57,106,100,71,64,50,35,45,76,96,10,38,43,26,78,60,85,19,37,97,51,30,107,88,112,35,104,78,16,48,22,66,20,10,0,11,17,38,43,113,102,89,3,13,34,50,34,63,65,89,68,29,6,52,69,52,13,20,61,64,26,24,48,37,23,18,12,14,47,63,77,111,47,37,97,48,58,12,65,70,34,36,62,39,19,17,48,36,21,76,94,20,85,56,18,21,31,68,69,47
83,133,106,94,146,138,86,118,112,106,106,92,142,105,80,76,80,77,77,75,85,85,102,144,87,85,72,121,87,71,77,133,93,71,69,97,114,114,71,99,65,90,113,82,104,62,61,68,94,105,68,60,93,87,131,129,72,79,73,71,78,124,121,69,59,68,71,74,57,136,92,89,64,63,59,56,61,68,63,86,78,87,55,76,55,52,82,59,49,62,84,51,44,70,93,48,45,46,108,49,42,95,62,85,79,78,69,65,62,58,47,40,42,38,129,62,77,41,123,44,36,45,106,43,85,65,40,72,33,116,69,36,85,55,51,30,37,31,29,93,84,37,46,43,69,32,28,69,44,57,93,35,64,70,71,120,115,39,50,23,36,75,117,27,22,118,65,48,19,102,61,25,69,18,24,41,59,17,17,123,90,14,70,41,99,47,47,117,111,82,75,61,45,35,65,106,14,28,33,16,67,49,96,30,26,108,62,19,118,99,123,46,115,89,27,37,11,55,31,21,11,0,6,27,32,124,113,100,8,2,23,61,45,52,54,100,79,40,16,41,80,63,23,10,50,75,37,34,37,48,34,29,22,6,36,52,88,122,58,26,108,37,69,21,54,59,24,25,51,49,29,26,37,47,31,65,105,29,96,67,26,15,22,79,80,58
83,138,110,91,151,143,88,123,116,102,110,89,147,110,82,76,78,79,78,75,88,82,98,149,90,88,72,126,91,70,75,138,97,73,69,93,119,118,69,95,67,86,118,78,108,63,61,66,89,110,71,61,88,83,136,134,68,75,76,67,74,130,126,73,57,64,67,78,56,142,97,94,67,67,62,58,59,65,60,91,74,82,53,71,59,55,77,62,48,58,89,48,44,66,99,51,47,44,114,47,41,100,57,91,85,83,74,70,67,63,51,39,40,39,135,57,71,38,129,48,35,41,111,47,90,70,37,67,35,122,75,40,91,60,56,31,41,33,31,99,89,41,51,47,64,35,31,64,39,51,99,31,58,65,66,126,121,34,44,25,31,70,123,31,21,124,71,53,20,108,66,22,64,17,20,35,53,21,21,129,96,14,65,35,105,52,41,122,117,88,81,67,51,29,59,112,19,22,27,11,61,43,102,36,20,114,68,13,124,105,129,52,121,95,33,31,5,49,37,27,17,6,0,21,26,130,119,106,14,4,17,67,51,46,48,106,85,46,22,35,86,69,29,5,44,81,43,40,31,54,39,35,28,7,31,46,94,128,64,21,114,31,75,26,48,53,19,20,45,55,34,31,31,53,36,59,111,34,102,73,31,15,18,85,86,63
87,155,125,84,170,161,99,140,132,90,126,81,165,125,92,78,76,88,86,80,101,76,86,168,104,102,75,144,106,72,70,157,113,82,74,80,137,136,68,81,75,73,136,68,126,70,65,61,75,128,84,69,74,70,155,153,60,64,92,59,63,149,145,88,57,57,58,94,57,161,115,112,81,81,74,70,53,55,53,109,60,67,50,58,72,67,63,78,51,49,107,46,49,52,118,64,59,44,134,42,44,120,45,110,104,102,93,88,85,80,67,43,41,49,155,44,54,37,149,64,39,35,131,64,110,89,33,50,47,142,94,55,111,79,74,40,58,47,43,119,110,58,69,66,46,52,45,45,27,35,119,24,40,46,47,147,142,23,29,39,22,50,144,49,30,144,91,73,34,128,87,20,44,26,20,20,34,39,38,150,117,28,44,18,126,73,22,143,137,109,102,88,72,13,39,133,38,10,11,17,40,22,123,56,7,135,89,11,145,126,150,73,142,116,54,10,16,28,58,48,38,27,21,0,5,151,140,127,35,25,4,88,72,25,27,127,106,67,43,14,107,90,50,18,23,102,64,61,11,75,60,55,48,26,11,26,115,149,84,8,135,13,96,46,28,33,13,12,25,76,54,51,14,73,57,39,132,54,123,93,50,28,19,105,106,84
89,160,129,83,174,166,102,144,136,88,130,80,169,129,95,80,76,91,89,82,105,75,83,172,108,105,77,148,109,73,70,161,117,85,76,78,141,141,69,79,78,71,141,66,131,72,67,61,72,132,88,72,72,67,160,158,59,62,96,58,61,154,150,92,57,56,57,98,58,166,120,116,85,85,78,73,53,54,52,113,58,64,51,56,76,70,60,82,53,48,112,47,52,50,123,68,62,46,139,42,47,125,43,115,108,106,97,93,89,85,71,45,42,52,160,41,51,38,154,69,42,35,136,68,115,94,34,46,51,147,99,60,116,84,79,44,62,51,47,124,114,63,74,70,42,56,49,41,25,31,124,25,36,42,42,152,147,23,26,43,22,46,148,53,33,149,96,78,38,133,92,23,39,30,23,18,30,44,43,155,122,32,40,15,131,78,18,148,142,114,107,93,77,11,34,138,43,12,10,21,35,18,128,61,10,140,94,15,150,131,155,78,147,121,59,5,21,23,63,53,43,32,26,5,0,156,145,132,40,30,9,93,77,20,22,132,111,72,48,9,112,95,55,23,18,107,69,66,7,80,65,60,53,31,7,21,120,154,89,11,140,10,100,51,23,28,16,14,21,81,59,56,12,78,61,35,137,59,128,98,55,33,22,110,111,89
151,85,101,189,82,82,123,88,92,211,95,189,78,94,125,153,168,130,132,145,111,182,208,74,107,108,148,77,101,152,172,71,94,127,142,204,76,76,159,208,129,198,71,187,75,135,143,167,205,72,110,132,204,197,59,60,176,188,98,176,186,58,59,101,154,172,176,94,149,55,74,76,105,106,114,119,164,176,168,76,190,201,156,188,110,117,196,102,142,171,72,152,137,185,60,112,119,148,49,156,140,56,176,62,68,70,78,82,86,90,105,140,146,126,38,178,195,148,36,103,138,156,42,103,57,76,150,191,121,34,70,110,54,84,89,128,105,118,123,45,54,104,91,95,190,109,117,190,162,177,42,152,185,192,193,25,26,157,170,121,154,197,24,109,132,22,65,82,125,31,69,143,192,132,142,162,182,116,117,15,38,128,194,164,29,80,169,14,18,45,51,65,81,157,188,21,115,150,155,137,190,172,29,95,149,17,62,142,8,26,5,78,10,35,97,161,135,179,93,103,113,124,130,151,156,0,11,24,116,126,147,63,79,176,178,24,45,84,108,165,44,61,101,133,174,49,87,90,161,76,91,96,103,126,160,176,36,7,67,149,18,160,57,106,177,182,145,147,174,77,99,102,159,80,97,188,24,100,32,61,104,128,141,49,49,71
142,83,95,179,82,81,115,84,87,201,89,179,78,88,117,143,158,121,123,136,103,172,198,75,99,100,139,74,94,142,162,70,87,118,132,194,72,72,149,198,119,188,67,177,70,125,133,157,194,67,101,122,194,187,59,59,166,177,89,165,176,57,57,92,144,161,166,85,139,56,67,69,96,97,105,109,154,165,157,68,180,190,145,177,100,107,186,93,131,160,64,142,126,174,53,102,109,137,45,145,130,49,165,54,59,61,69,73,76,81,95,129,135,116,40,167,184,137,36,93,127,146,37,93,49,66,139,180,110,32,60,99,45,74,78,117,95,107,112,38,45,94,81,85,179,99,106,179,151,166,34,141,174,181,182,25,24,146,159,110,143,186,22,98,121,21,55,72,114,23,58,132,181,121,131,151,171,105,106,17,28,117,183,153,20,69,159,12,12,34,41,54,70,146,177,13,104,139,144,126,179,161,19,84,138,9,51,131,8,15,11,67,4,24,86,150,124,168,82,92,102,113,119,140,145,11,0,13,105,115,136,52,68,165,167,13,34,73,97,154,33,50,90,122,163,38,76,79,150,65,80,85,92,115,149,165,26,11,56,138,9,149,46,95,166,171,134,136,163,66,88,91,148,69,86,177,16,89,23,50,93,117,130,39,38,60
131,83,89,168,85,82,106,81,83,189,84,168,80,83,107,133,147,111,113,126,95,161,186,78,91,91,128,72,86,131,151,71,80,108,121,182,69,70,138,186,109,175,64,165,65,114,122,145,182,63,91,111,182,175,61,61,154,165,80,153,164,58,57,82,132,149,154,76,127,60,60,62,86,87,94,98,142,153,145,61,167,178,133,165,89,96,173,82,120,148,56,130,114,161,47,90,97,125,43,133,118,43,153,47,51,52,59,62,66,70,83,117,123,104,45,155,171,125,40,81,115,133,35,81,40,56,127,167,98,34,50,87,37,62,67,105,83,95,100,31,36,81,69,73,166,86,94,166,138,153,27,128,161,168,169,30,27,133,146,98,130,174,27,86,108,26,43,59,101,19,46,120,168,109,118,138,158,92,93,27,19,104,170,140,13,57,146,20,16,22,29,42,57,134,164,13,91,126,131,113,166,148,9,71,125,11,39,118,19,6,24,54,16,12,73,137,111,155,69,79,89,100,106,127,132,24,13,0,92,102,123,39,55,152,154,2,21,60,84,141,20,37,77,109,150,25,63,66,137,52,67,72,79,102,136,152,13,23,44,125,11,136,33,82,153,158,121,123,150,53,75,78,135,56,73,164,14,76,15,38,80,104,117,27,27,48
84,128,102,99,140,133,84,113,107,112,102,97,136,101,79,79,84,77,76,76,82,90,108,138,84,82,74,115,84,73,82,127,88,71,70,103,109,108,74,106,65,96,107,88,98,63,63,73,100,99,66,61,100,94,124,122,77,86,69,77,84,118,114,66,63,73,76,69,60,129,87,84,61,60,57,55,67,74,68,80,85,94,60,83,53,51,89,55,52,68,78,55,47,77,87,46,44,51,102,55,46,88,69,79,73,71,63,59,57,53,44,44,47,39,122,69,84,46,116,41,40,51,98,40,78,59,45,80,33,109,63,34,78,49,45,32,34,30,30,86,77,33,40,38,77,29,27,77,51,64,86,42,72,78,79,113,108,46,57,23,43,83,109,24,26,110,58,41,21,94,53,32,77,23,31,48,67,16,16,115,82,19,78,49,91,39,55,109,103,74,67,53,38,43,73,99,11,36,41,23,75,57,88,22,34,100,54,27,110,91,115,38,107,81,19,45,19,63,23,13,3,8,14,35,40,116,105,92,0,10,31,53,37,60,62,92,71,32,8,49,72,55,15,17,58,67,29,26,45,40,25,21,14,11,44,60,80,114,49,34,100,45,61,13,62,67,31,33,59,41,21,19,44,39,23,73,97,21,88,59,19,18,28,71,72,50
84,135,108,94,149,141,87,120,114,106,108,91,144,108,82,77,80,79,78,76,87,85,101,146,89,87,73,123,89,71,77,135,95,73,70,96,117,116,71,98,67,89,115,81,106,63,62,68,93,107,70,62,92,86,133,131,71,79,75,70,77,127,123,71,59,67,70,76,57,138,95,91,66,65,61,58,61,68,62,88,77,86,55,75,57,54,81,61,49,61,86,51,45,70,96,50,46,46,111,49,43,97,61,88,81,80,71,67,64,60,49,41,42,39,132,61,75,41,125,46,37,44,108,45,87,67,39,71,34,118,72,38,88,57,53,31,39,32,31,96,86,39,48,45,68,34,30,68,43,55,95,35,62,69,70,122,117,38,48,24,35,74,119,29,22,120,67,50,20,104,63,25,68,19,23,39,58,19,19,125,92,15,69,40,101,49,45,119,113,84,77,63,48,33,63,109,16,26,31,15,65,47,98,32,24,110,64,17,120,101,125,48,117,91,29,35,9,53,33,23,13,2,4,25,30,126,115,102,10,0,21,63,47,50,52,102,81,42,18,39,82,65,25,8,48,77,39,36,35,50,35,30,24,5,34,50,90,124,59,24,110,35,71,22,52,57,21,23,49,51,30,27,35,49,32,63,107,30,98,68,27,14,20,80,82,59
87,153,122,86,167,158,97,137,130,93,124,83,162,123,91,78,77,87,85,79,99,77,89,165,102,100,75,141,103,72,72,154,110,81,74,83,134,133,69,84,74,76,133,70,123,69,65,63,78,125,82,68,78,73,152,150,62,67,89,61,65,146,142,86,57,59,60,91,57,158,112,109,79,78,72,68,55,58,54,106,63,70,51,61,70,65,66,75,51,51,104,47,48,55,115,62,57,44,130,43,44,116,48,107,100,98,89,85,81,77,64,42,41,47,152,47,58,37,146,62,39,36,128,61,107,86,34,53,45,139,91,53,108,76,71,39,55,45,41,116,106,55,66,63,50,49,43,49,29,38,116,25,44,50,51,143,138,25,32,36,24,54,140,46,28,141,87,70,31,124,83,20,48,24,19,23,38,36,35,146,113,25,48,21,122,69,26,140,134,105,98,84,68,16,43,129,35,11,14,14,44,27,119,53,8,131,85,9,141,122,146,69,138,112,50,14,12,32,54,44,34,23,17,4,9,147,136,123,31,21,0,84,68,29,31,123,102,63,39,18,103,86,46,14,27,98,60,57,15,71,56,51,44,22,14,29,111,145,80,7,131,15,91,42,31,36,10,10,29,72,50,47,16,69,52,43,128,50,119,89,46,24,16,101,102,80
105,95,84,136,103,97,87,85,83,155,81,135,98,80,86,104,116,88,89,98,78,128,151,98,76,76,99,82,73,101,118,89,71,83,93,147,77,76,106,151,82,140,73,130,68,85,91,112,146,67,68,82,146,139,82,81,119,130,61,119,128,77,74,61,99,115,119,58,94,85,58,57,62,63,67,70,107,118,110,54,131,141,99,129,62,67,137,57,86,112,49,95,80,125,50,60,66,90,59,97,83,49,116,44,42,41,41,42,43,45,53,82,87,70,74,118,134,89,68,50,79,96,53,50,39,35,90,130,63,61,33,53,37,35,38,69,49,60,64,41,35,48,38,40,128,51,58,128,101,115,39,91,123,130,131,62,58,95,108,61,92,135,59,50,71,59,21,27,64,44,20,81,130,71,80,100,119,55,56,63,32,66,131,101,40,21,107,57,51,24,18,13,21,95,126,47,52,88,93,75,127,109,36,33,86,48,8,79,57,39,62,16,54,28,34,98,72,116,30,40,50,61,67,88,93,63,52,39,53,63,84,0,16,113,115,39,18,21,45,102,19,3,38,70,111,14,24,27,98,14,28,33,40,63,97,113,27,61,7,86,48,97,11,44,114,119,82,84,111,16,36,39,97,19,35,125,45,38,36,14,42,65,78,21,23,16
97,103,87,124,113,107,83,92,88,141,84,123,108,83,81,94,105,81,82,89,76,116,138,109,75,74,89,90,72,91,106,99,73,76,84,133,84,84,95,137,73,127,81,117,74,75,80,99,132,74,63,73,132,125,94,92,106,116,59,105,114,88,85,58,86,101,105,57,82,98,64,62,57,57,60,61,94,104,97,58,117,127,86,114,54,58,122,51,74,98,54,82,68,110,59,51,55,77,70,84,70,59,101,51,48,47,43,42,41,41,45,69,73,57,88,103,119,74,82,41,65,82,66,40,48,37,76,114,50,75,37,42,47,32,32,55,38,47,51,53,45,37,30,31,113,39,45,113,85,100,52,76,107,114,115,77,72,80,92,47,77,119,74,36,56,74,27,21,49,59,24,66,114,55,65,84,104,40,41,79,47,51,115,85,55,14,91,72,66,38,32,20,13,79,110,62,37,72,77,59,112,94,52,18,71,64,19,64,73,54,78,6,70,44,19,82,56,100,14,24,34,45,51,72,77,79,68,55,37,47,68,16,0,97,99,55,34,5,29,86,35,18,22,54,95,30,9,11,82,5,13,17,24,47,81,97,43,77,13,70,63,81,24,28,98,103,67,69,95,10,21,24,81,11,20,110,60,23,52,24,27,50,62,35,36,18
99,178,146,84,193,184,117,162,154,83,148,80,188,147,110,90,83,105,103,93,121,77,78,191,124,122,88,167,126,83,74,181,134,100,89,73,160,159,77,72,93,67,160,65,149,86,79,66,66,151,104,86,65,62,179,177,61,60,114,60,59,173,169,110,67,60,59,116,69,186,139,135,103,102,94,89,59,56,57,132,53,56,60,52,93,87,53,99,66,50,131,57,66,46,142,86,79,57,158,51,60,144,42,134,128,126,116,112,108,103,89,59,55,69,180,39,42,50,174,87,57,44,156,87,135,114,46,37,69,167,119,78,136,103,98,61,81,69,65,144,134,82,94,90,31,75,68,30,31,27,144,37,27,30,30,172,167,33,26,62,34,31,169,73,51,169,116,98,57,153,112,39,25,49,40,24,19,63,62,175,142,52,23,20,151,98,16,169,163,134,127,113,97,23,18,158,63,29,24,41,18,11,148,81,28,160,114,35,170,151,175,98,167,141,79,16,41,4,83,73,63,52,46,25,20,176,165,152,60,50,29,113,97,0,2,152,131,92,68,11,132,115,75,43,3,127,89,86,15,100,85,80,73,50,16,4,140,174,109,28,160,17,120,70,8,10,32,30,9,100,79,76,20,98,81,16,156,78,148,118,74,51,38,130,131,108
100,180,147,84,195,186,118,163,156,83,149,80,190,149,111,91,83,106,104,94,122,77,78,193,126,124,89,169,128,84,75,182,136,101,90,72,162,161,78,72,94,67,162,65,151,87,80,67,65,153,106,87,64,62,181,179,61,60,115,60,59,175,171,111,68,60,59,118,70,188,141,137,104,103,96,91,60,56,57,134,53,55,61,52,95,88,52,101,67,51,133,58,67,46,144,87,81,58,160,52,62,146,43,136,130,128,118,114,110,105,91,60,56,70,182,39,41,52,176,89,58,45,158,89,137,115,47,36,71,169,121,80,138,105,100,63,83,71,67,146,136,84,96,92,31,77,70,30,32,27,146,38,26,29,29,174,169,34,27,64,35,30,171,75,53,171,118,100,59,155,114,41,24,51,42,25,18,65,64,177,144,53,22,21,153,100,17,170,165,136,129,115,99,25,16,160,65,30,26,42,16,12,150,83,30,162,116,37,172,153,177,100,169,143,81,17,43,3,85,75,65,54,48,27,22,178,167,154,62,52,31,115,99,2,0,154,133,94,70,13,134,117,77,45,4,129,91,88,17,102,87,82,75,52,18,4,142,176,111,30,162,19,122,72,8,9,34,32,10,102,81,78,21,100,83,15,158,80,150,120,76,53,40,132,133,110
133,85,91,169,87,84,108,83,85,190,86,169,82,85,109,134,148,112,115,127,96,162,187,80,93,93,129,74,87,132,152,73,81,109,122,183,71,72,139,187,110,176,66,166,67,115,123,146,183,65,93,112,182,175,63,63,155,166,81,154,164,60,59,83,133,150,155,77,128,62,62,64,87,88,95,99,142,154,146,62,168,178,134,166,90,97,174,83,120,149,57,131,115,162,49,91,98,126,45,134,118,45,153,48,52,53,60,64,67,71,84,118,123,104,47,155,172,125,42,82,115,134,37,82,42,57,127,168,98,36,51,88,39,63,68,105,83,96,100,33,37,82,70,73,167,87,95,167,139,154,29,129,161,168,169,32,29,134,146,98,130,174,28,86,109,28,44,60,101,21,47,120,168,109,119,138,158,93,94,28,20,104,170,140,15,57,146,21,17,24,30,42,58,134,165,14,91,127,132,114,166,148,11,72,125,12,39,118,20,8,24,54,16,13,73,137,111,155,69,79,89,100,106,127,132,24,13,2,92,102,123,39,55,152,154,0,21,60,84,141,20,37,77,109,150,25,63,66,137,52,67,72,79,102,136,152,13,23,43,125,10,136,33,82,153,158,121,123,150,53,75,78,135,56,73,164,12,76,13,37,80,104,117,26,26,47
117,89,86,151,94,90,96,82,82,171,81,151,89,80,96,118,131,98,100,111,85,143,168,88,82,82,113,76,78,115,134,80,74,94,106,164,72,72,121,167,94,157,68,147,65,98,106,127,163,63,79,96,163,156,72,71,136,146,69,135,145,67,65,70,114,131,136,65,110,73,57,58,73,73,79,83,123,134,127,55,148,158,115,146,74,80,154,68,102,129,50,111,96,142,46,74,80,106,50,114,99,44,133,42,43,44,47,50,52,55,67,98,104,85,60,135,151,105,54,64,96,114,43,64,36,43,107,147,79,47,38,69,33,47,50,86,64,76,81,33,31,63,52,55,146,68,75,146,118,133,29,108,141,147,148,47,43,113,126,78,110,153,43,66,88,44,28,41,81,30,30,99,148,88,98,118,137,72,73,46,20,84,149,119,24,37,125,40,34,14,15,24,38,113,144,30,70,106,111,93,145,127,20,51,104,30,19,97,40,22,45,34,36,12,52,116,90,134,48,58,68,79,85,106,111,45,34,21,71,81,102,18,34,131,133,21,0,39,63,120,1,16,56,88,129,4,42,45,116,31,46,51,58,81,115,131,10,43,23,104,30,115,13,61,132,137,100,102,129,32,54,57,114,35,52,143,27,55,20,18,59,83,96,13,14,28
95,107,89,121,117,111,83,95,91,138,87,120,112,86,80,92,102,81,82,88,77,112,134,113,76,75,87,94,74,88,103,103,75,75,82,130,88,87,92,133,72,123,85,113,78,74,78,96,128,78,64,71,128,121,98,97,102,112,60,102,111,92,89,59,83,98,102,59,79,102,67,65,57,57,59,60,90,100,93,61,113,123,82,111,54,56,118,51,71,94,57,78,65,106,63,50,53,73,75,80,67,63,97,55,51,50,45,44,43,42,44,65,70,55,93,98,114,71,87,40,62,78,70,39,52,39,72,110,47,80,40,40,52,34,33,52,36,44,47,58,50,35,30,31,108,36,42,108,81,95,57,71,103,109,110,82,77,76,88,43,72,115,79,33,52,79,31,22,45,64,28,62,109,51,60,80,99,36,37,84,52,46,110,81,60,16,86,77,71,43,37,24,15,74,105,67,33,67,72,54,107,89,57,15,66,69,24,59,78,60,83,9,75,49,14,77,51,95,9,19,29,40,46,67,72,84,73,60,32,42,63,21,5,92,94,60,39,0,24,81,40,23,17,49,90,35,4,6,77,9,8,12,19,42,76,92,48,82,18,65,68,76,29,23,93,98,62,64,90,12,17,19,76,11,16,104,65,19,56,28,22,45,57,39,40,21
88,123,99,105,135,128,84,109,103,120,98,103,130,98,80,83,89,78,78,80,81,96,115,132,82,80,78,110,81,77,88,122,85,72,74,111,104,103,79,113,67,104,102,95,93,66,67,79,108,94,65,64,107,101,118,116,84,93,67,83,91,112,108,64,69,80,83,67,65,123,82,79,60,59,58,56,73,81,75,76,92,102,66,90,53,52,97,54,57,75,73,61,51,85,81,46,46,57,95,62,51,82,76,73,68,66,59,55,53,50,43,49,53,43,115,77,92,52,109,40,45,58,92,39,72,54,52,88,36,102,57,34,72,45,41,37,33,33,34,79,70,32,37,34,85,29,30,85,59,73,79,50,80,86,87,105,100,54,65,27,51,91,102,24,33,103,51,36,27,87,47,40,86,30,39,57,75,19,20,107,75,25,87,57,83,33,63,101,95,66,60,46,31,51,81,91,14,44,49,31,83,65,81,16,42,92,47,35,102,83,107,31,99,73,13,53,27,71,15,6,6,16,22,43,48,108,97,84,8,18,39,45,29,68,70,84,63,24,0,57,64,47,7,25,66,59,21,18,53,32,17,12,6,18,52,68,72,106,41,41,92,52,52,7,69,74,38,40,66,33,13,11,52,31,16,81,89,14,80,50,13,22,34,62,64,41
95,169,137,85,183,175,110,153,145,87,139,81,179,138,103,86,81,98,97,88,113,77,82,182,116,114,83,157,118,79,73,171,126,93,83,77,151,150,74,77,86,71,150,67,140,80,73,65,71,142,96,79,70,66,169,168,61,62,105,60,61,163,159,101,63,59,59,107,64,176,129,126,94,93,86,81,57,56,55,123,57,61,56,55,85,79,58,91,60,50,121,53,59,49,132,77,71,52,148,47,54,134,43,124,118,116,107,102,98,94,80,52,49,61,170,41,48,45,163,78,50,40,146,77,124,103,41,43,60,157,108,69,125,93,88,53,72,60,56,134,124,72,84,80,38,66,59,37,28,30,134,31,32,37,37,161,156,28,26,52,28,40,158,63,42,159,105,88,47,143,101,31,33,39,31,20,25,53,52,164,131,42,33,16,140,87,16,158,152,123,116,102,86,16,27,148,53,20,16,30,28,13,137,71,19,149,103,25,159,140,164,87,156,130,68,6,30,15,72,62,52,41,35,14,9,165,154,141,49,39,18,102,86,11,13,141,120,81,57,0,121,104,64,32,9,116,78,75,4,89,74,69,62,39,6,11,129,163,98,17,149,8,109,59,14,18,22,20,12,89,68,65,11,87,70,25,145,67,137,107,63,40,28,119,120,97
119,90,87,153,95,90,97,83,83,172,82,152,90,81,97,119,132,100,102,112,87,145,169,89,84,84,114,77,79,117,135,81,75,96,108,165,73,73,122,169,95,158,68,148,66,100,107,129,164,64,80,97,164,157,72,71,137,148,70,136,146,68,66,72,116,132,137,67,111,73,58,59,74,75,81,84,125,136,128,56,149,160,116,147,76,82,155,69,103,130,51,113,98,143,47,75,82,108,50,116,101,44,134,43,44,45,49,51,54,57,68,100,105,87,60,136,153,107,54,66,97,115,43,65,37,44,109,149,80,47,39,70,34,48,52,87,66,77,82,33,32,64,53,56,147,69,76,147,120,134,30,110,142,149,150,47,43,114,127,79,111,154,43,68,90,43,29,43,82,30,31,100,149,89,99,119,138,73,74,46,20,85,150,120,24,38,126,39,34,15,16,25,39,114,145,30,71,107,112,94,147,129,19,52,106,30,21,99,39,21,44,35,36,11,53,117,91,135,49,59,69,80,86,107,112,44,33,20,72,82,103,19,35,132,134,20,1,40,64,121,0,17,57,89,130,5,43,46,117,32,47,52,59,82,116,132,9,42,23,105,28,116,13,62,133,138,101,103,130,33,55,58,115,36,53,144,26,56,19,19,60,84,97,12,13,28
108,96,86,139,103,98,90,87,85,158,82,138,98,81,89,107,119,90,92,101,81,131,154,98,79,78,102,83,75,104,121,89,73,86,96,150,78,77,109,153,84,143,74,133,69,88,94,114,149,68,71,85,148,142,82,81,122,132,64,121,131,77,74,64,102,117,122,61,97,85,59,59,65,65,70,73,110,120,113,55,134,144,102,132,65,70,139,60,89,115,50,98,83,127,51,63,69,93,59,100,86,50,118,45,43,43,43,44,46,47,56,85,90,72,73,120,136,91,67,53,82,99,53,52,40,38,93,132,66,60,35,56,38,38,40,72,52,62,67,41,36,50,40,43,131,54,61,130,103,118,39,93,125,132,133,61,57,98,110,64,95,137,58,52,73,58,23,30,66,43,23,84,132,73,83,102,122,57,58,62,32,68,133,103,38,24,109,55,49,23,19,15,24,97,128,45,55,90,95,77,130,112,35,36,89,46,10,82,56,37,61,19,52,27,37,100,74,118,32,42,52,63,69,90,95,61,50,37,55,65,86,3,18,115,117,37,16,23,47,104,17,0,40,72,113,12,26,29,100,15,30,35,42,65,99,115,25,59,7,88,45,99,8,45,116,121,84,86,113,17,38,41,98,20,36,127,42,39,34,11,43,67,80,18,20,15
90,119,97,110,130,123,84,105,100,125,96,108,126,95,80,86,93,79,79,82,80,102,121,127,81,79,81,106,79,81,93,117,83,73,76,117,100,99,83,119,69,110,98,101,89,68,71,85,114,90,65,66,114,107,113,111,90,99,65,89,97,107,103,63,73,86,89,64,70,117,78,75,59,59,58,57,79,87,81,72,99,108,71,97,53,53,104,53,61,81,69,67,56,92,76,47,48,62,90,67,56,77,83,68,63,62,55,52,50,47,43,54,58,46,109,84,99,58,103,39,50,64,86,38,66,50,58,95,39,96,52,35,66,41,38,41,33,35,38,73,64,32,34,33,92,30,33,92,66,79,73,56,87,93,94,99,94,60,72,32,57,98,95,26,38,96,45,31,32,80,41,47,93,37,45,64,82,24,24,101,68,32,94,64,77,27,70,94,88,60,53,40,26,58,88,84,19,51,56,38,90,72,74,13,49,86,40,42,95,77,100,24,92,66,8,60,34,78,9,4,13,23,29,50,55,101,90,77,15,25,46,38,22,75,77,77,56,17,7,64,57,40,0,32,73,52,14,11,60,25,10,5,3,25,59,75,65,99,34,48,85,59,45,8,76,81,45,47,73,26,9,8,59,24,10,87,82,10,73,43,11,28,41,55,57,35
87,143,115,94,156,148,93,128,121,104,115,91,151,115,87,80,82,84,83,80,93,85,99,154,95,93,76,131,96,74,78,143,102,78,74,94,124,123,73,96,71,87,123,80,113,67,65,69,90,115,76,66,89,84,140,139,70,77,81,69,75,134,131,78,61,67,69,83,59,146,102,99,72,72,67,63,61,66,62,95,74,82,56,72,64,59,78,67,52,60,93,51,48,66,103,56,52,48,118,49,45,105,58,95,89,87,79,75,71,67,56,43,44,44,139,58,71,41,133,53,39,43,115,52,95,75,39,66,40,126,79,45,95,65,60,35,46,38,36,103,94,46,55,52,63,40,36,63,40,51,103,33,57,64,64,130,125,35,44,30,32,68,126,36,25,127,75,58,25,111,71,24,62,21,22,35,52,26,25,132,100,19,63,34,108,56,39,126,120,91,84,71,55,28,57,116,24,22,26,14,58,41,106,40,19,117,72,13,127,108,132,56,124,98,37,29,5,46,40,30,20,10,5,18,23,133,122,109,17,8,14,70,54,43,45,109,88,49,25,32,89,72,32,0,41,84,46,43,28,57,42,37,30,7,27,43,97,131,66,16,117,27,77,28,44,49,14,16,42,58,36,33,27,55,38,56,113,35,105,75,32,13,13,87,88,65
100,177,145,86,192,183,117,161,153,86,147,82,187,146,110,90,84,105,103,93,121,78,81,190,124,122,88,166,126,84,76,180,134,100,89,75,159,158,78,75,93,69,159,67,148,86,79,68,68,150,104,86,67,65,178,176,63,62,113,62,61,172,168,109,68,61,60,115,69,184,138,134,102,101,94,89,60,57,58,131,56,59,60,54,93,86,55,99,66,52,130,58,66,48,141,85,79,57,157,52,60,143,44,133,127,125,115,111,107,102,88,59,55,68,179,41,44,51,172,86,57,45,155,86,133,112,46,40,68,166,117,77,134,102,97,60,80,68,64,143,133,81,92,89,34,74,67,33,32,29,143,37,29,32,33,170,165,33,28,61,34,34,167,72,51,168,114,97,56,152,110,39,28,48,39,25,21,62,61,173,140,50,26,20,149,96,17,167,161,132,125,111,95,23,21,157,62,28,24,39,21,12,146,80,27,158,112,34,168,149,173,96,165,139,77,14,39,7,81,71,61,50,44,23,18,174,163,150,58,48,27,111,95,3,4,150,129,90,66,9,130,113,73,41,0,125,87,84,13,98,83,78,71,48,14,3,138,172,107,25,158,15,118,68,7,10,30,28,7,98,76,73,17,95,79,17,154,76,145,116,72,48,36,128,129,106
116,92,87,149,98,93,96,85,84,168,83,148,93,82,95,116,129,98,99,110,86,141,165,92,83,83,111,79,78,113,131,84,75,93,105,161,75,75,119,165,93,154,71,144,67,97,104,125,160,66,78,94,160,153,76,75,133,144,69,132,142,71,69,70,112,128,133,65,107,77,59,59,72,72,78,81,121,131,124,56,145,155,112,143,73,79,151,67,99,126,51,109,94,139,49,72,78,104,53,111,97,46,130,44,44,45,48,50,52,54,65,96,101,83,65,132,148,103,59,62,93,110,46,62,38,42,104,144,77,52,38,67,35,45,49,83,62,73,78,36,33,61,50,53,143,65,72,142,115,130,33,105,137,144,145,51,47,110,122,75,106,149,48,64,85,48,27,39,78,34,29,96,144,85,95,114,134,69,70,51,24,80,145,115,29,34,121,44,38,17,16,22,35,109,140,34,67,102,107,89,142,124,24,48,101,35,17,94,44,26,49,30,41,16,49,112,86,130,44,54,64,75,81,102,107,49,38,25,67,77,98,14,30,127,129,25,4,35,59,116,5,12,52,84,125,0,38,41,112,27,42,47,54,77,111,127,13,47,18,100,33,111,9,57,128,133,96,98,125,28,49,52,110,31,48,139,30,51,22,14,55,79,92,11,12,23
96,110,92,120,121,114,85,98,94,137,90,119,116,89,82,93,102,82,83,88,79,112,133,117,79,77,88,97,76,89,103,107,78,76,82,128,91,91,92,131,73,121,89,112,81,74,78,95,127,81,65,72,126,120,102,100,101,111,63,100,109,96,93,61,83,97,101,61,79,106,70,68,59,59,60,61,89,99,92,64,111,121,81,109,55,57,116,53,70,93,61,77,65,104,66,51,54,72,79,79,66,67,95,59,54,53,48,46,45,44,45,64,69,54,97,97,112,69,90,41,61,76,74,40,56,42,70,108,47,83,44,40,55,36,35,51,37,43,47,62,53,35,32,32,106,36,41,106,79,93,60,69,100,107,108,86,81,74,86,42,70,112,82,33,50,83,35,25,43,67,31,60,107,49,58,77,96,34,35,87,55,44,108,78,63,19,84,81,75,47,40,28,17,72,102,71,31,65,70,52,104,86,60,14,63,72,27,56,82,63,86,13,78,53,13,74,48,92,8,17,26,37,43,64,69,87,76,63,29,39,60,24,9,89,91,63,42,4,21,78,43,26,14,46,87,38,0,3,74,11,4,9,16,39,73,89,51,85,20,62,71,73,31,20,90,95,58,60,87,13,13,16,72,11,12,101,68,15,59,30,19,41,54,41,43,22
95,112,93,118,123,116,85,100,95,134,91,117,118,90,81,91,100,81,82,87,79,110,131,119,79,78,86,99,77,87,101,109,79,76,81,126,93,93,90,129,72,119,91,110,83,73,77,93,124,83,65,70,123,117,104,103,99,108,63,98,107,98,95,61,81,94,98,62,77,108,72,70,59,59,60,60,87,96,89,66,109,118,79,106,55,56,114,53,68,90,62,75,63,102,69,50,52,70,81,76,64,69,93,61,56,55,50,48,46,45,45,62,67,52,99,94,109,67,93,41,59,74,77,40,58,44,68,105,45,86,46,39,58,37,36,49,36,42,45,64,56,34,32,32,103,35,39,103,76,90,63,67,97,104,105,89,84,71,83,40,68,109,85,31,48,86,37,26,41,70,33,57,104,47,56,74,93,32,33,90,58,42,105,75,66,20,81,84,78,50,43,31,19,69,99,74,28,62,67,49,101,83,63,13,60,75,30,53,85,66,89,15,81,56,11,71,45,89,6,14,24,34,40,61,66,90,79,66,26,36,57,27,11,86,88,66,45,6,18,75,46,29,11,43,84,41,3,0,71,14,1,6,13,36,70,86,54,88,23,59,74,70,34,17,87,92,55,57,84,16,11,13,69,14,10,98,71,13,62,33,16,38,51,44,46,24
95,167,136,87,181,172,109,151,143,91,137,84,176,136,102,86,82,98,96,88,112,79,86,179,115,112,83,155,116,80,75,168,124,92,83,80,148,147,75,80,85,74,148,70,137,79,73,66,74,139,95,78,73,69,166,165,63,65,103,62,64,160,156,99,64,61,61,105,64,172,127,123,92,92,85,80,58,58,57,120,60,65,57,59,83,77,61,89,60,52,119,53,59,52,129,75,69,52,145,48,53,131,46,121,115,113,104,99,96,91,78,52,49,59,166,44,52,45,160,75,49,41,142,75,121,100,41,47,58,153,105,67,122,90,85,51,69,58,54,130,121,69,81,77,42,63,56,41,30,33,130,31,36,41,42,158,153,29,29,50,28,44,154,60,40,155,102,84,45,139,98,30,38,37,30,22,29,50,49,160,127,39,37,18,136,84,19,154,148,119,112,98,83,16,31,144,49,19,16,28,32,17,134,67,17,145,100,22,155,136,160,83,152,126,64,7,27,19,68,58,48,37,31,11,7,161,150,137,45,35,15,98,82,15,17,137,116,77,53,4,117,100,60,28,13,112,74,71,0,85,70,65,58,35,1,15,125,159,94,12,145,4,105,55,17,22,17,15,14,85,63,60,7,82,65,28,141,63,132,102,59,35,23,115,116,93
102,105,90,129,114,108,88,94,90,146,87,128,109,86,85,99,110,86,87,94,80,120,143,110,79,78,94,92,76,96,111,100,76,81,89,138,86,86,100,141,78,131,83,121,76,80,85,104,137,76,68,78,136,129,94,93,110,120,63,110,119,88,86,62,91,106,110,61,87,98,66,64,62,62,65,66,99,108,101,61,121,131,90,119,59,63,127,56,79,103,56,86,73,114,60,56,60,81,71,88,75,60,106,53,50,49,46,45,45,45,50,73,78,62,87,107,123,79,81,46,70,86,66,45,49,40,80,119,55,74,40,47,48,36,37,60,43,52,55,53,46,42,35,36,117,44,50,116,90,104,52,80,111,118,119,76,71,84,96,51,81,123,72,41,60,73,29,25,53,57,26,70,117,60,69,88,107,44,45,77,46,55,119,89,53,18,95,70,64,37,31,21,17,83,113,60,41,76,81,63,115,97,50,23,74,61,18,67,71,52,76,10,68,42,23,85,59,103,18,28,37,48,54,75,80,76,65,52,40,50,71,14,5,100,102,52,31,9,32,89,32,15,25,57,98,27,11,14,85,0,15,20,27,50,84,100,40,74,9,73,60,84,20,30,101,106,69,71,98,6,23,26,83,8,21,112,57,24,48,19,28,52,65,31,32,13
95,114,94,118,124,117,86,101,97,134,93,117,120,92,82,92,100,82,83,87,81,110,130,121,80,79,87,101,78,87,101,110,80,76,82,126,95,94,90,129,73,119,92,109,84,74,77,93,124,85,66,71,123,117,106,104,99,108,64,98,107,100,97,63,81,94,98,63,77,110,73,71,60,60,61,61,87,96,89,67,108,118,79,106,55,57,113,54,68,90,64,75,63,101,70,50,53,70,82,76,64,70,92,62,58,56,51,49,47,46,45,62,67,53,101,93,109,67,94,41,59,73,78,40,60,45,67,105,45,87,47,40,59,38,37,49,36,42,45,66,57,35,33,33,102,35,39,102,76,90,64,66,97,103,104,90,85,70,82,40,67,109,86,31,47,87,38,27,41,71,35,56,103,46,55,74,93,32,33,91,59,41,104,74,67,22,80,85,79,51,44,32,20,68,98,75,28,61,66,48,100,82,64,14,59,76,31,52,86,67,91,16,82,57,11,70,45,88,6,13,23,34,39,60,65,91,80,67,25,35,56,28,13,85,87,67,46,8,17,74,47,30,10,42,83,42,4,1,70,15,0,5,12,35,69,85,55,89,24,58,75,69,35,16,86,91,54,56,83,16,9,12,68,14,9,97,71,11,63,33,15,37,50,45,46,25
94,117,96,115,128,121,86,104,99,130,95,113,123,94,82,90,98,81,82,86,81,106,127,124,81,80,85,104,80,85,97,114,82,76,80,122,98,97,88,125,72,115,95,106,87,72,75,89,120,88,66,69,119,113,110,108,95,104,65,94,103,104,100,63,78,91,94,65,74,114,76,74,60,60,60,60,83,92,86,70,104,113,76,102,55,56,109,54,65,86,67,71,60,97,74,49,51,67,87,72,60,74,88,66,61,60,54,51,49,47,45,59,63,50,105,89,104,63,99,41,55,69,82,40,63,48,63,100,43,92,50,38,63,40,38,46,35,39,42,70,61,34,34,33,98,34,37,97,71,85,69,62,92,99,100,95,90,66,78,36,63,104,91,29,43,92,42,30,37,76,38,52,98,42,51,69,88,28,29,96,64,37,99,70,72,25,75,90,84,56,49,36,23,63,94,80,24,56,61,44,95,77,69,13,55,81,36,48,91,72,96,21,87,62,9,65,40,83,7,9,18,29,35,55,60,96,85,72,21,30,51,33,17,80,82,72,51,12,12,69,52,35,5,37,78,47,9,6,65,20,5,0,7,30,64,80,60,94,29,53,80,64,40,11,81,86,49,51,78,21,6,8,63,18,7,92,76,9,68,38,11,32,45,50,51,29
92,122,99,111,133,126,87,108,103,125,98,109,128,97,82,87,94,81,81,84,83,102,121,130,83,82,82,109,82,82,93,119,85,75,78,116,103,102,84,119,70,109,100,100,92,70,72,85,114,93,67,67,113,107,115,114,90,99,67,89,97,109,106,65,74,86,89,67,70,120,81,78,61,61,60,59,79,87,81,75,98,107,71,96,55,55,103,56,62,81,71,67,56,91,79,49,50,62,92,67,56,80,82,71,66,64,58,55,52,50,45,55,58,47,112,83,98,58,105,41,51,64,89,40,69,52,58,94,40,98,55,37,69,44,41,42,35,37,38,76,67,34,37,35,91,32,34,91,65,78,75,56,85,92,93,101,96,60,71,32,56,97,98,27,38,98,48,34,32,83,44,46,91,36,44,62,81,24,25,103,71,31,92,63,79,30,68,97,91,62,56,43,29,57,87,86,19,50,54,37,88,70,76,15,48,88,43,41,98,79,102,27,94,69,11,59,33,76,12,6,12,22,28,48,53,103,92,79,14,24,44,40,24,73,75,79,58,19,6,62,59,42,3,30,71,54,16,13,58,27,12,7,0,23,57,73,67,101,36,46,87,57,47,5,74,79,42,44,71,28,8,6,56,25,10,85,83,9,75,45,9,26,38,57,58,36
89,139,112,98,151,144,92,124,117,109,112,96,147,111,86,82,85,84,83,81,91,89,105,149,93,91,78,126,93,76,82,138,99,78,75,100,120,119,76,102,72,93,118,85,109,68,67,73,96,110,74,67,95,90,135,133,75,82,79,75,81,129,125,75,64,72,74,80,62,140,98,94,70,69,65,62,66,72,67,91,81,89,60,78,62,59,84,65,54,65,89,55,50,73,98,54,51,51,113,54,48,99,64,90,84,82,74,70,67,64,54,46,47,44,133,64,78,45,127,50,42,49,110,49,89,70,44,73,39,120,74,43,90,60,56,36,43,37,36,97,88,43,51,48,70,38,34,70,46,58,97,38,64,71,72,123,119,41,51,29,38,75,120,33,27,121,69,52,25,105,65,29,69,24,27,42,59,24,23,126,93,20,70,42,102,50,47,119,113,85,78,64,49,35,64,109,20,29,33,19,66,48,99,34,26,111,65,20,121,102,125,49,117,91,30,36,11,53,34,24,14,6,7,26,31,126,115,102,11,5,22,63,47,50,52,102,81,42,18,39,82,65,25,7,48,77,39,36,35,50,35,30,23,0,34,50,90,124,59,23,110,34,70,20,51,56,20,22,48,50,29,26,34,48,31,62,106,28,97,68,25,9,17,80,81,58
96,166,135,89,180,172,109,150,143,92,137,85,176,136,102,87,83,98,96,89,112,80,87,178,115,112,84,155,116,80,76,168,123,92,84,82,148,147,76,82,85,75,147,71,137,79,74,67,76,139,95,79,75,71,166,164,64,66,103,63,65,160,156,99,64,62,62,105,65,172,126,123,92,91,85,80,59,59,58,119,61,66,57,60,83,77,63,88,60,53,118,54,59,53,129,75,69,53,144,49,54,130,47,121,114,112,103,99,95,91,77,52,49,59,166,45,53,45,159,75,49,42,142,75,120,100,41,48,58,153,105,66,121,90,85,51,69,58,54,130,120,69,80,76,43,63,56,43,31,34,130,32,38,42,43,157,152,29,30,50,29,46,153,59,40,154,101,84,45,138,97,30,39,37,30,23,30,50,49,159,127,39,39,19,135,83,20,153,147,118,111,97,82,17,33,143,49,19,17,27,34,18,133,66,17,144,99,22,154,135,159,83,151,125,64,8,26,20,67,57,47,36,31,11,7,160,149,136,44,34,14,97,81,16,18,136,115,76,52,6,116,99,59,27,14,111,73,70,1,84,69,64,57,34,0,16,124,158,93,11,144,3,104,54,17,22,16,14,15,84,62,59,6,81,64,29,140,62,131,101,58,34,22,113,115,92
103,180,148,88,195,186,120,164,156,87,150,84,190,149,112,93,86,108,106,96,123,81,82,193,127,124,91,169,129,87,78,182,136,103,92,77,162,161,81,76,96,71,161,69,151,89,82,70,70,153,107,89,69,66,181,179,65,64,116,64,63,174,171,112,70,64,63,118,72,187,140,137,105,104,97,92,63,60,60,134,57,60,63,56,95,89,57,102,69,54,133,61,69,50,144,88,81,60,159,55,63,145,46,136,129,127,118,113,110,105,91,62,58,71,181,43,46,53,175,89,59,48,157,89,136,115,49,41,71,168,120,80,137,104,100,63,83,71,67,145,135,83,95,91,35,77,70,34,35,31,145,40,31,33,34,172,168,36,30,64,37,34,169,74,53,170,117,99,59,154,113,42,28,51,42,27,23,65,64,175,142,53,26,23,151,99,19,169,163,134,127,113,97,25,21,159,64,31,26,42,21,15,149,82,30,160,115,36,170,151,175,99,167,141,80,17,42,8,83,73,63,52,46,26,21,176,165,152,60,50,29,113,97,4,4,152,131,92,68,11,132,115,75,43,3,127,89,86,15,100,85,80,73,50,16,0,140,174,109,27,160,16,120,70,4,7,31,29,5,100,78,75,18,97,80,14,156,77,147,117,74,50,37,129,130,108
127,91,91,161,94,91,104,86,86,181,86,160,90,86,104,127,140,107,109,120,93,153,178,88,90,90,122,79,85,125,143,80,80,103,116,174,75,75,131,177,103,167,70,157,69,108,115,137,173,67,87,105,173,166,71,70,145,156,77,145,155,67,66,79,124,141,145,73,119,71,62,63,81,82,88,92,133,144,136,61,158,168,125,156,84,90,164,77,112,139,56,121,106,152,50,84,90,116,50,124,109,47,143,48,50,51,55,58,61,64,76,108,114,95,57,145,161,115,52,74,106,123,43,73,41,51,117,157,89,45,46,79,38,56,60,95,74,86,90,35,36,73,61,65,156,77,85,156,128,143,31,118,150,157,158,42,39,123,135,88,120,163,39,76,98,39,37,51,91,28,39,109,157,98,108,127,147,82,83,40,21,93,158,129,21,47,134,33,28,19,23,33,48,122,153,25,80,115,120,102,155,137,16,61,114,24,29,107,32,16,37,43,29,10,62,125,99,143,57,67,77,88,94,115,120,36,26,13,80,90,111,27,43,140,142,13,10,48,72,129,9,25,65,97,138,13,51,54,125,40,55,60,67,90,124,140,0,34,31,113,20,124,20,70,141,146,109,111,138,40,62,65,123,43,60,152,17,63,11,24,67,91,104,14,14,34
153,92,105,191,89,88,127,93,97,212,99,191,85,99,128,155,169,132,135,148,115,183,209,81,110,111,150,83,105,153,174,77,98,129,143,205,82,82,160,209,131,199,76,188,80,136,145,168,205,77,113,134,205,198,66,66,177,188,101,176,187,65,66,103,155,172,177,96,150,62,78,80,108,108,116,121,165,176,168,79,190,201,156,188,112,119,196,104,142,171,75,153,137,184,64,113,120,148,55,156,141,60,176,66,71,72,80,84,88,92,106,140,146,127,45,178,194,148,43,104,138,156,47,104,60,78,150,190,121,40,72,110,57,85,89,128,106,118,123,49,56,104,92,96,189,109,117,189,161,176,45,151,184,191,192,31,32,156,169,121,153,196,30,109,131,29,66,83,124,34,69,142,191,131,141,161,181,115,116,22,40,127,192,162,31,80,168,20,22,45,52,65,80,156,187,24,113,149,154,136,189,171,30,94,148,20,62,141,14,26,12,77,13,35,96,159,133,177,91,101,111,122,128,149,154,7,11,23,114,124,145,61,77,174,176,23,43,82,106,163,42,59,99,131,172,47,85,88,159,74,89,94,101,124,158,174,34,0,65,147,14,158,54,104,175,180,143,145,172,74,96,99,157,77,94,186,19,97,28,57,101,125,138,46,45,68
108,102,91,137,110,104,92,92,90,155,87,136,105,86,90,106,117,91,93,101,83,129,151,105,82,81,101,89,78,103,119,96,77,86,95,147,84,83,107,150,84,140,80,130,75,87,93,112,145,74,72,84,145,138,89,88,119,129,66,118,128,84,81,66,99,115,119,64,95,92,65,64,66,66,70,72,107,117,110,60,130,140,99,128,65,69,136,61,87,112,56,95,81,123,57,62,67,90,66,97,83,56,115,51,49,48,47,47,48,49,56,82,87,70,81,116,132,88,75,52,79,95,60,52,46,41,89,128,63,67,39,54,44,40,41,69,50,60,64,48,42,49,40,42,126,52,58,126,99,113,46,89,120,127,128,68,64,93,106,60,90,132,65,49,69,65,27,30,62,50,26,79,127,69,78,97,116,53,54,69,39,64,128,98,46,23,104,62,56,31,25,19,23,92,122,52,50,85,90,72,124,106,42,32,83,53,15,76,62,44,67,16,59,34,32,95,69,112,27,37,47,58,64,84,89,67,56,44,49,59,80,7,13,109,111,43,23,18,41,98,23,7,34,66,107,18,20,23,94,9,24,29,36,59,93,109,31,65,0,82,51,93,11,39,110,115,78,80,107,10,31,34,92,13,29,121,47,33,39,11,37,60,73,22,23,9
94,158,129,92,172,164,104,143,136,98,130,89,167,129,98,86,84,94,93,87,106,84,94,170,108,106,82,146,110,79,78,159,116,88,81,88,140,139,76,89,81,81,139,76,129,76,72,69,83,130,89,75,82,78,157,155,68,72,96,67,71,150,147,92,64,65,66,97,64,162,118,114,86,85,79,75,61,64,61,111,68,74,58,66,76,71,70,81,58,57,109,54,56,60,119,69,64,52,135,50,51,121,53,111,105,103,95,90,87,83,70,49,48,54,156,51,62,44,149,67,46,43,132,67,111,91,41,57,52,142,95,59,112,81,76,45,61,51,48,120,110,61,71,68,52,55,49,52,35,42,119,32,47,52,53,146,141,32,36,42,30,56,143,51,35,144,91,74,37,128,87,27,49,31,26,28,40,41,40,149,116,31,49,25,125,73,28,142,136,108,101,87,72,21,43,132,39,18,19,21,44,28,122,56,15,134,88,16,144,125,148,72,140,115,53,16,17,31,57,47,37,26,21,8,11,149,138,125,34,24,7,86,70,28,30,125,104,65,41,17,105,88,48,16,25,100,62,59,12,73,58,53,46,23,11,27,113,147,82,0,133,11,93,43,28,33,5,4,25,73,51,48,11,70,53,39,129,50,120,90,47,23,11,102,103,81
143,91,100,179,91,89,118,90,93,199,94,179,87,93,119,144,158,122,125,137,106,171,196,84,102,103,139,81,97,142,162,78,91,119,132,193,79,79,149,196,120,186,73,175,75,125,133,156,192,72,103,122,192,185,68,67,164,175,91,164,174,65,65,93,143,160,164,87,138,65,71,73,97,98,105,109,152,163,155,72,177,188,144,175,100,107,183,93,130,158,67,140,125,171,58,101,108,135,52,143,128,54,163,58,62,63,70,74,77,81,94,127,133,114,49,165,181,135,45,92,125,143,44,92,52,67,137,177,108,40,61,98,48,73,78,115,93,105,110,42,47,92,80,83,176,97,104,176,148,163,38,138,170,177,178,34,32,143,155,108,139,183,31,96,118,30,54,70,111,28,57,129,177,118,128,147,167,102,103,27,30,113,178,149,23,66,154,22,20,34,39,52,67,142,173,19,100,135,140,122,175,157,20,81,134,15,48,127,17,17,20,63,14,22,82,145,119,163,78,87,97,108,114,135,140,18,9,11,100,110,131,48,63,160,162,10,30,68,92,149,28,45,85,117,158,33,71,74,145,60,75,80,87,110,144,160,20,14,51,133,0,144,40,90,161,166,129,131,158,60,82,85,143,63,80,172,6,83,14,43,87,111,124,32,31,54
98,168,137,92,182,174,111,152,145,95,139,88,177,138,105,89,86,100,99,91,114,83,90,180,117,115,87,156,118,83,79,169,125,95,86,84,149,149,79,85,88,78,149,74,139,82,77,70,78,140,97,81,77,74,167,165,67,69,104,66,68,161,157,101,67,65,65,106,68,173,128,124,94,93,87,82,62,62,61,121,64,69,60,63,85,79,65,90,63,56,119,57,61,56,130,77,71,55,145,52,56,131,50,122,115,114,105,100,97,92,79,55,52,62,166,48,55,48,160,77,52,45,143,76,121,101,44,50,60,153,106,68,122,91,86,53,70,60,56,130,121,70,81,78,46,64,58,45,34,37,130,34,40,45,45,157,152,32,33,51,32,48,154,61,42,155,102,85,46,139,98,32,41,39,32,26,33,51,50,160,127,40,40,22,136,84,23,153,147,119,112,98,82,20,34,143,50,21,20,29,35,21,133,67,19,145,99,23,155,136,160,83,151,126,64,11,27,21,68,58,48,37,31,13,10,160,149,136,45,35,15,97,81,17,19,136,115,76,52,8,116,99,59,27,15,111,73,70,4,84,69,64,57,34,3,16,124,158,93,11,144,0,104,54,17,22,15,13,14,84,62,59,3,81,64,28,140,61,131,101,57,34,21,113,114,91
116,99,92,146,106,101,97,91,90,165,88,146,101,87,96,115,127,98,100,109,88,138,162,100,86,85,110,86,82,112,129,91,79,93,104,157,82,81,117,161,92,150,77,140,74,96,102,122,156,72,79,93,156,149,84,83,129,140,71,129,138,79,77,71,109,125,129,68,105,86,64,64,72,73,78,80,117,128,120,61,141,151,109,139,72,77,146,67,96,122,56,105,91,134,55,71,76,100,61,107,93,53,125,50,49,49,50,52,53,55,64,92,97,80,73,127,143,98,67,61,89,106,54,60,44,45,100,139,73,60,41,64,42,46,48,79,60,70,74,43,40,58,48,51,137,62,68,137,110,124,40,100,131,138,139,60,56,104,117,71,101,144,56,60,80,57,30,38,73,43,30,90,138,80,89,108,128,64,65,59,32,75,139,109,37,32,115,52,47,25,22,22,32,103,134,43,61,96,101,83,135,117,33,43,95,43,17,87,52,34,57,26,49,25,43,106,80,123,38,48,58,69,75,96,100,57,46,33,61,71,91,11,24,120,122,33,13,29,52,109,13,8,45,77,118,9,31,34,105,20,35,40,47,70,104,120,20,54,11,93,40,104,0,50,121,126,89,91,118,20,42,45,103,23,40,132,36,43,27,6,47,71,84,11,12,15
95,127,104,112,138,131,91,113,108,126,103,110,133,102,86,90,96,85,85,87,87,103,122,135,88,86,85,114,87,85,95,124,90,79,81,117,108,107,86,119,74,110,105,101,97,73,75,86,114,98,71,71,113,107,120,118,91,99,72,90,98,114,111,70,76,87,90,72,72,125,86,83,66,66,64,63,80,88,82,80,98,107,73,96,60,59,103,60,64,81,76,68,59,91,84,53,53,64,97,68,58,84,82,76,71,69,63,60,57,55,50,56,60,50,116,83,97,59,110,46,52,64,93,45,74,57,59,93,43,103,60,41,74,49,46,44,39,40,41,81,72,38,42,40,90,36,37,90,64,77,80,56,84,91,92,105,101,59,70,35,56,96,102,31,39,102,53,39,34,87,49,46,89,37,44,61,79,27,27,107,75,32,90,61,83,35,67,100,94,66,60,47,33,55,85,90,22,48,53,36,86,68,80,20,46,91,47,39,101,82,106,31,98,72,16,56,31,74,16,10,12,21,26,46,51,106,95,82,13,22,42,44,28,70,72,82,61,23,7,59,62,45,8,28,68,57,20,17,55,30,16,11,5,20,54,70,70,104,39,43,90,54,50,0,71,76,39,41,68,30,8,5,53,27,10,82,86,8,77,47,6,22,34,59,60,38
107,183,151,92,197,189,123,167,159,91,153,88,193,152,116,97,90,111,109,100,127,85,86,195,130,128,95,171,132,91,82,185,140,106,96,80,165,164,85,80,99,75,164,73,154,92,86,74,73,156,110,92,72,70,183,181,69,68,119,68,67,177,173,115,74,68,67,121,76,189,143,140,108,107,100,95,67,64,65,136,61,63,67,60,99,92,60,105,73,58,135,64,72,54,146,91,85,64,162,59,67,148,50,138,131,130,120,116,112,108,94,65,61,75,183,47,49,57,177,92,63,51,159,91,138,117,53,44,74,170,122,83,139,107,102,66,85,74,70,147,137,86,97,94,39,80,73,38,39,35,147,43,35,36,37,174,169,40,34,66,41,37,171,77,56,172,119,101,61,156,114,45,31,53,45,31,26,67,66,177,144,55,29,27,153,100,23,170,164,136,129,115,99,29,24,160,66,34,30,44,23,19,150,84,33,162,116,38,172,153,177,100,169,143,81,20,43,11,85,75,65,54,48,28,23,177,166,153,62,52,31,114,98,8,8,153,132,93,69,14,133,116,76,44,7,128,90,87,17,101,86,81,74,51,17,4,141,175,110,28,161,17,121,71,0,5,32,30,3,101,79,76,18,98,81,11,157,78,148,118,74,50,37,130,131,108
109,187,155,93,202,193,127,171,163,90,157,89,197,156,120,99,92,115,113,103,131,86,85,200,134,132,98,176,136,93,84,189,144,110,99,80,169,168,87,78,103,74,169,73,158,96,89,76,72,160,114,96,71,69,188,186,70,68,123,69,67,181,178,119,77,69,68,125,78,194,148,144,112,111,104,99,69,65,66,141,61,62,69,60,103,96,60,109,76,60,140,67,76,54,151,95,89,67,166,61,70,152,51,143,136,134,125,120,117,112,98,69,65,78,188,48,48,60,182,96,67,54,164,96,143,122,56,43,78,175,127,87,144,111,107,70,90,78,74,152,142,90,102,98,37,84,77,36,41,36,152,47,34,35,35,179,174,43,36,71,44,35,176,81,61,177,123,106,66,160,119,49,29,58,49,34,26,72,71,182,149,60,26,30,158,105,26,175,169,141,134,120,104,33,22,165,71,38,34,49,21,21,155,89,37,167,121,43,177,158,182,105,173,148,86,24,48,11,90,80,70,59,53,33,28,182,171,158,67,57,36,119,103,10,9,158,137,98,74,18,138,121,81,49,10,133,95,92,22,106,91,86,79,56,22,7,146,180,115,33,166,22,126,76,5,0,37,35,8,106,84,81,23,103,86,7,162,83,153,123,79,55,42,135,136,113
96,157,128,96,170,162,105,141,135,103,129,93,165,128,98,88,87,95,94,89,106,88,98,168,108,106,85,145,109,82,82,157,115,89,83,93,138,137,79,94,82,86,137,80,127,77,74,73,88,128,89,76,87,82,154,153,72,76,95,71,75,148,144,91,67,69,71,96,66,160,116,113,85,85,79,75,65,68,65,109,73,79,61,71,76,72,75,81,60,61,107,57,57,65,117,68,64,54,132,53,53,119,57,109,103,101,93,88,85,81,69,51,50,55,153,56,66,47,146,66,48,47,129,66,108,89,44,62,52,139,93,58,109,79,74,46,59,51,48,117,107,60,69,66,57,54,48,57,39,47,116,35,52,57,58,143,138,35,41,42,34,61,140,50,35,140,88,72,37,124,84,29,54,31,28,32,45,40,39,145,113,31,54,30,121,70,33,139,133,104,98,84,69,25,48,129,37,22,23,22,49,33,118,53,18,130,85,17,140,121,145,69,137,111,50,21,16,36,53,43,34,24,19,13,16,145,134,121,31,21,10,82,67,32,34,121,100,62,38,22,101,84,45,14,30,96,58,55,17,69,54,49,42,20,16,31,109,143,78,5,129,15,89,39,32,37,0,2,29,69,47,44,14,66,49,43,125,46,116,86,42,18,6,98,99,76
97,158,129,96,172,164,106,143,136,102,130,92,167,129,99,88,87,96,94,89,107,87,97,169,109,107,85,146,110,82,82,159,117,90,84,92,140,139,79,93,83,85,138,79,129,78,74,72,87,130,90,77,86,81,156,154,72,76,96,71,74,150,146,93,67,69,70,98,67,162,118,114,86,86,80,76,64,67,64,111,72,78,61,70,77,73,74,82,61,60,109,57,58,64,119,70,65,54,134,53,54,120,56,111,105,103,94,90,87,83,71,52,50,56,155,55,65,47,148,68,48,46,131,67,110,90,44,60,53,141,95,59,111,80,76,47,61,52,49,119,109,61,71,68,56,55,50,55,38,46,118,35,50,55,56,145,140,35,40,43,33,59,142,51,36,142,90,73,38,126,86,29,53,32,29,31,43,41,40,147,115,32,52,29,123,72,32,141,135,106,99,86,71,24,47,131,39,21,22,22,47,31,120,55,18,132,87,18,142,123,147,71,139,113,52,19,17,34,55,45,36,25,20,12,14,147,136,123,33,23,10,84,69,30,32,123,102,64,40,20,103,86,47,16,28,98,60,57,15,71,56,51,44,22,14,29,111,145,80,4,131,13,91,41,30,35,2,0,27,71,49,46,12,68,51,41,127,48,118,88,44,20,8,100,101,78
106,181,149,93,195,187,122,165,157,92,151,89,191,150,115,97,91,110,108,99,125,85,87,193,128,126,94,169,130,90,83,182,138,105,95,82,162,162,85,81,98,76,162,74,152,91,85,74,75,153,108,91,74,71,181,179,69,69,117,68,68,174,171,113,74,68,67,119,75,187,141,137,106,105,98,93,67,64,65,134,63,65,67,61,97,91,62,103,72,59,133,64,71,55,144,89,83,63,159,58,66,145,51,136,129,127,118,114,110,106,92,64,60,73,180,48,51,56,174,90,62,51,157,89,135,115,52,46,72,167,120,81,136,104,100,65,83,72,68,144,135,84,95,91,40,77,70,40,39,36,144,42,36,38,39,171,167,39,35,64,40,40,168,74,54,169,116,99,59,153,112,43,34,51,43,31,28,64,64,174,141,53,31,26,150,98,24,167,162,133,126,112,97,28,26,157,64,32,28,42,26,19,147,81,31,159,113,36,169,150,174,97,166,140,78,18,41,13,82,72,62,51,45,25,21,174,163,150,59,49,29,111,95,9,10,150,129,90,66,12,130,113,73,42,7,125,87,84,14,98,83,78,71,48,15,5,138,172,107,25,158,14,118,68,3,8,29,27,0,98,76,73,15,95,78,14,154,75,145,115,71,47,34,127,128,105
107,110,96,133,119,113,94,99,96,150,93,132,114,92,91,104,114,92,93,99,86,124,146,114,85,84,99,97,82,100,115,104,82,86,94,141,91,91,104,145,84,135,88,125,82,86,90,108,140,81,74,83,139,133,98,97,114,124,69,113,122,93,90,68,95,110,114,67,91,101,71,70,67,68,70,72,102,112,105,66,124,134,94,122,65,68,129,62,83,106,62,90,77,117,65,61,65,85,75,92,79,64,108,58,55,54,52,51,51,51,55,77,82,67,90,110,125,82,84,51,74,89,69,51,54,46,83,121,59,77,45,52,53,42,43,64,48,56,59,57,51,47,41,42,119,48,54,118,92,106,55,82,113,120,121,78,74,86,98,55,83,125,75,45,63,75,34,31,56,60,32,72,119,62,71,90,109,47,48,78,49,57,120,91,55,24,96,72,66,40,35,26,23,84,114,62,44,77,82,65,116,98,52,27,75,63,23,68,72,54,77,16,69,44,26,86,60,104,21,30,39,49,55,76,81,77,66,53,41,51,72,16,10,100,102,53,32,12,33,89,33,17,26,58,98,28,13,16,85,6,16,21,28,50,84,100,40,74,10,73,60,84,20,30,101,106,69,71,98,0,22,25,83,3,20,112,56,23,47,17,27,51,64,29,30,9
99,123,103,118,134,127,92,110,105,133,101,117,129,100,88,94,102,87,88,91,87,110,129,130,88,86,90,110,86,90,101,120,89,81,85,124,104,103,92,127,77,117,101,108,93,77,79,93,121,94,72,74,121,115,115,113,98,106,72,97,105,109,106,70,82,93,97,71,78,119,82,80,66,66,66,65,86,95,88,76,106,115,79,104,61,62,110,61,69,89,73,75,64,98,79,55,57,70,92,75,64,79,90,71,67,65,60,57,56,54,51,62,66,55,110,90,105,66,103,47,59,72,87,46,69,54,66,101,48,96,56,44,68,47,45,49,41,44,46,75,66,40,41,40,98,39,41,98,72,85,73,63,92,99,100,98,94,67,78,40,64,104,95,34,46,96,48,36,40,80,44,53,98,44,52,69,88,32,32,99,68,39,98,70,76,31,75,93,87,60,53,41,29,63,93,83,27,56,61,44,94,77,73,19,54,84,40,48,94,75,98,26,90,65,15,65,39,82,13,13,19,29,34,54,59,99,88,75,21,30,50,36,21,79,81,75,54,17,13,68,55,38,9,36,76,49,13,11,63,23,9,6,8,29,62,78,62,96,31,51,82,62,42,8,79,84,47,49,76,22,0,3,61,19,2,90,78,2,69,39,6,29,42,51,52,29
98,125,104,117,136,129,92,112,107,131,102,115,131,102,88,93,100,87,87,90,88,108,127,132,88,87,89,112,87,88,99,122,90,81,84,122,106,105,90,124,77,115,103,106,95,76,78,91,119,96,73,74,118,112,117,116,96,104,72,95,103,111,108,70,80,91,95,72,77,121,84,82,67,67,66,65,85,93,86,78,103,112,77,101,61,61,108,61,68,86,75,73,63,96,81,55,56,68,94,73,62,82,87,74,69,67,61,59,57,55,51,61,64,53,112,88,102,64,106,47,57,69,90,46,71,56,64,98,46,99,58,43,71,48,46,48,41,43,45,77,69,40,41,40,95,38,40,95,70,83,76,61,90,96,97,101,97,64,76,38,61,101,98,34,44,98,50,37,38,83,46,51,95,42,49,67,85,30,31,102,71,37,96,67,79,33,72,96,90,62,56,44,31,61,90,86,26,54,58,42,91,74,75,20,52,87,43,45,97,78,101,28,93,68,16,62,36,79,14,12,17,26,31,51,56,102,91,78,19,27,47,39,24,76,78,78,57,19,11,65,58,41,8,33,73,52,16,13,60,26,12,8,6,26,59,75,65,99,34,48,85,59,45,5,76,81,44,46,73,25,3,0,58,22,5,87,81,3,72,42,4,26,39,54,55,32
101,169,139,95,182,174,113,153,146,98,140,91,178,139,107,92,89,102,101,94,115,86,93,180,118,116,89,157,120,86,82,170,126,97,89,87,150,149,82,88,90,81,149,77,139,84,79,73,81,141,98,83,80,77,167,166,70,73,106,69,71,161,157,102,70,68,68,107,70,173,128,125,95,95,89,84,65,65,64,122,67,72,63,66,86,81,68,91,65,59,120,60,64,59,130,78,73,58,145,55,59,132,53,122,116,114,105,101,97,93,80,57,54,63,166,51,59,51,160,78,54,48,143,77,122,102,47,54,62,153,106,69,122,91,87,55,71,61,57,130,121,71,82,78,49,65,59,48,37,40,130,37,43,48,48,157,152,35,36,52,35,50,154,62,44,154,102,85,48,138,98,34,44,40,34,29,36,52,51,159,127,41,43,25,135,84,26,153,147,118,111,98,82,23,37,143,50,24,22,30,37,24,132,67,21,144,99,25,154,135,159,83,151,125,64,14,27,24,67,57,48,37,31,14,12,159,148,135,44,35,16,97,81,20,21,135,114,76,52,11,115,98,59,27,17,110,72,69,7,83,68,63,56,34,6,18,123,157,92,11,143,3,103,53,18,23,14,12,15,83,61,58,0,80,63,29,139,60,130,100,56,32,19,112,113,90
106,112,98,132,122,115,94,102,98,148,95,130,117,94,91,104,113,92,93,99,87,123,144,117,86,85,99,99,83,100,114,107,84,86,93,140,94,93,103,143,83,133,90,123,84,85,89,106,138,84,74,82,137,131,101,100,112,122,70,112,120,95,93,69,94,108,112,68,90,104,73,72,68,68,70,71,101,110,103,68,122,132,93,120,65,68,127,62,81,104,64,89,76,115,68,61,64,84,78,90,77,67,106,61,57,56,53,52,52,52,55,76,80,65,93,107,123,81,87,51,72,87,72,50,57,47,81,118,58,80,47,51,55,43,43,62,47,55,58,60,53,46,41,42,116,47,52,116,89,103,58,80,110,117,118,81,77,84,96,53,81,122,78,44,61,78,36,32,54,63,34,70,116,60,69,87,106,46,46,82,52,55,117,88,59,25,93,75,69,43,38,28,24,82,112,65,42,75,79,62,113,95,55,26,73,66,25,66,75,57,80,17,72,47,24,83,58,101,19,27,36,47,53,73,78,80,69,56,39,49,69,19,11,98,100,56,35,11,31,87,36,20,24,55,95,31,11,14,82,8,14,18,25,48,81,97,43,77,13,70,63,81,23,27,98,103,66,68,95,3,19,22,80,0,17,109,59,20,50,20,24,48,61,32,33,11
100,122,103,120,133,126,93,110,105,135,101,119,128,100,89,96,104,88,89,92,88,112,131,129,88,87,91,109,86,91,103,119,89,83,86,126,103,103,94,129,78,119,101,110,93,78,81,95,124,93,73,76,123,117,114,112,100,108,72,99,107,108,105,70,83,95,99,71,80,118,82,80,67,67,67,67,89,97,91,76,108,117,81,106,62,63,113,61,71,91,72,77,66,101,78,56,58,72,91,77,66,79,92,71,66,65,60,57,56,54,52,64,68,56,108,93,107,68,102,48,61,74,86,47,68,54,68,103,49,95,56,45,67,47,45,51,42,46,48,73,65,41,41,40,100,40,43,100,74,88,72,65,95,101,102,97,92,69,80,42,66,106,93,36,48,94,47,36,42,78,43,55,100,46,54,72,90,34,34,98,67,41,101,72,74,30,77,91,85,58,52,40,29,66,95,81,29,59,63,47,97,79,71,20,57,82,39,50,92,73,97,25,88,63,16,67,41,84,13,15,21,31,36,57,61,97,86,73,23,32,52,35,20,81,83,73,52,16,16,70,53,36,10,38,79,48,12,10,65,21,9,7,10,31,64,80,60,94,29,53,80,64,40,10,81,86,49,51,78,20,2,5,63,17,0,92,76,3,67,37,7,31,44,49,50,27
115,194,162,97,208,200,133,178,170,92,164,92,204,163,126,105,97,121,119,109,137,90,87,207,140,138,103,182,143,99,89,196,150,116,105,82,176,175,93,81,109,77,175,77,165,102,95,81,74,167,121,102,73,72,194,193,74,72,130,73,71,188,184,126,82,74,72,132,84,201,154,151,119,118,111,105,74,69,71,148,64,64,75,63,109,103,62,115,82,65,146,73,82,58,157,102,95,73,173,67,76,159,56,149,143,141,132,127,123,119,105,75,71,85,195,52,50,67,188,103,73,60,171,102,149,129,62,46,85,181,133,94,150,118,113,77,97,85,81,158,149,97,109,105,40,91,84,39,47,40,158,53,37,37,37,186,181,49,41,77,50,36,182,88,67,183,130,113,72,167,126,55,31,64,56,40,30,78,77,188,155,67,27,36,164,112,31,182,176,147,140,126,111,39,24,172,77,44,40,56,22,26,161,95,44,173,127,50,183,164,188,111,180,154,92,31,55,17,96,86,76,65,59,39,35,188,177,164,73,63,43,125,110,16,15,164,143,104,81,25,144,127,87,56,17,139,101,98,28,112,97,92,85,62,29,14,152,186,121,39,172,28,132,82,11,7,43,41,14,112,90,87,29,109,92,0,168,89,159,129,85,61,48,141,142,119
143,96,103,178,97,94,119,94,96,198,97,178,92,96,120,144,157,123,125,137,108,170,195,89,104,104,139,85,99,142,161,84,93,120,132,191,83,83,148,195,120,184,78,174,79,125,132,154,190,76,103,122,190,183,73,73,163,174,92,162,172,70,70,94,142,158,163,88,137,71,74,76,98,98,105,109,151,162,154,74,175,186,142,173,100,107,181,94,129,156,69,139,123,169,61,101,107,134,56,142,127,57,160,60,64,65,71,74,77,81,93,126,131,113,55,162,178,133,51,91,123,141,48,91,54,67,134,174,106,46,62,96,50,73,77,113,92,103,108,45,49,90,79,82,173,95,102,173,145,160,40,135,167,174,175,40,38,140,153,105,137,180,37,94,115,36,53,68,108,32,56,126,174,115,125,144,164,99,100,33,32,111,175,146,27,64,151,28,26,34,39,51,65,139,170,24,97,132,137,119,172,154,22,78,131,20,47,124,24,20,26,61,20,23,79,142,116,160,74,84,94,105,111,132,137,24,16,14,97,107,128,45,60,156,158,12,27,65,89,145,26,42,82,113,154,30,68,71,141,57,71,76,83,106,140,156,17,19,47,129,6,140,36,86,157,162,125,127,154,56,78,81,139,59,76,168,0,79,9,39,83,107,120,27,26,49
100,125,105,119,136,129,94,112,108,134,103,117,131,102,90,96,103,89,89,92,90,111,129,132,90,88,91,112,88,91,102,122,91,83,86,125,106,105,93,127,79,118,103,109,96,79,81,94,122,96,74,76,121,115,117,115,98,107,74,98,105,111,108,72,83,94,98,73,79,121,84,82,69,68,68,67,87,95,89,78,106,115,80,104,63,63,111,63,71,89,75,76,65,99,81,57,58,71,94,76,65,81,90,74,69,68,62,59,58,56,53,64,67,56,111,91,105,67,105,49,60,72,89,48,71,56,66,101,49,98,58,45,70,49,47,51,43,46,47,77,68,42,43,42,98,41,43,98,72,85,75,64,92,99,100,100,95,67,78,41,64,103,97,36,47,97,50,38,41,82,46,54,97,45,52,69,87,33,34,101,70,40,98,69,77,33,75,94,89,61,55,43,31,63,92,84,28,56,61,44,94,76,74,21,54,85,42,47,95,76,100,28,92,66,17,64,39,81,15,15,20,29,34,54,59,100,89,76,21,30,50,38,23,78,80,76,55,19,14,67,56,39,10,35,76,51,15,13,63,24,11,9,9,28,62,77,63,97,33,50,83,61,43,8,78,83,46,48,75,23,2,3,60,20,3,89,79,0,70,40,4,28,41,52,53,30
137,98,101,171,100,97,115,94,95,191,96,171,95,95,115,137,151,118,120,131,104,163,187,93,100,100,133,86,95,135,154,86,90,114,126,183,83,83,141,187,114,177,78,166,78,118,126,147,183,76,98,116,182,175,76,76,155,166,88,155,165,73,72,89,134,151,155,84,130,75,72,73,92,93,99,103,143,154,146,71,168,178,135,165,94,100,173,88,122,149,66,131,116,161,59,94,100,126,57,134,119,56,152,57,60,61,66,69,72,75,87,118,123,105,60,154,170,125,55,84,115,133,49,84,51,62,126,166,99,49,57,89,47,67,70,105,84,96,100,43,46,83,72,75,164,87,94,164,137,151,39,127,159,166,167,44,42,132,144,97,128,171,41,86,107,41,47,61,100,33,50,118,165,107,116,136,155,91,92,40,30,102,167,137,27,57,143,33,30,30,33,44,57,131,161,27,89,124,128,111,163,145,22,70,122,25,39,115,30,20,34,53,27,19,70,133,107,151,66,76,85,96,102,123,128,32,23,15,88,98,119,36,52,148,150,13,20,56,80,137,19,34,73,105,145,22,59,62,132,48,63,68,75,97,131,147,11,28,39,120,14,131,27,77,148,153,116,118,145,47,69,72,130,50,67,159,9,70,0,30,74,98,111,18,17,40
118,105,97,147,112,106,101,97,95,165,93,146,107,92,99,117,128,101,102,111,92,139,162,106,90,89,112,92,86,113,130,97,84,96,106,157,87,87,118,161,95,150,83,141,79,98,103,122,156,78,82,95,155,149,90,88,130,140,75,129,138,85,82,75,110,125,129,72,106,91,70,69,76,76,80,83,118,128,120,66,140,150,109,138,75,79,146,70,97,122,61,105,92,134,61,73,78,100,67,107,94,59,125,55,54,54,55,56,57,58,66,92,97,81,79,126,142,98,73,63,89,106,60,62,50,49,99,138,74,66,46,65,47,49,51,79,61,70,74,49,45,59,50,53,136,62,69,135,109,123,46,99,130,137,138,65,61,103,115,70,100,142,62,60,80,62,34,40,72,48,34,89,136,79,88,107,126,64,64,64,38,74,137,108,43,34,113,57,52,31,28,26,33,101,132,48,60,94,99,82,133,115,38,42,93,48,21,86,57,39,61,27,53,30,42,103,78,121,37,46,56,67,73,93,98,61,50,38,59,68,89,14,24,118,120,37,18,28,50,107,19,11,43,75,116,14,30,33,102,19,33,38,45,68,101,117,24,57,11,90,43,101,6,47,118,123,86,88,115,17,39,42,100,20,37,129,39,40,30,0,44,68,81,12,13,10
100,128,107,118,139,132,96,115,110,132,106,116,134,105,91,96,102,90,90,92,91,109,127,135,92,90,91,115,90,90,101,125,93,84,86,122,109,109,92,125,79,115,107,107,99,79,80,92,119,99,76,76,119,113,121,119,96,105,76,96,103,115,112,74,81,92,96,75,78,125,88,85,70,70,69,68,86,93,87,82,104,112,78,102,64,64,108,64,70,87,78,74,64,96,85,58,59,69,97,74,64,85,87,77,72,71,65,62,60,58,54,62,65,56,115,88,102,65,109,50,58,70,93,49,75,59,64,98,49,102,62,46,74,51,49,50,44,45,47,80,72,43,45,44,95,41,42,94,70,82,79,61,89,95,96,104,100,64,75,40,61,100,101,36,45,101,53,41,39,86,50,51,94,43,50,66,84,32,33,105,74,38,95,66,82,36,71,98,93,65,59,47,35,60,89,89,27,53,58,42,90,73,78,23,51,89,46,44,99,81,104,31,96,70,19,60,36,78,18,15,18,26,31,50,55,104,93,80,19,27,46,42,27,74,76,80,59,22,13,63,60,43,11,32,72,55,19,16,59,28,15,11,9,25,58,74,67,101,37,47,87,57,47,6,74,79,42,44,71,27,6,4,56,24,7,85,83,4,74,44,0,24,37,56,57,34
98,145,120,106,158,150,101,131,125,116,119,103,153,119,95,91,94,93,92,90,100,97,111,155,101,99,87,133,101,85,90,144,106,87,84,106,126,125,85,108,81,99,124,92,115,77,76,81,102,116,83,76,101,96,140,139,83,89,87,82,88,134,131,84,73,79,81,87,71,145,104,101,78,78,74,71,74,79,74,98,87,94,68,85,70,67,90,73,63,72,95,64,59,79,104,63,60,60,118,61,56,105,70,96,90,88,81,77,74,71,62,54,56,53,137,70,82,53,131,58,50,56,114,57,94,76,52,78,48,124,80,51,94,67,63,45,51,46,45,102,93,51,58,55,74,46,43,73,52,62,101,45,68,74,75,127,122,47,56,38,45,78,123,41,36,124,73,58,34,108,69,36,72,32,35,47,62,32,32,128,96,29,72,46,105,55,50,122,116,88,81,68,54,40,66,112,28,34,38,26,67,51,101,39,31,113,68,26,123,104,127,53,119,94,35,38,18,54,37,28,21,15,15,28,33,128,117,104,18,14,24,65,50,51,53,104,83,45,22,40,84,67,28,13,48,79,41,38,35,52,37,32,26,9,34,50,91,125,60,23,111,34,71,22,50,55,18,20,47,51,29,26,32,48,31,61,107,28,98,68,24,0,13,80,81,58
99,155,128,102,168,160,106,140,134,109,128,98,163,127,100,91,91,97,96,91,106,93,104,165,108,106,88,143,109,85,87,155,115,91,86,99,136,135,83,100,84,92,135,86,125,80,77,77,94,127,89,78,93,88,152,150,77,82,94,77,81,145,142,91,71,74,76,96,70,157,114,111,85,85,80,76,70,73,70,108,79,85,65,77,77,72,81,80,63,66,105,61,60,71,115,69,65,58,129,58,56,116,63,107,101,99,91,87,84,80,69,54,54,57,149,62,73,51,143,66,50,51,126,65,106,87,48,68,53,136,91,58,106,77,73,48,59,51,49,113,104,59,68,65,64,53,49,63,45,53,113,40,58,63,64,139,134,41,47,43,39,67,136,49,37,137,85,69,38,121,81,33,61,33,32,38,51,39,38,141,109,32,60,36,117,67,40,135,129,100,94,80,65,31,55,125,36,27,29,24,55,39,114,50,24,126,81,21,135,117,140,65,132,107,47,27,17,42,49,40,31,22,18,19,22,141,130,117,28,20,16,78,62,38,40,117,96,57,34,28,97,80,41,13,36,92,54,51,23,65,50,45,38,17,22,37,104,138,73,11,124,21,84,34,37,42,6,8,34,64,42,39,19,61,44,48,120,41,111,81,37,13,0,93,94,71
126,102,99,157,107,103,106,96,95,176,94,156,102,93,106,125,137,108,110,119,97,149,172,101,94,94,120,89,90,122,140,93,86,103,114,168,85,85,128,171,102,161,81,151,78,106,112,133,167,77,88,103,166,160,84,83,140,150,80,140,149,80,78,80,120,136,140,76,115,85,70,70,82,83,88,91,128,138,131,67,152,162,120,149,83,88,157,77,107,133,62,116,102,145,59,81,87,111,62,118,104,57,136,55,56,56,59,60,62,65,74,103,108,91,71,138,153,109,65,71,100,117,55,71,49,53,110,149,84,59,49,75,46,55,58,90,70,81,85,46,44,69,59,62,147,72,79,147,120,134,42,110,142,148,149,57,53,115,127,81,112,154,53,70,91,53,38,48,84,41,39,101,148,90,100,119,138,75,76,54,32,85,149,120,35,43,125,47,43,27,27,32,43,113,144,39,72,106,111,93,145,127,30,53,105,38,27,98,46,30,50,37,42,22,53,115,90,133,49,58,68,79,85,105,110,49,39,27,71,80,101,21,35,130,132,26,13,39,62,119,12,18,55,87,128,11,41,44,115,31,45,50,57,80,113,129,14,46,22,102,32,113,11,59,130,135,98,100,127,29,51,54,112,32,49,141,27,52,18,12,56,80,93,0,1,22
127,103,100,159,107,103,108,97,96,177,95,158,103,94,107,127,139,109,111,121,98,151,174,101,95,95,122,90,91,124,141,93,87,105,115,169,86,86,129,173,104,163,82,153,79,108,114,134,168,77,90,105,168,161,85,84,142,152,81,141,150,80,79,82,121,137,141,78,117,85,71,71,84,84,89,92,130,140,132,69,153,163,121,151,84,89,158,78,109,134,64,117,103,146,60,83,88,112,63,120,105,58,137,56,57,57,60,62,64,66,76,104,109,92,71,139,155,111,66,73,101,118,56,72,50,55,112,151,85,59,51,76,47,57,60,91,72,82,86,46,45,70,60,63,149,74,80,148,121,136,43,112,143,150,151,57,53,116,128,83,113,155,53,72,92,53,39,50,85,41,40,102,149,92,101,120,139,76,77,54,33,87,150,121,35,44,126,47,43,28,28,33,44,114,145,39,73,107,112,95,146,128,30,55,106,38,28,99,46,30,50,38,42,23,55,117,91,134,50,59,69,80,86,106,111,49,38,27,72,82,102,23,36,131,133,26,14,40,64,120,13,20,57,88,129,12,43,46,116,32,46,51,58,81,115,130,14,45,23,103,31,114,12,60,131,136,99,101,128,30,52,55,113,33,50,142,26,53,17,13,57,81,94,1,0,23
115,111,100,141,119,113,100,102,99,158,97,140,114,96,98,112,123,99,100,107,92,133,155,113,90,90,107,98,87,109,124,104,86,94,102,150,93,92,113,153,91,143,89,134,84,93,98,116,148,83,80,91,148,141,97,96,123,132,75,122,131,92,90,74,104,118,122,72,100,100,74,73,74,74,77,79,111,120,113,69,133,142,103,131,72,76,138,68,91,115,65,99,86,126,66,69,73,94,74,100,87,65,117,60,58,57,56,56,56,57,63,86,90,75,88,118,133,91,82,59,82,98,68,58,55,50,92,129,68,75,49,60,53,48,49,72,56,64,68,56,51,55,48,49,127,57,62,127,100,114,54,91,121,128,129,75,70,95,107,63,92,133,71,54,72,71,37,38,65,57,35,81,127,71,80,98,117,56,57,74,46,66,128,99,52,31,104,67,62,38,34,28,30,92,122,58,52,85,90,73,124,106,48,35,84,58,24,77,67,49,71,23,63,39,34,94,68,111,29,38,47,58,63,84,89,71,60,48,50,59,80,16,18,108,110,47,28,21,41,97,28,15,35,65,106,23,22,24,93,13,25,29,36,58,92,108,34,68,9,81,54,91,15,38,108,113,76,78,105,9,29,32,90,11,27,119,49,30,40,10,34,58,71,22,23,0
