0,41,39,8,147,95,11,106,24,39,145,131,27,5,119,12,102,39,119,30,22,156,69,63,14,149,12,31,158,121,111,25,27,144,54,45,45,30,131,121,44,19,16,103,121,104,75,55,51,157,124,98,38,23,124,121,116,72,20,75,31,23,21,20,97,60,59,21,136,34,36,28,23,23,137,119,27,24,40,134,45,33,36,69,26,118,44,148,110,56,56,51,30,161,122,48,40,146,119,110,69,32,45,85,40,41,48,51,35,39,110,84,70,52,46,133,70,45,38,165,114,75,39,54,143,92,43,43,94,65,52,51,154,146,130,50,100,118,61,54,105,61,48,50,125,113,94,51,48,154,54,52,166,150,128,73,71,109,100,57,89,168,152,112,96,79,54,54,54,55,57,169,75,65,64,170,155,125,123,71,68,59,144,125,100,61,62,69,85,156,97,88,69,104,102,74,141,77,109,69,68,174,171,71,169,124,105,81,96,129,112,79,158,76,76,75,82,89,75,77,78,165,103,76,175,143,107,177,109,100,78,141,79,85,177,112,116,95,162,125,172,84,130,117,115,179,90,90,122,116,111,89,100,151,104,115,97,180,114,106,94,167,142,130,123,112,100,97,96,151,147,97,120,101
41,0,2,33,106,54,52,65,65,4,104,90,15,43,78,31,61,79,78,14,21,115,28,22,53,108,36,71,117,81,70,65,67,103,16,12,13,19,90,80,14,32,48,63,81,64,36,19,17,116,84,58,18,32,84,81,75,33,50,36,25,36,40,42,58,25,24,42,95,26,26,33,44,49,97,79,36,48,77,94,24,67,71,34,51,78,27,107,70,28,28,27,55,121,82,29,32,106,80,72,37,46,79,49,72,73,83,32,45,68,72,49,40,35,77,94,40,39,48,126,76,44,62,87,104,57,51,63,60,43,43,44,115,107,92,46,65,82,45,47,70,46,57,74,88,77,62,53,59,115,52,54,127,111,91,51,51,75,68,82,60,129,114,78,65,56,66,66,71,70,76,131,57,57,89,132,118,90,89,57,96,70,107,91,71,72,79,94,63,119,70,65,63,75,74,100,106,65,80,71,86,137,134,91,132,92,78,68,73,97,84,70,123,75,77,78,105,74,82,95,98,129,80,89,139,110,83,141,85,80,87,109,90,106,141,88,91,81,128,97,137,91,102,93,92,144,88,107,98,94,92,94,89,120,91,95,93,146,96,93,105,135,114,106,102,96,96,99,106,122,119,108,101,117
39,2,0,31,108,56,50,67,63,3,106,92,13,41,80,29,63,77,80,12,19,117,30,24,51,110,34,69,119,83,72,63,65,105,18,13,14,18,92,82,14,30,46,65,83,66,38,21,18,118,86,59,18,30,86,83,77,35,48,38,24,34,38,40,59,26,26,40,97,25,25,32,42,47,99,81,35,46,75,96,24,66,69,35,50,80,26,109,72,29,28,27,53,122,84,29,31,108,82,73,38,45,77,51,70,71,81,32,44,67,74,51,41,35,76,96,41,39,47,127,77,45,61,85,105,59,50,62,62,43,43,43,117,109,93,46,67,83,45,46,72,46,56,72,89,79,63,52,57,117,51,53,129,113,93,52,51,76,69,80,61,131,116,79,66,56,65,65,70,69,75,132,57,57,87,134,119,92,90,57,94,69,109,92,72,71,77,93,64,121,71,66,63,76,75,99,108,65,81,70,85,138,136,89,134,93,79,68,74,98,85,70,124,74,77,77,104,75,81,93,97,131,81,88,140,111,84,143,85,80,86,110,89,104,143,89,92,81,129,98,139,90,103,94,93,145,87,105,98,95,92,93,89,122,91,96,93,147,97,93,104,136,115,107,102,97,96,98,105,123,120,107,102,116
8,33,31,0,139,87,19,98,32,31,137,123,19,11,111,5,94,46,111,22,15,148,61,55,21,141,9,38,150,113,102,33,34,135,46,37,37,23,123,113,36,15,19,95,113,96,67,47,43,149,116,90,31,18,116,113,108,64,23,67,25,19,19,19,89,52,51,20,128,28,30,23,23,25,129,111,24,25,46,126,38,38,42,61,28,110,37,140,102,49,48,44,31,153,114,42,35,138,111,102,62,30,50,77,45,45,54,45,33,43,102,76,63,45,50,125,62,40,36,157,106,68,41,59,135,84,41,44,87,59,47,47,146,138,122,46,92,111,55,49,98,55,46,52,117,105,87,48,47,146,50,49,158,142,120,67,65,102,93,60,82,160,144,104,89,73,53,53,55,55,59,161,69,61,67,162,147,118,116,66,72,58,136,117,93,60,63,72,79,149,91,82,65,97,96,78,134,72,102,66,70,166,163,73,161,117,98,76,90,122,106,75,151,73,73,73,85,84,74,78,80,157,97,76,167,135,101,169,103,94,77,134,79,87,169,106,110,90,155,118,164,83,123,111,109,171,87,91,116,111,106,88,96,144,100,110,94,172,109,101,94,160,135,124,117,107,97,95,96,144,141,97,115,102
147,106,108,139,0,52,158,41,171,108,4,16,120,149,28,137,45,185,29,118,126,11,79,85,158,8,141,176,14,28,38,170,172,11,96,105,105,121,21,30,107,136,153,47,31,46,76,96,100,18,29,53,114,134,29,32,37,80,154,77,124,137,142,144,55,93,94,144,24,123,121,133,146,151,25,37,136,150,180,27,111,171,175,86,153,41,115,26,49,101,102,107,155,30,40,113,123,29,43,50,90,144,181,74,174,175,185,112,141,169,55,79,93,115,178,40,95,127,142,39,54,90,160,188,39,76,142,159,75,106,124,126,42,43,49,130,72,58,116,127,70,117,147,170,56,64,80,138,148,47,134,139,49,48,57,107,110,71,79,177,92,53,52,71,86,103,154,155,162,160,168,56,112,128,183,57,56,67,68,120,191,157,61,70,90,157,168,188,107,61,95,105,134,90,91,194,68,125,89,146,174,67,67,180,67,80,95,124,106,79,91,132,70,145,149,151,196,123,159,180,185,74,107,171,76,80,104,77,104,114,165,83,169,193,80,105,103,128,81,97,82,166,98,108,109,85,150,189,108,113,118,164,135,93,131,119,149,92,123,135,179,95,103,111,117,130,151,164,179,100,102,182,124,196
95,54,56,87,52,0,106,11,119,56,50,36,68,97,24,85,9,133,25,66,74,61,28,34,106,55,89,124,64,28,17,118,120,49,44,53,53,69,37,28,56,84,101,16,29,17,27,46,49,63,32,16,63,83,33,30,25,31,102,29,73,86,91,93,19,43,44,93,44,72,70,82,94,100,46,31,85,98,129,44,61,119,123,39,102,32,65,56,28,53,54,58,105,69,36,64,74,56,35,31,44,94,130,34,123,124,134,64,91,118,35,39,49,67,128,48,50,78,93,75,38,47,110,137,57,41,93,110,42,62,77,79,68,61,50,82,43,46,70,80,45,72,99,121,50,47,48,91,100,69,87,92,79,66,54,65,67,50,51,128,56,82,70,52,54,64,107,107,114,112,120,84,72,84,135,86,74,58,58,78,142,110,69,61,61,111,120,140,70,78,65,70,91,63,64,145,71,84,66,102,127,93,91,133,89,67,69,85,74,70,69,91,84,103,107,108,149,87,115,135,139,90,78,126,97,79,78,99,78,83,121,80,125,146,100,81,81,93,92,81,99,123,84,86,86,105,111,145,88,89,91,123,102,93,99,94,112,109,97,103,137,103,94,94,96,101,115,125,137,97,96,140,99,153
11,52,50,19,158,106,0,117,13,50,156,142,38,9,130,21,113,27,130,40,33,167,79,73,7,160,19,20,169,132,121,15,17,154,64,55,55,40,142,132,54,26,14,114,132,115,85,65,61,168,135,108,48,30,135,132,126,82,18,85,39,28,25,23,108,70,69,24,146,42,44,34,25,22,148,130,33,24,30,145,54,25,27,79,25,128,52,158,120,65,64,60,27,171,132,56,47,157,129,121,79,34,36,95,33,33,39,59,38,33,120,93,79,59,38,143,78,50,40,176,123,84,36,45,153,101,46,40,103,73,58,57,164,156,139,55,109,128,67,59,114,67,48,45,134,122,103,54,49,164,57,54,176,159,137,80,77,118,109,51,97,178,162,121,104,86,54,53,52,53,54,179,81,69,58,180,165,134,132,76,61,58,153,134,108,60,59,63,91,166,105,94,72,112,110,68,150,82,117,70,65,183,180,67,178,132,112,86,103,138,120,83,167,78,77,76,76,94,75,73,74,174,110,74,184,151,114,186,116,105,77,149,77,80,186,119,123,99,170,132,181,83,137,123,122,187,92,86,128,122,117,89,104,159,108,120,99,188,119,109,92,175,149,137,129,116,102,97,94,159,155,95,125,97
106,65,67,98,41,11,117,0,130,67,39,25,79,108,13,96,6,144,14,77,85,50,38,44,117,44,100,135,53,17,9,129,131,38,55,64,64,80,27,18,66,95,112,14,20,14,36,56,60,52,23,18,74,93,23,21,18,40,113,38,84,97,101,103,21,53,54,104,34,82,81,92,105,111,36,24,95,109,140,34,71,130,134,48,112,26,75,46,25,62,63,68,115,59,30,73,83,46,29,28,52,104,141,40,133,134,145,73,101,129,33,45,57,76,138,40,58,88,103,65,35,54,120,147,48,45,103,120,46,70,86,88,59,53,44,92,45,43,79,89,46,80,108,131,46,45,51,100,110,61,96,101,70,59,49,72,75,50,53,138,61,74,62,52,58,70,116,117,123,122,129,76,79,92,144,77,67,55,55,85,152,119,63,58,64,120,130,150,76,70,68,75,98,66,66,155,66,91,67,110,136,85,83,142,82,66,71,91,78,68,71,98,77,110,115,116,158,92,123,143,148,83,81,135,90,75,80,92,81,87,129,77,133,155,93,83,83,99,87,81,92,131,83,87,88,98,118,153,89,91,94,130,107,89,104,96,118,102,100,108,145,98,93,95,97,105,121,132,145,95,94,148,102,161
24,65,63,32,171,119,13,130,0,63,169,155,51,22,143,34,126,15,143,53,45,180,92,86,14,173,31,9,182,145,134,8,8,167,77,68,68,52,154,144,66,38,22,127,145,128,98,77,73,181,148,121,60,41,148,145,139,94,24,97,51,39,34,33,120,82,81,33,159,53,56,45,34,29,160,143,43,31,22,158,66,22,22,91,30,141,64,171,132,77,76,72,32,184,145,68,58,169,142,133,90,41,29,107,29,29,31,70,46,31,132,105,90,69,33,156,90,60,47,188,136,96,38,38,165,113,52,43,115,83,67,66,177,168,152,63,121,140,77,67,126,77,54,45,146,134,114,61,54,176,65,61,188,172,149,90,87,130,120,49,107,190,174,132,115,97,57,57,54,56,54,191,91,77,54,192,177,146,144,85,56,61,165,145,118,63,60,59,101,177,115,104,79,122,121,63,162,90,127,75,65,195,192,65,190,143,122,94,112,148,130,90,179,83,81,81,72,102,78,72,72,185,119,75,196,162,124,198,125,114,79,160,79,77,197,128,132,106,182,142,192,85,147,132,131,199,96,84,137,131,125,92,110,170,116,129,104,199,127,116,93,186,158,146,137,123,107,100,95,169,165,95,133,95
39,4,3,31,108,56,50,67,63,0,106,92,12,41,80,29,63,77,80,11,18,117,29,24,50,110,34,68,119,82,71,62,64,104,16,10,11,16,92,82,11,29,45,64,82,65,36,18,16,118,85,59,15,29,85,82,76,34,47,37,22,32,37,38,59,24,23,39,97,22,22,30,41,46,98,81,33,45,74,95,21,65,68,33,48,79,23,109,71,26,26,24,51,122,83,26,29,107,81,72,35,43,76,49,69,70,80,29,42,65,72,49,38,32,74,95,39,36,45,127,76,43,59,84,104,57,47,60,60,40,40,41,116,108,92,43,65,82,42,43,70,43,54,71,88,77,61,49,55,116,48,51,128,112,91,49,48,75,67,78,59,130,114,77,64,53,62,63,67,67,73,131,54,54,85,133,118,90,88,54,92,67,107,90,70,69,75,91,61,120,69,63,60,74,73,97,106,62,79,67,82,137,134,87,132,91,76,65,71,96,82,67,123,71,74,74,102,72,78,91,94,129,78,85,139,109,81,141,83,77,83,108,86,102,141,86,89,78,127,96,137,88,100,91,90,143,85,103,96,92,89,90,86,120,88,93,90,145,94,90,101,134,113,104,100,94,93,96,102,121,118,104,99,113
145,104,106,137,4,50,156,39,169,106,0,14,118,147,26,135,43,183,26,116,124,12,77,83,156,6,139,174,14,25,36,168,170,7,93,102,102,118,18,27,104,133,150,44,28,44,73,94,98,17,26,51,112,132,26,29,34,77,152,75,122,135,140,142,52,90,91,142,20,120,118,130,143,149,21,34,133,147,178,24,109,168,172,84,150,37,112,23,45,99,100,105,153,28,37,110,121,26,40,47,87,141,179,71,171,172,183,110,138,167,51,76,90,112,176,36,92,124,140,37,50,87,157,185,36,73,139,156,72,103,121,123,39,39,45,127,69,55,113,124,66,114,144,167,52,61,77,135,145,44,131,136,47,45,54,104,106,68,75,174,88,51,49,68,82,100,151,152,159,157,165,54,109,125,181,55,53,63,64,117,189,154,58,67,87,155,165,186,104,58,92,102,131,86,88,191,64,121,86,143,171,65,64,177,65,77,92,120,102,76,88,128,67,141,146,148,193,120,156,177,182,71,103,168,73,76,100,74,100,111,161,79,165,189,77,101,99,125,78,94,79,162,94,104,106,83,147,186,104,109,115,161,132,89,127,116,146,89,120,132,176,91,100,107,114,127,147,160,175,96,98,179,120,193
131,90,92,123,16,36,142,25,155,92,14,0,104,133,12,121,29,169,12,102,110,25,63,69,142,19,125,160,28,12,22,154,156,14,79,88,88,104,10,15,91,119,136,31,16,30,59,80,84,28,15,37,98,118,16,18,22,64,138,61,108,121,126,128,39,77,78,128,17,106,105,116,129,135,19,24,120,133,164,20,95,154,158,70,137,27,98,27,34,85,86,91,139,37,28,96,107,29,31,36,74,128,165,59,157,158,169,96,124,153,41,63,77,99,162,32,79,111,126,45,41,74,144,171,36,61,126,143,60,90,108,110,43,40,40,114,58,47,100,111,56,101,131,154,46,52,66,122,132,46,118,123,52,46,48,91,94,59,65,161,77,56,50,59,71,88,138,139,145,144,152,59,97,113,167,60,55,57,57,104,175,141,56,60,76,142,152,172,93,59,81,91,118,77,78,177,61,110,77,131,158,69,68,164,68,70,82,109,92,70,79,116,68,129,134,136,180,109,143,165,169,73,94,155,77,73,91,78,91,100,149,75,153,177,80,93,91,114,78,87,81,150,88,96,97,86,136,174,97,101,106,149,122,87,117,107,135,92,111,122,164,91,95,101,106,117,137,149,164,93,94,167,112,181
27,15,13,19,120,68,38,79,51,12,118,104,0,29,92,17,75,65,92,4,7,129,41,35,38,122,22,56,131,94,83,50,52,116,26,18,18,9,103,94,17,18,34,76,94,77,48,28,24,130,97,70,15,18,97,94,88,44,36,47,15,22,26,27,70,33,32,28,108,17,18,21,30,35,110,92,24,34,62,107,23,53,57,43,37,91,23,120,82,32,31,28,41,133,94,27,25,119,92,83,44,33,64,59,58,59,69,30,34,54,83,58,45,33,63,106,45,32,37,138,87,50,49,72,115,66,40,50,69,44,38,38,127,119,103,39,74,92,43,41,79,44,47,61,98,86,69,44,48,127,44,45,139,123,101,52,51,83,75,69,65,141,125,86,71,58,55,55,59,59,64,142,56,52,76,143,128,99,98,55,82,60,117,99,76,62,67,81,65,130,75,67,58,81,79,87,115,62,86,63,74,147,144,79,142,99,82,66,76,104,89,66,132,68,70,70,93,73,73,83,86,139,83,79,149,118,87,151,88,81,77,117,80,94,151,92,95,80,136,102,146,83,107,96,95,153,82,96,101,97,93,86,87,127,89,97,88,154,97,91,95,143,119,110,104,96,91,92,96,128,125,98,102,106
5,43,41,11,149,97,9,108,22,41,147,133,29,0,121,12,104,36,121,31,23,158,70,64,10,151,9,27,160,123,112,22,24,145,55,46,46,30,132,122,44,17,10,105,123,106,76,55,51,159,126,99,38,21,126,123,117,72,15,76,30,20,17,16,98,60,59,17,137,33,35,25,19,18,138,121,24,19,36,135,45,28,31,69,21,119,43,149,110,56,55,51,24,162,123,47,38,147,120,111,69,27,40,85,35,35,43,50,31,34,110,84,69,50,40,134,69,42,34,166,114,75,34,49,143,91,39,37,94,64,50,48,155,146,130,47,99,118,59,51,105,59,43,45,125,113,93,47,44,154,50,48,166,150,128,71,69,109,100,51,87,168,152,111,95,77,49,49,49,50,52,169,73,62,58,170,155,125,123,68,63,54,143,124,98,56,57,64,83,156,96,86,65,103,101,69,141,74,108,65,63,174,171,66,169,123,103,78,94,128,111,76,158,72,71,71,76,86,70,72,73,164,101,71,175,142,105,177,107,97,73,140,74,80,176,110,114,91,161,123,171,79,128,115,113,178,86,84,120,114,109,85,97,150,101,112,93,179,111,102,89,166,140,128,121,108,96,92,91,150,146,92,117,96
119,78,80,111,28,24,130,13,143,80,26,12,92,121,0,109,17,157,2,90,98,37,51,57,130,30,113,148,39,5,10,142,144,25,67,76,76,92,14,9,79,107,124,20,11,19,47,68,72,39,13,26,86,106,14,13,14,52,126,49,96,109,114,116,28,65,66,116,22,94,93,104,117,123,24,18,108,121,152,23,83,142,146,59,125,21,87,34,26,73,74,79,127,46,24,84,95,35,25,28,62,116,153,48,145,146,157,84,113,141,34,52,66,87,150,32,68,99,114,53,34,63,132,159,38,51,114,131,51,79,96,98,48,43,38,102,49,41,89,99,48,90,119,142,42,45,57,110,121,51,106,112,59,49,45,81,83,51,57,149,67,62,53,52,62,78,126,127,134,132,140,65,87,102,156,66,58,53,53,94,163,129,56,56,68,130,140,161,83,62,73,81,107,69,70,166,60,99,69,120,146,74,73,152,72,65,75,99,83,66,72,106,70,119,123,125,168,99,132,153,158,75,85,144,81,71,84,82,84,92,138,73,142,165,84,85,85,105,80,81,84,140,83,89,90,89,126,163,90,94,98,139,113,85,109,99,125,94,103,113,154,92,91,95,99,109,127,139,153,91,91,156,105,170
12,31,29,5,137,85,21,96,34,29,135,121,17,12,109,0,92,48,109,19,11,146,58,52,21,139,6,39,148,111,100,33,35,133,43,34,34,19,120,110,32,9,17,93,111,94,64,43,40,146,114,87,27,13,114,111,105,60,21,64,20,14,15,15,86,48,47,16,125,23,25,18,18,21,126,109,18,21,46,123,34,37,41,58,24,107,33,137,98,45,44,40,28,150,111,37,29,135,108,99,58,25,49,74,43,44,53,40,28,40,99,72,58,40,48,122,58,34,31,154,102,64,37,57,131,80,36,40,83,54,42,41,143,134,118,40,88,107,50,44,93,50,41,49,113,101,82,43,42,143,45,43,154,138,116,62,60,98,89,57,77,157,140,100,84,68,49,49,51,51,55,157,64,55,64,159,144,114,112,61,69,54,132,113,88,56,59,69,74,145,86,76,60,92,91,75,130,67,97,61,66,162,160,69,157,112,93,71,85,118,101,70,147,68,68,68,82,79,69,74,76,153,92,72,163,131,96,165,98,89,73,130,74,84,165,101,105,85,150,113,160,78,118,106,104,167,82,87,111,105,101,83,91,140,94,104,89,168,104,96,90,156,130,119,112,102,92,90,91,140,136,93,109,98
102,61,63,94,45,9,113,6,126,63,43,29,75,104,17,92,0,140,17,73,81,54,34,40,113,47,96,131,56,19,9,125,127,41,50,59,59,75,29,20,62,90,107,9,21,10,31,51,55,55,24,13,69,89,24,22,17,35,109,33,79,92,97,99,16,48,49,99,35,77,76,87,100,106,37,23,91,104,135,35,66,125,129,42,108,24,70,48,21,57,58,63,110,61,28,68,78,48,27,24,47,99,136,34,128,129,140,68,96,124,29,39,51,71,133,40,52,83,98,67,31,48,115,143,48,39,97,114,40,64,80,82,59,52,42,86,40,40,73,84,41,75,103,126,43,41,46,94,104,61,90,96,71,58,46,67,69,45,48,133,55,74,62,47,52,64,110,111,118,116,124,76,73,87,139,77,66,52,51,80,147,114,61,54,59,115,124,144,70,69,63,69,93,60,61,150,63,86,62,105,131,84,82,136,81,62,66,86,73,64,66,93,76,104,109,111,153,87,118,138,142,82,76,129,89,72,75,91,76,81,123,74,127,150,92,78,78,93,85,77,91,125,79,82,83,97,112,148,84,86,89,125,101,86,98,91,113,101,95,102,139,96,89,90,92,100,115,126,139,91,90,142,97,155
39,79,77,46,185,133,27,144,15,77,183,169,65,36,157,48,140,0,157,67,59,194,106,100,27,187,44,9,196,159,148,16,14,181,90,81,81,65,168,158,79,51,34,140,158,141,111,91,87,194,161,134,73,53,161,158,152,108,34,111,63,51,46,44,134,95,94,44,173,66,68,56,44,38,174,156,54,41,18,171,78,24,22,104,39,154,76,184,146,89,89,84,39,197,158,79,69,183,155,146,103,50,25,120,29,28,25,81,55,33,145,118,102,80,31,169,102,70,56,201,148,108,42,32,178,125,60,47,127,94,77,75,190,181,164,72,133,152,87,77,138,87,60,45,158,146,126,69,60,189,73,68,201,184,161,100,97,141,132,47,118,203,186,144,126,107,62,61,57,59,55,203,100,85,51,204,189,157,156,94,51,65,176,157,129,67,61,54,111,189,125,114,87,133,131,58,173,98,138,81,65,207,204,64,202,154,132,102,122,159,140,97,190,89,86,85,67,110,81,71,70,197,128,76,207,173,133,209,134,123,81,171,80,74,209,138,142,113,193,151,203,87,156,141,140,210,101,82,146,140,133,94,117,180,122,137,109,210,135,122,92,196,168,154,145,130,111,103,95,178,174,95,140,92
119,78,80,111,29,25,130,14,143,80,26,12,92,121,2,109,17,157,0,90,98,37,51,57,130,30,113,148,39,4,9,142,144,24,67,76,76,92,13,7,78,107,124,19,9,18,47,68,72,38,11,25,86,105,12,11,12,51,125,49,96,109,114,116,27,64,65,116,21,94,92,104,117,123,23,16,107,121,152,21,83,142,146,58,124,19,86,33,24,73,74,79,127,45,22,84,95,33,23,26,61,115,153,47,145,146,157,84,112,140,32,51,65,87,150,30,67,98,114,52,32,62,131,159,37,50,113,131,49,78,96,97,46,41,36,102,48,39,88,99,46,89,119,141,40,43,55,110,120,49,105,111,57,47,43,80,82,50,55,149,66,61,51,51,61,76,126,127,133,132,140,63,85,101,155,65,56,51,51,93,163,129,54,54,66,129,139,160,81,60,71,80,106,67,68,165,58,98,68,119,145,73,71,151,70,63,73,97,82,64,71,105,68,118,122,124,168,98,131,153,157,73,84,143,79,69,82,81,82,90,137,71,141,165,82,84,83,103,78,79,82,139,81,88,89,87,124,162,89,92,96,137,111,83,107,98,124,92,102,112,153,90,89,93,98,108,126,138,152,89,89,155,103,169
30,14,12,22,118,66,40,77,53,11,116,102,4,31,90,19,73,67,90,0,8,127,39,33,40,120,23,58,129,92,81,52,54,114,24,15,15,6,101,91,14,18,35,73,91,75,45,25,21,127,95,68,11,18,95,92,86,41,37,45,13,22,26,28,67,30,29,28,106,14,15,20,30,35,107,89,23,34,63,104,19,54,58,39,38,88,20,118,80,28,28,24,41,131,92,24,22,116,89,80,40,33,65,55,58,59,69,27,32,55,80,55,42,29,64,103,42,29,35,135,84,47,48,73,113,62,38,50,65,40,35,35,124,116,100,36,70,89,40,38,76,40,45,60,95,83,66,42,46,124,42,43,136,120,98,49,47,80,72,68,62,138,122,83,68,54,53,54,58,57,63,139,53,49,75,140,125,96,94,51,82,58,114,96,73,60,66,81,61,127,71,64,55,77,76,86,112,59,82,60,73,144,141,77,139,96,79,63,72,101,86,63,129,65,67,68,92,70,71,82,85,135,79,77,145,114,83,148,84,77,75,113,78,92,147,88,91,76,133,99,143,80,103,93,92,150,79,94,97,93,89,84,83,124,86,93,85,151,93,88,93,139,116,106,100,92,88,89,94,124,121,96,98,104
22,21,19,15,126,74,33,85,45,18,124,110,7,23,98,11,81,59,98,8,0,135,47,41,32,128,15,50,137,100,89,44,46,122,31,23,23,8,109,99,21,11,27,81,99,82,53,32,28,135,102,76,16,12,103,100,94,49,29,52,12,16,19,21,75,37,36,21,114,15,17,16,23,28,115,97,18,27,55,112,24,46,50,47,31,96,24,126,87,34,34,30,34,139,99,28,23,124,97,88,47,27,58,63,51,52,62,31,28,48,88,62,48,32,56,111,48,29,31,143,91,53,42,66,120,69,35,44,72,45,36,36,132,123,107,36,77,96,42,39,83,43,41,54,102,90,72,40,43,132,41,41,143,127,105,53,51,87,78,62,67,145,129,90,74,59,50,50,53,53,58,146,56,50,69,148,133,103,101,54,76,55,121,103,79,57,61,75,65,134,76,68,55,83,81,81,119,61,88,59,69,151,149,73,146,102,84,65,77,107,91,65,136,65,66,66,87,72,69,78,80,142,84,74,153,121,88,155,89,81,73,119,75,88,154,93,96,78,140,104,150,78,109,97,96,156,79,90,102,97,93,82,85,130,88,97,85,158,97,90,90,146,121,111,104,95,88,88,92,130,127,94,102,101
156,115,117,148,11,61,167,50,180,117,12,25,129,158,37,146,54,194,37,127,135,0,88,94,167,7,150,185,3,35,46,179,181,13,104,113,113,129,27,36,115,144,161,54,37,54,83,104,108,9,34,61,122,142,34,37,43,88,162,85,132,145,150,152,62,101,102,152,26,131,129,141,154,160,26,42,144,158,189,29,119,179,183,94,161,45,122,22,53,109,110,115,163,21,43,120,131,26,47,55,97,152,189,80,181,182,193,119,148,177,59,84,100,122,186,40,101,134,150,29,57,96,168,195,36,81,149,166,80,112,131,132,36,39,49,137,76,60,122,133,73,123,154,177,57,67,85,144,155,41,140,146,41,44,57,112,115,74,82,184,96,45,47,73,89,108,160,161,168,166,174,48,117,134,190,49,50,67,68,125,198,163,58,70,93,163,174,195,111,56,98,109,139,92,94,200,65,129,91,152,180,59,59,186,60,80,98,128,109,78,93,136,65,149,154,156,202,127,164,186,191,68,109,176,68,77,106,69,106,117,170,80,174,198,72,106,104,131,76,97,75,170,97,109,110,78,154,194,108,114,120,168,138,89,133,120,152,85,125,137,184,89,101,110,118,132,154,167,183,97,99,186,124,201
69,28,30,61,79,28,79,38,92,29,77,63,41,70,51,58,34,106,51,39,47,88,0,6,79,81,62,97,90,53,42,91,93,75,16,25,25,41,62,52,28,56,73,35,53,36,9,18,22,88,56,29,35,55,56,53,47,10,75,12,45,58,63,65,30,17,18,65,67,44,42,54,66,72,69,51,57,71,101,66,34,91,95,17,74,50,38,79,42,27,28,31,77,92,54,37,46,78,52,44,23,66,102,25,95,96,107,38,63,91,45,28,28,41,100,66,29,51,65,97,49,29,82,109,76,35,66,82,38,39,51,52,87,79,64,56,42,55,46,54,46,48,72,93,61,52,41,64,73,88,61,66,99,84,65,45,46,51,47,101,44,102,87,54,46,46,80,81,87,85,93,103,52,61,107,104,90,65,64,56,115,84,81,66,53,85,94,113,54,92,54,54,67,57,56,118,81,64,61,78,100,109,107,106,105,69,61,65,61,74,65,70,96,79,83,85,122,69,91,108,112,103,67,101,112,86,68,114,69,69,96,85,100,120,114,73,74,76,103,78,111,99,82,78,78,118,90,119,81,80,80,100,84,98,84,83,93,120,85,87,113,111,94,89,87,88,95,103,114,100,98,116,89,128
63,22,24,55,85,34,73,44,86,24,83,69,35,64,57,52,40,100,57,33,41,94,6,0,73,87,56,91,96,59,48,85,87,81,11,19,20,35,68,58,22,50,67,41,59,42,14,13,16,94,62,35,29,49,62,59,53,12,69,15,40,52,57,59,35,13,14,59,73,38,37,48,61,66,75,57,51,65,95,72,29,86,89,17,68,56,32,85,48,23,24,27,71,98,60,32,41,84,57,49,22,60,97,29,89,90,101,33,58,85,50,30,27,37,94,72,28,46,60,103,54,29,77,103,81,38,61,76,40,36,47,48,93,85,69,52,45,60,43,50,50,44,67,88,66,56,43,60,68,93,57,61,104,89,69,43,44,55,49,95,45,107,92,58,48,45,75,76,82,80,88,108,50,57,102,110,96,69,68,53,110,79,86,70,55,80,89,107,53,97,55,54,64,59,58,113,85,61,63,74,96,114,112,101,110,73,62,63,61,77,67,68,101,76,80,81,117,67,87,104,108,107,67,96,117,89,69,119,70,69,92,89,96,115,119,74,76,75,107,80,116,95,85,79,78,122,87,115,83,81,80,97,83,101,83,83,90,125,85,86,109,115,97,91,88,87,93,100,110,103,101,112,89,124
14,53,51,21,158,106,7,117,14,50,156,142,38,10,130,21,113,27,130,40,32,167,79,73,0,160,17,18,169,132,121,12,14,154,63,54,54,38,141,131,52,24,8,113,131,114,84,64,60,167,134,107,46,27,134,131,125,81,11,84,37,25,20,19,107,68,67,19,146,39,41,30,20,16,147,129,28,18,26,144,52,19,22,77,18,127,49,157,119,63,62,57,21,170,131,53,43,156,128,119,76,28,30,93,26,27,34,55,33,26,118,91,76,55,32,142,75,46,34,174,122,81,29,40,151,98,40,33,101,69,53,52,163,154,138,49,106,126,63,54,112,63,42,38,132,120,100,48,43,162,52,48,174,157,135,76,73,115,106,45,93,176,159,118,101,82,47,47,45,47,47,177,77,64,51,178,163,131,130,71,55,51,150,131,104,53,52,56,87,163,101,90,67,108,106,61,147,76,113,64,58,181,178,60,176,129,108,81,98,134,116,77,165,72,70,70,69,89,68,66,67,171,105,67,181,148,110,183,111,100,70,146,70,73,183,114,118,93,167,128,178,76,133,118,117,184,85,79,123,117,112,82,98,155,103,115,93,185,114,103,85,172,144,132,124,110,96,90,87,155,150,88,120,90
149,108,110,141,8,55,160,44,173,110,6,19,122,151,30,139,47,187,30,120,128,7,81,87,160,0,143,178,9,28,39,172,174,6,97,106,106,122,20,29,108,137,154,47,30,47,76,97,101,11,27,54,115,135,28,30,36,81,155,78,125,138,143,145,55,94,95,145,19,124,122,134,147,153,20,35,137,151,182,23,112,172,176,86,154,38,115,18,47,102,103,108,156,22,37,113,124,22,40,48,89,145,182,73,174,175,186,112,141,170,52,77,93,115,179,34,94,127,143,30,50,89,160,188,32,74,142,159,73,105,123,125,34,35,43,130,69,54,115,126,66,116,147,170,51,60,78,137,148,39,133,139,41,41,52,105,108,68,76,177,89,45,45,67,83,101,153,154,161,159,167,48,110,127,183,49,48,61,62,118,191,156,54,65,87,157,167,188,105,53,92,103,132,86,88,193,61,123,85,145,173,59,59,179,59,75,92,121,102,73,87,129,63,143,148,149,195,120,157,179,184,66,103,169,67,73,100,69,100,110,163,76,167,191,71,100,98,125,74,92,74,164,92,103,105,77,148,188,103,108,114,162,132,86,127,115,146,84,119,131,177,87,97,105,112,126,148,161,176,93,95,179,119,194
12,36,34,9,141,89,19,100,31,34,139,125,22,9,113,6,96,44,113,23,15,150,62,56,17,143,0,35,152,115,104,29,31,137,46,37,37,21,124,114,35,8,12,96,114,97,67,47,43,150,117,90,29,11,117,114,108,64,15,67,21,11,10,10,90,51,50,11,129,23,26,16,13,16,130,112,16,16,40,127,35,32,35,60,19,110,34,140,102,47,46,41,22,153,114,38,29,139,111,102,60,21,43,76,37,38,47,40,24,35,101,75,60,40,43,125,59,33,27,158,105,65,32,52,134,82,32,35,85,54,41,40,146,137,121,38,90,109,50,42,95,50,37,44,115,103,84,40,38,145,42,40,157,141,118,62,59,99,90,51,78,159,143,102,85,68,44,44,46,46,49,160,64,53,58,161,146,115,114,59,64,49,134,115,89,51,53,64,74,147,86,76,57,93,92,69,132,66,98,58,60,165,162,64,159,114,94,70,85,119,101,68,149,65,65,64,76,77,65,69,71,155,92,67,165,132,96,167,98,88,68,131,70,78,167,101,105,83,152,114,162,74,119,105,104,169,79,82,110,105,100,79,89,141,93,103,86,169,103,94,85,157,130,119,112,100,89,86,87,140,136,88,108,93
31,71,69,38,176,124,20,135,9,68,174,160,56,27,148,39,131,9,148,58,50,185,97,91,18,178,35,0,187,150,139,6,4,172,81,72,72,56,159,149,70,41,25,131,149,132,102,81,77,185,152,125,64,44,152,149,143,98,25,101,54,41,36,34,124,86,85,35,163,56,58,47,35,29,165,147,44,31,14,162,69,17,15,94,30,145,66,175,136,80,79,74,30,188,148,70,59,173,146,137,93,41,21,110,23,22,23,72,46,26,136,108,93,71,26,159,92,60,47,192,139,98,34,30,169,115,51,39,118,85,68,66,180,171,155,63,123,143,78,67,128,77,52,39,149,136,116,60,52,179,64,60,191,175,152,91,88,132,122,42,109,193,177,134,117,97,54,53,50,51,49,194,91,76,47,195,180,148,146,85,49,57,167,147,119,59,54,51,101,180,116,104,78,123,122,55,164,89,128,73,59,198,195,59,192,145,123,93,112,150,131,88,181,80,78,77,64,101,74,66,65,187,119,70,198,163,124,200,125,114,74,161,74,70,199,128,132,105,183,142,194,81,147,132,130,200,93,77,137,131,124,87,108,170,114,128,101,200,126,114,87,187,158,145,136,122,104,96,89,169,165,89,132,88
158,117,119,150,14,64,169,53,182,119,14,28,131,160,39,148,56,196,39,129,137,3,90,96,169,9,152,187,0,37,48,181,183,15,106,115,115,131,28,38,117,146,163,56,38,55,85,106,110,7,36,62,124,144,36,39,45,89,164,86,134,147,152,154,64,102,103,154,26,132,131,143,155,161,26,43,146,160,190,30,121,181,185,95,163,46,124,21,55,110,111,116,165,19,44,121,132,25,47,56,98,153,191,82,183,184,195,121,150,178,60,86,101,124,188,40,102,136,151,27,58,97,169,197,36,82,150,168,81,114,132,134,34,38,49,138,77,60,123,135,73,124,155,179,57,67,85,146,156,40,141,147,39,43,57,113,116,74,83,186,97,43,46,74,90,109,162,163,170,168,176,46,118,135,192,47,49,66,68,126,200,164,57,70,93,165,175,196,112,54,99,110,140,93,94,201,64,130,91,153,181,57,57,187,58,80,98,129,109,78,93,137,63,150,155,157,203,127,165,187,192,66,109,177,66,76,106,67,106,117,171,79,175,199,70,106,104,132,74,97,73,171,97,109,110,76,155,195,108,114,120,169,139,88,134,120,153,83,125,138,185,88,101,110,117,132,154,168,184,96,98,187,124,202
121,81,83,113,28,28,132,17,145,82,25,12,94,123,5,111,19,159,4,92,100,35,53,59,132,28,115,150,37,0,11,144,146,22,69,78,78,94,10,4,80,109,126,20,6,19,48,69,73,36,7,26,87,107,8,8,11,53,127,50,97,110,115,117,28,66,67,117,17,96,94,106,119,125,19,14,109,123,154,18,84,144,148,59,126,17,87,29,23,74,75,80,128,42,19,85,96,30,21,25,62,117,154,47,147,148,158,85,113,142,30,51,66,88,151,27,67,99,115,48,30,62,133,160,33,49,114,132,49,79,96,98,43,38,33,102,47,37,88,99,45,90,120,143,37,42,54,110,121,45,106,112,54,44,40,80,82,48,54,150,65,57,48,49,60,76,127,127,134,133,140,60,85,101,156,61,52,48,49,93,164,129,51,51,65,130,140,161,81,56,70,79,107,66,67,166,55,98,66,119,146,69,67,152,67,61,72,97,81,61,69,105,64,118,122,124,168,97,132,153,158,70,83,144,75,66,80,77,81,89,137,68,141,165,79,82,81,103,74,77,79,139,79,86,87,84,124,162,87,91,95,137,110,80,106,96,123,89,100,111,153,86,87,91,96,106,125,137,152,86,87,155,101,169
111,70,72,102,38,17,121,9,134,71,36,22,83,112,10,100,9,148,9,81,89,46,42,48,121,39,104,139,48,11,0,133,135,33,58,67,67,83,20,11,69,98,115,9,12,9,37,58,62,47,15,16,76,96,15,13,9,42,116,39,86,99,104,106,18,55,56,106,26,85,83,95,108,114,28,15,98,112,143,26,73,133,137,48,115,17,77,39,17,63,64,69,117,52,21,74,85,39,21,20,52,106,143,37,136,137,148,74,103,131,26,42,56,77,140,32,57,89,104,58,27,52,122,150,40,41,104,121,41,69,86,88,50,44,35,92,40,35,78,89,39,80,109,132,37,38,47,100,110,52,96,101,62,50,41,70,73,43,48,139,57,65,54,45,53,67,116,117,124,122,130,67,76,91,145,69,58,47,47,83,153,119,54,50,59,120,130,151,73,62,63,71,97,60,61,156,57,89,61,109,136,76,74,142,73,58,66,89,74,60,64,96,68,108,113,115,158,89,122,143,148,74,76,134,81,67,75,83,75,82,128,68,132,155,84,77,76,95,78,74,83,130,76,81,82,89,116,152,83,85,89,128,103,81,99,91,115,93,94,104,143,89,85,88,91,100,117,129,143,86,86,146,96,160
25,65,63,33,170,118,15,129,8,62,168,154,50,22,142,33,125,16,142,52,44,179,91,85,12,172,29,6,181,144,133,0,2,166,75,66,66,50,153,143,64,35,18,125,143,126,96,75,71,179,146,119,57,38,146,143,137,92,19,95,48,35,30,28,118,80,79,29,157,50,52,41,29,23,159,141,38,26,16,156,63,14,14,88,24,139,60,169,130,74,73,68,25,182,142,64,53,167,139,131,87,35,22,104,21,21,25,66,40,23,129,102,87,65,25,153,86,55,41,186,133,92,30,31,163,109,46,35,112,79,62,60,174,165,149,57,117,137,72,62,122,72,47,36,143,130,110,54,47,173,59,54,185,169,146,85,82,126,116,41,103,187,171,128,111,92,50,49,46,48,46,188,85,71,46,189,173,142,140,79,49,54,161,141,114,55,52,51,96,174,110,99,73,118,116,56,158,84,123,68,57,192,189,57,186,139,117,88,107,144,125,83,175,76,74,73,64,96,70,64,64,181,113,67,192,157,118,194,120,108,71,156,71,69,193,123,127,100,177,137,188,77,142,127,125,194,89,76,132,125,119,84,104,165,109,123,97,195,121,109,85,181,153,140,131,117,100,92,87,163,159,87,127,87
27,67,65,34,172,120,17,131,8,64,170,156,52,24,144,35,127,14,144,54,46,181,93,87,14,174,31,4,183,146,135,2,0,168,77,68,68,52,155,145,66,37,20,127,145,128,98,77,73,181,148,121,59,40,148,145,139,94,21,97,50,37,32,30,120,82,81,31,159,52,54,43,30,25,161,143,40,27,15,158,65,14,14,90,26,141,62,171,132,76,75,70,26,184,144,66,55,169,141,133,89,37,21,106,21,21,24,68,42,24,131,104,89,67,25,155,88,56,43,188,135,94,31,30,165,111,48,36,114,81,64,62,176,167,151,59,119,138,74,64,124,73,48,37,145,132,112,56,48,175,60,56,187,171,148,87,84,128,118,41,105,189,172,130,113,93,51,50,47,49,47,190,87,72,46,191,175,144,142,81,48,55,163,143,115,56,52,50,97,176,112,100,74,119,118,55,160,85,124,69,57,194,191,57,188,141,119,89,108,146,127,85,177,77,75,74,64,97,71,64,64,183,115,67,194,159,120,196,121,110,72,157,71,69,195,125,128,101,179,138,190,78,143,128,127,196,90,76,133,127,121,85,105,166,110,124,98,196,122,111,85,183,154,141,133,118,101,93,87,165,161,88,128,87
144,103,105,135,11,49,154,38,167,104,7,14,116,145,25,133,41,181,24,114,122,13,75,81,154,6,137,172,15,22,33,166,168,0,91,100,100,116,13,23,102,131,148,41,24,40,70,91,95,14,21,47,109,129,21,24,30,74,149,71,119,132,137,139,49,87,88,139,13,117,116,127,140,146,14,29,131,144,175,17,106,166,169,80,148,32,109,16,40,95,96,101,150,23,31,107,117,19,34,42,83,138,176,67,168,169,180,106,135,163,46,71,86,109,173,29,88,121,136,32,44,82,154,182,29,68,135,153,67,99,117,119,32,32,38,123,63,48,108,120,60,110,140,164,46,55,72,131,142,37,127,132,41,38,47,99,102,62,70,171,83,45,42,62,77,95,147,148,155,153,161,48,104,121,177,49,46,56,57,112,185,150,51,60,81,150,161,182,99,51,86,97,126,80,82,187,57,116,79,138,166,59,58,172,58,70,86,115,96,69,81,123,60,136,141,143,188,114,151,173,178,64,97,163,66,69,94,68,94,104,157,72,161,185,70,95,93,119,71,87,72,157,87,98,99,76,142,181,98,103,108,155,126,82,121,109,140,83,113,125,171,84,93,100,107,120,142,155,170,89,91,173,113,188
54,16,18,46,96,44,64,55,77,16,93,79,26,55,67,43,50,90,67,24,31,104,16,11,63,97,46,81,106,69,58,75,77,91,0,9,9,25,78,68,11,40,57,50,68,51,21,4,6,104,71,44,19,38,71,68,62,18,58,21,29,42,47,49,44,9,9,49,82,28,26,37,50,56,84,66,41,54,85,81,18,75,79,18,57,65,22,94,56,15,16,17,60,107,68,22,30,93,66,57,21,49,86,33,78,79,90,24,47,74,57,33,24,27,83,80,25,36,49,112,60,28,66,93,89,41,50,66,44,30,37,38,101,92,77,42,49,66,35,41,54,36,56,77,72,61,45,49,58,101,47,51,112,96,75,38,38,59,52,85,44,115,99,62,49,41,65,65,71,70,77,116,44,49,91,117,102,74,73,46,99,69,92,75,55,70,78,97,49,104,55,51,55,59,58,102,90,54,64,65,85,121,119,91,116,76,62,57,59,81,68,60,107,68,71,72,106,62,77,94,97,113,66,86,123,93,68,125,69,66,83,93,86,105,125,73,75,69,112,81,121,86,86,78,77,128,79,105,82,79,77,88,77,104,78,81,83,129,82,81,100,119,98,90,87,83,86,92,101,106,103,103,87,114
45,12,13,37,105,53,55,64,68,10,102,88,18,46,76,34,59,81,76,15,23,113,25,19,54,106,37,72,115,78,67,66,68,100,9,0,1,16,87,77,3,31,48,59,77,60,30,10,6,113,80,53,10,29,80,77,71,27,49,30,20,33,38,40,53,15,14,40,91,19,18,29,41,47,93,75,32,45,76,90,13,66,70,25,49,73,16,103,65,16,16,15,52,116,77,18,23,102,74,66,26,41,77,41,70,71,81,20,39,65,65,40,29,24,75,88,29,30,42,121,69,33,58,84,98,48,43,58,51,31,33,34,109,101,85,36,56,74,33,36,61,34,50,69,80,69,52,44,51,109,42,45,121,105,83,39,38,66,58,77,49,123,107,69,55,44,58,59,64,63,70,124,44,46,84,125,111,82,80,45,91,62,99,82,60,64,72,89,51,112,59,53,52,64,63,95,98,53,69,60,79,129,127,84,124,82,67,56,61,87,73,59,114,64,67,68,99,62,72,87,91,121,69,80,131,100,72,133,73,68,77,99,80,98,133,76,79,69,119,86,128,81,91,81,81,135,77,98,86,82,80,84,77,110,78,83,81,137,84,81,95,125,103,94,90,84,84,88,96,111,108,98,89,108
45,13,14,37,105,53,55,64,68,11,102,88,18,46,76,34,59,81,76,15,23,113,25,20,54,106,37,72,115,78,67,66,68,100,9,1,0,16,87,77,2,31,48,59,77,60,30,9,6,113,80,53,10,29,80,77,71,26,49,30,20,33,37,39,52,15,14,40,91,19,17,28,41,47,93,75,32,45,76,90,12,66,70,24,49,73,15,103,65,15,15,14,51,116,77,17,23,101,74,65,25,41,77,40,69,70,81,19,39,65,65,40,28,23,74,88,28,29,41,120,68,33,57,84,98,47,43,57,50,30,32,33,109,101,85,36,55,73,32,35,61,33,49,68,80,68,51,43,50,109,41,44,121,104,83,38,37,65,57,76,48,123,107,68,54,43,57,58,63,62,69,124,43,45,83,125,110,81,79,44,90,62,99,81,59,63,71,89,50,111,58,52,51,63,62,94,97,52,68,59,78,129,126,83,124,81,66,55,61,86,72,58,114,63,66,67,98,61,71,86,90,120,68,80,130,99,71,132,72,67,77,98,80,98,132,76,78,68,118,85,128,81,90,80,80,135,76,98,85,82,79,83,76,110,77,82,80,136,83,80,94,125,102,94,89,83,83,87,95,111,107,97,88,107
30,19,18,23,121,69,40,80,52,16,118,104,9,30,92,19,75,65,92,6,8,129,41,35,38,122,21,56,131,94,83,50,52,116,25,16,16,0,103,93,14,15,32,75,93,76,46,25,21,129,96,69,8,14,96,93,87,42,33,45,7,17,22,24,68,30,29,24,107,8,9,14,26,31,108,91,17,30,60,106,16,50,54,39,33,89,15,119,80,26,25,21,36,132,92,19,16,117,90,81,39,27,61,55,54,55,66,22,26,50,80,54,40,24,59,104,39,23,29,136,84,45,43,69,113,61,32,44,64,36,29,29,125,116,100,30,69,88,35,32,75,35,39,55,94,82,64,35,40,124,35,37,136,120,97,45,43,79,70,63,59,138,122,81,66,51,47,48,52,51,57,139,48,43,70,140,125,95,93,46,77,52,113,95,70,54,60,75,57,126,68,60,49,74,73,81,111,54,79,54,67,144,141,72,138,94,76,57,68,99,83,58,128,59,61,61,86,65,65,76,79,134,75,71,144,112,79,147,81,73,69,111,72,87,146,84,87,71,132,95,142,74,100,89,88,148,73,88,94,89,85,77,78,122,81,89,79,149,89,83,87,137,112,102,96,87,82,83,88,122,118,90,94,98
131,90,92,123,21,37,142,27,154,92,18,10,103,132,14,120,29,168,13,101,109,27,62,68,141,20,124,159,28,10,20,153,155,13,78,87,87,103,0,10,89,118,135,28,10,27,57,78,82,26,8,34,96,116,8,11,16,61,136,58,106,119,124,126,36,74,75,126,8,104,102,114,127,133,10,16,117,131,162,10,93,152,156,67,134,19,96,20,27,82,83,88,137,32,19,93,104,21,22,29,70,125,163,54,155,156,167,93,121,150,33,58,73,95,159,22,74,107,123,39,33,69,141,169,26,55,122,140,54,86,104,106,34,30,30,110,51,37,95,107,48,96,127,150,36,43,59,118,128,38,113,119,45,37,38,86,89,50,57,157,70,49,41,50,64,82,134,135,141,140,148,51,91,108,163,52,45,47,48,99,171,136,46,51,69,137,147,168,86,50,74,84,113,69,70,173,51,103,68,125,153,61,59,159,59,60,74,102,84,60,71,110,58,123,128,130,175,102,138,160,164,63,86,150,68,63,83,69,83,93,144,65,148,172,71,84,82,107,69,77,72,145,78,87,89,77,129,168,88,92,97,143,114,77,110,98,128,82,102,114,158,81,85,91,97,109,129,142,157,83,84,161,103,175
121,80,82,113,30,28,132,18,144,82,27,15,94,122,9,110,20,158,7,91,99,36,52,58,131,29,114,149,38,4,11,143,145,23,68,77,77,93,10,0,79,108,125,18,2,17,47,68,72,36,4,24,86,106,5,4,7,51,126,48,96,109,114,116,26,64,65,116,16,94,92,104,117,123,17,9,107,121,152,16,83,142,146,57,124,13,86,28,19,72,73,78,127,41,15,83,94,28,17,21,60,115,153,44,145,146,157,83,112,140,26,49,64,86,149,23,65,98,113,47,26,60,131,159,30,46,112,130,46,76,94,96,40,35,29,100,43,33,86,97,41,87,117,141,33,38,51,108,119,43,104,109,52,41,36,77,80,44,50,148,62,55,45,45,57,73,124,125,132,130,138,57,82,98,154,59,49,44,44,90,162,127,47,47,62,128,138,159,78,53,66,76,104,62,63,164,51,95,62,116,144,66,65,150,64,57,68,94,77,57,65,102,61,115,120,121,166,94,129,150,155,66,79,141,72,62,77,74,77,86,135,64,139,163,76,78,77,99,71,73,75,136,75,82,83,80,121,159,83,87,91,134,107,76,103,92,120,86,96,107,150,83,83,87,92,103,122,134,149,82,82,152,97,166
44,14,14,36,107,56,54,66,66,11,104,91,17,44,79,32,62,79,78,14,21,115,28,22,52,108,35,70,117,80,69,64,66,102,11,3,2,14,89,79,0,29,46,61,79,62,32,11,7,115,82,55,8,27,82,79,73,28,47,31,18,30,35,37,54,16,15,37,93,17,15,26,39,45,94,77,29,43,74,92,10,64,68,25,46,75,13,105,66,15,15,13,49,118,78,15,21,103,76,67,26,38,75,42,67,68,79,18,36,63,66,41,28,21,72,90,28,27,39,122,70,33,55,82,99,49,40,55,51,29,30,31,111,102,86,34,57,75,31,34,62,32,47,66,81,69,52,41,48,110,39,42,122,106,84,38,37,66,58,74,48,124,108,69,54,43,55,56,61,60,67,125,43,43,81,127,112,82,80,43,88,59,100,82,60,61,69,86,50,113,58,52,50,64,63,92,98,51,69,58,76,130,128,81,125,82,66,54,60,87,72,56,115,61,64,65,96,60,69,84,88,121,68,78,132,100,71,134,72,66,75,99,78,96,133,76,79,67,119,86,129,79,90,81,80,136,74,96,85,81,78,81,75,110,77,82,79,137,83,79,92,126,103,94,89,83,82,86,93,111,108,96,88,105
19,32,30,15,136,84,26,95,38,29,133,119,18,17,107,9,90,51,107,18,11,144,56,50,24,137,8,41,146,109,98,35,37,131,40,31,31,15,118,108,29,0,17,90,108,91,61,40,36,144,111,84,22,4,111,108,102,57,18,60,13,5,8,9,83,44,43,10,122,16,18,9,12,17,123,105,9,16,45,120,28,35,39,53,19,104,26,134,95,39,38,34,23,147,107,30,21,132,104,95,52,17,47,69,40,41,51,32,19,36,94,67,52,33,45,118,52,26,22,151,98,58,31,55,127,75,27,33,77,46,33,32,139,130,114,31,83,102,42,35,88,42,32,43,108,96,76,33,34,138,35,34,150,134,111,54,52,92,83,51,70,152,136,94,78,60,40,41,43,43,48,153,56,46,58,154,139,108,106,52,64,45,127,107,81,47,51,64,66,140,78,69,51,85,84,69,124,58,90,52,58,157,154,62,152,106,86,62,77,111,94,61,141,59,59,59,75,70,60,67,69,147,84,64,158,125,88,160,90,80,64,123,66,77,159,93,97,76,144,106,154,70,111,98,96,161,73,80,103,97,92,74,82,133,85,96,80,162,95,87,81,149,123,111,104,93,83,81,83,132,129,84,101,90
16,48,46,19,153,101,14,112,22,45,150,136,34,10,124,17,107,34,124,35,27,161,73,67,8,154,12,25,163,126,115,18,20,148,57,48,48,32,135,125,46,17,0,107,125,108,78,57,53,161,128,101,39,19,128,125,119,74,4,77,29,17,12,10,100,61,60,11,139,32,34,22,11,8,140,122,20,10,28,137,44,20,23,70,11,121,42,151,112,56,55,50,14,164,124,46,35,149,121,112,69,19,31,86,25,26,35,48,24,24,111,84,68,47,31,135,68,37,26,168,114,74,23,40,144,91,31,27,93,61,45,43,156,147,130,41,99,118,55,45,104,54,34,34,124,112,92,40,35,155,43,40,167,150,127,67,65,108,98,41,85,169,152,110,93,74,40,39,39,40,42,169,68,55,48,171,155,124,122,63,53,44,143,123,96,46,46,53,79,156,92,82,58,100,98,59,140,68,105,56,53,173,170,55,168,121,100,72,90,126,108,69,157,64,63,62,66,80,61,61,63,163,97,61,173,140,101,176,103,92,63,138,64,69,175,106,110,85,159,119,170,69,124,110,108,176,77,74,115,109,103,75,90,147,94,107,85,177,106,95,79,163,136,123,115,102,88,83,81,146,142,82,111,85
103,63,65,95,47,16,114,14,127,64,44,31,76,105,20,93,9,140,19,73,81,54,35,41,113,47,96,131,56,20,9,125,127,41,50,59,59,75,28,18,61,90,107,0,18,1,29,50,54,54,21,6,68,88,21,18,12,33,108,30,78,91,96,98,9,46,47,98,33,76,74,86,99,105,34,17,89,103,134,31,65,124,128,39,106,17,68,45,13,54,55,60,109,58,21,66,76,44,20,16,43,97,135,28,127,128,139,65,94,122,20,33,47,68,132,33,48,80,95,63,23,43,113,141,42,32,95,112,32,59,77,79,54,46,34,83,32,31,69,80,32,70,100,123,35,32,38,91,101,55,87,92,66,52,38,61,64,36,39,130,48,69,55,38,44,58,107,108,114,113,121,70,67,82,136,72,59,43,43,74,144,110,53,46,51,111,121,141,64,62,55,62,88,52,53,146,55,80,53,100,127,78,76,133,74,53,58,79,65,55,57,87,68,99,104,105,149,80,113,134,138,74,68,124,82,64,67,84,67,74,119,65,122,146,85,69,69,86,77,68,83,120,70,74,74,89,106,143,75,78,81,119,94,77,91,83,106,93,86,95,134,87,80,81,84,92,108,120,134,82,81,137,88,150
121,81,83,113,31,29,132,20,145,82,28,16,94,123,11,111,21,158,9,91,99,37,53,59,131,30,114,149,38,6,12,143,145,24,68,77,77,93,10,2,79,108,125,18,0,17,47,68,72,36,3,24,86,106,4,2,6,51,126,48,96,109,114,116,25,64,65,116,15,94,92,104,117,123,17,8,107,121,152,14,82,142,146,57,124,11,86,27,18,72,73,78,127,40,13,83,94,27,15,20,60,115,153,44,145,146,157,83,111,140,25,48,63,85,149,22,64,97,113,46,25,59,131,159,29,45,112,129,44,76,94,96,39,33,27,100,42,31,85,96,40,86,117,140,31,36,50,108,118,41,103,109,50,39,34,76,79,42,49,147,61,54,43,43,55,72,124,125,131,130,138,56,81,98,153,57,48,42,42,89,161,126,45,45,60,127,137,158,77,51,65,75,103,60,62,163,49,94,60,115,143,65,63,149,62,55,66,93,76,55,63,101,59,114,119,120,165,92,128,150,154,64,77,140,70,60,75,72,75,84,134,62,138,162,74,77,75,98,69,71,73,135,73,80,81,79,120,158,81,85,89,133,105,74,101,91,119,84,95,105,149,81,81,85,90,101,121,133,148,80,81,151,96,165
104,64,66,96,46,17,115,14,128,65,44,30,77,106,19,94,10,141,18,75,82,54,36,42,114,47,97,132,55,19,9,126,128,40,51,60,60,76,27,17,62,91,108,1,17,0,30,51,55,53,20,7,69,89,20,17,11,34,109,31,79,92,97,99,9,47,48,99,31,77,75,87,100,106,33,16,90,104,135,30,65,125,129,40,107,16,69,43,11,55,56,61,110,57,20,66,77,42,18,14,43,98,136,28,128,129,140,66,95,123,19,33,47,69,132,32,48,81,96,62,21,43,114,142,41,32,95,113,32,60,77,79,52,45,33,83,31,30,69,80,31,71,101,124,33,31,38,91,102,54,87,93,64,50,37,61,64,36,39,131,48,67,54,37,44,58,108,109,115,114,121,69,67,82,137,70,58,42,41,74,145,110,52,44,50,111,121,142,64,61,54,62,88,51,52,147,54,80,53,100,127,76,74,133,73,52,57,79,65,54,56,87,67,99,104,106,149,80,113,134,139,73,68,125,81,62,66,83,67,73,119,64,123,146,84,69,68,86,75,67,82,120,69,73,74,88,106,143,75,77,80,119,94,76,90,82,106,92,86,95,134,86,79,80,83,91,108,120,134,81,80,137,88,151
75,36,38,67,76,27,85,36,98,36,73,59,48,76,47,64,31,111,47,45,53,83,9,14,84,76,67,102,85,48,37,96,98,70,21,30,30,46,57,47,32,61,78,29,47,30,0,21,25,83,50,23,39,59,50,47,41,4,79,3,49,62,67,69,22,17,18,69,61,47,45,57,70,76,62,45,60,74,105,60,36,95,99,13,78,43,39,73,35,26,27,32,80,86,47,37,48,71,44,36,18,68,106,16,98,99,110,38,65,94,36,19,23,41,103,59,24,52,67,90,40,22,85,112,68,26,67,84,28,35,50,52,80,71,56,56,32,46,44,54,37,45,72,95,52,42,32,64,74,80,60,65,91,76,56,40,42,42,37,102,36,94,78,45,37,40,80,81,87,86,94,95,47,58,109,96,82,56,55,52,116,83,72,57,44,84,94,114,47,84,46,48,64,48,48,119,71,59,52,76,100,101,98,106,96,60,52,60,53,64,56,66,87,76,81,82,122,63,89,108,112,94,59,99,103,76,60,105,61,62,94,76,98,120,106,64,66,70,93,69,102,97,73,69,69,109,86,118,73,72,72,97,79,88,77,75,88,111,77,81,111,102,85,80,79,81,90,99,111,91,89,114,81,126
55,19,21,47,96,46,65,56,77,18,94,80,28,55,68,43,51,91,68,25,32,104,18,13,64,97,47,81,106,69,58,75,77,91,4,10,9,25,78,68,11,40,57,50,68,51,21,0,4,104,71,44,18,38,71,68,62,17,58,20,28,41,46,48,43,6,5,48,82,26,25,36,49,55,83,65,40,53,84,80,16,74,78,15,57,64,20,94,55,11,12,14,59,107,67,19,28,92,65,56,17,48,85,31,77,78,89,21,45,73,55,31,21,24,82,79,21,34,47,111,59,25,65,92,88,38,48,64,41,26,34,35,100,91,75,39,46,64,31,38,52,33,54,75,70,59,42,47,55,99,44,48,111,95,73,34,34,56,49,83,41,113,97,59,46,37,62,63,69,68,75,114,40,45,89,116,101,72,70,42,97,66,90,72,52,67,76,95,45,102,51,47,52,56,55,100,88,50,60,62,83,119,117,88,114,73,59,53,55,78,64,57,105,64,67,69,104,58,74,91,95,111,62,83,121,91,64,123,66,62,80,90,83,103,123,69,72,65,109,78,119,83,82,74,73,125,76,102,78,76,74,84,73,101,74,77,79,127,78,77,97,116,95,87,83,79,82,88,97,102,99,100,83,111
51,17,18,43,100,49,61,60,73,16,98,84,24,51,72,40,55,87,72,21,28,108,22,16,60,101,43,77,110,73,62,71,73,95,6,6,6,21,82,72,7,36,53,54,72,55,25,4,0,108,75,48,14,34,75,72,66,21,54,24,24,37,42,44,47,9,8,44,86,23,21,33,45,51,87,69,36,49,80,84,13,70,74,18,53,68,16,98,59,11,11,12,55,111,71,16,25,96,68,60,20,44,81,34,74,75,85,18,42,69,59,34,22,22,78,82,23,30,44,115,63,27,61,88,92,42,45,60,44,26,32,33,104,95,79,36,50,68,30,35,55,31,51,72,74,62,45,44,52,103,41,45,115,99,77,34,34,59,52,79,43,117,101,62,48,38,59,60,65,64,72,118,40,43,86,119,104,75,73,42,93,63,93,75,54,64,73,91,46,106,53,48,50,58,57,97,91,50,63,59,80,123,120,85,118,76,61,52,56,81,67,56,108,62,65,66,101,58,72,88,92,114,63,81,124,94,66,127,67,63,77,93,80,99,126,71,73,65,112,80,122,81,85,76,75,129,74,99,80,77,74,82,73,104,74,78,78,130,79,77,95,119,97,89,84,80,81,86,95,105,102,98,84,108
157,116,118,149,18,63,168,52,181,118,17,28,130,159,39,146,55,194,38,127,135,9,88,94,167,11,150,185,7,36,47,179,181,14,104,113,113,129,26,36,115,144,161,54,36,53,83,104,108,0,33,60,122,142,33,36,42,87,162,84,132,145,150,152,61,100,101,152,22,130,128,140,153,159,22,39,143,157,188,25,118,178,182,92,160,42,121,15,51,107,108,113,162,12,40,119,130,18,43,52,95,151,188,78,181,182,193,118,147,176,55,82,98,120,185,34,99,132,148,21,53,93,166,194,29,77,147,165,76,110,128,130,27,31,43,135,72,55,119,131,68,121,152,175,51,62,81,142,153,33,138,143,32,35,51,109,112,69,78,182,92,36,39,68,85,104,158,159,166,164,172,39,114,131,188,40,42,60,62,122,196,160,50,64,88,161,171,193,107,47,94,105,136,87,89,198,57,126,85,148,177,50,50,183,51,74,92,124,104,72,87,132,56,146,151,153,199,122,160,183,188,59,104,173,59,69,100,60,100,112,166,72,170,195,63,100,98,126,67,91,66,167,90,103,104,69,150,191,102,108,114,164,133,81,128,114,147,76,119,132,180,80,94,103,111,126,149,163,179,89,91,182,118,197
124,84,86,116,29,32,135,23,148,85,26,15,97,126,13,114,24,161,11,95,102,34,56,62,134,27,117,152,36,7,15,146,148,21,71,80,80,96,8,4,82,111,128,21,3,20,50,71,75,33,0,27,89,109,1,3,9,54,129,51,99,112,117,119,28,67,68,119,12,97,95,107,120,126,13,8,110,124,155,11,85,145,149,60,127,12,88,24,20,75,76,81,129,37,13,86,97,24,15,21,62,118,156,46,148,149,160,85,114,143,26,50,66,88,152,20,67,100,116,43,26,61,134,161,26,47,115,132,46,78,96,98,36,31,26,102,43,31,88,99,41,89,120,143,31,37,52,110,121,39,106,111,47,37,34,78,81,43,50,150,63,51,41,44,57,74,126,127,134,132,140,53,84,100,156,54,45,42,42,91,164,129,44,45,62,129,140,161,78,49,67,77,105,62,63,166,48,96,61,118,145,62,60,151,60,55,67,95,77,55,64,103,57,116,121,123,168,94,130,152,157,62,79,142,68,59,76,70,76,86,136,61,140,164,72,77,76,99,67,72,71,137,73,81,82,76,121,161,81,86,90,135,107,73,103,92,120,82,96,107,151,79,80,85,91,102,122,135,150,79,80,153,97,167
98,58,59,90,53,16,108,18,121,59,51,37,70,99,26,87,13,134,25,68,76,61,29,35,107,54,90,125,62,26,16,119,121,47,44,53,53,69,34,24,55,84,101,6,24,7,23,44,48,60,27,0,62,82,27,24,18,27,102,24,72,85,90,92,3,40,41,92,38,70,68,80,93,99,39,22,83,97,128,37,58,118,122,33,100,21,62,50,14,48,49,54,103,63,25,59,70,49,23,16,36,91,129,22,121,122,133,59,87,116,20,27,40,62,125,37,42,73,89,68,23,37,107,135,47,27,88,106,28,53,71,72,58,50,37,77,28,31,63,74,29,64,94,117,36,31,34,85,95,59,80,86,70,55,39,55,57,34,35,124,43,73,58,36,40,52,101,102,108,107,114,74,61,76,130,75,62,43,42,68,138,103,55,45,46,104,114,135,58,65,50,57,82,48,49,140,56,74,50,94,120,81,79,126,77,51,54,74,60,54,54,81,70,93,98,99,142,75,107,127,132,77,64,118,85,64,63,87,63,69,112,65,116,140,88,66,66,81,78,65,85,114,68,70,71,91,100,137,72,74,77,113,89,77,86,79,101,95,82,90,128,88,78,78,80,87,103,114,128,81,80,131,84,144
38,18,18,31,114,63,48,74,60,15,112,98,15,38,86,27,69,73,86,11,16,122,35,29,46,115,29,64,124,87,76,57,59,109,19,10,10,8,96,86,8,22,39,68,86,69,39,18,14,122,89,62,0,20,89,86,80,35,40,38,10,23,28,30,61,22,21,30,100,9,8,19,31,37,101,83,22,36,66,98,8,56,60,31,39,81,9,111,73,18,17,13,41,125,85,13,14,110,82,73,31,31,67,47,60,61,71,16,29,55,72,46,32,18,65,96,31,21,31,129,76,37,47,74,105,53,33,48,56,29,25,26,117,108,92,28,61,80,29,29,67,29,40,59,86,74,56,34,41,116,33,36,128,112,89,38,36,71,62,66,51,130,114,73,58,43,48,49,54,53,60,131,42,39,73,132,117,87,85,41,81,53,105,86,62,54,62,79,50,118,60,52,45,66,65,84,103,48,71,52,69,136,133,74,130,86,68,52,61,91,75,53,120,57,59,59,89,59,64,77,81,126,68,71,136,104,72,139,73,66,68,103,71,88,138,77,80,65,123,88,133,73,93,82,80,140,70,89,86,82,78,76,73,114,75,82,75,141,82,77,86,129,105,95,89,81,78,81,87,114,110,89,87,99
23,32,30,18,134,83,30,93,41,29,132,118,18,21,106,13,89,53,105,18,12,142,55,49,27,135,11,44,144,107,96,38,40,129,38,29,29,14,116,106,27,4,19,88,106,89,59,38,34,142,109,82,20,0,109,106,100,55,20,58,10,4,8,10,81,42,41,10,120,13,15,5,12,18,121,103,6,16,46,118,25,37,41,51,20,101,23,131,93,36,35,31,23,144,105,27,18,130,102,93,50,15,48,66,40,41,52,29,16,37,92,65,49,29,46,116,49,22,20,148,95,55,30,55,125,72,24,32,74,43,30,29,136,128,111,28,80,99,38,31,85,38,30,42,105,93,73,30,31,136,32,31,148,131,108,50,48,89,80,50,67,149,133,91,74,57,38,38,41,41,46,150,52,43,57,151,136,105,103,48,64,43,124,104,78,45,49,63,62,137,75,65,47,82,80,69,121,55,87,49,56,154,151,60,149,103,83,59,74,108,90,57,138,55,56,56,74,66,58,65,68,144,81,62,155,121,85,157,86,77,61,120,63,75,156,90,93,72,141,102,151,67,107,94,93,158,70,78,99,94,89,71,78,130,82,92,76,158,92,83,79,146,119,108,100,89,79,78,80,129,125,82,97,89
124,84,86,116,29,33,135,23,148,85,26,16,97,126,14,114,24,161,12,95,103,34,56,62,134,28,117,152,36,8,15,146,148,21,71,80,80,96,8,5,82,111,128,21,4,20,50,71,75,33,1,27,89,109,0,3,9,54,129,51,99,112,117,119,28,67,68,119,11,97,95,107,120,126,13,8,110,124,155,11,85,145,149,59,127,11,88,24,19,75,76,81,129,37,12,86,97,23,14,21,62,118,155,46,148,149,160,85,114,143,25,50,65,88,152,19,66,100,115,42,25,61,133,161,25,47,114,132,46,78,96,98,35,30,25,102,43,30,87,99,40,89,119,143,30,36,51,110,121,38,105,111,47,36,33,78,81,43,50,150,62,50,40,43,56,74,126,127,134,132,140,52,83,100,156,54,44,41,41,91,164,128,43,44,61,129,139,161,78,48,66,76,105,61,62,166,47,95,61,117,145,61,60,151,59,54,67,94,76,54,63,102,56,115,120,122,167,94,130,152,156,61,78,142,67,58,75,69,75,85,136,60,140,164,71,77,75,99,66,71,70,136,72,80,81,76,121,160,81,85,90,135,106,72,102,91,120,81,95,106,150,78,79,85,90,101,122,134,149,78,79,152,96,167
121,81,83,113,32,30,132,21,145,82,29,18,94,123,13,111,22,158,11,92,100,37,53,59,131,30,114,149,39,8,13,143,145,24,68,77,77,93,11,4,79,108,125,18,2,17,47,68,72,36,3,24,86,106,3,0,6,51,126,48,96,109,114,116,25,64,65,116,14,94,92,104,117,123,16,6,107,121,152,13,82,142,146,56,124,9,85,27,17,72,73,78,126,40,11,83,94,26,13,18,59,115,152,43,145,146,157,82,111,140,23,47,62,85,149,20,64,97,112,45,23,58,130,158,27,44,111,129,43,75,93,95,38,31,25,99,40,29,84,96,38,86,116,140,29,34,49,107,118,40,102,108,49,37,32,75,78,41,47,147,60,52,41,41,54,71,123,124,131,129,137,54,81,97,153,56,46,40,41,88,161,126,43,43,59,126,137,158,75,50,64,74,102,59,60,163,47,93,59,115,142,63,61,148,60,53,65,92,74,53,62,100,57,113,118,119,164,91,127,149,154,63,76,139,69,58,73,71,74,83,133,60,137,161,72,75,74,96,67,69,72,134,71,79,80,77,118,157,79,83,88,132,104,72,100,89,117,82,93,104,147,79,79,83,88,99,119,132,147,78,79,150,94,164
116,75,77,108,37,25,126,18,139,76,34,22,88,117,14,105,17,152,12,86,94,43,47,53,125,36,108,143,45,11,9,137,139,30,62,71,71,87,16,7,73,102,119,12,6,11,41,62,66,42,9,18,80,100,9,6,0,45,120,42,90,103,108,110,19,58,59,110,20,88,86,98,111,117,22,6,101,115,146,19,76,136,140,50,118,8,79,32,12,66,67,72,120,45,12,77,88,31,12,14,53,109,146,37,139,140,151,76,105,134,20,42,57,79,143,23,58,91,107,51,20,53,124,152,31,39,106,123,38,69,87,89,42,35,26,93,36,27,79,90,34,80,111,134,29,31,44,101,112,44,97,102,54,41,32,70,72,38,43,141,55,57,45,38,49,66,117,118,125,123,131,59,75,91,147,60,49,39,39,83,155,120,45,42,55,121,131,152,71,53,59,69,97,55,56,157,48,88,56,109,137,67,65,143,64,51,61,87,70,52,59,95,59,108,112,114,159,87,122,143,148,65,72,134,72,58,70,74,70,79,127,60,131,155,75,72,71,92,69,67,74,129,69,76,77,80,114,152,77,80,84,127,100,72,96,86,113,85,90,100,142,80,78,81,85,96,115,127,142,78,78,145,91,159
72,33,35,64,80,31,82,40,94,34,77,64,44,72,52,60,35,108,51,41,49,88,10,12,81,81,64,98,89,53,42,92,94,74,18,27,26,42,61,51,28,57,74,33,51,34,4,17,21,87,54,27,35,55,54,51,45,0,75,3,45,58,63,65,26,13,14,65,65,43,41,53,66,72,66,48,56,70,101,63,32,91,95,9,73,47,35,77,38,22,23,28,76,90,50,33,43,75,48,39,14,64,102,16,94,95,106,33,61,89,39,18,19,36,98,62,21,48,63,94,42,19,80,108,71,26,62,79,28,31,46,48,83,74,59,51,33,48,40,49,38,41,68,90,54,44,31,60,69,83,56,61,94,78,58,36,38,43,37,98,34,97,81,45,36,37,76,76,83,81,89,98,43,54,104,99,85,57,56,48,112,79,74,58,43,80,89,109,44,86,44,45,60,47,46,115,73,55,51,72,96,103,101,102,99,60,51,56,51,65,55,62,89,72,76,78,118,60,84,103,108,96,57,95,105,77,58,108,59,59,90,77,94,115,108,63,64,67,95,68,104,93,73,68,67,110,82,114,71,70,70,93,75,89,74,73,84,113,75,78,107,103,85,79,77,78,87,95,107,91,89,110,79,122
20,50,48,23,154,102,18,113,24,47,152,138,36,15,126,21,109,34,125,37,29,162,75,69,11,155,15,25,164,127,116,19,21,149,58,49,49,33,136,126,47,18,4,108,126,109,79,58,54,162,129,102,40,20,129,126,120,75,0,78,30,17,12,10,101,62,61,10,140,32,34,22,10,5,141,123,20,7,26,138,44,17,21,70,7,121,42,151,112,56,55,50,10,164,124,45,35,149,122,113,69,17,29,86,22,23,33,47,22,20,111,84,68,46,28,135,67,36,23,168,115,73,19,37,145,91,29,23,93,60,43,42,156,147,130,39,98,118,53,43,104,53,31,30,124,112,92,37,31,155,41,37,167,150,127,66,64,107,98,37,84,169,152,110,92,73,36,36,35,36,37,169,67,53,44,171,155,123,121,61,49,41,142,122,95,43,42,49,77,155,91,80,56,99,97,55,139,66,104,53,49,173,170,51,168,120,99,70,88,125,107,66,156,60,59,59,62,78,57,57,59,162,95,57,173,139,100,175,101,90,59,137,60,65,174,104,108,82,158,118,169,66,123,108,107,176,74,70,113,107,101,71,87,146,92,105,82,176,103,92,75,162,134,122,113,99,85,79,77,145,141,78,109,81
75,36,38,67,77,29,85,38,97,37,75,61,47,76,49,64,33,111,49,45,52,85,12,15,84,78,67,101,86,50,39,95,97,71,21,30,30,45,58,48,31,60,77,30,48,31,3,20,24,84,51,24,38,58,51,48,42,3,78,0,48,61,66,68,23,16,17,68,62,46,44,56,69,75,63,45,59,73,104,60,34,94,98,10,76,44,38,73,35,24,25,30,79,87,47,35,46,72,44,36,15,67,105,14,97,98,109,35,64,92,36,16,20,38,101,59,21,50,65,91,39,19,83,111,68,23,65,82,26,33,48,50,80,71,55,54,30,45,41,51,35,43,70,93,51,41,29,62,72,79,58,63,91,75,55,37,39,40,35,100,33,93,78,43,35,37,78,79,85,84,91,95,44,55,107,96,81,54,53,49,114,81,71,55,42,82,92,112,44,83,43,44,62,45,45,117,70,56,49,73,98,100,98,104,96,58,49,57,50,62,53,63,86,74,78,79,120,60,86,105,110,93,56,97,102,75,57,105,58,59,92,74,95,117,105,61,63,67,92,66,101,94,71,66,66,107,83,115,70,69,69,94,75,86,74,72,85,110,74,78,108,100,82,78,76,77,87,96,108,89,86,111,78,124
31,25,24,25,124,73,39,84,51,22,122,108,15,30,96,20,79,63,96,13,12,132,45,40,37,125,21,54,134,97,86,48,50,119,29,20,20,7,106,96,18,13,29,78,96,79,49,28,24,132,99,72,10,10,99,96,90,45,30,48,0,13,18,20,71,32,31,20,110,3,5,9,21,27,111,93,12,25,56,108,15,46,50,40,29,91,13,121,82,26,25,21,31,134,95,17,10,120,92,83,40,21,57,56,49,50,61,20,20,45,82,54,39,21,54,105,39,17,23,138,85,45,38,64,115,62,26,38,64,34,24,23,126,117,101,24,70,89,31,26,75,31,32,49,95,83,64,29,33,125,29,30,137,121,98,42,40,79,70,57,57,139,123,81,65,48,40,41,45,45,51,140,45,38,64,141,126,95,93,42,71,45,114,94,69,47,53,69,54,127,66,57,43,73,71,75,111,49,78,48,60,144,141,65,139,93,74,53,65,98,81,52,128,53,55,55,80,60,58,69,72,134,72,64,145,112,76,147,78,69,62,110,65,80,146,81,85,66,131,93,141,67,98,86,85,148,67,81,91,86,81,71,73,120,76,85,73,149,85,78,80,136,110,99,93,83,76,77,81,120,116,83,90,92
23,36,34,19,137,86,28,97,39,32,135,121,22,20,109,14,92,51,109,22,16,145,58,52,25,138,11,41,147,110,99,35,37,132,42,33,33,17,119,109,30,5,17,91,109,92,62,41,37,145,112,85,23,4,112,109,103,58,17,61,13,0,5,7,84,45,44,7,123,15,17,6,9,14,124,106,4,13,43,121,27,33,37,53,16,104,25,134,95,39,38,33,19,147,107,29,19,132,105,96,52,12,44,69,37,38,49,31,14,33,94,67,52,31,42,118,51,22,17,151,98,57,27,52,128,74,22,28,77,44,30,29,139,130,114,27,82,101,39,31,87,39,27,39,108,95,75,29,28,138,31,29,150,133,110,51,49,91,82,47,68,152,135,93,76,58,35,35,38,38,43,153,53,42,54,154,138,107,105,48,60,40,126,106,79,42,46,59,63,139,76,66,46,84,82,65,123,54,89,47,53,157,154,57,151,104,84,59,74,110,92,56,140,54,54,54,71,66,55,62,65,146,81,59,157,123,86,159,87,77,59,121,61,72,158,91,94,72,143,103,153,64,108,95,93,160,68,75,100,94,89,69,77,131,81,92,75,160,92,83,76,147,120,108,101,89,78,76,78,130,126,79,97,85
21,40,38,19,142,91,25,101,34,37,140,126,26,17,114,15,97,46,114,26,19,150,63,57,20,143,10,36,152,115,104,30,32,137,47,38,37,22,124,114,35,8,12,96,114,97,67,46,42,150,117,90,28,8,117,114,108,63,12,66,18,5,0,2,89,50,49,2,128,20,22,10,4,9,129,111,8,8,38,126,32,28,32,58,12,109,30,139,100,44,43,38,15,152,112,34,23,137,110,101,57,11,40,74,32,33,44,35,15,29,99,72,56,35,38,123,56,25,17,156,103,62,23,47,133,79,23,26,81,49,33,32,144,135,118,30,87,106,43,34,92,43,27,35,113,100,80,30,28,143,33,31,155,138,115,55,53,96,86,43,73,157,140,98,81,62,34,34,36,36,40,157,57,45,50,159,143,112,110,52,57,39,131,111,84,41,44,56,67,144,80,70,48,88,86,62,128,57,93,48,51,161,158,55,156,109,88,61,78,114,96,59,145,55,55,55,68,69,55,60,62,151,85,57,161,127,89,164,91,81,58,126,60,69,163,94,98,74,147,107,158,64,112,98,97,164,69,73,103,98,92,69,80,135,84,96,77,165,95,85,75,151,124,112,104,92,79,76,77,134,130,78,100,84
20,42,40,19,144,93,23,103,33,38,142,128,27,16,116,15,99,44,116,28,21,152,65,59,19,145,10,34,154,117,106,28,30,139,49,40,39,24,126,116,37,9,10,98,116,99,69,48,44,152,119,92,30,10,119,116,110,65,10,68,20,7,2,0,91,52,51,1,130,22,24,12,3,8,131,113,10,6,36,128,34,26,30,60,10,111,32,141,102,46,45,40,13,154,114,35,25,139,112,103,59,11,38,76,30,31,42,37,15,27,101,74,58,37,36,125,58,27,18,158,105,64,22,45,134,81,23,25,83,51,35,33,146,137,120,31,89,108,44,35,94,44,27,34,114,102,82,31,28,145,34,31,157,140,117,57,55,97,88,42,75,159,142,100,82,64,34,34,35,36,39,159,58,46,49,161,145,114,112,53,55,39,133,113,85,41,43,55,68,145,82,71,49,90,88,60,129,58,95,49,50,163,160,54,158,110,90,63,80,116,97,60,147,56,55,55,67,70,55,59,61,153,87,57,163,129,91,165,92,82,58,127,59,68,165,96,100,75,149,109,159,64,114,100,98,166,70,72,105,99,93,69,81,137,85,97,77,166,96,86,75,153,126,113,105,93,80,77,77,136,132,78,102,83
97,58,59,89,55,19,108,21,120,59,52,39,70,98,28,86,16,134,27,67,75,62,30,35,107,55,90,124,64,28,18,118,120,49,44,53,52,68,36,26,54,83,100,9,25,9,22,43,47,61,28,3,61,81,28,25,19,26,101,23,71,84,89,91,0,39,40,91,39,69,67,79,92,98,40,22,82,96,127,37,57,117,121,31,99,21,60,50,13,47,48,52,101,64,25,58,69,49,22,15,34,90,127,19,120,121,131,57,86,115,17,24,38,60,124,37,39,72,87,68,21,34,105,133,46,24,87,104,25,51,69,71,58,50,35,75,25,29,60,72,26,62,92,115,34,28,30,83,93,58,78,84,69,54,37,52,55,31,32,122,40,72,57,33,37,50,99,100,106,105,113,73,58,73,128,75,61,40,40,65,136,101,53,42,43,102,112,133,55,64,47,54,79,45,46,138,54,71,47,91,118,80,78,124,76,49,51,71,57,52,51,78,69,90,95,97,140,72,104,125,130,75,60,116,84,61,59,86,60,66,110,62,114,137,86,62,62,78,76,62,84,112,65,67,67,90,98,134,69,71,74,110,86,75,83,76,98,93,79,87,125,86,76,75,77,84,100,111,125,79,78,128,81,142
60,25,26,52,93,43,70,53,82,24,90,77,33,60,65,48,48,95,64,30,37,101,17,13,68,94,51,86,102,66,55,80,82,87,9,15,15,30,74,64,16,44,61,46,64,47,17,6,9,100,67,40,22,42,67,64,58,13,62,16,32,45,50,52,39,0,1,52,78,30,28,40,53,59,79,61,43,57,88,76,18,78,82,9,60,59,22,89,50,10,11,15,63,102,63,20,30,88,60,51,12,51,89,25,81,82,93,21,48,76,50,25,16,24,85,74,16,35,50,106,54,19,67,95,83,33,50,66,36,23,34,36,95,86,70,39,41,59,30,38,46,31,55,77,65,53,37,47,57,94,44,49,106,90,68,30,31,51,43,85,35,108,92,53,40,33,63,64,70,69,76,109,37,44,91,110,95,66,65,40,99,67,84,66,46,68,77,97,41,97,46,42,50,50,49,102,82,48,55,61,84,114,111,89,109,67,53,50,50,72,59,54,99,63,66,68,105,55,74,92,96,105,57,84,115,85,59,118,60,57,79,84,83,103,117,64,66,62,104,72,113,82,77,69,68,120,74,102,73,71,69,83,70,96,70,72,77,121,74,73,96,110,89,82,78,75,80,86,97,97,94,99,78,111
59,24,26,51,94,44,69,54,81,23,91,78,32,59,66,47,49,94,65,29,36,102,18,14,67,95,50,85,103,67,56,79,81,88,9,14,14,29,75,65,15,43,60,47,65,48,18,5,8,101,68,41,21,41,68,65,59,14,61,17,31,44,49,51,40,1,0,51,79,29,27,39,52,58,80,62,42,56,87,77,17,77,81,10,59,60,21,90,51,9,10,14,62,103,64,19,29,89,61,52,12,50,88,26,80,81,92,20,47,75,51,26,16,23,84,75,16,34,49,107,55,20,66,94,84,34,49,65,36,23,33,35,96,87,71,39,42,60,29,37,47,31,55,77,66,54,37,47,56,95,43,48,107,91,69,30,31,51,44,84,36,109,93,54,41,33,62,63,69,68,76,110,36,43,90,111,96,67,65,40,98,66,85,67,47,67,76,96,41,98,46,42,50,51,50,101,83,47,55,60,83,115,112,89,110,68,54,49,50,73,59,54,100,62,66,67,104,54,73,91,95,106,57,83,116,86,59,119,61,57,79,85,82,103,118,64,67,62,104,73,114,82,77,69,69,121,73,101,74,71,69,83,70,96,70,72,77,122,74,73,96,111,90,82,78,75,79,86,96,97,94,99,78,110
21,42,40,20,144,93,24,104,33,39,142,128,28,17,116,16,99,44,116,28,21,152,65,59,19,145,11,35,154,117,106,29,31,139,49,40,40,24,126,116,37,10,11,98,116,99,69,48,44,152,119,92,30,10,119,116,110,65,10,68,20,7,2,1,91,52,51,0,130,22,24,12,2,7,131,113,9,6,36,128,34,26,30,60,9,111,32,141,102,46,45,40,13,154,114,35,25,139,111,102,59,10,37,76,30,31,41,37,14,26,101,74,58,36,35,125,57,26,17,158,104,63,21,45,134,81,22,24,83,50,34,33,146,137,120,30,88,108,44,35,94,44,26,33,114,102,82,30,27,145,33,30,157,140,117,57,54,97,88,41,74,158,142,100,82,63,33,33,34,35,38,159,58,45,48,160,145,113,111,52,54,38,132,112,85,40,42,54,68,145,82,71,48,89,87,59,129,58,94,48,49,163,160,53,157,110,89,62,79,115,97,59,146,55,54,54,66,70,54,58,60,152,86,56,163,129,90,165,92,81,57,127,58,68,164,95,99,75,149,108,159,63,113,99,98,166,69,71,104,98,93,68,80,136,84,96,76,166,95,85,74,153,125,113,105,92,79,76,76,135,131,77,101,82
136,95,97,128,24,44,146,34,159,97,20,17,108,137,22,125,35,173,21,106,114,26,67,73,146,19,129,163,26,17,26,157,159,13,82,91,91,107,8,16,93,122,139,33,15,31,61,82,86,22,12,38,100,120,11,14,20,65,140,62,110,123,128,130,39,78,79,130,0,108,106,118,131,137,2,17,121,135,166,4,96,156,160,70,138,20,99,13,29,85,86,91,140,25,18,96,107,13,21,29,73,128,166,56,158,159,170,96,125,153,33,60,75,98,163,16,76,110,126,31,31,71,144,172,18,55,125,142,54,88,106,108,26,23,25,112,51,35,97,109,47,98,129,153,32,41,59,120,131,30,115,121,37,29,34,87,90,48,57,160,70,41,33,48,64,82,136,137,144,142,150,43,92,109,166,44,37,43,44,100,174,138,39,46,67,139,149,171,86,42,73,84,114,67,68,175,45,104,66,126,155,53,51,161,51,56,72,102,83,55,68,110,50,124,129,131,177,101,139,161,166,55,84,151,60,57,81,61,81,91,144,59,148,173,63,81,79,106,61,73,64,145,74,84,86,69,129,169,84,89,95,143,113,70,108,96,127,74,100,112,158,74,80,87,93,107,128,142,157,77,78,161,100,175
34,26,25,28,123,72,42,82,53,22,120,106,17,33,94,23,77,66,94,14,15,131,44,38,39,124,23,56,132,96,85,50,52,117,28,19,19,8,104,94,17,16,32,76,94,77,47,26,23,130,97,70,9,13,97,94,88,43,32,46,3,15,20,22,69,30,29,22,108,0,2,10,23,29,109,91,13,27,58,106,12,48,52,38,30,89,10,119,80,24,23,18,33,132,92,14,8,117,89,81,37,22,59,54,51,52,63,17,20,47,79,52,37,18,56,103,36,15,23,136,83,42,38,65,112,59,25,39,62,31,21,21,124,115,98,22,67,86,28,24,72,28,31,50,93,80,61,28,33,123,27,29,135,118,96,39,37,76,67,57,55,137,120,79,62,45,40,41,45,45,51,138,42,35,64,139,123,92,90,39,72,45,111,92,66,46,53,70,51,124,63,54,41,70,68,75,108,46,75,46,60,142,139,65,136,90,71,50,62,96,78,50,125,51,53,53,80,57,57,69,72,132,70,63,142,109,74,144,75,67,61,107,64,80,144,79,82,64,128,91,139,66,96,83,82,145,65,81,88,83,79,69,70,117,73,82,71,146,82,75,79,133,108,97,90,80,74,75,80,117,113,82,87,91
36,26,25,30,121,70,44,81,56,22,118,105,18,35,93,25,76,68,92,15,17,129,42,37,41,122,26,58,131,94,83,52,54,116,26,18,17,9,102,92,15,18,34,74,92,75,45,25,21,128,95,68,8,15,95,92,86,41,34,44,5,17,22,24,67,28,27,24,106,2,0,12,25,31,107,89,15,29,60,104,10,50,54,36,32,87,8,117,78,22,21,16,35,130,90,12,7,115,87,78,35,23,61,52,53,54,65,15,21,48,77,50,35,16,57,101,34,14,24,134,80,40,40,67,110,57,25,40,59,29,20,20,122,113,96,21,65,84,26,23,70,26,32,51,91,78,59,27,33,121,27,29,133,116,93,37,35,74,65,59,52,135,118,77,60,43,40,41,46,45,52,135,40,34,66,137,121,90,88,37,73,45,109,89,64,47,54,71,49,122,61,52,40,68,66,77,106,45,73,46,61,139,137,66,134,88,69,48,60,93,76,49,123,50,52,53,81,56,56,69,73,129,68,64,140,107,72,142,73,65,61,105,64,81,141,77,80,62,126,88,136,66,93,81,80,143,64,81,86,81,77,69,69,115,72,80,70,144,80,74,79,131,105,94,88,79,73,75,80,115,111,82,85,91
28,33,32,23,133,82,34,92,45,30,130,116,21,25,104,18,87,56,104,20,16,141,54,48,30,134,16,47,143,106,95,41,43,127,37,29,28,14,114,104,26,9,22,86,104,87,57,36,33,140,107,80,19,5,107,104,98,53,22,56,9,6,10,12,79,40,39,12,118,10,12,0,13,19,119,101,3,17,48,116,22,38,42,48,20,99,19,129,90,33,32,27,23,142,102,23,13,127,99,90,47,13,49,64,41,42,53,25,13,37,89,61,46,25,46,113,45,17,16,146,92,51,29,55,122,68,20,30,71,39,24,23,134,125,108,22,76,96,33,26,82,33,26,41,102,90,70,25,27,133,27,26,145,128,105,46,43,85,76,49,63,146,130,88,70,52,34,34,38,38,43,147,47,37,56,148,133,101,99,43,63,39,120,100,74,41,46,61,57,133,70,60,42,78,76,67,117,49,83,44,53,151,148,58,145,98,78,53,69,104,86,52,134,50,51,51,72,61,53,62,65,140,76,58,151,117,80,153,81,72,57,115,59,73,152,85,89,67,137,98,147,62,103,89,88,154,64,74,94,89,83,66,73,125,76,87,71,154,86,78,75,141,114,103,95,84,74,73,76,124,120,78,92,85
23,44,42,23,146,94,25,105,34,41,143,129,30,19,117,18,100,44,117,30,23,154,66,61,20,147,13,35,155,119,108,29,30,140,50,41,41,26,127,117,39,12,11,99,117,100,70,49,45,153,120,93,31,12,120,117,111,66,10,69,21,9,4,3,92,53,52,2,131,23,25,13,0,6,132,114,10,4,35,129,35,25,29,61,8,112,32,142,103,46,45,40,11,155,115,36,25,140,112,103,60,9,36,77,28,29,40,37,13,25,102,74,58,36,34,126,58,26,15,159,105,64,19,43,135,81,21,21,83,50,34,32,147,138,121,30,89,108,44,34,94,43,24,31,115,102,82,29,25,145,32,29,157,141,117,56,54,97,88,39,74,159,142,100,82,63,31,31,32,33,36,160,57,44,46,161,145,114,112,52,52,36,133,113,85,38,40,52,67,146,81,70,47,89,87,57,129,57,94,46,47,163,160,51,158,110,89,61,79,115,97,58,146,53,53,52,64,69,52,56,58,153,85,54,163,129,90,165,91,81,55,127,56,65,165,95,99,74,149,108,159,61,113,99,97,166,67,69,104,98,92,66,79,136,83,95,75,166,94,84,72,153,125,112,104,91,77,74,73,135,131,75,100,80
23,49,47,25,151,100,22,111,29,46,149,135,35,18,123,21,106,38,123,35,28,160,72,66,16,153,16,29,161,125,114,23,25,146,56,47,47,31,133,123,45,17,8,105,123,106,76,55,51,159,126,99,37,18,126,123,117,72,5,75,27,14,9,8,98,59,58,7,137,29,31,19,6,0,138,120,16,2,29,135,41,19,23,67,3,118,38,148,109,52,51,46,7,161,121,42,31,146,118,109,65,12,30,82,23,24,34,43,17,19,108,80,64,42,28,132,64,31,18,165,111,70,16,38,141,87,24,19,89,56,39,37,152,144,127,34,95,114,49,39,100,48,26,28,121,108,88,32,27,151,36,32,163,147,123,62,59,103,94,35,80,165,148,106,88,68,31,31,31,32,34,166,62,48,42,167,151,119,117,56,48,36,138,118,90,38,39,48,72,151,87,75,51,94,93,53,135,61,99,48,45,169,166,48,164,116,94,65,83,121,102,61,152,55,54,54,60,73,53,54,56,158,90,53,169,134,95,171,96,85,55,132,56,63,170,100,103,77,154,113,165,61,118,103,102,171,69,67,108,102,96,67,82,141,87,100,77,171,98,87,71,158,130,117,108,94,80,75,73,140,136,74,104,78
137,97,99,129,25,46,148,36,160,98,21,19,110,138,24,126,37,174,23,107,115,26,69,75,147,20,130,165,26,19,28,159,161,14,84,93,93,108,10,17,94,123,140,34,17,33,62,83,87,22,13,39,101,121,13,16,22,66,141,63,111,124,129,131,40,79,80,131,2,109,107,119,132,138,0,18,122,136,167,3,97,157,161,71,139,20,100,11,29,86,87,92,141,24,18,97,108,11,21,30,73,129,167,57,159,160,171,96,125,154,33,60,76,99,163,15,77,111,127,30,31,71,145,173,16,56,125,143,54,88,107,109,24,20,24,113,51,34,98,109,47,99,130,154,31,41,59,120,131,27,116,122,35,27,32,87,90,48,56,160,70,38,31,48,64,83,136,137,144,142,150,41,92,109,166,42,35,42,43,100,174,138,37,45,67,139,150,171,86,40,72,84,114,66,68,176,43,104,65,127,155,51,49,161,49,55,72,102,83,54,67,110,48,124,129,131,177,101,139,161,166,53,83,151,57,55,80,59,80,91,144,58,149,173,61,81,79,105,59,72,62,145,73,84,85,66,129,169,83,88,94,143,112,68,107,95,126,72,99,112,158,72,78,86,92,106,128,142,157,75,77,161,99,175
119,79,81,111,37,31,130,24,143,81,34,24,92,121,18,109,23,156,16,89,97,42,51,57,129,35,112,147,43,14,15,141,143,29,66,75,75,91,16,9,77,105,122,17,8,16,45,65,69,39,8,22,83,103,8,6,6,48,123,45,93,106,111,113,22,61,62,113,17,91,89,101,114,120,18,0,104,118,149,15,79,139,143,53,121,4,82,28,12,68,69,74,123,41,6,79,90,27,7,13,55,111,149,39,141,142,153,79,107,136,18,43,58,81,145,17,59,93,109,46,17,54,127,155,26,39,108,125,38,71,89,91,37,30,21,95,35,23,80,92,33,81,112,136,24,28,43,103,114,38,98,104,49,35,27,70,73,35,42,143,54,52,39,36,48,66,119,120,127,125,133,53,76,92,149,55,43,35,35,83,157,121,39,38,53,122,132,154,70,47,58,68,97,53,54,158,43,88,53,110,138,62,59,144,58,47,59,87,69,48,56,95,54,108,113,114,160,86,122,144,149,60,70,134,66,53,68,68,68,77,128,55,132,156,70,69,68,91,63,64,68,129,65,73,74,74,113,153,73,77,82,127,98,67,94,83,112,79,87,98,142,75,73,78,82,94,114,126,142,73,73,145,88,159
27,36,35,24,136,85,33,95,43,33,133,120,24,24,108,18,91,54,107,23,18,144,57,51,28,137,16,44,146,109,98,38,40,131,41,32,32,17,117,107,29,9,20,89,107,90,60,40,36,143,110,83,22,6,110,107,101,56,20,59,12,4,8,10,82,43,42,9,121,13,15,3,10,16,122,104,0,14,45,119,25,35,39,51,17,102,22,132,93,36,35,30,20,145,105,26,15,130,102,93,49,10,46,66,38,39,50,28,10,34,92,64,49,27,43,116,48,18,14,149,95,54,26,52,125,71,18,27,73,41,25,24,136,128,111,23,79,98,35,27,84,35,24,38,105,92,72,24,25,135,27,25,147,131,107,47,45,88,78,46,65,149,132,90,72,54,32,32,36,35,41,150,49,38,53,151,135,104,102,44,60,37,123,103,76,39,44,58,59,136,72,62,42,80,78,64,120,50,85,43,51,153,151,55,148,101,80,54,70,106,88,52,137,50,50,50,69,62,51,60,62,143,77,56,153,119,82,156,83,73,55,118,57,70,155,86,90,67,139,99,150,61,104,91,89,156,64,72,96,90,85,65,73,127,77,88,71,157,87,78,73,143,116,104,96,84,74,72,74,126,122,76,93,83
24,48,46,25,150,98,24,109,31,45,147,133,34,19,121,21,104,41,121,34,27,158,71,65,18,151,16,31,160,123,112,26,27,144,54,45,45,30,131,121,43,16,10,103,121,104,74,53,49,157,124,97,36,16,124,121,115,70,7,73,25,13,8,6,96,57,56,6,135,27,29,17,4,2,136,118,14,0,31,133,39,21,25,65,4,116,36,146,107,50,49,44,7,159,119,39,29,144,116,107,63,10,32,80,24,25,36,41,15,21,106,78,62,40,30,130,61,29,16,163,109,67,16,39,139,85,22,19,87,53,36,35,150,141,125,32,92,112,47,36,98,46,24,28,118,106,85,30,25,149,34,30,161,144,121,59,57,101,91,36,78,163,146,103,85,66,30,30,30,31,34,163,60,46,43,165,149,117,115,54,49,35,136,116,88,37,38,48,70,149,85,73,49,92,90,54,133,59,97,46,45,167,164,48,161,113,92,63,81,119,100,59,150,54,53,52,60,71,51,54,56,156,88,52,167,132,93,169,94,83,54,130,55,63,168,97,101,75,152,111,162,60,116,101,100,169,67,66,106,100,94,66,80,139,85,98,75,169,96,85,70,156,127,114,106,92,78,73,72,138,134,73,102,77
40,77,75,46,180,129,30,140,22,74,178,164,62,36,152,46,135,18,152,63,55,189,101,95,26,182,40,14,190,154,143,16,15,175,85,76,76,60,162,152,74,45,28,134,152,135,105,84,80,188,155,128,66,46,155,152,146,101,26,104,56,43,38,36,127,88,87,36,166,58,60,48,35,29,167,149,45,31,0,164,70,10,6,96,28,147,67,177,138,81,80,75,26,190,150,70,59,175,147,138,94,39,7,111,11,11,9,72,43,16,137,109,93,70,13,161,92,58,43,194,140,98,27,16,170,115,47,31,118,83,65,63,181,172,155,59,123,143,75,64,128,75,45,27,149,136,116,55,45,180,60,54,192,175,151,88,85,131,121,29,107,193,177,133,115,95,45,45,40,42,38,194,87,71,33,195,179,147,145,81,34,48,166,146,117,50,43,37,98,179,113,101,72,121,119,41,163,83,126,64,47,197,194,46,191,142,120,87,108,148,128,82,180,72,69,68,50,95,64,53,52,185,114,58,196,161,119,198,121,108,63,159,62,56,197,124,128,98,181,138,192,69,143,127,125,198,84,64,132,125,118,76,101,167,107,122,92,198,120,106,74,184,154,140,131,114,94,85,77,165,161,77,125,74
134,94,96,126,27,44,145,34,158,95,24,20,107,135,23,123,35,171,21,104,112,29,66,72,144,23,127,162,30,18,26,156,158,17,81,90,90,106,10,16,92,120,137,31,14,30,60,80,84,25,11,37,98,118,11,13,19,63,138,60,108,121,126,128,37,76,77,128,4,106,104,116,129,135,3,15,119,133,164,0,94,154,158,68,136,17,97,13,26,83,84,89,138,26,15,94,105,13,18,27,70,126,164,53,156,157,168,93,122,151,30,57,73,96,160,13,74,108,124,32,28,68,142,170,16,52,122,140,51,85,104,106,25,20,21,110,47,31,94,106,44,96,127,151,29,38,56,117,128,28,113,118,36,27,30,84,87,45,53,157,67,40,31,45,60,79,133,134,141,139,147,42,89,106,163,43,35,39,40,97,171,135,36,43,64,136,146,168,83,40,69,81,111,63,65,173,42,101,62,123,152,51,50,158,49,53,69,99,80,52,64,107,48,121,126,128,174,98,136,158,163,53,80,148,58,53,77,59,77,88,141,56,145,170,61,78,76,102,58,70,62,142,70,81,82,66,125,166,81,86,91,140,109,67,104,92,123,72,96,109,155,71,76,84,90,103,125,139,154,74,75,157,96,172
45,24,24,38,111,61,54,71,66,21,109,95,23,45,83,34,66,78,83,19,24,119,34,29,52,112,35,69,121,84,73,63,65,106,18,13,12,16,93,83,10,28,44,65,82,65,36,16,13,118,85,58,8,25,85,82,76,32,44,34,15,27,32,34,57,18,17,34,96,12,10,22,35,41,97,79,25,39,70,94,0,60,64,26,42,77,4,107,68,11,10,6,44,120,80,5,12,105,77,68,25,33,70,42,62,63,74,8,29,58,67,40,25,11,67,91,24,18,31,124,70,30,49,76,100,47,32,48,49,21,20,21,112,103,86,24,55,74,21,23,60,22,38,59,80,68,49,31,39,111,29,33,123,106,83,30,28,64,55,67,43,124,108,67,50,35,46,47,53,52,59,125,34,33,73,126,111,80,78,33,81,50,99,80,55,52,60,79,42,112,52,44,39,59,57,84,96,41,64,47,67,129,127,72,124,78,60,44,53,84,67,46,113,51,54,55,88,51,59,75,79,119,60,68,130,97,64,132,65,58,65,96,68,87,132,69,72,58,116,80,127,69,85,73,72,133,64,86,78,74,70,71,65,106,67,74,69,134,74,70,82,122,97,87,81,73,72,75,83,106,103,85,79,96
33,67,66,38,171,119,25,130,22,65,168,154,53,28,142,37,125,24,142,54,46,179,91,86,19,172,32,17,181,144,133,14,14,166,75,66,66,50,152,142,64,35,20,124,142,125,95,74,70,178,145,118,56,37,145,142,136,91,17,94,46,33,28,26,117,78,77,26,156,48,50,38,25,19,157,139,35,21,10,154,60,0,4,86,18,137,57,167,128,71,70,65,16,180,140,60,49,165,137,128,84,29,12,101,7,8,16,62,33,9,126,99,83,60,13,150,82,49,33,183,130,88,18,21,160,105,37,23,108,73,55,53,171,162,145,50,113,133,65,54,118,65,36,23,139,126,106,45,36,170,50,45,182,165,141,78,76,121,111,27,97,183,167,123,105,85,38,37,33,35,33,184,78,62,33,185,169,137,135,71,36,41,156,136,107,43,38,37,88,169,103,91,63,111,109,42,153,74,116,57,43,187,184,43,181,133,110,78,99,138,118,73,170,64,62,61,51,86,57,50,50,176,105,53,186,151,110,189,111,99,58,149,57,55,188,115,119,89,171,129,182,64,134,118,116,188,77,62,123,116,110,71,93,157,98,113,85,188,111,98,71,174,145,131,122,106,87,79,73,156,151,73,117,73
36,71,69,42,175,123,27,134,22,68,172,158,57,31,146,41,129,22,146,58,50,183,95,89,22,176,35,15,185,148,137,14,14,169,79,70,70,54,156,146,68,39,23,128,146,129,99,78,74,182,149,122,60,41,149,146,140,95,21,98,50,37,32,30,121,82,81,30,160,52,54,42,29,23,161,143,39,25,6,158,64,4,0,90,22,141,61,171,132,75,74,69,20,184,144,64,53,169,141,132,88,33,8,105,7,7,12,65,37,11,130,103,87,64,11,154,86,52,37,187,134,92,21,18,164,109,41,25,111,77,59,57,175,166,149,53,117,137,69,58,122,69,40,24,143,130,109,49,39,174,54,48,186,169,145,82,79,125,115,27,101,187,170,127,109,89,40,40,35,37,34,188,82,65,32,189,173,141,139,75,34,43,160,140,111,45,39,36,92,173,107,95,66,115,113,41,156,78,120,59,44,191,188,43,185,136,114,82,102,142,122,76,173,67,65,63,50,89,59,51,50,179,109,54,190,155,114,192,115,103,59,153,59,55,191,118,122,93,175,132,186,66,137,121,120,192,79,62,126,120,113,72,96,161,101,116,87,192,114,101,72,178,148,134,125,109,90,81,74,159,155,74,120,73
69,34,35,61,86,39,79,48,91,33,84,70,43,69,59,58,42,104,58,39,47,94,17,17,77,86,60,94,95,59,48,88,90,80,18,25,24,39,67,57,25,53,70,39,57,40,13,15,18,92,60,33,31,51,59,56,50,9,70,10,40,53,58,60,31,9,10,60,70,38,36,48,61,67,71,53,51,65,96,68,26,86,90,0,68,51,29,81,42,15,16,21,70,94,54,26,37,79,51,42,5,58,96,16,88,89,100,26,55,83,41,16,11,29,93,65,12,41,56,98,45,12,74,102,74,23,55,73,26,23,38,40,86,77,61,44,31,49,31,41,37,33,61,84,56,44,28,52,62,85,48,53,97,81,59,28,29,41,34,91,28,99,83,44,32,29,68,69,75,74,82,100,34,45,97,101,86,57,55,39,105,71,75,57,38,72,82,102,36,87,38,37,52,42,41,107,73,47,47,63,88,105,102,94,100,58,46,48,44,63,51,54,90,64,68,69,110,52,76,96,100,96,50,87,106,76,52,108,53,52,82,75,85,108,108,57,59,59,94,64,104,84,68,62,61,110,73,105,66,64,63,84,67,86,66,66,76,112,68,70,98,101,81,74,71,70,78,87,98,88,85,101,72,114
26,51,50,28,153,102,25,112,30,48,150,137,37,21,125,24,108,39,124,38,31,161,74,68,18,154,19,30,163,126,115,24,26,148,57,49,49,33,134,124,46,19,11,106,124,107,78,57,53,160,127,100,39,20,127,124,118,73,7,76,29,16,12,10,99,60,59,9,138,30,32,20,8,3,139,121,17,4,28,136,42,18,22,68,0,119,39,149,110,53,52,47,4,162,122,42,31,147,119,110,66,11,28,83,21,22,33,44,16,17,108,81,65,42,26,132,64,31,17,165,112,70,13,35,142,87,22,16,90,56,38,36,153,144,127,33,95,115,48,38,100,48,24,25,121,108,88,30,24,152,35,30,164,147,124,61,59,103,94,32,80,165,149,106,88,68,29,28,28,29,31,166,61,47,39,167,151,119,117,55,45,33,138,118,90,35,36,45,72,152,86,75,49,94,92,50,135,59,99,46,42,169,166,45,164,115,93,64,83,121,102,60,152,53,52,51,57,71,50,51,53,158,89,50,169,134,94,171,95,84,52,132,53,60,170,99,103,76,154,113,165,58,117,102,101,171,67,64,107,101,95,64,80,141,85,98,75,171,97,86,68,157,129,116,107,93,77,72,70,139,135,71,103,75
118,78,80,110,41,32,128,26,141,79,37,27,91,119,21,107,24,154,19,88,96,45,50,56,127,38,110,145,46,17,17,139,141,32,65,73,73,89,19,13,75,104,121,17,11,16,43,64,68,42,12,21,81,101,11,9,8,47,121,44,91,104,109,111,21,59,60,111,20,89,87,99,112,118,20,4,102,116,147,17,77,137,141,51,119,0,80,30,9,66,67,72,121,43,4,77,88,28,4,10,53,109,147,36,139,140,151,76,105,134,14,40,56,79,143,16,57,91,106,47,14,51,124,152,26,36,105,123,35,68,86,88,37,29,18,93,32,20,77,89,29,79,110,134,21,25,40,100,111,38,96,101,49,35,24,67,70,31,38,140,51,52,38,32,45,63,116,117,124,122,130,53,72,89,146,55,42,31,32,80,154,118,37,35,50,119,130,151,67,46,55,65,94,50,51,156,40,85,49,107,135,61,59,141,57,44,55,83,65,45,52,91,52,105,110,111,157,82,119,141,146,58,67,131,65,50,64,67,64,74,125,52,129,153,68,65,64,87,61,60,67,126,62,69,70,73,110,150,70,74,78,124,95,64,91,80,108,77,84,95,139,72,70,74,79,90,110,123,138,70,70,142,85,156
44,27,26,37,115,65,52,75,64,23,112,98,23,43,87,33,70,76,86,20,24,122,38,32,49,115,34,66,124,87,77,60,62,109,22,16,15,15,96,86,13,26,42,68,86,69,39,20,16,121,88,62,9,23,88,85,79,35,42,38,13,25,30,32,60,22,21,32,99,10,8,19,32,38,100,82,22,36,67,97,4,57,61,29,39,80,0,110,71,14,13,8,41,123,83,4,9,108,80,71,27,29,67,44,59,60,71,7,26,54,70,42,27,9,64,94,26,14,28,126,73,32,45,73,103,49,28,45,52,21,17,17,114,105,89,20,57,76,20,20,62,20,34,56,83,70,51,28,36,113,26,29,125,108,85,29,28,66,57,63,44,127,110,69,52,35,43,43,49,48,55,128,33,30,70,129,113,82,80,32,77,47,101,81,56,48,56,75,42,114,53,44,37,60,58,81,98,39,65,44,63,132,129,69,126,80,61,43,53,85,68,44,115,48,51,51,84,50,56,72,75,121,60,65,132,99,64,134,65,58,61,97,64,83,133,69,72,56,118,81,128,65,86,74,72,135,61,83,78,74,70,68,64,107,66,73,66,136,73,68,79,123,98,87,81,72,69,72,80,107,103,82,79,92
148,107,109,140,26,56,158,46,171,109,23,27,120,149,34,137,48,184,33,118,126,22,79,85,157,18,140,175,21,29,39,169,171,16,94,103,103,119,20,28,105,134,151,45,27,43,73,94,98,15,24,50,111,131,24,27,32,77,151,73,121,134,139,141,50,89,90,141,13,119,117,129,142,148,11,28,132,146,177,13,107,167,171,81,149,30,110,0,39,96,97,102,151,13,27,107,118,4,30,39,83,139,177,66,169,170,181,106,135,164,42,69,85,108,173,19,86,120,136,19,39,81,154,182,14,64,135,153,63,97,116,118,16,17,28,122,59,40,107,118,54,108,139,163,36,47,67,130,140,21,125,131,26,22,36,96,99,55,64,170,78,30,26,54,71,91,145,146,153,151,159,32,100,118,175,34,30,45,47,108,183,147,36,49,74,148,158,180,93,35,79,91,122,73,74,185,43,112,71,135,164,43,42,170,42,59,78,110,89,57,72,118,44,132,137,139,186,108,147,170,174,48,89,159,50,55,85,52,85,97,152,58,157,182,54,85,83,112,55,76,56,153,75,88,89,60,136,177,87,93,99,150,119,67,113,99,133,66,104,117,166,68,79,89,96,111,134,148,165,75,77,168,103,183
110,70,72,102,49,28,120,25,132,71,45,34,82,110,26,98,21,146,24,80,87,53,42,48,119,47,102,136,55,23,17,130,132,40,56,65,65,80,27,19,66,95,112,13,18,11,35,55,59,51,20,14,73,93,19,17,12,38,112,35,82,95,100,102,13,50,51,102,29,80,78,90,103,109,29,12,93,107,138,26,68,128,132,42,110,9,71,39,0,57,58,63,112,52,12,68,79,37,9,3,44,100,138,27,130,131,142,67,96,125,8,31,47,69,134,24,48,81,97,56,10,42,115,143,33,27,96,114,27,59,77,79,45,37,23,84,24,18,68,80,22,70,101,124,22,20,32,91,102,45,87,92,56,41,25,59,61,26,31,131,43,59,44,27,37,55,107,108,115,113,121,60,64,80,137,62,48,30,30,72,145,109,41,33,43,110,121,142,59,51,47,57,85,43,44,147,42,76,44,98,126,67,65,132,63,41,49,75,58,43,47,83,56,96,101,103,148,75,110,133,137,62,60,123,71,51,58,73,58,67,116,52,120,145,74,60,59,80,64,57,71,117,59,64,65,77,102,141,65,68,72,115,88,65,84,74,101,81,78,88,131,75,68,70,74,84,103,115,130,70,69,133,79,148
56,28,29,49,101,53,65,62,77,26,99,85,32,56,73,45,57,89,73,28,34,109,27,23,63,102,47,80,110,74,63,74,76,95,15,16,15,26,82,72,15,39,56,54,72,55,26,11,11,107,75,48,18,36,75,72,66,22,56,24,26,39,44,46,47,10,9,46,85,24,22,33,46,52,86,68,36,50,81,83,11,71,75,15,53,66,14,96,57,0,1,6,55,109,69,11,22,94,66,57,13,43,81,30,73,74,85,11,39,68,56,28,14,14,77,80,13,26,41,112,59,19,59,87,89,35,40,58,38,15,24,26,100,91,75,30,43,63,20,28,49,21,46,69,69,57,38,38,47,99,34,39,111,95,72,23,23,53,44,76,33,113,97,55,40,28,54,55,61,59,67,114,29,34,82,115,100,69,67,31,90,57,87,68,45,58,68,87,35,100,43,37,41,49,48,93,85,39,54,51,74,118,115,80,113,68,51,41,45,73,57,45,102,53,57,58,96,47,64,82,86,108,52,74,119,86,55,121,57,52,69,85,73,94,120,60,63,54,105,70,115,72,75,65,64,122,64,92,70,66,64,73,62,96,63,67,68,123,68,66,87,111,87,78,74,68,71,77,87,96,93,89,73,101
56,28,28,48,102,54,64,63,76,26,100,86,31,55,74,44,58,89,74,28,34,110,28,24,62,103,46,79,111,75,64,73,75,96,16,16,15,25,83,73,15,38,55,55,73,56,27,12,11,108,76,49,17,35,76,73,67,23,55,25,25,38,43,45,48,11,10,45,86,23,21,32,45,51,87,69,35,49,80,84,10,70,74,16,52,67,13,97,58,1,0,5,54,110,70,10,21,95,67,58,14,42,80,31,72,73,84,10,38,67,57,29,14,14,76,81,14,25,40,113,60,20,58,86,90,36,40,57,39,15,23,25,101,92,76,29,44,64,20,27,50,21,45,68,70,58,39,37,47,100,33,38,112,96,73,23,23,54,45,75,34,114,98,56,40,28,53,54,60,59,66,115,29,34,81,116,101,70,68,31,89,56,88,69,45,57,67,87,35,101,44,37,40,50,48,92,86,39,54,50,73,119,116,79,114,69,51,41,46,74,58,45,103,52,56,57,95,47,63,81,85,109,53,73,120,87,56,122,57,52,69,86,72,93,121,61,64,54,106,71,116,72,76,66,65,123,64,92,70,67,64,73,62,96,63,67,68,124,68,66,86,112,88,79,74,69,71,76,86,97,93,89,73,100
51,27,27,44,107,58,60,68,72,24,105,91,28,51,79,40,63,84,79,24,30,115,31,27,57,108,41,74,116,80,69,68,70,101,17,15,14,21,88,78,13,34,50,60,78,61,32,14,12,113,81,54,13,31,81,78,72,28,50,30,21,33,38,40,52,15,14,40,91,18,16,27,40,46,92,74,30,44,75,89,6,65,69,21,47,72,8,102,63,6,5,0,49,115,75,5,16,100,72,63,19,37,75,36,67,68,79,6,34,62,62,34,19,10,71,85,18,20,35,118,65,24,53,81,95,41,35,52,44,16,20,21,106,97,81,25,49,68,18,23,54,19,41,63,75,62,43,33,42,105,30,34,117,100,77,25,24,58,49,70,38,119,102,61,44,30,49,49,55,54,62,120,30,31,77,121,105,74,72,30,85,52,93,74,49,53,62,82,37,106,47,39,38,53,52,87,90,38,58,47,69,124,121,75,118,73,55,41,48,78,62,44,107,50,53,54,91,47,60,77,81,114,55,69,124,91,59,126,60,53,65,90,69,89,126,64,67,54,111,74,121,69,79,68,67,127,62,88,73,69,66,70,62,100,64,69,66,128,70,66,83,116,91,82,76,69,69,74,83,100,97,86,75,97
30,55,53,31,155,105,27,115,32,51,153,139,41,24,127,28,110,39,127,41,34,163,77,71,21,156,22,30,165,128,117,25,26,150,60,52,51,36,137,127,49,23,14,109,127,110,80,59,55,162,129,103,41,23,129,126,120,76,10,79,31,19,15,13,101,63,62,13,140,33,35,23,11,7,141,123,20,7,26,138,44,16,20,70,4,121,41,151,112,55,54,49,0,164,124,44,33,149,121,112,68,12,26,85,18,19,30,45,17,14,110,82,66,44,23,134,65,32,17,167,113,72,9,33,143,89,21,13,91,57,39,37,155,146,129,34,96,116,49,38,102,48,22,21,122,110,89,30,22,153,34,30,165,148,125,62,59,105,95,29,81,167,150,107,89,69,26,26,25,26,28,167,62,46,36,169,153,121,119,55,42,31,140,119,91,33,32,41,72,153,87,75,48,95,93,47,136,59,100,44,39,171,168,41,165,116,94,63,83,121,102,59,153,52,50,49,54,71,48,48,49,159,89,47,170,135,94,172,96,84,49,133,50,56,171,99,103,75,155,113,165,56,118,102,101,172,65,60,107,101,94,62,79,141,84,98,73,172,96,85,65,158,129,115,107,92,76,70,67,140,135,68,102,71
161,121,122,153,30,69,171,59,184,122,28,37,133,162,46,150,61,197,45,131,139,21,92,98,170,22,153,188,19,42,52,182,184,23,107,116,116,132,32,41,118,147,164,58,40,57,86,107,111,12,37,63,125,144,37,40,45,90,164,87,134,147,152,154,64,102,103,154,25,132,130,142,155,161,24,41,145,159,190,26,120,180,184,94,162,43,123,13,52,109,110,115,164,0,40,120,131,15,43,52,96,152,190,79,182,183,194,119,148,177,54,82,98,121,186,31,99,133,149,9,52,93,167,195,23,77,147,165,75,110,129,131,17,24,39,135,71,52,119,131,66,120,152,176,47,59,79,142,153,22,137,143,20,26,46,108,111,66,75,182,90,24,29,65,83,103,158,159,166,164,172,27,112,130,188,28,31,55,56,120,196,160,42,58,85,160,171,193,105,36,90,102,134,83,85,197,49,123,81,147,176,38,38,182,39,67,88,121,100,65,82,130,45,144,149,151,198,119,159,182,187,48,99,171,47,60,95,48,95,107,164,64,168,194,51,95,92,123,56,84,55,164,83,97,98,57,147,189,95,102,108,161,129,71,123,108,144,64,113,127,177,69,85,96,104,121,145,159,176,79,82,179,112,194
122,82,84,114,40,36,132,30,145,83,37,28,94,123,24,111,28,158,22,92,99,43,54,60,131,37,114,148,44,19,21,142,144,31,68,77,77,92,19,15,78,107,124,21,13,20,47,67,71,40,13,25,85,105,12,11,12,50,124,47,95,107,112,114,25,63,64,114,18,92,90,102,115,121,18,6,105,119,150,15,80,140,144,54,122,4,83,27,12,69,70,75,124,40,0,80,91,25,3,12,56,112,150,39,142,143,154,79,108,137,15,42,58,81,146,12,59,93,109,44,14,54,127,155,21,38,108,126,36,70,89,91,33,25,15,95,33,18,80,91,29,81,112,136,18,24,41,103,113,34,98,104,45,30,21,69,72,31,39,143,52,48,34,31,46,65,118,119,126,125,133,49,74,91,148,50,38,29,29,82,157,121,33,32,50,121,132,153,68,41,55,66,96,50,51,158,37,86,49,109,137,57,54,143,53,42,55,85,66,42,51,93,48,106,111,113,159,83,121,143,148,54,66,133,61,47,64,63,64,74,126,49,131,155,64,65,63,88,57,59,63,127,60,68,69,69,111,151,69,73,78,125,95,61,91,79,109,73,83,95,140,69,67,72,78,90,111,124,140,67,67,143,84,157
48,29,29,42,113,64,56,73,68,26,110,96,27,47,84,37,68,79,84,24,28,120,37,32,53,113,38,70,121,85,74,64,66,107,22,18,17,19,93,83,15,30,46,66,83,66,37,19,16,119,86,59,13,27,86,83,77,33,45,35,17,29,34,35,58,20,19,35,96,14,12,23,36,42,97,79,26,39,70,94,5,60,64,26,42,77,4,107,68,11,10,5,44,120,80,0,11,105,77,68,24,32,70,41,62,63,74,3,28,57,66,38,23,6,66,90,22,15,30,123,69,28,48,76,100,45,30,47,48,17,15,16,111,102,85,20,53,73,16,19,59,17,35,58,79,66,47,28,37,110,25,29,122,105,82,25,24,62,53,65,40,123,107,65,48,31,43,44,50,49,56,124,29,28,71,125,110,78,76,28,79,47,97,77,51,48,57,77,38,110,49,40,34,56,54,82,94,36,61,43,64,128,125,69,122,76,57,39,49,81,64,41,111,46,49,50,85,46,55,72,76,117,56,64,128,95,60,130,61,54,61,93,64,84,129,65,68,53,114,76,124,64,81,69,68,131,59,83,74,70,66,66,60,103,62,69,64,132,69,65,78,119,93,83,77,69,67,71,79,103,99,81,75,92
40,32,31,35,123,74,47,83,58,29,121,107,25,38,95,29,78,69,95,22,23,131,46,41,43,124,29,59,132,96,85,53,55,117,30,23,23,16,104,94,21,21,35,76,94,77,48,28,25,130,97,70,14,18,97,94,88,43,35,46,10,19,23,25,69,30,29,25,107,8,7,13,25,31,108,90,15,29,59,105,12,49,53,37,31,88,9,118,79,22,21,16,33,131,91,11,0,116,88,79,35,21,59,52,51,52,63,12,17,46,77,49,34,12,55,101,33,7,19,134,80,39,37,65,110,56,20,36,58,26,13,13,122,113,96,14,64,84,21,16,69,21,26,47,90,77,57,21,28,121,20,22,133,116,92,33,30,72,63,55,50,134,117,75,57,39,35,35,41,40,47,135,35,27,61,136,120,89,87,31,69,39,108,88,61,40,48,67,45,121,57,47,33,65,63,72,104,38,70,39,55,138,135,60,133,85,65,42,56,91,73,42,121,43,45,46,76,50,50,64,67,128,63,57,138,104,67,140,69,59,55,102,57,75,140,72,76,56,124,85,134,59,90,76,75,141,57,75,81,76,71,62,62,112,66,75,63,141,74,67,72,128,101,90,83,72,66,67,73,111,107,76,80,85
146,106,108,138,29,56,157,46,169,107,26,29,119,147,35,135,48,183,33,116,124,26,78,84,156,22,139,173,25,30,39,167,169,19,93,102,101,117,21,28,103,132,149,44,27,42,71,92,96,18,24,49,110,130,23,26,31,75,149,72,120,132,137,139,49,88,89,139,13,117,115,127,140,146,11,27,130,144,175,13,105,165,169,79,147,28,108,4,37,94,95,100,149,15,25,105,116,0,28,37,81,137,175,64,167,168,179,104,133,162,39,67,83,106,171,16,84,118,134,19,37,78,152,180,11,62,132,150,60,95,114,116,14,14,25,120,56,37,104,116,52,105,137,161,33,44,64,127,138,18,122,128,24,19,33,93,96,51,61,167,75,28,23,51,68,88,143,144,151,149,157,31,98,115,173,32,27,42,43,106,181,145,33,45,71,145,156,178,90,32,76,88,119,69,71,182,39,109,67,132,161,41,40,167,40,55,74,107,86,53,69,115,41,129,134,136,183,105,144,167,172,45,86,157,48,51,82,50,82,94,150,55,154,179,52,82,80,109,52,72,53,150,72,84,86,57,132,174,83,89,96,147,115,64,110,96,130,64,100,114,163,65,76,85,93,108,131,145,162,71,73,165,100,180
119,80,82,111,43,35,129,29,142,81,40,31,92,120,25,108,27,155,23,89,97,47,52,57,128,40,111,146,47,21,21,139,141,34,66,74,74,90,22,17,76,104,121,20,15,18,44,65,68,43,15,23,82,102,14,13,12,48,122,44,92,105,110,112,22,60,61,111,21,89,87,99,112,118,21,7,102,116,147,18,77,137,141,51,119,4,80,30,9,66,67,72,121,43,3,77,88,28,0,9,53,109,147,36,139,140,151,76,105,134,12,39,55,78,143,14,56,90,106,47,11,50,124,152,24,34,105,122,33,67,86,88,35,27,15,92,30,16,76,88,26,78,109,133,17,21,38,99,110,36,95,101,47,32,20,66,69,28,36,140,49,50,35,29,43,61,115,116,123,121,129,51,71,88,145,52,40,27,28,79,153,117,34,31,47,118,129,150,65,43,52,63,93,47,48,155,36,83,46,105,134,58,56,140,54,40,52,81,63,41,49,89,49,103,108,110,156,80,118,140,145,55,64,130,62,46,61,64,61,71,123,48,127,152,65,62,61,85,57,56,64,124,58,66,67,69,108,148,66,70,75,122,92,60,88,76,106,74,80,92,137,69,66,70,75,87,108,121,136,66,66,140,81,154
110,72,73,102,50,31,121,28,133,72,47,36,83,111,28,99,24,146,26,80,88,55,44,49,119,48,102,137,56,25,20,131,133,42,57,66,65,81,29,21,67,95,112,16,20,14,36,56,60,52,21,16,73,93,21,18,14,39,113,36,83,96,101,103,15,51,52,102,29,81,78,90,103,109,30,13,93,107,138,27,68,128,132,42,110,10,71,39,3,57,58,63,112,52,12,68,79,37,9,0,44,100,138,27,130,131,142,67,96,125,5,30,46,69,134,23,47,81,97,55,7,42,115,143,32,26,96,114,25,58,77,79,44,35,21,83,22,15,68,79,20,69,100,124,19,17,30,91,101,44,86,92,55,40,23,58,60,23,29,131,41,58,43,24,35,53,107,107,114,113,121,59,63,79,136,60,47,27,27,70,145,109,38,30,40,109,120,141,57,49,45,55,84,41,42,146,40,75,41,97,125,65,63,131,61,38,47,74,56,40,44,81,54,95,100,102,147,73,109,132,136,60,58,122,69,48,55,71,56,64,115,49,119,144,71,57,56,78,62,54,69,116,56,61,62,75,100,140,62,66,70,114,86,62,81,71,99,79,75,86,129,72,65,67,71,81,101,113,129,67,66,132,77,146
69,37,38,62,90,44,79,52,90,35,87,74,44,69,62,58,47,103,61,40,47,97,23,22,76,89,60,93,98,62,52,87,89,83,21,26,25,39,70,60,26,52,69,43,60,43,18,17,20,95,62,36,31,50,62,59,53,14,69,15,40,52,57,59,34,12,12,59,73,37,35,47,60,65,73,55,49,63,94,70,25,84,88,5,66,53,27,83,44,13,14,19,68,96,56,24,35,81,53,44,0,56,94,17,86,87,98,23,52,81,42,15,5,25,90,66,7,37,53,99,46,8,71,99,76,22,52,70,25,18,34,36,87,78,61,40,30,49,27,37,36,28,57,81,56,43,25,48,59,86,44,49,98,81,59,22,24,40,32,88,24,100,83,43,29,23,64,65,72,70,78,100,29,40,94,102,86,56,54,34,102,67,74,56,34,68,78,99,31,87,34,32,47,39,38,104,72,41,43,58,84,105,102,90,100,56,42,42,39,61,47,48,89,59,63,64,106,46,71,91,96,95,46,82,106,74,48,108,49,47,77,73,81,103,107,52,55,53,93,61,103,79,65,58,57,109,68,101,62,59,58,79,62,84,61,61,70,111,63,65,93,99,77,70,67,65,73,81,93,85,82,96,67,109
32,46,45,30,144,94,34,104,41,43,141,128,33,27,116,25,99,50,115,33,27,152,66,60,28,145,21,41,153,117,106,35,37,138,49,41,41,27,125,115,38,17,19,97,115,98,68,48,44,151,118,91,31,15,118,115,109,64,17,67,21,12,11,11,90,51,50,10,128,22,23,13,9,12,129,111,10,10,39,126,33,29,33,58,11,109,29,139,100,43,42,37,12,152,112,32,21,137,109,100,56,0,38,73,30,31,42,33,5,25,98,70,54,31,34,122,53,20,7,155,101,59,17,44,131,77,12,17,79,45,27,25,143,134,117,22,84,104,37,27,89,37,16,28,110,97,77,20,17,141,24,21,153,136,113,50,47,92,83,36,69,155,138,95,77,57,23,24,26,26,31,155,50,36,43,156,141,108,106,44,50,28,128,107,79,30,34,48,61,141,75,64,39,83,81,54,124,49,88,37,41,158,155,45,153,104,82,53,72,110,90,49,141,45,44,44,59,61,44,50,53,147,78,47,158,123,83,160,84,73,47,121,49,60,159,88,92,65,143,101,153,53,106,91,90,160,59,63,96,90,84,58,70,130,75,88,66,160,86,76,64,146,118,105,96,83,69,65,66,128,124,67,92,73
45,79,77,50,181,130,36,141,29,76,179,165,64,40,153,49,136,25,153,65,58,189,102,97,30,182,43,21,191,154,143,22,21,176,86,77,77,61,163,153,75,47,31,135,153,136,106,85,81,188,156,129,67,48,155,152,146,102,29,105,57,44,40,38,127,89,88,37,166,59,61,49,36,30,167,149,46,32,7,164,70,12,8,96,28,147,67,177,138,81,80,75,26,190,150,70,59,175,147,138,94,38,0,111,8,7,4,71,42,13,136,108,92,69,6,160,91,57,41,193,139,97,24,9,169,114,44,27,117,82,63,61,180,171,155,57,122,142,74,62,127,73,42,22,148,135,114,52,42,179,57,51,191,174,150,86,83,130,120,23,105,192,176,132,113,93,41,40,35,37,32,193,85,68,26,194,178,146,144,78,27,43,165,144,115,45,37,30,95,178,111,98,68,119,117,34,161,80,123,60,40,196,193,39,190,140,117,84,105,146,126,78,178,68,64,63,43,91,58,46,45,184,111,51,195,159,116,197,118,105,57,157,56,49,196,121,125,94,179,135,190,64,140,124,122,196,78,57,129,122,115,70,96,164,102,118,87,195,116,102,68,181,151,136,127,110,89,79,70,162,157,70,121,67
85,49,51,77,74,34,95,40,107,49,71,59,59,85,48,74,34,120,47,55,63,80,25,29,93,73,76,110,82,47,37,104,106,67,33,41,40,55,54,44,42,69,86,28,44,28,16,31,34,78,46,22,47,66,46,43,37,16,86,14,56,69,74,76,19,25,26,76,56,54,52,64,77,82,57,39,66,80,111,53,42,101,105,16,83,36,44,66,27,30,31,36,85,79,39,41,52,64,36,27,17,73,111,0,103,104,115,40,69,98,25,5,19,42,107,49,21,54,70,82,29,15,88,116,59,9,69,87,12,32,50,52,70,61,45,56,16,33,41,53,21,43,74,97,39,28,16,64,75,69,59,65,81,65,42,33,36,26,21,104,22,83,67,29,22,30,80,81,88,86,94,84,39,54,110,85,70,41,40,46,118,83,59,42,29,83,94,115,37,71,31,36,60,32,32,120,57,52,36,72,99,89,86,105,84,44,37,52,40,49,40,59,74,71,76,77,121,53,85,106,111,80,45,97,90,61,45,92,46,49,91,60,95,118,92,49,50,59,79,53,88,92,57,54,54,95,78,115,57,57,58,91,68,72,65,61,79,97,64,69,106,86,69,65,64,68,81,92,106,75,72,109,67,122
40,72,70,45,174,123,33,133,29,69,171,157,58,35,145,43,128,29,145,58,51,181,95,89,26,174,37,23,183,147,136,21,21,168,78,70,69,54,155,145,67,40,25,127,145,128,98,77,74,181,148,121,60,40,148,145,139,94,22,97,49,37,32,30,120,81,80,30,158,51,53,41,28,23,159,141,38,24,11,156,62,7,7,88,21,139,59,169,130,73,72,67,18,182,142,62,51,167,139,130,86,30,8,103,0,1,12,63,34,5,128,100,84,61,6,152,83,49,33,185,131,89,16,15,161,106,36,20,109,74,55,53,172,163,146,49,114,134,66,54,119,65,34,17,140,127,106,44,34,171,49,43,183,166,142,78,75,122,112,20,97,184,167,124,105,85,34,33,28,30,27,185,77,60,25,186,170,137,136,70,29,37,157,136,107,38,32,30,87,170,103,90,61,111,109,35,153,72,115,53,36,187,185,36,182,132,109,77,98,138,118,71,170,61,58,57,43,84,52,43,43,176,104,47,187,151,109,189,110,98,52,149,51,48,188,113,117,87,171,128,182,59,133,116,115,188,72,55,121,114,107,65,89,157,95,111,81,188,108,95,64,173,143,129,120,103,83,74,67,154,150,67,114,66
41,73,71,45,175,124,33,134,29,70,172,158,59,35,146,44,129,28,146,59,52,182,96,90,27,175,38,22,184,148,137,21,21,169,79,71,70,55,156,146,68,41,26,128,146,129,99,78,75,182,149,122,61,41,149,146,140,95,23,98,50,38,33,31,121,82,81,31,159,52,54,42,29,24,160,142,39,25,11,157,63,8,7,89,22,140,60,170,131,74,73,68,19,183,143,63,52,168,140,131,87,31,7,104,1,0,11,64,35,6,129,101,85,62,5,153,84,50,34,186,132,90,17,14,162,107,37,21,110,75,56,54,173,164,147,50,115,135,66,55,120,66,35,17,141,128,107,45,35,172,50,44,184,167,143,79,76,123,113,20,98,185,168,125,106,86,35,34,29,31,27,186,78,61,25,187,171,138,136,71,28,37,158,137,108,39,33,30,88,171,104,91,61,112,110,35,154,73,116,54,37,188,186,36,183,133,110,77,99,139,119,72,171,62,59,57,43,85,53,44,43,177,105,48,187,152,110,190,111,98,53,150,52,48,188,114,118,88,172,129,183,59,133,117,115,189,73,55,122,115,108,66,90,157,96,112,81,188,109,96,65,174,144,130,120,104,84,74,67,155,151,67,115,66
48,83,81,54,185,134,39,145,31,80,183,169,69,43,157,53,140,25,157,69,62,193,107,101,34,186,47,23,195,158,148,25,24,180,90,81,81,66,167,157,79,51,35,139,157,140,110,89,85,193,160,133,71,52,160,157,151,106,33,109,61,49,44,42,131,93,92,41,170,63,65,53,40,34,171,153,50,36,9,168,74,16,12,100,33,151,71,181,142,85,84,79,30,194,154,74,63,179,151,142,98,42,4,115,12,11,0,75,46,17,140,112,96,73,9,164,95,61,45,197,143,101,28,7,173,118,48,31,121,86,67,65,184,175,158,61,126,146,77,66,131,76,46,24,152,139,118,55,45,183,60,55,195,178,154,90,87,134,124,24,109,196,179,136,117,97,44,43,37,39,34,197,89,72,26,198,182,149,147,81,26,46,169,148,119,47,39,29,99,182,114,102,71,122,120,33,165,83,127,63,41,199,196,39,194,144,121,87,109,149,129,81,181,70,67,65,42,94,60,47,45,187,115,53,198,162,120,200,121,108,59,160,57,49,199,124,128,97,182,139,193,65,144,127,125,200,81,57,132,125,118,72,99,168,105,121,89,199,119,104,68,184,154,140,130,113,91,81,71,165,161,71,124,67
51,32,32,45,112,64,59,73,70,29,110,96,30,50,84,40,68,81,84,27,31,119,38,33,55,112,40,72,121,85,74,66,68,106,24,20,19,22,93,83,18,32,48,65,83,66,38,21,18,118,85,59,16,29,85,82,76,33,47,35,20,31,35,37,57,21,20,37,96,17,15,25,37,43,96,79,28,41,72,93,8,62,65,26,44,76,7,106,67,11,10,6,45,119,79,3,12,104,76,67,23,33,71,40,63,64,75,0,29,58,65,37,21,4,67,89,20,15,30,122,68,26,48,76,98,44,29,47,46,14,13,15,110,101,84,19,51,71,13,17,57,14,35,58,77,65,45,27,36,108,23,28,120,103,80,22,21,60,51,65,38,122,105,63,45,28,43,43,50,48,56,122,26,25,71,124,108,76,74,25,79,46,95,75,49,47,56,76,35,108,46,37,32,53,51,82,92,33,58,41,63,126,123,69,121,73,54,36,46,79,61,38,109,44,47,48,85,43,53,71,75,115,53,63,126,92,57,128,58,51,59,91,62,83,127,62,65,50,112,74,122,62,79,66,65,129,56,81,71,67,63,64,57,100,59,66,61,129,66,62,76,117,91,80,74,66,64,68,77,100,96,79,72,91
35,45,44,33,141,91,38,101,46,42,138,124,34,31,113,28,96,55,112,32,28,148,63,58,33,141,24,46,150,113,103,40,42,135,47,39,39,26,121,112,36,19,24,94,111,95,65,45,42,147,114,87,29,16,114,111,105,61,22,64,20,14,15,15,86,48,47,14,125,20,21,13,13,17,125,107,10,15,43,122,29,33,37,55,16,105,26,135,96,39,38,34,17,148,108,28,17,133,105,96,52,5,42,69,34,35,46,29,0,29,94,66,50,27,38,118,49,15,3,151,97,55,19,47,127,72,8,19,75,40,22,20,138,129,112,17,80,100,32,22,85,32,13,30,106,93,72,16,15,137,19,16,149,132,108,45,43,88,78,38,64,150,134,90,72,52,22,22,26,25,31,151,45,31,44,152,136,104,102,39,52,27,123,103,74,28,34,50,56,136,70,59,34,78,76,55,119,44,83,34,41,154,151,45,148,99,77,48,67,105,85,45,136,41,40,40,60,56,41,50,53,142,73,45,153,118,78,155,79,68,45,116,47,60,154,83,87,61,138,96,149,50,101,86,85,155,55,62,91,85,79,55,66,125,70,83,62,155,81,71,62,141,113,100,91,78,65,62,64,123,119,66,87,72
39,68,67,43,169,118,33,129,31,65,167,153,54,34,141,40,124,33,140,55,48,177,91,85,26,170,35,26,178,142,131,23,24,163,74,65,65,50,150,140,63,36,24,122,140,123,94,73,69,176,143,116,55,37,143,140,134,89,20,92,45,33,29,27,115,76,75,26,153,47,48,37,25,19,154,136,34,21,16,151,58,9,11,83,17,134,54,164,125,68,67,62,14,177,137,57,46,162,134,125,81,25,13,98,5,6,17,58,29,0,123,95,79,56,9,147,78,44,28,180,126,84,11,19,156,101,31,14,103,69,50,48,167,158,141,44,109,129,60,49,114,59,29,13,135,122,101,39,29,166,44,38,178,161,137,73,70,116,107,18,92,179,162,119,100,80,29,28,24,26,23,179,72,55,25,181,165,132,130,65,29,32,151,131,102,34,28,30,82,165,97,85,55,105,103,35,148,67,110,48,33,182,179,34,177,127,104,71,92,132,112,65,164,56,53,52,43,79,48,41,41,170,98,44,181,145,103,183,105,92,48,143,48,47,182,108,112,82,165,122,176,55,127,111,109,183,68,53,116,109,102,61,84,151,90,105,76,182,103,90,61,168,138,124,114,98,78,70,64,149,144,64,109,64
110,72,74,102,55,35,120,33,132,72,51,41,83,110,34,99,29,145,32,80,88,59,45,50,118,52,101,136,60,30,26,129,131,46,57,65,65,80,33,26,66,94,111,20,25,19,36,55,59,55,26,20,72,92,25,23,20,39,111,36,82,94,99,101,17,50,51,101,33,79,77,89,102,108,33,18,92,106,137,30,67,126,130,41,108,14,70,42,8,56,57,62,110,54,15,66,77,39,12,5,42,98,136,25,128,129,140,65,94,123,0,28,44,67,132,24,45,79,95,57,4,39,113,141,33,23,93,111,21,55,74,76,45,36,20,80,17,11,65,77,15,66,98,121,16,12,26,88,99,44,83,89,56,40,20,54,57,18,24,128,37,58,42,19,31,49,104,105,111,110,118,59,59,76,134,60,46,23,23,67,142,106,36,25,35,106,117,138,53,47,40,51,81,36,37,143,37,71,36,93,122,64,62,128,60,33,41,69,51,35,39,77,52,91,96,98,144,68,105,128,133,58,52,118,67,44,50,69,50,59,111,45,115,140,70,52,51,73,59,48,66,112,50,56,57,73,96,136,57,60,65,110,81,58,76,66,94,76,70,81,125,68,60,62,66,76,96,109,124,62,61,128,71,142
84,49,51,76,79,39,93,45,105,49,76,63,58,84,52,72,39,118,51,55,62,84,28,30,91,77,75,108,86,51,42,102,104,71,33,40,40,54,58,49,41,67,84,33,48,33,19,31,34,82,50,27,46,65,50,47,42,18,84,16,54,67,72,74,24,25,26,74,60,52,50,61,74,80,60,43,64,78,109,57,40,99,103,16,81,40,42,69,31,28,29,34,82,82,42,38,49,67,39,30,15,70,108,5,100,101,112,37,66,95,28,0,16,39,104,52,17,51,67,85,31,11,85,113,61,8,65,83,11,28,47,49,72,64,47,53,16,34,37,49,21,39,70,94,41,29,13,60,71,71,56,61,83,66,44,28,31,26,19,100,18,85,68,28,18,25,76,77,84,82,90,86,34,50,106,87,71,41,40,41,114,78,60,41,25,79,90,111,32,72,27,31,55,29,28,116,57,47,33,68,95,90,87,101,85,43,33,47,35,47,37,54,74,66,71,73,117,48,80,102,106,81,40,92,91,60,41,93,42,44,86,59,90,114,93,45,46,54,79,50,88,87,54,50,50,95,74,110,53,53,54,86,63,71,60,56,74,96,59,64,101,86,66,61,60,63,76,87,101,73,70,104,62,118
70,40,41,63,93,49,79,57,90,38,90,77,45,69,66,58,51,102,65,42,48,100,28,27,76,93,60,93,101,66,56,87,89,86,24,29,28,40,73,64,28,52,68,47,63,47,23,21,22,98,66,40,32,49,65,62,57,19,68,20,39,52,56,58,38,16,16,58,75,37,35,46,58,64,76,58,49,62,93,73,25,83,87,11,65,56,27,85,47,14,14,19,66,98,58,23,34,83,55,46,5,54,92,19,84,85,96,21,50,79,44,16,0,23,88,68,1,35,51,101,47,5,69,97,77,23,49,67,25,13,31,33,88,79,63,37,30,50,22,34,36,24,54,78,56,44,24,45,55,87,40,46,99,82,59,17,19,39,31,85,20,101,84,42,26,18,61,62,68,67,75,101,24,36,90,102,87,56,54,29,98,63,74,55,31,64,74,95,26,87,30,27,42,36,34,100,72,36,40,54,80,105,102,86,100,54,38,37,35,59,44,43,89,54,58,60,102,41,67,87,92,95,41,78,105,73,44,108,45,42,72,71,76,99,107,48,51,48,92,57,102,75,62,53,53,109,63,97,58,55,53,74,56,82,56,57,65,110,58,59,89,98,74,66,62,60,68,76,88,83,80,91,63,104
52,35,35,45,115,67,59,76,69,32,112,99,33,50,87,40,71,80,87,29,32,122,41,37,55,115,40,71,124,88,77,65,67,109,27,24,23,24,95,86,21,33,47,68,85,69,41,24,22,120,88,62,18,29,88,85,79,36,46,38,21,31,35,37,60,24,23,36,98,18,16,25,36,42,99,81,27,40,70,96,11,60,64,29,42,79,9,108,69,14,14,10,44,121,81,6,12,106,78,69,25,31,69,42,61,62,73,4,27,56,67,39,23,0,65,91,22,12,28,124,70,28,46,74,100,45,27,44,48,14,10,11,111,102,85,15,53,73,10,13,58,11,32,55,79,66,46,23,33,110,20,25,122,105,81,21,19,61,52,62,38,123,107,64,46,28,39,40,47,45,53,124,24,22,68,125,109,77,75,22,76,43,96,76,49,44,53,73,33,109,46,36,28,53,51,79,93,30,58,37,60,127,124,65,122,74,53,34,45,79,61,35,110,40,43,44,81,41,50,67,72,116,52,59,127,93,56,129,57,49,55,91,59,79,128,61,64,47,112,73,123,59,78,65,64,129,53,78,70,65,61,60,54,100,57,64,58,130,64,59,73,117,90,79,72,63,61,65,73,100,96,76,70,87
46,77,76,50,178,128,38,138,33,74,176,162,63,40,150,48,133,31,150,64,56,186,100,94,32,179,43,26,188,151,140,25,25,173,83,75,74,59,159,149,72,45,31,132,149,132,103,82,78,185,152,125,65,46,152,149,143,98,28,101,54,42,38,36,124,85,84,35,163,56,57,46,34,28,163,145,43,30,13,160,67,13,11,93,26,143,64,173,134,77,76,71,23,186,146,66,55,171,143,134,90,34,6,107,6,5,9,67,38,9,132,104,88,65,0,156,87,53,37,189,135,93,19,9,165,110,39,22,112,77,58,56,176,167,150,53,117,137,69,57,122,68,37,16,144,131,110,47,36,174,52,46,187,170,146,81,78,125,115,17,100,188,171,127,109,88,35,34,28,31,26,188,80,63,21,189,173,141,139,72,23,37,160,139,110,38,31,25,90,173,106,93,62,114,112,30,156,74,118,54,34,191,188,33,185,135,112,78,100,140,120,72,173,61,58,57,39,85,52,40,39,179,106,45,189,154,111,192,112,99,51,151,50,44,190,115,119,88,173,130,184,57,135,118,116,191,72,51,123,116,109,64,90,159,96,112,81,190,110,96,62,176,145,131,121,104,83,73,64,156,152,64,115,62
133,94,96,125,40,48,143,40,156,95,36,32,106,134,32,122,40,169,30,103,111,40,66,72,142,34,125,159,40,27,32,153,155,29,80,88,88,104,22,23,90,118,135,33,22,32,59,79,82,34,20,37,96,116,19,20,23,62,135,59,105,118,123,125,37,74,75,125,16,103,101,113,126,132,15,17,116,130,161,13,91,150,154,65,132,16,94,19,24,80,81,85,134,31,12,90,101,16,14,23,66,122,160,49,152,153,164,89,118,147,24,52,68,91,156,0,69,103,119,33,21,63,137,165,9,46,117,135,44,79,98,100,21,13,9,104,40,21,88,100,35,90,121,145,17,28,48,112,122,22,107,113,33,18,18,77,80,35,45,152,59,35,22,34,52,72,127,128,135,133,141,37,81,99,157,38,26,27,28,89,165,129,24,31,55,129,140,162,74,30,60,72,103,53,55,166,29,93,52,116,145,45,42,151,41,41,59,91,70,39,53,99,37,113,118,120,167,89,128,151,156,43,70,141,49,41,66,51,66,78,133,43,138,163,53,67,64,93,47,58,52,134,58,69,71,57,116,158,69,74,80,131,99,54,94,81,114,62,85,98,147,60,64,71,78,92,115,129,145,61,62,149,85,164
70,40,41,62,95,50,78,58,90,39,92,79,45,69,68,58,52,102,67,42,48,101,29,28,75,94,59,92,102,67,57,86,88,88,25,29,28,39,74,65,28,52,68,48,64,48,24,21,23,99,67,42,31,49,66,64,58,21,67,21,39,51,56,58,39,16,16,57,76,36,34,45,58,64,77,59,48,61,92,74,24,82,86,12,64,57,26,86,48,13,14,18,65,99,59,22,33,84,56,47,7,53,91,21,83,84,95,20,49,78,45,17,1,22,87,69,0,34,50,102,48,6,68,96,78,23,48,66,26,12,30,32,89,80,63,36,31,51,21,32,36,22,53,77,57,44,25,43,54,88,39,45,100,83,60,16,17,40,31,83,20,101,85,43,26,17,59,60,67,66,73,102,22,34,89,103,88,56,54,28,97,62,75,55,31,63,73,94,25,88,30,26,40,35,34,99,72,35,40,52,79,106,103,85,100,54,38,36,34,60,44,42,89,52,57,58,101,40,65,86,90,95,41,77,106,73,43,108,44,41,71,72,75,98,107,48,51,47,92,57,102,73,62,53,52,109,62,95,57,54,53,73,55,82,55,56,64,110,57,58,87,98,74,66,62,59,66,75,87,83,79,90,62,103
45,39,39,40,127,78,50,88,60,36,124,111,32,42,99,34,83,70,98,29,29,134,51,46,46,127,33,60,136,99,89,55,56,121,36,30,29,23,107,98,27,26,37,80,97,81,52,34,30,132,100,73,21,22,100,97,91,48,36,50,17,22,25,27,72,35,34,26,110,15,14,17,26,31,111,93,18,29,58,108,18,49,52,41,31,91,14,120,81,26,25,20,32,133,93,15,7,118,90,81,37,20,57,54,49,50,61,15,15,44,79,51,35,12,53,103,34,0,16,136,82,40,34,62,112,57,15,32,59,25,8,7,123,114,97,7,64,84,17,9,70,17,21,43,91,78,57,14,22,122,12,15,134,117,93,30,28,73,63,50,49,135,118,75,57,37,29,29,35,34,42,135,31,21,57,137,121,89,87,26,65,33,108,87,59,34,42,62,41,121,55,44,26,63,61,67,104,33,68,31,49,139,136,55,133,84,63,37,53,90,71,35,121,36,38,39,70,44,42,57,61,127,60,50,138,103,64,140,65,55,48,101,50,69,139,69,73,50,123,82,134,52,87,73,71,140,50,69,78,72,67,55,56,110,60,70,56,140,70,61,65,127,99,86,79,67,59,60,66,109,105,68,75,78
38,48,47,36,142,93,40,103,47,45,140,126,37,34,114,31,98,56,114,35,31,150,65,60,34,143,27,47,151,115,104,41,43,136,49,42,41,29,123,113,39,22,26,95,113,96,67,47,44,148,116,89,31,20,115,112,107,63,23,65,23,17,17,18,87,50,49,17,126,23,24,16,15,18,127,109,14,16,43,124,31,33,37,56,17,106,28,136,97,41,40,35,17,149,109,30,19,134,106,97,53,7,41,70,33,34,45,30,3,28,95,67,51,28,37,119,50,16,0,152,98,56,18,46,128,73,5,17,75,40,22,20,139,130,113,17,80,100,32,21,86,32,10,28,107,94,73,14,11,138,18,14,150,133,109,45,42,88,78,35,64,151,134,91,72,52,18,19,23,22,28,151,45,30,42,152,137,104,102,38,50,23,123,103,74,25,31,48,55,136,70,58,32,78,76,53,120,42,83,31,38,154,151,42,148,99,77,47,66,105,85,43,137,38,38,37,57,54,38,47,50,142,72,42,153,118,77,156,79,67,42,116,44,57,154,82,86,59,138,96,149,47,101,85,84,155,52,59,90,84,78,52,64,124,68,81,59,155,80,69,59,141,112,99,90,76,62,59,61,123,118,62,86,69
165,126,127,157,39,75,176,65,188,127,37,45,138,166,53,154,67,201,52,135,143,29,97,103,174,30,158,192,27,48,58,186,188,32,112,121,120,136,39,47,122,151,168,63,46,62,90,111,115,21,43,68,129,148,42,45,51,94,168,91,138,151,156,158,68,106,107,158,31,136,134,146,159,165,30,46,149,163,194,32,124,183,187,98,165,47,126,19,56,112,113,118,167,9,44,123,134,19,47,55,99,155,193,82,185,186,197,122,151,180,57,85,101,124,189,33,102,136,152,0,54,96,170,198,24,79,150,168,77,112,131,133,14,23,39,137,72,53,121,133,68,122,154,178,47,60,81,144,155,19,139,145,12,23,46,110,113,66,76,185,91,16,25,65,84,104,160,161,168,166,174,19,114,131,190,20,26,54,56,122,198,161,39,57,85,162,173,194,106,31,91,103,135,83,85,199,46,124,80,148,177,30,30,183,32,66,88,122,100,62,81,130,39,144,149,151,199,119,159,183,188,41,99,172,39,57,94,40,94,107,165,60,169,195,43,93,90,122,50,82,47,165,80,95,97,49,146,189,93,100,107,161,128,66,122,107,143,57,111,126,177,63,81,93,102,119,144,159,176,74,77,179,110,194
114,76,77,106,54,38,123,35,136,76,50,41,87,114,34,102,31,148,32,84,91,57,49,54,122,50,105,139,58,30,27,133,135,44,60,69,68,84,33,26,70,98,114,23,25,21,40,59,63,53,26,23,76,95,25,23,20,42,115,39,85,98,103,105,21,54,55,104,31,83,80,92,105,111,31,17,95,109,140,28,70,130,134,45,112,14,73,39,10,59,60,65,113,52,14,69,80,37,11,7,46,101,139,29,131,132,143,68,97,126,4,31,47,70,135,21,48,82,98,54,0,42,116,144,30,25,96,114,24,58,77,79,41,33,16,83,19,8,67,79,16,69,100,124,13,11,28,91,101,41,86,92,52,36,16,57,59,18,25,131,39,54,38,18,32,52,106,107,114,112,120,55,61,78,136,57,42,20,20,69,144,108,33,23,36,108,119,141,55,44,41,52,83,36,37,146,33,73,36,96,124,61,58,130,56,31,42,71,52,33,39,79,48,93,98,100,146,70,108,130,135,54,53,120,63,41,50,66,51,60,113,42,117,142,66,52,51,74,55,47,63,114,49,56,57,69,97,138,56,60,65,111,82,55,77,66,95,72,70,81,127,65,58,61,65,77,97,110,126,60,59,129,71,144
75,44,45,68,90,47,84,54,96,43,87,74,50,75,63,64,48,108,62,47,53,96,29,29,81,89,65,98,97,62,52,92,94,82,28,33,33,45,69,60,33,58,74,43,59,43,22,25,27,93,61,37,37,55,61,58,53,19,73,19,45,57,62,64,34,19,20,63,71,42,40,51,64,70,71,54,54,67,98,68,30,88,92,12,70,51,32,81,42,19,20,24,72,93,54,28,39,78,50,42,8,59,97,15,89,90,101,26,55,84,39,11,5,28,93,63,6,40,56,96,42,0,74,102,72,17,54,72,20,17,35,37,83,74,57,41,25,45,26,38,30,28,59,82,51,38,19,49,60,82,44,50,94,77,54,18,21,34,25,89,16,95,79,37,21,17,65,66,73,71,79,96,25,39,95,97,81,50,48,31,103,67,69,50,27,68,78,100,25,82,27,25,45,31,30,105,66,38,36,57,84,100,97,90,94,49,34,38,32,54,40,45,83,56,61,62,106,41,70,91,95,89,38,81,100,67,40,102,41,40,75,66,79,103,102,45,47,48,87,53,97,77,58,50,49,103,65,100,54,52,51,76,56,77,55,54,66,104,56,59,91,92,70,62,59,59,68,78,91,78,75,94,60,107
39,62,61,41,160,110,36,120,38,59,157,144,49,34,132,37,115,42,131,48,42,168,82,77,29,160,32,34,169,133,122,30,31,154,66,58,57,43,141,131,55,31,23,113,131,114,85,65,61,166,134,107,47,30,133,130,124,80,19,83,38,27,23,22,105,67,66,21,144,38,40,29,19,16,145,127,26,16,27,142,49,18,21,74,13,124,45,154,115,59,58,53,9,167,127,48,37,152,124,115,71,17,24,88,16,17,28,48,19,11,113,85,69,46,19,137,68,34,18,170,116,74,0,28,146,91,20,4,93,58,39,37,157,148,131,34,98,118,50,38,103,49,18,12,124,111,91,28,18,155,33,27,167,150,127,62,59,106,96,20,81,169,152,108,89,69,19,19,16,18,18,169,61,44,27,170,154,122,120,54,34,23,141,120,91,25,23,33,71,154,87,74,45,95,93,38,137,56,99,38,29,172,169,32,166,116,93,61,82,122,102,55,154,46,44,43,44,68,40,38,40,160,88,38,171,135,93,173,94,81,41,133,41,47,171,97,101,71,155,111,166,48,116,100,98,172,59,51,105,98,92,54,74,140,80,95,67,171,93,80,56,157,127,113,104,88,69,62,58,138,134,59,98,62
54,87,85,59,188,137,45,147,38,84,185,171,72,49,159,57,143,32,159,73,66,195,109,103,40,188,52,30,197,160,150,31,30,182,93,84,84,69,169,159,82,55,40,141,159,142,112,92,88,194,161,135,74,55,161,158,152,108,37,111,64,52,47,45,133,95,94,45,172,65,67,55,43,38,173,155,52,39,16,170,76,21,18,102,35,152,73,182,143,87,86,81,33,195,155,76,65,180,152,143,99,44,9,116,15,14,7,76,47,19,141,113,97,74,9,165,96,62,46,198,144,102,28,0,174,119,48,30,121,86,67,65,185,176,159,61,126,146,77,65,131,76,45,22,152,139,118,55,44,183,60,54,195,178,154,90,87,134,124,19,109,197,180,136,117,96,42,41,34,37,30,197,88,70,20,198,182,149,147,80,19,43,168,148,118,44,35,23,98,182,114,101,69,122,120,26,164,82,126,60,36,199,196,34,193,143,120,85,108,148,128,79,181,67,64,62,35,92,56,41,39,187,113,48,198,162,118,200,120,106,54,159,52,42,198,122,127,94,181,137,192,60,142,125,123,199,77,50,130,123,115,67,96,166,102,119,85,198,116,101,63,183,152,137,127,110,87,76,65,164,159,65,121,60
143,104,105,135,39,57,153,48,165,104,36,36,115,143,38,131,48,178,37,113,120,36,76,81,151,32,134,169,36,33,40,163,165,29,89,98,98,113,26,30,99,127,144,42,29,41,68,88,92,29,26,47,105,125,25,27,31,71,145,68,115,128,133,134,46,83,84,134,18,112,110,122,135,141,16,26,125,139,170,16,100,160,164,74,142,26,103,14,33,89,90,95,143,23,21,100,110,11,24,32,76,131,169,59,161,162,173,98,127,156,33,61,77,100,165,9,78,112,128,24,30,72,146,174,0,55,126,144,53,88,107,109,12,4,16,113,48,29,97,109,44,98,130,154,23,36,57,120,131,13,115,121,23,11,23,86,89,43,52,160,67,26,15,41,60,80,136,137,144,142,150,28,90,107,166,29,19,32,33,98,174,137,22,35,62,138,148,170,82,24,67,79,111,60,62,175,29,100,58,124,153,36,34,159,34,45,65,98,77,42,59,107,32,121,126,128,175,96,136,159,164,37,76,148,42,41,72,44,72,84,141,44,145,171,46,72,69,99,43,62,46,141,61,74,76,51,123,166,73,79,85,138,106,53,100,86,120,56,90,104,154,56,65,74,82,98,122,136,153,61,63,156,89,171
92,57,59,84,76,41,101,45,113,57,73,61,66,91,51,80,39,125,50,62,69,81,35,38,98,74,82,115,82,49,41,109,111,68,41,48,47,61,55,46,49,75,91,32,45,32,26,38,42,77,47,27,53,72,47,44,39,26,91,23,62,74,79,81,24,33,34,81,55,59,57,68,81,87,56,39,71,85,115,52,47,105,109,23,87,36,49,64,27,35,36,41,89,77,38,45,56,62,34,26,22,77,114,9,106,107,118,44,72,101,23,8,23,45,110,46,23,57,73,79,25,17,91,119,55,0,71,89,3,33,52,54,66,57,40,58,8,27,42,54,13,43,75,99,34,21,7,65,76,64,61,66,77,60,36,32,34,18,12,106,16,78,61,21,13,27,81,82,89,87,95,79,37,53,111,80,64,34,32,44,119,83,52,34,20,83,94,116,32,65,23,30,58,23,23,120,50,49,26,71,99,83,80,106,77,35,28,48,33,40,30,56,67,69,74,76,122,48,83,106,110,73,37,96,83,52,37,85,37,42,89,52,93,118,85,40,41,54,71,43,80,90,47,45,45,87,75,114,48,49,50,88,62,63,59,53,74,89,56,63,104,78,59,55,55,60,76,88,103,66,63,106,58,120
43,51,50,41,142,93,46,103,52,47,139,126,40,39,114,36,97,60,113,38,35,149,66,61,40,142,32,51,150,114,104,46,48,135,50,43,43,32,122,112,40,27,31,95,112,95,67,48,45,147,115,88,33,24,114,111,106,62,29,65,26,22,23,23,87,50,49,22,125,25,25,20,21,24,125,108,18,22,47,122,32,37,41,55,22,105,28,135,96,40,40,35,21,147,108,30,20,132,105,96,52,12,44,69,36,37,48,29,8,31,93,65,49,27,39,117,48,15,5,150,96,54,20,48,126,71,0,18,73,38,19,17,137,128,111,13,78,98,29,17,83,28,6,28,104,91,70,8,8,135,13,9,147,130,106,42,39,86,76,35,61,148,132,88,69,49,15,16,21,20,27,149,41,25,42,150,134,101,99,34,50,20,121,100,71,21,28,47,51,134,66,54,27,74,72,52,116,38,79,25,35,151,148,40,146,96,73,42,62,101,81,38,133,33,32,32,56,50,33,44,47,139,68,38,150,114,73,152,74,62,37,112,40,55,151,78,81,54,134,92,145,43,97,81,79,152,47,56,86,79,73,47,58,120,63,77,54,151,75,64,55,137,108,94,85,71,57,54,56,119,114,58,81,66
43,63,62,44,159,110,40,120,43,60,156,143,50,37,131,40,114,47,131,50,44,166,82,76,33,159,35,39,168,132,121,35,36,153,66,58,57,44,140,130,55,33,27,112,129,113,84,64,60,165,132,106,48,32,132,129,123,79,23,82,38,28,26,25,104,66,65,24,142,39,40,30,21,19,143,125,27,19,31,140,48,23,25,73,16,123,45,153,114,58,57,52,13,165,126,47,36,150,122,114,70,17,27,87,20,21,31,47,19,14,111,83,67,44,22,135,66,32,17,168,114,72,4,30,144,89,18,0,91,56,37,35,155,146,129,31,96,116,47,35,101,46,15,11,122,109,88,25,14,153,30,24,165,148,124,60,57,103,94,19,79,166,149,106,87,66,15,14,12,13,15,167,58,41,26,168,152,119,117,51,33,19,138,118,88,21,19,31,68,151,84,71,41,92,90,37,134,53,96,34,26,169,166,29,163,113,90,57,78,119,98,51,151,42,39,38,43,64,35,35,37,157,84,34,168,132,89,170,90,78,37,129,37,44,169,94,98,67,152,108,163,43,113,97,95,169,54,47,102,95,88,49,70,137,76,91,62,168,89,76,52,154,123,109,100,84,65,58,54,135,130,55,94,59
94,60,62,87,75,42,103,46,115,60,72,60,69,94,51,83,40,127,49,65,72,80,38,40,101,73,85,118,81,49,41,112,114,67,44,51,50,64,54,46,51,77,93,32,44,32,28,41,44,76,46,28,56,74,46,43,38,28,93,26,64,77,81,83,25,36,36,83,54,62,59,71,83,89,54,38,73,87,118,51,49,108,111,26,90,35,52,63,27,38,39,44,91,75,36,48,58,60,33,25,25,79,117,12,109,110,121,46,75,103,21,11,25,48,112,44,26,59,75,77,24,20,93,121,53,3,73,91,0,35,54,56,64,55,38,60,5,25,44,56,11,45,77,101,31,19,6,67,78,62,62,68,74,57,34,33,36,15,9,107,16,76,59,18,12,28,83,84,91,89,97,76,38,55,113,77,62,31,29,46,121,85,49,31,19,85,96,117,32,62,22,30,59,21,21,122,47,50,24,72,101,80,77,107,75,32,26,49,32,37,28,56,64,70,75,77,123,48,84,107,112,70,36,97,81,50,35,83,36,41,90,49,94,119,82,38,39,54,68,41,78,91,45,43,44,84,75,115,46,47,49,89,62,61,58,51,74,86,54,62,104,75,57,53,53,59,76,89,104,63,60,107,57,121
65,43,43,59,106,62,73,70,83,40,103,90,44,64,79,54,64,94,78,40,45,112,39,36,69,105,54,85,114,79,69,79,81,99,30,31,30,36,86,76,29,46,61,59,76,60,35,26,26,110,78,53,29,43,78,75,69,31,60,33,34,44,49,51,51,23,23,50,88,31,29,39,50,56,88,71,41,53,83,85,21,73,77,23,56,68,21,97,59,15,15,16,57,110,70,17,26,95,67,58,18,45,82,32,74,75,86,14,40,69,55,28,13,14,77,79,12,25,40,112,58,17,58,86,88,33,38,56,35,0,19,21,99,90,73,25,40,60,9,21,45,11,42,66,66,53,32,32,43,97,28,34,109,92,68,9,8,48,38,73,24,111,94,50,32,14,48,49,56,54,62,111,14,23,78,112,96,64,62,17,86,51,83,63,35,51,62,83,21,96,32,23,29,39,37,88,79,25,44,41,67,114,111,73,108,60,40,27,32,65,47,31,96,41,45,47,90,32,54,74,79,102,39,65,113,79,43,115,44,37,59,77,63,86,114,48,51,39,98,59,109,62,64,52,51,116,51,84,57,53,49,62,47,87,48,53,54,116,53,51,76,103,76,66,60,54,57,64,76,86,82,79,59,91
52,43,43,47,124,77,58,86,67,40,121,108,38,50,96,42,80,77,96,35,36,131,51,47,53,123,41,68,132,96,86,62,64,117,37,33,32,29,104,94,30,33,45,77,94,77,50,34,32,128,96,71,25,30,96,93,87,46,43,48,24,30,33,35,69,34,33,34,106,21,20,24,34,39,107,89,25,36,65,104,20,55,59,38,38,86,17,116,77,24,23,20,39,129,89,15,13,114,86,77,34,27,63,50,55,56,67,13,22,50,74,47,31,10,58,98,30,8,22,131,77,35,39,67,107,52,19,37,54,19,0,2,118,109,92,6,59,79,10,4,64,10,23,47,85,72,51,14,25,116,10,15,128,111,87,23,21,67,57,54,42,129,113,69,50,30,30,31,38,36,44,130,24,14,60,131,115,82,80,19,68,33,102,81,52,34,44,65,34,115,48,37,20,56,54,70,98,25,61,28,50,132,129,56,127,77,55,29,45,83,64,28,115,31,34,35,72,37,40,58,62,121,52,50,131,96,56,134,58,47,45,94,49,70,133,61,65,43,116,75,127,49,80,65,64,133,45,68,70,64,59,51,49,103,52,63,50,133,62,54,63,119,91,79,71,59,53,56,64,102,97,66,67,77
51,44,43,47,126,79,57,88,66,41,123,110,38,48,98,41,82,75,97,35,36,132,52,48,52,125,40,66,134,98,88,60,62,119,38,34,33,29,106,96,31,32,43,79,96,79,52,35,33,130,98,72,26,29,98,95,89,48,42,50,23,29,32,33,71,36,35,33,108,21,20,23,32,37,109,91,24,35,63,106,21,53,57,40,36,88,17,118,79,26,25,21,37,131,91,16,13,116,88,79,36,25,61,52,53,54,65,15,20,48,76,49,33,11,56,100,32,7,20,133,79,37,37,65,109,54,17,35,56,21,2,0,120,111,94,4,61,81,12,3,66,12,21,45,87,74,53,12,23,118,8,13,130,113,89,25,22,69,59,52,44,131,115,71,52,32,28,29,36,34,42,132,25,14,58,133,117,84,82,20,66,31,104,83,54,32,42,63,36,117,50,39,20,58,56,68,100,26,63,27,48,134,131,54,129,79,57,30,47,85,65,29,117,31,33,34,70,38,39,56,60,123,53,48,133,98,58,136,59,49,44,96,48,68,134,63,67,43,118,76,129,48,81,67,65,135,44,67,72,66,60,50,50,105,53,64,50,135,63,55,62,121,93,80,72,60,53,55,62,103,99,65,69,76
154,115,117,146,42,68,164,59,177,116,39,43,127,155,48,143,59,190,46,124,132,36,87,93,163,34,146,180,34,43,50,174,176,32,101,109,109,125,34,40,111,139,156,54,39,52,80,100,104,27,36,58,117,136,35,38,42,83,156,80,126,139,144,146,58,95,96,146,26,124,122,134,147,152,24,37,136,150,181,25,112,171,175,86,153,37,114,16,45,100,101,106,155,17,33,111,122,14,35,44,87,143,180,70,172,173,184,110,138,167,45,72,88,111,176,21,89,123,139,14,41,83,157,185,12,66,137,155,64,99,118,120,0,9,26,124,59,39,108,120,54,109,141,165,33,46,67,131,142,5,126,132,12,9,32,96,99,53,63,171,78,15,12,51,70,91,146,147,154,152,160,17,100,118,176,18,15,40,41,108,185,148,25,43,71,148,159,181,92,20,76,89,121,69,71,185,32,110,66,134,164,27,26,170,26,51,73,108,86,48,67,116,29,130,135,137,185,105,145,169,174,32,84,158,34,43,80,36,80,92,151,47,155,181,38,79,76,108,40,67,40,150,66,81,82,44,132,175,79,86,93,147,114,54,108,92,129,50,97,112,163,53,68,79,88,105,130,145,162,62,65,165,96,180
146,107,109,138,43,61,156,53,168,108,39,40,119,146,43,134,52,181,41,116,123,39,79,85,154,35,137,171,38,38,44,165,167,32,92,101,101,116,30,35,102,130,147,46,33,45,71,91,95,31,31,50,108,128,30,31,35,74,147,71,117,130,135,137,50,86,87,137,23,115,113,125,138,144,20,30,128,141,172,20,103,162,166,77,144,29,105,17,37,91,92,97,146,24,25,102,113,14,27,35,78,134,171,61,163,164,175,101,129,158,36,64,79,102,167,13,80,114,130,23,33,74,148,176,4,57,128,146,55,90,109,111,9,0,17,115,50,30,99,111,45,100,132,156,24,37,58,122,133,9,117,123,20,6,23,87,90,44,54,162,69,22,10,42,61,82,137,138,145,143,151,24,91,109,168,25,15,31,33,99,176,139,19,34,62,139,150,172,83,19,68,80,113,60,62,176,26,101,58,125,155,32,30,161,29,44,65,99,77,41,59,107,28,122,127,129,177,96,137,160,165,33,76,149,38,38,72,39,72,84,142,41,146,172,41,71,69,100,39,60,41,142,59,73,75,46,124,167,72,78,85,139,106,50,100,85,120,52,89,104,154,52,63,73,81,97,122,136,153,58,60,156,88,172
130,92,93,122,49,50,139,44,152,92,45,40,103,130,38,118,42,164,36,100,107,49,64,69,138,43,121,155,49,33,35,149,151,38,77,85,85,100,30,29,86,114,130,34,27,33,56,75,79,43,26,37,92,111,25,25,26,59,130,55,101,114,118,120,35,70,71,120,25,98,96,108,121,127,24,21,111,125,155,21,86,145,149,61,127,18,89,28,23,75,76,81,129,39,15,85,96,25,15,21,61,117,155,45,146,147,158,84,112,141,20,47,63,85,150,9,63,97,113,39,16,57,131,159,16,40,111,129,38,73,92,94,26,17,0,98,33,13,82,94,28,83,115,139,8,20,41,105,116,25,100,106,36,20,9,70,73,27,37,145,52,38,22,26,44,65,120,121,128,126,135,39,74,92,151,40,26,18,19,82,159,122,19,21,46,122,133,155,66,28,52,64,96,45,47,159,22,85,43,108,138,45,42,144,41,31,50,83,62,30,44,91,34,105,110,112,160,80,120,143,148,40,61,133,48,33,57,50,57,69,126,35,130,155,51,57,55,84,43,49,49,126,49,60,62,55,108,150,60,65,71,123,91,47,85,72,105,59,76,89,138,54,55,62,69,83,107,121,137,53,54,140,76,156
50,46,46,46,130,82,55,92,63,43,127,114,39,47,102,40,86,72,102,36,36,137,56,52,49,130,38,63,138,102,92,57,59,123,42,36,36,30,110,100,34,31,41,83,100,83,56,39,36,135,102,77,28,28,102,99,93,51,39,54,24,27,30,31,75,39,39,30,112,22,21,22,30,34,113,95,23,32,59,110,24,50,53,44,33,93,20,122,84,30,29,25,34,135,95,20,14,120,92,83,40,22,57,56,49,50,61,19,17,44,80,53,37,15,53,104,36,7,17,137,83,41,34,61,113,58,13,31,60,25,6,4,124,115,98,0,65,85,16,4,70,15,17,41,91,78,57,8,18,122,5,9,134,117,93,29,26,72,63,48,48,135,118,75,56,35,24,25,32,30,38,136,28,15,54,137,121,88,86,22,62,27,107,87,58,29,38,59,38,121,53,42,19,61,59,64,103,27,66,24,44,138,135,50,132,83,60,31,49,88,69,29,120,29,31,32,66,39,36,52,56,126,56,45,137,102,61,139,62,51,41,99,44,64,138,65,69,44,121,79,132,45,84,69,68,139,43,63,74,68,62,48,50,108,54,66,49,138,65,55,59,124,95,82,74,62,52,53,60,106,102,62,70,72
100,65,67,92,72,43,109,45,121,65,69,58,74,99,49,88,40,133,48,70,77,76,42,45,106,69,90,123,77,47,40,117,119,63,49,56,55,69,51,43,57,83,99,32,42,31,32,46,50,72,43,28,61,80,43,40,36,33,98,30,70,82,87,89,25,41,42,88,51,67,65,76,89,95,51,35,79,92,123,47,55,113,117,31,95,32,57,59,24,43,44,49,96,71,33,53,64,56,30,22,30,84,122,16,114,115,126,51,80,109,17,16,30,53,117,40,31,64,80,72,19,25,98,126,48,8,78,96,5,40,59,61,59,50,33,65,0,20,49,61,5,50,82,106,26,13,9,72,83,57,67,73,69,52,29,37,40,10,8,112,20,71,54,13,13,32,87,88,95,94,102,71,42,59,118,72,57,26,24,50,126,89,44,26,19,89,100,122,35,57,23,33,64,20,21,127,42,53,22,76,105,75,72,111,69,28,26,52,34,32,26,60,59,74,79,80,127,51,88,111,116,65,36,101,75,45,35,77,35,43,94,44,98,123,77,38,38,56,63,38,72,94,42,42,43,79,78,119,44,46,49,92,64,56,60,51,77,81,55,64,108,70,53,51,52,60,79,92,107,59,56,110,57,125
118,82,83,111,58,46,128,43,140,82,55,47,92,118,41,107,40,152,39,89,96,60,55,60,126,54,109,143,60,37,35,137,138,48,66,74,73,88,37,33,75,102,118,31,31,30,46,64,68,55,31,31,80,99,30,29,27,48,118,45,89,101,106,108,29,59,60,108,35,86,84,96,108,114,34,23,98,112,143,31,74,133,137,49,115,20,76,40,18,63,64,68,116,52,18,73,84,37,16,15,49,104,142,33,134,135,146,71,100,129,11,34,50,73,137,21,51,84,100,53,8,45,118,146,29,27,98,116,25,60,79,81,39,30,13,85,20,0,69,81,15,70,102,126,6,7,28,92,103,37,87,93,49,32,9,57,60,14,24,132,39,51,34,14,31,52,107,108,115,113,121,51,61,79,137,52,37,12,12,69,145,109,26,15,34,109,120,142,53,38,39,51,83,32,34,146,26,72,31,95,125,56,53,131,51,24,38,70,49,25,33,78,41,92,97,99,147,68,107,130,135,48,49,120,57,33,46,59,46,57,113,34,117,142,59,47,45,72,48,40,56,113,42,50,51,62,95,137,50,55,60,110,78,47,73,61,93,65,65,78,126,57,50,54,59,72,94,108,124,51,51,128,66,143
61,45,45,55,116,70,67,79,77,42,113,100,43,59,89,50,73,87,88,40,42,122,46,43,63,115,50,78,123,88,78,72,74,108,35,33,32,35,95,86,31,42,55,69,85,69,44,31,30,119,88,63,29,38,87,84,79,40,53,41,31,39,43,44,60,30,29,44,97,28,26,33,44,49,98,80,35,47,75,94,21,65,69,31,48,77,20,107,68,20,20,18,49,119,80,16,21,104,76,68,27,37,74,41,66,66,77,13,32,60,65,37,22,10,69,88,21,17,32,121,67,26,50,77,97,42,29,47,44,9,10,12,108,99,82,16,49,69,0,12,54,1,33,57,75,62,41,23,34,106,18,24,118,101,77,13,10,56,46,63,32,119,102,59,40,20,39,40,47,45,53,120,14,14,69,121,105,72,70,12,77,41,91,71,42,42,52,74,24,104,38,27,21,46,44,78,87,20,51,32,58,122,119,64,116,67,45,23,35,72,53,25,104,33,37,38,80,30,45,65,69,110,42,56,121,86,47,123,48,39,50,84,54,77,122,52,55,37,106,65,116,53,70,56,54,123,44,74,61,55,51,54,44,93,46,54,48,123,54,49,67,109,81,69,62,53,51,57,67,92,87,70,60,82
54,47,46,49,127,80,59,89,67,43,124,111,41,51,99,44,84,77,99,38,39,133,54,50,54,126,42,67,135,99,89,62,64,120,41,36,35,32,107,97,34,35,45,80,96,80,54,38,35,131,99,74,29,31,99,96,90,49,43,51,26,31,34,35,72,38,37,35,109,24,23,26,34,39,109,92,27,36,64,106,23,54,58,41,38,89,20,118,80,28,27,23,38,131,91,19,16,116,88,79,37,27,62,53,54,55,66,17,22,49,77,49,34,13,57,100,32,9,21,133,79,38,38,65,109,54,17,35,56,21,4,3,120,111,94,4,61,81,12,0,66,11,21,45,87,74,53,11,22,118,7,12,130,113,89,25,22,68,58,51,44,131,114,70,52,31,27,28,35,33,41,131,24,11,57,133,117,84,82,18,65,30,103,82,53,31,41,62,34,116,49,37,17,57,55,67,99,23,62,24,47,134,131,53,128,78,56,27,45,84,64,26,116,28,30,31,69,35,36,54,59,122,52,46,133,97,56,135,58,47,42,95,45,66,134,61,65,41,117,75,128,45,80,65,63,134,41,65,70,64,58,47,47,103,51,62,47,134,61,52,59,120,91,78,70,58,50,52,60,102,97,62,66,74
105,70,72,98,70,45,114,46,126,70,66,56,79,105,48,93,41,138,46,76,83,73,46,50,112,66,95,128,73,45,39,122,124,60,54,61,61,75,48,41,62,88,104,32,40,31,37,52,55,68,41,29,67,85,40,38,34,38,104,35,75,87,92,94,26,46,47,94,47,72,70,82,94,100,47,33,84,98,128,44,60,118,122,37,100,29,62,54,22,49,50,54,102,66,29,59,69,52,26,20,36,89,127,21,119,120,131,57,85,114,15,21,36,58,122,35,36,70,86,68,16,30,103,131,44,13,83,101,11,45,64,66,54,45,28,70,5,15,54,66,0,55,87,111,21,8,13,77,88,52,72,78,64,47,23,42,45,5,9,117,24,65,49,8,17,37,92,93,100,98,106,66,46,64,122,67,51,20,19,54,130,94,39,21,21,94,105,127,39,52,26,37,68,21,22,131,36,57,22,81,110,69,66,116,64,24,27,56,36,28,25,64,53,77,83,84,132,54,92,115,120,60,38,105,70,40,36,72,36,45,98,39,102,127,72,38,37,59,58,36,67,98,39,42,43,74,81,123,43,46,50,96,66,52,62,51,80,75,55,66,111,65,50,49,52,61,81,95,110,55,53,114,57,129
61,46,46,55,117,72,67,80,77,43,114,101,44,59,90,50,75,87,89,40,43,123,48,44,63,116,50,77,124,90,80,72,73,110,36,34,33,35,96,87,32,42,54,70,86,71,45,33,31,121,89,64,29,38,89,86,80,41,53,43,31,39,43,44,62,31,31,44,98,28,26,33,43,48,99,81,35,46,75,96,22,65,69,33,48,79,20,108,70,21,21,19,48,120,81,17,21,105,78,69,28,37,73,43,65,66,76,14,32,59,66,39,24,11,68,90,22,17,32,122,69,28,49,76,98,43,28,46,45,11,10,12,109,100,83,15,50,70,1,11,55,0,32,56,76,63,42,22,33,107,17,23,119,102,78,14,11,57,47,62,33,120,103,59,41,20,38,39,46,44,52,120,14,13,68,121,106,73,71,11,76,40,92,71,42,40,51,72,24,105,38,27,19,46,44,77,88,19,51,30,57,123,120,63,117,68,46,22,35,73,54,24,105,32,35,37,79,29,43,64,68,111,42,54,122,86,47,124,48,39,49,84,53,76,123,52,55,36,106,65,117,52,70,56,54,124,43,73,61,55,50,52,43,93,46,54,47,123,54,48,66,110,81,69,62,52,50,55,66,92,88,69,59,81
48,57,56,46,147,99,48,108,54,54,144,131,47,43,119,41,103,60,119,45,41,154,72,67,42,147,37,52,155,120,109,47,48,140,56,50,49,39,127,117,47,32,34,100,117,101,72,54,51,152,120,94,40,30,119,116,111,68,31,70,32,27,27,27,92,55,55,26,129,31,32,26,24,26,130,112,24,24,45,127,38,36,40,61,24,110,34,139,101,46,45,41,22,152,112,35,26,137,109,100,57,16,42,74,34,35,46,35,13,29,98,70,54,32,37,121,53,21,10,154,100,59,18,45,130,75,6,15,77,42,23,21,141,132,115,17,82,102,33,21,87,32,0,24,108,95,74,10,1,139,15,9,151,134,110,45,42,89,79,30,64,152,135,91,72,51,9,9,15,14,21,152,43,26,36,153,137,105,103,36,44,13,124,103,73,15,22,41,53,137,69,56,26,77,75,47,120,38,81,22,29,154,151,34,149,98,75,42,63,104,84,37,136,30,28,28,50,50,28,38,41,142,69,32,153,117,74,155,76,63,32,115,34,49,154,79,83,53,137,93,148,37,98,82,80,154,43,49,87,80,73,42,57,122,62,77,51,153,75,62,49,139,109,95,85,70,54,49,50,120,115,52,80,60
50,74,72,52,170,121,45,131,45,71,167,154,61,45,142,49,126,45,141,60,54,177,93,88,38,170,44,39,179,143,132,36,37,164,77,69,68,55,150,141,66,43,34,123,140,124,95,75,72,175,143,117,59,42,143,140,134,90,30,93,49,39,35,34,115,77,77,33,153,50,51,41,31,28,154,136,38,28,27,151,59,23,24,84,25,134,56,163,124,69,68,63,21,176,136,58,47,161,133,124,81,28,22,97,17,17,24,58,30,13,121,94,78,55,16,145,77,43,28,178,124,82,12,22,154,99,28,11,101,66,47,45,165,156,139,41,106,126,57,45,111,56,24,0,132,119,98,34,23,163,39,33,175,158,134,69,66,113,103,8,88,176,159,115,96,75,20,19,13,15,10,176,67,49,15,177,161,128,126,59,22,22,148,127,97,23,16,21,76,161,92,80,48,100,98,26,143,60,105,39,20,178,175,21,172,122,98,64,86,127,107,57,160,46,43,41,32,71,36,28,29,166,92,31,177,140,97,179,98,85,36,138,35,35,177,101,105,73,160,116,171,42,120,104,102,178,57,40,108,101,94,49,75,145,81,97,65,176,95,80,48,162,131,116,106,89,67,57,50,142,137,51,100,51
125,88,89,117,56,50,134,46,146,88,52,46,98,125,42,113,43,158,40,95,102,57,61,66,132,51,115,149,57,37,37,143,145,46,72,80,80,94,36,33,81,108,124,35,31,33,52,70,74,51,31,36,86,105,30,29,29,54,124,51,95,108,113,114,34,65,66,114,32,93,91,102,115,121,31,24,105,118,149,29,80,139,143,56,121,21,83,36,22,69,70,75,122,47,18,79,90,33,17,19,56,110,148,39,140,141,152,77,106,135,16,41,56,79,144,17,57,91,107,47,13,51,124,152,23,34,104,122,31,66,85,87,33,24,8,91,26,6,75,87,21,76,108,132,0,13,34,98,109,31,93,99,43,26,4,63,66,19,29,138,44,44,28,18,36,57,113,114,121,119,127,45,67,84,143,46,31,11,12,75,151,115,20,14,38,115,126,148,59,32,44,56,88,37,38,152,21,77,35,101,130,49,47,136,44,24,42,75,54,24,36,83,35,97,102,104,152,72,112,136,141,42,53,125,51,29,49,53,49,61,118,31,122,148,53,50,47,76,42,41,50,118,42,52,54,57,100,142,52,57,63,115,82,43,77,64,97,60,68,81,130,53,49,55,61,75,98,113,129,49,49,132,68,148
113,77,79,105,64,47,122,45,134,77,61,52,86,113,45,101,41,146,43,83,90,67,52,56,120,60,103,136,67,42,38,130,132,55,61,69,68,82,43,38,69,96,112,32,36,31,42,59,62,62,37,31,74,93,36,34,31,44,112,41,83,95,100,102,28,53,54,102,41,80,78,90,102,108,41,28,92,106,136,38,68,126,130,44,108,25,70,47,20,57,58,62,110,59,24,66,77,44,21,17,43,97,135,28,127,128,139,65,93,122,12,29,44,66,131,28,44,78,94,60,11,38,111,139,36,21,91,109,19,53,72,74,46,37,20,78,13,7,62,74,8,63,95,119,13,0,21,85,96,44,80,86,56,39,15,50,53,7,16,125,31,57,40,7,24,44,100,101,108,106,114,58,54,72,130,59,43,13,12,62,138,102,31,15,26,102,113,135,46,44,32,44,76,26,27,139,29,65,25,88,118,61,59,124,56,21,31,63,42,24,27,71,46,85,90,92,139,60,100,123,128,52,43,113,62,34,40,64,40,50,105,34,109,135,64,41,39,65,51,36,60,105,38,44,45,67,88,130,45,49,54,103,72,47,67,55,86,69,59,71,118,59,48,50,54,66,87,101,117,51,50,120,60,136
94,62,63,87,80,48,103,51,114,61,77,66,69,93,57,82,46,126,55,66,72,85,41,43,100,78,84,116,85,54,47,110,112,72,45,52,51,64,59,51,52,76,92,38,50,38,32,42,45,81,52,34,56,73,51,49,44,31,92,29,64,75,80,82,30,37,37,82,59,61,59,70,82,88,59,43,72,85,116,56,49,106,109,28,88,40,51,67,32,38,39,43,89,79,41,47,57,64,38,30,25,77,114,16,106,107,118,45,72,101,26,13,24,46,110,48,25,57,73,81,28,19,91,118,57,7,70,88,6,32,51,53,67,58,41,57,9,28,41,53,13,42,74,98,34,21,0,64,75,65,59,65,77,60,36,29,32,16,6,104,11,78,61,18,6,24,79,80,87,85,93,79,33,51,109,80,64,32,30,41,117,81,51,31,13,81,92,114,27,64,17,25,55,16,16,118,48,45,20,68,97,81,79,103,76,30,21,43,27,35,24,51,65,65,70,72,119,43,80,103,107,71,30,92,81,49,30,84,30,36,85,48,90,115,83,33,34,48,68,37,78,86,41,38,38,85,70,110,41,41,43,84,56,59,52,46,69,85,49,57,99,74,53,49,48,54,71,83,98,60,57,102,51,116
51,53,52,48,138,91,54,100,61,49,135,122,44,47,110,43,94,69,110,42,40,144,64,60,48,137,40,60,146,110,100,54,56,131,49,44,43,35,118,108,41,33,40,91,108,91,64,47,44,142,110,85,34,30,110,107,101,60,37,62,29,29,30,31,83,47,47,30,120,28,27,25,29,32,120,103,24,30,55,117,31,45,49,52,30,100,28,130,91,38,37,33,30,142,103,28,21,127,99,91,48,20,52,64,44,45,55,27,16,39,88,60,45,23,47,112,43,14,14,144,91,49,28,55,120,65,8,25,67,32,14,12,131,122,105,8,72,92,23,11,77,22,10,34,98,85,64,0,11,129,5,1,141,124,100,35,32,79,69,40,54,142,125,81,62,41,16,17,24,22,30,142,33,17,46,143,127,95,93,26,54,19,114,93,63,21,30,51,43,127,59,46,19,67,65,56,109,29,72,19,36,144,141,42,139,89,65,33,54,94,74,29,126,25,26,26,58,41,29,44,48,132,60,37,143,107,65,145,66,54,34,105,37,56,144,69,73,45,127,84,138,39,89,73,71,144,39,55,78,71,65,42,50,113,55,68,47,144,66,55,52,129,99,86,77,62,49,48,53,110,106,55,72,65
48,59,57,47,148,100,49,110,54,55,145,132,48,44,121,42,104,60,120,46,43,155,73,68,43,148,38,52,156,121,110,47,48,142,58,51,50,40,128,119,48,34,35,101,118,102,74,55,52,153,121,95,41,31,121,118,112,69,31,72,33,28,28,28,93,57,56,27,131,33,33,27,25,27,131,114,25,25,45,128,39,36,39,62,24,111,36,140,102,47,47,42,22,153,113,37,28,138,110,101,59,17,42,75,34,35,45,36,15,29,99,71,55,33,36,122,54,22,11,155,101,60,18,44,131,76,8,14,78,43,25,23,142,133,116,18,83,103,34,22,88,33,1,23,109,96,75,11,0,140,16,10,152,135,111,46,43,90,80,29,65,153,136,92,73,52,7,8,13,12,20,153,44,27,35,154,138,105,103,36,43,12,125,104,74,14,21,40,54,138,70,57,27,78,76,45,120,38,82,21,28,155,152,33,149,99,76,43,64,105,84,37,137,29,28,27,49,50,27,36,40,143,70,31,154,118,75,156,76,64,30,115,32,47,155,79,83,53,138,94,148,36,99,82,81,155,43,48,87,80,73,41,57,123,62,77,51,154,75,62,48,140,109,95,86,70,53,49,49,120,116,51,80,58
154,115,117,146,47,69,164,61,176,116,44,46,127,154,51,143,61,189,49,124,132,41,88,93,162,39,145,179,40,45,52,173,175,37,101,109,109,124,38,43,110,138,155,55,41,54,80,99,103,33,39,59,116,136,38,40,44,83,155,79,125,138,143,145,58,94,95,145,30,123,121,133,145,151,27,38,135,149,180,28,111,170,174,85,152,38,113,21,45,99,100,105,153,22,34,110,121,18,36,44,86,141,179,69,171,172,183,108,137,166,44,71,87,110,174,22,88,122,138,19,41,82,155,183,13,64,135,153,62,97,116,118,5,9,25,122,57,37,106,118,52,107,139,163,31,44,65,129,140,0,124,130,12,5,29,94,97,50,60,169,75,14,6,48,67,88,144,145,152,150,158,15,97,115,174,17,9,36,38,105,182,145,20,39,68,145,156,178,89,14,73,86,119,66,68,183,27,107,63,131,161,24,22,167,22,47,70,105,83,44,63,113,24,127,132,134,183,101,142,166,171,27,81,155,30,38,76,32,76,89,148,42,152,178,34,75,72,104,35,63,35,147,61,77,78,39,129,172,75,81,89,144,110,49,104,88,125,46,93,108,159,48,63,75,83,101,126,141,158,57,59,161,91,177
54,52,51,50,134,87,57,96,65,48,131,118,44,50,106,45,90,73,105,42,41,140,61,57,52,133,42,64,141,106,96,59,60,127,47,42,41,35,113,104,39,35,43,87,103,87,60,44,41,138,106,80,33,32,105,102,97,56,41,58,29,31,33,34,78,44,43,33,115,27,27,27,32,36,116,98,27,34,60,113,29,50,54,48,35,96,26,125,87,34,33,30,34,137,98,25,20,122,95,86,44,24,57,59,49,50,60,23,19,44,83,56,40,20,52,107,39,12,18,139,86,44,33,60,115,61,13,30,62,28,10,8,126,117,100,5,67,87,18,7,72,17,15,39,93,80,59,5,16,124,0,6,136,119,95,30,27,74,64,45,49,137,120,76,57,36,21,22,28,27,35,137,28,12,51,138,122,89,87,21,59,23,109,88,58,24,34,55,38,122,54,41,15,62,60,60,104,25,66,19,40,139,136,46,134,83,60,29,49,89,69,26,121,24,26,26,62,37,31,48,52,127,55,40,138,102,60,140,61,49,36,100,39,60,139,64,68,41,122,79,133,40,84,68,66,139,38,58,73,66,60,42,47,108,51,64,45,139,62,52,54,124,95,81,72,59,48,48,54,106,101,57,68,67
52,54,53,49,139,92,54,101,61,51,136,123,45,48,112,43,96,68,111,43,41,146,66,61,48,139,40,60,147,112,101,54,56,132,51,45,44,37,119,109,42,34,40,92,109,93,65,48,45,143,111,86,36,31,111,108,102,61,37,63,30,29,31,31,84,49,48,30,121,29,29,26,29,32,122,104,25,30,54,118,33,45,48,53,30,101,29,131,92,39,38,34,30,143,104,29,22,128,101,92,49,21,51,65,43,44,55,28,16,38,89,61,46,25,46,113,45,15,14,145,92,50,27,54,121,66,9,24,68,34,15,13,132,123,106,9,73,93,24,12,78,23,9,33,99,86,65,1,10,130,6,0,142,125,101,36,33,80,70,39,55,143,126,82,63,42,15,16,23,21,29,143,34,17,45,144,128,95,93,27,53,18,115,94,64,19,29,49,44,128,60,47,18,68,66,54,110,29,72,18,35,145,142,41,139,89,66,34,54,95,74,29,127,25,25,25,57,41,28,43,47,133,60,35,144,108,65,146,67,54,33,105,36,55,145,70,74,45,128,84,138,37,89,73,71,145,39,54,78,71,65,41,50,113,55,68,46,144,67,55,51,130,100,86,77,62,49,47,51,111,106,54,72,63
166,127,129,158,49,79,176,70,188,128,47,52,139,166,59,154,71,201,57,136,143,41,99,104,174,41,157,191,39,54,62,185,187,41,112,121,121,136,45,52,122,150,167,66,50,64,91,111,115,32,47,70,128,148,47,49,54,94,167,91,137,150,155,157,69,106,107,157,37,135,133,145,157,163,35,49,147,161,192,36,123,182,186,97,164,49,125,26,56,111,112,117,165,20,45,122,133,24,47,55,98,153,191,81,183,184,195,120,149,178,56,83,99,122,187,33,100,134,150,12,52,94,167,195,23,77,147,165,74,109,128,130,12,20,36,134,69,49,118,130,64,119,151,175,43,56,77,141,152,12,136,142,0,17,41,106,109,62,72,181,87,4,16,60,79,100,156,157,164,162,170,7,109,127,186,8,16,48,50,117,194,157,30,50,80,157,168,190,101,20,85,98,131,77,79,195,37,119,74,143,173,18,18,179,19,58,81,117,94,54,74,125,28,139,144,146,194,113,154,178,183,29,92,167,27,47,87,28,87,100,159,50,164,189,31,86,82,116,38,73,35,159,71,87,89,37,140,184,85,92,99,155,121,55,115,98,136,44,103,118,171,51,71,84,93,111,137,152,169,63,66,173,101,188
150,111,113,142,48,66,159,59,172,112,45,46,123,150,49,138,58,184,47,120,127,44,84,89,157,41,141,175,43,44,50,169,171,38,96,105,104,120,37,41,106,134,150,52,39,50,76,95,99,35,37,55,112,131,36,37,41,78,150,75,121,133,138,140,54,90,91,140,29,118,116,128,141,147,27,35,131,144,175,27,106,165,169,81,147,35,108,22,41,95,96,100,148,26,30,105,116,19,32,40,81,136,174,65,166,167,178,103,132,161,40,66,82,105,170,18,83,117,133,23,36,77,150,178,11,60,130,148,57,92,111,113,9,6,20,117,52,32,101,113,47,102,134,158,26,39,60,124,135,5,119,125,17,0,24,89,92,45,55,164,70,18,4,43,62,83,139,140,147,145,153,19,92,110,169,21,9,31,33,100,177,140,16,34,63,140,151,173,84,13,68,81,114,61,63,178,23,102,58,126,156,26,24,162,23,42,65,100,78,39,58,108,22,122,127,129,178,96,137,161,166,26,76,150,31,34,71,33,71,84,143,38,147,173,35,70,67,99,33,58,35,142,57,72,73,40,124,167,70,77,84,139,105,46,99,83,120,46,88,103,154,46,59,70,79,96,121,136,153,53,56,156,87,172
128,91,93,120,57,54,137,49,149,91,54,48,101,128,45,116,46,161,43,98,105,57,65,69,135,52,118,152,57,40,41,146,148,47,75,83,83,97,38,36,84,111,127,38,34,37,56,73,77,51,34,39,89,108,33,32,32,58,127,55,98,110,115,117,37,68,69,117,34,96,93,105,117,123,32,27,107,121,151,30,83,141,145,59,124,24,85,36,25,72,73,77,125,46,21,82,92,33,20,23,59,113,150,42,142,143,154,80,108,137,20,44,59,81,146,18,60,93,109,46,16,54,127,154,23,36,106,124,34,68,87,89,32,23,9,93,29,9,77,89,23,78,110,134,4,15,36,100,111,29,95,101,41,24,0,65,68,21,31,140,46,42,25,19,38,59,115,116,123,121,129,42,68,86,145,44,28,9,11,76,153,116,16,13,39,116,127,149,60,29,45,57,90,37,39,154,17,78,35,102,132,46,43,138,41,23,42,76,54,22,36,84,32,98,104,106,154,73,114,137,142,38,53,126,48,26,49,50,49,61,119,28,123,149,50,49,47,77,39,40,47,119,40,52,53,53,101,144,51,57,63,115,83,40,77,63,98,56,67,81,131,49,47,54,60,75,99,113,130,46,46,133,67,149
73,51,52,67,107,65,80,72,90,49,104,91,52,71,81,62,67,100,80,49,53,112,45,43,76,105,62,91,113,80,70,85,87,99,38,39,38,45,86,77,38,54,67,61,76,61,40,34,34,109,78,55,38,50,78,75,70,36,66,37,42,51,55,57,52,30,30,57,87,39,37,46,56,62,87,70,47,59,88,84,30,78,82,28,61,67,29,96,59,23,23,25,62,108,69,25,33,93,66,58,22,50,86,33,78,79,90,22,45,73,54,28,17,21,81,77,16,30,45,110,57,18,62,90,86,32,42,60,33,9,23,25,96,87,70,29,37,57,13,25,42,14,45,69,63,50,29,35,46,94,30,36,106,89,65,0,3,44,34,75,19,107,90,46,27,7,50,51,58,56,64,107,7,22,80,108,92,59,57,13,88,52,79,58,29,52,63,85,13,92,25,15,27,33,31,89,75,19,38,39,68,109,106,74,104,54,32,20,24,59,40,26,91,38,43,44,90,24,52,74,79,97,31,64,108,73,35,110,36,29,58,71,62,86,109,40,43,31,93,52,103,59,57,44,43,110,46,82,49,44,41,58,40,80,40,44,48,110,45,43,73,96,69,58,51,45,51,60,73,79,75,76,50,89
71,51,51,65,110,67,77,75,87,48,106,94,51,69,83,60,69,97,82,47,51,115,46,44,73,108,59,88,116,82,73,82,84,102,38,38,37,43,89,80,37,52,65,64,79,64,42,34,34,112,81,57,36,48,81,78,72,38,64,39,40,49,53,55,55,31,31,54,90,37,35,43,54,59,90,73,45,57,85,87,28,76,79,29,59,70,28,99,61,23,23,24,59,111,72,24,30,96,69,60,24,47,83,36,75,76,87,21,43,70,57,31,19,19,78,80,17,28,42,113,59,21,59,87,89,34,39,57,36,8,21,22,99,90,73,26,40,60,10,22,45,11,42,66,66,53,32,32,43,97,27,33,109,92,68,3,0,47,37,72,22,110,93,49,30,9,47,48,55,53,61,110,6,19,77,111,95,62,60,11,85,49,82,61,32,49,60,82,14,95,28,17,24,35,34,86,77,17,40,37,65,112,109,71,107,57,35,19,25,62,43,24,94,36,40,42,87,24,49,71,76,100,33,61,111,76,37,113,38,30,55,74,59,83,112,42,45,31,96,54,106,57,59,46,45,113,44,80,51,46,42,56,39,82,40,46,47,113,46,43,71,99,71,60,53,46,49,58,70,81,77,73,51,87
109,75,76,102,71,50,118,50,130,75,68,59,83,109,51,98,45,141,50,80,87,74,51,55,115,68,99,132,74,48,43,126,128,62,59,66,65,79,50,44,66,92,108,36,42,36,42,56,59,69,43,34,71,89,43,41,38,43,107,40,79,91,96,97,31,51,51,97,48,76,74,85,97,103,48,35,88,101,131,45,64,121,125,41,103,31,66,55,26,53,54,58,105,66,31,62,72,51,28,23,40,92,130,26,122,123,134,60,88,116,18,26,39,61,125,35,40,73,88,66,18,34,106,134,43,18,86,103,15,48,67,69,53,44,27,72,10,14,56,68,5,57,89,113,19,7,16,79,90,50,74,80,62,45,21,44,47,0,10,119,25,63,46,3,17,38,94,95,102,100,108,63,47,65,124,64,48,16,14,55,132,95,35,16,19,95,106,128,39,48,25,37,69,18,20,133,32,58,18,81,111,66,63,117,60,18,24,56,35,22,21,64,49,78,83,85,133,53,93,116,121,55,35,106,66,35,33,68,33,43,98,34,103,128,68,34,33,57,53,31,63,98,34,38,39,69,81,123,39,43,47,95,64,46,60,48,79,71,52,64,111,60,45,45,48,59,80,94,110,49,47,113,53,129
100,68,69,93,79,51,109,53,120,67,75,65,75,100,57,89,48,132,55,72,78,82,47,49,106,76,90,122,83,54,48,116,118,70,52,58,57,70,57,50,58,83,98,39,49,39,37,49,52,78,50,35,62,80,50,47,43,37,98,35,70,82,86,88,32,43,44,88,57,67,65,76,88,94,56,42,78,91,121,53,55,111,115,34,94,38,57,64,31,44,45,49,95,75,39,53,63,61,36,29,32,83,120,21,112,113,124,51,78,107,24,19,31,52,115,45,31,63,78,76,25,25,96,124,52,12,76,94,9,38,57,59,63,54,37,63,8,24,46,58,9,47,79,103,29,16,6,69,80,60,64,70,72,55,31,34,37,10,0,109,15,73,56,12,7,28,84,85,92,90,98,73,37,55,114,74,58,26,24,45,122,85,45,25,11,85,96,118,30,58,16,27,59,13,13,123,41,48,15,72,101,76,73,107,70,24,18,46,27,29,19,54,59,68,73,75,123,44,83,107,111,65,29,96,75,42,27,77,28,35,89,41,93,118,77,30,30,49,61,32,72,89,36,35,35,78,72,114,37,39,42,86,57,52,52,43,70,79,47,57,102,67,48,44,45,53,72,85,101,54,51,104,49,119
57,82,80,60,177,128,51,138,49,78,174,161,69,51,149,57,133,47,149,68,62,184,101,95,45,177,51,42,186,150,139,41,41,171,85,77,76,63,157,148,74,51,41,130,147,131,102,83,79,182,150,124,66,50,150,147,141,98,37,100,57,47,43,42,122,85,84,41,160,57,59,49,39,35,160,143,46,36,29,157,67,27,27,91,32,140,63,170,131,76,75,70,29,182,143,65,55,167,140,131,88,36,23,104,20,20,24,65,38,18,128,100,85,62,17,152,83,50,35,185,131,89,20,19,160,106,35,19,107,73,54,52,171,162,145,48,112,132,63,51,117,62,30,8,138,125,104,40,29,169,45,39,181,164,140,75,72,119,109,0,94,182,165,121,102,81,25,24,17,19,12,182,72,54,7,183,167,134,132,64,14,25,153,132,102,26,16,13,82,166,98,85,52,106,104,18,149,65,110,42,17,184,181,16,178,127,103,68,91,132,112,61,165,49,45,43,25,75,37,24,23,171,96,29,182,145,101,184,102,89,35,143,34,29,182,105,109,76,165,120,176,41,125,108,106,182,58,35,112,105,97,48,77,149,84,100,66,181,98,82,45,166,134,119,109,91,68,57,48,146,141,47,103,46
89,60,61,82,92,56,97,61,107,59,88,77,65,87,67,77,55,118,66,62,67,96,44,45,93,89,78,109,97,65,57,103,105,83,44,49,48,59,70,62,48,70,85,48,61,48,36,41,43,92,63,43,51,67,62,60,55,34,84,33,57,68,73,75,40,35,36,74,70,55,52,63,74,80,70,54,65,78,107,67,43,97,101,28,80,51,44,78,43,33,34,38,81,90,52,40,50,75,49,41,24,69,105,22,97,98,109,38,64,92,37,18,20,38,100,59,20,49,64,91,39,16,81,109,67,16,61,79,16,24,42,44,78,69,52,48,20,39,32,44,24,33,64,88,44,31,11,54,65,75,49,55,87,70,46,19,22,25,15,94,0,88,71,27,8,13,69,70,77,75,83,88,22,40,99,89,73,40,38,30,107,70,60,39,11,70,81,103,16,73,10,14,44,16,14,108,56,34,21,57,86,90,87,92,85,36,18,32,18,41,24,40,73,54,59,61,108,32,69,92,97,78,23,81,89,55,24,91,25,27,74,53,78,104,90,29,31,38,74,37,85,75,42,34,34,92,59,99,38,36,36,73,46,63,43,39,58,92,41,47,88,79,54,46,43,45,60,72,87,63,59,90,45,105
168,129,131,160,53,82,178,74,190,130,51,56,141,168,62,157,74,203,61,138,145,45,102,107,176,45,159,193,43,57,65,187,189,45,115,123,123,138,49,55,124,152,169,69,54,67,94,113,117,36,51,73,130,149,50,52,57,97,169,93,139,152,157,159,72,108,109,158,41,137,135,146,159,165,38,52,149,163,193,40,124,183,187,99,165,52,127,30,59,113,114,119,167,24,48,123,134,28,50,58,100,155,192,83,184,185,196,122,150,179,58,85,101,123,188,35,101,135,151,16,54,95,169,197,26,78,148,166,76,111,129,131,15,22,38,135,71,51,119,131,65,120,152,176,44,57,78,142,153,14,137,143,4,18,42,107,110,63,73,182,88,0,17,61,80,101,157,158,165,163,171,3,110,128,187,4,16,48,50,118,195,158,30,50,80,158,169,191,101,18,85,98,131,78,80,195,36,120,74,144,173,14,14,180,16,58,81,117,94,54,74,125,25,139,144,146,195,113,154,178,183,26,92,167,23,45,87,24,86,100,160,49,164,190,27,85,82,115,35,72,31,159,70,86,88,33,140,184,84,91,98,155,121,53,114,98,136,40,102,118,171,47,69,82,92,110,137,152,169,61,64,172,100,188
152,114,116,144,52,70,162,62,174,114,49,50,125,152,53,140,62,186,51,122,129,47,87,92,159,45,143,177,46,48,54,171,172,42,99,107,107,122,41,45,108,136,152,55,43,54,78,97,101,39,41,58,114,133,40,41,45,81,152,78,123,135,140,142,57,92,93,142,33,120,118,130,142,148,31,39,132,146,177,31,108,167,170,83,149,38,110,26,44,97,98,102,150,29,34,107,117,23,35,43,83,138,176,67,167,168,179,105,134,162,42,68,84,107,171,22,85,118,134,25,38,79,152,180,15,61,132,149,59,94,113,115,12,10,22,118,54,34,102,114,49,103,135,159,28,40,61,125,136,6,120,126,16,4,25,90,93,46,56,165,71,17,0,44,63,84,140,141,148,146,154,17,93,111,170,18,4,31,33,101,178,141,14,34,63,141,152,174,84,9,69,81,114,61,63,178,21,103,57,127,157,23,21,163,19,42,65,100,78,38,58,108,18,122,128,130,178,96,138,161,166,22,75,151,27,32,71,29,70,84,143,35,147,173,31,69,66,99,29,57,31,142,55,71,72,36,123,167,69,76,83,138,104,43,98,82,120,41,87,102,154,42,57,68,77,95,121,136,153,50,53,156,85,172
112,78,79,104,71,52,121,52,132,77,68,59,86,111,52,100,47,144,51,83,90,73,54,58,118,67,102,134,74,49,45,128,130,62,62,69,68,81,50,45,69,94,110,38,43,37,45,59,62,68,44,36,73,91,43,41,38,45,110,43,81,93,98,100,33,53,54,100,48,79,77,88,100,106,48,36,90,103,133,45,67,123,127,44,106,32,69,54,27,55,56,61,107,65,31,65,75,51,29,24,43,95,132,29,124,125,136,63,90,119,19,28,42,64,127,34,43,75,91,65,18,37,108,136,41,21,88,106,18,50,69,71,51,42,26,75,13,14,59,70,8,59,91,115,18,7,18,81,92,48,76,82,60,43,19,46,49,3,12,121,27,61,44,0,19,40,96,97,104,102,110,61,49,67,126,62,46,14,12,57,134,97,33,13,20,97,108,130,41,46,26,38,71,19,21,134,30,59,18,83,113,64,61,119,58,16,24,57,36,20,20,65,47,79,84,86,134,54,94,118,123,53,36,107,63,32,33,66,33,43,100,31,104,130,65,34,32,58,50,29,60,100,32,37,38,67,82,124,38,42,47,97,65,44,60,48,79,68,52,64,112,57,42,43,47,59,81,95,111,47,45,114,53,130
96,65,66,89,86,54,104,58,115,64,82,71,71,95,62,84,52,126,61,68,74,89,46,48,101,83,85,117,90,60,53,111,113,77,49,55,54,66,64,57,54,78,93,44,55,44,37,46,48,85,57,40,58,74,56,54,49,36,92,35,65,76,81,82,37,40,41,82,64,62,60,70,82,88,64,48,72,85,115,60,50,105,109,32,88,45,52,71,37,40,40,44,89,83,46,48,57,68,43,35,29,77,113,22,105,106,117,45,72,100,31,18,26,46,109,52,26,57,72,84,32,21,89,117,60,13,69,87,12,32,50,52,70,61,44,56,13,31,40,52,17,41,72,96,36,24,6,62,73,67,57,63,79,62,38,27,30,17,7,102,8,80,63,19,0,21,77,78,85,83,91,80,30,48,107,81,65,32,30,38,115,78,51,31,7,78,89,111,22,65,10,20,52,10,10,116,48,41,15,64,94,82,79,100,76,28,15,39,21,34,19,47,65,61,66,68,116,37,76,99,104,71,24,89,81,47,23,84,24,29,82,45,86,111,83,27,28,43,67,32,77,82,37,32,32,84,65,106,35,35,37,79,50,56,46,39,63,84,42,51,95,72,49,43,42,47,65,78,94,57,54,97,45,112
79,56,56,73,103,64,86,70,97,53,100,88,58,77,78,68,64,107,76,54,59,108,46,45,82,101,68,97,109,76,67,92,93,95,41,44,43,51,82,73,43,60,74,58,72,58,40,37,38,104,74,52,43,57,74,71,66,37,73,37,48,58,62,64,50,33,33,63,82,45,43,52,63,68,83,66,54,66,95,79,35,85,89,29,68,63,35,91,55,28,28,30,69,103,65,31,39,88,61,53,23,57,93,30,85,86,97,28,52,80,49,25,18,28,88,72,17,37,52,104,52,17,69,96,80,27,49,66,28,14,30,32,91,82,65,35,32,52,20,31,37,20,51,75,57,44,24,41,52,88,36,42,100,83,59,7,9,38,28,81,13,101,84,40,21,0,56,57,64,62,70,101,9,27,86,102,86,53,51,17,94,57,72,51,22,57,68,90,8,85,18,9,31,26,24,95,68,22,31,44,73,103,100,79,97,47,26,21,18,53,34,29,85,42,47,48,95,23,56,79,84,91,25,69,102,66,29,104,30,24,62,64,66,91,103,34,37,30,86,45,97,63,50,38,37,103,48,87,43,39,36,61,39,73,38,40,49,103,41,41,76,89,62,52,46,42,51,62,76,72,68,79,45,93
54,66,65,53,154,107,54,116,57,62,151,138,55,49,126,49,110,62,126,53,50,160,80,75,47,153,44,54,162,127,116,50,51,147,65,58,57,47,134,124,55,40,40,107,124,108,80,62,59,158,126,101,48,38,126,123,117,76,36,78,40,35,34,34,99,63,62,33,136,40,40,34,31,31,136,119,32,30,45,133,46,38,40,68,29,116,43,145,107,54,53,49,26,158,118,43,35,143,115,107,64,23,41,80,34,35,44,43,22,29,104,76,61,39,35,127,59,29,18,160,106,65,19,42,136,81,15,15,83,48,30,28,146,137,120,24,87,107,39,27,92,38,9,20,113,100,79,16,7,144,21,15,156,139,115,50,47,94,84,25,69,157,140,96,77,56,0,1,8,6,14,157,47,29,30,158,142,109,107,39,38,5,128,107,77,7,14,35,57,141,73,60,28,81,79,40,124,40,85,19,21,159,156,26,153,102,78,44,66,107,87,37,140,27,24,23,42,51,21,29,33,146,71,24,157,120,77,159,78,65,24,118,25,40,157,81,85,53,140,96,151,30,100,83,82,157,39,41,88,81,74,36,55,125,61,77,47,156,75,61,41,141,110,96,86,69,50,43,43,122,117,44,80,51
54,66,65,53,155,107,53,117,57,63,152,139,55,49,127,49,111,61,127,54,50,161,81,76,47,154,44,53,163,127,117,49,50,148,65,59,58,48,135,125,56,41,39,108,125,109,81,63,60,159,127,102,49,38,127,124,118,76,36,79,41,35,34,34,100,64,63,33,137,41,41,34,31,31,137,120,32,30,45,134,47,37,40,69,28,117,43,146,108,55,54,49,26,159,119,44,35,144,116,107,65,24,40,81,33,34,43,43,22,28,105,77,62,40,34,128,60,29,19,161,107,66,19,41,137,82,16,14,84,49,31,29,147,138,121,25,88,108,40,28,93,39,9,19,114,101,80,17,8,145,22,16,157,140,116,51,48,95,85,24,70,158,141,97,78,57,1,0,7,5,13,158,48,30,29,159,143,110,108,40,37,5,129,108,78,7,13,34,58,142,74,61,28,82,80,39,125,41,86,20,20,160,157,25,154,103,79,45,67,108,88,38,141,28,25,24,41,51,22,28,32,147,72,23,158,121,77,160,79,66,24,119,25,40,158,82,86,54,141,96,152,30,101,84,82,158,40,40,89,82,75,36,56,126,62,78,48,157,75,62,41,142,111,97,87,70,50,44,42,123,118,44,81,51
54,71,70,55,162,114,52,123,54,67,159,145,59,49,134,51,118,57,133,58,53,168,87,82,45,161,46,50,170,134,124,46,47,155,71,64,63,52,141,132,61,43,39,114,131,115,87,69,65,166,134,108,54,41,134,131,125,83,35,85,45,38,36,35,106,70,69,34,144,45,46,38,32,31,144,127,36,30,40,141,53,33,35,75,28,124,49,153,115,61,60,55,25,166,126,50,41,151,123,114,72,26,35,88,28,29,37,50,26,24,111,84,68,47,28,135,67,35,23,168,114,73,16,34,144,89,21,12,91,56,38,36,154,145,128,32,95,115,47,35,100,46,15,13,121,108,87,24,13,152,28,23,164,147,123,58,55,102,92,17,77,165,148,104,85,64,8,7,0,2,6,165,55,37,22,166,150,117,115,47,30,9,136,115,85,10,8,27,64,149,81,68,35,89,87,32,132,48,93,26,15,167,164,20,161,110,86,51,74,115,95,44,148,33,30,28,35,58,24,24,27,154,79,22,165,128,84,167,85,72,25,126,25,35,165,88,92,60,148,103,159,31,108,91,89,165,44,37,96,88,81,38,62,132,68,84,52,164,81,67,40,149,118,103,93,76,55,46,42,129,125,43,87,48
55,70,69,55,160,112,53,122,56,67,157,144,59,50,132,51,116,59,132,57,53,166,85,80,47,159,46,51,168,133,122,48,49,153,70,63,62,51,140,130,60,43,40,113,130,114,86,68,64,164,132,107,53,41,132,129,123,81,36,84,45,38,36,36,105,69,68,35,142,45,45,38,33,32,142,125,35,31,42,139,52,35,37,74,29,122,48,151,113,59,59,54,26,164,125,49,40,149,121,113,70,26,37,86,30,31,39,48,25,26,110,82,67,45,31,133,66,34,22,166,112,71,18,37,142,87,20,13,89,54,36,34,152,143,126,30,94,113,45,33,98,44,14,15,119,106,85,22,12,150,27,21,162,145,121,56,53,100,90,19,75,163,146,102,83,62,6,5,2,0,8,163,53,35,24,164,148,115,113,45,32,6,134,113,83,8,8,29,62,147,78,65,33,86,84,34,129,45,91,23,16,165,162,21,159,108,84,49,72,113,92,42,146,31,28,26,36,56,22,24,28,151,77,21,162,126,82,165,83,70,24,123,24,35,163,86,90,58,146,101,157,30,106,89,87,163,42,37,93,86,79,36,59,130,66,82,50,162,79,65,39,147,116,101,91,73,53,44,41,127,122,42,85,47
57,76,75,59,168,120,54,129,54,73,165,152,64,52,140,55,124,55,140,63,58,174,93,88,47,167,49,49,176,140,130,46,47,161,77,70,69,57,148,138,67,48,42,121,138,121,94,75,72,172,140,114,60,46,140,137,131,89,37,91,51,43,40,39,113,76,76,38,150,51,52,43,36,34,150,133,41,34,38,147,59,33,34,82,31,130,55,159,121,67,66,62,28,172,133,56,47,157,129,121,78,31,32,94,27,27,34,56,31,23,118,90,75,53,26,141,73,42,28,174,120,79,18,30,150,95,27,15,97,62,44,42,160,151,135,38,102,121,53,41,106,52,21,10,127,114,93,30,20,158,35,29,170,153,129,64,61,108,98,12,83,171,154,110,91,70,14,13,6,8,0,171,61,43,16,172,156,123,121,53,24,13,142,121,91,14,5,21,70,155,86,73,41,94,92,26,137,53,99,30,11,172,169,14,167,116,92,57,79,121,100,49,154,37,33,32,29,63,26,20,22,159,84,21,170,134,89,172,91,77,26,131,25,29,171,93,98,64,153,108,164,32,113,96,94,171,47,33,101,93,86,39,66,138,72,89,55,169,86,71,38,154,123,108,98,80,57,47,41,134,130,41,91,44
169,131,132,161,56,84,179,76,191,131,54,59,142,169,65,157,76,203,63,139,146,48,103,108,177,48,160,194,46,60,67,188,190,48,116,124,124,139,51,57,125,153,169,70,56,69,95,114,118,39,53,74,131,150,52,54,59,98,169,95,140,153,157,159,73,109,110,159,43,138,135,147,160,166,41,53,150,163,194,42,125,184,188,100,166,53,128,32,60,114,115,120,167,27,49,124,135,31,51,59,100,155,193,84,185,186,197,122,151,179,59,86,101,124,188,37,102,135,151,19,55,96,169,197,28,79,149,167,76,111,130,132,17,24,39,136,71,51,120,131,66,120,152,176,45,58,79,142,153,15,137,143,7,19,42,107,110,63,73,182,88,3,17,61,80,101,157,158,165,163,171,0,110,128,187,1,15,48,50,118,195,158,29,50,80,158,169,191,101,17,85,98,131,77,79,195,35,119,74,143,173,11,11,179,13,57,81,117,94,53,73,125,23,139,144,146,195,112,154,178,183,23,91,167,20,44,86,21,86,99,159,47,163,189,24,84,81,115,33,71,28,158,68,85,87,30,139,183,82,90,97,154,120,51,113,97,135,37,101,117,170,45,67,81,91,109,136,151,169,59,62,172,99,188
75,57,57,69,112,72,81,79,91,54,109,97,56,73,87,64,73,100,85,53,56,117,52,50,77,110,64,91,118,85,76,85,87,104,44,44,43,48,91,82,43,56,68,67,81,67,47,40,40,114,84,61,42,52,83,81,75,43,67,44,45,53,57,58,58,37,36,58,92,42,40,47,57,62,92,76,49,60,87,89,34,78,82,34,61,72,33,100,64,29,29,30,62,112,74,29,35,98,71,63,29,50,85,39,77,78,89,26,45,72,59,34,24,24,80,81,22,31,45,114,61,25,61,88,90,37,41,58,38,14,24,25,100,91,74,28,42,61,14,24,46,14,43,67,67,54,33,33,44,97,28,34,109,92,68,7,6,47,37,72,22,110,93,49,30,9,47,48,55,53,61,110,0,18,77,111,95,62,60,8,85,48,81,60,30,48,59,81,10,94,26,13,22,34,32,85,77,13,38,34,64,112,109,70,106,55,32,13,21,61,40,20,93,32,37,39,86,18,47,69,74,99,28,59,110,74,33,112,34,25,52,71,56,81,111,38,41,25,94,51,105,53,56,42,40,111,40,77,47,41,37,52,33,80,34,40,41,110,40,37,67,96,67,55,48,40,44,53,67,78,74,70,46,84
65,57,57,61,128,84,69,92,77,54,125,113,52,62,102,55,87,85,101,49,50,134,61,57,64,127,53,76,135,101,91,71,72,121,49,46,45,43,108,98,43,46,55,82,98,82,58,45,43,131,100,76,39,43,100,97,91,54,53,55,38,42,45,46,73,44,43,45,109,35,34,37,44,48,109,92,38,46,71,106,33,62,65,45,47,89,30,118,80,34,34,31,46,130,91,28,27,115,88,79,40,36,68,54,60,61,72,25,31,55,76,50,36,22,63,99,34,21,30,131,78,39,44,70,107,53,25,41,55,23,14,14,118,109,92,15,59,79,14,11,64,13,26,49,84,72,51,17,27,115,12,17,127,110,86,22,19,65,55,54,40,128,111,67,48,27,29,30,37,35,43,128,18,0,59,129,113,80,78,10,67,30,99,78,48,30,41,63,27,112,43,31,7,51,49,67,94,13,56,18,46,129,126,52,124,73,49,17,37,78,58,15,111,19,23,24,68,25,31,52,57,117,43,42,128,91,48,130,50,37,37,89,40,64,128,53,57,30,111,67,122,39,72,56,54,129,31,61,61,54,48,39,35,96,39,52,36,127,50,41,53,113,83,69,60,47,39,43,53,94,89,56,56,69
64,89,87,67,183,135,58,144,54,85,181,167,76,58,156,64,139,51,155,75,69,190,107,102,51,183,58,47,192,156,145,46,46,177,91,84,83,70,163,154,81,58,48,136,153,137,109,89,86,188,156,130,73,57,156,153,147,104,44,107,64,54,50,49,128,91,90,48,166,64,66,56,46,42,166,149,53,43,33,163,73,33,32,97,39,146,70,175,137,82,81,77,36,188,148,71,61,173,145,136,94,43,26,110,25,25,26,71,44,25,134,106,90,68,21,157,89,57,42,190,136,95,27,20,166,111,42,26,113,78,60,58,176,168,151,54,118,137,69,57,122,68,36,15,143,130,109,46,35,174,51,45,186,169,145,80,77,124,114,7,99,187,170,126,107,86,30,29,22,24,16,187,77,59,0,188,172,139,137,69,8,29,158,137,107,29,18,6,86,171,102,89,56,110,108,11,153,69,114,45,17,188,185,14,182,132,108,72,95,137,116,65,170,52,47,45,18,78,38,21,19,175,100,28,186,149,105,188,106,92,36,147,33,23,187,109,113,79,169,124,180,41,128,111,109,186,59,31,116,108,100,48,79,153,86,103,67,185,100,85,43,170,138,122,112,94,69,57,45,149,145,45,105,41
170,132,134,162,57,86,180,77,192,133,55,60,143,170,66,159,77,204,65,140,148,49,104,110,178,49,161,195,47,61,69,189,191,49,117,125,125,140,52,59,127,154,171,72,57,70,96,116,119,40,54,75,132,151,54,56,60,99,171,96,141,154,159,161,75,110,111,160,44,139,137,148,161,167,42,55,151,165,195,43,126,185,189,101,167,55,129,34,62,115,116,121,169,28,50,125,136,32,52,60,102,156,194,85,186,187,198,124,152,181,60,87,102,125,189,38,103,137,152,20,57,97,170,198,29,80,150,168,77,112,131,133,18,25,40,137,72,52,121,133,67,121,153,177,46,59,80,143,154,17,138,144,8,21,44,108,111,64,74,183,89,4,18,62,81,102,158,159,166,164,172,1,111,129,188,0,16,49,51,119,196,159,30,51,81,159,170,192,102,18,86,99,132,78,80,196,36,120,75,144,174,10,10,180,13,58,82,118,95,54,74,126,24,140,145,147,196,113,155,179,184,23,92,168,19,44,87,20,86,100,160,48,164,190,23,85,82,116,33,72,28,159,69,86,88,29,140,184,83,90,98,155,120,51,114,97,136,37,102,118,171,44,68,81,91,110,136,152,169,59,63,172,99,188
155,118,119,147,56,74,165,67,177,118,53,55,128,155,58,144,66,189,56,125,133,50,90,96,163,48,146,180,49,52,58,173,175,46,102,111,110,125,45,49,112,139,155,59,48,58,82,101,104,42,45,62,117,136,44,46,49,85,155,81,126,138,143,145,61,95,96,145,37,123,121,133,145,151,35,43,135,149,179,35,111,169,173,86,151,42,113,30,48,100,101,105,153,31,38,110,120,27,40,47,86,141,178,70,170,171,182,108,136,165,46,71,87,109,173,26,88,121,137,26,42,81,154,182,19,64,134,152,62,96,115,117,15,15,26,121,57,37,105,117,51,106,137,161,31,43,64,127,138,9,122,128,16,9,28,92,95,48,58,167,73,16,4,46,65,86,142,143,150,148,156,15,95,113,172,16,0,33,35,103,180,143,14,35,65,143,154,176,86,5,70,83,116,62,64,180,21,104,59,128,158,19,16,164,15,42,66,102,79,38,58,110,14,124,129,131,180,97,139,163,168,18,76,152,23,31,72,25,71,84,144,34,148,174,26,70,66,100,25,57,27,143,55,71,73,31,124,169,68,76,83,139,105,40,99,82,120,37,87,103,155,39,55,68,77,95,121,136,154,48,51,157,85,173
125,90,92,118,67,58,134,55,146,90,63,57,99,125,53,114,52,157,51,96,103,67,65,69,131,61,115,148,66,48,47,142,144,56,74,82,81,95,47,44,82,108,124,43,42,42,56,72,75,60,42,43,87,105,41,40,39,57,123,54,95,107,112,114,40,66,67,113,43,92,90,101,114,119,42,35,104,117,147,39,80,137,141,57,119,31,82,45,30,69,70,74,121,55,29,78,89,42,27,27,56,108,146,41,137,138,149,76,104,132,23,41,56,77,141,27,56,89,104,54,20,50,122,149,32,34,101,119,31,64,82,84,40,31,18,88,26,12,72,84,20,73,105,128,11,13,32,95,105,36,89,95,48,31,9,59,62,16,26,134,40,48,31,14,32,53,109,110,117,115,123,48,62,80,139,49,33,0,2,70,147,110,19,4,32,110,121,143,53,32,37,50,83,30,32,147,16,71,27,95,125,50,47,131,44,14,34,69,47,13,27,77,33,91,96,98,147,65,106,130,135,39,45,119,50,21,41,52,40,53,112,22,116,142,51,40,38,68,38,31,47,111,31,43,44,54,93,136,42,48,54,108,74,34,68,54,89,55,58,73,123,46,39,44,51,66,90,105,122,39,39,125,58,141
123,89,90,116,68,58,132,55,144,88,64,57,98,123,53,112,51,156,51,94,101,68,64,68,130,62,114,146,68,49,47,140,142,57,73,80,79,93,48,44,80,106,122,43,42,41,55,70,73,62,42,42,85,103,41,41,39,56,121,53,93,105,110,112,40,65,65,111,44,90,88,99,112,117,43,35,102,115,145,40,78,135,139,55,117,32,80,47,30,67,68,72,119,56,29,76,87,43,28,27,54,106,144,40,136,136,147,74,102,130,23,40,54,75,139,28,54,87,102,56,20,48,120,147,33,32,99,117,29,62,80,82,41,33,19,86,24,12,70,82,19,71,103,126,12,12,30,93,103,38,87,93,50,33,11,57,60,14,24,132,38,50,33,12,30,51,107,108,115,113,121,50,60,78,137,51,35,2,0,68,145,108,21,3,30,108,119,141,51,34,35,48,81,28,30,145,18,69,25,93,123,52,49,129,46,13,32,67,45,13,26,75,35,89,94,96,145,63,104,128,133,41,43,117,52,22,39,54,39,51,110,22,114,140,53,39,36,66,39,30,49,109,30,41,43,55,91,134,40,46,52,106,72,35,67,52,87,57,57,71,121,47,38,43,50,64,89,103,120,40,39,123,57,139
71,57,57,66,120,78,76,85,85,54,117,104,55,68,94,61,80,94,93,51,54,125,56,53,71,118,59,85,126,93,83,79,81,112,46,45,44,46,99,90,43,52,63,74,89,74,52,42,42,122,91,68,41,48,91,88,83,48,61,49,42,48,52,53,65,40,40,52,100,39,37,43,52,56,100,83,44,54,81,97,33,71,75,39,55,80,32,108,72,31,31,30,55,120,82,28,31,106,79,70,34,44,78,46,70,71,81,25,39,65,67,41,29,22,72,89,28,26,38,122,69,31,54,80,98,44,34,51,46,17,19,20,108,99,82,22,50,69,12,18,54,11,36,59,75,62,41,26,36,105,21,27,117,100,76,13,11,55,45,64,30,118,101,57,38,17,39,40,47,45,53,118,8,10,69,119,103,70,68,0,77,40,89,68,38,40,51,73,17,102,33,21,14,41,39,77,84,8,46,27,56,119,116,62,114,63,40,11,28,68,48,14,101,25,30,31,78,18,39,61,66,107,34,51,118,81,39,120,40,29,45,79,49,73,118,44,48,25,101,58,112,46,63,47,46,119,34,69,52,46,40,45,32,87,34,44,37,118,43,37,60,103,74,60,52,41,40,47,60,85,80,63,49,76
68,96,94,72,191,142,61,152,56,92,189,175,82,63,163,69,147,51,163,82,76,198,115,110,55,191,64,49,200,164,153,49,48,185,99,91,90,77,171,162,88,64,53,144,161,145,116,97,93,196,164,138,81,64,164,161,155,112,49,114,71,60,57,55,136,99,98,54,174,72,73,63,52,48,174,157,60,49,34,171,81,36,34,105,45,154,77,183,145,90,89,85,42,196,157,79,69,181,153,145,102,50,27,118,29,28,26,79,52,29,142,114,98,76,23,165,97,65,50,198,144,103,34,19,174,119,50,33,121,86,68,66,185,176,159,62,126,145,77,65,130,76,44,22,151,138,117,54,43,182,59,53,194,177,153,88,85,132,122,14,107,195,178,134,115,94,38,37,30,32,24,195,85,67,8,196,180,147,145,77,0,37,166,145,115,37,26,5,94,179,110,97,64,118,116,7,161,76,122,53,24,196,193,19,190,139,116,80,103,145,124,72,178,59,54,52,16,86,45,25,21,183,108,34,194,157,113,196,114,100,42,154,39,23,194,116,120,86,177,131,188,47,136,118,116,194,66,32,123,115,108,54,86,160,93,110,74,192,107,91,46,177,145,130,119,100,75,62,49,157,152,48,112,42
59,70,69,58,157,110,58,119,61,67,154,141,60,54,129,54,114,65,129,58,55,163,84,79,51,156,49,57,164,129,119,54,55,150,69,62,62,52,136,127,59,45,44,110,126,110,83,66,63,160,129,103,53,43,128,126,120,79,41,81,45,40,39,39,101,67,66,38,138,45,45,39,36,36,138,121,37,35,48,135,50,41,43,71,33,118,47,147,109,57,56,52,31,160,121,47,39,145,117,109,67,28,43,83,37,37,46,46,27,32,106,78,63,43,37,129,62,33,23,161,108,67,23,43,137,83,20,19,85,51,33,31,148,139,122,27,89,109,41,30,94,40,13,22,115,102,81,19,12,145,23,18,157,140,116,52,49,95,85,25,70,158,141,97,78,57,5,5,9,6,13,158,48,30,29,159,143,110,108,40,37,0,129,108,78,2,11,33,57,142,73,60,27,81,79,37,124,40,85,17,17,159,156,23,153,102,79,43,66,108,87,36,141,24,21,20,39,50,17,25,29,146,71,19,157,120,76,159,77,64,19,118,20,37,158,80,84,51,140,95,151,25,100,83,81,158,36,36,87,80,72,31,53,124,59,76,44,156,73,59,36,141,109,95,85,67,46,39,37,121,116,39,78,46
144,107,109,136,61,69,153,63,165,107,58,56,117,143,56,132,61,176,54,114,121,58,81,86,150,54,134,167,57,51,54,161,163,51,92,99,99,113,46,47,100,127,143,53,45,52,72,90,93,50,44,55,105,124,43,43,45,74,142,71,114,126,131,133,53,84,85,132,39,111,109,120,133,138,37,39,123,136,166,36,99,156,160,75,138,37,101,36,41,87,88,93,140,42,33,97,108,33,34,38,74,128,165,59,157,158,169,95,123,151,36,60,74,96,160,24,75,108,123,39,33,69,141,168,22,52,121,138,49,83,102,104,25,19,19,107,44,26,91,103,39,92,124,148,20,31,51,114,125,20,109,115,30,16,16,79,82,35,45,153,60,30,14,33,51,72,128,129,136,134,142,29,81,99,158,30,14,19,21,89,166,129,0,21,51,129,140,162,72,13,56,69,102,48,50,166,7,90,44,114,144,31,28,150,25,28,52,87,65,24,44,96,16,110,115,117,166,83,125,149,154,22,62,138,31,19,57,34,57,70,130,22,134,160,34,56,52,86,24,43,30,129,41,57,59,37,110,154,55,62,69,125,91,31,85,68,106,40,73,88,141,36,44,55,64,81,107,122,139,39,41,143,71,158
125,91,92,117,70,61,134,58,145,90,67,60,99,124,56,113,54,157,54,96,103,70,66,70,131,65,115,147,70,51,50,141,143,60,75,82,81,95,51,47,82,107,123,46,45,44,57,72,75,64,45,45,86,104,44,43,42,58,122,55,94,106,111,113,42,66,67,112,46,92,89,100,113,118,45,38,103,116,146,43,80,136,140,57,118,35,81,49,33,68,69,74,119,58,32,77,88,45,31,30,56,107,144,42,136,137,148,75,103,131,25,41,55,76,139,31,55,87,103,57,23,50,120,148,35,34,100,118,31,63,81,83,43,34,21,87,26,15,71,82,21,71,103,127,14,15,31,93,104,39,88,94,50,34,13,58,61,16,25,132,39,50,34,13,31,51,107,108,115,113,121,50,60,78,137,51,35,4,3,68,145,108,21,0,30,108,119,141,51,34,35,48,81,27,29,145,17,69,24,93,123,51,49,129,46,10,31,66,44,10,24,75,34,89,94,96,145,63,104,128,133,40,42,117,51,19,38,53,37,50,109,20,113,139,52,37,34,65,37,27,47,108,28,39,41,54,90,134,38,44,50,105,71,32,65,51,86,55,55,69,121,45,35,41,47,63,87,102,119,37,36,122,54,138
100,71,72,93,90,61,108,64,118,70,87,76,76,98,68,88,59,129,66,73,79,93,53,55,104,87,89,119,93,65,59,114,115,81,55,60,59,70,69,62,60,81,96,51,60,50,44,52,54,88,62,46,62,78,61,59,55,43,95,42,69,79,84,85,43,46,47,85,67,66,64,74,85,90,67,53,76,88,117,64,55,107,111,38,90,50,56,74,43,45,45,49,91,85,50,51,61,71,47,40,34,79,115,29,107,108,119,49,74,102,35,25,31,49,110,55,31,59,74,85,36,27,91,118,62,20,71,88,19,35,52,54,71,62,46,58,19,34,42,53,21,42,73,97,38,26,13,63,74,68,58,64,80,63,39,29,32,19,11,102,11,80,63,20,7,22,77,78,85,83,91,80,30,48,107,81,65,32,30,38,115,78,51,30,0,78,89,111,21,64,5,18,51,4,3,115,46,39,9,63,93,81,78,99,75,25,8,37,16,31,13,45,63,59,64,66,115,34,74,98,103,69,17,87,80,44,16,82,17,24,80,42,84,110,81,20,21,38,64,26,75,79,31,25,25,81,62,104,28,28,30,76,45,52,41,33,59,81,36,45,92,68,43,36,35,41,61,75,91,52,48,94,38,109
61,72,71,60,157,111,60,120,63,69,155,142,62,56,130,56,115,67,129,60,57,163,85,80,53,157,51,59,165,130,120,55,56,150,70,64,63,54,137,128,61,47,46,111,127,111,84,67,64,161,129,104,54,45,129,126,121,80,43,82,47,42,41,41,102,68,67,40,139,46,47,41,38,38,139,122,39,37,50,136,52,43,45,72,35,119,48,148,110,58,57,53,33,160,121,48,40,145,118,109,68,30,45,83,38,39,47,47,28,34,106,79,64,44,38,129,63,34,25,162,108,68,25,44,138,83,21,21,85,51,34,32,148,139,122,29,89,109,42,31,94,40,15,23,115,102,81,21,14,145,24,19,157,140,116,52,49,95,85,26,70,158,141,97,78,57,7,7,10,8,14,158,48,30,29,159,143,110,108,40,37,2,129,108,78,0,11,33,57,142,73,60,27,81,79,37,124,39,85,16,16,159,156,22,153,102,78,43,66,107,87,35,140,23,20,18,38,49,15,24,28,146,71,17,157,120,76,159,77,63,17,117,18,36,157,80,84,51,140,95,151,23,99,82,80,157,34,35,87,79,72,29,52,124,58,75,43,156,72,57,34,140,109,94,84,66,45,37,36,121,116,37,77,45
62,79,77,63,168,120,59,130,60,75,165,152,67,57,140,59,124,61,139,66,61,174,94,89,52,167,53,54,175,140,130,52,52,161,78,72,71,60,147,138,69,51,46,121,137,121,94,76,73,171,140,114,62,49,139,137,131,89,42,92,53,46,44,43,112,77,76,42,149,53,54,46,40,39,150,132,44,38,43,146,60,38,39,82,36,130,56,158,121,68,67,62,32,171,132,57,48,156,129,120,78,34,37,94,32,33,39,56,34,28,117,90,74,53,31,140,73,42,31,173,119,78,23,35,148,94,28,19,96,62,44,42,159,150,133,38,100,120,52,41,105,51,22,16,126,113,92,30,21,156,34,29,168,151,127,63,60,106,96,16,81,169,152,108,89,68,14,13,8,8,5,169,59,41,18,170,154,121,119,51,26,11,140,119,89,11,0,22,68,153,84,71,38,92,90,26,135,50,96,27,7,170,167,12,164,113,89,54,77,118,98,46,151,33,29,27,28,60,21,16,19,157,81,15,168,131,86,170,88,74,20,128,19,27,168,90,94,61,151,105,162,26,110,92,91,168,42,29,97,89,82,33,61,134,68,85,50,166,82,67,33,151,119,104,94,76,52,42,35,131,126,36,87,40
69,94,93,72,188,140,63,150,59,91,186,172,81,64,161,69,144,54,160,81,75,195,113,107,56,188,64,51,196,161,151,51,50,182,97,89,89,75,168,159,86,64,53,141,158,142,114,95,91,193,161,135,79,63,161,158,152,109,49,112,69,59,56,55,133,97,96,54,171,70,71,61,52,48,171,154,58,48,37,168,79,37,36,102,45,151,75,180,142,87,87,82,41,193,153,77,67,178,150,141,99,48,30,115,30,30,29,76,50,30,138,111,95,73,25,162,94,62,48,194,141,100,33,23,170,116,47,31,117,83,65,63,181,172,155,59,122,142,74,62,127,72,41,21,148,135,114,51,40,178,55,49,190,173,149,85,82,128,118,13,103,191,174,130,111,90,35,34,27,29,21,191,81,63,6,192,176,143,141,73,5,33,162,141,111,33,22,0,90,175,106,93,60,114,112,6,157,72,118,48,19,192,189,14,186,135,111,75,98,140,119,68,173,54,50,48,13,81,40,20,17,179,103,29,190,153,108,192,109,96,37,150,34,19,190,112,116,82,172,127,183,42,131,114,112,190,61,28,118,111,103,49,81,156,88,106,69,188,102,87,41,173,140,125,114,96,70,57,44,152,147,43,108,38
85,63,64,79,107,70,91,76,101,61,104,93,65,83,83,74,70,111,81,61,65,111,54,53,87,105,74,101,112,81,73,96,97,99,49,51,50,57,86,78,50,66,79,64,77,64,47,45,46,107,78,58,50,62,78,75,71,44,77,44,54,63,67,68,55,41,41,68,86,51,49,57,67,72,86,70,59,70,98,83,42,88,92,36,72,67,42,93,59,35,35,37,72,105,68,38,45,90,65,57,31,61,95,37,87,88,99,35,56,82,53,32,26,33,90,74,25,41,55,106,55,25,71,98,82,32,51,68,32,21,34,36,92,83,66,38,35,53,24,34,39,24,53,76,59,46,27,43,54,89,38,44,101,84,60,13,14,39,30,82,16,101,84,41,22,8,57,58,64,62,70,101,10,27,86,102,86,53,51,17,94,57,72,51,21,57,68,90,0,85,16,3,30,24,22,94,67,18,28,42,72,102,99,78,96,46,22,17,11,51,30,25,84,39,44,46,94,16,54,77,82,89,18,66,100,64,23,102,24,16,59,61,63,89,101,28,31,23,84,41,95,59,46,32,31,101,43,84,37,32,28,57,31,69,30,32,42,100,33,34,72,86,57,45,39,34,45,56,72,68,64,75,38,90
156,119,121,149,61,78,166,70,177,120,58,59,130,156,62,145,69,189,60,127,134,56,92,97,163,53,147,180,54,56,62,174,176,51,104,112,111,126,50,53,113,140,156,62,51,61,84,102,106,47,49,65,118,137,48,50,53,86,155,83,127,139,144,145,64,97,98,145,42,124,122,133,146,151,40,47,136,149,179,40,112,169,173,87,152,46,114,35,51,100,101,106,153,36,41,110,121,32,43,49,87,141,178,71,170,171,182,108,136,165,47,72,87,109,173,30,88,121,136,31,44,82,154,182,24,65,134,151,62,96,115,117,20,19,28,121,57,38,104,116,52,105,137,161,32,44,64,127,138,14,122,128,20,13,29,92,95,48,58,166,73,18,9,46,65,85,141,142,149,147,155,17,94,112,171,18,5,32,34,102,179,142,13,34,64,142,153,175,85,0,69,82,115,61,63,179,18,103,57,127,157,18,15,163,13,40,64,100,77,36,57,108,9,122,127,129,178,96,138,161,166,13,74,151,20,27,69,22,69,82,143,31,147,173,23,67,64,98,20,54,22,142,51,68,70,27,122,167,65,73,80,137,103,36,96,79,118,33,84,100,153,34,51,64,74,92,119,134,152,43,47,155,82,171
97,70,71,91,95,65,105,68,115,69,92,81,75,96,73,86,63,125,71,71,76,98,54,55,101,92,86,116,99,70,63,110,112,86,55,59,58,68,74,66,58,78,92,55,65,54,46,51,53,94,67,50,60,75,66,64,59,44,91,43,66,76,80,82,47,46,46,82,73,63,61,70,81,87,72,58,72,85,113,69,52,103,107,38,86,55,53,79,47,43,44,47,87,90,55,49,57,76,52,45,34,75,111,31,103,104,114,46,70,97,40,27,30,46,106,60,30,55,70,91,41,27,87,114,67,23,66,84,22,32,48,50,76,68,52,53,23,39,38,49,26,38,69,92,44,32,17,59,70,73,54,60,85,68,45,25,28,25,16,98,10,85,69,26,10,18,73,74,81,78,86,85,26,43,102,86,70,37,35,33,110,73,56,35,5,73,84,106,16,69,0,13,46,8,6,110,51,34,13,58,88,86,83,94,80,30,8,32,11,35,15,40,68,54,59,61,110,29,69,93,98,73,14,82,84,48,14,86,15,19,75,46,79,104,85,18,21,33,68,28,79,74,33,24,23,85,56,99,28,26,27,71,40,55,36,29,54,85,32,40,87,71,45,36,33,37,56,69,86,54,50,89,35,104
88,65,66,82,105,70,94,75,104,63,102,91,67,86,81,76,69,114,80,64,68,109,54,54,90,103,76,104,110,79,71,99,100,97,51,53,52,60,84,76,52,69,82,62,75,62,48,47,48,105,77,57,52,65,76,74,69,45,80,44,57,66,70,71,54,42,42,71,84,54,52,60,70,75,84,68,62,73,101,81,44,91,95,37,75,65,44,91,57,37,37,39,75,102,66,40,47,88,63,55,32,64,98,36,90,91,102,37,59,85,51,31,27,36,93,72,26,44,58,103,52,25,74,101,79,30,54,71,30,23,37,39,89,80,64,42,33,51,27,37,37,27,56,80,56,44,25,46,57,86,41,47,98,81,57,15,17,37,27,85,14,98,81,38,20,9,60,61,68,65,73,98,13,31,89,99,83,50,48,21,97,60,69,48,18,60,71,93,3,82,13,0,33,21,19,97,64,21,25,45,75,99,96,81,93,42,19,19,9,48,27,27,81,41,46,48,97,18,56,80,85,86,16,69,97,61,20,99,21,15,62,58,66,92,98,25,28,24,81,38,91,62,43,29,28,98,45,86,34,30,27,59,32,66,30,30,44,97,31,34,75,83,54,43,37,33,46,58,74,65,60,77,36,92
69,63,63,65,134,91,72,98,79,60,131,118,58,65,107,60,93,87,106,55,55,139,67,64,67,132,57,78,140,107,97,73,74,126,55,52,51,49,113,104,50,51,58,88,103,88,64,52,50,136,105,82,45,47,105,102,97,60,56,62,43,46,48,49,79,50,50,48,114,41,40,42,47,51,114,97,42,49,72,111,39,63,66,52,49,94,37,122,85,41,40,38,48,134,96,34,33,119,93,84,47,39,68,60,61,61,71,32,34,55,81,55,42,28,62,103,40,26,32,135,83,45,45,69,111,58,27,41,59,29,20,20,121,113,96,19,64,83,21,17,68,19,26,48,88,76,55,19,27,119,15,18,131,114,90,27,24,69,59,52,44,131,114,71,52,31,28,28,35,33,41,131,22,7,56,132,116,83,81,14,64,27,102,81,51,27,38,60,30,115,46,33,0,54,52,64,97,12,58,13,42,132,129,48,126,75,51,16,39,80,60,11,113,12,16,18,64,23,25,48,52,119,44,37,130,93,49,132,50,37,31,90,35,59,130,53,57,27,113,68,124,33,73,56,54,130,25,55,61,54,47,33,31,97,36,50,30,129,48,37,47,114,83,68,59,44,33,36,47,94,90,50,54,63
104,75,76,97,90,63,112,66,122,74,86,77,81,103,69,92,60,133,67,77,83,92,57,59,108,86,93,123,93,66,60,118,119,80,59,64,63,74,69,62,64,85,100,52,60,51,48,56,58,87,62,48,66,82,61,59,55,47,99,45,73,84,88,90,45,50,51,89,67,70,68,78,89,94,66,53,80,92,121,63,59,111,115,42,94,50,60,73,43,49,50,53,95,83,50,56,65,69,47,41,39,83,119,32,111,112,122,53,78,105,36,29,36,53,114,53,35,63,78,83,36,31,95,122,60,23,74,92,21,39,56,58,69,60,45,61,20,32,46,57,21,46,77,100,37,26,16,67,78,66,62,68,77,61,37,33,35,18,13,106,16,78,61,19,10,26,81,82,89,86,94,77,34,51,110,78,62,30,28,41,118,81,48,27,4,81,92,114,24,61,8,21,54,0,2,118,43,42,5,66,96,78,75,102,72,22,6,39,17,27,9,48,60,62,67,69,117,36,77,101,106,65,17,90,76,40,15,78,15,24,82,38,86,112,77,17,18,39,60,22,71,81,27,22,23,77,63,107,25,26,29,78,46,47,41,31,60,77,34,45,94,64,39,33,32,41,62,76,93,47,44,96,36,111
102,74,75,96,91,64,110,66,121,73,88,78,79,101,70,91,61,131,68,76,81,94,56,58,106,88,92,122,94,67,61,116,118,82,58,63,62,73,70,63,63,84,98,53,62,52,48,55,57,89,63,49,65,80,62,60,56,46,97,45,71,82,86,88,46,49,50,87,68,68,66,76,87,93,68,54,78,90,119,65,57,109,113,41,92,51,58,74,44,48,48,52,93,85,51,54,63,71,48,42,38,81,117,32,109,110,120,51,76,103,37,28,34,51,112,55,34,61,76,85,37,30,93,120,62,23,72,90,21,37,54,56,71,62,47,59,21,34,44,55,22,44,75,98,38,27,16,65,76,68,60,66,79,63,39,31,34,20,13,104,14,80,63,21,10,24,79,80,87,84,92,79,32,49,108,80,64,32,30,39,116,79,50,29,3,79,90,112,22,63,6,19,52,2,0,116,45,40,7,64,94,80,77,100,74,24,5,37,15,29,10,46,62,60,65,67,115,34,75,99,104,67,16,88,78,42,14,80,15,23,80,40,84,110,79,17,18,38,62,23,73,80,28,22,22,79,61,105,25,25,28,76,44,49,40,30,59,79,34,44,92,65,40,33,32,39,60,74,91,49,45,94,36,109
74,100,99,78,194,145,68,155,63,97,191,177,87,69,166,75,150,58,165,86,81,200,118,113,61,193,69,55,201,166,156,56,55,187,102,95,94,81,173,164,92,69,59,146,163,147,119,100,97,198,166,140,84,69,166,163,157,115,55,117,75,65,62,60,138,102,101,59,175,75,77,67,57,53,176,158,64,54,41,173,84,42,41,107,50,156,81,185,147,93,92,87,47,197,158,82,72,182,155,146,104,54,34,120,35,35,33,82,55,35,143,116,100,79,30,166,99,67,53,199,146,105,38,26,175,120,52,37,122,88,70,68,185,176,159,64,127,146,78,67,131,77,47,26,152,139,118,56,45,183,60,54,195,178,154,89,86,133,123,18,108,195,178,134,116,95,40,39,32,34,26,195,85,67,11,196,180,147,145,77,7,37,166,145,115,37,26,6,94,179,110,97,64,118,116,0,161,76,122,52,22,196,193,16,190,139,115,79,102,144,123,71,177,58,53,51,9,85,43,21,16,182,107,31,193,156,112,195,113,99,39,154,36,17,194,115,119,85,176,130,187,43,135,117,115,193,63,26,121,114,106,50,84,159,91,108,71,191,105,89,41,176,143,128,117,98,72,58,44,155,150,43,110,35
141,106,108,134,68,71,150,66,162,106,64,61,115,141,60,130,63,173,58,112,119,65,81,85,147,61,132,164,64,55,57,158,160,57,90,98,97,111,51,51,98,124,140,55,49,54,71,88,91,57,48,56,103,121,47,47,48,73,139,70,111,123,128,129,54,82,83,129,45,108,106,117,129,135,43,43,120,133,163,42,96,153,156,73,135,40,98,43,42,85,86,90,136,49,37,94,104,39,36,40,72,124,161,57,153,154,165,92,119,148,37,57,72,93,156,29,72,104,120,46,33,66,137,164,29,50,116,134,47,79,98,100,32,26,22,103,42,26,87,99,36,88,120,143,21,29,48,109,120,27,104,110,37,23,17,75,77,32,41,149,56,36,21,30,48,68,124,125,132,129,137,35,77,94,153,36,21,16,18,84,161,124,7,17,46,124,135,157,67,18,51,64,97,43,45,161,0,85,39,109,139,35,32,145,29,22,46,82,59,18,38,90,17,104,109,111,160,78,119,143,148,23,56,132,34,12,51,36,50,64,125,15,129,155,35,49,46,80,22,36,31,123,34,50,52,37,104,148,48,55,62,119,84,25,78,62,100,40,66,82,135,32,37,48,57,74,101,116,133,32,34,137,64,152
77,65,65,72,125,84,82,91,90,62,121,110,62,74,99,67,86,98,98,59,61,129,64,61,76,123,66,89,130,98,89,84,85,116,54,53,52,54,103,95,51,58,68,80,94,80,59,50,50,126,96,74,48,55,95,93,88,55,66,56,49,54,57,58,71,48,47,58,104,46,45,49,57,61,104,88,50,59,83,101,41,74,78,47,59,85,39,112,76,39,39,38,59,123,86,36,38,109,83,75,41,49,80,52,72,73,83,33,44,67,71,47,36,30,74,93,35,33,42,124,73,38,56,82,100,49,38,53,50,25,25,26,110,101,85,27,53,72,20,23,57,19,38,60,77,65,45,29,38,107,25,29,119,102,78,19,17,58,48,65,34,120,103,59,41,22,40,41,48,45,53,119,13,13,69,120,104,71,69,8,76,40,90,69,39,39,50,72,18,103,34,21,12,42,40,76,85,0,46,24,54,120,117,60,114,63,39,4,26,68,47,7,101,20,25,27,75,12,35,59,64,106,32,48,118,81,37,120,38,25,41,78,45,70,118,41,45,17,100,56,111,41,60,44,42,118,27,65,49,42,35,39,24,85,27,39,29,116,38,29,55,102,71,57,48,34,32,40,54,82,77,57,43,72
109,80,81,102,89,66,117,67,127,79,86,77,86,108,69,97,62,138,68,82,88,91,61,63,113,85,98,128,91,66,61,123,124,79,64,69,68,79,68,62,69,90,105,53,60,53,52,60,63,85,61,50,71,87,61,59,56,51,104,49,78,89,93,95,47,55,55,94,66,75,73,83,94,99,65,53,85,97,126,62,64,116,120,47,99,49,65,71,44,54,54,58,100,81,49,61,70,67,46,41,43,88,123,36,115,116,127,58,83,110,36,33,40,58,118,52,40,68,83,80,36,36,99,126,58,26,79,96,24,44,61,63,66,58,43,66,22,31,51,62,22,51,81,105,35,25,20,72,82,63,66,72,74,58,35,38,40,18,15,110,21,74,57,18,15,31,85,86,93,91,99,74,38,56,114,75,59,27,25,46,122,85,44,24,9,85,96,118,28,57,13,25,58,5,7,122,39,46,0,70,100,74,71,106,68,17,7,43,20,22,4,51,55,65,70,72,121,39,80,104,109,61,18,93,72,35,15,74,15,26,86,33,90,116,72,16,16,42,55,17,66,85,22,20,21,73,66,110,22,25,29,81,48,42,42,30,63,72,34,47,97,59,34,29,30,41,64,79,96,42,39,99,35,114
69,71,70,66,146,102,70,110,75,67,143,131,63,65,120,61,105,81,119,60,59,152,78,74,64,145,58,73,153,119,109,68,69,138,65,60,59,54,125,116,58,52,56,100,115,100,76,62,59,148,118,94,52,49,117,115,109,72,53,73,48,47,48,49,91,61,60,48,126,46,46,44,46,48,127,110,43,46,64,123,47,57,59,63,46,107,44,135,98,51,50,47,44,147,109,43,39,132,105,97,58,37,60,72,53,54,63,41,34,48,93,68,54,37,54,116,52,31,31,148,96,57,38,60,124,71,25,34,72,41,28,27,134,125,108,24,76,95,32,24,81,30,22,39,101,88,68,19,21,131,19,18,143,126,102,39,37,81,72,42,57,144,127,83,64,44,19,20,26,23,30,143,34,18,45,144,128,95,93,27,53,17,114,93,63,16,27,48,42,127,58,45,13,66,64,52,109,24,70,0,30,144,141,36,138,87,63,27,50,92,71,19,125,8,7,7,51,33,13,35,40,130,55,25,141,104,60,143,61,47,19,102,22,47,142,64,68,34,124,79,135,21,83,66,64,141,21,43,71,63,56,23,36,108,42,59,29,140,56,42,35,124,93,78,68,50,32,29,36,104,100,38,61,51
68,86,85,70,174,127,65,136,65,82,171,158,74,63,146,66,131,65,145,73,69,180,100,96,58,173,60,59,181,146,136,57,57,166,85,79,78,67,153,144,76,58,53,127,143,127,100,83,80,177,145,120,69,56,145,142,137,96,49,98,60,53,51,50,118,84,83,49,155,60,61,53,47,45,155,138,51,45,47,152,67,43,44,88,42,135,63,164,126,74,73,69,39,176,137,64,55,161,134,125,84,41,40,99,36,37,41,63,41,33,122,95,80,60,34,145,79,49,38,177,124,84,29,36,153,99,35,26,101,67,50,48,164,155,138,44,105,125,58,47,110,57,29,20,130,118,97,36,28,161,40,35,173,156,132,68,65,111,101,17,86,173,157,113,94,73,21,20,15,16,11,173,64,46,17,174,158,125,123,56,24,17,144,123,93,16,7,19,72,157,88,75,42,96,94,22,139,54,100,30,0,174,171,6,168,117,93,57,80,122,101,49,155,36,31,29,22,63,22,9,12,160,84,11,171,134,90,173,91,77,19,132,16,20,172,93,97,63,154,108,165,24,113,95,93,171,42,22,99,92,84,31,62,137,69,87,50,169,83,68,28,154,122,106,96,77,52,40,30,133,129,31,89,33
174,137,138,166,67,93,183,85,195,137,65,69,147,174,74,162,84,207,73,144,151,59,109,114,181,59,165,198,57,69,76,192,194,59,121,129,129,144,61,66,130,157,173,78,65,76,101,119,123,50,62,81,136,154,61,63,67,103,173,100,144,157,161,163,80,114,115,163,53,142,139,151,163,169,51,62,153,167,197,51,129,187,191,105,169,61,132,43,67,118,119,124,171,38,57,128,138,41,58,65,105,158,196,89,187,188,199,126,154,182,64,90,105,127,191,45,106,139,154,30,61,100,172,199,36,83,151,169,80,114,132,134,27,32,45,138,75,56,122,134,69,123,154,178,49,61,81,144,155,24,139,145,18,26,46,109,112,66,76,184,90,14,23,64,82,103,159,160,167,165,172,11,112,129,188,10,19,50,52,119,196,159,31,51,81,159,170,192,102,18,86,99,132,78,80,196,35,120,74,144,174,0,3,180,6,57,81,117,94,52,73,125,19,139,144,146,195,112,154,178,183,16,90,167,9,41,85,10,85,99,159,44,163,189,13,83,79,114,26,69,19,158,66,83,85,19,138,183,80,88,95,153,118,45,111,94,133,27,98,115,169,36,63,77,88,107,134,150,167,53,57,170,96,186
171,134,136,163,67,91,180,83,192,134,64,68,144,171,73,160,82,204,71,141,149,59,107,112,178,59,162,195,57,67,74,189,191,58,119,127,126,141,59,65,128,154,170,76,63,74,98,117,120,50,60,79,133,151,60,61,65,101,170,98,141,154,158,160,78,111,112,160,51,139,137,148,160,166,49,59,151,164,194,50,127,184,188,102,166,59,129,42,65,115,116,121,168,38,54,125,135,40,56,63,102,155,193,86,185,186,196,123,151,179,62,87,102,124,188,42,103,136,151,30,58,97,169,196,34,80,148,166,77,111,129,131,26,30,42,135,72,53,119,131,66,120,151,175,47,59,79,141,152,22,136,142,18,24,43,106,109,63,73,181,87,14,21,61,79,100,156,157,164,162,169,11,109,126,185,10,16,47,49,116,193,156,28,49,78,156,167,189,99,15,83,96,129,75,77,193,32,117,71,141,171,3,0,177,3,54,78,114,91,49,70,122,16,136,141,143,192,109,151,175,180,14,87,164,9,38,82,10,82,96,156,41,160,186,13,80,76,111,23,66,17,155,63,80,82,19,135,180,77,85,92,150,115,43,108,91,130,26,96,112,166,34,60,74,85,104,131,147,164,50,54,168,93,183
71,91,89,73,180,133,67,142,65,87,177,164,79,66,152,69,136,64,151,77,73,186,106,101,60,179,64,59,187,152,142,57,57,172,91,84,83,72,159,150,81,62,55,133,149,133,106,88,85,183,151,126,74,60,151,148,143,102,51,104,65,57,55,54,124,89,89,53,161,65,66,58,51,48,161,144,55,48,46,158,72,43,43,94,45,141,69,170,132,80,79,75,41,182,143,69,60,167,140,131,90,45,39,105,36,36,39,69,45,34,128,101,86,65,33,151,85,55,42,183,130,90,32,34,159,106,40,29,107,73,56,54,170,161,144,50,111,131,64,53,116,63,34,21,136,124,103,42,33,167,46,41,179,162,138,74,71,117,107,16,92,180,163,119,100,79,26,25,20,21,14,179,70,52,14,180,164,131,129,62,19,23,150,129,99,22,12,14,78,163,94,81,48,102,100,16,145,60,106,36,6,180,177,0,174,123,99,63,86,128,107,55,161,41,36,35,16,68,27,7,8,166,90,15,177,140,95,179,97,83,23,137,20,15,177,99,103,68,160,114,171,28,118,101,99,177,47,19,105,97,89,35,68,143,75,92,55,175,89,73,29,159,127,112,101,82,56,43,32,139,134,31,94,30
169,132,134,161,67,89,178,82,190,132,65,68,142,169,72,157,81,202,70,139,146,60,105,110,176,59,159,192,58,67,73,186,188,58,116,124,124,138,59,64,125,152,168,74,62,73,96,114,118,51,60,77,130,149,59,60,64,99,168,96,139,151,156,158,76,109,110,157,51,136,134,145,158,164,49,58,148,161,191,49,124,181,185,100,164,57,126,42,63,113,114,118,165,39,53,122,133,40,54,61,100,153,190,84,182,183,194,121,148,177,60,85,100,122,185,41,100,133,148,32,56,94,166,193,34,77,146,163,75,108,127,129,26,29,41,132,69,51,116,128,64,117,149,172,44,56,76,139,149,22,134,139,19,23,41,104,107,60,70,178,85,16,19,58,76,97,153,154,161,159,167,13,106,124,182,13,15,44,46,114,190,153,25,46,75,153,164,186,96,13,80,93,126,72,74,190,29,114,68,138,168,6,3,174,0,51,75,111,88,46,67,119,13,133,138,140,189,106,148,172,177,11,84,161,9,35,79,10,79,92,153,38,157,183,12,77,73,108,21,63,16,152,59,77,79,18,132,177,74,81,89,147,112,40,105,88,127,25,92,109,163,32,57,71,82,101,128,144,161,47,51,164,90,180
124,92,93,117,80,67,132,66,143,91,77,70,99,123,65,112,62,154,63,96,102,80,69,73,129,75,114,145,80,61,58,139,141,70,76,82,81,94,60,57,82,106,121,53,55,52,60,73,76,74,55,51,86,103,54,53,51,60,120,58,93,104,109,110,49,67,68,110,56,90,88,98,110,116,55,47,101,113,142,53,78,133,136,58,115,44,80,59,41,68,69,73,116,67,42,76,85,55,40,38,56,104,140,44,132,133,144,73,99,127,33,43,54,74,135,41,54,84,99,66,31,49,116,143,45,35,96,113,32,60,77,79,51,44,31,83,28,24,67,78,24,68,98,122,24,21,30,89,99,47,83,89,58,42,23,54,57,18,24,127,36,58,42,16,28,47,102,103,110,108,116,57,55,73,132,58,42,14,13,63,139,102,28,10,25,102,113,135,46,40,30,42,75,22,24,139,22,63,17,87,117,57,54,123,51,0,24,60,37,5,16,68,38,82,87,89,138,55,97,121,126,44,34,110,55,19,29,57,28,42,102,17,106,132,55,28,25,57,39,17,49,101,18,29,31,56,82,126,28,34,41,97,63,28,56,41,78,56,45,60,113,43,27,31,37,53,79,94,111,31,29,114,45,130
105,78,79,98,95,69,112,71,122,76,92,82,82,103,75,93,66,132,73,79,84,98,61,62,108,92,94,123,98,72,66,117,119,86,62,67,66,76,74,68,66,86,100,58,66,57,52,59,61,92,67,54,68,83,67,65,61,51,99,49,74,84,88,90,51,53,54,89,72,71,69,78,89,94,72,59,80,92,120,69,60,110,114,46,93,55,61,78,49,51,51,55,94,88,55,57,65,74,52,47,42,82,117,37,109,110,121,54,77,104,41,33,38,53,112,59,38,63,77,88,42,34,93,120,65,28,73,90,26,40,55,57,73,65,50,60,26,38,45,56,27,46,75,98,42,31,21,65,76,70,60,66,81,65,42,32,35,24,18,103,18,81,65,24,15,26,78,79,86,84,92,81,32,49,108,82,66,34,32,40,116,79,52,31,8,78,89,111,22,64,8,19,51,6,5,115,46,39,7,63,93,81,78,99,75,24,0,36,13,29,8,44,62,58,63,65,114,32,73,97,102,67,11,86,78,42,9,81,9,19,79,39,83,109,79,12,13,35,62,20,73,77,25,17,17,79,59,103,20,20,23,74,41,47,36,25,55,78,29,40,90,64,37,28,27,35,57,71,88,46,43,91,31,107
81,68,68,76,124,85,86,91,94,65,120,109,66,78,99,71,86,102,97,63,65,128,65,63,81,121,70,93,129,97,89,88,89,115,57,56,55,57,102,94,54,62,72,79,93,79,60,53,52,124,95,74,52,59,94,92,87,56,70,57,53,59,61,63,71,50,49,62,102,50,48,53,61,65,102,87,54,63,87,99,44,78,82,48,64,83,43,110,75,41,41,41,63,121,85,39,42,107,81,74,42,53,84,52,77,77,87,36,48,71,69,47,37,34,78,91,36,37,47,122,71,38,61,85,98,48,42,57,49,27,29,30,108,99,83,31,52,70,23,27,56,22,42,64,75,63,43,33,43,105,29,34,117,100,76,20,19,56,46,68,32,117,100,57,39,21,44,45,51,49,57,117,13,17,72,118,102,69,67,11,80,43,87,66,37,43,54,75,17,100,32,19,16,39,37,79,82,4,43,27,57,117,114,63,111,60,36,0,23,65,44,8,98,22,27,29,78,8,37,61,66,103,28,50,114,77,33,116,34,21,43,75,47,73,115,37,41,14,97,52,108,43,57,40,38,114,27,67,45,38,31,40,21,81,23,35,28,113,33,25,56,98,67,52,43,30,30,40,55,78,74,58,39,73
96,73,74,90,106,74,103,78,112,71,102,92,76,94,83,85,73,122,82,72,77,109,61,61,98,102,85,112,109,81,74,107,108,96,59,61,61,68,84,77,60,77,90,65,76,65,53,55,56,104,77,60,61,74,76,74,70,51,88,50,65,74,78,80,57,50,50,79,83,62,60,69,79,83,83,69,70,81,108,80,53,99,102,44,83,65,53,89,58,45,46,48,83,100,66,49,56,86,63,56,39,72,105,40,98,99,109,46,67,92,51,35,35,45,100,70,34,53,66,100,52,32,82,108,77,33,62,78,32,32,45,47,86,77,62,49,34,49,35,45,36,35,63,86,54,42,27,54,64,83,49,54,94,78,54,24,25,35,27,91,18,94,78,36,21,18,66,67,74,72,79,94,21,37,95,95,79,47,45,28,103,66,65,44,16,66,77,98,11,77,11,9,39,17,15,102,59,26,20,50,80,94,91,86,88,37,13,23,0,42,21,31,75,45,50,52,101,19,60,84,89,80,7,73,91,54,11,93,13,9,65,52,70,96,92,16,20,22,74,30,85,65,35,21,19,92,46,90,25,21,19,61,30,59,26,22,44,90,24,30,77,76,46,34,28,28,45,59,76,57,52,79,28,94
129,97,98,122,79,70,138,68,148,96,76,70,104,128,66,118,64,159,64,101,107,78,74,77,134,73,119,150,78,61,60,144,146,69,81,87,86,99,60,57,87,111,126,55,55,54,64,78,81,72,55,54,91,108,54,53,52,65,125,62,98,110,114,116,52,72,73,115,55,96,93,104,115,121,54,48,106,119,148,52,84,138,142,63,121,45,85,57,43,73,74,78,121,65,42,81,91,53,41,40,61,110,146,49,138,139,149,79,105,132,35,47,59,79,140,39,60,90,105,62,33,54,122,148,42,40,101,119,37,65,83,85,48,41,30,88,32,25,72,84,28,73,104,127,24,24,35,94,105,44,89,95,54,39,22,59,62,22,29,132,41,54,38,20,34,53,107,108,115,113,121,53,61,78,137,54,38,13,13,68,145,108,24,10,31,107,118,140,51,36,35,48,80,27,29,144,18,68,22,92,122,52,49,128,46,5,29,65,42,0,21,73,33,87,92,94,143,60,102,126,131,38,38,115,49,13,34,51,33,47,107,12,111,137,50,32,28,62,33,19,44,106,19,33,34,51,86,131,31,38,45,102,67,24,60,44,82,51,49,64,117,38,25,32,40,57,83,98,116,27,26,119,47,135
112,84,85,106,91,69,120,71,130,82,88,79,89,111,72,101,66,140,71,86,91,93,65,67,116,87,101,131,93,69,64,125,127,81,68,73,72,83,71,65,72,94,108,57,63,56,56,64,67,87,64,54,75,90,63,62,59,55,107,53,81,92,96,97,51,59,59,97,68,78,76,86,97,102,67,56,88,100,128,64,67,118,122,51,102,52,68,72,47,57,58,62,102,82,51,64,73,69,49,44,47,90,126,40,118,119,129,61,85,112,39,37,44,61,120,53,44,71,85,81,39,40,102,128,59,30,81,98,28,47,64,65,67,59,44,69,26,33,53,64,25,54,84,107,36,27,24,74,84,63,69,74,74,58,36,40,43,21,19,112,24,74,58,20,19,34,87,88,95,92,100,73,40,58,116,74,58,27,26,48,124,87,44,24,13,87,98,119,30,57,15,27,60,9,10,123,38,47,4,71,101,73,70,107,67,16,8,44,21,21,0,52,54,66,71,73,122,39,81,105,110,59,18,94,70,34,13,72,13,26,86,31,90,116,71,13,12,41,53,13,64,85,18,17,18,71,66,110,18,22,27,81,47,39,41,28,62,70,32,45,97,56,30,25,27,39,63,78,95,39,35,98,32,114
79,70,70,75,132,91,83,98,90,67,128,116,66,76,106,70,93,97,105,63,65,136,70,68,77,129,68,88,137,105,96,83,85,123,60,59,58,58,110,102,56,61,69,87,101,87,66,57,56,132,103,81,53,57,102,100,95,62,66,63,52,56,59,60,78,54,54,59,110,50,49,52,58,61,110,95,52,59,82,107,46,73,76,54,60,91,44,118,83,45,45,44,59,130,93,41,42,115,89,81,48,49,78,59,71,72,81,38,45,65,77,54,43,35,72,99,42,35,43,130,79,45,55,79,107,56,38,51,56,31,28,29,116,107,91,29,60,78,25,26,64,24,37,57,83,71,51,29,37,113,26,29,125,108,84,26,24,64,54,61,40,125,108,65,47,29,37,38,44,42,49,125,20,15,65,126,110,77,75,14,72,36,96,75,45,35,46,68,25,108,40,27,11,48,46,71,90,7,51,19,49,125,122,55,119,68,44,8,31,73,52,0,106,14,19,21,70,14,29,53,58,111,35,42,122,85,40,124,42,28,35,82,39,65,122,44,48,16,105,59,116,35,64,46,45,122,20,59,51,44,37,32,21,88,26,40,23,120,38,26,48,105,73,59,49,33,26,33,47,85,80,50,43,65
158,123,124,151,70,84,167,77,179,123,67,68,132,158,70,147,76,190,68,129,136,65,96,101,165,63,149,181,63,64,68,175,177,60,107,114,114,128,58,61,115,141,157,68,59,67,87,105,108,56,57,70,120,138,56,57,59,89,156,86,128,140,145,147,69,99,100,146,50,125,123,134,146,152,48,54,137,150,180,48,113,170,173,90,152,52,115,44,56,102,103,107,153,45,48,111,121,41,49,54,89,141,178,74,170,171,181,109,136,164,52,74,89,110,173,37,89,121,137,39,48,83,154,181,32,67,133,151,64,96,115,117,29,28,34,120,59,41,104,116,53,105,136,160,35,46,65,126,137,24,121,127,28,22,32,91,94,49,59,165,73,25,18,47,65,85,140,141,148,146,154,23,93,111,170,24,14,33,35,101,178,141,16,34,63,140,151,173,84,9,68,81,113,60,62,177,17,101,55,125,155,19,16,161,13,38,62,98,75,33,54,106,0,120,125,127,176,93,135,159,164,6,71,148,17,22,66,19,65,79,140,25,144,170,18,64,60,95,11,49,15,139,46,64,66,21,119,164,60,68,76,134,99,28,92,75,114,25,79,96,150,24,44,58,68,87,115,130,148,35,39,151,77,167
76,75,74,73,145,103,78,110,83,71,141,129,68,72,119,68,104,89,118,65,65,149,79,76,72,143,65,80,150,118,108,76,77,136,68,64,63,59,123,115,61,59,64,99,114,99,76,64,62,146,116,93,57,55,115,113,108,72,60,74,53,54,55,56,90,63,62,55,124,51,50,50,53,55,124,108,50,54,72,121,51,64,67,64,53,105,48,132,96,53,52,50,52,144,106,46,43,129,103,95,59,45,68,71,61,62,70,44,41,56,91,66,54,40,61,113,52,36,38,144,93,56,46,67,121,69,33,42,70,41,31,31,130,122,105,29,74,92,33,28,77,32,30,46,97,85,65,25,29,127,24,25,139,122,98,38,36,78,68,49,54,139,122,79,61,42,27,28,33,31,37,139,32,19,52,140,124,91,89,25,59,24,110,89,59,23,33,54,39,122,54,41,12,62,60,58,104,20,65,8,36,139,136,41,133,82,58,22,45,87,66,14,120,0,5,7,56,27,15,39,44,125,49,28,136,99,54,138,55,41,21,96,25,50,136,58,62,28,118,73,129,21,77,59,57,136,14,45,64,56,49,21,29,102,35,52,22,134,49,34,35,118,86,71,61,43,24,24,35,98,93,38,54,51
76,77,77,73,149,107,77,115,81,74,146,134,70,71,123,68,109,86,122,67,66,154,83,80,70,148,65,78,155,122,113,74,75,141,71,67,66,61,128,120,64,59,63,104,119,104,81,67,65,151,121,98,59,56,120,118,112,76,59,78,55,54,55,55,95,66,66,54,129,53,52,51,53,54,129,113,50,53,69,126,54,62,65,68,52,110,51,137,101,57,56,53,50,149,111,49,45,134,108,100,63,44,64,76,58,59,67,47,40,53,96,71,58,43,58,118,57,38,38,149,98,61,44,64,126,74,32,39,75,45,34,33,135,127,110,31,79,97,37,30,83,35,28,43,102,90,70,26,28,132,26,25,144,127,104,43,40,83,73,45,59,144,128,84,66,47,24,25,30,28,33,144,37,23,47,145,129,96,94,30,54,21,115,94,64,20,29,50,44,127,59,46,16,67,65,53,109,25,70,7,31,144,141,36,138,87,63,27,50,92,71,19,125,5,0,2,51,32,10,34,39,130,54,23,141,104,59,143,60,46,16,101,20,45,141,62,66,32,123,78,134,16,82,64,62,141,15,40,69,61,53,17,32,106,39,56,23,138,53,38,30,123,91,75,65,47,26,22,30,103,98,33,58,47
75,78,77,73,151,108,76,116,81,74,148,136,70,71,125,68,111,85,124,68,66,156,85,81,70,149,64,77,157,124,115,73,74,143,72,68,67,61,130,121,65,59,62,105,120,106,82,69,66,153,123,99,59,56,122,119,114,78,59,79,55,54,55,55,97,68,67,54,131,53,53,51,52,54,131,114,50,52,68,128,55,61,63,69,51,111,51,139,103,58,57,54,49,151,113,50,46,136,110,102,64,44,63,77,57,57,65,48,40,52,98,73,60,44,57,120,58,39,37,151,100,62,43,62,128,76,32,38,77,47,35,34,137,129,112,32,80,99,38,31,84,37,28,41,104,92,72,26,27,134,26,25,146,129,106,44,42,85,75,43,61,146,130,86,68,48,23,24,28,26,32,146,39,24,45,147,131,98,96,31,52,20,117,96,66,18,27,48,46,129,61,48,18,69,67,51,111,27,72,7,29,146,143,35,140,89,65,29,52,94,73,21,127,7,2,0,49,34,8,32,37,132,56,21,143,106,61,145,62,48,14,103,18,43,143,64,68,34,125,80,136,15,84,66,64,143,16,38,71,63,55,16,34,108,41,58,24,140,55,39,29,125,93,77,67,48,27,22,29,105,100,32,60,45
82,105,104,85,196,149,76,158,72,102,193,180,93,76,168,82,153,67,168,92,87,202,122,117,69,195,76,64,203,168,158,64,64,188,106,99,98,86,175,166,96,75,66,149,165,149,122,104,101,199,168,142,89,74,167,164,159,118,62,120,80,71,68,67,140,105,104,66,177,80,81,72,64,60,177,160,69,60,50,174,88,51,50,110,57,157,84,186,148,96,95,91,54,198,159,85,76,183,156,147,106,59,43,121,43,43,42,85,60,43,144,117,102,81,39,167,101,70,57,199,146,106,44,35,175,122,56,43,123,90,72,70,185,177,160,66,127,147,80,69,132,79,50,32,152,139,119,58,49,183,62,57,194,178,154,90,87,133,123,25,108,195,178,134,116,95,42,41,35,36,29,195,86,68,18,196,180,147,145,78,16,39,166,145,115,38,28,13,94,178,110,97,64,117,115,9,160,75,121,51,22,195,192,16,189,138,114,78,101,143,122,70,176,56,51,49,0,83,41,17,12,181,105,28,192,155,110,194,111,97,36,152,32,8,192,113,117,82,174,128,185,39,133,115,113,191,59,18,119,111,103,46,81,157,88,106,67,189,102,85,34,173,141,125,114,95,68,53,37,153,148,35,107,26
89,74,75,84,123,87,94,92,102,72,120,109,73,86,99,79,87,110,98,70,72,127,69,67,89,120,77,101,127,97,89,96,97,114,62,62,61,65,102,94,60,70,80,80,92,80,63,58,58,122,94,75,59,66,94,91,87,60,78,60,60,66,69,70,72,55,54,70,101,57,56,61,69,73,101,86,62,71,95,98,51,86,89,52,71,82,50,108,75,47,47,47,71,119,83,46,50,105,80,73,46,61,91,53,84,85,94,43,56,79,68,48,41,41,85,89,40,44,54,119,70,41,68,92,96,48,50,64,48,32,37,38,105,96,80,39,51,68,30,35,54,29,50,71,72,60,43,41,50,101,37,41,113,96,73,24,24,53,44,75,32,113,96,54,37,23,51,51,58,56,63,112,18,25,78,113,97,65,63,18,86,50,83,63,34,49,60,81,16,96,29,18,23,36,34,85,78,12,39,33,63,112,109,68,106,55,32,8,19,60,39,14,93,27,32,34,83,0,42,66,71,98,22,55,109,72,27,111,28,14,47,69,51,77,109,31,35,7,91,46,102,46,50,33,31,109,28,71,38,30,24,42,16,75,16,27,26,107,25,19,58,91,60,45,36,23,28,41,57,71,67,60,31,76
75,82,81,74,159,115,75,123,78,78,156,143,73,70,132,69,118,81,131,71,69,164,91,87,68,157,65,74,165,132,122,70,71,151,77,72,71,65,138,129,69,60,61,113,128,113,89,74,72,160,130,107,64,58,130,127,122,84,57,86,58,55,55,55,104,74,73,54,139,57,56,53,52,53,139,122,51,51,64,136,59,57,59,76,50,119,56,147,110,64,63,60,48,159,121,55,50,144,118,109,71,44,58,85,52,53,60,53,41,48,105,80,67,50,52,128,65,42,38,159,108,70,40,56,136,83,33,35,84,54,40,39,145,137,120,36,88,107,45,36,92,43,28,36,112,100,80,29,27,142,31,28,154,137,114,52,49,93,83,37,69,154,138,94,76,56,21,22,24,22,26,154,47,31,38,155,139,106,104,39,45,17,125,104,74,15,21,40,54,138,69,56,25,77,75,43,119,35,80,13,22,154,151,27,148,97,73,37,60,102,81,29,135,15,10,8,41,42,0,24,29,140,64,13,151,114,69,153,70,56,6,111,10,35,151,72,76,42,133,87,144,9,92,74,72,150,21,30,78,70,63,14,41,116,48,65,29,148,62,46,23,133,100,85,74,55,31,22,24,112,107,26,67,38
77,95,93,78,180,135,73,143,72,91,177,165,83,72,153,74,138,71,153,82,78,186,108,104,66,179,69,66,187,153,143,64,64,173,94,87,86,76,160,150,84,67,61,134,150,134,108,91,88,183,152,127,77,65,152,149,143,103,57,105,69,62,60,59,125,92,91,58,161,69,69,62,56,54,161,144,60,54,53,158,75,50,51,96,51,141,72,170,133,82,81,77,48,182,143,72,64,167,140,132,91,50,46,106,43,44,47,71,50,41,128,102,87,67,40,151,86,57,47,183,130,91,38,41,159,106,44,35,107,74,58,56,169,160,143,52,111,130,65,54,115,64,38,28,136,123,103,44,36,166,48,43,178,161,137,74,71,116,107,24,92,178,161,118,99,79,29,28,24,24,20,178,69,52,21,179,163,130,128,61,25,25,149,128,98,24,16,20,77,161,93,80,48,101,99,21,143,59,104,35,9,178,175,7,172,121,97,61,84,126,105,53,159,39,34,32,17,66,24,0,5,164,88,11,175,138,93,177,94,80,19,135,16,12,175,96,100,65,157,111,168,23,116,98,96,174,43,13,102,94,86,30,64,140,71,89,50,172,85,69,22,156,124,108,97,78,51,37,25,136,131,24,90,24
78,98,97,80,185,139,74,148,72,94,182,169,86,73,158,76,142,70,157,85,80,191,112,108,67,184,71,65,192,158,148,64,64,178,97,91,90,79,164,155,88,69,63,138,154,139,112,95,92,188,157,132,81,68,156,154,148,108,59,110,72,65,62,61,130,96,95,60,166,72,73,65,58,56,166,149,62,56,52,163,79,50,50,100,53,146,75,174,137,86,85,81,49,187,148,76,67,172,145,136,96,53,45,111,43,43,45,75,53,41,133,106,92,72,39,156,90,61,50,188,135,95,40,39,164,110,47,37,112,79,62,60,174,165,148,56,116,135,69,59,120,68,41,29,141,128,107,48,40,171,52,47,183,166,142,79,76,121,111,23,97,183,166,123,104,84,33,32,27,28,22,183,74,57,19,184,168,135,133,66,21,29,154,133,103,28,19,17,82,166,98,85,52,106,104,16,148,64,109,40,12,183,180,8,177,126,102,66,89,131,110,58,164,44,39,37,12,71,29,5,0,169,93,16,180,143,98,182,99,85,24,140,20,8,180,101,105,70,162,116,173,28,121,103,101,179,48,12,107,99,91,34,69,145,76,94,55,177,90,73,25,161,129,113,102,83,56,42,28,141,136,27,95,23
165,129,131,157,74,90,174,83,185,129,71,73,139,164,75,153,82,197,73,135,142,68,103,107,171,66,155,187,66,70,74,181,183,64,113,121,120,134,63,66,121,147,163,74,64,73,94,111,114,59,62,77,126,144,61,63,65,96,162,93,134,146,151,153,75,105,106,152,55,132,129,140,153,158,53,60,143,156,185,53,119,176,179,96,158,58,121,48,62,108,109,114,159,48,54,117,128,45,55,60,95,147,184,80,176,177,187,115,142,170,58,81,95,116,179,43,95,127,142,41,54,89,160,187,37,73,139,157,70,102,121,123,32,33,40,126,65,48,110,122,60,111,142,166,42,52,71,132,143,27,127,133,29,26,38,97,100,55,65,171,78,26,22,53,71,91,146,147,154,151,159,23,99,117,175,23,18,39,41,107,183,146,22,40,69,146,157,179,89,13,73,86,119,65,67,182,23,106,61,130,160,16,14,166,11,44,67,103,80,38,59,111,6,125,130,132,181,98,140,164,169,0,76,153,11,26,71,13,70,84,145,29,149,175,12,68,64,99,10,53,9,143,50,68,70,15,123,168,64,72,80,139,103,29,96,79,118,19,83,100,154,22,47,61,72,91,119,134,152,37,41,155,80,171
103,80,81,97,107,78,110,81,119,78,103,94,83,101,85,92,76,128,84,79,84,109,67,67,105,103,92,119,109,83,76,113,115,97,66,69,68,75,86,79,68,84,97,68,77,68,59,62,63,104,79,64,68,81,78,76,72,57,95,56,72,81,85,87,60,57,57,86,84,70,68,76,85,90,83,70,77,88,114,80,60,105,109,50,89,67,60,89,60,52,53,55,89,99,66,56,63,86,64,58,46,78,111,45,104,105,115,53,73,98,52,40,41,52,106,70,41,60,72,99,53,38,88,113,76,37,68,84,36,39,52,53,84,76,61,56,36,49,42,52,38,42,69,92,53,43,30,60,70,81,55,60,92,76,53,31,33,35,29,96,23,92,75,36,24,25,71,72,79,77,84,91,28,43,100,92,76,45,43,34,108,71,62,42,17,71,81,103,18,74,14,16,44,17,16,107,56,32,18,55,84,90,87,90,84,34,11,28,7,38,18,35,71,49,54,56,105,22,64,88,93,76,0,77,87,50,5,89,6,8,69,47,73,99,87,9,13,24,69,24,80,67,29,13,12,87,48,93,18,14,13,63,30,53,24,16,44,85,19,28,79,70,39,27,21,24,46,60,78,51,46,81,22,97
76,89,88,76,171,126,74,135,75,85,168,155,79,71,144,72,129,76,143,77,74,176,101,96,67,169,67,70,177,144,134,67,67,163,86,80,80,71,150,141,78,64,61,124,140,125,99,83,81,173,142,118,71,62,142,139,134,95,57,97,64,59,57,57,116,84,83,56,151,63,64,58,54,53,151,134,56,52,58,148,68,53,54,87,50,131,65,159,123,74,73,69,47,171,133,64,57,157,130,122,82,47,51,97,47,48,53,63,45,44,118,92,78,59,45,141,77,50,42,172,120,81,38,48,148,96,38,34,97,65,50,48,158,149,133,45,101,120,56,46,105,54,32,31,125,113,92,37,31,155,40,35,167,150,126,64,61,106,96,29,81,167,151,107,89,69,24,23,22,21,21,167,59,42,28,168,152,119,117,51,34,19,138,117,87,17,15,29,66,151,82,69,37,90,88,31,132,48,93,25,11,167,164,15,161,110,86,50,73,115,94,42,148,28,23,21,28,55,13,11,16,153,77,0,164,127,82,166,83,69,8,124,5,22,164,85,89,54,146,100,157,13,104,87,85,163,32,19,91,83,75,20,53,129,60,78,40,161,74,58,18,145,113,97,86,67,41,28,20,125,120,21,79,28
175,139,140,167,76,97,184,90,196,139,73,77,149,175,81,163,89,207,79,145,153,68,112,117,181,67,165,198,66,75,81,192,194,66,123,131,130,144,68,72,132,158,173,82,70,81,103,121,124,59,68,85,136,155,67,69,72,105,173,102,145,157,161,163,84,115,116,163,60,142,140,151,163,169,57,66,153,167,196,58,130,186,190,106,169,65,132,50,71,119,120,124,170,47,61,128,138,48,62,69,106,158,195,90,187,187,198,126,153,181,67,91,105,127,189,49,106,138,153,39,63,100,171,198,42,83,150,168,81,113,131,133,34,38,48,137,75,57,121,133,70,122,153,177,51,62,81,143,154,30,138,144,27,31,48,108,111,66,75,182,89,23,27,63,81,102,157,158,165,162,170,20,110,128,186,19,23,50,52,118,194,157,31,51,80,157,168,190,100,20,84,97,130,76,78,193,34,118,72,141,171,9,9,177,9,55,78,114,91,49,70,122,17,136,141,143,192,109,151,175,180,11,87,164,0,37,82,2,81,95,156,40,160,186,4,79,75,110,19,64,10,154,61,79,81,10,134,179,75,83,91,149,114,39,107,89,129,17,94,110,165,28,56,72,82,102,129,145,163,46,50,166,90,182
143,110,111,135,80,79,151,75,162,109,76,73,118,142,71,131,72,173,69,114,121,77,86,89,148,73,132,163,76,66,67,157,159,69,93,100,99,112,63,62,100,125,140,64,60,62,76,91,94,69,59,64,104,121,58,58,58,77,139,75,112,123,127,129,61,85,86,129,57,109,107,117,129,134,55,53,119,132,161,53,97,151,155,76,134,50,99,55,51,86,87,91,135,60,47,95,104,51,46,48,74,123,159,61,151,152,162,92,118,145,44,60,73,93,154,41,73,103,118,57,41,67,135,162,41,52,114,132,50,79,96,98,43,38,33,102,45,33,86,97,40,86,117,140,29,34,49,107,118,38,102,108,47,34,26,73,76,35,42,145,55,45,32,32,47,66,120,121,128,126,134,44,74,91,149,44,31,21,22,81,157,120,19,19,44,120,131,153,64,27,48,61,93,40,42,156,12,81,35,104,134,41,38,140,35,19,42,77,54,13,34,85,22,99,104,106,155,72,114,138,143,26,50,127,37,0,45,39,44,58,119,4,123,149,37,42,38,73,20,28,31,117,25,42,44,37,98,142,39,47,54,113,77,14,70,53,92,37,58,74,128,25,25,37,47,66,93,109,126,20,22,130,55,146
107,83,84,101,104,78,114,80,124,81,100,91,87,105,84,96,75,133,82,83,88,106,68,69,110,100,96,124,106,80,75,118,120,94,68,72,71,79,83,77,71,88,101,67,75,66,60,64,66,100,76,63,72,85,75,73,70,58,100,57,76,86,89,91,59,59,59,90,81,74,72,80,90,95,80,68,82,93,119,77,64,110,114,52,94,64,64,85,58,55,56,59,94,95,64,60,67,82,61,55,48,83,116,45,109,110,120,57,78,103,50,41,44,56,111,66,43,64,77,94,50,40,93,118,72,37,73,89,35,43,56,58,80,72,57,61,35,46,47,56,36,47,74,97,49,40,30,65,75,76,60,65,87,71,49,35,37,33,27,101,24,87,71,33,23,29,77,77,84,82,89,86,33,48,105,87,72,41,39,39,113,76,57,38,16,76,86,108,23,69,14,20,49,15,14,112,51,37,15,60,90,85,82,95,79,29,9,33,11,34,13,40,66,54,59,61,110,27,69,93,98,71,5,82,82,45,0,84,1,13,74,42,78,104,82,5,9,28,64,19,75,72,24,10,9,82,53,98,14,12,14,68,34,48,28,16,49,80,20,32,84,65,35,23,19,26,50,65,82,46,41,85,22,101
177,141,143,169,77,99,186,92,198,141,74,78,151,177,82,165,91,209,81,148,155,69,114,119,183,69,167,200,67,77,83,194,196,68,125,133,132,147,69,74,134,160,176,84,72,83,105,123,127,60,70,87,139,157,69,71,74,108,175,105,147,159,164,165,86,118,119,165,61,144,142,153,165,171,59,68,156,169,198,59,132,189,192,108,171,67,134,52,73,121,122,126,172,48,63,130,140,50,64,71,108,160,197,92,189,190,200,128,155,183,69,93,108,129,192,51,108,140,156,40,66,102,173,200,44,85,152,170,83,115,134,136,36,39,50,139,77,59,123,135,72,124,155,179,53,64,84,145,156,32,140,146,28,33,50,110,113,68,77,184,91,24,29,66,84,104,159,160,167,165,172,21,112,130,188,20,25,52,54,120,196,159,34,53,82,159,170,192,102,22,86,99,132,78,80,195,36,120,74,143,173,10,10,179,10,57,81,116,93,51,72,124,19,138,143,145,194,111,153,177,182,13,89,166,2,39,84,0,83,97,158,42,162,188,4,81,77,112,21,66,11,156,63,80,82,9,136,181,77,85,93,151,116,40,109,91,131,17,95,112,167,28,58,73,84,104,131,147,165,47,52,168,92,184
109,85,85,103,104,78,116,81,125,83,100,91,88,107,84,98,76,134,82,84,89,106,69,70,111,100,98,125,106,81,75,120,121,94,69,73,72,81,83,77,72,90,103,67,75,67,61,66,67,100,76,63,73,86,75,74,70,59,101,58,78,87,91,92,60,60,61,92,81,75,73,81,91,96,80,68,83,94,121,77,65,111,115,53,95,64,65,85,58,57,57,60,96,95,64,61,69,82,61,56,49,84,118,46,110,111,121,58,79,105,50,42,45,57,112,66,44,65,79,94,51,41,94,120,72,37,74,90,36,44,58,59,80,72,57,62,35,46,48,58,36,48,76,98,49,40,30,66,76,76,61,67,87,71,49,36,38,33,28,102,25,86,70,33,24,30,78,79,85,83,91,86,34,50,106,86,71,40,39,40,114,77,57,37,17,77,88,109,24,69,15,21,50,15,15,113,50,38,15,61,91,85,82,97,79,28,9,34,13,33,13,42,65,55,60,62,111,28,70,94,99,70,6,83,81,44,1,83,0,14,75,41,79,105,81,4,7,29,63,18,74,73,22,9,8,81,54,98,13,11,14,69,34,47,28,16,49,79,19,32,85,64,33,22,18,26,50,66,83,44,40,86,21,102
100,80,80,94,114,83,105,87,114,77,111,100,81,97,92,89,81,123,90,77,81,117,69,69,100,110,88,114,117,89,82,108,110,104,66,68,67,73,93,86,66,80,92,74,84,73,62,62,63,112,86,69,66,77,85,83,79,59,90,59,69,77,81,82,66,57,57,81,91,67,65,72,81,85,91,77,73,83,108,88,58,99,103,52,84,74,58,97,67,52,52,53,84,107,74,54,59,94,71,64,47,73,105,49,98,98,108,51,68,92,59,44,42,49,99,78,41,55,67,107,60,40,81,106,84,42,62,78,41,37,47,49,92,84,69,51,43,57,39,47,45,39,63,85,61,50,36,54,64,89,49,54,100,84,61,29,30,43,35,89,27,100,84,43,29,24,65,66,72,70,77,99,25,37,92,100,84,53,51,29,100,64,70,50,24,63,74,96,16,82,19,15,37,24,23,99,64,25,26,47,77,99,96,83,92,42,19,21,9,47,26,28,79,41,46,48,97,14,56,80,85,84,8,69,95,58,13,97,14,0,61,55,65,91,95,16,20,16,77,31,88,59,36,19,17,94,40,84,24,17,12,55,22,60,17,16,36,92,16,21,71,77,46,32,23,19,38,52,69,57,53,73,21,88
78,87,86,77,165,121,77,129,79,83,161,149,77,73,138,73,123,81,137,75,73,170,96,92,70,163,68,74,171,137,128,71,72,157,83,77,77,69,144,135,75,64,63,119,134,119,94,80,77,166,136,112,68,61,136,133,127,90,59,92,62,59,58,58,110,79,79,57,144,61,61,57,55,55,144,128,55,54,63,141,65,58,59,82,52,125,61,152,116,69,69,65,49,164,126,61,55,150,123,115,77,47,57,91,52,53,59,59,45,48,111,86,72,55,51,133,71,48,42,165,113,75,41,54,141,89,37,37,90,59,45,44,151,142,126,41,94,113,50,42,98,49,32,36,118,105,85,34,30,148,36,33,159,143,119,58,55,98,89,35,74,160,143,100,82,62,24,24,25,24,26,159,52,37,36,160,144,112,110,45,42,19,130,109,80,17,20,37,59,143,75,62,31,82,80,39,125,41,86,19,19,159,156,23,153,102,79,43,65,107,86,35,140,21,16,14,36,47,6,19,24,145,69,8,156,119,74,158,75,61,0,116,4,30,156,77,81,46,138,92,149,6,96,78,76,155,24,25,83,75,67,13,45,121,52,69,32,153,66,50,18,137,105,89,78,59,33,22,19,117,112,21,71,32
141,109,110,134,83,80,149,77,160,108,79,75,117,140,73,130,74,171,71,113,119,80,85,89,146,76,131,161,79,68,68,156,157,72,93,99,98,111,65,64,99,123,138,65,62,64,76,90,93,72,61,65,103,120,60,60,60,77,137,74,110,121,126,127,62,84,85,127,59,107,105,115,127,132,58,55,118,130,159,56,96,149,153,75,132,52,97,58,52,85,86,90,133,64,49,93,102,55,48,49,73,121,157,60,149,150,160,91,116,143,45,59,71,91,151,43,72,101,116,60,42,66,133,159,44,52,112,129,49,77,94,96,47,41,35,99,44,34,84,95,39,84,115,138,31,34,48,105,115,42,100,105,50,38,28,71,74,34,41,143,53,49,35,31,45,64,118,119,126,123,131,47,71,89,147,48,34,22,22,79,154,118,22,20,42,117,128,150,61,31,46,58,90,38,40,154,15,78,33,102,132,44,41,137,38,17,39,75,52,12,31,82,25,96,101,103,152,69,111,135,140,29,47,124,40,4,42,42,41,55,116,0,120,146,40,39,35,70,22,24,33,114,21,39,41,40,94,139,35,43,51,109,74,13,67,50,89,39,54,71,125,26,21,34,43,62,90,105,123,18,19,126,52,142
79,90,89,79,169,125,77,133,79,86,165,153,80,74,142,74,127,80,141,78,75,174,100,96,70,167,70,74,175,141,132,71,71,161,86,80,80,72,148,139,78,66,64,122,138,123,98,83,80,170,140,116,71,63,140,137,131,94,60,95,65,61,60,59,114,83,82,58,148,64,64,59,56,56,149,132,57,55,62,145,68,57,59,85,53,129,64,157,120,73,72,69,50,168,131,64,57,154,127,119,81,49,56,95,51,52,57,62,47,48,115,90,76,59,50,138,75,50,44,169,117,79,41,52,145,93,40,37,94,63,49,48,155,146,130,44,98,117,54,45,102,53,34,35,122,109,90,37,32,152,39,36,164,147,123,62,59,103,93,34,78,164,147,104,86,66,25,25,25,24,25,163,56,40,33,164,148,116,114,49,39,20,134,113,84,18,19,34,63,147,79,66,35,86,84,36,129,45,90,22,16,163,160,20,157,106,83,47,70,111,90,39,144,25,20,18,32,51,10,16,20,149,73,5,160,123,78,162,79,65,4,120,0,26,160,81,85,50,142,96,153,8,100,82,80,159,27,21,87,79,71,15,48,125,55,73,35,157,70,53,16,141,108,93,82,62,36,23,17,120,115,19,74,28
85,106,104,87,193,146,80,155,77,102,189,177,94,80,165,84,150,74,165,92,88,198,120,115,73,191,78,70,199,165,155,69,69,185,105,98,98,87,172,163,96,77,69,146,162,146,120,103,99,195,164,140,88,75,164,161,155,115,65,117,80,72,69,68,137,103,103,68,173,80,81,73,65,63,173,156,70,63,56,170,87,55,55,108,60,153,83,182,145,94,93,89,56,194,155,84,75,179,152,144,103,60,49,118,48,48,49,83,60,47,140,114,99,79,44,163,98,69,57,195,142,103,47,42,171,118,55,44,119,86,70,68,181,172,155,64,123,142,77,66,127,76,49,35,148,135,115,56,47,178,60,55,189,173,149,86,83,128,118,29,104,190,173,130,111,91,40,40,35,35,29,189,81,64,23,190,174,142,140,73,23,37,160,139,110,36,27,19,89,173,104,92,59,112,110,17,155,70,116,47,20,189,186,15,183,132,109,73,96,137,116,65,170,50,45,43,8,77,35,12,8,175,99,22,186,149,104,188,105,91,30,146,26,0,186,107,111,76,168,122,179,32,126,108,106,185,52,10,112,104,96,38,74,150,81,99,59,183,95,78,26,167,134,118,107,87,60,45,29,146,141,27,100,19
177,141,143,169,80,100,186,93,197,141,77,80,151,176,84,165,92,209,82,147,154,72,114,119,183,71,167,199,70,79,84,193,195,70,125,133,132,146,71,76,133,159,175,85,74,84,106,123,126,63,72,88,138,156,71,72,75,108,174,105,146,158,163,165,86,117,118,164,63,144,141,152,165,170,61,70,155,168,197,61,132,188,191,108,170,68,133,54,74,120,121,126,171,51,64,129,140,52,65,71,107,159,196,92,188,188,199,127,154,182,70,93,107,128,190,53,107,139,154,43,66,102,171,198,46,85,151,169,82,114,133,134,38,41,51,138,77,59,122,134,72,123,154,177,53,64,83,144,155,34,139,145,31,35,50,109,112,68,77,182,90,27,31,65,83,103,157,158,165,163,171,24,111,128,187,23,26,51,53,118,194,158,34,52,81,157,168,190,101,23,85,98,130,77,79,194,35,118,72,142,172,13,13,177,12,55,79,115,92,50,71,122,18,136,141,143,192,109,151,175,180,12,87,164,4,37,82,4,81,95,156,40,160,186,0,79,75,110,18,64,8,154,60,78,80,6,134,179,74,82,90,149,113,37,106,89,129,14,93,110,165,25,55,71,81,101,129,145,163,44,49,166,90,182
112,88,89,106,105,81,119,83,128,86,101,93,92,110,85,101,78,138,84,88,93,106,73,74,114,100,101,128,106,82,77,123,125,95,73,76,76,84,84,78,76,93,106,69,77,69,64,69,71,100,77,66,77,90,77,75,72,63,104,61,81,91,94,96,62,64,64,95,81,79,77,85,95,100,81,69,86,97,124,78,69,115,118,57,99,65,69,85,60,60,61,64,99,95,65,65,72,82,62,57,52,88,121,49,113,114,124,62,83,108,52,45,48,61,115,67,48,69,82,93,52,45,97,122,72,40,78,94,38,48,61,63,79,71,57,65,38,47,52,61,38,52,79,101,50,41,33,69,79,75,64,70,86,70,49,40,42,34,30,105,29,85,69,34,27,34,81,82,88,86,93,84,38,53,109,85,70,40,39,44,116,80,56,37,20,80,90,112,28,67,18,25,53,17,17,115,49,41,16,64,93,83,80,99,77,28,12,37,16,32,13,44,64,58,62,64,113,31,72,96,101,68,9,85,79,42,5,81,4,16,77,39,81,107,79,0,4,31,61,15,72,75,20,5,5,78,55,100,9,9,14,70,35,44,29,14,50,76,18,33,86,61,30,18,15,26,51,67,84,41,37,87,19,103
116,91,92,110,103,81,123,83,132,89,99,91,95,114,85,105,78,142,83,91,96,104,74,76,118,98,105,132,104,81,76,127,128,93,75,79,78,87,82,77,79,97,110,69,75,68,66,72,73,98,76,66,80,93,75,74,71,64,108,63,85,94,98,100,62,66,67,99,79,82,80,89,99,103,79,68,90,101,128,76,72,119,122,59,103,64,72,83,59,63,64,67,103,92,63,68,76,80,61,56,55,92,125,50,117,118,128,65,87,112,51,46,51,64,119,64,51,73,86,90,51,47,101,127,69,41,81,98,39,51,65,67,76,69,55,69,38,45,55,65,37,55,83,105,47,39,34,73,83,72,68,74,82,67,47,43,45,33,30,109,31,82,66,32,28,37,85,86,92,90,98,81,41,57,113,82,66,38,36,48,120,84,52,34,21,84,94,116,31,64,21,28,57,18,18,119,46,45,16,68,97,79,76,103,73,25,13,41,20,28,12,48,60,62,66,68,117,35,76,100,105,64,13,89,75,38,9,77,7,20,81,35,85,111,75,4,0,35,57,11,68,79,16,5,6,74,59,104,7,10,17,74,39,40,32,16,54,72,21,36,90,57,26,15,15,29,55,70,88,37,33,91,21,107
95,81,81,90,128,93,99,99,106,78,125,114,80,91,105,85,93,113,103,76,78,131,76,75,93,125,83,105,132,103,95,100,101,119,69,69,68,71,107,99,67,76,85,86,98,86,70,65,65,126,99,81,65,72,99,96,92,67,82,67,66,72,74,75,78,62,62,75,106,64,62,67,74,77,105,91,67,75,98,102,58,89,93,59,76,87,56,112,80,54,54,54,75,123,88,53,56,109,85,78,53,65,94,59,87,88,97,50,61,82,73,54,48,47,88,93,47,50,59,122,74,48,71,94,99,54,54,67,54,39,43,43,108,100,84,44,56,72,37,41,59,36,53,73,76,65,48,45,53,104,41,45,116,99,77,31,31,57,49,76,38,115,99,58,43,30,53,54,60,58,64,115,25,30,79,116,100,68,66,25,86,51,86,65,38,51,61,82,23,98,33,24,27,39,38,85,80,17,42,34,63,114,111,68,108,57,35,14,22,62,41,16,95,28,32,34,82,7,42,65,70,99,24,54,110,73,28,112,29,16,46,70,50,76,110,31,35,0,92,46,103,44,50,32,30,109,25,69,37,29,21,40,9,75,10,24,21,107,22,12,55,91,59,43,33,17,23,37,54,71,66,57,27,73
162,128,129,155,81,92,170,87,182,127,78,78,136,161,80,150,85,193,78,133,140,76,103,107,167,74,152,183,74,74,78,177,179,71,112,119,118,132,69,71,119,144,159,77,69,75,93,109,112,67,67,78,123,141,66,67,69,95,158,92,131,143,147,149,76,104,104,149,61,128,126,137,149,154,59,63,139,152,181,58,116,171,175,94,154,61,118,55,64,105,106,111,155,56,57,114,124,52,57,62,93,143,179,79,171,172,182,112,138,165,59,79,92,112,173,47,92,123,138,50,55,87,155,181,43,71,134,152,68,98,116,118,40,39,43,121,63,48,106,117,58,106,137,160,42,51,68,127,138,35,122,128,38,33,39,93,96,53,61,165,74,35,29,50,67,86,140,141,148,146,153,33,94,111,169,33,25,38,39,101,177,140,24,37,64,140,151,172,84,20,68,81,113,60,62,176,22,100,55,124,154,26,23,160,21,39,62,97,74,33,53,105,11,118,123,125,174,91,133,157,162,10,69,146,19,20,64,21,63,77,138,22,142,168,18,61,57,92,0,46,11,136,42,60,62,17,116,161,56,64,72,131,95,20,88,71,110,18,75,92,146,13,37,53,63,83,111,127,145,27,31,148,72,164
125,97,98,118,97,81,132,81,142,96,94,87,102,123,81,113,77,151,79,99,104,97,78,80,128,92,114,142,97,77,74,137,138,87,81,86,85,95,77,73,86,106,119,68,71,67,69,78,80,91,72,65,88,102,71,69,67,68,118,66,93,103,107,109,62,72,73,108,73,91,88,98,108,113,72,64,99,111,138,70,80,129,132,64,113,60,81,76,57,70,71,74,113,84,59,76,85,72,56,54,61,101,135,53,128,129,139,74,96,122,48,50,57,73,130,58,57,82,96,82,47,53,111,137,62,43,92,108,41,59,75,76,67,60,49,79,38,40,65,75,36,65,93,116,41,36,37,84,94,63,79,84,73,58,40,52,54,31,32,120,37,72,57,29,32,45,96,96,103,101,108,71,51,67,124,72,57,31,30,58,131,95,43,27,26,95,105,127,41,54,28,38,68,22,23,130,36,56,17,79,108,69,66,114,63,17,20,52,30,19,13,59,49,73,78,80,128,46,87,111,116,53,24,100,64,28,19,66,18,31,92,24,96,122,64,15,11,46,46,0,57,90,5,14,16,63,70,115,12,19,27,85,49,29,43,26,65,61,30,46,101,46,17,14,21,38,65,81,99,27,23,102,28,118
172,137,139,164,82,99,181,92,192,137,79,81,146,171,84,160,91,203,82,143,150,75,111,116,178,74,162,194,73,79,83,188,190,72,121,128,128,142,72,75,129,154,170,83,73,82,102,119,122,66,71,85,133,151,70,72,74,104,169,101,141,153,158,159,84,113,114,159,64,139,136,147,159,165,62,68,150,162,192,62,127,182,186,104,165,67,128,56,71,115,116,121,165,55,63,124,134,53,64,69,103,153,190,88,182,183,193,122,149,176,66,88,102,123,184,52,102,134,149,47,63,97,166,192,46,80,145,163,78,109,127,129,40,41,49,132,72,56,116,128,67,117,148,171,50,60,78,138,148,35,133,138,35,35,47,103,106,63,72,176,85,31,31,60,77,97,151,152,159,157,164,28,105,122,180,28,27,47,49,112,188,151,30,47,75,151,162,183,95,22,79,91,124,71,73,187,31,111,66,135,165,19,17,171,16,49,73,108,85,44,64,116,15,129,134,136,185,102,144,168,173,9,80,157,10,31,75,11,74,88,149,33,153,179,8,72,68,103,11,57,0,147,53,71,73,7,127,172,67,75,83,142,106,30,99,81,121,10,86,102,157,18,48,63,74,94,122,138,155,36,41,159,82,175
84,91,90,83,166,123,83,131,85,88,162,150,83,79,140,78,125,87,139,80,78,170,99,95,76,164,74,81,171,139,130,77,78,157,86,81,81,74,145,136,79,70,69,120,135,120,97,83,81,167,137,114,73,67,136,134,129,93,66,94,67,64,64,64,112,82,82,63,145,66,66,62,61,61,145,129,61,60,69,142,69,64,66,84,58,126,65,153,117,72,72,69,56,164,127,64,59,150,124,116,79,53,64,92,59,59,65,62,50,55,112,87,75,59,57,134,73,52,47,165,114,77,48,60,141,90,43,43,91,62,49,48,150,142,126,45,94,113,53,45,98,52,37,42,118,105,86,39,36,147,40,37,159,142,119,59,57,98,89,41,75,159,142,100,82,63,30,30,31,30,32,158,53,39,41,159,143,111,109,46,47,25,129,108,79,23,26,42,59,142,74,62,33,81,80,43,123,41,85,21,24,158,155,28,152,101,77,43,65,106,85,35,139,21,16,15,39,46,9,23,28,143,67,13,154,117,72,156,73,59,6,114,8,32,154,75,79,44,136,90,147,0,94,76,74,153,20,25,80,72,64,7,41,118,49,66,28,150,63,46,14,135,102,86,75,55,29,16,14,114,109,17,67,30
130,102,103,123,98,84,137,83,147,100,94,88,107,128,83,118,79,156,81,103,109,97,82,85,133,92,119,147,97,79,76,142,143,87,86,91,90,100,78,75,90,111,124,70,73,69,73,82,85,90,73,68,93,107,72,71,69,73,123,71,98,108,112,114,65,77,77,113,74,96,93,103,113,118,73,65,104,116,143,70,85,134,137,68,117,62,86,75,59,75,76,79,118,83,60,81,90,72,58,56,65,106,140,57,133,133,144,79,101,127,50,54,62,78,135,58,62,87,101,80,49,58,116,142,61,47,97,113,45,64,80,81,66,59,49,84,42,42,70,80,39,70,98,120,42,38,41,89,99,61,84,89,71,57,40,57,59,34,36,125,42,70,55,32,37,50,100,101,108,106,113,68,56,72,128,69,55,31,30,63,136,100,41,28,31,99,110,131,46,51,33,43,73,27,28,135,34,60,22,83,113,66,63,118,59,18,25,57,35,19,18,64,46,77,82,84,133,50,92,116,121,50,29,104,61,25,24,63,22,36,96,21,100,126,60,20,16,50,42,5,53,94,0,18,20,59,74,119,14,22,30,89,53,25,46,29,68,57,33,50,104,41,12,13,22,41,69,85,102,22,18,106,30,122
117,93,94,111,108,86,123,87,132,91,104,96,96,115,89,106,82,141,88,93,97,109,78,79,118,103,105,132,109,86,81,127,128,98,78,81,80,89,87,82,81,98,110,74,80,73,69,74,76,103,81,70,82,94,80,79,76,68,108,66,86,95,98,100,67,69,69,99,84,83,81,89,99,103,84,73,91,101,127,81,73,118,121,62,102,69,74,88,64,65,66,68,102,97,68,69,76,84,66,61,58,91,124,54,116,117,127,66,86,111,56,50,53,65,118,69,53,73,85,95,56,50,100,125,74,45,81,97,43,52,65,67,81,73,60,69,42,50,56,65,42,56,82,104,52,44,38,73,82,77,68,73,87,72,52,44,46,38,35,108,34,86,71,37,32,38,83,84,91,89,96,85,42,56,111,86,71,43,41,47,118,83,57,39,25,82,92,114,32,68,24,29,56,22,22,117,50,44,20,66,95,83,80,101,77,29,17,40,21,33,17,46,64,59,64,66,115,33,74,98,103,68,13,87,79,42,10,80,9,19,78,39,82,108,78,5,5,32,60,14,71,76,18,0,2,77,56,101,5,5,12,71,35,42,28,12,50,74,16,32,86,59,27,13,10,24,51,67,85,39,34,88,16,104
115,92,93,109,109,86,122,88,131,90,106,97,95,113,90,104,83,140,89,92,96,110,78,78,117,105,104,130,110,87,82,125,127,99,77,81,80,88,89,83,80,96,108,74,81,74,69,73,75,104,82,71,80,93,81,80,77,67,107,66,85,93,97,98,67,68,69,98,86,82,80,88,97,102,85,74,89,100,125,82,72,116,120,61,101,70,72,89,65,64,65,67,101,98,69,68,75,86,67,62,57,90,122,54,115,115,125,65,85,109,57,50,53,64,116,71,52,71,84,97,57,49,98,123,76,45,79,95,44,51,64,65,82,75,62,68,43,51,54,63,43,54,80,102,54,45,38,71,81,78,66,71,89,73,53,43,45,39,35,106,34,88,72,38,32,37,82,82,89,87,94,87,40,54,109,88,73,44,43,46,116,81,59,41,25,80,91,112,31,70,23,28,54,23,22,115,52,42,21,64,93,85,82,99,79,31,17,38,19,34,18,45,66,57,62,64,113,31,72,96,101,70,12,85,81,44,9,82,8,17,76,41,80,106,80,5,6,30,62,16,73,74,20,2,0,79,54,99,7,4,10,69,33,44,26,10,49,76,14,30,84,61,29,15,10,22,49,65,83,41,36,86,14,102
179,144,145,171,85,105,187,98,199,143,83,86,153,178,89,167,97,210,87,150,156,78,118,122,184,77,169,200,76,84,89,194,196,76,128,135,135,148,77,80,136,161,176,89,79,88,109,125,129,69,76,91,140,158,76,77,80,110,176,107,148,160,164,166,90,120,121,166,69,145,143,154,166,171,66,74,156,169,198,66,133,188,192,110,171,73,135,60,77,122,123,127,172,57,69,131,141,57,69,75,109,160,196,95,188,189,200,129,155,183,73,95,109,129,191,57,109,140,155,49,69,103,172,199,51,87,152,169,84,116,133,135,44,46,55,139,79,62,123,134,74,124,154,178,57,67,85,144,155,39,139,145,37,40,53,110,113,69,78,182,92,33,36,67,84,103,157,158,165,163,171,30,111,129,186,29,31,54,55,119,194,158,37,54,81,157,168,190,101,27,85,98,130,77,79,193,37,118,73,141,171,19,19,177,18,56,79,114,92,51,71,122,21,136,141,143,191,109,150,174,179,15,87,163,10,37,82,9,81,94,155,40,159,185,6,78,74,109,17,63,7,153,59,77,79,0,133,178,73,81,89,148,112,35,105,87,127,8,91,108,163,21,53,69,80,99,127,143,161,41,46,164,88,180
90,88,87,87,150,111,92,118,96,85,147,136,82,86,126,82,112,101,124,79,79,154,90,87,85,148,79,93,155,124,116,89,90,142,79,77,76,73,129,121,74,73,77,106,120,106,86,76,74,150,121,100,70,70,121,118,114,82,74,83,67,68,69,70,98,74,73,69,129,65,64,64,67,69,129,113,64,67,84,125,64,77,79,73,67,110,61,136,102,64,64,62,65,147,111,59,57,132,108,100,68,59,78,78,72,73,81,56,55,68,96,74,63,53,72,116,62,50,52,146,97,65,59,77,123,75,47,54,75,51,45,44,132,124,108,43,78,95,44,41,81,43,43,57,100,88,70,39,43,129,38,39,140,124,101,46,44,81,72,58,59,140,123,82,65,48,39,40,44,42,47,139,40,31,59,140,124,93,91,34,66,36,110,90,62,34,42,61,43,122,56,45,25,63,61,63,104,27,66,21,42,138,135,47,132,82,59,27,46,86,66,20,119,14,15,16,59,28,21,43,48,123,48,32,134,98,53,136,54,40,24,94,27,52,134,55,59,25,116,70,127,20,74,56,54,133,0,45,60,52,44,15,21,98,28,46,8,130,43,26,31,114,81,66,55,35,11,13,29,94,89,33,47,48
90,107,105,91,189,145,86,153,84,103,186,174,96,84,163,87,148,82,162,94,90,194,119,115,79,188,82,77,195,162,152,76,76,181,105,98,98,88,168,159,96,80,74,143,158,143,118,102,99,191,161,137,89,78,160,157,152,114,70,115,81,75,73,72,134,102,101,71,169,81,81,74,69,67,169,153,72,66,64,166,86,62,62,105,64,150,83,177,141,92,92,88,60,189,151,83,75,174,148,140,101,63,57,115,55,55,57,81,62,53,136,110,97,78,51,158,95,69,59,189,138,100,51,50,166,114,56,47,115,84,68,67,175,167,150,63,119,137,74,65,123,73,49,40,142,130,110,55,48,172,58,54,184,167,144,82,80,123,114,35,99,184,167,124,106,87,41,40,37,37,33,183,77,61,31,184,169,136,134,69,32,36,154,134,104,35,29,28,84,167,99,86,55,107,105,26,148,65,110,43,22,183,180,19,177,126,103,67,90,131,110,59,164,45,40,38,18,71,30,13,12,168,93,19,179,142,98,181,98,84,25,139,21,10,179,100,104,69,161,115,172,25,119,101,99,178,45,0,105,97,89,30,66,143,73,91,51,175,87,70,17,159,126,110,99,80,52,36,19,138,133,17,92,11
122,98,98,116,108,88,128,89,137,96,104,97,101,120,90,111,84,146,89,97,102,108,81,83,123,103,110,137,108,87,83,132,133,98,82,86,85,94,88,83,85,103,115,75,81,75,73,78,80,102,81,72,86,99,81,79,77,71,113,70,91,100,103,105,69,73,74,104,84,88,86,94,104,108,83,73,96,106,132,81,78,123,126,66,107,70,78,87,65,70,70,73,107,95,69,74,81,83,66,62,62,96,129,57,121,122,132,71,91,116,57,53,58,70,123,69,57,78,90,93,56,54,105,130,73,48,86,102,46,57,70,72,79,72,60,74,44,50,61,70,43,61,87,108,52,45,41,78,87,75,73,78,85,70,51,49,51,39,37,112,38,84,69,38,35,43,88,89,96,93,101,82,47,61,116,83,68,42,40,52,123,87,55,38,28,87,97,118,37,65,28,34,61,25,25,121,48,49,22,71,99,80,77,105,74,28,20,45,25,31,18,51,60,64,69,71,119,38,78,102,107,64,18,91,75,39,14,77,13,24,83,35,87,112,74,9,7,37,56,12,67,80,14,5,7,73,60,105,0,8,16,75,39,38,32,14,54,70,19,35,90,54,22,9,9,27,54,70,88,34,29,91,17,107
116,94,95,111,113,89,122,91,131,92,109,101,97,114,94,105,86,140,92,93,97,114,80,81,117,108,105,131,114,91,85,125,127,103,79,82,82,89,92,87,81,97,109,78,85,77,72,76,77,108,86,74,82,94,85,83,80,70,107,69,86,94,98,99,71,71,71,98,89,83,81,89,98,102,88,77,90,100,125,86,74,116,120,64,101,74,74,93,68,66,67,69,101,102,73,70,76,89,70,66,59,90,122,57,114,115,125,67,85,109,60,53,55,65,116,74,54,72,84,100,60,52,98,123,79,49,79,95,47,53,64,66,86,78,65,68,46,55,55,64,46,55,80,101,57,49,41,71,80,81,66,71,92,77,57,44,46,43,39,105,36,91,76,42,35,39,81,82,88,86,93,90,41,54,108,90,76,48,46,46,115,80,62,44,28,79,89,111,32,73,26,30,54,26,25,114,55,42,25,63,92,88,85,97,81,34,20,38,21,38,22,44,68,56,61,63,111,30,70,94,99,72,14,83,83,47,12,85,11,17,75,43,79,104,82,9,10,29,64,19,75,72,22,5,4,81,52,97,8,0,8,67,31,46,24,7,46,78,11,27,82,62,30,15,7,19,47,62,80,42,37,83,11,99
111,92,92,106,118,91,117,94,125,89,115,106,93,109,98,101,89,133,96,89,93,120,80,80,112,114,100,124,120,95,89,119,121,108,77,80,79,85,97,91,78,92,103,81,89,80,72,74,74,114,90,77,78,89,90,88,84,70,101,69,81,89,92,93,74,69,69,93,95,79,77,83,92,96,94,82,85,94,118,91,70,110,113,63,95,78,70,99,72,64,64,66,94,108,78,66,71,96,75,70,58,84,115,58,107,108,118,63,79,102,65,54,53,61,109,80,53,67,78,107,65,51,92,115,85,50,73,88,49,49,59,60,93,85,71,62,49,60,51,58,50,50,73,94,63,54,43,65,73,89,60,65,99,84,63,41,42,47,42,97,36,98,83,47,37,36,74,75,81,79,86,97,37,48,100,98,83,54,52,40,108,72,69,50,30,72,82,103,28,80,27,27,47,29,28,106,62,35,29,56,84,95,92,89,89,41,23,31,19,45,27,37,76,49,53,55,103,24,63,86,91,80,13,75,91,54,14,93,14,12,67,51,71,96,90,14,17,21,72,27,83,64,30,12,10,89,44,89,16,8,0,59,23,54,16,4,38,86,5,20,74,70,38,22,12,12,39,54,72,50,45,75,9,91
89,94,93,88,164,123,89,130,92,90,161,149,86,85,139,83,125,94,137,84,82,168,100,97,82,162,79,87,169,137,128,84,85,155,88,84,83,77,143,134,81,74,75,119,133,119,97,84,82,164,135,113,76,71,135,132,127,93,71,94,71,69,69,69,110,83,83,68,143,69,69,66,66,67,143,127,65,66,76,140,71,71,72,84,64,124,68,150,115,73,73,70,62,161,125,66,62,147,122,114,79,58,70,91,65,66,72,64,55,61,110,86,74,60,64,131,73,55,52,161,111,76,54,67,138,88,47,49,89,62,51,50,147,139,123,48,92,110,54,47,96,52,42,49,115,103,84,42,41,144,42,41,155,139,115,58,56,95,86,48,73,155,138,97,79,61,36,36,38,36,39,154,52,39,48,155,139,108,106,45,54,31,125,105,76,29,33,49,57,137,71,59,33,78,76,50,119,39,81,23,31,153,150,35,147,97,74,40,61,102,81,32,134,21,17,16,46,42,14,30,34,139,63,20,149,113,68,151,69,55,13,109,15,38,149,70,74,40,131,85,142,7,89,71,69,148,15,30,75,67,59,0,36,113,43,61,21,145,57,40,16,129,96,80,69,49,22,9,15,108,103,18,62,33
100,89,89,96,135,102,104,107,110,86,132,122,87,97,113,91,101,117,111,83,85,138,84,83,98,132,89,108,139,110,103,104,105,126,77,77,76,78,114,107,75,82,90,94,105,94,79,73,73,133,107,89,73,78,106,104,100,75,87,75,73,77,80,81,86,70,70,80,113,70,69,73,79,82,112,98,73,80,101,109,65,93,96,67,80,95,64,119,88,62,62,62,79,129,95,60,62,115,92,86,62,70,96,68,89,90,99,57,66,84,81,63,56,54,90,99,55,56,64,128,82,56,74,96,106,62,58,70,62,47,49,50,114,106,91,50,64,78,44,47,66,43,57,75,82,72,56,50,57,110,47,50,121,105,83,40,39,64,57,77,46,121,104,65,50,39,55,56,62,59,66,120,33,35,79,120,105,74,72,32,86,53,91,71,45,52,61,81,31,103,40,32,31,46,44,84,84,24,48,36,62,118,115,68,112,63,41,21,30,67,47,21,99,29,32,34,81,16,41,64,69,103,30,53,114,77,34,116,34,22,45,74,48,74,113,35,39,9,95,49,106,41,53,35,33,112,21,66,39,31,23,36,0,77,7,25,15,109,21,6,51,93,60,44,34,14,16,32,49,72,67,52,26,68
151,120,122,144,93,93,159,89,170,120,89,87,127,150,85,140,86,180,83,124,130,89,98,101,155,86,141,170,88,80,81,165,166,82,104,110,110,122,77,76,110,133,147,77,74,76,88,101,104,81,73,77,114,130,72,72,72,89,146,86,120,131,135,137,75,96,96,136,70,117,115,125,136,141,68,67,127,139,167,67,106,157,161,86,141,64,107,67,65,96,96,100,141,71,61,103,112,64,60,62,84,130,164,72,157,157,168,100,125,151,58,71,82,100,159,54,82,110,124,66,55,77,140,166,53,63,120,137,61,87,103,105,54,50,47,108,56,47,93,103,52,93,122,145,43,47,59,113,123,49,108,113,55,46,40,80,82,46,52,149,63,53,43,44,56,73,125,126,132,130,138,51,80,96,153,51,40,34,35,87,160,124,31,32,52,124,134,156,69,36,55,66,97,47,49,159,25,85,42,108,137,45,43,143,40,28,47,81,59,24,39,88,28,102,106,108,157,75,116,140,145,29,53,129,39,14,48,40,47,60,121,13,125,150,37,44,40,75,20,29,30,118,25,42,44,35,98,143,38,46,54,113,77,0,70,52,92,32,56,73,128,17,18,33,44,64,92,108,126,8,12,129,52,145
104,91,91,100,131,99,108,104,116,88,127,117,89,101,109,94,98,122,107,86,88,133,84,83,103,127,93,114,134,106,99,109,110,121,78,78,77,81,110,103,77,85,94,91,101,90,77,74,74,128,103,86,75,82,102,100,96,74,92,74,76,81,84,85,83,70,70,84,108,73,72,76,83,87,107,94,77,85,107,104,67,98,101,66,85,91,66,113,84,63,63,64,84,123,91,62,66,110,88,81,61,75,102,65,95,96,105,59,70,90,76,60,56,57,96,94,55,60,68,122,77,55,80,102,100,59,63,76,58,48,52,53,108,100,85,54,60,73,46,51,62,46,62,81,77,67,52,55,62,104,51,55,115,99,77,40,40,60,52,84,43,114,98,60,46,38,61,62,68,66,72,113,34,39,86,114,99,68,67,34,93,59,85,65,41,58,68,88,30,96,36,30,36,41,40,91,78,27,42,42,69,111,108,75,105,56,36,23,26,60,41,26,92,35,39,41,88,16,48,71,76,96,24,60,107,70,28,109,28,17,52,67,55,81,106,29,32,10,88,43,99,49,46,28,26,105,28,73,32,24,16,43,7,70,0,18,22,102,14,4,58,86,53,37,26,8,23,38,56,65,60,59,19,75
115,95,96,110,119,94,120,96,129,93,116,107,97,112,99,104,91,137,98,93,97,120,83,83,115,115,103,128,120,96,91,123,124,109,81,83,82,89,98,92,82,96,107,83,91,82,75,77,78,114,92,79,82,92,91,89,86,73,105,72,85,92,96,97,76,72,72,96,96,82,80,87,95,100,95,83,88,98,122,92,74,113,116,66,98,80,73,99,74,67,67,69,98,108,79,69,75,96,76,71,61,88,118,61,111,112,121,66,83,105,66,56,57,64,112,81,56,70,81,107,66,54,95,119,86,53,77,91,51,53,63,64,92,85,72,66,51,61,54,62,51,54,77,97,64,55,46,68,77,88,64,68,98,83,63,44,46,48,43,100,39,98,82,48,39,40,77,78,84,82,89,97,40,52,103,97,82,54,52,44,110,76,68,51,33,75,85,106,32,79,29,30,50,31,30,108,62,39,30,59,87,94,91,92,88,41,25,35,22,44,28,40,75,52,56,58,106,27,65,89,94,79,16,78,89,53,16,91,16,16,69,50,73,99,89,14,16,24,71,26,81,66,29,12,10,87,46,91,14,7,4,61,25,52,18,0,40,84,4,21,76,68,35,19,9,13,40,56,74,47,42,77,6,93
97,93,93,94,149,112,99,118,104,90,146,135,88,93,125,89,113,109,124,85,85,152,93,90,93,146,86,101,153,123,115,97,98,140,83,81,80,79,128,120,79,80,85,106,119,106,88,79,78,147,120,101,75,76,120,117,113,84,82,85,73,75,77,77,98,77,77,76,127,71,70,71,75,77,126,112,71,75,92,123,69,85,87,76,75,108,66,133,101,68,68,66,73,144,109,64,63,130,106,99,70,66,87,79,81,81,89,61,62,76,94,74,65,58,81,114,64,56,59,143,95,66,67,85,120,74,54,62,74,54,50,50,129,120,105,49,77,93,48,47,80,47,51,65,97,86,69,47,51,125,45,46,136,120,98,48,47,79,70,66,58,136,120,79,63,49,47,48,52,50,55,135,41,36,67,136,120,89,87,37,74,44,106,86,59,43,50,69,42,118,54,44,30,60,59,71,100,29,63,29,50,133,130,55,127,78,55,28,44,82,62,23,114,22,23,24,67,26,29,50,55,118,44,40,129,92,49,131,49,36,32,89,35,59,129,50,54,21,110,65,121,28,68,50,49,127,8,51,54,46,38,21,15,92,22,40,0,124,36,19,36,108,75,59,48,28,3,16,34,87,82,37,40,53
180,146,147,172,92,109,188,102,199,145,89,92,154,179,94,168,101,210,92,151,158,85,120,125,185,84,169,200,83,89,93,195,196,83,129,137,136,149,82,86,137,162,177,93,84,92,111,127,130,76,82,95,141,158,81,82,85,113,176,110,149,160,165,166,93,121,122,166,74,146,144,154,166,171,72,79,157,169,198,72,134,188,192,112,171,77,136,66,81,123,124,128,172,64,73,132,141,64,74,79,111,160,195,97,188,188,199,129,155,182,76,96,110,130,190,62,110,140,155,57,72,104,171,198,56,89,151,168,86,116,133,135,50,52,59,138,81,65,123,134,75,123,153,176,60,69,85,144,154,46,139,144,44,46,56,110,113,71,79,181,92,40,41,68,84,103,156,157,164,162,169,37,110,127,185,37,37,55,57,118,192,156,40,55,81,156,166,188,100,33,85,97,129,77,79,191,40,116,72,140,169,27,26,175,25,56,78,113,90,51,70,120,25,134,138,140,189,107,148,172,177,19,85,161,17,37,80,17,79,92,153,39,157,183,14,76,72,107,18,61,10,150,57,74,76,8,130,175,70,78,86,145,109,32,102,84,124,0,88,105,160,16,49,65,76,96,124,140,158,37,42,161,84,177
114,96,97,109,123,97,119,100,127,94,120,111,97,111,103,104,95,135,102,93,97,125,85,85,114,119,103,126,125,100,94,121,122,113,82,84,83,89,102,96,83,95,106,86,95,86,77,78,79,119,96,82,82,92,95,93,90,75,103,74,85,92,95,96,79,74,74,95,100,82,80,86,94,98,99,87,87,96,120,96,74,111,114,68,97,84,73,104,78,68,68,70,96,113,83,69,74,100,80,75,63,86,116,64,108,109,119,66,81,103,70,59,58,64,110,85,57,70,80,111,70,56,93,116,90,56,75,89,54,53,62,63,97,89,76,65,55,65,54,61,55,54,75,95,68,59,49,66,75,93,62,67,103,88,67,45,46,52,47,98,41,102,87,52,42,41,75,75,81,79,86,101,40,50,100,102,87,58,57,43,107,73,73,55,36,72,82,102,33,84,32,31,48,34,34,105,66,38,34,56,83,98,96,89,92,45,29,33,24,49,32,38,79,49,53,55,102,25,62,85,90,83,19,74,94,58,20,95,19,16,66,54,70,95,93,18,21,22,75,30,86,63,33,16,14,91,43,87,19,11,5,57,21,56,14,4,36,88,0,17,72,72,39,23,12,8,36,52,70,51,46,73,6,89
106,93,93,101,135,103,109,108,116,90,132,122,91,102,113,96,102,122,112,88,90,137,87,86,103,131,94,114,138,111,104,109,111,125,81,81,80,83,114,107,79,87,95,95,105,95,81,77,77,132,107,90,77,83,106,104,100,78,92,78,78,83,85,86,87,73,73,85,112,75,74,78,84,87,112,98,78,85,106,109,70,98,101,70,86,95,68,117,88,66,66,66,85,127,95,65,67,114,92,86,65,76,102,69,95,96,104,62,71,90,81,64,59,59,96,98,58,61,69,126,81,59,80,101,104,63,64,76,62,51,54,55,112,104,89,55,64,78,49,52,66,48,62,80,81,71,57,55,62,108,52,55,118,103,81,43,43,64,57,82,47,118,102,64,51,41,61,62,67,65,71,117,37,41,85,118,103,73,71,37,91,59,88,69,45,57,67,87,34,100,40,34,37,45,44,89,82,29,47,42,68,115,112,73,109,60,40,25,30,64,45,26,96,34,38,39,85,19,46,69,73,100,28,58,110,74,32,112,32,21,50,71,53,78,110,33,36,12,92,46,102,46,50,32,30,108,26,70,35,27,20,40,6,73,4,21,19,105,17,0,55,89,56,40,29,9,19,35,53,68,63,56,21,72
94,105,104,94,179,137,92,145,93,101,176,164,95,89,154,90,139,92,153,93,90,184,113,109,85,177,85,87,185,153,143,85,85,171,100,95,94,87,158,150,92,81,79,134,149,134,111,97,95,180,151,128,86,79,150,147,142,107,75,108,80,76,75,75,125,96,96,74,158,79,79,75,72,71,158,142,73,70,74,155,82,71,72,98,68,139,79,166,131,87,86,83,65,177,140,78,72,163,137,129,93,64,68,106,64,65,68,76,62,61,125,101,89,73,62,147,87,65,59,177,127,91,56,63,154,104,55,52,104,76,63,62,163,154,138,59,108,126,67,59,111,66,49,48,130,118,99,52,48,159,54,51,171,154,131,73,71,111,102,45,88,171,154,112,95,76,41,41,40,39,38,170,67,53,43,171,155,123,121,60,46,36,141,121,92,34,33,41,72,153,87,75,47,94,92,41,135,55,97,35,28,169,166,29,163,113,90,56,77,117,97,48,150,35,30,29,34,58,23,22,25,154,79,18,165,128,84,167,85,71,18,125,16,26,165,86,90,55,146,101,157,14,104,86,84,163,31,17,90,82,74,16,51,128,58,76,36,160,72,55,0,144,111,95,84,64,36,20,3,123,118,3,76,17
167,135,136,160,95,103,175,98,186,134,91,91,143,166,92,156,96,196,90,139,146,89,111,115,172,87,157,187,88,86,89,181,183,84,119,125,125,137,81,83,126,149,163,87,81,86,102,116,119,80,79,88,129,146,78,79,80,103,162,100,136,147,151,153,86,110,111,153,74,133,131,141,153,158,72,75,143,156,184,71,122,174,178,101,157,72,123,68,75,111,112,116,158,69,69,119,128,65,69,72,99,146,181,86,173,174,184,117,141,168,68,86,98,117,176,60,98,127,141,63,65,92,157,183,56,78,137,154,75,103,119,121,53,52,54,124,70,57,109,120,65,110,139,162,53,59,74,129,140,48,124,130,51,46,49,96,99,60,67,166,79,47,42,57,72,89,141,142,149,147,154,45,96,113,170,44,39,46,47,103,177,141,36,45,68,140,151,173,86,34,71,83,114,64,65,176,32,102,59,124,154,36,34,159,32,43,64,98,76,38,56,105,24,118,123,125,173,91,133,156,161,22,70,145,28,25,65,28,64,77,137,26,141,167,25,61,57,91,13,46,18,135,41,59,61,21,114,159,54,62,70,129,93,17,86,68,108,16,72,89,144,0,33,49,60,80,108,124,142,21,26,145,68,161
142,114,115,135,103,94,149,93,158,113,100,95,119,140,91,130,89,168,89,116,121,101,94,97,144,97,130,158,101,87,85,153,154,93,98,103,102,112,85,83,103,123,136,80,81,79,85,95,97,94,80,78,105,119,79,79,78,85,134,82,110,120,124,126,76,89,90,125,80,108,105,114,125,130,78,73,116,127,154,76,97,145,148,81,129,70,98,79,68,87,88,91,129,85,67,93,101,76,66,65,77,118,151,69,143,144,154,91,113,138,60,66,74,90,145,64,74,99,112,81,58,70,127,152,65,59,108,123,57,76,91,93,68,63,55,95,53,50,81,91,50,81,109,131,49,48,53,99,109,63,95,100,71,59,47,69,71,45,48,134,54,69,57,42,49,62,110,111,118,116,123,67,67,83,138,68,55,39,38,74,145,109,44,35,43,109,119,140,57,51,45,54,83,39,40,143,37,71,34,93,122,63,60,127,57,27,37,67,46,25,30,73,44,86,91,93,141,60,100,124,129,47,39,113,56,25,35,58,33,46,105,21,108,134,55,30,26,59,37,17,48,102,12,27,29,53,81,126,22,30,38,96,60,18,53,35,75,49,39,56,111,33,0,16,27,47,75,91,109,12,7,112,35,128
130,106,107,124,111,94,137,95,146,104,107,101,110,128,95,119,90,154,93,106,111,110,89,91,132,105,119,145,110,91,88,140,141,100,90,94,94,102,91,87,94,111,123,81,85,80,80,87,89,103,85,78,95,108,85,83,81,79,122,78,99,108,112,113,75,82,82,113,87,97,94,103,112,117,86,78,104,114,140,84,87,131,134,74,116,74,87,89,70,78,79,82,115,96,72,83,90,85,70,67,70,105,136,65,129,130,140,80,100,124,62,61,66,79,131,71,66,86,99,93,61,62,113,137,74,55,94,109,53,66,79,80,79,73,62,82,51,54,69,78,49,69,95,116,55,50,49,86,95,75,81,86,84,70,54,58,60,45,44,119,46,82,68,43,43,52,96,97,103,101,108,81,55,69,122,81,68,44,43,60,130,95,55,41,36,94,104,125,45,64,36,43,68,33,33,128,48,57,29,78,106,77,74,112,71,31,28,52,34,32,25,59,58,71,75,77,125,45,85,108,113,61,27,97,72,37,23,73,22,32,89,34,93,118,71,18,15,43,53,14,63,86,13,13,15,69,66,110,9,15,22,80,44,33,37,19,59,65,23,40,95,49,16,0,11,31,59,75,93,28,23,96,19,112
123,102,102,117,117,96,129,97,137,100,114,106,104,121,99,112,92,145,98,100,104,118,87,88,124,112,112,136,117,96,91,131,133,107,87,90,89,96,97,92,89,104,115,84,90,83,79,83,84,111,91,80,89,100,90,88,85,77,113,76,93,101,104,105,77,78,78,105,93,90,88,95,104,108,92,82,96,106,131,90,81,122,125,71,107,79,81,96,74,74,74,76,107,104,78,77,83,93,75,71,67,96,127,64,120,120,130,74,91,114,66,60,62,72,121,78,62,79,90,102,65,59,104,127,82,55,85,100,53,60,71,72,88,81,69,74,52,59,62,70,52,62,85,106,61,54,48,77,86,83,72,77,93,79,60,51,53,48,45,109,43,92,77,47,42,46,86,87,93,91,98,91,48,60,112,91,77,51,50,52,119,85,64,47,35,84,94,114,39,74,33,37,59,32,32,117,57,48,30,68,96,88,85,101,82,37,27,43,28,40,27,49,68,61,65,67,114,36,74,97,102,72,21,86,82,47,19,84,18,23,78,43,82,107,81,15,15,33,63,21,74,75,22,10,10,80,55,99,9,7,12,69,34,44,26,9,48,76,12,29,84,60,27,11,0,20,48,64,82,39,34,85,8,101
112,96,97,107,130,101,116,105,123,94,127,117,96,108,109,102,100,130,108,92,95,132,88,87,110,126,100,122,132,106,100,117,118,120,83,84,83,87,109,103,83,93,102,92,101,91,81,79,80,126,102,87,81,89,101,99,96,78,99,77,83,89,92,93,84,75,75,92,107,80,79,84,91,94,106,94,84,92,114,103,73,106,109,70,93,90,72,111,84,68,69,69,92,121,90,69,72,108,87,81,65,83,110,68,103,104,113,66,78,98,76,63,60,63,104,92,59,67,76,119,77,59,88,110,98,60,71,84,59,54,59,60,105,97,83,62,60,72,53,58,61,52,70,89,75,66,54,62,70,101,59,62,111,96,75,45,46,59,53,91,45,110,95,59,47,42,69,70,76,73,80,109,40,47,94,110,95,66,64,41,100,67,81,63,41,66,76,96,34,92,37,33,44,41,39,98,74,34,41,50,77,107,104,82,101,53,35,30,28,57,39,33,87,43,47,48,95,23,55,78,83,91,24,67,102,66,26,104,26,19,59,62,62,87,101,26,29,17,83,38,94,55,41,24,22,99,35,80,27,19,12,49,14,64,8,13,28,96,8,9,64,80,47,31,20,0,28,44,62,59,54,65,12,81
100,96,96,97,151,115,102,121,107,93,147,137,91,96,127,92,115,111,126,88,88,154,95,93,96,148,89,104,154,125,117,100,101,142,86,84,83,82,129,122,82,83,88,108,121,108,90,82,81,149,122,103,78,79,122,119,115,87,85,87,76,78,79,80,100,80,79,79,128,74,73,74,77,80,128,114,74,78,94,125,72,87,90,78,77,110,69,134,103,71,71,69,76,145,111,67,66,131,108,101,73,69,89,81,83,84,91,64,65,78,96,76,68,61,83,115,66,59,62,144,97,68,69,87,122,76,57,65,76,57,53,53,130,122,107,52,79,94,51,50,81,50,54,67,98,87,71,49,53,126,48,49,137,121,99,51,49,80,72,68,60,137,121,81,65,51,50,50,55,53,57,136,44,39,69,136,121,90,89,40,75,46,107,87,61,45,52,70,45,119,56,46,33,62,60,72,101,32,64,32,52,134,131,56,128,79,57,30,45,83,63,26,115,24,26,27,68,28,31,51,56,119,46,41,129,93,50,131,50,38,33,90,36,60,129,51,55,23,111,65,122,29,69,51,49,127,11,52,54,47,39,22,16,92,23,40,3,124,36,19,36,108,75,59,48,28,0,16,34,87,82,37,40,53
97,99,98,95,164,125,97,132,100,96,160,149,92,92,139,90,126,103,138,89,88,167,103,100,90,161,86,96,168,137,129,92,93,155,92,88,87,83,142,134,86,81,83,120,133,120,99,88,86,163,135,114,81,78,134,132,127,95,79,96,77,76,76,77,111,86,86,76,142,75,75,73,74,75,142,126,72,73,85,139,75,79,81,87,72,123,72,148,115,77,76,74,70,159,124,71,67,145,121,113,81,65,79,92,74,74,81,68,62,70,109,87,76,65,73,129,75,60,59,159,110,78,62,76,136,88,54,58,89,64,56,55,145,136,121,53,92,108,57,52,95,55,49,57,113,101,83,48,49,141,48,47,152,136,113,60,58,94,85,57,72,152,136,95,78,62,43,44,46,44,47,151,53,43,57,152,136,105,103,47,62,39,122,102,75,37,42,57,56,134,69,58,36,76,74,58,116,40,79,29,40,150,147,43,144,94,71,40,59,98,78,33,130,24,22,22,53,41,22,37,42,134,60,28,145,109,65,147,66,52,22,105,23,45,145,67,70,37,127,81,138,16,85,67,65,143,13,36,70,62,54,9,32,108,38,56,16,140,52,35,20,124,91,75,64,44,16,0,18,103,98,21,56,37
96,106,105,96,179,137,94,145,95,102,175,164,96,91,153,91,139,95,152,94,92,183,114,110,87,176,87,89,184,152,143,87,87,170,101,96,95,88,157,149,93,83,81,134,148,134,111,97,95,179,150,128,87,80,149,147,142,107,77,108,81,78,77,77,125,97,96,76,157,80,80,76,73,73,157,142,74,72,77,154,83,73,74,98,70,138,80,165,130,87,86,83,67,176,140,79,73,162,136,129,93,66,70,106,67,67,71,77,64,64,124,101,88,73,64,145,87,66,61,176,126,91,58,65,153,103,56,54,104,76,64,62,162,153,137,60,107,124,67,60,110,66,50,50,129,117,98,53,49,158,54,51,169,153,130,73,70,110,101,48,87,169,153,111,94,76,43,42,42,41,41,169,67,53,45,169,154,122,120,60,49,37,139,119,91,36,35,44,72,152,86,74,47,93,91,44,133,54,96,36,30,167,164,32,161,111,88,55,76,116,95,47,148,35,30,29,37,57,24,25,28,152,78,20,163,126,82,165,83,69,19,123,17,29,163,84,88,54,145,99,155,14,102,85,83,161,29,19,88,80,72,15,49,126,56,74,34,158,70,53,3,142,109,93,82,62,34,18,0,121,116,3,74,19
151,122,123,144,100,97,159,95,169,121,96,93,128,150,91,140,91,178,89,124,130,97,100,103,155,93,140,169,96,86,86,163,165,89,106,111,111,122,83,82,111,132,146,82,80,81,91,102,105,89,79,81,114,129,78,78,78,91,145,89,120,130,134,136,79,97,97,135,77,117,115,124,135,140,75,73,126,138,165,74,106,156,159,88,139,70,107,75,70,96,97,100,140,79,67,103,111,71,66,67,85,128,162,75,154,155,165,100,123,149,62,73,83,100,156,61,83,109,123,74,60,78,138,164,61,66,119,135,63,86,102,103,62,58,53,106,59,51,92,102,55,92,120,142,49,51,60,110,120,57,106,111,63,53,46,79,81,49,54,146,63,61,50,47,57,72,122,123,129,127,134,59,78,94,149,59,48,39,40,85,157,121,39,37,52,121,131,152,68,43,54,65,94,47,49,155,32,82,42,104,133,53,50,139,47,31,46,78,57,27,39,85,35,98,103,105,153,71,112,136,141,37,51,125,46,20,46,47,44,57,117,18,120,146,44,41,37,71,27,27,36,114,22,39,41,41,94,138,34,42,50,108,72,8,65,47,87,37,51,68,123,21,12,28,39,59,87,103,121,0,5,124,47,140
147,119,120,141,102,96,155,94,165,118,98,94,125,146,91,136,90,174,89,121,127,99,98,101,150,95,136,165,98,87,86,159,161,91,103,108,107,118,84,82,108,129,142,81,81,80,89,99,102,91,80,80,110,125,79,79,78,89,141,86,116,126,130,132,78,94,94,131,78,113,111,120,131,136,77,73,122,134,161,75,103,151,155,85,135,70,103,77,69,93,93,97,135,82,67,99,107,73,66,66,82,124,157,72,150,151,161,96,119,144,61,70,80,96,152,62,79,105,118,77,59,75,134,159,63,63,114,130,60,82,97,99,65,60,54,102,56,51,87,97,53,88,115,137,49,50,57,106,116,59,101,106,66,56,46,75,77,47,51,141,59,64,53,45,54,68,117,118,125,122,130,62,74,89,145,63,51,39,39,80,152,116,41,36,48,116,126,147,64,47,50,60,90,44,45,150,34,77,39,100,129,57,54,134,51,29,43,74,52,26,35,80,39,93,98,100,148,67,107,131,136,41,46,120,50,22,41,52,40,53,112,19,115,141,49,37,33,66,31,23,41,109,18,34,36,46,89,133,29,37,45,103,67,12,60,42,82,42,46,63,118,26,7,23,34,54,82,98,116,5,0,119,42,135
97,108,107,97,182,140,95,148,95,104,179,167,98,92,156,93,142,95,155,96,94,186,116,112,88,179,88,89,187,155,146,87,88,173,103,98,97,90,161,152,96,84,82,137,151,137,114,100,98,182,153,131,89,82,152,150,145,110,78,111,83,79,78,78,128,99,99,77,161,82,82,78,75,74,161,145,76,73,77,157,85,73,74,101,71,142,82,168,133,89,89,86,68,179,143,81,76,165,140,132,96,67,70,109,67,67,71,79,66,64,128,104,91,76,64,149,90,68,62,179,129,94,59,65,156,106,58,55,107,79,66,65,165,156,140,62,110,128,70,62,114,69,52,51,132,120,102,55,51,161,57,54,173,156,133,76,73,113,104,47,90,172,156,114,97,79,44,44,43,42,41,172,70,56,45,172,157,125,123,63,48,39,143,122,94,37,36,43,75,155,89,77,50,96,94,43,137,57,99,38,31,170,168,31,164,114,91,58,79,119,98,50,151,38,33,32,35,60,26,24,27,155,81,21,166,130,85,168,86,73,21,126,19,27,166,87,91,57,148,102,159,17,106,88,86,164,33,17,91,83,75,18,52,129,59,77,37,161,73,56,3,145,112,96,85,65,37,21,3,124,119,0,77,16
120,101,102,115,124,99,125,102,133,99,120,112,102,117,105,109,97,140,103,98,102,124,89,89,120,119,108,132,124,101,96,127,128,113,87,89,88,94,103,97,88,101,111,88,96,88,81,83,84,118,97,84,87,97,96,94,91,79,109,78,90,97,100,102,81,78,78,101,100,87,85,92,100,104,99,88,93,102,125,96,79,117,120,72,103,85,79,103,79,73,73,75,102,112,84,75,80,100,81,77,67,92,121,67,114,115,124,72,87,109,71,62,63,70,115,85,62,75,86,110,71,60,98,121,89,58,81,94,57,59,67,69,96,88,76,70,57,66,60,66,57,59,80,100,68,60,51,72,80,91,68,72,101,87,67,50,51,53,49,103,45,100,85,53,45,45,80,81,87,85,91,99,46,56,105,99,85,58,57,49,112,78,71,54,38,77,87,108,38,82,35,36,54,36,36,110,64,43,35,61,89,96,93,94,90,45,31,39,28,47,32,43,77,54,58,60,107,31,67,90,95,80,22,79,90,55,22,92,21,21,71,52,74,100,90,19,21,27,72,28,82,67,30,16,14,88,47,92,17,11,9,62,26,52,19,6,40,84,6,21,76,68,35,19,8,12,40,56,74,47,42,77,0,93
101,117,116,102,196,153,97,161,95,113,193,181,106,96,170,98,155,92,169,104,101,201,128,124,90,194,93,88,202,169,160,87,87,188,114,108,107,98,175,166,105,90,85,150,165,151,126,111,108,197,167,144,99,89,167,164,159,122,81,124,92,85,84,83,142,111,110,82,175,91,91,85,80,78,175,159,83,77,74,172,96,73,73,114,75,156,92,183,148,101,100,97,71,194,157,92,85,180,154,146,109,73,67,122,66,66,67,91,72,64,142,118,104,87,62,164,103,78,69,194,144,107,62,60,171,120,66,59,121,91,77,76,180,172,156,72,125,143,82,74,129,81,60,51,148,136,116,65,58,177,67,63,188,172,149,89,87,129,119,46,105,188,172,130,112,93,51,51,48,47,44,188,84,69,41,188,173,141,139,76,42,46,158,138,109,45,40,38,90,171,104,92,63,111,109,35,152,72,114,51,33,186,183,30,180,130,107,73,94,135,114,65,167,51,47,45,26,76,38,24,23,171,97,28,182,146,101,184,102,88,32,142,28,19,182,103,107,73,164,118,175,30,122,104,102,180,48,11,107,99,91,33,68,145,75,93,53,177,89,72,17,161,128,112,101,81,53,37,19,140,135,16,93,0
