0,1,11,99,109,119,149,181,4,65,88,113,131,7,77,121,164,88,157,126,143,10,21,64,81,140,44,71,177,10,145,160,57,75,105,13,20,111,148,15,104,104,166,15,83,98,62,95,105,18,91,98,124,143,90,125,152,24,22,21,158,31,43,59,79,107,38,59,77,124,26,73,82,98,150,171,23,130,133,136,39,114,168,173,31,28,40,47,97,100,136,148,28,62,98,115,173,102,57,86,144,172,32,72,68,97,116,160,40,76,99,37,93,97,101,150,35,43,58,129,137,164,38,64,90,110,126,174,49,54,82,104,160,173,176,39,44,87,89,174,122,44,41,42,45,73,102,161,65,91,45,98,104,109,46,123,46,48,93,47,47,56,59,87,118,49,89,142,175,176,66,152,177,69,153,55,61,102,133,142,145,154,55,53,103,53,119,134,171,57,56,69,71,93,126,154,174,98,135,153,56,56,57,59,61,62,67,104,105,179,59,57,94,124,58,59,92,109,117,61,59,76,127,127,146,154,157,178,61,99,150,73,84,86,166,68,94,114,123,124,109,115,154,65,112,182,144,179,181,66,192,68,68,91,162,167,193,69,74,75,125,133,143,168,187,70,70,71,106,147,178,89,110,144,155,188,72,189,81,96,145,152,108,118,180,78,79,126,142,185,179,189,106,159,161,90,115,121,130,157,86,143,80,81,81,101,122,164,179,97,101,166,83,93,115,119,135,183,137,85,139,159,125,126,160,85,186,93,101,133,165,181,87,106,136,180,95,98,110,130,162,164,194,99,91,114,134,91,97,93,104,112,129,145,178,93,109,125,137,112,139,168,95,143,184,96,114,165,178,196,99,99,185,98,99,147,100,112,118,146,120,143,102,144,103,103
1,0,10,98,108,118,148,180,3,64,87,112,130,8,76,120,163,87,156,125,142,11,20,64,80,139,43,70,176,10,144,159,56,74,104,14,19,110,147,15,103,103,165,15,82,97,61,94,104,18,90,97,123,142,89,124,151,25,22,22,157,30,42,58,78,106,37,58,76,123,26,72,81,97,149,170,23,129,132,135,38,113,167,172,31,28,40,47,96,99,135,147,28,61,97,114,172,101,56,85,143,171,32,71,67,96,115,159,40,75,98,37,92,96,100,149,35,42,57,128,136,163,38,63,89,109,125,173,48,53,81,103,159,172,175,39,44,86,88,173,121,44,42,42,45,72,101,160,64,90,45,97,103,108,45,123,46,48,92,48,47,55,59,86,117,48,88,141,174,175,65,151,176,69,152,54,60,101,132,142,144,153,55,53,102,53,118,133,170,57,56,68,70,92,125,153,173,97,134,152,56,56,56,59,61,62,67,103,104,178,59,57,93,123,58,59,92,108,116,61,60,75,126,127,145,153,156,177,60,98,149,72,83,85,165,67,94,113,122,123,108,114,153,65,111,181,143,178,180,66,191,67,68,91,161,166,192,69,74,75,124,132,142,167,186,71,70,71,106,146,177,88,109,143,154,187,72,188,80,96,144,151,107,117,179,77,78,125,141,184,178,188,105,158,160,90,114,120,129,156,85,142,80,80,81,100,121,163,178,97,100,166,83,93,115,118,134,182,136,85,139,158,124,125,159,85,186,93,100,132,164,180,87,106,135,179,95,98,109,129,161,163,193,98,91,113,133,91,97,93,104,112,128,144,177,93,108,125,137,111,139,167,95,142,183,96,113,164,177,195,99,99,185,98,99,147,100,111,118,145,119,142,102,143,103,103
11,10,0,88,98,108,138,170,7,54,77,102,120,17,66,110,153,77,146,115,132,19,11,54,70,129,33,60,166,14,134,149,46,64,94,21,13,100,138,13,93,93,155,19,73,87,52,85,94,18,80,88,113,132,79,114,141,32,29,28,147,24,34,48,68,96,30,49,66,113,33,63,71,87,139,161,25,119,122,125,32,103,157,162,37,32,33,39,86,89,125,138,29,52,88,105,162,92,48,76,133,161,31,62,59,87,105,149,35,66,88,42,83,87,91,139,37,38,49,118,126,153,36,55,80,100,115,163,43,47,73,94,149,163,165,40,40,78,79,164,111,49,44,43,42,65,92,150,57,81,44,89,94,99,45,113,48,46,84,50,48,51,53,78,108,48,80,132,164,165,59,142,166,62,143,52,56,92,123,132,135,143,59,56,94,54,109,124,161,61,54,63,64,85,116,144,163,89,125,143,57,57,56,56,58,58,62,95,96,169,62,58,86,114,59,58,84,100,108,64,62,70,117,118,136,144,146,168,60,91,140,68,77,78,155,64,86,105,113,114,100,106,144,68,103,171,134,169,171,67,181,67,67,84,152,157,183,68,71,71,116,123,134,158,177,73,69,69,98,138,168,83,102,135,145,177,71,179,77,89,136,143,100,110,170,75,76,117,133,175,169,179,99,150,151,85,107,112,122,148,82,134,79,79,79,95,114,155,170,91,94,157,81,88,108,111,126,173,129,87,131,150,117,118,151,85,177,90,96,124,156,171,87,100,127,171,91,94,104,122,153,155,184,95,93,108,126,93,94,95,100,106,121,137,168,93,103,118,129,106,132,159,95,135,174,96,108,156,169,187,97,98,176,98,99,139,101,107,113,138,114,135,102,136,104,103
99,98,88,0,10,20,50,82,95,34,11,14,32,105,22,22,65,13,58,28,45,105,80,36,20,42,57,30,79,99,47,62,44,27,12,106,84,16,50,92,14,15,67,101,23,15,42,17,17,95,20,17,29,46,21,31,55,116,112,111,61,78,64,48,30,21,70,49,33,31,114,36,30,22,54,74,100,37,39,42,75,29,72,77,117,109,74,66,28,27,43,54,100,52,28,31,77,29,59,35,52,76,97,46,50,33,34,66,83,45,34,118,36,35,34,58,106,82,64,43,48,70,94,58,40,36,43,80,78,72,46,38,68,80,82,105,87,44,43,81,43,121,113,108,92,57,42,70,66,47,99,45,44,44,102,48,112,98,49,115,108,83,79,54,48,104,54,59,84,85,74,67,86,71,68,94,83,52,56,61,63,69,127,122,53,111,53,58,83,128,100,78,76,59,56,70,85,58,60,70,114,113,107,98,93,91,84,57,57,90,127,113,62,58,116,105,64,58,58,127,121,78,60,61,69,73,75,91,109,63,71,85,73,72,82,95,68,62,62,63,64,63,75,128,64,96,71,94,96,121,104,112,111,77,82,86,106,110,97,95,68,70,73,87,101,132,111,106,71,76,95,83,71,75,80,103,111,104,95,80,77,80,76,73,98,105,103,74,77,103,98,105,80,86,87,93,78,77,77,86,100,81,118,115,114,87,79,91,100,91,89,93,114,97,83,82,81,104,83,142,84,91,84,84,92,125,108,107,98,86,96,105,125,95,87,105,108,104,94,88,95,96,115,105,143,95,90,140,111,145,105,98,92,93,106,134,102,94,93,102,94,102,136,95,111,134,103,102,109,120,125,124,114,138,136,100,144,111,106,100,107,101,141,102,146,140
109,108,98,10,0,10,40,72,105,44,21,5,22,115,32,13,55,22,48,18,35,115,90,46,29,32,67,40,69,108,37,52,54,37,12,116,94,12,41,102,14,15,58,111,31,19,52,22,17,104,26,21,22,37,28,23,46,125,121,121,52,87,74,58,39,20,80,58,41,25,124,45,37,26,45,65,109,30,32,34,84,26,63,67,127,119,83,75,31,30,36,46,110,61,32,28,68,31,68,41,44,67,107,54,59,36,32,58,92,53,37,128,40,38,37,50,115,91,72,38,42,62,103,67,45,36,39,71,87,81,52,40,60,71,74,115,96,50,49,72,40,131,122,117,101,65,45,62,74,52,108,49,46,45,111,45,121,106,54,124,117,92,87,59,47,113,59,54,76,77,81,60,78,79,62,103,92,55,53,56,58,62,136,131,56,120,53,55,76,137,108,85,83,63,54,64,78,62,57,65,123,122,115,107,101,99,91,60,59,83,136,121,66,57,125,114,69,60,58,136,130,85,59,59,64,68,69,83,117,67,66,92,80,78,76,103,73,63,62,62,66,64,70,137,66,88,68,87,88,129,97,120,119,82,77,80,98,118,104,103,68,68,70,82,94,141,119,114,74,72,88,88,74,72,76,96,119,97,102,85,74,76,79,75,91,113,110,74,75,96,92,99,84,82,83,99,81,79,77,82,107,79,125,122,121,91,81,86,95,97,93,88,121,103,85,84,81,98,82,150,83,87,86,85,88,133,102,113,103,86,92,99,133,99,87,100,114,109,98,89,92,93,109,111,151,98,91,148,117,153,110,102,94,92,102,142,107,96,93,106,94,99,143,95,106,142,107,99,104,114,132,130,109,145,143,99,152,116,110,100,111,101,149,102,154,147
119,118,108,20,10,0,30,62,115,54,31,7,12,125,42,4,45,32,38,10,25,125,100,56,39,22,77,50,59,118,28,42,64,46,19,126,104,15,31,112,21,21,48,121,40,27,61,30,22,114,34,28,17,29,36,19,37,135,131,130,42,97,83,67,47,24,89,67,50,21,134,54,46,33,36,56,119,25,26,27,94,27,54,58,137,129,93,84,37,35,30,38,119,70,38,29,59,36,77,48,37,58,116,62,67,42,33,50,102,61,42,137,47,44,42,43,125,100,81,35,37,54,113,75,52,39,37,63,96,89,60,44,52,63,65,124,105,57,55,64,40,140,132,126,110,72,49,55,82,58,118,54,51,48,121,45,130,116,60,134,126,101,95,66,48,122,65,50,69,69,90,55,71,87,56,111,100,60,51,53,54,57,146,140,60,129,55,53,69,146,117,93,91,69,54,60,71,67,55,60,132,131,124,115,109,108,99,64,64,76,145,130,72,58,134,123,75,64,60,145,139,92,59,59,61,63,64,77,126,72,63,100,86,85,70,111,78,66,63,63,70,67,66,146,69,82,66,81,82,138,90,129,127,88,73,75,91,126,112,110,69,68,68,76,87,150,127,122,79,70,82,95,78,70,73,89,127,90,109,91,72,74,83,77,86,120,118,76,74,90,86,92,88,79,79,105,84,81,78,79,114,78,133,130,129,97,83,83,89,102,99,84,129,109,89,87,82,93,82,158,83,85,88,88,86,141,97,120,108,88,89,95,140,105,88,95,121,116,103,91,90,90,103,117,159,102,92,156,124,161,116,107,96,92,98,149,112,99,95,111,95,96,151,96,102,149,112,97,101,109,139,137,105,153,150,100,159,121,115,101,115,103,156,104,161,154
149,148,138,50,40,30,0,32,145,84,61,36,18,155,72,28,16,61,10,24,9,155,130,85,68,12,106,80,29,148,11,15,94,76,46,155,134,41,12,142,48,48,21,151,69,54,90,57,48,144,62,55,31,18,64,31,18,165,161,160,21,127,113,96,76,48,119,96,78,34,163,82,73,58,22,30,149,31,29,27,123,46,31,34,166,158,122,113,62,59,31,27,149,98,62,46,36,59,105,74,31,36,145,90,95,65,50,33,130,87,65,167,71,67,64,34,154,129,109,43,39,37,142,103,76,58,47,43,124,117,85,64,38,43,44,153,134,81,79,44,52,169,160,155,139,98,70,42,109,81,146,75,70,66,149,56,159,144,82,162,154,128,122,89,62,150,88,50,52,52,116,49,53,113,50,139,127,80,57,53,53,51,174,168,79,157,68,59,55,175,144,119,116,91,64,54,56,87,61,55,159,158,152,142,136,134,125,83,82,60,173,158,93,69,162,150,96,81,75,173,167,117,70,69,61,59,59,62,153,92,61,125,110,108,61,137,100,82,75,75,87,82,64,173,86,67,68,67,68,165,73,155,153,110,67,67,74,152,137,135,81,76,72,68,72,177,153,148,97,72,71,117,95,74,71,74,153,76,133,111,76,74,101,92,75,145,143,88,79,77,76,79,107,77,76,128,100,95,89,78,137,83,158,155,154,117,97,79,80,123,119,80,153,131,105,102,91,82,91,185,91,84,102,100,85,165,87,142,129,98,86,87,165,124,98,87,143,137,121,103,89,89,91,138,184,120,103,181,146,186,136,125,109,99,92,174,132,113,105,129,105,95,175,104,95,173,130,97,96,98,161,160,97,177,174,107,184,141,132,109,132,112,180,113,185,178
181,180,170,82,72,62,32,0,177,116,93,68,50,187,104,60,17,93,25,55,39,187,162,117,100,42,138,111,10,180,37,23,125,108,78,187,165,72,35,173,79,79,21,183,100,85,122,88,79,176,94,86,60,43,95,60,35,197,193,192,31,158,144,128,107,79,150,128,109,63,195,113,104,89,40,25,180,58,55,52,154,75,30,28,198,190,153,145,92,89,55,44,180,129,91,74,30,88,136,104,50,32,177,120,125,95,77,40,161,118,94,198,100,96,92,49,185,160,139,67,60,41,173,133,105,85,71,39,155,148,114,92,46,40,39,184,165,110,108,41,77,200,191,186,169,128,98,49,139,110,177,103,97,92,180,80,190,174,110,193,185,158,152,118,87,180,116,67,50,49,145,61,50,142,62,169,157,106,77,70,68,62,205,199,106,188,92,79,56,205,175,148,145,118,86,65,56,114,80,67,189,189,182,172,166,164,155,109,108,57,203,188,120,91,192,180,123,106,98,204,197,145,91,90,75,71,69,60,183,118,74,154,137,136,67,166,126,105,97,97,112,106,75,203,110,65,84,66,66,195,66,185,183,137,75,73,67,181,166,164,102,95,87,73,68,207,183,177,121,86,71,144,119,89,82,70,181,71,161,137,91,86,125,114,75,174,171,108,95,75,77,75,131,86,85,155,123,117,108,89,165,99,187,183,182,142,118,87,81,149,144,87,181,157,128,124,109,83,108,214,108,94,122,121,95,194,86,169,154,117,95,89,193,148,116,90,170,163,145,122,99,98,88,164,213,143,122,210,172,215,161,149,129,115,96,202,156,134,123,153,122,103,203,120,98,200,154,107,101,97,188,186,100,204,201,122,211,165,155,125,155,129,207,130,213,205
4,3,7,95,105,115,145,177,0,61,84,109,127,10,73,117,160,84,153,122,139,12,17,60,77,136,40,66,173,9,141,156,53,71,100,15,16,107,144,13,100,100,162,15,79,94,58,91,101,16,86,94,120,139,86,121,148,26,23,23,154,28,39,54,74,103,34,55,73,120,27,69,78,93,146,167,22,126,129,132,35,110,164,169,32,28,37,44,93,96,132,144,27,58,94,111,169,98,53,82,140,168,30,68,64,93,111,156,37,72,95,38,89,93,97,146,34,40,54,125,132,160,36,60,85,106,121,170,46,50,78,100,155,169,172,38,42,83,85,170,118,44,41,41,43,69,98,156,62,87,43,94,100,105,44,119,46,46,89,47,46,53,56,83,114,47,85,138,171,172,62,148,173,66,149,52,58,98,129,138,141,150,55,53,99,52,114,130,167,57,54,66,68,89,122,150,169,94,131,149,55,55,55,57,59,60,64,100,101,175,59,56,90,120,57,57,89,105,113,61,59,73,123,123,142,150,152,174,59,95,145,70,81,82,162,65,91,110,119,120,105,111,149,65,108,178,140,175,177,65,188,66,66,88,157,163,189,68,72,73,121,129,139,164,183,70,68,69,103,143,174,86,106,140,151,183,71,185,78,93,141,148,104,114,175,76,77,122,138,181,174,184,103,155,157,87,111,117,126,153,83,139,78,79,79,98,118,160,175,94,97,162,81,90,112,115,131,179,133,84,136,155,121,122,156,84,182,91,98,129,161,177,86,103,132,176,93,96,107,127,158,160,190,96,90,111,130,91,95,93,102,109,125,141,174,92,106,122,134,109,136,164,94,139,180,95,111,161,174,192,97,98,181,97,98,144,99,109,115,142,117,139,101,140,102,102
65,64,54,34,44,54,84,116,61,0,23,48,66,71,12,56,99,24,92,61,78,71,47,7,17,75,23,9,112,65,81,95,13,13,40,72,50,46,84,58,40,40,101,67,22,35,16,33,42,61,29,36,60,79,29,61,88,82,78,77,94,45,33,21,22,44,39,22,22,60,81,22,25,37,86,107,67,67,70,72,44,52,104,109,84,77,44,37,38,40,73,85,68,29,40,54,109,43,34,33,81,108,65,30,31,41,55,97,53,32,43,86,40,42,45,87,74,52,39,68,75,101,64,37,39,52,66,111,50,46,38,49,97,110,113,74,58,40,41,112,63,89,81,77,63,41,50,99,45,45,70,49,52,55,73,67,82,69,48,85,78,58,54,47,63,75,48,83,113,114,52,92,115,52,94,67,59,55,77,84,87,94,97,92,56,82,66,78,111,98,73,57,56,54,72,95,113,56,79,95,85,84,79,72,68,67,62,60,60,119,97,84,57,72,88,79,57,63,68,98,92,60,75,75,90,96,99,118,82,61,93,65,60,60,107,72,61,68,73,74,66,69,97,99,69,122,90,120,122,93,132,87,85,66,105,110,133,85,76,75,78,83,91,111,128,104,86,83,70,94,120,70,72,92,100,129,87,130,76,71,94,99,73,77,122,84,82,82,92,128,122,131,76,106,107,78,79,81,86,105,82,95,94,92,92,78,83,111,124,80,79,113,92,82,82,83,91,127,93,115,95,108,87,88,109,102,131,90,86,92,114,127,103,86,94,127,92,89,87,92,112,114,139,91,118,89,95,116,95,120,92,91,94,102,126,112,92,94,99,93,100,119,113,103,132,112,95,117,127,142,106,105,134,116,114,107,121,100,99,107,100,106,120,107,124,119
88,87,77,11,21,31,61,93,84,23,0,25,43,94,11,33,76,4,69,38,55,94,69,25,9,52,46,19,89,87,58,72,33,17,18,95,73,24,61,81,19,19,78,90,14,16,31,15,21,83,15,17,38,56,16,39,65,104,100,99,71,66,53,38,22,25,59,38,24,39,103,27,22,21,63,84,89,45,48,51,64,33,82,86,106,98,63,55,25,26,51,63,89,42,27,35,87,29,49,29,60,86,86,37,41,30,38,75,72,37,31,107,32,32,33,66,95,71,53,49,55,79,83,49,35,38,47,89,67,62,39,37,76,89,91,95,77,38,38,90,47,110,102,97,81,49,40,78,57,42,89,42,42,44,92,51,101,87,45,104,97,73,69,47,49,93,48,65,92,93,64,73,95,62,75,84,74,49,60,67,69,75,116,111,50,101,54,62,91,117,90,69,67,53,58,76,93,53,64,76,103,102,97,88,83,81,74,54,54,98,116,102,57,59,106,95,58,56,58,117,111,70,62,62,73,79,81,98,99,59,76,76,66,65,89,86,62,61,63,63,61,62,80,118,62,103,75,101,103,110,112,102,101,70,88,92,113,100,88,87,68,71,76,93,108,122,101,97,67,79,101,76,68,78,84,110,101,111,87,74,80,84,72,71,104,96,94,73,79,109,104,112,75,90,92,85,75,75,77,90,92,82,108,105,105,81,77,95,106,85,83,97,105,89,79,79,81,110,83,132,84,94,82,82,95,116,114,99,91,85,99,110,116,89,86,110,100,97,89,86,98,99,121,98,133,90,89,131,104,135,98,93,90,93,110,125,96,91,92,96,93,105,127,95,116,125,98,105,113,125,117,116,118,129,127,99,135,105,101,100,102,100,133,101,137,131
113,112,102,14,5,7,36,68,109,48,25,0,18,119,36,8,51,25,44,14,30,119,94,49,32,27,70,43,64,112,33,48,58,40,12,119,97,9,36,105,14,15,53,115,33,20,55,23,16,108,28,21,17,32,29,19,41,129,125,124,47,91,77,60,41,19,83,61,43,20,127,47,39,26,40,60,113,25,27,29,87,23,58,62,130,122,86,78,31,29,31,41,113,63,31,25,63,30,70,42,39,62,110,56,60,36,29,53,95,54,36,131,40,38,36,45,118,94,74,34,37,57,106,68,45,34,35,66,89,83,53,38,55,66,69,118,99,50,49,67,37,134,125,120,104,66,44,57,75,52,111,48,45,43,114,42,124,109,54,127,119,94,89,59,44,115,59,50,71,72,83,55,73,80,57,105,93,54,49,52,53,58,139,133,55,123,50,51,71,140,110,87,84,63,51,60,73,61,53,60,125,124,118,109,103,101,93,59,58,78,138,123,66,54,127,116,69,59,56,139,132,86,56,56,60,63,64,78,119,66,62,93,80,79,71,104,72,61,59,59,65,62,66,139,65,83,64,82,84,131,92,122,120,82,72,75,93,119,105,104,65,65,66,77,89,143,121,116,73,68,83,89,73,68,72,91,120,92,103,85,70,72,78,73,87,114,112,72,71,91,87,94,83,78,79,99,79,77,74,78,107,75,126,123,122,91,79,82,90,96,93,84,122,103,84,82,78,93,79,152,80,83,84,83,84,134,98,113,102,84,88,95,134,99,84,95,115,109,97,87,88,89,104,111,152,97,88,150,118,154,110,102,92,89,97,143,107,95,91,105,92,95,144,92,102,143,107,95,100,110,132,131,104,146,144,96,153,116,109,97,110,99,149,100,155,148
131,130,120,32,22,12,18,50,127,66,43,18,0,137,54,10,33,43,26,6,13,137,112,67,50,10,88,61,46,130,16,30,75,58,28,137,115,23,19,123,30,30,36,133,50,36,72,39,30,126,44,37,16,18,46,17,25,147,143,142,31,108,95,78,58,31,101,78,60,20,145,64,55,41,25,43,131,20,20,20,105,30,42,46,148,140,104,95,45,42,24,28,130,80,45,31,47,42,87,57,29,47,127,72,77,49,35,39,112,70,48,148,54,51,48,34,136,111,91,33,32,43,123,85,59,43,36,52,106,99,68,49,42,52,54,135,116,64,62,53,40,151,142,137,120,81,54,46,91,65,128,59,55,51,131,45,141,126,66,144,136,110,105,73,50,132,72,45,58,59,98,48,60,95,49,121,109,64,49,48,48,50,156,150,65,139,56,51,59,157,127,102,99,75,54,53,61,72,53,53,141,140,134,125,119,117,108,68,68,66,155,140,78,58,144,132,81,67,62,155,149,100,59,59,56,57,58,67,136,77,57,108,93,92,62,120,84,69,64,64,73,69,61,155,72,72,62,72,73,147,80,138,136,94,66,68,81,135,120,118,70,67,65,69,78,159,136,131,83,66,74,101,81,67,67,80,135,81,117,96,69,69,87,80,77,128,126,77,72,81,78,83,93,74,74,112,87,83,78,74,121,76,141,138,137,102,85,77,82,108,104,78,136,115,92,90,81,85,82,167,82,80,90,89,81,149,89,126,114,88,84,88,148,109,88,88,127,122,107,92,85,85,95,123,167,106,93,165,130,169,121,111,98,91,91,157,117,102,95,115,95,91,158,95,96,157,116,93,95,101,145,144,98,160,158,98,167,126,118,100,119,102,163,103,169,162
7,8,17,105,115,125,155,187,10,71,94,119,137,0,83,127,170,94,163,132,149,4,25,70,87,146,49,76,183,9,151,166,62,80,110,8,23,116,154,17,109,109,171,12,89,104,67,101,111,18,96,104,130,149,95,131,158,17,16,16,164,34,47,63,84,112,42,63,82,129,19,78,87,103,155,177,21,135,138,141,41,119,173,178,25,23,43,51,102,105,141,154,26,66,103,120,179,107,60,91,149,177,30,76,72,102,120,165,41,79,103,31,98,102,105,155,31,44,61,134,141,169,37,67,94,115,130,179,50,56,86,108,165,178,181,36,44,91,93,179,126,38,37,38,44,76,106,165,67,94,43,102,108,113,43,128,42,46,97,43,44,56,60,90,122,46,92,147,179,180,67,157,182,71,158,54,61,105,137,147,150,158,49,48,106,49,122,138,176,51,54,70,72,96,130,158,178,101,139,157,52,52,54,57,61,62,67,107,108,184,54,54,97,128,54,57,95,112,121,56,55,77,130,131,150,158,161,182,58,102,154,73,86,87,170,67,96,117,126,127,112,118,157,60,115,186,147,183,185,62,196,65,65,93,165,171,197,67,73,74,128,136,147,172,191,65,67,69,109,151,182,90,112,148,158,192,70,193,80,98,148,156,109,121,183,76,77,129,145,189,182,193,108,163,165,90,117,123,133,161,85,146,77,78,78,102,124,168,183,97,101,170,81,93,117,121,138,187,140,80,142,162,127,128,163,82,190,92,101,135,168,184,84,107,138,184,94,98,111,132,165,167,198,98,86,115,136,87,96,88,104,112,130,147,181,89,108,127,139,112,141,171,91,145,187,93,114,168,181,199,97,97,189,94,96,149,96,111,118,148,120,144,98,145,99,100
77,76,66,22,32,42,72,104,73,12,11,36,54,83,0,44,87,11,80,49,66,83,58,14,6,63,34,9,100,76,68,83,22,8,28,83,62,34,71,70,28,28,89,79,12,23,21,21,30,72,18,24,48,66,18,49,75,93,89,88,81,55,42,27,16,32,48,28,17,48,92,19,18,25,73,95,77,54,57,60,53,40,92,97,95,87,52,44,28,30,61,73,78,33,29,42,97,33,39,26,69,96,75,30,33,32,44,85,61,30,33,96,32,33,35,75,84,61,44,56,63,89,72,40,32,42,54,99,57,52,34,39,85,98,101,84,66,35,35,99,52,99,91,86,71,42,41,87,48,39,78,41,43,46,81,56,90,77,42,93,86,64,59,43,53,83,44,72,101,102,56,81,103,54,82,74,64,48,66,73,75,83,106,100,49,90,57,67,99,106,80,60,59,50,62,84,101,51,69,83,93,92,86,79,74,72,66,53,53,107,105,92,53,62,96,85,54,56,60,106,100,62,65,66,79,85,87,106,89,56,82,68,60,59,96,77,58,61,65,65,60,62,86,107,62,111,80,109,110,100,120,93,91,65,94,99,122,91,79,78,70,74,81,100,116,112,92,88,65,84,109,70,66,82,90,117,92,119,79,69,84,89,69,71,111,88,86,74,83,116,111,119,72,96,97,79,73,75,78,94,85,86,99,97,96,76,77,101,113,79,78,103,96,83,77,78,83,116,85,122,86,99,81,82,99,107,120,92,85,85,104,116,107,85,87,116,93,90,85,86,103,104,128,92,124,86,89,122,97,126,92,89,89,95,116,116,91,89,92,92,94,109,118,96,121,117,93,108,117,132,109,108,123,120,119,100,126,100,97,100,98,100,124,101,129,123
121,120,110,22,13,4,28,60,117,56,33,8,10,127,44,0,43,33,36,6,22,127,102,57,40,19,78,51,56,120,25,39,65,48,18,127,105,14,28,113,20,21,45,122,41,26,62,30,21,116,35,27,13,25,36,14,33,137,133,132,39,98,85,68,48,23,91,68,50,17,135,54,46,32,32,52,121,20,21,23,95,24,50,55,138,130,94,85,36,34,26,34,120,70,36,26,55,34,77,48,33,55,117,62,67,40,30,46,102,60,40,138,45,42,40,39,126,101,81,31,33,50,114,75,50,36,33,59,96,90,59,42,48,59,61,125,106,55,54,60,36,141,132,127,111,72,47,51,82,57,118,52,48,45,121,41,131,116,58,134,127,101,95,64,45,122,64,46,64,65,89,51,67,86,52,111,100,57,47,49,49,53,146,140,58,130,51,49,65,147,117,93,90,67,50,55,67,65,51,56,132,131,124,115,109,107,99,62,61,71,145,130,70,54,134,123,73,61,57,146,139,91,56,56,57,59,60,72,126,70,58,99,85,83,66,110,77,63,60,60,67,64,62,146,67,77,61,76,78,138,86,129,127,86,68,71,87,126,111,110,66,64,64,72,83,150,127,122,76,66,78,93,75,66,68,85,126,86,108,89,68,69,81,74,81,120,117,73,70,85,82,88,86,74,75,104,81,78,75,75,113,74,132,129,128,95,80,78,85,101,97,80,128,107,86,84,78,88,79,158,80,80,85,84,81,140,93,118,107,84,84,90,139,102,85,91,120,114,100,88,85,86,99,115,158,100,89,156,122,160,114,105,93,88,93,149,110,96,91,109,92,92,150,92,98,148,110,93,96,105,137,136,100,152,149,96,158,119,112,97,113,99,155,100,160,153
164,163,153,65,55,45,16,17,160,99,76,51,33,170,87,43,0,76,7,38,21,170,145,100,83,24,121,94,14,163,20,7,108,90,60,170,148,55,18,156,62,62,10,165,83,68,105,71,61,159,76,68,43,26,77,42,19,180,176,175,17,141,127,110,89,61,133,110,92,45,178,96,87,71,24,19,163,41,38,36,137,57,22,23,180,173,136,127,75,72,39,29,163,112,74,57,25,71,119,87,35,26,159,103,108,77,60,29,144,100,77,181,83,79,75,35,168,142,122,51,45,31,155,116,88,68,55,34,137,131,97,75,35,34,35,167,147,93,91,36,61,183,174,168,152,111,81,39,121,93,159,86,81,75,162,64,172,157,93,175,168,141,135,101,71,163,99,53,44,44,128,49,45,125,50,151,139,89,62,56,55,51,187,181,89,170,76,64,49,188,157,131,128,101,71,54,50,97,65,55,172,171,164,155,148,147,137,92,91,52,186,170,104,76,175,162,107,90,82,186,180,128,76,75,63,59,58,55,166,102,62,136,120,119,58,149,110,89,82,81,95,90,64,186,94,60,71,61,61,177,64,167,165,120,65,64,65,164,148,147,87,81,74,65,65,189,165,160,105,73,65,127,103,76,71,67,164,68,144,121,78,74,109,99,69,157,154,94,82,70,71,72,115,76,75,138,108,102,94,78,148,86,169,166,165,126,103,78,75,133,128,78,164,141,112,109,95,77,95,197,95,84,108,106,85,177,81,152,138,103,85,82,176,132,102,83,153,146,129,108,89,88,84,148,196,127,108,193,156,198,145,133,115,102,89,185,140,120,109,138,109,93,186,107,91,184,138,97,93,92,171,170,93,187,184,110,194,149,139,112,139,116,190,117,196,188
88,87,77,13,22,32,61,93,84,24,4,25,43,94,11,33,76,0,69,38,55,94,69,24,7,52,45,18,89,87,57,72,32,15,17,94,72,23,60,80,17,17,77,89,11,13,30,12,19,83,11,14,37,55,12,38,64,104,100,99,70,66,52,36,18,22,58,36,21,37,102,24,18,17,62,84,88,43,46,49,62,30,81,85,105,97,62,53,22,22,50,62,88,40,23,33,86,25,47,25,58,84,85,34,38,26,35,74,70,34,27,106,28,28,29,64,94,69,51,46,53,78,82,46,31,34,45,88,65,59,35,33,74,87,90,93,75,34,34,88,43,109,100,95,80,46,36,76,54,38,87,38,38,40,90,47,99,85,41,103,95,71,66,44,46,91,44,62,90,91,62,71,93,59,72,82,71,45,57,64,66,73,115,109,46,99,50,59,89,115,87,66,64,49,55,74,91,49,60,74,101,100,94,86,80,79,71,50,50,96,114,100,53,56,104,93,54,52,54,115,109,66,58,59,70,76,78,96,97,55,73,73,63,62,86,83,59,57,59,59,57,58,77,116,58,100,71,99,100,108,110,100,98,66,85,89,111,97,85,84,64,67,73,91,106,120,99,94,63,76,99,72,64,74,81,107,98,109,83,70,76,80,68,67,101,93,91,69,76,107,101,109,71,87,88,82,71,71,73,86,89,79,105,103,102,77,73,92,103,81,79,94,102,86,75,75,78,107,79,129,81,91,78,78,92,113,111,95,87,81,96,107,113,85,83,107,97,93,85,82,95,96,118,94,131,86,85,128,100,133,94,89,86,89,107,122,93,87,88,92,89,102,124,91,113,122,94,101,109,122,114,112,115,126,124,95,132,101,97,96,98,96,130,97,134,128
157,156,146,58,48,38,10,25,153,92,69,44,26,163,80,36,7,69,0,31,14,163,138,93,76,17,114,87,20,156,13,5,101,83,53,163,141,47,11,149,54,55,11,158,76,61,98,64,54,151,69,61,36,19,70,35,13,172,169,168,13,134,120,103,82,54,126,103,84,38,171,88,80,64,18,21,156,34,31,29,130,50,22,24,173,165,129,120,67,65,32,24,156,104,67,50,26,63,112,80,29,27,152,95,100,70,53,26,137,93,69,173,75,72,68,30,161,135,115,44,38,29,148,108,81,61,48,34,130,123,90,68,32,34,35,159,140,86,84,35,54,176,167,161,145,103,73,36,114,85,152,79,74,69,155,57,165,149,86,168,160,133,128,93,64,156,92,48,43,44,121,45,45,118,46,144,132,82,56,51,50,47,180,174,82,163,69,58,47,180,150,124,121,94,64,50,49,90,60,51,165,164,157,148,141,139,130,85,84,52,178,163,97,69,167,155,100,83,76,179,172,121,70,69,58,55,54,54,158,95,58,129,113,112,55,142,103,83,76,75,89,83,59,179,87,59,66,60,60,170,64,160,158,113,62,61,66,157,141,140,81,75,69,62,64,182,158,153,99,69,63,120,96,71,67,66,157,67,137,114,73,70,103,93,67,149,147,87,77,69,69,71,109,72,72,131,101,96,88,74,141,81,162,159,158,119,97,74,73,126,121,75,157,134,106,103,90,75,89,189,89,80,102,100,81,170,80,145,131,98,82,80,169,126,97,81,146,140,122,102,85,84,84,141,189,121,102,186,149,191,138,127,109,97,86,178,133,114,103,131,103,90,179,102,89,177,132,93,90,91,164,163,91,180,177,105,187,142,133,107,133,110,183,111,189,181
126,125,115,28,18,10,24,55,122,61,38,14,6,132,49,6,38,38,31,0,17,132,107,62,45,14,83,56,51,125,19,34,70,52,22,132,110,17,23,118,24,24,40,127,45,30,67,33,24,120,38,31,10,19,40,11,27,142,138,137,33,103,89,72,52,25,95,72,54,15,140,58,49,34,27,46,125,16,17,18,99,24,44,49,142,134,98,89,39,36,21,28,125,74,38,25,50,36,81,51,27,49,121,66,71,42,29,40,106,64,42,143,47,44,41,34,130,105,85,28,29,44,118,79,53,36,31,53,100,93,61,42,42,53,55,129,110,58,56,54,35,145,136,131,114,75,48,45,85,58,122,53,49,45,125,40,135,120,60,138,130,104,98,66,44,126,65,42,59,59,92,46,61,89,47,115,103,58,44,45,45,48,150,144,58,133,50,46,59,151,121,95,93,69,49,50,61,66,48,51,135,134,128,119,112,110,102,62,61,66,149,134,71,52,138,126,74,61,56,149,143,94,54,54,53,54,55,67,129,71,54,102,87,85,61,113,78,63,59,58,67,64,58,149,66,72,58,71,72,141,80,131,130,88,64,66,81,128,114,112,65,62,61,67,78,153,130,125,77,62,73,95,75,63,64,79,129,81,110,90,65,65,81,74,76,122,120,71,67,80,77,83,86,70,71,106,81,77,73,71,115,71,135,131,131,96,79,74,80,102,98,76,130,109,86,84,76,83,77,161,77,77,84,83,78,142,88,120,108,83,80,86,142,103,83,86,121,115,101,86,82,82,94,117,161,100,87,158,124,163,115,105,92,86,89,151,111,96,90,109,90,88,152,90,93,150,110,89,92,100,139,138,96,154,151,94,161,120,112,95,113,97,157,98,162,155
143,142,132,45,35,25,9,39,139,78,55,30,13,149,66,22,21,55,14,17,0,149,124,79,62,3,100,73,34,142,4,17,87,69,39,149,127,33,7,135,40,41,23,144,62,47,83,50,40,137,55,47,22,10,56,22,14,158,154,153,18,120,106,89,68,40,112,89,70,25,157,75,66,50,16,31,142,22,20,18,116,37,30,34,159,151,115,106,54,51,22,20,142,90,53,37,35,50,98,66,23,35,138,82,87,57,41,29,123,79,56,159,62,59,55,27,147,121,101,34,30,33,134,95,68,49,38,40,116,109,77,55,33,40,42,146,126,72,71,42,43,162,153,147,131,90,61,37,101,73,138,66,61,57,141,47,151,136,73,154,147,120,114,81,53,142,79,42,48,49,108,42,50,104,43,131,118,70,48,45,45,44,166,160,70,149,59,50,50,167,136,110,108,82,55,47,52,78,52,48,151,150,144,134,128,126,117,74,73,56,165,150,84,60,154,142,87,72,65,165,159,108,61,60,53,52,52,58,145,83,53,116,101,99,55,128,91,72,66,66,78,73,56,165,76,63,60,63,64,157,70,147,145,101,60,61,71,144,128,127,72,68,63,62,68,169,145,140,88,63,65,108,86,65,63,70,144,72,124,102,67,66,92,83,69,137,134,79,71,72,71,74,98,69,69,119,91,86,80,70,128,75,149,146,145,108,88,72,74,114,110,73,144,122,96,93,82,77,82,176,82,76,92,91,77,157,81,133,120,89,79,81,156,115,89,81,134,128,112,94,81,81,86,129,176,111,94,173,137,178,127,116,100,90,85,165,122,104,96,120,96,87,166,95,89,164,121,89,89,93,152,151,91,168,165,98,175,132,123,100,123,103,171,104,176,169
10,11,19,105,115,125,155,187,12,71,94,119,137,4,83,127,170,94,163,132,149,0,25,70,87,146,49,76,183,7,151,166,62,80,110,4,22,116,154,15,109,109,171,9,88,103,66,100,110,15,95,103,129,148,95,130,157,14,12,12,163,32,46,62,83,112,40,62,81,129,16,77,86,102,155,177,17,135,138,141,39,118,173,178,21,19,41,49,101,104,140,153,22,64,102,120,178,106,58,90,149,176,26,75,70,101,119,165,38,78,102,27,97,100,104,154,27,41,59,133,141,168,33,65,92,114,129,178,48,53,85,107,164,178,181,32,41,90,91,179,125,34,33,35,41,74,105,165,65,93,39,101,106,112,39,127,38,42,95,39,40,53,57,88,120,42,90,146,179,180,65,156,181,68,157,50,58,103,136,145,148,157,45,44,105,46,121,137,175,47,51,67,69,94,129,157,177,99,137,156,48,49,50,54,57,58,64,106,106,182,50,50,95,126,50,53,93,110,119,52,51,74,129,129,149,157,159,181,54,100,152,70,83,85,169,63,94,115,124,125,110,116,156,56,113,185,146,182,184,58,195,61,61,90,164,170,196,63,70,71,126,134,145,171,190,62,64,66,106,149,181,87,110,146,157,190,66,192,77,95,147,154,107,118,182,72,74,127,143,188,181,191,105,161,163,87,114,121,131,159,82,144,73,74,75,99,122,166,181,94,98,168,77,90,114,118,135,185,138,76,140,161,124,126,161,78,188,89,98,132,166,183,80,104,135,182,90,94,108,130,163,165,196,95,82,112,133,83,93,84,100,109,128,145,179,85,105,124,137,108,139,169,87,143,185,89,111,165,179,198,93,93,187,90,92,147,92,108,115,145,116,142,94,142,95,96
21,20,11,80,90,100,130,162,17,47,69,94,112,25,58,102,145,69,138,107,124,25,0,45,62,121,24,51,158,18,126,141,37,55,85,25,5,91,129,12,84,84,146,21,63,78,42,75,85,16,71,79,104,123,70,105,132,36,32,31,138,13,22,38,58,87,18,38,57,104,35,53,62,77,130,152,23,110,113,116,21,94,148,153,39,32,22,28,76,79,116,128,26,41,78,95,153,82,36,66,124,152,26,51,48,77,95,140,25,55,78,42,73,77,80,130,34,28,38,108,116,144,29,44,69,89,105,154,32,36,62,84,139,153,156,36,31,67,68,154,101,47,41,39,34,53,81,140,46,70,37,78,83,89,39,103,44,38,73,46,43,41,43,67,97,42,69,122,154,155,48,132,156,51,133,43,45,81,113,122,125,133,57,53,83,48,98,113,151,58,46,52,53,73,106,133,153,78,114,133,52,51,49,48,48,49,51,84,85,158,59,52,74,103,54,51,73,88,97,61,57,59,106,107,126,133,136,157,53,79,129,57,66,67,145,55,75,94,102,103,89,95,133,64,92,161,123,159,160,62,171,60,60,73,141,146,172,60,61,61,105,112,123,148,166,69,61,61,87,127,157,72,91,124,134,167,63,168,66,78,125,132,88,98,159,66,66,106,121,165,158,168,87,139,141,74,95,101,110,137,72,123,71,71,71,84,103,144,159,80,83,146,73,78,96,100,115,162,117,83,119,139,105,107,140,78,166,80,85,113,145,160,80,89,116,160,82,84,93,111,142,143,174,84,88,97,115,87,85,90,89,95,110,125,157,87,93,107,118,95,120,148,89,124,163,89,98,145,158,176,89,89,165,92,92,128,95,97,102,127,103,124,96,125,98,96
64,64,54,36,46,56,85,117,60,7,25,49,67,70,14,57,100,24,93,62,79,70,45,0,17,76,21,6,113,63,81,96,9,10,40,70,48,46,84,56,39,39,101,65,19,34,9,31,41,59,27,34,60,79,26,61,88,80,76,75,94,42,29,15,17,43,35,16,16,59,78,15,21,34,85,107,64,66,69,72,39,50,104,109,81,73,39,31,35,37,72,84,64,22,36,52,109,40,27,28,80,107,61,23,24,37,53,96,48,25,38,82,35,37,40,86,70,47,32,66,73,100,59,30,33,49,63,110,45,40,31,45,96,109,112,70,53,34,35,110,60,86,77,72,58,34,45,97,38,38,65,43,47,51,68,63,77,64,42,80,73,52,48,40,59,70,41,81,111,112,46,90,114,45,91,62,53,49,73,81,84,92,92,87,51,77,62,74,109,93,67,51,49,48,68,92,111,50,75,92,80,79,74,66,62,61,55,54,54,116,92,79,50,67,83,73,51,57,63,93,87,53,70,71,87,93,96,116,76,54,90,58,53,53,104,65,54,63,68,69,60,64,94,94,63,120,86,118,119,88,130,81,79,59,102,107,131,79,69,68,73,78,86,108,125,99,80,76,63,90,117,63,65,88,97,126,80,128,69,64,89,95,67,71,119,77,76,76,87,125,119,128,69,102,103,71,72,75,80,100,75,90,88,86,85,71,77,107,120,73,72,109,86,75,75,77,85,124,87,110,89,104,81,82,105,96,128,83,79,86,110,123,96,79,89,123,85,82,80,86,108,109,135,84,112,82,89,110,88,114,85,84,88,97,122,105,85,87,93,86,94,114,107,97,127,106,88,112,123,139,99,98,129,109,108,102,115,93,92,101,93,100,113,101,117,112
81,80,70,20,29,39,68,100,77,17,9,32,50,87,6,40,83,7,76,45,62,87,62,17,0,59,38,11,96,80,64,79,25,8,23,87,65,29,67,73,23,23,84,82,7,17,22,15,24,76,12,18,43,62,12,44,71,97,93,92,77,58,45,29,13,27,51,29,15,43,95,18,14,20,68,90,80,49,52,55,55,35,87,92,98,90,54,46,22,24,55,68,81,33,24,37,92,27,40,22,64,91,77,28,32,26,38,80,63,28,28,98,27,28,30,70,86,62,44,51,58,83,74,40,28,36,49,94,58,52,31,34,80,93,96,86,68,31,31,94,47,102,93,88,72,40,36,81,47,35,80,37,38,41,83,50,92,78,38,95,88,64,60,40,47,84,40,66,96,97,55,75,98,53,77,75,64,44,60,67,70,77,107,102,45,92,51,62,94,108,80,60,58,46,57,78,96,47,63,78,94,93,87,79,74,72,65,49,49,101,107,93,49,57,97,86,51,51,54,108,102,61,60,60,74,80,82,101,90,52,76,67,58,57,90,76,55,56,60,60,56,57,81,109,57,105,74,103,105,101,115,93,92,62,89,93,116,91,79,77,65,68,75,94,111,113,92,88,61,78,103,67,62,77,84,112,92,113,78,66,78,83,65,66,105,87,85,69,77,111,105,114,68,90,91,77,69,70,73,89,83,80,99,96,96,73,72,95,107,77,75,97,96,81,73,73,78,111,79,123,81,93,77,77,94,107,115,90,83,81,98,110,107,81,82,110,92,88,81,81,97,98,122,89,124,83,84,122,95,126,90,86,84,90,110,116,89,85,87,89,89,104,118,91,116,116,90,103,112,126,108,107,118,120,118,95,126,97,94,95,95,95,123,96,128,122
140,139,129,42,32,22,12,42,136,75,52,27,10,146,63,19,24,52,17,14,3,146,121,76,59,0,97,70,37,139,5,20,84,66,36,146,124,30,9,132,37,37,26,141,58,44,80,47,37,134,52,44,19,9,53,19,15,155,151,150,20,117,103,86,65,37,109,86,67,22,154,71,63,47,16,33,139,19,17,16,112,34,32,36,156,148,112,103,51,48,20,20,138,87,50,34,37,47,95,63,22,36,135,78,84,54,38,29,120,76,53,156,59,55,52,27,144,118,98,31,28,34,131,91,64,46,35,42,113,106,73,52,34,42,44,142,123,69,68,43,41,158,150,144,128,87,58,37,97,69,135,63,58,54,138,45,148,133,70,151,143,117,111,78,50,139,76,40,49,49,104,41,51,101,42,127,115,67,46,44,43,43,163,157,67,146,56,48,51,164,133,107,105,79,53,46,52,75,50,47,148,147,140,131,125,123,114,71,70,57,162,146,81,57,151,138,84,69,63,162,156,105,58,58,51,51,51,58,142,80,52,113,98,96,55,125,88,70,64,63,75,70,55,162,74,64,58,63,64,153,70,144,142,98,59,60,72,140,125,124,69,65,62,62,69,166,142,136,85,62,66,105,83,64,62,71,141,72,121,99,66,64,89,80,69,133,131,76,69,72,71,75,95,68,68,116,88,83,77,69,125,73,146,143,142,105,85,71,74,111,107,72,141,119,93,90,80,77,80,173,80,75,90,89,76,154,81,130,117,87,78,80,153,112,87,81,131,125,109,91,80,80,87,126,173,108,92,170,134,175,124,113,98,89,85,162,120,102,94,117,94,86,163,93,89,161,118,88,89,93,149,148,91,165,162,96,172,129,120,98,120,101,168,102,173,166
44,43,33,57,67,77,106,138,40,23,46,70,88,49,34,78,121,45,114,83,100,49,24,21,38,97,0,27,134,42,102,117,13,31,61,49,27,67,105,35,60,60,122,44,39,54,18,51,61,38,47,55,80,99,46,81,108,59,55,54,114,22,12,16,35,63,16,17,33,80,57,30,38,54,106,128,43,86,89,92,22,70,124,129,61,53,22,18,53,56,92,105,44,22,54,72,129,59,22,43,100,128,42,31,29,54,72,116,31,35,55,62,51,54,58,106,51,32,26,85,93,120,41,29,47,67,82,130,31,29,42,61,116,129,132,52,37,46,48,130,78,66,59,54,42,37,60,117,35,50,48,57,62,67,51,80,59,48,53,62,56,40,39,48,75,53,50,99,131,132,40,109,133,41,110,48,43,62,90,99,102,110,74,69,63,61,77,91,128,75,53,45,45,56,84,111,130,60,92,110,64,63,59,53,50,50,47,65,66,135,75,63,58,82,67,59,57,69,77,76,71,50,85,86,104,111,114,135,62,62,107,52,54,55,123,55,60,75,82,83,71,76,111,78,74,138,102,136,138,73,148,67,66,61,119,124,150,66,60,60,86,92,102,126,144,83,68,65,71,106,135,62,74,103,113,145,68,146,63,66,104,111,73,81,137,68,67,88,102,143,136,146,74,118,120,68,80,84,92,116,69,103,77,75,75,73,86,123,137,72,73,125,76,72,82,84,97,141,99,95,101,119,90,91,119,84,145,77,78,96,125,139,85,80,99,139,79,79,82,95,122,124,152,80,98,85,98,97,82,100,83,86,95,108,137,93,85,93,102,87,104,128,95,107,143,95,89,126,138,155,91,90,145,98,97,112,103,91,93,111,94,109,102,110,106,102
71,70,60,30,40,50,80,111,66,9,19,43,61,76,9,51,94,18,87,56,73,76,51,6,11,70,27,0,107,69,75,90,14,4,34,76,54,40,78,62,33,33,95,71,13,28,12,25,35,64,21,28,54,72,20,55,81,86,82,81,88,47,34,19,13,37,40,19,13,53,84,13,16,28,79,101,69,60,63,66,44,44,97,102,87,79,44,36,29,32,66,78,70,24,31,46,103,34,30,24,74,101,67,23,25,32,47,90,53,24,33,88,30,33,35,80,76,52,35,60,67,94,64,32,30,43,57,104,49,43,29,40,90,103,106,75,57,31,32,104,55,91,82,77,62,34,40,91,40,35,69,39,42,46,73,58,82,68,39,85,78,55,51,38,54,74,39,75,105,106,48,84,108,47,85,65,56,46,68,76,78,86,97,92,47,82,57,69,103,98,71,52,51,45,63,87,105,47,70,86,84,83,78,70,65,64,57,50,51,110,97,83,48,62,87,77,49,54,59,98,92,55,65,66,81,88,90,110,80,52,84,60,53,53,99,68,53,59,64,65,57,60,88,99,59,114,81,112,114,92,124,84,83,59,96,101,125,82,71,70,69,74,81,103,120,103,83,79,61,85,112,63,63,83,91,121,84,122,71,63,84,90,65,68,114,80,78,72,83,119,113,122,67,97,98,72,70,72,76,95,77,85,91,88,88,70,74,102,115,73,72,104,88,76,73,74,81,118,83,113,85,99,78,79,100,99,122,84,79,83,105,118,99,79,85,118,86,83,79,83,103,104,130,84,115,81,86,113,89,117,86,83,85,93,117,108,85,85,90,86,91,109,110,94,122,109,87,108,118,133,101,100,124,112,110,98,118,93,91,98,92,97,116,98,120,115
177,176,166,79,69,59,29,10,173,112,89,64,46,183,100,56,14,89,20,51,34,183,158,113,96,37,134,107,0,176,32,17,121,103,73,183,161,67,29,169,74,74,13,178,95,80,117,83,73,171,88,80,55,36,89,54,28,192,188,187,22,153,139,122,102,73,145,123,104,56,190,108,99,83,32,15,176,51,48,45,149,68,20,18,193,185,148,139,86,83,48,36,175,123,85,68,20,81,131,98,42,22,171,114,119,88,70,30,156,112,87,193,93,90,86,40,180,154,134,59,52,31,167,127,99,78,64,29,149,142,108,85,36,30,29,179,159,103,102,31,69,195,186,180,163,122,90,40,132,103,171,96,90,85,174,72,184,168,103,187,179,152,146,111,79,174,109,58,40,40,139,52,41,135,52,163,150,98,68,61,59,53,199,193,98,181,84,70,46,199,168,141,139,111,77,56,47,106,71,57,183,182,175,166,159,157,148,101,100,48,197,181,113,82,186,173,116,98,90,197,191,138,82,81,66,61,59,51,177,110,65,147,130,128,57,159,119,97,89,88,103,97,65,197,101,55,74,57,57,188,57,178,176,129,65,63,58,174,158,157,93,86,78,63,59,200,176,170,113,76,61,136,110,80,72,61,174,62,154,129,81,76,117,106,65,166,163,99,86,65,68,66,123,77,76,147,114,108,99,79,157,89,179,176,175,134,109,77,72,141,136,77,174,149,119,115,100,73,99,207,98,85,113,112,85,186,77,161,146,108,85,79,185,140,107,80,162,155,136,113,89,88,79,156,206,134,112,202,164,207,153,140,120,105,87,194,147,125,113,145,113,93,195,111,88,193,145,97,91,87,180,178,90,196,193,113,203,156,146,115,146,119,199,120,205,197
10,10,14,99,108,118,148,180,9,65,87,112,130,9,76,120,163,87,156,125,142,7,18,63,80,139,42,69,176,0,144,159,55,73,103,7,15,109,147,8,102,102,164,5,81,96,59,93,103,9,88,96,122,141,87,123,150,18,15,14,156,25,38,55,76,104,33,55,74,121,18,70,79,95,147,169,13,128,131,134,32,111,166,171,23,19,34,42,94,97,133,146,18,57,95,112,171,99,51,82,141,169,22,67,63,94,112,158,32,71,95,28,89,93,97,147,25,35,51,126,133,161,28,58,85,106,122,171,41,46,77,100,157,170,173,29,35,82,84,171,118,35,32,32,36,67,97,157,58,86,35,93,99,105,36,119,36,38,88,38,37,47,51,81,113,38,83,138,171,172,58,148,173,62,149,45,52,96,129,138,141,150,46,44,98,43,113,129,168,48,46,61,63,87,121,150,170,92,130,149,46,46,47,49,52,53,58,98,99,175,49,47,88,119,48,49,86,103,112,51,50,68,121,122,142,149,152,174,50,93,145,64,76,78,161,58,87,108,117,118,103,109,149,56,106,177,138,175,177,56,188,58,58,83,157,162,189,59,65,66,119,127,138,164,182,61,60,61,99,142,173,81,103,139,150,183,62,184,72,88,140,147,100,112,175,68,69,120,136,181,174,184,98,154,156,81,107,114,124,152,76,137,70,71,71,93,115,159,174,88,92,161,73,84,108,112,128,178,131,75,133,153,117,119,154,75,181,84,92,126,159,175,77,98,129,175,85,89,102,123,156,158,189,89,81,106,127,81,88,83,95,103,121,138,172,83,100,117,130,103,132,162,85,136,178,86,105,158,172,191,89,89,179,88,89,140,90,102,109,138,111,135,92,136,93,93
145,144,134,47,37,28,11,37,141,81,58,33,16,151,68,25,20,57,13,19,4,151,126,81,64,5,102,75,32,144,0,15,89,71,41,151,129,35,4,137,42,42,20,146,63,48,85,51,41,139,56,49,23,8,58,22,10,160,156,155,15,121,107,91,70,41,114,91,72,25,158,76,67,51,12,28,144,21,19,17,117,38,26,31,161,153,116,107,55,52,21,17,143,92,54,38,32,51,99,67,20,31,140,83,88,57,40,25,124,80,57,161,63,59,55,24,148,123,102,33,28,29,136,96,68,49,37,37,117,111,77,56,30,37,39,147,127,73,71,38,42,163,154,148,132,91,61,34,102,73,139,66,61,56,142,46,152,137,73,155,148,121,115,81,52,143,80,40,44,45,108,39,46,105,40,132,119,70,47,43,42,41,167,162,70,150,58,48,47,168,137,111,108,82,54,44,48,78,50,45,152,151,145,135,129,127,117,73,72,52,166,151,84,59,155,142,87,72,64,166,160,109,59,59,50,49,49,54,146,83,51,117,101,99,52,129,90,71,65,64,77,72,53,166,76,60,58,59,60,157,66,147,146,101,57,58,67,144,129,127,70,66,61,59,65,170,145,140,87,61,62,108,85,63,60,67,145,68,125,102,65,63,91,82,66,137,134,77,68,69,67,71,97,66,66,119,90,85,78,67,128,72,150,146,145,107,86,69,71,114,109,70,145,122,95,92,80,73,80,177,80,74,91,90,75,157,78,133,119,88,76,77,156,114,87,78,134,128,111,92,79,78,83,129,176,110,92,173,137,178,126,115,99,88,82,165,122,103,94,120,94,84,166,93,86,164,120,87,86,90,152,151,88,168,165,96,175,131,122,98,122,101,171,102,176,169
160,159,149,62,52,42,15,23,156,95,72,48,30,166,83,39,7,72,5,34,17,166,141,96,79,20,117,90,17,159,15,0,104,86,56,166,144,50,12,152,57,57,6,161,78,63,100,66,56,154,71,63,38,19,72,37,12,175,171,170,9,136,122,105,85,56,128,106,87,40,173,91,82,66,17,16,159,35,32,29,132,52,17,19,176,168,131,122,69,66,32,22,158,107,68,51,21,65,114,81,28,22,154,97,102,71,54,22,139,95,71,176,77,73,69,28,163,137,117,44,38,25,150,110,82,62,48,29,132,125,91,69,28,29,30,162,142,87,85,31,54,178,169,163,147,105,74,32,116,87,154,80,74,69,157,57,167,151,87,170,162,135,129,95,64,158,93,46,39,39,122,42,40,119,43,146,133,83,55,49,48,44,182,176,82,165,69,57,43,182,152,125,122,95,64,47,44,91,58,48,166,166,159,149,143,141,131,85,85,47,180,165,97,69,169,157,100,83,75,181,174,122,69,68,55,52,51,50,160,95,55,130,114,112,51,143,103,82,75,74,89,83,57,180,87,55,64,55,56,171,59,161,160,113,58,57,61,158,142,141,80,74,67,58,60,184,159,154,99,66,59,121,96,69,64,62,158,63,138,114,71,67,103,92,63,150,148,86,75,65,65,66,108,69,68,131,101,95,87,71,141,79,163,160,159,119,96,71,69,126,121,71,158,134,105,102,88,71,88,191,87,77,100,99,78,170,75,145,131,96,78,76,169,125,95,77,146,140,122,101,82,81,79,141,190,120,101,187,149,191,138,126,108,95,82,178,133,113,102,131,102,87,179,100,85,177,131,90,87,87,165,163,87,181,178,103,188,142,132,105,132,108,184,109,189,182
57,56,46,44,54,64,94,125,53,13,33,58,75,62,22,65,108,32,101,70,87,62,37,9,25,84,13,14,121,55,89,104,0,18,48,62,40,54,92,48,47,47,109,57,26,41,6,38,48,50,34,41,67,86,33,68,95,71,67,66,101,33,20,9,22,50,26,10,21,67,70,18,25,41,93,115,55,73,76,79,31,57,111,116,73,65,31,23,40,43,79,91,56,17,42,59,116,46,21,31,87,115,53,22,21,42,59,103,40,25,43,74,39,42,45,93,62,39,26,72,80,107,51,25,36,54,69,117,37,32,32,49,103,116,119,62,45,36,37,117,66,77,69,64,50,31,48,104,33,40,57,46,50,55,60,68,69,55,43,72,65,44,41,40,63,61,42,86,118,119,40,96,120,40,97,54,46,51,78,87,89,98,84,79,53,69,65,79,115,85,59,45,44,47,72,98,117,51,80,97,72,71,66,59,55,54,49,55,56,123,84,71,50,71,75,65,50,59,66,85,79,49,74,75,92,98,101,122,69,54,95,52,50,50,110,59,53,65,71,72,62,66,99,86,64,126,90,123,125,80,136,73,72,56,107,112,137,71,63,62,75,81,90,113,131,91,73,69,63,94,123,59,66,92,101,132,73,133,64,62,93,99,66,72,125,71,69,78,91,130,124,133,67,106,108,67,72,76,82,104,70,93,81,79,78,68,77,111,125,69,69,113,79,71,75,77,87,129,89,102,91,108,81,82,108,89,133,78,75,87,113,127,89,76,90,127,80,78,78,87,111,112,140,79,104,80,90,102,83,106,81,81,88,98,126,98,82,87,94,83,95,117,100,98,131,99,85,115,127,143,93,92,133,102,101,103,108,89,89,102,90,101,106,102,110,106
75,74,64,27,37,46,76,108,71,13,17,40,58,80,8,48,90,15,83,52,69,80,55,10,8,66,31,4,103,73,71,86,18,0,30,80,58,36,74,66,29,29,91,75,9,23,15,21,30,68,16,24,49,68,16,50,77,89,85,84,83,51,37,21,9,32,43,21,10,49,88,12,12,24,75,97,73,55,58,61,47,40,93,98,90,83,47,38,25,27,61,74,73,25,26,42,98,30,32,20,70,97,70,22,25,28,43,86,56,23,29,91,26,29,31,76,79,55,37,55,63,89,67,33,26,39,53,99,51,45,27,35,85,99,102,78,60,28,29,100,50,94,85,80,65,34,36,87,41,33,72,36,39,42,75,53,85,70,36,88,80,57,52,36,50,77,37,70,101,102,48,80,103,47,81,67,57,42,63,71,74,81,100,94,44,84,53,65,98,101,73,53,51,43,59,82,101,45,66,82,87,86,80,72,67,65,58,47,47,106,99,85,46,58,89,79,47,50,55,100,94,55,61,62,77,83,86,106,82,49,80,60,52,52,94,69,51,56,60,61,54,56,84,101,56,110,76,108,109,94,119,86,84,57,92,97,121,83,72,71,65,70,77,98,115,105,85,81,58,81,107,62,60,79,87,116,85,117,71,62,80,86,62,65,109,80,79,69,79,115,109,118,65,93,94,71,67,69,73,91,77,81,92,89,89,69,71,98,110,72,70,100,89,75,70,71,78,114,80,115,81,95,75,76,96,100,118,84,78,80,101,113,100,77,82,113,86,83,77,80,99,100,125,84,117,79,83,115,89,119,85,82,83,89,112,109,84,83,86,84,88,105,111,90,118,109,86,104,114,129,102,100,120,113,111,95,119,92,90,95,91,94,117,95,121,116
105,104,94,12,12,19,46,78,100,40,18,12,28,110,28,18,60,17,53,22,39,110,85,40,23,36,61,34,73,103,41,56,48,30,0,110,88,6,44,96,2,3,61,105,22,8,44,11,5,98,16,9,20,38,17,21,48,119,115,114,54,81,67,50,29,9,73,50,32,21,118,36,27,14,45,67,103,27,30,32,76,17,64,69,120,112,76,67,19,18,33,45,102,52,20,19,69,19,59,30,42,68,99,44,49,24,22,57,84,42,25,120,29,26,25,48,108,83,63,31,37,61,95,57,33,25,31,71,78,71,41,28,58,70,73,107,88,38,37,72,31,123,114,109,92,54,33,60,64,40,100,37,34,33,103,36,113,97,42,116,108,82,77,48,36,104,47,48,74,75,71,55,76,68,57,93,81,43,44,49,51,57,128,122,44,111,42,46,72,128,99,75,72,51,44,59,75,50,48,59,113,112,106,97,91,89,81,48,47,80,127,112,54,46,116,104,57,49,47,127,121,74,49,49,57,61,63,80,108,55,59,81,68,67,71,92,61,52,51,51,54,53,63,128,54,85,59,83,85,119,94,110,109,70,71,74,95,107,93,92,57,58,61,76,90,131,109,104,62,64,83,77,62,63,68,92,108,93,91,73,65,68,67,63,86,102,99,63,65,91,86,94,72,74,75,87,69,67,66,74,95,69,114,111,110,79,69,79,89,85,81,81,110,91,73,72,70,92,71,140,72,79,74,74,80,122,97,101,91,75,84,93,122,87,76,93,103,98,86,77,83,84,103,99,140,86,79,138,106,142,98,90,82,81,94,131,95,84,82,94,83,90,132,84,99,130,95,90,97,108,120,119,102,134,132,88,141,104,98,89,98,90,137,91,143,136
13,14,21,106,116,126,155,187,15,72,95,119,137,8,83,127,170,94,163,132,149,4,25,70,87,146,49,76,183,7,151,166,62,80,110,0,22,116,154,14,109,109,171,6,88,103,66,100,110,13,95,103,129,148,94,130,157,11,9,8,163,31,45,62,82,111,39,62,81,128,12,77,86,101,154,176,14,134,137,140,38,118,173,178,17,15,39,47,100,103,140,153,18,63,101,119,178,105,57,89,148,176,23,73,69,100,119,164,36,77,101,23,96,99,103,154,24,39,57,132,140,168,30,64,91,113,128,178,45,51,83,106,163,177,180,28,38,88,90,178,124,30,29,31,38,72,103,164,63,91,36,99,105,111,35,125,34,39,93,35,36,50,55,86,119,38,89,145,178,179,62,154,180,66,156,47,55,102,135,144,147,156,41,40,103,42,119,135,174,43,47,65,67,92,127,156,176,97,136,155,44,45,46,50,54,55,62,104,105,181,46,46,93,124,46,49,91,108,117,48,47,72,127,128,148,155,158,180,50,98,151,67,81,82,167,60,92,114,123,124,108,114,155,52,111,184,144,181,183,54,194,57,58,87,163,168,195,59,67,68,124,132,143,170,189,58,60,62,104,147,179,84,108,144,155,189,62,190,74,92,145,152,105,116,181,69,70,125,141,187,179,190,102,159,161,84,112,118,129,157,78,142,69,71,71,96,120,164,180,91,95,167,73,86,112,116,133,183,135,72,138,159,122,123,159,74,187,85,95,130,165,181,76,101,133,180,87,91,105,127,161,163,194,91,78,109,131,79,89,80,97,106,125,143,177,81,102,121,134,105,136,167,83,140,183,85,107,163,177,196,89,89,185,86,88,144,88,104,112,142,113,139,90,140,91,92
20,19,13,84,94,104,134,165,16,50,73,97,115,23,62,105,148,72,141,110,127,22,5,48,65,124,27,54,161,15,129,144,40,58,88,22,0,94,132,8,87,87,149,17,66,81,44,78,88,11,73,81,107,126,72,108,135,32,28,27,141,11,23,40,61,89,18,40,59,106,31,55,64,80,132,154,18,113,116,119,19,96,151,156,34,27,21,27,78,81,118,131,21,42,80,97,156,84,37,67,126,154,21,53,48,79,97,142,22,56,80,37,74,78,82,132,29,25,38,110,118,146,24,44,70,91,107,156,30,34,63,85,141,155,158,31,27,68,69,156,103,42,36,34,30,53,83,142,45,71,33,79,84,90,34,104,39,34,73,41,38,38,40,67,98,37,69,123,156,157,46,133,158,50,134,39,43,82,114,123,126,135,52,48,83,44,99,115,153,53,42,50,52,73,107,135,155,78,115,134,47,46,45,44,45,45,49,84,85,160,54,47,74,104,49,46,72,89,98,56,52,57,107,108,127,134,137,159,49,79,130,55,65,66,146,51,74,94,103,104,89,95,134,59,92,163,124,160,162,57,173,55,55,72,142,148,174,56,58,58,105,113,123,149,168,64,57,57,86,127,159,70,90,124,135,168,59,170,64,77,125,132,88,98,160,63,63,106,122,166,159,169,86,140,141,72,95,101,110,137,69,123,67,67,67,82,102,144,160,78,82,147,69,75,95,99,115,163,117,78,119,139,105,106,140,74,167,77,83,113,145,161,75,87,116,161,79,81,91,110,142,144,174,82,83,95,114,83,81,85,87,93,109,125,158,82,90,106,117,93,120,148,84,123,164,85,95,145,158,176,85,85,165,87,88,127,90,94,100,126,101,123,91,124,93,92
111,110,100,16,12,15,41,72,107,46,24,9,23,116,34,14,55,23,47,17,33,116,91,46,29,30,67,40,67,109,35,50,54,36,6,116,94,0,38,102,7,7,55,111,28,13,50,16,7,104,22,14,14,32,23,15,41,125,121,120,48,86,72,56,35,9,79,56,37,15,123,41,33,18,39,61,109,21,24,26,82,14,58,63,126,118,81,73,23,21,27,39,108,57,23,16,63,21,65,34,36,62,105,49,54,27,20,51,89,47,27,126,32,29,27,42,113,88,68,27,32,55,101,62,37,25,27,65,83,77,45,29,52,64,67,112,93,42,40,66,28,128,120,114,98,58,34,54,68,43,105,39,36,34,108,33,118,103,45,121,114,87,82,51,35,109,50,43,68,69,76,50,70,73,52,98,86,45,41,45,47,52,133,127,45,116,41,43,67,134,104,79,77,54,42,54,69,52,45,54,118,118,111,102,96,94,85,49,49,74,132,117,57,45,121,109,60,49,47,133,126,78,47,47,53,57,59,75,113,57,55,85,71,70,66,97,63,52,50,50,55,53,59,133,55,79,56,78,79,124,88,115,113,73,66,70,90,112,98,96,56,56,58,71,85,136,113,108,64,60,79,80,63,60,64,86,113,88,94,76,62,65,68,63,81,106,104,63,63,86,82,89,73,71,72,91,70,67,65,70,99,67,119,115,115,82,69,75,84,87,84,77,114,94,74,73,69,88,70,145,71,76,74,74,77,126,92,105,93,75,80,89,126,90,75,89,106,101,88,77,80,81,99,102,145,88,79,142,109,147,101,92,82,80,90,135,97,85,81,96,82,87,136,83,95,134,97,87,93,104,124,122,98,138,136,87,145,107,100,88,100,89,141,90,147,140
148,147,138,50,41,31,12,35,144,84,61,36,19,154,71,28,18,60,11,23,7,154,129,84,67,9,105,78,29,147,4,12,92,74,44,154,132,38,0,140,45,45,17,149,66,51,88,54,44,142,59,51,25,8,60,25,7,163,159,158,11,124,110,93,72,44,116,93,75,28,161,79,70,54,10,24,146,23,20,18,120,40,23,27,164,156,119,110,57,54,21,15,146,94,56,39,28,53,102,69,19,28,142,85,90,59,42,22,127,83,59,163,65,61,57,22,151,125,105,33,28,26,138,98,70,50,38,33,120,113,79,57,27,33,35,149,130,75,73,35,43,166,157,151,134,93,63,31,104,75,142,68,63,58,145,47,155,139,75,158,150,123,117,83,53,146,81,39,41,42,110,37,43,107,38,134,121,72,46,42,41,39,170,164,71,153,59,48,44,170,139,113,110,83,54,42,45,80,50,43,154,153,147,137,131,129,119,74,74,49,168,153,86,59,157,145,89,72,65,169,162,110,59,59,49,47,47,51,148,84,49,119,102,101,49,131,92,72,65,65,78,73,52,168,76,56,57,56,57,159,63,149,148,102,55,55,64,146,131,129,71,66,60,56,62,172,147,142,88,60,59,110,86,62,59,64,146,65,126,103,64,62,92,82,63,139,136,77,68,66,65,68,98,64,64,120,91,85,78,66,130,72,152,148,147,108,87,67,68,115,110,68,146,123,95,92,80,71,80,179,80,72,91,90,73,159,75,134,120,88,74,75,158,115,87,76,135,129,112,92,77,77,80,130,178,110,92,175,138,180,127,116,99,88,80,167,123,103,94,120,94,82,168,93,83,166,121,85,84,87,154,152,86,169,167,95,177,132,122,98,122,101,172,102,178,170
15,15,13,92,102,112,142,173,13,58,81,105,123,17,70,113,156,80,149,118,135,15,12,56,73,132,35,62,169,8,137,152,48,66,96,14,8,102,140,0,95,95,157,9,74,89,52,86,96,4,81,89,115,134,80,116,143,24,20,19,149,17,31,48,68,97,25,48,66,114,23,63,72,87,140,162,12,120,123,126,25,104,159,164,27,21,26,34,86,89,126,139,16,49,87,105,164,91,43,75,134,162,18,60,55,86,105,150,25,63,87,30,82,86,89,140,24,28,44,118,126,154,23,51,77,99,115,164,34,39,70,92,149,163,166,27,29,75,77,164,110,36,31,30,30,60,90,150,51,78,31,86,91,97,32,112,35,33,80,37,35,40,44,73,106,35,76,131,164,165,51,141,166,54,142,40,45,89,121,131,134,142,46,43,90,41,106,122,160,48,42,54,56,79,114,142,162,84,122,141,44,44,43,44,46,47,52,91,92,168,49,44,80,111,46,45,78,95,104,51,48,61,114,115,134,142,145,166,47,85,137,58,69,71,154,53,80,101,110,110,95,101,141,55,98,170,131,167,169,54,180,54,54,76,149,155,181,55,59,60,112,119,130,156,175,60,56,57,92,134,166,74,96,131,142,176,58,177,66,81,132,139,93,104,167,63,64,112,128,173,166,176,91,146,148,75,100,106,116,144,71,129,66,66,67,86,108,151,167,82,85,153,69,78,100,104,121,170,123,74,125,146,110,112,146,72,174,78,86,118,152,168,74,91,121,167,80,83,95,116,148,150,181,84,80,99,119,80,83,82,89,97,114,131,164,80,93,110,123,96,125,154,82,129,170,83,98,151,164,183,85,85,172,85,86,133,88,97,103,131,104,128,89,129,91,90
104,103,93,14,14,21,48,79,100,40,19,14,30,109,28,20,62,17,54,24,40,109,84,39,23,37,60,33,74,102,42,57,47,29,2,109,87,7,45,95,0,1,62,104,21,6,43,9,3,97,15,7,20,39,16,22,48,118,114,113,54,79,65,49,28,7,71,49,30,21,116,34,26,12,46,68,101,27,30,33,75,15,64,69,119,111,74,66,17,16,33,45,101,50,17,17,70,17,58,28,42,68,98,42,47,22,21,57,82,40,22,119,26,24,22,48,106,81,61,30,36,61,94,55,31,23,29,71,76,70,39,26,58,71,73,105,86,36,35,72,30,121,113,107,91,52,31,60,62,38,98,34,32,31,101,34,111,96,40,114,107,81,75,45,34,102,45,47,74,75,69,55,76,66,56,91,80,41,43,48,50,57,126,120,41,110,40,45,72,127,97,73,70,49,42,58,74,47,47,58,112,111,104,95,89,87,79,46,45,80,125,110,52,45,114,102,55,46,45,126,119,72,47,47,55,60,62,80,106,53,58,79,66,64,70,90,59,49,49,49,52,50,62,126,52,84,58,82,84,118,93,108,107,68,70,74,95,105,91,90,55,56,60,75,90,130,107,102,60,62,83,75,60,61,67,91,106,92,89,71,63,67,65,61,86,100,97,61,64,91,86,94,69,73,74,85,66,65,64,72,93,67,112,109,108,77,67,78,88,82,79,80,108,89,71,70,68,91,69,138,71,77,72,72,78,120,96,99,88,73,82,92,120,85,74,92,101,95,84,75,82,83,103,97,138,84,77,136,103,140,96,88,80,80,93,129,93,82,80,92,81,89,130,82,98,128,93,89,95,107,118,117,100,132,130,86,139,102,96,87,96,88,135,89,141,134
104,103,93,15,15,21,48,79,100,40,19,15,30,109,28,21,62,17,55,24,41,109,84,39,23,37,60,33,74,102,42,57,47,29,3,109,87,7,45,95,1,0,62,104,21,6,43,9,2,97,14,7,20,39,16,21,48,118,114,113,54,79,65,48,28,6,71,49,30,20,116,34,25,11,46,67,101,27,29,32,75,14,64,69,119,111,74,65,16,15,33,45,101,50,17,17,69,16,57,27,41,68,97,42,47,21,20,57,82,40,21,119,26,23,22,47,106,81,61,30,36,61,94,55,30,22,29,71,76,69,38,25,57,70,73,105,86,35,34,72,29,121,112,107,90,51,30,59,61,37,98,34,31,30,101,33,111,96,39,114,106,80,75,45,33,102,44,46,73,74,69,54,76,66,55,91,79,40,42,48,50,56,126,120,40,109,39,44,72,126,97,72,70,48,41,57,74,47,46,57,111,110,104,95,89,87,78,45,44,79,125,110,51,44,114,102,54,45,44,125,119,71,46,46,55,60,62,79,106,52,57,79,65,64,69,90,58,49,48,48,51,49,61,125,51,84,57,82,83,117,93,108,106,67,69,73,94,105,91,89,54,55,59,74,89,129,106,101,59,61,82,74,59,61,66,90,106,92,88,70,62,66,64,60,85,99,97,60,63,90,85,93,68,72,73,84,66,64,63,72,93,66,112,109,108,76,66,77,87,82,78,79,107,88,70,69,67,91,68,138,70,76,71,71,77,119,95,98,88,72,81,91,119,84,73,91,100,95,83,74,81,82,102,96,138,83,76,135,103,140,95,87,79,79,92,128,92,81,79,91,80,88,129,81,97,128,92,88,95,107,117,116,100,131,129,85,138,101,95,86,95,87,135,88,140,133
166,165,155,67,58,48,21,21,162,101,78,53,36,171,89,45,10,77,11,40,23,171,146,101,84,26,122,95,13,164,20,6,109,91,61,171,149,55,17,157,62,62,0,166,83,68,105,71,61,159,76,68,42,23,77,41,15,180,176,175,9,141,127,110,89,60,133,110,91,44,178,95,86,70,19,9,163,38,35,32,137,55,12,13,180,172,136,127,73,70,35,23,163,111,72,55,15,69,118,86,29,16,159,101,107,75,57,20,143,99,74,180,81,77,73,28,167,142,121,46,39,22,155,114,86,65,51,24,136,129,95,72,26,24,25,166,146,91,89,25,56,182,173,167,151,109,77,30,120,90,158,83,77,72,161,59,171,155,90,174,166,139,133,98,66,162,96,46,34,34,126,41,35,122,41,150,137,85,56,49,47,42,186,180,85,169,71,57,39,186,155,128,126,98,65,45,40,93,59,47,170,169,163,153,146,144,135,88,87,42,184,169,100,70,173,160,103,85,77,185,178,125,70,69,55,51,49,45,164,98,54,134,117,115,48,146,106,84,76,75,90,85,55,184,88,50,63,51,51,175,54,165,163,116,56,54,55,161,145,144,81,74,67,55,55,187,163,157,100,65,55,123,98,68,62,57,161,58,141,116,70,66,104,93,59,153,150,87,74,60,61,62,110,67,66,134,102,96,87,69,144,78,166,163,162,121,97,68,65,128,123,69,161,137,107,103,88,67,87,194,87,75,101,100,76,173,71,148,133,96,76,72,172,127,95,73,149,142,124,101,79,79,74,143,193,122,101,189,151,194,140,128,108,94,79,181,135,113,102,132,101,84,182,100,81,180,132,88,83,82,167,165,83,183,180,102,191,144,133,104,133,108,186,109,192,184
15,15,19,101,111,121,151,183,15,67,90,115,133,12,79,122,165,89,158,127,144,9,21,65,82,141,44,71,178,5,146,161,57,75,105,6,17,111,149,9,104,104,166,0,83,98,61,95,105,7,90,98,124,143,89,125,152,15,11,10,158,25,39,56,77,106,34,56,75,123,14,71,80,96,149,171,9,129,132,135,32,113,167,172,18,13,33,42,95,98,135,147,14,57,96,114,172,100,51,83,143,171,18,68,63,95,113,159,30,71,96,23,90,94,98,148,20,33,51,127,134,162,25,58,86,107,123,172,39,45,77,101,158,172,175,24,33,83,84,173,119,30,26,27,32,67,98,158,57,86,31,94,99,105,31,120,31,34,88,32,32,45,49,81,114,34,83,139,172,173,56,149,174,60,150,42,50,96,129,139,142,150,40,38,97,38,114,130,168,42,42,59,61,86,121,150,171,91,130,149,41,41,42,45,49,50,56,98,99,176,44,42,87,119,43,45,85,102,112,46,44,66,121,122,142,150,152,175,46,92,145,62,75,76,162,55,86,108,117,118,102,108,149,50,105,178,138,175,177,51,188,53,53,82,157,163,189,55,61,62,119,127,138,164,183,56,56,57,98,142,174,78,102,138,149,183,58,185,69,86,139,147,99,110,175,64,65,119,136,181,174,184,97,154,155,78,106,113,123,151,73,136,65,66,66,91,114,158,174,86,90,161,69,81,106,110,127,178,130,70,132,153,116,117,153,70,181,80,89,124,159,175,73,95,127,175,82,86,99,121,155,157,189,86,76,103,125,76,84,78,92,101,119,137,171,78,97,115,128,100,131,161,80,134,177,81,102,157,171,190,85,85,179,83,84,138,85,99,106,137,108,133,87,134,88,88
83,82,73,23,31,40,69,100,79,22,14,33,50,89,12,41,83,11,76,45,62,88,63,19,7,58,39,13,95,81,63,78,26,9,22,88,66,28,66,74,21,21,83,83,0,15,22,12,22,76,7,15,41,60,7,42,69,97,93,92,75,58,44,27,8,24,50,28,10,40,95,14,8,15,66,88,80,47,50,53,54,31,85,90,98,90,53,45,16,18,52,65,80,30,18,33,90,21,37,15,61,88,77,23,28,20,34,77,62,23,21,98,20,21,23,67,85,60,41,47,54,81,73,36,21,30,44,91,56,50,25,27,77,90,93,84,66,24,24,91,41,100,92,86,70,35,29,78,43,28,78,30,31,34,81,45,90,76,31,94,86,61,56,33,41,82,34,62,92,93,51,71,94,49,72,72,61,36,55,62,65,73,106,100,38,89,45,56,89,106,78,55,53,39,50,73,92,40,57,73,92,91,85,76,70,69,61,41,42,97,105,90,43,50,94,83,44,44,47,106,99,56,53,54,68,74,77,97,87,45,71,62,52,51,85,72,48,49,53,53,49,50,75,106,50,101,68,99,100,98,110,90,88,56,83,88,112,87,74,73,58,62,69,89,106,110,88,84,54,72,98,61,55,70,78,107,88,109,73,60,72,77,58,59,100,83,81,62,71,106,100,109,62,84,86,71,62,63,66,83,78,74,95,92,91,67,65,89,102,70,68,91,91,75,66,66,71,105,73,119,74,87,70,70,88,103,109,85,77,73,92,105,103,75,75,105,86,82,75,74,91,92,117,84,120,76,77,118,89,122,84,79,77,83,104,112,82,78,80,82,82,97,113,84,110,112,84,96,106,120,103,102,112,115,113,88,122,91,87,88,88,88,119,89,124,118
98,97,87,15,19,27,54,85,94,35,16,20,36,104,23,26,68,13,61,30,47,103,78,34,17,44,54,28,80,96,48,63,41,23,8,103,81,13,51,89,6,6,68,98,15,0,37,3,7,91,8,2,26,45,9,27,54,112,108,107,60,73,59,42,22,9,65,42,24,26,110,28,19,7,51,73,95,32,35,38,69,18,70,75,113,105,68,59,13,12,38,50,95,44,13,20,75,14,51,22,46,74,91,36,41,18,22,62,76,34,18,113,21,20,19,53,100,75,55,34,40,66,88,49,26,22,32,76,70,63,33,23,62,76,78,99,80,31,29,77,31,115,106,101,84,46,27,64,56,33,92,30,29,29,95,35,105,90,35,108,100,74,69,40,34,96,40,50,78,79,63,58,81,60,59,85,73,37,44,51,53,60,120,114,38,103,39,46,76,120,91,67,64,44,43,61,78,43,48,61,105,104,98,89,83,81,73,42,42,84,119,104,47,44,108,96,50,43,43,119,113,66,46,47,57,63,65,84,100,48,60,73,60,59,73,84,54,47,48,48,49,48,64,120,49,88,59,86,88,111,97,102,100,63,72,76,99,99,85,84,54,56,60,78,93,123,101,96,56,63,86,69,56,62,69,95,100,96,83,66,64,68,61,58,89,94,92,59,64,94,88,97,65,75,76,80,63,62,63,74,88,67,106,103,102,72,64,79,91,77,74,81,102,83,68,67,67,94,68,132,70,78,69,69,79,114,98,94,84,71,84,94,114,80,72,94,95,90,79,73,83,84,105,92,132,80,75,130,98,134,91,84,77,78,95,123,88,79,78,87,79,89,124,81,100,123,89,89,97,110,112,111,102,126,124,85,133,97,92,85,92,86,130,87,135,128
62,61,52,42,52,61,90,122,58,16,31,55,72,67,21,62,105,30,98,67,83,66,42,9,22,80,18,12,117,59,85,100,6,15,44,66,44,50,88,52,43,43,105,61,22,37,0,34,44,54,29,37,63,82,28,64,91,75,71,70,97,36,22,6,16,45,28,7,15,62,73,12,20,36,88,110,58,68,71,74,33,52,106,111,76,68,32,24,35,38,74,87,58,13,36,53,112,40,18,25,82,110,55,16,16,36,53,98,41,19,37,76,32,36,39,88,64,40,24,67,74,102,52,21,30,48,64,112,36,31,26,43,98,111,114,63,45,29,30,112,60,79,71,65,50,26,42,98,29,34,57,40,44,49,60,62,70,56,37,73,66,43,39,34,57,62,35,81,113,114,37,90,115,36,92,53,44,45,72,81,84,92,85,80,46,70,59,73,109,86,59,42,40,41,66,92,112,44,74,92,72,71,66,58,53,52,46,49,49,117,85,71,44,65,75,65,44,53,59,86,80,45,67,68,86,93,95,116,68,48,89,49,45,45,104,57,47,58,65,66,55,59,93,87,58,120,84,118,120,80,130,72,71,51,101,106,131,70,60,59,69,75,84,107,125,91,72,68,57,88,117,54,60,85,95,126,72,127,61,56,87,93,60,66,119,68,67,72,84,124,118,127,62,100,102,62,66,69,76,98,66,86,79,77,76,63,71,105,119,64,64,107,77,66,69,70,81,123,83,101,85,101,75,76,102,87,126,74,70,81,107,121,87,71,84,121,76,74,72,80,105,106,134,75,103,75,84,101,79,105,77,76,82,92,119,96,77,81,87,78,89,111,98,92,125,97,80,109,120,137,90,89,127,100,99,96,106,85,84,96,85,94,104,95,109,103
95,94,85,17,22,30,57,88,91,33,15,23,39,101,21,30,71,12,64,33,50,100,75,31,15,47,51,25,83,93,51,66,38,21,11,100,78,16,54,86,9,9,71,95,12,3,34,0,10,88,5,3,29,48,6,30,57,109,105,104,63,70,56,39,18,12,62,39,21,28,107,25,16,6,54,76,92,35,38,41,66,20,73,78,110,102,65,56,11,11,41,53,92,41,12,22,78,14,48,19,49,76,88,33,38,16,23,65,73,31,17,109,19,18,18,55,97,72,52,36,42,69,84,46,23,22,33,79,67,60,30,22,65,78,81,96,77,28,27,79,32,112,103,98,81,43,26,66,52,30,89,29,28,29,92,36,102,86,33,105,97,71,66,37,34,93,37,51,81,82,60,60,83,57,61,82,70,36,45,52,55,62,117,111,36,100,39,47,78,117,88,64,61,42,43,63,81,41,49,63,102,101,95,86,80,78,70,40,40,86,116,101,45,44,105,93,47,42,43,116,110,63,47,47,59,64,67,86,97,46,62,70,58,56,75,81,51,46,48,48,47,47,66,116,48,90,60,88,90,108,99,99,97,60,74,78,101,96,82,81,53,56,61,79,95,120,98,93,55,64,88,67,55,63,70,97,97,98,80,64,64,69,59,57,90,91,89,59,64,96,90,99,63,76,77,77,62,61,62,75,85,67,103,100,99,70,63,80,92,75,72,82,99,81,66,65,66,96,68,129,69,79,68,68,80,111,100,91,81,70,84,96,111,78,72,96,92,88,77,72,83,84,107,89,129,78,74,127,95,131,88,82,76,78,96,120,86,78,77,85,79,90,121,80,101,120,87,89,98,111,110,108,103,123,121,84,130,95,90,85,90,85,127,86,132,125
105,104,94,17,17,22,48,79,101,42,21,16,30,111,30,21,61,19,54,24,40,110,85,41,24,37,61,35,73,103,41,56,48,30,5,110,88,7,44,96,3,2,61,105,22,7,44,10,0,98,15,7,19,38,16,20,47,119,115,114,53,80,66,49,28,4,72,49,30,19,117,35,26,11,44,66,102,25,28,31,76,12,63,68,120,112,75,66,16,14,31,43,102,50,16,14,68,14,58,27,40,66,98,42,47,20,17,55,83,40,20,119,25,22,20,46,107,81,61,28,34,59,94,55,30,20,26,69,76,70,38,23,56,69,71,106,86,35,33,70,26,122,113,107,91,51,28,57,61,36,98,32,30,28,101,31,111,96,38,114,107,80,75,44,31,102,43,44,72,72,68,52,74,66,53,91,79,38,40,45,47,54,126,121,39,109,37,42,70,127,97,72,69,47,39,55,72,45,43,55,111,110,104,95,89,87,78,43,43,77,125,110,50,41,114,102,53,44,42,126,119,71,44,44,52,57,59,77,106,51,55,78,64,63,67,90,57,47,46,46,49,48,59,126,49,82,55,80,81,117,91,108,106,66,67,71,92,105,90,89,52,53,56,72,87,129,106,101,58,59,80,73,57,58,64,88,105,90,87,69,60,64,62,58,83,99,96,58,60,88,83,91,67,70,71,83,64,62,61,69,92,64,112,108,107,75,64,75,85,81,77,77,107,87,69,67,65,88,66,137,67,74,69,69,75,119,93,98,87,70,79,89,119,83,71,89,99,94,81,72,79,80,100,95,138,81,74,135,102,140,94,86,77,76,90,128,91,80,77,90,78,85,129,79,95,127,91,85,92,104,117,115,97,131,128,83,138,100,93,84,94,85,134,86,139,133
18,18,18,95,104,114,144,176,16,61,83,108,126,18,72,116,159,83,151,120,137,15,16,59,76,134,38,64,171,9,139,154,50,68,98,13,11,104,142,4,97,97,159,7,76,91,54,88,98,0,83,91,117,136,82,118,145,21,17,16,151,18,32,49,70,99,26,49,68,116,20,64,73,89,142,164,7,122,125,128,25,105,160,165,23,16,26,34,88,91,127,140,11,50,89,107,165,93,44,76,136,164,14,61,56,87,106,152,23,64,88,26,83,87,91,141,19,26,44,119,127,155,20,51,78,100,116,165,33,38,70,93,150,164,167,23,27,75,77,165,111,32,27,26,27,60,91,151,50,78,27,86,92,98,28,113,30,30,80,32,30,38,42,73,106,31,76,132,165,166,50,142,167,53,143,37,43,89,122,131,134,143,42,39,90,36,106,122,161,44,38,52,54,79,114,143,163,84,123,142,39,39,39,41,43,44,50,91,92,169,45,40,80,111,42,41,78,95,104,47,44,59,114,115,135,142,145,167,43,85,138,56,68,70,154,50,79,101,110,111,95,101,142,50,98,171,131,168,170,50,181,50,50,75,150,155,182,51,56,57,111,119,130,157,176,56,52,53,91,134,166,72,95,131,142,176,55,177,63,80,132,139,92,103,168,60,61,112,128,174,166,177,90,146,148,73,99,106,116,144,68,129,62,63,63,84,107,151,167,80,84,154,65,75,99,103,120,170,123,70,125,146,109,111,146,68,174,75,83,117,152,168,70,89,120,167,77,81,93,115,148,150,181,81,75,97,118,75,79,77,86,95,113,130,164,76,91,109,122,94,124,154,78,128,170,79,96,150,164,183,81,82,172,81,82,132,84,94,101,130,102,127,85,127,87,86
91,90,80,20,26,34,62,94,86,29,15,28,44,96,18,35,76,11,69,38,55,95,71,27,12,52,47,21,88,88,56,71,34,16,16,95,73,22,59,81,15,14,76,90,7,8,29,5,15,83,0,8,34,53,1,35,62,104,100,99,68,65,51,34,13,16,57,34,16,33,102,20,11,8,59,81,87,39,42,45,61,24,78,82,104,97,60,51,11,12,45,58,87,36,12,25,83,15,43,15,54,81,83,28,33,15,27,70,68,26,16,104,17,17,18,59,92,66,47,39,47,73,79,41,20,24,37,83,62,55,26,22,69,83,86,91,71,25,24,84,35,107,98,92,76,38,25,71,48,28,83,27,27,29,87,38,96,81,30,100,92,66,61,34,36,88,34,55,85,86,55,64,87,53,65,77,66,34,48,56,58,66,112,106,35,95,40,50,82,112,83,59,57,39,45,66,85,39,51,66,97,96,90,81,75,73,65,39,39,90,110,96,42,45,100,88,44,41,43,111,105,59,48,48,62,68,70,89,92,44,64,66,54,53,78,77,48,46,48,48,46,47,69,111,47,94,62,92,93,103,103,94,93,57,77,81,105,92,78,76,53,57,63,83,99,115,93,88,53,66,91,63,53,65,72,100,92,102,76,60,66,71,57,56,94,86,84,58,65,99,93,102,61,78,79,73,60,60,62,77,81,68,99,96,95,67,62,83,95,72,69,85,95,77,64,64,67,99,68,124,70,81,67,67,82,107,103,87,78,70,86,98,106,75,72,98,89,84,75,71,85,86,110,85,125,75,74,122,92,127,85,79,75,78,98,116,83,76,77,82,78,92,117,80,103,115,84,91,100,114,106,104,106,119,117,84,125,92,87,85,88,85,122,86,127,121
98,97,88,17,21,28,55,86,94,36,17,21,37,104,24,27,68,14,61,31,47,103,79,34,18,44,55,28,80,96,49,63,41,24,9,103,81,14,51,89,7,7,68,98,15,2,37,3,7,91,8,0,26,45,9,27,54,112,108,107,60,73,59,42,21,9,65,42,23,25,110,27,19,5,51,73,95,32,35,37,69,17,70,75,112,104,68,59,11,10,37,50,95,43,11,19,75,12,51,21,46,73,91,35,40,16,21,62,76,33,16,112,20,18,17,52,100,74,54,32,39,66,87,48,24,20,30,76,69,63,32,21,62,75,78,98,79,29,28,76,29,115,106,100,84,45,25,63,55,31,91,28,27,27,94,33,104,89,33,107,100,73,68,38,32,95,38,48,77,78,62,57,80,59,58,84,72,35,43,50,52,59,119,114,36,103,37,44,75,120,90,65,63,43,41,60,77,41,46,60,105,104,97,88,82,80,72,40,40,83,118,103,46,42,107,95,48,41,41,119,112,65,45,45,56,62,64,82,99,47,59,72,59,57,72,83,52,45,46,46,47,46,63,119,47,87,57,85,87,110,96,101,99,61,71,75,98,98,84,83,52,54,59,76,92,123,100,95,54,62,85,68,54,60,67,93,99,95,81,64,62,66,59,56,87,93,90,57,62,93,87,96,63,73,74,78,61,60,61,72,86,65,105,102,101,71,62,78,89,76,73,80,101,82,66,65,65,93,66,131,68,77,67,67,78,113,97,92,82,69,82,93,112,79,70,93,94,89,77,71,81,82,104,90,131,78,73,128,97,133,89,82,75,76,93,122,86,77,76,85,77,88,123,79,98,121,87,87,95,108,111,110,101,125,122,83,132,95,90,83,90,84,128,85,133,127
124,123,113,29,22,17,31,60,120,60,38,17,16,130,48,13,43,37,36,10,22,129,104,60,43,19,80,54,55,122,23,38,67,49,20,129,107,14,25,115,20,20,42,124,41,26,63,29,19,117,34,26,0,19,35,1,28,138,134,133,34,99,85,68,47,18,91,68,49,4,136,53,44,28,25,47,121,8,10,13,94,15,44,49,138,130,94,85,32,29,14,25,121,69,31,16,49,28,76,44,22,48,117,60,65,34,19,37,101,57,34,138,40,36,33,29,125,100,79,18,20,41,113,73,45,27,20,51,94,88,54,33,38,51,53,124,104,50,48,52,24,140,131,126,109,68,39,41,78,50,116,44,40,35,119,29,129,114,51,132,125,98,92,58,34,120,57,33,55,55,85,38,57,82,40,108,96,49,34,35,36,40,144,138,49,127,40,36,54,145,114,88,85,60,38,43,56,57,38,43,129,128,121,112,105,104,94,52,52,61,143,127,62,42,132,119,65,51,46,143,137,86,43,43,43,46,47,62,123,62,45,94,78,77,54,106,69,52,48,48,57,53,49,143,56,66,48,65,66,134,75,124,123,79,55,58,77,121,106,104,54,52,51,60,72,147,123,117,67,52,66,86,65,53,55,74,122,75,102,81,55,56,71,64,69,114,112,61,57,74,70,77,77,61,62,97,71,67,63,62,106,61,127,124,123,86,69,65,73,93,88,67,122,100,76,73,66,76,66,154,67,67,74,73,68,134,80,111,98,72,71,78,134,94,73,78,112,106,91,76,72,73,87,108,153,90,77,150,115,155,105,95,82,76,80,143,101,85,79,99,80,79,144,80,85,142,100,80,83,92,130,129,87,146,143,83,153,111,102,85,103,87,149,88,154,147
143,142,132,46,37,29,18,43,139,79,56,32,18,149,66,25,26,55,19,19,10,148,123,79,62,9,99,72,36,141,8,19,86,68,38,148,126,32,8,134,39,39,23,143,60,45,82,48,38,136,53,45,19,0,54,18,9,157,153,152,15,118,104,87,66,37,110,87,68,20,155,72,63,47,8,28,140,15,13,10,113,32,26,30,157,149,112,103,50,47,13,11,139,88,49,32,31,46,95,62,13,30,136,78,83,52,34,21,120,76,52,157,58,54,50,17,144,118,98,25,21,25,131,91,63,42,30,34,113,106,72,50,25,34,37,143,123,68,66,36,35,159,150,144,127,86,55,28,97,67,135,60,55,50,138,39,148,132,68,151,143,116,110,75,45,139,74,32,40,41,103,32,43,100,33,127,114,64,39,35,35,34,163,157,64,146,51,41,42,163,132,106,103,76,46,37,44,72,42,38,147,146,140,130,123,121,112,67,66,48,161,146,78,51,150,137,81,65,57,162,155,103,52,51,43,42,42,49,141,76,43,111,95,93,46,123,84,64,58,57,70,65,46,161,69,55,50,54,55,152,62,142,140,94,50,51,63,139,123,121,63,58,53,52,60,164,140,134,80,53,56,102,78,55,53,62,139,63,119,95,57,56,84,74,60,131,128,70,61,64,61,66,90,59,59,112,83,77,70,60,122,65,144,140,140,100,79,62,65,107,103,63,139,115,88,84,72,68,72,171,72,66,84,82,67,151,72,126,113,80,69,71,150,107,80,72,128,121,104,85,71,71,77,122,170,103,85,167,130,172,119,108,91,81,76,159,115,96,86,112,86,77,160,85,79,158,113,79,79,84,146,144,82,162,159,88,169,124,115,90,115,93,165,94,170,163
90,89,79,21,28,36,64,95,86,29,16,29,46,95,18,36,77,12,70,40,56,95,70,26,12,53,46,20,89,87,58,72,33,16,17,94,72,23,60,80,16,16,77,89,7,9,28,6,16,82,1,9,35,54,0,36,63,103,99,98,69,64,50,33,12,17,56,33,14,34,101,18,10,8,60,82,86,40,43,46,60,24,78,83,103,95,59,50,10,12,46,59,86,34,12,26,84,15,42,14,54,82,82,26,31,15,27,70,67,25,16,103,16,16,17,60,91,65,45,40,47,74,78,39,19,24,37,84,60,54,25,22,70,83,86,89,70,23,22,85,35,106,97,91,75,37,25,71,46,26,82,26,27,29,85,38,95,80,29,98,91,65,60,33,35,86,33,55,85,86,54,64,88,51,65,76,64,33,48,56,58,66,110,105,34,94,39,49,83,111,81,58,55,38,44,67,85,38,51,66,96,95,89,80,74,72,64,38,38,90,109,94,41,45,98,87,43,40,42,110,103,57,48,48,62,68,70,90,90,43,65,64,52,51,79,75,47,45,48,48,45,46,69,110,46,94,62,92,94,102,104,93,91,55,77,81,105,90,77,75,53,56,63,83,99,114,92,87,51,66,92,62,52,64,72,100,91,102,74,59,66,71,56,55,94,85,83,58,65,99,93,102,60,78,79,72,59,59,61,77,79,68,97,94,94,66,61,83,95,70,68,85,93,76,63,63,66,99,68,123,69,81,66,66,82,105,103,86,76,69,86,98,105,74,71,98,87,83,73,70,85,86,110,84,123,74,73,121,90,125,84,78,74,78,98,114,82,75,76,81,77,92,115,79,103,114,83,91,100,114,104,103,106,117,115,84,124,90,86,84,86,84,121,85,126,120
125,124,114,31,23,19,31,60,121,61,39,19,17,131,49,14,42,38,35,11,22,130,105,61,44,19,81,55,54,123,22,37,68,50,21,130,108,15,25,116,22,21,41,125,42,27,64,30,20,118,35,27,1,18,36,0,27,139,135,134,33,100,86,69,48,19,92,69,50,4,137,54,45,29,24,46,122,6,9,11,95,15,43,48,139,131,94,85,32,29,13,24,121,70,32,16,48,28,77,45,21,47,118,60,66,35,19,36,102,58,34,139,40,37,33,27,126,100,80,17,19,40,113,73,46,27,19,50,95,88,55,34,37,49,52,125,105,51,49,51,24,141,132,126,110,68,39,39,79,51,117,44,40,35,120,28,130,114,51,133,125,98,93,59,33,121,57,32,53,54,86,37,55,82,38,109,97,49,33,34,35,39,145,139,49,128,39,35,52,146,115,89,86,60,37,41,55,57,37,42,130,129,122,113,106,104,95,52,52,60,143,128,63,41,132,120,66,51,46,144,137,86,43,42,42,45,46,60,123,62,44,94,79,77,52,107,69,52,48,47,57,53,48,144,56,65,47,64,65,135,74,125,123,79,54,57,75,122,106,105,53,51,50,58,71,147,123,118,67,51,65,86,65,52,54,72,122,74,102,81,54,55,71,63,68,115,112,60,56,72,69,75,77,60,61,97,71,67,62,60,107,60,128,124,123,86,68,64,71,93,88,66,122,100,76,73,65,75,66,154,66,66,73,72,67,135,79,111,98,72,70,76,134,93,72,77,112,106,91,75,71,71,85,108,154,90,76,151,115,156,105,95,81,75,79,143,101,85,78,99,79,77,144,79,84,142,100,79,82,91,131,129,86,146,143,82,153,110,102,84,102,86,149,87,154,147
152,151,141,55,46,37,18,35,148,88,65,41,25,158,75,33,19,64,13,27,14,157,132,88,71,15,108,81,28,150,10,12,95,77,48,157,135,41,7,143,48,48,15,152,69,54,91,57,47,145,62,54,28,9,63,27,0,166,162,161,6,127,113,96,75,46,119,96,77,29,164,81,72,56,5,19,149,24,21,18,122,41,17,22,166,158,121,112,59,56,20,10,148,97,58,40,22,54,104,71,16,22,145,87,92,61,42,15,129,84,60,166,66,62,58,17,153,127,106,32,25,19,140,100,71,50,36,27,122,115,81,58,20,27,29,151,132,76,74,28,42,168,159,153,136,94,63,24,105,75,143,68,63,57,147,45,157,141,75,160,152,124,119,83,52,147,82,34,34,35,111,32,36,108,33,135,123,71,43,38,36,34,171,166,71,154,57,45,37,172,141,114,111,83,52,37,39,79,46,38,156,155,148,138,132,130,120,74,73,42,170,154,85,57,158,146,89,71,63,170,163,111,57,56,44,42,41,44,149,83,44,119,102,101,43,132,91,70,63,62,77,71,46,169,75,50,52,50,50,160,56,150,148,102,49,49,57,147,131,129,68,62,56,50,55,173,148,142,87,55,53,109,84,58,54,57,147,58,126,102,60,57,91,80,57,139,136,74,64,59,58,61,96,59,59,120,89,83,75,61,130,68,152,148,147,107,84,61,62,114,109,62,146,122,93,90,76,64,76,179,76,67,89,87,68,159,69,134,119,84,69,68,158,113,83,69,135,128,110,89,72,71,73,129,178,108,89,175,137,180,126,114,96,84,74,167,121,101,90,119,90,77,168,89,77,166,119,80,78,81,153,151,79,169,166,91,176,130,120,94,120,97,172,98,178,170
24,25,32,116,125,135,165,197,26,82,104,129,147,17,93,137,180,104,172,142,158,14,36,80,97,155,59,86,192,18,160,175,71,89,119,11,32,125,163,24,118,118,180,15,97,112,75,109,119,21,104,112,138,157,103,139,166,0,4,5,172,39,53,70,91,120,47,70,89,137,4,85,94,110,163,185,17,143,146,149,45,126,181,186,8,11,46,55,108,111,148,161,20,71,109,127,186,113,64,97,156,184,25,81,76,108,127,172,40,84,109,15,103,107,111,162,21,43,63,140,148,176,32,70,98,120,136,186,50,56,90,114,171,185,188,26,41,95,97,186,132,22,24,27,39,78,110,172,68,98,35,106,112,118,34,133,30,39,100,29,33,53,58,92,126,36,95,152,185,186,66,162,187,70,163,47,58,108,142,151,154,163,33,33,109,38,126,142,181,35,46,68,70,97,134,163,183,103,143,162,40,40,44,50,54,56,64,109,110,189,38,42,98,131,41,47,95,114,123,40,41,75,133,134,154,162,165,187,47,103,157,69,84,86,174,60,96,119,128,129,113,119,161,45,116,190,150,188,190,49,201,54,55,91,169,175,202,56,67,68,130,138,149,176,195,50,57,60,108,153,186,87,112,150,161,196,60,197,74,95,151,158,108,121,187,67,69,129,147,193,186,196,106,165,167,85,116,123,133,163,78,147,66,68,68,98,124,170,186,93,97,172,71,87,115,119,138,189,140,64,142,164,125,127,164,70,193,84,95,134,170,186,72,102,137,186,86,91,106,131,166,168,200,91,71,111,134,72,88,73,97,108,128,146,182,76,103,124,138,106,140,171,78,144,188,80,108,168,182,201,85,86,190,81,83,148,82,104,112,146,114,142,85,143,85,86
22,22,29,112,121,131,161,193,23,78,100,125,143,16,89,133,176,100,169,138,154,12,32,76,93,151,55,82,188,15,156,171,67,85,115,9,28,121,159,20,114,114,176,11,93,108,71,105,115,17,100,108,134,153,99,135,162,4,0,1,168,35,49,66,87,116,43,66,85,133,4,81,90,106,159,181,14,139,142,145,41,122,177,182,9,9,42,51,104,107,144,157,17,67,105,123,182,109,60,93,152,180,22,77,72,104,123,169,37,80,105,15,99,103,107,158,19,39,59,136,144,172,29,66,95,116,132,182,46,53,86,110,167,181,184,23,38,91,93,182,128,22,23,25,36,75,107,168,65,94,33,102,108,114,32,129,28,36,96,28,31,50,55,89,122,34,91,148,181,182,63,158,183,67,159,45,54,104,138,148,150,159,34,33,105,36,122,138,177,36,44,64,67,94,130,159,179,99,139,158,39,39,42,47,52,53,61,106,107,185,38,40,94,127,40,45,92,110,120,40,40,71,129,130,150,158,161,183,45,99,154,66,81,82,170,57,93,115,125,126,109,116,157,45,112,187,146,184,186,48,197,52,53,87,165,171,198,55,64,65,126,134,145,172,191,50,55,58,105,150,182,83,109,146,157,192,58,193,72,92,147,154,105,117,183,65,67,126,143,189,182,192,102,161,163,82,112,119,130,159,75,144,64,66,66,95,120,166,182,90,94,168,69,84,112,116,134,186,136,64,139,160,122,123,161,68,189,82,93,131,166,183,71,99,134,182,83,88,103,127,162,164,197,88,71,108,131,72,85,73,94,105,125,143,179,75,100,120,134,103,136,168,77,140,184,79,105,164,178,198,84,85,186,80,82,144,81,101,110,142,111,139,84,139,84,85
21,22,28,111,121,130,160,192,23,77,99,124,142,16,88,132,175,99,168,137,153,12,31,75,92,150,54,81,187,14,155,170,66,84,114,8,27,120,158,19,113,113,175,10,92,107,70,104,114,16,99,107,133,152,98,134,161,5,1,0,167,34,48,65,86,115,42,65,84,132,4,80,89,105,158,180,13,138,141,144,40,121,176,181,9,9,41,50,103,106,143,156,16,66,104,122,181,108,59,92,151,179,21,76,71,103,122,168,36,79,104,16,98,102,106,157,18,38,58,135,143,171,28,65,94,115,131,181,45,52,85,109,166,180,183,23,37,90,92,181,127,23,22,25,35,74,106,167,64,93,32,101,107,113,31,128,28,35,95,28,30,49,54,88,121,34,90,147,180,181,62,157,182,66,158,44,54,103,137,147,149,158,34,33,104,36,121,137,176,36,43,64,66,93,129,158,178,98,138,157,38,39,41,46,51,52,60,105,106,184,38,40,93,126,40,44,91,109,119,40,40,70,128,129,149,157,160,182,45,98,153,65,80,82,169,57,92,114,124,125,108,115,156,45,111,186,145,183,185,48,196,52,52,87,164,170,197,54,63,65,125,133,145,171,190,50,55,57,104,149,181,83,108,145,157,191,57,192,71,91,146,153,104,116,182,65,66,125,142,188,181,191,102,160,162,81,111,118,129,158,75,143,64,65,66,94,119,165,181,89,94,168,68,84,111,115,133,185,136,64,138,159,121,123,160,68,188,81,92,130,165,182,71,98,133,181,83,88,103,126,161,163,196,88,71,107,130,72,85,73,94,104,124,142,178,75,99,120,133,103,136,167,77,140,183,78,105,163,178,197,84,84,185,80,82,143,81,101,109,141,110,138,84,139,84,85
158,157,147,61,52,42,21,31,154,94,71,47,31,164,81,39,17,70,13,33,18,163,138,94,77,20,114,88,22,156,15,9,101,83,54,163,141,48,11,149,54,54,9,158,75,60,97,63,53,151,68,60,34,15,69,33,6,172,168,167,0,133,119,102,81,52,125,102,83,35,170,87,78,62,9,13,155,29,26,23,128,47,11,16,172,164,127,118,64,62,25,14,154,102,64,46,17,60,110,77,19,16,150,93,98,66,48,13,135,90,66,172,72,68,64,19,159,133,112,37,30,16,146,105,77,56,41,22,127,121,86,63,19,22,24,157,137,81,80,24,47,173,164,159,142,100,68,23,111,81,149,73,68,62,152,49,162,147,81,165,158,130,124,89,56,153,87,37,31,31,117,33,33,113,33,141,128,76,47,40,38,34,177,171,76,160,61,48,35,177,146,119,116,88,55,37,36,84,50,39,161,160,154,144,137,135,126,78,77,39,175,160,90,60,164,151,94,76,67,176,169,116,60,59,46,43,42,41,155,88,46,124,108,106,42,137,96,75,67,66,81,75,47,175,79,47,54,47,48,166,52,156,154,106,49,48,54,152,136,134,71,65,58,49,52,178,153,148,91,57,50,114,88,60,54,54,152,55,131,107,61,58,95,84,54,144,141,78,66,57,56,58,101,59,59,124,92,86,78,61,135,70,157,153,152,112,88,61,60,119,114,62,151,127,97,94,79,62,79,184,78,67,92,91,68,164,67,138,124,87,69,67,163,118,86,68,139,132,114,92,72,72,71,134,183,112,92,180,142,185,130,118,99,86,73,172,125,104,93,123,92,77,173,91,76,170,123,80,77,78,158,156,78,174,171,93,181,134,124,96,124,99,177,100,182,175
31,30,24,78,87,97,127,158,28,45,66,91,108,34,55,98,141,66,134,103,120,32,13,42,58,117,22,47,153,25,121,136,33,51,81,31,11,86,124,17,79,79,141,25,58,73,36,70,80,18,65,73,99,118,64,100,127,39,35,34,133,0,14,31,52,81,8,31,50,98,37,46,55,71,124,146,22,104,107,110,8,87,142,147,40,32,9,17,69,72,109,122,22,32,70,88,147,75,26,58,117,145,20,42,38,69,88,134,13,46,70,40,65,68,72,123,29,15,27,101,109,137,20,33,60,82,97,147,19,23,52,75,132,146,149,30,19,57,59,147,93,44,37,33,23,42,72,133,34,61,28,68,74,80,30,94,37,28,63,40,35,28,30,56,88,33,58,114,147,148,35,123,149,38,125,31,32,71,104,113,116,125,52,47,72,40,88,104,143,53,35,39,40,62,96,125,145,67,105,124,43,43,39,36,36,36,38,73,74,150,53,43,63,94,46,40,61,78,87,54,50,46,96,97,117,124,127,149,43,68,120,44,53,55,136,42,63,83,92,93,78,84,124,57,81,152,113,150,152,53,163,49,49,60,132,137,164,49,48,49,94,102,113,139,157,62,50,49,75,117,148,59,79,114,124,158,52,159,54,66,114,122,76,87,150,54,54,95,111,156,149,159,75,129,131,61,83,89,99,127,59,112,60,60,59,71,91,134,149,68,70,136,61,65,84,88,104,153,106,75,108,129,93,95,129,67,156,67,72,101,134,150,69,77,104,150,69,71,80,99,131,133,164,72,79,84,103,78,72,81,76,82,98,114,147,76,80,94,106,82,108,137,78,112,153,78,85,134,147,165,77,77,155,81,81,116,85,84,89,115,90,112,85,112,88,85
43,42,34,64,74,83,113,144,39,33,53,77,95,47,42,85,127,52,120,89,106,46,22,29,45,103,12,34,139,38,107,122,20,37,67,45,23,72,110,31,65,65,127,39,44,59,22,56,66,32,51,59,85,104,50,86,113,53,49,48,119,14,0,17,38,67,6,17,36,84,51,32,41,57,110,132,36,90,93,96,11,73,128,133,53,46,11,7,55,58,95,108,36,19,57,74,133,61,14,44,103,131,33,29,25,55,74,120,20,33,57,54,51,55,59,109,42,20,17,87,95,123,31,22,47,68,84,133,19,18,39,62,118,132,135,42,25,44,46,133,80,57,49,44,30,31,59,119,25,48,37,55,61,66,40,81,49,36,50,52,45,28,27,44,75,42,46,100,133,134,30,110,135,32,111,36,31,59,90,100,103,111,64,59,60,50,76,91,129,65,41,34,35,51,83,111,131,55,92,111,52,52,47,41,38,38,36,62,62,137,64,52,52,81,55,47,51,66,74,65,60,40,84,85,104,111,114,136,50,57,107,41,46,47,123,43,53,72,80,81,67,72,111,67,70,139,101,137,139,61,149,55,54,53,119,124,151,54,49,48,82,90,100,126,144,71,55,53,65,104,135,53,69,101,112,145,56,146,52,58,102,109,67,76,137,56,55,84,99,143,136,146,67,116,118,58,74,79,88,114,58,100,64,63,63,64,81,121,136,62,64,124,64,62,75,78,93,140,95,83,97,117,84,85,117,72,144,66,68,91,122,138,73,71,94,137,68,68,74,89,119,121,151,69,86,77,93,85,71,88,73,77,89,103,135,81,75,86,96,77,98,125,83,102,141,83,79,122,135,153,79,79,143,86,85,106,91,81,84,105,85,103,90,103,93,90
59,58,48,48,58,67,96,128,54,21,38,60,78,63,27,68,110,36,103,72,89,62,38,15,29,86,16,19,122,55,91,105,9,21,50,62,40,56,93,48,49,48,110,56,27,42,6,39,49,49,34,42,68,87,33,69,96,70,66,65,102,31,17,0,21,50,23,1,19,67,68,15,24,40,93,115,53,73,76,79,27,56,111,116,70,62,26,17,39,42,78,91,53,8,40,58,116,44,12,28,87,114,49,15,13,39,57,103,35,18,40,70,35,39,42,92,58,34,17,71,78,106,46,16,31,52,67,116,30,25,25,46,102,115,118,57,39,30,31,117,63,73,65,59,44,23,44,102,24,34,51,41,46,51,54,65,64,49,37,67,59,37,33,32,59,56,34,84,116,117,31,94,119,31,95,47,38,45,75,84,87,95,79,73,47,63,61,76,113,80,52,36,35,40,68,95,115,44,76,95,66,65,59,52,47,46,40,49,50,121,78,65,42,66,69,58,42,53,60,79,73,40,69,70,88,95,98,120,62,47,91,44,41,41,107,50,45,59,66,67,55,59,95,80,57,123,86,121,123,73,133,66,64,48,103,109,134,64,54,53,69,76,86,110,128,85,65,61,55,90,120,50,58,87,97,129,65,130,55,53,88,95,58,65,121,62,61,72,85,127,120,130,59,102,103,58,64,69,76,100,61,87,73,71,70,60,70,107,121,60,60,109,71,62,67,69,81,125,83,95,85,103,74,75,103,81,129,69,66,80,108,123,81,67,83,123,71,69,69,79,106,107,136,70,97,72,83,95,74,99,72,73,80,92,121,90,73,79,86,74,88,112,92,91,127,91,76,110,122,139,85,84,129,94,93,96,100,80,80,95,81,93,98,94,102,97
79,78,68,30,39,47,76,107,74,22,22,41,58,84,16,48,89,18,82,52,68,83,58,17,13,65,35,13,102,76,70,85,22,9,29,82,61,35,72,68,28,28,89,77,8,22,16,18,28,70,13,21,47,66,12,48,75,91,87,86,81,52,38,21,0,29,44,21,2,46,89,6,4,19,72,94,74,52,55,58,47,36,90,95,91,83,47,38,18,21,57,70,73,22,20,37,95,24,30,11,66,94,70,16,20,20,37,82,55,15,21,91,18,21,24,71,78,53,34,50,58,85,66,28,17,32,47,96,48,42,18,28,81,95,98,77,58,19,19,96,44,93,85,79,63,27,28,82,35,23,70,27,30,34,73,46,83,68,26,86,79,53,48,27,42,74,28,64,96,97,43,74,98,41,75,64,53,33,56,65,68,76,98,93,35,82,45,57,93,99,70,47,45,34,51,76,95,35,59,76,84,83,77,68,62,61,53,38,38,101,97,83,37,50,87,75,38,41,46,98,92,48,53,54,70,77,79,100,79,40,73,55,45,44,88,65,42,47,52,52,45,47,77,98,47,104,69,102,103,91,114,82,80,49,85,90,115,79,66,65,56,61,69,92,109,102,81,76,49,73,101,54,51,71,80,110,80,111,65,53,72,78,53,56,103,75,73,60,70,108,102,112,56,85,87,64,58,59,64,83,70,73,87,84,83,60,61,90,103,64,62,92,83,68,61,62,69,107,71,112,73,87,66,66,88,95,111,77,70,71,93,106,95,69,73,106,79,75,69,71,91,92,118,76,112,70,74,110,82,114,77,73,73,80,105,104,76,73,77,76,79,97,105,81,110,104,77,96,106,122,95,94,112,108,106,86,114,84,81,85,82,85,111,86,116,110
107,106,96,21,20,24,48,79,103,44,25,19,31,112,32,23,61,22,54,25,40,112,87,43,27,37,63,37,73,104,41,56,50,32,9,111,89,9,44,97,7,6,60,106,24,9,45,12,4,99,16,9,18,37,17,19,46,120,116,115,52,81,67,50,29,0,73,50,31,17,118,35,26,10,43,65,103,23,26,29,76,8,61,66,120,112,75,66,14,11,29,42,102,51,14,11,66,11,58,26,37,65,99,41,47,18,13,53,83,39,18,120,23,20,17,43,107,81,61,24,31,57,94,54,28,16,23,67,76,69,37,20,53,66,69,106,86,33,31,68,22,122,113,107,91,50,25,55,61,34,98,29,26,25,101,27,111,96,35,114,106,80,74,42,27,102,41,40,69,70,68,49,71,64,50,90,78,35,36,42,44,51,126,120,36,109,33,38,67,127,96,71,68,45,35,52,69,42,39,52,111,110,103,94,88,86,77,40,39,74,125,109,48,37,114,101,50,40,38,125,119,69,40,40,49,54,56,74,105,48,51,77,62,61,64,89,54,43,42,42,46,44,55,125,46,78,51,77,78,116,88,107,105,64,63,67,89,104,89,87,48,49,52,69,84,129,105,100,55,55,77,71,54,54,60,85,104,87,86,66,56,60,59,54,79,97,95,54,56,85,79,87,64,66,67,81,60,58,57,65,90,60,110,107,106,72,60,71,81,78,74,73,105,85,65,64,61,85,62,136,63,70,65,65,71,118,89,95,84,66,75,85,117,80,67,85,97,91,78,69,75,76,96,93,136,78,70,133,100,138,91,83,74,72,86,126,88,76,73,87,74,81,127,75,91,126,88,81,88,101,115,113,93,129,127,79,136,97,90,80,91,81,132,82,138,131
38,37,30,70,80,89,119,150,34,39,59,83,101,42,48,91,133,58,126,95,112,40,18,35,51,109,16,40,145,33,114,128,26,43,73,39,18,79,116,25,71,71,133,34,50,65,28,62,72,26,57,65,91,110,56,92,119,47,43,42,125,8,6,23,44,73,0,23,42,90,45,38,47,63,116,138,30,96,99,102,6,79,134,139,47,39,6,9,61,64,101,114,30,24,62,80,139,66,18,50,109,137,27,34,30,61,80,125,15,38,62,48,57,60,64,115,36,16,20,93,101,129,25,26,52,74,89,139,17,18,44,67,124,138,141,36,21,49,51,139,85,51,43,38,26,35,65,125,28,53,32,61,66,72,35,86,43,31,55,46,40,26,26,49,80,37,51,106,139,140,30,115,141,33,117,32,30,64,96,105,108,117,58,53,65,45,81,96,135,59,37,35,36,55,88,117,137,60,97,116,47,47,42,38,36,35,35,66,67,142,58,47,56,86,50,43,54,70,79,60,54,41,89,89,109,116,119,141,46,61,112,41,48,49,128,41,57,76,85,85,71,77,116,62,74,145,106,142,144,56,155,51,51,55,124,129,156,51,47,47,87,95,105,131,150,66,52,50,69,109,140,54,72,106,117,150,53,151,51,60,107,114,70,80,142,54,53,88,104,148,141,151,69,121,123,58,77,83,92,119,57,105,61,60,60,66,84,126,141,63,66,128,61,62,78,81,97,145,99,78,101,121,87,88,122,69,148,65,68,95,127,143,70,72,98,142,67,68,75,93,124,125,156,69,82,79,96,81,70,84,73,78,92,107,139,78,76,89,100,78,102,130,80,105,145,80,80,127,140,158,77,77,147,83,82,110,87,81,85,108,86,106,87,106,90,87
59,58,49,49,58,67,96,128,55,22,38,61,78,63,28,68,110,36,103,72,89,62,38,16,29,86,17,19,123,55,91,106,10,21,50,62,40,56,93,48,49,49,110,56,28,42,7,39,49,49,34,42,68,87,33,69,96,70,66,65,102,31,17,1,21,50,23,0,19,67,68,15,24,40,93,115,53,73,76,79,26,56,111,116,70,62,26,17,38,41,78,91,52,7,40,57,116,44,11,28,86,114,49,14,12,39,57,103,34,18,40,70,35,38,42,92,58,33,17,70,78,106,46,15,31,51,67,116,29,24,25,45,101,115,118,57,38,29,31,116,63,73,64,59,43,22,43,102,23,33,51,40,45,51,54,65,63,49,36,66,59,36,32,32,59,55,34,83,116,117,30,93,118,30,95,46,37,45,74,84,86,95,78,73,46,63,60,75,113,79,52,35,34,39,68,95,115,43,76,94,65,64,59,51,46,45,39,48,49,120,78,64,41,66,68,57,41,52,60,79,73,39,69,69,88,95,98,119,61,46,91,43,40,40,107,50,44,58,65,66,54,59,95,80,57,123,85,120,122,73,133,65,64,47,103,108,134,63,53,52,69,75,85,110,128,84,64,61,55,89,119,49,57,86,96,129,65,130,54,52,87,94,57,64,121,61,60,71,85,127,120,130,58,101,103,57,64,68,75,99,60,86,72,70,69,59,69,106,121,59,59,108,70,61,66,68,80,124,82,94,84,102,73,74,103,80,128,68,65,80,108,123,80,66,82,122,70,68,68,79,105,107,136,69,96,71,82,94,73,98,71,72,79,91,120,89,72,78,85,73,87,111,91,90,126,90,75,109,121,138,84,83,128,93,92,95,99,79,79,94,81,92,97,93,102,97
77,76,66,33,41,50,78,109,73,22,24,43,60,82,17,50,92,21,84,54,70,81,57,16,15,67,33,13,104,74,72,87,21,10,32,81,59,37,75,66,30,30,91,75,10,24,15,21,30,68,16,23,49,68,14,50,77,89,85,84,83,50,36,19,2,31,42,19,0,48,87,4,5,21,74,96,72,54,57,60,45,37,92,97,89,81,44,36,20,23,59,72,71,20,21,39,97,25,28,11,68,95,68,13,18,21,39,84,52,13,22,89,18,21,25,73,76,51,31,52,60,87,64,26,17,34,49,97,46,40,17,29,83,97,99,75,56,18,19,98,45,91,82,77,61,25,28,84,33,23,68,27,30,35,71,48,81,66,26,84,77,51,46,26,43,72,27,66,98,99,41,75,100,39,77,62,51,33,57,66,69,77,96,90,34,80,45,59,95,97,68,45,43,33,52,77,97,35,60,77,82,81,75,66,60,59,51,38,38,102,95,80,36,51,85,73,37,41,46,96,89,46,54,54,71,78,81,101,77,39,74,52,43,42,89,62,41,47,52,53,45,47,78,96,47,105,70,103,105,88,115,80,78,48,86,91,116,77,64,63,56,62,70,93,110,100,78,74,49,74,102,53,50,71,81,111,78,113,63,52,73,79,52,55,104,73,71,60,71,110,103,113,55,86,87,62,57,59,64,84,69,73,85,82,81,59,61,91,105,62,60,93,81,66,61,61,69,108,71,109,73,88,66,66,88,93,112,75,68,70,93,107,93,67,72,107,77,73,67,71,91,93,120,75,110,69,73,108,80,112,75,72,73,81,105,102,74,73,77,74,79,98,103,81,111,102,76,96,107,123,93,92,113,105,103,85,112,83,80,85,81,84,109,85,114,108
124,123,113,31,25,21,34,63,120,60,39,20,20,129,48,17,45,37,38,15,25,129,104,59,43,22,80,53,56,121,25,40,67,49,21,128,106,15,28,114,21,20,44,123,40,26,62,28,19,116,33,25,4,20,34,4,29,137,133,132,35,98,84,67,46,17,90,67,48,0,135,52,43,27,26,48,120,6,9,12,93,12,44,49,137,129,92,83,30,27,13,25,119,67,29,12,49,25,75,42,21,48,115,58,63,32,16,37,100,55,31,137,37,34,30,27,124,98,77,14,17,40,111,71,43,23,16,51,93,86,52,30,37,50,53,122,103,48,46,51,20,138,130,124,107,65,36,39,76,47,114,41,36,32,117,25,127,112,48,131,123,96,90,55,30,118,54,30,53,54,83,36,56,79,37,106,94,45,30,32,33,38,142,137,45,125,36,32,52,143,112,86,83,57,34,40,54,53,34,40,127,126,119,110,103,101,92,49,48,59,141,125,59,38,129,117,62,48,42,141,134,83,39,39,40,43,44,60,120,58,42,91,75,74,51,103,65,49,44,44,53,49,46,141,52,64,44,63,64,132,73,122,120,76,52,55,75,119,103,102,50,48,47,57,70,144,120,115,63,49,64,83,61,49,52,71,119,73,99,77,51,52,67,60,67,111,109,57,53,72,67,74,73,58,59,94,67,63,59,58,103,57,124,121,120,83,65,62,70,89,85,64,119,97,72,69,62,73,62,151,63,64,70,69,65,132,78,108,95,68,68,75,131,90,68,75,109,103,87,72,68,69,84,104,151,86,73,148,112,153,102,92,78,72,77,140,98,81,75,96,75,75,141,76,82,139,97,76,80,90,127,126,84,143,140,79,150,107,99,81,99,83,146,84,151,144
26,26,33,114,124,134,163,195,27,81,103,127,145,19,92,135,178,102,171,140,157,16,35,78,95,154,57,84,190,18,158,173,70,88,118,12,31,123,161,23,116,116,178,14,95,110,73,107,117,20,102,110,136,155,101,137,164,4,4,4,170,37,51,68,89,118,45,68,87,135,0,83,92,108,161,183,15,141,144,147,42,124,179,184,5,8,43,52,106,109,146,159,17,68,107,125,184,111,62,94,154,182,22,79,74,105,124,170,38,82,107,12,101,105,109,159,18,40,60,138,146,173,29,67,96,118,134,184,47,53,87,111,169,183,186,22,38,93,95,184,129,19,20,24,36,76,108,169,65,95,32,103,109,115,30,130,26,35,97,26,29,50,55,90,124,33,92,149,183,184,63,159,185,67,160,44,54,105,139,149,152,161,30,30,106,34,123,139,179,32,43,64,67,95,131,160,181,100,140,159,36,37,40,46,51,52,60,107,108,186,35,38,95,128,38,43,92,111,121,37,37,71,130,131,152,159,162,185,43,100,155,66,81,83,171,57,93,116,126,126,110,116,158,42,113,188,147,185,187,45,198,50,51,87,166,172,199,53,63,64,127,135,146,173,193,47,53,56,105,151,183,83,109,147,158,193,56,194,71,92,148,155,105,118,184,64,66,126,144,190,183,193,102,162,164,81,112,119,130,160,74,144,62,64,64,95,120,167,183,89,94,169,67,83,112,116,135,187,137,61,139,161,122,124,161,66,190,81,92,131,167,184,69,98,134,183,82,87,103,127,163,165,197,87,68,107,131,69,84,70,94,104,125,143,179,73,99,120,134,103,137,168,75,140,185,76,105,165,179,198,82,83,187,77,79,144,78,100,109,142,110,139,81,139,81,83
73,72,63,36,45,54,82,113,69,22,27,47,64,78,19,54,96,24,88,58,75,77,53,15,18,71,30,13,108,70,76,91,18,12,36,77,55,41,79,63,34,34,95,71,14,28,12,25,35,64,20,27,53,72,18,54,81,85,81,80,87,46,32,15,6,35,38,15,4,52,83,0,9,25,78,100,68,58,61,64,41,41,96,101,85,77,40,31,24,26,63,76,67,16,25,42,101,29,23,14,71,99,64,10,14,24,42,88,48,11,25,85,21,24,28,77,72,47,27,56,63,91,60,22,18,37,52,101,42,36,16,31,86,100,103,71,52,19,20,101,48,87,78,73,57,22,30,87,30,23,64,28,33,37,67,51,77,62,26,80,72,47,42,25,45,68,26,69,101,102,37,79,104,36,80,58,47,34,60,69,72,80,92,86,36,76,48,61,98,93,64,42,40,33,54,81,100,35,62,80,78,77,71,62,56,55,47,38,39,106,91,76,35,53,80,69,36,42,48,92,85,43,56,57,74,81,84,105,73,39,77,49,41,40,93,59,40,48,54,54,45,49,81,92,47,108,72,106,108,84,118,76,74,46,89,94,120,73,61,60,58,64,72,96,114,96,75,70,48,76,105,50,50,74,83,115,74,116,60,50,75,81,52,56,107,69,67,61,73,113,106,116,54,88,90,60,57,60,65,87,66,75,81,79,78,57,61,93,107,60,59,96,78,64,60,61,70,111,72,105,74,90,66,66,91,89,115,72,66,71,96,110,89,66,73,109,74,71,66,71,93,95,122,72,107,68,74,104,77,109,73,70,73,82,108,98,72,72,77,73,79,100,100,82,114,98,75,98,109,125,90,89,116,102,100,86,108,81,78,86,79,85,106,86,110,104
82,81,71,30,37,46,73,104,78,25,22,39,55,87,18,46,87,18,80,49,66,86,62,21,14,63,38,16,99,79,67,82,25,12,27,86,64,33,70,72,26,25,86,80,8,19,20,16,26,73,11,19,44,63,10,45,72,94,90,89,78,55,41,24,4,26,47,24,5,43,92,9,0,16,69,91,77,49,52,55,50,32,87,92,94,86,49,40,15,18,54,67,76,25,16,34,92,20,32,8,63,90,73,17,21,16,34,79,57,16,18,94,14,17,20,68,81,56,35,47,55,82,68,30,14,29,44,92,51,44,17,24,78,91,94,80,60,17,17,93,40,96,87,81,65,28,24,79,37,21,72,24,27,30,76,43,85,70,24,89,81,55,50,26,38,77,26,61,93,94,44,70,95,42,72,66,54,30,53,61,64,72,101,95,32,84,41,54,90,101,72,48,46,32,47,72,92,33,55,72,86,85,79,70,64,62,54,35,35,97,99,85,35,47,89,77,37,38,43,100,94,48,50,50,66,73,76,96,81,38,69,55,44,43,85,66,41,43,48,49,42,44,73,100,44,100,65,98,100,92,110,83,82,48,82,87,111,80,67,66,53,58,66,88,106,104,82,77,47,69,97,54,48,67,76,106,81,108,65,52,69,74,51,53,99,76,74,57,67,105,98,108,54,81,83,64,55,57,61,80,71,69,88,85,84,59,59,86,100,63,61,89,84,68,59,60,66,103,68,113,69,83,63,64,84,96,107,77,69,68,89,102,96,67,70,102,79,75,67,68,87,89,115,76,114,69,71,111,82,116,76,72,71,77,101,105,75,71,74,74,76,94,106,78,107,105,76,92,103,118,95,94,109,108,106,83,115,83,80,83,80,82,112,83,117,110
98,97,87,22,26,33,58,89,93,37,21,26,41,103,25,32,71,17,64,34,50,102,77,34,20,47,54,28,83,95,51,66,41,24,14,101,80,18,54,87,12,11,70,96,15,7,36,6,11,89,8,5,28,47,8,29,56,110,106,105,62,71,57,40,19,10,63,40,21,27,108,25,16,0,53,75,93,33,36,39,66,16,71,76,110,102,65,56,5,5,38,51,92,40,6,18,76,8,48,16,47,74,88,31,36,10,19,63,73,29,11,110,14,13,12,52,97,71,51,32,39,66,84,44,19,17,29,76,66,59,27,16,62,76,79,96,76,24,23,77,27,112,103,97,81,40,20,63,51,26,88,23,22,23,91,30,101,85,28,104,96,70,64,33,28,92,33,47,77,78,58,56,80,55,57,80,68,30,40,48,50,58,116,110,31,99,33,42,75,116,86,61,59,37,37,59,77,36,43,58,101,100,93,84,78,76,67,35,35,82,114,99,40,38,103,91,43,36,37,115,109,60,41,41,54,60,62,82,95,41,57,67,54,52,71,79,47,40,41,42,41,41,61,115,42,86,54,84,86,107,96,97,95,56,69,73,97,94,80,78,47,50,55,75,91,119,95,90,49,59,83,62,49,57,64,92,95,94,77,59,59,63,53,51,86,88,86,52,58,91,85,94,58,70,72,73,56,55,56,69,81,61,101,97,97,65,57,75,87,70,67,77,96,77,60,60,60,91,62,127,63,73,62,62,74,108,95,87,77,64,79,91,108,73,66,91,89,83,72,66,78,79,102,85,127,72,68,124,91,129,84,77,70,72,90,117,81,72,71,80,72,84,118,74,96,117,81,84,92,106,106,105,98,120,118,78,127,90,84,79,85,79,123,80,129,122
150,149,139,54,45,36,22,40,146,86,63,40,25,155,73,32,24,62,18,27,16,155,130,85,68,16,106,79,32,147,12,17,93,75,45,154,132,39,10,140,46,46,19,149,66,51,88,54,44,142,59,51,25,8,60,24,5,163,159,158,9,124,110,93,72,43,116,93,74,26,161,78,69,53,0,22,146,20,17,14,119,37,18,23,163,155,118,109,55,52,16,5,145,93,54,36,24,50,100,67,11,22,141,83,89,57,38,13,125,81,56,162,62,58,54,12,150,124,103,27,21,18,137,96,67,46,32,27,118,111,77,53,17,26,29,148,128,72,70,28,38,164,155,149,133,90,59,21,101,71,140,64,58,53,143,40,153,137,71,156,148,121,115,79,47,143,77,30,33,33,107,27,35,104,28,131,119,67,38,33,31,29,168,162,66,150,52,40,34,168,137,110,107,79,47,32,36,75,41,33,152,151,144,134,128,126,116,69,68,40,166,150,81,52,154,142,84,67,58,166,159,107,52,51,40,37,37,42,145,79,40,115,98,96,39,127,87,66,58,57,72,66,42,165,70,47,47,47,48,156,54,146,144,97,45,45,56,143,127,125,63,57,51,46,53,169,144,138,82,50,50,105,79,53,49,55,143,56,122,98,55,52,86,75,53,134,132,69,59,56,55,59,92,55,54,115,84,78,70,56,125,63,147,144,143,102,79,57,58,110,105,58,142,118,89,85,71,61,71,175,71,62,84,82,63,154,66,129,115,79,64,65,153,109,78,66,130,123,105,84,67,67,71,125,174,103,84,171,132,176,121,109,91,79,70,162,116,96,85,114,85,73,163,84,74,161,114,75,74,77,148,147,76,165,162,86,172,125,115,89,115,92,167,93,173,165
171,170,161,74,65,56,30,25,167,107,84,60,43,177,95,52,19,84,21,46,31,177,152,107,90,33,128,101,15,169,28,16,115,97,67,176,154,61,24,162,68,67,9,171,88,73,110,76,66,164,81,73,47,28,82,46,19,185,181,180,13,146,132,115,94,65,138,115,96,48,183,100,91,75,22,0,168,42,39,36,141,59,6,4,185,177,140,131,77,74,37,25,167,115,76,58,6,72,122,89,30,8,163,105,110,79,60,16,147,103,78,184,84,80,76,27,171,146,125,48,40,16,159,118,89,67,52,15,140,133,98,75,22,16,16,170,150,94,92,17,58,186,177,171,154,112,80,25,123,92,162,85,79,73,165,60,175,159,92,178,170,142,136,100,67,165,98,44,26,26,129,37,27,125,38,153,140,87,55,47,45,38,189,183,86,172,71,56,32,190,158,131,128,99,64,41,32,95,57,43,173,172,166,156,149,147,137,89,88,34,187,172,101,69,176,163,104,86,77,188,181,127,69,68,52,46,45,37,166,99,50,136,119,117,42,148,107,84,75,75,91,85,51,187,89,42,60,43,43,178,45,167,165,117,51,48,46,164,147,145,80,72,64,49,46,190,165,159,101,62,47,125,98,65,58,48,164,49,142,117,67,62,104,92,51,155,152,86,71,52,54,53,110,62,61,135,101,95,85,64,145,75,168,164,163,121,96,63,58,129,123,63,162,137,106,102,86,59,85,196,84,70,100,98,71,175,63,148,133,94,70,65,174,127,93,66,149,142,123,99,74,73,66,144,194,121,98,191,152,196,140,127,106,91,72,182,134,112,99,131,98,78,183,96,74,181,132,82,77,74,168,166,76,184,181,98,192,143,132,101,132,105,187,106,193,185
23,23,25,100,109,119,149,180,22,67,89,113,131,21,77,121,163,88,156,125,142,17,23,64,80,139,43,69,176,13,144,159,55,73,103,14,18,109,146,12,101,101,163,9,80,95,58,92,102,7,87,95,121,140,86,122,149,17,14,13,155,22,36,53,74,103,30,53,72,120,15,68,77,93,146,168,0,126,129,132,27,109,164,169,17,10,28,37,91,94,131,144,5,53,92,110,169,96,47,79,139,167,9,64,59,90,109,155,23,67,92,19,86,90,94,144,12,26,46,123,131,158,16,53,81,103,119,169,33,39,73,96,154,168,171,16,25,78,80,169,114,25,20,19,24,61,93,154,51,81,22,89,94,100,23,115,24,25,82,25,24,37,42,75,109,25,77,134,168,169,49,144,170,53,146,33,42,90,124,134,137,146,35,32,92,30,108,125,164,36,34,51,54,80,116,145,166,85,125,145,33,33,34,37,40,41,48,92,93,171,38,34,81,113,35,36,78,97,106,39,37,58,116,117,137,145,147,170,37,85,140,54,68,69,157,46,79,102,111,112,96,102,144,43,99,173,133,170,172,43,183,45,45,74,152,157,184,46,53,54,112,121,132,159,178,49,47,49,91,136,168,71,95,133,144,178,49,180,60,79,133,141,92,104,170,56,57,112,129,176,168,179,89,148,150,70,99,106,116,145,65,130,57,58,58,83,107,153,169,78,82,155,60,73,99,103,121,172,123,63,125,147,109,110,147,62,175,72,81,117,153,169,64,87,120,169,73,77,91,114,149,151,183,78,68,95,118,69,76,71,83,93,112,130,165,70,88,108,121,92,123,154,72,127,171,73,94,151,165,184,76,77,173,75,76,131,77,91,98,129,100,126,79,127,80,80
130,129,119,37,30,25,31,58,126,67,45,25,20,135,54,20,41,43,34,16,22,135,110,66,49,19,86,60,51,128,21,35,73,55,27,134,113,21,23,120,27,27,38,129,47,32,68,35,25,122,39,32,8,15,40,6,24,143,139,138,29,104,90,73,52,23,96,73,54,6,141,58,49,33,20,42,126,0,3,6,99,17,38,43,143,135,98,89,35,32,6,18,125,73,34,17,43,31,80,48,15,42,121,64,69,37,19,30,105,61,36,142,42,39,35,21,130,104,83,13,13,34,117,76,48,27,16,44,98,91,57,34,31,44,46,128,108,52,51,45,21,144,135,129,113,71,40,33,81,52,120,45,40,35,123,26,133,117,52,136,128,101,95,60,31,124,59,26,47,48,88,31,49,84,32,112,99,49,28,28,29,33,148,142,49,130,37,30,46,148,117,90,88,61,34,35,48,57,32,35,132,131,124,115,108,106,97,52,51,53,146,131,63,38,135,122,66,50,44,146,140,88,39,39,36,39,40,54,126,61,38,96,80,78,46,108,69,50,45,44,56,51,42,146,55,59,42,57,59,137,67,127,125,79,48,51,69,123,108,106,51,47,45,52,64,149,125,119,66,46,58,87,64,47,48,66,124,67,103,81,49,49,70,61,62,116,113,57,51,66,62,69,76,54,55,97,69,64,59,55,107,56,129,125,124,86,66,58,65,93,88,60,123,100,74,71,61,68,62,156,62,61,71,70,62,136,73,112,98,69,64,70,135,93,68,71,113,106,90,72,65,66,79,108,155,89,73,152,115,157,105,94,79,71,73,144,100,83,75,98,75,72,145,75,78,143,99,73,76,85,131,129,80,147,144,78,154,110,101,80,101,83,150,83,155,148
133,132,122,39,32,26,29,55,129,70,48,27,20,138,57,21,38,46,31,17,20,138,113,69,52,17,89,63,48,131,19,32,76,58,30,137,116,24,20,123,30,29,35,132,50,35,71,38,28,125,42,35,10,13,43,9,21,146,142,141,26,107,93,76,55,26,99,76,57,9,144,61,52,36,17,39,129,3,0,3,102,20,35,40,146,138,101,92,38,35,4,16,128,76,37,20,40,34,83,50,12,39,124,66,72,40,22,28,108,64,39,145,45,41,38,19,133,107,86,14,12,31,120,79,51,30,18,41,101,94,60,37,28,41,44,131,111,55,53,42,23,147,138,132,116,73,42,31,84,55,123,48,43,37,126,27,136,120,55,139,131,104,98,63,33,126,61,25,45,45,91,29,47,87,30,114,102,51,29,28,28,31,151,145,51,133,39,31,44,151,120,93,90,63,35,34,46,59,33,34,135,134,127,118,111,109,100,54,53,51,149,133,66,40,138,125,69,52,45,149,143,90,41,40,36,38,39,52,128,64,37,99,82,81,44,111,72,52,46,46,58,53,41,149,57,57,42,55,57,140,65,130,128,82,47,49,67,126,111,109,52,48,45,51,62,152,128,122,68,46,57,89,66,47,48,64,126,65,106,83,49,49,72,63,60,119,116,59,52,64,61,67,78,54,54,100,71,66,60,54,110,56,132,128,127,88,68,57,64,95,90,59,126,103,76,73,62,67,63,159,63,60,72,71,61,139,71,114,100,70,64,69,138,95,69,69,115,109,92,74,65,65,77,110,158,91,74,155,118,160,107,96,80,72,72,147,103,84,76,100,76,71,148,76,77,146,101,73,75,83,133,132,79,149,146,79,156,112,103,81,103,84,152,85,158,150
136,135,125,42,34,27,27,52,132,72,51,29,20,141,60,23,36,49,29,18,18,141,116,72,55,16,92,66,45,134,17,29,79,61,32,140,119,26,18,126,33,32,32,135,53,38,74,41,31,128,45,37,13,10,46,11,18,149,145,144,23,110,96,79,58,29,102,79,60,12,147,64,55,39,14,36,132,6,3,0,105,23,32,37,149,141,104,95,41,38,4,13,131,79,40,23,37,36,86,53,10,36,127,69,75,43,25,25,111,67,42,148,48,44,41,16,136,110,89,16,12,29,123,82,54,33,20,39,104,97,63,40,26,38,41,134,114,58,56,39,25,150,141,135,119,76,45,28,87,58,126,51,45,40,129,29,139,123,58,142,134,107,101,66,35,129,64,25,42,43,94,28,44,90,29,117,105,54,30,28,28,30,154,148,54,136,41,32,42,154,123,96,93,66,37,33,44,62,34,33,138,137,130,121,114,112,102,57,56,49,152,136,68,42,140,128,71,55,47,152,146,93,42,42,36,37,38,50,131,66,37,101,85,83,43,114,74,54,48,47,60,55,40,152,59,55,42,53,55,143,63,133,131,84,46,48,64,129,113,111,54,49,46,49,60,155,130,125,70,46,55,92,68,48,47,62,129,63,109,85,50,49,74,65,58,121,119,60,53,62,59,65,80,53,54,102,73,68,61,54,112,57,134,131,130,90,69,57,62,97,93,58,129,105,78,75,64,65,64,162,64,60,74,73,61,141,70,117,103,71,63,68,140,97,71,68,118,111,94,75,65,65,76,112,161,93,76,157,120,162,109,98,82,72,71,149,105,86,77,103,77,71,150,77,76,148,103,73,75,82,136,134,78,152,149,80,159,114,105,82,105,85,155,86,160,153
39,38,32,75,84,94,123,154,35,44,64,87,105,41,53,95,137,62,130,99,116,39,21,39,55,112,22,44,149,32,117,132,31,47,76,38,19,82,120,25,75,75,137,32,54,69,33,66,76,25,61,69,94,113,60,95,122,45,41,40,128,8,11,27,47,76,6,26,45,93,42,41,50,66,119,141,27,99,102,105,0,82,137,142,44,36,1,10,64,67,104,117,26,26,65,83,142,69,19,52,112,140,23,36,32,63,82,128,9,40,64,44,59,63,66,117,31,10,19,95,103,131,20,26,54,76,92,141,12,15,46,69,127,141,144,31,15,51,53,142,87,46,38,33,20,35,66,127,26,54,26,62,67,73,29,88,38,26,56,41,34,21,22,49,82,31,51,107,141,142,27,117,143,31,118,27,25,64,97,107,110,119,53,48,65,39,82,98,137,54,31,31,33,55,89,118,139,60,98,118,42,41,37,32,30,30,31,66,67,144,53,41,55,87,45,37,54,71,80,54,49,38,89,90,110,118,121,143,40,60,113,37,45,47,130,36,55,76,85,86,70,77,117,56,74,146,106,143,145,51,156,46,45,53,125,131,157,45,42,42,87,95,106,132,151,61,46,44,67,110,142,51,71,107,118,152,47,153,47,58,107,115,69,79,143,48,48,87,104,149,142,152,67,122,124,54,76,82,92,119,52,105,56,55,54,63,83,127,142,60,63,129,56,58,76,80,96,146,98,73,101,121,86,87,122,63,149,60,65,94,127,143,64,69,97,143,62,64,72,91,124,125,157,65,76,76,95,75,65,78,69,75,90,106,140,72,72,87,98,75,100,129,74,104,145,74,77,126,140,158,72,71,147,77,77,108,81,77,81,107,83,104,81,105,84,81
114,113,103,29,26,27,46,75,110,52,33,23,30,119,40,24,57,30,50,24,37,118,94,50,35,34,70,44,68,111,38,52,57,40,17,118,96,14,40,104,15,14,55,113,31,18,52,20,12,105,24,17,15,32,24,15,41,126,122,121,47,87,73,56,36,8,79,56,37,12,124,41,32,16,37,59,109,17,20,23,82,0,55,60,126,118,81,72,18,15,22,35,108,56,17,2,60,13,63,30,30,58,104,46,51,20,6,46,88,44,19,125,25,22,18,36,112,86,66,16,23,50,100,59,31,12,14,60,81,74,40,18,46,59,62,111,91,35,34,60,15,127,118,112,95,53,24,47,64,35,103,29,25,21,106,19,116,100,36,119,111,84,78,43,21,106,42,32,61,62,71,40,63,67,42,94,82,34,28,33,35,42,131,125,34,113,27,30,59,131,100,74,71,45,28,43,61,42,31,43,115,114,107,98,91,89,80,38,37,66,129,113,48,31,117,105,50,37,33,129,123,71,33,33,40,45,47,66,108,47,43,79,64,62,55,91,54,39,36,36,43,40,47,129,42,70,43,68,70,120,80,110,108,64,55,59,81,107,91,89,42,42,45,60,76,132,108,102,52,47,68,71,51,46,52,77,107,78,87,66,48,51,57,50,71,99,97,49,49,76,71,79,62,58,59,82,57,54,51,57,91,53,112,109,108,72,56,62,73,78,74,64,107,85,62,60,55,76,56,139,57,62,61,60,63,120,81,96,83,61,67,77,119,79,61,77,97,91,77,64,67,68,88,93,139,76,65,136,100,140,91,81,69,66,78,128,87,72,68,85,68,74,129,69,83,127,86,74,80,92,115,114,85,131,128,73,138,96,88,74,89,76,134,77,139,132
168,167,157,72,63,54,31,30,164,104,82,58,42,173,92,50,22,81,22,44,30,173,148,104,87,32,124,97,20,166,26,17,111,93,64,173,151,58,23,159,64,64,12,167,85,70,106,73,63,160,78,70,44,26,78,43,17,181,177,176,11,142,128,111,90,61,134,111,92,44,179,96,87,71,18,6,164,38,35,32,137,55,0,5,181,173,136,127,73,70,33,20,163,111,72,54,5,68,118,85,25,5,159,101,106,74,55,11,143,98,73,180,79,75,71,22,167,141,120,43,35,11,154,113,85,63,47,12,136,129,94,70,16,12,13,166,146,89,87,14,53,182,173,167,150,107,75,19,118,88,157,80,74,68,160,54,170,154,87,173,165,138,132,95,62,161,94,39,22,22,124,32,23,120,32,148,135,82,50,41,39,33,185,179,81,167,66,51,27,185,154,126,123,94,59,36,28,90,52,37,169,168,161,151,144,142,132,84,83,30,183,167,96,64,171,158,99,81,72,183,176,123,63,62,46,41,39,33,162,93,45,131,114,112,37,144,102,79,70,69,85,79,45,182,83,38,54,39,39,173,42,162,160,112,45,43,44,159,142,140,74,67,58,44,43,185,160,154,95,56,43,119,92,59,52,45,159,46,137,112,61,56,99,87,47,150,147,80,66,48,49,49,105,56,55,129,96,89,80,59,140,69,163,159,158,116,90,57,53,123,118,58,157,132,100,96,80,55,79,191,79,64,94,92,65,170,59,143,128,88,65,60,168,121,87,62,144,137,118,94,69,68,62,138,189,115,93,186,146,191,134,121,101,85,67,177,129,106,93,126,93,73,178,91,70,176,126,77,72,70,162,161,71,179,176,93,186,138,127,95,127,99,182,100,188,179
173,172,162,77,67,58,34,28,169,109,86,62,46,178,97,55,23,85,24,49,34,178,153,109,92,36,129,102,18,171,31,19,116,98,69,178,156,63,27,164,69,69,13,172,90,75,111,78,68,165,82,75,49,30,83,48,22,186,182,181,16,147,133,116,95,66,139,116,97,49,184,101,92,76,23,4,169,43,40,37,142,60,5,0,186,178,141,132,78,75,38,25,168,116,77,59,2,73,123,90,30,4,164,106,111,79,60,15,148,103,78,185,84,80,76,26,172,146,125,48,40,14,159,118,90,68,52,11,141,134,99,75,20,12,12,170,151,94,92,13,58,187,178,172,155,112,80,23,123,93,162,85,79,73,165,59,175,159,92,178,170,143,137,100,66,165,98,43,22,22,129,35,23,125,35,153,140,87,54,45,43,36,190,184,86,172,70,55,28,190,158,131,128,99,64,39,29,95,56,40,174,173,166,156,149,147,137,88,87,30,188,172,101,68,176,163,104,85,76,188,181,127,68,67,50,44,42,33,167,98,48,136,118,116,39,148,106,83,74,73,90,84,48,187,88,38,58,39,39,178,41,167,165,116,48,45,42,163,147,145,78,71,62,45,42,190,165,159,100,59,44,124,97,63,55,44,163,45,142,116,64,59,103,91,48,155,152,84,69,48,50,49,109,59,58,134,100,93,83,61,145,73,168,164,163,120,94,59,54,128,123,60,162,137,105,100,84,55,83,195,82,67,98,96,68,174,59,148,132,92,67,61,173,126,91,62,149,141,122,97,71,70,62,143,194,120,96,190,151,195,139,126,104,89,69,182,133,110,97,130,96,75,183,94,70,180,130,79,73,70,167,165,72,184,180,96,191,142,131,98,131,103,186,103,192,184
31,31,37,117,127,137,166,198,32,84,106,130,148,25,95,138,180,105,173,142,159,21,39,81,98,156,61,87,193,23,161,176,73,90,120,17,34,126,164,27,119,119,180,18,98,113,76,110,120,23,104,112,138,157,103,139,166,8,9,9,172,40,53,70,91,120,47,70,89,137,5,85,94,110,163,185,17,143,146,149,44,126,181,186,0,8,45,54,108,111,148,161,18,70,109,127,186,113,63,96,156,184,22,80,75,107,126,172,38,83,108,7,102,106,110,161,16,41,62,139,147,175,28,69,97,119,135,185,47,54,89,113,170,184,187,20,38,94,96,185,131,14,17,21,35,76,109,171,66,96,30,104,110,116,28,131,22,34,98,22,26,49,55,90,125,30,92,150,184,185,63,161,186,67,162,42,54,106,140,150,153,162,25,25,107,31,124,140,180,27,40,64,67,95,132,161,182,100,141,160,33,33,37,44,49,51,60,107,108,187,30,34,95,129,34,40,92,111,121,32,33,71,131,132,152,160,163,186,40,100,156,65,81,82,172,55,93,116,126,127,110,117,159,37,113,189,148,186,188,41,199,47,48,87,167,173,200,50,61,62,127,135,147,174,193,42,50,53,105,151,184,82,109,147,159,194,53,195,69,91,148,156,105,117,185,61,63,126,144,191,183,194,102,163,164,80,112,119,130,160,72,144,59,61,61,94,120,167,184,88,93,169,64,81,111,115,134,187,137,56,139,161,121,123,161,62,190,78,90,130,167,184,65,97,133,183,80,85,101,127,163,165,198,85,63,106,130,64,81,65,91,102,123,143,179,68,97,119,133,101,136,168,70,140,185,72,103,164,179,198,78,79,187,73,75,143,74,98,107,141,108,138,77,138,77,78
28,28,32,109,119,129,158,190,28,77,98,122,140,23,87,130,173,97,165,134,151,19,32,73,90,148,53,79,185,19,153,168,65,83,112,15,27,118,156,21,111,111,172,13,90,105,68,102,112,16,97,104,130,149,95,131,158,11,9,9,164,32,46,62,83,112,39,62,81,129,8,77,86,102,155,177,10,135,138,141,36,118,173,178,8,0,37,46,100,103,140,153,10,62,101,119,178,105,55,88,148,176,15,72,67,99,118,164,31,75,100,10,94,98,102,153,10,33,54,131,139,167,21,61,89,111,127,177,40,46,81,105,162,176,179,14,30,86,88,177,123,16,14,17,28,69,101,163,58,88,24,97,102,108,23,123,19,28,90,20,22,42,47,82,117,25,85,143,176,177,56,153,178,60,154,36,47,98,132,142,145,154,27,25,99,27,116,133,172,29,35,57,59,87,124,153,174,92,133,153,30,30,33,38,43,45,53,99,100,179,31,31,87,121,31,36,85,104,113,33,32,64,123,124,145,152,155,178,36,92,148,58,73,75,165,49,85,109,118,119,103,109,151,37,106,181,140,178,180,39,191,43,44,80,159,165,192,46,55,57,119,128,139,166,186,43,46,49,98,143,176,75,102,140,151,186,49,187,63,84,140,148,98,110,177,56,58,119,136,183,176,186,95,155,157,74,105,112,123,152,67,137,55,57,57,87,113,160,176,82,86,162,60,76,104,108,127,179,129,57,132,154,114,116,154,60,182,73,84,123,159,176,62,91,126,176,75,80,95,120,155,157,190,80,63,99,123,64,77,65,86,96,117,136,172,67,91,112,127,95,129,161,69,133,178,70,97,157,171,191,75,76,179,72,73,137,73,93,101,135,103,131,75,131,76,77
40,40,33,74,83,93,122,153,37,44,63,86,104,43,52,94,136,62,129,98,115,41,22,39,54,112,22,44,148,34,116,131,31,47,76,39,21,81,119,26,74,74,136,33,53,68,32,65,75,26,60,68,94,112,59,94,121,46,42,41,127,9,11,26,47,75,6,26,44,92,43,40,49,65,118,140,28,98,101,104,1,81,136,141,45,37,0,9,63,66,103,116,27,25,64,82,141,68,18,51,111,139,23,35,30,62,81,127,9,38,63,45,57,61,65,116,32,9,18,94,102,130,20,25,53,75,91,140,11,14,44,68,125,139,142,31,15,49,51,141,86,47,39,34,20,34,65,126,25,52,26,60,66,72,29,87,38,25,54,41,34,20,21,47,81,31,50,106,140,141,26,116,142,29,117,26,24,63,96,106,109,117,53,48,64,39,80,97,136,54,31,30,31,53,88,117,138,58,97,116,42,41,36,31,29,29,30,65,66,143,53,41,54,85,45,36,52,69,78,54,49,37,88,89,109,116,119,142,40,59,112,35,44,45,129,35,54,75,84,85,69,75,116,56,72,145,105,142,144,50,155,45,44,51,124,129,156,44,41,41,85,93,104,131,150,61,46,44,66,108,140,50,70,105,116,150,47,152,46,56,106,113,67,78,142,47,47,86,102,148,140,151,66,120,122,53,74,80,90,118,51,103,55,54,54,62,82,125,141,59,61,128,55,56,75,79,95,144,97,72,99,120,84,86,120,62,148,59,63,92,126,142,64,68,95,141,61,63,71,90,122,124,155,63,76,75,93,74,64,78,68,73,88,105,138,72,71,85,97,73,99,128,74,103,144,73,76,125,138,157,71,70,146,76,76,107,81,76,80,105,81,103,80,103,84,80
47,47,39,66,75,84,113,145,44,37,55,78,95,51,44,85,127,53,120,89,106,49,28,31,46,103,18,36,139,42,107,122,23,38,67,47,27,73,110,34,66,65,127,42,45,59,24,56,66,34,51,59,85,103,50,85,112,55,51,50,118,17,7,17,38,66,9,17,36,83,52,31,40,56,109,131,37,89,92,95,10,72,127,132,54,46,9,0,54,57,94,107,36,16,55,73,132,59,9,42,102,130,32,26,22,53,72,118,17,30,54,53,49,52,56,107,41,16,11,85,93,121,28,17,44,66,82,131,14,11,36,59,117,130,133,40,22,41,43,132,77,56,47,42,27,26,56,117,19,44,34,52,58,63,37,78,46,32,46,49,42,22,20,39,72,38,42,97,131,132,23,107,133,25,108,31,25,55,87,97,100,109,61,56,56,46,72,88,127,62,36,27,28,46,80,108,129,50,89,108,49,48,42,36,32,31,29,57,58,134,61,48,47,77,51,42,45,61,70,62,56,33,80,81,100,108,111,133,45,52,103,34,39,40,120,37,47,67,76,76,62,67,107,63,65,136,97,134,135,57,146,50,49,46,115,121,148,49,42,42,78,85,96,122,141,68,50,47,59,100,132,46,63,97,108,142,51,143,45,51,98,105,61,71,133,49,49,79,95,139,132,142,60,112,114,51,68,74,83,110,51,96,59,57,56,57,75,117,133,55,57,119,58,54,69,72,88,136,90,78,92,112,78,79,113,66,140,59,61,86,118,134,67,64,88,133,61,61,67,83,115,116,147,62,81,70,87,79,64,83,66,70,83,98,130,76,68,80,91,70,93,120,77,96,136,77,72,117,131,149,73,72,138,80,79,100,85,74,77,99,78,97,84,97,88,84
97,96,86,28,31,37,62,92,93,38,25,31,45,102,28,36,75,22,67,39,54,101,76,35,22,51,53,29,86,94,55,69,40,25,19,100,78,23,57,86,17,16,73,95,16,13,35,11,16,88,11,11,32,50,10,32,59,108,104,103,64,69,55,39,18,14,61,38,20,30,106,24,15,5,55,77,91,35,38,41,64,18,73,78,108,100,63,54,0,3,40,53,90,38,1,19,78,5,45,12,48,76,86,28,33,5,19,64,70,26,6,107,9,7,7,53,94,68,48,32,40,67,81,41,14,14,29,78,63,56,23,12,63,77,80,93,73,19,18,78,26,109,100,94,77,36,15,64,47,21,85,18,17,18,88,28,98,82,22,101,93,66,60,28,25,89,28,46,78,79,54,56,80,51,57,77,65,25,38,47,49,57,113,107,25,96,29,40,75,113,83,57,54,32,34,58,77,30,41,57,97,96,90,80,74,72,63,29,29,82,111,96,35,34,100,88,37,31,32,112,105,55,37,38,52,59,61,82,91,36,55,63,49,47,70,75,41,35,37,38,36,36,59,111,37,85,52,83,85,103,95,93,91,51,67,72,97,90,75,73,43,46,53,73,91,115,91,86,44,56,82,57,44,54,62,92,90,93,72,54,56,61,48,46,85,83,81,48,55,90,84,93,53,68,69,68,51,50,51,67,76,58,96,93,92,60,52,73,86,65,62,75,92,72,55,54,56,89,58,123,59,71,57,57,71,104,93,82,71,60,76,89,103,68,61,88,83,78,67,61,75,76,101,80,122,67,63,120,86,124,78,71,65,68,88,112,76,67,66,75,68,81,114,69,93,112,76,80,89,104,101,100,96,115,113,74,122,85,79,74,79,74,119,75,124,117
100,99,89,27,30,35,59,89,96,40,26,29,42,105,30,34,72,22,65,36,51,104,79,37,24,48,56,32,83,97,52,66,43,27,18,103,81,21,54,89,16,15,70,98,18,12,38,11,14,91,12,10,29,47,12,29,56,111,107,106,62,72,58,42,21,11,64,41,23,27,109,26,18,5,52,74,94,32,35,38,67,15,70,75,111,103,66,57,3,0,37,50,93,41,2,16,75,3,48,15,45,73,89,31,36,6,16,61,73,29,7,110,11,9,7,50,97,71,51,29,37,64,84,44,17,12,26,75,66,59,25,11,60,74,77,96,76,22,20,75,23,112,103,97,80,39,15,61,50,23,88,19,17,17,91,26,101,85,24,104,96,69,63,30,23,91,30,43,75,76,56,53,77,53,54,80,67,25,36,44,47,55,116,110,26,98,28,37,72,116,85,59,57,34,32,55,74,32,39,55,100,99,93,83,77,75,66,30,30,79,114,99,37,33,103,90,39,31,32,115,108,58,36,36,50,56,59,79,94,37,53,66,51,50,67,77,43,35,36,37,37,36,57,114,37,83,50,81,82,105,93,96,94,52,65,70,94,93,78,76,42,45,51,71,88,118,94,89,45,54,80,59,44,52,60,89,93,90,74,55,54,59,49,46,82,86,83,47,53,88,82,91,54,66,67,70,51,50,51,65,79,56,99,95,95,62,52,71,83,67,64,73,94,74,56,55,55,87,57,125,58,69,57,57,70,106,91,84,73,59,74,86,106,69,61,86,86,80,68,61,73,74,98,82,125,68,63,122,88,127,80,72,65,67,86,115,77,67,66,76,67,80,116,69,91,114,77,79,88,102,103,102,94,118,115,73,125,86,80,74,81,74,121,75,126,119
136,135,125,43,36,30,31,55,132,73,51,31,24,141,61,26,39,50,32,21,22,140,116,72,55,20,92,66,48,133,21,32,79,61,33,140,118,27,21,126,33,33,35,135,52,38,74,41,31,127,45,37,14,13,46,13,20,148,144,143,25,109,95,78,57,29,101,78,59,13,146,63,54,38,16,37,131,6,4,4,104,22,33,38,148,140,103,94,40,37,0,13,130,78,39,21,38,35,85,52,9,36,126,68,73,41,23,25,110,65,40,147,47,43,39,15,134,108,87,12,8,28,121,81,52,30,16,38,103,96,61,38,25,38,41,133,113,56,54,39,22,149,140,134,117,75,43,27,86,55,124,48,43,37,127,25,137,121,55,140,133,105,99,63,32,128,62,21,41,42,92,25,43,88,26,116,103,51,26,24,24,27,152,146,51,135,37,28,40,152,121,94,91,63,33,29,42,59,30,30,136,135,128,119,112,110,100,54,53,47,150,134,65,38,139,126,68,51,44,150,144,91,38,38,32,33,34,47,129,63,33,99,82,81,40,112,71,51,44,44,57,52,37,150,55,52,38,51,52,141,61,130,128,81,42,45,62,127,111,109,50,45,42,46,58,153,128,122,67,42,52,89,64,44,43,59,127,61,106,82,46,45,71,61,55,119,116,56,49,60,56,62,77,49,50,99,69,64,57,50,110,53,132,128,127,87,66,53,59,94,89,55,126,102,74,71,60,62,60,159,60,56,70,69,57,139,67,114,99,67,60,64,138,94,67,65,115,108,91,71,61,61,73,109,158,89,72,155,117,160,106,95,78,68,68,147,101,82,73,99,73,67,148,73,72,145,100,69,71,79,133,131,74,149,146,76,156,111,101,78,101,81,152,82,158,150
148,147,138,54,46,38,27,44,144,85,63,41,28,154,73,34,29,62,24,28,20,153,128,84,68,20,105,78,36,146,17,22,91,74,45,153,131,39,15,139,45,45,23,147,65,50,87,53,43,140,58,50,25,11,59,24,10,161,157,156,14,122,108,91,70,42,114,91,72,25,159,76,67,51,5,25,144,18,16,13,117,35,20,25,161,153,116,107,53,50,13,0,143,91,52,34,25,48,98,65,6,23,139,81,86,54,35,12,123,78,53,160,59,55,51,7,147,121,100,23,16,16,134,93,65,43,28,26,116,109,74,50,14,25,28,145,126,69,67,27,34,162,153,147,130,87,55,17,98,68,137,60,55,49,140,36,150,134,68,153,145,118,112,76,43,141,74,24,30,31,104,22,33,101,23,128,116,63,33,27,26,24,165,159,62,147,48,35,31,165,134,106,104,75,42,27,33,71,36,28,149,148,141,131,124,122,113,65,64,38,163,147,77,47,151,139,80,62,54,163,156,103,47,46,34,32,32,39,142,75,34,111,94,92,35,124,83,61,53,52,67,62,36,162,65,44,42,43,44,153,52,143,141,93,40,41,53,139,123,121,58,52,46,42,50,165,140,135,77,45,46,101,75,47,44,51,139,53,118,94,49,47,81,70,49,131,128,64,53,53,51,55,87,49,49,111,79,73,65,51,121,57,144,140,139,98,74,52,54,105,100,53,138,114,84,80,66,57,66,171,66,57,79,77,58,151,61,125,110,74,59,60,150,104,73,61,126,119,101,79,62,62,67,120,170,99,79,167,128,172,117,105,86,73,65,158,112,91,80,109,80,67,159,78,69,157,109,70,69,73,144,142,71,161,157,81,168,121,111,83,110,87,163,87,169,161
28,28,29,100,110,119,149,180,27,68,89,113,130,26,78,120,163,88,156,125,142,22,26,64,81,138,44,70,175,18,143,158,56,73,102,18,21,108,146,16,101,101,163,14,80,95,58,92,102,11,87,95,121,139,86,121,148,20,17,16,154,22,36,53,73,102,30,52,71,119,17,67,76,92,145,167,5,125,128,131,26,108,163,168,18,10,27,36,90,93,130,143,0,52,91,109,168,95,45,78,138,166,5,62,57,89,108,154,21,65,90,18,84,88,92,143,8,23,44,121,129,157,12,51,79,101,117,167,30,36,71,95,152,166,169,11,21,76,78,167,113,22,16,14,20,59,91,153,48,78,17,86,92,98,17,113,19,21,80,21,19,33,38,73,107,20,75,133,166,167,46,143,168,50,144,29,38,88,122,132,135,144,31,28,89,25,106,123,162,33,29,48,50,77,114,143,164,83,123,143,28,28,28,32,36,37,44,89,90,169,34,29,78,111,30,31,75,94,103,35,33,55,113,114,135,142,145,168,32,82,138,50,64,66,155,42,76,99,108,109,93,99,141,39,96,171,130,168,170,38,181,39,40,71,149,155,182,41,48,49,110,118,129,156,176,44,42,44,88,133,166,67,92,130,141,176,44,177,56,75,131,138,88,101,167,51,52,109,127,173,166,176,86,145,147,66,96,102,113,143,60,127,52,53,53,79,103,150,166,74,78,152,55,68,95,99,118,169,120,58,122,144,105,107,144,57,173,67,77,114,150,166,59,83,117,166,68,73,87,111,146,148,180,73,64,91,114,64,71,66,79,88,108,126,162,65,84,104,118,87,120,151,67,124,168,68,89,148,162,181,71,72,170,70,71,128,72,86,94,126,95,122,74,123,75,75
62,61,52,52,61,70,98,129,58,29,42,63,80,66,33,70,112,40,104,74,90,64,41,22,33,87,22,24,123,57,92,107,17,25,52,63,42,57,94,49,50,50,111,57,30,44,13,41,50,50,36,43,69,88,34,70,97,71,67,66,102,32,19,8,22,51,24,7,20,67,68,16,25,40,93,115,53,73,76,79,26,56,111,116,70,62,25,16,38,41,78,91,52,0,39,57,116,43,7,26,86,114,48,10,6,37,56,102,32,14,38,69,33,36,40,91,56,31,11,69,77,105,44,8,28,50,66,115,26,20,21,43,100,114,117,55,36,25,27,116,61,71,62,57,40,15,40,101,16,29,48,37,42,48,51,62,61,46,32,64,56,31,27,26,56,52,28,81,115,116,24,91,117,23,93,42,32,40,72,81,84,93,76,70,42,60,57,72,111,77,48,29,28,33,64,93,113,37,73,92,62,61,55,46,41,40,33,43,44,118,75,60,35,62,64,53,34,48,56,76,69,32,65,66,85,92,95,117,57,40,88,36,33,33,104,44,38,53,61,62,49,54,92,76,52,121,82,118,120,69,131,60,59,40,100,105,132,58,47,46,64,71,81,107,126,80,59,55,49,85,116,42,52,82,93,126,59,127,48,45,84,90,51,59,118,55,54,66,80,124,117,127,52,98,99,50,57,62,70,96,53,82,67,64,64,52,64,103,118,52,52,105,64,54,59,62,75,121,77,90,79,98,67,68,98,75,125,61,58,74,104,119,75,59,77,119,63,61,61,73,101,102,132,62,91,64,76,89,66,93,64,65,73,86,116,84,65,71,80,66,82,107,85,85,122,84,68,104,117,134,77,76,124,88,86,89,94,72,72,88,74,86,92,87,96,91
98,97,88,28,32,38,62,91,94,40,27,31,45,103,29,36,74,23,67,38,53,102,78,36,24,50,54,31,85,95,54,68,42,26,20,101,80,23,56,87,17,17,72,96,18,13,36,12,16,89,12,11,31,49,12,32,58,109,105,104,64,70,57,40,20,14,62,40,21,29,107,25,16,6,54,76,92,34,37,40,65,17,72,77,109,101,64,55,1,2,39,52,91,39,0,18,77,4,46,13,47,75,87,29,34,4,17,63,71,26,5,108,9,7,6,52,95,69,49,31,39,66,82,42,14,13,28,77,64,57,23,10,62,76,79,94,74,19,18,77,24,110,101,95,78,37,14,63,47,21,86,17,16,17,89,27,99,83,22,102,94,67,61,28,24,89,28,45,77,78,54,54,79,51,56,77,65,24,37,45,48,56,114,108,25,96,28,38,73,114,83,57,55,32,33,56,76,30,40,56,98,97,90,81,74,73,64,29,28,81,112,96,35,33,101,88,37,30,31,112,106,55,36,36,51,57,60,80,92,35,54,63,49,47,68,75,41,34,36,36,35,35,58,112,36,84,50,82,84,103,94,94,92,50,66,71,95,90,75,74,41,45,51,72,89,116,92,86,43,55,81,57,43,53,61,90,91,92,72,53,54,59,47,45,83,84,81,47,53,89,83,92,52,66,68,68,50,49,50,65,77,56,97,93,92,60,51,71,84,65,62,74,92,72,54,53,55,88,56,123,58,69,56,56,70,104,92,82,71,58,75,87,103,68,60,87,83,78,66,60,73,74,99,80,123,66,62,120,86,125,78,71,64,66,86,113,75,66,65,74,67,80,114,68,92,112,76,79,88,103,101,100,94,116,113,73,122,84,78,73,79,73,119,74,124,117
115,114,105,31,28,29,46,74,111,54,35,25,31,120,42,26,57,33,50,25,37,120,95,52,37,34,72,46,68,112,38,51,59,42,19,119,97,16,39,105,17,17,55,114,33,20,53,22,14,107,25,19,16,32,26,16,40,127,123,122,46,88,74,58,37,11,80,57,39,12,125,42,34,18,36,58,110,17,20,23,83,2,54,59,127,119,82,73,19,16,21,34,109,57,18,0,59,14,64,31,29,57,105,47,52,20,4,45,89,44,20,126,26,22,18,35,113,87,66,14,21,49,100,60,31,11,12,59,82,75,40,18,44,58,61,112,92,36,34,59,12,128,119,113,96,54,24,45,65,35,103,29,24,20,106,17,116,101,36,120,112,84,78,43,19,107,42,30,59,60,71,38,62,68,40,95,82,33,25,31,33,40,131,125,33,114,26,27,57,132,100,74,71,44,26,41,59,41,29,41,115,114,108,98,91,89,80,37,36,64,129,114,47,29,118,105,50,36,32,130,123,71,31,31,38,43,45,64,109,46,41,79,63,62,53,92,53,38,35,34,42,38,45,129,41,68,40,66,68,120,78,110,108,63,52,57,79,107,91,89,41,40,42,58,74,133,108,103,51,45,66,71,50,44,49,75,107,76,87,65,46,49,56,49,69,99,97,47,47,74,69,77,61,56,57,81,56,53,49,55,91,51,112,109,108,71,54,60,71,77,73,62,107,85,61,59,53,74,54,139,55,60,59,59,61,119,79,96,83,59,65,75,119,78,60,75,97,91,76,62,65,65,86,92,139,75,63,136,99,140,90,80,68,64,75,128,86,71,66,84,67,71,129,67,81,127,85,71,78,90,115,113,83,130,128,71,137,95,87,72,87,74,133,75,139,131
173,172,162,77,68,59,36,30,169,109,87,63,47,179,97,55,25,86,26,50,35,178,153,109,92,37,129,103,20,171,32,21,116,98,69,178,156,63,28,164,70,69,15,172,90,75,112,78,68,165,83,75,49,31,84,48,22,186,182,181,17,147,133,116,95,66,139,116,97,49,184,101,92,76,24,6,169,43,40,37,142,60,5,2,186,178,141,132,78,75,38,25,168,116,77,59,0,73,123,90,30,3,164,106,111,79,60,15,148,103,78,185,84,80,76,26,172,146,125,48,40,13,159,118,89,67,52,9,140,133,99,75,19,10,10,170,150,94,92,11,57,186,177,172,155,112,79,21,123,92,162,85,79,73,165,59,175,159,92,178,170,142,136,100,66,165,98,42,20,20,129,34,21,125,34,153,140,86,53,44,42,35,190,184,85,172,70,54,26,190,158,131,128,98,63,37,27,94,55,39,173,172,165,156,149,147,137,88,87,28,187,171,100,68,176,163,103,85,75,188,181,127,67,66,48,42,40,31,166,97,47,135,118,116,37,148,106,82,73,72,89,83,47,187,87,36,57,37,37,177,39,167,165,116,46,43,40,163,147,145,77,70,60,43,40,189,164,158,99,58,42,123,96,62,53,42,163,43,141,116,63,57,102,90,46,154,151,83,68,46,48,47,108,57,56,133,99,92,82,60,144,71,167,163,162,119,93,58,52,127,122,58,161,136,104,99,82,53,81,195,81,65,97,95,66,174,57,147,131,91,65,59,172,125,89,60,148,140,121,96,69,68,60,142,193,119,95,190,150,195,138,125,103,87,67,181,132,109,96,129,95,73,182,93,68,179,129,77,71,68,166,164,70,183,180,94,190,141,130,97,130,101,185,102,191,183
102,101,92,29,31,36,59,88,98,43,29,30,42,107,33,34,71,25,63,36,50,106,82,40,27,47,59,34,81,99,51,65,46,30,19,105,84,21,53,91,17,16,69,100,21,14,40,14,14,93,15,12,28,46,15,28,54,113,109,108,60,75,61,44,24,11,66,44,25,25,111,29,20,8,50,72,96,31,34,36,69,13,68,73,113,105,68,59,5,3,35,48,95,43,4,14,73,0,50,17,43,71,91,33,38,7,13,59,75,30,6,112,12,9,6,48,99,73,52,27,35,62,86,46,17,9,23,72,68,61,27,9,58,72,75,98,78,22,21,73,20,114,105,99,82,40,14,58,51,23,89,18,16,15,92,23,102,87,24,106,98,70,65,31,21,93,30,41,73,73,58,50,75,54,51,81,69,24,33,41,44,52,117,111,25,100,25,35,69,118,87,60,58,33,30,52,72,31,36,52,102,101,94,84,78,76,67,29,28,77,115,100,36,30,104,92,39,30,29,116,109,58,33,34,47,53,56,76,95,36,50,66,51,50,64,78,43,33,34,34,35,34,54,115,36,80,47,78,80,107,90,97,95,52,62,67,91,94,78,77,40,42,48,68,85,119,95,89,43,51,77,59,43,50,57,86,94,88,75,55,51,56,48,44,79,87,84,45,51,85,79,88,53,63,64,70,50,48,49,62,79,54,99,96,95,61,50,68,80,67,63,70,95,74,54,53,53,84,54,126,56,66,55,55,67,107,88,84,73,57,71,83,106,69,58,83,86,80,67,59,70,71,95,81,126,67,61,123,88,128,80,72,64,65,83,115,77,66,64,75,65,77,116,67,89,115,77,76,85,99,103,102,91,118,116,71,125,86,79,71,80,72,121,73,127,120
57,56,48,59,68,77,105,136,53,34,49,70,87,60,39,77,119,47,112,81,98,58,36,27,40,95,22,30,131,51,99,114,21,32,59,57,37,65,102,43,58,57,118,51,37,51,18,48,58,44,43,51,76,95,42,77,104,64,60,59,110,26,14,12,30,58,18,11,28,75,62,23,32,48,100,122,47,80,83,86,19,63,118,123,63,55,18,9,45,48,85,98,45,7,46,64,123,50,0,33,93,121,41,17,12,44,63,109,25,20,45,62,39,43,47,98,49,24,5,76,84,112,36,8,35,56,72,122,19,13,26,50,107,121,124,48,28,31,33,122,68,64,55,49,33,17,47,108,13,35,40,42,48,54,44,69,53,38,37,57,49,25,21,30,62,45,32,88,121,122,19,98,123,20,99,35,26,45,78,88,90,99,69,63,47,52,62,78,117,69,41,25,24,37,70,99,119,41,79,98,55,54,48,40,35,33,28,48,49,125,68,53,38,68,57,46,37,52,61,68,62,29,70,71,91,98,101,123,50,43,94,32,33,33,110,38,39,58,66,67,53,58,98,69,56,127,87,124,126,62,137,54,52,40,106,111,138,52,42,41,69,76,87,113,132,73,53,49,51,91,122,41,54,88,98,132,53,133,43,45,89,96,53,62,124,50,49,70,85,130,123,133,53,103,105,47,60,65,74,101,49,87,61,59,58,51,67,108,123,50,52,110,59,51,61,64,79,127,81,83,83,103,70,71,103,69,130,57,56,77,109,124,69,58,80,124,59,58,61,75,105,107,138,59,85,64,79,83,62,87,62,64,75,89,121,78,64,73,82,65,84,111,80,88,127,79,67,108,121,140,73,72,129,82,81,92,88,70,72,91,73,89,86,89,90,85
86,85,76,35,41,48,74,104,82,33,29,42,57,91,26,48,87,25,80,51,66,90,66,28,22,63,43,24,98,82,67,81,31,20,30,89,67,34,69,75,28,27,86,83,15,22,25,19,27,76,15,21,44,62,14,45,71,97,93,92,77,58,44,28,11,26,50,28,11,42,94,14,8,16,67,89,79,48,50,53,52,30,85,90,96,88,51,42,12,15,52,65,78,26,13,31,90,17,33,0,60,88,74,16,21,11,30,76,58,13,12,95,7,11,15,65,82,56,35,43,51,79,69,29,6,24,40,89,51,44,11,18,74,88,91,81,61,9,9,89,35,97,88,82,65,24,17,75,35,13,72,16,19,24,76,37,86,70,16,89,81,54,48,19,32,76,19,56,89,90,42,66,91,39,67,65,52,22,47,56,59,67,100,95,23,83,34,48,85,101,70,45,42,25,41,67,87,25,49,67,85,84,77,68,62,60,51,27,27,93,99,83,28,40,88,75,29,30,35,99,93,44,42,43,60,68,70,92,79,30,64,51,39,37,79,63,34,35,41,41,34,36,68,99,36,95,59,93,95,90,105,81,79,42,76,81,107,78,64,62,45,50,59,82,100,103,79,74,39,63,92,48,40,60,70,101,79,103,61,45,62,68,43,45,93,72,70,49,59,99,93,102,47,75,76,58,47,49,53,73,66,62,85,81,81,52,50,80,94,56,54,82,80,62,51,51,58,97,60,111,61,76,55,56,77,92,101,72,63,59,82,96,92,60,61,96,73,69,60,60,80,81,109,70,111,61,63,108,76,113,70,64,63,69,94,101,68,63,66,67,68,86,102,70,100,101,69,85,95,112,91,89,102,104,102,74,111,77,72,74,73,74,108,75,113,106
144,143,133,52,44,37,31,50,140,81,60,39,29,149,69,33,35,58,29,27,23,149,124,80,64,22,100,74,42,141,20,28,87,70,42,148,126,36,19,134,42,41,29,143,61,46,82,49,40,136,54,46,22,13,54,21,16,156,152,151,19,117,103,87,66,37,109,86,68,21,154,71,63,47,11,30,139,15,12,10,112,30,25,30,156,148,111,102,48,45,9,6,138,86,47,29,30,43,93,60,0,28,134,76,81,49,30,16,118,73,48,155,54,50,46,6,142,116,95,18,10,20,129,88,59,37,22,30,110,103,68,45,16,29,32,140,120,64,62,30,28,156,147,142,125,82,49,18,93,62,132,55,49,43,135,30,145,129,62,148,140,112,106,70,37,135,68,19,32,33,99,19,35,95,20,123,110,57,28,22,22,21,160,154,56,142,42,29,32,160,128,101,98,69,36,24,34,65,31,25,143,142,136,126,119,117,107,59,58,39,157,142,71,41,146,133,74,56,48,158,151,97,41,40,30,29,29,40,136,69,30,106,89,87,34,118,77,55,47,47,62,56,33,157,60,45,37,44,45,147,53,137,135,87,37,39,54,134,117,115,52,47,41,40,50,160,135,129,72,41,45,95,69,43,40,52,133,53,112,88,45,43,75,64,49,125,122,59,48,53,50,55,81,46,46,105,73,67,59,47,115,52,138,134,133,92,69,49,53,99,94,50,132,108,78,74,61,56,61,166,60,53,73,72,54,145,60,119,104,69,56,59,144,98,68,59,120,113,95,73,58,58,66,114,164,93,73,161,122,166,111,99,80,68,63,153,106,85,75,103,74,64,153,73,67,151,104,66,67,72,138,137,69,155,152,76,162,115,105,78,105,81,157,82,163,155
172,171,161,76,67,58,36,32,168,108,86,62,47,177,96,55,26,84,27,49,35,176,152,107,91,36,128,101,22,169,31,22,115,97,68,176,154,62,28,162,68,68,16,171,88,74,110,76,66,164,81,73,48,30,82,47,22,184,180,179,16,145,131,114,94,65,137,114,95,48,182,99,90,74,22,8,167,42,39,36,140,58,5,4,184,176,139,130,76,73,36,23,166,114,75,57,3,71,121,88,28,0,162,104,109,77,58,12,146,101,76,183,82,78,74,23,170,144,123,45,37,10,157,116,87,65,49,7,138,131,96,72,16,8,9,168,148,91,89,9,55,184,175,169,152,110,77,18,121,90,160,82,76,70,163,56,173,157,89,176,168,140,134,97,63,163,96,39,18,18,126,31,19,123,31,150,138,84,51,42,39,32,187,181,83,170,67,51,24,188,156,128,125,96,60,35,24,91,52,36,171,170,163,153,146,144,135,85,84,26,185,169,98,65,173,160,101,82,73,185,178,124,64,63,45,40,38,29,164,95,44,133,115,113,34,146,103,80,71,70,87,80,44,184,84,34,54,35,35,175,38,164,162,113,43,40,39,161,144,142,74,67,57,41,38,187,162,156,96,55,39,121,93,59,51,40,160,41,139,113,60,55,100,87,43,152,149,80,65,44,46,45,106,54,53,131,96,89,79,57,141,69,164,161,160,117,90,55,50,124,119,55,158,133,101,97,80,51,79,192,78,62,94,92,63,171,55,144,129,88,63,57,170,122,86,58,145,138,118,93,67,66,58,139,191,116,92,187,147,192,135,122,100,84,64,178,129,106,93,126,92,71,179,90,66,177,127,75,69,66,163,162,68,180,177,91,188,138,127,94,127,98,183,99,189,180
32,32,31,97,107,116,145,177,30,65,86,110,127,30,75,117,159,85,152,121,138,26,26,61,77,135,42,67,171,22,140,154,53,70,99,23,21,105,142,18,98,97,159,18,77,91,55,88,98,14,83,91,117,136,82,118,145,25,22,21,150,20,33,49,70,99,27,49,68,115,22,64,73,88,141,163,9,121,124,127,23,104,159,164,22,15,23,32,86,89,126,139,5,48,87,105,164,91,41,74,134,162,0,58,53,85,104,150,16,61,86,21,80,84,88,139,9,18,39,117,125,153,7,46,75,97,113,163,25,32,66,90,148,162,165,10,16,71,73,163,108,24,16,13,15,54,87,148,44,74,13,82,88,94,14,109,18,16,76,21,17,28,33,68,102,17,70,128,162,163,41,138,164,45,139,24,33,83,118,128,131,139,32,28,85,23,101,118,158,33,24,43,45,73,109,139,160,78,118,138,26,26,25,27,31,32,39,85,86,165,33,26,73,106,28,27,70,89,99,35,31,50,109,110,130,138,141,163,29,78,133,45,59,61,150,37,71,94,104,105,88,95,137,38,91,166,126,164,166,36,177,36,36,66,145,150,178,37,44,45,105,113,125,152,171,43,38,40,83,129,162,62,87,125,137,171,41,173,51,70,126,133,83,96,163,46,47,104,122,169,161,172,81,140,142,61,91,98,108,138,55,122,48,49,49,74,98,145,161,69,73,147,51,63,90,94,113,165,115,57,117,139,100,102,139,54,168,62,72,109,145,162,56,78,112,161,64,68,82,106,141,143,176,68,62,86,109,62,66,64,74,83,103,121,157,62,79,99,113,82,115,146,64,119,163,65,85,143,157,176,67,68,165,67,68,123,70,81,89,121,90,117,71,118,73,72
72,71,62,46,54,62,90,120,68,30,37,56,72,76,30,62,103,34,95,66,82,75,51,23,28,78,31,23,114,67,83,97,22,22,44,73,53,49,85,60,42,42,101,68,23,36,16,33,42,61,28,35,60,78,26,60,87,81,77,76,93,42,29,15,16,41,34,14,13,58,79,10,17,31,83,105,64,64,66,69,36,46,101,106,80,72,35,26,28,31,68,81,62,10,29,47,106,33,17,16,76,104,58,0,5,27,46,92,42,4,28,79,22,26,30,81,66,40,19,59,67,95,53,13,18,39,55,105,35,28,11,33,90,104,107,64,45,15,17,105,51,81,72,66,49,12,30,91,20,19,57,26,32,37,60,52,70,54,22,73,65,38,33,18,46,60,20,71,104,105,28,81,107,25,82,49,38,30,61,71,74,82,85,79,32,68,47,62,100,85,55,32,30,25,54,82,103,29,63,82,70,69,62,53,47,45,38,34,35,108,83,68,28,52,72,60,28,38,46,84,77,33,55,56,74,82,85,107,64,32,78,39,31,30,94,49,32,44,51,52,40,45,82,84,43,110,72,108,109,76,120,67,65,36,90,95,121,64,51,50,54,61,71,96,115,88,65,60,41,75,106,40,44,72,83,116,65,117,50,41,73,80,44,50,108,59,57,57,71,113,107,117,46,87,89,49,50,54,61,85,55,72,72,69,68,48,56,92,107,50,49,95,68,53,53,55,66,111,68,96,70,88,59,60,89,79,115,62,56,66,94,109,79,56,68,109,64,61,57,65,91,93,122,62,97,59,68,94,67,99,63,61,66,77,106,88,63,65,72,63,74,97,90,77,112,88,65,95,107,124,80,79,114,92,90,81,98,71,69,80,70,79,96,80,100,94
68,67,59,50,59,67,95,125,64,31,41,60,77,72,33,67,108,38,100,71,87,70,48,24,32,84,29,25,119,63,88,102,21,25,49,69,48,54,90,55,47,47,107,63,28,41,16,38,47,56,33,40,65,83,31,66,92,76,72,71,98,38,25,13,20,47,30,12,18,63,74,14,21,36,89,110,59,69,72,75,32,51,106,111,75,67,30,22,33,36,73,86,57,6,34,52,111,38,12,21,81,109,53,5,0,32,51,97,37,8,33,74,27,31,35,86,61,35,14,64,72,100,48,8,22,44,60,110,30,23,14,37,95,109,112,59,40,19,21,110,56,76,67,61,44,10,34,96,16,23,51,30,36,42,55,57,65,49,25,68,60,34,28,20,50,55,22,76,109,110,23,86,111,22,87,44,33,34,66,75,78,87,80,74,35,63,51,66,105,80,50,28,26,27,58,87,107,31,67,86,65,64,57,48,42,41,33,37,38,113,78,63,29,56,67,55,29,41,49,79,72,30,59,59,79,86,89,111,59,34,82,35,29,29,98,45,32,47,55,56,42,48,86,79,45,115,76,112,114,71,125,62,60,35,94,99,126,59,47,46,58,65,75,101,120,83,61,56,43,79,110,38,45,76,87,120,60,121,46,40,77,84,45,53,112,55,53,59,74,118,111,121,46,91,93,47,51,56,64,89,52,76,67,64,64,47,57,96,111,48,48,98,64,51,54,56,69,115,71,92,73,92,61,62,92,75,119,59,54,68,97,113,75,55,70,112,61,58,56,67,94,96,126,59,92,59,70,90,64,94,61,60,67,79,110,84,61,66,73,62,75,100,86,79,116,84,64,98,110,128,76,75,118,88,86,83,94,69,68,82,69,80,92,81,96,90
97,96,87,33,36,42,65,95,93,41,30,36,49,102,32,40,77,26,70,42,57,101,77,37,26,54,54,32,88,94,57,71,42,28,24,100,79,27,59,86,22,21,75,95,20,18,36,16,20,87,15,16,34,52,15,35,61,108,104,103,66,69,55,39,20,18,61,39,21,32,105,24,16,10,57,79,90,37,40,43,63,20,74,79,107,99,62,53,5,6,41,54,89,37,4,20,79,7,44,11,49,77,85,27,32,0,19,65,69,24,1,106,5,2,4,54,93,67,46,32,40,68,80,39,11,13,28,78,61,54,20,8,63,77,80,91,71,16,14,78,24,107,98,93,76,34,10,64,44,16,83,13,12,14,86,26,96,80,18,99,91,64,58,24,22,86,23,45,78,79,51,55,80,48,56,74,62,19,36,45,48,56,111,105,20,93,25,37,74,111,80,54,51,27,31,56,76,25,39,56,95,94,87,78,71,69,60,24,24,82,109,93,30,31,98,85,33,26,28,109,103,52,34,34,50,57,59,81,89,31,53,60,45,43,68,72,37,30,33,34,31,31,57,109,32,84,49,82,84,100,94,90,88,46,65,70,96,87,72,70,38,42,50,72,90,112,88,83,39,53,81,53,39,51,60,90,87,92,68,49,52,58,43,41,83,80,77,43,51,89,82,92,48,65,67,64,46,45,47,64,72,54,93,89,89,55,47,70,83,61,57,72,88,67,50,49,52,87,53,119,55,67,52,52,68,100,91,78,67,55,73,86,100,63,56,86,79,74,62,56,71,72,98,75,119,62,58,116,82,121,74,66,60,63,85,109,71,62,62,70,63,78,110,65,91,108,71,77,86,102,97,96,93,112,109,69,118,80,74,69,74,70,115,71,120,113
116,115,105,34,32,33,50,77,111,55,38,29,35,120,44,30,60,35,53,29,41,119,95,53,38,38,72,47,70,112,40,54,59,43,22,119,97,20,42,105,21,20,57,113,34,22,53,23,17,106,27,21,19,34,27,19,42,127,123,122,48,88,74,57,37,13,80,57,39,16,124,42,34,19,38,60,109,19,22,25,82,6,55,60,126,118,81,72,19,16,23,35,108,56,17,4,60,13,63,30,30,58,104,46,51,19,0,46,88,43,18,125,24,20,16,35,112,86,65,13,21,49,99,58,29,8,10,59,80,73,38,15,44,58,61,110,90,34,32,59,9,126,117,111,95,52,21,45,63,33,102,26,21,16,105,14,115,99,33,118,110,82,76,41,15,105,39,28,59,60,69,37,61,66,38,93,80,30,22,29,31,39,130,124,30,112,22,24,56,130,98,71,69,41,22,40,58,38,26,39,114,113,106,96,89,87,78,33,33,64,127,112,44,25,116,103,47,32,28,128,121,69,27,27,35,41,43,63,107,43,38,77,60,59,52,89,50,34,30,30,38,34,42,127,37,67,37,65,67,118,77,108,106,60,50,55,78,104,89,87,36,36,39,56,73,130,106,100,48,42,65,68,46,41,47,74,105,75,84,62,43,46,52,45,67,97,94,43,43,72,67,75,57,53,54,78,52,48,45,52,88,47,110,106,105,67,50,57,69,74,69,59,104,81,57,55,49,72,50,137,51,57,55,55,58,117,76,92,79,55,62,72,116,74,55,72,94,87,72,58,61,62,84,89,136,71,59,133,96,138,86,76,64,60,73,125,82,67,62,80,63,68,126,63,78,124,81,68,75,88,112,110,80,127,125,67,134,91,83,68,83,70,130,71,136,128
160,159,149,66,58,50,33,40,156,97,75,53,39,165,85,46,29,74,26,40,29,165,140,96,80,29,116,90,30,158,25,22,103,86,57,164,142,51,22,150,57,57,20,159,77,62,98,65,55,152,70,62,37,21,70,36,15,172,169,168,13,134,120,103,82,53,125,103,84,37,170,88,79,63,13,16,155,30,28,25,128,46,11,15,172,164,127,118,64,61,25,12,154,102,63,45,15,59,109,76,16,12,150,92,97,65,46,0,134,89,64,171,70,66,62,11,158,132,111,33,25,4,145,104,75,53,37,14,126,119,84,60,6,13,16,156,136,79,77,15,43,172,163,157,140,98,65,10,109,78,147,70,64,58,151,44,161,145,77,164,156,128,122,85,51,151,84,28,19,20,114,21,21,110,22,138,125,72,39,31,28,22,175,169,71,157,55,40,22,175,144,116,113,84,48,26,23,79,41,27,159,158,151,141,134,132,122,73,72,27,173,157,86,53,161,148,89,70,61,173,166,112,52,52,35,31,30,29,152,83,34,121,103,101,29,133,91,68,59,58,75,68,35,172,72,35,44,34,35,163,41,152,150,101,36,35,42,148,132,130,63,56,48,36,40,175,150,144,85,46,38,109,81,49,42,42,148,43,126,101,51,46,88,76,42,139,137,69,55,44,43,46,94,47,46,119,85,78,69,49,129,59,152,149,148,105,79,49,47,113,107,49,146,121,90,85,69,49,69,180,68,55,83,82,56,159,54,133,117,78,56,54,158,111,76,55,133,126,107,83,60,59,58,127,179,105,82,175,136,180,124,111,90,75,60,167,118,95,83,115,82,65,167,80,63,165,115,68,64,66,152,150,65,168,165,82,176,127,116,85,116,89,171,90,177,169
40,40,35,83,92,102,130,161,37,53,72,95,112,41,61,102,144,70,137,106,123,38,25,48,63,120,31,53,156,32,124,139,40,56,84,36,22,89,127,25,82,82,143,30,62,76,41,73,83,23,68,76,101,120,67,102,129,40,37,36,135,13,20,35,55,83,15,34,52,100,38,48,57,73,125,147,23,105,108,111,9,88,143,148,38,31,9,17,70,73,110,123,21,32,71,89,148,75,25,58,118,146,16,42,37,69,88,134,0,45,70,37,64,68,72,123,24,3,23,101,109,137,11,30,59,81,97,147,9,16,50,74,132,146,149,23,6,55,57,147,92,39,30,25,11,38,71,132,28,58,17,66,72,78,20,93,29,16,59,32,25,16,19,52,86,22,54,112,146,147,26,122,148,30,123,18,21,67,102,111,114,123,44,39,69,30,85,102,141,45,22,29,31,57,93,123,144,62,102,122,33,32,27,24,23,23,27,69,70,149,44,32,57,90,35,28,55,73,83,45,40,36,93,94,114,122,125,147,31,62,117,33,45,46,134,29,56,79,88,89,72,79,121,47,76,150,110,148,149,41,160,37,36,52,129,134,162,36,36,36,89,97,109,136,155,52,38,36,68,113,146,49,72,109,121,155,39,157,41,57,110,118,69,81,147,41,41,89,106,153,145,156,67,125,127,50,76,83,93,122,47,107,47,47,46,61,84,129,145,57,60,132,48,53,76,80,98,149,100,63,102,124,86,87,124,54,152,55,61,94,129,146,56,66,97,145,57,59,70,91,126,127,160,59,67,74,95,66,59,69,64,72,89,107,142,64,68,86,98,71,101,131,65,104,148,66,74,128,142,161,64,64,149,68,68,108,73,72,78,107,79,103,72,104,75,73
76,75,66,45,53,61,87,118,72,32,37,54,70,79,30,60,100,34,93,64,79,78,55,25,28,76,35,24,112,71,80,95,25,23,42,77,56,47,83,63,40,40,99,71,23,34,19,31,40,64,26,33,57,76,25,58,84,84,80,79,90,46,33,18,15,39,38,18,13,55,82,11,16,29,81,103,67,61,64,67,40,44,98,103,83,75,38,30,26,29,65,78,65,14,26,44,103,30,20,13,73,101,61,4,8,24,43,89,45,0,25,82,19,23,27,78,69,43,22,56,64,92,56,15,14,36,52,102,37,30,7,29,87,101,104,67,47,12,13,102,48,83,74,69,52,12,27,87,21,16,59,23,28,34,62,49,72,57,18,75,67,40,35,15,42,63,17,68,101,102,29,78,103,26,79,51,39,27,58,67,70,79,87,81,28,70,43,59,97,88,57,33,30,22,51,79,99,26,59,78,72,71,64,55,49,47,39,30,31,105,85,70,25,48,74,62,25,35,42,86,79,33,51,52,71,78,81,103,66,29,74,40,30,29,90,50,29,40,48,49,37,41,78,86,39,107,68,104,106,77,117,68,66,35,86,92,118,65,52,50,51,58,68,93,112,90,67,62,38,72,103,39,41,69,79,112,66,114,50,39,70,77,41,47,104,60,58,53,67,110,103,113,43,84,86,49,47,51,57,82,55,69,72,69,69,46,52,89,104,49,48,91,69,53,50,52,62,107,65,98,67,84,56,57,85,80,111,62,55,62,90,105,80,54,65,105,64,60,55,62,87,89,119,61,98,57,65,96,67,100,62,59,63,74,103,89,61,62,68,62,70,94,91,73,108,89,63,91,103,121,80,79,110,93,91,78,99,69,67,77,68,76,96,76,101,95
99,98,88,34,37,42,65,94,95,43,31,36,48,103,33,40,77,27,69,42,56,102,78,38,28,53,55,33,87,95,57,71,43,29,25,101,80,27,59,87,22,21,74,96,21,18,37,17,20,88,16,16,34,52,16,34,60,109,105,104,66,70,57,40,21,18,62,40,22,31,107,25,18,11,56,78,92,36,39,42,64,19,73,78,108,100,63,54,6,7,40,53,90,38,5,20,78,6,45,12,48,76,86,28,33,1,18,64,70,25,0,107,6,2,2,53,94,68,47,31,39,67,81,40,11,11,27,77,62,55,21,6,62,76,79,92,72,16,14,77,23,108,99,93,77,34,9,63,45,16,84,12,11,13,87,25,97,81,18,100,92,65,59,24,21,87,23,44,76,77,52,53,79,48,55,75,63,19,35,44,47,55,112,106,19,94,24,36,73,112,81,54,51,27,30,55,75,25,37,55,96,95,88,78,72,70,61,24,23,80,110,94,30,29,98,86,33,25,27,110,103,52,32,33,49,55,58,79,89,30,52,60,45,43,67,72,36,29,32,32,30,30,56,109,31,83,47,81,82,101,93,91,89,46,64,69,94,87,72,70,37,41,48,70,88,113,89,83,38,52,80,53,38,50,58,89,88,90,68,49,51,57,42,40,81,80,78,42,50,87,81,90,47,64,65,64,45,44,46,62,73,52,93,90,89,55,46,69,82,60,57,71,88,67,49,48,50,86,52,120,53,66,51,51,67,100,90,78,66,54,72,85,100,63,55,85,79,74,61,55,70,71,97,75,119,61,57,116,82,121,74,66,59,62,83,109,70,61,61,69,62,76,110,64,89,108,71,75,85,100,97,96,91,112,109,68,119,80,73,68,74,68,115,69,120,113
37,37,42,118,128,137,167,198,38,86,107,131,148,31,96,138,181,106,173,143,159,27,42,82,98,156,62,88,193,28,161,176,74,91,120,23,37,126,163,30,119,119,180,23,98,113,76,109,119,26,104,112,138,157,103,139,166,15,15,16,172,40,54,70,91,120,48,70,89,137,12,85,94,110,162,184,19,142,145,148,44,125,180,185,7,10,45,53,107,110,147,160,18,69,108,126,185,112,62,95,155,183,21,79,74,106,125,171,37,82,107,0,101,105,109,160,13,39,60,138,146,174,26,67,96,118,134,184,45,52,87,111,169,183,186,16,35,92,94,184,129,7,11,16,32,74,107,169,64,94,26,102,108,114,24,129,16,30,96,15,21,46,52,88,123,25,90,149,183,184,60,159,185,64,160,38,50,103,138,148,151,160,18,18,105,24,121,138,178,20,35,60,63,92,130,159,180,97,139,158,26,27,31,39,45,47,56,104,105,185,23,28,92,126,27,35,89,109,118,25,26,67,128,129,150,158,161,184,34,97,153,60,77,79,170,50,89,114,123,124,107,114,157,30,110,186,145,184,186,34,197,40,41,83,164,170,198,43,56,57,124,132,144,171,191,35,44,47,101,148,181,78,105,145,156,191,46,193,64,87,145,153,101,114,182,55,57,123,141,188,181,191,98,160,162,75,108,115,127,157,67,141,52,54,55,89,116,164,181,83,88,166,57,76,107,111,131,184,133,49,135,158,117,119,158,55,187,72,85,126,163,181,58,92,129,180,74,79,97,123,159,161,195,79,56,101,126,57,75,58,86,97,119,139,176,61,92,114,129,95,131,164,63,136,182,65,97,160,175,195,72,73,183,66,68,139,67,92,101,137,103,133,70,134,70,71
93,92,83,36,40,47,71,100,89,40,32,40,54,98,32,45,83,28,75,47,62,97,73,35,27,59,51,30,93,89,63,77,39,26,29,96,74,32,65,82,26,26,81,90,20,21,32,19,25,83,17,20,40,58,16,40,66,103,99,98,72,65,51,35,18,23,57,35,18,37,101,21,14,14,62,84,86,42,45,48,59,25,79,84,102,94,57,49,9,11,47,59,84,33,9,26,84,12,39,7,54,82,80,22,27,5,24,70,64,19,6,101,0,4,8,59,88,62,41,37,45,73,75,34,5,17,33,83,56,49,15,11,68,82,85,86,66,10,9,83,29,102,93,87,70,28,10,68,39,11,78,10,12,16,81,30,91,75,13,94,86,58,53,19,25,81,18,49,82,83,46,59,84,42,60,69,57,17,40,49,52,60,106,100,18,88,27,41,78,106,75,48,46,23,34,60,81,22,42,60,90,89,82,72,66,64,55,22,22,86,104,88,26,33,92,80,28,25,28,104,97,46,35,36,53,60,63,85,83,27,56,54,40,38,72,66,32,29,34,34,29,30,60,103,30,88,51,86,88,95,98,85,83,41,68,74,100,81,66,65,38,43,52,75,93,107,83,77,36,55,85,48,36,53,62,94,82,95,63,44,54,60,40,39,86,75,72,43,52,92,85,95,44,68,69,59,43,43,47,66,67,55,87,84,83,51,45,73,87,56,53,75,83,62,47,47,51,90,53,114,55,69,50,50,70,95,94,73,62,54,75,89,94,59,56,89,74,69,58,55,73,74,102,70,114,59,57,111,77,116,69,62,58,63,87,103,67,59,61,66,62,79,105,64,93,103,67,78,88,104,92,91,95,106,104,69,113,76,70,69,71,68,110,69,115,108
97,96,87,35,38,44,67,96,93,42,32,38,51,102,33,42,79,28,72,44,59,100,77,37,28,55,54,33,90,93,59,73,42,29,26,99,78,29,61,86,24,23,77,94,21,20,36,18,22,87,17,18,36,54,16,37,62,107,103,102,68,68,55,39,21,20,60,38,21,34,105,24,17,13,58,80,90,39,41,44,63,22,75,80,106,98,61,52,7,9,43,55,88,36,7,22,80,9,43,11,50,78,84,26,31,2,20,66,68,23,2,105,4,0,4,55,92,66,45,33,41,69,79,38,9,13,29,79,60,53,18,7,64,78,81,90,70,14,12,79,25,106,97,91,74,32,8,64,43,14,82,10,10,13,85,26,95,79,16,98,90,62,57,22,21,85,21,45,78,79,49,55,80,46,56,73,60,17,36,45,48,57,109,104,18,92,24,37,74,110,79,52,49,25,30,57,77,23,38,56,94,93,86,76,70,68,58,22,22,82,107,92,28,30,96,84,31,24,26,108,101,50,33,33,50,57,60,81,87,29,53,58,43,41,69,70,34,28,32,32,29,29,57,107,30,85,48,82,84,98,95,88,87,44,65,70,96,85,70,68,37,41,49,72,90,111,86,81,36,52,81,51,36,50,59,90,85,92,66,47,52,57,41,39,83,78,75,41,50,89,82,92,45,65,66,62,43,43,45,63,70,53,91,87,87,53,45,70,83,58,55,72,86,65,48,47,50,87,52,118,53,67,50,50,67,98,91,76,64,53,72,86,98,61,55,85,77,72,60,54,70,72,98,73,117,60,57,114,80,119,72,64,58,62,84,107,69,59,60,68,61,77,108,63,90,106,69,75,86,101,95,93,92,110,107,67,116,78,72,68,72,68,113,69,118,111
101,100,91,34,37,42,64,92,97,45,33,36,48,105,35,40,75,29,68,41,55,104,80,40,30,52,58,35,86,97,55,69,45,31,25,103,82,27,57,89,22,22,73,98,23,19,39,18,20,91,18,17,33,50,17,33,58,111,107,106,64,72,59,42,24,17,64,42,25,30,109,28,20,12,54,76,94,35,38,41,66,18,71,76,110,102,65,56,7,7,39,51,92,40,6,18,76,6,47,15,46,74,88,30,35,4,16,62,72,27,2,109,8,4,0,51,96,70,49,29,37,65,83,42,13,9,25,75,64,57,22,4,60,74,77,94,74,18,16,75,21,110,101,95,78,36,8,61,47,17,86,12,10,11,89,23,99,83,18,102,94,66,60,26,18,89,24,41,74,75,53,51,76,50,52,77,64,18,33,42,44,53,113,108,19,96,22,34,71,114,82,56,53,28,28,53,73,25,35,52,98,97,90,80,73,71,62,23,23,78,111,96,30,27,100,87,33,24,25,112,105,53,30,31,46,53,56,77,91,31,49,61,46,44,65,74,37,28,30,30,30,29,54,111,30,81,45,78,80,102,91,92,90,47,62,67,92,89,73,72,35,39,46,68,86,114,90,85,38,49,77,54,37,48,56,87,89,88,69,49,49,54,42,39,79,81,79,41,48,85,79,88,47,62,63,64,44,43,44,60,74,51,94,91,90,55,45,67,80,61,57,69,89,68,49,48,49,83,50,121,52,64,50,50,65,102,87,79,67,52,69,82,101,63,54,82,80,74,61,54,68,69,95,76,121,61,56,118,83,123,74,66,58,60,81,110,71,60,59,69,61,74,111,62,87,109,71,73,83,98,98,96,89,113,110,66,120,80,73,67,74,67,116,68,121,114
150,149,139,58,50,43,34,49,146,87,66,45,34,155,75,39,35,64,30,34,27,154,130,86,70,27,106,80,40,147,24,28,93,76,48,154,132,42,22,140,48,47,28,148,67,53,88,55,46,141,59,52,29,17,60,27,17,162,158,157,19,123,109,92,71,43,115,92,73,27,159,77,68,52,12,27,144,21,19,16,117,36,22,26,161,153,116,107,53,50,15,7,143,91,52,35,26,48,98,65,6,23,139,81,86,54,35,11,123,78,53,160,59,55,51,0,147,121,100,22,14,14,134,93,64,42,26,24,115,108,73,49,10,23,26,145,125,68,66,25,32,161,152,146,129,86,54,12,97,67,136,59,53,47,139,33,149,134,66,153,145,117,111,74,40,140,72,18,26,27,103,15,28,99,16,127,114,60,29,21,20,17,164,158,60,146,44,30,25,164,133,105,102,73,38,20,28,68,31,21,148,147,140,130,123,121,111,62,61,33,162,146,75,43,150,137,78,59,50,162,155,101,42,41,28,25,25,33,140,72,28,109,92,90,28,122,80,57,49,48,64,58,30,161,62,38,36,37,39,151,47,141,139,90,33,34,48,137,121,119,53,47,39,35,44,164,138,133,74,38,39,98,71,41,37,46,137,47,115,90,43,40,78,66,43,128,126,59,47,47,44,49,83,42,42,108,75,68,59,44,118,51,141,138,137,94,70,45,47,102,97,46,135,110,79,75,60,50,60,169,60,50,74,72,51,148,55,122,107,69,52,54,147,100,68,54,123,115,97,74,55,55,60,117,168,94,73,164,125,169,113,100,81,67,58,156,108,86,74,105,74,60,156,72,62,154,105,63,62,67,141,139,64,158,154,75,165,116,106,77,106,81,160,82,166,158
35,35,37,106,115,125,154,185,34,74,95,118,136,31,84,126,168,94,161,130,147,27,34,70,86,144,51,76,180,25,148,163,62,79,108,24,29,113,151,24,106,106,167,20,85,100,64,97,107,19,92,100,125,144,91,126,153,21,19,18,159,29,42,58,78,107,36,58,76,124,18,72,81,97,150,171,12,130,133,136,31,112,167,172,16,10,32,41,94,97,134,147,8,56,95,113,172,99,49,82,142,170,9,66,61,93,112,158,24,69,94,13,88,92,96,147,0,26,47,125,133,161,13,54,83,105,121,171,32,39,74,98,156,170,173,4,22,79,81,171,116,15,8,7,19,61,94,156,51,81,14,89,95,101,13,116,11,18,83,13,12,33,39,75,110,15,77,136,169,170,47,146,172,51,147,26,38,90,125,135,138,147,23,20,92,18,109,125,165,25,25,48,51,79,117,146,167,84,126,145,21,21,23,28,33,35,43,91,92,172,26,22,79,113,23,26,77,96,106,27,25,55,116,116,137,145,148,171,27,84,140,49,64,66,157,39,77,101,110,111,94,101,144,31,97,173,132,171,173,31,184,34,34,71,151,157,185,36,45,47,111,120,131,158,178,36,36,39,89,135,168,66,93,132,143,178,39,180,53,75,132,140,89,101,169,46,48,110,128,175,168,179,85,147,149,64,96,103,114,144,57,128,46,47,48,78,104,152,168,72,77,154,50,66,95,99,118,171,121,50,123,145,105,107,145,51,174,63,74,114,151,168,53,81,117,167,65,70,85,111,147,149,182,70,56,90,114,56,67,58,76,86,107,127,163,58,81,103,117,85,120,152,60,124,169,61,87,148,163,182,65,66,171,63,64,127,65,83,91,125,93,121,67,122,68,68
43,42,38,82,91,100,129,160,40,52,71,94,111,44,61,101,142,69,135,105,121,41,28,47,62,118,32,52,154,35,123,137,39,55,83,39,25,88,125,28,81,81,142,33,60,75,40,72,81,26,66,74,100,118,65,100,127,43,39,38,133,15,20,34,53,81,16,33,51,98,40,47,56,71,124,146,26,104,107,110,10,86,141,146,41,33,9,16,68,71,108,121,23,31,69,87,146,73,24,56,116,144,18,40,35,67,86,132,3,43,68,39,62,66,70,121,26,0,21,99,107,135,13,28,57,79,95,145,7,13,48,72,130,144,147,24,6,53,55,145,90,40,32,26,11,36,68,130,25,56,17,64,70,76,21,91,30,16,57,33,26,13,16,49,84,22,52,110,144,145,24,120,146,27,121,17,18,65,99,109,112,121,45,40,66,30,83,100,139,46,21,26,28,54,91,121,141,59,100,120,33,32,27,22,21,21,24,66,67,147,45,32,55,88,35,27,52,71,80,46,40,33,90,91,112,119,122,145,30,60,115,30,42,44,132,27,53,76,85,86,70,76,118,47,73,148,107,145,147,41,158,36,35,49,126,132,159,35,33,34,87,95,106,133,153,52,36,35,66,110,143,46,69,107,118,153,38,154,39,54,108,115,66,78,144,39,39,86,104,150,143,153,64,122,124,47,73,80,90,120,44,104,46,45,45,58,81,127,143,54,58,129,46,51,73,77,95,146,97,63,99,121,83,85,121,53,150,52,58,92,127,143,54,63,95,143,54,56,67,89,123,125,157,57,66,71,92,65,57,69,62,69,86,104,139,62,66,83,96,69,98,128,64,102,145,64,71,125,139,158,62,62,147,67,67,106,72,70,75,104,77,101,71,101,74,71
58,57,49,64,72,81,109,139,54,39,53,74,91,61,44,81,122,51,115,85,101,59,38,32,44,98,26,35,134,51,102,117,26,37,63,57,38,68,105,44,61,61,121,51,41,55,24,52,61,44,47,54,79,98,45,80,106,63,59,58,112,27,17,17,34,61,20,17,31,77,60,27,35,51,103,125,46,83,86,89,19,66,120,125,62,54,18,11,48,51,87,100,44,11,49,66,125,52,5,35,95,123,39,19,14,46,65,111,23,22,47,60,41,45,49,100,47,21,0,78,86,114,34,7,36,58,74,124,15,9,27,51,109,123,126,45,25,32,34,124,69,61,52,47,30,16,48,109,9,35,37,43,49,55,40,70,50,35,37,53,46,20,16,30,63,41,32,89,123,124,14,99,125,15,100,31,21,45,79,88,91,100,65,59,46,48,63,79,118,66,36,19,19,36,71,100,121,40,80,99,51,50,43,35,30,28,23,47,48,126,64,49,36,68,53,42,35,51,61,65,58,24,70,71,91,99,102,124,45,41,94,27,29,30,111,33,37,57,66,67,51,57,98,65,54,127,87,125,127,57,138,49,47,36,106,112,139,47,37,36,68,76,87,113,132,69,48,44,49,91,123,36,52,87,98,133,48,134,38,41,88,95,50,60,124,45,43,68,85,130,123,133,50,103,104,42,57,63,72,100,44,86,56,53,53,47,64,107,123,46,47,110,53,46,58,62,77,127,79,78,82,102,67,69,102,63,130,52,51,75,108,124,64,54,78,123,54,53,57,73,104,106,138,54,80,60,76,78,57,82,57,60,72,87,120,73,59,69,80,61,82,110,74,86,126,73,63,107,121,139,67,66,128,77,75,90,83,65,67,88,68,86,81,87,85,80
129,128,118,43,38,35,43,67,125,68,49,34,33,134,56,31,51,46,44,28,34,133,108,66,51,31,85,60,59,126,33,44,72,55,31,132,110,27,33,118,30,30,46,127,47,34,67,36,28,119,39,32,18,25,40,17,32,140,136,135,37,101,87,71,50,24,93,70,52,14,138,56,47,32,27,48,123,13,14,16,95,16,43,48,139,131,94,85,32,29,12,23,121,69,31,14,48,27,76,43,18,45,117,59,64,32,13,33,101,56,31,138,37,33,29,22,125,99,78,0,8,36,112,71,42,20,4,46,93,86,51,27,31,45,48,123,103,46,44,46,10,139,130,124,107,64,32,32,75,45,114,37,31,26,117,13,127,112,44,131,123,95,89,52,20,118,51,16,46,47,81,24,48,77,26,105,92,39,16,18,20,26,142,136,39,124,25,18,43,142,111,83,80,52,21,28,45,47,20,28,126,125,118,108,101,99,89,42,41,51,140,124,54,26,128,115,57,39,32,140,133,80,27,26,26,30,32,50,119,51,28,88,71,69,40,101,59,39,32,32,45,40,32,139,43,54,30,52,54,130,64,119,117,70,39,43,65,116,100,98,38,34,33,45,60,142,117,111,55,35,52,77,52,35,38,61,116,62,95,70,37,38,59,49,55,107,105,45,39,60,55,63,65,44,45,88,57,52,46,44,98,43,120,117,116,75,54,48,57,82,77,50,115,91,62,59,49,61,49,148,49,49,59,57,50,127,65,102,87,56,54,62,126,82,56,62,103,96,79,60,54,55,72,97,147,77,60,143,105,148,94,83,66,58,64,135,89,70,62,87,63,61,136,62,68,134,88,62,66,77,121,119,71,137,134,66,144,98,89,67,89,70,140,71,146,138
137,136,126,48,42,37,39,60,132,75,55,37,32,141,63,33,45,53,38,29,30,141,116,73,58,28,93,67,52,133,28,38,80,63,37,140,118,32,28,126,36,36,39,134,54,40,74,42,34,127,47,39,20,21,47,19,25,148,144,143,30,109,95,78,58,31,101,78,60,17,146,63,55,39,21,40,131,13,12,12,103,23,35,40,147,139,102,93,40,37,8,16,129,77,39,21,40,35,84,51,10,37,125,67,72,40,21,25,109,64,39,146,45,41,37,14,133,107,86,8,0,28,120,79,50,28,12,38,101,94,59,35,23,37,40,131,111,54,52,38,18,147,138,132,115,72,40,24,83,53,122,45,39,33,125,20,135,120,52,139,131,103,97,60,27,126,58,13,38,39,89,18,40,85,20,113,100,47,18,16,16,21,150,144,46,132,32,20,36,150,119,91,88,59,26,22,38,55,22,23,134,133,126,116,109,107,97,49,48,43,148,132,61,31,136,123,64,46,38,148,141,87,31,31,24,26,27,43,126,59,25,96,78,77,34,108,67,45,37,37,51,46,29,147,49,48,30,46,48,138,57,127,125,77,35,38,59,123,107,105,43,38,34,40,53,150,125,119,61,34,47,85,59,36,36,55,123,56,102,77,37,37,65,54,50,115,112,49,41,54,50,57,71,42,42,95,63,57,50,42,105,45,128,124,123,82,59,46,53,89,84,47,122,98,68,64,52,56,52,156,52,48,63,62,49,135,60,109,94,60,52,58,134,88,59,58,110,103,85,64,53,53,67,104,154,83,64,151,112,156,101,89,71,60,60,142,96,75,66,93,66,59,143,65,65,141,94,61,64,72,128,126,67,144,141,68,152,105,95,70,95,73,147,74,153,145
164,163,153,70,62,54,37,41,160,101,79,57,43,169,89,50,31,78,29,44,33,168,144,100,83,34,120,94,31,161,29,25,107,89,61,168,146,55,26,154,61,61,22,162,81,66,102,69,59,155,73,66,41,25,74,40,19,176,172,171,16,137,123,106,85,57,129,106,87,40,173,91,82,66,18,16,158,34,31,29,131,50,11,14,175,167,130,121,67,64,28,16,157,105,66,49,13,62,112,79,20,10,153,95,100,68,49,4,137,92,67,174,73,69,65,14,161,135,114,36,28,0,148,107,78,56,40,10,129,122,87,63,6,9,12,159,139,82,80,11,45,175,166,160,143,100,67,9,111,80,150,73,67,61,153,46,163,147,80,166,158,131,125,88,53,154,86,29,15,16,117,21,17,113,21,141,128,74,40,31,29,22,178,172,73,160,57,41,18,178,146,119,116,86,50,25,20,81,42,26,161,160,153,144,137,135,125,75,74,23,175,160,88,55,164,151,91,72,62,176,169,115,54,53,35,30,28,25,154,85,34,123,105,103,27,136,93,69,60,59,76,70,34,174,74,31,44,31,31,165,37,154,152,103,35,33,38,151,134,132,64,57,47,34,36,177,152,146,86,45,34,111,83,49,41,38,150,39,128,103,50,45,89,77,38,141,139,70,55,40,40,42,95,46,45,121,86,79,69,48,131,59,154,151,150,107,80,47,44,114,109,47,148,123,91,86,69,46,69,182,68,54,84,82,55,161,50,134,119,78,54,51,160,112,76,52,135,128,108,83,58,57,55,129,181,105,82,177,137,182,125,112,90,75,58,168,119,96,83,116,82,63,169,80,60,167,116,66,62,62,153,151,62,170,167,82,177,128,117,85,116,89,173,89,178,170
38,38,36,94,103,113,142,173,36,64,83,106,123,37,72,114,155,82,148,118,134,33,29,59,74,131,41,64,167,28,136,150,51,67,95,30,24,101,138,23,94,94,155,25,73,88,52,84,94,20,79,87,113,131,78,113,140,32,29,28,146,20,31,46,66,94,25,46,64,111,29,60,68,84,137,159,16,117,120,123,20,100,154,159,28,21,20,28,81,84,121,134,12,44,82,100,159,86,36,69,129,157,7,53,48,80,99,145,11,56,81,26,75,79,83,134,13,13,34,112,120,148,0,41,70,92,108,158,19,26,61,85,143,157,160,11,9,66,68,158,103,27,19,13,8,48,81,143,38,68,8,76,82,88,10,103,18,10,70,21,15,21,26,62,97,13,64,123,156,157,35,133,159,39,134,17,26,77,112,122,125,134,33,28,79,20,96,112,152,34,18,36,38,66,104,133,154,72,113,132,23,23,20,21,24,25,32,79,80,159,33,23,66,100,26,22,64,83,93,35,30,43,103,104,124,132,135,158,24,71,127,38,52,54,144,30,64,88,98,98,82,88,131,37,85,160,120,158,160,33,171,31,31,59,139,144,172,32,37,38,98,107,118,146,165,42,33,34,76,123,156,55,81,119,131,166,35,167,44,63,120,127,77,89,156,40,41,98,115,163,155,166,74,134,136,54,84,91,102,132,48,116,43,43,43,67,92,139,155,62,66,141,46,56,83,87,106,159,108,55,110,133,93,95,133,49,162,55,65,102,138,155,51,71,105,155,57,61,75,99,134,136,169,61,59,79,102,59,60,61,67,76,96,115,151,58,72,92,106,75,108,140,60,112,157,60,77,136,150,170,62,62,158,63,63,116,66,74,82,114,83,110,67,111,69,67
64,63,55,58,67,75,103,133,60,37,49,68,85,67,40,75,116,46,108,79,95,65,44,30,40,91,29,32,127,58,96,110,25,33,57,64,44,62,98,51,55,55,114,58,36,49,21,46,55,51,41,48,73,91,39,73,100,70,66,65,105,33,22,16,28,54,26,15,26,71,67,22,30,44,96,118,53,76,79,82,26,59,113,118,69,61,25,17,41,44,81,93,51,8,42,60,118,46,8,29,88,116,46,13,8,39,58,104,30,15,40,67,34,38,42,93,54,28,7,71,79,107,41,0,29,51,67,117,22,15,20,44,102,116,119,52,32,25,27,117,62,68,59,53,36,9,40,102,8,28,44,36,42,48,47,63,57,41,30,60,52,25,20,23,56,48,25,82,116,117,16,92,118,15,93,36,25,38,72,81,84,93,72,66,39,55,56,72,111,72,42,21,19,29,64,93,113,34,73,92,57,56,49,40,34,33,26,40,41,119,70,55,30,61,59,47,29,45,54,71,64,24,63,64,84,92,95,117,51,35,87,28,25,26,104,37,32,50,59,60,45,51,91,71,48,120,80,118,120,63,130,54,52,32,99,105,132,51,39,38,61,69,80,106,125,75,53,48,43,84,116,34,47,81,92,126,52,127,39,38,81,89,45,54,117,48,46,62,78,123,116,126,45,96,98,41,52,57,66,93,45,79,59,57,56,44,59,101,116,44,45,103,56,46,54,56,71,120,73,83,75,95,62,63,96,67,123,53,50,69,101,117,67,52,72,117,55,53,54,67,98,100,131,54,85,57,71,82,58,87,56,57,67,81,114,76,57,65,75,58,77,104,78,80,120,77,61,101,114,132,69,68,121,80,79,84,86,64,65,83,66,81,84,82,89,83
90,89,80,40,45,52,76,105,85,39,35,45,59,94,32,50,88,31,81,53,68,92,69,33,28,64,47,30,99,85,68,82,36,26,33,91,70,37,70,77,31,30,86,86,21,26,30,23,30,78,20,24,45,63,19,46,71,98,95,94,77,60,47,31,17,28,52,31,17,43,96,18,14,19,67,89,81,48,51,54,54,31,85,90,97,89,53,44,14,17,52,65,79,28,14,31,89,17,35,6,59,87,75,18,22,11,29,75,59,14,11,96,5,9,13,64,83,57,36,42,50,78,70,29,0,22,38,88,51,44,9,15,73,87,90,81,61,5,4,88,33,97,88,82,65,23,13,73,34,7,72,10,14,20,76,34,86,70,10,89,81,53,47,14,28,76,14,53,87,88,40,63,89,37,65,64,51,16,44,53,56,65,100,94,17,83,29,44,83,101,69,43,40,19,37,65,85,19,45,64,84,83,77,67,60,59,49,21,21,90,98,83,22,35,87,74,24,24,30,99,92,41,38,39,57,64,67,89,78,24,60,49,35,33,76,61,28,30,35,36,28,30,64,98,30,92,54,90,92,89,102,79,77,37,72,77,104,76,61,59,39,45,54,79,97,102,77,72,33,58,88,43,34,56,66,98,76,99,58,40,57,63,37,39,90,69,67,43,54,96,89,99,41,70,72,54,41,42,47,69,62,57,82,79,78,47,44,75,90,52,49,78,77,58,45,45,52,94,54,109,56,72,49,49,72,90,97,68,58,53,77,92,89,55,56,92,69,64,54,54,75,76,105,66,108,55,57,105,72,110,65,59,57,64,90,98,63,57,60,62,62,81,99,64,95,98,64,79,91,107,87,86,97,101,99,69,108,72,67,68,67,68,104,69,110,103
110,109,100,36,36,39,58,85,106,52,38,34,43,115,42,36,68,34,61,36,49,114,89,49,36,46,67,43,78,106,49,62,54,39,25,113,91,25,50,99,23,22,65,107,30,22,48,22,20,100,24,20,27,42,24,27,50,120,116,115,56,82,68,52,32,16,74,51,34,23,118,37,29,17,46,67,103,27,30,33,76,12,63,68,119,111,75,66,14,12,30,43,101,50,13,11,67,9,56,24,37,65,97,39,44,13,8,53,81,36,11,118,17,13,9,42,105,79,58,20,28,56,92,51,22,0,16,66,73,66,31,7,51,65,68,103,83,26,24,66,12,119,110,104,87,44,13,51,55,25,94,18,13,9,97,14,107,92,25,111,103,75,69,33,12,98,31,32,65,66,61,42,67,58,43,85,73,22,24,33,35,44,122,116,22,104,17,25,61,122,91,64,61,33,21,44,64,30,27,43,106,105,98,88,81,80,70,26,25,69,120,104,36,22,108,96,39,25,22,120,113,61,24,25,38,44,47,68,99,35,41,69,52,51,56,81,42,27,26,26,31,28,45,119,30,72,38,69,71,110,82,100,98,52,53,58,83,96,81,79,32,34,39,59,77,123,98,92,40,42,68,60,39,40,48,78,97,79,76,54,42,47,45,39,70,89,86,38,42,76,70,79,50,54,55,70,45,42,41,53,80,45,102,98,97,59,44,59,71,66,62,61,96,73,50,48,45,75,46,129,48,57,49,49,58,109,79,84,71,50,62,74,108,67,51,74,86,79,64,53,61,62,86,81,128,64,54,125,88,130,78,69,58,57,74,117,75,60,57,73,58,68,118,59,79,116,74,67,76,90,104,102,81,119,117,63,126,84,76,64,76,65,122,66,128,120
126,125,115,43,39,37,47,71,121,66,47,35,36,130,54,33,55,45,48,31,38,129,105,63,49,35,82,57,64,122,37,48,69,53,31,128,107,27,38,115,29,29,51,123,44,32,64,33,26,116,37,30,20,30,37,19,36,136,132,131,41,97,84,67,47,23,89,67,49,16,134,52,44,29,32,52,119,16,18,20,92,14,47,52,135,127,91,82,29,26,16,28,117,66,28,12,52,23,72,40,22,49,113,55,60,28,10,37,97,52,27,134,33,29,25,26,121,95,74,4,12,40,108,67,38,16,0,50,89,82,47,23,35,49,52,119,99,42,40,50,6,135,126,120,103,60,27,35,71,40,110,33,27,21,113,9,123,107,40,126,118,91,85,48,16,114,46,18,49,50,77,27,51,73,28,101,88,35,14,19,21,29,138,132,34,120,21,16,46,138,106,79,76,47,18,29,48,43,18,29,121,121,114,104,97,95,85,37,36,53,135,120,49,22,124,111,52,35,28,136,129,75,23,23,26,31,33,53,114,47,29,84,66,65,42,96,55,35,29,28,40,35,33,135,39,57,29,55,56,125,67,115,113,65,40,45,68,111,95,93,34,32,32,46,62,138,113,107,50,34,54,73,48,34,38,63,111,65,90,66,36,38,55,45,57,103,100,41,37,62,57,65,60,44,45,83,53,48,43,43,93,41,116,112,111,71,50,48,59,78,73,50,110,86,58,55,46,62,46,144,47,49,55,54,50,123,66,97,83,53,53,63,122,77,52,63,98,92,74,56,53,54,74,93,142,73,57,139,101,144,90,78,63,56,64,131,85,67,59,83,59,60,131,59,69,129,83,61,66,78,117,115,71,133,130,63,140,94,85,65,85,67,136,68,141,133
174,173,163,80,71,63,43,39,170,111,89,66,52,179,99,59,34,88,34,53,40,178,154,110,94,42,130,104,29,171,37,29,117,99,71,178,156,65,33,164,71,71,24,172,91,76,112,79,69,165,83,76,51,34,84,50,27,186,182,181,22,147,133,116,96,67,139,116,97,51,184,101,92,76,27,15,169,44,41,39,141,60,12,11,185,177,140,131,78,75,38,26,167,115,77,59,9,72,122,89,30,7,163,105,110,78,59,14,147,102,77,184,83,79,75,24,171,145,124,46,38,10,158,117,88,66,50,0,139,132,97,73,15,1,2,169,149,92,90,2,55,185,176,170,153,110,77,16,121,90,160,82,76,70,163,56,173,157,89,176,168,140,134,98,63,163,96,38,11,11,127,29,12,123,28,151,138,83,49,40,37,29,188,182,82,170,66,50,17,188,156,128,125,96,59,31,18,91,50,32,171,170,163,153,146,144,134,84,83,19,185,169,97,63,173,160,100,81,71,185,178,124,62,61,42,36,33,22,164,94,40,132,115,113,29,145,102,78,69,68,85,78,40,184,83,27,50,28,28,174,31,164,162,112,38,34,32,160,143,141,72,64,54,35,31,187,161,155,95,51,33,120,91,55,46,33,160,34,138,112,56,50,98,85,36,151,148,77,61,37,39,38,104,49,48,129,94,87,76,52,140,65,163,160,159,115,88,49,43,123,117,49,157,132,98,94,76,44,75,192,74,57,91,89,58,170,48,143,127,85,57,50,169,120,83,51,143,136,116,90,61,60,51,137,190,113,89,186,145,191,133,119,97,80,58,177,127,103,89,124,88,65,178,86,59,175,124,69,62,59,162,160,61,179,175,87,186,136,124,90,124,94,181,95,187,179
49,48,43,78,87,96,124,155,46,50,67,89,106,50,57,96,137,65,130,100,116,48,32,45,58,113,31,49,149,41,117,132,37,51,78,45,30,83,120,34,76,76,136,39,56,70,36,67,76,33,62,69,94,113,60,95,122,50,46,45,127,19,19,30,48,76,17,29,46,93,47,42,51,66,118,140,33,98,101,104,12,81,136,141,47,40,11,14,63,66,103,116,30,26,64,82,140,68,19,51,110,138,25,35,30,61,80,126,9,37,62,45,56,60,64,115,32,7,15,93,101,129,19,22,51,73,89,139,0,7,42,66,124,138,141,30,10,47,49,139,84,46,37,31,15,29,62,124,19,49,22,57,63,69,25,84,35,20,51,38,30,9,10,43,78,26,45,103,137,138,17,114,139,21,115,17,13,58,93,103,106,115,50,44,60,34,76,93,133,51,23,20,22,48,85,114,135,53,94,113,36,35,29,22,19,18,19,60,61,140,49,35,48,81,39,28,46,64,74,50,43,27,84,85,105,113,116,139,32,53,108,25,35,37,125,24,47,69,79,80,63,70,112,50,66,141,101,139,141,43,152,36,35,42,120,125,153,35,30,30,80,88,100,127,146,55,36,34,59,104,137,40,63,100,112,147,37,148,35,47,101,108,59,71,138,37,36,80,97,144,136,147,57,115,117,42,67,73,84,113,40,98,45,44,43,52,74,120,136,48,52,122,45,46,67,71,88,140,90,65,93,114,76,78,115,53,143,48,53,85,120,137,54,57,88,136,50,52,61,82,116,118,151,52,67,65,86,66,53,70,57,63,80,97,133,62,60,76,89,63,91,122,64,95,138,64,65,118,132,152,60,60,140,67,66,99,72,65,70,97,71,94,71,95,74,70
54,53,47,72,81,89,117,148,50,46,62,83,99,56,52,90,131,59,123,93,109,53,36,40,52,106,29,43,142,46,111,125,32,45,71,51,34,77,113,39,70,69,129,45,50,63,31,60,70,38,55,63,88,106,54,88,115,56,53,52,121,23,18,25,42,69,18,24,40,86,53,36,44,59,111,133,39,91,94,97,15,74,129,134,54,46,14,11,56,59,96,109,36,20,57,75,133,61,13,44,103,131,32,28,23,54,73,119,16,30,55,52,49,53,57,108,39,13,9,86,94,122,26,15,44,66,82,132,7,0,35,59,117,131,134,37,17,40,42,132,77,53,44,38,21,22,55,117,12,42,29,50,56,62,32,77,42,26,44,45,37,12,9,36,71,33,38,97,130,131,13,107,132,16,108,22,14,52,86,96,99,108,57,51,53,40,70,86,126,57,28,17,18,41,78,107,128,46,87,106,42,41,35,27,22,21,18,53,54,133,55,41,42,74,45,34,39,58,67,56,50,23,77,78,98,106,109,132,37,47,101,23,30,32,118,26,41,63,72,73,57,63,105,56,60,135,94,132,134,49,145,41,40,38,113,119,146,39,31,31,73,82,93,120,139,61,40,37,53,97,130,36,57,94,105,140,41,141,34,43,94,102,54,65,131,39,38,73,90,137,129,140,52,109,111,40,61,67,78,106,40,91,49,47,46,48,69,114,130,45,48,116,47,44,62,65,82,133,84,70,87,108,71,72,108,56,136,48,50,79,114,130,57,54,82,130,50,50,57,77,110,112,144,51,72,61,80,70,53,74,55,60,75,92,126,66,58,72,84,60,86,115,67,89,132,67,62,112,126,145,62,61,134,70,69,94,75,63,67,92,68,89,74,90,78,73
82,81,73,46,52,60,85,114,78,38,39,53,68,86,34,59,97,35,90,61,77,85,62,31,31,73,42,29,108,77,77,91,32,27,41,83,63,45,79,70,39,38,95,77,25,33,26,30,38,70,26,32,54,72,25,55,81,90,86,85,86,52,39,25,18,37,44,25,17,52,87,16,17,27,77,98,73,57,60,63,46,40,94,99,89,81,44,36,23,25,61,74,71,21,23,40,99,27,26,11,68,96,66,11,14,20,38,84,50,7,21,87,15,18,22,73,74,48,27,51,59,87,61,20,9,31,47,97,42,35,0,24,82,96,99,72,52,5,7,97,42,88,79,73,56,14,20,82,25,9,63,16,22,28,66,43,76,61,11,80,72,44,38,9,36,67,10,62,96,97,31,72,98,28,73,55,42,20,52,61,64,73,91,85,21,74,36,52,91,91,60,34,31,16,44,73,93,19,53,72,75,74,67,58,51,49,40,23,24,99,89,73,19,42,78,65,20,28,35,89,83,33,44,45,65,72,75,97,69,23,68,40,27,26,84,52,24,33,41,42,30,34,72,89,32,100,61,98,100,80,111,70,68,31,79,85,112,67,52,51,44,51,61,86,105,92,68,63,32,65,96,37,34,62,72,106,68,107,50,35,63,70,36,40,97,61,58,46,60,103,96,107,38,77,79,47,41,44,50,75,54,62,73,70,69,42,46,82,97,46,44,84,69,51,44,45,55,101,57,100,60,77,50,51,78,81,104,61,52,56,83,98,81,50,58,98,62,58,50,55,80,82,112,59,100,52,58,97,65,102,59,55,57,67,96,90,58,56,62,57,64,87,91,66,102,89,59,84,96,114,79,78,103,93,91,71,100,66,63,70,64,69,96,70,102,95
104,103,94,38,40,44,64,92,100,49,37,38,49,108,39,42,75,33,68,42,55,107,84,45,34,52,61,40,85,100,56,69,49,35,28,106,85,29,57,92,26,25,72,101,27,23,43,22,23,93,22,21,33,50,22,34,58,114,110,109,63,75,62,46,28,20,67,45,29,30,111,31,24,16,53,75,96,34,37,40,69,18,70,75,113,105,68,59,12,11,38,50,95,43,10,18,75,9,50,18,45,72,90,33,37,8,15,60,74,29,6,111,11,7,4,49,98,72,51,27,35,63,85,44,15,7,23,73,66,59,24,0,58,72,75,96,76,19,17,73,18,112,103,97,80,37,6,58,48,18,87,11,7,7,90,19,100,84,18,103,95,68,62,26,14,91,24,38,72,73,54,48,74,50,49,78,65,16,29,38,41,50,115,109,16,97,17,30,68,115,84,56,53,26,23,50,70,23,31,49,99,98,91,81,74,72,63,20,20,75,113,97,29,23,101,88,32,21,21,113,106,53,26,26,43,50,52,74,92,28,46,61,45,44,61,74,35,24,26,26,26,25,50,112,26,77,41,75,77,103,88,93,91,45,58,63,89,89,73,72,31,34,42,64,83,115,90,85,35,45,74,53,34,43,52,83,89,85,69,47,45,50,39,35,76,81,79,36,43,81,75,85,44,57,59,63,41,39,40,56,73,46,94,91,90,53,41,62,76,59,55,65,89,67,46,44,44,80,46,122,47,60,46,46,60,102,83,78,65,48,65,78,101,61,49,78,79,73,59,50,63,65,91,74,121,59,52,118,82,123,72,63,54,56,77,110,69,57,55,67,56,70,111,58,83,109,68,69,79,94,97,95,85,112,110,62,119,78,71,63,71,63,115,64,121,113
160,159,149,68,60,52,38,46,155,97,76,55,42,165,85,48,35,74,32,42,33,164,139,96,80,34,116,90,36,157,30,28,103,85,58,163,141,52,27,149,58,57,26,158,77,62,98,65,56,150,69,62,38,25,70,37,20,171,167,166,19,132,118,102,81,53,124,101,83,37,169,86,78,62,17,22,154,31,28,26,127,46,16,20,170,162,125,117,63,60,25,14,152,100,62,44,19,58,107,74,16,16,148,90,95,63,44,6,132,87,62,169,68,64,60,10,156,130,109,31,23,6,143,102,73,51,35,15,124,117,82,58,0,14,17,154,134,77,75,15,40,170,161,155,138,95,62,4,106,75,145,67,61,55,148,41,158,142,74,161,153,125,119,82,48,148,81,23,16,17,112,16,19,108,16,136,123,68,35,26,23,16,173,167,67,155,51,35,17,173,141,113,110,81,44,19,19,76,36,21,156,155,148,138,131,129,119,69,68,23,170,154,82,49,158,145,85,66,57,170,163,109,48,47,30,25,23,25,149,79,28,117,100,98,23,130,87,64,55,54,71,64,29,169,68,30,38,30,30,159,38,149,147,97,30,29,39,145,129,127,58,51,42,30,36,172,146,140,80,40,32,105,77,43,36,37,145,39,123,97,45,40,84,71,36,136,133,64,50,39,38,41,89,41,40,115,80,73,63,43,126,53,149,145,144,101,74,42,41,108,103,43,143,117,85,80,64,44,63,177,62,49,78,76,50,155,48,128,113,72,50,48,154,106,71,49,129,122,102,77,53,53,53,123,175,100,76,171,131,176,119,106,85,69,54,163,113,90,77,110,76,58,163,75,57,161,110,62,58,60,147,145,59,164,161,76,172,122,111,79,111,83,167,84,173,164
173,172,163,80,71,63,43,40,169,110,89,66,52,178,98,59,34,87,34,53,40,178,153,109,93,42,129,103,30,170,37,29,116,99,70,177,155,64,33,163,71,70,24,172,90,76,111,78,69,164,83,75,51,34,83,49,27,185,181,180,22,146,132,115,95,66,138,115,97,50,183,100,91,76,26,16,168,44,41,38,141,59,12,12,184,176,139,130,77,74,38,25,166,114,76,58,10,72,121,88,29,8,162,104,109,77,58,13,146,101,76,183,82,78,74,23,170,144,123,45,37,9,157,116,87,65,49,1,138,131,96,72,14,0,3,168,148,91,89,1,54,184,175,169,152,109,76,15,120,89,159,81,75,69,162,54,172,156,88,175,167,139,133,96,62,162,95,36,10,10,125,27,11,122,27,150,137,82,48,38,35,27,187,181,81,169,65,48,16,187,155,127,124,94,57,30,16,90,49,31,170,169,162,152,145,143,133,83,82,18,184,168,96,62,172,159,99,80,70,184,177,123,61,60,41,34,32,21,162,93,39,131,113,111,27,144,101,77,67,66,84,77,38,183,81,26,49,27,27,173,30,163,161,111,36,33,31,159,142,140,71,63,52,34,30,186,160,154,93,50,31,118,90,54,45,32,158,34,136,110,55,49,97,84,35,149,146,76,60,36,38,37,102,48,47,128,93,85,75,50,139,63,162,158,157,114,86,48,42,121,116,48,156,130,97,93,75,43,74,190,73,56,90,88,57,169,47,141,126,83,56,49,167,119,81,50,142,135,114,88,60,59,50,136,188,112,87,185,144,190,132,118,96,79,57,176,126,101,87,123,87,64,176,84,58,174,123,68,61,58,160,158,60,177,174,86,185,134,123,88,122,93,180,93,186,177
176,175,165,82,74,65,44,39,172,113,91,69,54,181,101,61,35,90,35,55,42,181,156,112,96,44,132,106,29,173,39,30,119,102,73,180,158,67,35,166,73,73,25,175,93,78,114,81,71,167,86,78,53,37,86,52,29,188,184,183,24,149,135,118,98,69,141,118,99,53,186,103,94,79,29,16,171,46,44,41,144,62,13,12,187,179,142,133,80,77,41,28,169,117,79,61,10,75,124,91,32,9,165,107,112,80,61,16,149,104,79,186,85,81,77,26,173,147,126,48,40,12,160,119,90,68,52,2,141,134,99,75,17,3,0,171,151,94,92,2,57,187,178,172,155,112,79,17,123,92,162,84,78,72,165,57,175,159,91,178,170,142,136,99,65,165,98,39,11,10,128,30,11,125,30,153,140,85,51,41,38,30,190,184,84,172,68,51,17,190,158,130,127,97,60,32,17,93,52,34,173,172,165,155,148,146,136,86,85,18,187,171,99,65,175,162,102,82,73,187,180,126,64,63,43,37,34,21,165,96,41,134,116,114,29,147,104,80,70,69,87,80,41,186,84,26,52,27,27,176,29,166,164,114,38,35,30,162,145,143,73,65,55,35,30,189,163,157,96,52,32,121,93,56,47,32,161,33,139,113,57,51,99,86,36,152,149,79,62,36,38,37,105,50,48,131,95,88,78,52,142,66,165,161,160,116,89,50,42,124,119,49,159,133,100,95,77,44,76,193,75,58,92,91,58,172,47,144,128,86,57,50,170,121,84,51,145,137,117,91,62,60,50,139,191,114,90,188,147,193,134,121,98,81,58,179,128,104,90,125,89,65,179,86,59,177,125,69,62,58,163,161,61,180,177,88,188,137,125,91,125,95,183,96,189,180
39,39,40,105,115,124,153,184,38,74,95,118,135,36,84,125,167,93,159,129,146,32,36,70,86,142,52,75,179,29,147,162,62,78,107,28,31,112,149,27,105,105,166,24,84,99,63,96,106,23,91,98,124,143,89,125,151,26,23,23,157,30,42,57,77,106,36,57,75,122,22,71,80,96,148,170,16,128,131,134,31,111,166,170,20,14,31,40,93,96,133,145,11,55,94,112,170,98,48,81,140,168,10,64,59,91,110,156,23,67,92,16,86,90,94,145,4,24,45,123,131,159,11,52,81,103,119,169,30,37,72,96,154,168,171,0,20,77,79,169,114,16,7,3,16,59,92,154,48,79,10,87,93,99,8,114,8,14,80,11,8,30,36,72,107,11,75,133,167,168,44,143,169,48,144,22,34,88,123,133,136,144,22,18,89,14,106,123,163,23,21,45,47,76,114,144,165,82,123,143,17,17,18,24,29,31,40,89,90,170,23,18,76,110,19,21,73,93,103,25,22,51,113,114,134,142,145,168,22,81,138,45,61,63,155,35,74,98,107,108,91,98,141,28,94,171,130,168,170,27,181,29,30,67,149,155,182,31,41,42,108,117,128,156,175,34,32,34,85,132,166,62,90,129,140,176,35,177,49,71,129,137,85,98,167,42,44,107,125,173,165,176,82,144,146,60,92,100,111,141,52,125,41,43,43,74,100,148,165,68,73,151,46,62,91,96,115,168,117,47,119,142,102,103,142,46,171,59,70,110,148,165,49,77,114,164,60,65,81,107,144,145,179,65,53,86,110,53,62,55,72,82,104,123,160,54,77,99,114,81,116,149,56,120,166,57,83,145,160,179,61,62,167,59,60,124,61,78,87,121,88,118,63,118,64,64
44,44,40,87,96,105,134,165,42,58,77,99,116,44,66,106,147,75,140,110,126,41,31,53,68,123,37,57,159,35,127,142,45,60,88,38,27,93,130,29,86,86,146,33,66,80,45,77,86,27,71,79,104,123,70,105,132,41,38,37,137,19,25,39,58,86,21,38,56,103,38,52,60,76,128,150,25,108,111,114,15,91,146,151,38,30,15,22,73,76,113,126,21,36,74,92,150,78,28,61,120,148,16,45,40,71,90,136,6,47,72,35,66,70,74,125,22,6,25,103,111,139,9,32,61,83,99,149,10,17,52,76,134,148,151,20,0,57,59,149,94,36,27,21,5,39,72,134,28,59,12,67,73,79,15,94,25,11,60,28,21,12,17,53,87,17,55,113,147,148,25,123,149,29,124,12,17,68,103,113,116,125,40,35,69,24,86,103,143,41,16,27,29,57,94,124,145,62,103,123,27,26,21,17,17,18,23,69,70,150,39,26,57,91,30,21,54,73,83,40,34,34,93,94,115,123,126,148,25,62,118,29,43,45,135,24,55,78,88,89,72,79,121,41,75,151,110,148,150,35,161,30,30,50,129,135,162,30,30,31,89,97,109,136,156,46,31,30,67,113,146,46,71,109,121,156,33,157,37,54,110,118,67,80,147,35,36,88,106,153,146,156,65,125,127,46,74,81,92,122,42,106,41,40,40,58,82,129,146,53,57,132,42,49,74,78,97,149,99,57,101,123,84,86,123,48,152,49,57,93,129,146,49,62,96,145,51,54,67,90,125,127,160,55,61,71,93,60,54,63,60,68,87,105,141,57,64,83,97,67,99,130,59,103,147,59,70,127,141,160,58,58,149,62,62,107,66,68,74,105,75,101,66,102,69,66
87,86,78,44,50,57,81,110,83,40,38,50,64,91,35,55,93,34,86,58,72,90,67,34,31,69,46,31,103,82,73,87,36,28,38,88,68,42,75,75,36,35,91,83,24,31,29,28,35,75,25,29,50,68,23,51,76,95,91,90,81,57,44,30,19,33,49,29,18,48,93,19,17,24,72,94,78,52,55,58,51,35,89,94,94,86,49,41,19,22,56,69,76,25,19,36,94,22,31,9,64,91,71,15,19,16,34,79,55,12,16,92,10,14,18,68,79,53,32,46,54,82,66,25,5,26,42,92,47,40,5,19,77,91,94,77,57,0,2,92,37,93,84,78,61,18,15,77,29,4,68,11,17,23,71,37,81,65,8,84,76,49,43,9,31,72,9,57,90,91,35,67,93,32,68,59,47,16,47,56,59,68,96,90,17,78,31,47,86,96,65,38,35,15,39,68,88,16,48,67,80,79,72,62,56,54,44,20,20,94,94,78,18,37,82,70,20,24,31,94,87,36,39,40,59,67,70,92,73,21,63,44,30,28,79,56,24,29,36,37,26,30,66,93,29,95,56,93,95,84,106,74,73,32,74,80,107,71,56,54,40,46,56,81,100,97,72,67,30,60,91,39,32,57,68,101,72,102,53,36,58,65,34,37,92,64,62,42,55,98,91,102,37,72,74,49,39,41,47,70,57,57,77,74,73,43,43,77,92,47,44,79,72,53,42,43,52,96,54,104,56,73,47,48,73,85,99,63,53,52,79,94,84,51,55,93,65,60,50,52,76,77,107,61,103,52,55,100,67,105,60,55,54,63,91,93,58,54,59,58,60,82,94,63,97,93,59,80,92,109,82,81,99,96,94,68,103,67,63,67,64,66,99,67,105,98
89,88,79,43,49,55,79,108,85,41,38,49,62,93,35,54,91,34,84,56,71,91,68,35,31,68,48,32,102,84,71,85,37,29,37,90,69,40,73,77,35,34,89,84,24,29,30,27,33,77,24,28,48,66,22,49,74,97,93,92,80,59,46,31,19,31,51,31,19,46,95,20,17,23,70,92,80,51,53,56,53,34,87,92,96,88,51,43,18,20,54,67,78,27,18,34,92,21,33,9,62,89,73,17,21,14,32,77,57,13,14,94,9,12,16,66,81,55,34,44,52,80,68,27,4,24,40,90,49,42,7,17,75,89,92,79,59,2,0,90,35,95,86,80,63,20,13,75,31,4,70,9,15,21,73,36,83,67,7,86,78,51,45,11,29,74,10,55,88,89,37,65,91,34,66,61,49,14,45,54,57,66,98,92,16,80,30,45,84,98,67,40,37,16,37,66,86,16,46,65,82,81,74,64,58,56,46,19,19,92,96,80,19,35,84,72,21,22,29,96,89,38,38,39,58,65,68,90,75,21,61,46,31,30,77,58,25,28,35,35,26,29,65,95,28,93,55,91,93,86,104,76,74,33,73,78,105,73,58,56,38,45,54,79,98,99,74,69,30,58,89,40,31,55,66,99,73,100,54,37,57,63,34,36,91,66,64,41,54,97,90,100,37,70,72,50,38,40,45,69,59,56,79,75,75,43,42,75,90,48,45,78,74,54,42,43,50,94,52,106,54,71,47,47,72,86,98,64,54,51,77,92,86,52,54,92,66,61,51,52,74,76,105,62,105,52,54,102,69,107,61,55,54,62,89,95,59,54,58,59,60,81,96,62,95,94,60,79,90,107,83,82,97,98,95,67,105,68,63,66,64,65,101,66,106,99
174,173,164,81,72,64,44,41,170,112,90,67,53,179,99,60,36,88,35,54,42,179,154,110,94,43,130,104,31,171,38,31,117,100,72,178,156,66,35,164,72,72,25,173,91,77,112,79,70,165,84,76,52,36,85,51,28,186,182,181,24,147,133,117,96,68,139,116,98,51,184,101,93,77,28,17,169,45,42,39,142,60,14,13,185,177,141,132,78,75,39,27,167,116,77,59,11,73,122,89,30,9,163,105,110,78,59,15,147,102,77,184,83,79,75,25,171,145,124,46,38,11,158,117,88,66,50,2,139,132,97,73,15,1,2,169,149,92,90,0,55,185,176,170,153,110,77,15,121,90,160,82,76,70,163,55,173,157,89,176,168,140,134,97,63,163,95,37,9,9,126,28,10,122,27,150,138,83,49,39,36,28,187,181,82,170,66,49,16,188,156,128,125,95,58,30,16,90,50,31,171,170,163,153,146,144,134,84,83,17,185,169,97,63,173,160,100,80,71,185,178,124,61,60,41,34,32,20,163,93,39,132,114,112,27,145,102,77,68,67,84,78,38,184,82,25,49,26,26,174,29,163,161,112,36,33,30,160,143,141,71,63,53,33,29,186,161,155,94,50,31,119,90,54,45,31,159,32,137,111,55,49,97,84,35,150,147,76,60,35,37,36,103,48,46,129,93,86,75,50,140,63,163,159,158,114,87,48,41,122,116,48,157,131,98,93,75,42,74,191,73,56,90,88,56,169,46,142,126,83,55,48,168,119,82,49,143,135,115,89,60,59,49,136,189,112,87,185,145,191,132,119,96,79,56,176,126,102,88,123,87,63,177,84,57,175,123,67,60,57,161,159,59,178,175,86,185,135,123,88,123,93,180,93,186,178
122,121,111,43,40,40,52,77,118,63,47,37,40,126,52,36,61,43,54,35,43,125,101,60,47,41,78,55,69,118,42,54,66,50,31,124,103,28,43,110,30,29,56,119,41,31,60,32,26,111,35,29,24,35,35,24,42,132,128,127,47,93,80,63,44,22,85,63,45,20,129,48,40,27,38,58,114,21,23,25,87,15,53,58,131,123,86,77,26,23,22,34,113,61,24,12,57,20,68,35,28,55,108,51,56,24,9,43,92,48,23,129,29,25,21,32,116,90,69,10,18,45,103,62,33,12,6,55,84,77,42,18,40,54,57,114,94,37,35,55,0,130,121,115,98,55,22,40,66,35,105,27,21,16,108,5,118,102,35,121,113,85,79,43,10,108,41,21,54,55,72,30,56,68,32,96,83,29,14,21,24,32,133,127,29,115,16,15,50,133,101,73,70,41,14,32,52,37,17,32,116,115,108,98,91,89,80,31,31,57,130,114,43,18,118,106,47,29,22,130,123,70,19,19,27,33,36,56,109,41,30,78,61,59,44,91,49,29,24,23,35,30,34,129,33,60,28,58,60,120,70,109,107,59,42,47,71,106,89,88,30,28,30,48,65,132,107,101,45,33,57,67,42,32,38,66,106,68,84,60,34,37,49,40,59,97,94,36,35,65,59,68,55,44,45,77,48,43,38,43,88,38,110,106,105,65,45,49,60,72,67,51,104,80,53,50,42,64,42,138,43,48,50,49,49,117,68,91,77,48,53,64,116,72,48,64,92,86,69,52,52,53,75,87,136,67,52,133,95,138,84,73,58,52,64,125,79,61,55,77,55,59,126,56,69,123,78,59,66,79,111,109,71,127,124,59,134,88,79,61,80,63,130,64,136,128
44,44,49,121,131,140,169,200,44,89,110,134,151,38,99,141,183,109,176,145,162,34,47,86,102,158,66,91,195,35,163,178,77,94,123,30,42,128,166,36,121,121,182,30,100,115,79,112,122,32,107,115,140,159,106,141,168,22,22,23,173,44,57,73,93,122,51,73,91,138,19,87,96,112,164,186,25,144,147,150,46,127,182,187,14,16,47,56,109,112,149,162,22,71,110,128,186,114,64,97,156,184,24,81,76,107,126,172,39,83,108,7,102,106,110,161,15,40,61,139,147,175,27,68,97,119,135,185,46,53,88,112,170,184,187,16,36,93,95,185,130,0,9,15,32,75,108,170,64,95,25,103,109,115,22,130,13,28,96,11,18,45,51,88,123,23,90,149,183,184,60,159,185,64,160,36,49,103,138,148,151,160,11,12,105,20,122,139,178,13,33,59,62,92,130,160,180,97,139,159,21,22,27,36,43,45,54,104,105,186,16,23,91,126,21,31,89,108,118,18,20,66,128,129,150,158,161,184,30,96,153,59,76,78,170,47,89,113,123,124,106,113,157,23,109,186,145,184,186,28,197,35,37,81,164,170,198,39,52,54,123,132,144,171,191,28,39,43,100,148,181,76,104,144,156,191,42,192,61,85,144,152,99,113,182,51,53,122,140,188,180,191,96,159,161,72,106,114,125,156,63,140,47,49,50,87,114,163,180,80,85,166,52,73,105,110,129,183,132,42,134,157,115,117,157,49,186,68,82,124,162,180,52,89,128,179,69,75,94,121,158,160,194,75,49,98,124,50,71,51,82,94,117,137,175,55,88,112,127,92,129,163,57,133,180,59,94,159,174,194,66,67,182,59,62,137,60,88,98,135,99,131,63,131,63,65
41,42,44,113,122,132,160,191,41,81,102,125,142,37,91,132,174,100,167,136,153,33,41,77,93,150,59,82,186,32,154,169,69,85,114,29,36,120,157,31,113,112,173,26,92,106,71,103,113,27,98,106,131,150,97,132,159,24,23,22,164,37,49,65,85,113,43,64,82,130,20,78,87,103,155,177,20,135,138,141,38,118,173,178,17,14,39,47,100,103,140,153,16,62,101,119,177,105,55,88,147,175,16,72,67,98,117,163,30,74,99,11,93,97,101,152,8,32,52,130,138,166,19,59,88,110,126,176,37,44,79,103,161,175,178,7,27,84,86,176,121,9,0,6,23,66,99,161,55,86,16,94,100,106,14,121,6,20,87,6,10,36,42,79,114,15,81,140,174,175,51,150,176,55,151,28,40,95,129,139,142,151,16,12,96,14,113,130,169,17,25,51,54,83,121,151,171,88,130,150,16,17,21,28,34,36,46,95,96,177,18,18,83,117,17,24,80,99,109,20,18,57,119,120,141,149,152,175,24,87,144,50,67,69,161,39,80,104,114,115,98,104,148,24,101,177,136,175,177,25,188,30,31,73,155,161,189,33,45,47,114,123,135,162,182,29,33,37,91,139,172,68,96,135,147,182,36,183,53,77,136,143,91,104,173,45,47,113,131,179,171,182,87,150,152,64,98,105,117,147,56,131,42,44,44,79,106,155,171,72,78,157,47,66,97,101,121,175,123,43,125,148,107,109,148,46,178,62,74,116,154,171,48,81,119,170,63,69,86,112,150,151,185,69,49,90,116,50,65,51,75,87,109,129,166,53,81,104,119,85,121,154,55,125,172,56,87,150,165,185,62,63,173,58,59,129,59,81,91,127,92,123,61,123,62,63
42,42,43,108,117,126,155,186,41,77,97,120,137,38,86,127,168,95,161,131,147,35,39,72,88,144,54,77,180,32,148,163,64,80,109,31,34,114,151,30,107,107,167,27,86,101,65,98,107,26,92,100,126,144,91,126,153,27,25,25,159,33,44,59,79,107,38,59,77,124,24,73,81,97,149,171,19,129,132,135,33,112,167,172,21,17,34,42,94,97,134,147,14,57,95,113,172,99,49,82,142,169,13,66,61,93,111,157,25,69,93,16,87,91,95,146,7,26,47,124,132,160,13,53,82,104,120,170,31,38,73,97,155,169,172,3,21,78,80,170,115,15,6,0,17,60,93,155,49,80,10,88,94,100,8,115,5,14,81,8,5,30,36,73,108,9,75,134,168,169,45,144,170,49,145,22,34,88,123,133,136,145,20,15,90,11,107,123,163,21,19,45,48,77,115,144,165,82,124,144,14,14,16,23,29,30,40,89,90,171,21,15,76,111,16,19,74,93,103,22,18,51,113,114,135,143,146,169,20,81,138,44,61,63,155,34,74,98,108,109,91,98,142,25,95,171,130,169,171,24,182,27,27,67,149,155,183,29,40,41,108,117,129,156,176,30,30,32,85,133,166,62,89,129,141,176,32,177,48,71,130,137,85,98,167,40,42,107,125,173,165,176,81,144,146,59,92,99,111,141,51,125,39,40,41,73,100,149,165,67,72,151,43,60,91,95,115,169,117,44,119,142,101,103,142,44,171,57,69,110,148,165,46,76,113,164,58,64,80,106,144,145,179,64,49,85,110,50,60,52,70,81,103,123,160,51,76,98,113,79,115,148,53,119,166,54,81,144,159,179,59,59,167,56,57,123,58,77,86,121,87,117,60,117,61,61
45,45,42,92,101,110,139,169,43,63,81,104,120,44,71,111,152,80,145,114,131,41,34,58,72,128,42,62,163,36,132,147,50,65,92,38,30,98,134,30,91,90,151,32,70,84,50,81,91,27,76,84,109,127,75,110,136,39,36,35,142,23,30,44,63,91,26,43,61,107,36,57,65,81,133,154,24,113,116,119,20,95,150,155,35,28,20,27,77,80,117,130,20,40,78,96,155,82,33,65,125,152,15,49,44,76,95,140,11,52,77,32,70,74,78,129,19,11,30,107,115,143,8,36,65,87,103,153,15,21,56,80,138,152,155,16,5,61,63,153,98,32,23,17,0,43,76,138,32,63,7,71,77,83,10,98,20,6,64,24,16,14,20,56,91,12,58,117,151,152,28,127,153,32,128,9,18,72,106,116,119,128,35,30,73,19,90,107,146,36,12,29,31,60,98,128,148,65,107,127,22,21,17,14,16,17,24,72,73,154,34,21,60,94,25,17,57,77,86,35,29,35,97,97,118,126,129,152,20,65,121,30,45,47,138,22,58,81,91,92,75,82,125,36,78,155,113,152,154,31,165,26,26,51,132,138,166,26,29,30,92,100,112,139,159,41,27,27,69,116,149,47,74,113,124,159,29,161,36,56,113,121,69,82,150,33,34,91,109,156,149,159,66,128,130,46,76,84,95,125,41,109,37,37,37,59,85,132,149,54,58,134,39,49,76,80,99,152,101,53,103,126,86,88,126,44,155,48,57,95,132,149,46,63,98,148,50,53,67,91,128,129,163,54,56,72,95,55,52,58,59,69,88,107,144,53,64,84,98,67,100,133,55,104,150,55,70,129,144,163,55,55,151,58,58,108,62,67,74,106,75,103,62,103,65,62
73,72,65,57,65,72,98,128,69,41,49,66,81,76,42,72,111,46,103,75,90,74,53,34,40,87,37,34,122,67,91,105,31,34,54,72,53,58,93,60,52,51,109,67,35,46,26,43,51,60,38,45,68,86,37,68,94,78,75,74,100,42,31,23,27,50,35,22,25,65,76,22,28,40,90,112,61,71,73,76,35,53,107,112,76,69,34,26,36,39,75,87,59,15,37,54,112,40,17,24,82,110,54,12,10,34,52,98,38,12,34,74,28,32,36,86,61,36,16,64,72,100,48,9,23,44,60,110,29,22,14,37,95,109,112,59,39,18,20,110,55,75,66,60,43,0,33,95,11,20,50,28,34,40,53,55,63,47,21,66,58,30,25,14,48,53,16,74,108,109,17,84,110,14,85,41,28,29,64,74,77,85,78,72,31,60,47,64,104,78,47,21,18,20,55,85,106,25,64,84,62,61,54,44,38,36,27,31,32,111,76,60,21,52,64,52,20,36,45,76,69,21,55,56,76,84,87,109,55,26,79,28,19,19,96,39,23,41,50,51,36,42,83,75,39,112,72,109,111,66,122,57,55,25,91,96,124,54,40,38,52,60,71,98,117,79,55,50,34,75,107,28,38,72,83,117,54,119,38,30,72,80,36,45,109,48,46,53,69,115,107,118,37,87,89,37,43,48,57,85,43,70,61,57,57,37,50,92,108,38,38,94,57,41,45,47,62,111,64,86,66,86,53,54,87,68,114,50,45,60,92,108,68,45,63,108,52,49,46,58,89,91,122,50,87,49,62,84,55,88,51,50,58,72,105,77,51,56,65,52,67,95,79,71,111,77,54,92,105,123,68,67,112,81,79,75,87,59,58,74,59,72,84,73,89,83
102,101,92,42,45,49,70,98,98,50,40,44,54,106,41,47,81,36,73,48,61,105,81,45,36,58,60,40,90,97,61,74,48,36,33,103,83,34,63,90,31,30,77,98,29,27,42,26,28,91,25,25,39,55,25,39,63,110,107,106,68,72,59,44,28,25,65,43,28,36,108,30,24,20,59,80,93,40,42,45,66,24,75,80,109,101,65,56,15,15,43,55,91,40,14,24,79,14,47,17,49,77,87,30,34,10,21,65,71,27,9,107,10,8,8,54,94,68,48,32,40,67,81,40,13,13,27,77,62,55,20,6,62,76,79,92,72,15,13,77,22,108,99,93,76,33,0,62,44,13,83,5,2,7,86,22,96,80,13,99,91,63,57,21,16,86,19,41,75,76,49,51,77,46,53,74,61,10,31,41,44,53,110,104,11,93,17,32,71,111,79,51,49,21,24,52,73,18,33,52,94,93,86,76,69,67,58,15,15,78,108,92,23,23,96,84,26,16,18,108,101,48,25,26,44,52,55,77,87,23,48,56,40,38,64,69,30,20,24,24,21,21,51,107,22,80,42,77,79,98,90,88,86,40,60,65,91,84,68,66,29,33,42,66,85,110,85,80,30,46,76,47,29,43,53,86,84,87,64,42,45,51,34,31,77,76,73,33,43,83,76,87,39,58,60,58,36,35,37,56,67,45,89,85,85,48,37,63,77,54,50,65,84,61,41,39,42,81,43,116,45,59,42,42,60,96,85,72,59,45,65,79,95,55,46,79,73,67,53,46,63,64,92,69,115,53,48,112,76,117,67,58,50,53,77,104,63,52,52,62,53,69,105,55,83,103,63,68,79,95,91,90,85,107,104,59,114,72,65,59,66,60,110,61,115,108
161,160,150,70,62,55,42,49,156,99,78,57,46,165,87,51,39,76,36,45,37,165,140,97,81,37,117,91,40,157,34,32,104,87,60,164,142,54,31,150,60,59,30,158,78,64,98,66,57,151,71,63,41,28,71,39,24,172,168,167,23,133,119,102,82,55,125,102,84,39,169,87,79,63,21,25,154,33,31,28,127,47,19,23,171,163,126,117,64,61,27,17,153,101,63,45,21,58,108,75,18,18,148,91,96,64,45,10,132,87,63,169,68,64,61,12,156,130,109,32,24,9,143,102,73,51,35,16,124,117,82,58,4,15,17,154,134,77,75,15,40,170,161,155,138,95,62,0,106,75,145,67,61,55,148,40,158,142,74,161,153,125,119,82,47,148,80,22,14,15,111,13,17,107,13,135,122,68,33,24,21,13,172,166,67,154,50,34,14,172,141,113,110,80,43,16,16,75,35,18,156,155,148,138,131,129,119,68,67,21,170,154,81,47,158,145,85,65,55,170,163,108,46,45,27,21,20,21,148,78,25,117,99,97,19,130,86,62,53,52,69,63,26,168,67,27,35,26,27,159,35,148,146,96,26,25,36,144,128,126,56,49,39,26,32,171,146,140,79,37,28,104,75,40,33,34,144,35,122,96,42,37,82,69,32,135,132,62,47,35,34,38,88,37,36,114,78,71,61,39,124,50,148,144,143,99,72,39,37,107,101,39,141,116,83,78,61,40,60,176,59,45,76,74,46,154,44,127,111,70,46,44,153,104,68,45,128,120,100,75,50,49,49,121,174,98,74,170,130,175,117,104,82,66,50,161,111,87,74,108,74,54,162,72,53,159,108,58,54,56,146,144,55,163,160,73,170,120,109,76,108,80,165,81,171,163
65,64,57,66,74,82,109,139,62,45,57,75,91,67,48,82,121,54,114,85,101,65,46,38,47,97,35,40,132,58,102,116,33,41,64,63,45,68,104,51,62,61,120,57,43,56,29,52,61,50,48,55,78,97,46,79,105,68,65,64,111,34,25,24,35,61,28,23,33,76,65,30,37,51,101,123,51,81,84,87,26,64,118,123,66,58,25,19,47,50,86,98,48,16,47,65,123,51,13,35,93,121,44,20,16,44,63,109,28,21,45,64,39,43,47,97,51,25,9,75,83,111,38,8,34,55,71,121,19,12,25,48,106,120,123,48,28,29,31,121,66,64,55,49,32,11,44,106,0,31,39,39,45,51,42,66,52,36,32,55,47,19,14,24,59,42,26,85,119,120,8,95,121,7,96,30,18,40,74,84,87,96,67,61,41,49,58,75,114,67,36,13,11,29,66,96,117,34,75,95,51,50,43,34,27,26,18,41,42,122,65,49,30,63,53,41,27,46,55,65,58,16,65,66,86,94,97,120,44,34,90,20,20,21,107,29,29,51,60,61,45,51,93,65,48,123,82,120,122,56,133,47,45,27,101,107,134,44,31,30,61,70,81,108,127,68,45,40,41,85,118,28,45,82,93,128,45,129,31,33,82,90,42,53,119,40,38,61,78,125,117,128,41,97,99,34,50,56,66,94,37,79,52,49,48,39,57,102,118,37,39,104,48,38,50,54,70,121,72,76,75,96,59,61,96,59,124,45,43,67,102,118,59,46,70,118,47,45,48,65,98,100,132,46,77,51,69,75,50,79,49,51,64,80,114,69,50,61,72,52,74,103,70,78,120,69,54,100,114,133,61,60,122,72,71,82,79,57,59,81,60,78,76,79,81,75
91,90,81,47,52,58,81,110,87,45,42,52,65,94,39,57,93,38,85,58,73,93,70,38,35,69,50,35,103,86,73,87,40,33,40,91,71,43,75,78,38,37,90,86,28,33,34,30,36,78,28,31,50,67,26,51,75,98,94,93,81,61,48,34,23,34,53,33,23,47,95,23,21,26,71,92,81,52,55,58,54,35,88,93,96,88,52,44,21,23,55,68,78,29,21,35,92,23,35,13,62,90,74,19,23,16,33,78,58,16,16,94,11,14,17,67,81,56,35,45,53,80,68,28,7,25,40,90,49,42,9,18,75,89,92,79,59,4,4,90,35,95,86,80,63,20,13,75,31,0,70,8,14,20,73,35,83,67,3,86,78,50,44,8,28,73,7,54,88,89,36,64,90,33,65,61,48,11,44,54,57,65,97,91,13,80,28,44,84,98,66,39,36,12,36,65,86,12,45,64,81,80,73,63,57,55,45,15,16,91,95,79,15,33,83,71,17,19,27,95,88,36,36,37,56,64,67,89,74,17,59,44,28,27,76,56,21,25,32,33,22,26,63,94,24,92,53,90,92,85,103,75,73,30,71,77,104,72,56,54,35,42,52,78,97,98,73,67,26,56,88,37,27,53,64,98,72,99,52,33,54,61,30,33,89,64,61,38,51,95,88,98,34,68,70,47,34,36,42,66,56,53,77,73,73,40,38,73,89,45,42,76,72,51,38,39,47,92,49,104,51,69,43,43,69,84,96,62,51,48,75,90,84,48,50,90,63,58,47,48,72,73,103,59,103,48,51,100,66,105,58,52,50,59,87,93,55,50,54,55,56,78,94,59,93,92,56,76,88,105,81,79,95,95,93,63,102,64,59,63,60,62,99,63,104,97
45,45,44,99,108,118,146,177,43,70,89,111,128,43,78,118,159,87,152,122,138,39,37,65,80,135,48,69,171,35,139,154,57,72,100,36,33,105,142,31,98,98,158,31,78,92,57,89,98,27,83,91,116,135,82,117,143,35,33,32,149,28,37,51,70,98,32,51,68,114,32,64,72,88,140,162,22,120,123,126,26,103,157,162,30,24,26,34,85,88,124,137,17,48,86,103,162,89,40,72,132,160,13,57,51,83,102,147,17,59,84,26,78,82,86,136,14,17,37,114,122,150,8,44,72,94,110,160,22,29,63,87,145,159,162,10,12,68,70,160,105,25,16,10,7,50,83,145,39,70,0,78,84,90,3,105,13,4,71,16,9,20,26,63,98,5,65,124,158,159,34,134,160,38,135,12,24,78,113,123,126,135,28,22,79,13,96,113,153,29,11,34,37,67,104,134,155,72,114,133,16,15,12,14,19,21,30,79,80,160,27,15,66,101,18,14,64,83,93,28,23,41,103,104,125,133,136,159,16,71,128,34,51,53,145,25,64,88,98,99,81,88,131,30,84,161,120,158,160,25,171,23,23,57,139,145,173,24,31,33,98,107,118,146,166,35,25,26,75,123,156,52,79,119,131,166,27,167,39,61,119,127,75,88,157,33,34,97,115,163,155,166,72,134,136,50,82,89,101,131,43,115,35,36,36,64,90,138,155,58,62,141,38,52,81,85,105,158,107,47,109,132,91,93,132,41,161,49,60,100,138,155,43,67,103,154,51,56,71,97,133,135,169,56,51,76,100,50,53,53,62,72,93,113,150,50,67,89,103,71,106,138,52,110,156,52,73,134,149,169,54,54,157,55,55,113,58,69,77,111,79,107,59,108,61,59
98,97,89,45,49,54,75,103,94,49,42,48,59,102,41,52,86,38,79,53,66,101,78,43,37,63,57,39,96,93,66,80,46,36,37,99,79,39,68,86,34,34,83,94,30,30,40,29,32,86,27,28,44,60,26,44,68,106,102,101,73,68,55,41,27,29,61,40,27,41,103,28,24,23,64,85,89,45,48,51,62,29,80,85,104,97,60,52,18,19,48,60,86,37,17,29,85,18,42,16,55,82,82,26,30,13,26,70,66,23,12,102,10,10,12,59,89,64,43,37,45,73,76,36,10,18,33,82,57,50,16,11,67,81,84,87,67,11,9,82,27,103,94,88,71,28,5,67,39,8,78,0,6,12,81,27,91,75,7,94,86,58,52,15,20,81,14,46,80,81,44,56,82,40,57,68,55,7,36,46,49,57,105,99,8,87,20,36,76,105,74,46,43,16,28,57,78,13,37,56,89,88,81,71,64,62,52,12,12,83,103,87,18,26,91,78,21,15,20,103,96,43,28,29,48,56,59,81,82,18,52,51,34,33,68,64,25,20,25,26,19,21,55,102,20,84,45,82,84,93,95,82,80,35,63,69,96,79,63,61,29,35,45,70,89,105,80,74,26,49,80,42,26,46,56,90,79,91,58,37,47,54,30,29,81,71,68,33,45,87,80,90,35,61,63,53,33,33,37,59,62,47,84,80,79,43,35,66,81,49,45,68,78,56,37,37,42,85,44,111,46,62,40,40,62,91,88,67,55,44,68,82,90,51,46,82,68,62,49,45,65,67,96,64,110,49,47,107,71,112,62,54,48,54,80,99,59,49,51,57,52,71,100,54,86,98,59,69,81,98,86,85,88,102,99,59,109,68,61,59,62,58,105,59,110,103
104,103,94,44,46,51,70,97,100,52,42,45,55,108,43,48,81,38,74,49,61,106,83,47,38,58,62,42,90,99,61,74,50,39,34,105,84,36,63,91,32,31,77,99,31,29,44,28,30,92,27,27,40,55,27,40,63,112,108,107,68,74,61,46,30,26,66,45,30,36,109,33,27,22,58,79,94,40,43,45,67,25,74,79,110,102,66,58,17,17,43,55,92,42,16,24,79,16,48,19,49,76,88,32,36,12,21,64,72,28,11,108,12,10,10,53,95,70,49,31,39,67,82,42,14,13,27,76,63,56,22,7,61,75,78,93,73,17,15,76,21,109,100,94,77,34,2,61,45,14,84,6,0,6,87,21,97,81,13,100,92,64,58,21,14,87,19,40,74,75,50,50,76,46,51,74,61,9,30,40,43,51,111,105,9,93,15,30,70,111,80,52,49,21,22,51,72,17,31,50,95,94,87,77,70,68,58,13,13,77,109,93,23,21,97,84,26,14,16,109,102,48,23,24,43,50,53,76,87,22,46,57,40,38,62,69,29,18,22,22,20,19,50,108,20,79,40,76,78,98,89,88,86,39,58,63,90,84,68,66,26,31,40,65,84,111,86,80,28,44,74,47,28,41,51,84,84,85,64,41,43,49,33,29,76,76,73,31,40,82,75,85,38,56,58,57,34,33,35,54,67,43,89,85,85,47,35,61,76,53,49,63,84,61,39,38,40,79,41,117,43,57,40,40,58,96,83,72,59,43,63,77,95,54,44,77,73,67,52,44,61,62,90,68,116,52,46,112,75,117,66,57,48,51,75,104,62,50,49,60,51,67,105,53,81,103,62,66,76,93,91,89,83,107,104,57,114,71,64,57,64,57,110,58,115,108
109,108,99,44,45,48,66,92,105,55,44,43,51,113,46,45,75,40,69,45,57,112,89,51,41,54,67,46,85,105,56,69,55,42,33,111,90,34,58,97,31,30,72,105,34,29,49,29,28,98,29,27,35,50,29,35,57,118,114,113,62,80,66,51,34,25,72,51,35,32,115,37,30,23,53,73,100,35,37,40,73,21,68,73,116,108,72,63,18,17,37,49,98,48,17,20,73,15,54,24,43,70,94,37,42,14,16,58,78,34,13,114,16,13,11,47,101,76,55,26,33,61,88,48,20,9,21,70,69,62,28,7,55,69,72,99,79,23,21,70,16,115,106,100,83,40,7,55,51,20,90,12,6,0,93,15,103,87,19,106,98,70,64,27,9,93,25,34,68,69,56,44,70,52,45,80,67,14,24,34,37,46,117,111,14,99,11,25,64,117,86,58,55,26,17,45,66,22,25,44,101,100,93,83,76,74,64,17,16,71,115,99,28,16,103,90,31,16,14,115,108,54,19,20,37,45,47,70,93,26,40,62,45,43,57,75,34,18,19,19,22,19,44,114,22,73,35,70,72,104,83,94,92,44,52,58,84,90,74,72,25,28,35,59,78,117,91,86,31,39,69,52,30,37,46,78,90,80,69,46,38,44,36,30,70,82,79,30,37,76,69,79,41,51,53,62,36,34,33,50,72,39,95,91,90,51,36,56,70,58,53,58,89,65,41,39,38,74,39,122,41,53,41,40,54,102,78,77,63,42,59,72,101,58,43,72,78,71,56,44,57,58,85,73,121,55,46,118,80,123,70,60,49,49,71,110,66,52,49,64,50,63,110,51,76,108,65,62,72,88,96,94,79,112,109,56,119,75,67,56,67,57,115,58,120,113
46,45,45,102,111,121,149,180,44,73,92,114,131,43,81,121,162,90,155,125,141,39,39,68,83,138,51,73,174,36,142,157,60,75,103,35,34,108,145,32,101,101,161,31,81,95,60,92,101,28,87,94,119,138,85,120,147,34,32,31,152,30,40,54,73,101,35,54,71,117,30,67,76,91,143,165,23,123,126,129,29,106,160,165,28,23,29,37,88,91,127,140,17,51,89,106,165,92,44,76,135,163,14,60,55,86,105,151,20,62,87,24,81,85,89,139,13,21,40,117,125,153,10,47,76,97,113,163,25,32,66,90,148,162,165,8,15,71,73,163,108,22,14,8,10,53,86,148,42,73,3,81,87,93,0,108,10,6,74,13,5,23,29,66,101,3,68,127,161,162,37,137,163,41,138,14,27,81,116,126,129,138,25,19,82,10,99,116,156,26,12,37,40,70,107,137,158,75,116,136,13,13,11,16,21,23,32,82,83,163,24,13,69,104,16,14,66,86,96,25,20,43,106,107,128,136,139,162,15,74,131,37,53,55,148,26,66,91,100,101,84,91,134,27,87,164,123,161,163,23,174,22,22,59,142,148,175,24,33,34,101,109,121,149,169,32,25,26,78,125,159,54,82,122,133,169,27,170,40,63,122,130,77,90,159,34,35,99,118,166,158,169,74,137,139,51,84,92,103,134,44,118,34,35,35,66,92,141,158,59,64,143,38,53,83,88,107,161,109,44,112,134,94,95,135,40,164,50,62,103,140,157,42,68,106,157,52,57,73,99,136,138,171,57,49,77,102,48,54,51,63,74,95,115,152,48,69,91,106,72,108,141,50,112,158,51,74,137,152,172,54,54,160,53,54,115,56,70,78,113,80,109,57,110,59,58
123,123,113,48,45,45,56,80,119,67,51,42,45,128,56,41,64,47,57,40,47,127,103,63,50,45,80,58,72,119,46,57,68,53,36,125,104,33,47,112,34,33,59,120,45,35,62,36,31,113,38,33,29,39,38,28,45,133,129,128,49,94,81,65,46,27,86,65,48,25,130,51,43,30,40,60,115,26,27,29,88,19,54,59,131,123,87,78,28,26,25,36,113,62,27,17,59,23,69,37,30,56,109,52,57,26,14,44,93,49,25,129,30,26,23,33,116,91,70,13,20,46,103,63,34,14,9,56,84,77,43,19,41,54,57,114,94,37,36,55,5,130,121,115,98,55,22,40,66,35,105,27,21,15,108,0,118,102,34,121,113,85,79,42,7,108,40,19,53,54,71,29,55,67,30,95,82,28,10,19,22,31,132,126,27,114,12,11,49,132,100,73,70,40,9,30,51,35,13,30,116,115,108,98,91,89,79,29,28,56,130,114,42,13,118,105,45,26,18,130,123,68,14,14,24,30,33,55,108,39,27,77,59,57,42,90,47,25,19,19,32,26,31,128,30,58,24,56,58,119,68,108,106,57,39,44,70,105,88,86,25,23,25,45,63,131,106,100,42,28,55,65,39,27,34,64,104,65,83,58,29,33,46,36,56,96,93,32,30,62,56,65,51,40,41,75,44,39,34,39,86,33,108,105,104,62,40,45,57,69,64,47,103,78,49,46,37,61,37,136,38,43,45,44,44,115,65,89,74,43,49,60,114,68,43,60,90,83,65,47,48,49,72,84,135,64,48,131,92,136,81,69,53,47,60,123,76,57,50,74,50,55,124,51,65,121,74,54,62,76,108,107,67,125,122,54,132,85,76,56,76,58,127,59,133,125
46,46,48,112,121,130,159,190,46,82,101,124,141,42,90,131,172,99,165,135,151,38,44,77,92,148,59,82,184,36,152,167,69,85,113,34,39,118,155,35,111,111,171,31,90,105,70,102,111,30,96,104,129,148,95,130,157,30,28,28,162,37,49,64,83,111,43,63,81,127,26,77,85,101,153,175,24,133,136,139,38,116,170,175,22,19,38,46,98,101,137,150,19,61,99,116,175,102,53,86,145,173,18,70,65,96,115,161,29,72,97,16,91,95,99,149,11,30,50,127,135,163,18,57,86,107,123,173,35,42,76,100,158,172,175,8,25,81,83,173,118,13,6,5,20,63,96,158,52,83,13,91,97,103,10,118,0,16,84,3,5,33,39,76,111,10,78,137,171,172,47,147,173,51,148,24,36,91,126,136,139,148,15,10,92,8,109,126,166,16,20,47,50,79,117,147,168,84,126,146,10,11,15,23,30,32,41,92,93,173,16,12,79,114,12,18,76,96,106,17,14,53,116,117,138,146,149,171,18,83,141,46,63,65,158,34,76,100,110,111,94,100,144,20,97,174,132,171,173,20,184,24,25,68,151,157,185,27,40,41,110,119,131,159,178,25,27,31,87,135,169,63,91,131,143,179,30,180,48,72,132,139,86,100,169,39,41,109,127,175,168,178,83,146,148,59,93,101,112,143,50,127,36,38,39,74,102,151,167,67,72,153,41,60,92,97,116,171,119,39,121,144,102,104,144,40,173,56,69,111,149,167,43,76,115,166,57,63,81,108,145,147,181,63,45,85,111,45,59,47,69,81,104,124,162,47,75,99,114,79,116,150,49,120,167,51,81,146,161,181,56,57,169,52,54,124,54,76,85,122,87,118,56,118,57,57
48,48,46,98,106,116,144,174,46,69,87,109,126,46,77,116,157,85,149,120,136,42,38,64,78,133,48,68,168,38,137,151,55,70,97,39,34,103,139,33,96,96,155,34,76,90,56,86,96,30,81,89,114,132,80,114,141,39,36,35,147,28,36,49,68,96,31,49,66,112,35,62,70,85,137,159,25,117,120,123,26,100,154,159,34,28,25,32,82,85,121,134,21,46,83,101,159,87,38,70,129,157,16,54,49,80,99,145,16,57,81,30,75,79,83,134,18,16,35,112,120,147,10,41,70,92,107,157,20,26,61,84,142,156,159,14,11,65,67,157,102,28,20,14,6,47,80,142,36,67,4,75,81,87,6,102,16,0,68,19,11,17,23,60,95,6,62,121,155,156,31,131,157,35,132,9,21,75,110,120,123,132,31,25,76,14,93,110,150,31,8,31,34,64,101,131,152,69,110,130,16,16,11,11,16,17,26,76,77,157,29,16,63,98,19,12,60,80,90,30,24,37,100,101,122,130,133,156,15,67,125,31,47,49,142,21,60,85,94,95,78,85,128,31,81,158,117,155,157,25,168,21,21,53,136,142,169,22,28,29,95,103,115,143,162,35,23,24,72,119,153,48,76,116,127,163,25,164,35,57,116,124,71,84,153,30,31,93,112,159,152,163,68,130,132,46,78,86,97,128,39,112,33,33,33,60,87,135,152,54,59,137,36,48,77,82,101,155,103,47,106,128,88,89,129,39,158,46,57,97,134,151,41,63,100,151,48,52,68,93,130,132,165,52,51,72,97,50,50,53,58,69,90,109,146,48,64,85,100,67,102,135,50,106,152,51,69,131,146,166,51,52,154,53,53,110,57,65,74,108,75,104,57,104,60,58
93,92,84,49,54,60,82,110,89,48,45,54,66,97,42,58,93,41,86,60,73,95,73,42,38,70,53,39,103,88,73,87,43,36,42,93,73,45,75,80,40,39,90,88,31,35,37,33,38,80,30,33,51,68,29,51,75,100,96,95,81,63,50,37,26,35,55,36,26,48,97,26,24,28,71,92,82,52,55,58,56,36,87,92,98,90,54,46,22,24,55,68,80,32,22,36,92,24,37,16,62,89,76,22,25,18,33,77,59,18,18,96,13,16,18,66,83,57,37,44,52,80,70,30,10,25,40,89,51,44,11,18,74,88,91,80,60,8,7,89,35,96,87,81,64,21,13,74,32,3,71,7,13,19,74,34,84,68,0,87,79,51,45,8,27,74,6,53,87,88,37,63,89,33,64,61,48,9,42,52,55,64,98,92,10,80,26,43,82,98,66,39,36,9,34,64,84,9,43,63,82,81,74,64,57,55,45,12,13,90,96,80,13,31,84,71,15,16,24,96,89,35,34,35,55,62,65,88,74,14,58,44,27,26,75,56,19,22,30,31,19,23,61,95,21,91,51,88,90,85,101,75,73,28,69,75,102,71,56,54,33,40,50,76,96,98,73,67,23,54,86,35,24,51,62,96,72,97,51,31,52,59,27,30,87,64,61,35,49,93,86,96,31,66,68,46,31,33,39,64,55,50,76,73,72,38,35,71,87,43,39,73,71,49,35,36,44,90,46,104,48,66,40,40,67,84,94,60,49,45,72,88,83,46,47,87,62,56,45,45,69,71,101,57,103,45,48,100,64,105,56,49,47,55,85,92,53,47,51,52,53,75,93,55,90,91,54,73,85,103,80,78,92,95,92,60,102,62,57,60,58,59,98,59,103,96
47,48,50,115,124,134,162,193,47,85,104,127,144,43,93,134,175,103,168,138,154,39,46,80,95,151,62,85,187,38,155,170,72,88,116,35,41,121,158,37,114,114,174,32,94,108,73,105,114,32,100,107,132,151,98,133,160,29,28,28,165,40,52,67,86,114,46,66,84,131,26,80,89,104,156,178,25,136,139,142,41,119,173,178,22,20,41,49,101,104,140,153,21,64,102,120,178,106,57,89,148,176,21,73,68,99,118,164,32,75,100,15,94,98,102,153,13,33,53,131,139,166,21,60,89,111,126,176,38,45,80,103,161,175,178,11,28,84,86,176,121,11,6,8,24,66,99,161,55,86,16,94,100,106,13,121,3,19,87,0,8,36,42,79,114,13,81,140,174,175,50,150,176,54,151,26,39,94,129,139,142,151,12,7,95,9,112,129,169,13,22,49,52,82,120,150,171,87,129,149,11,11,17,26,32,34,44,94,95,176,13,13,82,116,12,20,79,99,109,14,12,55,119,120,141,148,151,174,19,86,144,48,66,67,161,36,78,103,113,114,96,103,147,18,99,177,135,174,176,19,187,25,26,71,154,160,188,28,42,43,113,122,134,161,181,23,28,33,90,138,171,65,94,134,146,181,31,183,50,74,134,142,89,102,172,40,43,111,130,178,170,181,85,149,151,61,96,103,115,146,52,130,37,39,39,76,104,153,170,69,75,156,42,62,94,99,119,173,121,37,123,146,105,107,147,40,176,57,71,114,152,170,43,78,117,169,59,65,83,110,148,150,184,65,43,87,113,44,60,46,71,83,106,126,164,47,77,101,116,81,119,152,49,123,170,50,83,148,164,184,56,57,171,52,53,126,53,77,87,124,88,120,55,120,56,57
47,47,48,108,117,126,154,185,46,78,97,119,136,44,86,127,168,95,160,130,147,40,43,73,88,143,56,78,179,37,148,162,65,80,108,36,38,114,150,35,107,106,166,32,86,100,66,97,107,30,92,100,125,143,91,125,152,33,31,30,158,35,45,59,79,106,40,59,77,123,29,72,81,96,148,170,24,128,131,134,34,111,165,170,26,22,34,42,93,96,133,145,19,56,94,112,170,98,49,81,140,168,17,65,60,91,110,156,25,67,92,21,86,90,94,145,12,26,46,123,131,158,15,52,81,103,118,168,30,37,72,95,153,167,170,8,21,76,78,168,113,18,10,5,16,58,91,153,47,78,9,86,92,98,5,113,5,11,79,8,0,28,34,71,106,5,73,132,166,167,42,142,168,46,143,18,31,86,121,131,134,143,20,14,87,6,104,121,161,20,15,42,45,74,112,142,163,79,121,141,9,9,11,18,25,27,36,86,87,168,19,10,74,108,12,14,71,91,101,20,15,48,111,112,133,141,144,166,14,78,136,40,58,60,153,29,71,95,105,106,88,95,139,22,92,169,127,166,168,19,179,21,22,63,146,152,180,24,35,37,105,114,126,153,173,27,24,27,82,130,163,58,86,126,138,174,27,175,43,67,126,134,81,95,164,35,37,104,122,170,162,173,78,141,143,54,88,96,107,138,46,122,34,35,35,69,96,146,162,62,68,148,38,56,87,92,111,166,114,40,116,139,97,99,139,38,168,52,64,106,144,162,41,71,110,161,53,59,76,103,140,142,176,59,45,80,106,45,55,47,65,77,99,119,157,46,71,94,109,75,111,145,48,115,162,49,77,141,156,176,53,54,164,51,52,119,53,72,81,117,82,113,55,113,56,56
56,55,51,83,92,101,128,158,53,58,73,94,110,56,64,101,141,71,133,104,120,53,41,52,64,117,40,55,152,47,121,135,44,57,82,50,38,87,123,40,81,80,139,45,61,74,43,71,80,38,66,73,98,116,65,98,124,53,50,49,130,28,28,37,53,80,26,36,51,96,50,47,55,70,121,142,37,101,104,107,21,84,138,143,49,42,20,22,66,69,105,118,33,31,67,84,142,70,25,54,112,140,28,38,34,64,82,128,16,40,65,46,58,62,66,117,33,13,20,95,103,131,21,25,53,75,91,140,9,12,44,68,125,139,142,30,12,49,51,140,85,45,36,30,14,30,63,125,19,50,20,58,64,70,23,85,33,17,51,36,28,0,6,43,78,23,45,104,138,139,14,114,140,18,115,11,5,58,93,103,106,115,47,41,59,30,76,93,133,48,17,15,17,47,84,114,135,52,93,113,31,30,24,15,10,9,11,59,60,140,45,30,46,81,34,22,43,63,73,46,39,22,83,84,105,113,116,139,26,51,108,17,31,33,125,15,44,68,77,78,61,68,111,45,64,141,100,138,140,37,151,29,28,38,119,125,152,27,21,21,78,87,98,126,146,49,28,25,56,102,136,34,60,99,110,146,29,147,26,42,99,107,55,68,136,28,27,77,95,143,135,146,53,114,116,34,63,70,81,111,32,95,37,35,35,46,71,118,135,41,45,121,36,38,62,66,85,138,87,58,90,112,72,74,112,44,141,39,45,81,118,135,45,51,84,134,41,43,55,78,114,116,149,44,60,59,81,58,44,62,49,56,75,94,130,54,53,71,85,56,87,119,56,91,136,55,58,115,130,149,51,51,137,58,57,95,64,57,62,93,64,89,62,90,66,62
59,59,53,79,87,95,122,152,56,54,69,89,105,60,59,95,135,66,128,98,114,57,43,48,60,111,39,51,146,51,115,129,41,52,77,55,40,82,117,44,75,75,133,49,56,69,39,66,75,42,61,68,92,110,60,93,119,58,55,54,124,30,27,33,48,74,26,32,46,90,55,42,50,64,115,136,42,95,98,101,22,78,132,137,55,47,21,20,60,63,99,112,38,27,61,78,136,65,21,48,106,134,33,33,28,58,76,122,19,35,59,52,53,57,60,111,39,16,16,89,97,125,26,20,47,69,85,134,10,9,38,62,119,133,136,36,17,43,45,134,79,51,42,36,20,25,57,119,14,44,26,52,58,64,29,79,39,23,45,42,34,6,0,37,72,29,39,98,132,133,8,108,134,12,109,16,5,52,87,97,100,109,53,47,53,36,70,87,127,53,22,10,12,41,78,108,129,46,87,107,37,36,29,20,14,13,9,53,54,134,51,35,40,75,40,27,38,57,67,51,45,17,77,78,99,107,110,133,31,45,102,15,26,28,119,17,38,62,72,73,55,62,105,51,59,135,94,132,134,42,145,34,32,33,113,119,146,31,22,21,72,81,92,120,140,55,33,28,50,97,130,30,54,93,105,140,33,141,25,38,93,101,50,63,131,30,28,71,89,137,129,140,48,108,110,32,57,64,75,105,31,90,40,38,37,42,65,113,129,38,41,115,38,35,57,61,80,132,82,63,84,106,67,69,107,48,135,39,43,76,112,129,48,47,79,128,41,42,51,73,108,110,143,43,64,55,76,62,44,67,47,53,70,88,124,57,50,66,80,53,82,113,59,86,130,58,55,110,124,144,52,52,132,61,60,90,67,55,59,88,61,85,65,85,69,64
87,86,78,54,59,66,89,118,83,47,47,59,73,90,43,64,101,44,93,66,81,88,67,40,40,78,48,38,111,81,81,95,40,36,48,86,67,51,83,73,45,45,98,81,33,40,34,37,44,73,34,38,58,75,33,59,83,92,89,88,89,56,44,32,27,42,49,32,26,55,90,25,26,33,79,100,75,60,63,66,49,43,95,100,90,82,47,39,28,30,63,76,73,26,28,43,100,31,30,19,70,97,68,18,20,24,41,85,52,15,24,88,19,22,26,74,75,49,30,52,60,88,62,23,14,33,48,98,43,36,9,26,82,96,99,72,53,9,11,97,43,88,79,73,56,14,21,82,24,8,63,15,21,27,66,42,76,60,8,79,71,43,37,0,35,66,2,61,95,96,29,71,97,25,72,53,40,16,50,60,63,72,90,84,17,72,34,50,90,90,58,31,28,8,42,71,92,11,51,70,74,73,66,56,49,47,37,17,18,97,88,72,10,38,76,63,11,22,31,88,81,28,41,42,62,70,73,96,66,14,65,36,21,19,82,48,15,27,36,37,23,28,69,87,25,98,58,96,98,77,109,67,65,23,77,82,110,64,48,46,38,46,57,84,103,90,65,59,23,61,94,29,26,58,69,104,64,105,44,27,59,66,27,33,95,56,53,40,55,101,93,104,29,73,75,40,32,36,44,71,48,56,69,65,64,34,38,78,94,38,35,80,64,43,35,37,49,97,51,96,53,73,42,43,73,76,100,54,44,48,78,94,75,42,51,94,55,50,42,47,75,77,108,52,95,43,50,92,58,97,51,46,48,60,91,85,49,47,54,49,56,81,86,59,97,84,50,78,91,110,73,71,99,87,85,63,94,58,54,62,55,61,91,62,96,89
118,117,108,48,47,48,62,87,114,63,49,44,50,122,53,45,71,46,64,44,53,120,97,59,47,50,75,54,79,113,52,64,63,50,36,119,98,35,53,106,34,33,66,114,41,34,57,34,31,106,36,32,34,45,35,33,52,126,122,121,56,88,75,59,42,27,80,59,43,30,124,45,38,28,47,67,109,31,33,35,82,21,62,66,125,117,81,72,25,23,32,43,107,56,24,19,66,21,62,32,37,63,102,46,50,22,15,51,86,42,21,123,25,21,18,40,110,84,63,20,27,53,97,56,28,12,16,63,78,71,36,14,48,62,65,107,87,31,29,63,10,123,114,108,91,48,16,47,59,28,98,20,14,9,101,7,111,95,27,114,106,78,72,35,0,101,33,26,60,61,64,36,62,60,37,88,75,20,16,25,28,37,125,119,20,107,6,16,55,125,93,65,62,33,9,37,57,28,17,36,108,107,100,90,83,81,72,22,21,63,122,106,34,10,111,98,38,19,13,123,116,61,13,13,29,36,39,61,101,32,32,69,52,50,48,82,40,19,15,15,25,20,36,121,23,64,27,62,64,112,74,101,99,50,44,49,76,97,81,79,21,22,28,51,69,124,98,93,35,31,60,58,33,29,38,70,97,71,75,51,31,36,39,30,62,88,85,28,30,68,61,71,45,43,45,68,38,34,30,42,78,33,101,97,96,55,35,48,62,62,57,50,95,71,43,40,34,66,35,129,36,46,40,40,46,108,69,82,67,40,51,64,107,62,40,64,83,76,59,43,50,51,77,77,127,57,44,124,85,129,74,63,48,45,63,116,69,52,47,67,47,56,116,48,69,114,68,55,65,80,101,99,71,118,114,52,125,79,70,53,70,54,120,55,126,118
49,48,48,104,113,122,150,180,47,75,93,115,132,46,83,122,163,91,156,126,142,42,42,70,84,139,53,74,174,38,143,158,61,77,104,38,37,109,146,35,102,102,162,34,82,96,62,93,102,31,88,95,120,139,86,121,147,36,34,34,153,33,42,56,74,102,37,55,72,118,33,68,77,92,143,165,25,124,126,129,31,106,161,165,30,25,31,38,89,91,128,141,20,52,89,107,165,93,45,76,135,163,17,60,55,86,105,151,22,63,87,25,81,85,89,140,15,22,41,118,126,154,13,48,76,98,114,163,26,33,67,91,148,162,165,11,17,72,74,163,108,23,15,9,12,53,86,148,42,73,5,81,87,93,3,108,10,6,74,13,5,23,29,66,101,0,68,127,161,162,37,137,163,41,138,13,26,81,116,126,129,138,24,18,82,8,99,116,156,25,10,36,39,69,107,137,158,74,116,136,11,10,8,14,20,22,31,81,82,163,23,10,69,103,13,11,66,86,96,24,18,42,106,107,127,135,138,161,12,73,131,35,53,55,148,24,66,90,100,101,83,90,134,25,86,164,122,161,163,20,174,19,19,58,141,147,175,21,30,32,100,109,121,148,168,30,22,24,77,125,158,53,81,121,133,168,24,170,38,62,121,129,76,90,159,31,33,98,117,165,157,168,73,136,138,49,83,91,102,133,42,117,31,32,33,64,91,140,157,58,63,143,35,51,82,87,106,160,108,42,111,134,92,94,134,37,163,48,60,101,139,157,39,67,105,156,49,54,71,98,135,137,171,55,46,76,101,46,51,48,61,72,94,114,152,45,67,89,104,70,106,140,47,110,157,48,72,136,151,171,51,51,159,50,51,114,53,67,76,112,78,108,54,108,56,55
89,88,80,54,59,65,88,116,85,48,48,59,72,92,44,64,99,44,92,65,79,90,69,41,40,76,50,39,109,83,80,93,42,37,47,89,69,50,81,76,45,44,96,83,34,40,35,37,43,76,34,38,57,74,33,57,82,95,91,90,87,58,46,34,28,41,51,34,27,54,92,26,26,33,77,98,77,59,61,64,51,42,94,98,92,85,50,42,28,30,62,74,75,28,28,42,98,30,32,19,68,96,70,20,22,23,39,84,54,17,23,90,18,21,24,72,77,52,32,51,58,86,64,25,14,31,46,96,45,38,10,24,81,95,98,75,55,9,10,95,41,90,81,75,58,16,19,80,26,7,65,14,19,25,68,40,78,62,6,81,73,45,39,2,33,68,0,59,93,94,31,69,95,27,70,55,42,13,48,58,61,70,92,86,15,74,31,48,88,92,60,33,30,6,39,69,90,9,49,68,75,74,67,58,51,49,39,15,16,95,89,74,9,36,78,65,10,20,29,90,83,29,39,40,60,68,71,94,68,13,63,37,21,20,80,50,15,25,34,35,21,26,67,88,23,96,56,94,96,79,107,69,67,23,74,80,108,65,49,47,36,44,55,81,101,91,66,61,22,59,91,30,24,56,67,101,65,103,45,26,56,64,25,31,92,57,55,37,53,98,91,102,28,71,73,40,31,34,42,68,49,54,70,67,66,33,36,76,91,38,35,78,65,44,34,35,47,95,49,97,51,70,40,41,71,77,98,54,44,46,76,92,77,41,49,92,56,51,41,45,73,75,106,52,97,42,48,93,59,98,51,45,46,57,89,86,49,46,52,48,54,79,87,57,95,85,50,76,89,107,74,72,96,88,86,61,95,58,53,61,54,59,92,60,97,90
142,141,132,59,54,50,50,67,138,83,65,50,45,147,72,46,53,62,48,42,42,146,122,81,66,40,99,75,58,138,40,46,86,70,48,145,123,43,39,131,47,46,46,139,62,50,81,51,44,132,55,48,33,32,55,32,34,152,148,147,37,114,100,84,64,40,106,83,66,30,149,69,61,47,30,44,134,26,25,25,107,32,39,43,150,143,106,97,46,43,21,24,133,81,45,30,42,41,88,56,19,39,128,71,76,45,28,28,112,68,44,149,49,45,41,18,136,110,89,16,13,29,123,82,53,32,18,38,103,97,62,38,23,36,39,133,113,57,55,37,21,149,140,134,117,74,41,22,85,54,124,46,40,34,127,19,137,121,53,140,132,104,98,61,26,127,59,0,34,35,90,10,36,86,11,114,101,46,11,3,4,11,151,145,45,133,28,12,29,151,119,91,88,58,21,12,32,53,13,11,134,133,126,116,109,107,97,47,46,37,148,132,60,26,136,123,63,43,34,148,141,87,25,24,11,14,16,36,127,56,12,95,77,75,24,108,65,40,31,30,47,41,16,147,45,39,18,37,39,137,49,126,124,74,23,27,51,123,106,104,35,28,22,28,45,149,124,118,57,21,37,82,54,23,22,46,122,47,100,74,25,24,60,48,39,113,110,41,29,44,39,47,66,29,29,92,57,50,41,29,102,33,126,122,121,77,51,33,41,85,80,34,120,94,62,57,42,45,42,154,41,35,55,54,36,132,49,105,89,50,39,45,131,83,49,46,106,98,79,55,40,40,56,100,152,77,55,148,108,153,96,83,62,49,48,139,90,67,56,87,55,46,140,54,52,138,87,48,51,61,124,122,55,141,138,57,148,99,88,59,88,62,144,63,149,141
175,174,164,84,76,69,52,50,171,113,92,71,58,179,101,64,44,90,43,59,48,179,154,111,96,49,131,105,40,171,44,39,118,101,74,178,156,68,41,164,74,73,34,172,92,78,113,81,72,165,85,77,55,40,85,53,34,185,181,180,31,147,133,116,96,69,139,116,98,53,183,101,93,77,33,26,168,47,45,42,141,61,22,22,184,176,140,131,78,75,41,30,166,115,77,59,20,73,121,89,32,18,162,104,109,78,59,19,146,101,76,183,82,78,74,26,169,144,123,46,38,15,156,116,87,65,49,11,137,130,96,72,16,10,11,167,147,90,88,9,54,183,174,168,151,108,75,14,119,88,158,80,74,68,161,53,171,155,87,174,166,138,132,95,60,161,93,34,0,1,124,24,2,120,23,148,135,80,45,35,32,23,185,179,79,167,62,45,7,185,153,125,122,92,54,25,7,87,46,26,168,167,160,150,143,141,131,80,79,8,182,166,93,59,170,157,97,77,67,182,175,121,57,56,36,28,25,11,160,90,33,129,111,109,19,142,98,73,64,63,80,74,32,181,78,16,43,17,17,171,22,160,158,108,28,24,23,156,139,137,66,58,47,24,21,183,157,151,89,43,21,115,86,47,37,23,156,24,133,107,48,42,92,79,25,146,143,71,54,26,28,27,98,40,38,124,88,80,69,42,135,57,159,155,154,109,81,39,32,117,112,39,153,126,92,87,68,33,67,187,66,47,84,82,48,165,37,137,121,77,47,39,164,114,75,40,138,130,110,82,51,50,40,132,185,107,81,181,140,186,127,113,90,71,47,172,121,95,81,117,80,54,173,77,48,170,117,59,51,48,156,154,50,173,170,78,181,129,117,81,117,85,176,86,182,173
176,175,165,85,77,69,52,49,172,114,93,72,59,180,102,65,44,91,44,59,49,180,155,112,97,49,132,106,40,172,45,39,119,102,75,179,157,69,42,165,75,74,34,173,93,79,114,82,72,166,86,78,55,41,86,54,35,186,182,181,31,148,134,117,97,70,140,117,99,54,184,102,94,78,33,26,169,48,45,43,142,62,22,22,185,177,141,132,79,76,42,31,167,116,78,60,20,73,122,90,33,18,163,105,110,79,60,20,147,102,77,184,83,79,75,27,170,145,124,47,39,16,157,117,88,66,50,11,138,131,97,73,17,10,10,168,148,91,89,9,55,184,175,169,152,109,76,15,120,89,159,81,75,69,162,54,172,156,88,175,167,139,133,96,61,162,94,35,1,0,125,25,1,121,24,149,136,81,46,36,33,24,186,180,80,168,63,46,8,186,154,126,123,93,55,26,7,88,47,27,169,168,161,151,144,142,132,81,80,8,183,167,94,60,171,158,98,78,68,183,176,121,58,57,37,29,26,11,161,91,34,130,112,110,20,143,99,74,65,64,81,75,33,182,79,16,44,17,17,172,21,161,159,109,29,25,22,157,140,138,67,59,47,25,21,184,158,152,90,44,22,116,87,48,38,23,157,24,134,108,49,42,93,80,25,147,144,72,55,26,28,27,99,40,39,125,89,81,70,43,136,57,160,156,155,110,82,40,32,118,113,39,154,127,93,88,69,33,68,188,67,48,85,83,49,166,37,138,122,78,47,39,165,115,76,41,139,131,110,83,52,51,40,133,186,108,82,182,141,187,128,114,90,72,47,173,122,96,82,118,80,55,173,78,49,171,118,59,52,48,157,155,50,174,171,79,182,130,118,82,118,86,176,87,182,174
66,65,59,74,81,90,116,145,62,52,64,83,98,67,56,89,128,62,121,92,108,65,48,46,55,104,40,48,139,58,108,122,40,48,71,62,46,76,110,51,69,69,126,56,51,63,37,60,68,50,55,62,85,103,54,86,111,66,63,62,117,35,30,31,43,68,30,30,41,83,63,37,44,58,107,129,49,88,91,94,27,71,124,129,63,56,26,23,54,56,92,104,46,24,54,71,129,58,19,42,99,126,41,28,23,51,69,114,26,29,52,60,46,49,53,103,47,24,14,81,89,117,35,16,40,61,77,127,17,13,31,54,112,125,128,44,25,35,37,126,72,60,51,45,28,17,49,111,8,36,34,44,50,56,37,71,47,31,37,50,42,14,8,29,64,37,31,90,124,125,0,100,126,4,101,24,11,44,79,89,92,101,61,55,45,43,62,79,119,61,29,5,5,32,70,100,121,37,79,99,45,44,37,27,20,18,10,45,46,126,59,43,32,66,47,34,29,49,59,59,52,11,69,70,91,99,101,124,38,37,94,13,18,20,111,21,30,54,63,64,47,54,97,58,50,127,86,124,126,49,137,39,38,25,105,110,138,36,24,22,64,73,84,112,131,61,38,33,42,88,122,24,46,85,96,132,37,133,24,30,85,93,42,55,122,32,30,63,81,128,121,132,40,100,102,28,50,56,67,97,30,81,44,41,40,36,57,104,121,33,35,107,41,32,50,54,72,124,74,69,76,98,59,61,98,52,127,38,38,68,104,121,52,42,71,120,40,39,45,65,100,102,135,40,69,49,69,67,43,71,43,47,63,80,116,61,46,59,72,48,74,105,62,78,122,61,50,102,116,135,54,53,124,65,63,82,71,51,54,80,56,77,68,78,73,67
152,151,142,67,60,55,49,61,148,92,73,55,48,157,81,51,49,71,45,46,42,156,132,90,75,41,109,84,52,148,39,42,96,80,55,154,133,50,37,141,55,54,41,149,71,58,90,60,52,142,64,57,38,32,64,37,32,162,158,157,33,123,110,94,74,49,115,93,75,36,159,79,70,56,27,37,144,31,29,28,117,40,32,35,161,153,116,107,56,53,25,22,143,91,54,38,34,50,98,66,19,31,138,81,86,55,37,21,122,78,53,159,59,55,51,15,146,120,99,24,18,21,133,92,63,42,27,29,114,107,72,48,16,27,30,143,123,67,65,28,30,159,150,144,127,84,51,13,95,64,134,56,50,44,137,29,147,131,63,150,142,114,108,71,36,137,69,10,24,25,100,0,26,96,1,124,111,56,21,11,8,2,161,155,55,143,38,21,19,161,129,101,98,68,30,5,22,63,22,6,144,143,136,126,119,117,107,56,55,27,158,142,69,35,146,133,73,53,43,158,151,97,34,33,14,10,10,26,136,66,13,105,87,85,16,118,74,50,40,39,57,50,15,157,54,30,23,28,30,147,40,136,134,84,18,20,41,132,116,114,43,36,26,21,36,159,134,128,66,24,28,91,63,28,22,37,132,38,109,83,29,25,69,56,31,123,120,49,34,36,32,39,75,27,27,101,65,58,48,29,112,38,135,131,130,86,59,30,34,94,89,31,129,103,70,65,48,38,47,164,47,35,63,61,36,142,42,114,98,57,37,40,140,91,55,40,115,107,87,62,40,39,49,109,161,85,61,158,117,163,104,91,69,54,44,149,98,74,62,95,61,45,149,59,48,147,95,48,47,54,133,131,50,150,147,61,157,107,96,64,95,67,153,68,158,150
177,176,166,86,78,71,53,50,173,115,95,73,60,182,103,67,45,93,45,61,50,181,156,114,98,51,133,108,41,173,46,40,120,103,76,180,158,70,43,166,76,76,35,174,94,81,115,83,74,167,87,80,57,43,88,55,36,187,183,182,33,149,135,119,98,71,141,118,100,56,185,104,95,80,35,27,170,49,47,44,143,63,23,23,186,178,142,133,80,77,43,33,168,117,79,62,21,75,123,91,35,19,164,107,111,80,61,21,148,103,79,185,84,80,76,28,172,146,125,48,40,17,159,118,89,67,51,12,139,132,98,74,19,11,11,169,149,93,91,10,56,185,176,170,153,110,77,17,121,90,160,82,76,70,163,55,173,157,89,176,168,140,134,97,62,163,95,36,2,1,126,26,0,122,25,150,137,82,47,37,34,25,187,181,81,169,64,47,8,187,155,127,124,94,56,26,7,89,47,28,170,169,162,152,145,143,133,82,81,7,184,168,95,61,172,159,98,79,69,184,177,122,59,58,37,30,27,10,162,92,35,131,113,111,20,144,100,75,65,64,82,75,33,183,79,15,45,16,16,173,20,162,160,109,29,25,21,158,141,139,68,59,48,25,19,185,159,153,91,45,21,117,88,49,38,21,158,23,135,108,50,43,94,81,25,148,145,72,55,25,27,26,100,40,39,126,89,82,71,43,137,58,161,157,156,111,83,40,31,119,113,39,154,128,94,89,70,33,68,189,67,48,85,84,49,167,36,139,123,78,47,39,165,115,76,40,140,132,111,84,52,50,39,133,187,108,82,183,141,188,128,114,91,72,47,174,122,97,82,119,81,55,174,78,48,172,119,59,51,47,157,156,49,175,171,79,182,130,119,82,118,86,177,87,183,175
69,69,62,71,79,87,113,142,66,52,62,80,95,71,54,86,125,59,118,89,104,68,51,45,53,101,41,47,135,62,105,119,40,47,68,66,50,73,107,54,66,66,122,60,49,60,36,57,66,53,53,59,82,100,51,82,108,70,67,66,113,38,32,31,41,64,33,30,39,79,67,36,42,55,104,125,53,84,87,90,31,67,120,125,67,60,29,25,51,53,88,101,50,23,51,68,125,54,20,39,95,123,45,25,22,48,66,110,30,26,48,64,42,46,50,99,51,27,15,77,85,113,39,15,37,58,73,123,21,16,28,50,108,122,125,48,29,32,34,122,68,64,55,49,32,14,46,107,7,33,38,40,46,52,41,67,51,35,33,54,46,18,12,25,60,41,27,86,120,121,4,96,122,0,97,28,15,40,75,85,88,97,65,59,41,47,58,75,115,65,33,6,4,28,66,96,117,33,75,95,48,47,40,31,24,22,13,40,41,122,62,47,28,62,51,38,25,45,55,63,56,9,65,66,86,94,97,120,41,33,90,14,15,16,107,24,26,49,59,60,43,50,93,62,46,123,81,120,122,52,133,43,41,22,100,106,134,39,25,24,60,68,80,108,127,65,41,36,38,84,118,21,42,81,92,128,40,129,25,27,81,89,39,51,118,34,32,59,77,124,117,127,37,96,98,27,46,52,63,93,30,77,46,43,42,33,54,100,117,31,33,102,42,31,46,50,68,120,70,72,72,94,56,57,94,54,123,38,36,64,100,117,54,39,67,116,40,38,42,61,96,98,131,39,72,46,65,69,43,74,42,45,59,77,112,63,44,56,68,46,70,101,64,74,118,63,48,98,112,131,55,54,120,66,65,78,73,50,52,77,53,74,70,74,75,69
153,152,143,68,62,56,50,62,149,94,75,57,49,158,82,52,50,72,46,47,43,157,133,91,77,42,110,85,52,149,40,43,97,81,57,156,134,52,38,142,56,55,41,150,72,59,92,61,53,143,65,58,40,33,65,38,33,163,159,158,33,125,111,95,75,50,117,95,77,37,160,80,72,57,28,38,146,32,30,29,118,42,32,35,162,154,117,108,57,54,26,23,144,93,56,40,34,51,99,67,20,31,139,82,87,56,38,22,123,79,55,160,60,56,52,16,147,121,100,26,20,21,134,93,65,43,28,28,115,108,73,49,16,27,30,144,124,68,66,27,32,160,151,145,128,85,53,13,96,65,135,57,51,45,138,30,148,132,64,151,143,115,109,72,37,138,70,11,23,24,101,1,25,97,0,125,112,57,22,12,9,1,162,156,56,144,39,22,18,162,130,102,99,69,31,4,20,64,23,5,145,144,137,127,120,118,108,57,56,26,159,143,70,36,147,134,73,54,44,159,152,97,34,33,14,9,9,25,137,67,13,106,88,86,14,119,75,50,41,40,57,51,14,158,55,29,23,27,28,148,38,137,135,85,17,19,40,133,116,114,44,36,26,20,34,160,134,128,67,24,27,92,63,28,21,35,133,37,110,84,29,25,70,57,30,123,120,49,34,35,30,38,76,26,26,102,66,59,48,28,113,38,136,132,131,87,60,29,33,95,89,30,130,104,70,66,48,36,47,164,47,34,63,61,35,142,41,115,99,57,36,39,141,92,55,39,115,108,88,62,39,39,47,109,162,85,61,158,117,163,105,91,69,53,43,149,99,75,62,96,61,44,150,59,47,147,96,47,46,53,134,132,49,151,147,61,158,107,96,63,96,67,153,68,159,151
55,54,52,94,103,111,139,169,52,67,84,105,121,54,74,111,151,82,144,115,131,50,43,62,75,127,48,65,163,45,132,146,54,67,93,47,39,98,134,40,91,91,150,42,72,85,53,82,91,37,77,84,108,127,76,109,135,47,45,44,141,31,36,47,64,90,32,46,62,106,44,58,66,80,131,153,33,112,114,117,27,94,148,153,42,36,26,31,77,80,116,128,29,42,77,95,153,81,35,65,123,150,24,49,44,74,93,138,18,51,75,38,69,73,77,127,26,17,31,105,113,141,17,36,64,85,101,151,17,22,55,78,136,150,153,22,12,59,61,150,96,36,28,22,9,41,74,135,30,61,12,68,74,80,14,95,24,9,61,26,18,11,16,53,88,13,55,114,148,149,24,124,150,28,125,0,13,68,103,113,116,125,37,31,69,19,86,103,143,37,6,23,26,56,94,124,145,61,103,123,21,20,13,5,7,9,18,68,69,150,35,19,55,90,23,11,52,72,82,35,28,29,92,93,114,122,125,148,15,60,117,22,39,41,134,13,52,77,87,88,70,77,121,35,73,151,109,148,150,27,161,19,18,45,128,134,162,18,20,21,87,96,107,135,155,38,20,18,64,111,145,40,68,108,120,155,21,156,27,49,108,116,63,76,146,23,24,85,104,152,144,155,60,123,125,37,70,77,89,120,31,104,29,28,28,51,78,127,144,45,50,129,30,40,69,73,93,147,95,48,97,120,79,81,121,36,150,38,48,88,126,143,38,55,91,143,40,44,59,85,122,124,157,44,50,63,88,49,43,53,50,60,81,101,138,46,55,77,91,59,93,127,48,97,144,47,61,123,138,158,46,46,145,50,50,101,55,57,65,99,67,95,54,96,58,54
61,60,56,83,92,100,127,157,58,59,74,93,109,61,64,100,139,71,132,103,118,58,45,53,64,115,43,56,150,52,119,133,46,57,81,55,43,86,121,45,80,79,137,50,61,73,44,70,79,43,66,72,96,114,64,97,123,58,54,54,128,32,31,38,53,78,30,37,51,94,54,47,54,68,119,140,42,99,102,105,25,82,135,140,54,47,24,25,65,67,103,116,38,32,65,82,140,69,26,52,110,138,33,38,33,62,80,125,21,39,63,50,57,60,64,114,38,18,21,92,100,128,26,25,51,73,88,138,13,14,42,65,123,137,140,34,17,47,49,138,83,49,40,34,18,28,61,122,18,48,24,55,61,67,27,82,36,21,48,39,31,5,5,40,75,26,42,101,135,136,11,111,137,15,112,13,0,55,90,100,103,112,50,44,56,32,73,90,130,50,18,10,13,43,81,111,132,48,90,110,33,32,25,16,9,8,6,55,56,137,47,32,42,77,36,23,40,59,69,48,41,17,79,80,101,109,112,135,27,47,104,12,27,29,121,13,40,64,74,75,57,64,108,47,60,138,96,135,137,38,148,29,27,33,115,121,149,26,17,17,74,83,95,122,142,50,28,23,51,99,132,29,55,95,107,142,28,143,21,37,95,103,51,64,133,25,24,73,91,139,131,142,48,110,112,30,58,65,77,107,27,91,35,33,32,41,66,114,131,36,40,117,33,33,57,62,81,134,83,59,85,108,68,69,108,43,137,35,40,76,114,131,43,46,80,130,37,39,50,73,109,111,145,39,60,54,77,57,40,62,44,51,70,89,126,52,48,66,80,51,82,114,54,86,132,53,53,111,125,145,48,47,133,56,55,90,62,52,57,88,59,84,60,85,64,60
102,101,92,52,55,60,80,106,98,55,49,54,64,105,48,57,89,45,82,58,70,103,81,49,44,67,62,46,98,96,70,83,51,42,43,102,82,45,72,89,41,40,85,96,36,37,45,36,38,89,34,35,49,64,33,49,71,108,104,103,76,71,59,45,33,35,64,45,33,45,105,34,30,30,67,87,90,49,51,54,64,34,82,87,106,98,63,55,25,25,51,63,88,40,24,33,86,24,45,22,57,84,83,30,34,19,30,72,67,27,19,103,17,17,18,60,90,65,45,39,47,74,77,38,16,22,35,83,58,52,20,16,68,82,85,88,68,16,14,83,29,103,95,88,72,29,10,68,40,11,78,7,9,14,81,28,91,75,9,94,86,58,52,16,20,81,13,46,80,81,44,56,82,40,57,68,55,0,35,45,48,57,105,99,1,87,18,35,75,105,73,45,42,12,26,56,77,8,35,55,88,87,80,70,63,61,51,5,5,82,102,86,14,23,90,77,17,8,16,102,95,41,25,26,47,55,58,80,81,13,50,49,32,30,67,62,20,14,21,22,12,14,53,101,14,83,42,80,82,91,93,81,79,31,61,67,94,77,60,59,24,31,42,68,88,104,78,72,19,46,78,38,19,42,53,88,77,89,55,32,43,51,24,23,79,68,65,27,40,85,78,88,29,58,60,49,26,26,31,55,59,42,81,77,76,38,28,63,78,44,40,65,75,52,31,30,36,82,38,109,40,58,33,34,58,88,85,63,49,37,64,79,87,45,39,79,64,57,43,38,61,62,93,59,107,43,41,104,66,109,57,48,41,48,76,96,53,42,44,51,46,67,97,48,82,94,52,64,77,94,82,80,84,98,95,52,105,62,55,52,55,52,101,53,107,99
133,132,123,56,53,51,57,77,129,77,60,49,49,137,66,47,62,57,56,44,48,136,113,73,60,46,90,68,68,129,47,55,78,63,44,135,114,41,46,121,43,42,56,129,55,44,72,45,40,122,48,43,34,39,48,33,43,142,138,137,47,104,90,75,56,36,96,74,57,30,139,60,53,40,38,55,124,28,29,30,97,28,50,54,140,132,96,87,38,36,26,33,122,72,37,25,53,33,78,47,28,51,118,61,66,36,22,39,102,58,35,138,40,36,33,29,125,99,79,16,18,40,112,72,44,24,14,49,93,86,52,29,35,48,51,123,103,47,45,49,14,138,129,123,106,64,31,33,74,44,113,36,30,24,116,10,126,110,42,129,121,93,87,50,16,116,48,11,45,46,79,21,47,75,22,103,90,35,0,10,13,22,140,134,34,122,17,2,40,140,108,80,77,47,9,21,42,42,4,20,123,122,115,105,98,96,86,35,34,47,137,121,48,14,125,112,51,32,22,137,130,75,14,13,14,21,23,46,115,45,17,84,66,64,33,97,53,29,20,19,36,30,21,136,34,49,15,46,48,126,59,115,113,63,29,34,60,111,95,93,25,19,17,35,54,138,112,107,46,19,45,71,42,19,24,54,111,56,89,63,21,24,49,37,47,102,99,31,23,52,46,55,55,30,31,80,46,40,32,30,91,27,114,111,110,66,41,35,47,74,68,37,108,83,51,47,34,51,34,143,34,35,45,44,35,121,55,94,78,41,39,50,120,72,41,50,95,87,68,46,39,40,62,89,141,66,46,137,97,142,85,72,53,42,50,128,79,57,47,76,47,46,129,47,56,126,77,46,52,66,113,111,58,130,126,50,137,88,77,52,77,55,132,56,138,130
142,142,132,61,56,53,53,70,138,84,67,52,48,147,73,49,56,64,51,45,45,145,122,81,67,44,99,76,61,138,43,49,87,71,49,144,123,45,42,131,48,48,49,139,62,51,81,52,45,131,56,50,35,35,56,34,38,151,148,147,40,113,100,84,65,42,105,84,66,32,149,69,61,48,33,47,134,28,28,28,107,33,41,45,150,142,106,97,47,44,24,27,132,81,45,31,44,41,88,56,22,42,128,71,75,45,29,31,111,67,44,148,49,45,42,21,135,109,88,18,16,31,122,81,53,33,19,40,103,96,61,38,26,38,41,133,113,56,54,39,21,148,139,133,116,74,41,24,84,54,123,46,40,34,126,19,136,120,52,139,131,103,97,60,25,126,58,3,35,36,89,11,37,85,12,113,100,45,10,0,3,12,150,144,44,132,27,10,30,150,118,90,87,57,19,11,32,52,11,11,133,132,125,115,108,106,96,45,44,37,147,131,58,24,135,122,61,42,32,147,140,85,22,22,8,12,14,36,125,55,10,94,76,74,23,107,63,39,29,28,46,39,14,146,43,39,15,37,39,136,49,125,123,73,21,26,51,121,104,102,33,25,18,27,44,148,122,116,55,18,36,80,52,20,20,45,121,47,98,72,22,21,58,46,38,111,108,39,26,44,38,47,64,26,27,90,55,48,38,26,101,30,124,120,119,75,49,30,40,83,78,32,118,92,59,55,39,43,39,152,38,32,53,51,33,131,47,103,87,47,36,44,129,80,46,44,104,96,77,52,37,37,54,98,150,74,52,147,106,152,93,80,59,46,45,138,88,65,53,85,52,43,138,51,50,136,85,45,48,59,122,120,52,139,136,54,146,96,85,56,85,59,142,60,147,139
145,144,135,63,58,54,53,68,141,87,69,53,48,150,75,49,55,66,50,45,45,148,125,84,70,43,102,78,59,141,42,48,89,74,51,147,126,47,41,134,50,50,47,142,65,53,84,55,47,134,58,52,36,35,58,35,36,154,150,149,38,116,103,87,68,44,108,86,69,33,152,72,64,50,31,45,137,29,28,28,110,35,39,43,153,145,109,100,49,47,24,26,135,84,48,33,42,44,90,59,22,39,131,74,78,48,31,28,114,70,47,151,52,48,44,20,138,112,91,20,16,29,125,84,56,35,21,37,106,99,64,41,23,35,38,136,116,59,57,36,24,151,142,136,119,77,44,21,87,57,126,49,43,37,129,22,139,123,55,142,134,106,100,63,28,129,61,4,32,33,92,8,34,88,9,116,103,48,13,3,0,9,153,147,47,135,30,13,27,153,121,93,90,60,22,9,29,55,14,8,136,135,128,118,111,109,99,48,47,34,150,134,61,27,138,125,64,45,35,150,143,88,25,24,8,10,12,33,128,58,9,97,79,77,21,110,66,41,32,31,49,42,13,149,46,36,16,34,36,139,46,128,126,76,19,23,48,124,107,105,35,28,20,25,42,151,125,119,58,19,33,83,54,21,19,42,124,44,101,75,23,21,61,48,36,114,111,41,27,41,35,44,67,25,26,93,57,50,40,26,104,31,127,123,122,78,51,29,38,86,80,31,121,95,62,57,41,41,40,155,40,32,55,53,33,133,45,106,90,49,35,42,132,83,48,42,107,99,79,54,37,37,52,100,153,77,54,149,109,155,96,83,62,48,44,140,90,67,55,87,54,43,141,53,49,139,87,45,47,57,125,123,51,142,139,55,149,99,88,57,88,61,144,62,150,142
154,153,143,69,62,57,51,62,150,94,75,58,50,158,83,53,51,73,47,48,44,157,133,92,77,43,110,86,53,150,41,44,98,81,57,156,135,52,39,142,57,56,42,150,73,60,92,62,54,143,66,59,40,34,66,39,34,163,159,158,34,125,111,95,76,51,117,95,77,38,161,80,72,58,29,38,146,33,31,30,119,42,33,36,162,154,117,109,57,55,27,24,144,93,56,40,35,52,99,67,21,32,139,82,87,56,39,22,123,79,55,160,60,57,53,17,147,121,100,26,21,22,134,93,65,44,29,29,115,108,73,50,16,27,30,144,125,68,66,28,32,160,151,145,128,85,53,13,96,65,135,57,51,46,138,31,148,132,64,151,143,115,109,72,37,138,70,11,23,24,101,2,25,97,1,125,112,57,22,12,9,0,162,156,56,144,39,22,18,162,130,102,99,69,31,3,20,64,22,4,145,144,137,127,120,118,108,57,56,25,159,143,70,36,147,134,73,53,44,159,152,97,34,33,14,9,8,24,137,67,12,105,88,86,13,119,75,50,41,40,57,50,13,158,55,28,22,26,28,148,38,137,135,85,16,18,39,133,116,114,43,35,25,19,34,160,134,128,66,23,26,92,63,27,20,35,133,36,110,84,28,24,70,56,29,123,120,49,33,34,29,37,75,25,25,101,65,58,48,27,112,37,136,132,131,87,59,28,32,95,89,29,130,103,70,65,48,36,47,164,46,33,62,61,34,142,40,114,98,56,35,38,141,91,55,38,115,108,87,61,38,38,46,109,162,85,60,158,117,163,104,91,69,53,42,149,98,74,61,95,60,43,150,58,46,147,95,46,45,52,133,131,48,151,147,60,158,107,96,63,95,67,153,67,159,150
55,55,59,127,136,146,174,205,55,97,116,139,156,49,106,146,187,115,180,150,166,45,57,92,107,163,74,97,199,46,167,182,84,100,128,41,52,133,170,46,126,126,186,40,106,120,85,117,126,42,112,119,144,163,110,145,171,33,34,34,177,52,64,79,98,126,58,78,96,142,30,92,101,116,168,189,35,148,151,154,53,131,185,190,25,27,53,61,113,116,152,165,31,76,114,131,190,117,69,100,160,187,32,85,80,111,130,175,44,87,112,18,106,109,113,164,23,45,65,142,150,178,33,72,100,122,138,188,50,57,91,115,173,187,190,22,40,96,98,187,133,11,16,20,35,78,110,172,67,97,28,105,111,117,25,132,15,31,98,12,20,47,53,90,125,24,92,151,185,186,61,161,187,65,162,37,50,105,140,150,153,162,0,6,106,18,123,140,180,2,32,60,63,93,131,161,182,98,140,160,17,18,25,35,42,44,54,105,106,187,6,20,92,127,16,29,89,109,119,8,12,65,129,130,151,159,162,185,26,96,154,58,76,78,171,45,89,113,123,124,107,114,157,13,110,187,146,184,186,21,197,30,32,80,165,171,199,34,50,52,123,132,144,172,192,17,34,39,99,148,182,74,104,144,156,192,36,193,58,83,144,152,98,112,182,47,49,121,140,188,180,191,94,159,161,69,105,113,125,156,59,139,40,43,43,84,113,163,180,77,83,165,46,69,103,108,128,183,130,31,133,156,114,116,156,41,186,63,78,123,162,179,44,85,126,178,64,71,90,119,157,159,193,70,38,95,122,40,65,40,77,90,114,135,174,45,84,109,125,88,127,162,47,131,179,49,90,157,173,193,58,60,181,50,52,134,49,82,93,132,95,128,53,128,52,55
53,53,56,122,131,140,168,199,53,92,111,133,150,48,100,140,181,109,174,144,160,44,53,87,102,157,69,92,193,44,162,176,79,94,122,40,48,127,164,43,120,120,180,38,100,114,80,111,121,39,106,114,138,157,105,139,166,33,33,33,171,47,59,73,93,120,53,73,90,137,30,86,95,110,162,183,32,142,145,148,48,125,179,184,25,25,48,56,107,110,146,159,28,70,108,125,184,111,63,95,154,181,28,79,74,105,124,169,39,81,106,18,100,104,108,158,20,40,59,136,144,172,28,66,94,116,132,182,44,51,85,109,167,181,184,18,35,90,92,181,127,12,12,15,30,72,104,166,61,91,22,99,105,111,19,126,10,25,92,7,14,41,47,84,119,18,86,145,179,180,55,155,181,59,156,31,44,99,134,144,147,156,6,0,100,12,117,134,174,6,26,54,57,87,125,155,176,92,134,154,12,13,19,29,36,38,48,99,100,181,6,14,86,121,11,23,83,103,113,8,8,59,123,124,145,153,156,179,21,90,148,52,70,72,165,39,83,107,117,118,101,108,151,12,104,181,140,178,180,17,192,25,27,75,159,165,193,29,44,46,117,126,138,166,186,17,29,34,94,142,176,68,98,138,150,186,31,187,52,78,138,146,92,106,176,41,44,115,134,182,175,185,88,153,155,63,99,107,119,150,54,134,35,38,39,79,107,157,174,72,77,159,42,64,97,102,122,177,125,31,127,150,108,110,150,38,180,58,72,117,156,173,40,80,120,173,59,66,85,113,151,153,187,65,38,89,116,39,60,40,72,85,109,129,168,43,79,103,119,82,121,156,45,126,173,47,84,152,167,187,55,56,175,48,50,129,48,78,88,126,90,122,51,123,51,53
103,102,94,53,56,60,79,106,99,56,50,55,65,106,49,58,89,46,82,58,70,105,83,51,45,67,63,47,98,98,70,82,53,44,44,103,83,45,71,90,41,40,85,97,38,38,46,36,39,90,35,36,49,64,34,49,71,109,105,104,76,72,60,47,35,36,65,46,34,45,106,36,32,31,66,86,92,49,51,54,65,34,81,86,107,99,64,56,25,26,51,62,89,42,25,33,85,25,47,23,56,83,85,32,35,20,30,71,69,28,19,105,18,18,19,60,92,66,46,39,46,73,79,39,17,22,34,82,60,53,21,16,67,81,84,89,69,17,16,82,29,105,96,90,73,31,11,67,41,13,79,8,9,14,82,27,92,76,10,95,87,59,53,17,20,82,15,45,79,80,45,55,81,41,56,69,56,1,34,44,47,56,106,100,0,88,17,34,74,106,74,46,43,13,25,55,76,9,34,54,89,88,81,71,64,62,52,4,4,81,103,87,15,22,91,78,18,7,14,103,96,42,24,25,46,53,56,79,81,13,49,50,32,30,66,63,21,12,20,21,11,13,52,102,12,82,41,79,81,92,92,81,79,31,60,66,93,78,61,59,23,30,40,67,86,104,79,73,19,44,77,38,18,41,52,87,77,88,56,32,42,49,23,21,78,69,66,26,39,84,77,87,28,56,58,49,25,25,30,54,59,40,82,78,77,37,27,61,77,44,40,64,76,52,30,29,35,80,37,109,39,56,32,32,57,88,84,63,50,36,62,78,87,45,38,77,64,58,43,37,59,61,91,59,108,42,39,105,67,110,57,47,40,46,75,96,53,41,43,51,44,65,97,47,80,95,52,63,75,93,82,81,82,98,95,51,106,62,55,51,55,50,101,51,107,99
53,53,54,111,120,129,157,188,52,82,101,123,139,49,90,130,170,99,163,133,149,46,48,77,92,146,61,82,181,43,150,165,69,84,111,42,44,116,153,41,110,109,169,38,89,103,70,100,109,36,95,103,127,146,94,128,154,38,36,36,160,40,50,63,82,109,45,63,80,125,34,76,84,99,150,172,30,130,133,136,39,113,167,172,31,27,39,46,96,98,135,147,25,60,96,114,172,100,52,83,142,170,23,68,63,93,112,157,30,70,94,24,88,92,96,146,18,30,48,124,132,160,20,55,83,104,120,170,34,40,74,97,155,169,172,14,24,78,80,170,115,20,14,11,19,60,93,154,49,80,13,87,93,99,10,114,8,14,80,9,6,30,36,72,107,8,74,133,167,168,43,143,169,47,144,19,32,87,122,132,135,144,18,12,88,0,105,122,162,18,14,42,45,75,113,143,164,80,122,142,3,3,8,17,24,26,36,87,88,169,16,4,74,109,6,11,71,91,101,16,10,47,111,112,133,141,144,167,10,78,136,40,58,60,153,28,71,95,105,106,89,96,139,17,92,169,128,166,168,13,179,16,17,63,147,153,181,19,33,34,105,114,126,154,174,22,19,23,82,130,164,57,86,126,138,174,22,175,41,66,126,134,81,94,164,31,33,103,122,170,162,173,77,141,143,52,87,95,107,138,43,122,28,30,31,67,96,145,162,60,66,147,33,53,86,90,111,165,113,34,115,138,96,98,139,33,168,48,62,105,144,161,35,69,108,161,49,55,74,101,139,141,176,55,39,78,105,39,51,41,62,74,97,118,156,40,68,92,108,72,110,144,42,114,162,43,74,140,155,175,48,49,163,45,46,117,47,68,78,115,79,111,49,111,50,50
119,118,109,53,53,55,68,92,114,66,54,50,56,122,57,51,76,50,69,50,59,121,98,62,51,56,77,57,84,113,58,69,65,53,42,119,99,41,59,106,40,39,71,114,45,39,59,39,37,106,40,37,40,51,39,39,57,126,122,121,61,88,76,61,45,33,81,60,45,36,123,48,41,33,52,71,108,37,39,41,82,27,66,70,124,116,80,72,29,28,37,48,106,57,28,26,70,25,62,34,42,67,101,47,51,25,22,55,85,43,24,121,27,24,22,44,109,83,63,25,32,57,96,56,29,17,21,66,76,70,36,17,51,65,68,106,86,31,30,66,16,122,113,107,90,47,17,50,58,28,96,20,15,11,99,12,109,93,26,112,104,76,70,34,6,99,31,28,62,63,62,38,64,58,39,86,73,18,17,27,30,39,123,117,17,105,0,17,57,123,91,63,60,30,8,38,59,25,17,37,106,105,98,88,81,79,69,18,17,64,120,104,31,6,108,95,34,15,6,120,113,58,8,9,29,36,39,62,98,28,32,66,49,47,49,80,36,13,9,9,20,14,35,119,18,65,25,62,64,109,75,98,96,46,43,49,76,94,77,76,15,17,25,50,70,121,95,89,30,29,60,54,27,26,36,70,94,71,72,46,28,34,34,24,61,85,82,21,26,67,60,71,39,41,43,64,32,27,24,39,74,29,98,94,93,50,29,46,61,58,52,48,91,66,37,34,28,64,29,126,31,42,34,33,43,104,68,77,62,33,48,62,103,56,34,62,78,71,53,36,46,47,76,73,124,52,38,120,81,125,69,57,42,39,60,111,64,46,40,62,41,53,112,42,66,110,62,51,62,78,97,95,68,113,110,46,121,73,64,47,64,48,116,49,122,114
134,133,124,58,55,53,59,79,130,78,62,51,51,138,67,49,64,59,58,46,50,137,113,74,62,48,91,69,70,129,48,57,79,65,46,135,115,43,48,122,45,44,57,130,56,46,73,47,42,122,50,44,36,41,49,35,45,142,138,137,48,104,91,76,57,38,96,75,59,32,139,61,54,42,40,56,125,30,31,32,98,30,51,55,140,133,97,88,40,37,28,35,123,72,38,27,54,35,78,48,29,51,118,62,66,37,24,40,102,59,36,138,41,37,34,30,125,100,79,18,20,41,112,72,44,25,16,50,93,86,52,30,35,48,51,123,103,47,45,49,15,139,130,123,107,64,32,34,75,44,113,36,30,25,116,11,126,110,43,129,121,93,87,50,16,116,48,12,45,46,79,21,47,75,22,103,90,35,2,10,13,22,140,134,34,122,17,0,40,140,108,80,77,47,9,21,42,42,2,20,123,122,115,105,98,96,86,35,34,47,137,121,48,14,125,112,51,31,22,137,130,75,13,12,13,20,23,45,115,45,16,83,65,64,32,96,53,28,19,18,35,29,20,135,33,48,13,46,48,126,58,115,113,63,28,33,60,111,94,92,23,17,15,34,53,138,112,106,45,17,44,70,42,17,23,54,110,55,88,62,19,22,48,36,46,101,98,30,21,51,45,55,54,29,30,80,45,38,30,28,91,25,114,110,109,65,40,33,46,73,68,35,108,82,50,46,32,50,32,142,32,33,44,42,34,120,54,93,77,40,38,49,119,71,39,49,94,86,67,44,37,38,61,88,140,65,44,136,96,141,84,71,51,41,49,127,78,56,46,75,46,44,128,45,54,126,75,44,51,64,112,110,56,129,126,48,136,87,76,50,76,53,131,54,137,129
171,170,161,83,76,69,55,56,167,111,91,71,59,176,99,65,49,89,47,59,50,175,151,109,94,51,128,103,46,168,47,43,115,98,72,174,153,67,44,160,72,72,39,168,89,76,109,78,70,161,82,75,54,42,83,52,37,181,177,176,35,143,129,113,93,67,135,113,95,52,179,98,90,75,34,32,164,46,44,42,137,59,27,28,180,172,136,127,75,72,40,31,162,111,73,57,26,69,117,85,32,24,158,100,105,74,56,22,141,97,73,178,78,74,71,25,165,139,118,43,36,18,152,111,83,61,46,17,133,126,91,68,17,16,17,163,143,86,84,16,50,178,169,163,146,104,71,14,114,84,153,76,70,64,156,49,166,150,82,169,161,133,127,90,55,156,88,29,7,8,119,19,8,115,18,143,130,75,40,30,27,18,180,174,74,162,57,40,0,180,148,120,117,87,49,19,2,82,40,20,163,162,155,145,138,136,126,75,74,8,177,161,88,53,165,152,91,71,61,177,170,115,51,50,30,22,19,8,155,84,27,123,105,103,12,136,92,68,58,57,75,68,25,175,72,13,37,13,13,166,21,155,153,102,21,17,23,151,134,132,60,51,40,17,19,178,152,146,84,37,16,109,80,41,30,20,150,22,127,101,42,35,86,73,20,141,138,65,47,22,22,24,92,33,31,118,82,74,63,35,129,50,153,149,148,103,75,32,26,111,106,32,147,120,86,81,62,28,60,181,59,40,77,76,41,159,32,131,115,70,40,33,158,108,68,34,132,124,103,76,44,43,36,125,179,100,74,175,134,180,120,106,83,64,41,166,114,89,74,111,73,48,166,70,42,164,111,52,45,44,150,148,44,167,164,71,174,122,110,74,110,78,169,79,175,167
57,57,61,128,137,146,175,205,57,98,117,140,157,51,106,147,188,115,180,151,167,47,58,93,108,164,75,98,199,48,168,182,85,101,128,43,53,134,170,48,127,126,186,42,106,120,86,117,127,44,112,120,145,163,111,146,172,35,36,36,177,53,65,80,99,127,59,79,97,143,32,93,101,116,168,190,36,148,151,154,54,131,185,190,27,29,54,62,113,116,152,165,33,77,114,132,190,118,69,101,160,188,33,85,80,111,130,175,45,88,112,20,106,110,114,164,25,46,66,142,150,178,34,72,101,122,138,188,51,57,91,115,173,187,190,23,41,96,98,188,133,13,17,21,36,78,111,172,67,98,29,105,111,117,26,132,16,31,98,13,20,48,53,90,125,25,92,151,185,186,61,161,187,65,162,37,50,105,140,150,153,162,2,6,106,18,123,140,180,0,32,60,63,93,131,161,182,98,140,160,17,18,25,35,42,44,54,105,106,187,4,19,92,127,16,28,89,109,119,6,11,65,129,130,151,159,162,185,26,96,154,57,75,77,171,45,88,113,123,124,106,113,157,11,109,187,145,184,186,19,197,29,31,80,165,170,198,33,49,51,123,132,144,172,192,15,33,38,99,148,182,74,103,144,156,192,35,193,57,83,144,152,98,112,182,46,48,121,139,188,180,191,94,159,161,68,105,112,124,156,58,139,38,41,42,84,113,163,180,77,82,165,45,69,103,107,128,183,130,29,132,156,113,115,156,39,186,62,77,122,161,179,42,85,125,178,63,70,90,118,157,159,193,69,36,94,121,38,64,38,76,89,114,134,173,43,83,108,124,87,126,161,45,131,179,47,89,157,172,193,57,58,180,48,51,134,48,81,92,131,94,127,51,127,50,53
56,56,54,100,108,117,144,175,54,73,90,110,127,54,80,117,157,87,150,121,136,51,46,67,80,133,53,71,168,46,137,152,59,73,99,47,42,104,139,42,97,97,155,42,78,91,59,88,97,38,83,90,114,132,81,115,141,46,44,43,146,35,41,52,70,96,37,52,68,112,43,64,72,86,137,158,34,117,120,123,31,100,154,158,40,35,31,36,83,85,121,134,29,48,83,100,158,87,41,70,128,156,24,55,50,80,98,144,22,57,81,35,75,79,82,133,25,21,36,111,119,146,18,42,69,91,106,156,23,28,60,84,141,155,158,21,16,65,67,156,101,33,25,19,12,47,79,141,36,66,11,74,80,86,12,100,20,8,66,22,15,17,22,58,93,10,60,119,153,154,29,129,155,33,130,6,18,73,108,118,121,130,32,26,74,14,91,108,148,32,0,28,31,61,99,129,150,66,108,128,15,14,7,4,10,12,22,73,74,155,29,13,60,95,17,6,57,77,87,29,23,33,97,98,119,127,130,153,9,64,122,26,44,46,139,14,57,81,91,92,75,81,125,29,78,155,114,152,154,21,165,14,14,49,133,139,167,14,21,22,91,100,112,140,160,33,15,15,68,116,150,43,72,112,124,160,17,161,28,52,112,120,67,80,150,22,23,89,108,156,148,159,63,127,129,39,74,81,93,124,32,108,25,25,25,54,82,131,148,48,53,134,27,41,72,77,97,151,99,42,101,124,83,85,125,32,154,38,50,92,130,148,34,57,95,147,40,45,61,88,126,128,162,45,45,66,91,44,42,47,51,62,84,104,142,41,57,79,94,60,97,130,43,101,148,43,62,126,141,162,43,44,149,46,46,104,50,58,66,102,68,98,50,98,53,50
69,68,63,78,85,93,119,148,66,57,69,87,102,70,60,93,131,66,124,95,110,67,52,51,60,107,45,52,141,61,111,125,45,53,75,65,50,79,113,54,73,72,128,59,55,67,42,64,72,52,59,65,88,106,58,89,114,68,64,64,119,39,34,36,47,71,35,35,45,86,64,42,48,61,110,131,51,90,93,96,31,74,126,131,64,57,30,27,57,59,94,106,48,29,57,74,131,60,25,45,101,128,43,32,28,54,71,116,29,33,54,60,48,52,56,105,48,26,19,83,91,119,36,21,43,64,79,128,20,17,34,56,113,127,130,45,27,38,40,128,73,59,51,45,29,21,51,113,13,39,34,46,52,58,37,73,47,31,39,49,42,15,10,31,65,36,33,91,125,126,5,101,127,6,102,23,10,45,80,90,93,102,60,54,46,42,63,80,120,60,28,0,3,33,71,101,122,38,80,100,43,42,35,25,18,16,6,45,46,127,57,41,32,67,45,32,29,49,59,57,50,7,69,70,91,99,102,125,36,36,94,8,17,18,111,18,29,54,64,64,47,54,97,56,50,127,86,124,126,47,138,36,35,23,105,111,139,33,19,18,64,72,84,112,132,59,34,29,41,88,122,20,45,85,96,132,34,133,19,28,85,93,41,53,122,28,26,62,81,129,121,132,38,99,101,23,48,55,66,97,25,81,40,37,36,32,56,104,121,29,32,106,36,27,47,52,70,124,73,66,75,97,57,59,98,48,127,33,34,66,103,120,47,38,69,120,35,34,41,63,99,101,134,35,66,45,67,63,38,68,38,43,60,79,115,57,41,57,70,43,72,104,58,76,121,57,46,100,115,135,49,48,123,60,58,80,66,47,50,78,51,75,64,75,69,63
71,70,64,76,83,91,116,145,68,56,67,84,99,72,59,90,128,64,121,93,108,69,53,49,58,105,45,51,139,63,108,122,44,51,72,67,52,77,110,56,70,70,126,61,53,64,40,61,69,54,57,63,85,103,55,86,111,70,67,66,116,40,35,35,45,68,36,34,43,83,67,40,46,59,107,128,54,88,90,93,33,71,123,128,67,59,31,28,54,57,91,104,50,28,55,71,128,58,24,42,98,125,45,30,26,51,69,113,31,30,51,63,46,49,53,102,51,28,19,80,88,116,38,19,40,61,76,125,22,18,31,53,110,124,127,47,29,35,37,125,70,62,54,48,31,18,49,110,11,36,37,43,49,55,40,70,50,34,36,52,45,17,12,28,62,39,30,88,122,123,5,98,124,4,99,26,13,42,77,87,90,99,63,57,43,45,60,77,117,63,31,3,0,30,68,98,119,35,77,97,46,45,38,28,21,19,9,42,43,124,60,44,29,64,48,35,26,46,56,60,53,5,66,67,88,96,99,122,38,34,91,9,14,16,108,21,26,51,61,62,44,51,94,59,47,124,83,121,123,49,135,39,37,21,102,108,136,36,21,20,61,69,81,109,129,62,37,32,38,85,119,18,42,82,93,129,36,130,20,25,82,90,38,51,120,30,28,59,78,126,118,129,36,97,98,23,45,52,63,94,26,78,42,39,38,30,53,101,118,28,30,103,38,27,45,49,68,121,70,68,72,95,55,57,95,50,124,34,33,64,100,117,50,36,67,117,35,34,39,60,96,98,131,35,68,43,64,65,39,70,38,42,58,76,113,59,40,54,67,42,70,101,60,73,118,59,45,98,112,132,50,49,120,62,60,77,69,46,49,76,50,72,66,73,71,65
93,92,85,59,63,69,91,118,89,54,53,63,75,96,50,67,101,49,94,69,82,94,73,48,46,79,56,45,111,87,82,95,47,43,51,92,73,54,83,79,49,48,98,86,39,44,41,42,47,79,39,43,60,76,38,60,83,97,94,93,88,62,51,40,34,45,55,39,33,57,95,33,32,37,79,99,80,61,63,66,55,45,94,99,95,87,53,46,32,34,63,75,77,33,32,44,98,33,37,25,69,96,73,25,27,27,41,84,57,22,27,92,23,25,28,73,79,54,36,52,59,86,66,29,19,33,47,96,48,41,16,26,81,94,97,76,57,15,16,95,41,92,83,77,60,20,21,80,29,12,67,16,21,26,70,40,79,64,9,82,74,47,41,8,33,69,6,58,92,93,32,68,94,28,69,56,43,12,47,57,60,69,93,87,13,75,30,47,87,93,61,33,30,0,38,68,89,5,47,67,76,75,68,58,51,49,39,12,13,94,90,74,3,34,78,65,6,16,26,90,83,28,36,37,58,66,69,92,68,7,61,37,19,17,78,50,9,22,31,32,16,22,65,89,19,95,53,92,94,79,105,68,66,19,72,78,106,65,48,46,32,40,52,79,99,91,66,60,16,56,89,26,18,52,64,99,64,100,43,22,53,61,19,25,90,56,53,33,49,96,89,99,22,68,70,37,25,29,37,65,47,50,69,65,64,28,30,72,89,33,30,75,63,40,28,29,42,92,44,96,46,67,34,35,67,76,95,51,39,41,72,89,75,36,43,88,52,47,35,39,69,71,103,48,95,36,43,92,55,97,47,40,40,52,85,84,44,40,46,43,48,75,85,51,91,82,45,72,85,104,71,69,93,86,83,56,93,53,48,55,49,53,89,54,95,87
126,125,116,56,54,54,64,86,122,72,58,51,54,130,62,50,71,55,64,49,55,129,106,68,57,53,84,63,77,121,54,64,72,59,44,127,107,42,54,114,42,41,65,121,50,43,66,43,39,114,45,41,38,46,44,37,52,134,130,129,55,96,83,68,51,35,88,68,52,34,131,54,47,37,47,64,116,34,35,37,89,28,59,64,132,124,88,80,34,32,33,42,114,64,33,26,63,30,70,41,36,60,109,54,58,31,22,48,93,51,30,130,34,30,28,38,117,91,71,21,26,50,104,64,37,21,18,59,85,78,44,23,44,57,60,114,94,39,37,58,14,130,121,115,98,55,24,43,66,36,104,28,22,17,107,9,117,101,34,120,112,84,78,42,9,107,39,21,54,55,70,30,56,66,31,94,81,26,9,19,22,31,131,125,25,113,8,9,49,131,99,71,68,38,0,30,51,33,9,29,114,113,106,96,89,87,77,26,25,56,128,112,39,5,116,103,42,22,13,128,121,66,5,5,21,28,31,54,106,36,24,74,56,54,41,87,44,20,11,11,27,20,28,126,24,57,18,54,56,117,67,106,104,54,35,41,68,102,85,83,17,14,18,42,62,129,103,97,36,22,52,61,33,20,29,62,101,63,79,53,22,27,40,28,53,92,89,23,21,59,52,63,46,34,36,71,37,31,25,33,82,25,105,101,100,57,33,39,53,64,59,41,99,73,42,38,28,57,28,133,29,36,37,36,37,111,61,84,69,35,42,55,110,62,34,55,85,78,59,38,40,42,68,79,131,57,39,127,87,133,75,63,45,38,54,119,70,49,41,67,41,47,119,42,59,117,68,47,55,71,103,102,62,120,117,45,128,79,69,47,69,49,123,50,129,120
154,153,144,70,64,60,54,65,150,95,76,60,53,158,84,55,54,74,50,50,47,157,133,92,78,46,111,87,56,150,44,47,98,82,59,156,135,54,42,142,58,57,45,150,73,61,92,63,55,143,66,60,43,37,67,41,37,163,159,158,37,125,111,95,76,52,117,95,77,40,160,81,72,59,32,41,145,35,34,33,118,43,36,39,161,153,117,108,58,55,29,27,143,93,56,41,37,52,99,67,24,35,139,82,87,56,40,26,123,79,55,159,60,57,53,20,146,121,100,28,22,25,133,93,65,44,29,31,114,107,73,50,19,30,32,144,124,68,66,30,32,160,151,144,128,85,52,16,96,65,134,57,51,45,137,30,147,131,64,150,142,114,108,71,37,137,69,12,25,26,100,5,26,96,4,124,111,56,21,11,9,3,161,155,55,143,38,21,19,161,129,101,98,68,30,0,21,63,21,1,144,143,136,126,119,117,107,56,55,26,158,142,69,34,146,133,72,52,42,158,151,96,32,31,11,5,5,25,136,65,9,104,86,84,12,117,73,49,39,38,56,49,10,156,53,28,19,25,27,146,38,136,134,83,13,16,39,132,115,113,41,33,23,17,33,159,133,127,65,21,25,90,61,24,17,34,131,35,109,82,25,21,68,54,28,122,119,47,30,33,28,36,73,22,22,100,63,56,45,24,111,34,134,130,129,85,57,25,30,93,87,26,128,102,68,63,45,34,44,163,43,30,60,58,31,140,38,113,96,54,32,35,139,89,52,36,113,106,85,59,35,35,45,107,160,82,58,156,115,162,102,89,66,50,39,147,96,72,58,93,57,40,148,55,43,145,93,43,42,50,131,129,45,149,145,57,156,105,93,60,93,64,151,64,157,148
174,173,163,85,78,71,56,56,169,113,93,73,61,178,101,67,50,91,49,61,52,177,153,111,96,52,130,105,47,170,48,44,117,101,75,176,155,69,45,162,74,74,40,171,92,78,112,81,72,163,85,77,56,44,85,55,39,183,179,178,36,145,131,115,95,69,137,115,97,54,181,100,92,77,36,32,166,48,46,44,139,61,28,29,182,174,138,129,77,74,42,33,164,113,76,59,27,72,119,87,34,24,160,103,107,76,58,23,144,99,75,180,81,77,73,28,167,141,121,45,38,20,154,113,85,64,48,18,135,128,93,70,19,16,17,165,145,88,86,16,52,180,171,165,148,106,73,16,117,86,155,78,72,66,158,51,168,152,84,171,163,135,129,92,57,158,90,32,7,7,121,22,7,117,20,145,132,77,42,32,29,20,182,176,76,164,59,42,2,182,150,122,119,89,51,21,0,84,42,22,165,164,157,147,140,138,128,77,76,5,179,163,90,55,167,154,93,73,63,179,172,117,53,52,31,24,21,6,157,86,29,125,107,105,13,138,94,69,60,59,77,70,27,177,74,11,39,11,12,167,19,157,155,104,22,18,21,153,136,134,62,53,41,18,17,180,154,148,85,38,15,111,82,42,31,18,152,20,129,103,43,36,88,74,19,142,139,66,48,21,21,22,94,33,32,120,83,76,64,36,131,51,155,151,150,105,76,33,25,113,107,32,148,122,87,83,63,27,62,183,60,41,79,77,42,161,31,133,116,72,40,33,159,109,69,34,133,126,105,77,45,43,35,127,181,102,75,177,135,182,122,108,84,65,40,168,116,90,75,112,74,48,168,71,42,165,112,52,45,42,151,149,44,169,165,72,176,124,112,75,111,79,171,80,177,168
98,97,89,58,62,67,87,114,94,56,53,61,72,101,51,65,97,49,90,66,78,99,78,50,47,75,60,47,106,92,78,91,51,45,50,97,78,52,80,84,47,47,93,91,40,43,44,41,45,84,39,41,57,72,38,57,79,103,99,98,84,67,55,44,35,42,60,43,35,53,100,35,33,36,75,95,85,57,59,62,60,42,90,95,100,92,58,50,30,32,59,71,83,37,30,41,94,31,41,25,65,91,78,29,31,25,38,79,62,26,25,97,22,23,25,68,84,59,40,47,55,81,72,34,19,30,43,91,53,46,19,23,76,90,93,82,62,16,16,90,37,97,88,82,65,25,18,75,34,12,72,13,17,22,75,35,84,69,9,87,79,52,46,11,28,74,9,53,87,88,37,63,89,33,64,61,48,8,42,52,55,64,98,92,9,80,25,42,82,98,66,38,35,5,33,63,84,0,42,62,81,80,73,63,56,54,44,7,8,89,95,79,6,29,83,70,9,11,21,95,88,33,31,32,53,61,64,87,73,5,56,41,24,22,73,54,12,17,26,27,11,17,60,93,14,89,48,87,89,84,100,73,71,22,67,73,101,69,53,51,27,35,47,74,94,96,70,65,14,51,84,30,16,47,59,94,69,95,47,24,48,56,18,22,85,60,57,28,44,91,83,94,22,63,65,40,22,25,33,60,51,45,73,69,68,30,27,67,84,36,32,70,67,44,26,27,37,87,40,101,42,62,31,32,62,80,90,55,42,37,68,84,79,38,39,83,56,50,36,36,64,66,98,51,99,37,39,96,58,101,49,41,38,48,80,88,45,38,43,44,45,70,89,48,86,86,46,67,80,99,74,72,88,90,87,52,97,55,48,51,49,50,93,51,98,91
135,134,125,60,57,55,61,80,131,79,64,53,53,139,69,51,65,60,60,48,52,137,114,75,63,50,92,70,71,130,50,58,80,66,48,136,115,45,50,122,47,46,59,130,57,48,74,49,43,123,51,46,38,42,51,37,46,143,139,138,50,105,92,76,59,39,97,76,60,34,140,62,55,43,41,57,125,32,33,34,98,31,52,56,141,133,97,89,41,39,30,36,123,73,40,29,55,36,79,49,31,52,118,63,67,39,26,41,102,59,37,139,42,38,35,31,126,100,80,20,22,42,113,73,45,27,18,50,94,87,53,31,36,49,52,123,103,48,46,50,17,139,130,124,107,64,33,35,75,45,114,37,31,25,116,13,126,110,43,129,121,93,87,51,17,116,49,13,46,47,79,22,47,75,23,103,90,35,4,11,14,22,140,134,34,122,17,2,40,140,108,80,77,47,9,21,42,42,0,20,123,122,115,105,98,96,86,35,34,47,137,121,48,13,125,112,51,31,21,137,130,75,12,11,12,19,22,45,115,44,15,83,65,63,32,96,52,28,18,17,35,28,19,135,32,48,11,45,47,125,58,115,113,62,27,32,59,111,94,92,22,16,13,34,53,138,112,106,44,16,43,70,41,15,21,53,110,54,88,61,17,20,48,35,45,101,98,28,19,51,44,54,53,27,28,79,44,37,28,26,90,23,114,110,109,65,38,32,45,72,67,34,107,81,49,44,30,49,30,142,30,31,42,41,32,120,52,92,77,38,36,48,118,70,37,47,93,86,66,43,35,36,60,87,139,64,42,136,95,141,83,70,50,39,47,127,77,54,44,74,44,42,127,43,52,125,74,42,49,63,111,109,55,128,125,46,136,86,75,48,75,51,131,52,137,128
153,152,143,70,65,60,55,67,149,95,76,60,53,157,83,56,55,74,51,51,48,156,133,92,78,47,110,86,57,149,45,48,97,82,59,155,134,54,43,141,58,57,47,149,73,61,92,63,55,142,66,60,43,38,66,42,38,162,158,157,39,124,111,95,76,52,116,94,77,40,159,80,72,58,33,43,145,35,34,33,118,43,37,40,160,153,116,108,57,55,30,28,143,92,56,41,39,52,98,67,25,36,138,82,86,56,39,27,122,78,55,158,60,56,52,21,145,120,99,28,23,26,132,92,64,43,29,32,113,106,72,49,21,31,34,143,123,67,65,31,32,159,150,144,127,84,52,18,95,64,133,56,50,44,136,30,146,130,63,149,141,113,107,70,36,136,68,11,26,27,99,6,28,95,5,123,110,55,20,11,8,4,160,154,54,142,37,20,20,160,128,100,97,67,29,1,22,62,20,0,143,142,135,125,118,116,106,55,54,27,157,141,68,33,145,132,71,51,41,157,150,95,31,30,10,4,4,25,135,64,8,103,85,83,13,116,72,48,38,37,55,48,9,155,52,28,18,26,28,145,39,135,133,82,13,16,40,131,114,112,40,32,21,17,34,158,132,126,64,19,25,89,60,23,16,34,130,36,107,81,24,19,66,53,28,121,118,45,29,33,28,36,72,21,21,98,62,55,44,23,109,33,133,129,128,84,55,24,30,91,86,25,127,100,66,62,44,33,43,161,42,29,59,57,30,139,38,111,95,52,31,35,138,88,50,35,112,104,84,57,34,33,45,106,159,81,56,155,114,160,101,87,65,48,38,146,95,70,57,92,56,39,147,54,42,144,92,42,42,50,130,128,45,147,144,56,155,103,92,58,91,62,150,63,156,147
56,56,57,114,123,132,159,189,55,85,103,125,141,52,93,132,172,101,165,135,151,48,52,80,94,148,64,84,183,46,152,166,72,87,113,44,47,118,154,44,112,111,170,41,92,105,72,102,111,39,97,105,129,147,96,130,156,40,39,38,161,43,52,66,84,111,47,65,82,127,36,78,86,101,152,173,33,132,135,138,42,115,169,174,33,30,42,49,97,100,136,149,28,62,98,115,173,102,55,85,143,171,26,70,65,95,114,159,33,72,96,26,90,94,98,148,21,33,51,126,134,161,23,57,84,106,121,171,36,42,75,99,156,170,173,17,27,80,82,171,116,21,16,14,22,62,94,156,51,81,16,89,95,101,13,116,10,16,82,11,9,31,37,74,108,11,75,134,168,169,45,144,170,48,145,21,33,88,123,133,136,145,17,12,89,3,106,123,163,17,15,43,46,76,114,144,165,81,123,143,0,1,8,18,25,27,37,88,89,170,14,2,75,110,3,11,72,92,102,14,8,48,112,113,134,142,145,168,9,79,137,40,58,60,154,28,71,96,106,107,89,96,140,14,92,170,128,167,169,10,180,14,16,63,147,153,181,18,32,34,106,115,127,154,174,19,18,22,82,131,165,57,86,127,139,175,21,176,40,66,127,135,81,95,165,30,32,104,122,171,163,174,77,141,143,51,88,95,107,139,42,122,26,28,29,67,96,146,163,60,66,148,31,52,86,91,111,166,113,31,115,139,96,98,139,30,169,47,61,105,144,162,32,68,109,161,48,54,73,101,140,142,176,54,36,78,105,36,49,38,61,73,97,118,156,37,67,92,108,71,110,144,39,114,162,40,73,140,155,176,46,47,163,42,43,117,44,67,77,115,78,111,46,111,47,47
56,56,57,113,122,131,158,189,55,84,102,124,140,52,92,131,171,100,164,134,150,49,51,79,93,147,63,83,182,46,151,166,71,86,112,45,46,118,153,44,111,110,169,41,91,104,71,101,110,39,96,104,128,146,95,129,155,40,39,39,160,43,52,65,83,110,47,64,81,126,37,77,85,100,151,172,33,131,134,137,41,114,168,173,33,30,41,48,96,99,135,148,28,61,97,114,172,101,54,84,142,170,26,69,64,94,113,158,32,71,95,27,89,93,97,147,21,32,50,125,133,160,23,56,83,105,121,170,35,41,74,98,155,169,172,17,26,79,81,170,115,22,17,14,21,61,93,155,50,80,15,88,94,100,13,115,11,16,81,11,9,30,36,73,107,10,74,133,167,168,44,143,169,47,144,20,32,87,122,132,135,144,18,13,88,3,105,122,162,18,14,42,45,75,113,143,164,80,122,142,1,0,7,17,24,26,36,87,88,169,15,1,74,109,4,10,71,91,101,15,9,47,111,112,133,141,144,167,8,78,136,39,57,59,153,27,70,95,105,106,88,95,139,15,91,169,127,166,168,10,179,14,15,62,146,152,180,17,31,33,105,114,126,153,173,20,17,21,81,130,164,56,85,126,138,174,20,175,39,65,126,134,80,94,164,29,32,103,121,170,162,173,76,140,142,51,87,94,106,138,41,121,25,27,28,66,95,145,162,59,65,147,31,51,85,90,110,165,112,32,114,138,95,97,138,30,168,46,60,104,143,161,32,68,108,160,47,54,72,100,139,141,175,53,36,77,104,36,49,39,60,73,96,117,155,37,66,91,107,70,109,143,39,113,161,40,72,139,154,175,45,46,162,42,43,116,44,66,76,114,77,110,46,110,47,47
57,56,56,107,115,124,152,182,55,79,97,118,134,54,86,124,164,94,157,128,144,50,49,74,87,140,59,78,175,47,145,159,66,80,106,46,45,111,147,43,104,104,163,42,85,98,66,95,104,39,90,97,121,140,89,122,148,44,42,41,154,39,47,59,77,103,42,59,75,119,40,71,79,93,144,166,34,124,127,130,37,107,161,166,37,33,36,42,90,93,128,141,28,55,90,108,165,94,48,77,136,163,25,62,57,87,106,151,27,64,88,31,82,86,90,140,23,27,43,118,126,153,20,49,77,98,114,163,29,35,67,91,148,162,165,18,21,72,74,163,108,27,21,16,17,54,86,148,43,73,12,81,87,93,11,108,15,11,74,17,11,24,29,66,100,8,67,126,160,161,37,136,162,40,137,13,25,80,115,125,128,137,25,19,81,8,98,115,155,25,7,35,38,68,106,136,157,73,115,135,8,7,0,10,17,19,29,80,81,162,22,6,67,102,10,4,64,84,94,22,15,40,104,105,126,134,137,160,4,71,129,32,50,52,146,20,63,88,98,99,81,88,132,22,84,162,120,159,161,14,172,11,11,55,139,145,173,13,25,27,98,107,119,146,166,26,14,16,74,123,157,49,78,119,131,167,16,168,33,58,119,127,73,87,157,24,26,96,114,163,155,166,69,134,135,44,80,88,99,131,36,114,23,24,25,60,88,138,155,53,58,140,27,45,78,83,103,158,105,36,107,131,89,90,131,29,161,41,54,98,136,154,31,61,101,153,43,48,66,94,132,134,168,48,39,71,97,38,44,42,55,67,90,110,148,37,61,85,100,64,102,136,39,106,154,40,66,132,148,168,43,43,156,42,43,110,46,61,70,107,72,103,47,104,49,47
59,59,56,98,107,115,142,172,57,72,88,109,125,57,79,115,155,86,148,119,134,54,48,66,79,131,53,70,166,49,135,149,59,72,97,50,44,102,137,44,95,95,153,45,76,89,58,86,95,41,81,88,112,130,80,113,138,50,47,46,144,36,41,52,68,94,38,51,66,110,46,62,70,84,134,156,37,115,118,121,32,98,151,156,44,38,31,36,80,83,119,131,32,46,81,98,156,84,40,68,126,153,27,53,48,78,96,141,24,55,78,39,72,76,80,130,28,22,35,108,116,144,21,40,67,88,104,153,22,27,58,81,138,152,155,24,17,62,64,153,98,36,28,23,14,44,76,138,34,63,14,71,77,83,16,98,23,11,64,26,18,15,20,56,90,14,58,116,150,151,27,126,152,31,127,5,16,70,105,115,118,127,35,29,71,17,88,105,145,35,4,25,28,58,96,126,147,63,105,125,18,17,10,0,7,9,19,70,71,152,32,16,57,92,20,7,54,74,84,32,25,30,94,95,116,124,127,150,11,61,119,23,40,42,136,11,53,78,88,89,71,78,122,31,74,152,110,149,151,22,162,14,13,45,129,135,163,13,17,18,88,97,109,137,156,35,14,13,64,113,147,40,68,109,121,157,16,158,25,49,109,117,63,77,147,19,20,86,105,153,145,156,59,124,126,36,70,78,89,121,28,104,24,23,23,51,78,128,145,44,49,130,25,38,69,73,93,148,96,43,98,121,79,81,121,31,151,35,46,88,127,144,32,53,91,143,37,41,58,84,122,124,158,41,45,62,88,44,39,48,48,58,80,101,139,40,53,76,91,57,93,127,42,97,144,42,59,123,138,158,41,41,146,45,45,101,50,54,63,98,64,94,49,95,52,49
61,61,58,93,101,109,136,166,59,68,83,103,119,61,74,109,148,80,141,112,128,57,48,62,74,125,50,65,159,52,129,143,55,67,91,54,45,96,131,46,89,89,146,49,70,83,53,80,89,43,75,82,105,123,74,106,132,54,52,51,137,36,38,47,62,88,36,46,60,103,51,56,64,78,128,149,40,108,111,114,30,91,144,149,49,43,29,32,74,77,112,124,36,41,74,91,149,78,35,62,119,146,31,47,42,71,89,134,23,49,72,45,66,70,73,123,33,21,30,101,109,137,24,34,60,81,97,146,19,22,51,74,131,145,148,29,17,56,58,146,91,43,34,29,16,38,69,131,27,57,19,64,70,76,21,91,30,16,57,32,25,10,14,49,83,20,51,109,143,144,20,119,145,24,120,7,9,63,98,108,111,120,42,36,64,24,81,98,138,42,10,18,21,51,89,119,140,56,98,118,25,24,17,7,0,2,12,63,64,145,39,23,50,85,27,14,47,67,77,39,32,23,87,88,109,117,120,143,17,54,112,16,33,35,129,6,46,71,81,82,64,71,115,38,67,145,103,142,144,29,155,19,18,39,122,128,156,17,13,14,81,90,102,130,149,41,18,15,57,106,140,33,62,102,114,150,19,151,20,42,102,110,57,70,140,18,18,79,98,146,138,149,53,117,119,30,64,71,83,114,25,98,26,25,24,44,72,121,138,38,43,123,26,33,62,67,87,141,89,49,91,114,73,74,114,34,144,32,41,82,120,137,35,48,85,137,34,37,52,78,116,117,151,38,50,56,81,48,36,52,43,53,74,94,132,44,48,70,85,52,87,120,45,91,138,45,54,116,131,151,41,41,139,48,47,94,53,51,58,92,60,88,52,89,56,51
62,62,58,91,99,108,134,164,60,67,81,101,117,62,72,107,147,79,139,110,126,58,49,61,72,123,50,64,157,53,127,141,54,65,89,55,45,94,129,47,87,87,144,50,69,81,52,78,87,44,73,80,104,121,72,104,130,56,53,52,135,36,38,46,61,86,35,45,59,101,52,55,62,76,126,147,41,106,109,112,30,89,142,147,51,45,29,31,72,75,110,122,37,40,73,89,147,76,33,60,117,144,32,45,41,69,87,132,23,47,70,47,64,68,71,121,35,21,28,99,107,135,25,33,59,80,95,144,18,21,49,72,129,143,146,31,18,54,56,144,89,45,36,30,17,36,67,129,26,55,21,62,68,74,23,89,32,17,55,34,27,9,13,47,81,22,49,107,141,142,18,117,143,22,118,9,8,61,96,106,109,118,44,38,62,26,79,96,136,44,12,16,19,49,87,117,138,54,96,116,27,26,19,9,2,0,10,61,62,143,41,25,48,83,29,16,45,65,75,41,34,21,85,86,107,115,118,141,19,52,110,14,31,33,127,6,44,69,79,80,62,69,113,40,65,143,101,140,142,31,153,21,19,37,121,126,154,18,12,13,79,88,100,128,147,43,20,16,56,104,138,31,60,100,112,148,20,149,19,40,100,108,55,68,138,18,18,77,96,144,136,147,51,115,117,29,62,69,81,112,24,96,27,25,25,43,70,119,136,37,42,121,26,31,60,65,85,139,87,51,89,112,71,73,113,35,142,31,40,80,118,135,36,46,83,135,33,36,50,76,114,116,149,37,52,55,80,49,36,54,42,52,73,92,130,45,47,68,83,50,85,118,46,89,136,46,52,114,129,149,42,41,137,49,48,93,54,50,57,90,58,87,53,87,57,52
67,67,62,84,91,99,125,155,64,62,74,93,108,67,66,99,137,71,130,102,117,64,51,55,65,114,47,57,148,58,117,131,49,58,81,62,49,85,119,52,79,78,135,56,61,73,46,70,78,50,65,72,94,112,64,95,120,64,61,60,126,38,36,40,53,77,35,39,51,92,60,47,54,67,116,137,48,97,100,102,31,80,132,137,60,53,30,29,63,66,100,113,44,33,64,80,137,67,28,51,107,135,39,38,33,60,78,122,27,39,61,56,55,58,62,111,43,24,23,89,97,125,32,26,49,70,85,134,19,18,40,63,119,133,136,40,23,44,46,134,80,54,46,40,24,27,58,119,18,45,30,52,58,64,32,79,41,26,45,44,36,11,9,37,72,31,39,97,131,132,10,107,133,13,108,18,6,51,86,96,99,108,54,48,52,36,69,86,126,54,22,6,9,39,77,107,128,44,86,106,37,36,29,19,12,10,0,51,52,133,51,35,38,73,39,26,35,55,65,51,44,11,75,76,97,105,108,131,29,42,100,6,22,24,117,12,35,59,69,70,52,59,103,50,56,133,91,130,132,40,143,30,28,27,111,117,144,27,14,13,69,78,90,118,138,53,28,23,46,94,128,23,50,90,102,138,27,139,16,31,90,98,45,59,128,22,21,67,86,134,126,137,42,105,107,23,52,60,71,102,22,86,34,31,30,35,61,109,126,30,34,112,31,27,51,56,75,129,77,59,80,103,62,64,103,42,132,30,34,71,108,126,42,39,74,125,32,33,43,67,104,106,140,34,60,47,71,57,35,62,38,45,64,83,121,51,42,60,74,44,76,109,52,80,126,51,47,105,120,140,44,44,128,55,53,84,61,46,51,82,52,78,58,79,63,57
104,103,95,57,60,64,83,109,100,60,54,59,68,107,53,62,92,50,85,62,74,106,84,54,49,71,65,50,101,98,73,85,55,47,48,104,84,49,74,91,46,45,88,98,41,42,49,40,43,91,39,40,52,67,38,52,74,109,106,105,78,73,62,49,38,40,66,48,38,49,107,38,35,35,69,89,92,52,54,57,66,38,84,88,107,99,65,57,29,30,54,65,89,43,29,37,88,29,48,27,59,85,85,34,37,24,33,73,69,30,24,104,22,22,23,62,91,66,47,42,49,75,79,40,21,26,37,84,60,53,23,20,69,83,86,89,69,20,19,84,31,104,95,89,72,31,15,68,41,15,79,12,13,17,82,29,92,76,12,94,86,59,53,17,22,81,15,47,80,81,45,56,82,40,57,68,55,5,35,45,48,57,105,99,4,87,18,35,75,105,73,45,42,12,26,56,77,7,35,55,88,87,80,70,63,61,51,0,1,82,102,86,13,22,90,77,16,4,14,102,95,40,24,25,46,54,57,80,80,10,49,48,30,28,66,61,18,10,19,20,7,11,52,100,9,82,41,80,81,91,93,80,78,28,60,66,94,76,59,57,21,29,40,67,87,103,77,71,15,44,77,36,14,40,52,87,76,88,53,29,41,49,19,18,78,66,64,23,38,84,76,87,24,56,58,46,21,22,27,53,56,39,79,76,75,34,24,61,77,41,36,63,73,49,26,25,32,80,34,107,36,55,28,29,56,86,83,60,46,33,61,77,85,41,35,77,61,54,39,33,58,59,91,56,106,38,36,102,64,107,53,43,36,43,73,94,49,37,39,47,41,64,94,43,79,92,48,61,74,92,79,78,81,96,93,48,103,58,51,48,51,47,98,48,104,96
105,104,96,57,59,64,82,108,101,60,54,58,68,108,53,61,91,50,84,61,73,106,85,54,49,70,66,51,100,99,72,85,56,47,47,105,85,49,74,92,45,44,87,99,42,42,49,40,43,92,39,40,52,66,38,52,73,110,107,106,77,74,62,50,38,39,67,49,38,48,108,39,35,35,68,88,93,51,53,56,67,37,83,87,108,100,66,58,29,30,53,64,90,44,28,36,87,28,49,27,58,84,86,35,38,24,33,72,70,31,23,105,22,22,23,61,92,67,48,41,48,74,80,41,21,25,36,83,61,54,24,20,68,82,85,90,70,20,19,83,31,105,96,90,73,32,15,67,42,16,80,12,13,16,83,28,93,77,13,95,87,60,54,18,21,82,16,46,79,80,46,55,81,41,56,69,56,5,34,44,47,56,106,100,4,88,17,34,74,106,74,46,43,13,25,55,76,8,34,54,89,88,81,71,64,62,52,1,0,81,103,87,14,21,91,78,17,4,13,103,96,41,23,24,45,53,56,79,81,11,48,49,31,29,65,62,19,9,18,19,7,10,51,101,9,81,40,79,81,92,92,81,79,29,59,65,93,77,60,58,20,28,39,66,86,104,78,72,15,43,76,37,15,40,51,86,76,87,54,30,40,48,20,17,77,67,65,22,37,83,75,86,25,55,57,47,21,21,26,52,57,38,80,77,76,35,23,60,76,42,37,62,74,50,26,25,31,79,33,108,35,54,28,28,55,87,82,61,47,32,60,76,86,42,34,76,62,55,39,33,57,59,90,57,107,39,35,103,64,108,54,44,36,43,73,95,50,37,39,48,40,63,95,43,78,93,49,60,73,91,80,79,80,97,93,47,104,59,51,47,51,47,99,48,105,97
179,178,169,90,83,76,60,57,175,119,98,78,66,184,107,71,52,96,52,66,56,182,158,116,101,57,135,110,48,175,52,47,123,106,80,181,160,74,49,168,80,79,42,176,97,84,117,86,77,169,90,83,61,48,90,60,42,189,185,184,39,150,137,121,101,74,142,120,102,59,186,106,97,82,40,34,171,53,51,49,144,66,30,30,187,179,143,134,82,79,47,38,169,118,81,64,28,77,125,93,39,26,165,108,113,82,64,27,149,105,80,185,86,82,78,33,172,147,126,51,43,23,159,119,90,69,53,19,140,133,99,75,23,18,18,170,150,94,92,17,57,186,177,171,154,111,78,21,122,91,160,83,77,71,163,56,173,157,90,176,168,140,134,97,63,163,95,37,8,8,126,27,7,122,26,150,137,82,47,37,34,25,187,181,81,169,64,47,8,187,155,127,124,94,56,26,5,89,47,27,170,169,162,152,145,143,133,82,81,0,184,168,95,60,172,159,98,78,68,184,177,122,58,57,36,28,25,4,162,91,33,130,112,110,17,143,99,74,64,63,81,74,31,182,78,8,43,9,9,172,14,161,159,109,25,20,16,157,141,139,66,57,46,20,13,184,159,153,90,42,14,116,86,46,35,15,157,16,134,107,47,39,93,79,18,147,144,70,52,18,21,19,98,36,34,125,88,80,68,39,136,55,160,156,155,109,80,35,25,117,112,34,153,126,91,87,67,26,65,188,64,43,83,81,44,166,29,137,121,75,42,32,164,113,73,33,138,130,109,81,47,45,32,131,185,106,79,181,139,187,126,112,88,68,40,172,120,94,78,116,77,49,172,74,41,170,116,54,45,40,156,154,43,173,170,75,180,128,116,78,115,82,175,83,181,173
59,59,62,127,136,145,173,203,59,97,116,138,155,54,105,145,186,114,178,149,165,50,59,92,107,162,75,97,197,49,166,180,84,99,127,46,54,132,168,49,125,125,184,44,105,119,85,116,125,45,110,118,143,161,109,143,170,38,38,38,175,53,64,78,97,125,58,78,95,141,35,91,99,114,166,187,38,146,149,152,53,129,183,188,30,31,53,61,111,114,150,163,34,75,112,129,187,115,68,99,157,185,33,83,78,109,127,173,44,85,110,23,104,107,111,162,26,45,64,140,148,175,33,70,98,120,135,185,49,55,89,113,170,184,187,23,39,94,96,185,130,16,18,21,34,76,108,170,65,95,27,103,109,115,24,130,16,29,96,13,19,45,51,88,122,23,89,148,182,183,59,158,184,62,159,35,47,102,137,147,150,159,6,6,103,16,120,137,177,4,29,57,60,90,128,158,179,95,137,157,14,15,22,32,39,41,51,102,103,184,0,16,89,124,12,25,86,106,116,2,7,62,126,127,148,156,159,182,22,93,151,54,72,74,168,41,85,110,120,121,103,110,154,7,106,184,142,181,183,15,194,25,27,77,161,167,195,29,45,47,120,128,140,168,188,12,29,34,96,144,178,70,100,141,153,188,31,190,53,79,141,149,94,108,179,42,44,117,136,185,177,188,90,155,157,64,101,109,121,152,54,136,34,37,38,80,109,160,176,73,78,162,41,65,99,104,124,180,126,26,129,152,109,111,152,35,182,58,73,119,158,175,38,81,122,175,59,66,86,114,153,155,190,65,33,90,118,35,60,35,72,85,110,131,170,39,79,104,121,83,123,157,41,127,175,43,85,153,169,189,52,54,177,44,47,130,44,77,88,127,90,123,47,123,47,49
57,57,58,113,121,130,158,188,56,84,102,123,140,54,92,130,170,100,163,134,150,50,52,79,93,146,63,83,181,47,151,165,71,85,112,46,47,117,153,44,110,110,169,42,90,104,71,101,110,40,96,103,127,146,94,128,154,42,40,40,160,43,52,65,83,109,47,64,80,125,38,76,85,99,150,172,34,131,133,136,41,113,167,172,34,31,41,48,96,99,134,147,29,60,96,114,171,100,53,83,142,169,26,68,63,93,112,157,32,70,94,28,88,92,96,146,22,32,49,124,132,160,23,55,83,104,120,169,35,41,73,97,154,168,171,18,26,78,80,169,114,23,18,15,21,60,92,154,49,79,15,87,93,99,13,114,12,16,80,13,10,30,35,72,106,10,74,132,166,167,43,142,168,47,143,19,32,86,121,131,134,143,20,14,87,4,104,121,161,19,13,41,44,74,112,142,163,79,121,141,2,1,6,16,23,25,35,86,87,168,16,0,73,108,4,9,70,90,100,16,9,46,110,111,132,140,143,166,7,77,135,38,56,58,152,25,69,94,104,105,87,94,138,16,90,168,126,165,167,10,178,12,13,61,145,151,179,16,30,32,104,113,124,152,172,20,16,20,80,129,162,55,84,125,137,172,18,174,38,64,125,133,79,92,163,28,30,101,120,169,161,172,74,139,141,49,85,93,105,136,40,120,24,26,27,65,94,144,161,58,63,146,29,50,84,88,109,164,111,32,113,136,94,96,137,28,166,45,59,103,142,160,31,66,106,159,46,52,71,99,138,139,174,52,36,76,102,35,47,38,59,71,95,115,154,36,65,90,105,69,108,142,38,112,160,39,71,138,153,173,44,45,161,41,42,115,44,64,75,113,76,108,45,109,47,46
94,93,86,62,66,72,93,120,90,57,57,66,78,97,53,70,104,53,97,71,84,95,74,50,49,81,58,48,113,88,84,97,50,46,54,93,74,57,86,80,52,51,100,87,43,47,44,45,50,80,42,46,62,78,41,63,85,98,94,93,90,63,52,42,37,48,56,41,36,59,95,35,35,40,81,101,81,63,66,68,55,48,96,101,95,87,54,47,35,37,65,77,78,35,35,47,100,36,38,28,71,98,73,28,29,30,44,86,57,25,30,92,26,28,30,75,79,55,36,54,61,88,66,30,22,36,49,97,48,42,19,29,82,96,99,76,57,18,19,97,43,91,83,76,60,21,23,81,30,15,66,18,23,28,69,42,79,63,13,82,74,46,40,10,34,69,9,60,93,94,32,69,95,28,70,55,42,14,48,58,61,70,92,86,15,74,31,48,88,92,60,32,29,3,39,69,90,6,48,68,75,74,67,57,50,48,38,13,14,95,89,73,0,35,77,64,3,17,27,89,82,27,37,38,59,67,70,93,67,5,62,35,17,16,79,48,6,22,31,32,15,22,65,87,18,95,54,92,94,78,105,67,65,16,73,79,106,63,46,44,32,41,52,80,100,90,64,58,13,56,90,24,16,53,64,100,63,101,41,19,53,61,16,24,90,54,51,32,49,97,89,100,19,68,70,34,22,27,36,65,44,50,67,63,62,25,28,72,89,30,27,75,61,38,25,27,41,92,43,95,45,66,32,33,67,74,95,49,36,39,72,89,72,33,42,88,50,44,32,37,68,70,103,45,93,33,41,90,52,95,44,37,38,51,85,81,41,37,44,40,46,74,82,50,90,80,41,71,85,104,68,66,92,84,81,54,91,50,45,53,45,51,87,52,92,85
124,123,114,58,57,58,69,91,120,72,59,54,58,128,62,54,76,56,69,52,60,126,103,67,57,57,82,62,82,119,59,69,71,58,46,124,104,45,59,111,45,44,70,119,50,44,65,44,41,111,45,42,42,51,45,41,57,131,127,126,60,94,81,66,50,37,86,66,51,38,128,53,47,38,52,69,113,38,40,42,87,31,64,68,129,121,85,77,34,33,38,47,111,62,33,29,68,30,68,40,41,65,106,52,56,31,25,53,90,48,29,126,33,30,27,43,113,88,68,26,31,55,100,61,35,22,22,63,81,74,42,23,49,62,65,110,91,37,35,63,18,126,117,111,94,52,23,47,63,33,101,26,21,16,104,13,114,98,31,116,108,81,75,38,10,103,36,26,59,60,66,35,61,62,36,90,77,23,14,24,27,36,127,121,22,109,6,14,53,127,95,67,64,34,5,34,55,29,13,33,110,109,102,92,85,83,73,22,21,60,124,108,35,0,112,99,38,18,8,124,117,62,3,4,24,32,35,58,102,31,27,70,52,50,44,83,39,15,6,6,22,15,31,122,19,60,20,58,60,112,71,101,100,49,38,44,72,98,81,79,12,12,19,45,65,125,99,93,31,23,55,57,28,21,31,65,97,66,75,48,22,28,35,23,56,88,85,19,20,62,55,66,41,36,37,66,32,26,21,34,77,23,100,97,96,52,28,40,56,60,54,43,94,68,37,33,24,59,25,129,26,37,32,31,37,107,63,79,64,30,42,57,105,57,31,57,80,73,54,34,40,42,70,74,126,52,35,123,82,128,70,58,40,35,55,114,65,44,37,62,38,47,114,38,60,112,63,46,56,72,98,97,62,116,112,42,123,74,64,43,64,45,118,46,124,116
58,58,59,116,125,134,162,192,57,88,106,127,144,54,96,134,175,104,167,138,154,50,54,83,97,151,67,87,186,48,155,169,75,89,116,46,49,121,157,46,114,114,173,43,94,108,75,105,114,42,100,107,132,150,98,132,158,41,40,40,164,46,55,69,87,114,50,68,85,129,38,80,89,103,154,176,35,135,138,140,45,117,171,176,34,31,45,51,100,103,139,151,30,64,101,118,176,104,57,88,146,173,28,72,67,98,116,161,35,74,98,27,92,96,100,150,23,35,53,128,136,164,26,59,87,108,124,173,39,45,78,101,158,172,175,19,30,82,84,173,118,21,17,16,25,64,96,158,53,83,18,91,97,103,16,118,12,19,84,12,12,34,40,76,111,13,78,136,170,171,47,146,172,51,147,23,36,90,125,135,138,147,16,11,91,6,108,125,165,16,17,45,48,78,116,146,167,83,125,145,3,4,10,20,27,29,39,90,91,172,12,4,77,112,0,13,74,94,104,12,5,50,114,115,136,144,147,170,10,81,139,42,60,62,156,29,73,98,108,109,91,98,142,12,94,172,130,169,171,8,182,14,16,65,149,155,183,18,34,35,107,116,128,156,176,16,18,23,84,132,166,58,88,129,141,176,21,177,41,67,129,137,82,96,167,31,33,105,124,173,165,176,78,143,145,53,89,97,109,140,43,124,25,28,28,68,97,148,164,61,67,150,31,53,87,92,112,168,115,29,117,140,98,99,140,28,170,47,62,107,146,163,31,69,110,163,48,55,74,102,141,143,178,55,34,79,106,34,50,36,61,74,98,119,158,35,68,93,109,72,111,146,37,115,163,39,74,141,157,177,45,46,165,40,42,118,42,67,77,116,79,112,44,112,45,45
59,59,58,105,114,123,150,180,57,79,95,116,132,57,85,123,162,93,155,126,142,53,51,73,86,138,59,77,173,49,142,157,65,79,104,49,46,109,145,45,102,102,160,45,83,96,65,93,102,41,88,95,119,137,87,120,146,47,45,44,151,40,47,58,75,101,43,57,73,117,43,69,77,91,142,163,36,122,125,128,37,105,158,163,40,36,36,42,88,90,126,139,31,53,88,105,163,92,46,75,133,160,27,60,55,85,103,148,28,62,86,35,80,84,87,137,26,27,42,115,123,151,22,47,74,96,111,160,28,34,65,88,145,159,162,21,21,70,72,160,106,31,24,19,17,52,84,145,41,71,14,78,84,90,14,105,18,12,71,20,14,22,27,63,98,11,65,123,157,158,34,133,159,38,134,11,23,77,112,122,125,134,29,23,78,11,95,112,152,28,6,32,35,65,103,133,154,70,112,132,11,10,4,7,14,16,26,77,78,159,25,9,64,99,13,0,61,81,91,25,18,37,101,102,123,131,134,157,4,68,126,29,47,49,143,16,60,85,95,96,78,85,129,24,81,159,117,156,158,15,169,9,9,52,136,142,170,10,21,23,95,103,115,143,163,27,11,13,71,120,153,46,75,116,128,163,13,165,30,55,116,124,70,83,154,21,23,92,111,160,152,163,66,130,132,41,76,84,96,127,32,111,21,22,22,56,85,135,151,49,55,137,24,42,75,79,100,155,102,37,104,127,85,87,128,27,157,38,50,94,133,151,29,58,97,150,39,45,63,90,129,130,165,45,39,67,94,38,41,42,51,63,86,107,145,36,57,81,97,61,99,133,38,103,151,38,63,129,144,164,40,41,152,41,41,106,45,57,67,104,68,100,45,100,48,46
92,92,84,64,69,75,96,123,89,57,58,69,81,95,54,73,107,54,100,74,87,93,73,51,51,84,57,49,116,86,87,100,50,47,57,91,72,60,89,78,55,54,103,85,44,50,44,47,53,78,44,48,65,81,43,66,89,95,92,91,94,61,51,42,38,50,54,41,37,62,92,36,37,43,84,104,78,66,69,71,54,50,99,104,92,85,52,45,37,39,68,80,75,34,37,50,103,39,37,29,74,101,70,28,29,33,47,89,55,25,33,89,28,31,33,78,77,52,35,57,64,91,64,29,24,39,52,100,46,39,20,32,85,99,102,73,54,20,21,100,47,89,80,74,57,20,26,85,27,17,64,21,26,31,66,45,76,60,15,79,71,43,38,11,38,66,10,63,97,98,29,73,98,25,73,52,40,17,51,61,64,73,89,83,18,71,34,51,91,89,57,29,26,6,42,72,93,9,51,71,72,71,64,54,47,45,35,16,17,98,86,70,3,38,74,61,0,20,30,86,79,24,40,41,62,70,73,96,64,7,65,32,14,12,82,45,4,24,34,35,18,25,68,84,21,98,56,95,97,74,108,64,62,13,76,81,109,60,43,41,34,43,55,83,102,87,61,55,14,59,93,21,18,55,67,103,59,104,38,16,56,64,17,26,93,51,48,34,52,99,92,102,18,70,72,31,23,28,38,68,41,52,64,60,59,23,30,75,91,28,25,77,58,35,25,27,43,95,45,91,47,69,33,34,69,70,98,46,34,40,74,91,69,31,43,91,47,41,31,38,71,72,105,42,90,32,42,87,50,92,41,35,38,52,87,78,38,37,45,38,48,76,79,51,93,77,40,73,87,106,65,63,94,81,78,55,88,47,43,54,44,52,84,53,89,82
109,108,100,58,60,64,81,106,105,63,56,59,67,112,56,61,90,52,83,61,72,110,88,57,51,69,69,54,98,103,72,83,59,50,49,108,89,49,72,95,46,45,85,102,44,43,53,42,44,95,41,41,51,65,40,51,71,114,110,109,76,78,66,53,41,40,70,52,41,48,111,42,38,36,67,86,97,50,52,55,71,37,81,85,111,104,69,61,31,31,51,62,94,48,30,36,85,30,52,30,56,82,89,38,41,26,32,70,73,35,25,109,25,24,24,59,96,71,51,39,46,72,83,45,24,25,35,81,64,58,28,21,66,80,82,93,73,24,22,80,29,108,99,93,77,36,16,65,46,19,83,15,14,16,86,26,96,80,16,99,91,63,57,22,19,86,20,43,77,78,49,53,79,45,54,72,59,8,32,42,45,53,109,103,7,91,15,31,71,109,77,49,46,16,22,52,73,11,31,51,92,91,84,74,67,65,55,4,4,78,106,90,17,18,94,81,20,0,10,106,99,44,20,21,42,50,53,76,84,13,45,52,34,32,62,65,21,6,15,16,6,6,48,104,6,78,37,75,77,94,88,83,81,31,56,62,89,80,63,61,16,24,35,63,83,107,81,75,16,40,73,39,14,36,48,83,79,84,57,31,37,44,20,15,74,70,67,19,33,80,72,83,25,51,53,49,20,19,23,49,59,34,83,79,78,36,21,56,72,43,38,58,77,51,25,24,28,76,30,111,32,51,26,26,51,89,79,63,48,29,56,73,88,42,31,72,64,57,40,30,53,55,86,58,109,39,33,105,66,110,55,44,34,39,69,97,50,36,36,48,38,59,97,40,75,95,49,57,69,88,82,80,77,98,95,44,106,59,51,44,51,44,101,45,107,99
117,116,108,58,58,60,75,98,113,68,58,56,62,121,60,57,82,54,76,56,65,119,97,63,54,63,77,59,90,112,64,75,66,55,47,117,98,47,65,104,45,44,77,112,47,43,59,43,42,104,43,41,46,57,42,46,63,123,120,119,67,87,74,60,46,38,79,60,46,42,121,48,43,37,58,77,106,44,45,47,80,33,72,76,121,113,78,70,32,32,44,54,103,56,31,32,75,29,61,35,48,73,99,46,49,28,28,61,83,42,27,118,28,26,25,50,106,80,61,32,38,62,93,54,30,22,28,71,74,67,35,21,57,70,73,103,83,31,29,71,22,118,109,103,86,45,18,55,55,27,93,20,16,14,96,18,106,90,24,109,101,73,67,31,13,96,29,34,67,68,59,43,69,55,44,82,69,16,22,32,35,44,119,113,14,101,6,22,61,119,87,59,56,26,13,42,63,21,21,41,102,101,94,84,77,75,65,14,13,68,116,100,27,8,104,91,30,10,0,116,109,54,10,11,32,40,43,66,94,23,35,62,44,42,52,75,31,7,6,6,14,8,38,114,12,68,27,65,67,104,78,93,91,41,46,52,80,90,73,71,10,16,26,53,73,117,91,85,24,30,63,49,21,27,38,73,89,74,66,40,28,35,27,17,64,80,77,16,25,70,62,73,33,42,44,58,25,21,19,40,69,27,92,89,88,44,23,47,63,52,47,49,86,61,30,27,24,66,25,121,27,42,28,27,43,99,69,72,56,28,48,64,97,50,29,63,72,65,47,31,45,47,77,67,118,45,32,115,75,120,63,51,36,35,60,106,58,39,35,55,36,52,107,37,66,104,56,50,61,79,91,89,68,108,104,42,115,67,57,42,57,43,110,44,116,108
61,61,64,127,136,145,173,204,61,98,117,139,155,56,106,146,186,115,179,149,165,52,61,93,108,162,76,98,197,51,166,181,85,100,127,48,56,133,169,51,126,125,185,46,106,119,86,116,126,47,111,119,143,162,110,144,170,40,40,40,176,54,65,79,98,125,60,79,96,141,37,92,100,115,166,188,39,146,149,152,54,129,183,188,32,33,54,62,112,115,150,163,35,76,112,130,188,116,68,99,158,185,35,84,79,109,128,173,45,86,110,25,104,108,112,162,27,46,65,140,148,176,35,71,99,120,136,185,50,56,89,113,170,184,187,25,40,94,96,185,130,18,20,22,35,76,108,170,65,95,28,103,109,115,25,130,17,30,96,14,20,46,51,88,123,24,90,148,182,183,59,158,184,63,159,35,48,102,137,147,150,159,8,8,103,16,120,137,177,6,29,57,60,90,128,158,179,95,137,157,14,15,22,32,39,41,51,102,103,184,2,16,89,124,12,25,86,106,116,0,7,62,126,127,148,156,159,182,22,93,151,54,72,74,168,41,85,110,120,121,103,110,154,5,106,184,142,181,183,14,194,24,26,76,161,167,195,28,45,47,119,128,140,168,188,10,28,34,96,144,178,70,100,140,152,188,30,189,53,79,141,149,94,108,179,41,44,117,136,185,177,188,90,155,157,64,101,109,120,152,53,135,33,36,37,80,109,159,176,72,78,161,40,64,98,103,124,179,126,24,128,152,109,111,152,33,182,57,72,118,157,175,36,80,121,174,58,65,85,114,153,155,189,64,31,90,117,33,59,33,71,85,109,130,169,38,78,104,120,82,122,157,39,126,175,42,84,153,168,189,51,52,176,42,45,129,42,76,87,127,89,122,46,123,45,48
59,60,62,121,130,139,167,197,59,92,111,132,149,55,100,139,180,109,172,143,159,51,57,87,102,156,71,92,191,50,160,174,79,94,121,47,52,126,162,48,119,119,178,44,99,113,80,110,119,44,105,112,137,155,103,137,163,41,40,40,169,50,60,73,92,119,54,73,89,134,37,85,94,109,159,181,37,140,143,146,49,123,176,181,33,32,49,56,105,108,144,156,33,69,106,123,181,109,62,93,151,178,31,77,72,103,121,166,40,79,103,26,97,101,105,155,25,40,58,133,141,169,30,64,92,113,129,178,43,50,83,106,163,177,180,22,34,87,89,178,123,20,18,18,29,69,101,163,58,88,23,96,102,108,20,123,14,24,89,12,15,39,45,81,116,18,83,141,175,176,52,151,177,56,152,28,41,95,130,140,143,152,12,8,96,10,113,130,170,11,23,50,53,83,121,151,172,88,130,150,8,9,15,25,32,34,44,95,96,177,7,9,82,117,5,18,79,99,109,7,0,55,119,120,141,149,152,175,15,86,144,47,65,67,161,34,78,103,113,114,96,103,147,7,99,177,135,174,176,9,187,18,20,69,154,160,188,22,38,40,112,121,133,161,181,12,21,27,89,137,171,63,93,133,145,181,24,182,46,72,134,142,87,101,172,34,37,110,129,178,170,181,83,148,150,57,94,102,113,145,47,128,28,30,31,73,102,152,169,65,71,154,34,57,92,97,117,172,119,26,121,145,102,104,145,30,175,51,66,111,150,168,32,74,114,167,52,59,79,107,146,148,182,58,31,83,110,32,53,34,65,78,102,123,162,35,72,97,113,76,115,150,37,120,168,39,77,146,161,182,47,48,169,40,42,123,41,70,81,120,82,116,44,116,44,45
76,75,70,78,85,92,117,145,73,60,70,86,100,77,62,91,128,66,121,94,108,74,59,53,61,105,50,55,138,68,109,122,49,55,74,72,57,78,110,61,72,71,125,66,56,66,45,63,71,59,59,65,86,103,57,86,111,75,71,70,116,46,40,40,48,69,41,39,46,83,71,43,48,60,107,127,58,88,90,93,38,71,123,127,71,64,37,33,55,58,91,103,55,32,55,71,127,58,29,44,97,124,50,33,30,52,69,112,36,33,52,67,46,50,53,101,55,33,24,80,87,115,43,24,41,61,75,124,27,23,33,53,109,123,126,51,34,36,38,124,70,66,57,51,35,21,48,108,16,36,41,43,48,54,43,68,53,37,35,55,48,22,17,28,61,42,29,87,121,121,11,97,122,9,97,29,17,41,75,85,88,97,65,59,42,47,58,75,115,65,33,7,5,28,66,96,117,33,75,95,48,47,40,30,23,21,11,40,41,122,62,46,27,62,50,37,24,44,54,62,55,0,64,65,86,94,97,120,40,31,89,8,10,12,106,21,23,48,58,59,41,48,92,60,44,122,80,119,121,50,132,40,38,16,99,105,133,36,20,18,58,67,79,106,126,63,37,32,34,83,116,13,39,79,91,126,36,128,17,21,79,87,34,47,117,28,26,56,75,123,115,126,31,94,96,18,41,48,60,91,22,74,41,38,37,25,49,98,115,22,25,100,36,22,40,45,64,118,66,68,68,91,51,52,91,49,121,30,27,59,97,114,48,31,63,114,31,29,34,56,93,95,128,30,68,38,60,64,35,69,33,37,53,72,109,57,35,50,63,37,65,97,58,69,115,57,39,94,109,128,47,46,116,60,58,73,67,41,44,71,45,68,64,68,69,62
127,126,117,60,59,59,70,91,123,75,62,56,59,130,65,56,76,58,70,54,61,129,106,70,60,58,85,65,82,121,59,69,74,61,49,127,107,47,59,114,47,46,70,121,53,46,67,47,44,114,48,45,43,52,48,43,57,133,129,128,60,96,84,69,53,40,89,69,54,39,130,56,50,41,52,69,116,39,41,42,89,33,63,68,131,123,88,80,37,36,38,47,113,65,36,31,67,33,70,42,41,64,109,55,59,34,27,52,93,51,32,128,35,33,30,42,116,90,70,27,31,54,103,63,38,24,23,62,84,77,44,26,48,61,64,113,93,39,38,61,19,128,119,113,97,55,25,46,65,36,103,28,23,19,106,14,116,100,34,119,111,83,77,41,13,106,39,25,57,58,69,34,59,65,34,92,79,25,14,22,25,34,129,123,24,111,8,13,51,129,97,69,66,36,5,32,53,31,12,31,112,111,104,94,87,85,75,24,23,58,126,110,37,3,114,101,40,20,10,126,119,64,0,1,22,30,33,56,104,33,25,72,54,52,42,85,41,16,7,6,23,16,28,124,21,58,17,55,57,114,68,103,101,51,36,42,69,99,82,81,11,9,17,43,63,126,100,95,33,21,53,58,29,18,28,63,99,64,76,50,19,26,36,24,54,89,86,18,17,60,52,63,42,33,34,67,32,26,19,31,78,21,102,98,97,53,28,38,53,61,55,40,96,70,37,33,22,56,23,130,24,34,32,31,35,108,60,81,65,29,40,54,107,58,29,54,81,74,54,33,38,39,68,75,128,52,34,124,83,129,71,58,40,33,52,115,66,44,36,63,36,44,116,36,58,113,63,43,53,70,100,98,60,117,113,40,124,74,64,41,64,43,119,44,125,117
127,127,118,61,59,59,69,90,123,75,62,56,59,131,66,56,75,59,69,54,60,129,107,71,60,58,86,66,81,122,59,68,75,62,49,128,108,47,59,115,47,46,69,122,54,47,68,47,44,115,48,45,43,51,48,42,56,134,130,129,59,97,85,70,54,40,89,69,54,39,131,57,50,41,51,68,117,39,40,42,90,33,62,67,132,124,89,81,38,36,38,46,114,66,36,31,66,34,71,43,40,63,110,56,59,34,27,52,94,52,33,129,36,33,31,41,116,91,71,26,31,53,104,64,39,25,23,61,85,78,45,26,47,60,63,114,94,40,39,60,19,129,120,114,97,56,26,45,66,37,104,29,24,20,107,14,117,101,35,120,112,84,78,42,13,107,40,24,56,57,70,33,58,66,33,93,80,26,13,22,24,33,130,124,25,112,9,12,50,130,98,70,67,37,5,31,52,32,11,30,113,112,105,95,88,86,76,25,24,57,127,111,38,4,115,102,41,21,11,127,120,65,1,0,21,29,32,55,105,34,24,73,55,53,41,86,42,17,8,7,24,17,27,125,22,57,16,54,56,115,67,104,102,52,35,41,68,100,83,81,12,9,16,42,62,127,101,96,34,20,52,59,30,17,27,62,100,63,77,51,18,25,37,24,53,90,87,19,17,59,52,62,43,32,34,68,33,27,20,30,79,20,103,99,98,54,28,37,52,62,56,39,97,71,38,34,23,56,23,131,24,33,33,31,34,109,59,82,66,30,39,53,108,59,29,53,82,75,55,34,37,38,67,76,129,53,34,125,84,130,72,59,40,33,51,116,66,45,36,64,36,44,117,36,57,114,64,43,52,69,100,99,59,118,114,40,125,75,65,42,65,44,120,45,126,118
146,145,136,69,64,61,61,75,142,90,73,60,56,150,79,57,63,70,58,53,53,149,126,87,74,51,104,81,66,142,50,55,92,77,57,148,127,53,49,134,55,55,55,142,68,57,86,59,52,135,62,56,43,43,62,42,44,154,150,149,46,117,104,88,70,49,109,88,71,40,152,74,66,54,40,52,137,36,36,36,110,40,46,50,152,145,109,100,52,50,32,34,135,85,51,38,48,47,91,60,30,45,130,74,79,50,35,35,114,71,49,150,53,50,46,28,137,112,91,26,24,35,124,84,57,38,26,42,105,98,65,43,30,41,43,134,115,59,58,41,27,150,141,135,118,76,44,27,86,56,125,48,43,37,128,24,138,122,55,141,133,105,99,62,29,127,60,11,36,37,91,14,37,86,14,114,101,47,14,8,8,14,151,145,46,133,29,13,30,151,119,91,88,58,21,11,31,53,12,10,134,133,126,116,109,107,97,46,45,36,148,132,59,24,136,123,62,42,32,148,141,86,22,21,0,8,11,34,126,55,3,94,76,74,20,107,63,38,28,27,45,38,7,146,42,36,8,34,36,136,47,125,123,72,15,21,48,121,104,102,30,22,12,22,41,148,122,116,54,11,32,80,50,14,12,41,121,43,98,71,15,13,57,43,33,111,108,35,20,39,32,42,62,18,19,89,52,45,34,18,100,24,124,120,119,74,46,22,34,82,76,24,117,91,56,52,34,37,33,152,33,24,49,47,25,130,41,102,85,43,28,37,128,78,41,37,102,95,74,48,29,29,49,96,149,71,47,146,104,151,91,77,55,40,38,136,85,60,47,82,47,35,137,45,43,134,82,37,40,52,120,118,45,138,134,47,145,93,82,50,82,53,140,54,146,137
154,153,144,73,68,63,59,71,150,96,79,63,57,158,85,59,59,76,55,54,52,157,133,93,80,51,111,88,61,149,49,52,98,83,61,155,134,57,47,142,60,60,51,150,74,63,93,64,57,142,68,62,46,42,68,45,42,162,158,157,43,124,111,95,77,54,116,95,78,43,159,81,73,60,37,46,145,39,38,37,118,45,41,44,160,152,116,108,59,56,33,32,142,92,57,43,42,53,98,68,29,40,138,82,86,57,41,31,122,78,55,158,60,57,53,25,145,119,99,30,26,30,132,92,64,44,31,36,113,106,72,50,25,34,37,142,123,67,65,34,33,158,149,143,126,84,52,21,94,64,133,56,50,45,136,30,146,130,62,148,141,113,107,70,36,135,68,14,28,29,99,10,30,94,9,122,109,55,21,12,10,9,159,153,53,141,36,20,22,159,127,99,96,66,28,5,24,61,19,4,142,141,134,124,117,115,105,54,53,28,156,140,67,32,144,131,70,50,40,156,149,94,30,29,8,0,3,26,134,63,5,102,84,82,12,115,71,46,36,35,53,46,4,154,50,28,15,26,28,144,39,133,131,80,9,14,40,129,112,110,38,29,18,15,33,156,130,124,62,16,24,88,58,19,12,34,129,35,106,79,21,15,65,51,26,119,116,43,26,32,26,35,70,17,17,97,60,52,41,19,108,29,132,128,127,81,53,20,28,89,84,21,125,98,64,59,40,31,39,160,38,25,56,54,26,137,35,109,93,49,27,32,136,86,47,32,110,102,81,54,30,29,42,103,157,78,53,153,112,158,99,85,62,45,34,144,92,67,53,89,52,35,145,50,39,142,89,38,38,47,128,126,41,145,142,52,153,101,89,55,89,59,147,59,153,145
157,156,146,75,69,64,59,69,152,99,81,64,58,161,87,60,58,78,54,55,52,159,136,96,82,51,114,90,59,152,49,51,101,86,63,158,137,59,47,145,62,62,49,152,77,65,95,67,59,145,70,64,47,42,70,46,41,165,161,160,42,127,114,98,79,56,119,98,81,44,162,84,76,62,37,45,147,40,39,38,121,47,39,42,163,155,119,111,61,59,34,32,145,95,60,45,40,56,101,70,29,38,141,85,89,59,43,30,125,81,58,161,63,60,56,25,148,122,102,32,27,28,135,95,67,47,33,33,116,109,75,52,23,32,34,145,126,70,68,32,36,161,152,146,129,87,55,20,97,67,136,59,53,47,139,33,149,133,65,151,144,116,110,73,39,138,71,16,25,26,101,10,27,97,9,125,112,58,23,14,12,8,162,156,56,144,39,23,19,162,130,102,99,69,31,5,21,64,22,4,145,144,137,127,120,118,108,57,56,25,159,143,70,35,147,134,73,53,43,159,152,97,33,32,11,3,0,23,137,66,8,105,87,85,9,118,74,49,39,38,56,49,6,157,53,25,18,23,25,147,36,136,134,83,8,11,37,132,115,113,41,32,21,13,30,159,133,127,65,18,21,91,61,22,13,31,132,32,109,82,23,17,67,54,24,122,119,46,28,29,23,32,73,18,17,100,63,55,44,20,111,31,134,131,130,84,56,20,26,92,87,21,128,101,67,62,43,29,42,163,41,26,59,57,27,140,33,112,96,52,27,30,139,89,50,31,113,105,84,57,30,30,40,106,160,81,55,156,115,161,102,87,64,47,34,147,95,70,56,92,55,36,147,52,38,145,92,39,37,45,131,129,40,148,145,54,156,103,92,57,91,61,150,62,156,148
178,177,168,91,83,77,62,60,174,118,98,78,67,182,106,72,55,96,54,67,58,181,157,116,101,58,135,110,51,174,54,50,122,106,80,180,159,75,51,166,80,79,45,175,97,84,116,86,77,167,89,82,62,49,90,60,44,187,183,182,41,149,136,120,100,74,141,119,101,60,185,105,96,82,42,37,170,54,52,50,143,66,33,33,186,178,142,133,82,79,47,39,168,117,80,64,31,76,123,92,40,29,163,107,111,81,63,29,147,103,79,184,85,81,77,33,171,145,124,50,43,25,158,117,89,68,53,22,139,132,97,74,25,21,21,168,148,92,90,20,56,184,175,169,152,109,77,21,120,89,159,81,76,70,162,55,171,156,88,174,166,139,133,96,61,161,94,36,11,11,124,26,10,120,25,148,135,80,46,36,33,24,185,179,79,167,62,45,8,185,153,125,122,92,54,25,6,87,45,25,168,167,160,150,143,141,131,80,79,4,182,166,93,58,170,157,96,76,66,182,175,120,56,55,34,26,23,0,160,89,31,128,110,108,14,141,97,72,62,61,79,72,28,180,76,5,40,6,6,170,14,159,157,106,22,17,15,155,138,136,64,55,43,17,11,182,156,150,88,39,11,114,84,43,32,13,154,14,132,105,44,36,90,76,15,145,142,68,49,15,17,17,96,33,31,122,85,77,66,36,133,52,157,153,152,107,78,31,21,115,109,30,151,124,89,84,64,22,62,186,61,40,80,78,41,163,26,135,118,72,38,28,161,111,70,30,135,127,106,78,43,42,29,129,183,103,76,179,137,184,123,109,85,65,37,169,117,91,75,114,74,45,170,71,38,167,113,50,41,37,153,151,39,171,167,71,178,125,113,74,112,79,172,80,179,170
61,60,60,109,117,126,153,183,59,82,99,119,136,58,89,126,166,97,158,129,145,54,53,76,90,142,62,80,177,50,146,160,69,82,108,50,49,113,148,47,106,106,164,46,87,100,68,97,106,43,92,99,123,141,90,123,149,47,45,45,155,43,50,62,79,105,46,61,77,120,43,73,81,95,145,166,37,126,128,131,40,108,162,167,40,36,40,45,91,94,129,142,32,57,92,109,166,95,50,79,136,164,29,64,59,89,107,152,31,66,89,34,83,87,91,140,27,30,45,119,126,154,24,51,78,99,114,164,32,37,69,92,149,162,165,22,25,73,75,163,109,30,24,20,20,55,87,148,44,74,16,82,87,93,15,108,18,15,74,19,14,26,31,66,101,12,68,127,160,161,38,136,162,41,137,15,27,81,115,125,128,137,26,21,81,10,98,115,155,26,9,36,38,68,106,136,157,73,115,135,9,8,4,11,17,19,29,80,81,162,22,7,67,102,10,4,64,84,94,22,15,40,104,105,126,134,137,160,0,71,129,32,50,52,146,19,63,88,98,99,81,88,132,20,84,162,120,159,161,12,172,7,8,54,139,145,173,9,23,25,97,106,118,146,166,24,10,13,74,122,156,48,78,118,130,166,13,167,31,57,119,127,72,86,157,21,24,95,114,163,155,166,68,133,135,43,79,87,98,130,33,113,19,21,21,58,87,137,154,51,57,139,24,43,77,82,102,157,104,33,107,130,87,89,130,25,160,38,52,97,136,153,27,59,100,152,40,46,64,92,131,133,167,45,36,69,96,35,41,38,52,64,88,109,148,34,58,83,99,62,101,135,36,105,153,36,64,131,146,167,39,40,154,38,39,108,42,58,68,106,69,102,43,102,45,43
99,98,91,63,67,72,92,118,95,61,59,66,77,102,56,70,102,55,95,71,83,100,79,54,52,80,62,52,110,93,83,95,54,49,55,98,79,57,84,85,53,52,98,92,45,48,48,46,51,85,44,47,62,76,43,62,83,103,99,98,88,68,57,47,40,48,61,46,39,58,100,39,38,41,79,99,85,61,64,66,60,47,93,98,100,92,59,52,36,37,63,75,82,40,35,46,97,36,43,30,69,95,78,32,34,31,43,83,62,29,30,97,27,29,31,72,84,60,41,51,59,85,71,35,24,35,47,94,53,47,23,28,79,93,96,81,62,21,21,93,41,96,87,81,65,26,23,78,34,17,71,18,22,26,74,39,83,67,14,86,78,51,45,14,32,73,13,56,90,91,37,66,92,33,67,60,47,13,45,55,58,67,96,90,13,78,28,45,84,96,64,36,34,7,36,65,86,5,44,64,79,78,71,61,54,52,42,10,11,91,93,77,5,31,81,68,7,13,23,93,86,31,33,34,55,63,66,89,71,0,58,39,21,19,75,52,8,17,27,28,10,17,61,91,14,91,49,88,90,81,101,70,68,18,68,74,102,66,50,48,27,36,48,75,95,93,68,62,9,52,85,26,12,48,60,96,66,97,44,19,49,56,13,19,86,57,54,27,44,92,84,95,17,63,65,36,18,22,31,60,47,45,70,66,65,25,24,68,84,31,27,70,64,39,21,22,36,88,38,98,40,61,27,28,62,76,91,50,37,34,67,84,75,32,37,83,51,45,31,33,64,65,98,46,96,31,36,92,54,97,44,35,34,46,80,84,40,33,40,39,42,69,85,45,85,82,40,66,80,99,70,68,87,86,83,49,93,49,43,48,44,47,89,47,94,86
150,149,140,71,66,63,61,74,145,93,76,62,57,154,82,58,62,73,58,54,53,152,129,90,76,52,107,84,65,145,51,55,95,80,59,151,130,55,49,137,58,57,54,145,71,60,89,62,55,138,64,59,45,43,65,44,44,157,154,153,46,120,107,91,73,51,112,91,74,42,155,77,69,57,40,50,140,38,37,37,113,43,45,48,156,148,112,103,55,53,33,34,138,88,54,41,47,50,94,64,30,44,133,78,82,53,38,34,117,74,52,153,56,53,49,28,140,115,94,28,25,34,127,87,60,41,29,40,108,101,68,46,28,39,41,138,118,63,61,39,30,153,144,138,121,79,48,25,90,59,128,52,46,40,131,27,141,125,58,144,136,108,102,65,32,131,63,12,33,34,94,13,35,90,13,117,104,50,17,10,9,12,154,148,49,136,32,16,27,154,122,94,91,61,24,9,29,56,15,8,137,136,129,119,112,110,100,49,48,33,151,135,62,27,139,126,65,45,35,151,144,89,25,24,3,5,8,31,129,58,0,97,79,77,17,110,66,41,31,30,48,41,4,149,45,33,10,30,32,139,43,128,126,75,12,17,45,124,107,105,33,24,14,19,38,151,125,119,57,11,28,83,53,15,10,38,123,40,101,74,16,12,59,46,30,114,111,38,21,36,29,39,65,16,17,92,55,47,36,17,103,25,126,122,121,76,48,20,31,84,79,22,120,93,59,54,36,34,35,155,34,23,51,49,24,132,38,104,88,44,26,34,131,81,43,34,105,97,76,50,28,28,46,98,152,73,48,148,107,153,94,80,57,41,35,139,87,62,49,84,48,34,139,46,40,137,84,36,38,50,123,121,43,140,137,48,148,96,84,51,84,55,142,55,148,140
73,72,68,85,92,100,125,154,70,65,76,93,108,73,68,99,136,73,129,102,116,70,57,58,67,113,52,60,147,64,117,130,52,60,81,67,55,85,119,58,79,79,134,62,62,73,49,70,78,56,66,72,94,111,64,94,119,69,66,65,124,44,41,44,55,77,41,43,52,91,66,49,55,67,115,136,54,96,99,101,37,79,131,136,65,58,35,34,63,66,99,111,50,36,63,79,135,66,32,51,106,133,45,39,35,60,77,121,33,40,60,60,54,58,61,109,49,30,27,88,96,123,38,28,49,69,84,132,25,23,40,61,117,131,134,45,29,44,46,132,78,59,50,44,30,28,56,117,20,44,34,51,57,62,37,77,46,31,44,48,40,17,15,36,69,35,37,95,129,130,13,105,131,14,106,22,12,49,84,94,97,105,58,52,50,40,66,83,123,57,26,8,9,37,74,104,125,41,83,103,40,39,32,23,16,14,6,48,49,130,54,38,35,70,42,29,32,52,62,54,47,8,72,73,94,102,105,128,32,39,97,0,18,20,114,13,31,56,66,67,49,56,100,52,52,130,88,127,129,42,140,32,30,23,107,113,141,28,12,11,65,74,86,114,134,55,29,23,42,90,124,17,46,86,98,134,28,135,11,26,87,95,41,54,125,21,18,63,82,131,123,134,37,101,103,17,48,55,67,98,17,82,33,30,29,29,56,106,122,24,28,108,29,21,47,51,71,126,73,60,75,98,57,59,99,41,128,25,28,66,104,122,40,33,69,121,27,27,37,62,100,102,136,28,60,42,66,57,30,61,32,39,59,78,116,50,36,54,69,39,71,104,51,75,122,49,41,100,115,136,41,40,123,53,51,79,60,40,45,77,47,73,57,73,62,55
84,83,77,73,80,86,110,137,81,60,66,80,93,86,60,85,120,63,113,87,101,83,66,53,58,98,54,53,130,76,101,114,50,52,68,81,65,71,102,69,66,65,117,75,52,60,45,58,64,68,54,59,78,95,52,79,102,84,81,80,108,53,46,41,45,62,48,40,43,75,81,41,44,54,98,119,68,80,82,85,45,64,114,118,81,73,44,39,49,51,82,94,64,33,49,63,118,51,33,39,89,115,59,31,29,45,60,103,45,30,45,77,40,43,46,92,64,42,29,71,78,105,52,25,35,52,66,115,35,30,27,45,100,113,116,61,43,30,31,114,61,76,67,61,45,19,40,99,20,28,51,34,40,45,53,59,63,47,27,66,58,31,26,21,52,53,21,77,111,112,18,87,113,15,88,39,27,32,66,76,79,88,76,70,32,58,49,65,105,75,44,17,14,19,56,86,107,24,65,85,58,57,50,40,33,31,22,30,31,112,72,56,17,52,60,47,14,34,44,72,65,10,54,55,76,84,87,110,50,21,79,18,0,2,96,31,13,38,48,49,31,38,82,70,34,112,70,109,111,60,122,49,47,7,89,95,123,46,29,27,48,56,68,96,116,72,47,41,24,72,106,9,28,69,81,116,45,117,24,13,69,77,24,37,107,36,34,46,64,113,105,116,22,83,85,19,31,38,50,81,28,64,49,46,45,19,39,88,105,19,19,90,44,23,31,35,54,108,56,77,58,81,41,43,81,56,111,33,25,50,87,104,55,26,53,103,35,30,28,47,83,84,118,32,76,31,50,72,38,77,32,32,45,62,99,64,32,41,54,33,56,87,66,60,105,64,35,84,98,118,52,51,106,67,64,64,74,40,39,62,40,59,70,59,76,68
86,85,78,72,78,85,108,136,82,60,65,79,92,87,59,83,119,62,112,85,99,85,67,53,57,96,55,53,128,78,99,112,50,52,67,82,66,70,101,71,64,64,115,76,51,59,45,56,63,70,53,57,77,93,51,77,101,86,82,82,106,55,47,41,44,61,49,40,42,74,83,40,43,52,96,117,69,78,81,83,47,62,112,116,82,75,45,40,47,50,81,92,66,33,47,62,116,50,33,37,87,113,61,30,29,43,59,101,46,29,43,79,38,41,44,90,66,44,30,69,77,103,54,26,33,51,65,113,37,32,26,44,98,111,114,63,45,28,30,112,59,78,69,63,47,19,38,97,21,27,53,33,38,43,55,57,65,49,26,67,60,33,28,19,50,55,20,75,109,110,20,85,111,16,86,41,29,30,64,74,77,86,78,72,30,60,47,64,103,77,46,18,16,17,54,84,105,22,63,83,60,59,52,42,35,33,24,28,29,110,74,58,16,50,62,49,12,32,42,74,67,12,52,53,74,82,85,108,52,19,77,20,2,0,94,33,11,36,46,47,29,36,80,72,32,110,68,107,109,62,120,51,49,6,87,93,121,48,31,29,46,54,66,94,114,74,49,43,22,70,104,10,27,67,79,114,47,115,25,12,67,75,22,35,105,38,35,44,62,111,103,114,21,81,83,21,30,37,48,79,29,62,51,48,47,18,38,86,103,20,19,88,46,24,30,34,52,106,54,79,56,79,39,41,79,58,109,35,26,48,85,102,57,26,51,101,36,31,28,45,81,83,116,33,78,31,49,74,39,79,33,31,43,61,97,66,32,40,52,33,54,86,67,58,103,65,35,82,97,116,54,52,104,69,66,62,76,40,39,60,40,57,72,58,77,70
166,165,155,82,76,70,61,67,162,107,89,71,62,170,96,66,58,86,55,61,55,169,145,104,90,55,123,99,57,161,52,51,110,94,71,167,146,66,49,154,70,69,48,162,85,73,104,75,67,154,78,72,54,46,79,52,43,174,170,169,42,136,123,107,88,64,128,107,89,51,171,93,85,71,39,42,157,46,44,43,130,55,37,39,172,165,129,120,70,67,40,35,155,104,68,53,37,64,110,79,34,34,150,94,98,68,52,29,134,90,67,170,72,69,65,28,157,132,111,40,34,27,144,104,76,56,42,29,125,118,84,61,23,27,29,155,135,79,77,27,44,170,161,155,138,96,64,19,107,76,145,68,62,57,148,42,158,142,75,161,153,125,119,82,48,148,80,24,19,20,111,16,20,107,14,134,121,67,33,23,21,13,171,165,66,153,49,32,12,171,139,111,108,78,41,12,13,73,32,13,154,153,146,136,129,127,117,66,65,17,168,152,79,44,156,143,82,62,52,168,161,106,42,41,20,12,9,14,146,75,17,114,96,94,0,127,83,58,48,47,65,58,14,166,62,16,26,14,16,156,26,145,143,92,9,6,28,141,124,122,49,41,29,7,21,168,142,136,73,25,13,99,70,29,18,22,140,23,118,91,30,23,76,62,16,131,128,54,35,21,16,24,81,21,19,108,71,63,52,23,119,38,143,139,138,93,64,21,19,101,95,21,136,110,75,70,50,22,49,171,47,28,66,64,29,149,27,121,104,59,28,25,147,97,56,26,121,113,92,64,32,31,33,114,169,89,62,165,123,170,109,95,71,52,31,155,103,77,62,100,61,36,156,58,34,153,99,40,35,39,139,137,36,156,153,59,164,111,99,62,98,66,158,67,164,156
68,67,64,95,103,111,137,166,65,72,86,104,120,67,77,110,149,83,142,113,128,63,55,65,76,125,55,68,159,58,129,143,59,69,92,60,51,97,131,53,90,90,146,55,72,84,57,81,90,50,77,83,106,123,75,107,132,60,57,57,137,42,43,50,65,89,41,50,62,103,57,59,66,79,127,148,46,108,111,114,36,91,144,148,55,49,35,37,75,77,112,124,42,44,75,92,148,78,38,63,118,146,37,49,45,72,89,133,29,50,72,50,66,70,74,122,39,27,33,101,108,136,30,37,61,81,96,145,24,26,52,74,130,144,147,35,24,56,58,145,91,47,39,34,22,39,69,130,29,56,25,64,69,75,26,90,34,21,56,36,29,15,17,48,82,24,50,108,142,143,21,118,144,24,119,13,13,62,97,107,110,119,45,39,63,28,80,96,136,45,14,18,21,50,87,117,138,54,96,116,28,27,20,11,6,6,12,61,62,143,41,25,48,83,29,16,45,65,75,41,34,21,85,86,107,115,118,141,19,52,110,13,31,33,127,0,44,69,79,80,62,69,113,39,65,143,101,140,142,29,153,19,17,35,120,126,154,15,7,8,78,87,99,127,147,42,17,11,54,103,137,29,59,99,111,147,16,148,14,38,100,107,53,67,137,12,12,76,95,144,136,147,49,114,116,25,60,68,79,111,18,94,23,20,20,40,68,118,135,33,38,120,21,27,58,63,83,138,85,48,88,111,69,71,111,30,141,26,35,78,116,134,31,42,81,133,28,31,47,74,112,114,148,31,48,51,77,45,30,50,37,48,70,90,129,40,42,65,80,46,82,116,41,87,134,40,48,112,128,148,36,35,136,44,43,90,50,44,52,88,54,84,48,84,52,47
94,94,86,68,73,78,100,126,91,61,62,72,84,96,58,77,110,59,103,78,91,94,75,54,55,88,60,53,119,87,90,103,53,51,61,92,74,63,92,80,59,58,106,86,48,54,47,51,57,79,48,52,69,84,47,69,91,96,93,92,96,63,53,45,42,54,57,44,41,65,93,40,41,47,87,107,79,69,72,74,55,54,102,106,93,85,54,47,41,43,71,83,76,38,41,53,106,43,39,34,77,103,71,32,32,37,50,91,56,29,36,89,32,34,37,80,77,53,37,59,67,93,64,32,28,42,55,102,47,41,24,35,87,101,104,74,55,24,25,102,49,89,80,74,58,23,30,86,29,21,64,25,29,34,66,47,76,60,19,78,71,44,38,15,40,66,15,65,98,99,30,74,100,26,75,52,40,20,53,63,66,75,89,83,21,71,36,53,92,88,57,29,26,9,44,73,94,12,52,72,71,70,63,53,46,44,35,18,19,99,85,69,6,39,73,60,4,21,31,85,78,23,41,42,63,71,74,97,63,8,66,31,13,11,83,44,0,25,35,36,18,25,69,83,21,99,57,96,98,73,109,62,60,10,76,82,110,58,41,39,35,43,55,83,103,85,59,53,12,59,93,18,16,56,67,103,58,104,35,12,56,64,14,25,94,49,46,33,51,100,92,103,14,70,72,28,21,27,37,68,38,52,61,58,57,19,28,75,92,24,21,77,55,31,22,25,42,95,44,89,46,68,30,32,69,68,98,42,30,38,74,91,67,27,41,91,44,37,26,36,70,72,105,39,88,28,40,84,46,89,37,31,36,51,86,76,34,34,43,34,45,75,76,49,92,74,35,72,86,106,62,60,94,78,75,53,85,43,39,52,40,49,81,50,86,79
114,113,105,62,63,66,82,105,110,68,61,61,69,117,61,63,89,57,83,63,72,115,94,63,56,70,75,59,97,108,71,82,65,56,52,114,94,52,72,101,49,49,84,108,49,47,58,46,47,101,46,45,52,64,45,52,70,119,115,114,75,83,72,59,47,43,76,58,47,49,116,48,43,40,66,84,102,50,52,54,76,39,79,83,116,109,75,67,35,35,51,61,99,53,34,38,82,33,58,35,55,80,94,44,47,30,34,68,79,40,29,114,29,28,28,57,101,76,57,39,45,69,88,50,30,27,35,78,69,63,33,24,64,77,80,98,78,29,28,77,29,113,104,98,81,41,20,62,51,25,88,20,18,18,91,25,100,85,22,103,95,68,62,27,19,90,25,40,73,74,54,50,75,49,50,77,64,14,29,39,41,50,113,107,12,95,13,28,68,113,81,54,51,22,20,49,69,17,28,48,96,95,88,78,71,69,59,10,9,74,110,94,22,15,98,85,24,6,7,110,103,48,16,17,38,46,49,72,88,17,41,56,38,36,58,69,25,0,10,11,7,1,44,108,4,74,32,71,73,98,84,87,85,34,51,57,85,83,66,64,11,19,31,58,78,110,84,78,17,35,68,42,14,31,43,78,82,80,60,34,32,39,20,11,69,73,70,13,28,75,67,78,26,46,48,51,19,15,17,44,62,29,86,82,81,37,17,51,67,45,39,53,79,53,24,21,22,71,24,114,26,45,22,22,46,92,74,65,49,25,51,67,91,43,26,67,65,58,40,26,48,49,81,59,112,38,28,108,68,113,56,44,31,34,64,99,51,33,31,48,33,54,100,35,69,97,49,51,64,82,84,82,71,101,97,39,108,60,50,39,50,39,103,40,109,101
123,122,113,62,62,63,75,97,119,73,63,59,64,126,65,60,82,59,76,59,66,124,102,68,60,64,82,64,89,117,65,75,71,60,51,123,103,50,65,110,49,48,76,117,53,48,65,48,46,110,48,46,48,58,48,48,63,128,125,124,67,92,80,66,52,42,85,65,52,44,126,54,48,41,58,75,111,45,46,48,85,36,70,74,126,118,84,76,37,36,44,53,108,61,36,35,73,34,66,41,47,71,104,51,55,33,30,59,88,48,32,123,34,32,30,49,110,85,66,32,37,60,98,59,35,26,29,69,79,72,41,26,55,67,70,107,88,36,35,68,24,123,114,108,91,50,24,53,60,32,98,25,22,19,100,19,110,94,30,113,105,77,72,36,15,100,34,31,64,65,63,40,65,59,41,87,74,21,20,29,32,41,123,117,20,105,9,19,58,123,91,64,61,31,11,39,60,26,18,38,106,105,98,88,81,79,69,19,18,64,120,104,31,6,108,95,34,15,6,120,113,58,7,8,28,36,39,62,98,27,31,66,48,46,48,79,35,10,0,1,17,10,34,118,14,64,22,61,63,108,74,97,95,44,41,47,75,93,76,74,6,10,21,48,68,120,94,88,26,25,58,52,22,22,33,68,92,70,70,43,22,30,29,17,59,83,80,13,19,65,57,68,35,37,39,61,26,20,15,34,72,21,96,92,91,46,21,42,58,54,48,44,89,63,31,27,19,61,20,124,22,37,26,25,37,102,64,74,58,25,42,58,100,51,25,58,75,67,48,28,40,41,72,69,121,46,29,118,77,123,64,52,34,31,55,109,59,38,31,56,32,46,109,33,61,107,56,44,56,73,93,91,63,110,107,37,117,68,57,38,57,39,112,40,118,110
124,123,114,63,62,63,75,97,120,74,63,59,64,127,65,60,81,59,75,58,66,125,103,69,60,63,83,65,88,118,64,74,72,61,51,124,104,50,65,110,49,48,75,118,53,48,66,48,46,111,48,46,48,57,48,47,62,129,126,125,66,93,81,67,52,42,85,66,53,44,126,54,49,42,57,75,112,44,46,47,86,36,69,73,127,119,85,76,38,37,44,52,109,62,36,34,72,34,67,41,47,70,105,52,56,34,30,58,89,49,32,124,34,32,30,48,111,86,67,32,37,59,98,60,36,26,28,68,80,73,42,26,54,66,69,108,89,37,35,67,23,124,115,109,92,51,24,52,61,33,99,26,22,19,101,19,111,95,31,114,106,78,73,37,15,101,35,30,63,64,64,39,64,60,40,88,75,22,19,28,31,40,124,118,21,106,9,18,57,124,92,64,62,32,11,38,59,27,17,37,107,106,99,89,82,80,70,20,19,63,121,105,32,6,109,96,35,16,6,121,114,59,6,7,27,35,38,61,99,28,30,67,49,47,47,80,36,11,1,0,18,11,33,119,15,63,21,60,62,109,73,98,96,45,40,46,74,94,77,75,6,9,20,47,67,121,95,89,27,24,57,53,23,21,32,67,93,69,71,44,21,29,30,18,58,84,81,13,18,64,57,67,36,36,38,62,27,21,15,34,73,21,97,93,92,47,22,41,57,55,49,43,90,64,31,28,19,60,20,125,22,36,27,26,36,103,63,75,59,25,42,57,101,52,25,57,76,68,49,28,39,40,71,69,122,46,29,119,78,124,65,52,34,30,54,109,60,39,32,57,32,45,110,33,60,108,57,43,55,72,94,92,62,111,108,37,118,69,58,38,58,39,113,40,119,111
109,108,100,64,66,70,87,112,105,66,61,65,73,112,60,67,95,57,89,67,78,110,89,60,56,75,71,57,103,103,77,89,62,54,54,108,89,55,78,95,52,51,90,102,49,49,55,47,49,95,46,47,57,70,45,57,77,113,109,108,81,78,67,55,45,46,71,54,45,53,110,45,42,41,72,91,96,56,58,60,70,43,85,90,110,103,69,62,36,37,57,67,93,49,35,42,89,35,53,34,62,87,88,40,42,31,38,75,72,37,30,107,29,29,30,64,94,70,51,45,51,76,82,45,28,31,40,85,63,57,30,26,71,84,87,91,72,26,26,84,35,106,98,91,75,36,21,69,45,22,81,19,20,22,84,32,94,78,19,96,88,61,55,23,25,83,21,47,80,81,47,57,82,43,57,70,57,12,36,46,49,57,107,101,11,89,20,35,75,106,75,47,44,16,27,56,77,11,35,55,89,88,81,71,64,62,52,7,7,81,103,87,15,22,91,78,18,6,14,103,96,41,23,24,45,53,56,79,81,10,48,49,31,29,65,62,18,7,17,18,0,7,51,101,3,81,39,78,80,91,91,80,78,27,58,64,92,76,59,57,17,25,37,65,85,103,77,71,10,41,75,35,8,38,49,85,75,86,53,27,38,46,14,11,76,66,63,17,34,82,74,85,20,53,55,44,15,15,21,50,55,34,79,75,74,31,16,57,74,38,33,59,72,47,19,18,26,77,28,107,30,51,21,22,51,85,80,58,43,26,57,74,84,37,28,73,59,51,34,26,53,55,88,53,105,33,29,101,61,106,49,38,29,37,69,92,45,30,32,42,34,59,93,37,75,90,43,56,69,88,77,75,77,94,90,41,101,54,45,41,45,40,96,41,102,94
115,114,106,63,64,67,82,106,111,69,62,62,69,118,62,64,90,58,83,64,73,116,95,64,57,70,76,60,97,109,72,83,66,56,53,114,95,53,73,101,50,49,85,108,50,48,59,47,48,101,47,46,53,65,46,53,71,119,116,115,75,84,72,59,47,44,77,59,47,49,116,49,44,41,66,85,102,51,53,55,77,40,79,84,117,109,75,67,36,36,52,62,99,54,35,38,83,34,58,36,56,80,95,45,48,31,34,68,79,41,30,114,30,29,29,58,101,76,57,40,46,70,88,51,30,28,35,78,70,63,34,25,64,77,80,98,79,30,29,78,30,113,104,98,82,42,21,63,51,26,88,21,19,19,91,26,100,85,23,103,95,68,62,28,20,90,26,41,74,75,54,50,75,50,51,77,64,14,30,39,42,50,114,108,13,96,14,29,68,113,81,54,51,22,20,49,70,17,28,48,96,95,88,78,71,69,59,11,10,74,110,94,22,15,98,85,25,6,8,110,103,48,16,17,38,46,49,72,88,17,41,56,38,36,58,69,25,1,10,11,7,0,44,108,4,74,32,71,73,98,84,87,85,34,51,57,85,83,66,64,10,19,30,58,78,110,84,78,16,35,68,42,13,31,43,78,82,79,60,33,31,39,20,10,69,73,70,13,27,75,67,78,26,46,48,51,18,14,17,43,62,28,86,82,81,37,16,51,67,44,39,53,79,53,23,20,22,70,24,114,26,45,21,21,45,92,73,64,49,24,51,67,90,42,25,66,65,58,39,25,47,49,81,59,111,37,27,108,67,113,55,43,30,33,63,99,50,32,30,48,32,53,99,34,69,97,48,50,63,82,83,81,71,100,97,38,108,59,50,38,50,38,103,39,109,100
154,153,144,75,70,66,64,75,149,97,80,66,61,157,86,62,64,77,59,58,56,156,133,94,81,55,111,88,65,149,53,57,99,84,63,155,134,59,52,141,62,61,55,149,75,64,93,66,59,142,69,63,49,46,69,48,46,161,157,156,47,124,111,95,77,55,116,95,78,46,158,81,73,61,42,51,144,42,41,40,117,47,45,48,159,151,116,107,59,57,37,36,141,92,58,45,47,54,98,68,33,44,137,82,86,57,42,35,121,78,56,157,60,57,54,30,144,118,98,32,29,34,131,91,64,45,33,40,112,105,72,50,29,38,41,141,121,66,65,38,34,157,148,142,125,83,51,26,93,63,131,55,50,44,134,31,144,128,61,147,139,111,105,69,36,134,67,16,32,33,97,15,33,93,14,121,108,53,21,14,13,13,157,151,52,139,35,20,25,157,125,97,94,65,28,10,27,60,19,9,140,139,132,122,115,113,103,52,51,31,154,138,65,31,142,129,68,48,38,154,147,92,28,27,7,4,6,28,132,61,4,100,82,80,14,113,69,44,34,33,51,44,0,152,48,30,12,27,29,142,40,131,129,78,8,14,41,127,110,108,35,26,15,15,34,154,128,122,59,12,25,85,55,16,7,35,126,36,103,77,17,11,62,48,26,117,114,40,22,32,25,35,67,13,13,94,57,49,38,14,105,25,129,125,124,79,50,16,26,87,81,18,122,96,61,56,37,30,36,157,34,20,52,51,21,135,34,107,90,45,23,30,133,83,43,30,107,99,78,51,25,25,41,100,154,75,49,151,109,156,96,81,58,40,31,141,89,64,49,86,48,31,142,46,36,139,86,34,34,45,125,123,38,142,139,48,150,97,85,50,85,54,144,55,150,142
65,65,68,128,137,146,173,203,65,99,118,139,155,60,107,146,186,116,179,149,165,56,64,94,109,162,78,99,197,56,166,180,86,101,128,52,59,133,168,55,126,125,184,50,106,120,87,116,126,50,111,119,143,161,110,144,169,45,45,45,175,57,67,80,98,125,62,80,96,141,42,92,100,115,165,187,43,146,149,152,56,129,182,187,37,37,56,63,111,114,150,162,39,76,112,129,187,115,69,99,157,184,38,84,79,109,127,172,47,86,109,30,103,107,111,161,31,47,65,139,147,174,37,71,98,119,135,184,50,56,89,112,169,183,186,28,41,93,95,184,129,23,24,25,36,75,107,168,65,94,30,102,108,114,27,128,20,31,95,18,22,45,51,87,121,25,88,147,181,182,58,157,183,62,158,35,47,101,136,146,149,158,13,12,102,17,119,135,175,11,29,56,59,89,126,156,177,93,135,155,14,15,22,31,38,40,50,100,101,182,7,16,87,122,12,24,84,104,114,5,7,60,124,125,146,154,157,180,20,91,149,52,70,72,166,39,83,108,118,119,101,108,152,0,104,182,140,179,181,10,192,21,23,74,159,165,193,25,42,44,117,126,138,166,186,5,25,30,93,142,176,67,97,138,150,186,27,187,50,76,138,146,91,105,176,37,40,114,133,182,174,185,87,152,154,60,98,106,118,150,50,133,28,32,33,76,106,157,174,69,75,159,35,60,96,100,121,177,123,19,125,149,106,108,149,28,179,53,69,115,155,172,31,77,118,172,54,61,82,111,150,152,187,60,26,86,114,27,54,28,67,81,106,127,166,32,74,100,117,78,119,154,34,123,172,36,80,149,165,186,46,47,173,37,39,126,37,72,83,123,85,119,40,119,40,42
112,111,103,64,66,69,86,110,108,69,62,65,72,115,62,67,94,58,87,66,76,113,92,63,57,74,74,59,101,106,76,87,64,56,54,111,92,55,76,98,52,51,88,105,50,49,58,48,49,98,47,47,56,69,46,56,75,116,112,111,79,81,70,57,47,46,74,57,47,52,113,47,44,42,70,89,99,55,57,59,74,42,83,88,113,106,72,65,37,37,55,65,96,52,36,41,87,36,56,36,60,84,91,43,45,32,37,72,76,39,31,110,30,30,30,62,97,73,54,43,49,74,85,48,30,30,39,83,66,60,32,26,68,81,84,94,75,29,28,82,33,109,101,95,78,39,22,67,48,24,84,20,20,22,87,30,97,81,21,99,92,64,59,25,23,86,23,45,78,79,50,54,79,46,55,73,60,14,34,43,46,55,110,104,12,92,18,33,72,109,78,50,47,19,24,53,74,14,32,52,92,91,84,74,67,65,56,9,9,78,106,90,18,19,94,81,21,6,12,106,99,44,21,22,42,50,53,76,84,14,45,52,34,32,62,65,21,4,14,15,3,4,48,104,0,78,36,75,77,94,88,83,81,30,55,61,89,79,62,60,14,22,34,62,82,106,80,74,12,38,72,37,9,35,46,82,78,83,56,29,35,43,16,9,73,69,66,14,31,79,71,82,22,49,51,47,15,13,18,47,58,31,81,77,76,33,15,54,71,40,35,56,75,49,20,18,23,74,25,110,28,48,20,20,48,88,77,60,45,24,54,71,86,39,26,70,61,54,35,24,50,52,84,55,107,34,27,104,63,109,51,40,28,34,66,95,46,30,30,44,32,56,95,34,72,93,45,53,66,85,79,77,74,96,93,39,103,55,46,39,46,38,99,39,105,96
182,181,171,96,88,82,67,65,178,122,103,83,72,186,111,77,60,100,59,72,63,185,161,120,105,64,138,114,55,177,60,55,126,110,85,184,163,79,56,170,84,84,50,178,101,88,120,90,82,171,94,87,66,55,94,65,50,190,187,186,47,152,139,123,104,78,145,123,105,64,188,108,100,86,47,42,173,59,57,55,146,70,38,38,189,181,145,136,85,83,52,44,171,121,84,68,36,80,127,95,45,34,166,110,115,84,67,35,150,107,83,186,88,85,81,38,173,148,127,54,48,31,160,120,92,72,57,27,141,135,100,77,30,26,26,171,151,95,93,25,60,186,177,171,155,112,80,27,123,92,161,84,79,73,164,58,174,158,91,177,169,141,135,98,64,164,96,39,16,16,127,30,15,123,29,151,138,83,49,39,36,28,187,181,82,169,65,48,13,187,155,127,124,95,57,28,11,89,48,28,170,169,162,152,145,143,133,82,81,8,184,168,95,60,172,159,98,78,68,184,177,122,58,57,36,28,25,5,162,91,33,130,112,110,16,143,99,74,64,63,81,74,30,182,78,0,42,3,1,172,10,161,159,108,23,17,11,157,140,138,65,56,44,16,6,184,158,152,89,40,8,115,85,44,33,7,156,9,133,106,45,37,91,78,11,146,143,69,50,10,14,11,97,32,30,124,86,78,66,35,135,52,159,155,154,108,78,30,17,116,110,29,152,125,90,85,64,18,63,187,61,39,81,79,39,164,21,136,119,72,36,25,163,111,70,26,136,128,107,78,42,40,24,129,184,103,76,180,138,185,124,110,85,64,33,170,118,91,75,114,73,43,171,70,34,168,114,48,38,32,154,152,35,171,168,70,179,125,113,73,112,78,173,79,179,171
144,143,134,71,68,66,68,84,140,90,75,64,62,147,80,61,71,71,66,58,60,146,123,86,74,58,102,81,74,138,58,64,90,76,59,144,124,56,57,131,58,57,63,138,68,59,84,60,55,131,62,57,48,50,62,47,52,150,146,145,54,113,101,86,69,51,106,85,70,44,147,72,65,54,47,60,133,42,42,42,106,43,54,58,148,140,105,97,52,50,38,42,130,82,50,40,57,47,87,59,37,54,126,72,76,49,37,44,110,68,47,145,51,48,45,36,132,107,87,30,30,44,120,80,54,38,29,50,101,94,61,41,38,49,52,130,110,56,55,49,28,145,136,130,113,72,42,35,82,53,120,45,40,35,123,24,132,117,51,135,127,100,94,58,27,122,56,18,43,44,86,23,45,81,23,109,96,42,15,15,16,22,146,140,41,128,25,13,37,145,114,86,83,53,18,19,39,48,11,18,128,127,120,110,103,101,91,41,40,43,142,126,54,20,130,117,56,37,27,142,135,80,17,16,8,15,18,40,120,49,10,88,70,68,26,101,57,32,22,21,39,32,12,140,36,42,0,39,41,130,52,119,117,66,19,25,53,115,98,96,23,14,4,26,46,142,116,110,47,4,36,73,43,5,11,46,114,47,91,64,7,9,50,36,37,104,101,28,11,43,35,46,55,16,18,82,45,37,26,15,93,15,117,113,112,66,38,21,36,75,69,23,110,84,49,44,26,39,25,145,24,20,41,39,21,123,43,94,78,34,25,37,121,71,33,37,95,87,66,39,24,25,51,88,142,63,38,138,97,144,83,69,47,31,36,129,77,52,39,74,38,31,130,37,42,127,74,32,38,53,113,111,44,130,127,39,138,85,74,41,73,45,132,46,138,130
179,178,169,94,87,81,67,66,175,120,101,82,72,183,109,76,61,99,60,71,63,182,159,118,103,63,136,112,57,175,59,55,123,108,83,181,160,78,56,167,82,82,51,175,99,86,118,88,80,168,92,85,65,54,92,64,50,188,184,183,47,150,137,121,102,77,142,120,103,63,185,106,98,84,47,43,170,57,55,53,143,68,39,39,186,178,142,134,83,81,51,43,168,118,82,66,37,78,124,93,44,35,164,108,112,82,65,34,148,104,81,184,86,82,78,37,171,145,125,52,46,31,158,118,90,69,55,28,139,132,98,75,30,27,27,168,148,93,91,26,58,184,175,169,152,109,77,26,120,90,158,82,76,70,161,56,171,155,88,174,166,138,132,96,62,161,94,37,17,17,124,28,16,120,27,148,135,80,46,37,34,26,184,178,79,166,62,46,13,184,152,124,121,92,54,25,11,87,45,26,167,166,159,149,142,140,130,80,79,9,181,165,92,58,169,156,95,75,65,181,174,119,55,54,34,26,23,6,159,88,30,127,109,107,14,140,96,71,61,60,78,71,27,179,75,3,39,0,2,169,13,158,156,105,20,14,14,154,137,135,62,53,41,13,8,181,155,149,86,37,5,112,82,41,29,9,153,10,130,103,42,34,88,74,9,143,140,66,47,9,11,12,94,29,27,121,83,75,63,32,132,49,156,152,151,105,75,27,15,113,107,26,149,122,86,82,61,16,59,184,58,36,77,75,36,161,20,133,116,69,33,22,160,108,67,24,133,125,104,75,39,37,24,126,181,100,72,177,135,182,121,106,82,61,31,167,114,88,72,111,70,40,168,67,32,165,110,45,35,31,150,148,33,168,165,67,176,122,110,70,109,75,170,76,176,167
181,180,171,96,88,82,68,66,177,122,103,84,73,185,110,78,61,100,60,72,64,184,160,119,105,64,138,114,57,177,60,56,125,109,85,183,162,79,57,169,84,83,51,177,100,88,120,90,81,170,93,87,66,55,94,65,50,190,186,185,48,152,139,123,103,78,144,122,105,64,187,108,100,86,48,43,172,59,57,55,145,70,39,39,188,180,144,135,85,82,52,44,170,120,84,68,37,80,126,95,45,35,166,109,114,84,67,35,149,106,82,186,88,84,80,39,173,147,127,54,48,31,160,120,92,71,56,28,141,134,100,77,30,27,27,170,150,95,93,26,60,186,177,171,154,111,79,27,122,92,160,84,78,72,163,58,173,157,90,176,168,140,134,98,64,163,96,39,17,17,126,30,16,122,28,150,137,82,48,39,36,28,186,180,81,168,64,48,13,186,154,126,123,94,56,27,12,89,47,28,169,168,161,151,144,142,132,81,81,9,183,167,94,60,171,158,97,77,67,183,176,121,57,56,36,28,25,6,161,90,32,129,111,109,16,142,98,73,63,62,80,73,29,181,77,1,41,2,0,171,11,160,158,107,22,16,12,156,139,137,64,55,43,15,6,183,157,151,88,39,6,114,84,43,31,7,155,8,132,105,44,36,90,76,9,145,142,68,49,9,12,11,96,31,29,123,85,77,65,34,134,51,158,154,153,107,77,29,16,115,109,27,151,124,88,84,63,17,61,186,60,38,79,77,38,163,20,135,118,71,35,23,162,110,69,25,135,127,106,77,40,39,23,128,183,102,74,179,136,184,123,108,83,63,32,169,116,89,74,113,72,42,170,69,32,167,112,47,36,31,152,150,34,170,167,69,177,124,112,72,111,77,172,77,178,169
66,66,67,121,129,138,165,195,65,93,110,131,147,62,100,138,177,108,170,141,157,58,62,88,101,153,73,92,188,56,157,171,80,94,119,54,57,124,159,54,118,117,175,51,98,111,80,108,117,50,103,110,134,152,102,135,160,49,48,48,166,53,61,73,91,116,56,73,88,132,45,84,92,107,156,178,43,137,140,143,51,120,173,178,41,39,50,57,103,105,141,153,38,69,103,120,177,107,62,90,147,175,36,76,71,100,118,163,41,77,101,34,95,98,102,151,31,41,57,130,138,165,33,63,89,110,125,174,43,49,80,103,159,173,176,27,35,84,86,174,120,28,25,24,31,66,98,159,56,85,25,93,98,104,23,119,20,25,85,19,19,37,42,77,112,20,79,137,171,172,49,147,173,52,148,27,38,91,126,136,139,148,21,17,92,13,109,126,166,19,21,47,49,79,117,146,167,84,125,145,10,10,14,22,29,31,40,91,92,172,15,10,78,112,8,15,74,94,104,14,9,50,114,115,136,144,147,170,12,81,139,42,60,62,156,29,73,98,108,109,91,98,142,10,94,172,130,169,171,0,182,11,13,64,149,155,183,15,32,34,107,116,128,156,176,12,14,20,83,132,166,57,87,128,140,176,17,177,39,66,128,136,81,95,166,27,30,104,123,172,164,175,77,142,144,50,88,96,108,139,40,123,19,22,23,66,96,147,164,59,65,149,26,50,85,90,111,167,113,22,115,139,96,98,139,21,169,43,59,105,144,162,24,66,108,161,44,51,71,100,140,142,176,51,26,76,104,26,45,28,57,71,96,117,156,27,64,90,106,68,109,144,29,113,162,31,70,139,155,176,38,39,163,32,34,116,34,62,73,113,75,109,36,109,37,37
192,191,181,104,97,90,73,66,188,132,112,92,80,196,120,86,64,110,64,80,70,195,171,130,115,70,148,124,57,188,66,59,136,119,94,194,173,88,63,180,93,93,54,188,110,97,130,99,91,181,103,96,75,62,104,74,56,201,197,196,52,163,149,133,114,88,155,133,115,73,198,118,110,96,54,45,183,67,65,63,156,80,42,41,199,191,155,146,95,93,61,52,181,131,94,78,39,90,137,105,53,38,177,120,125,94,77,41,160,117,93,197,98,95,91,47,184,158,138,64,57,37,171,130,102,82,67,31,152,145,111,88,38,30,29,181,161,106,104,29,70,197,188,182,165,122,90,35,133,103,171,95,89,83,174,68,184,168,101,187,179,151,145,109,74,174,107,49,22,21,137,40,20,133,38,161,148,93,59,49,46,38,197,192,92,179,75,58,21,197,165,138,135,105,67,38,19,100,58,39,180,179,172,162,155,153,143,93,92,14,194,178,105,71,182,169,108,88,78,194,187,132,68,67,47,39,36,14,172,101,43,140,122,120,26,153,109,84,74,73,91,84,40,192,88,10,52,13,11,182,0,171,169,118,33,27,1,167,150,148,75,66,54,26,6,194,168,162,99,50,16,125,95,54,42,7,166,7,143,116,54,46,101,87,17,156,153,78,60,13,20,11,106,41,39,133,96,88,76,44,144,61,169,165,164,118,88,38,23,126,120,37,162,135,99,94,74,22,72,197,70,47,90,88,48,174,24,145,129,81,44,29,172,121,79,30,146,138,116,87,49,47,23,139,193,113,84,190,147,195,134,119,94,73,38,180,127,100,83,123,82,50,180,79,37,178,123,55,42,31,163,161,38,181,177,78,188,134,122,81,121,86,183,87,189,180
68,67,67,112,120,129,155,185,66,87,102,122,138,65,93,129,167,100,160,131,147,61,60,81,93,144,67,84,178,58,147,161,73,86,110,57,55,115,149,54,108,108,165,53,90,102,72,99,108,50,94,101,124,142,93,125,150,54,52,52,156,49,55,66,82,107,51,65,80,122,50,76,83,97,146,167,45,127,130,133,46,110,162,167,47,43,45,50,93,96,130,143,39,60,94,110,167,97,54,81,137,164,36,67,62,90,108,152,37,68,91,40,85,88,92,141,34,36,49,119,127,154,31,54,79,100,115,164,36,41,70,93,149,163,166,29,30,74,76,163,109,35,30,27,26,57,88,148,47,75,23,82,88,94,22,108,24,21,75,25,21,29,34,67,101,19,69,126,160,161,39,136,162,43,137,19,29,81,115,125,128,137,30,25,81,16,98,115,155,29,14,36,39,68,106,136,157,73,115,135,14,14,11,14,19,21,30,80,81,161,25,12,67,101,14,9,64,83,93,24,18,40,103,104,125,133,136,159,7,70,128,32,49,51,145,19,62,87,97,98,80,87,131,21,83,161,119,158,160,11,171,0,2,53,138,144,172,4,21,23,96,105,117,145,165,23,4,9,72,121,155,46,76,117,129,165,6,166,28,55,117,125,70,84,155,17,19,93,112,161,153,164,66,131,133,39,77,85,97,128,29,112,12,14,14,55,85,136,152,48,54,138,17,40,74,79,100,156,102,30,104,128,85,87,128,18,158,33,48,94,133,151,20,56,97,150,34,41,61,89,129,131,165,40,31,65,93,29,35,33,47,60,85,106,145,27,54,79,96,58,98,133,29,102,151,29,60,128,144,165,32,33,152,32,32,105,36,53,63,102,65,98,36,98,39,36
68,68,67,111,119,127,153,183,66,85,101,120,136,65,91,127,165,98,158,130,145,61,60,79,92,142,66,83,176,58,146,160,72,84,109,58,55,113,148,54,107,106,163,53,88,100,71,97,106,50,93,99,123,140,91,123,148,55,53,52,154,49,54,64,80,105,51,64,78,120,51,74,82,95,144,165,45,125,128,131,45,108,160,165,48,44,44,49,91,94,128,141,40,59,92,108,165,95,52,79,135,162,36,65,60,88,106,150,36,66,89,41,83,87,90,139,34,35,47,117,125,152,31,52,77,98,113,162,35,40,68,91,147,161,164,30,30,73,74,161,107,37,31,27,26,55,86,146,45,73,23,80,86,92,22,106,25,21,73,26,22,28,32,65,99,19,67,124,158,159,38,134,160,41,135,18,27,79,113,123,126,135,32,27,79,17,96,113,153,31,14,35,37,66,104,134,155,71,113,133,16,15,11,13,18,19,28,78,79,159,27,13,65,100,16,9,62,81,91,26,20,38,101,102,123,131,134,157,8,68,126,30,47,49,143,17,60,85,95,96,78,85,129,23,81,159,117,156,158,13,169,2,0,51,136,142,170,2,19,21,94,103,115,143,163,25,2,7,70,119,153,44,74,115,127,163,5,164,26,53,115,123,68,82,153,15,17,91,110,159,151,162,64,129,131,37,75,83,95,126,27,110,12,13,13,53,83,134,150,46,52,136,16,38,72,77,98,154,100,31,102,126,83,85,126,18,156,31,46,92,131,149,20,54,95,148,33,39,59,88,127,129,163,39,33,63,91,31,34,35,45,59,83,104,143,28,52,77,94,56,96,131,29,100,149,30,58,126,142,163,31,32,150,32,32,103,37,51,62,101,63,96,36,97,39,37
91,91,84,77,82,88,110,137,88,66,70,82,94,93,65,86,120,66,113,88,101,90,73,59,62,98,61,59,129,83,101,113,56,57,70,87,72,73,102,76,68,67,116,82,56,63,51,60,66,75,57,61,79,94,55,79,102,91,87,87,106,60,53,48,49,64,55,47,48,76,87,46,48,56,97,117,74,79,82,84,53,64,112,116,87,80,51,46,51,52,81,93,71,40,50,63,116,52,40,42,87,113,66,36,35,46,60,101,52,35,46,83,41,44,47,90,71,49,36,70,77,103,59,32,37,52,65,112,42,38,31,45,97,111,114,67,50,32,33,112,59,81,73,67,51,25,40,96,27,30,57,35,39,44,59,57,68,53,28,71,63,38,33,23,50,58,23,74,108,109,25,84,109,22,85,45,33,31,63,73,76,85,80,75,31,63,46,63,102,80,49,23,21,19,54,83,104,22,62,82,63,62,55,45,39,37,27,28,29,109,77,61,16,49,65,52,13,31,41,76,69,16,51,52,72,80,83,106,54,18,75,23,7,6,92,35,10,34,44,45,27,34,78,74,30,108,66,105,107,64,118,53,51,0,85,91,119,49,32,30,43,52,64,92,112,76,50,44,19,68,102,8,23,64,76,112,48,113,25,5,64,72,18,32,102,39,36,41,59,108,100,111,15,79,81,18,25,33,44,76,28,59,51,48,47,12,33,83,100,15,13,85,45,21,24,29,48,103,50,80,52,76,34,36,76,58,106,32,21,43,81,99,57,20,47,98,33,28,21,40,77,79,113,29,77,24,44,74,36,79,28,25,38,56,93,65,27,34,47,27,49,82,66,53,99,64,29,78,93,113,52,50,101,68,64,57,75,35,33,55,34,52,70,52,76,68
162,161,152,82,77,73,67,75,157,105,88,72,66,165,94,68,65,85,62,64,60,164,141,102,89,59,119,96,65,157,57,58,107,92,71,163,142,66,55,149,70,69,56,157,83,72,101,74,67,150,77,71,55,50,77,54,49,169,165,164,49,132,119,103,85,63,124,103,86,52,166,89,82,69,45,51,152,48,47,46,125,55,45,48,167,159,124,115,67,65,42,40,149,100,66,52,46,62,106,76,37,43,145,90,94,65,50,36,129,86,64,164,68,65,62,33,151,126,106,39,35,35,139,99,72,53,40,38,120,113,79,58,30,36,38,149,129,74,73,36,42,164,155,149,132,91,60,26,101,71,139,63,58,52,142,39,151,136,69,154,146,119,113,77,44,141,74,23,28,29,105,18,29,100,17,128,115,61,29,21,19,16,165,159,60,147,43,28,21,165,133,105,102,72,35,13,22,67,27,13,147,146,139,129,122,121,111,60,59,25,161,145,73,38,149,136,76,56,46,161,154,99,36,35,15,9,8,22,139,68,12,107,89,87,9,120,76,51,41,40,58,51,8,159,55,23,19,20,22,149,33,138,136,85,0,6,34,134,117,115,42,33,21,7,27,161,135,129,66,17,17,92,62,21,9,27,133,28,110,83,22,14,68,54,18,123,120,46,27,24,17,27,74,11,10,100,63,55,43,14,112,29,136,132,131,85,55,12,18,93,87,13,129,102,66,62,41,22,40,164,38,19,58,56,20,141,26,113,96,50,20,22,139,88,47,23,113,105,84,55,24,23,33,106,161,80,53,157,115,162,101,87,62,43,25,147,95,68,53,91,52,28,148,49,30,145,91,32,29,38,130,129,32,148,145,50,156,102,90,53,90,57,150,58,156,147
167,166,157,86,80,75,67,73,163,110,92,75,68,171,99,71,64,89,61,66,61,170,146,107,93,60,124,101,63,162,58,57,112,97,74,168,148,70,55,155,74,73,54,163,88,76,106,78,71,155,81,75,58,51,81,57,49,175,171,170,48,137,124,109,90,67,129,108,91,55,172,94,87,73,45,48,157,51,49,48,131,59,43,45,173,165,129,121,72,70,45,41,155,105,71,57,43,67,111,81,39,40,150,95,99,70,55,35,134,92,69,170,74,70,67,34,157,132,112,43,38,33,144,105,77,58,45,34,125,119,85,63,29,33,35,155,135,80,78,33,47,170,161,155,138,96,65,25,107,77,145,69,63,58,148,44,157,142,75,160,152,125,119,82,49,147,80,27,24,25,110,20,25,106,19,134,121,67,34,26,23,18,171,165,66,153,49,33,17,170,139,111,108,78,41,16,18,73,32,16,153,152,145,135,128,126,117,66,65,20,167,151,79,44,155,142,81,62,52,167,160,105,42,41,21,14,11,17,145,74,17,113,95,93,6,126,82,57,47,46,64,57,14,165,61,17,25,14,16,155,27,144,142,91,6,0,28,140,123,121,48,39,27,1,21,167,141,135,72,23,11,98,68,27,15,21,139,22,116,89,27,20,74,60,13,129,126,51,33,18,12,22,80,16,14,106,69,61,49,19,118,35,142,138,137,91,61,15,14,99,93,15,135,108,72,67,47,18,46,170,44,23,63,61,24,147,22,119,102,55,22,20,145,94,53,21,119,111,89,61,27,26,29,112,167,86,59,163,120,168,107,92,68,48,25,153,100,74,58,97,57,30,154,54,28,151,96,35,29,34,136,134,30,154,150,54,161,108,96,57,95,62,156,63,162,153
193,192,183,106,98,91,74,67,189,133,113,93,81,197,122,87,65,111,66,81,71,196,172,131,116,72,150,125,58,189,67,61,137,121,95,195,174,90,64,181,95,94,55,189,112,99,131,101,92,182,105,98,77,63,105,75,57,202,198,197,54,164,151,134,115,89,156,134,116,75,199,120,111,97,56,46,184,69,67,64,157,81,44,42,200,192,156,148,97,94,62,53,182,132,95,79,40,91,138,107,54,39,178,121,126,96,78,42,162,118,94,198,100,96,92,48,185,159,139,65,59,38,172,132,104,83,68,32,153,146,112,89,39,31,30,182,162,107,105,30,71,198,189,183,166,124,91,36,134,104,173,96,90,84,175,70,185,169,102,188,180,152,146,110,76,175,108,51,23,22,138,41,21,134,40,162,149,94,60,51,48,39,199,193,93,181,76,60,23,198,167,139,136,106,68,39,21,101,59,40,181,180,173,163,156,154,144,94,93,16,195,179,106,72,183,170,109,89,80,195,188,133,69,68,48,40,37,15,173,102,45,141,123,121,28,154,110,85,75,74,92,85,41,193,89,11,53,14,12,183,1,172,170,119,34,28,0,168,151,149,76,67,55,27,7,195,169,163,100,51,17,126,96,55,43,8,167,7,144,117,55,47,102,88,18,157,154,79,60,13,21,11,107,42,40,134,97,89,77,45,145,62,169,165,164,119,89,39,23,127,121,37,163,136,100,95,74,22,73,198,71,48,91,89,48,175,23,146,129,82,44,29,173,122,80,30,147,139,117,88,50,48,22,140,194,113,85,191,148,196,134,120,94,73,38,181,128,100,84,124,83,50,181,79,37,178,123,55,42,31,164,162,38,182,178,79,189,135,123,82,122,87,183,87,189,181
69,69,68,110,118,126,152,181,68,85,100,119,135,67,91,126,164,97,157,128,144,63,60,79,91,140,66,82,174,59,144,158,71,83,107,59,56,112,146,55,105,105,161,55,87,99,70,96,105,51,92,98,121,139,90,122,147,56,55,54,152,49,54,64,79,104,51,63,77,119,53,73,80,94,143,164,46,123,126,129,45,107,159,163,50,46,44,49,90,93,127,139,41,58,90,107,163,94,52,78,134,161,37,64,59,87,104,148,36,65,87,43,81,85,89,137,36,35,47,116,123,151,32,51,76,96,111,160,35,39,67,89,145,159,162,31,30,71,73,160,106,39,33,29,26,54,84,144,44,72,24,79,84,90,24,105,27,22,71,28,24,27,31,64,97,21,65,123,156,157,36,132,158,39,133,18,26,77,111,121,124,133,34,29,78,19,94,111,151,33,14,33,36,65,102,132,153,69,111,131,18,17,13,13,17,18,27,76,77,157,29,16,63,98,18,10,60,80,90,28,22,36,99,100,121,129,132,155,9,66,124,28,46,48,141,15,58,83,93,94,76,83,127,25,79,157,115,154,156,15,167,4,2,49,134,140,168,0,17,19,92,101,113,141,161,27,1,5,68,117,151,42,72,113,125,161,3,162,24,51,113,121,66,80,151,13,15,89,108,157,149,160,62,127,129,35,73,81,92,124,25,107,11,11,12,51,81,131,148,44,49,134,14,35,70,75,96,152,98,33,100,124,81,83,124,18,154,29,44,90,129,147,19,52,93,146,30,37,57,85,125,127,161,37,33,61,89,31,32,35,43,56,81,102,141,27,50,75,91,54,94,129,29,98,147,29,56,124,140,160,30,30,148,32,32,101,37,49,59,98,61,94,36,94,39,36
74,74,71,97,104,112,137,166,72,76,88,105,120,73,79,111,148,85,141,114,128,70,61,69,79,125,60,71,158,65,129,142,63,72,93,67,58,98,131,59,91,91,145,61,74,85,60,82,90,56,78,84,106,123,77,106,131,67,64,63,136,48,49,54,66,89,47,53,64,103,63,61,67,80,127,147,53,108,111,113,42,91,142,147,61,55,41,42,75,78,111,123,48,47,75,91,147,78,42,64,117,144,44,51,47,72,89,132,36,52,72,56,66,70,73,121,45,33,37,100,107,134,37,39,61,81,95,143,30,31,52,73,129,142,145,41,30,56,58,143,89,52,45,40,29,40,68,128,31,56,31,63,68,74,33,88,40,28,56,42,35,21,22,48,81,30,49,106,139,140,24,116,141,25,116,20,17,60,95,104,107,116,50,44,61,33,77,94,134,49,21,19,21,48,85,115,136,53,94,114,32,31,25,17,13,12,14,59,60,141,45,30,46,81,34,21,43,63,73,45,38,20,82,83,104,112,115,138,23,50,107,12,29,31,124,7,41,66,76,77,59,66,110,42,62,140,98,137,139,32,150,21,19,32,117,123,151,17,0,2,75,84,96,124,144,44,18,12,51,100,134,25,55,96,108,144,16,145,8,34,96,104,49,63,134,8,7,72,91,140,132,143,45,110,112,19,56,64,76,107,12,91,21,18,17,35,64,115,131,28,33,117,17,21,54,58,79,135,81,48,83,107,64,66,107,29,137,19,29,73,112,130,28,36,76,129,21,24,41,69,108,110,144,25,47,46,72,44,24,49,31,42,65,85,124,38,36,60,75,40,77,112,39,82,130,38,42,108,123,144,31,30,131,41,39,85,47,38,46,82,47,78,45,79,49,44
75,75,71,95,103,110,135,164,73,75,87,104,118,74,78,110,147,84,140,112,127,71,61,68,77,124,60,70,157,66,127,141,62,71,92,68,58,96,129,60,90,89,144,62,73,84,59,81,89,57,76,83,104,121,75,105,129,68,65,65,134,49,48,53,65,87,47,52,63,102,64,60,66,78,125,145,54,106,109,111,42,89,140,145,62,57,41,42,73,76,109,121,49,46,74,89,145,77,41,62,115,142,45,50,46,70,87,130,36,50,70,57,65,68,72,119,47,34,36,98,105,132,38,38,59,79,93,141,30,31,51,72,127,140,143,42,31,54,56,141,88,54,47,41,30,38,66,126,30,54,33,61,66,72,34,86,41,29,54,43,37,21,21,46,79,32,47,104,137,138,22,114,139,24,114,21,17,59,93,102,105,114,52,46,59,34,76,92,132,51,22,18,20,46,83,113,134,51,92,112,34,33,27,18,14,13,13,57,58,139,47,32,44,79,35,23,41,61,71,47,40,18,81,81,102,110,113,136,25,48,105,11,27,29,122,8,39,64,74,75,57,64,108,44,60,138,96,135,137,34,148,23,21,30,115,121,149,19,2,0,73,82,94,122,142,46,20,14,49,98,132,23,53,94,106,142,18,143,6,32,94,102,47,61,132,10,8,70,89,138,130,141,43,108,110,17,54,62,74,105,11,89,23,19,19,33,62,113,129,26,31,115,18,19,52,57,77,133,79,50,81,105,62,64,105,30,135,18,28,71,110,128,30,35,74,127,20,23,39,67,106,108,142,24,49,44,71,46,23,51,29,40,63,84,122,39,35,58,73,38,76,110,40,80,128,39,40,106,121,142,31,31,129,42,40,83,49,37,45,81,46,76,46,77,51,45
125,124,116,68,68,69,81,102,121,78,68,65,70,128,70,66,87,64,81,65,72,126,105,73,65,69,86,69,93,119,70,80,75,65,57,124,105,56,71,112,55,54,81,119,58,54,69,53,52,111,53,52,54,63,53,53,68,130,126,125,71,94,82,69,56,48,87,69,56,50,127,58,53,47,63,80,112,51,52,54,87,42,74,78,127,119,85,78,43,42,50,58,110,64,41,41,77,40,69,45,52,74,105,54,58,38,36,63,89,51,37,124,38,37,35,53,111,87,68,38,43,64,98,61,39,32,34,72,80,73,44,31,58,71,73,108,89,40,38,71,30,123,114,108,92,52,29,56,61,35,98,29,26,25,101,25,110,95,33,113,105,78,72,38,21,100,36,35,66,67,64,43,68,60,44,87,74,24,25,33,35,43,123,117,23,105,15,23,60,123,91,64,61,32,17,41,62,27,22,40,106,105,98,88,81,79,69,21,20,66,120,104,32,12,107,95,34,16,10,119,112,58,11,12,30,38,41,64,97,27,33,65,48,46,49,78,35,11,6,6,17,10,35,117,14,65,23,62,64,107,75,96,94,43,42,48,76,92,75,73,0,9,21,49,69,119,93,87,24,25,59,50,20,21,33,69,91,70,68,41,21,29,26,13,59,81,78,7,17,65,57,68,32,36,38,59,22,15,9,33,70,18,94,90,89,43,16,41,57,51,46,43,87,60,26,22,13,60,15,122,17,34,21,19,35,99,63,71,55,18,40,57,98,48,19,56,72,64,44,22,37,39,71,65,119,41,23,115,74,120,61,48,28,25,53,106,55,33,25,52,26,43,106,27,59,104,52,40,53,72,90,88,60,107,104,31,115,64,53,32,53,33,109,34,115,107
133,132,123,70,68,68,76,95,129,83,71,65,67,136,74,64,81,67,75,62,68,134,112,78,68,65,92,74,86,127,66,74,81,70,58,132,113,56,66,119,56,55,74,127,62,56,75,56,53,119,57,54,52,58,56,51,62,138,134,133,65,102,90,76,61,49,95,75,62,48,135,64,58,50,57,72,121,47,48,49,95,42,67,71,135,128,93,85,46,45,45,52,118,71,45,40,70,42,76,50,47,67,113,61,65,42,36,56,97,58,41,132,43,41,39,47,120,95,76,34,38,57,107,69,45,34,32,64,88,82,51,34,51,63,65,117,97,46,45,63,28,132,123,117,100,60,33,49,70,42,107,35,31,28,109,23,119,103,40,122,114,87,81,46,22,109,44,28,58,59,73,36,59,68,36,96,83,31,19,25,28,35,132,126,30,114,17,17,51,132,100,72,69,40,14,33,53,35,16,32,115,114,107,97,90,88,78,29,28,57,128,113,41,12,116,103,43,24,16,128,121,67,9,9,22,29,32,55,106,36,24,74,56,54,41,87,43,19,10,9,25,19,26,126,22,56,14,53,55,116,66,105,103,52,33,39,67,101,84,82,9,0,12,40,60,128,102,96,33,16,50,59,29,12,24,60,100,61,77,50,13,20,35,22,50,90,87,13,9,56,49,59,41,27,29,68,30,23,13,25,79,12,103,99,98,52,24,32,48,60,54,34,96,69,35,30,14,52,15,131,15,27,27,26,27,108,55,80,64,22,32,48,107,56,21,48,81,73,52,27,30,31,62,74,128,49,27,124,82,129,69,55,34,24,45,115,63,39,28,60,28,36,115,28,51,113,60,34,46,64,98,96,53,116,112,31,123,72,60,33,60,35,118,36,124,115
143,142,134,73,70,68,72,87,139,91,76,66,65,147,81,64,74,73,69,61,63,145,123,86,75,62,102,81,78,138,61,67,90,77,61,143,123,58,60,130,60,59,67,138,69,60,84,61,56,130,63,59,51,53,63,50,56,149,145,145,58,113,100,86,69,52,105,85,70,47,146,72,66,55,51,64,132,45,45,46,106,45,58,62,147,139,104,96,53,51,42,46,129,81,51,42,60,48,87,59,41,57,125,71,75,50,39,48,109,68,48,144,52,49,46,39,131,106,87,33,34,47,118,80,54,39,32,54,100,93,61,42,42,52,55,128,109,56,54,53,30,144,135,129,112,71,42,39,81,52,118,45,40,35,121,25,131,115,50,134,126,98,92,57,28,121,55,22,47,47,84,26,48,80,26,107,95,42,17,18,20,25,144,138,40,126,25,15,40,144,112,84,81,52,18,23,41,47,13,21,127,126,119,109,102,100,90,40,39,46,140,124,52,19,128,115,55,35,26,140,133,79,17,16,12,18,21,43,118,48,14,86,68,66,29,99,55,31,21,20,37,30,15,138,34,44,4,41,43,128,54,117,115,64,21,27,55,113,96,94,21,12,0,28,48,140,114,108,45,4,38,71,41,2,12,48,112,49,89,62,4,9,47,33,38,102,99,25,8,44,37,48,53,16,18,80,42,34,23,14,91,12,115,111,110,64,35,21,37,72,66,23,108,81,46,41,22,40,21,143,21,18,38,36,19,120,43,92,75,31,23,38,119,68,29,37,92,84,63,36,22,23,51,86,140,60,35,136,94,141,81,66,43,28,35,126,74,49,35,71,35,29,127,33,41,124,71,29,37,53,110,108,43,128,124,35,135,82,71,38,70,41,130,42,136,127
168,167,158,87,82,76,68,73,164,111,93,77,69,172,100,72,65,91,62,67,62,171,148,108,94,62,126,103,63,164,59,58,113,98,76,170,149,71,56,156,75,74,55,164,89,78,107,79,72,157,83,76,60,52,83,58,50,176,172,171,49,139,126,110,92,69,131,110,93,57,173,96,88,75,46,49,159,52,51,49,132,60,44,45,174,166,131,122,73,71,46,42,156,107,72,58,43,68,113,82,40,41,152,96,101,72,56,36,136,93,70,171,75,72,68,35,158,133,113,45,40,34,146,106,79,59,46,35,127,120,86,64,30,34,35,156,136,81,79,33,48,171,162,156,139,98,66,26,108,78,146,70,65,59,149,45,159,143,76,161,153,126,120,84,51,148,81,28,24,25,112,21,25,108,20,135,122,68,35,27,25,19,172,166,67,154,50,34,17,172,140,112,109,79,42,17,18,74,34,17,154,153,146,137,130,128,118,67,66,20,168,152,80,45,156,143,83,63,53,168,161,106,43,42,22,15,13,17,146,75,19,114,96,94,7,127,83,58,48,47,65,58,15,166,62,16,26,13,15,156,26,145,143,92,7,1,27,141,124,122,49,40,28,0,20,168,142,136,73,24,10,99,69,28,16,20,140,21,117,90,28,20,75,61,11,130,127,52,34,17,11,20,80,16,14,107,70,62,50,19,118,35,142,138,137,92,62,15,13,100,94,14,136,109,73,68,48,16,46,171,45,23,64,62,24,148,21,119,103,56,22,19,146,95,53,19,120,112,90,61,27,26,28,113,167,87,59,164,121,169,108,93,68,48,24,154,101,74,59,98,57,30,154,54,27,152,97,34,28,33,137,135,29,155,151,55,162,109,96,58,96,62,157,63,163,154
187,186,177,101,94,87,72,68,183,128,108,89,78,191,116,83,65,106,64,78,68,190,166,125,111,69,144,120,59,182,65,60,131,115,90,189,168,85,62,175,90,89,55,183,106,93,125,95,87,176,99,92,72,60,99,71,55,195,191,190,52,157,144,128,109,84,150,128,110,70,193,114,106,91,53,46,178,64,62,60,151,76,43,42,193,186,150,141,91,88,58,50,176,126,89,74,40,85,132,100,50,38,171,115,120,90,73,40,155,112,88,191,93,90,86,44,178,153,132,60,53,36,165,125,97,77,62,31,146,139,105,83,36,30,30,175,156,100,98,29,65,191,182,176,159,117,85,32,127,97,166,89,84,78,169,63,178,162,96,181,173,146,140,103,69,168,101,45,21,21,131,36,19,127,34,155,142,88,54,44,42,34,192,186,86,174,70,53,19,192,160,132,129,99,62,33,17,94,53,34,174,173,166,156,149,147,138,87,86,13,188,172,100,65,176,163,102,83,73,188,181,126,63,62,41,33,30,11,166,95,38,134,116,114,21,147,103,78,68,67,85,78,34,186,82,6,46,8,6,176,6,165,163,112,27,21,7,161,144,142,69,60,48,20,0,188,162,156,93,44,10,119,89,48,36,2,160,3,137,110,48,40,95,81,11,150,147,72,53,7,14,7,100,35,33,127,89,81,70,38,138,55,162,158,157,112,82,32,17,120,114,30,156,129,93,88,67,16,66,191,64,41,84,82,41,168,19,139,122,75,38,23,166,115,73,25,139,132,110,81,43,41,20,133,187,106,78,183,141,189,127,113,87,66,33,174,121,93,77,117,76,44,174,72,32,171,116,49,37,28,157,155,33,175,171,72,182,128,116,75,115,80,176,81,182,174
70,71,73,132,141,150,177,207,70,104,122,143,159,65,112,150,189,120,182,153,169,62,69,99,113,166,83,103,200,61,170,184,91,105,131,58,64,136,172,60,130,129,187,56,110,123,91,120,129,56,115,123,147,164,114,147,173,50,50,50,178,62,71,85,102,129,66,84,100,144,47,96,104,119,169,190,49,149,152,155,61,132,185,190,42,43,61,68,115,118,153,165,44,80,116,133,189,119,73,103,160,187,43,88,83,112,130,175,52,90,113,35,107,111,114,164,36,52,69,142,150,177,42,75,102,123,138,187,55,61,92,115,172,186,189,34,46,97,99,186,132,28,29,30,41,79,110,171,68,98,35,105,111,117,32,131,25,35,98,23,27,49,55,90,124,30,91,149,183,184,61,159,185,65,160,38,50,104,138,148,151,160,17,17,104,22,121,138,178,15,33,59,62,91,129,159,180,96,138,158,19,20,26,35,41,43,53,103,104,184,12,20,90,125,16,27,87,107,117,10,12,63,126,127,148,156,159,182,24,93,151,55,72,74,168,42,85,110,120,121,103,110,154,5,106,184,142,181,183,12,194,23,25,76,161,167,195,27,44,46,119,128,140,168,188,0,26,32,95,144,178,69,99,140,152,188,28,189,51,78,140,148,93,107,178,38,41,116,135,184,176,187,88,154,156,62,99,107,119,151,51,134,28,32,33,78,107,158,175,70,76,160,35,61,97,102,123,178,125,14,127,151,107,109,151,26,181,53,69,116,156,174,29,77,119,173,53,61,82,112,151,153,188,60,21,87,115,23,54,23,67,81,107,128,168,29,74,101,117,78,120,155,31,124,173,33,80,150,166,187,44,46,174,33,36,127,32,71,83,124,84,119,36,120,35,38
70,70,69,111,119,127,153,183,68,86,101,121,136,67,92,127,165,99,158,130,145,64,61,80,92,142,68,83,176,60,145,159,73,85,109,60,57,113,147,56,107,106,163,56,88,101,72,98,106,52,93,100,123,140,92,123,148,57,55,55,153,50,55,65,81,105,52,64,78,120,53,75,82,95,144,165,47,125,128,130,46,108,160,165,50,46,46,50,91,94,128,140,42,59,92,108,164,95,53,79,135,162,38,65,61,88,106,150,38,67,89,44,83,86,90,138,36,36,48,117,125,152,33,53,77,98,113,161,36,40,68,90,146,160,163,32,31,72,74,161,107,39,33,30,27,55,85,146,45,73,25,80,86,91,25,106,27,23,73,28,24,28,33,65,98,22,66,124,157,158,38,134,159,41,134,20,28,78,112,122,125,134,34,29,79,19,95,112,152,33,15,34,37,66,103,133,154,70,112,132,18,17,14,14,18,20,28,77,78,159,29,16,64,99,18,11,61,81,91,28,21,37,100,101,122,130,133,156,10,68,125,29,47,49,142,17,59,84,94,95,77,84,128,25,80,158,116,155,157,14,168,4,2,50,135,141,169,1,18,20,93,102,114,142,162,26,0,6,69,118,152,43,73,114,126,162,3,163,25,52,114,122,67,81,152,13,16,90,109,158,150,161,62,128,130,36,73,81,93,125,26,108,10,11,11,52,82,132,149,44,50,134,14,36,71,76,97,152,99,31,101,125,81,83,125,17,155,29,44,91,130,148,18,52,94,147,31,37,57,86,125,127,162,37,32,62,89,30,32,34,44,57,81,103,142,26,50,76,92,54,94,129,28,98,147,28,56,125,141,161,29,30,149,31,31,102,35,49,60,99,61,95,35,95,38,35
71,71,69,106,114,122,148,177,69,83,97,116,131,69,88,122,160,94,153,125,140,66,61,76,88,136,65,79,170,61,140,154,69,81,104,62,57,108,142,57,102,101,157,57,84,96,68,93,101,53,88,95,117,134,87,118,142,60,58,57,148,49,53,61,76,100,50,61,74,115,56,70,77,90,138,159,49,119,122,125,44,102,154,159,53,49,44,47,86,89,122,135,44,55,86,103,158,89,49,74,129,156,40,60,56,83,100,144,36,62,83,47,77,81,85,133,39,35,44,111,119,146,34,48,72,92,107,155,34,37,63,85,140,154,157,34,30,67,69,155,101,43,37,32,27,50,80,140,40,67,26,74,80,86,26,100,31,24,67,33,27,25,28,59,93,24,61,118,151,152,33,128,153,36,128,18,23,72,107,116,119,128,39,34,73,23,89,106,146,38,15,29,32,60,97,127,148,65,106,126,22,21,16,13,15,16,23,71,72,153,34,20,58,93,23,13,55,75,85,34,27,32,95,96,116,124,127,150,13,62,119,23,41,43,136,11,53,78,88,89,71,78,122,30,74,152,110,149,151,20,162,9,7,44,129,135,163,5,12,14,87,96,108,136,156,32,6,0,63,112,146,37,67,108,120,156,4,157,19,46,108,116,61,75,146,8,10,84,103,152,144,155,56,122,124,30,67,75,87,119,20,102,12,10,10,46,76,126,143,39,44,128,12,30,65,70,91,146,93,37,95,119,76,77,119,19,149,25,39,85,124,142,20,47,88,141,26,32,52,80,120,121,156,32,37,56,84,34,28,39,39,51,76,97,136,29,45,70,86,49,89,124,31,93,141,30,51,119,135,155,28,28,143,33,32,96,39,45,55,93,56,89,37,89,41,37
106,106,98,71,74,79,97,121,103,70,67,73,83,109,65,76,105,63,99,77,88,106,87,63,61,85,71,61,113,99,87,99,63,58,62,104,86,64,88,92,60,59,100,98,54,56,57,55,58,91,53,54,67,80,51,67,87,108,105,104,91,75,65,55,49,55,69,55,49,63,105,48,47,49,82,101,91,66,68,70,67,52,95,100,105,98,66,59,44,45,67,77,88,49,43,51,99,43,51,39,72,96,83,41,43,39,48,85,68,38,38,101,36,36,38,74,89,66,49,55,61,86,76,43,33,40,50,95,59,53,32,35,80,93,96,85,67,30,30,94,45,100,91,85,69,34,30,79,41,26,75,26,28,31,78,42,87,72,23,90,82,56,50,23,35,77,22,57,89,90,42,66,91,38,67,64,51,19,46,55,58,66,99,94,19,82,30,45,84,99,68,41,38,16,36,65,85,14,44,64,82,81,74,64,57,56,46,15,15,90,96,80,13,31,84,71,14,16,24,96,89,34,33,34,54,62,65,88,74,9,57,42,24,22,73,54,12,17,26,27,10,16,59,93,12,89,47,86,88,83,99,72,70,19,66,72,100,68,51,49,24,33,45,73,93,95,69,63,0,49,83,26,4,45,57,93,67,94,44,17,45,53,4,13,83,57,54,22,40,89,81,92,10,59,61,35,9,14,25,57,46,40,70,66,65,21,16,64,81,28,23,66,63,37,12,13,30,84,32,98,34,57,19,20,57,76,86,48,33,26,62,80,74,27,29,79,49,42,24,24,58,60,94,43,95,24,28,92,51,97,39,29,25,39,75,83,35,24,31,33,33,63,83,37,80,81,34,59,74,94,67,65,82,84,81,41,91,44,36,40,36,38,87,39,92,84
147,146,138,76,72,70,72,86,143,94,79,68,66,151,84,66,73,76,69,62,63,149,127,90,78,62,106,85,76,142,61,66,94,81,64,147,127,60,60,134,62,61,65,142,72,63,88,64,59,134,66,62,52,53,66,51,55,153,150,149,57,117,104,90,73,55,109,89,74,49,151,76,69,59,50,62,136,46,46,46,110,47,56,59,151,143,108,100,56,54,42,45,133,85,55,45,58,51,91,63,41,55,129,75,79,53,42,46,113,72,52,148,55,52,49,38,135,110,91,35,34,45,123,84,58,42,34,51,104,97,65,45,40,50,52,132,113,60,58,50,33,148,139,133,116,75,46,37,85,56,123,49,44,39,125,28,135,119,54,138,130,102,97,61,31,125,59,21,43,44,88,24,45,84,24,111,99,46,19,18,19,23,148,142,44,130,29,17,37,148,116,88,85,56,22,21,38,51,16,19,131,130,123,113,106,104,94,44,43,42,144,129,56,23,132,120,59,40,30,144,137,83,21,20,11,16,18,39,122,52,11,90,72,70,25,103,59,35,25,24,41,35,12,142,38,40,4,37,39,132,50,121,119,68,17,23,51,117,100,98,25,16,4,24,44,144,118,112,49,0,34,75,45,4,8,44,116,45,93,66,5,5,51,37,34,106,103,28,10,40,33,43,56,12,14,83,46,38,26,11,94,13,118,114,113,68,38,17,33,76,70,19,112,85,49,45,25,36,24,147,23,15,41,39,16,124,39,96,79,34,20,34,122,71,32,33,96,88,67,39,20,21,47,89,144,64,37,140,98,145,84,70,46,29,32,130,78,52,38,74,37,27,131,35,37,128,74,27,34,49,114,112,40,131,128,37,139,86,74,39,73,43,133,44,139,131
178,177,168,95,88,82,71,71,174,120,101,83,74,182,109,78,65,99,63,73,65,181,157,117,103,66,135,112,61,173,62,59,123,107,83,179,159,79,59,166,83,82,55,174,98,86,117,88,80,166,91,85,66,56,92,65,53,186,182,181,50,148,135,120,101,77,140,119,102,64,183,105,97,83,50,47,168,58,57,55,142,68,43,44,184,176,140,132,82,80,52,46,166,116,81,66,42,77,122,92,45,39,162,106,110,81,65,38,146,103,80,181,85,81,77,39,168,143,123,52,47,34,156,116,88,68,54,33,137,130,96,74,32,31,32,166,146,91,89,31,57,181,172,166,149,107,76,28,118,88,156,80,74,69,159,55,169,153,86,171,163,136,130,94,60,158,91,37,21,22,122,28,21,118,27,145,132,78,45,36,33,26,182,176,77,164,60,44,16,182,150,122,119,89,52,25,15,84,43,25,165,164,157,147,140,138,128,77,76,14,178,162,90,55,166,153,93,73,63,178,171,116,53,52,32,24,21,11,156,85,28,124,106,104,13,137,93,68,58,57,75,68,25,176,72,8,36,5,6,166,16,155,153,102,17,11,17,151,134,132,59,50,38,10,10,178,152,146,83,34,0,109,79,38,26,10,150,11,127,100,38,30,85,71,4,140,137,62,43,8,6,11,90,25,23,117,79,71,60,28,128,45,152,148,147,101,72,22,10,110,104,21,145,119,83,78,57,12,56,181,54,31,74,72,32,158,16,129,112,65,29,18,156,105,63,19,129,121,100,71,34,32,21,123,177,96,68,173,131,178,117,103,77,57,26,164,111,84,67,107,66,35,164,63,27,161,106,40,30,28,147,145,29,165,161,63,172,118,106,66,105,71,166,71,172,164
89,88,83,83,88,95,117,144,86,70,76,89,101,90,70,93,127,72,120,95,108,87,72,63,67,105,62,63,136,81,108,121,59,62,77,84,70,80,110,74,75,74,123,78,61,69,54,67,73,72,63,68,86,102,62,86,109,87,83,83,114,59,53,50,54,71,54,49,53,83,83,50,54,62,105,125,71,87,89,92,51,71,119,124,82,75,50,46,57,59,89,101,67,42,57,71,123,59,41,48,95,121,62,40,38,53,68,109,49,39,53,78,48,51,54,98,66,46,36,77,85,111,55,34,43,60,73,120,40,36,37,53,105,118,121,62,46,39,40,119,67,76,68,62,47,28,47,104,28,37,52,42,47,52,54,65,63,48,35,65,58,34,30,29,58,53,30,82,115,116,24,91,117,21,92,40,29,38,71,80,83,92,74,68,38,57,54,70,109,74,43,20,18,26,61,90,111,30,70,89,57,56,49,40,33,31,23,36,37,116,70,55,24,57,58,46,21,39,49,70,63,13,58,59,80,88,91,114,48,26,83,17,9,10,99,29,18,42,52,53,35,42,85,67,37,115,73,112,114,57,125,46,44,8,92,98,126,42,25,23,50,59,71,99,119,69,43,37,26,75,109,0,30,71,83,119,41,120,18,9,71,79,24,38,109,31,28,47,66,115,107,118,20,85,87,11,31,39,50,82,21,65,44,40,39,12,39,89,106,10,12,92,38,14,29,34,54,110,56,72,58,82,40,41,82,50,112,25,16,49,87,105,49,18,52,104,26,21,21,45,83,85,119,22,70,25,48,66,29,71,23,24,41,61,99,58,23,37,51,25,54,87,59,58,105,56,27,83,98,119,44,43,106,60,57,61,67,30,31,59,32,55,63,56,68,61
110,109,102,71,74,78,95,119,106,72,68,73,81,112,66,75,103,64,96,75,86,110,91,65,62,83,74,63,110,103,85,96,66,60,62,108,90,63,86,96,60,59,98,102,55,56,60,55,57,95,53,54,65,78,52,65,84,112,109,108,88,79,69,58,51,54,72,57,50,61,109,50,48,49,79,98,95,64,66,68,71,51,92,97,109,102,70,63,44,44,64,75,92,52,43,50,96,43,54,40,69,93,87,44,45,39,46,81,72,41,38,105,36,36,37,71,93,69,52,52,59,83,81,47,34,39,48,91,63,57,34,34,77,90,93,90,71,32,31,90,42,104,96,89,74,38,29,75,45,27,79,26,28,30,82,39,91,76,24,94,86,60,54,26,33,81,24,54,86,87,46,63,88,42,63,68,55,19,42,52,54,63,104,98,18,86,27,42,80,103,72,45,42,18,33,61,82,16,41,60,86,85,78,68,62,60,50,14,15,86,100,84,16,28,88,75,18,14,21,100,93,39,29,30,50,58,61,84,78,12,53,46,28,27,70,59,16,14,22,23,8,13,55,97,9,85,43,82,84,87,95,76,74,23,62,68,96,72,55,53,20,29,41,69,89,99,73,67,4,45,79,30,0,41,53,89,71,90,48,21,41,49,7,9,79,61,58,17,36,85,77,88,13,55,57,39,7,11,21,52,50,36,74,70,69,24,12,60,77,32,26,62,67,41,11,11,25,80,28,102,30,53,16,17,53,79,82,52,36,23,58,76,78,29,25,75,52,45,26,21,54,56,90,46,99,25,24,95,54,100,42,30,23,35,71,86,37,23,28,35,30,59,87,33,76,84,35,55,70,90,70,69,78,88,84,38,95,46,37,37,37,35,90,36,96,87
144,143,135,75,72,70,74,89,140,92,78,68,67,148,82,66,76,74,71,63,65,146,124,88,77,64,103,83,80,139,63,69,92,79,63,144,124,60,62,131,61,61,68,138,70,62,85,63,58,131,65,60,53,55,64,52,58,150,146,145,60,114,101,87,71,54,106,86,71,49,147,74,67,57,53,65,133,47,47,48,107,46,59,63,147,140,105,97,54,52,44,47,130,82,53,44,62,50,88,60,43,59,125,72,76,51,41,49,109,69,50,145,53,50,48,41,132,107,87,35,36,49,119,81,56,40,34,55,100,94,62,43,43,54,56,129,109,57,55,54,32,144,135,129,113,72,43,40,82,53,119,46,41,37,122,27,131,116,51,134,126,99,93,58,29,121,56,23,47,48,85,28,49,81,28,108,95,42,19,20,21,27,144,138,41,126,26,17,41,144,112,85,82,52,20,24,42,47,15,23,127,126,119,109,102,100,90,40,40,46,141,125,53,21,129,116,55,36,27,140,133,79,18,17,14,19,22,43,118,48,15,86,69,67,29,99,56,31,22,21,38,31,16,138,35,44,5,41,43,128,54,117,115,64,21,27,55,113,96,94,21,12,2,28,48,140,114,108,45,4,38,71,41,0,12,48,112,49,89,62,2,8,47,33,38,102,99,24,6,44,36,47,52,15,17,79,42,34,22,13,90,10,114,110,109,64,34,20,36,72,66,22,108,81,45,41,21,40,20,143,19,16,37,35,17,120,43,91,75,30,22,37,118,67,28,36,92,84,63,35,21,22,50,85,139,59,34,136,93,141,80,66,42,26,34,126,74,48,34,70,33,27,126,31,40,124,70,27,35,52,109,107,42,127,123,34,134,82,70,36,69,40,129,41,135,126
155,154,145,80,76,73,71,82,151,100,84,72,67,158,90,68,71,81,67,64,63,157,134,97,84,62,113,91,72,150,60,64,101,87,68,155,135,64,59,142,67,66,62,149,78,69,95,70,64,142,72,67,55,53,72,54,54,161,157,157,54,124,112,97,80,60,117,96,81,52,158,83,76,64,49,58,144,48,48,47,118,52,52,55,159,151,116,108,62,60,43,44,141,93,61,49,53,57,98,70,40,51,137,83,87,60,47,42,121,79,58,156,62,59,56,37,143,118,98,38,36,41,131,92,66,48,38,46,112,105,72,52,36,45,47,140,121,68,66,45,38,156,147,141,124,83,53,33,93,64,131,56,51,46,133,34,143,127,62,146,138,110,105,69,38,133,67,22,37,38,96,22,38,92,21,120,107,53,24,20,19,20,156,150,52,138,36,23,30,156,124,96,93,64,29,17,31,59,21,16,139,138,131,121,114,112,102,52,51,35,153,137,64,31,141,128,67,48,38,152,145,91,28,27,12,12,13,32,130,60,10,98,81,79,18,111,67,43,33,32,49,43,7,150,46,33,11,29,31,140,42,129,127,76,9,15,43,125,108,106,33,24,12,16,36,152,126,120,57,8,26,83,53,12,0,36,124,37,101,74,12,4,59,45,26,114,111,36,17,32,25,35,64,6,7,91,53,46,34,7,102,20,126,122,121,76,46,11,25,84,78,13,120,93,57,52,32,28,30,155,29,13,48,46,14,132,32,103,86,40,16,26,130,79,38,26,104,96,74,46,18,18,39,97,151,71,44,148,105,153,92,77,53,34,26,138,85,59,44,82,42,24,138,40,31,136,81,26,29,42,121,119,34,139,135,41,146,93,81,44,80,48,141,49,147,138
188,187,177,103,96,89,74,70,183,129,110,91,80,192,117,85,67,107,66,79,70,190,167,126,112,71,145,121,61,183,67,62,132,116,92,189,168,86,64,176,91,90,57,183,107,95,126,97,88,176,100,93,74,62,100,72,57,196,192,191,54,158,145,129,110,85,150,129,111,71,193,115,106,92,55,48,178,66,64,62,152,77,45,44,194,186,150,142,92,89,59,51,176,126,90,75,42,86,132,101,52,40,171,116,120,90,74,42,155,112,89,191,94,90,87,46,178,153,133,61,55,38,166,126,98,78,63,33,147,140,106,83,37,32,32,176,156,101,99,31,66,191,182,176,159,117,86,34,128,98,166,90,84,78,169,64,179,163,96,181,174,146,140,104,70,168,101,46,23,23,132,37,21,128,35,155,142,88,54,45,42,35,192,186,87,174,70,54,20,192,160,132,129,99,62,34,18,94,53,34,175,174,167,157,150,148,138,87,86,15,188,172,100,65,176,163,103,83,73,188,181,126,63,62,41,34,31,13,166,96,38,134,116,114,22,147,103,78,68,67,85,78,35,186,82,7,46,9,7,176,7,165,163,112,27,21,8,161,144,142,69,60,48,20,2,188,162,156,93,44,10,119,89,48,36,0,160,1,137,110,48,40,95,81,10,150,147,72,53,6,13,5,100,35,33,127,89,81,69,38,138,55,162,158,157,111,81,31,16,119,113,30,155,128,93,88,67,15,65,190,63,40,83,81,40,168,17,139,122,75,37,22,166,114,72,23,139,131,109,80,42,40,18,132,187,106,78,183,141,188,127,112,87,66,31,174,120,93,77,116,75,42,174,72,30,171,116,48,35,26,156,154,31,174,170,71,181,128,115,74,114,79,176,80,182,173
72,72,71,111,119,127,153,181,71,87,101,120,135,70,92,126,164,98,157,129,144,66,63,80,92,141,68,84,174,62,145,158,73,85,108,62,59,113,146,58,106,106,161,58,88,100,72,97,105,55,92,99,122,139,91,122,147,60,58,57,152,52,56,65,80,104,53,65,78,119,56,74,81,95,143,164,49,124,126,129,47,107,159,163,53,49,47,51,90,93,127,139,44,59,91,107,163,94,53,79,133,160,41,65,60,87,105,148,39,66,88,46,82,85,89,137,39,38,48,116,123,150,35,52,76,97,111,160,37,41,68,89,145,158,161,35,33,72,73,159,106,42,36,32,29,54,84,144,45,72,27,79,84,90,27,104,30,25,72,31,27,29,33,64,97,24,65,122,156,157,37,132,158,40,133,21,28,77,111,121,124,133,36,31,77,22,94,110,150,35,17,34,36,64,101,131,152,69,110,130,21,20,16,16,19,20,27,76,76,157,31,18,63,97,21,13,59,79,89,30,24,36,99,100,121,129,132,154,13,66,123,28,45,47,140,16,58,82,92,93,75,82,126,27,78,156,114,153,155,17,166,6,5,48,133,139,167,3,16,18,91,100,112,140,160,28,3,4,67,116,150,41,71,112,124,160,0,161,23,50,112,120,65,79,150,10,13,88,107,156,148,159,60,126,128,34,71,79,91,123,23,106,8,8,9,50,79,130,147,42,48,132,11,34,69,74,95,150,97,32,99,123,79,81,123,16,153,27,42,88,128,146,17,50,91,145,28,34,55,84,123,125,160,34,32,59,87,30,29,34,41,54,79,100,140,25,47,73,90,51,92,127,27,96,145,27,53,123,138,159,27,27,146,30,29,99,35,46,57,96,58,92,34,92,37,34
189,188,179,104,97,90,76,71,185,130,111,92,81,193,119,86,68,109,67,81,72,192,168,128,113,72,146,122,62,184,68,63,133,117,93,190,170,88,65,177,92,92,58,185,109,96,127,98,90,177,102,95,75,63,102,74,58,197,193,192,55,159,146,130,111,87,151,130,113,73,194,116,108,94,56,49,180,67,65,63,153,78,46,45,195,187,152,143,93,90,61,53,177,127,92,76,43,88,133,103,53,41,173,117,121,92,75,43,157,114,90,193,95,92,88,47,180,154,134,62,56,39,167,127,99,79,65,34,148,141,107,85,39,34,33,177,157,102,100,32,68,192,183,177,161,119,87,35,129,99,167,91,85,80,170,65,180,164,97,183,175,147,141,105,71,170,103,47,24,24,133,38,23,129,37,156,143,89,56,47,44,36,193,187,88,175,71,55,22,193,161,133,130,100,63,35,20,95,54,36,176,175,168,158,151,149,139,88,87,16,190,174,101,66,177,165,104,84,74,189,182,128,64,63,43,35,32,14,167,97,40,135,117,115,23,148,104,80,70,69,86,79,36,187,83,9,47,10,8,177,7,166,164,113,28,22,7,162,145,143,70,61,49,21,3,189,163,157,94,45,11,120,90,49,37,1,161,0,138,111,49,41,96,82,11,151,148,73,54,6,14,4,101,35,33,128,90,82,70,38,139,55,163,159,158,112,82,32,16,120,114,30,156,129,94,89,68,15,66,191,64,41,84,82,41,169,17,140,123,76,37,22,167,115,73,23,140,132,110,81,43,41,17,133,188,107,78,184,141,189,128,113,88,66,31,174,121,94,77,117,76,43,175,72,30,172,117,48,35,25,157,155,31,175,171,72,182,128,116,75,115,80,177,80,183,174
81,80,77,95,102,109,133,161,78,76,87,103,117,80,79,108,144,83,137,110,124,77,66,69,78,121,63,71,154,72,125,138,64,71,91,74,64,94,126,66,89,88,141,69,73,83,61,80,87,63,76,81,102,119,74,102,126,74,72,71,131,54,52,55,65,86,51,54,63,99,71,60,65,77,122,142,60,103,106,109,47,87,137,142,69,63,46,45,72,74,106,118,56,48,72,87,141,75,43,61,112,139,51,50,46,68,84,126,41,50,68,64,63,66,69,115,53,39,38,95,102,128,44,39,58,76,90,138,35,34,50,69,123,136,139,49,37,53,54,137,84,61,53,48,36,38,64,122,31,52,39,58,64,69,40,83,48,35,51,50,43,26,25,44,75,38,45,100,133,134,24,109,135,25,110,27,21,55,89,98,101,110,58,52,56,41,72,88,127,57,28,19,20,43,79,109,129,47,88,107,40,39,33,25,20,19,16,53,54,134,53,38,41,75,41,30,38,57,66,53,46,17,76,77,98,106,109,132,31,44,101,11,24,25,118,14,35,60,70,71,53,60,103,50,56,133,91,130,132,39,143,28,26,25,110,116,144,24,8,6,68,77,89,117,137,51,25,19,44,93,127,18,48,89,101,137,23,138,0,27,89,97,42,56,127,13,10,65,84,133,125,136,37,103,105,11,48,56,68,100,6,83,26,22,21,27,56,107,124,20,25,109,20,13,46,51,72,127,74,54,76,100,56,58,100,33,130,14,21,66,105,123,32,28,69,122,16,17,33,61,100,102,137,18,52,38,65,49,19,54,23,34,57,78,117,41,28,51,67,32,70,104,42,74,122,40,34,100,116,136,30,29,124,44,41,77,50,31,38,74,40,70,47,71,52,45
96,96,89,80,85,91,111,137,93,71,74,85,96,98,69,89,121,70,114,90,102,95,78,64,66,99,66,63,129,88,102,114,62,62,73,92,77,76,103,81,71,70,116,86,60,66,56,64,69,80,60,64,81,95,59,81,102,95,92,91,107,66,58,53,53,66,60,52,52,77,92,50,52,59,98,117,79,81,83,85,58,66,112,116,91,84,56,51,54,55,82,94,75,45,53,65,116,55,45,45,88,113,70,41,40,49,62,101,57,39,49,87,44,47,49,90,75,54,41,70,77,103,63,38,40,54,66,112,47,43,35,47,97,110,113,71,54,36,37,111,60,85,77,71,56,30,42,96,33,33,61,37,41,46,63,58,72,57,31,74,67,42,38,27,51,62,26,74,107,108,30,83,108,27,84,49,37,32,63,72,75,84,83,78,32,66,46,62,101,83,52,28,25,22,53,82,103,24,61,81,66,65,58,49,42,40,31,29,30,107,79,64,19,48,67,55,16,31,40,79,72,21,50,51,71,79,82,105,57,19,74,26,13,12,91,38,12,34,43,44,27,33,77,76,29,106,64,103,105,66,116,55,53,5,83,89,117,51,34,32,41,50,62,90,110,78,52,46,17,66,100,9,21,62,74,110,50,111,27,0,62,70,15,29,100,40,37,38,57,106,98,109,11,76,78,18,22,29,41,73,29,56,52,49,48,7,30,80,97,12,9,82,46,20,20,25,45,100,47,81,49,73,30,32,73,58,103,31,18,40,78,96,57,15,43,95,32,26,16,36,74,76,110,27,78,19,39,74,35,80,25,20,33,52,90,65,22,29,43,22,45,78,66,49,96,64,24,74,89,110,51,49,97,67,64,52,74,31,28,50,29,47,70,48,76,68
145,144,136,77,74,72,76,91,141,94,80,70,69,148,84,68,78,76,73,65,67,147,125,89,78,66,104,84,81,140,65,71,93,80,65,145,125,62,64,132,63,62,70,139,72,64,87,64,60,132,66,62,55,57,66,54,60,151,147,146,61,114,102,88,72,56,107,87,73,51,148,75,69,59,55,67,133,49,49,50,107,48,61,64,148,140,106,98,56,54,46,49,131,84,54,46,63,51,89,62,45,60,126,73,77,52,43,51,110,70,51,145,54,52,49,43,132,108,88,37,37,50,120,81,57,42,36,56,101,94,63,45,45,55,57,129,110,58,57,55,34,144,136,130,113,72,45,42,82,54,119,47,43,38,122,29,132,116,52,134,126,99,93,59,31,121,56,25,48,49,85,29,50,81,29,108,95,43,21,22,23,28,144,138,42,126,28,19,42,144,112,85,82,53,22,25,43,48,17,24,127,126,119,109,102,100,90,41,40,47,141,125,53,22,129,116,56,37,28,141,134,79,19,18,15,21,23,44,119,49,16,87,69,67,30,100,56,32,22,21,38,31,17,138,35,45,7,42,44,128,54,117,115,64,22,27,55,113,96,94,21,13,4,28,48,140,114,108,45,5,38,71,41,2,12,48,112,49,89,62,0,8,47,33,38,102,99,24,5,44,36,47,52,15,16,79,41,33,22,12,90,8,114,110,109,63,34,19,36,71,65,22,107,81,45,40,20,39,19,142,18,15,36,34,16,120,42,91,74,29,21,36,118,67,27,35,91,84,62,34,19,20,50,85,139,59,32,135,93,140,80,65,41,24,33,126,73,47,33,70,32,26,126,30,39,123,69,25,34,51,109,107,41,127,123,32,134,81,69,34,68,38,129,39,135,126
152,151,143,80,76,74,74,86,148,99,84,72,69,156,89,69,74,80,70,65,66,154,132,95,83,64,111,90,76,147,63,67,99,86,68,152,132,65,62,139,67,66,66,147,77,68,93,69,64,139,71,66,56,56,71,55,57,158,154,153,58,122,109,95,78,60,114,94,79,52,155,81,74,63,52,62,141,49,49,49,115,51,56,59,156,148,113,105,61,59,45,47,138,90,59,49,57,56,96,68,43,55,133,80,84,58,46,46,118,77,57,153,60,57,54,40,140,115,95,38,37,45,127,89,63,47,38,50,108,102,70,50,40,49,51,137,118,65,63,49,37,152,143,137,121,80,51,37,90,61,127,54,49,44,130,33,139,124,59,142,134,107,101,66,36,129,64,24,42,42,93,25,43,89,25,116,103,51,24,21,21,24,152,146,49,134,34,22,35,152,120,93,90,61,27,21,36,56,20,19,135,134,127,117,110,108,98,49,48,39,149,133,61,28,137,124,64,44,35,149,142,87,26,25,13,15,17,36,127,56,12,95,77,75,23,107,64,39,30,29,46,39,11,146,43,37,9,34,36,136,46,125,123,72,14,20,47,121,104,102,29,20,9,20,40,148,122,116,53,5,30,79,49,8,4,40,120,41,97,70,8,0,55,41,30,110,107,32,13,36,28,39,60,7,9,87,49,41,29,6,98,15,122,118,117,71,42,12,28,79,73,14,115,88,53,48,28,31,26,150,25,11,44,42,12,128,35,99,82,36,16,29,126,75,34,28,99,91,70,41,16,16,42,93,147,66,39,143,101,148,87,73,48,30,27,134,81,54,39,77,38,23,134,35,33,131,77,24,29,44,117,115,35,135,131,37,142,89,76,40,76,44,136,45,142,134
108,107,100,76,79,83,101,125,104,73,72,78,87,109,69,81,109,68,103,81,92,107,88,67,65,89,73,65,117,100,91,103,66,62,67,105,88,68,92,93,65,64,104,99,58,61,60,59,62,92,57,59,71,84,56,71,91,108,105,104,95,76,67,58,53,59,70,57,52,67,105,52,51,53,86,104,92,70,72,74,69,57,99,103,105,98,67,61,48,49,71,81,88,51,47,56,102,48,53,43,75,100,83,44,45,43,52,88,69,41,42,101,40,41,42,78,89,66,50,59,65,89,77,45,37,45,55,98,59,54,36,39,84,97,99,85,67,34,34,97,49,99,91,85,69,36,34,82,42,30,75,30,33,36,77,46,86,71,27,89,81,55,50,27,39,76,25,60,92,93,42,69,94,39,70,63,51,24,49,58,61,70,98,92,23,81,34,48,86,98,67,41,38,19,40,68,88,18,48,66,81,80,73,63,57,55,45,19,20,93,94,79,16,35,82,70,17,20,27,94,87,34,36,37,57,65,67,90,72,13,59,41,24,22,76,53,14,20,29,30,14,20,62,91,16,91,50,88,90,81,101,70,68,18,68,74,102,66,49,47,26,35,47,75,95,93,67,61,4,51,85,24,7,47,59,95,65,96,42,15,47,55,0,14,85,55,52,23,42,91,83,94,6,61,63,32,7,15,26,58,43,41,67,63,62,17,15,65,82,25,19,67,61,34,9,11,30,85,32,96,34,58,17,19,58,73,88,45,29,26,63,81,71,23,29,80,46,38,20,23,59,61,95,39,93,19,26,89,48,94,36,24,22,38,75,80,30,21,30,28,32,64,80,36,81,77,29,60,75,95,64,62,83,81,77,40,88,40,31,38,32,36,83,36,89,81
118,117,110,73,75,77,92,114,114,77,71,73,80,121,71,74,99,67,93,74,83,118,98,71,66,80,81,68,106,112,82,92,72,65,63,116,98,63,82,104,61,60,93,110,59,58,66,57,58,103,56,56,64,74,55,63,80,121,117,116,84,87,76,65,56,54,80,64,55,60,118,56,53,51,75,92,104,61,63,65,79,50,87,91,117,110,78,71,46,46,61,70,101,59,45,49,90,44,62,45,64,87,96,50,53,41,45,76,81,47,40,114,39,39,39,66,101,78,60,49,54,77,89,54,39,39,45,85,71,65,40,35,71,84,86,98,80,37,36,84,40,113,104,98,82,45,31,69,53,33,88,29,29,30,90,36,100,84,30,102,95,68,63,33,30,90,31,48,79,80,55,56,81,51,57,76,64,23,37,46,48,56,112,106,21,94,24,36,73,112,80,53,51,25,28,54,74,22,35,53,95,94,87,77,70,68,59,18,17,79,108,92,24,23,96,83,26,15,17,108,101,47,24,24,43,51,54,76,86,19,46,54,37,35,62,67,25,11,17,18,11,10,48,105,9,78,36,74,76,95,87,84,82,32,54,60,88,80,63,61,13,22,33,61,81,107,81,75,13,37,71,38,9,33,45,81,79,82,56,29,33,41,14,0,71,69,66,9,28,77,69,80,19,47,49,46,9,4,13,44,57,27,81,77,76,31,6,51,68,39,33,53,74,48,14,10,17,71,19,109,21,44,11,11,44,87,74,58,42,15,50,67,85,35,18,66,59,51,31,15,46,47,81,52,106,29,18,103,61,108,48,35,19,27,62,93,42,22,22,39,23,51,94,26,68,91,39,47,61,81,77,75,69,94,91,31,102,51,40,30,40,29,96,30,102,94
180,179,170,98,91,86,75,75,175,122,104,87,77,183,111,81,69,101,67,76,69,182,159,119,105,69,137,114,65,175,66,63,125,109,86,181,160,81,63,167,86,85,59,175,100,89,119,90,83,168,94,87,69,60,94,68,57,187,183,182,54,150,137,121,103,79,142,121,104,67,184,107,99,86,53,51,170,62,60,58,143,71,47,48,185,177,142,133,85,82,55,49,167,118,83,69,46,79,124,93,49,43,163,108,112,83,67,42,147,104,81,182,86,83,79,43,169,144,124,55,50,38,156,117,90,70,57,36,138,131,97,76,36,35,36,167,147,92,91,35,59,182,173,167,150,109,77,32,119,89,157,81,76,70,159,56,169,153,87,172,164,136,131,95,62,159,92,39,25,25,122,31,25,118,30,146,133,79,47,38,36,29,182,176,78,164,61,46,20,182,150,122,120,90,53,28,19,85,45,28,165,164,157,147,140,138,128,78,77,18,179,163,90,56,167,154,93,74,64,179,172,117,54,53,33,26,24,15,157,86,30,125,107,105,16,137,94,69,59,58,76,69,26,176,73,11,37,9,9,166,17,155,153,102,18,13,18,151,134,132,59,50,38,11,11,178,152,146,83,34,4,109,79,38,26,10,150,11,127,100,38,30,85,71,0,140,137,62,43,6,3,9,90,24,22,117,79,71,59,27,128,44,152,148,147,101,71,21,7,109,103,19,145,118,82,77,57,8,55,180,53,30,73,71,30,157,12,129,112,64,26,14,156,104,62,15,129,121,99,70,32,30,17,122,177,96,67,173,130,178,117,102,76,55,22,163,110,82,66,106,65,33,163,61,23,161,106,38,27,24,146,144,25,164,160,61,171,117,105,64,104,69,166,69,172,163
78,77,75,105,113,120,145,174,76,84,96,114,128,76,88,120,157,93,149,122,137,72,66,77,87,133,68,80,166,68,137,150,71,80,102,69,63,106,139,63,100,99,153,64,83,94,68,91,99,60,86,93,114,131,85,115,139,67,65,65,144,54,56,62,75,97,54,61,73,111,64,69,76,88,134,155,56,116,119,121,48,99,150,155,61,56,47,49,83,86,119,131,51,55,84,99,154,87,50,72,125,152,46,59,55,80,97,139,41,60,80,55,75,78,81,128,46,39,45,107,115,141,40,48,69,89,103,151,37,39,61,81,136,149,152,42,35,64,66,150,97,51,45,40,33,48,76,135,40,64,33,71,76,82,34,96,39,30,64,40,35,28,30,56,88,31,57,113,146,147,32,123,148,34,123,23,25,68,102,111,114,123,47,41,69,31,85,101,141,46,22,28,30,56,92,122,142,60,101,121,30,29,24,19,18,18,22,66,67,147,42,28,54,88,31,21,51,70,80,41,34,28,89,90,111,119,122,145,21,57,114,21,36,38,131,12,49,73,83,84,66,73,117,37,69,146,104,143,145,27,156,17,15,39,123,129,157,13,8,10,81,90,102,130,150,38,13,8,57,106,140,31,61,102,114,150,10,151,13,40,102,110,55,69,140,0,3,78,97,146,138,149,50,116,118,23,61,69,81,113,13,96,13,9,9,39,69,120,137,32,37,122,9,23,58,63,84,140,86,41,88,112,69,71,112,20,142,17,31,78,118,136,20,39,81,135,18,24,44,73,113,115,150,24,39,49,77,36,20,41,31,44,68,90,129,29,37,63,79,41,81,117,30,86,135,29,43,112,128,149,23,23,136,33,31,89,39,37,47,86,48,82,36,82,41,35
79,78,76,103,110,118,143,171,77,82,94,112,126,77,86,117,154,91,147,120,134,74,66,76,85,131,67,78,163,69,134,148,69,79,99,70,63,104,136,64,97,97,150,65,81,92,67,89,96,61,84,90,112,128,83,112,136,69,67,66,141,54,55,61,73,95,53,60,71,109,66,67,74,86,132,152,57,113,116,119,48,97,147,152,63,58,47,49,81,83,116,128,52,54,81,97,151,84,49,70,122,149,47,57,53,77,94,137,41,58,78,57,72,75,79,126,48,39,43,105,112,139,41,46,67,86,100,148,36,38,58,79,133,146,149,44,36,62,64,147,94,53,47,42,34,46,73,132,38,61,34,68,73,79,35,93,41,31,61,43,37,27,28,53,85,33,55,110,143,144,30,120,145,32,120,24,24,65,99,108,111,120,49,44,66,33,82,98,138,48,23,26,28,53,89,119,139,57,98,118,32,32,26,20,18,18,21,64,65,144,44,30,51,85,33,23,48,67,77,44,37,26,86,87,108,116,119,142,24,54,111,18,34,35,128,12,46,70,80,81,63,70,114,40,66,143,101,140,142,30,153,19,17,36,120,126,154,15,7,8,78,87,99,127,147,41,16,10,54,103,137,28,58,99,111,147,13,148,10,37,99,107,52,66,137,3,0,75,94,143,135,146,47,113,115,20,58,66,78,110,10,93,16,12,11,36,66,117,134,29,35,119,11,20,55,60,81,137,83,44,85,109,66,68,109,23,139,15,29,75,115,133,22,36,78,132,17,22,41,70,110,112,147,22,42,46,74,39,19,44,28,41,66,87,126,31,35,60,76,39,79,114,33,83,132,31,40,109,125,146,24,24,133,35,33,86,41,35,44,83,46,79,38,79,43,37
126,125,117,74,74,76,88,108,122,82,73,72,77,129,74,73,94,69,87,71,79,127,106,76,69,76,88,72,99,120,77,86,78,69,63,125,106,63,77,112,61,60,87,119,62,59,72,59,58,112,58,57,61,70,58,60,74,129,126,125,78,95,84,72,60,54,88,71,60,57,126,61,57,52,69,86,112,57,59,60,87,49,80,84,126,119,86,79,48,47,56,64,109,66,47,47,83,45,70,49,59,80,104,57,59,43,43,69,89,53,42,123,43,41,41,59,110,86,68,45,49,70,98,62,43,38,41,77,80,73,46,36,64,76,79,107,88,42,41,76,36,122,113,107,91,53,33,62,61,38,97,33,31,30,99,32,109,93,35,111,104,77,71,40,28,98,37,41,71,72,63,49,72,59,49,85,73,27,31,39,41,49,121,115,26,103,21,30,65,121,89,62,59,33,23,47,66,28,28,45,104,103,96,86,79,77,67,23,22,70,117,101,32,19,105,92,34,19,16,117,110,56,18,19,35,43,46,68,95,27,38,63,46,44,54,76,33,13,13,13,17,13,40,114,14,69,28,66,68,104,78,93,91,41,46,51,79,89,72,70,7,13,25,52,72,116,90,84,22,28,62,47,17,24,36,72,88,73,65,38,24,32,23,9,62,78,75,0,19,68,60,71,28,38,40,55,17,9,4,35,66,18,90,86,85,39,10,42,59,47,41,44,83,56,21,17,9,62,11,118,13,35,14,13,35,96,65,67,50,12,41,58,94,43,13,57,67,60,39,15,37,39,72,61,115,36,16,111,69,116,56,42,22,21,53,102,50,26,19,47,20,42,102,22,59,99,47,39,53,72,85,83,61,103,99,26,110,58,47,26,47,27,105,28,111,102
142,141,133,77,75,74,79,95,138,92,79,71,72,145,83,70,82,76,77,67,71,143,121,87,77,69,102,83,86,136,68,75,91,79,65,141,122,63,68,128,64,63,74,136,71,64,84,64,60,128,65,62,57,61,65,56,64,147,143,142,66,111,99,85,70,56,104,85,71,53,144,73,67,58,59,71,129,51,52,53,104,49,66,69,144,136,102,95,55,53,49,53,127,80,53,47,68,51,85,59,48,65,122,71,74,51,43,55,106,67,50,141,52,50,48,47,128,104,85,39,41,55,115,78,54,42,37,61,97,90,60,43,50,60,62,125,106,55,54,60,35,140,131,125,109,69,43,47,78,51,115,45,40,37,118,30,127,112,49,130,122,95,89,55,30,117,53,29,54,55,81,34,55,77,34,104,91,40,23,26,27,33,140,134,39,122,26,21,47,139,108,81,78,49,21,30,48,44,19,29,122,121,114,105,98,96,86,38,37,52,136,120,49,20,124,111,52,33,25,136,129,75,17,17,20,26,28,49,114,44,21,82,64,62,35,95,51,28,19,18,34,27,22,133,31,50,11,47,49,123,60,112,110,59,27,33,60,108,91,89,17,9,8,34,53,135,109,103,40,10,43,66,36,6,17,53,107,54,84,57,5,13,42,28,43,97,94,19,0,49,41,52,47,19,21,74,36,28,16,16,85,4,109,105,104,58,28,24,40,66,60,26,102,75,40,35,15,44,14,137,13,17,31,29,18,115,46,86,69,23,23,40,113,61,21,39,86,78,57,29,21,22,54,79,134,53,27,130,88,135,74,60,36,20,36,121,68,42,28,64,27,27,121,25,42,118,64,26,36,55,104,102,44,121,118,28,129,76,64,30,63,34,123,34,129,121
185,184,175,103,96,90,77,75,181,128,109,91,81,189,116,85,70,107,69,80,72,188,165,125,111,72,143,119,65,181,69,65,130,115,91,187,166,86,66,173,91,90,60,181,106,94,124,96,88,174,99,93,74,64,99,72,59,193,189,188,57,156,143,127,108,85,148,127,110,72,190,113,105,91,56,52,176,66,64,62,149,76,48,48,191,183,148,139,90,88,60,53,173,124,89,74,46,85,130,99,53,44,169,113,118,89,72,44,153,110,87,188,92,89,85,47,175,150,130,60,54,40,163,123,96,76,62,37,144,137,103,81,39,36,36,173,153,98,97,35,65,188,179,173,156,115,83,35,125,95,163,87,82,76,166,62,175,159,93,178,170,143,137,101,68,165,98,44,26,26,128,36,25,124,35,152,139,85,52,44,41,34,188,182,84,170,67,51,22,188,156,129,126,96,59,33,21,91,51,33,171,170,163,153,146,144,134,84,83,18,185,169,97,62,173,160,99,80,70,185,178,123,60,59,39,32,29,15,163,92,36,131,113,111,21,144,100,75,65,64,82,75,32,182,79,10,43,9,9,172,13,161,159,108,24,18,13,157,140,138,65,56,44,17,7,184,158,152,89,40,8,115,85,44,32,6,156,6,133,106,44,36,91,77,6,146,143,68,49,0,8,3,96,30,28,123,85,77,65,33,134,50,158,154,153,107,77,26,10,115,109,25,151,124,88,83,62,9,61,186,59,35,79,77,35,163,12,135,118,70,31,16,162,110,67,18,135,127,105,75,37,35,14,128,183,101,73,179,136,184,122,108,82,61,25,169,116,88,72,112,70,37,169,66,25,166,111,42,30,22,152,150,26,170,166,66,177,123,110,69,109,74,171,74,177,169
179,178,169,98,92,86,76,77,174,122,104,87,78,182,111,82,71,101,69,77,71,181,158,119,105,71,136,113,68,174,67,65,124,109,86,179,159,82,65,166,86,85,61,174,100,88,118,90,83,166,93,87,70,61,93,69,58,186,182,181,56,149,136,120,102,79,141,120,103,67,183,106,98,85,55,54,168,62,61,59,142,71,49,50,183,176,140,132,84,82,56,51,166,117,83,69,48,79,123,93,50,46,161,107,111,82,67,43,145,103,81,181,85,82,79,44,168,143,123,55,50,40,155,116,89,70,57,39,136,129,96,75,38,38,38,165,146,91,90,37,59,180,171,165,149,107,76,34,117,88,155,80,75,69,158,56,168,152,86,170,162,135,129,93,61,157,91,39,28,28,121,32,27,117,30,144,131,78,46,38,35,29,180,175,77,162,60,45,22,180,148,121,118,89,52,28,21,83,44,28,163,162,155,145,138,136,126,76,75,21,177,161,89,55,165,152,92,72,62,177,170,115,52,52,32,26,23,17,155,84,29,123,105,103,16,136,92,67,57,57,74,67,25,174,71,14,35,11,12,164,20,153,151,100,17,12,21,149,132,130,57,49,37,11,14,176,150,144,81,33,6,107,77,36,25,13,148,14,125,98,36,28,83,69,3,138,135,60,41,8,0,11,88,22,20,115,77,69,57,25,126,42,150,146,145,99,69,18,4,107,101,17,143,116,80,75,54,6,52,178,51,27,71,69,28,155,11,126,110,62,24,11,153,102,59,13,127,119,97,67,29,27,17,120,175,93,65,171,128,176,114,99,74,53,20,161,108,80,64,104,62,30,161,59,21,158,103,35,24,23,144,142,22,162,158,58,169,115,102,61,101,66,163,67,169,160
189,188,179,105,99,92,79,75,184,131,112,94,83,193,119,88,72,109,71,83,74,191,168,128,114,75,146,122,66,184,71,66,133,118,94,190,169,89,68,176,94,93,62,184,109,97,127,99,91,177,102,96,77,66,102,75,61,196,192,191,58,159,146,130,112,87,151,130,113,74,193,116,108,94,59,53,179,69,67,65,152,79,49,49,194,186,151,142,93,91,62,55,176,127,92,77,47,88,133,102,55,45,172,117,121,92,75,46,156,113,90,191,95,92,88,49,179,153,133,63,57,42,166,126,99,79,65,38,147,140,107,85,41,37,37,176,156,102,100,36,68,191,182,176,159,118,87,38,128,98,166,90,85,79,169,65,178,163,96,181,173,146,140,104,71,168,102,47,27,27,132,39,26,127,38,155,142,88,55,47,44,37,191,185,87,173,71,55,24,191,159,132,129,99,63,36,22,94,54,36,174,173,166,156,149,147,137,87,86,19,188,172,100,66,176,163,102,83,73,188,181,126,63,62,42,35,32,17,166,95,39,134,116,114,24,147,103,78,68,67,85,78,35,185,82,11,46,12,11,175,11,164,162,111,27,22,11,160,143,141,68,59,48,20,7,187,161,155,92,43,11,118,88,47,35,5,159,4,136,109,47,39,94,80,9,149,146,71,52,3,11,0,99,33,31,126,88,80,68,36,137,53,161,157,156,110,80,29,13,118,112,27,154,127,91,86,65,11,63,189,62,38,81,80,38,166,12,137,121,73,34,18,164,113,70,19,138,130,108,78,39,37,13,131,186,104,76,182,139,187,125,110,85,63,27,172,118,91,74,115,73,39,172,69,26,169,114,44,31,21,155,153,27,173,169,68,180,126,113,72,112,77,174,77,180,171
106,105,99,80,84,88,107,131,103,76,75,83,93,108,72,86,115,71,109,86,98,105,87,69,68,95,74,67,123,98,97,108,67,65,72,102,86,73,98,91,69,68,110,97,62,65,62,63,67,90,61,63,77,90,60,77,96,106,102,102,101,75,67,59,56,64,69,58,55,73,102,54,54,58,92,110,89,76,78,80,67,62,105,109,102,95,66,60,53,54,77,87,86,52,52,61,108,53,53,47,81,106,81,46,46,48,57,94,67,43,47,98,44,45,47,83,85,64,50,65,71,95,74,45,41,50,60,104,57,52,38,44,89,102,105,82,65,37,37,103,55,96,87,81,66,37,39,88,41,34,72,35,38,41,74,51,83,68,31,85,78,53,48,29,45,73,28,66,98,99,40,75,100,37,76,60,48,29,55,64,67,75,94,88,28,77,39,54,92,94,63,38,36,22,46,73,94,22,53,72,77,76,69,59,53,51,42,24,25,98,90,74,19,41,78,66,18,25,33,90,83,31,42,43,62,70,73,96,68,17,65,37,22,21,81,49,14,26,35,36,20,26,67,87,22,97,55,94,96,77,106,66,64,15,74,80,107,62,45,43,32,41,53,80,100,88,62,56,10,56,90,20,13,52,64,100,60,101,37,11,52,60,6,19,90,50,47,28,47,96,88,99,0,66,68,27,11,19,31,63,38,46,62,58,57,11,19,70,87,19,14,72,55,28,9,14,34,90,36,90,39,62,20,22,63,68,92,39,23,29,68,86,66,17,32,85,40,32,14,25,63,65,100,34,87,15,29,83,42,88,30,19,23,41,80,74,25,20,32,23,34,67,74,38,85,72,24,63,79,99,58,56,87,75,72,42,83,34,26,40,27,37,77,37,83,75
159,158,150,86,82,79,77,86,155,106,90,78,74,163,96,74,76,87,72,70,69,161,139,102,90,68,118,97,77,154,66,69,106,93,74,159,140,71,64,146,73,72,67,154,84,75,100,76,70,146,78,73,61,59,78,60,59,165,161,160,59,129,116,102,85,66,121,101,86,58,162,88,81,70,55,62,148,54,54,53,122,58,56,59,163,155,120,112,68,66,49,49,145,98,66,56,57,63,103,75,46,54,140,87,91,65,53,47,125,84,64,160,68,65,62,42,147,122,103,44,42,46,134,96,70,54,44,49,115,109,77,57,41,48,50,144,125,72,70,48,44,159,150,144,128,87,58,37,97,68,134,61,56,51,137,40,146,130,66,149,141,114,108,73,43,136,71,29,40,40,100,27,40,96,26,123,110,58,30,26,25,25,159,153,56,141,41,29,33,159,127,99,97,68,34,22,33,63,27,21,141,140,134,124,117,115,105,56,55,36,155,139,68,36,143,130,70,51,42,155,148,94,33,32,18,17,18,33,133,63,16,101,83,81,21,114,70,46,37,36,53,46,13,152,49,32,16,29,31,142,41,131,129,79,11,16,42,127,110,108,36,27,16,16,35,154,128,122,59,12,25,85,55,15,6,35,126,35,103,76,15,7,61,47,24,116,113,38,19,30,22,33,66,0,2,93,55,47,35,3,104,20,128,124,123,77,47,5,21,85,79,7,121,94,58,53,32,25,31,156,29,8,49,47,9,133,28,104,88,40,10,21,131,80,38,21,105,97,75,46,13,12,35,98,153,71,43,149,106,154,92,78,52,32,20,139,86,59,43,82,41,18,139,38,25,136,81,21,22,37,122,120,28,140,136,39,147,93,81,42,80,46,141,47,147,139
161,160,151,87,83,79,76,85,157,107,92,79,74,165,97,75,75,88,72,71,69,163,141,103,91,68,120,98,76,156,66,68,108,94,75,161,141,72,64,148,74,73,66,155,86,76,102,77,71,148,79,74,62,59,79,61,59,167,163,162,59,131,118,103,87,67,123,103,87,59,164,90,83,72,54,61,150,55,54,54,124,59,55,58,164,157,122,114,69,67,50,49,147,99,68,57,56,64,105,76,46,53,142,89,93,67,54,46,127,86,65,162,69,66,63,42,149,124,104,45,42,45,136,98,72,55,45,48,117,111,79,59,40,47,48,146,127,74,72,46,45,161,152,146,130,89,60,36,99,70,136,63,58,53,139,41,148,132,68,151,143,116,110,75,45,138,73,29,38,39,102,27,39,98,26,125,112,60,31,27,26,25,161,155,58,143,43,30,31,161,129,101,98,70,36,22,32,65,28,21,143,142,135,126,119,117,107,58,57,34,157,141,70,37,145,132,72,53,44,157,150,96,34,34,19,17,17,31,135,65,17,103,85,83,19,116,72,48,39,38,55,48,13,154,51,30,18,27,29,144,39,133,131,81,10,14,40,129,112,110,38,29,18,14,33,156,130,124,61,14,23,87,57,17,7,33,128,33,105,78,16,9,63,49,22,118,115,40,21,28,20,31,68,2,0,95,57,49,37,5,106,22,130,126,125,79,49,4,19,87,81,6,123,96,60,55,34,23,33,158,31,9,51,49,10,135,26,106,90,42,10,20,133,82,40,19,107,99,77,48,13,13,33,100,155,73,45,151,108,156,94,80,54,34,19,141,88,60,44,84,43,18,141,40,24,138,83,22,22,35,124,122,26,142,138,40,149,95,83,43,82,48,143,49,149,141
90,90,85,93,99,105,128,155,87,78,85,99,112,90,79,104,138,82,131,106,119,87,74,71,77,116,68,72,147,81,119,131,67,71,87,84,72,91,120,75,85,84,134,78,71,80,62,77,83,73,73,78,97,112,72,97,120,85,82,81,124,61,58,58,64,81,58,57,62,94,81,60,64,73,115,135,70,97,100,102,54,82,129,134,80,74,53,51,68,70,99,111,66,50,68,81,133,70,47,58,105,131,61,49,47,64,78,119,50,49,64,75,59,62,64,108,64,47,42,88,95,121,54,41,54,70,83,129,42,40,47,63,115,128,131,60,46,49,50,129,77,72,64,59,46,37,58,114,34,47,50,53,57,62,51,75,59,46,46,61,54,34,32,40,68,49,40,92,124,125,28,101,126,27,102,37,30,49,80,90,93,101,69,63,49,52,64,80,118,68,39,23,23,37,71,100,120,40,79,98,51,51,44,36,30,29,23,46,47,125,64,49,34,66,53,41,31,49,58,64,57,18,67,68,89,97,100,122,43,36,92,17,19,21,108,25,28,51,61,62,44,51,94,60,47,124,82,121,123,50,133,39,37,18,100,106,134,35,19,17,59,68,80,107,127,62,36,30,35,83,117,11,39,79,91,127,34,128,11,18,79,87,32,46,117,23,20,55,74,123,115,126,27,93,95,0,38,46,58,90,11,73,35,31,30,16,46,97,114,9,14,99,28,4,35,40,61,117,63,63,65,89,46,48,89,41,119,14,11,55,94,112,39,17,58,111,16,11,22,50,90,92,126,13,60,26,54,57,18,62,15,23,46,67,106,48,18,40,56,21,59,94,48,63,111,46,24,89,105,125,34,32,113,50,47,66,57,23,28,63,29,59,52,60,58,50
115,114,107,78,81,84,100,123,111,79,75,79,87,117,73,81,108,71,101,81,91,114,95,72,69,88,80,70,114,107,90,101,72,67,69,112,95,70,91,100,66,66,102,106,62,63,66,62,64,99,60,61,71,83,59,71,89,116,112,111,92,83,74,64,58,60,77,64,57,67,112,57,55,56,84,101,99,69,71,73,76,57,96,100,112,105,74,68,51,51,69,79,96,57,50,56,99,50,60,47,73,96,91,50,51,46,52,85,76,47,45,108,43,43,44,75,96,73,57,57,63,86,84,52,41,45,53,94,67,61,41,41,80,93,95,92,74,39,38,93,48,106,98,92,76,43,36,78,50,34,82,33,34,36,84,44,93,78,31,96,88,63,57,32,38,83,31,57,88,89,50,65,89,46,66,70,58,26,46,55,57,65,105,99,25,87,32,45,82,105,74,48,45,25,37,63,83,22,44,62,88,87,80,70,64,62,52,21,21,88,101,85,22,32,89,76,23,20,25,101,94,41,32,33,52,60,63,85,79,18,55,48,31,30,71,60,21,19,26,27,15,18,57,98,15,86,45,83,85,88,96,77,75,25,63,69,97,73,56,54,22,30,42,70,89,99,73,67,9,46,79,31,7,42,53,89,71,90,48,22,41,49,7,9,79,61,58,17,36,85,77,88,11,55,57,38,0,8,20,52,49,35,73,69,68,22,8,59,76,30,24,61,66,39,5,4,23,79,25,101,28,51,10,11,51,78,81,50,33,18,57,75,77,26,21,74,50,42,22,16,52,54,89,44,98,20,19,94,52,99,39,26,16,31,69,85,33,16,23,30,25,57,85,28,74,82,31,53,68,88,68,66,76,86,82,33,93,42,32,31,32,29,88,30,94,85
121,120,112,77,79,81,95,117,117,81,75,77,83,123,75,78,102,71,96,77,86,121,101,75,70,83,84,72,108,114,85,95,76,69,67,118,101,67,85,106,65,64,96,113,63,62,69,61,62,106,60,60,67,77,59,67,83,123,119,118,86,89,79,69,59,58,83,68,59,63,119,60,57,55,78,95,106,64,66,68,82,54,89,93,119,112,80,74,50,50,64,73,102,62,49,53,92,48,65,49,67,89,98,54,56,45,48,78,83,51,44,115,43,43,43,68,103,80,63,52,57,79,91,57,42,42,48,87,73,67,44,39,73,85,88,100,81,41,40,86,43,114,105,99,84,48,35,71,56,36,89,33,33,34,92,39,101,86,33,103,96,70,64,36,34,91,34,50,80,81,56,58,82,52,59,77,65,26,40,48,50,58,113,107,25,95,27,38,74,112,81,55,52,29,31,56,76,25,37,55,95,94,88,78,71,69,60,22,21,80,109,93,27,26,97,84,28,19,21,109,102,48,26,27,45,52,55,77,87,22,47,55,38,37,63,68,27,15,20,21,15,14,49,106,13,78,37,75,77,96,88,85,83,33,55,61,89,81,64,62,15,23,34,62,81,107,81,75,14,38,71,39,11,34,46,81,79,82,56,29,33,41,15,4,71,69,66,9,28,77,69,80,19,47,49,46,8,0,12,44,57,27,81,77,76,30,2,51,68,38,32,53,74,47,12,7,16,71,18,109,20,43,7,7,44,86,73,58,41,12,49,67,85,34,15,66,58,50,29,11,44,46,81,51,106,26,14,102,60,107,46,33,15,24,61,92,40,18,18,37,20,49,93,23,66,90,37,45,60,80,76,74,68,93,90,27,101,49,38,26,38,25,95,26,101,93
130,129,122,77,77,78,89,108,126,86,77,74,78,133,78,75,94,73,88,73,80,131,110,80,73,77,92,76,99,124,78,87,82,73,66,129,110,65,78,116,64,63,87,123,66,63,76,62,61,116,62,61,63,70,61,62,75,133,130,129,78,99,88,76,64,57,92,75,64,59,130,65,61,56,70,85,116,59,60,61,92,51,80,83,130,123,90,83,51,51,57,65,113,70,50,49,82,49,74,53,59,79,108,61,64,47,45,69,93,57,46,127,47,45,44,59,114,90,72,46,50,69,102,66,47,41,43,76,84,78,50,40,63,75,78,111,92,47,45,75,38,125,117,111,95,57,37,61,66,42,101,37,35,33,103,34,112,97,39,115,107,81,75,44,30,102,42,41,69,70,67,48,71,63,48,89,77,31,32,38,40,48,125,119,30,107,24,30,63,124,93,66,63,37,25,45,64,33,28,44,107,106,99,89,83,81,71,27,26,68,121,105,36,21,109,96,38,23,19,120,113,60,19,20,34,41,44,66,98,31,36,67,50,48,52,79,37,17,15,15,21,17,38,118,18,66,26,63,65,108,76,97,95,44,43,49,77,92,76,74,9,13,23,50,70,119,93,87,25,26,60,50,21,22,34,69,91,70,68,41,22,29,26,13,59,81,78,4,16,65,57,68,31,35,37,58,20,12,0,32,69,15,93,89,88,42,12,39,56,50,44,41,86,59,23,18,5,59,7,121,9,32,15,13,32,98,62,70,53,10,37,55,97,45,10,54,70,62,41,14,33,35,69,63,118,37,14,114,71,119,58,44,21,17,49,104,52,26,16,48,17,38,105,18,55,102,48,35,49,69,87,85,57,105,101,22,112,60,48,23,48,24,107,25,113,104
157,156,148,86,82,79,78,89,153,105,90,78,74,161,94,75,78,86,74,71,70,159,137,100,89,69,116,95,79,152,67,71,104,91,74,157,137,70,66,144,72,72,69,151,83,74,98,75,69,144,77,72,62,60,77,60,61,163,159,158,61,127,114,100,83,65,119,99,84,58,160,87,80,69,56,64,145,55,54,54,119,57,59,61,160,152,118,110,67,65,50,51,143,96,65,55,60,62,101,73,47,57,138,85,89,64,52,49,122,82,62,157,66,63,60,44,144,120,100,44,42,48,132,93,69,53,43,52,113,106,75,56,43,50,52,141,122,70,69,50,43,156,147,141,125,85,56,39,94,66,131,59,54,50,134,39,143,128,64,146,138,111,105,71,42,133,68,29,42,43,97,29,43,93,28,120,107,55,30,26,26,27,156,150,54,138,39,28,35,156,124,97,94,65,33,24,36,60,26,23,139,138,131,121,114,112,102,53,52,39,152,136,65,34,140,127,68,49,40,152,145,91,31,30,18,19,20,36,130,60,17,98,81,79,23,111,68,44,34,34,50,43,14,150,47,35,15,32,34,139,44,128,126,76,14,19,45,124,107,105,33,25,14,19,38,151,125,119,57,11,28,82,52,13,7,38,123,38,100,73,12,6,58,44,27,113,110,35,16,33,25,36,63,3,5,90,52,44,32,0,101,17,125,121,120,74,44,7,24,82,76,9,118,91,55,50,29,27,27,153,26,6,46,44,7,130,30,101,84,37,10,24,128,77,34,23,102,94,72,42,11,11,38,95,150,68,40,146,103,151,89,75,49,29,21,136,83,55,39,79,38,17,136,35,27,133,78,19,23,39,119,117,29,137,133,36,144,90,77,39,77,43,138,44,144,136
86,85,82,100,107,114,137,165,83,82,92,107,121,85,85,113,148,89,141,115,128,82,72,75,83,125,69,77,157,76,128,141,70,77,95,78,69,99,130,71,93,93,144,73,78,88,66,85,92,68,81,86,106,122,79,107,130,78,75,75,135,59,58,61,70,90,57,60,69,103,74,66,71,81,125,145,65,107,110,112,52,91,140,145,72,67,51,51,76,79,110,121,60,53,77,91,144,79,49,66,115,141,55,55,52,72,88,129,47,55,73,67,67,70,74,118,57,44,44,98,105,131,48,45,62,80,93,140,40,40,54,73,126,139,142,52,42,57,59,140,88,63,56,51,41,43,67,124,37,56,43,62,67,72,44,86,50,39,55,52,46,32,31,48,78,42,49,102,135,136,30,112,137,30,113,31,27,59,91,101,104,112,59,54,59,43,74,91,129,58,32,25,26,47,82,111,131,51,90,109,42,41,36,28,25,24,22,56,57,136,54,40,44,77,43,32,41,59,69,53,47,22,78,79,100,108,111,133,33,47,103,17,28,29,119,18,38,62,72,73,55,62,105,50,58,135,93,132,134,40,144,29,27,28,112,118,145,25,12,11,70,79,91,118,138,51,26,20,46,94,128,21,50,90,102,138,23,139,6,29,90,98,43,57,128,13,10,66,85,134,126,137,38,104,106,11,49,57,69,101,0,84,24,20,19,27,57,108,125,19,25,110,17,10,46,51,72,128,74,52,76,100,56,58,100,30,130,8,19,65,105,123,28,27,69,122,10,13,32,61,100,102,137,13,49,36,64,46,13,51,19,31,56,77,117,37,25,50,67,29,69,104,38,73,122,36,31,100,115,136,25,24,123,39,37,76,47,26,35,73,36,69,42,69,48,41
143,142,134,81,79,78,83,99,139,95,82,75,76,146,86,74,86,79,81,71,75,144,123,90,80,73,103,85,89,137,72,79,93,81,69,142,123,67,72,129,67,66,78,136,74,67,86,67,64,129,68,65,61,65,68,60,68,147,144,143,70,112,100,87,73,60,105,86,73,57,144,75,69,61,63,75,130,56,56,57,105,53,69,73,144,137,103,96,58,56,53,57,127,82,56,51,71,54,87,62,52,69,122,72,76,54,47,59,107,69,52,141,55,53,51,51,128,104,86,43,45,59,116,79,57,45,41,65,98,91,62,46,53,63,66,125,106,57,56,63,38,140,131,125,109,70,45,50,79,53,115,47,43,39,118,33,127,112,50,130,122,95,90,56,33,117,54,33,57,57,81,38,58,77,38,104,91,42,27,30,31,37,139,134,40,122,29,25,50,139,108,81,78,50,25,34,51,45,23,33,122,121,114,104,98,96,86,39,38,55,136,120,50,23,124,111,52,34,27,135,128,74,21,20,24,29,31,52,113,45,25,82,64,62,38,94,52,29,21,21,34,28,25,133,31,52,15,49,51,123,61,112,110,59,29,35,62,107,91,89,18,12,12,35,55,134,108,102,40,13,45,65,36,10,20,55,106,55,83,56,8,15,41,27,44,96,93,18,4,50,42,53,46,20,22,73,35,27,15,17,84,0,108,104,103,57,27,24,41,65,59,26,101,74,38,33,12,44,11,136,9,17,29,27,17,113,47,84,67,21,22,40,111,60,18,39,85,77,55,26,19,21,54,78,133,51,24,129,86,134,72,58,33,16,35,119,66,39,24,62,23,25,119,21,41,116,62,23,35,54,102,100,42,120,116,24,127,73,61,26,61,30,121,31,127,119
80,80,79,118,125,133,158,187,78,94,108,126,141,77,99,132,169,105,162,135,149,73,71,88,99,146,77,91,179,70,150,163,81,92,114,69,67,119,152,66,112,112,166,65,95,106,79,103,112,62,99,105,127,144,97,128,152,66,64,64,157,60,64,73,87,110,61,72,85,124,62,81,88,101,147,168,57,129,132,134,56,112,163,168,59,55,55,59,96,99,132,144,52,67,97,112,167,99,61,85,138,164,48,72,67,93,110,152,47,72,93,52,87,91,94,141,46,46,56,120,128,154,43,59,82,102,116,163,45,49,73,94,149,162,165,41,41,77,79,163,110,47,42,39,37,61,89,148,52,77,35,84,89,95,34,108,36,33,76,37,34,37,40,69,101,31,70,126,159,160,44,135,161,46,136,29,35,81,114,124,127,136,40,35,82,28,98,114,153,38,25,40,42,69,105,134,155,73,114,133,26,25,23,24,26,27,34,79,80,160,34,24,67,100,25,21,64,83,92,33,28,41,102,103,124,132,134,157,19,70,126,33,49,51,143,23,61,86,96,97,79,86,129,28,81,159,117,156,158,19,169,12,12,51,136,142,169,11,21,23,94,103,115,142,162,28,10,12,70,118,152,44,74,114,126,162,8,163,26,52,114,122,67,81,152,13,16,90,109,158,150,161,62,128,130,35,73,81,93,125,24,108,0,4,5,51,81,132,149,43,49,134,7,34,70,75,96,152,98,28,100,124,80,82,124,8,154,25,42,89,129,147,9,50,92,146,26,33,55,84,124,126,161,33,26,59,88,23,26,28,39,54,79,101,141,17,46,73,90,50,92,128,19,96,146,18,52,123,139,160,20,21,147,21,21,99,27,43,55,96,56,92,25,92,29,25
81,80,79,115,122,130,155,183,79,92,105,123,138,78,97,129,166,103,159,131,146,74,71,86,96,143,75,88,176,71,146,160,79,89,111,71,67,115,148,66,109,109,163,66,92,103,77,100,108,63,96,102,124,140,94,124,148,68,66,65,153,60,63,71,84,107,60,70,82,121,64,79,85,97,144,164,58,125,128,131,55,109,159,164,61,57,54,57,93,95,128,140,53,64,93,109,163,96,59,81,134,161,49,69,64,89,106,149,47,69,90,54,84,87,91,138,47,45,53,117,124,151,43,57,79,98,112,160,44,47,70,91,145,158,161,43,40,74,75,159,106,49,44,40,37,57,85,144,49,73,36,80,85,91,35,105,38,33,73,39,35,35,38,65,97,32,67,122,155,156,41,131,157,43,132,28,33,77,111,120,123,132,43,38,78,30,94,110,149,41,25,37,39,65,101,130,151,69,110,129,28,27,24,23,25,25,31,76,77,156,37,26,63,97,28,22,60,79,89,36,30,38,98,99,120,128,131,153,21,66,122,30,46,48,139,20,58,82,92,93,75,82,125,32,77,155,113,152,154,22,165,14,13,48,132,138,165,11,18,19,90,99,111,138,158,32,11,10,66,114,148,40,70,110,122,158,8,159,22,49,110,118,63,77,148,9,12,86,105,154,146,157,58,124,126,31,69,77,89,121,20,104,4,0,1,47,77,128,145,39,45,130,4,30,66,71,92,148,94,32,96,120,76,78,120,11,150,21,38,85,125,143,11,46,88,142,22,29,51,81,120,122,157,29,30,55,84,27,22,32,35,50,75,97,137,20,42,69,86,46,88,124,21,92,142,20,48,119,135,156,18,19,143,24,22,95,30,40,51,92,53,88,27,88,32,27
81,81,79,114,121,129,154,182,79,92,105,122,137,78,96,128,165,102,158,131,145,75,71,85,96,142,75,88,175,71,145,159,78,89,110,71,67,115,147,67,108,108,162,66,91,102,76,99,107,63,95,101,123,140,94,123,147,68,66,66,152,59,63,70,83,106,60,69,81,120,64,78,84,97,143,163,58,124,127,130,54,108,158,163,61,57,54,56,92,95,127,139,53,64,92,108,162,95,58,81,133,160,49,68,64,89,105,148,46,69,89,55,83,87,90,137,48,45,53,116,123,150,43,56,78,97,111,159,43,46,69,90,144,157,160,43,40,73,75,158,105,50,44,41,37,57,85,143,48,73,36,79,85,90,35,104,39,33,72,39,35,35,37,64,96,33,66,121,154,155,40,130,156,42,131,28,32,76,110,119,122,131,43,39,77,31,93,109,148,42,25,36,38,64,100,129,150,68,109,128,29,28,25,23,24,25,30,75,76,155,38,27,62,96,28,22,59,78,88,37,31,37,97,98,119,127,130,152,21,65,121,29,45,47,138,20,57,81,91,92,74,81,124,33,76,154,112,151,153,23,164,14,13,47,131,137,164,12,17,19,89,98,110,137,157,33,11,10,65,113,147,39,69,109,121,157,9,158,21,48,109,117,62,76,147,9,11,85,104,153,145,156,57,123,125,30,68,76,88,120,19,103,5,1,0,46,76,127,144,38,44,129,3,29,65,70,91,147,93,33,95,119,75,77,119,12,149,20,37,84,124,142,11,45,87,141,21,28,50,80,119,121,156,28,31,54,83,28,22,33,35,49,74,96,136,21,41,68,85,46,87,123,22,91,141,21,47,118,134,155,18,19,142,24,23,94,30,39,51,91,52,87,28,87,33,27
101,100,95,87,91,97,117,142,98,78,81,91,102,102,76,95,126,77,119,96,108,99,84,71,73,105,73,70,134,93,107,119,68,69,79,96,82,82,108,86,77,76,121,91,67,72,63,70,75,84,67,71,86,100,66,86,107,98,95,94,112,71,64,60,60,72,66,59,59,83,95,57,59,65,102,121,83,86,88,90,63,72,116,120,94,87,62,57,60,62,87,98,79,52,60,71,119,61,51,52,92,117,74,48,47,55,67,105,61,46,55,89,51,53,55,94,78,58,47,75,82,107,67,44,47,59,71,115,52,48,42,53,101,114,116,74,58,43,43,114,65,87,79,73,59,37,48,99,39,40,64,43,47,51,66,62,74,60,38,76,69,46,42,34,55,64,33,77,109,110,36,86,111,33,87,51,41,38,66,75,78,87,84,79,37,67,50,65,103,84,54,32,30,28,57,85,105,30,65,84,67,66,60,51,44,43,35,34,35,109,80,65,25,52,68,56,23,36,44,80,73,25,53,54,74,81,84,107,58,25,76,29,19,18,93,40,19,37,46,47,31,37,79,76,33,108,66,105,107,66,118,55,53,12,85,91,119,51,35,33,43,52,64,92,112,78,52,46,21,68,101,12,24,64,76,111,50,112,27,7,63,71,17,31,101,39,36,39,58,107,99,110,11,77,79,16,22,30,42,74,27,57,51,47,46,0,30,81,98,8,2,83,44,17,19,24,45,101,47,79,49,73,29,31,73,56,103,28,12,39,78,96,55,8,42,95,28,21,9,34,74,76,110,22,76,13,38,72,30,77,19,13,30,51,90,63,16,25,40,15,43,77,63,47,95,60,17,73,89,109,47,45,97,64,60,50,71,25,21,48,22,44,66,44,72,64
122,121,114,79,81,83,97,118,118,83,77,79,85,124,77,80,103,73,97,79,88,122,103,77,72,85,86,74,109,115,86,96,77,71,69,120,102,69,87,108,67,66,97,114,65,64,71,63,64,107,62,62,69,79,61,68,84,124,120,119,88,91,81,70,61,60,84,69,61,65,120,61,59,57,79,96,107,66,68,69,83,56,90,94,120,113,82,75,52,52,66,74,103,64,51,54,93,50,67,50,69,90,98,56,57,47,50,79,84,52,46,116,45,45,45,70,104,81,64,54,59,80,92,59,44,44,50,88,74,69,46,41,74,86,89,100,82,43,42,87,45,114,106,100,85,50,37,72,57,38,90,35,35,36,92,40,102,87,35,104,96,71,65,38,35,91,36,51,81,82,57,59,83,54,60,78,66,28,41,49,51,59,113,107,27,96,29,40,75,113,82,56,53,30,33,57,76,27,38,55,96,95,88,78,72,70,61,24,23,80,109,94,28,28,97,85,30,21,23,109,102,49,28,28,46,53,56,78,87,24,48,56,39,38,64,68,28,17,21,22,16,16,50,106,15,78,38,75,77,96,88,85,83,33,55,61,89,81,64,62,16,24,35,62,82,107,82,76,16,38,72,39,12,34,46,81,79,82,56,30,34,42,15,6,71,69,66,10,28,77,69,80,19,47,49,46,8,2,12,44,57,27,81,77,76,30,0,51,68,38,32,53,74,47,11,6,15,71,17,109,19,43,5,5,43,86,73,57,41,11,49,66,84,33,14,65,58,50,28,9,44,46,81,51,106,25,13,102,59,107,46,32,13,23,60,92,40,17,16,36,18,48,92,21,66,90,36,44,59,80,75,73,67,93,89,26,100,48,37,25,36,23,95,24,101,92
164,163,155,91,86,83,79,87,160,111,95,82,77,168,101,78,78,92,74,74,72,166,144,107,95,71,123,102,77,159,69,71,111,98,79,164,144,75,67,151,78,77,68,158,89,79,105,80,75,151,83,78,65,62,83,64,61,170,166,165,61,134,121,107,90,71,126,106,91,62,167,93,86,75,57,63,153,58,57,57,127,62,57,59,167,160,125,117,73,71,53,52,150,103,71,60,58,68,108,80,49,55,145,92,96,70,57,49,129,89,69,164,73,70,67,45,152,127,107,48,46,47,139,101,75,59,48,49,120,114,82,62,42,48,50,148,129,77,75,48,49,163,155,149,132,92,63,39,102,73,138,66,61,56,141,45,151,135,71,153,146,118,113,78,48,140,76,33,39,40,104,30,40,100,29,127,114,63,35,30,29,28,163,157,61,145,46,33,32,163,131,104,101,72,39,25,33,67,32,24,146,145,138,128,121,119,109,61,60,35,160,144,72,40,148,135,75,56,47,159,152,98,38,37,22,20,20,31,137,68,20,106,88,86,21,118,75,51,42,41,57,51,16,157,54,30,21,27,29,147,38,136,134,83,12,15,39,131,115,113,41,32,21,15,32,158,132,126,64,17,22,89,60,20,11,31,130,32,107,80,19,12,65,51,21,120,117,42,24,26,18,29,70,5,4,97,59,51,39,7,108,24,132,128,127,81,51,0,17,89,83,2,125,98,62,57,36,20,34,160,32,9,52,50,9,137,23,108,91,44,8,17,135,83,41,16,108,100,79,49,12,11,30,101,156,75,46,152,110,158,96,81,56,35,15,143,89,62,45,85,44,16,143,40,21,140,85,20,18,32,125,123,23,143,139,40,150,96,84,43,83,48,145,49,151,142
179,178,170,100,95,89,80,81,175,124,106,90,82,183,113,85,75,103,73,80,74,181,159,120,107,74,137,115,72,174,71,69,125,110,89,180,160,84,68,167,88,87,65,174,102,91,119,92,85,167,95,89,73,65,95,71,62,186,182,181,60,149,136,121,103,81,141,121,105,70,183,107,100,87,58,58,169,65,64,62,142,73,53,54,184,176,141,133,86,83,59,54,166,118,84,71,52,80,123,94,53,50,161,107,111,83,69,47,145,104,82,181,87,83,80,47,168,143,123,57,53,44,155,116,90,71,59,43,136,130,97,76,41,42,42,165,146,92,90,41,60,180,171,165,149,108,77,37,118,89,155,81,76,70,158,57,167,152,87,170,162,135,129,94,62,157,91,41,32,32,121,34,31,117,33,144,131,78,47,40,38,32,180,174,77,162,61,46,26,180,148,121,118,89,53,30,25,84,45,30,163,162,155,145,138,136,126,77,76,25,176,161,89,56,164,151,91,72,63,176,169,115,53,52,34,28,26,21,154,84,31,122,105,103,19,135,92,67,58,57,74,67,26,174,71,17,36,15,16,164,23,152,150,100,18,14,23,148,131,129,57,48,37,13,17,175,149,143,81,33,10,106,77,36,25,16,147,16,124,97,36,28,82,68,7,137,134,59,40,10,4,13,87,21,19,114,76,68,56,24,125,41,149,145,144,98,68,17,0,106,100,15,142,115,79,74,53,4,51,177,49,25,69,67,25,154,8,125,108,60,21,7,152,100,58,9,125,117,95,66,27,25,15,118,173,92,63,169,127,174,113,98,72,51,16,160,106,78,62,102,60,27,160,56,16,157,101,32,20,20,142,140,18,160,156,56,167,113,100,59,99,64,162,64,168,159
97,97,91,91,97,102,123,149,94,80,85,96,108,97,79,101,133,81,126,102,114,94,80,73,77,111,72,73,141,88,114,126,69,72,85,91,78,87,115,82,82,82,128,86,70,77,64,75,81,80,72,76,93,107,70,93,114,93,90,89,119,68,62,60,64,78,63,59,62,89,89,60,63,70,110,129,78,93,95,97,60,78,123,128,88,82,59,55,65,67,94,105,74,52,65,77,127,67,50,56,99,124,69,50,48,61,74,113,57,49,60,83,56,58,61,102,72,54,46,82,89,114,62,44,52,66,78,123,48,45,46,59,108,121,124,68,53,47,48,122,72,80,72,67,54,38,54,107,37,45,58,49,53,58,59,69,67,54,43,69,62,41,38,38,62,58,38,85,117,118,33,94,119,31,95,45,36,44,74,83,86,95,77,72,44,60,58,73,111,77,48,29,28,33,64,93,113,36,72,91,60,59,53,44,38,37,30,41,42,117,73,58,30,60,61,49,28,43,52,72,65,22,61,62,82,89,92,115,51,31,84,24,19,20,101,33,24,45,54,55,38,44,87,69,40,116,75,113,115,59,126,48,46,15,93,99,127,44,28,26,51,60,72,100,120,70,44,39,28,76,110,10,32,72,84,119,42,120,20,12,71,79,25,39,109,32,29,47,66,115,107,118,19,85,87,9,30,38,50,82,19,65,43,39,38,8,38,89,106,0,6,91,36,9,27,32,53,109,55,71,57,81,37,39,81,48,111,20,6,46,86,104,47,9,49,103,21,14,14,42,81,83,118,15,68,18,45,64,23,69,13,15,37,58,98,55,13,32,48,15,50,85,55,54,103,52,17,81,96,117,39,37,104,56,53,57,63,21,22,55,23,51,58,51,64,56
101,100,94,89,93,99,119,144,97,79,83,93,104,101,78,97,128,79,121,98,110,98,83,72,75,107,73,72,136,92,109,121,69,70,81,95,82,84,110,85,79,78,123,90,68,74,64,72,77,84,69,73,88,103,68,88,109,97,94,94,114,70,64,60,62,74,66,59,60,85,94,59,61,67,105,123,82,88,90,93,63,74,118,123,93,86,61,57,62,64,89,100,78,52,62,73,122,63,52,54,94,119,73,49,48,57,69,107,60,48,57,88,53,55,57,97,77,58,47,77,84,109,66,45,49,62,73,117,52,48,44,55,103,116,119,73,57,44,45,116,67,85,78,72,58,38,50,101,39,42,62,45,49,53,64,64,72,59,39,75,68,45,41,35,57,63,35,80,112,113,35,89,113,33,89,50,40,40,68,78,80,89,83,77,40,66,52,68,106,82,53,32,30,30,59,87,107,32,67,86,66,65,58,49,43,42,34,36,37,112,78,63,27,54,67,55,25,38,47,78,71,25,55,56,76,84,87,109,57,27,79,28,19,19,95,38,21,39,48,49,33,39,81,75,35,110,69,107,109,65,120,54,52,13,87,93,121,49,33,31,46,54,66,94,114,76,50,44,23,70,104,12,26,66,78,113,48,114,25,9,65,73,19,33,103,37,35,41,60,109,101,112,14,79,81,14,24,32,44,76,25,59,49,45,44,2,32,83,100,6,0,85,42,15,21,26,47,103,49,77,51,75,31,33,75,54,105,26,10,40,80,98,52,7,44,97,26,19,9,36,75,77,112,20,74,13,39,70,28,75,17,12,31,52,92,60,14,26,42,14,44,79,61,48,97,58,16,75,90,111,44,43,98,62,58,52,69,23,20,49,21,45,64,46,70,61
166,166,157,93,88,84,80,87,162,113,97,84,78,170,103,80,78,94,75,76,73,168,146,109,97,72,125,104,77,161,70,71,113,100,81,167,147,77,68,153,80,79,69,161,91,81,107,82,77,154,85,80,67,63,85,66,62,172,168,168,62,136,124,109,92,73,128,108,93,64,169,96,89,77,58,63,155,60,59,58,129,64,58,60,169,162,128,119,75,73,55,53,152,105,74,62,58,70,110,82,50,55,147,95,98,72,59,49,132,91,71,166,75,72,69,46,154,129,110,50,47,47,141,103,78,61,50,49,122,116,84,65,43,48,49,151,132,79,78,48,51,166,157,151,134,94,65,39,104,76,141,68,63,58,143,47,153,137,73,156,148,121,115,80,50,143,78,34,39,39,107,31,39,102,30,129,117,65,37,32,31,29,165,159,64,147,48,35,32,165,134,106,103,75,41,26,32,70,34,25,148,147,140,130,123,121,112,63,62,34,162,146,75,43,150,137,77,58,49,161,154,100,40,39,24,21,21,30,139,70,22,108,90,88,21,120,77,53,44,43,59,53,18,159,56,29,23,26,27,149,37,138,136,85,13,15,37,134,117,115,43,34,23,14,30,160,134,128,66,19,21,92,62,22,13,30,132,30,109,82,22,14,67,53,19,122,119,44,26,25,17,27,72,7,6,99,61,53,41,9,110,26,134,130,129,83,53,2,15,91,85,0,127,100,64,59,38,18,36,162,34,10,54,52,11,139,21,110,93,45,8,14,137,85,43,14,110,102,80,51,13,11,28,103,158,77,48,154,112,159,98,83,57,36,13,145,91,63,47,87,45,16,145,42,19,142,86,20,16,30,127,125,21,145,141,42,152,98,85,45,85,50,147,50,153,144
83,83,81,114,121,129,153,181,81,92,105,122,136,81,96,128,164,102,157,130,144,77,73,86,96,141,76,88,174,73,145,158,79,89,110,73,69,114,146,69,108,107,161,69,91,102,77,99,107,65,95,101,122,139,93,122,146,71,69,68,151,61,64,71,83,105,61,70,81,119,67,78,84,96,142,162,60,123,126,129,56,107,157,162,64,60,55,58,92,94,126,138,55,64,92,107,161,95,59,80,132,158,51,68,64,88,104,146,48,69,88,57,83,86,89,135,50,46,53,115,122,148,46,56,77,96,110,157,45,47,69,89,143,156,159,46,42,72,74,157,104,52,47,43,39,57,84,141,48,72,38,78,84,89,38,103,41,36,71,42,38,36,38,64,95,35,65,120,153,154,41,129,154,42,130,30,33,75,108,118,121,130,46,42,76,33,91,108,147,45,27,36,38,63,99,128,148,67,107,127,31,31,27,25,26,26,31,73,74,153,41,29,61,94,31,24,58,77,86,40,34,36,96,97,117,125,128,151,24,64,120,29,44,46,136,21,55,79,89,90,72,79,122,35,75,152,110,149,151,26,162,17,16,45,129,135,163,14,17,18,87,96,108,136,156,35,14,12,63,112,145,38,67,108,120,155,11,156,20,46,107,115,61,74,145,9,11,83,102,151,143,154,55,121,123,28,66,74,86,118,17,101,7,4,3,44,74,125,142,36,42,127,0,27,63,68,89,145,91,35,93,117,73,75,117,13,147,18,34,82,122,140,12,42,85,139,18,26,48,77,117,119,154,25,32,52,81,29,19,34,32,46,72,94,133,21,39,66,83,43,85,121,22,89,139,21,45,116,132,153,16,16,140,24,22,92,31,36,48,89,49,84,28,85,33,27
93,93,88,97,103,109,131,157,90,82,89,103,115,93,83,107,141,86,134,109,122,90,78,75,81,119,72,76,149,84,122,134,71,75,91,86,75,94,123,78,89,88,137,81,75,83,66,81,87,75,77,82,100,115,76,100,122,87,84,84,127,65,62,62,68,85,62,61,66,97,83,64,68,77,118,137,73,100,103,105,58,85,132,137,81,76,56,54,72,74,102,114,68,54,72,85,136,74,51,62,108,133,63,53,51,67,81,121,53,53,67,76,62,65,68,110,66,51,46,91,98,123,56,46,58,73,86,132,46,44,51,67,117,130,133,62,49,53,54,131,80,73,66,60,49,41,61,116,38,51,52,56,61,65,53,78,60,48,49,62,56,38,35,43,71,51,44,94,126,127,32,103,128,31,104,40,33,52,83,92,95,103,69,64,52,53,66,82,120,69,41,27,27,40,73,102,122,44,81,100,52,51,45,38,33,31,27,49,50,126,65,50,38,68,53,42,35,51,61,64,57,22,70,71,91,98,101,124,43,39,93,21,23,24,110,27,31,53,63,64,47,53,96,60,49,125,84,122,124,50,135,40,38,21,102,108,136,35,21,19,60,69,81,109,129,61,36,30,37,85,119,14,41,81,93,128,34,129,13,20,81,88,34,48,118,23,20,56,75,124,116,127,28,94,96,4,39,47,59,91,10,74,34,30,29,17,47,98,115,9,15,100,27,0,36,41,62,118,64,62,66,90,46,48,90,39,120,11,9,55,95,113,37,16,58,112,12,7,21,50,90,92,127,9,59,26,54,55,15,60,11,21,45,67,107,46,16,40,56,19,58,94,46,63,112,44,21,89,105,126,31,29,113,47,44,66,54,19,25,63,27,59,50,59,56,47
115,115,108,83,85,89,105,128,112,82,79,84,92,117,77,86,112,75,106,86,96,114,96,75,73,93,82,73,119,108,95,105,75,70,73,112,95,74,95,100,71,70,107,106,66,68,69,66,69,99,64,66,76,88,63,76,93,115,112,111,97,84,75,67,61,65,78,66,61,72,112,60,59,60,89,106,99,74,76,78,76,62,100,105,111,104,75,69,55,56,74,84,95,59,54,61,104,54,61,51,78,101,90,53,54,50,57,90,76,50,49,107,47,48,49,79,95,73,58,62,68,91,83,54,45,50,58,98,67,62,44,46,85,97,100,91,74,42,42,98,53,105,97,91,76,45,41,83,50,38,81,37,39,41,83,49,92,77,35,94,87,62,57,35,43,82,34,62,92,93,50,70,94,46,70,69,57,31,51,59,62,70,103,97,30,86,37,50,86,103,72,47,45,28,42,68,87,26,49,66,86,85,78,69,62,60,51,26,26,91,99,84,25,37,87,75,25,25,30,98,92,40,37,38,56,64,67,89,77,21,59,47,31,30,75,58,22,24,31,31,19,23,61,96,20,90,49,86,88,85,99,74,72,24,66,72,100,70,54,52,26,35,46,73,93,97,71,65,12,49,83,29,11,45,57,93,69,94,46,20,45,53,9,14,82,58,55,21,40,88,80,91,9,58,60,35,5,12,23,55,46,38,70,66,65,19,11,62,79,27,21,64,63,36,0,5,26,82,28,98,30,54,10,12,54,75,84,46,29,20,59,77,73,22,23,76,47,39,17,16,54,56,91,40,94,15,19,91,48,96,35,21,14,32,71,81,29,12,22,26,25,58,81,29,76,78,26,54,70,90,64,62,78,82,78,32,89,37,27,31,27,28,84,28,90,81
119,118,111,82,84,87,102,124,115,83,79,82,90,121,78,84,109,75,103,84,93,118,100,77,73,90,84,74,115,112,92,102,77,71,72,116,99,73,92,104,70,69,103,110,66,67,70,65,67,103,64,65,73,84,63,73,90,119,116,115,94,88,78,69,62,64,81,68,61,69,116,61,60,60,85,102,103,71,73,75,80,60,96,100,115,108,79,72,54,55,71,80,99,62,53,59,99,53,64,51,74,97,94,55,56,49,55,85,80,52,48,111,47,47,48,75,99,77,62,59,64,86,87,56,45,48,55,94,71,65,45,44,80,93,95,96,78,43,43,93,50,110,101,95,80,47,39,78,54,39,85,37,38,39,88,46,97,82,36,99,92,66,61,37,40,87,35,57,87,88,54,65,89,50,66,73,62,30,47,55,57,65,108,102,29,90,34,46,81,107,77,52,49,29,38,63,83,27,44,62,91,90,83,73,67,65,56,25,25,87,104,88,27,33,92,79,27,24,27,103,97,45,33,34,52,59,62,84,82,22,54,51,35,34,70,63,25,21,27,28,18,20,56,100,18,85,44,82,84,90,94,79,77,29,62,67,95,75,58,57,22,30,41,68,88,102,76,70,13,45,78,34,11,41,52,88,74,89,51,25,40,48,11,10,77,63,60,17,35,83,75,86,14,53,55,40,4,7,18,50,51,33,75,71,70,24,6,57,74,32,26,59,68,41,5,0,21,77,23,103,25,49,6,8,49,80,79,51,34,15,54,72,78,27,18,71,51,44,22,11,49,51,86,45,99,19,15,96,53,101,40,25,11,27,66,86,33,12,18,30,21,54,86,24,71,83,30,49,65,85,69,67,73,87,83,28,94,42,31,27,30,24,89,25,95,86
135,134,126,81,81,82,91,109,131,91,81,78,81,138,83,78,95,78,90,76,82,135,115,85,78,80,97,81,100,128,80,88,87,78,70,133,115,69,80,121,68,67,88,127,71,67,81,66,65,120,67,65,66,72,66,65,76,138,134,133,79,104,93,81,69,61,97,80,69,62,135,70,66,60,71,86,121,61,62,64,96,55,80,84,134,127,95,88,56,55,60,66,118,75,55,53,82,53,79,58,61,80,113,66,69,52,49,69,98,62,50,131,51,50,49,60,118,95,77,49,52,69,106,71,52,45,46,76,88,82,55,44,64,75,77,115,97,52,50,75,42,129,121,115,99,62,42,61,70,47,105,42,40,38,107,37,116,101,44,119,111,85,80,49,34,106,47,42,68,69,72,48,70,68,48,93,81,36,34,39,41,48,128,122,35,111,28,32,62,128,97,70,68,42,28,45,63,37,30,44,111,110,103,93,87,85,75,32,31,67,124,109,41,24,112,100,43,28,24,124,117,64,22,23,34,40,43,64,102,36,36,71,54,52,50,83,42,22,19,19,26,22,37,121,23,64,26,61,63,111,74,100,98,48,41,47,74,96,79,77,13,14,22,48,67,123,97,91,30,25,57,54,25,21,32,67,95,68,72,45,20,28,30,17,57,84,81,9,15,62,54,65,34,32,34,61,23,16,5,29,72,12,96,92,91,45,15,36,53,53,47,38,89,62,26,21,0,56,2,124,4,28,16,14,28,101,58,72,55,9,33,51,99,47,7,50,72,64,43,14,29,31,65,65,120,39,13,116,74,121,60,45,21,12,45,107,53,27,14,50,14,34,107,14,51,104,49,30,45,65,89,87,52,107,104,18,115,61,49,19,48,21,109,22,115,106
183,182,173,104,98,93,82,83,179,127,110,93,85,187,116,88,77,107,75,83,77,185,162,124,111,77,141,118,73,178,73,71,129,114,92,183,163,88,71,170,91,91,67,178,105,94,123,96,88,170,99,93,76,68,99,75,64,189,186,185,62,153,140,125,107,85,145,124,108,73,187,111,103,91,61,59,172,68,67,65,146,76,55,55,187,179,144,136,89,87,62,57,169,121,88,74,53,84,127,97,56,51,165,111,115,87,72,49,149,107,86,184,90,87,83,50,171,146,127,61,56,46,159,120,94,75,62,44,140,133,101,80,44,43,44,168,149,96,94,42,64,183,175,169,152,111,81,40,121,92,158,85,79,74,161,61,171,155,90,173,166,138,132,97,66,160,95,45,33,33,124,38,33,120,36,147,134,82,51,43,41,36,183,177,80,165,64,50,28,183,151,124,121,92,57,34,27,87,49,33,166,165,158,148,141,139,129,80,79,26,180,164,92,59,168,155,95,76,66,179,172,118,56,56,37,31,29,22,157,88,34,126,108,106,22,138,95,71,61,60,77,70,30,177,74,18,39,16,17,167,22,156,154,103,22,18,22,152,135,133,60,52,40,16,16,178,152,146,84,36,12,110,80,40,28,15,150,15,127,100,39,31,85,71,8,140,137,62,44,9,6,11,90,25,23,117,79,71,59,27,128,44,152,148,147,101,71,20,4,109,103,18,145,118,82,77,56,0,54,180,52,28,72,70,28,157,4,128,111,63,24,7,155,103,60,8,128,120,98,68,29,27,11,121,176,94,66,172,129,177,116,101,75,53,16,162,109,81,64,105,62,28,163,59,16,160,104,34,21,17,145,143,17,163,159,58,170,116,103,61,102,66,164,66,170,162
137,136,129,83,82,82,91,108,133,93,83,79,82,140,85,79,95,79,89,77,82,138,117,87,79,80,99,83,99,131,80,88,89,80,71,135,117,70,80,123,69,68,87,130,73,68,83,68,66,123,68,66,66,72,68,66,76,140,136,136,79,106,95,83,71,62,99,82,71,62,137,72,68,62,71,85,123,62,63,64,98,56,79,83,137,129,97,90,58,57,60,66,120,77,56,54,81,54,81,60,61,79,115,68,71,53,50,69,100,65,52,133,53,52,50,60,121,97,79,49,52,69,108,73,54,46,46,75,90,84,57,46,63,74,76,117,99,54,52,74,42,132,123,117,101,64,43,60,72,49,107,44,41,39,109,37,119,103,46,121,114,87,82,51,35,108,49,42,67,68,74,47,68,70,47,95,83,38,34,39,40,47,130,125,37,113,29,32,60,130,99,73,70,44,28,44,62,40,30,43,113,112,105,96,89,87,77,34,33,65,126,111,43,25,115,102,45,30,25,126,119,66,23,23,33,39,42,62,104,38,35,73,56,54,49,85,44,24,20,20,28,24,36,123,25,63,25,59,61,113,72,102,100,50,40,46,73,98,81,79,15,15,21,46,66,125,99,93,32,24,56,56,28,20,30,65,97,66,74,47,19,26,32,19,55,86,83,11,14,61,52,63,36,31,33,63,25,18,7,27,74,11,98,94,93,47,17,34,51,55,49,36,91,64,28,23,2,54,0,126,2,26,18,16,26,103,56,74,57,10,31,49,101,49,8,48,74,66,44,15,27,29,63,67,122,41,14,118,76,123,62,47,22,10,43,109,55,28,14,51,14,31,109,13,49,106,51,28,42,63,91,89,50,109,105,17,116,63,50,18,50,21,111,22,117,108
85,85,87,142,150,158,185,214,84,115,132,152,167,80,122,158,197,129,189,161,176,76,83,110,123,173,95,113,207,75,177,191,102,115,140,72,78,145,179,74,138,138,194,70,119,132,101,129,137,70,124,131,154,171,123,154,179,64,64,64,184,75,83,95,112,136,78,94,109,151,61,105,113,127,175,196,63,156,159,162,73,139,191,195,56,57,72,78,123,125,159,171,58,90,123,139,195,126,83,111,166,192,57,96,92,119,137,180,63,98,120,49,114,118,121,169,50,63,78,148,156,182,55,83,109,129,144,192,65,70,100,122,177,190,193,47,57,104,106,191,138,42,43,44,53,86,116,176,76,104,47,111,117,122,44,136,39,47,104,37,40,58,63,96,129,42,97,154,187,188,69,164,189,72,164,48,59,109,143,152,155,164,31,31,109,34,126,142,181,29,42,66,68,96,133,163,183,101,142,161,31,32,36,43,49,51,59,107,108,188,26,32,95,129,29,37,91,111,121,24,26,68,130,131,152,160,163,186,33,98,155,60,77,79,171,48,89,114,124,125,107,114,157,19,110,187,145,184,186,22,197,30,31,80,164,170,198,33,48,50,122,131,143,171,191,14,31,37,98,147,181,72,102,143,155,190,32,191,54,81,142,150,96,109,180,41,44,118,137,186,178,189,90,156,158,63,101,109,121,153,52,136,28,32,33,79,109,160,177,71,77,162,35,62,98,103,124,180,126,0,128,152,108,110,152,23,182,52,69,117,157,175,25,77,120,174,52,60,82,112,152,154,189,59,8,86,115,11,52,9,66,81,106,128,168,21,73,100,117,77,120,155,22,124,173,25,78,151,167,187,39,40,175,23,27,126,20,68,81,123,82,118,25,119,23,28
139,139,131,84,83,83,91,108,136,95,84,80,82,142,86,80,95,81,89,77,82,140,119,89,81,80,101,85,98,133,80,87,91,81,72,138,119,71,80,125,71,70,87,132,74,70,85,69,67,125,70,68,67,72,69,66,76,142,139,138,78,108,97,85,73,63,101,84,73,63,139,74,69,63,71,84,125,62,63,64,101,57,79,82,139,132,99,92,59,58,60,66,122,79,58,55,81,56,83,61,60,78,117,70,73,55,51,68,102,67,53,135,55,53,52,60,123,99,82,49,52,68,110,75,56,48,47,74,93,87,60,47,62,73,75,119,101,56,54,73,43,134,125,119,103,66,45,59,75,51,109,46,43,41,112,38,121,106,48,123,116,90,84,53,36,111,51,41,66,67,76,47,67,72,47,97,85,40,34,38,40,46,133,127,39,115,31,32,59,132,101,75,72,46,29,43,60,42,30,42,115,114,107,98,91,89,80,36,35,64,129,113,45,26,117,104,47,32,27,128,121,68,24,24,33,38,41,61,107,40,34,75,58,56,47,88,46,26,22,22,30,26,34,125,28,61,24,58,60,115,70,104,102,52,38,44,71,100,83,81,17,15,21,45,64,127,101,95,34,23,54,58,30,19,29,63,99,64,76,49,18,25,34,21,53,88,85,13,13,59,51,62,39,29,31,65,28,20,9,26,76,9,100,96,95,49,19,32,49,57,51,34,93,66,30,25,4,52,2,128,0,24,20,18,24,105,54,76,59,11,29,47,103,51,9,46,76,68,46,17,25,26,61,69,124,43,15,120,77,125,64,49,24,9,41,110,57,30,15,53,14,29,111,13,47,108,53,26,40,60,93,91,48,111,107,16,118,64,52,18,51,21,113,22,119,110
159,158,150,91,87,85,84,94,155,108,94,83,80,162,99,80,84,91,80,77,76,161,139,104,93,75,119,99,85,153,74,77,108,95,79,159,139,76,72,146,77,76,75,153,87,78,101,79,74,146,81,77,67,66,81,66,67,164,160,159,67,129,117,103,87,70,121,102,88,64,161,90,83,73,62,70,147,61,60,60,121,62,64,67,161,154,120,112,71,69,56,57,144,98,69,60,65,66,103,76,53,62,139,88,92,67,57,55,124,84,66,158,69,67,64,50,145,121,102,49,48,54,133,95,72,57,49,57,114,108,77,60,49,56,58,142,123,73,71,56,48,157,148,142,126,86,59,45,96,69,132,62,57,53,134,43,144,128,66,146,139,112,106,73,46,134,70,35,47,48,98,35,48,94,34,120,108,58,35,32,32,33,156,150,56,138,42,33,40,156,124,97,95,67,36,30,41,62,31,29,139,138,131,121,114,112,103,55,54,43,152,136,66,37,140,127,69,51,42,152,145,91,34,33,24,25,26,40,130,61,23,98,81,79,28,111,68,45,37,36,51,45,20,149,48,39,20,36,38,139,47,128,126,76,19,23,48,124,107,105,34,27,18,23,41,151,125,119,57,15,31,82,53,16,13,40,123,41,100,73,15,11,58,44,30,112,109,35,17,35,27,38,62,8,9,89,51,43,32,6,100,17,124,120,119,73,43,9,25,81,75,10,117,90,54,49,28,28,26,152,24,0,44,42,1,129,30,100,83,35,6,23,127,75,32,22,100,92,70,40,5,5,37,93,148,66,38,144,101,149,87,73,47,26,18,134,81,53,36,77,35,11,135,31,24,132,76,13,19,37,117,115,26,135,131,31,142,88,75,34,74,39,136,40,142,134
125,124,117,84,86,88,102,122,121,87,82,84,90,127,81,85,108,78,102,84,92,124,105,81,77,90,90,78,113,117,91,100,81,75,74,122,105,74,91,110,72,71,101,116,70,69,75,68,69,109,67,67,74,84,66,73,89,125,122,121,92,93,84,74,66,65,87,73,66,70,122,66,63,62,84,100,109,71,72,74,86,61,94,98,121,114,84,78,57,57,70,79,105,67,56,59,97,55,70,55,73,94,100,59,61,52,55,83,86,56,51,117,50,50,50,74,105,83,67,59,63,84,93,62,49,49,55,91,76,71,50,46,78,90,92,102,84,47,47,90,50,115,107,101,86,53,42,76,59,43,91,40,40,41,94,45,102,88,40,105,97,72,67,42,40,92,40,55,84,85,59,63,85,56,63,79,68,33,45,53,55,62,114,108,32,96,34,44,77,113,83,57,55,34,37,60,79,31,42,59,96,95,89,79,73,71,62,28,28,83,109,94,32,32,98,85,33,26,28,109,102,51,32,33,49,56,59,80,87,27,51,57,41,39,66,69,30,22,26,27,21,21,52,106,20,81,41,77,79,96,90,85,83,34,58,63,91,81,64,62,21,27,38,64,84,107,81,76,19,41,74,40,16,37,48,83,79,84,56,30,36,44,17,11,73,69,66,14,31,79,71,81,20,49,51,46,10,7,15,46,56,29,80,76,75,29,5,52,69,37,31,54,73,46,10,6,16,72,18,108,20,44,0,2,44,85,74,56,39,9,49,67,83,31,12,66,56,48,26,6,44,46,81,49,104,23,9,100,57,105,44,29,8,22,61,90,37,12,13,34,15,48,91,19,66,88,33,44,59,80,73,71,67,91,87,23,98,45,33,21,33,19,93,20,99,90
126,125,118,84,85,88,100,121,122,88,82,83,89,128,82,84,106,78,100,83,91,126,107,82,77,89,91,79,112,119,90,99,82,76,74,123,106,74,90,112,72,71,100,117,70,69,76,68,69,111,67,67,73,82,66,72,87,127,123,123,91,95,85,75,66,65,88,74,66,69,124,66,64,62,82,98,110,70,71,73,87,60,92,96,123,116,86,79,57,57,69,77,107,68,56,59,95,55,71,56,72,92,102,60,62,52,55,82,87,57,51,119,50,50,50,72,107,85,69,57,62,82,95,63,49,49,54,89,78,72,51,46,76,88,91,103,86,48,47,88,49,117,109,103,88,54,42,74,61,43,93,40,40,40,95,44,104,89,40,107,99,74,69,43,40,94,41,54,82,83,61,61,84,57,61,81,69,34,44,51,53,61,116,110,32,98,33,42,76,115,85,59,57,35,36,58,77,32,41,57,98,97,90,81,74,73,64,29,28,81,111,96,33,31,99,87,34,26,27,111,104,52,31,31,47,54,57,78,89,28,49,59,43,41,64,71,32,22,25,26,22,21,51,108,20,79,39,75,77,98,88,87,85,36,56,61,89,83,66,64,19,26,36,62,82,109,83,77,20,39,72,41,17,35,46,81,81,82,58,32,34,42,19,11,71,71,68,13,29,77,69,80,22,47,49,48,11,7,13,44,58,27,82,78,77,31,5,50,67,39,33,52,75,48,12,8,14,70,16,110,18,42,2,0,42,87,72,58,41,7,47,65,85,33,10,64,58,50,28,4,42,44,79,51,106,25,8,102,59,107,46,31,9,20,59,92,39,13,11,35,13,46,93,17,64,90,35,42,57,78,75,73,65,93,89,21,100,47,35,20,34,18,95,19,101,92
160,159,151,92,88,86,85,95,156,109,95,84,81,163,99,81,85,92,81,78,77,161,140,105,94,76,119,100,85,154,75,78,108,96,80,159,140,77,73,146,78,77,76,153,88,79,102,80,75,146,82,78,68,67,82,67,68,164,161,160,68,129,117,103,88,71,122,103,88,65,161,91,84,74,63,71,147,62,61,61,122,63,65,68,161,154,120,113,71,70,57,58,144,98,70,61,66,67,103,77,54,63,139,89,92,68,58,56,124,85,67,158,70,67,65,51,145,121,102,50,49,55,133,96,72,58,50,58,115,108,78,60,50,57,58,142,123,73,72,56,49,157,148,142,126,87,60,46,96,69,132,62,58,54,135,44,144,129,67,147,139,112,107,73,46,134,71,36,48,49,98,36,49,94,35,121,108,58,35,33,33,34,156,150,57,139,43,34,41,156,125,98,95,67,37,31,42,62,32,30,139,138,131,121,114,113,103,56,55,44,152,137,67,37,140,128,69,51,43,152,145,91,35,34,25,26,27,41,130,62,24,99,81,79,29,111,69,46,37,36,51,45,21,149,48,39,21,36,38,139,48,128,126,76,20,24,48,124,107,105,35,27,19,24,41,151,125,119,57,16,32,82,53,17,14,40,123,41,100,73,16,12,58,44,30,112,109,35,18,35,28,38,63,9,10,89,51,44,32,7,100,17,124,120,119,73,43,9,25,81,75,11,117,90,54,49,28,28,26,152,24,1,44,42,0,129,30,100,83,35,5,23,127,75,32,22,100,92,70,40,4,4,37,93,148,66,37,144,101,149,87,72,47,25,18,134,81,53,36,77,34,10,134,31,24,132,76,12,18,37,117,115,26,135,131,31,142,87,75,34,74,39,136,39,142,133
85,85,85,125,133,141,165,194,84,102,116,134,149,82,107,140,177,113,170,142,157,78,78,96,107,154,84,99,186,75,157,170,89,100,122,74,74,126,159,72,120,119,173,70,103,114,87,111,119,68,107,113,134,151,105,135,159,70,68,68,164,67,72,81,95,118,69,80,93,132,66,89,96,108,154,175,62,136,139,141,63,120,170,174,62,60,62,66,104,106,139,151,57,75,104,119,174,107,69,92,145,171,54,79,75,100,117,159,54,80,100,55,95,98,102,148,51,53,63,127,135,161,49,67,90,109,123,170,53,56,81,102,155,169,172,46,48,85,86,169,117,49,46,44,44,68,96,154,59,84,41,91,96,102,40,115,40,39,84,40,38,44,48,76,108,37,77,132,165,166,52,142,167,54,142,36,43,88,121,131,133,142,41,38,88,33,104,120,159,39,32,48,50,76,111,140,161,80,120,139,30,30,29,31,34,35,42,86,87,166,35,28,74,107,28,27,70,89,99,33,30,49,108,109,130,137,140,163,25,76,132,41,56,58,149,30,68,92,102,103,85,92,135,28,88,164,123,161,163,21,174,18,18,58,141,147,175,18,29,30,99,108,120,148,168,26,17,19,76,124,158,50,79,120,132,168,16,169,33,58,120,128,73,87,157,20,23,96,115,163,155,166,68,133,135,41,78,86,98,130,30,113,8,11,12,56,86,137,154,48,54,139,13,39,75,80,101,157,103,23,105,129,85,87,129,0,159,29,46,94,134,152,3,54,97,151,29,37,59,89,129,131,166,36,20,63,92,16,29,21,43,57,83,105,145,9,50,77,94,54,96,132,11,100,150,11,55,127,143,164,18,19,151,14,14,103,19,46,58,100,59,95,18,96,22,18
186,186,177,108,102,97,87,86,182,131,114,98,89,190,120,93,81,111,80,88,81,188,166,128,115,81,145,122,77,181,78,75,133,118,97,187,167,92,75,174,96,95,71,181,109,98,126,100,93,174,103,97,80,72,103,79,69,193,189,188,67,156,144,129,111,89,148,128,112,78,190,115,107,95,66,63,175,73,71,70,149,81,59,59,190,182,148,140,93,91,67,61,173,125,92,79,57,88,130,101,60,55,168,115,119,91,76,54,152,111,90,187,94,91,87,55,174,150,130,65,60,50,162,123,97,79,66,48,143,136,104,83,48,47,47,171,152,99,98,46,68,186,178,171,155,114,85,44,124,96,161,88,83,78,164,65,173,158,94,176,168,141,135,100,69,163,98,49,37,37,127,42,36,123,41,150,137,85,55,47,45,40,186,180,84,168,68,54,32,186,154,127,124,95,61,38,31,90,52,38,169,168,161,151,144,142,132,83,82,29,182,166,95,63,170,157,98,79,69,182,175,121,60,59,41,35,33,26,160,91,38,128,111,109,27,141,98,74,64,63,80,73,34,179,77,21,43,20,20,169,24,158,156,106,26,22,23,154,137,135,63,55,43,21,19,181,155,149,86,39,16,112,82,43,32,17,153,17,130,103,42,35,88,74,12,142,139,65,46,12,11,12,92,28,26,119,81,73,62,30,130,47,154,150,149,103,73,23,8,111,105,21,147,120,84,79,58,4,56,182,54,30,74,72,30,159,0,130,113,65,25,7,157,105,62,8,130,122,100,70,30,28,8,123,178,96,67,174,131,179,117,102,76,54,16,164,110,82,65,106,64,28,164,60,13,161,106,34,19,12,146,144,14,165,161,59,172,117,104,62,103,67,166,67,172,163
93,93,90,107,113,120,142,169,91,90,99,113,126,92,92,118,152,95,145,120,133,89,80,83,90,130,77,84,161,84,133,145,78,84,101,85,77,105,134,78,99,98,148,80,85,94,74,91,98,75,87,92,111,126,86,111,134,84,82,81,138,67,66,69,77,95,65,68,75,108,81,72,77,87,129,148,72,112,114,117,60,96,143,148,78,73,59,59,82,84,114,125,67,61,82,96,147,84,57,72,119,144,62,62,59,78,92,133,55,62,78,72,73,76,79,122,63,52,52,102,109,134,55,53,68,84,97,143,48,48,61,78,128,141,144,59,49,63,64,142,91,68,62,57,48,50,72,127,45,62,49,67,72,77,50,89,56,46,60,57,52,39,39,54,82,48,54,105,137,138,38,114,139,38,115,38,35,63,94,103,106,114,63,58,63,48,77,93,131,62,38,33,34,51,84,113,133,55,92,111,47,46,41,35,32,31,30,60,61,137,58,45,49,79,47,38,46,63,72,57,51,30,81,82,102,109,112,135,38,50,104,25,33,35,121,26,42,65,74,75,58,64,107,53,60,136,94,133,135,43,145,33,31,32,113,119,146,29,19,18,71,80,92,119,139,53,29,25,48,96,129,25,52,91,103,139,27,140,14,31,91,99,45,58,129,17,15,67,86,135,126,137,39,104,106,14,50,58,70,101,8,84,25,21,20,28,57,108,125,20,26,110,18,11,46,51,72,128,74,52,76,100,56,58,100,29,130,0,17,65,105,123,27,25,68,122,2,8,30,60,100,102,137,8,48,34,63,44,5,49,14,29,54,76,116,35,21,49,65,25,67,103,35,72,121,33,27,99,114,135,19,18,122,36,33,74,43,20,30,71,32,67,38,67,44,36
101,100,96,98,103,108,129,154,98,86,91,102,114,101,85,107,138,87,131,108,120,98,85,79,83,117,78,79,146,92,119,131,75,78,91,95,83,93,120,86,88,88,133,89,77,84,70,81,87,83,78,82,98,113,76,98,119,95,93,92,124,72,68,66,70,84,68,65,68,95,92,66,69,77,115,133,81,98,100,103,65,83,128,132,90,84,63,61,71,73,99,110,77,58,71,83,131,73,56,63,104,129,72,56,54,67,79,117,61,55,66,85,62,64,67,107,74,58,51,87,94,119,65,50,58,71,83,127,53,50,52,65,113,126,128,70,57,53,54,126,77,82,74,69,57,45,59,111,43,51,60,55,59,63,62,74,69,57,49,71,64,45,43,44,67,60,44,89,121,122,38,98,123,36,99,48,40,49,78,87,90,98,78,72,50,62,62,77,115,77,50,34,33,39,69,96,116,42,77,95,61,60,54,46,41,40,34,46,47,121,73,59,36,64,62,50,34,48,56,72,66,27,65,66,85,93,96,118,52,37,88,28,25,26,104,35,30,49,58,59,43,49,90,69,45,119,78,116,118,59,129,48,46,21,96,102,129,44,29,28,55,64,75,103,122,69,44,39,33,79,112,16,36,75,86,122,42,123,21,18,74,82,29,42,112,31,29,50,69,118,110,121,23,88,90,11,33,41,53,84,19,67,42,38,37,12,41,91,108,6,10,93,34,9,29,34,55,111,57,69,59,83,39,41,83,46,113,17,0,48,88,106,44,8,51,105,17,9,13,43,83,85,120,10,65,17,46,61,19,66,7,13,37,59,99,51,8,32,49,11,51,86,52,55,104,49,13,82,98,118,35,33,106,52,49,57,60,14,17,55,19,50,54,51,60,52
133,132,124,86,86,88,98,117,129,92,85,84,88,135,85,84,103,81,98,83,89,132,113,86,81,87,96,83,108,126,88,96,87,80,75,130,113,75,88,118,73,72,96,124,73,71,81,70,70,117,70,69,72,80,69,72,84,134,131,130,87,101,91,80,71,66,95,80,70,68,131,71,68,64,79,94,117,69,70,71,94,61,88,92,130,123,92,86,60,59,67,74,114,74,58,59,91,57,77,59,69,88,109,66,68,55,55,78,94,62,54,126,54,53,52,69,114,92,75,56,60,78,102,69,53,50,53,85,85,79,56,48,72,83,86,110,93,52,51,83,48,124,116,110,95,60,45,70,67,48,100,44,43,42,103,43,111,97,45,114,106,81,76,48,40,101,46,50,77,78,68,57,78,64,57,88,76,37,41,47,49,56,123,117,36,105,33,40,70,122,92,66,64,41,35,54,72,37,38,52,105,104,98,88,82,80,71,33,32,75,119,103,39,30,107,94,40,29,28,118,111,59,29,30,43,49,52,72,97,34,44,66,50,48,59,78,38,25,25,25,26,24,45,115,24,72,34,69,71,105,81,94,92,43,50,55,82,90,73,71,18,22,31,56,75,116,91,85,26,34,65,49,23,30,40,75,88,76,66,40,29,36,26,15,64,78,75,12,23,70,62,73,29,40,42,55,18,12,10,37,65,21,89,85,84,39,11,44,60,46,40,45,82,55,20,15,9,63,10,117,11,35,9,7,35,94,65,65,48,0,40,58,92,40,3,57,65,57,35,5,35,37,72,58,113,31,4,109,66,114,52,37,13,13,51,99,46,18,7,42,8,39,99,11,57,97,41,34,50,71,82,80,58,100,96,15,107,53,40,15,40,15,101,16,107,98
165,164,156,96,92,89,86,95,161,114,99,88,84,168,104,84,85,96,82,80,79,166,145,110,98,78,125,105,85,159,76,78,113,101,84,165,145,80,74,152,82,81,76,159,92,84,107,84,79,152,86,82,71,69,86,70,69,170,166,165,69,134,122,108,93,75,127,108,93,68,167,96,89,79,64,70,153,64,64,63,127,67,65,67,167,159,126,118,76,74,60,59,150,104,75,65,65,71,109,82,56,63,145,94,97,73,62,56,129,90,72,163,75,72,69,52,151,127,108,54,52,54,138,101,77,62,53,57,120,114,83,65,50,56,57,148,129,79,77,55,53,162,154,148,132,92,65,46,102,75,138,68,63,59,140,49,149,134,72,152,144,118,112,78,51,139,76,39,47,47,104,37,47,100,36,126,114,64,39,36,35,35,162,156,62,144,48,38,40,161,130,103,100,72,42,32,40,68,36,31,144,143,136,127,120,118,108,61,60,42,158,142,72,42,146,133,74,56,48,157,150,97,40,39,28,27,27,38,136,67,26,104,87,85,28,116,74,51,42,42,57,51,23,155,54,36,25,33,35,144,44,133,131,81,20,22,44,129,112,110,40,32,23,22,38,156,130,124,62,20,29,87,58,22,16,37,128,37,105,78,21,16,63,50,26,118,115,41,23,31,24,34,68,10,10,94,57,49,37,10,105,22,129,125,124,78,49,8,21,86,80,8,122,95,59,54,33,24,31,157,29,6,49,47,5,134,25,105,88,40,0,18,132,80,37,17,105,97,75,45,5,4,32,98,153,71,42,149,106,154,92,77,51,30,13,139,85,57,41,81,39,8,139,35,18,136,81,12,13,32,121,120,20,140,136,35,147,92,79,38,78,43,141,43,147,138
181,180,171,105,99,95,87,89,177,127,110,95,88,184,116,90,82,107,80,86,81,183,160,123,110,80,139,118,79,175,77,76,127,113,93,181,161,89,75,168,92,91,72,175,105,94,121,96,89,168,98,93,78,71,98,76,68,186,183,182,67,150,138,123,106,85,143,123,107,75,184,110,102,91,65,65,169,70,69,68,143,77,60,61,184,176,142,134,89,86,64,60,166,119,87,75,59,83,124,96,59,57,162,109,113,86,72,54,146,105,85,181,89,86,82,54,168,143,124,62,58,51,155,117,92,74,63,50,137,130,98,78,48,49,50,165,146,94,92,48,64,180,171,165,149,108,79,44,118,90,155,82,77,72,157,60,167,151,88,170,162,135,129,94,64,157,92,45,39,39,121,40,39,117,39,143,131,79,50,44,42,38,179,173,78,161,62,49,33,179,148,120,117,89,55,35,33,84,48,35,162,161,154,144,137,135,126,77,76,32,175,160,89,57,163,151,91,73,64,175,168,114,54,53,37,32,30,28,153,84,34,122,104,102,25,134,91,67,58,57,74,67,30,172,71,25,37,22,23,162,29,151,149,99,22,20,29,147,130,128,57,48,38,19,23,174,148,142,80,34,18,105,76,37,26,22,146,22,123,96,36,29,81,67,14,136,133,58,40,16,11,18,86,21,20,112,75,67,55,24,123,40,147,143,142,96,66,17,7,104,98,14,140,113,77,72,51,7,49,175,47,23,67,65,23,152,7,123,106,58,18,0,150,98,55,1,123,115,93,63,23,21,14,116,171,89,60,167,124,172,110,95,69,47,9,157,103,75,58,99,57,22,157,53,9,154,99,27,13,16,139,137,11,157,154,52,165,110,97,55,96,60,159,60,165,156
87,87,87,125,133,140,165,193,86,103,116,134,148,84,107,139,176,113,169,142,156,80,80,96,107,153,85,99,185,77,156,169,89,100,122,76,75,126,158,74,120,119,172,73,103,114,87,111,119,70,106,112,134,150,105,134,158,72,71,71,163,69,73,81,95,117,70,80,93,131,69,89,96,108,153,174,64,135,138,140,64,119,168,173,65,62,64,67,103,106,138,150,59,75,103,119,172,106,69,92,144,170,56,79,75,100,116,158,56,80,100,58,94,98,101,147,53,54,64,126,134,160,51,67,89,108,122,169,54,57,81,101,154,167,170,49,49,84,86,168,116,52,48,46,46,68,95,153,59,84,43,90,95,101,42,114,43,41,83,43,41,45,48,75,107,39,77,131,164,165,52,140,165,54,141,38,43,87,120,129,132,141,44,40,87,35,103,119,158,42,34,47,50,75,110,139,159,79,118,138,32,32,31,32,35,36,42,85,86,164,38,31,72,105,31,29,69,88,97,36,32,48,107,108,128,136,139,161,27,75,131,40,55,57,147,31,67,91,100,101,84,90,133,31,86,163,121,160,162,24,172,20,20,57,139,145,173,19,28,30,98,107,119,146,166,29,18,20,74,122,156,49,78,118,130,166,17,167,32,57,118,126,71,85,156,20,22,94,113,162,153,164,66,131,133,39,77,85,97,128,28,111,9,11,11,55,84,135,152,47,52,137,12,37,73,78,99,155,101,25,103,127,83,85,127,3,157,27,44,92,132,150,0,52,95,149,27,35,57,87,127,129,164,34,21,61,90,17,26,23,40,55,81,103,143,9,47,75,92,51,94,130,11,98,148,10,53,125,141,162,15,16,149,13,12,101,19,43,56,98,57,93,17,93,21,17
106,106,100,95,99,105,124,148,103,86,89,99,109,107,85,102,132,85,126,103,115,104,89,79,81,112,80,79,140,98,114,125,76,77,87,101,87,90,115,91,85,84,127,95,75,80,71,78,83,89,75,79,94,107,74,93,113,102,99,98,118,77,71,67,69,80,72,66,67,90,98,66,67,73,109,127,87,93,95,97,69,79,121,126,97,91,68,64,68,69,94,104,83,59,68,78,125,69,58,60,98,122,78,56,55,63,74,111,66,54,63,92,59,61,63,100,81,63,54,82,88,112,71,52,55,67,77,120,57,54,50,61,106,119,121,77,62,51,52,119,72,89,81,76,63,45,55,104,46,48,67,51,54,58,68,68,76,63,46,78,71,51,47,42,62,67,41,83,114,115,42,91,115,39,92,55,46,45,72,80,83,91,85,80,45,69,56,71,108,85,57,38,36,36,62,89,109,38,70,88,68,68,61,53,48,46,39,41,42,113,81,66,33,57,69,58,31,42,50,80,74,31,58,59,78,86,89,111,59,32,81,33,26,26,97,42,27,43,51,52,37,42,83,77,39,111,71,108,110,66,121,56,54,20,88,94,122,52,36,35,48,56,68,95,115,77,52,47,27,71,105,18,29,67,79,114,50,115,28,15,67,75,23,35,104,39,36,43,61,110,102,113,17,80,82,17,26,34,45,77,27,60,50,46,45,8,33,83,100,9,7,85,42,16,22,27,47,103,49,77,51,75,31,33,75,54,105,25,8,40,80,98,52,0,43,97,25,17,5,35,75,77,112,18,73,9,38,69,26,74,13,6,29,51,91,59,8,24,40,7,43,78,60,47,96,57,9,74,89,110,42,40,98,60,56,49,67,17,13,47,14,42,62,43,68,59
136,135,127,87,87,88,98,116,132,94,86,84,88,138,87,85,102,83,97,83,89,135,116,89,82,87,99,85,107,129,87,95,90,82,76,133,116,75,87,121,74,73,95,127,75,72,84,72,71,120,72,70,73,80,71,72,83,137,134,133,86,104,94,83,73,67,98,82,72,68,134,73,70,66,78,93,120,68,69,71,97,61,87,91,133,126,95,88,61,61,67,73,117,77,60,60,89,58,80,61,68,86,112,68,70,56,55,76,97,65,55,129,56,55,54,68,117,95,78,56,59,76,105,72,56,51,52,83,88,82,58,49,71,81,84,114,96,55,54,82,48,128,119,113,98,63,46,68,70,50,103,46,44,43,106,43,115,100,47,117,110,84,79,51,40,105,49,49,75,76,71,55,76,67,55,91,80,39,41,46,48,55,126,120,38,108,34,39,68,125,95,69,67,43,34,52,69,39,37,50,109,108,101,91,85,83,74,35,34,73,122,106,42,31,110,97,43,31,29,121,114,63,29,29,41,47,50,70,100,37,43,69,53,51,56,81,41,26,25,25,28,25,43,118,26,70,33,67,69,108,79,97,95,47,47,53,80,93,76,74,19,21,29,53,73,119,94,88,29,32,63,52,25,28,38,72,91,73,69,43,27,34,29,18,62,81,78,13,21,67,59,70,32,38,40,58,21,15,10,34,69,18,92,88,87,42,14,41,58,49,44,43,85,58,23,18,7,60,8,120,9,32,12,10,32,97,62,68,51,3,37,55,95,43,0,54,68,60,38,8,32,34,69,61,116,34,6,112,69,117,55,40,15,9,48,102,48,21,7,45,7,36,102,9,54,99,44,31,47,68,85,83,55,103,99,13,110,56,43,13,42,14,104,15,110,101
180,179,171,105,100,95,87,90,176,127,110,95,88,184,116,91,83,107,81,86,81,182,160,123,110,81,139,118,80,175,78,77,127,113,93,180,161,89,76,167,92,91,73,175,105,94,121,96,89,167,98,93,78,72,98,77,69,186,182,181,68,150,137,123,106,85,142,122,107,75,183,109,102,91,66,66,169,71,69,68,143,77,62,62,183,176,141,133,88,86,65,61,166,119,87,75,60,83,124,96,59,58,161,109,112,86,72,55,145,105,85,180,89,85,82,54,167,143,123,62,58,52,155,117,92,74,63,51,136,130,98,78,49,50,51,164,145,93,92,49,64,179,170,164,148,108,79,45,118,90,154,82,77,72,157,60,166,151,87,169,161,134,128,94,64,156,92,46,40,41,120,40,40,116,39,143,130,79,50,44,42,38,178,173,77,161,62,49,34,178,147,120,117,88,55,36,34,83,47,35,161,160,153,143,137,135,125,77,76,33,175,159,88,57,163,150,91,72,63,174,167,114,54,53,37,32,31,30,152,83,34,121,103,101,26,133,91,67,58,57,73,66,30,172,70,26,37,24,25,161,30,150,148,98,23,21,30,146,129,127,56,48,37,19,25,173,147,141,79,33,19,104,75,36,26,23,145,23,122,95,35,28,80,66,15,135,132,57,39,18,13,19,85,21,19,111,74,66,54,23,122,39,146,142,141,95,65,16,9,103,97,14,139,112,76,71,50,8,48,174,46,22,66,64,22,151,8,122,105,57,17,1,149,97,54,0,122,114,92,62,22,20,15,115,170,88,59,166,123,171,109,94,68,46,8,156,102,74,57,98,55,20,156,52,8,153,97,26,12,16,138,136,10,156,152,50,164,109,96,54,95,59,158,59,164,155
95,95,91,108,114,121,143,170,93,92,100,115,127,94,93,120,153,97,146,121,134,90,82,85,92,131,79,86,162,85,134,146,80,86,103,87,79,106,135,80,101,100,149,82,86,95,76,92,99,77,89,94,112,128,87,112,135,86,83,83,139,69,68,71,79,97,67,70,77,109,82,74,79,89,130,149,73,113,115,118,62,97,144,149,80,75,61,61,83,86,115,126,68,63,83,97,148,86,59,73,120,145,64,64,61,79,94,133,57,64,79,74,74,77,80,123,65,54,54,103,110,135,57,55,69,86,98,143,50,50,62,79,129,142,145,60,51,65,66,143,92,69,63,58,50,52,73,128,47,63,51,68,73,78,52,90,57,48,62,59,53,41,41,55,83,49,56,106,138,139,40,115,140,40,115,40,37,64,95,104,107,115,64,59,64,49,78,94,132,63,40,35,35,52,85,113,133,56,93,112,48,47,43,37,34,33,32,61,62,138,59,46,50,80,48,39,47,64,72,58,52,31,81,82,102,110,113,135,40,51,105,27,35,36,121,28,44,65,75,76,59,65,107,54,61,136,95,133,135,44,146,34,33,33,113,119,147,30,21,20,72,81,92,120,139,53,31,26,49,96,129,26,52,92,104,139,28,140,16,32,91,99,46,59,129,18,17,67,86,135,127,138,40,105,107,16,50,58,70,102,10,85,26,22,21,28,58,108,125,21,26,110,18,12,47,51,72,128,74,52,76,100,56,58,100,29,130,2,17,65,105,123,27,25,68,122,0,8,30,60,100,102,137,7,48,34,63,44,3,49,14,28,54,76,116,34,21,48,65,25,67,103,35,71,121,32,26,98,114,135,18,17,122,35,32,74,43,18,30,71,31,66,38,66,44,35
98,98,94,104,109,116,137,163,96,89,97,109,122,98,90,114,146,93,140,115,128,94,84,82,88,125,79,83,155,89,128,140,78,83,98,91,81,101,129,83,95,95,142,86,82,90,74,88,94,81,84,89,106,121,83,106,128,91,88,88,132,71,68,69,75,91,68,68,73,103,87,71,75,83,123,142,77,106,109,111,64,91,137,141,85,80,63,61,78,80,108,119,73,61,78,91,140,80,58,69,113,138,68,61,58,74,87,126,59,60,74,79,69,72,74,115,70,56,53,96,103,128,61,53,64,79,92,136,52,50,58,73,122,135,137,65,54,60,61,135,86,75,69,64,53,49,67,120,45,58,56,62,67,71,57,83,63,52,56,65,59,43,42,50,76,54,51,98,130,131,39,107,132,38,108,44,39,57,87,96,99,108,71,66,58,55,71,86,124,70,45,34,34,47,78,106,126,50,86,104,54,54,48,41,37,36,33,54,55,130,66,52,44,73,55,45,41,57,65,65,59,29,74,75,95,102,105,127,46,45,97,27,30,31,113,31,37,58,67,68,51,58,99,61,54,128,87,125,127,51,138,41,39,28,105,111,139,37,24,23,64,73,84,112,132,61,37,32,42,88,121,21,45,84,96,131,34,132,17,26,84,91,38,51,121,24,22,60,78,127,119,130,32,97,99,11,42,50,62,94,13,77,33,29,28,21,50,100,117,14,19,102,26,7,39,44,64,120,66,60,68,92,48,50,92,37,122,8,9,57,97,115,35,17,60,114,8,0,22,52,92,94,129,1,56,26,55,52,9,57,6,20,46,68,108,42,13,40,57,17,59,95,43,63,113,40,19,90,106,127,26,24,114,43,40,66,50,13,22,63,24,58,45,59,51,43
110,109,104,94,98,103,121,145,107,87,89,97,107,111,85,100,129,85,122,101,112,108,93,80,81,109,82,79,136,102,111,122,78,77,86,105,91,88,112,95,84,83,124,99,75,79,72,77,81,93,75,77,91,104,73,91,110,106,103,103,114,80,74,69,69,78,75,68,67,87,103,66,67,72,105,123,91,90,92,94,72,77,118,122,101,95,71,67,67,68,91,101,87,61,66,76,121,67,61,60,95,118,82,57,56,62,72,107,70,55,61,97,58,60,61,97,85,67,57,79,85,108,75,54,54,64,74,116,61,57,50,59,102,114,117,81,67,50,51,115,69,94,86,80,67,46,53,100,48,47,71,49,52,56,73,65,81,68,45,83,76,55,51,42,59,71,41,79,110,110,45,87,111,42,88,59,50,43,68,77,79,87,90,85,43,74,53,67,103,90,61,41,39,35,59,85,105,36,66,84,73,72,66,58,52,50,43,39,39,109,86,71,32,54,74,63,31,40,47,85,79,34,54,55,74,81,84,106,64,31,76,37,28,28,92,47,26,40,48,49,34,39,78,82,35,107,66,104,106,71,116,61,59,21,84,89,117,57,41,39,44,52,63,90,110,82,57,52,24,67,100,21,26,63,74,109,55,110,33,16,62,70,20,31,99,44,41,39,57,105,97,108,14,75,77,22,22,29,41,72,32,55,55,51,50,9,28,79,95,14,9,80,48,21,17,22,43,98,44,82,46,70,26,28,70,59,100,30,13,35,75,93,57,5,38,92,30,22,0,30,70,72,107,23,78,4,33,74,31,79,17,4,24,46,86,64,11,19,35,8,37,73,64,42,91,62,9,68,84,105,47,45,92,65,61,44,72,20,12,42,13,37,66,38,73,64
130,129,122,88,89,91,103,122,127,92,86,87,92,132,86,88,108,82,102,86,94,130,111,86,81,91,95,83,113,123,92,101,87,80,77,127,110,77,92,116,75,74,101,121,74,73,80,72,72,115,71,71,76,85,70,75,89,131,127,126,92,99,89,79,71,69,93,79,71,72,127,71,68,66,84,99,114,72,74,75,91,64,94,97,127,120,90,83,61,61,71,79,111,73,60,62,96,59,75,60,73,93,106,65,67,56,58,83,91,62,55,123,55,54,54,74,111,89,73,60,64,83,99,67,54,53,56,90,82,77,55,50,77,88,91,107,90,52,52,89,52,121,112,106,91,58,46,75,65,48,97,45,44,44,99,47,108,93,45,110,103,78,73,47,43,98,45,55,82,83,65,62,84,61,62,85,73,38,46,52,54,61,119,113,37,101,36,44,76,118,88,63,60,39,38,59,77,36,43,57,101,100,94,84,78,76,67,33,33,81,114,99,37,34,102,90,38,30,31,114,107,56,33,34,48,54,57,78,92,33,50,62,47,45,64,74,36,26,28,28,26,25,51,111,24,78,39,75,77,100,87,89,88,40,55,61,88,85,69,67,22,27,36,61,81,112,86,80,24,39,71,45,21,35,46,80,84,81,61,36,34,41,23,15,70,73,70,15,29,75,67,78,25,46,48,50,16,11,14,42,61,26,84,81,80,34,9,49,66,42,36,51,77,50,16,11,14,68,15,112,17,40,6,4,40,89,70,60,43,5,45,63,87,35,8,62,60,52,30,0,40,42,77,53,108,26,4,104,61,109,47,32,7,16,56,94,40,13,7,36,9,43,94,13,61,91,36,39,55,75,77,75,63,95,91,17,102,48,35,16,35,14,96,15,102,93
162,161,153,95,92,90,89,99,158,112,98,88,85,165,103,85,89,95,85,82,81,163,142,108,97,80,122,103,89,156,79,82,111,99,83,161,142,80,77,148,82,81,79,155,91,83,105,83,79,148,85,81,72,71,85,71,72,166,162,161,72,131,119,106,91,75,124,105,91,68,163,93,87,78,67,74,149,65,65,65,124,67,69,71,163,155,122,115,75,73,61,62,146,101,73,65,69,70,105,80,58,67,141,91,94,71,61,60,126,87,70,159,73,70,68,55,147,123,104,54,53,58,134,98,75,61,53,61,116,110,80,63,53,60,62,144,125,76,74,60,52,158,150,144,128,89,63,50,98,72,133,65,61,57,136,48,145,130,69,148,140,114,108,75,50,135,73,40,51,52,100,40,52,96,39,122,109,61,39,37,37,38,157,151,59,139,46,37,44,157,126,99,96,69,40,35,45,64,35,34,140,139,132,122,116,114,104,58,57,47,153,138,68,40,141,129,71,53,45,153,146,93,38,37,29,30,30,43,131,64,28,100,83,81,32,112,70,48,40,39,53,47,25,150,50,42,24,39,40,140,49,129,127,77,24,27,50,125,108,106,37,30,22,27,43,151,125,120,58,20,34,83,54,21,18,42,123,43,100,74,19,16,59,46,32,113,110,37,21,37,29,39,63,13,13,90,52,44,33,11,100,19,124,120,119,74,44,12,27,81,75,13,117,90,54,49,29,29,27,152,25,5,44,42,4,129,30,100,83,35,5,23,127,75,32,22,100,92,70,40,0,2,37,93,148,66,37,144,101,149,87,72,46,24,16,134,80,52,35,76,34,7,134,30,22,131,75,8,16,36,116,114,24,134,130,29,142,87,74,32,73,37,136,38,142,133
164,163,155,96,93,90,89,98,160,114,99,89,85,167,104,86,88,96,84,82,81,165,143,109,98,80,124,104,88,158,78,81,112,100,84,163,144,81,77,150,83,82,79,157,92,84,106,84,80,150,86,82,73,71,86,71,71,168,164,163,72,133,121,107,92,76,125,107,93,69,165,95,89,79,67,73,151,66,65,65,125,68,68,70,165,157,124,116,76,74,61,62,148,102,74,65,68,71,107,81,58,66,143,93,96,72,62,59,127,89,71,161,74,72,69,55,149,125,106,55,53,57,136,100,76,62,54,60,118,112,82,65,53,59,60,145,127,77,76,59,53,160,151,145,129,91,64,49,100,73,135,67,62,58,138,49,147,132,71,150,142,116,110,77,51,137,75,40,50,51,102,39,50,98,39,124,111,62,40,37,37,38,159,153,61,141,47,38,43,159,128,101,98,71,42,35,43,66,36,33,142,141,134,124,117,116,106,59,59,45,155,139,70,42,143,130,72,55,47,155,148,95,39,38,29,29,30,42,133,65,28,102,84,83,31,114,72,49,41,40,55,49,25,152,52,40,25,37,39,142,47,131,129,79,23,26,48,127,110,108,39,31,23,26,41,153,127,121,60,21,32,85,56,22,18,40,125,41,102,76,20,16,61,47,30,115,112,39,22,35,27,37,65,12,13,92,54,46,35,11,102,21,126,122,121,76,46,11,25,83,77,11,119,92,56,51,31,27,29,154,26,5,46,44,4,131,28,102,85,37,4,21,129,77,34,20,102,94,72,42,2,0,35,95,150,68,39,146,103,151,89,74,48,26,15,136,82,54,37,78,36,6,136,32,20,133,77,9,14,34,118,116,22,136,132,31,144,89,76,34,75,39,138,40,144,135
194,193,184,115,109,103,91,88,190,139,121,104,95,198,128,99,84,118,84,94,86,196,174,135,122,87,152,130,79,189,83,79,140,125,103,194,174,99,80,181,103,102,74,189,117,105,134,107,100,181,110,104,87,77,110,85,73,200,197,196,71,164,151,136,118,96,156,136,120,84,197,122,115,102,71,66,183,79,77,76,157,88,62,62,198,190,155,147,101,98,73,67,180,132,99,86,60,95,138,109,66,58,176,122,126,98,84,58,160,119,97,195,102,98,95,60,182,157,138,72,67,55,169,131,105,86,74,51,151,144,112,91,53,50,50,179,160,107,105,49,75,194,185,179,163,122,92,49,132,103,169,96,90,85,171,72,181,165,101,184,176,149,143,108,77,171,106,56,40,40,135,49,39,131,47,157,145,93,62,54,52,46,193,187,91,176,76,61,36,193,162,134,131,103,68,45,35,98,60,45,176,175,168,158,151,149,140,91,90,32,190,174,103,70,178,165,105,86,77,189,182,128,68,67,49,42,40,29,167,98,46,136,118,116,33,148,105,81,72,71,88,81,41,187,84,24,51,24,23,176,23,165,163,113,33,29,22,161,144,142,71,62,51,28,20,188,162,156,94,47,21,119,90,50,39,18,160,17,137,110,50,42,95,81,17,150,147,72,54,14,17,13,100,35,33,126,89,81,69,38,137,54,161,157,156,110,81,30,15,118,112,28,154,127,91,86,65,11,63,189,61,37,81,79,37,166,8,137,120,72,32,14,164,112,69,15,137,129,107,77,37,35,0,130,185,103,74,181,138,186,124,109,83,61,21,171,117,89,72,113,70,35,171,66,17,168,112,40,24,8,153,151,17,171,167,65,178,124,111,68,110,73,173,73,179,170
99,98,95,105,111,117,138,164,96,91,98,111,123,98,92,115,148,94,141,117,129,95,84,84,89,126,80,84,156,89,129,141,79,84,99,91,82,102,130,84,97,96,143,86,84,92,75,89,95,81,85,90,108,122,84,108,129,91,88,88,134,72,69,70,76,93,69,69,75,104,87,72,76,85,125,144,78,108,110,112,65,93,138,143,85,80,63,62,80,82,109,120,73,62,80,92,142,81,59,70,114,139,68,62,59,75,89,127,59,61,75,79,70,73,76,117,70,57,54,97,104,129,61,54,66,81,93,137,52,51,59,74,123,136,139,65,55,61,62,136,87,75,69,64,54,50,69,121,46,59,56,64,68,73,57,84,63,52,57,65,59,44,43,52,77,55,52,100,132,133,40,109,133,39,109,44,39,59,89,98,100,109,70,65,59,55,73,88,125,69,45,35,35,48,79,107,127,51,87,106,54,53,48,41,38,37,34,56,57,131,65,52,45,74,55,45,42,58,67,64,58,30,75,76,96,103,106,129,45,46,98,28,32,33,114,31,39,59,69,69,53,59,100,60,55,129,88,126,128,51,139,40,39,29,106,112,140,37,25,24,65,74,86,113,133,60,37,32,43,89,123,22,46,85,97,132,34,133,18,27,85,93,39,52,122,24,22,61,79,128,120,131,34,98,100,13,44,51,63,95,13,78,33,29,28,22,51,101,118,15,20,103,25,9,40,45,65,121,67,59,69,93,49,51,93,36,123,8,10,58,98,116,34,18,61,115,7,1,23,53,93,95,130,0,55,27,56,51,8,56,7,21,47,69,109,41,14,41,58,18,60,96,41,64,114,39,19,91,107,128,24,22,115,42,38,67,49,13,23,64,24,59,44,59,50,41
91,91,93,143,151,159,184,213,90,118,133,152,167,86,124,158,196,131,189,161,176,82,88,112,124,173,98,115,206,81,176,190,104,117,140,78,83,145,178,80,138,138,193,76,120,132,103,129,138,75,125,131,153,170,123,154,178,71,71,71,183,79,86,97,112,136,82,96,110,151,68,107,114,127,174,194,68,155,158,161,76,139,189,194,63,63,76,81,122,125,158,170,64,91,123,139,193,126,85,111,164,191,62,97,92,119,136,179,67,98,119,56,114,117,121,168,56,66,80,147,154,181,59,85,108,128,142,190,67,72,100,121,175,188,191,53,61,103,105,189,136,49,49,49,56,87,115,174,77,103,51,110,116,121,49,135,45,51,103,43,45,60,64,95,127,46,97,152,185,186,69,161,187,72,162,50,60,107,141,150,153,162,38,38,108,39,124,140,179,36,45,66,68,95,131,160,181,99,139,159,36,36,39,45,50,52,60,106,107,185,33,36,93,126,34,39,90,109,118,31,31,68,128,129,149,157,160,183,36,96,152,60,76,78,169,48,88,112,121,122,105,111,154,26,107,184,142,181,183,26,193,31,33,77,161,167,194,33,47,49,119,128,140,167,187,21,32,37,95,144,177,70,99,139,151,187,32,188,52,78,139,147,93,106,177,39,42,115,134,183,175,186,87,153,155,60,98,106,118,150,49,133,26,30,31,76,106,156,173,68,74,158,32,59,94,99,120,176,122,8,124,148,104,106,148,20,178,48,65,113,153,171,21,73,116,170,48,56,78,108,148,150,185,55,0,82,111,4,47,2,61,76,102,124,164,14,68,96,113,72,115,151,15,119,169,18,73,146,162,183,33,35,170,16,20,121,12,63,76,118,77,114,18,114,15,21
114,113,108,95,98,102,120,143,111,89,90,97,106,115,86,100,127,86,121,100,111,112,97,82,83,108,85,81,134,106,110,120,80,79,86,109,95,88,110,99,84,83,122,103,76,80,75,78,81,97,75,78,90,103,74,90,108,111,108,107,112,84,77,72,70,78,79,71,69,86,107,68,69,72,103,121,95,89,91,93,76,76,115,120,106,99,75,70,67,68,89,99,91,64,66,75,119,67,64,61,93,116,86,59,59,62,71,105,74,57,61,101,59,60,61,94,90,71,60,77,83,105,79,57,55,64,73,113,65,61,52,59,100,112,114,86,71,52,52,112,67,98,90,85,72,49,53,98,51,48,76,49,52,55,77,64,85,72,45,87,80,59,55,43,57,76,42,77,107,108,49,85,108,46,85,63,54,43,66,74,77,85,95,89,42,78,52,65,100,94,66,45,43,36,57,82,102,37,64,81,78,77,71,62,56,55,47,38,39,106,90,76,33,52,79,67,32,39,45,90,83,38,52,53,71,78,81,103,69,31,73,42,31,31,89,51,28,38,46,46,33,37,75,86,34,103,63,100,102,76,113,65,63,24,80,86,113,61,46,44,41,49,60,87,106,87,62,56,24,64,96,25,25,59,71,106,59,107,38,19,59,66,19,29,96,49,46,36,53,101,93,104,15,71,73,26,20,26,37,68,36,51,59,55,54,13,25,75,92,18,13,77,52,26,15,19,39,94,41,86,43,66,23,25,66,63,96,34,17,31,71,89,61,9,34,88,34,26,4,26,66,68,103,27,82,0,29,78,35,83,21,6,20,42,82,68,14,14,31,11,33,69,68,37,87,65,11,64,80,101,50,49,88,68,65,40,76,22,12,37,13,33,70,33,76,67
134,133,126,90,91,92,103,122,130,95,89,88,93,136,89,89,108,85,102,87,94,133,115,89,84,92,98,86,112,127,92,101,90,83,79,131,114,79,92,119,77,76,101,125,77,75,84,74,74,118,74,73,77,85,73,76,89,134,131,130,92,103,93,83,74,70,96,82,73,73,131,74,71,68,84,98,118,73,74,76,95,65,93,96,130,123,93,87,63,63,72,79,114,76,62,63,95,61,79,63,73,92,109,68,70,58,59,82,95,65,57,126,57,57,56,73,114,92,76,60,64,82,102,71,57,54,57,89,86,80,58,52,76,87,90,110,93,55,54,87,52,124,116,110,95,62,48,74,69,51,100,47,46,46,102,48,111,97,48,113,106,81,76,50,44,101,48,55,81,82,69,61,82,65,61,88,77,41,46,52,54,60,122,116,39,105,38,44,74,121,91,67,64,43,39,58,75,39,42,56,105,104,97,88,81,80,71,36,35,79,118,102,41,35,106,94,42,33,32,117,110,60,34,34,47,53,55,76,96,36,48,66,50,49,62,77,40,28,29,29,29,27,49,114,27,76,38,72,74,104,84,93,91,44,53,59,85,89,72,71,23,27,35,59,78,115,89,84,28,37,68,48,24,34,44,78,87,78,65,39,32,39,26,18,67,77,74,16,27,73,65,76,29,43,45,54,19,14,14,40,64,24,88,84,83,38,13,46,63,45,39,48,81,54,19,15,13,66,14,115,15,38,9,8,37,92,67,63,46,4,42,60,90,38,6,59,63,55,33,4,37,39,74,56,111,29,0,107,64,112,50,35,9,13,53,97,43,15,4,39,6,40,97,9,58,94,38,36,51,72,79,77,59,97,93,13,104,50,37,12,37,11,99,12,105,96
91,91,93,140,148,156,181,210,91,116,131,150,165,87,122,156,193,128,186,158,173,83,87,110,122,170,97,113,202,81,173,187,102,115,138,79,83,142,175,80,136,135,189,76,118,130,101,127,135,75,122,128,150,167,121,151,175,72,72,72,180,78,85,95,110,133,81,94,108,148,69,104,111,124,171,191,69,152,155,157,75,136,186,190,64,64,74,79,120,122,155,167,64,89,120,136,190,123,83,108,161,187,62,94,90,116,133,175,66,96,116,57,111,114,118,164,56,65,78,143,151,177,59,82,105,125,139,186,66,70,97,118,171,185,188,53,60,100,102,185,133,50,50,50,55,84,112,170,75,100,50,107,112,118,48,131,45,50,100,44,45,58,62,92,124,46,93,148,181,182,67,158,183,69,158,49,57,104,137,147,149,158,40,39,105,39,120,136,175,38,44,63,65,92,127,156,177,96,136,155,36,36,38,44,48,49,57,102,103,181,35,35,90,123,34,38,87,105,115,33,32,64,124,125,146,153,156,179,35,92,148,57,72,74,165,45,84,108,118,119,101,108,151,27,104,180,138,177,179,26,190,29,31,74,157,163,191,31,44,46,115,124,136,164,183,23,30,34,92,140,173,66,95,136,148,183,30,184,49,74,135,143,89,103,173,36,39,111,130,179,171,182,83,149,151,57,94,102,114,146,46,129,23,27,28,72,102,152,169,64,70,154,29,55,91,96,116,172,118,11,120,144,100,102,144,16,174,44,61,109,149,167,17,69,112,166,44,52,74,104,144,146,181,51,4,78,107,0,43,5,57,72,98,120,160,10,64,92,109,68,111,147,11,115,165,14,69,142,158,179,29,31,166,12,16,117,9,59,72,114,73,109,14,110,12,17
97,97,94,111,117,124,146,172,95,95,104,118,130,96,97,122,156,100,149,124,137,93,85,88,95,134,82,89,164,88,137,149,83,89,106,89,81,109,138,83,103,103,151,84,89,98,79,95,102,79,92,97,115,130,90,115,137,88,85,85,142,72,71,74,82,100,70,73,80,112,84,77,82,91,132,152,76,115,118,120,65,100,146,151,81,77,64,64,86,88,117,128,71,66,86,99,150,88,62,76,122,147,66,67,64,82,96,136,59,67,82,75,77,80,83,125,67,57,57,105,112,137,60,58,72,88,101,145,53,53,65,82,131,144,147,62,54,67,69,145,95,71,65,60,52,55,76,130,50,66,53,71,75,80,54,92,59,50,64,60,55,44,44,58,85,51,59,108,140,141,43,117,141,43,117,43,40,66,97,106,109,117,65,60,67,51,81,96,134,64,42,38,39,55,87,115,135,58,95,114,49,49,44,39,36,36,35,64,64,139,60,47,52,82,50,41,50,66,75,59,53,35,83,84,104,112,115,137,41,54,107,30,38,39,123,30,46,68,77,78,61,67,109,54,63,138,97,135,136,45,147,35,34,36,115,120,148,32,24,23,74,82,94,121,141,54,32,28,51,98,131,29,54,93,105,141,29,141,19,35,93,101,48,61,130,20,19,69,88,136,128,139,42,106,108,18,52,60,71,103,13,86,26,22,22,30,59,110,127,23,28,112,19,15,48,53,74,129,76,52,77,101,57,59,101,29,131,5,19,66,106,124,26,26,69,123,3,9,31,61,101,103,138,8,47,35,64,43,0,48,14,29,55,77,117,33,21,49,66,25,68,104,33,72,122,30,26,99,115,136,16,14,123,34,30,74,41,17,29,72,31,67,36,67,42,33
93,93,95,145,153,161,186,215,93,120,135,154,169,88,126,160,198,133,191,163,178,84,90,114,126,175,100,117,207,83,178,191,106,119,142,80,85,147,180,82,140,140,194,78,122,134,105,131,140,77,127,133,155,172,125,156,180,73,73,73,185,81,88,99,114,138,84,98,112,153,70,109,116,129,176,196,71,157,160,162,78,140,191,195,65,65,78,83,124,127,160,172,66,93,125,140,195,128,87,113,166,192,64,99,94,121,138,180,69,100,121,58,116,119,123,169,58,69,82,148,156,182,61,87,110,130,144,191,70,74,102,123,176,190,193,55,63,105,107,191,138,51,51,52,58,88,117,175,79,105,53,112,117,123,51,136,47,53,105,46,47,62,67,97,129,48,98,153,186,187,71,163,188,74,163,53,62,109,142,152,155,163,40,40,110,41,125,141,180,38,47,68,70,97,133,162,182,101,141,160,38,39,42,48,52,54,62,107,108,187,35,38,95,128,36,42,92,110,120,33,34,69,129,130,151,158,161,184,38,97,153,61,77,79,170,50,89,113,123,124,106,113,156,28,109,185,144,182,184,28,195,33,35,79,162,168,196,35,49,51,120,129,141,169,189,23,34,39,97,145,178,71,100,141,153,188,34,189,54,80,140,148,94,108,178,41,44,116,135,184,176,187,88,154,156,62,99,107,119,151,51,134,28,32,33,77,107,158,174,69,75,159,34,60,96,101,121,177,123,9,125,149,105,107,149,21,179,49,66,114,154,172,23,74,117,171,49,57,79,109,149,151,186,56,2,83,112,5,48,0,62,77,103,125,165,15,69,97,114,73,116,152,15,120,170,18,74,147,163,184,33,35,171,16,20,122,11,64,76,119,78,114,17,114,14,20
104,104,100,105,110,116,136,161,102,92,98,110,121,104,92,114,145,94,138,115,127,100,89,85,90,124,83,86,153,95,126,138,81,85,98,97,87,101,127,89,96,95,140,92,84,91,77,88,94,86,85,89,105,119,84,105,126,97,94,94,130,76,73,72,77,91,73,71,75,102,94,73,76,84,121,140,83,105,107,109,69,91,134,139,91,86,68,66,78,80,106,117,79,64,78,90,138,80,62,70,111,135,74,63,61,74,86,124,64,62,74,86,69,72,74,113,76,62,57,94,101,125,67,56,65,78,90,133,57,55,59,72,119,132,134,72,60,60,61,132,84,82,75,70,59,51,67,117,49,58,62,62,66,70,63,81,69,58,56,71,65,49,47,51,74,61,51,96,127,128,43,104,128,42,105,50,44,57,85,93,96,104,77,72,57,62,69,84,120,76,51,38,38,47,75,102,122,49,83,101,61,60,55,48,43,42,38,53,54,126,72,59,44,70,61,51,41,55,63,71,65,33,71,72,91,99,102,123,52,44,94,32,32,33,109,37,37,56,64,65,49,55,96,67,51,124,83,121,123,57,134,47,45,28,101,107,134,43,31,29,61,69,81,108,127,67,44,39,39,84,117,23,42,80,92,127,41,128,23,25,80,87,36,48,117,31,28,56,74,122,114,125,30,92,94,15,39,46,58,89,19,72,39,35,35,19,46,96,113,13,17,98,32,11,35,40,60,116,62,66,64,87,44,46,87,43,117,14,7,52,92,110,40,13,55,109,14,6,17,47,87,89,124,7,61,21,50,57,14,62,0,15,41,63,103,47,7,35,52,11,54,90,47,58,108,44,13,85,101,122,29,27,109,47,44,60,55,8,16,58,17,53,49,53,55,46
112,112,106,98,102,107,125,149,109,91,93,102,111,112,89,105,133,89,127,105,116,109,95,84,86,113,86,83,140,103,115,126,81,82,90,106,93,92,116,97,88,87,128,101,79,84,76,82,86,95,79,82,95,108,78,95,114,108,105,104,118,82,77,73,73,83,78,72,72,92,104,70,72,77,109,127,93,94,96,98,75,81,121,126,102,96,73,70,71,72,95,105,88,65,71,80,125,72,64,64,99,122,83,61,60,66,76,111,72,59,66,97,62,64,66,100,86,69,60,83,89,112,76,57,59,69,78,119,63,60,55,63,106,118,121,82,68,55,55,119,73,94,87,81,69,50,58,104,51,52,72,54,57,60,74,69,81,69,49,83,77,56,53,46,63,72,45,83,113,114,47,91,114,45,91,60,51,48,72,80,83,91,90,85,47,74,57,71,106,89,62,43,42,40,63,89,108,41,70,87,73,73,67,58,53,52,45,43,44,112,85,71,37,58,74,63,35,44,51,85,78,37,58,59,77,85,87,109,64,35,80,39,32,31,95,48,31,44,52,52,38,43,81,81,40,110,69,106,108,71,119,60,59,25,87,92,120,56,42,40,48,55,66,93,113,81,57,51,29,70,103,24,30,66,77,112,54,113,34,20,65,73,24,35,102,44,41,42,60,108,99,110,19,78,80,23,26,33,44,75,31,58,54,50,49,13,32,81,98,15,12,83,46,21,21,25,45,101,47,81,49,73,29,31,72,57,102,29,13,37,77,95,55,6,40,94,28,20,4,32,72,74,109,21,76,6,35,72,29,77,15,0,26,48,88,62,8,20,37,4,39,75,62,43,93,59,5,70,86,107,44,42,94,62,58,46,69,16,8,43,9,38,64,38,70,61
129,128,121,92,94,96,109,129,125,94,90,92,98,130,89,93,115,86,109,92,100,128,110,88,84,98,95,85,120,121,99,108,88,83,82,125,109,82,99,114,80,79,108,119,77,77,82,76,77,113,75,75,82,91,74,81,96,128,125,124,99,98,89,80,73,74,92,79,73,78,125,73,71,70,91,106,112,79,80,82,90,69,101,104,123,117,88,83,65,65,78,86,108,73,64,68,103,64,75,63,80,100,103,66,67,60,64,90,89,63,59,119,58,58,58,81,107,86,72,66,71,90,96,67,57,58,63,97,80,75,57,54,85,96,98,104,87,54,54,96,58,117,109,103,88,58,50,82,64,50,93,48,48,49,95,53,104,90,47,106,99,75,70,48,48,94,46,62,90,90,63,69,91,59,69,81,70,41,53,59,62,69,114,109,40,97,42,51,83,114,84,60,58,40,45,66,84,38,50,65,97,96,90,80,74,73,64,36,36,88,110,95,38,40,98,86,38,34,36,109,102,53,40,40,55,62,64,85,88,34,57,59,45,43,71,70,36,31,34,34,29,30,58,106,28,85,47,82,83,96,94,85,83,38,62,68,94,81,65,63,28,34,43,68,87,107,81,76,25,46,77,41,23,42,53,87,79,88,57,33,41,48,22,19,76,68,66,22,36,82,74,85,23,52,54,46,16,15,21,49,56,33,79,75,74,30,13,56,72,37,31,57,72,45,14,11,21,75,22,106,24,47,8,9,47,83,76,54,37,13,51,69,81,29,15,68,54,46,24,7,46,48,83,47,102,20,9,98,55,103,41,26,0,22,62,88,34,6,11,30,13,49,88,17,67,85,29,44,60,81,70,68,68,88,84,20,95,41,28,18,28,14,90,15,96,87
145,144,137,93,92,92,99,115,141,102,93,89,91,147,95,88,102,89,97,86,90,145,125,97,90,89,108,93,105,138,88,95,98,89,81,143,125,80,88,131,80,79,94,137,83,78,92,78,76,130,78,76,76,81,78,75,84,146,143,142,86,114,103,92,80,72,107,91,81,72,143,82,77,72,79,91,130,71,72,72,106,66,85,89,143,136,105,98,68,67,68,73,126,86,66,64,87,65,89,69,68,84,121,77,79,63,60,75,107,74,62,139,63,62,60,67,127,104,87,58,60,75,115,81,64,57,56,80,97,92,67,56,69,79,81,123,105,63,62,79,52,137,129,123,107,72,53,66,80,59,113,54,51,49,115,47,124,109,55,126,119,94,88,60,45,114,57,49,71,72,80,54,72,77,53,101,89,48,42,46,48,53,135,129,46,118,39,41,64,134,104,79,76,52,38,50,65,48,39,48,118,117,110,101,94,92,83,43,43,68,131,115,51,35,119,107,52,39,35,130,123,72,33,33,40,45,47,65,109,46,41,78,62,61,52,90,51,34,31,30,37,33,40,127,34,64,31,61,63,117,73,106,104,56,43,48,73,102,85,84,25,24,28,48,66,128,103,97,39,29,57,61,35,26,34,66,100,66,78,52,24,30,38,27,55,90,87,21,20,61,53,63,41,32,34,67,31,24,17,29,77,16,101,97,96,51,23,35,51,58,52,36,94,67,32,27,12,53,10,128,9,26,22,20,25,105,54,76,59,13,30,47,103,51,9,46,76,68,46,16,24,26,61,69,124,42,13,120,77,125,63,48,22,0,40,110,56,28,11,52,9,27,110,6,45,107,51,22,38,59,92,90,46,110,106,8,117,63,50,10,49,14,111,15,118,109
178,177,168,106,102,98,92,96,174,126,110,97,91,181,116,93,89,107,86,89,85,179,157,122,110,85,137,117,87,172,82,82,126,112,94,177,158,90,80,164,93,92,79,171,104,95,119,96,90,164,98,93,80,76,98,79,74,182,179,178,73,147,135,121,105,86,139,120,105,77,179,108,101,90,70,72,165,73,72,71,140,78,67,69,179,172,138,130,88,86,68,65,162,116,86,75,67,83,121,94,63,64,157,106,110,85,73,60,142,103,83,176,87,84,81,58,163,139,120,64,60,58,151,114,90,74,64,58,133,126,96,77,54,57,58,160,141,91,89,56,64,175,166,160,144,105,77,50,114,87,150,80,75,71,152,60,162,146,85,164,157,130,124,91,63,152,89,48,47,47,116,44,47,112,43,138,126,76,50,45,44,42,174,168,75,156,60,49,41,173,142,115,113,85,54,39,40,80,47,38,156,155,148,139,132,130,121,73,73,40,170,154,85,55,158,145,87,69,60,169,162,109,52,51,38,34,34,37,148,80,35,116,99,97,31,129,86,64,55,54,69,63,31,166,66,33,36,31,32,156,38,145,143,93,25,25,38,141,124,122,53,45,35,24,33,168,142,136,75,32,26,99,71,34,26,31,140,31,117,90,33,27,75,62,22,129,126,53,36,25,20,27,80,20,19,106,69,61,49,21,117,35,141,137,136,90,60,15,16,98,92,13,133,107,71,66,45,16,43,168,41,18,61,59,18,145,16,116,99,51,13,9,143,91,48,8,116,108,86,56,16,15,21,109,164,82,53,160,117,165,103,88,62,40,0,150,96,68,51,92,49,13,150,45,6,147,91,18,4,19,132,130,8,150,146,44,157,102,89,47,88,52,151,52,157,148
93,93,93,134,142,149,174,202,92,112,125,143,157,89,116,149,185,122,178,151,165,85,87,105,116,162,93,108,194,83,165,178,98,109,131,81,82,135,167,80,129,128,181,78,112,123,96,120,128,76,116,122,143,159,114,143,167,76,75,75,172,76,81,90,104,126,78,89,102,140,73,98,105,117,162,182,70,144,147,149,72,128,177,182,68,67,72,76,112,115,147,158,65,84,113,128,181,115,78,101,153,178,62,88,84,109,125,167,64,89,109,61,103,107,110,156,58,62,73,135,142,168,58,76,98,117,131,177,62,66,90,110,163,176,179,54,57,93,95,176,125,55,53,51,53,77,104,161,69,93,50,99,104,110,48,123,47,48,92,47,46,54,57,85,116,45,86,139,172,173,61,149,174,63,149,46,52,96,128,138,140,149,45,43,96,40,111,127,166,43,41,57,59,84,119,147,168,88,127,146,37,37,37,40,44,45,51,94,95,172,39,36,81,114,35,36,78,97,106,38,35,57,115,116,136,144,147,169,34,84,139,50,64,66,155,40,76,99,109,109,92,99,141,32,95,170,129,167,169,27,180,27,28,65,147,153,181,27,38,39,106,115,126,154,174,29,26,29,83,130,164,58,86,126,138,174,25,174,41,65,126,134,80,93,163,29,31,102,121,169,161,172,74,139,141,48,85,92,104,136,37,119,17,20,21,63,92,143,160,55,60,145,21,46,81,86,107,162,109,21,110,134,90,92,134,9,164,35,51,99,139,157,9,59,102,156,34,42,64,94,134,136,171,41,14,68,97,10,33,15,47,62,88,110,150,0,54,82,99,58,101,137,2,105,155,4,59,132,148,169,18,20,156,5,7,107,10,49,61,104,63,99,9,99,12,10
109,108,103,102,107,112,132,156,106,92,96,107,117,108,91,110,140,93,133,111,122,105,93,85,89,120,85,85,147,100,122,133,82,84,95,102,90,97,123,93,93,92,135,97,82,88,77,86,91,91,83,86,101,115,82,101,121,103,100,99,125,80,75,73,76,88,76,72,74,98,99,72,75,81,116,134,88,100,103,105,72,87,129,133,97,91,71,68,76,77,101,112,84,65,75,86,132,77,64,68,106,129,79,63,61,71,82,118,68,61,70,92,67,69,71,108,81,66,59,89,96,119,72,57,63,75,85,127,60,58,58,69,113,126,128,77,64,58,59,126,79,88,81,76,64,51,63,111,50,55,67,59,62,66,69,76,75,64,53,77,71,53,50,49,69,67,49,90,121,122,46,98,122,44,99,55,48,53,79,88,90,98,84,79,53,68,64,78,114,83,57,41,40,44,70,96,116,45,77,95,67,66,61,53,48,47,42,49,50,120,79,65,41,65,68,57,38,50,58,78,72,35,66,66,85,92,95,117,58,40,87,36,32,32,103,42,34,51,59,60,45,50,89,74,46,118,77,114,116,64,127,54,52,27,95,100,128,50,36,35,55,63,74,101,121,74,50,45,35,78,111,23,37,74,85,120,47,121,28,22,73,81,30,42,110,37,35,50,68,116,108,118,25,86,88,18,33,40,52,83,25,66,46,42,41,16,40,89,106,13,14,91,39,16,29,33,53,109,55,73,57,81,37,39,81,50,110,21,8,46,85,103,47,8,48,102,21,13,11,40,80,82,117,14,68,14,43,64,21,69,7,8,34,56,96,54,0,28,45,4,47,83,54,51,101,51,6,78,94,115,36,34,102,54,50,53,61,9,10,50,11,46,56,46,62,53
125,125,118,94,96,99,113,134,122,94,91,95,102,127,89,96,120,87,114,96,104,124,107,87,85,102,93,85,125,117,103,113,87,83,84,121,106,85,103,110,82,81,113,115,78,79,81,78,80,109,76,77,85,96,75,85,101,124,120,120,104,94,86,79,73,76,89,78,73,81,120,72,71,72,96,112,108,83,84,86,87,72,106,110,119,112,85,80,67,67,82,91,104,71,66,71,109,66,73,63,85,106,99,65,66,62,67,95,86,62,61,114,59,59,60,86,103,83,69,70,75,96,92,65,57,60,67,103,76,72,56,57,90,101,104,99,83,54,54,102,61,112,104,98,84,56,52,87,61,50,89,49,50,52,91,57,99,85,47,101,94,71,66,47,52,89,46,67,95,96,59,74,97,56,75,77,66,42,57,65,67,74,109,103,41,92,46,56,89,108,79,57,54,40,49,72,90,38,54,70,92,91,85,76,70,68,60,37,37,94,104,90,37,44,93,81,37,36,39,104,97,50,44,45,60,67,70,91,83,33,62,54,41,40,77,65,34,33,38,39,30,32,64,100,30,91,52,88,89,90,100,79,77,34,68,74,100,75,60,58,33,39,49,74,93,101,76,70,24,52,84,37,23,48,59,93,73,94,51,29,47,54,21,22,82,63,60,26,42,88,80,91,20,59,60,40,16,18,26,55,50,39,73,69,68,25,17,62,78,32,26,63,66,40,12,12,27,81,28,100,30,53,12,13,53,77,82,49,32,18,57,75,75,24,21,74,48,40,19,13,52,54,89,41,96,14,15,92,49,97,35,20,6,28,68,82,28,0,17,24,19,55,82,23,73,79,23,50,66,87,64,62,74,82,78,26,89,35,22,23,22,19,83,19,90,81
137,137,129,93,93,95,105,123,134,99,92,91,95,139,92,91,109,88,103,90,96,137,118,93,87,94,102,90,113,130,94,102,94,86,82,134,117,81,94,123,80,79,102,128,80,78,87,77,77,122,77,76,79,86,76,78,90,138,134,133,93,106,96,86,77,73,100,85,77,75,134,77,74,71,85,99,121,75,76,77,98,68,93,97,133,127,97,91,66,66,73,80,118,80,65,66,96,64,82,66,75,93,113,72,73,62,62,83,98,68,61,129,61,60,59,74,117,96,80,62,66,83,106,75,60,57,59,89,89,84,62,55,77,87,90,114,97,59,58,88,55,127,119,113,98,65,52,74,72,54,103,51,49,49,106,50,114,100,51,116,109,85,80,54,47,104,52,56,81,82,72,62,82,68,62,91,80,44,47,53,55,61,125,119,43,108,40,46,74,124,94,70,67,46,41,58,75,43,44,57,108,107,100,91,85,83,74,39,39,78,121,105,44,37,109,97,45,36,35,120,113,63,36,36,47,53,56,75,99,40,49,69,54,52,62,80,43,31,31,32,32,30,49,117,30,75,39,72,74,106,83,96,94,47,53,58,84,91,75,73,25,28,35,59,77,117,92,86,31,38,67,51,28,34,44,77,90,77,67,43,33,39,30,22,66,79,76,19,28,72,64,74,32,43,44,56,23,18,16,39,67,24,90,86,85,40,16,45,62,48,42,47,83,56,22,18,14,64,14,117,15,36,13,11,36,94,65,65,49,7,41,58,92,40,7,57,65,57,35,7,35,37,72,58,113,31,4,109,66,114,52,37,11,11,51,99,45,17,0,41,2,38,99,6,56,96,40,33,49,70,81,79,57,99,95,10,106,51,39,9,38,8,100,9,106,98
112,111,106,102,106,111,129,153,109,93,96,105,115,112,92,109,138,92,131,109,120,108,95,86,89,117,87,86,145,103,120,131,83,84,94,105,93,96,120,96,92,91,132,100,82,87,78,85,90,94,82,85,99,112,81,99,119,106,103,103,123,82,77,74,76,87,78,73,74,96,103,73,74,80,114,131,92,98,100,103,75,85,126,130,101,95,73,70,75,76,99,109,87,66,74,84,129,75,65,67,103,126,82,63,62,70,80,115,71,62,69,95,66,68,69,105,85,69,61,87,93,116,75,58,62,73,83,124,63,60,57,67,110,123,125,81,67,58,59,123,77,92,85,79,67,52,62,108,52,55,71,57,60,64,72,74,79,67,52,81,75,56,53,49,67,70,48,87,117,118,48,95,119,46,96,59,51,51,76,85,87,95,88,82,51,72,62,75,111,87,60,43,42,43,67,93,112,44,74,92,71,70,64,57,52,50,44,47,48,116,83,69,40,62,72,61,38,48,55,82,76,37,63,64,82,89,92,114,62,39,84,39,33,33,100,46,34,48,56,57,42,48,86,78,44,114,74,111,113,68,123,58,56,27,91,97,124,54,40,38,52,60,71,98,117,78,54,49,33,74,107,25,35,70,82,116,51,117,32,22,70,77,28,39,106,41,39,47,64,112,104,115,23,82,84,21,30,37,48,79,29,62,50,46,46,15,36,85,102,15,14,87,43,19,26,30,50,105,51,77,53,77,34,35,77,54,106,25,11,42,81,99,51,7,45,98,25,17,8,36,76,78,113,18,72,11,39,68,25,73,11,4,30,52,92,58,4,24,41,0,43,79,58,47,97,55,2,74,90,111,40,38,98,58,54,49,65,12,7,46,8,42,60,42,66,57
139,139,132,94,94,95,105,122,136,100,93,92,95,141,94,92,109,89,103,90,96,139,120,94,89,94,104,91,113,132,94,102,95,88,83,136,120,82,94,125,81,80,101,131,82,79,89,79,78,124,78,77,80,86,77,79,90,140,136,136,92,108,98,88,79,74,102,87,79,75,137,79,76,72,85,98,123,75,76,77,100,68,93,96,136,129,99,93,68,67,73,80,120,82,67,67,95,65,84,68,74,92,115,74,75,63,63,82,101,70,62,131,62,61,61,74,120,98,82,63,66,82,108,77,62,58,59,88,91,86,64,56,76,87,89,116,99,60,60,87,55,129,121,115,100,67,53,74,74,56,106,52,51,50,108,50,116,102,53,119,111,87,82,56,47,106,54,55,80,80,74,61,81,70,61,93,82,46,47,52,54,60,127,121,44,110,41,46,73,126,97,72,70,48,41,57,74,45,44,56,110,109,102,93,87,85,76,41,40,77,123,108,46,38,111,99,48,38,36,122,115,65,36,36,47,52,55,74,101,42,48,71,56,54,61,82,45,33,32,32,34,32,48,119,32,73,38,70,72,109,82,98,96,49,52,57,83,94,77,76,26,28,35,57,76,120,94,89,33,37,66,54,30,33,42,75,92,76,70,45,32,38,32,23,65,81,79,20,27,70,62,73,34,41,43,59,25,20,17,38,69,23,92,88,87,43,18,44,60,50,44,45,85,58,25,21,14,62,14,120,14,35,15,13,34,96,64,67,51,8,39,57,94,43,7,55,67,59,37,9,34,36,70,60,115,33,6,111,68,116,54,39,13,9,49,101,47,19,2,43,0,36,101,4,54,98,42,31,47,68,83,81,55,101,97,8,108,53,40,7,40,7,102,8,108,99
168,167,159,102,99,96,95,103,164,119,105,95,91,171,109,92,93,102,90,88,87,169,148,114,104,86,128,109,93,162,84,87,117,105,90,167,148,87,82,154,89,88,84,161,97,89,111,90,85,154,92,88,79,77,92,77,77,171,168,167,77,137,125,112,97,81,130,111,98,75,168,100,94,84,73,78,154,72,71,71,129,74,73,75,168,161,128,120,81,80,67,67,151,107,80,71,73,77,111,86,64,71,146,97,100,78,68,65,131,94,76,164,79,77,74,60,152,128,110,61,59,63,140,104,81,68,60,65,122,115,87,70,58,64,65,149,130,82,81,63,59,163,154,148,133,95,69,54,103,78,138,71,67,63,141,55,150,135,75,152,145,119,113,81,56,140,79,46,54,55,105,45,55,101,44,127,114,67,46,43,43,43,162,156,65,144,53,44,48,161,130,104,101,75,47,40,48,70,42,39,144,143,136,127,120,118,109,64,63,49,157,142,74,47,146,133,76,59,52,157,150,97,44,44,35,35,36,45,135,69,34,104,87,86,36,116,75,54,46,45,59,53,31,154,56,43,31,40,42,144,50,133,131,82,28,30,50,129,112,110,43,36,29,30,44,155,129,124,63,27,35,87,59,27,24,42,127,43,104,78,26,23,64,51,33,117,114,42,27,37,30,39,67,18,18,94,57,49,38,17,104,25,128,124,123,77,48,16,27,85,79,16,121,94,58,54,34,28,31,155,29,11,48,46,10,132,28,103,86,39,8,22,130,78,36,20,103,95,73,43,7,6,35,96,151,69,40,147,104,152,90,75,49,27,13,137,83,55,38,79,36,0,137,32,18,134,78,5,11,32,119,117,19,137,133,30,144,89,76,34,75,39,138,39,144,135
95,95,95,136,143,151,175,203,94,113,127,144,158,91,118,150,186,124,179,152,166,87,89,107,118,163,95,110,195,85,166,179,100,111,132,83,84,136,168,82,130,129,182,80,113,124,98,121,129,78,117,123,144,160,115,144,168,78,77,77,173,78,83,92,105,127,80,91,103,141,75,100,106,118,163,183,72,145,148,150,74,129,178,183,70,69,74,77,114,116,148,159,67,85,114,129,182,116,80,102,153,179,64,90,86,110,126,167,65,91,110,63,105,108,111,156,60,64,74,136,143,169,60,78,99,118,131,178,64,67,91,111,163,176,179,56,59,94,96,177,126,57,55,53,55,79,105,162,70,94,52,100,105,110,50,124,49,50,93,49,48,56,59,86,116,47,87,140,173,173,62,149,174,64,150,48,54,97,129,138,141,150,47,45,97,42,112,128,166,45,43,58,60,85,119,148,168,89,127,147,39,39,39,42,45,46,52,94,95,172,41,38,82,114,37,38,79,97,107,39,37,58,116,117,137,145,147,170,36,85,139,51,66,67,156,41,76,100,109,110,93,99,142,34,95,171,130,168,170,29,180,29,29,66,148,154,181,29,39,40,106,115,127,154,174,31,28,31,83,131,164,59,87,126,138,174,27,175,42,66,126,134,80,94,163,30,33,102,121,169,161,172,74,139,141,48,85,93,105,136,38,119,19,21,22,63,92,143,160,55,61,145,22,46,81,86,107,163,109,22,111,135,91,93,134,11,164,35,52,99,139,157,11,60,102,156,35,43,64,94,134,136,171,41,15,68,97,11,33,15,47,62,88,110,150,2,54,82,99,58,101,137,0,105,155,3,59,132,148,169,18,20,156,3,6,107,9,48,61,104,62,99,7,99,11,8
143,142,135,95,95,96,104,120,139,103,95,92,95,145,96,92,107,91,102,90,95,143,124,97,91,93,107,94,111,136,93,100,98,90,84,140,123,83,93,129,82,81,100,134,84,81,92,80,79,128,80,79,80,85,79,79,89,144,140,140,91,112,102,91,81,75,105,90,81,76,140,82,78,74,84,96,127,75,76,77,104,69,91,94,140,133,103,96,69,69,73,78,124,85,68,67,93,67,88,70,73,90,119,77,79,65,63,80,104,73,64,136,64,63,62,72,124,102,86,62,65,80,112,80,64,59,59,86,95,89,66,58,75,84,86,120,103,63,62,84,56,133,125,119,104,71,55,72,78,59,110,54,53,51,112,51,120,106,55,123,115,91,86,59,48,110,57,54,77,78,78,59,78,74,59,97,86,48,47,51,53,58,131,126,47,114,42,45,70,131,101,76,73,51,42,55,71,48,43,54,114,113,106,97,91,89,80,43,43,74,127,112,50,38,115,103,51,40,37,126,120,69,36,36,45,50,52,71,105,45,46,75,60,58,58,87,49,35,33,33,37,34,46,123,34,70,37,67,69,113,79,102,100,53,49,54,79,98,82,80,27,28,33,54,72,124,98,93,37,35,63,58,33,31,40,72,96,72,74,49,30,35,36,26,61,86,83,22,25,66,59,69,38,38,40,63,28,23,18,35,73,21,96,92,91,47,21,40,56,54,48,42,89,63,29,24,14,59,13,124,13,31,19,17,31,100,60,72,55,11,35,53,98,47,9,52,71,63,42,13,30,32,66,64,119,37,9,115,72,120,58,43,17,6,45,105,51,23,6,47,4,32,105,0,50,102,46,27,43,64,87,85,51,105,101,4,112,57,44,5,43,8,106,9,112,103
184,183,174,111,106,102,95,98,180,132,116,102,96,187,121,98,91,113,89,93,89,185,163,127,116,89,143,122,88,178,86,85,131,118,99,183,164,95,83,170,98,97,81,177,110,100,125,101,95,170,103,98,85,79,103,84,77,188,184,183,76,153,141,127,110,91,145,126,111,82,185,114,107,96,74,74,171,78,77,76,145,83,70,70,185,178,144,136,93,91,72,69,168,122,92,81,68,89,127,100,67,66,163,112,116,91,78,63,148,108,89,182,93,90,87,62,169,145,126,68,65,60,157,120,95,79,69,59,138,132,102,83,57,58,59,166,147,97,95,57,69,180,172,166,150,111,83,53,120,93,156,86,81,76,158,65,167,152,90,170,162,136,130,97,69,157,95,52,48,49,122,48,48,118,47,144,132,82,56,50,49,46,179,173,80,162,66,54,42,179,148,121,118,91,59,43,42,86,52,42,162,161,154,144,138,136,126,79,78,41,175,160,90,60,163,151,93,75,66,175,168,115,58,57,43,39,38,38,153,85,40,122,105,103,34,134,92,69,61,60,75,69,36,172,72,34,42,32,32,162,37,151,149,99,30,28,37,147,130,128,59,51,41,27,32,173,147,141,80,37,27,105,76,40,31,30,145,30,122,96,39,33,81,68,23,135,132,59,42,25,21,26,85,25,24,111,74,66,55,27,122,41,146,142,141,95,66,21,16,103,97,19,139,112,76,71,51,16,49,173,47,24,66,64,24,150,13,121,104,57,18,9,148,96,54,8,121,113,91,61,22,20,17,114,169,87,58,165,122,170,108,93,67,45,6,155,101,73,56,97,54,18,155,50,0,152,96,23,7,14,137,135,2,155,151,48,162,107,94,51,93,56,156,56,162,153
96,96,96,134,142,149,173,200,95,112,125,143,157,93,117,148,184,122,177,150,164,89,89,106,116,161,95,109,193,86,164,177,99,109,130,85,85,134,166,83,128,128,180,81,112,123,97,120,127,79,115,121,142,158,114,142,166,80,79,78,170,78,83,91,104,126,80,90,102,139,76,98,105,117,161,181,73,143,146,148,74,127,176,180,72,70,73,77,112,114,145,157,68,84,112,127,179,115,79,101,151,177,65,88,84,108,124,165,66,89,108,65,103,106,109,154,61,64,73,134,141,167,60,77,98,116,129,175,64,67,89,109,161,174,177,57,59,93,94,175,123,59,56,54,55,77,103,159,69,92,52,98,103,108,51,121,51,51,91,50,49,55,58,84,114,48,85,138,170,171,61,147,172,63,147,47,53,94,126,136,139,147,49,47,95,43,110,126,164,47,43,57,59,82,117,145,165,86,125,144,40,40,40,42,45,46,51,92,93,170,43,39,80,112,39,38,77,95,104,42,39,57,113,114,134,142,145,167,36,82,137,49,64,65,153,40,74,97,107,108,90,97,139,36,93,168,127,165,167,31,178,29,30,64,145,151,178,29,38,39,104,113,124,152,171,33,28,30,81,128,161,56,84,124,136,171,27,172,40,64,123,131,77,91,161,29,31,99,118,166,158,169,72,136,138,46,82,90,102,133,36,116,18,20,21,60,90,140,157,52,58,142,21,44,78,83,104,160,106,25,108,132,88,90,132,11,161,33,49,97,136,154,10,57,99,153,32,40,62,91,131,133,168,39,18,65,94,14,30,18,44,59,85,107,147,4,51,79,96,55,98,134,3,102,152,0,56,129,145,166,15,17,153,4,3,104,11,45,58,101,59,96,7,96,12,7
114,113,108,103,107,112,130,154,111,95,98,107,116,114,93,110,138,94,132,110,121,111,98,88,90,118,89,87,145,105,120,131,85,86,95,107,95,97,121,98,93,92,132,102,84,89,80,87,91,96,84,87,100,113,83,100,119,108,105,105,123,85,79,76,77,88,80,75,76,97,105,75,76,81,114,132,94,99,101,103,77,86,126,130,103,97,76,72,76,77,100,109,89,68,76,85,129,77,67,69,104,127,85,65,64,71,81,115,74,63,71,97,67,69,71,105,87,71,63,88,94,116,77,61,64,74,83,124,65,62,59,68,110,123,125,83,70,59,60,123,78,94,87,81,70,54,63,108,54,56,73,59,62,65,74,74,81,69,54,83,77,58,55,50,68,72,50,87,117,118,50,95,119,48,96,61,53,52,77,85,87,95,90,84,52,74,62,75,111,89,62,46,45,45,68,93,112,46,74,92,73,72,66,59,54,52,47,48,49,116,85,71,41,63,74,63,40,49,56,84,77,39,63,64,82,89,92,113,64,40,84,41,35,35,99,48,35,49,56,57,43,48,86,80,45,114,74,110,112,70,123,60,58,29,91,96,123,56,42,40,52,60,71,97,116,80,56,51,34,74,106,27,35,70,81,116,53,117,34,24,69,77,29,39,106,43,40,47,64,111,103,114,24,81,83,24,31,37,48,78,31,62,52,48,47,17,36,85,101,17,16,86,45,21,26,30,49,104,51,78,53,76,33,35,76,55,106,27,13,41,81,99,53,9,44,97,26,19,9,36,75,77,112,19,73,11,38,69,26,74,13,5,29,51,91,59,6,23,40,2,42,78,59,46,96,56,0,73,89,110,41,39,97,59,55,48,66,12,4,45,6,40,60,40,66,57
165,164,156,102,99,97,97,107,161,117,105,95,93,168,108,93,97,101,93,89,89,165,145,112,103,88,126,108,97,158,87,90,115,104,90,163,145,87,85,151,89,88,88,157,96,89,109,89,85,150,91,87,80,79,91,79,80,168,164,163,80,134,122,110,96,81,127,109,96,76,165,98,92,84,75,82,151,73,73,73,126,74,77,79,164,157,125,117,80,79,69,70,148,104,79,71,77,76,108,85,66,75,143,95,98,77,68,68,128,91,75,160,78,75,73,63,148,125,107,62,61,66,136,101,79,67,61,69,118,112,84,69,62,68,69,145,127,80,79,67,59,159,150,144,129,92,68,58,100,76,134,69,66,62,137,54,146,131,73,148,141,115,110,78,55,136,76,48,59,59,102,48,59,98,47,123,111,64,46,45,45,46,157,152,63,140,51,44,52,157,126,100,98,72,47,43,52,67,42,42,140,139,132,123,116,114,105,61,60,54,153,138,71,46,141,129,73,57,50,153,146,94,43,43,37,38,39,50,131,66,36,100,84,82,40,112,72,51,44,43,56,50,34,149,53,48,32,45,47,139,55,128,126,78,32,35,55,124,108,106,40,34,29,34,49,150,125,119,59,27,40,83,55,27,26,48,123,48,100,74,25,24,60,47,38,112,109,39,26,42,35,44,63,21,22,89,53,45,35,19,100,23,123,119,118,73,44,20,32,81,75,20,116,89,54,49,30,34,28,151,26,13,44,42,12,127,34,99,82,34,12,27,125,74,31,26,98,90,68,39,8,9,40,91,146,64,36,142,99,147,85,70,44,22,18,132,78,50,33,74,31,5,132,27,23,129,73,0,16,37,114,112,24,132,128,25,139,84,71,28,70,33,133,34,139,130
178,177,169,109,104,101,96,101,174,127,113,100,95,181,117,96,93,109,90,92,89,179,158,123,112,89,138,118,91,172,86,87,127,114,97,177,158,93,84,164,95,95,83,171,106,97,120,98,92,164,100,95,83,79,100,82,78,182,178,178,77,147,135,122,106,88,140,121,107,80,179,109,103,92,74,77,165,76,75,75,140,80,72,73,179,171,138,131,89,88,71,69,162,117,88,78,71,85,121,95,67,69,157,107,110,86,75,64,142,103,85,175,88,86,83,62,163,139,121,66,64,62,150,114,91,76,66,62,132,126,96,79,58,61,62,160,141,92,90,60,66,174,165,159,144,105,79,54,114,88,149,81,76,72,152,62,161,146,85,164,156,130,124,91,65,151,89,51,51,52,116,47,51,112,46,138,125,77,52,48,47,45,173,167,75,155,62,51,45,172,141,115,112,85,55,42,45,80,49,42,155,154,148,138,131,129,120,74,73,45,169,153,85,56,157,144,87,69,61,168,161,109,53,52,40,38,37,41,146,80,38,115,98,97,35,128,86,64,56,55,69,63,34,165,66,38,38,35,36,155,42,144,142,93,29,29,42,140,123,121,53,46,37,28,37,166,141,135,74,34,30,98,70,35,29,35,138,35,116,89,34,29,75,61,27,128,125,53,36,30,24,31,79,22,22,105,68,60,49,23,115,35,139,135,134,89,59,18,20,96,90,16,132,105,70,65,45,21,42,167,40,19,59,57,18,143,19,114,98,50,13,13,141,89,47,12,114,106,84,55,16,14,24,107,162,80,51,158,115,163,101,86,60,38,4,148,94,66,49,90,47,11,148,43,7,145,89,16,0,21,130,128,8,148,144,41,155,100,87,44,86,49,149,49,155,146
196,195,187,120,114,109,98,97,192,142,125,110,101,199,132,105,92,122,91,100,93,198,176,139,126,93,155,133,87,191,90,87,143,129,108,196,176,104,87,183,107,107,82,190,120,110,137,111,104,183,114,108,92,84,114,91,81,201,198,197,78,165,153,139,122,101,158,138,123,90,198,125,118,106,77,74,184,85,83,82,158,92,70,70,198,191,157,149,104,102,79,73,181,134,103,90,68,99,140,112,72,66,176,124,128,102,88,66,161,121,100,195,104,101,98,67,182,158,139,77,72,62,170,132,107,90,78,59,152,145,114,94,60,58,58,179,160,109,107,57,79,194,185,179,163,123,95,56,133,105,169,98,93,88,172,76,181,166,103,184,176,149,144,110,80,171,107,61,48,48,135,54,47,131,53,158,145,94,66,59,57,52,193,187,93,175,78,64,44,193,162,135,132,104,71,50,42,99,63,50,176,175,168,158,151,149,140,92,91,40,189,173,104,72,177,164,106,88,79,189,182,128,70,69,52,47,45,37,167,99,50,136,118,116,39,148,106,82,73,72,88,82,45,186,85,32,53,31,31,176,31,165,163,113,38,34,31,160,144,142,72,64,53,33,28,187,161,155,94,49,28,119,90,52,42,26,159,25,136,110,51,44,95,81,24,149,146,72,55,22,23,21,99,37,35,125,88,80,69,39,136,54,160,156,155,109,80,32,20,117,111,30,153,126,90,85,65,17,63,187,60,37,80,78,37,164,12,135,118,71,32,16,162,110,68,16,135,127,105,75,36,34,8,128,183,101,72,179,136,184,122,107,81,59,19,169,115,87,70,111,68,32,169,64,14,166,110,37,21,0,151,149,13,169,165,62,176,121,108,65,107,70,170,70,176,167
99,99,97,125,132,139,161,188,97,106,117,132,145,97,109,137,171,114,164,139,152,93,89,99,108,149,91,101,180,89,152,165,93,102,120,89,85,124,154,85,118,117,167,85,103,112,90,110,117,81,106,111,130,146,104,131,153,85,84,84,158,77,79,85,95,115,77,84,93,127,82,90,95,106,148,168,76,131,133,136,72,115,162,167,78,75,71,73,101,103,133,144,71,77,101,115,166,103,73,91,138,163,67,80,76,97,112,152,64,80,97,72,92,95,98,141,65,62,67,121,128,153,62,69,87,104,117,162,60,62,79,97,147,160,163,61,58,82,83,161,111,66,62,59,55,68,91,146,61,81,54,86,91,96,54,108,56,51,80,56,53,51,52,73,101,51,74,124,156,157,54,133,157,55,134,46,48,82,113,122,125,133,58,55,82,48,97,112,150,57,43,49,50,71,103,131,151,74,111,130,46,45,43,41,41,42,44,79,80,156,52,44,68,98,45,40,65,82,91,51,47,47,100,100,120,128,131,153,39,70,123,41,52,54,139,36,62,84,93,94,77,83,125,46,79,154,113,150,152,38,163,32,31,52,130,136,164,30,31,31,90,98,110,137,157,44,29,28,67,114,147,44,70,109,121,156,27,157,30,51,109,117,64,77,146,23,24,85,104,152,144,155,58,122,124,34,68,76,87,119,25,102,20,18,18,47,75,125,142,39,44,127,16,31,64,69,89,145,91,39,93,117,73,75,117,18,146,19,35,82,121,139,15,42,85,138,18,26,47,77,116,118,153,24,33,50,79,29,16,33,29,44,70,92,132,18,36,64,81,40,83,119,18,87,137,15,41,114,130,151,0,2,138,18,14,89,25,30,43,86,44,81,20,81,26,17
99,99,98,124,130,137,160,186,98,105,116,131,144,97,108,136,170,112,163,138,151,93,89,98,107,148,90,100,178,89,151,163,92,100,119,89,85,122,152,85,117,116,165,85,102,111,89,108,115,82,104,110,129,144,103,129,151,86,85,84,156,77,79,84,94,113,77,83,92,126,83,89,94,105,147,166,77,129,132,134,71,114,161,165,79,76,70,72,100,102,131,142,72,76,100,113,164,102,72,89,137,162,68,79,75,96,110,150,64,79,96,73,91,93,96,139,66,62,66,119,126,151,62,68,86,102,115,160,60,61,78,95,145,158,161,62,58,81,82,159,109,67,63,59,55,67,90,144,60,79,54,85,89,94,54,107,57,52,78,57,54,51,52,71,99,51,72,122,154,155,53,131,156,54,132,46,47,80,111,120,123,131,60,56,81,49,95,110,148,58,44,48,49,69,102,129,149,72,109,128,47,46,43,41,41,41,44,78,79,154,54,45,66,97,46,41,63,80,89,52,48,46,98,99,118,126,129,151,40,68,121,40,51,52,137,35,60,82,91,92,75,81,123,47,77,152,111,148,150,39,161,33,32,50,129,134,162,30,30,31,88,96,108,135,155,46,30,28,65,112,145,43,69,107,119,154,27,155,29,49,107,115,62,75,144,23,24,83,102,150,142,153,56,120,122,32,66,74,85,117,24,100,21,19,19,45,73,123,140,37,43,125,16,29,62,67,87,143,89,40,91,115,71,73,115,19,144,18,33,80,120,137,16,40,83,136,17,24,45,75,114,116,151,22,35,49,77,31,14,35,27,42,68,90,130,20,34,62,79,38,81,117,20,85,135,17,39,112,128,149,2,0,136,20,16,87,27,28,41,84,42,79,22,79,28,19
185,185,176,114,109,105,97,100,181,134,118,104,98,189,123,100,93,115,91,96,91,187,165,129,118,91,145,124,90,179,88,87,133,120,102,185,165,98,86,172,100,100,83,179,112,102,127,103,97,172,106,101,87,82,106,86,79,190,186,185,78,155,143,129,112,93,147,128,113,84,187,116,109,98,76,76,173,80,79,78,147,85,71,72,187,179,146,138,96,94,74,71,170,124,94,83,70,91,129,102,69,68,165,114,118,93,80,65,149,110,91,183,95,92,89,64,171,147,128,71,67,62,158,121,97,81,71,61,140,134,103,85,59,60,61,167,149,99,97,59,71,182,173,167,151,112,85,55,122,95,157,88,83,79,160,67,169,154,92,171,164,137,132,99,71,159,96,55,50,50,124,50,49,120,49,145,133,84,58,52,51,48,181,175,82,163,68,56,44,180,149,123,120,93,62,45,44,88,55,45,163,162,156,146,139,137,128,81,80,43,177,161,92,62,165,152,94,77,68,176,169,116,60,59,45,41,40,39,154,87,43,123,106,104,36,136,94,71,63,62,77,71,38,173,74,35,44,33,34,163,38,152,150,101,32,30,38,148,131,129,60,53,43,29,33,174,149,143,82,40,29,106,78,42,34,31,146,31,124,97,41,35,83,69,25,136,133,61,44,26,22,27,87,28,26,113,76,68,57,29,123,42,147,143,142,97,67,23,18,104,98,21,140,113,78,73,52,17,50,175,48,26,67,65,26,151,14,122,106,58,20,11,149,98,55,10,122,114,92,63,24,22,17,115,170,88,59,166,123,171,109,94,68,46,8,156,102,74,57,98,55,19,156,51,2,153,97,24,8,13,138,136,0,156,152,49,163,108,95,52,94,57,157,57,163,154
98,98,98,138,145,153,177,204,97,116,129,146,160,94,120,152,187,126,180,154,168,90,92,109,120,165,98,112,196,88,168,181,102,113,134,86,87,138,169,85,132,131,183,83,115,126,100,123,131,81,119,125,146,162,117,146,169,81,80,80,174,81,86,94,108,129,83,93,105,143,77,102,108,120,165,184,75,147,149,152,77,131,179,184,73,72,76,80,115,118,149,161,70,88,116,130,183,118,82,104,155,180,67,92,88,112,127,168,68,93,112,66,106,110,113,158,63,67,77,137,144,170,63,80,101,119,133,179,67,70,93,112,164,177,180,59,62,96,98,178,127,59,58,56,58,81,107,163,72,95,55,102,107,112,53,125,52,53,95,52,51,58,61,87,118,50,88,141,173,174,65,150,175,66,151,50,56,98,130,139,142,151,50,48,98,45,113,129,167,48,46,60,62,86,120,149,169,90,128,147,42,42,42,45,48,49,55,96,97,173,44,41,84,116,40,41,81,98,108,42,40,60,117,118,138,145,148,171,38,86,140,53,67,69,156,44,78,101,110,111,94,100,142,37,96,171,130,168,170,32,181,32,32,68,148,154,182,32,41,42,107,116,128,155,175,33,31,33,84,131,165,60,88,127,139,174,30,175,44,67,127,135,81,94,164,33,35,103,121,170,162,173,75,140,142,50,86,93,105,137,39,120,21,24,24,64,93,143,160,56,62,145,24,47,82,87,107,163,109,23,111,135,91,93,135,14,165,36,52,100,140,157,13,60,103,156,35,43,65,95,134,136,171,42,16,68,97,12,34,16,47,62,88,110,150,5,54,82,99,58,101,137,3,105,155,4,59,132,148,169,18,20,156,0,4,107,7,48,61,104,62,99,4,99,9,5
99,99,99,136,143,150,174,201,98,114,127,144,158,96,119,149,184,124,177,151,165,92,92,108,118,162,97,110,193,89,165,178,101,111,132,88,88,136,167,86,130,129,180,84,113,124,99,121,128,82,117,122,143,159,115,143,166,83,82,82,171,81,85,93,106,127,82,92,103,140,79,100,106,118,162,181,76,144,146,149,77,128,176,180,75,73,76,79,113,115,146,157,71,86,113,128,180,116,81,102,152,177,68,90,86,109,125,165,68,91,109,68,104,107,110,154,64,67,75,134,141,167,63,79,99,117,130,175,66,69,91,110,161,174,177,60,62,94,95,175,124,62,59,57,58,79,104,160,71,93,55,99,104,109,54,122,54,53,92,53,52,57,60,85,114,51,86,138,170,171,63,147,171,65,147,50,55,95,126,136,139,147,52,50,95,46,110,126,164,51,46,58,60,83,117,145,165,87,125,144,43,43,43,45,47,48,53,93,93,170,47,42,81,112,42,41,78,95,104,45,42,58,113,114,134,142,145,167,39,83,137,51,64,66,153,43,75,97,107,108,90,97,139,39,93,168,127,165,167,34,177,32,32,64,145,150,178,32,39,40,104,112,124,151,171,36,31,32,81,128,161,57,84,123,135,170,29,171,41,64,123,131,77,91,160,31,33,99,118,166,158,169,72,136,138,47,82,90,101,133,37,116,21,22,23,60,89,139,156,53,58,141,22,44,78,83,104,159,105,27,107,131,87,89,131,14,161,33,49,96,136,154,12,56,99,152,32,40,61,91,130,132,167,38,20,65,93,16,30,20,44,58,84,106,146,7,50,78,95,54,97,133,6,101,151,3,55,128,144,165,14,16,152,4,0,103,11,44,57,100,58,95,6,95,12,4
147,147,139,100,99,100,107,122,144,107,99,96,98,149,100,96,110,95,105,94,98,147,128,102,95,96,112,98,113,140,96,103,103,95,88,144,127,87,95,133,86,85,102,138,88,85,96,84,83,132,84,83,83,88,84,82,91,148,144,143,93,116,106,96,86,79,110,95,85,79,144,86,83,78,86,98,131,78,79,80,108,73,93,96,143,137,107,100,74,73,76,81,128,89,73,71,94,71,92,74,76,91,123,81,83,69,67,82,108,78,68,139,69,67,66,75,127,106,90,66,68,82,116,84,69,63,63,87,99,94,71,62,76,86,88,124,107,68,67,86,59,137,129,123,108,75,59,73,82,63,113,59,57,56,115,54,124,110,60,126,119,95,90,63,52,114,61,57,78,79,82,61,79,78,61,101,90,52,50,54,55,60,134,129,51,117,46,48,71,134,104,80,77,56,45,57,72,52,46,56,117,116,110,101,94,93,84,48,47,75,130,115,54,42,118,106,55,44,42,129,123,73,40,40,47,52,54,71,108,49,48,79,64,62,59,90,53,39,37,37,41,38,48,126,39,70,39,67,69,116,78,105,103,57,50,54,79,101,85,83,31,31,35,55,72,127,102,96,41,37,63,61,38,34,41,71,99,72,77,52,32,37,40,31,61,89,86,26,28,66,58,68,42,39,40,66,33,27,22,36,76,24,99,95,94,50,26,40,56,57,52,42,92,66,32,28,18,58,17,126,16,31,23,21,31,103,59,74,57,15,35,52,101,49,13,50,74,66,44,17,29,31,65,67,121,40,13,117,74,122,60,46,20,8,44,107,53,26,10,49,8,30,107,4,48,104,48,25,41,62,89,87,49,107,103,0,114,59,46,3,45,8,108,9,114,105
100,100,101,144,152,159,184,211,99,121,135,153,167,96,126,158,194,132,187,161,175,92,95,115,126,172,103,118,203,90,175,188,108,119,141,88,90,145,177,88,139,138,191,85,122,133,106,130,138,84,125,132,153,169,124,153,176,82,81,81,181,85,91,100,114,136,87,99,112,150,78,108,115,127,172,192,77,154,156,159,81,138,186,191,74,73,81,85,122,125,156,168,72,94,122,137,190,125,88,111,162,188,70,98,94,118,134,176,73,99,119,67,113,116,120,165,65,72,83,144,152,177,66,86,108,126,140,186,72,75,100,119,172,185,188,61,66,103,105,185,134,60,59,58,62,87,114,170,79,102,58,109,114,119,56,132,54,57,102,53,53,64,67,94,125,53,95,148,181,182,71,157,182,73,158,55,62,105,137,146,149,158,49,48,106,47,121,136,174,48,50,66,69,93,128,156,176,97,136,155,44,44,46,50,53,54,61,103,104,180,44,44,91,123,42,45,88,106,115,42,41,67,124,125,145,153,156,178,42,93,148,60,74,76,164,50,85,108,117,118,101,108,150,37,103,179,138,176,177,34,188,36,37,75,156,161,189,37,47,49,115,123,135,162,182,32,35,39,91,139,172,67,95,134,146,181,35,182,50,74,134,142,88,102,171,39,41,110,129,177,169,180,83,147,149,57,93,101,112,144,47,127,27,30,30,71,100,150,167,63,69,152,31,54,89,94,115,170,116,20,118,142,98,100,142,19,172,43,60,107,147,165,19,67,110,164,43,50,72,102,142,144,178,49,12,76,104,9,41,11,55,69,95,117,157,10,61,89,106,65,108,144,9,112,162,11,66,139,155,176,25,27,163,7,11,114,0,55,68,111,69,106,6,106,3,9
112,111,107,111,116,121,141,165,109,100,105,116,126,111,100,119,149,101,142,120,132,108,97,93,97,129,91,93,156,102,131,142,89,92,104,104,94,107,132,97,102,101,144,99,91,97,85,95,100,94,92,95,111,124,90,110,130,104,101,101,134,84,81,80,84,97,81,79,83,107,100,81,83,90,125,143,91,110,112,114,77,96,138,142,98,93,76,74,85,86,111,121,86,72,84,95,141,86,70,77,115,138,81,71,69,80,91,127,72,69,80,92,76,78,80,116,83,70,65,98,105,128,74,64,72,84,94,136,65,63,66,78,122,134,137,78,68,67,68,135,88,88,81,77,67,59,72,120,57,64,69,68,71,75,70,85,76,65,62,77,72,57,55,58,79,67,58,99,129,130,51,107,130,50,107,57,52,62,88,96,99,107,82,78,62,68,73,87,122,81,58,47,46,53,79,105,124,55,86,103,67,66,61,54,51,50,46,58,59,128,77,64,50,74,67,57,47,59,67,76,70,41,74,75,93,101,103,125,58,49,96,40,40,40,111,44,43,60,68,69,54,59,97,72,55,125,85,122,124,62,134,53,51,35,102,108,135,49,38,37,64,72,82,109,128,71,49,45,44,86,118,30,46,82,93,128,46,128,31,31,81,89,40,51,117,37,35,58,76,123,115,126,34,93,95,23,42,49,60,90,26,73,43,40,39,25,48,96,113,21,23,98,36,19,37,42,61,116,63,68,64,88,45,47,87,46,117,20,14,53,92,110,43,17,56,109,18,13,20,48,87,89,124,13,63,22,50,59,17,64,8,16,41,63,102,49,9,35,51,12,53,89,48,57,107,45,12,84,100,121,30,28,108,48,44,59,55,0,13,56,14,51,49,51,55,46
118,118,113,106,110,115,132,155,115,99,101,109,118,118,97,112,139,97,133,112,123,115,102,92,94,120,93,91,146,109,122,132,89,90,98,112,100,100,122,103,96,95,133,106,87,92,84,90,93,101,87,90,102,115,86,102,120,112,110,109,124,89,84,80,81,90,85,79,80,99,109,78,80,84,115,132,98,101,103,105,81,88,127,131,107,101,80,77,79,80,101,111,94,72,78,87,130,79,72,72,105,127,89,69,68,74,83,116,78,67,73,101,70,72,73,106,91,75,67,89,95,117,82,65,67,76,85,124,70,67,63,71,111,123,125,87,74,63,63,123,79,98,91,86,74,58,65,109,59,59,77,61,64,67,78,76,85,74,57,87,81,62,59,54,70,76,53,88,117,118,54,96,119,52,96,65,57,55,77,85,88,96,93,88,55,78,64,76,110,92,66,50,49,48,69,93,112,48,75,92,77,76,70,63,58,57,51,51,51,116,88,75,45,64,77,67,43,51,57,87,81,44,64,65,82,89,92,113,68,43,84,45,39,39,99,52,39,50,57,58,45,50,85,83,46,113,74,110,112,73,122,63,62,33,90,96,123,59,46,45,53,60,71,96,116,83,60,55,36,74,106,31,37,70,81,115,57,116,38,28,69,76,31,40,105,47,44,47,64,110,102,113,26,81,83,28,32,38,48,77,35,61,55,51,51,21,37,84,100,22,20,85,48,25,27,31,49,103,50,81,52,75,33,35,75,58,104,30,17,40,79,97,56,13,43,96,30,22,12,35,74,76,111,23,76,12,37,72,29,76,16,8,28,50,89,61,10,22,39,7,40,76,61,44,94,58,4,71,87,108,43,41,95,61,57,46,68,13,0,43,1,38,62,38,68,59
146,145,138,100,100,101,109,125,142,107,100,97,100,148,100,97,112,96,107,95,100,145,127,101,95,98,111,98,115,138,98,105,102,95,89,142,126,88,98,131,87,86,104,137,88,85,96,85,84,130,85,83,85,90,84,84,94,146,142,141,96,115,105,95,85,80,108,94,85,81,142,86,83,79,89,101,129,80,81,82,107,74,95,98,141,135,105,99,74,74,78,83,126,88,73,72,97,71,91,74,78,94,121,80,82,69,68,85,107,77,68,137,69,68,67,77,125,104,88,67,70,85,114,83,68,64,65,90,97,92,70,63,79,88,91,121,105,67,66,88,61,135,127,121,106,74,59,76,81,63,111,59,57,56,113,56,122,108,60,124,117,93,88,62,53,112,61,59,81,82,80,64,82,77,63,99,88,52,52,56,57,63,132,126,51,115,47,50,74,131,102,78,76,55,47,60,75,51,48,58,115,114,107,98,92,90,82,48,47,78,127,113,53,43,116,104,54,44,42,127,120,71,41,42,50,55,57,74,106,48,51,77,62,60,62,88,52,39,38,38,41,38,50,123,39,73,41,70,72,113,81,102,101,55,53,57,82,98,82,81,32,33,38,58,75,124,99,93,40,39,66,59,37,36,44,74,96,75,74,50,34,40,38,30,64,86,83,26,30,69,61,72,40,42,43,63,31,26,23,39,73,26,96,92,91,48,25,43,59,55,49,45,89,63,31,27,19,61,18,123,18,34,21,20,34,100,62,71,55,15,38,55,98,47,13,54,71,63,42,16,32,34,68,64,118,37,12,114,72,119,58,43,18,10,47,104,50,23,9,46,7,34,104,5,51,101,45,28,44,65,86,84,52,104,100,3,111,56,43,0,42,5,105,5,111,102
120,119,114,107,111,115,132,155,117,100,102,110,119,120,98,113,139,98,133,113,123,116,103,93,95,120,94,92,146,111,122,132,90,91,98,113,101,100,122,104,96,95,133,108,88,92,85,90,94,102,88,90,103,115,86,102,120,114,111,110,124,90,85,81,82,91,86,81,81,99,110,79,80,85,115,132,100,101,103,105,83,89,127,131,108,103,81,78,79,81,101,110,95,74,79,87,130,80,73,73,105,127,90,70,69,74,83,116,79,68,74,103,71,72,74,106,93,77,68,89,95,116,83,66,67,76,85,124,71,68,64,71,111,122,125,88,75,64,64,123,80,99,92,87,75,59,66,108,60,60,79,62,64,67,80,76,87,75,58,88,82,64,61,55,70,78,54,88,117,118,56,95,118,53,96,67,59,55,77,85,88,95,95,90,55,79,64,76,110,94,68,51,50,49,69,93,111,49,75,91,78,77,72,64,60,58,52,51,51,115,90,76,45,64,79,68,44,51,57,89,82,45,64,65,82,89,91,112,69,44,84,47,40,40,98,54,40,50,57,58,45,50,85,85,46,112,73,109,111,75,121,65,63,34,90,95,122,61,47,46,53,60,70,96,115,84,61,56,36,73,105,32,37,69,80,114,58,115,40,29,68,76,32,40,104,48,46,47,63,109,101,112,27,80,82,29,32,38,48,77,36,61,56,53,52,22,36,83,99,23,21,85,49,27,27,30,48,102,50,82,51,74,33,34,74,59,103,32,19,40,78,96,57,14,42,95,31,24,13,35,73,75,110,24,77,13,37,73,31,78,17,9,28,49,88,63,11,22,38,8,40,75,62,43,93,59,6,70,86,107,44,42,94,62,58,45,69,14,1,42,0,37,63,37,69,60
143,142,135,101,101,103,112,129,139,106,100,99,102,144,100,99,116,96,110,97,103,142,124,100,95,101,109,97,119,135,101,108,101,94,90,139,123,89,101,128,88,87,108,133,88,86,94,85,85,127,85,84,87,93,84,86,97,142,139,138,99,112,103,93,85,81,106,92,84,83,139,85,82,79,92,105,126,83,84,85,104,76,99,103,138,131,103,97,74,74,81,87,122,86,73,74,101,72,89,74,81,98,117,79,80,70,70,89,103,76,68,133,68,68,67,81,121,101,86,70,73,89,110,81,68,65,67,94,94,89,69,63,83,93,95,118,101,66,65,93,63,131,123,117,103,72,60,80,78,62,107,58,57,57,109,58,118,104,59,120,113,89,85,61,54,108,59,62,85,86,77,67,86,74,67,95,84,52,55,59,61,67,128,122,50,111,48,53,78,127,98,75,72,53,49,64,79,50,51,62,111,110,103,94,88,87,78,47,47,82,123,108,51,45,112,100,52,44,43,122,116,68,43,44,53,59,61,79,102,47,55,73,59,57,66,84,49,39,39,39,40,38,54,119,38,78,45,75,77,109,86,98,96,52,57,62,87,94,78,76,33,35,41,62,80,119,95,89,38,43,71,55,35,40,48,79,92,80,70,47,38,44,36,29,69,82,79,27,34,74,66,77,37,46,48,59,29,25,24,43,69,30,92,88,87,44,23,48,64,51,45,50,84,59,28,24,21,66,21,118,21,39,19,18,39,95,67,67,50,15,43,60,93,42,14,59,66,58,37,14,37,39,73,59,114,33,11,109,67,114,53,38,14,14,52,99,46,19,8,42,7,39,99,8,56,96,40,33,49,70,81,79,57,99,95,8,106,51,38,5,37,0,100,1,106,97
102,102,102,141,149,156,180,207,101,120,133,149,163,98,124,155,190,130,183,157,171,94,96,113,123,168,102,116,199,92,171,184,106,117,137,90,91,141,172,89,135,135,186,87,119,130,104,127,134,85,122,128,149,165,121,149,172,85,84,84,177,85,90,98,111,132,87,97,109,146,81,106,112,123,167,187,79,150,152,155,81,134,182,186,77,75,80,84,119,121,152,163,74,92,119,133,185,121,86,108,157,183,71,96,92,115,130,171,72,96,115,70,110,113,116,160,67,71,81,140,147,173,67,84,104,122,136,181,71,74,96,115,167,180,183,63,66,99,101,180,130,63,61,60,62,84,110,165,76,99,59,105,110,115,57,127,56,57,98,55,55,62,65,91,120,54,92,144,176,176,68,153,177,70,153,54,60,101,132,142,144,153,53,51,101,49,116,131,169,51,50,64,66,89,123,151,171,93,131,150,46,46,47,49,52,53,58,98,99,175,47,45,87,118,44,45,84,101,110,46,44,64,119,120,140,147,150,172,43,89,142,57,70,72,158,48,81,103,112,113,96,103,144,40,99,173,132,170,172,36,183,36,36,70,150,156,183,36,45,46,109,118,130,157,176,36,35,37,87,133,166,63,90,129,141,176,34,177,47,70,129,136,83,96,166,36,38,105,123,171,163,174,77,141,143,52,88,95,107,138,42,121,25,27,28,66,95,145,162,58,64,147,28,50,84,89,109,164,111,25,113,136,93,95,136,18,166,38,54,101,141,159,17,62,104,158,38,45,66,96,136,138,173,44,18,70,99,14,36,17,49,64,90,111,151,9,56,83,100,60,102,138,7,106,156,7,60,133,149,170,20,22,157,4,6,108,6,49,62,105,63,100,0,100,6,3
144,143,136,102,102,104,113,130,140,107,101,100,103,145,101,100,117,97,111,98,104,142,125,101,96,102,110,98,120,136,102,109,102,95,91,140,124,90,102,129,89,88,109,134,89,87,95,86,86,127,86,85,88,94,85,87,98,143,139,139,100,112,103,94,86,82,106,93,85,84,139,86,83,80,93,106,127,83,85,86,105,77,100,103,138,131,103,97,75,75,82,87,123,87,74,75,102,73,89,75,82,99,118,80,81,71,71,90,104,76,69,134,69,69,68,82,122,101,87,71,74,89,111,82,69,66,68,95,95,90,70,64,84,93,96,118,102,67,66,93,64,131,123,117,103,73,61,81,79,63,108,59,58,58,110,59,118,104,59,120,113,90,85,62,55,108,60,63,86,87,78,68,87,74,68,96,85,53,56,60,62,67,128,123,51,111,49,54,79,127,98,75,73,54,50,64,80,51,52,63,111,110,104,95,89,87,79,48,48,83,123,109,52,46,112,100,53,45,44,123,116,68,44,45,54,59,62,80,102,47,55,73,59,58,67,84,50,40,40,40,41,39,55,119,39,79,46,76,77,109,87,98,97,52,58,63,87,94,79,77,34,36,42,63,81,120,95,89,39,44,71,56,36,41,49,80,92,80,71,48,39,45,36,30,69,82,79,28,34,74,67,77,37,47,49,60,30,26,25,44,69,31,92,88,87,44,24,49,64,51,46,50,85,59,28,25,22,66,22,119,22,40,20,19,39,96,67,67,51,16,43,60,93,43,15,59,66,59,38,15,38,40,73,59,114,33,12,110,67,114,53,38,15,15,52,99,46,19,9,42,8,39,99,9,56,96,40,34,49,70,81,79,57,99,95,9,106,51,38,5,37,1,100,0,106,97
103,103,104,146,154,161,185,213,102,124,137,155,169,99,129,160,196,134,189,162,176,95,98,117,128,173,106,120,205,93,176,189,110,121,143,91,93,147,178,91,141,140,192,88,124,135,109,132,139,87,127,133,154,170,126,154,178,85,84,84,182,88,93,102,116,138,90,102,114,151,81,110,117,129,173,193,80,155,158,160,84,139,188,192,77,76,84,88,124,126,158,169,75,96,124,139,191,127,90,113,163,189,73,100,96,120,136,177,75,101,120,70,115,118,121,166,68,74,85,146,153,178,69,89,110,128,141,187,74,78,102,121,173,186,189,64,69,105,106,186,136,63,62,61,65,89,115,171,81,104,61,110,115,120,59,133,57,60,103,56,56,66,69,96,126,56,97,149,182,182,73,158,183,75,159,58,64,107,138,147,150,159,52,51,107,50,122,137,175,50,53,69,71,95,129,157,177,98,137,156,47,47,49,52,56,57,63,104,105,181,47,47,92,124,45,48,89,107,116,45,44,69,125,126,146,153,156,179,45,94,148,62,76,77,164,52,86,109,118,119,102,109,150,40,105,179,138,176,178,37,189,39,39,76,156,162,189,39,49,51,115,124,136,163,182,35,38,41,92,139,172,68,96,135,147,182,37,183,52,76,135,142,89,102,172,41,43,111,129,177,169,180,83,147,149,58,94,101,113,144,48,127,29,32,33,72,101,151,168,64,70,153,33,56,90,95,115,170,117,23,119,142,99,101,142,22,172,44,60,107,147,165,21,68,110,164,44,51,73,102,142,144,179,50,15,76,105,12,42,14,55,70,96,118,157,12,62,90,106,66,108,144,11,112,162,12,66,139,155,176,26,28,163,9,12,114,3,55,68,111,69,106,6,106,0,9
103,103,103,140,147,154,178,205,102,119,131,148,162,100,123,153,188,128,181,155,169,96,96,112,122,166,102,115,197,93,169,182,106,116,136,92,92,140,170,90,134,133,184,88,118,128,103,125,133,86,121,127,147,163,120,147,170,86,85,85,175,85,90,97,110,131,87,97,108,144,83,104,110,122,165,185,80,148,150,153,81,132,179,184,78,77,80,84,117,119,150,161,75,91,117,131,183,120,85,106,155,180,72,94,90,113,128,169,73,95,113,71,108,111,114,158,68,71,80,138,145,170,67,83,103,120,133,179,70,73,95,113,164,177,180,64,66,98,99,178,128,65,63,61,62,83,108,163,75,97,59,103,108,113,58,125,57,58,96,57,56,62,64,89,118,55,90,141,173,174,67,150,175,69,151,54,60,99,130,139,142,150,55,53,99,50,114,129,167,53,50,63,65,87,120,148,168,91,128,147,47,47,47,49,51,52,57,96,97,173,49,46,85,116,45,46,82,99,108,48,45,62,117,118,137,145,148,170,43,86,140,55,68,70,156,47,79,101,110,111,94,100,142,42,96,171,130,167,169,37,180,36,37,68,147,153,181,36,44,45,107,115,127,154,174,38,35,37,84,131,164,61,87,126,138,173,34,174,45,68,126,134,81,94,163,35,37,102,121,169,160,171,75,139,141,50,85,93,104,136,41,119,25,27,27,64,92,142,159,56,61,144,27,47,81,86,106,162,108,28,110,134,90,92,133,18,163,36,52,98,138,156,17,59,101,155,35,43,64,93,133,135,170,41,21,67,96,17,33,20,46,61,87,109,148,10,53,81,98,57,99,135,8,103,153,7,57,130,146,167,17,19,154,5,4,105,9,46,59,102,60,97,3,97,9,0
