0,5,53,77,172,90,143,47,114,142,99,145,8,164,7,64,90,33,39,78,120,131,164,17,28,44,64,83,28,103,56,61,179,30,112,175,80,21,76,97,105,156,21,60,24,24,110,125,155,73,131,28,24,30,39,62,67,72,27,96,126,73,134,27,26,28,44,77,78,166,27,97,133,182,147,166,182,57,31,154,106,103,35,35,137,171,176,136,57,141,102,180,109,156,176,73,131,154,57,62,89,138,164,185,78,85,87,173,50,52,187,91,153,50,50,50,141,51,56,81,132,163,183,55,56,64,72,109,82,58,58,133,183,185,66,74,100,123,142,61,128,183,63,62,75,115,96,145,65,66,68,75,111,144,67,66,124,166,69,100,133,73,73,187,84,98,182,74,193,76,171,77,135,103,118,173,180,188,79,78,79,129,80,84,87,144,158,82,97,142,90,160,83,83,90,120,127,132,92,86,89,93,129,200,88,165,122,199,91,92,93,100,108,117,146,150,189,202,95,108,129,154,108,196,139,181,134,141,144,97,120,129,161,179,157,174,176,112,102,102,106,105,151,182
5,0,48,72,167,85,138,42,109,137,94,140,5,159,6,59,85,28,34,73,115,126,159,13,23,39,59,78,24,98,51,57,174,25,107,170,75,18,71,92,100,151,23,55,28,27,105,120,150,68,126,25,25,27,35,58,62,67,25,91,121,69,129,29,27,26,40,73,74,161,27,92,128,177,142,161,177,53,30,149,101,98,34,34,132,166,171,131,54,136,97,175,104,151,171,69,126,149,54,59,84,133,159,180,74,81,83,168,52,50,182,87,148,51,50,50,136,51,54,77,127,158,178,55,57,62,69,104,79,58,58,128,178,180,64,72,96,118,138,62,124,179,64,63,72,111,92,141,64,66,67,73,107,139,68,67,120,162,69,96,129,72,73,183,81,94,178,74,188,77,167,76,131,100,114,169,176,183,79,79,78,125,81,82,85,140,153,81,95,138,88,155,84,83,88,117,123,128,90,86,88,91,125,195,87,160,118,195,91,91,92,98,105,114,142,146,184,198,94,106,126,150,106,192,136,177,130,137,141,98,117,126,157,175,153,170,171,110,101,102,105,104,147,178
53,48,0,24,119,37,90,6,61,89,46,92,47,111,50,13,37,22,17,26,67,78,111,39,27,13,13,31,28,50,13,15,127,30,60,122,30,44,28,46,53,104,64,19,70,69,59,73,103,27,79,42,62,40,31,24,25,27,48,47,75,30,83,65,60,50,31,33,33,114,57,48,82,130,95,114,130,29,54,102,57,55,53,55,86,119,124,86,39,91,57,128,63,105,125,43,82,104,47,45,50,90,114,134,48,50,51,122,83,58,137,55,104,78,70,69,93,74,60,53,86,114,133,74,81,60,56,69,57,77,75,89,134,136,65,61,66,81,97,86,86,135,88,84,63,76,66,100,75,90,73,67,75,99,92,88,84,120,78,72,92,79,82,140,74,74,135,87,145,99,126,88,96,79,85,128,134,141,100,97,88,93,102,85,82,104,115,91,81,103,83,117,102,97,85,90,93,96,85,106,89,86,96,154,96,123,94,153,98,96,95,90,90,93,109,112,144,157,99,93,100,116,94,152,107,139,104,108,111,114,98,102,123,138,121,134,135,100,109,114,107,111,118,142
77,72,24,0,95,13,66,30,37,65,22,68,71,87,74,14,14,46,40,7,44,54,87,63,51,35,16,10,51,27,26,21,103,53,37,98,16,67,18,25,32,80,87,28,93,92,37,50,80,22,56,64,85,61,51,30,27,25,69,29,53,26,60,88,82,72,49,26,26,91,79,31,59,106,73,91,107,40,75,80,39,38,73,75,65,97,102,65,51,70,43,106,48,84,103,45,63,83,59,55,44,70,92,112,49,47,47,101,104,75,115,49,84,98,88,87,74,92,75,54,68,93,111,91,100,72,64,58,60,95,92,72,113,114,77,68,60,67,79,104,71,114,107,101,71,65,63,83,91,108,86,76,66,83,110,105,72,101,93,70,79,92,96,120,81,74,116,101,125,116,107,102,84,77,78,110,115,122,117,113,102,82,118,96,90,91,99,104,84,90,91,102,117,111,93,84,85,87,93,122,98,94,87,134,108,108,89,135,109,107,105,96,92,90,98,100,127,138,110,96,94,104,97,134,98,122,97,99,101,128,97,97,110,122,109,119,120,103,120,127,116,121,109,126
172,167,119,95,0,82,29,125,58,30,73,27,166,9,169,108,82,140,134,94,52,42,11,157,145,129,109,89,145,71,119,113,15,147,63,14,95,161,100,79,71,25,181,117,187,186,67,53,27,104,48,157,178,154,142,116,111,107,162,83,54,106,47,181,175,164,138,102,101,27,171,83,50,28,40,29,29,126,167,37,77,81,163,166,53,35,36,55,134,52,87,40,82,47,41,120,64,49,142,135,105,60,46,45,120,111,110,47,193,159,49,107,56,186,175,173,64,179,158,122,73,56,53,177,187,151,138,97,127,180,176,79,59,59,156,141,110,88,74,189,85,61,192,186,144,97,118,75,171,192,165,149,105,78,195,189,95,70,172,123,92,169,174,72,150,130,73,180,74,198,77,180,97,129,113,79,78,77,198,193,178,104,199,168,159,95,88,180,143,98,157,89,196,188,160,119,113,109,158,202,167,160,113,85,181,94,126,89,181,177,175,156,144,132,107,104,90,92,180,149,124,105,151,94,118,97,124,118,115,203,141,130,107,100,111,103,103,157,189,199,181,188,122,107
90,85,37,13,82,0,53,43,24,52,9,55,84,74,87,26,5,58,52,13,31,41,74,75,63,48,28,10,64,16,38,32,90,65,25,85,19,80,23,18,21,67,100,38,106,105,26,38,67,28,44,76,98,73,62,39,35,31,81,23,41,32,48,100,94,84,60,30,30,78,91,26,48,94,60,79,94,50,87,68,32,32,84,87,54,84,89,55,60,59,38,94,41,72,90,51,53,72,68,63,45,59,80,100,54,50,49,89,115,84,102,50,73,109,99,97,65,103,84,58,60,82,100,102,111,80,70,55,64,105,102,65,101,103,86,75,60,61,71,114,64,102,117,111,78,61,65,74,99,118,95,82,64,74,120,115,67,91,101,72,73,100,104,109,87,76,105,110,114,125,98,110,78,79,76,100,105,111,126,122,110,78,128,103,96,85,91,112,88,84,96,94,126,120,99,82,82,83,98,131,104,99,84,124,115,100,88,124,116,113,112,100,94,90,92,94,117,128,117,98,92,98,100,124,95,114,95,96,97,136,98,96,103,114,103,111,112,106,127,135,122,127,105,119
143,138,90,66,29,53,0,96,29,1,44,4,137,21,140,79,53,111,105,65,24,13,22,128,116,100,80,60,116,42,90,84,38,118,35,34,67,132,71,51,43,21,152,88,158,157,40,28,22,76,24,128,150,125,113,88,83,78,133,55,30,78,26,152,146,135,110,74,73,33,142,56,29,45,27,34,46,98,138,30,52,55,135,137,36,42,45,38,107,38,62,50,58,41,49,93,45,42,114,108,79,45,46,57,93,85,84,51,165,132,60,82,48,158,147,145,50,151,131,96,56,53,61,149,159,124,112,74,101,152,148,63,65,66,129,115,86,69,61,162,67,67,165,158,118,76,94,63,144,165,139,123,83,66,167,162,77,67,145,100,75,142,147,77,125,106,76,153,81,171,75,154,81,106,93,77,79,81,171,167,152,87,173,143,134,82,79,154,120,84,133,81,170,162,136,99,95,92,134,175,142,135,96,92,156,87,107,95,156,152,150,133,122,112,93,92,92,98,155,127,106,94,129,97,103,95,107,103,101,177,121,112,97,97,100,98,98,135,165,174,157,164,108,103
47,42,6,30,125,43,96,0,67,95,52,98,41,117,44,17,43,16,10,31,73,84,117,33,21,7,17,36,21,56,13,17,132,24,65,128,34,38,31,51,58,109,58,20,64,63,64,78,109,30,84,36,56,34,26,24,26,30,41,51,80,32,88,59,54,44,26,35,36,119,51,52,87,135,100,120,136,27,48,108,61,59,47,49,91,124,130,91,36,96,60,134,67,110,130,42,87,109,43,42,52,94,119,139,47,51,52,127,77,53,142,56,109,72,64,63,98,68,55,52,89,119,138,68,76,56,54,71,56,72,69,92,138,140,61,58,67,83,100,80,89,139,83,78,60,78,66,104,71,84,69,64,76,103,86,82,86,123,74,72,95,74,77,144,71,73,139,82,149,93,130,83,98,78,86,131,138,145,95,92,84,94,96,81,79,107,118,87,79,106,81,120,97,92,82,90,95,98,82,101,85,84,97,158,92,126,94,157,94,92,91,88,89,92,111,114,148,161,96,91,101,119,92,155,108,142,105,109,112,109,98,102,125,141,123,136,138,98,105,110,104,107,119,144
114,109,61,37,58,24,29,67,0,28,15,31,108,50,111,50,24,82,76,36,8,18,50,99,87,71,51,32,87,15,61,55,66,89,12,61,39,103,43,25,19,44,123,59,129,128,19,20,44,48,24,99,121,96,85,60,55,51,104,30,24,51,29,123,117,107,82,48,47,55,114,33,30,71,40,56,71,70,110,46,32,34,107,109,38,62,67,39,80,42,42,72,41,53,69,67,41,53,88,82,56,45,61,78,69,62,61,69,137,105,81,60,56,130,120,118,51,124,104,72,50,65,80,122,132,98,87,58,78,125,122,57,82,83,104,91,67,58,60,135,59,83,138,131,94,62,74,63,119,138,113,99,67,65,140,135,66,75,120,80,68,117,122,92,102,86,89,128,96,145,83,128,74,87,79,85,90,94,145,141,127,77,147,119,111,78,81,130,99,79,110,83,145,137,113,85,83,82,112,150,120,113,85,107,132,90,92,108,132,129,127,112,103,96,88,88,102,112,132,108,94,91,110,109,94,101,96,95,94,153,105,99,96,103,97,101,102,117,142,151,136,142,102,108
142,137,89,65,30,52,1,95,28,0,43,4,136,22,139,78,52,110,104,64,23,12,23,127,115,99,79,59,115,41,89,83,39,117,33,34,66,131,70,50,42,21,151,87,157,156,38,26,22,74,23,127,148,124,112,87,82,77,132,54,28,77,25,151,145,134,109,73,72,33,141,55,28,45,26,34,46,97,137,29,50,53,134,136,34,41,45,37,105,36,61,50,57,40,49,91,44,41,113,107,77,43,45,57,92,84,82,51,164,130,60,80,47,157,146,144,49,150,130,94,54,52,61,148,158,123,110,73,100,151,147,61,65,66,128,114,85,68,59,160,66,67,163,157,117,75,93,62,143,164,137,122,82,65,166,160,75,66,144,98,74,141,146,77,123,105,75,152,80,170,74,152,80,105,92,76,78,80,170,165,151,85,171,141,132,81,78,153,118,83,131,80,169,161,134,98,93,90,132,174,141,134,94,92,154,86,105,94,155,150,149,132,120,111,92,91,91,98,154,126,105,93,127,97,101,94,106,102,100,176,119,111,96,96,99,97,97,134,163,173,156,163,107,102
99,94,46,22,73,9,44,52,15,43,0,46,93,65,96,35,9,67,61,21,21,32,65,84,72,56,36,16,72,8,46,40,81,74,16,76,24,88,29,15,15,58,108,45,114,113,18,29,57,34,34,84,106,81,70,45,41,36,89,21,32,37,39,108,102,92,67,34,33,69,99,24,39,84,51,69,84,56,95,58,27,28,92,94,45,75,80,46,66,50,35,84,37,63,81,54,45,63,74,68,46,51,71,90,57,51,50,80,122,90,93,50,64,116,106,104,57,110,90,61,53,74,90,108,117,85,74,52,66,111,108,59,92,94,90,78,59,57,64,120,59,93,123,117,81,58,65,67,105,124,100,86,62,68,126,121,63,82,106,72,67,104,109,100,90,77,97,115,106,131,90,115,73,79,74,92,97,103,132,128,114,74,133,107,99,79,85,117,89,79,99,87,131,124,102,80,79,79,101,137,108,102,81,115,120,93,86,116,120,117,115,102,94,89,87,89,109,120,120,99,89,92,101,116,91,106,92,92,92,140,97,94,97,107,98,105,106,107,130,139,125,131,100,112
145,140,92,68,27,55,4,98,31,4,46,0,139,19,142,81,55,113,107,67,25,14,19,130,118,102,82,62,118,44,91,85,35,119,35,31,68,134,72,52,44,17,154,89,160,159,40,27,18,77,23,129,151,126,115,89,84,79,134,56,29,79,25,154,148,137,111,75,74,29,144,57,27,42,24,31,42,99,139,27,52,55,136,138,34,38,42,36,108,35,62,47,57,37,45,93,43,39,115,109,79,42,42,53,93,86,84,48,166,133,57,82,45,159,148,146,48,152,132,96,54,50,57,150,160,124,112,74,101,153,149,61,62,63,130,115,86,68,58,162,65,64,165,159,118,75,94,61,145,166,139,123,82,63,168,162,75,63,146,99,73,143,148,74,125,106,72,154,77,171,72,154,79,105,92,74,75,77,172,167,152,85,173,143,134,80,77,155,119,82,132,78,170,162,135,98,93,90,134,176,142,135,94,89,156,84,105,91,156,152,150,133,121,111,91,90,89,95,155,127,105,92,128,94,101,91,106,101,99,177,119,111,95,94,98,95,95,134,165,174,157,164,106,100
8,5,47,71,166,84,137,41,108,136,93,139,0,158,3,58,84,26,32,72,114,125,158,9,21,37,57,77,21,96,49,55,173,22,105,168,73,13,69,90,98,150,20,53,25,24,103,118,149,66,124,20,21,23,32,55,60,65,20,89,120,66,128,25,22,21,37,70,71,159,22,90,126,175,140,160,176,49,25,147,98,96,29,29,130,164,169,129,50,134,94,173,102,148,169,65,124,147,50,54,81,131,157,178,70,77,79,165,48,45,180,84,146,47,45,45,134,46,49,73,124,156,176,50,52,57,65,101,74,53,53,125,176,177,59,67,92,115,135,57,121,176,59,58,67,107,88,138,59,62,62,68,103,136,63,62,116,159,64,92,125,67,67,180,76,90,175,69,185,72,164,71,128,96,110,165,173,180,75,74,73,121,76,77,80,136,150,76,90,135,83,152,79,78,83,112,119,124,85,82,83,86,121,192,82,157,114,191,85,86,86,93,101,109,138,142,181,195,89,101,122,146,101,188,132,173,126,133,137,93,112,121,153,171,149,166,168,105,96,97,99,99,143,174
164,159,111,87,9,74,21,117,50,22,65,19,158,0,161,100,74,132,126,86,44,33,2,149,137,121,101,81,137,62,110,104,17,138,54,13,87,152,91,70,62,16,173,108,179,178,58,44,18,95,38,148,170,145,133,108,103,98,153,73,44,97,38,172,166,155,130,93,92,21,162,74,40,27,30,23,28,117,158,28,68,71,155,157,44,30,32,46,125,43,78,37,73,39,37,110,54,41,133,126,95,51,39,42,110,102,100,42,184,150,46,97,48,177,166,164,55,170,149,112,64,49,49,168,177,142,129,87,117,170,167,70,55,55,147,132,100,79,65,180,76,57,183,176,135,88,109,67,162,183,156,140,95,70,185,180,86,63,163,113,83,159,164,68,141,120,68,171,70,188,71,170,88,119,104,73,72,72,189,184,169,95,190,159,149,87,80,171,134,89,148,82,187,179,151,110,103,100,149,192,158,150,104,82,172,87,117,85,172,167,165,147,134,123,98,96,85,88,170,140,115,97,141,89,109,91,115,110,107,193,132,121,99,94,103,96,96,148,180,190,172,179,113,100
7,6,50,74,169,87,140,44,111,139,96,142,3,161,0,61,87,29,35,75,117,128,161,12,24,40,60,80,24,99,51,57,176,24,108,171,76,14,72,93,101,152,17,56,22,21,106,121,152,69,127,21,19,24,34,58,62,67,20,92,122,69,130,22,20,21,39,73,74,162,21,92,129,178,143,162,178,51,25,150,101,98,28,29,132,167,172,132,51,137,97,175,104,151,172,67,126,150,51,56,83,134,160,181,72,79,81,168,46,45,183,86,148,45,44,44,136,45,49,75,127,158,178,49,51,58,66,103,76,52,52,128,178,180,60,68,94,117,137,56,123,179,57,56,68,109,89,140,59,60,61,69,105,138,62,61,118,161,63,93,127,67,67,182,77,91,177,68,188,70,166,70,130,97,112,168,175,182,73,72,73,123,74,77,81,138,152,75,91,136,84,154,78,77,83,114,121,125,85,80,83,86,123,195,82,159,115,194,85,86,86,93,102,111,140,144,183,197,88,101,123,148,102,191,133,175,127,135,138,91,113,122,155,173,151,168,170,106,95,96,99,99,144,176
64,59,13,14,108,26,79,17,50,78,35,81,58,100,61,0,26,32,26,14,56,67,100,49,37,21,2,19,37,38,12,8,115,39,48,110,17,53,16,33,41,92,73,15,79,78,46,61,91,16,67,50,71,47,36,18,17,17,55,34,63,20,71,74,68,58,34,22,22,102,65,36,69,118,83,102,118,27,61,90,45,43,59,61,74,107,112,74,38,79,45,116,51,93,113,36,70,92,47,43,40,77,101,122,41,42,42,110,89,61,124,45,92,84,74,73,81,78,62,46,73,102,121,77,86,59,53,58,51,81,78,76,121,123,65,58,56,69,85,90,74,122,93,87,60,65,58,88,77,94,74,64,64,87,96,91,73,107,80,64,81,79,83,127,71,67,123,88,133,102,113,89,85,71,75,115,122,128,103,100,89,82,105,84,79,93,103,92,76,92,80,105,104,98,82,80,83,86,82,109,87,83,86,141,96,111,85,141,97,95,94,86,84,85,98,101,132,144,98,87,91,105,89,139,97,127,95,98,100,115,91,93,111,126,110,122,123,95,108,115,105,110,108,130
90,85,37,14,82,5,53,43,24,52,9,55,84,74,87,26,0,58,52,12,30,41,74,75,63,47,27,7,63,13,37,31,89,64,22,84,16,79,20,13,18,66,99,35,105,104,23,36,66,25,42,75,97,72,60,36,32,28,80,18,38,28,46,99,93,82,58,26,26,77,89,21,45,92,58,77,93,47,85,66,27,27,83,85,51,82,87,51,57,56,33,92,37,69,88,47,50,69,65,60,40,56,78,98,50,45,44,86,113,82,100,45,70,107,97,95,61,101,82,54,55,79,97,99,108,77,67,50,60,102,99,60,98,100,82,71,55,57,67,112,60,100,115,109,74,56,60,70,96,115,92,79,59,70,117,112,63,87,98,67,68,96,101,106,83,72,102,107,111,122,94,107,73,74,71,96,102,108,123,119,106,73,125,99,92,80,87,109,83,80,92,89,123,116,95,77,77,78,94,128,100,95,79,121,112,96,83,121,113,109,108,96,89,85,88,89,113,124,113,94,87,93,95,120,90,110,90,91,92,132,93,91,99,110,98,107,108,102,123,131,118,123,100,114
33,28,22,46,140,58,111,16,82,110,67,113,26,132,29,32,58,0,6,46,88,99,132,17,5,11,31,51,5,70,23,29,147,9,79,142,47,22,43,64,72,123,42,28,48,47,77,92,123,40,98,21,40,20,16,31,35,39,26,63,94,41,102,43,38,29,19,45,46,133,35,64,100,149,114,134,149,28,33,121,73,71,33,35,104,138,143,103,33,109,70,147,77,123,143,45,98,121,37,39,58,106,131,153,50,56,57,140,62,43,155,62,121,58,51,50,109,54,45,54,100,130,150,56,62,49,51,78,57,59,57,101,150,152,53,54,72,92,111,67,97,151,69,65,56,85,69,114,60,71,59,58,82,112,73,70,94,134,64,74,103,65,67,155,67,74,150,71,161,80,140,73,106,79,90,142,149,156,82,80,74,100,84,73,73,114,127,77,77,113,75,129,85,81,76,94,99,103,77,89,78,78,102,168,82,134,97,167,85,84,84,84,88,93,117,121,158,171,87,89,104,125,90,165,112,150,108,114,117,98,98,104,132,149,129,144,146,95,96,100,96,98,124,152
39,34,17,40,134,52,105,10,76,104,61,107,32,126,35,26,52,6,0,40,82,93,126,23,11,5,25,45,11,64,17,23,141,14,73,136,41,28,38,58,66,118,48,22,54,53,71,86,117,35,92,26,46,24,17,26,30,34,31,58,88,36,96,49,43,34,19,40,41,127,40,59,94,143,108,128,144,25,38,115,67,65,37,39,98,132,137,98,31,103,64,141,72,117,137,41,93,116,37,37,54,100,126,147,47,52,53,134,67,45,149,57,115,62,55,54,103,58,47,51,94,125,145,59,66,49,50,74,54,62,60,96,145,147,54,53,68,87,105,70,92,145,73,69,55,81,66,109,62,75,61,58,78,107,77,73,89,129,66,71,98,67,69,150,66,71,145,73,155,84,134,75,101,77,87,136,143,150,86,83,76,96,87,74,73,110,122,79,76,108,75,124,88,84,76,90,96,99,77,92,79,78,98,163,84,129,94,162,86,85,85,83,86,91,113,117,153,165,88,88,100,121,88,160,109,146,105,110,113,100,96,102,127,144,125,140,141,94,98,102,97,100,120,147
78,73,26,7,94,13,65,31,36,64,21,67,72,86,75,14,12,46,40,0,42,53,86,63,51,35,15,5,51,24,25,19,101,52,34,96,9,67,12,20,27,78,87,24,93,92,33,47,77,16,53,63,85,60,49,26,22,19,68,23,49,20,57,87,81,71,46,20,19,88,78,25,56,104,69,89,104,36,74,77,33,32,71,73,61,93,98,61,47,66,36,102,41,80,99,39,58,79,55,50,37,65,88,109,43,41,40,97,102,71,111,42,79,95,86,84,69,90,71,48,62,89,107,88,97,67,59,51,53,92,88,66,108,110,73,63,53,60,74,101,64,109,104,98,66,58,56,77,86,105,82,70,59,77,107,102,65,95,88,63,72,87,91,115,76,67,111,97,120,112,102,98,77,71,71,104,110,116,113,109,97,75,114,91,85,84,93,100,78,84,85,95,113,107,87,77,78,80,87,118,93,88,80,129,103,101,82,129,104,101,100,90,85,83,91,93,121,133,105,89,87,97,90,128,91,116,90,92,94,123,90,90,103,116,102,113,114,97,115,122,111,116,102,120
120,115,67,44,52,31,24,73,8,23,21,25,114,44,117,56,30,88,82,42,0,11,44,105,93,77,57,37,93,18,66,60,59,94,11,54,43,108,47,27,20,37,129,64,135,134,18,13,36,52,17,104,126,101,89,64,59,54,109,32,17,54,22,128,122,112,86,51,50,48,119,34,22,63,32,49,64,74,114,39,31,33,111,113,30,55,60,32,83,35,41,64,39,45,61,69,35,46,91,85,57,39,53,70,70,63,62,61,141,108,73,60,49,134,124,122,45,128,107,73,45,57,72,126,135,101,89,56,79,129,125,52,74,76,106,93,66,55,54,138,54,76,141,135,95,60,74,57,121,141,116,100,65,59,144,138,62,68,122,80,63,120,124,84,103,86,81,131,89,148,76,131,69,87,77,78,82,87,148,144,129,73,149,121,112,73,75,132,99,74,111,77,147,140,114,83,80,78,112,152,121,114,81,99,134,83,90,100,134,130,128,113,102,94,83,83,95,104,133,108,91,86,109,101,90,94,93,91,90,155,103,97,90,96,92,95,95,116,143,152,136,143,98,101
131,126,78,54,42,41,13,84,18,12,32,14,125,33,128,67,41,99,93,53,11,0,33,116,104,88,68,48,104,29,77,71,48,105,21,44,54,119,58,38,30,26,140,75,146,145,26,15,26,63,14,115,137,112,100,75,70,65,120,42,18,65,18,139,133,122,97,61,60,38,130,43,20,53,25,39,53,85,125,30,38,41,122,124,28,46,50,30,93,31,49,55,45,39,52,79,36,40,101,95,65,37,46,61,80,72,70,53,152,118,65,68,44,145,134,132,43,138,118,82,46,51,64,136,145,110,98,62,88,139,135,53,67,68,116,102,74,58,53,148,57,68,151,145,105,65,81,56,131,152,125,110,71,58,154,148,66,64,132,87,66,129,134,77,112,93,75,140,82,157,72,140,72,94,82,74,77,81,158,153,139,76,159,130,121,74,73,141,107,75,119,75,157,149,122,88,84,81,121,162,129,122,85,93,143,81,95,95,143,139,137,120,109,100,85,84,90,98,142,115,95,86,116,96,93,91,97,93,92,164,109,101,90,93,92,93,93,123,152,161,144,151,99,99
164,159,111,87,11,74,22,117,50,23,65,19,158,2,161,100,74,132,126,86,44,33,0,149,137,121,101,81,137,62,110,104,16,138,53,12,86,152,91,70,62,14,172,108,178,177,57,43,16,95,38,148,170,145,133,107,102,97,153,73,43,97,37,172,166,155,129,93,92,19,162,74,39,26,29,21,26,117,158,26,67,71,154,156,43,28,30,45,125,42,77,35,72,37,35,110,53,39,132,126,95,50,37,40,110,101,99,40,184,150,44,97,46,176,166,164,54,170,149,111,62,47,47,167,177,141,128,86,116,170,166,69,53,53,146,131,99,78,64,179,74,55,182,176,134,87,108,65,161,182,155,139,94,68,185,179,85,61,162,112,81,158,163,66,140,119,66,170,68,188,69,170,86,118,103,71,70,70,188,183,168,94,189,158,148,85,78,170,133,88,147,80,186,178,150,108,102,98,148,192,157,149,103,80,171,85,115,83,171,166,164,146,133,122,96,94,83,86,169,139,113,95,140,87,108,89,114,108,105,192,130,120,97,92,101,94,94,146,179,189,171,178,112,98
17,13,39,63,157,75,128,33,99,127,84,130,9,149,12,49,75,17,23,63,105,116,149,0,12,28,48,68,12,87,39,45,164,13,96,159,64,9,60,81,89,140,25,43,31,30,94,109,140,57,115,14,25,16,23,46,50,55,16,80,110,57,118,28,24,19,28,61,62,150,22,80,117,166,131,150,166,40,23,138,89,86,25,26,120,154,159,120,41,125,85,163,92,139,159,56,114,138,42,46,72,121,147,169,61,68,70,156,50,40,171,74,136,47,43,43,124,46,44,64,115,146,166,48,52,51,57,92,66,52,51,116,166,168,54,60,83,106,125,57,111,167,60,57,60,98,79,128,56,62,57,61,94,127,64,61,107,149,60,84,116,63,64,170,70,82,165,66,176,72,154,68,118,88,101,156,163,171,74,73,70,112,76,73,75,127,141,73,83,125,77,143,78,76,78,104,110,115,79,81,78,80,112,183,79,148,106,182,82,82,82,87,94,102,129,133,172,185,85,94,113,137,94,179,123,164,118,124,128,91,105,113,144,162,140,157,159,99,93,95,95,96,134,165
28,23,27,51,145,63,116,21,87,115,72,118,21,137,24,37,63,5,11,51,93,104,137,12,0,16,36,56,1,75,27,33,152,6,84,147,52,17,48,69,77,128,37,32,43,42,82,97,128,45,103,17,35,17,16,34,39,44,22,68,98,45,106,38,33,25,20,49,50,138,31,69,105,154,119,138,154,30,29,126,77,75,29,31,108,143,148,108,34,113,74,151,81,127,148,47,103,126,37,40,62,110,136,157,52,59,60,144,58,41,159,65,125,54,48,47,113,51,43,56,104,135,155,52,58,48,52,82,59,56,54,105,155,157,52,55,74,95,114,63,101,155,65,62,56,88,71,118,58,67,57,58,85,116,69,66,97,138,61,76,106,64,65,159,66,75,154,69,165,77,144,70,109,81,93,145,153,160,79,77,72,103,81,72,72,118,131,75,78,116,75,133,82,79,75,96,102,106,77,86,77,78,104,172,80,138,98,171,83,82,82,84,88,95,120,124,161,175,85,89,106,128,90,169,115,154,110,116,120,95,99,106,135,152,132,147,149,95,94,98,95,97,126,155
44,39,13,35,129,48,100,7,71,99,56,102,37,121,40,21,47,11,5,35,77,88,121,28,16,0,20,40,16,59,12,18,136,18,68,131,36,32,33,53,61,112,52,18,58,57,66,81,112,30,87,30,50,27,19,21,25,29,35,52,83,31,91,53,48,38,19,35,36,122,44,53,89,138,103,123,138,22,41,110,62,60,40,42,93,127,132,93,30,98,60,136,67,112,132,38,88,111,36,36,50,95,121,142,43,48,49,129,70,46,144,53,110,65,57,56,98,61,48,48,90,120,139,61,69,49,48,69,52,65,62,92,140,142,54,52,64,82,100,73,88,140,76,71,54,76,62,104,64,77,61,57,74,102,79,75,85,124,67,68,94,67,70,145,65,69,140,75,150,86,130,76,97,74,83,132,138,145,88,85,77,92,89,74,72,105,118,80,74,104,74,120,90,85,75,87,92,95,76,94,78,77,94,158,85,125,90,157,87,85,85,82,84,88,109,112,148,161,89,86,97,117,87,155,105,141,101,107,109,102,93,98,123,140,121,135,137,92,98,103,97,100,116,143
64,59,13,16,109,28,80,17,51,79,36,82,57,101,60,2,27,31,25,15,57,68,101,48,36,20,0,20,36,39,10,6,116,37,48,111,17,52,15,34,41,93,72,13,78,77,47,61,92,15,67,48,70,46,34,16,15,16,53,34,63,18,71,72,66,56,32,21,21,103,63,36,70,119,83,103,119,25,59,91,44,42,57,59,74,107,113,74,36,79,44,116,50,93,113,34,70,92,44,41,39,77,102,122,39,40,40,110,88,59,125,43,92,82,72,71,81,76,59,44,73,102,121,75,84,57,51,57,49,79,76,76,121,123,63,55,55,68,84,88,73,122,91,85,58,64,56,87,75,92,71,62,63,86,94,89,72,107,77,63,80,77,81,127,69,65,123,86,133,100,113,87,84,69,74,115,121,128,101,98,87,81,103,82,77,92,103,90,74,91,78,105,102,96,80,79,82,85,80,107,85,81,84,141,93,110,83,141,95,93,92,84,82,83,97,100,132,144,96,85,89,104,86,139,95,126,93,97,99,113,89,92,110,125,108,121,122,93,106,113,103,107,106,129
83,78,31,10,89,10,60,36,32,59,16,62,77,81,80,19,7,51,45,5,37,48,81,68,56,40,20,0,56,19,29,24,96,57,29,91,9,72,13,16,22,73,92,28,98,97,28,42,72,18,48,67,89,65,53,29,25,21,73,19,44,22,52,92,86,75,50,21,20,83,82,21,51,99,64,83,99,40,78,71,29,28,75,77,56,88,93,56,50,61,33,97,38,75,94,41,53,74,58,53,36,60,83,103,44,41,40,92,106,75,106,41,74,99,89,88,65,93,75,49,58,84,102,92,101,70,61,49,55,95,92,62,103,105,76,65,52,57,69,104,61,104,108,102,68,56,56,73,90,108,85,73,57,73,110,105,63,91,91,63,69,90,94,110,77,67,106,100,116,115,98,100,74,70,69,100,106,112,116,112,100,73,118,93,87,81,89,103,79,81,87,92,116,110,89,75,76,77,88,122,95,90,78,125,106,98,81,125,107,103,102,91,85,82,88,90,117,128,107,89,85,94,91,124,89,112,89,90,91,126,90,89,100,112,99,109,110,97,117,125,112,118,99,116
28,24,28,51,145,64,116,21,87,115,72,118,21,137,24,37,63,5,11,51,93,104,137,12,1,16,36,56,0,75,27,33,152,5,84,147,51,17,48,69,77,128,36,32,42,41,82,97,127,45,103,16,35,16,15,34,39,43,21,68,98,45,106,38,33,24,19,49,50,138,30,68,105,154,119,138,154,30,28,126,77,75,28,30,108,142,147,108,33,113,73,151,81,127,148,47,102,126,36,39,61,110,136,157,52,58,60,144,57,40,159,64,125,53,47,46,113,50,42,55,103,134,154,51,57,47,51,81,58,55,53,105,154,156,51,54,74,95,114,62,100,155,65,61,55,88,70,117,57,67,56,57,84,115,69,65,96,138,60,75,105,63,64,159,66,74,154,68,164,76,143,69,108,80,92,145,152,159,78,76,71,103,80,71,71,117,130,74,77,115,74,132,81,78,74,95,101,105,76,85,76,77,103,172,79,137,98,171,82,81,81,83,87,94,120,123,161,174,84,89,105,128,89,168,114,153,109,116,119,94,98,105,134,152,131,147,148,94,93,97,94,96,125,155
103,98,50,27,71,16,42,56,15,41,8,44,96,62,99,38,13,70,64,24,18,29,62,87,75,59,39,19,75,0,48,42,77,76,9,72,25,90,29,10,7,53,110,46,116,115,11,23,53,34,29,86,108,83,71,46,41,36,91,16,26,36,33,110,104,93,68,33,32,64,100,18,32,80,45,64,80,56,96,53,20,21,93,95,38,69,74,39,65,43,29,79,30,57,75,52,38,56,73,67,41,44,65,85,54,48,46,73,123,90,87,45,57,116,105,104,49,110,89,57,45,67,84,107,117,83,72,46,63,110,107,51,86,87,89,76,54,49,56,120,51,87,123,117,79,51,60,60,104,123,98,84,55,60,126,120,56,75,105,67,60,102,107,94,87,72,90,113,99,130,82,113,66,74,67,85,90,95,131,126,112,67,132,104,96,71,77,115,85,72,96,79,130,122,98,74,72,72,97,135,105,98,74,108,117,85,80,109,118,114,112,98,89,83,80,81,102,112,117,95,83,85,96,109,84,99,85,85,85,138,92,88,90,99,90,97,98,103,127,136,121,127,93,104
56,51,13,26,119,38,90,13,61,89,46,91,49,110,51,12,37,23,17,25,66,77,110,39,27,12,10,29,27,48,0,6,125,28,57,120,24,42,21,41,49,101,62,7,68,67,54,69,100,18,75,38,60,35,24,11,13,17,43,41,71,19,79,62,57,46,22,23,24,111,53,41,77,127,91,111,127,17,49,98,50,48,47,49,81,115,120,81,27,86,48,124,55,100,120,30,76,99,35,33,39,83,109,130,35,38,39,117,77,49,132,43,98,71,62,61,86,66,50,40,78,108,127,65,74,48,44,58,44,69,66,80,128,129,54,48,54,71,89,78,76,128,81,75,50,65,53,92,65,82,62,54,63,90,84,79,74,112,68,59,82,68,71,133,61,61,128,76,138,90,118,77,86,66,73,120,126,133,91,88,77,81,93,73,70,94,106,80,68,93,71,108,92,87,73,77,82,85,73,97,77,74,84,146,85,113,81,145,86,84,83,78,77,80,98,101,136,149,88,80,88,106,81,143,95,129,92,96,99,103,86,90,112,128,110,124,125,87,98,104,95,99,106,132
61,57,15,21,113,32,84,17,55,83,40,85,55,104,57,8,31,29,23,19,60,71,104,45,33,18,6,24,33,42,6,0,119,34,51,114,18,48,15,35,43,95,68,7,74,73,49,63,94,13,69,44,66,41,30,10,10,13,49,35,65,15,73,68,62,52,27,18,19,105,59,36,71,121,85,105,121,19,55,93,45,42,52,54,75,109,114,75,30,80,43,118,50,94,114,29,70,93,39,35,35,77,103,124,34,36,36,111,83,53,126,40,92,77,67,65,81,71,54,39,72,102,122,70,79,51,45,54,44,73,70,75,122,124,57,50,51,66,83,82,72,123,85,80,52,61,51,87,69,86,66,56,60,86,89,84,70,107,72,58,78,71,75,127,63,60,123,80,133,94,113,81,82,65,70,115,121,128,96,92,81,78,97,76,72,90,101,84,68,89,72,103,96,90,74,75,79,82,74,101,79,76,81,141,88,109,79,140,89,87,86,79,77,78,95,98,131,144,90,80,85,102,81,138,92,125,89,93,96,107,85,88,108,124,106,120,121,87,100,107,97,102,103,127
179,174,127,103,15,90,38,132,66,39,81,35,173,17,176,115,89,147,141,101,59,48,16,164,152,136,116,96,152,77,125,119,0,153,68,5,101,167,105,84,76,25,187,122,193,192,71,56,26,109,51,162,184,159,147,121,116,111,167,87,56,111,49,186,180,169,144,107,106,20,177,87,51,14,38,21,15,131,172,33,80,83,168,170,52,25,24,54,138,50,89,27,83,40,29,122,62,43,145,139,107,57,37,31,122,113,111,36,197,163,35,108,50,190,179,177,60,183,162,123,70,47,40,180,190,153,140,96,128,183,179,76,46,46,158,143,110,86,69,192,82,48,195,188,145,96,118,69,174,195,167,150,103,73,197,191,92,60,174,122,87,170,175,59,150,129,61,182,61,200,67,181,92,127,110,68,66,64,200,195,179,100,201,169,159,89,80,181,142,92,157,81,198,189,160,116,109,104,158,203,167,159,109,72,182,85,122,76,181,177,175,155,142,129,100,97,78,79,180,148,120,98,149,81,112,86,120,113,109,203,138,126,98,90,103,93,92,155,189,199,180,188,115,96
30,25,30,53,147,65,118,24,89,117,74,119,22,138,24,39,64,9,14,52,94,105,138,13,6,18,37,57,5,76,28,34,153,0,85,148,52,14,48,69,77,129,34,31,40,39,82,97,128,45,103,12,32,11,11,33,38,43,17,68,99,44,107,35,30,20,16,49,49,139,26,68,105,155,119,139,155,27,24,126,77,74,24,26,108,143,148,107,29,113,72,151,80,127,147,44,102,125,32,35,59,109,135,157,49,56,57,144,53,35,159,62,124,49,42,41,112,45,37,52,102,134,154,47,53,42,47,79,54,50,48,103,154,156,46,49,71,93,113,57,99,154,60,56,51,86,67,116,52,62,51,52,82,114,64,61,94,137,55,72,103,57,59,158,61,71,153,63,163,71,142,64,106,76,89,144,151,158,73,71,66,100,75,66,67,115,128,69,73,113,69,130,76,73,70,92,98,103,71,80,71,72,100,170,74,135,94,169,77,76,76,78,83,90,117,121,159,173,79,84,102,125,85,166,111,151,106,112,116,89,94,102,132,150,128,145,146,90,88,91,89,91,122,152
112,107,60,37,63,25,35,65,12,33,16,35,105,54,108,48,22,79,73,34,11,21,53,96,84,68,48,29,84,9,57,51,68,85,0,63,33,99,37,16,9,44,119,54,125,124,7,13,43,42,19,94,116,91,80,54,49,44,100,21,16,43,24,119,113,102,76,40,39,54,109,22,23,70,36,55,70,64,104,43,20,22,101,103,30,60,65,30,72,35,30,69,29,47,66,58,31,47,80,73,45,36,56,75,59,52,50,64,131,97,78,49,49,123,113,111,42,117,96,62,39,58,75,115,124,89,77,46,67,118,114,46,77,78,95,81,55,46,49,127,47,78,130,124,84,50,63,53,110,130,104,89,55,54,133,127,53,67,111,69,56,108,113,85,92,75,81,119,90,136,75,119,62,76,67,77,82,87,137,132,118,64,138,109,101,67,71,120,88,67,100,73,136,128,103,73,71,70,101,141,109,103,72,100,122,79,80,101,122,119,117,101,92,84,76,77,94,104,122,97,82,80,98,101,81,92,84,82,82,143,93,87,85,93,86,91,92,105,132,141,125,132,90,98
175,170,122,98,14,85,34,128,61,34,76,31,168,13,171,110,84,142,136,96,54,44,12,159,147,131,111,91,147,72,120,114,5,148,63,0,96,162,100,79,71,19,182,117,188,187,66,51,21,104,46,157,179,154,142,116,111,106,162,82,51,106,43,181,175,164,139,102,101,16,171,82,46,14,33,17,15,126,167,28,75,78,163,165,47,22,22,49,133,45,84,26,78,36,27,117,57,39,140,133,102,52,34,31,117,108,106,34,192,158,35,103,45,185,174,172,55,178,156,118,65,44,39,175,185,148,135,91,123,178,174,71,45,45,153,138,105,81,64,187,77,47,190,183,140,91,113,65,169,190,162,145,98,69,192,186,88,57,169,117,83,165,170,58,145,124,59,177,60,195,64,176,88,122,106,66,64,63,195,190,174,96,196,164,154,85,76,176,137,88,152,77,193,184,155,111,104,100,153,198,162,154,105,71,177,82,118,75,176,172,170,151,137,125,96,93,76,78,175,143,115,94,144,80,108,83,115,108,105,198,133,122,95,87,100,90,90,150,184,194,175,183,111,93
80,75,30,16,95,19,67,34,39,66,24,68,73,87,76,17,16,47,41,9,43,54,86,64,52,36,17,9,51,25,24,18,101,52,33,96,0,66,4,17,25,77,86,21,92,91,30,45,76,9,51,61,83,58,47,21,17,12,66,17,47,13,55,86,80,69,43,11,11,87,76,19,53,103,67,87,103,32,71,74,27,26,68,70,57,91,96,57,41,62,28,100,34,76,96,32,53,75,50,44,28,60,85,106,35,32,31,93,98,66,108,33,75,92,81,80,64,85,66,39,56,85,104,84,93,61,51,43,45,87,83,59,104,106,67,56,44,53,67,96,57,105,99,93,58,50,47,71,81,100,76,63,50,70,102,97,57,90,82,54,64,81,85,110,68,58,106,91,116,107,96,91,69,62,62,98,105,111,108,104,91,67,109,84,77,77,86,93,69,76,77,89,107,101,80,68,69,71,79,113,85,80,72,124,96,94,73,124,97,94,93,81,76,74,83,85,115,127,98,80,78,89,82,122,83,110,81,84,85,117,81,81,95,109,94,105,107,88,108,115,103,108,93,113
21,18,44,67,161,80,132,38,103,131,88,134,13,152,14,53,79,22,28,67,108,119,152,9,17,32,52,72,17,90,42,48,167,14,99,162,66,0,62,83,91,143,20,45,26,25,96,111,142,58,117,7,18,10,21,46,51,56,7,81,112,58,120,21,16,9,26,62,63,152,13,82,118,168,132,152,168,39,14,140,90,87,16,17,121,156,161,121,37,126,85,165,92,140,161,54,115,138,37,42,70,122,148,170,58,66,68,157,41,32,172,72,137,38,34,34,124,36,35,61,114,146,167,39,43,44,52,90,62,42,41,115,166,168,46,54,80,104,125,48,110,167,50,47,54,96,76,128,47,52,49,55,92,126,54,52,105,149,51,79,114,54,55,170,63,77,165,57,176,62,153,59,116,83,98,155,162,170,65,63,61,110,66,64,67,125,139,64,77,123,70,141,68,67,70,100,107,112,72,72,70,72,109,182,70,145,101,181,73,73,74,80,87,96,126,130,170,184,76,87,109,135,88,178,119,162,113,121,124,82,99,108,141,160,137,155,156,92,84,86,87,87,130,162
76,71,28,18,100,23,71,31,43,70,29,72,69,91,72,16,20,43,38,12,47,58,91,60,48,33,15,13,48,29,21,15,105,48,37,100,4,62,0,21,29,81,82,17,88,87,34,49,80,5,55,57,79,54,42,17,12,8,62,20,50,9,58,81,75,64,39,8,8,90,72,21,57,106,71,91,106,27,67,78,30,28,64,66,60,95,100,60,37,65,29,103,35,79,100,28,55,78,45,40,26,63,88,109,31,29,29,96,94,62,111,31,77,87,77,75,66,81,62,36,58,87,107,79,89,57,47,42,42,82,79,61,107,109,62,52,42,53,69,92,58,108,95,89,54,50,45,73,76,95,72,59,50,72,98,92,57,92,78,52,65,76,81,113,64,56,108,87,118,102,98,87,69,59,61,100,107,114,103,99,86,67,105,80,73,77,88,89,66,76,73,90,103,96,76,66,69,71,75,108,81,77,71,126,92,96,72,126,93,90,89,78,73,72,83,85,117,129,94,77,77,90,79,124,82,111,80,83,85,112,79,80,96,110,94,106,108,85,104,111,99,104,93,114
97,92,46,25,79,18,51,51,25,50,15,52,90,70,93,33,13,64,58,20,27,38,70,81,69,53,34,16,69,10,41,35,84,69,16,79,17,83,21,0,8,60,103,38,109,108,13,28,59,25,34,78,100,75,63,37,32,27,83,6,30,27,38,102,96,85,60,23,22,69,92,9,36,85,50,70,86,47,88,57,14,14,84,86,41,74,79,41,56,46,21,83,24,60,79,42,38,59,64,57,32,44,68,89,44,38,36,77,114,81,91,36,59,107,96,95,49,101,80,47,43,69,87,98,108,74,62,38,53,101,98,48,88,90,79,66,45,44,54,111,47,89,114,107,69,44,51,58,94,114,89,74,47,57,116,111,50,75,95,57,55,93,97,95,77,63,91,103,100,120,82,104,60,64,59,84,90,96,121,117,102,61,122,94,86,67,74,105,75,67,86,77,120,113,88,65,65,65,87,125,95,89,67,109,107,83,72,109,108,104,103,88,80,75,75,76,101,113,107,85,75,80,86,108,77,97,78,78,79,128,83,80,86,97,85,94,95,93,117,126,111,117,87,102
105,100,53,32,71,21,43,58,19,42,15,44,98,62,101,41,18,72,66,27,20,30,62,89,77,61,41,22,77,7,49,43,76,77,9,71,25,91,29,8,0,52,111,46,117,116,5,20,51,33,26,86,108,83,71,45,40,35,91,12,22,35,30,110,104,93,67,31,30,62,100,13,28,78,42,62,78,55,96,49,13,15,92,94,34,66,71,34,63,39,23,75,23,52,72,49,32,51,71,64,37,38,61,81,50,43,42,69,122,88,84,40,52,115,104,102,43,108,87,53,38,62,80,106,115,81,69,39,59,109,105,44,81,83,86,72,48,42,49,118,44,82,121,115,75,44,55,53,101,121,95,80,49,53,124,118,49,69,102,61,53,99,104,88,83,67,84,110,94,127,76,110,59,68,61,79,84,90,128,124,109,60,129,100,92,64,70,112,80,65,91,72,127,119,94,67,65,65,93,132,101,94,67,103,113,79,74,103,114,110,108,93,84,77,73,74,96,107,113,89,76,78,90,103,77,92,79,78,78,135,86,81,83,93,83,90,91,97,123,132,117,123,86,98
156,151,104,80,25,67,21,109,44,21,58,17,150,16,152,92,66,123,118,78,37,26,14,140,128,112,93,73,128,53,101,95,25,129,44,19,77,143,81,60,52,0,163,98,169,168,47,32,2,85,26,138,160,135,123,97,92,87,143,62,32,86,24,162,156,145,119,82,81,12,152,63,27,27,15,13,27,107,147,13,56,59,144,146,29,21,25,31,114,28,65,30,59,24,28,98,39,26,121,114,82,35,26,36,97,89,87,31,173,138,40,84,33,165,154,152,39,158,137,99,48,35,40,155,165,129,115,73,104,158,154,55,45,46,134,119,86,64,49,168,60,47,171,164,121,73,94,51,149,171,143,126,80,54,173,167,71,49,150,99,67,146,151,57,127,105,56,157,61,176,57,157,72,104,89,59,60,61,176,171,155,79,177,145,135,71,65,157,119,74,133,66,174,165,136,94,88,84,134,179,144,136,89,72,158,72,101,75,157,153,151,132,119,108,82,80,73,78,156,125,99,82,126,78,93,77,100,94,91,179,116,106,83,80,87,82,82,132,165,175,157,164,98,86
21,23,64,87,181,100,152,58,123,151,108,154,20,173,17,73,99,42,48,87,129,140,172,25,37,52,72,92,36,110,62,68,187,34,119,182,86,20,82,103,111,163,0,65,6,5,116,131,162,78,137,25,5,28,40,66,71,76,21,101,132,77,140,7,10,19,45,81,82,172,14,101,138,188,152,172,188,58,19,159,110,107,24,23,141,176,181,140,54,145,104,184,111,160,180,72,134,158,51,58,89,141,168,190,75,84,86,176,30,40,191,90,156,31,33,34,143,33,44,77,133,166,186,38,37,54,65,108,77,40,41,133,185,187,55,66,97,122,143,42,128,186,43,43,66,113,91,146,50,46,54,65,108,144,47,47,122,167,54,94,131,59,57,189,73,91,183,57,194,56,171,59,133,96,113,173,181,188,59,59,62,126,60,69,75,142,156,65,88,140,78,158,64,65,77,115,122,127,80,66,75,80,124,200,71,162,115,199,75,76,77,88,98,109,142,146,188,202,78,97,123,150,97,195,134,179,127,135,139,78,110,121,157,177,153,171,173,100,84,83,90,88,145,179
60,55,19,28,117,38,88,20,59,87,45,89,53,108,56,15,35,28,22,24,64,75,108,43,32,18,13,28,32,46,7,7,122,31,54,117,21,45,17,38,46,98,65,0,71,70,51,66,97,13,72,40,62,37,25,4,7,12,45,36,67,13,75,64,58,48,22,17,18,107,55,37,73,123,87,107,123,13,50,95,46,43,47,49,77,111,116,76,24,81,42,120,49,96,116,23,71,94,32,28,32,78,104,126,28,31,32,113,78,47,127,36,93,71,61,60,81,65,47,33,72,103,123,64,73,45,39,52,38,67,64,74,123,125,50,43,47,65,83,77,70,123,80,74,46,59,46,86,63,80,59,50,57,85,83,78,67,106,65,53,76,64,68,128,56,55,123,74,133,88,112,75,79,59,66,114,121,128,89,86,74,75,91,69,65,88,100,77,62,86,66,102,90,84,68,71,75,78,68,95,72,69,77,140,81,107,75,140,82,80,79,72,71,73,92,95,130,143,84,74,81,99,75,137,88,123,85,90,92,100,79,83,105,122,103,117,119,81,94,100,91,95,100,125
24,28,70,93,187,106,158,64,129,157,114,160,25,179,22,79,105,48,54,93,135,146,178,31,43,58,78,98,42,116,68,74,193,40,125,188,92,26,88,109,117,169,6,71,0,1,122,137,168,84,143,31,9,34,46,72,77,82,26,107,138,83,146,9,14,25,50,87,88,178,18,107,144,194,158,178,194,64,24,165,116,113,29,28,147,182,187,146,60,151,110,190,117,165,186,77,140,164,56,63,94,147,174,195,81,89,91,182,28,44,197,96,162,31,35,36,149,34,48,82,139,171,192,39,37,58,70,113,82,41,43,139,191,193,58,70,102,127,148,42,133,191,42,43,70,119,96,151,52,45,56,69,113,149,46,47,127,173,56,99,136,61,59,194,76,95,189,58,199,55,177,61,138,101,118,178,186,194,58,59,64,131,59,71,77,147,162,66,91,145,81,163,64,65,80,119,127,132,82,65,77,83,129,206,72,167,119,204,76,78,79,91,102,113,147,151,193,207,80,100,127,155,100,200,138,184,131,140,144,77,114,125,162,182,157,176,178,103,85,83,91,89,149,183
24,27,69,92,186,105,157,63,128,156,113,159,24,178,21,78,104,47,53,92,134,145,177,30,42,57,77,97,41,115,67,73,192,39,124,187,91,25,87,108,116,168,5,70,1,0,121,136,167,83,142,30,9,33,45,71,76,81,25,106,137,82,145,8,13,24,49,86,87,177,17,106,143,193,157,177,193,63,23,164,115,112,28,27,146,181,186,145,59,150,109,189,116,164,185,76,139,163,55,62,93,146,173,194,80,88,90,181,28,43,196,95,161,31,34,36,148,34,47,82,138,170,191,39,37,58,69,112,81,41,42,138,190,192,57,70,101,126,148,41,133,190,42,43,69,118,95,150,51,45,56,68,112,148,46,47,126,172,55,98,136,60,59,193,76,94,188,58,198,55,176,60,137,100,117,177,185,193,58,59,63,130,59,70,77,146,161,66,91,144,80,162,63,65,79,118,126,131,82,65,77,82,128,205,72,167,118,203,75,77,78,90,101,112,146,150,192,206,79,100,126,154,100,199,137,183,130,139,143,77,113,125,161,181,156,175,177,102,85,83,90,89,148,182
110,105,59,37,67,26,40,64,19,38,18,40,103,58,106,46,23,77,71,33,18,26,57,94,82,66,47,28,82,11,54,49,71,82,7,66,30,96,34,13,5,47,116,51,122,121,0,15,46,38,21,91,113,88,76,50,45,40,96,16,16,39,25,115,109,98,72,36,35,56,105,17,23,72,37,57,72,60,100,44,13,16,97,99,28,61,66,29,67,33,24,70,22,47,66,53,27,46,75,68,39,33,55,76,53,46,44,64,126,92,78,42,47,119,108,106,38,112,91,56,35,57,75,110,120,84,72,39,61,113,109,41,76,78,89,75,49,40,45,122,41,77,125,119,78,43,56,49,105,125,99,83,48,49,128,122,47,64,106,62,50,103,107,83,85,68,79,114,88,131,72,114,56,69,60,74,79,85,131,127,112,58,133,103,94,61,66,115,81,62,94,68,130,122,96,66,64,63,95,136,103,96,66,98,116,75,73,98,116,112,111,95,85,77,70,71,91,102,116,90,75,75,92,98,75,88,77,76,76,138,86,80,80,89,80,86,87,98,126,135,119,125,84,93
125,120,73,50,53,38,28,78,20,26,29,27,118,44,121,61,36,92,86,47,13,15,43,109,97,81,61,42,97,23,69,63,56,97,13,51,45,111,49,28,20,32,131,66,137,136,15,0,31,53,6,106,128,103,91,65,60,55,111,30,4,54,10,130,124,113,87,50,49,41,120,31,10,57,22,42,58,75,115,30,25,28,112,114,17,46,52,19,82,22,35,56,30,34,52,67,22,34,89,83,52,25,42,62,67,59,57,51,141,107,64,54,36,133,123,121,31,127,106,69,32,45,62,124,134,98,85,47,74,127,123,39,63,65,103,89,59,43,40,136,42,65,139,133,91,49,67,44,118,139,112,96,56,45,142,136,51,55,119,72,51,116,121,72,98,79,69,127,77,145,63,127,57,79,66,65,70,75,145,141,125,61,146,116,107,60,61,128,92,61,105,64,144,136,108,73,69,66,106,149,115,108,70,87,129,70,80,88,129,125,123,106,94,85,70,70,82,92,128,100,80,73,101,89,78,81,82,79,77,150,93,86,77,83,79,81,82,108,137,147,130,137,85,88
155,150,103,80,27,67,22,109,44,22,57,18,149,18,152,91,66,123,117,77,36,26,16,140,128,112,92,72,127,53,100,94,26,128,43,21,76,142,80,59,51,2,162,97,168,167,46,31,0,84,25,137,159,134,122,96,91,86,142,61,30,85,23,161,155,144,118,81,80,12,151,61,25,27,13,13,27,105,146,10,54,57,143,145,27,20,24,29,112,25,63,29,57,21,27,97,37,24,119,113,81,33,24,35,96,87,85,30,171,137,39,82,30,164,153,151,37,157,136,97,46,33,39,154,164,127,114,71,102,157,153,52,43,44,132,117,84,62,47,166,58,45,169,163,120,71,93,49,148,169,141,124,78,52,171,166,69,47,148,97,65,144,149,55,125,104,55,156,59,174,55,155,70,102,86,57,58,59,174,169,153,77,175,143,133,69,63,155,117,71,132,64,172,164,135,92,86,82,132,177,142,134,86,70,156,70,99,73,156,151,149,130,117,106,80,78,71,77,154,123,97,79,124,76,91,75,97,92,89,178,114,103,81,78,85,80,80,130,163,174,155,162,95,84
73,68,27,22,104,28,76,30,48,74,34,77,66,95,69,16,25,40,35,16,52,63,95,57,45,30,15,18,45,34,18,13,109,45,42,104,9,58,5,25,33,85,78,13,84,83,38,53,84,0,59,53,75,50,38,12,7,3,58,23,54,4,62,77,71,60,34,6,6,94,67,24,60,110,74,94,110,22,63,81,33,30,59,61,64,98,103,63,32,68,30,107,37,82,103,23,58,81,40,35,24,65,91,112,27,26,26,99,89,57,114,29,80,82,72,70,68,76,57,32,60,90,110,74,84,52,42,42,38,77,74,62,110,112,57,47,40,54,71,87,59,110,90,84,50,49,42,74,71,90,67,54,48,73,93,87,57,94,73,49,65,71,76,115,60,52,110,82,120,97,100,82,69,56,59,102,109,115,98,94,81,66,100,75,69,77,89,84,62,76,69,91,98,91,71,64,67,70,71,103,77,72,69,128,87,96,69,128,88,85,84,74,70,69,82,85,118,131,89,74,75,89,75,125,81,112,78,82,84,107,76,77,96,111,94,107,108,81,99,106,95,100,92,115
131,126,79,56,48,44,24,84,24,23,34,23,124,38,127,67,42,98,92,53,17,14,38,115,103,87,67,48,103,29,75,69,51,103,19,46,51,117,55,34,26,26,137,72,143,142,21,6,25,59,0,112,134,109,97,71,66,61,117,36,6,60,5,136,130,119,93,56,55,35,126,36,6,51,17,36,51,80,121,24,30,33,118,120,14,40,46,16,88,18,39,50,34,29,47,72,22,29,95,88,57,23,37,56,72,64,62,45,147,112,59,59,32,139,128,126,29,132,111,74,32,41,56,130,139,103,90,50,79,132,128,39,58,60,108,94,63,45,39,142,43,59,145,138,96,52,71,42,124,145,118,101,59,44,147,141,52,51,124,76,52,121,126,67,102,82,64,132,72,150,60,132,58,82,69,62,66,70,150,146,130,63,152,120,111,60,59,132,96,61,110,62,149,140,113,75,70,68,111,154,120,112,72,82,133,68,82,84,133,129,127,109,98,88,70,70,78,87,132,103,82,72,105,85,79,78,83,79,78,155,96,88,76,80,78,79,80,111,142,151,134,141,85,85
28,25,42,64,157,76,128,36,99,127,84,129,20,148,21,50,75,21,26,63,104,115,148,14,17,30,48,67,16,86,38,44,162,12,94,157,61,7,57,78,86,138,25,40,31,30,91,106,137,53,112,0,22,3,15,41,46,51,5,76,107,52,115,24,18,8,19,56,57,147,15,76,113,163,127,147,163,33,12,134,84,82,12,14,116,151,156,115,31,120,79,159,86,134,155,47,109,133,30,35,64,116,143,164,51,60,61,151,41,26,166,66,131,37,31,30,118,34,29,54,108,140,161,35,41,37,45,83,55,39,38,109,160,162,40,47,74,98,118,46,104,161,48,45,47,89,69,121,42,50,43,48,85,119,52,49,98,142,46,72,107,49,50,164,56,70,158,53,169,60,147,55,109,76,91,149,156,164,62,60,56,103,64,58,61,118,132,59,70,116,64,134,65,63,64,93,100,105,65,69,64,66,102,176,65,139,94,174,68,68,68,73,80,89,119,123,164,177,71,81,102,128,81,171,112,155,106,113,117,78,92,101,134,153,130,148,149,85,79,82,81,82,123,155
24,25,62,85,178,98,150,56,121,148,106,151,21,170,19,71,97,40,46,85,126,137,170,25,35,50,70,89,35,108,60,66,184,32,116,179,83,18,79,100,108,160,5,62,9,9,113,128,159,75,134,22,0,25,37,63,68,73,17,98,129,74,137,4,5,15,41,78,79,169,9,98,135,185,149,169,185,54,15,156,106,103,20,19,138,172,177,137,50,142,100,181,108,156,177,68,130,154,47,53,85,138,164,186,71,80,82,173,27,35,188,86,152,27,28,29,140,28,39,73,129,162,182,33,33,50,61,103,72,36,37,129,182,184,50,61,93,118,139,38,124,182,39,39,61,109,87,142,45,42,49,60,104,139,43,43,118,163,49,89,127,54,53,185,68,86,179,53,190,52,167,55,128,92,108,169,176,184,55,55,58,121,56,64,70,137,152,60,83,135,73,154,60,61,72,110,117,123,75,62,70,75,119,196,66,158,110,195,70,72,72,83,93,104,137,142,184,197,74,92,118,146,92,191,129,175,122,130,135,74,105,117,152,172,148,166,168,95,80,79,85,83,140,174
30,27,40,61,154,73,125,34,96,124,81,126,23,145,24,47,72,20,24,60,101,112,145,16,17,27,46,65,16,83,35,41,159,11,91,154,58,10,54,75,83,135,28,37,34,33,88,103,134,50,109,3,25,0,12,38,43,48,8,73,104,49,112,27,21,10,16,53,54,144,17,73,110,160,124,144,160,30,14,131,81,79,13,15,113,147,153,112,27,117,76,156,83,131,152,44,106,130,27,32,61,113,140,161,48,56,58,148,43,25,163,63,128,38,31,30,115,34,28,51,105,137,158,36,42,35,42,80,52,39,38,105,157,159,38,44,70,95,115,47,100,158,49,45,45,86,66,118,42,51,42,46,82,116,53,50,95,139,45,69,104,48,49,161,54,67,155,52,166,61,144,54,106,73,88,145,153,160,63,60,56,100,64,57,59,115,129,59,67,113,62,131,65,62,62,90,97,102,64,69,63,64,99,173,64,136,91,171,67,67,67,71,78,87,116,120,161,174,70,78,99,125,79,168,109,152,103,111,114,78,89,98,131,150,127,145,146,83,78,81,80,81,120,152
39,35,31,51,142,62,113,26,85,112,70,115,32,133,34,36,60,16,17,49,89,100,133,23,16,19,34,53,15,71,24,30,147,11,80,142,47,21,42,63,71,123,40,25,46,45,76,91,122,38,97,15,37,12,0,26,31,36,20,61,92,37,100,39,33,22,5,41,42,132,29,61,98,148,112,132,148,18,25,119,69,67,22,25,101,136,141,100,19,105,64,144,71,119,140,34,94,118,22,24,50,101,128,149,38,46,48,136,53,28,151,52,116,47,39,37,104,43,30,42,94,126,146,43,50,33,36,69,43,46,44,94,146,147,37,39,61,84,104,54,89,146,57,52,40,76,57,107,45,59,44,42,72,105,61,57,84,128,48,61,94,50,52,149,51,60,144,56,155,67,133,58,96,65,79,134,142,149,69,66,59,90,71,58,57,105,119,62,62,103,59,120,71,67,60,81,88,92,61,75,62,62,90,161,67,125,83,160,69,68,68,68,73,80,107,111,150,163,71,74,91,115,74,157,100,142,95,102,105,83,83,91,121,140,118,135,136,79,81,85,81,83,112,142
62,58,24,30,116,39,88,24,60,87,45,89,55,108,58,18,36,31,26,26,64,75,107,46,34,21,16,29,34,46,11,10,121,33,54,116,21,46,17,37,45,97,66,4,72,71,50,65,96,12,71,41,63,38,26,0,5,10,46,35,66,11,74,65,59,48,22,15,16,106,55,35,72,122,86,106,122,11,50,93,44,41,47,49,75,110,115,74,21,79,39,118,47,94,114,19,69,92,30,25,28,76,102,124,24,27,28,111,77,45,126,32,91,70,60,59,79,64,46,29,69,101,121,63,72,42,35,48,34,66,63,71,121,122,48,40,43,61,80,75,67,121,78,72,42,55,42,83,61,79,57,47,53,82,81,76,64,104,63,49,72,62,66,125,53,50,120,71,130,86,109,72,76,55,62,111,118,125,87,84,72,71,89,66,61,84,97,75,58,83,62,99,88,81,64,67,71,74,64,93,69,65,73,138,78,104,71,137,80,77,76,68,67,69,88,91,127,140,81,70,77,96,71,134,84,120,81,86,88,98,75,79,102,119,99,114,116,77,91,97,87,92,96,122
67,62,25,27,111,35,83,26,55,82,41,84,60,103,62,17,32,35,30,22,59,70,102,50,39,25,15,25,39,41,13,10,116,38,49,111,17,51,12,32,40,92,71,7,77,76,45,60,91,7,66,46,68,43,31,5,0,5,51,30,61,6,69,70,64,53,27,10,11,101,60,30,67,117,81,101,117,15,55,88,39,36,52,54,70,105,110,69,25,75,35,113,42,89,109,19,64,87,33,28,25,71,97,119,24,25,26,106,82,50,121,30,86,75,65,63,74,69,50,29,65,96,116,67,76,45,37,45,34,70,67,67,116,118,51,42,41,57,76,80,63,116,83,77,44,52,41,79,65,83,60,49,50,77,86,80,60,99,67,48,69,65,69,120,55,50,115,75,126,90,105,76,72,54,60,107,114,121,91,87,75,68,93,69,64,81,93,78,59,79,64,95,91,85,66,65,68,72,66,97,71,67,71,133,81,100,69,133,82,80,79,70,67,68,85,88,123,136,83,70,75,92,72,130,82,116,79,83,86,101,74,77,98,115,96,110,112,78,93,100,89,94,93,118
72,67,27,25,107,31,78,30,51,77,36,79,65,98,67,17,28,39,34,19,54,65,97,55,44,29,16,21,43,36,17,13,111,43,44,106,12,56,8,27,35,87,76,12,82,81,40,55,86,3,61,51,73,48,36,10,5,0,56,25,56,2,64,75,69,58,32,6,7,96,65,25,62,112,76,96,112,20,60,83,34,31,57,59,65,100,105,65,29,70,31,108,38,84,105,21,59,82,37,32,23,66,92,114,25,24,25,101,87,54,116,28,81,80,69,68,69,74,54,30,60,91,111,72,81,49,40,41,35,75,71,62,111,113,54,44,39,54,71,84,59,112,87,81,47,49,40,75,69,88,64,52,47,73,90,85,57,95,70,47,65,69,73,116,57,50,111,79,121,95,100,79,69,54,58,102,109,116,95,91,78,65,97,72,66,77,89,81,60,76,66,91,95,88,68,63,66,69,68,100,74,69,68,129,84,96,68,128,85,82,81,71,67,67,82,85,119,132,86,71,73,89,72,126,80,112,77,81,83,105,74,76,95,111,93,107,108,79,96,104,92,97,91,115
27,25,48,69,162,81,133,41,104,132,89,134,20,153,20,55,80,26,31,68,109,120,153,16,22,35,53,73,21,91,43,49,167,17,100,162,66,7,62,83,91,143,21,45,26,25,96,111,142,58,117,5,17,8,20,46,51,56,0,81,112,57,120,19,13,3,24,61,62,152,9,81,118,168,132,152,168,37,7,139,89,86,9,10,121,155,160,120,34,125,83,164,91,139,160,51,113,137,32,38,68,121,147,169,55,63,65,156,36,25,171,70,135,32,27,27,123,30,29,57,113,145,166,32,37,38,47,87,57,35,35,113,165,167,39,48,77,102,122,42,108,165,44,41,48,93,72,125,40,46,42,49,88,123,48,45,102,146,44,75,111,48,48,168,57,72,163,50,173,56,151,52,113,78,93,153,160,168,58,57,54,106,60,57,61,122,136,57,71,119,64,138,62,60,63,95,103,108,65,65,63,66,105,180,63,142,96,178,66,66,67,73,82,91,122,127,168,181,69,81,104,131,82,175,115,159,108,116,120,75,93,103,137,157,133,151,153,85,77,79,80,80,126,159
96,91,47,29,83,23,55,51,30,54,21,56,89,73,92,34,18,63,58,23,32,42,73,80,68,52,34,19,68,16,41,35,87,68,21,82,17,81,20,6,12,62,101,36,107,106,16,30,61,23,36,76,98,73,61,35,30,25,81,0,31,24,39,100,94,83,57,20,19,71,90,3,37,87,51,71,87,44,85,58,11,9,81,84,41,75,80,40,52,45,15,84,19,59,80,38,36,58,59,53,26,43,68,89,39,32,30,77,111,77,91,30,58,103,93,91,47,97,76,42,40,68,87,94,104,69,57,32,47,97,93,44,87,89,74,61,38,39,51,107,42,88,110,103,64,38,44,54,89,110,84,69,41,54,112,107,44,73,90,51,50,88,92,93,71,56,89,99,99,116,80,99,55,58,53,82,88,94,116,112,97,55,118,89,81,62,71,100,69,62,80,73,115,108,83,59,59,60,81,121,89,83,61,107,102,79,66,107,102,98,97,82,74,68,70,71,98,110,102,79,69,75,80,106,72,94,72,73,74,123,77,73,81,93,80,90,91,87,112,121,106,112,82,98
126,121,75,53,54,41,30,80,24,28,32,29,120,44,122,63,38,94,88,49,17,18,43,110,98,83,63,44,98,26,71,65,56,99,16,51,47,112,50,30,22,32,132,67,138,137,16,4,30,54,6,107,129,104,92,66,61,56,112,31,0,55,8,131,125,114,88,51,50,40,121,31,7,56,20,40,56,75,116,28,24,27,112,114,14,44,49,15,82,18,34,53,29,31,50,66,18,31,89,82,51,21,39,59,66,58,56,48,141,107,62,53,33,134,123,121,27,127,106,68,28,42,59,124,134,97,84,45,73,127,123,35,60,62,103,88,57,40,36,136,39,61,139,133,90,47,65,40,118,139,112,95,53,41,141,136,47,51,118,70,47,115,120,69,96,77,65,126,74,144,59,126,53,76,64,61,66,71,144,140,124,58,146,115,105,56,57,127,90,57,104,59,143,135,107,70,65,63,105,148,114,106,67,83,128,66,77,85,127,123,121,104,92,82,67,66,78,88,126,98,77,69,99,85,74,77,78,75,74,149,91,83,73,78,75,77,78,105,136,146,128,135,81,84
73,69,30,26,106,32,78,32,51,77,37,79,66,97,69,20,28,41,36,20,54,65,97,57,45,31,18,22,45,36,19,15,111,44,43,106,13,58,9,27,35,86,77,13,83,82,39,54,85,4,60,52,74,49,37,11,6,2,57,24,55,0,63,76,70,59,33,4,5,95,66,24,61,111,75,95,111,20,61,82,33,30,58,60,64,99,104,63,29,68,29,107,36,83,103,19,58,81,37,31,21,65,91,113,23,22,22,99,87,54,114,25,80,80,70,68,68,74,54,28,59,89,110,72,81,48,39,39,34,75,71,60,109,111,54,43,37,52,69,84,57,110,87,81,46,46,38,73,68,88,63,51,45,71,90,85,55,93,70,45,63,68,72,114,56,48,109,78,120,94,99,79,67,52,56,100,107,114,95,91,78,63,97,71,65,75,87,81,58,74,65,89,95,88,67,61,64,67,67,100,73,68,66,127,84,94,66,126,85,81,80,70,66,65,80,83,117,130,85,69,71,87,71,124,77,110,75,79,81,104,72,74,93,109,91,105,106,77,95,103,91,96,89,112
134,129,83,60,47,48,26,88,29,25,39,25,128,38,130,71,46,102,96,57,22,18,37,118,106,91,71,52,106,33,79,73,49,107,24,43,55,120,58,38,30,24,140,75,146,145,25,10,23,62,5,115,137,112,100,74,69,64,120,39,8,63,0,139,133,122,96,59,58,32,129,39,3,48,12,32,48,83,124,20,32,35,120,122,10,36,41,12,90,14,40,46,35,24,42,74,19,24,97,90,58,19,32,52,73,65,63,40,149,114,54,60,27,141,130,128,25,135,113,75,29,36,51,131,141,105,91,50,80,134,130,36,53,55,110,95,63,43,35,144,41,55,147,140,97,51,71,38,125,147,119,102,58,40,149,143,50,47,126,76,49,122,127,62,103,82,59,133,67,151,55,133,55,82,67,57,61,65,152,147,131,60,153,121,112,56,55,133,96,58,110,57,150,141,113,73,68,65,111,155,120,112,69,77,134,63,81,79,134,129,128,109,97,86,67,66,73,82,133,103,80,69,104,80,76,73,81,77,75,156,95,86,72,75,75,75,75,110,142,152,134,141,82,81
27,29,65,88,181,100,152,59,123,151,108,154,25,172,22,74,99,43,49,87,128,139,172,28,38,53,72,92,38,110,62,68,186,35,119,181,86,21,81,102,110,162,7,64,9,8,115,130,161,77,136,24,4,27,39,65,70,75,19,100,131,76,139,0,6,17,43,80,81,171,10,100,137,187,151,171,187,56,16,158,108,105,20,19,139,174,179,138,51,144,102,183,109,158,179,69,132,156,48,54,86,139,166,188,72,81,83,174,23,35,189,87,154,24,26,27,141,26,38,74,131,163,184,31,30,49,61,104,73,33,35,130,183,185,49,61,93,119,140,35,125,183,36,36,61,110,87,143,43,39,47,60,105,141,40,40,118,164,47,90,128,52,51,186,67,86,180,50,191,49,168,52,129,92,109,170,177,185,52,52,55,122,53,62,68,138,153,58,82,136,72,155,57,58,71,110,118,123,73,59,69,74,120,197,64,159,110,195,68,69,70,82,93,104,138,142,184,198,72,91,118,146,91,191,129,175,122,130,135,71,105,116,153,173,148,167,169,94,77,76,83,81,140,174
26,27,60,82,175,94,146,54,117,145,102,148,22,166,20,68,93,38,43,81,122,133,166,24,33,48,66,86,33,104,57,62,180,30,113,175,80,16,75,96,104,156,10,58,14,13,109,124,155,71,130,18,5,21,33,59,64,69,13,94,125,70,133,6,0,11,37,74,75,165,4,94,131,181,145,165,181,50,10,152,102,99,15,14,133,168,173,132,46,138,96,177,103,152,173,63,126,150,42,48,80,133,160,182,66,75,77,168,26,30,183,81,148,25,25,25,135,25,34,68,125,157,178,29,30,45,56,99,68,32,33,124,177,179,45,56,88,113,134,36,119,177,37,36,56,104,82,137,40,40,44,55,99,135,41,40,113,158,45,84,122,49,48,180,63,81,174,49,185,50,163,51,124,87,103,164,172,179,53,52,54,116,54,60,65,133,147,56,78,130,68,149,57,57,67,105,113,118,70,60,66,70,114,191,63,153,105,190,66,67,68,78,88,99,132,137,179,193,70,87,113,141,87,186,124,170,117,125,130,71,100,112,147,167,143,161,163,90,76,76,81,80,135,169
28,26,50,72,164,84,135,44,107,134,92,137,21,155,21,58,82,29,34,71,112,122,155,19,25,38,56,75,24,93,46,52,169,20,102,164,69,9,64,85,93,145,19,48,25,24,98,113,144,60,119,8,15,10,22,48,53,58,3,83,114,59,122,17,11,0,26,63,64,154,7,83,120,170,134,154,170,39,4,141,91,88,7,8,122,157,162,121,35,127,85,166,92,141,162,52,115,139,32,38,69,122,149,171,56,65,66,157,33,24,172,71,137,29,25,24,124,27,28,58,114,147,167,30,34,37,47,88,58,33,32,114,166,168,38,48,78,103,124,39,109,167,41,38,48,94,72,127,38,43,40,48,89,124,45,43,103,148,42,75,112,46,46,169,56,72,164,48,175,53,152,50,114,78,94,154,161,169,56,54,52,107,57,56,60,123,137,55,70,120,63,139,59,57,62,96,103,108,64,63,62,65,105,181,61,143,96,179,64,65,65,72,81,91,123,127,169,182,67,81,104,131,81,176,115,160,109,116,120,73,93,103,138,157,134,152,153,85,75,77,78,78,126,159
44,40,31,49,138,60,110,26,82,109,67,111,37,130,39,34,58,19,19,46,86,97,129,28,20,19,32,50,19,68,22,27,144,16,76,139,43,26,39,60,67,119,45,22,50,49,72,87,118,34,93,19,41,16,5,22,27,32,24,57,88,33,96,43,37,26,0,37,38,128,33,57,94,144,108,128,144,13,28,115,65,62,25,27,96,131,136,96,14,101,59,140,67,115,136,29,89,113,18,20,45,97,123,145,33,41,43,132,56,27,147,47,111,49,40,38,99,44,29,37,89,121,142,43,52,30,32,64,39,47,44,89,141,143,35,35,56,79,99,55,85,141,58,53,36,71,52,102,44,60,42,39,67,100,62,57,79,123,47,56,89,48,51,145,47,55,139,56,150,68,128,57,91,61,74,129,137,144,69,66,57,85,71,55,54,100,114,60,58,98,56,115,71,66,57,76,83,87,58,75,60,59,85,157,65,120,79,155,67,66,66,64,68,75,102,106,145,158,69,70,86,110,70,152,95,137,90,97,100,82,79,86,116,135,113,130,131,76,79,84,78,81,107,137
77,73,33,26,102,30,74,35,48,73,34,75,70,93,73,22,26,45,40,20,51,61,93,61,49,35,21,21,49,33,23,18,107,49,40,102,11,62,8,23,31,82,81,17,87,86,36,50,81,6,56,56,78,53,41,15,10,6,61,20,51,4,59,80,74,63,37,0,1,91,70,20,57,107,71,91,107,24,65,78,28,26,61,64,60,94,100,59,32,64,25,103,32,78,99,21,53,77,40,34,18,61,87,109,24,21,21,95,91,57,110,23,76,84,73,71,64,77,57,28,55,85,106,75,85,51,40,36,34,78,74,57,105,107,56,45,35,48,66,87,53,106,90,84,48,43,37,69,71,91,66,52,43,67,93,88,51,89,72,44,59,70,75,110,57,48,105,81,115,97,95,81,63,51,53,97,103,110,98,94,80,60,99,73,66,72,83,83,58,70,66,85,97,90,69,59,61,64,68,103,74,69,64,123,86,91,64,122,86,83,82,70,65,64,77,79,113,126,87,69,69,84,71,120,75,106,73,76,78,106,71,72,90,105,88,101,103,77,97,105,92,97,86,109
78,74,33,26,101,30,73,36,47,72,33,74,71,92,74,22,26,46,41,19,50,60,92,62,50,36,21,20,50,32,24,19,106,49,39,101,11,63,8,22,30,81,82,18,88,87,35,49,80,6,55,57,79,54,42,16,11,7,62,19,50,5,58,81,75,64,38,1,0,90,71,19,56,106,70,90,106,25,66,77,27,25,62,64,59,93,99,58,33,63,24,102,31,77,98,21,52,76,41,35,18,60,86,108,24,21,21,94,92,58,109,23,75,84,74,72,63,78,58,29,54,84,105,76,85,52,41,36,34,79,75,56,104,106,57,45,35,47,65,88,52,105,91,85,48,43,37,68,72,92,67,53,42,67,94,89,51,88,73,44,59,71,76,109,57,48,104,82,115,98,94,82,63,51,53,96,103,110,99,95,81,60,100,74,67,71,82,84,59,70,67,84,98,91,69,58,61,64,68,103,75,70,63,122,86,90,64,122,87,84,82,71,66,64,76,79,112,125,87,70,69,83,71,119,74,106,73,76,78,107,71,72,89,105,87,100,102,77,97,105,92,98,85,108
166,161,114,91,27,78,33,119,55,33,69,29,159,21,162,102,77,133,127,88,48,38,19,150,138,122,103,83,138,64,111,105,20,139,54,16,87,152,90,69,62,12,172,107,178,177,56,41,12,94,35,147,169,144,132,106,101,96,152,71,40,95,32,171,165,154,128,91,90,0,161,71,34,16,20,2,16,115,156,14,63,66,152,154,33,9,13,35,122,30,71,18,65,21,17,105,43,23,128,121,89,38,19,24,104,95,93,21,180,146,28,90,30,173,162,160,40,166,144,105,50,29,29,163,173,135,122,77,109,165,161,56,34,35,140,125,91,66,49,175,62,36,178,171,127,76,99,50,156,177,149,132,84,53,180,174,73,43,156,103,67,152,157,47,132,110,47,163,50,182,50,163,72,108,91,52,51,51,182,177,161,80,183,150,140,70,61,163,123,72,138,62,179,171,141,96,89,84,139,185,148,140,89,61,163,67,103,65,162,158,156,136,122,110,81,78,64,68,161,128,100,79,129,68,93,70,100,93,90,184,118,106,80,73,84,76,75,135,169,180,161,168,95,79
27,27,57,79,171,91,142,51,114,141,99,144,22,162,21,65,89,35,40,78,119,130,162,22,31,44,63,82,30,100,53,59,177,26,109,171,76,13,72,92,100,152,14,55,18,17,105,120,151,67,126,15,9,17,29,55,60,65,9,90,121,66,129,10,4,7,33,70,71,161,0,90,127,177,141,161,177,46,6,148,98,95,11,10,129,164,169,128,41,133,92,172,99,148,169,59,122,146,38,44,76,129,156,178,62,71,73,164,28,27,179,77,144,25,23,23,131,24,31,64,121,153,174,28,30,41,52,95,64,31,31,120,173,175,41,53,84,109,130,35,115,173,37,36,52,100,78,133,38,40,42,52,95,131,41,40,109,154,42,80,118,47,46,176,60,77,170,47,181,50,158,49,120,83,99,160,168,175,53,52,52,112,54,57,62,128,143,55,74,126,65,145,57,56,64,101,109,114,67,60,63,67,110,187,61,149,101,186,64,65,66,75,85,96,129,133,175,189,68,84,109,137,84,182,120,166,113,121,126,71,97,108,143,163,139,157,159,87,75,75,79,78,131,165
97,92,48,31,83,26,56,52,33,55,24,57,90,74,92,36,21,64,59,25,34,43,74,80,69,53,36,21,68,18,41,36,87,68,22,82,19,82,21,9,13,63,101,37,107,106,17,31,61,24,36,76,98,73,61,35,30,25,81,3,31,24,39,100,94,83,57,20,19,71,90,0,37,87,51,71,87,44,85,58,9,7,81,83,40,74,80,39,51,44,12,83,16,59,79,36,34,57,59,52,23,42,67,89,37,30,28,76,110,76,90,27,56,103,92,90,45,96,75,40,38,66,86,93,103,68,55,29,45,96,92,41,86,88,73,59,35,36,49,106,39,87,109,102,62,35,42,52,88,109,82,67,38,52,111,105,41,71,89,48,47,86,91,92,69,54,87,97,97,115,78,97,53,55,50,80,86,93,115,110,96,52,116,87,79,59,68,98,67,59,78,70,114,106,81,56,56,57,79,119,87,81,58,105,100,76,63,105,100,96,95,80,71,66,67,69,96,109,100,76,66,72,78,104,69,91,69,70,71,121,74,70,78,91,78,88,89,84,110,119,103,110,79,95
133,128,82,59,50,48,29,87,30,28,39,27,126,40,129,69,45,100,94,56,22,20,39,117,105,89,70,51,105,32,77,71,51,105,23,46,53,118,57,36,28,27,138,73,144,143,23,10,25,60,6,113,135,110,98,72,67,62,118,37,7,61,3,137,131,120,94,57,56,34,127,37,0,50,14,34,50,81,122,21,29,32,118,120,8,38,43,10,88,13,38,47,32,24,43,72,16,24,95,88,56,17,33,53,71,62,60,41,147,112,55,57,27,139,128,126,23,132,111,72,27,35,52,129,139,102,89,47,77,132,128,34,54,55,107,92,60,40,33,141,38,55,144,138,95,48,68,36,123,144,116,100,55,38,146,141,48,46,123,73,46,119,124,62,100,80,59,131,67,149,54,131,52,79,65,56,60,65,149,144,129,58,150,119,109,54,53,131,93,56,107,55,147,139,110,71,66,63,108,152,117,110,67,77,131,62,78,78,131,127,125,107,94,84,65,64,73,82,130,100,77,66,101,79,74,72,78,74,72,153,92,83,70,74,72,73,74,108,139,149,131,138,80,79
182,177,130,106,28,94,45,135,71,45,84,42,175,27,178,118,92,149,143,104,63,53,26,166,154,138,119,99,154,80,127,121,14,155,70,14,103,168,106,85,78,27,188,123,194,193,72,57,27,110,51,163,185,160,148,122,117,112,168,87,56,111,48,187,181,170,144,107,106,16,177,87,50,0,36,16,1,131,172,29,79,82,168,170,49,15,12,50,137,45,87,14,80,33,17,121,58,36,144,137,104,52,28,17,120,111,109,24,196,161,21,105,41,188,177,176,53,182,160,121,64,37,26,178,188,151,137,92,125,181,177,69,33,32,156,140,105,80,61,190,75,35,193,186,142,90,114,61,171,193,164,147,98,64,195,189,86,49,171,117,80,167,172,46,146,124,48,178,47,197,55,178,84,122,104,56,53,51,197,192,176,92,198,165,154,80,69,177,137,83,152,70,194,186,155,109,101,96,153,200,163,154,101,58,177,73,115,62,177,172,170,150,136,122,91,87,65,65,175,141,112,87,143,67,103,73,111,103,100,199,130,118,87,77,92,81,80,148,184,194,174,182,105,83
147,142,95,73,40,60,27,100,40,26,51,24,140,30,143,83,58,114,108,69,32,25,29,131,119,103,83,64,119,45,91,85,38,119,36,33,67,132,71,50,42,15,152,87,158,157,37,22,13,74,17,127,149,124,112,86,81,76,132,51,20,75,12,151,145,134,108,71,70,20,141,51,14,36,0,20,36,95,136,7,43,46,132,134,14,24,29,16,101,13,51,33,45,14,30,85,24,16,108,101,69,21,21,39,84,75,73,29,160,126,42,70,21,153,142,140,25,146,124,85,33,27,40,143,153,115,102,58,90,145,141,40,42,44,120,105,72,49,35,155,45,44,158,151,108,58,80,37,136,157,129,112,65,40,160,154,56,40,136,84,52,132,137,53,112,91,51,144,57,162,48,143,58,90,74,50,53,56,162,157,141,65,163,131,121,57,53,143,104,59,119,54,160,151,122,79,73,69,120,165,129,121,74,68,144,60,86,70,143,139,137,118,104,93,68,66,66,73,142,110,85,68,112,72,79,68,85,79,77,165,101,91,71,70,74,71,71,118,151,161,142,150,84,76
166,161,114,91,29,79,34,120,56,34,69,31,160,23,162,102,77,134,128,89,49,39,21,150,138,123,103,83,138,64,111,105,21,139,55,17,87,152,91,70,62,13,172,107,178,177,57,42,13,94,36,147,169,144,132,106,101,96,152,71,40,95,32,171,165,154,128,91,90,2,161,71,34,16,20,0,16,115,156,13,63,66,152,154,33,8,11,34,121,30,71,16,64,19,15,105,42,22,128,121,88,37,17,23,104,95,93,19,180,145,26,89,28,172,162,160,39,166,144,105,49,27,27,162,172,135,121,76,109,165,161,55,32,33,140,124,90,65,47,174,61,34,177,170,127,75,98,48,155,177,149,131,83,52,179,173,72,41,155,102,66,151,156,45,131,109,45,163,48,181,48,162,71,107,90,50,49,49,181,176,160,79,182,149,139,68,59,162,122,71,137,60,179,170,140,95,87,83,138,184,147,139,88,59,162,65,101,63,161,157,155,135,121,108,79,76,62,66,160,127,98,77,128,66,91,68,98,91,88,183,117,105,78,71,82,74,73,134,169,179,160,167,94,77
182,177,130,107,29,94,46,136,71,46,84,42,176,28,178,118,93,149,144,104,64,53,26,166,154,138,119,99,154,80,127,121,15,155,70,15,103,168,106,86,78,27,188,123,194,193,72,58,27,110,51,163,185,160,148,122,117,112,168,87,56,111,48,187,181,170,144,107,106,16,177,87,50,1,36,16,0,131,172,29,79,82,168,170,49,15,11,50,137,45,87,13,80,33,16,121,58,35,144,137,104,52,27,16,120,111,109,24,196,161,20,105,41,188,177,175,53,181,160,120,64,36,25,178,188,151,137,91,124,181,177,68,32,31,155,140,105,80,60,190,75,34,193,186,142,90,114,60,171,193,164,147,97,64,195,189,85,48,171,117,79,167,172,45,146,123,47,178,46,197,54,178,83,121,103,55,52,50,196,192,175,92,198,164,154,79,68,177,137,82,152,69,194,185,155,108,100,95,153,199,162,154,101,57,177,73,115,61,176,172,170,149,135,122,90,86,64,64,175,141,111,86,142,66,103,72,110,103,99,198,130,117,86,76,92,80,79,148,183,194,174,182,104,82
57,53,29,40,126,50,98,27,70,97,56,99,49,117,51,27,47,28,25,36,74,85,117,40,30,22,25,40,30,56,17,19,131,27,64,126,32,39,27,47,55,107,58,13,64,63,60,75,105,22,80,33,54,30,18,11,15,20,37,44,75,20,83,56,50,39,13,24,25,115,46,44,81,131,95,115,131,0,41,102,52,49,37,39,83,118,123,82,11,87,46,126,53,102,123,17,76,100,19,16,32,83,110,132,22,28,30,118,67,35,133,34,98,60,50,48,86,54,35,26,76,108,128,52,61,32,27,52,30,55,52,76,128,130,37,31,44,66,86,64,72,128,68,62,34,58,41,89,50,68,46,38,55,87,70,65,67,110,52,47,76,52,55,131,45,47,126,61,137,76,115,62,79,52,62,116,124,131,77,73,61,73,78,57,53,87,101,64,52,86,54,103,77,71,56,66,72,76,56,82,60,57,74,143,68,108,69,142,70,68,67,61,62,66,90,94,132,145,71,64,76,98,65,139,85,124,80,86,89,87,71,77,104,122,101,117,119,71,81,87,78,82,96,125
31,30,54,75,167,87,138,48,110,137,95,139,25,158,25,61,85,33,38,74,114,125,158,23,29,41,59,78,28,96,49,55,172,24,104,167,71,14,67,88,96,147,19,50,24,23,100,115,146,63,121,12,15,14,25,50,55,60,7,85,116,61,124,16,10,4,28,65,66,156,6,85,122,172,136,156,172,41,0,143,93,90,5,4,124,159,164,123,36,128,86,167,94,142,163,53,117,141,32,39,70,124,151,173,57,65,67,159,29,22,174,72,138,25,20,20,126,22,25,58,115,148,169,25,30,35,46,89,58,29,28,115,168,169,36,47,78,103,125,34,109,168,37,34,47,95,72,127,34,39,37,46,89,125,41,38,103,149,38,75,112,42,42,170,54,71,165,44,176,49,153,46,114,77,94,154,162,170,51,50,48,106,53,52,57,123,137,51,69,120,60,139,55,53,59,95,103,108,62,58,59,62,105,182,57,143,95,180,60,61,62,70,79,90,123,127,169,183,64,79,103,131,79,176,114,160,108,116,120,68,91,102,137,157,133,152,153,82,71,72,75,74,125,159
154,149,102,80,37,68,30,108,46,29,58,27,147,28,150,90,66,121,115,77,39,30,26,138,126,110,91,71,126,53,98,93,33,126,43,28,74,140,78,57,49,13,159,95,165,164,44,30,10,81,24,134,156,131,119,93,88,83,139,58,28,82,20,158,152,141,115,78,77,14,148,58,21,29,7,13,29,102,143,0,50,53,139,141,20,17,22,21,108,17,58,26,51,11,23,92,30,13,115,108,75,24,16,32,91,82,80,23,167,132,35,76,20,159,148,146,28,152,131,92,37,23,33,149,159,122,108,64,96,152,148,43,36,38,127,111,77,53,37,161,49,38,164,157,114,63,86,39,142,164,136,118,70,42,166,160,60,37,142,89,55,138,143,47,118,96,46,150,52,168,45,149,60,95,78,47,49,51,168,163,147,68,169,136,126,59,52,149,110,61,124,54,166,157,128,83,76,72,125,171,135,127,77,63,149,59,90,65,149,144,142,123,109,97,70,68,62,68,147,115,88,69,116,67,81,65,88,82,79,171,105,94,71,68,75,69,69,122,156,166,147,155,85,74
106,101,57,39,77,32,52,61,32,50,27,52,98,68,101,45,27,73,67,33,31,38,67,89,77,62,44,29,77,20,50,45,80,77,20,75,27,90,30,14,13,56,110,46,116,115,13,25,54,33,30,84,106,81,69,44,39,34,89,11,24,33,32,108,102,91,65,28,27,63,98,9,29,79,43,63,79,52,93,50,0,3,89,91,31,66,71,31,58,36,11,75,10,50,71,42,25,49,65,58,27,33,58,80,42,34,32,67,117,83,82,30,48,110,99,97,36,103,81,44,29,57,77,100,110,73,60,26,49,103,99,33,77,79,79,64,36,30,40,112,32,78,115,109,67,31,43,44,94,115,88,72,36,43,117,112,36,62,95,49,41,91,96,83,73,55,78,102,88,120,69,102,46,56,48,71,77,84,121,116,101,47,122,91,82,53,60,103,69,52,81,62,119,111,84,54,52,52,82,124,91,84,54,97,104,69,61,96,104,100,99,82,72,64,61,62,88,100,104,77,63,66,79,95,64,83,65,65,65,126,73,68,71,83,71,80,81,85,113,123,106,113,73,87
103,98,55,38,81,32,55,59,34,53,28,55,96,71,98,43,27,71,65,32,33,41,71,86,75,60,42,28,75,21,48,42,83,74,22,78,26,87,28,14,15,59,107,43,113,112,16,28,57,30,33,82,103,79,67,41,36,31,86,9,27,30,35,105,99,88,62,26,25,66,95,7,32,82,46,66,82,49,90,53,3,0,86,88,34,69,74,33,55,38,8,77,9,53,74,39,28,51,62,55,24,35,61,83,39,31,29,70,114,80,85,27,50,107,96,94,38,100,78,41,30,60,80,97,107,70,57,25,46,99,96,34,80,82,75,61,33,29,42,109,33,80,112,105,64,30,40,45,91,112,85,68,34,45,114,108,36,64,91,47,41,88,93,85,70,53,80,99,90,117,71,99,46,54,46,73,79,86,117,113,98,46,119,88,79,53,61,100,66,53,78,63,116,108,81,52,51,51,79,121,88,81,53,98,101,69,59,98,101,97,96,79,69,62,60,62,89,102,101,75,62,66,76,97,63,84,64,64,65,123,71,66,72,84,71,81,82,83,110,120,103,110,73,88
35,34,53,73,163,84,135,47,107,134,92,136,29,155,28,59,83,33,37,71,111,122,154,25,29,40,57,75,28,93,47,52,168,24,101,163,68,16,64,84,92,144,24,47,29,28,97,112,143,59,118,12,20,13,22,47,52,57,9,81,112,58,120,20,15,7,25,61,62,152,11,81,118,168,132,152,168,37,5,139,89,86,0,2,120,155,160,119,31,124,82,163,89,138,159,49,112,136,27,34,66,120,146,168,52,61,63,155,31,17,170,67,134,25,19,18,121,22,21,53,111,143,164,23,29,30,41,84,53,27,26,110,163,165,31,42,73,99,120,34,105,163,36,33,42,90,67,123,31,38,33,41,84,120,40,37,98,144,35,70,108,39,39,166,49,66,160,41,171,48,148,43,109,72,89,150,157,165,50,48,45,102,51,49,52,118,133,48,64,115,55,134,53,51,55,90,98,103,57,57,54,58,100,177,54,138,90,175,57,58,58,65,75,85,118,122,164,178,60,74,98,126,74,171,109,155,103,111,115,66,86,97,132,153,128,147,148,78,68,70,71,71,120,154
35,34,55,75,166,87,137,49,109,136,94,138,29,157,29,61,85,35,39,73,113,124,156,26,31,42,59,77,30,95,49,54,170,26,103,165,70,17,66,86,94,146,23,49,28,27,99,114,145,61,120,14,19,15,25,49,54,59,10,84,114,60,122,19,14,8,27,64,64,154,10,83,120,170,134,154,170,39,4,141,91,88,2,0,122,157,162,121,33,126,84,165,91,140,161,51,114,138,29,35,68,121,148,170,54,62,64,157,29,17,172,69,136,23,17,16,123,20,21,55,112,145,166,22,27,31,42,86,54,25,24,112,165,167,32,43,75,100,122,32,106,165,34,31,43,91,68,124,30,36,33,42,86,122,38,35,100,146,34,71,109,38,38,167,50,67,162,40,173,46,150,42,110,73,90,151,159,167,48,46,44,103,50,48,52,119,134,47,64,117,56,136,52,49,55,91,99,104,57,55,54,58,101,178,53,140,91,177,56,57,57,66,75,86,119,123,166,180,60,74,99,127,74,173,110,156,104,112,116,65,87,98,134,154,129,148,150,78,67,69,70,70,121,156
137,132,86,65,53,54,36,91,38,34,45,34,130,44,132,74,51,104,98,61,30,28,43,120,108,93,74,56,108,38,81,75,52,108,30,47,57,121,60,41,34,29,141,77,147,146,28,17,27,64,14,116,138,113,101,75,70,65,121,41,14,64,10,139,133,122,96,60,59,33,129,40,8,49,14,33,49,83,124,20,31,34,120,122,0,35,40,2,89,5,38,43,32,19,39,72,11,18,95,88,56,9,28,49,71,62,60,36,148,113,51,57,19,140,129,127,15,133,111,72,20,28,47,130,140,102,89,44,76,132,128,27,48,49,107,91,58,35,25,141,32,49,145,138,94,44,66,28,122,144,116,99,52,30,146,140,43,38,123,70,40,119,124,55,99,77,52,130,60,148,46,130,46,76,60,48,52,57,148,144,127,52,150,117,107,47,45,129,91,48,105,47,146,138,108,66,60,57,106,151,115,107,61,70,130,53,73,71,129,125,123,104,91,79,58,56,65,75,128,96,72,59,98,71,67,64,72,68,66,151,88,78,62,66,65,65,65,104,137,147,128,136,73,71
171,166,119,97,35,84,42,124,62,41,75,38,164,30,167,107,82,138,132,93,55,46,28,154,143,127,107,88,142,69,115,109,25,143,60,22,91,156,95,74,66,21,176,111,182,181,61,46,20,98,40,151,172,147,136,110,105,100,155,75,44,99,36,174,168,157,131,94,93,9,164,74,38,15,24,8,15,118,159,17,66,69,155,157,35,0,5,36,124,31,73,9,66,18,7,107,44,21,130,123,90,37,13,16,106,97,95,12,182,148,19,91,26,175,164,162,38,168,146,106,49,22,20,164,174,137,123,77,110,167,163,54,25,25,141,126,91,65,45,176,60,27,179,172,128,75,99,46,157,179,150,132,83,49,181,175,71,35,157,102,64,152,157,37,132,109,38,164,41,182,42,163,69,107,89,44,42,42,182,177,161,77,183,150,139,65,55,163,122,68,137,56,180,171,140,93,86,81,138,185,148,139,86,52,163,60,100,55,162,157,155,135,120,107,76,72,55,58,160,126,96,73,127,59,88,61,96,88,85,184,115,103,73,65,78,68,68,133,168,179,159,167,90,71
176,171,124,102,36,89,45,130,67,45,80,42,169,32,172,112,87,143,137,98,60,50,30,159,148,132,113,93,147,74,120,114,24,148,65,22,96,161,100,79,71,25,181,116,187,186,66,52,24,103,46,156,177,153,141,115,110,105,160,80,49,104,41,179,173,162,136,100,99,13,169,80,43,12,29,11,11,123,164,22,71,74,160,162,40,5,0,41,129,36,78,5,71,23,5,112,48,25,135,128,95,42,16,11,111,102,100,13,187,152,15,96,30,180,169,167,42,173,151,111,53,25,17,169,179,141,128,81,115,171,167,58,23,23,146,130,95,69,49,181,64,25,184,177,133,79,104,49,161,183,155,137,87,53,185,180,75,37,161,107,68,157,162,36,136,113,37,168,38,187,43,168,72,111,93,44,42,41,187,182,165,81,188,154,144,68,57,167,126,71,142,58,184,175,145,97,89,84,142,189,152,144,90,50,167,62,104,53,166,161,159,139,124,111,79,75,54,57,164,130,100,75,131,58,92,62,99,91,88,188,119,106,75,66,80,69,69,137,173,183,163,171,93,72
136,131,86,65,55,55,38,91,39,37,46,36,129,46,132,74,51,103,98,61,32,30,45,120,108,93,74,56,108,39,81,75,54,107,30,49,57,121,60,41,34,31,140,76,146,145,29,19,29,63,16,115,137,112,100,74,69,65,120,40,15,63,12,138,132,121,96,59,58,35,128,39,10,50,16,34,50,82,123,21,31,33,119,121,2,36,41,0,88,5,37,44,30,19,40,71,9,18,94,87,54,7,28,49,70,61,59,36,146,112,51,55,18,139,128,126,13,132,110,71,18,28,47,128,138,101,87,42,75,131,127,25,47,49,106,90,56,33,23,140,30,48,143,136,92,42,64,26,121,143,114,97,50,28,145,139,40,37,121,68,38,117,122,55,97,75,51,128,60,147,44,128,43,74,58,47,51,57,147,142,126,50,148,115,105,44,43,128,89,46,103,45,145,136,106,64,58,54,104,150,114,106,59,69,128,52,71,70,128,123,121,102,89,77,55,54,64,74,126,94,69,57,96,70,65,62,70,65,63,150,86,76,60,64,63,63,64,102,135,145,127,134,71,69
57,54,39,51,134,60,107,36,80,105,66,108,50,125,51,38,57,33,31,47,83,93,125,41,34,30,36,50,33,65,27,30,138,29,72,133,41,37,37,56,63,114,54,24,60,59,67,82,112,32,88,31,50,27,19,21,25,29,34,52,82,29,90,51,46,35,14,32,33,122,41,51,88,137,101,121,137,11,36,108,58,55,31,33,89,124,129,88,0,93,51,132,58,107,128,17,81,105,8,6,35,88,115,137,21,29,31,123,59,25,138,36,103,51,41,39,90,45,25,24,79,112,133,43,52,21,18,53,25,46,42,79,132,134,27,22,43,68,89,55,74,132,58,52,24,59,38,91,40,59,35,27,54,89,61,56,68,113,42,43,77,41,45,134,35,41,129,50,140,65,117,51,79,47,60,119,126,134,66,62,51,72,68,46,43,88,102,54,44,86,44,104,67,60,46,63,70,74,46,72,49,47,72,146,57,108,65,144,59,57,56,52,55,61,89,93,134,147,60,56,72,97,57,141,82,125,77,83,87,77,65,72,103,123,100,117,119,63,70,77,68,72,93,125
141,136,91,70,52,59,38,96,42,36,50,35,134,43,137,79,56,109,103,66,35,31,42,125,113,98,79,61,113,43,86,80,50,113,35,45,62,126,65,46,39,28,145,81,151,150,33,22,25,68,18,120,142,117,105,79,75,70,125,45,18,68,14,144,138,127,101,64,63,30,133,44,13,45,13,30,45,87,128,17,36,38,124,126,5,31,36,5,93,0,42,39,35,14,35,76,13,13,99,92,59,8,23,44,75,66,64,31,151,116,46,60,14,144,133,131,13,137,115,75,21,23,42,133,143,106,92,47,79,135,132,27,43,44,110,95,60,36,23,145,33,44,148,141,97,46,69,25,126,147,119,102,53,28,150,144,43,33,126,72,39,122,127,50,101,79,47,133,55,152,41,133,45,78,61,43,47,52,151,147,130,52,153,120,109,45,42,132,93,47,107,44,149,140,111,67,60,56,108,154,118,110,61,65,132,50,74,66,132,127,125,106,92,80,56,54,60,70,130,98,72,57,99,67,66,60,72,67,64,154,89,78,60,62,63,61,62,105,139,149,130,138,71,67
102,97,57,43,87,38,62,60,42,61,35,62,94,78,97,45,33,70,64,36,41,49,77,85,74,60,44,33,73,29,48,43,89,72,30,84,28,85,29,21,23,65,104,42,110,109,24,35,63,30,39,79,100,76,64,39,35,31,83,15,34,29,40,102,96,85,59,25,24,71,92,12,38,87,51,71,87,46,86,58,11,8,82,84,38,73,78,37,51,42,0,81,7,56,77,34,30,54,57,50,18,37,64,86,33,24,22,72,109,75,87,20,52,102,91,89,40,95,73,35,30,62,82,91,101,64,51,17,39,94,90,32,81,83,69,54,25,25,41,103,29,82,107,100,57,23,33,44,85,106,78,62,26,43,108,103,30,64,85,39,36,82,87,86,63,45,81,93,91,111,70,93,41,45,38,72,79,86,111,106,91,40,112,81,72,49,59,93,58,48,71,61,109,101,74,45,44,45,72,115,80,73,46,98,94,67,51,98,94,90,88,71,61,54,55,57,88,101,93,67,54,61,68,95,57,82,57,58,59,116,63,59,67,81,66,77,79,75,103,112,96,102,67,85
180,175,128,106,40,94,50,134,72,50,84,47,173,37,175,116,92,147,141,102,64,55,35,163,151,136,116,97,151,79,124,118,27,151,69,26,100,165,103,83,75,30,184,120,190,189,70,56,29,107,50,159,181,156,144,118,113,108,164,84,53,107,46,183,177,166,140,103,102,18,172,83,47,14,33,16,13,126,167,26,75,77,163,165,43,9,5,44,132,39,81,0,74,25,4,115,51,27,138,131,98,44,17,6,113,104,102,11,190,155,10,98,31,182,171,169,44,175,153,114,55,25,13,172,182,144,130,84,117,174,170,59,19,19,148,133,97,71,50,183,65,21,186,179,135,81,106,50,164,186,157,139,89,53,188,182,76,35,163,108,69,159,164,32,138,115,34,170,34,189,41,170,73,112,94,42,39,37,189,184,167,81,190,156,146,68,56,169,128,71,143,57,186,177,146,98,90,85,144,191,154,145,90,45,169,60,104,49,168,163,161,140,125,112,78,74,51,52,166,131,100,74,133,54,91,59,99,91,87,190,119,107,74,63,79,67,66,138,174,185,165,172,92,69
109,104,63,48,82,41,58,67,41,57,37,57,102,73,104,51,37,77,72,41,39,45,72,92,81,67,50,38,81,30,55,50,83,80,29,78,34,92,35,24,23,59,111,49,117,116,22,30,57,37,34,86,108,83,71,47,42,38,91,19,29,36,35,109,103,92,67,32,31,65,99,16,32,80,45,64,80,53,94,51,10,9,89,91,32,66,71,30,58,35,7,74,0,49,70,41,23,47,64,57,24,30,57,79,39,31,29,65,116,81,80,25,45,108,97,95,32,101,80,41,23,54,75,98,108,71,57,17,45,100,97,25,74,76,75,60,28,20,34,110,23,75,113,106,63,21,36,37,91,113,84,67,26,36,115,109,26,57,91,42,31,87,92,78,68,48,73,99,84,117,63,98,37,48,38,65,72,79,117,112,96,37,118,86,77,43,52,98,62,43,75,55,115,107,78,44,42,42,76,120,85,78,44,91,99,60,51,91,99,95,93,75,64,55,51,53,81,94,98,69,53,56,71,89,54,76,56,55,55,121,64,58,62,75,62,72,73,77,107,117,100,107,64,79
156,151,105,84,47,72,41,110,53,40,63,37,148,39,151,93,69,123,117,80,45,39,37,139,127,112,93,75,127,57,100,94,40,127,47,36,76,140,79,60,52,24,160,96,165,164,47,34,21,82,29,134,156,131,119,94,89,84,139,59,31,83,24,158,152,141,115,78,77,21,148,59,24,33,14,19,33,102,142,11,50,53,138,140,19,18,23,19,107,14,56,25,49,0,21,90,26,3,113,106,73,19,9,30,88,79,77,17,165,130,32,73,9,157,146,144,20,150,128,89,31,13,28,147,157,119,105,59,92,149,145,36,29,31,123,108,73,47,28,158,42,30,161,154,110,57,81,29,139,161,132,115,65,33,163,157,53,26,139,84,47,134,139,39,114,91,36,146,43,165,34,145,52,89,71,36,38,42,164,159,143,60,165,132,121,49,41,145,104,52,119,43,162,153,122,76,68,64,120,167,130,121,69,54,145,48,82,56,144,139,137,117,102,90,60,57,52,59,142,108,79,59,110,57,72,54,79,72,69,166,98,86,60,57,64,58,58,115,150,161,141,149,75,63
176,171,125,103,41,90,49,130,69,49,81,45,169,37,172,113,88,143,137,99,61,52,35,159,148,132,113,94,148,75,120,114,29,147,66,27,96,161,100,79,72,28,180,116,186,185,66,52,27,103,47,155,177,152,140,114,109,105,160,80,50,103,42,179,173,162,136,99,98,17,169,79,43,17,30,15,16,123,163,23,71,74,159,161,39,7,5,40,128,35,77,4,70,21,0,111,47,23,134,127,94,40,13,9,109,100,98,8,186,151,12,94,27,178,167,165,40,171,149,110,51,21,13,168,178,140,126,79,113,170,166,55,18,18,144,128,93,67,46,179,61,20,182,175,131,77,101,46,160,182,153,135,84,49,184,178,72,32,159,104,65,155,160,31,134,111,32,166,34,185,38,166,69,108,90,39,37,36,185,180,163,77,186,152,141,64,52,165,124,67,139,53,182,173,142,94,86,81,140,187,150,141,86,45,165,57,100,49,164,159,157,136,121,108,74,71,49,52,162,127,96,71,128,53,88,57,95,87,84,186,115,103,71,61,76,64,64,134,170,181,160,168,88,67
73,69,43,45,120,51,93,42,67,91,54,93,65,110,67,36,47,45,41,39,69,79,110,56,47,38,34,41,47,52,30,29,122,44,58,117,32,54,28,42,49,98,72,23,77,76,53,67,97,23,72,47,68,44,34,19,19,21,51,38,66,19,74,69,63,52,29,21,21,105,59,36,72,121,85,105,121,17,53,92,42,39,49,51,72,107,112,71,17,76,34,115,41,90,111,0,64,88,23,16,17,71,98,120,5,12,14,106,75,40,121,18,85,67,57,55,72,61,39,10,62,95,116,57,67,31,20,36,15,60,56,61,114,116,37,24,27,50,71,70,56,115,73,66,27,42,24,74,52,73,46,32,38,72,75,69,51,95,53,30,60,50,55,117,36,31,111,61,122,78,100,61,62,36,45,101,109,116,79,74,60,56,80,52,45,71,85,63,39,69,46,87,78,70,48,49,55,59,47,83,54,49,57,128,65,91,52,127,66,62,61,51,48,50,73,77,116,130,66,51,59,81,52,123,68,108,63,69,72,86,56,60,87,106,84,101,102,59,76,84,71,77,79,108
131,126,82,63,64,53,45,87,41,44,45,43,124,54,126,70,50,98,93,58,35,36,53,114,103,88,70,53,102,38,76,70,62,102,31,57,53,115,55,38,32,39,134,71,140,139,27,22,37,58,22,109,130,106,94,69,64,59,113,36,18,58,19,132,126,115,89,53,52,43,122,34,16,58,24,42,58,76,117,30,25,28,112,114,11,44,48,9,81,13,30,51,23,26,47,64,0,24,87,80,47,7,34,56,62,53,51,42,139,104,57,48,22,131,120,118,11,124,102,63,10,32,52,121,131,93,79,34,67,123,119,18,52,54,98,82,48,25,19,132,22,53,135,129,84,34,56,22,113,135,107,89,41,23,137,131,32,38,113,60,30,109,114,57,89,67,53,120,63,139,45,120,36,65,49,47,52,59,139,134,118,42,140,107,97,38,40,120,80,40,95,42,136,128,98,55,50,47,96,142,105,97,51,71,120,48,62,72,119,115,113,93,80,69,49,48,64,75,118,86,61,51,87,71,57,61,62,58,56,141,77,67,55,62,57,60,61,93,127,137,118,125,64,67
154,149,104,83,49,72,42,109,53,41,63,39,147,41,150,92,69,121,116,79,46,40,39,138,126,111,92,74,126,56,99,93,43,125,47,39,75,138,78,59,51,26,158,94,164,163,46,34,24,81,29,133,154,130,118,92,87,82,137,58,31,81,24,156,150,139,113,77,76,23,146,57,24,36,16,22,35,100,141,13,49,51,136,138,18,21,25,18,105,13,54,27,47,3,23,88,24,0,111,104,71,17,10,32,86,77,75,18,163,128,33,71,7,155,144,142,17,148,126,86,28,12,29,144,155,117,103,57,90,147,143,33,30,31,121,105,70,44,25,156,39,31,159,152,108,54,79,26,137,159,130,112,62,30,161,155,50,24,136,82,44,132,137,38,111,88,36,143,43,162,33,143,49,86,68,35,37,41,162,157,140,57,163,129,119,46,39,142,101,49,117,41,159,150,120,73,66,61,117,164,127,119,66,53,142,46,80,55,141,136,134,114,100,87,57,55,50,59,139,106,77,56,107,56,69,52,76,70,66,163,95,83,58,55,62,56,56,113,148,158,139,146,72,61
57,54,47,59,142,68,114,43,88,113,74,115,50,133,51,47,65,37,37,55,91,101,132,42,37,36,44,58,36,73,35,39,145,32,80,140,50,37,45,64,71,121,51,32,56,55,75,89,119,40,95,30,47,27,22,30,33,37,32,59,89,37,97,48,42,32,18,40,41,128,38,59,95,144,108,128,144,19,32,115,65,62,27,29,95,130,135,94,8,99,57,138,64,113,134,23,87,111,0,7,40,94,121,143,25,34,36,129,52,17,144,40,108,44,34,32,95,38,17,26,84,117,138,35,45,13,15,57,26,38,34,83,137,139,18,17,46,72,93,47,78,137,50,44,19,63,40,96,31,51,27,21,57,93,53,47,71,117,33,43,80,32,36,139,29,40,133,42,144,57,121,43,82,46,62,123,130,138,58,54,42,74,59,38,36,90,105,45,41,88,38,107,58,52,39,63,71,76,40,63,42,41,73,150,49,111,64,148,51,49,48,47,51,60,91,95,137,151,53,52,72,99,53,144,83,128,76,84,88,68,62,72,105,125,101,119,121,58,62,68,61,64,94,127
62,59,45,55,135,63,108,42,82,107,68,109,54,126,56,43,60,39,37,50,85,95,126,46,40,36,41,53,39,67,33,35,139,35,73,133,44,42,40,57,64,114,58,28,63,62,68,83,113,35,88,35,53,32,24,25,28,32,38,53,82,31,90,54,48,38,20,34,35,121,44,52,88,137,101,121,137,16,39,108,58,55,34,35,88,123,128,87,6,92,50,131,57,106,127,16,80,104,7,0,33,87,114,136,18,27,29,122,59,24,137,33,101,51,40,38,88,45,23,20,77,110,131,41,51,17,12,50,20,44,40,76,130,132,23,16,39,65,86,54,71,130,57,50,18,56,34,89,37,57,32,22,51,87,59,54,64,110,38,37,74,37,41,132,29,36,126,47,137,63,114,47,75,41,56,116,123,131,64,60,47,68,65,41,37,84,99,50,38,82,38,100,63,57,40,58,65,70,40,69,44,42,67,143,53,105,60,141,54,52,51,46,49,55,85,89,130,144,55,50,67,93,51,137,77,121,71,79,82,73,59,67,99,119,95,113,115,56,65,72,63,67,88,121
89,84,50,44,105,45,79,52,56,77,46,79,81,95,83,40,40,58,54,37,57,65,95,72,62,50,39,36,61,41,39,35,107,59,45,102,28,70,26,32,37,82,89,32,94,93,39,52,81,24,57,64,85,61,50,28,25,23,68,26,51,21,58,86,80,69,45,18,18,89,76,23,56,104,69,88,104,32,70,75,27,24,66,68,56,90,95,54,35,59,18,98,24,73,94,17,47,71,40,33,0,54,81,103,15,7,5,89,92,57,104,5,68,84,73,71,55,77,55,17,45,78,98,74,84,47,33,20,22,76,72,45,97,99,52,37,16,34,54,86,40,97,89,82,39,27,20,57,67,89,61,44,25,55,91,85,35,78,67,27,44,64,69,100,46,31,95,75,105,93,83,75,47,34,35,85,92,100,93,89,73,43,95,64,55,56,69,76,44,54,54,71,92,84,57,40,43,46,56,97,64,57,46,112,77,76,45,111,77,73,72,57,49,46,60,63,100,114,77,54,51,67,55,107,57,92,54,58,61,98,53,54,74,91,71,86,87,62,86,96,80,86,68,94
138,133,90,70,60,59,45,94,45,43,51,42,131,51,134,77,56,106,100,65,39,37,50,121,110,95,77,60,110,44,83,77,57,109,36,52,60,122,63,44,38,35,141,78,147,146,33,25,33,65,23,116,138,113,101,76,71,66,121,43,21,65,19,139,133,122,97,61,60,38,129,42,17,52,21,37,52,83,124,24,33,35,120,121,9,37,42,7,88,8,37,44,30,19,40,71,7,17,94,87,54,0,27,49,69,60,58,35,146,111,50,54,15,138,127,125,6,131,109,69,13,25,45,127,138,100,86,40,73,130,126,19,45,46,104,88,53,29,16,139,25,45,142,135,91,38,62,19,120,142,113,95,46,21,144,138,35,31,119,65,32,115,120,50,95,72,46,127,56,145,39,126,37,70,53,41,46,52,145,140,124,44,146,113,103,38,36,126,85,40,100,38,142,134,104,59,52,49,101,148,111,103,53,65,126,45,66,65,125,120,118,98,85,72,49,47,58,69,123,90,64,50,92,65,59,56,64,59,57,147,81,70,53,57,56,56,57,98,132,142,123,131,64,63
164,159,114,92,46,80,46,119,61,45,71,42,157,39,160,101,78,131,126,88,53,46,37,147,136,121,102,83,136,65,109,103,37,135,56,34,85,148,88,68,61,26,168,104,174,173,55,42,24,91,37,143,164,140,128,102,97,92,147,68,39,91,32,166,160,149,123,87,86,19,156,67,33,28,21,17,27,110,151,16,58,61,146,148,28,13,16,28,115,23,64,17,57,9,13,98,34,10,121,114,81,27,0,22,96,87,85,9,173,138,23,81,14,165,154,152,27,158,136,96,38,10,19,154,164,127,113,66,100,157,153,42,21,23,131,115,80,53,33,166,48,23,169,162,117,64,88,33,146,168,140,122,71,37,170,164,59,24,146,91,52,142,147,32,121,97,30,153,36,172,31,152,56,95,76,33,33,35,171,167,150,65,173,139,128,52,42,152,110,55,126,43,169,160,129,81,73,68,126,174,136,128,73,47,151,48,87,49,150,145,144,123,108,95,63,60,47,53,148,114,84,60,115,52,76,51,83,76,72,172,103,90,61,55,66,57,57,121,157,167,147,155,77,61
185,180,134,112,45,100,57,139,78,57,90,53,178,42,181,122,98,153,147,109,70,61,40,169,157,142,122,103,157,85,130,124,31,157,75,31,106,170,109,89,81,36,190,126,195,194,76,62,35,112,56,164,186,161,149,124,119,114,169,89,59,113,52,188,182,171,145,109,108,24,178,89,53,17,39,23,16,132,173,32,80,83,168,170,49,16,11,49,137,44,86,6,79,30,9,120,56,32,143,136,103,49,22,0,118,109,107,14,195,160,4,103,35,187,176,174,48,180,158,118,60,28,10,176,186,148,135,88,122,179,175,63,17,16,153,137,101,75,53,188,69,18,191,184,139,85,110,53,168,190,161,144,92,56,192,186,79,36,168,112,72,163,168,29,142,119,32,175,30,193,40,174,75,116,97,41,37,34,193,188,171,84,194,160,149,70,57,173,131,73,147,57,190,181,150,101,93,87,148,195,157,149,93,41,172,60,107,45,171,166,165,144,129,115,80,76,48,48,169,134,102,75,136,51,93,57,101,93,89,193,122,109,74,62,80,66,65,141,177,188,168,176,93,68
78,74,48,49,120,54,93,47,69,92,57,93,70,110,72,41,50,50,47,43,70,80,110,61,52,43,39,44,52,54,35,34,122,49,59,117,35,58,31,44,50,97,75,28,81,80,53,67,96,27,72,51,71,48,38,24,24,25,55,39,66,23,73,72,66,56,33,24,24,104,62,37,71,120,84,104,120,22,57,91,42,39,52,54,71,106,111,70,21,75,33,113,39,88,109,5,62,86,25,18,15,69,96,118,0,9,11,104,77,42,119,15,83,69,58,56,70,62,40,5,59,92,113,59,69,31,18,32,10,61,57,58,112,114,36,22,22,47,68,70,53,112,74,67,25,38,19,71,52,73,46,30,33,68,75,70,47,92,52,25,56,49,54,114,33,26,108,60,119,78,96,60,58,31,40,98,105,113,78,74,59,51,80,50,43,67,81,61,35,65,42,83,77,69,45,44,50,54,44,82,51,45,52,125,63,87,47,123,64,60,59,47,43,45,68,72,113,126,64,47,54,76,48,120,62,104,58,64,67,84,51,55,83,102,79,96,98,54,74,82,68,74,74,104
85,81,50,47,111,50,85,51,62,84,51,86,77,102,79,42,45,56,52,41,63,72,101,68,59,48,40,41,58,48,38,36,113,56,52,108,32,66,29,38,43,89,84,31,89,88,46,59,87,26,64,60,80,56,46,27,25,24,63,32,58,22,65,81,75,65,41,21,21,95,71,30,62,111,75,95,111,28,65,82,34,31,61,62,62,97,102,61,29,66,24,104,31,79,100,12,53,77,34,27,7,60,87,109,9,0,2,95,86,51,110,6,74,78,67,65,61,71,49,10,50,83,104,67,78,40,27,24,16,70,66,49,103,105,45,30,16,38,59,79,44,103,82,76,33,30,16,62,60,82,54,38,26,60,84,78,39,83,61,23,48,57,62,105,40,27,99,69,110,87,88,68,50,30,35,89,97,104,87,82,67,45,88,57,49,59,73,69,38,57,48,75,85,77,51,39,44,48,50,90,57,51,46,116,70,79,44,115,71,67,65,51,44,43,62,65,104,118,70,49,50,69,50,111,57,96,54,59,61,92,50,52,76,94,73,89,90,57,80,89,74,80,69,97
87,83,51,47,110,49,84,52,61,82,50,84,79,100,81,42,44,57,53,40,62,70,99,70,60,49,40,40,60,46,39,36,111,57,50,106,31,68,29,36,42,87,86,32,91,90,44,57,85,26,62,61,82,58,48,28,26,25,65,30,56,22,63,83,77,66,43,21,21,93,73,28,60,109,73,93,109,30,67,80,32,29,63,64,60,95,100,59,31,64,22,102,29,77,98,14,51,75,36,29,5,58,85,107,11,2,0,93,88,53,108,4,72,80,69,67,59,73,51,12,48,81,102,69,80,42,28,22,17,72,68,48,101,103,47,32,15,36,57,81,42,101,84,77,34,28,16,60,62,84,56,39,25,58,86,80,37,81,63,23,46,59,64,103,41,27,98,70,108,89,86,70,49,30,34,87,95,102,89,84,68,43,90,59,50,57,71,71,39,56,49,73,87,79,52,39,43,46,51,92,59,52,45,114,72,78,43,113,72,68,67,52,45,43,60,64,102,116,72,49,49,68,51,110,56,94,53,57,60,93,50,51,74,92,71,87,89,57,81,91,75,81,67,95
173,168,122,101,47,89,51,127,69,51,80,48,165,42,168,110,86,140,134,97,61,53,40,156,144,129,110,92,144,73,117,111,36,144,64,34,93,157,96,77,69,31,176,113,182,181,64,51,30,99,45,151,173,148,136,111,106,101,156,77,48,99,40,174,168,157,132,95,94,21,164,76,41,24,29,19,24,118,159,23,67,70,155,157,36,12,13,36,123,31,72,11,65,17,8,106,42,18,129,122,89,35,9,14,104,95,93,0,181,146,15,89,21,173,162,160,34,166,144,104,45,13,11,162,172,134,120,74,107,164,160,49,14,15,139,123,87,60,39,174,55,16,177,170,125,71,95,38,154,176,147,129,78,42,178,172,65,24,153,98,58,149,154,26,128,104,26,160,30,179,30,160,61,102,83,32,30,30,179,174,157,70,180,146,135,57,45,159,117,60,133,45,176,167,136,87,79,73,133,181,143,134,79,41,158,49,93,44,157,152,150,129,114,101,67,63,43,47,155,120,89,63,121,47,80,49,88,80,76,179,108,95,63,53,68,57,56,127,163,174,154,161,81,59
50,52,83,104,193,115,165,77,137,164,122,166,48,184,46,89,113,62,67,102,141,152,184,50,58,70,88,106,57,123,77,83,197,53,131,192,98,41,94,114,122,173,30,78,28,28,126,141,171,89,147,41,27,43,53,77,82,87,36,111,141,87,149,23,26,33,56,91,92,180,28,110,147,196,160,180,196,67,29,167,117,114,31,29,148,182,187,146,59,151,109,190,116,165,186,75,139,163,52,59,92,146,173,195,77,86,88,181,0,35,196,92,160,8,19,21,147,15,37,77,136,169,190,20,12,48,62,108,75,20,23,134,188,190,45,60,96,123,144,15,129,188,15,18,59,113,88,147,32,18,39,56,106,144,18,21,121,168,35,89,130,41,38,190,61,84,184,35,195,27,171,37,130,89,108,172,180,188,30,32,40,122,31,50,59,139,154,42,76,136,63,156,36,39,61,108,116,122,64,37,57,64,118,199,48,159,106,197,52,55,56,72,86,99,137,141,186,200,56,83,114,145,83,193,126,175,118,127,132,50,98,111,151,172,146,166,168,84,59,56,67,64,136,173
52,50,58,75,159,84,132,53,105,130,90,133,45,150,45,61,82,43,45,71,108,118,150,40,41,46,59,75,40,90,49,53,163,35,97,158,66,32,62,81,88,138,40,47,44,43,92,107,137,57,112,26,35,25,28,45,50,54,25,77,107,54,114,35,30,24,27,57,58,146,27,76,112,161,126,145,161,35,22,132,83,80,17,17,113,148,152,112,25,116,75,155,81,130,151,40,104,128,17,24,57,111,138,160,42,51,53,146,35,0,161,57,125,27,16,14,112,20,4,42,101,134,155,17,27,14,27,73,40,21,17,100,153,155,14,27,61,88,110,30,94,154,33,27,26,78,54,112,17,34,17,25,72,109,36,31,86,133,21,56,96,23,25,155,33,51,149,29,160,41,137,30,96,57,75,138,146,154,42,39,31,88,44,32,35,105,120,34,47,102,38,122,44,39,38,76,84,89,40,48,38,41,85,165,40,126,75,163,42,42,42,48,58,69,104,108,152,166,45,57,83,112,57,159,95,142,87,96,100,55,70,81,119,139,114,133,135,61,54,57,55,56,105,141
187,182,137,115,49,102,60,142,81,60,93,57,180,46,183,124,100,155,149,111,73,65,44,171,159,144,125,106,159,87,132,126,35,159,78,35,108,172,111,91,84,40,191,127,197,196,78,64,39,114,59,166,188,163,151,126,121,116,171,91,62,114,54,189,183,172,147,110,109,28,179,90,55,21,42,26,20,133,174,35,82,85,170,172,51,19,15,51,138,46,87,10,80,32,12,121,57,33,144,137,104,50,23,4,119,110,108,15,196,161,0,104,36,188,177,175,49,181,159,119,60,27,8,177,187,149,135,88,122,179,175,63,14,13,153,138,102,75,53,188,69,15,192,185,140,85,110,52,169,191,162,144,93,56,193,187,79,35,168,112,71,164,169,25,142,119,29,175,26,194,38,174,74,116,96,39,34,31,193,188,172,84,194,160,149,69,55,173,131,72,147,56,190,181,150,100,92,86,147,196,157,149,92,37,172,58,106,41,171,166,164,143,128,114,78,74,45,44,169,134,102,73,135,47,92,54,100,92,87,193,121,108,72,59,78,64,62,140,177,188,167,175,91,64
91,87,55,49,107,50,82,56,60,80,50,82,84,97,86,45,45,62,57,42,60,68,97,74,65,53,43,41,64,45,43,40,108,62,49,103,33,72,31,36,40,84,90,36,96,95,42,54,82,29,59,66,86,63,52,32,30,28,70,30,53,25,60,87,81,71,47,23,23,90,77,27,57,105,70,89,105,34,72,76,30,27,67,69,57,91,96,55,36,60,20,98,25,73,94,18,48,71,40,33,5,54,81,103,15,6,4,89,92,57,104,0,68,84,73,71,55,77,55,15,44,77,98,73,83,46,32,17,20,76,72,43,97,99,50,35,11,32,53,85,38,97,88,81,37,24,15,56,66,87,59,42,21,53,90,84,32,77,66,22,42,62,67,99,43,27,93,73,104,92,81,73,44,29,30,83,90,98,92,87,71,39,93,61,52,53,67,73,39,51,51,68,90,81,54,35,39,42,52,95,61,54,41,110,74,73,40,109,74,70,69,53,44,41,56,59,98,112,74,49,46,64,51,105,52,90,50,54,56,96,49,49,70,88,67,83,84,57,83,93,76,83,64,91
153,148,104,84,56,73,48,109,56,47,64,45,146,48,148,92,70,121,115,79,49,44,46,136,125,110,92,74,125,57,98,92,50,124,49,45,75,137,77,59,52,33,156,93,162,161,47,36,30,80,32,131,152,128,116,91,86,81,135,58,33,80,27,154,148,137,111,76,75,30,144,56,27,41,21,28,41,98,138,20,48,50,134,136,19,26,30,18,103,14,52,31,45,9,27,85,22,7,108,101,68,15,14,35,83,74,72,21,160,125,36,68,0,152,141,139,13,145,123,83,24,10,30,141,151,113,99,52,86,143,139,28,30,32,118,102,66,40,19,152,34,30,156,149,104,50,74,20,133,155,126,108,57,23,157,151,45,19,132,77,38,128,133,36,107,84,33,139,41,158,28,139,43,81,63,30,33,38,158,153,136,51,159,125,114,40,32,138,96,43,112,34,155,146,115,67,60,55,113,160,122,114,60,51,137,39,74,52,136,132,130,109,94,81,51,48,46,55,134,100,70,49,102,52,63,47,70,63,60,158,89,77,51,49,55,50,50,107,143,153,133,141,66,55
50,51,78,98,186,109,158,72,130,157,116,159,47,177,45,84,107,58,62,95,134,145,176,47,54,65,82,99,53,116,71,77,190,49,123,185,92,38,87,107,115,165,31,71,31,31,119,133,164,82,139,37,27,38,47,70,75,80,32,103,134,80,141,24,25,29,49,84,84,173,25,103,139,188,153,172,188,60,25,159,110,107,25,23,140,175,180,139,51,144,102,182,108,157,178,67,131,155,44,51,84,138,165,187,69,78,80,173,8,27,188,84,152,0,11,13,139,7,29,69,128,161,182,12,6,39,53,100,66,12,15,126,180,182,36,52,88,114,136,11,121,180,12,13,50,105,80,139,24,15,31,47,98,136,16,16,112,160,28,81,122,33,30,181,53,76,176,28,187,25,163,31,122,81,100,164,172,180,28,28,34,114,29,43,52,130,146,36,68,128,55,148,33,34,53,100,108,114,56,35,49,56,110,191,42,151,98,189,46,48,49,65,78,91,128,133,178,192,50,75,106,137,75,184,118,167,110,119,124,47,90,103,143,164,138,158,160,77,54,53,61,58,128,165
50,50,70,88,175,99,147,64,120,146,106,148,45,166,44,74,97,51,55,86,124,134,166,43,48,57,72,89,47,105,62,67,179,42,113,174,81,34,77,96,104,154,33,61,35,34,108,123,153,72,128,31,28,31,39,60,65,69,27,93,123,70,130,26,25,25,40,73,74,162,23,92,128,177,142,162,177,50,20,148,99,96,19,17,129,164,169,128,41,133,91,171,97,146,167,57,120,144,34,40,73,127,154,176,58,67,69,162,19,16,177,73,141,11,0,2,128,4,18,58,117,150,171,5,12,29,42,89,55,8,8,115,169,171,26,41,77,103,125,16,110,169,18,14,40,94,69,128,17,20,22,37,87,125,22,18,101,149,21,70,111,26,24,170,44,65,165,24,176,29,152,26,111,70,89,153,161,169,31,29,29,103,33,36,43,120,135,32,59,117,47,137,34,33,45,89,98,103,48,38,42,48,99,180,38,140,88,178,41,43,44,57,69,81,118,123,167,181,45,67,96,127,67,174,108,157,100,109,114,48,81,94,133,154,128,147,149,69,52,52,56,55,118,155
50,50,69,87,173,97,145,63,118,144,104,146,45,164,44,73,95,50,54,84,122,132,164,43,47,56,71,88,46,104,61,65,177,41,111,172,80,34,75,95,102,152,34,60,36,36,106,121,151,70,126,30,29,30,37,59,63,68,27,91,121,68,128,27,25,24,38,71,72,160,23,90,126,176,140,160,175,48,20,146,97,94,18,16,127,162,167,126,39,131,89,169,95,144,165,55,118,142,32,38,71,125,152,174,56,65,67,160,21,14,175,71,139,13,2,0,126,6,16,56,115,148,169,5,13,27,40,87,53,9,8,113,167,169,24,39,75,101,123,17,108,167,20,15,38,92,67,126,16,21,21,35,85,123,23,19,99,147,20,68,109,25,23,168,42,63,163,24,174,30,150,26,109,69,87,151,159,167,32,30,29,101,34,35,42,118,133,31,57,115,45,135,35,33,44,87,96,102,47,39,41,47,97,178,38,138,86,176,41,42,43,55,67,80,116,121,165,179,45,65,94,125,65,172,106,155,98,107,112,49,79,92,131,152,126,145,147,67,51,52,56,55,116,153
141,136,93,74,64,65,50,98,51,49,57,48,134,55,136,81,61,109,103,69,45,43,54,124,113,98,81,65,113,49,86,81,60,112,42,55,64,124,66,49,43,39,143,81,149,148,38,31,37,68,29,118,140,115,104,79,74,69,123,47,27,68,25,141,135,124,99,64,63,40,131,45,23,53,25,39,53,86,126,28,36,38,121,123,15,38,42,13,90,13,40,44,32,20,40,72,11,17,95,88,55,6,27,48,70,61,59,34,147,112,49,55,13,139,128,126,0,132,110,70,11,22,43,128,138,100,86,39,73,130,126,16,42,44,104,89,53,27,10,139,22,42,143,136,91,37,61,13,120,142,113,95,45,16,144,138,33,26,119,64,28,115,120,47,94,71,42,126,52,145,33,126,33,69,51,35,41,47,145,140,123,40,146,112,102,32,30,125,84,34,99,32,142,133,102,56,49,45,100,147,110,101,49,60,125,39,63,60,124,119,117,97,82,70,43,42,52,64,122,88,60,44,90,59,54,50,60,54,52,146,78,66,47,51,50,50,51,95,130,141,121,129,59,57
51,51,74,92,179,103,151,68,124,150,110,152,46,170,45,78,101,54,58,90,128,138,170,46,51,61,76,93,50,110,66,71,183,45,117,178,85,36,81,101,108,158,33,65,34,34,112,127,157,76,132,34,28,34,43,64,69,74,30,97,127,74,135,26,25,27,44,77,78,166,24,96,132,182,146,166,181,54,22,152,103,100,22,20,133,168,173,132,45,137,95,175,101,150,171,61,124,148,38,45,77,131,158,180,62,71,73,166,15,20,181,77,145,7,4,6,132,0,22,62,121,154,175,6,8,32,46,93,59,7,9,119,173,175,29,45,81,107,129,12,113,173,15,11,43,98,73,132,18,17,24,40,91,129,19,16,105,153,22,73,115,28,25,174,47,69,168,24,179,26,156,27,115,74,93,157,165,173,29,27,30,106,30,38,45,123,139,32,62,121,49,140,33,32,47,93,101,107,50,36,44,50,103,184,38,144,91,182,42,44,45,59,72,85,121,126,171,185,46,69,99,130,69,177,111,160,103,112,117,46,84,97,136,157,131,151,153,71,51,51,57,55,121,158
56,54,60,75,158,84,131,55,104,130,90,132,49,149,49,62,82,45,47,71,107,118,149,44,43,48,59,75,42,89,50,54,162,37,96,156,66,35,62,80,87,137,44,47,48,47,91,106,136,57,111,29,39,28,30,46,50,54,29,76,106,54,113,38,34,28,29,57,58,144,31,75,111,160,124,144,160,35,25,131,81,78,21,21,111,146,151,110,25,115,73,153,80,128,149,39,102,126,17,23,55,109,136,158,40,49,51,144,37,4,159,55,123,29,18,16,110,22,0,40,99,132,153,18,28,11,25,71,37,21,17,97,151,153,11,24,59,85,107,31,92,151,34,27,23,76,51,110,16,34,14,21,69,107,36,31,84,131,19,53,93,20,22,152,29,48,147,27,158,41,134,28,93,54,72,136,143,151,42,38,29,85,43,29,32,102,118,32,44,100,35,119,43,37,35,72,81,86,37,47,35,37,82,163,37,123,72,161,40,39,39,45,54,66,101,105,149,163,42,53,80,109,54,156,91,139,84,93,97,54,66,78,116,136,111,130,132,57,51,55,52,53,102,138
81,77,53,54,122,58,96,52,72,94,61,96,73,112,75,46,54,54,51,48,73,82,111,64,56,48,44,49,55,57,40,39,123,52,62,118,39,61,36,47,53,99,77,33,82,82,56,69,97,32,74,54,73,51,42,29,29,30,57,42,68,28,75,74,68,58,37,28,29,105,64,40,72,121,85,105,120,26,58,92,44,41,53,55,72,106,111,71,24,75,35,114,41,89,110,10,63,86,26,20,17,69,96,118,5,10,12,104,77,42,119,15,83,69,58,56,70,62,40,0,59,92,113,58,68,30,16,31,6,60,56,57,111,113,35,20,20,46,67,70,52,111,73,66,22,36,15,70,50,72,44,27,31,67,74,68,45,91,51,20,54,47,52,113,30,21,107,58,118,77,95,58,55,26,37,96,104,112,77,72,56,49,78,47,39,64,79,59,30,62,38,81,75,67,41,40,46,51,40,80,47,41,48,123,60,85,43,122,60,57,55,42,38,40,65,69,111,125,60,42,50,73,43,118,59,102,54,60,64,82,46,51,80,99,76,94,95,49,70,79,64,70,70,101
132,127,86,68,73,60,56,89,50,54,53,54,124,64,127,73,55,100,94,62,45,46,62,115,104,90,73,58,103,45,78,72,70,102,39,65,56,114,58,43,38,48,133,72,139,138,35,32,46,60,32,108,129,105,94,69,65,60,113,40,28,59,29,131,125,114,89,55,54,50,121,38,27,64,33,49,64,76,115,37,29,30,111,112,20,49,53,18,79,21,30,55,23,31,51,62,10,28,84,77,45,13,38,60,59,50,48,45,136,101,60,44,24,128,117,115,11,121,99,59,0,33,54,117,127,89,75,28,62,119,115,7,52,54,93,77,42,16,11,128,12,53,131,124,80,26,50,15,109,131,102,84,34,15,133,127,23,34,108,53,20,104,109,56,83,60,51,115,61,134,40,115,26,58,41,42,49,56,134,129,112,32,135,101,90,28,32,114,73,29,88,34,131,122,91,46,40,36,89,136,99,90,41,68,114,40,53,68,113,108,106,86,72,60,38,38,59,71,111,78,51,41,79,66,47,54,52,48,46,135,68,58,46,54,47,52,53,85,120,130,110,118,53,59
163,158,114,93,56,82,53,119,65,52,74,50,156,49,158,102,79,130,125,89,57,51,47,146,135,120,102,84,134,67,108,102,47,134,58,44,85,146,87,69,62,35,166,103,171,170,57,45,33,90,41,140,162,137,126,101,96,91,145,68,42,89,36,163,157,147,121,85,84,29,153,66,35,37,27,27,36,108,148,23,57,60,143,145,28,22,25,28,112,23,62,25,54,13,21,95,32,12,117,110,78,25,10,28,92,83,81,13,169,134,27,77,10,161,150,148,22,154,132,92,33,0,21,150,160,122,108,61,95,152,148,36,20,22,126,110,74,48,26,161,42,21,164,157,112,58,83,25,141,163,135,117,65,29,166,160,52,14,141,85,44,136,141,27,115,91,24,148,32,166,22,147,48,88,69,24,26,29,166,161,144,57,167,133,122,43,32,146,104,46,120,34,163,154,123,73,65,60,120,168,130,121,65,42,145,38,80,43,144,139,137,116,101,87,54,50,39,47,142,107,75,51,108,45,67,42,75,67,63,166,95,82,51,45,56,47,47,113,150,161,140,148,68,51
183,178,133,111,53,100,61,138,80,61,90,57,176,49,178,121,97,150,145,107,72,64,47,166,155,139,121,102,154,84,127,122,40,154,75,39,104,167,107,87,80,40,186,123,192,191,75,62,39,110,56,161,182,158,146,121,116,111,166,87,59,110,51,184,178,167,142,106,105,29,174,86,52,26,40,27,25,128,169,33,77,80,164,166,47,20,17,47,133,42,82,13,75,28,13,116,52,29,138,131,98,45,19,10,113,104,102,11,190,155,8,98,30,182,171,169,43,175,153,113,54,21,0,171,181,143,129,82,116,173,169,56,6,6,147,131,95,68,47,182,63,8,185,178,133,79,103,45,162,184,155,138,86,49,186,180,72,27,162,105,64,157,162,19,135,112,22,168,21,187,30,168,67,109,89,31,27,24,187,182,165,76,188,153,143,61,47,166,124,64,140,48,183,175,143,93,85,79,140,189,150,142,84,33,166,50,99,36,164,159,157,136,121,107,70,66,38,39,162,126,94,66,128,41,84,47,93,84,80,186,114,100,64,51,70,56,55,133,170,181,160,168,83,57
55,55,74,91,177,102,149,68,122,148,108,150,50,168,49,77,99,56,59,88,126,136,167,48,52,61,75,92,51,107,65,70,180,47,115,175,84,39,79,98,106,155,38,64,39,39,110,124,154,74,130,35,33,36,43,63,67,72,32,94,124,72,131,31,29,30,43,75,76,163,28,93,129,178,143,162,178,52,25,149,100,97,23,22,130,164,169,128,43,133,91,172,98,147,168,57,121,144,35,41,74,127,154,176,59,67,69,162,20,17,177,73,141,12,5,5,128,6,18,58,117,150,171,0,10,28,42,89,55,4,4,115,169,171,25,40,76,103,125,13,109,169,16,10,39,93,68,127,13,16,19,35,87,124,19,14,101,148,16,69,110,22,20,170,41,64,164,19,175,25,151,22,110,69,88,153,161,168,27,25,24,102,28,32,40,119,134,27,56,116,43,136,30,28,42,88,96,102,45,34,38,45,98,180,33,139,86,177,37,38,39,53,66,79,116,121,166,180,40,64,94,125,63,172,106,155,98,107,112,43,78,91,131,152,126,146,148,65,47,47,52,50,116,153
56,57,81,100,187,111,159,76,132,158,117,160,52,177,51,86,108,62,66,97,135,145,177,52,58,69,84,101,57,117,74,79,190,53,124,185,93,43,89,108,115,165,37,73,37,37,120,134,164,84,139,41,33,42,50,72,76,81,37,104,134,81,141,30,30,34,52,85,85,173,30,103,139,188,153,172,188,61,30,159,110,107,29,27,140,174,179,138,52,143,101,182,108,157,178,67,131,155,45,51,84,138,164,186,69,78,80,172,12,27,187,83,151,6,12,13,138,8,28,68,127,160,181,10,0,38,52,99,65,8,12,125,179,181,34,50,86,113,135,5,119,179,7,7,48,103,78,137,21,9,28,45,96,134,11,10,111,158,23,78,120,29,26,180,50,73,174,23,185,20,161,25,120,78,97,162,170,178,22,22,28,111,24,38,48,128,144,30,65,126,51,145,27,28,49,97,106,111,52,29,45,52,107,189,36,148,95,187,40,43,44,60,74,88,126,131,175,189,44,71,103,134,71,182,115,165,107,116,121,41,86,100,140,162,135,155,157,72,48,47,55,52,125,162
64,62,60,72,151,80,124,56,98,123,85,124,57,142,58,59,77,49,49,67,101,110,141,51,48,49,57,70,47,83,48,51,153,42,89,148,61,44,57,74,81,129,54,45,58,58,84,98,127,52,103,37,50,35,33,42,45,49,38,69,97,48,105,49,45,37,30,51,52,135,41,68,102,151,115,135,151,32,35,122,73,70,30,31,102,137,141,101,21,106,64,144,71,119,140,31,93,117,13,17,47,100,127,148,31,40,42,134,48,14,149,46,113,39,29,27,100,32,11,30,89,122,143,28,38,0,14,61,27,30,26,87,141,143,6,13,48,75,97,39,81,141,42,36,12,65,41,99,21,42,15,11,59,96,44,38,73,121,22,41,82,20,24,142,19,37,136,30,147,47,123,30,82,43,61,125,133,141,47,43,30,74,49,25,24,91,107,33,33,89,27,108,47,40,27,61,69,75,29,52,29,29,71,152,36,112,61,150,38,36,35,36,44,55,90,94,138,152,40,44,69,98,44,145,80,128,73,81,86,56,56,67,104,125,100,119,121,48,49,55,48,51,91,126
72,69,56,64,138,70,112,54,87,110,74,112,65,129,66,53,67,51,50,59,89,98,128,57,52,48,51,61,51,72,44,45,140,47,77,135,51,52,47,62,69,115,65,39,70,69,72,85,114,42,90,45,61,42,36,35,37,40,47,57,84,39,91,61,56,47,32,40,41,122,52,55,89,137,102,121,137,27,46,108,60,57,41,42,89,123,128,87,18,92,51,130,57,105,126,20,79,103,15,12,33,86,113,135,18,27,28,120,62,27,135,32,99,53,42,40,86,46,25,16,75,108,129,42,52,14,0,47,13,44,40,73,127,129,18,4,34,61,83,53,67,127,56,49,7,51,27,85,34,56,28,12,45,82,58,52,59,107,34,29,68,31,36,128,18,25,122,42,133,60,110,42,69,31,48,111,119,127,60,56,40,61,61,33,26,78,93,43,26,75,27,95,59,51,29,49,57,62,29,64,34,30,59,138,45,98,50,136,46,43,42,34,37,45,77,81,125,139,46,38,57,85,39,132,68,115,62,70,74,66,48,57,92,112,87,106,108,44,56,64,52,57,79,114
109,104,69,58,97,55,74,71,58,73,52,74,101,87,103,58,50,78,74,51,56,62,86,92,82,69,57,49,81,46,58,54,96,79,46,91,43,90,42,38,39,73,108,52,113,112,39,47,71,42,50,83,103,80,69,48,45,41,87,32,45,39,50,104,99,88,64,36,36,77,95,29,47,92,58,76,91,52,89,64,26,25,84,86,44,77,81,42,53,47,17,84,17,59,79,36,34,57,57,50,20,40,66,88,32,24,22,74,108,73,88,17,52,100,89,87,39,93,71,31,28,61,82,89,99,61,47,0,34,91,87,26,80,82,65,49,14,15,36,100,21,80,103,96,51,7,22,39,80,102,74,56,9,36,104,99,16,60,80,26,24,76,81,82,55,33,76,87,87,106,64,86,28,32,21,65,73,81,105,100,84,24,107,73,63,36,49,86,46,35,61,51,103,94,64,28,27,28,62,108,71,63,29,93,86,56,34,91,85,81,79,60,47,38,40,43,81,94,84,53,37,48,54,88,40,72,40,41,43,107,47,42,54,71,52,66,67,61,93,103,84,92,51,74
82,79,57,60,127,64,101,56,78,100,66,101,74,117,76,51,60,57,54,53,79,88,116,66,59,52,49,55,58,63,44,44,128,54,67,123,45,62,42,53,59,104,77,38,82,81,61,74,102,38,79,55,72,52,43,34,34,35,57,47,73,34,80,73,68,58,39,34,34,109,64,45,77,125,90,109,124,30,58,96,49,46,53,54,76,110,115,75,25,79,39,117,45,92,113,15,67,90,26,20,22,73,100,122,10,16,17,107,75,40,122,20,86,66,55,53,73,59,37,6,62,95,116,55,65,27,13,34,0,57,53,60,114,116,31,15,21,48,70,66,54,114,69,62,18,38,14,72,47,68,40,22,32,69,71,65,46,94,46,18,56,42,47,115,24,17,109,54,120,72,97,53,56,22,36,98,106,114,72,67,51,49,73,42,33,65,80,54,25,63,33,82,70,62,35,38,45,50,34,75,42,36,47,125,55,86,40,123,55,51,50,36,33,37,65,69,112,126,55,36,48,73,37,119,57,102,52,59,63,76,41,48,80,100,76,94,96,44,64,73,58,64,69,102
58,58,77,95,180,105,152,72,125,151,111,153,53,170,52,81,102,59,62,92,129,139,170,52,56,65,79,95,55,110,69,73,183,50,118,178,87,42,82,101,109,158,40,67,41,41,113,127,157,77,132,39,36,39,46,66,70,75,35,97,127,75,134,33,32,33,47,78,79,165,31,96,132,181,145,165,181,55,29,152,103,99,27,25,132,167,171,131,46,135,94,174,100,149,170,60,123,147,38,44,76,130,157,179,61,70,72,164,20,21,179,76,143,12,8,9,130,7,21,60,119,152,173,4,8,30,44,91,57,0,4,117,171,173,26,42,78,105,127,9,111,171,13,6,40,95,70,129,13,13,19,37,88,126,15,11,102,150,16,70,112,21,18,172,42,65,166,17,177,21,153,19,111,70,89,154,162,170,23,21,22,103,25,31,40,120,136,25,57,117,43,137,26,25,41,89,97,103,44,30,37,44,99,181,31,140,87,179,35,37,38,53,66,80,117,122,167,181,38,64,95,126,63,174,107,156,99,108,113,40,78,92,132,153,127,147,149,65,44,44,50,48,116,154
58,58,75,92,176,102,148,69,122,147,108,149,53,167,52,78,99,57,60,88,125,135,166,51,54,62,76,92,53,107,66,70,179,48,114,174,83,41,79,98,105,154,41,64,43,42,109,123,153,74,128,38,37,38,44,63,67,71,35,93,123,71,130,35,33,32,44,74,75,161,31,92,128,177,141,161,177,52,28,148,99,96,26,24,128,163,167,127,42,132,90,170,97,145,166,56,119,143,34,40,72,126,153,175,57,66,68,160,23,17,175,72,139,15,8,8,126,9,17,56,115,148,169,4,12,26,40,87,53,4,0,113,167,169,22,38,74,101,123,13,107,167,16,10,36,91,66,125,9,17,16,33,84,122,19,14,98,146,13,66,108,18,16,168,38,61,162,16,173,24,149,18,108,66,85,150,158,166,26,23,21,99,27,28,36,116,132,24,53,113,40,133,28,25,38,85,93,99,41,32,35,41,95,177,30,136,83,175,33,35,36,50,63,76,114,118,163,177,37,60,91,122,60,170,103,153,95,104,109,41,75,88,128,149,123,143,145,62,43,44,48,47,113,150
133,128,89,72,79,65,63,92,57,61,59,61,125,70,128,76,60,101,96,66,52,53,69,116,105,92,76,62,105,51,80,75,76,103,46,71,59,115,61,48,44,55,133,74,139,138,41,39,52,62,39,109,129,105,94,71,67,62,113,44,35,60,36,130,124,114,89,57,56,56,120,41,34,69,40,55,68,76,115,43,33,34,110,112,27,54,58,25,79,27,32,59,25,36,55,61,18,33,83,76,45,19,42,63,58,49,48,49,134,100,63,43,28,126,115,113,16,119,97,57,7,36,56,115,125,87,73,26,60,117,113,0,54,56,91,75,39,12,10,126,6,54,129,122,77,22,47,13,106,128,99,81,30,11,130,124,17,34,105,49,13,101,106,56,79,56,50,112,61,131,38,111,18,53,35,40,48,55,130,125,109,25,132,97,87,21,27,110,69,22,84,29,127,118,87,40,33,29,85,133,95,86,34,67,110,35,47,66,109,104,102,81,67,54,31,31,56,69,107,72,45,34,74,64,40,50,45,40,39,131,62,51,39,50,40,47,48,79,115,126,106,113,46,54
183,178,134,113,59,101,65,138,82,65,92,62,176,55,178,121,98,150,145,108,74,67,53,166,155,140,121,103,154,86,128,122,46,154,77,45,104,166,107,88,81,45,185,123,191,190,76,63,43,110,58,160,182,157,146,121,116,111,165,87,60,109,53,183,177,166,141,105,104,34,173,86,54,33,42,32,32,128,168,36,77,80,163,165,48,25,23,47,132,43,81,19,74,29,18,114,52,30,137,130,97,45,21,17,112,103,101,14,188,153,14,97,30,180,169,167,42,173,151,111,52,20,6,169,179,141,127,80,114,171,167,54,0,2,145,129,93,66,44,180,60,2,183,176,131,76,101,42,160,182,153,135,83,45,184,178,69,22,159,103,61,154,160,13,133,109,15,166,16,185,25,165,63,106,86,25,21,18,184,179,162,73,185,150,140,57,43,163,121,60,137,43,181,172,140,89,81,75,137,186,147,138,80,27,162,45,95,30,161,156,154,133,117,103,66,61,32,34,159,123,90,60,124,35,80,41,88,79,75,183,110,96,59,45,65,50,49,129,166,177,156,164,78,51
185,180,136,114,59,103,66,140,83,66,94,63,177,55,180,123,100,152,147,110,76,68,53,168,157,142,123,105,156,87,129,124,46,156,78,45,106,168,109,90,83,46,187,125,193,192,78,65,44,112,60,162,184,159,147,122,118,113,167,89,62,111,55,185,179,168,143,107,106,35,175,88,55,32,44,33,31,130,169,38,79,82,165,167,49,25,23,49,134,44,83,19,76,31,18,116,54,31,139,132,99,46,23,16,114,105,103,15,190,155,13,99,32,182,171,169,44,175,153,113,54,22,6,171,181,143,129,82,116,173,169,56,2,0,147,131,95,68,46,182,62,3,185,178,133,78,103,44,162,184,155,137,85,47,186,180,71,24,161,105,63,156,162,13,135,111,16,168,15,187,26,167,65,108,88,27,22,18,186,181,164,74,187,152,142,59,44,165,123,62,139,44,183,174,142,91,83,77,139,188,149,140,82,27,164,46,97,30,163,158,156,135,119,105,68,63,32,33,161,125,92,62,126,35,81,42,90,81,77,185,112,98,60,46,66,51,50,131,168,179,158,166,80,52
66,64,65,77,156,86,129,61,104,128,90,130,59,147,60,65,82,53,54,73,106,116,146,54,52,54,63,76,51,89,54,57,158,46,95,153,67,46,62,79,86,134,55,50,58,57,89,103,132,57,108,40,50,38,37,48,51,54,39,74,103,54,110,49,45,38,35,56,57,140,41,73,107,156,120,140,155,37,36,127,79,75,31,32,107,141,146,106,27,110,69,148,75,123,144,37,98,121,18,23,52,104,131,153,36,45,47,139,45,14,153,50,118,36,26,24,104,29,11,35,93,126,147,25,34,6,18,65,31,26,22,91,145,147,0,16,52,79,101,35,85,145,38,31,14,69,44,103,16,37,9,11,62,100,39,34,76,124,16,44,86,14,18,145,18,39,140,24,151,42,127,25,86,44,63,128,136,144,42,38,24,77,43,20,21,94,110,27,33,91,24,111,41,34,24,63,72,77,26,46,25,27,73,155,31,114,62,153,33,31,31,34,44,56,92,97,141,155,34,43,70,101,43,148,82,131,74,83,88,50,56,68,107,128,102,121,123,46,44,50,43,46,92,129
74,72,61,68,141,75,115,58,91,114,78,115,67,132,68,58,71,54,53,63,93,102,131,60,55,52,55,65,54,76,48,50,143,49,81,138,56,54,52,66,72,119,66,43,70,70,75,89,117,47,94,47,61,44,39,40,42,44,48,61,88,43,95,61,56,48,35,45,45,125,53,59,92,140,105,124,140,31,47,111,64,61,42,43,91,126,130,90,22,95,54,133,60,108,128,24,82,105,17,16,37,88,115,137,22,30,32,123,60,27,138,35,102,52,41,39,89,45,24,20,77,110,131,40,50,13,4,49,15,42,38,75,129,131,16,0,36,63,85,51,69,129,54,47,3,53,28,87,31,53,25,8,46,84,55,49,60,108,31,29,70,27,32,130,13,25,124,39,135,57,111,38,70,30,48,112,120,128,57,52,37,62,58,28,22,79,94,39,23,76,23,96,55,47,25,49,57,62,25,60,30,26,59,139,41,99,49,137,42,38,37,30,34,43,77,82,126,140,42,35,57,86,35,132,68,115,61,69,73,62,45,55,92,113,87,106,108,41,52,60,48,53,78,114
100,96,66,60,110,60,86,67,67,85,59,86,92,100,94,56,55,72,68,53,66,74,99,83,74,64,55,52,74,54,54,51,110,71,55,105,44,80,42,45,48,86,97,47,102,101,49,59,84,40,63,74,93,70,61,43,41,39,77,38,57,37,63,93,88,78,56,35,35,91,84,35,60,105,72,90,105,44,78,77,36,33,73,75,58,91,95,56,43,60,25,97,28,73,93,27,48,70,46,39,16,53,80,101,22,16,15,87,96,61,102,11,66,88,77,75,53,81,59,20,42,74,95,76,86,48,34,14,21,78,74,39,93,95,52,36,0,27,49,87,33,93,90,83,38,17,9,51,67,89,60,42,11,48,91,85,25,72,66,13,34,62,67,94,41,20,88,73,99,92,76,73,36,20,19,77,85,93,92,87,70,29,93,59,49,45,59,72,33,43,47,61,89,80,51,24,28,32,48,94,58,50,30,104,72,65,29,102,72,67,65,47,36,30,46,50,91,105,70,41,34,54,43,98,41,82,38,43,46,94,38,37,61,80,57,74,76,49,79,89,71,78,53,82
123,118,81,67,88,61,69,83,58,68,57,68,115,79,117,69,57,92,87,60,55,58,78,106,95,82,68,57,95,49,71,66,86,93,46,81,53,104,53,44,42,64,122,65,127,126,40,43,62,54,45,98,118,95,84,61,57,54,102,39,40,52,43,119,113,103,79,48,47,66,109,36,40,80,49,65,80,66,103,53,30,29,99,100,35,65,69,33,68,36,25,71,20,47,67,50,25,44,72,65,34,29,53,75,47,38,36,60,123,88,75,32,40,114,103,101,27,107,85,46,16,48,68,103,113,75,61,15,48,105,101,12,66,68,79,63,27,0,22,114,6,66,117,110,65,10,35,24,94,116,87,69,18,22,118,112,8,46,93,37,12,89,94,67,67,44,61,100,72,119,49,99,17,42,25,51,59,66,118,113,97,18,120,85,75,24,35,98,57,23,72,37,115,107,76,30,25,24,73,121,83,74,27,78,98,43,38,77,97,92,90,70,56,44,31,33,66,80,95,62,37,37,63,73,35,59,39,36,36,119,52,43,43,57,42,53,54,69,103,114,94,102,44,61
142,138,97,79,74,71,61,100,60,59,64,58,135,65,137,85,67,111,105,74,54,53,64,125,114,100,84,69,114,56,89,83,69,113,49,64,67,125,69,54,49,49,143,83,148,148,45,40,47,71,39,118,139,115,104,80,76,71,122,51,36,69,35,140,134,124,99,66,65,49,130,49,33,61,35,47,60,86,125,37,40,42,120,122,25,45,49,23,89,23,41,50,34,28,46,71,19,25,93,86,54,16,33,53,68,59,57,39,144,110,53,53,19,136,125,123,10,129,107,67,11,26,47,125,135,97,83,36,70,127,123,10,44,46,101,85,49,22,0,136,16,44,139,132,87,32,57,4,116,138,109,91,39,5,140,134,26,24,115,59,19,111,116,46,89,65,40,122,51,141,29,121,23,62,43,31,38,45,140,135,118,32,141,107,96,22,21,120,78,24,94,23,137,128,97,48,40,35,94,142,104,95,41,58,119,30,54,57,118,113,111,90,75,62,33,31,48,60,116,81,51,34,82,55,44,43,51,44,42,140,70,57,37,43,40,41,42,88,124,135,114,122,48,48
61,62,86,104,189,114,162,80,135,160,120,162,57,180,56,90,112,67,70,101,138,148,179,57,63,73,88,104,62,120,78,82,192,57,127,187,96,48,92,111,118,168,42,77,42,41,122,136,166,87,142,46,38,47,54,75,80,84,42,107,136,84,144,35,36,39,55,87,88,175,35,106,141,190,155,174,190,64,34,161,112,109,34,32,141,176,181,140,55,145,103,183,110,158,179,70,132,156,47,54,86,139,166,188,70,79,81,174,15,30,188,85,152,11,16,17,139,12,31,70,128,161,182,13,5,39,53,100,66,9,13,126,180,182,35,51,87,114,136,0,120,180,3,4,49,104,79,138,20,4,27,45,97,135,6,5,111,159,22,79,120,28,24,180,49,73,174,20,185,15,162,22,120,78,97,163,171,179,17,17,25,111,18,36,46,128,144,27,64,126,50,146,22,24,47,97,105,111,51,24,42,50,107,190,33,148,94,187,36,40,41,59,73,87,125,130,175,190,41,70,102,134,69,182,114,165,106,115,120,36,85,99,140,161,134,155,157,70,44,42,52,48,124,162
128,124,86,71,85,64,67,89,59,66,59,65,121,76,123,74,60,97,92,64,54,57,74,111,101,88,73,61,100,51,76,72,82,99,47,77,57,110,58,47,44,60,128,70,133,133,41,42,58,59,43,104,124,100,89,67,63,59,108,42,39,57,41,125,119,109,85,53,52,62,115,39,38,75,45,61,75,72,109,49,32,33,105,106,32,60,64,30,74,33,29,65,23,42,61,56,22,39,78,71,40,25,48,69,53,44,42,55,129,94,69,38,34,121,110,108,22,113,92,52,12,42,63,109,119,81,67,21,54,111,107,6,60,62,85,69,33,6,16,120,0,60,123,116,71,16,41,18,100,122,93,75,23,16,124,118,11,39,99,43,9,95,100,61,73,49,55,106,66,125,43,105,15,47,29,45,52,60,124,119,102,20,125,91,80,20,30,104,62,20,78,32,121,112,81,34,28,25,78,126,88,80,29,72,103,37,41,71,102,97,96,75,60,48,29,30,60,74,100,66,39,34,68,68,36,53,40,36,35,124,56,46,39,52,39,48,50,73,109,119,99,107,43,56
183,179,135,114,61,102,67,139,83,67,93,64,176,57,179,122,100,151,145,109,76,68,55,167,155,140,122,104,155,87,128,123,48,154,78,47,105,167,108,89,82,47,186,123,191,190,77,65,45,110,59,161,182,158,146,121,116,112,165,88,61,110,55,183,177,167,141,106,105,36,173,87,55,35,44,34,34,128,168,38,78,80,163,165,49,27,25,48,132,44,82,21,75,30,20,115,53,31,137,130,97,45,23,18,112,103,101,16,188,154,15,97,30,180,169,167,42,173,151,111,53,21,8,169,179,141,127,80,114,171,167,54,2,3,145,129,93,66,44,180,60,0,183,176,131,76,101,42,160,182,153,135,83,45,184,178,69,22,159,102,61,154,159,11,133,109,13,166,14,185,24,165,63,105,86,24,19,16,184,179,162,72,185,150,139,56,42,163,121,59,137,42,180,171,140,89,80,74,137,186,147,138,80,25,162,43,94,28,161,156,154,132,117,102,65,60,30,32,158,122,89,59,123,33,79,39,87,78,74,183,109,95,58,44,64,48,47,128,166,177,156,164,77,49
63,64,88,107,192,117,165,83,138,163,123,165,59,183,57,93,115,69,73,104,141,151,182,60,65,76,91,108,65,123,81,85,195,60,130,190,99,50,95,114,121,171,43,80,42,42,125,139,169,90,145,48,39,49,57,78,83,87,44,110,139,87,147,36,37,41,58,90,91,178,37,109,144,193,158,177,193,68,37,164,115,112,36,34,145,179,184,143,58,148,107,186,113,161,182,73,135,159,50,57,89,142,169,191,74,82,84,177,15,33,192,88,156,12,18,20,143,15,34,73,131,164,185,16,7,42,56,103,69,13,16,129,183,185,38,54,90,117,139,3,123,183,0,7,52,107,82,141,23,3,30,48,100,138,4,6,114,162,25,81,123,30,26,183,52,76,177,22,188,13,165,24,123,80,100,166,174,182,16,17,27,114,17,38,48,131,147,28,67,128,52,148,21,25,50,99,108,114,53,23,44,52,109,192,34,151,97,190,38,41,43,61,75,89,128,133,178,192,42,72,105,137,72,185,117,167,108,118,123,35,87,101,142,164,137,157,159,72,45,41,53,49,126,164
62,63,84,101,186,111,158,78,131,157,117,159,58,176,56,87,109,65,69,98,135,145,176,57,62,71,85,102,61,117,75,80,188,56,124,183,93,47,89,107,115,164,43,74,43,43,119,133,163,84,138,45,39,45,52,72,77,81,41,103,133,81,140,36,36,38,53,84,85,171,36,102,138,186,151,170,186,62,34,157,109,105,33,31,138,172,177,136,52,141,100,179,106,154,175,66,129,152,44,50,82,135,162,184,67,76,77,170,18,27,185,81,149,13,14,15,136,11,27,66,124,157,178,10,7,36,49,96,62,6,10,122,176,178,31,47,83,110,132,4,116,176,7,0,45,100,75,134,16,7,23,41,93,131,9,4,107,155,18,74,116,24,20,176,45,69,170,16,181,15,158,18,116,74,93,159,167,175,17,16,22,107,19,32,42,124,140,24,60,121,46,141,21,22,43,92,101,107,47,24,39,46,103,185,30,144,90,183,33,36,38,55,69,83,121,126,171,185,37,66,98,130,65,178,110,160,102,111,116,35,81,95,136,157,130,151,153,66,42,40,49,46,120,158
75,72,63,71,144,78,118,60,94,117,81,118,67,135,68,60,74,56,55,66,95,105,134,60,56,54,58,68,55,79,50,52,145,51,84,140,58,54,54,69,75,121,66,46,70,69,78,91,120,50,96,47,61,45,40,42,44,47,48,64,90,46,97,61,56,48,36,48,48,127,52,62,95,142,108,127,142,34,47,114,67,64,42,43,94,128,133,92,24,97,57,135,63,110,131,27,84,108,19,18,39,91,117,139,25,33,34,125,59,26,140,37,104,50,40,38,91,43,23,22,80,112,133,39,48,12,7,51,18,40,36,77,131,133,14,3,38,65,87,49,71,131,52,45,0,55,30,89,29,51,22,5,48,86,53,47,62,110,29,30,71,25,30,131,11,25,125,36,137,55,113,36,71,31,49,114,122,130,54,50,34,63,56,25,19,80,96,36,22,77,20,97,52,44,22,50,58,64,22,58,27,24,60,141,38,100,49,139,39,36,34,28,33,43,78,83,127,141,39,34,57,87,34,134,68,117,61,70,74,59,45,55,93,114,88,108,109,39,49,57,45,50,79,115
115,111,76,65,97,61,76,78,62,75,58,75,107,88,109,65,56,85,81,58,60,65,87,98,88,76,64,56,88,51,65,61,96,86,50,91,50,96,50,44,44,73,113,59,119,118,43,49,71,49,52,89,109,86,76,55,52,49,93,38,47,46,51,110,104,94,71,43,43,76,100,35,48,90,58,75,90,58,95,63,31,30,90,91,44,75,79,42,59,46,23,81,21,57,77,42,34,54,63,56,27,38,64,85,38,30,28,71,113,78,85,24,50,105,94,92,37,98,76,36,26,58,79,93,103,65,51,7,38,95,91,22,76,78,69,53,17,10,32,104,16,76,107,100,55,0,25,34,84,106,77,59,8,31,108,102,9,55,83,27,18,79,84,77,57,34,71,90,82,109,58,89,21,32,17,60,68,76,108,103,86,17,109,75,65,29,43,88,47,28,62,45,105,96,65,23,21,22,63,110,73,64,23,87,88,49,30,85,87,82,80,60,46,36,33,36,74,88,85,52,32,40,54,82,33,66,34,35,36,109,44,37,47,64,45,59,61,60,94,104,85,92,44,67
96,92,66,63,118,65,94,66,74,93,65,94,88,109,89,58,60,69,66,56,74,81,108,79,71,62,56,56,70,60,53,51,118,67,63,113,47,76,45,51,55,94,91,46,96,95,56,67,93,42,71,69,87,66,57,42,41,40,72,44,65,38,71,87,82,72,52,37,37,99,78,42,68,114,80,98,114,41,72,86,43,40,67,68,66,99,104,64,38,69,33,106,36,81,101,24,56,79,40,34,20,62,88,110,19,16,16,95,88,54,110,15,74,80,69,67,61,73,51,15,50,83,103,68,78,41,27,22,14,70,66,47,101,103,44,28,9,35,57,79,41,101,82,75,30,25,0,59,59,81,52,34,18,56,83,77,32,80,58,7,42,54,59,101,33,12,96,65,107,84,83,64,42,14,22,84,92,100,83,78,62,34,85,51,41,51,66,64,25,48,39,68,81,72,42,25,31,36,40,86,49,41,33,111,64,72,28,109,63,59,57,39,30,27,51,55,98,112,62,34,35,59,36,105,44,88,39,45,49,85,34,36,66,85,62,80,81,43,71,81,63,70,55,87
145,141,100,83,75,74,63,104,63,62,67,61,138,67,140,88,70,114,109,77,57,56,65,128,118,104,87,73,117,60,92,87,69,116,53,65,71,128,73,58,53,51,146,86,151,150,49,44,49,74,42,121,142,118,107,83,79,75,125,54,40,73,38,143,137,127,102,69,68,50,133,52,36,61,37,48,60,89,127,39,44,45,123,124,28,46,49,26,91,25,44,50,37,29,46,74,22,26,96,89,57,19,33,53,71,62,60,38,147,112,52,56,20,139,128,126,13,132,110,70,15,25,45,127,137,99,85,39,72,129,125,13,42,44,103,87,51,24,4,138,18,42,141,134,89,34,59,0,118,140,111,93,41,4,142,136,27,21,117,60,19,112,117,43,91,67,37,123,48,143,26,123,23,64,44,28,35,42,142,137,120,32,143,108,97,20,18,121,79,23,95,20,138,130,98,48,40,35,95,144,105,97,40,55,120,26,55,54,119,114,112,91,76,62,31,29,44,57,117,82,51,31,83,51,43,39,50,43,40,141,70,57,34,40,37,38,39,88,125,136,115,123,47,45
65,64,75,91,171,99,144,71,119,143,105,145,59,162,59,77,96,60,62,86,121,131,161,56,58,64,75,90,57,104,65,69,174,52,110,169,81,47,76,94,101,149,50,63,52,51,105,118,148,71,124,42,45,42,45,61,65,69,40,89,118,68,125,43,40,38,44,71,72,156,38,88,123,171,136,155,171,50,34,142,94,91,31,30,122,157,161,121,40,126,85,164,91,139,160,52,113,137,31,37,67,120,146,168,52,60,62,154,32,17,169,66,133,24,17,16,120,18,16,50,109,141,162,13,21,21,34,80,47,13,9,106,160,162,16,31,67,94,116,20,100,160,23,16,29,84,59,118,0,22,7,25,77,115,24,18,91,139,4,58,100,9,8,160,29,53,154,11,165,26,141,13,100,57,77,143,151,159,27,23,14,91,28,19,27,108,124,17,44,105,31,125,27,21,29,76,85,91,32,32,26,32,87,169,23,128,74,167,26,27,28,40,54,67,105,110,155,169,29,51,82,114,51,162,94,144,86,96,100,38,66,79,120,141,114,135,137,52,37,40,40,40,104,142
66,66,90,108,192,118,165,84,138,164,124,166,62,183,60,94,115,71,75,105,141,152,182,62,67,77,92,108,67,123,82,86,195,62,130,190,100,52,95,114,121,171,46,80,45,45,125,139,169,90,145,50,42,51,59,79,83,88,46,110,139,88,147,39,40,43,60,91,92,177,40,109,144,193,157,177,193,68,39,164,115,112,38,36,144,179,183,143,59,147,106,186,113,161,182,73,135,159,51,57,89,142,168,190,73,82,84,176,18,34,191,87,155,15,20,21,142,17,34,72,131,163,184,16,9,42,56,102,68,13,17,128,182,184,37,53,89,116,138,4,122,182,3,7,51,106,81,140,22,0,29,47,99,137,2,4,113,161,23,80,122,29,24,182,51,74,176,19,187,10,163,21,121,79,99,164,172,180,13,14,25,113,14,36,46,130,146,26,65,127,50,147,18,22,48,98,107,112,51,20,42,50,108,191,31,150,95,189,35,38,40,59,73,88,126,131,177,191,39,70,103,135,69,183,115,166,107,116,121,32,85,99,141,162,135,156,158,69,42,38,50,46,124,163
68,67,73,86,165,95,139,69,113,137,100,139,62,156,61,74,92,59,61,82,116,125,155,57,57,61,71,85,56,98,62,66,167,51,104,162,76,49,72,89,95,143,54,59,56,56,99,112,141,67,118,43,49,42,44,57,60,64,42,84,112,63,119,47,44,40,42,66,67,149,42,82,116,164,129,149,164,46,37,136,88,85,33,33,116,150,155,114,35,119,78,157,84,132,153,46,107,130,27,32,61,113,140,161,46,54,56,147,39,17,162,59,126,31,22,21,113,24,14,44,102,135,155,19,28,15,28,74,40,19,16,99,153,155,9,25,60,87,109,27,93,153,30,23,22,77,52,111,7,29,0,18,70,108,31,25,84,132,7,51,93,6,9,153,22,46,147,15,158,33,134,16,93,50,70,136,144,151,33,28,15,84,34,16,21,101,117,18,38,98,25,118,32,25,23,69,78,84,26,37,22,26,80,162,23,121,67,160,25,25,25,35,47,60,98,103,148,162,28,45,75,107,45,155,87,137,79,89,93,41,59,72,113,134,108,128,130,47,37,42,38,39,97,135
75,73,67,76,149,82,123,64,99,122,86,123,68,140,69,64,79,58,58,70,100,110,139,61,58,57,62,73,57,84,54,56,150,52,89,145,63,55,59,74,80,126,65,50,69,68,83,96,124,54,101,48,60,46,42,47,49,52,49,69,95,51,102,60,55,48,39,52,53,132,52,67,100,147,112,131,147,38,46,118,72,68,41,42,99,132,137,97,27,102,62,139,67,115,135,32,89,112,21,22,44,95,122,144,30,38,39,129,56,25,144,42,108,47,37,35,95,40,21,27,84,117,138,35,45,11,12,56,22,37,33,81,135,137,11,8,42,69,91,45,75,135,48,41,5,59,34,93,25,47,18,0,52,90,49,43,66,114,24,33,75,20,25,135,9,28,129,31,140,50,116,31,75,33,52,118,126,134,50,45,29,66,51,21,15,83,99,31,23,81,17,100,48,39,18,52,61,66,19,53,22,20,62,144,33,104,51,142,34,31,30,26,33,45,81,86,130,145,34,33,59,89,33,137,71,120,63,72,77,54,45,57,96,117,91,110,112,37,44,52,41,45,81,118
111,107,75,66,105,64,83,76,67,82,62,82,103,95,105,64,59,82,78,59,65,71,94,94,85,74,63,57,84,55,63,60,103,82,55,98,50,92,50,47,49,80,108,57,113,112,48,56,78,48,59,85,104,82,72,53,50,47,88,41,53,45,58,105,99,89,67,43,42,84,95,38,55,98,65,83,97,55,89,70,36,34,84,86,52,83,87,50,54,53,26,89,26,65,84,38,41,62,57,51,25,46,71,92,33,26,25,78,106,72,93,21,57,98,87,85,45,91,69,31,34,65,86,87,96,59,45,9,32,88,84,30,83,85,62,46,11,18,39,97,23,83,100,93,48,8,18,41,77,99,70,52,0,38,101,95,14,62,76,20,24,71,76,83,50,26,77,82,88,101,65,82,25,24,12,66,74,82,101,96,79,18,102,68,57,34,48,81,39,31,55,50,98,89,58,18,19,22,55,103,65,57,21,93,80,54,25,91,79,74,72,52,39,29,35,39,80,94,77,45,28,43,46,87,32,71,31,34,36,101,38,32,50,68,47,63,65,52,86,96,77,85,43,71
144,139,99,83,78,74,66,103,65,65,68,63,136,70,138,87,70,112,107,77,59,58,68,127,116,102,86,73,115,60,90,86,73,114,54,69,70,126,72,57,53,54,144,85,149,148,49,45,52,73,44,119,139,116,105,82,77,73,123,54,41,71,40,141,135,124,100,67,67,53,131,52,38,64,40,52,64,87,125,42,43,45,120,122,30,49,53,28,89,28,43,53,36,33,49,72,23,30,93,87,55,21,37,56,68,60,58,42,144,109,56,53,23,136,125,123,16,129,107,67,15,29,49,124,134,96,82,36,69,126,122,11,45,47,100,84,48,22,5,135,16,45,138,131,86,31,56,4,115,137,108,90,38,0,139,133,24,24,114,57,16,109,114,46,87,64,40,120,51,139,28,120,19,60,41,30,37,45,139,134,117,28,140,105,94,17,17,118,76,19,92,19,135,126,95,45,37,32,92,140,102,93,37,57,117,25,51,55,116,111,109,88,72,59,28,26,45,59,114,78,47,28,79,53,40,40,47,40,37,138,66,54,32,40,35,37,38,85,121,132,112,120,43,44
67,68,92,110,195,120,167,86,140,166,126,168,63,185,62,96,117,73,77,107,144,154,185,64,69,79,94,110,69,126,84,89,197,64,133,192,102,54,98,116,124,173,47,83,46,46,128,142,171,93,147,52,43,53,61,81,86,90,48,112,141,90,149,40,41,45,62,93,94,180,41,111,146,195,160,179,195,70,41,166,117,114,40,38,146,181,185,145,61,150,108,188,115,163,184,75,137,161,53,59,91,144,170,192,75,84,86,178,18,36,193,90,157,16,22,23,144,19,36,74,133,166,186,19,11,44,58,104,71,15,19,130,184,186,39,55,91,118,140,6,124,184,4,9,53,108,83,142,24,2,31,49,101,139,0,6,115,163,25,82,124,30,26,184,52,76,178,21,189,9,165,22,123,81,101,166,174,182,12,13,26,115,13,38,48,132,148,27,67,129,52,149,18,22,49,99,108,114,52,19,43,52,110,193,32,152,97,190,35,39,41,60,75,89,128,133,179,193,40,71,105,137,71,185,117,168,108,118,123,31,87,101,142,164,137,157,159,71,42,38,50,46,126,164
66,67,88,105,189,115,162,82,135,160,121,162,62,180,61,91,112,70,73,102,138,148,179,61,66,75,89,105,65,120,79,84,191,61,127,186,97,52,92,111,118,167,47,78,47,47,122,136,166,87,141,49,43,50,57,76,80,85,45,107,136,85,143,40,40,43,57,88,89,174,40,105,141,189,154,173,189,65,38,160,112,108,37,35,140,175,180,139,56,144,103,182,109,157,178,69,131,155,47,54,85,138,164,186,70,78,80,172,21,31,187,84,151,16,18,19,138,16,31,68,127,160,180,14,10,38,52,99,65,11,14,124,178,180,34,49,85,112,134,5,118,178,6,4,47,102,77,136,18,4,25,43,95,133,6,0,109,157,19,76,118,25,20,178,47,70,172,15,183,11,159,17,117,75,95,160,168,176,13,12,21,109,14,32,42,126,142,22,61,123,46,143,17,19,43,94,102,108,47,20,38,46,104,187,28,146,91,184,31,35,36,55,69,84,122,127,173,187,35,66,99,131,65,179,111,162,102,112,117,31,81,95,137,158,131,152,154,66,39,36,46,43,120,159
124,120,84,72,95,67,77,86,66,75,63,75,116,86,118,73,63,94,89,65,62,66,85,107,97,85,72,63,96,56,74,70,92,94,53,88,57,105,57,50,49,71,122,67,127,126,47,51,69,57,52,98,118,95,84,64,60,57,102,44,47,55,50,118,113,103,79,51,51,73,109,41,48,86,56,72,85,67,103,60,36,36,98,100,43,71,75,40,68,43,30,76,26,53,72,51,32,50,71,64,35,35,59,79,47,39,37,65,121,86,79,32,45,112,101,99,33,105,84,45,23,52,72,101,111,73,59,16,46,102,98,17,69,71,76,60,25,8,26,111,11,69,114,107,62,9,32,27,91,113,84,66,14,24,115,109,0,48,90,33,9,85,90,69,63,39,63,96,74,115,51,95,12,36,18,52,60,68,115,110,93,11,116,81,70,21,35,94,52,19,68,36,111,102,71,23,18,16,68,116,78,69,19,79,93,41,30,77,92,87,85,64,50,37,25,28,66,80,90,55,30,32,57,73,28,57,31,29,29,114,45,36,38,55,37,50,52,62,98,109,89,96,37,58
166,162,120,101,70,91,67,123,75,66,82,63,159,63,161,107,87,134,129,95,68,64,61,149,138,124,107,91,138,75,112,107,60,137,67,57,90,149,92,75,69,49,167,106,173,172,64,55,47,94,51,142,163,139,128,104,99,95,146,73,51,93,47,164,158,148,123,89,88,43,154,71,46,49,40,41,48,110,149,37,62,64,144,146,38,35,37,37,113,33,64,35,57,26,32,95,38,24,117,110,78,31,24,36,92,83,81,24,168,133,35,77,19,160,149,147,26,153,131,91,34,14,27,148,158,121,107,60,94,150,146,34,22,24,124,108,72,46,24,159,39,22,162,155,110,55,80,21,139,161,132,114,62,24,163,157,48,0,138,81,39,133,138,22,111,87,16,144,27,163,8,143,41,84,64,10,15,21,162,157,140,50,163,129,118,35,21,142,99,38,115,21,159,150,118,67,58,52,115,164,125,116,58,34,140,25,72,34,139,134,132,110,95,80,44,39,27,38,136,100,67,39,102,34,57,28,66,57,53,161,87,73,38,31,44,33,33,106,144,155,134,142,57,37
69,69,78,93,172,101,145,74,120,144,106,146,64,163,63,80,98,64,66,88,122,132,162,60,61,67,77,91,60,105,68,72,174,55,111,169,82,51,78,95,102,150,54,65,56,55,106,119,148,73,124,46,49,45,48,63,67,70,44,90,118,70,126,47,45,42,47,72,73,156,42,89,123,171,136,155,171,52,38,142,95,91,35,34,123,157,161,121,42,126,85,163,91,139,159,53,113,136,33,38,67,119,146,168,52,61,63,153,35,21,168,66,132,28,21,20,119,22,19,51,108,141,162,16,23,22,34,80,46,16,13,105,159,161,16,31,66,93,115,22,99,159,25,18,29,83,58,117,4,23,7,24,76,114,25,19,90,138,0,57,99,6,4,159,27,51,153,8,164,26,140,9,98,56,76,141,149,157,26,21,10,90,27,16,24,107,123,13,42,104,28,124,25,19,26,75,83,89,29,30,22,29,85,168,19,127,72,165,22,23,23,37,51,65,103,108,154,168,25,48,80,112,48,160,92,143,84,93,98,35,63,77,118,139,112,133,135,49,33,36,36,36,102,140
100,96,72,70,123,72,100,72,80,98,72,99,92,113,93,64,67,74,71,63,80,87,112,84,76,68,63,63,75,67,59,58,122,72,69,117,54,79,52,57,61,99,94,53,99,98,62,72,97,49,76,72,89,69,61,49,48,47,75,51,70,45,76,90,84,75,56,44,44,103,80,48,73,117,84,102,117,47,75,89,49,47,70,71,70,102,107,68,43,72,39,108,42,84,104,30,60,82,43,37,27,65,91,112,25,23,23,98,89,56,112,22,77,81,70,68,64,73,53,20,53,85,105,69,78,41,29,26,18,70,66,49,103,105,44,29,13,37,59,79,43,102,81,74,30,27,7,60,58,80,51,33,20,57,82,76,33,81,57,0,42,52,57,102,30,7,96,63,107,82,83,62,41,7,19,84,92,100,81,76,60,33,82,48,37,50,66,61,20,47,35,67,78,69,38,21,28,34,36,83,46,37,30,111,60,70,22,109,59,55,53,34,23,20,48,53,97,111,58,28,30,57,29,104,40,87,34,41,45,82,27,30,63,84,59,78,79,36,67,77,58,66,51,85
133,129,92,79,92,73,75,95,68,74,67,73,125,83,127,81,68,103,98,72,63,66,81,116,106,94,80,69,105,60,82,78,87,103,56,83,64,114,65,55,53,67,131,76,136,136,50,51,65,65,52,107,127,104,94,72,69,65,111,50,47,63,49,128,122,112,89,59,59,67,118,47,46,80,52,66,79,76,112,55,41,41,108,109,40,64,68,38,77,39,36,69,31,47,65,60,30,44,80,74,44,32,52,72,56,48,46,58,130,96,71,42,38,122,111,109,28,115,93,54,20,44,64,110,120,82,68,24,56,112,108,13,61,63,86,70,34,12,19,120,9,61,123,116,71,18,42,19,100,122,93,75,24,16,124,118,9,39,99,42,0,94,99,60,72,48,54,105,65,124,41,104,6,45,25,43,50,58,123,118,101,13,124,90,79,12,25,103,60,12,76,27,120,111,79,29,21,17,76,125,86,77,22,70,101,32,36,68,100,95,93,72,57,43,20,21,57,71,98,62,33,25,64,64,27,48,33,28,26,122,51,39,31,46,30,42,43,69,106,116,96,104,34,50
73,72,79,92,169,100,142,74,117,141,104,143,67,159,67,79,96,65,67,87,120,129,158,63,64,67,77,90,63,102,68,71,170,57,108,165,81,54,76,93,99,146,59,64,61,60,103,116,144,71,121,49,54,48,50,62,65,69,48,88,115,68,122,52,49,46,48,70,71,152,47,86,119,167,132,151,167,52,42,138,91,88,39,38,119,152,157,117,41,122,82,159,87,134,155,50,109,132,32,37,64,115,142,163,49,57,59,149,41,23,164,62,128,33,26,25,115,28,20,47,104,136,157,22,29,20,31,76,42,21,18,101,154,156,14,27,62,89,111,28,95,154,30,24,25,79,54,112,9,29,6,20,71,109,30,25,85,133,6,52,94,0,5,154,22,46,148,11,159,30,135,11,93,50,70,136,144,152,30,25,10,84,31,10,18,101,117,13,36,99,22,119,28,20,20,69,78,84,23,33,17,23,79,163,17,121,66,160,19,19,19,31,45,59,98,103,148,162,22,42,74,106,42,155,86,137,78,88,92,36,57,71,112,134,107,127,129,43,31,36,32,33,96,134
73,73,82,96,174,104,147,77,122,146,109,148,67,164,67,83,101,67,69,91,124,134,163,64,65,70,81,94,64,107,71,75,175,59,113,170,85,55,81,97,104,151,57,68,59,59,107,121,149,76,126,50,53,49,52,66,69,73,48,92,120,72,127,51,48,46,51,75,76,157,46,91,124,172,137,156,172,55,42,143,96,93,39,38,124,157,162,122,45,127,87,164,92,139,160,55,114,137,36,41,69,120,147,168,54,62,64,154,38,25,169,67,133,30,24,23,120,25,22,52,109,141,162,20,26,24,36,81,47,18,16,106,160,162,18,32,67,94,116,24,100,159,26,20,30,84,59,117,8,24,9,25,76,114,26,20,90,138,4,57,99,5,0,159,27,51,153,6,164,25,140,6,98,55,75,141,149,157,25,20,6,89,26,13,22,106,122,9,41,103,26,123,23,16,24,74,83,89,27,28,19,26,84,168,15,126,71,165,18,19,20,35,49,64,103,108,153,167,21,46,79,111,46,160,91,142,83,92,97,32,61,75,117,138,111,132,134,46,29,33,32,32,100,139
187,183,140,120,72,109,77,144,92,77,100,74,180,68,182,127,106,155,150,115,84,77,66,170,159,145,127,110,159,94,133,127,59,158,85,58,110,170,113,95,88,57,189,128,194,193,83,72,55,115,67,164,185,161,149,125,120,116,168,93,69,114,62,186,180,169,145,110,109,47,176,92,62,46,53,45,45,131,170,47,83,85,166,167,55,37,36,55,134,50,86,32,78,39,31,117,57,38,139,132,100,50,32,29,114,105,103,26,190,155,25,99,36,181,170,168,47,174,152,113,56,27,19,170,180,142,128,82,115,172,168,56,13,13,145,130,94,67,46,180,61,11,183,176,131,77,101,43,160,182,153,135,83,46,184,178,69,22,159,102,60,154,159,0,132,108,6,165,5,184,19,164,61,104,84,19,11,5,183,178,161,70,184,149,138,54,38,162,119,57,135,37,179,170,138,87,78,72,136,184,146,137,77,15,161,38,92,18,159,154,152,130,114,100,61,56,19,21,156,120,86,54,121,22,75,30,84,74,69,181,106,91,51,35,58,40,39,125,164,175,153,161,72,40
84,81,74,81,150,87,125,71,102,123,90,125,76,141,77,71,83,67,66,76,103,112,140,70,66,65,69,77,66,87,61,63,150,61,92,145,68,63,64,77,83,127,73,56,76,76,85,98,125,60,102,56,68,54,51,53,55,57,57,71,96,56,103,67,63,56,47,57,57,132,60,69,100,146,112,131,146,45,54,118,73,70,49,50,99,132,136,97,35,101,63,138,68,114,134,36,89,111,29,29,46,95,121,142,33,40,41,128,61,33,142,43,107,53,44,42,94,47,29,30,83,115,135,41,50,19,18,55,24,42,38,79,133,135,18,13,41,67,89,49,73,133,52,45,11,57,33,91,29,51,22,9,50,87,52,47,63,111,27,30,72,22,27,132,0,24,126,33,137,52,113,32,71,28,48,114,122,130,51,46,29,62,52,18,9,79,95,31,15,76,9,96,48,39,12,47,56,62,11,53,18,13,57,141,31,99,45,138,31,27,25,17,25,38,76,81,126,140,30,24,53,84,25,133,65,115,57,66,71,53,38,50,90,112,85,105,107,29,40,49,35,40,75,112
98,94,74,74,130,76,106,73,86,105,77,106,90,120,91,67,72,74,71,67,86,93,119,82,75,69,65,67,74,72,61,60,129,71,75,124,58,77,56,63,67,105,91,55,95,94,68,79,104,52,82,70,86,67,60,50,50,50,72,56,77,48,82,86,81,72,55,48,48,110,77,54,80,124,91,109,123,47,71,96,55,53,66,67,77,109,113,75,41,79,45,115,48,91,111,31,67,88,40,36,31,72,97,119,26,27,27,104,84,51,119,27,84,76,65,63,71,69,48,21,60,91,112,64,73,37,25,33,17,65,61,56,109,111,39,25,20,44,65,73,49,109,76,69,25,34,12,67,53,74,46,28,26,64,76,70,39,87,51,7,48,46,51,108,24,0,102,57,113,76,89,56,47,6,24,90,98,106,75,70,53,38,76,42,31,55,71,55,14,53,28,73,72,63,32,24,33,38,29,77,39,30,34,117,54,76,24,114,53,48,46,27,18,20,53,58,102,117,51,22,32,61,24,109,43,92,36,44,49,75,25,31,67,89,63,82,84,30,60,70,52,59,54,90
182,178,135,116,73,105,76,139,89,75,97,72,175,68,177,123,102,150,145,111,81,75,66,165,154,140,123,106,154,90,128,123,61,153,81,59,106,165,108,91,84,56,183,123,189,188,79,69,55,110,64,158,179,155,144,120,115,111,163,89,65,109,59,180,174,164,139,105,104,47,170,87,59,48,51,45,47,126,165,46,78,80,160,162,52,38,37,51,129,47,81,34,73,36,32,111,53,36,133,126,95,46,30,32,108,99,98,26,184,149,29,93,33,176,165,163,42,168,147,107,51,24,22,164,174,136,122,76,109,166,162,50,15,16,140,124,88,61,40,174,55,13,177,170,125,71,96,37,154,176,147,129,77,40,178,172,63,16,153,96,54,148,153,6,126,102,0,159,11,178,13,158,55,98,78,13,6,6,177,172,155,64,178,143,132,48,32,156,113,51,129,31,173,164,132,81,72,66,129,178,140,131,71,18,155,32,86,19,153,148,146,124,108,94,55,50,17,23,150,114,80,48,115,22,69,26,77,68,63,175,100,85,46,30,52,35,34,119,158,169,147,155,66,36
74,74,87,101,180,110,153,82,128,152,115,154,69,171,68,88,107,71,73,97,131,140,170,66,69,75,86,100,68,113,76,80,182,63,119,177,91,57,87,103,110,157,57,74,58,58,114,127,156,82,132,53,53,52,56,71,75,79,50,99,126,78,133,50,49,48,56,81,82,163,47,97,131,178,144,163,178,61,44,150,102,99,41,40,130,164,168,128,50,133,93,170,99,146,166,61,120,143,42,47,75,127,153,175,60,69,70,160,35,29,175,73,139,28,24,24,126,24,27,58,115,148,168,19,23,30,42,87,54,17,16,112,166,168,24,39,73,100,122,20,106,166,22,16,36,90,65,123,11,19,15,31,82,120,21,15,96,144,8,63,105,11,6,165,33,57,159,0,170,19,146,2,104,61,81,147,155,163,18,14,6,95,20,17,28,112,128,8,47,109,31,129,17,10,28,80,88,94,32,22,23,31,90,173,14,132,76,171,17,20,21,39,54,69,108,113,159,173,21,51,84,117,50,165,96,148,88,98,102,27,66,80,122,144,117,137,139,50,27,29,33,31,105,144
193,188,145,125,74,114,81,149,96,80,106,77,185,70,188,133,111,161,155,120,89,82,68,176,165,150,133,116,164,99,138,133,61,163,90,60,116,176,118,100,94,61,194,133,199,198,88,77,59,120,72,169,190,166,155,130,126,121,173,99,74,120,67,191,185,175,150,115,115,50,181,97,67,47,57,48,46,137,176,52,88,90,171,173,60,41,38,60,140,55,91,34,84,43,34,122,63,43,144,137,105,56,36,30,119,110,108,30,195,160,26,104,41,187,176,174,52,179,158,118,61,32,21,175,185,147,133,87,120,177,173,61,16,15,151,135,99,72,51,185,66,14,188,181,137,82,107,48,165,187,158,140,88,51,189,183,74,27,164,107,65,159,164,5,137,113,11,170,0,189,24,169,66,109,89,23,15,8,188,183,166,75,189,154,143,58,42,167,124,61,140,42,184,175,143,91,82,77,140,189,150,141,82,11,166,41,96,15,164,159,157,135,119,104,65,60,20,18,161,124,90,58,126,21,79,32,88,78,73,185,110,96,55,37,61,43,41,130,168,179,158,166,75,42
76,77,99,116,198,125,171,93,145,170,131,171,72,188,70,102,122,80,84,112,148,157,188,72,77,86,100,115,76,130,90,94,200,71,136,195,107,62,102,120,127,176,56,88,55,55,131,145,174,97,150,60,52,61,67,86,90,95,56,116,144,94,151,49,50,53,68,97,98,182,50,115,149,197,162,181,197,76,49,168,120,117,48,46,148,182,187,147,65,152,111,189,117,165,185,78,139,162,57,63,93,145,172,193,78,87,89,179,27,41,194,92,158,25,29,30,145,26,41,77,134,166,187,25,20,47,60,106,72,21,24,131,185,187,42,57,92,119,141,15,125,185,13,15,55,109,84,143,26,10,33,50,101,139,9,11,115,163,26,82,124,30,25,184,52,76,178,19,189,0,165,20,123,80,100,166,174,182,3,7,23,114,4,35,46,131,147,23,65,128,49,148,9,16,47,98,107,113,50,10,40,49,108,192,27,151,95,190,30,34,36,57,73,87,127,132,178,192,34,68,103,135,68,184,115,166,106,116,121,23,84,98,141,163,135,156,158,67,35,30,44,39,123,163
171,167,126,107,77,98,75,130,83,74,90,72,164,71,166,113,94,140,134,102,76,72,69,154,144,130,113,98,143,82,118,113,67,142,75,64,96,153,98,82,76,57,171,112,177,176,72,63,55,100,60,147,167,144,133,109,105,100,151,80,59,99,55,168,163,152,128,95,94,50,158,78,54,55,48,48,54,115,153,45,69,71,148,150,46,42,43,44,117,41,70,41,63,34,38,100,45,33,121,114,83,39,31,40,96,88,86,30,171,137,38,81,28,163,152,150,33,156,134,95,40,22,30,151,161,123,110,64,97,153,149,38,25,26,127,111,76,49,29,162,43,24,165,158,113,58,83,26,141,163,134,116,65,28,165,159,51,8,140,83,41,135,140,19,113,89,13,146,24,165,0,145,42,85,65,2,9,17,164,159,142,51,165,130,119,34,19,143,100,37,116,18,160,151,119,67,59,53,116,165,126,117,58,29,142,20,72,28,140,135,133,111,95,80,42,37,19,31,137,101,66,36,102,26,56,20,65,55,51,162,87,72,34,23,40,26,26,106,144,155,134,142,54,29
77,76,88,102,180,110,154,83,128,152,115,154,71,170,70,89,107,73,75,98,131,140,170,68,70,76,87,100,69,113,77,81,181,64,119,176,91,59,87,104,110,157,59,75,61,60,114,127,155,82,132,55,55,54,58,72,76,79,52,99,126,79,133,52,51,50,57,81,82,163,49,97,131,178,143,162,178,62,46,149,102,99,43,42,130,163,168,128,51,133,93,170,98,145,166,61,120,143,43,47,75,126,152,174,60,68,70,160,37,30,174,73,139,31,26,26,126,27,28,58,115,147,168,22,25,30,42,86,53,19,18,111,165,167,25,38,73,99,121,22,105,165,24,18,36,89,64,123,13,21,16,31,82,120,22,17,95,143,9,62,104,11,6,164,32,56,158,2,169,20,145,0,103,60,80,146,154,162,19,14,4,94,20,16,26,111,127,5,45,108,30,128,17,9,27,78,87,93,30,22,21,29,88,172,12,131,75,169,15,18,19,38,53,67,107,112,158,172,19,49,83,115,48,164,95,146,86,96,101,26,65,79,121,143,115,136,138,48,25,27,30,29,104,143
135,131,96,84,97,78,81,98,74,80,73,79,128,88,130,85,73,106,101,77,69,72,86,118,109,97,84,74,108,66,86,82,92,106,62,88,69,116,69,60,59,72,133,79,138,137,56,57,70,69,58,109,128,106,96,76,72,69,113,55,53,67,55,129,124,114,91,63,63,72,120,53,52,84,58,71,83,79,114,60,46,46,109,110,46,69,72,43,79,45,41,73,37,52,69,62,36,49,82,75,47,37,56,75,58,50,49,61,130,96,74,44,43,122,111,109,33,115,93,55,26,48,67,110,120,82,69,28,56,111,108,18,63,65,86,70,36,17,23,120,15,63,123,116,71,21,42,23,100,121,93,75,25,19,123,117,12,41,98,41,6,93,98,61,71,47,55,104,66,123,42,103,0,43,23,43,51,59,122,117,100,9,123,88,77,9,24,101,58,7,74,26,118,109,77,26,17,12,74,123,84,76,17,70,100,30,32,67,98,93,91,69,54,40,14,16,56,70,96,59,28,20,61,63,21,46,28,22,20,120,47,34,26,44,25,39,40,66,103,114,93,101,28,46
103,100,79,77,129,79,106,78,87,105,79,105,96,119,97,71,74,79,77,71,87,94,118,88,81,74,69,70,80,74,66,65,127,76,76,122,62,83,59,64,68,104,96,59,101,100,69,79,102,56,82,76,92,73,65,55,54,54,78,58,76,52,82,92,87,78,61,51,51,108,83,55,79,122,90,107,121,52,77,95,56,54,72,73,76,107,111,74,47,78,45,112,48,89,108,36,65,86,46,41,34,70,95,116,31,30,30,102,89,57,116,29,81,81,70,69,69,74,54,26,58,88,109,69,78,43,31,32,22,70,66,53,106,108,44,30,20,42,62,78,47,105,80,74,31,32,14,64,57,79,50,33,24,60,81,75,36,84,56,7,45,50,55,104,28,6,98,61,109,80,85,60,43,0,20,86,94,102,79,74,57,34,80,45,34,51,67,58,16,48,31,68,75,66,35,19,28,34,32,80,42,33,29,112,57,71,18,110,56,51,49,28,16,14,48,53,98,112,53,21,26,56,23,104,38,87,31,39,43,78,20,26,62,84,57,77,79,29,62,72,53,60,48,84
118,114,85,78,113,76,93,86,79,92,74,92,110,104,112,75,71,90,87,71,77,82,103,101,93,83,74,69,92,67,73,70,110,89,67,106,62,98,61,59,61,89,113,66,118,117,60,66,86,59,69,91,108,88,79,62,60,58,93,53,64,56,67,109,103,94,74,53,53,91,99,50,65,104,74,90,103,62,94,78,48,46,89,90,60,89,93,58,60,61,38,94,38,71,90,45,49,68,62,56,35,53,76,97,40,35,34,83,108,75,96,30,63,100,89,87,51,93,72,37,41,69,89,88,97,61,48,21,36,89,85,35,86,88,63,48,19,25,43,97,29,86,100,93,49,17,22,44,77,99,70,52,12,41,101,95,18,64,76,19,25,70,75,84,48,24,78,81,89,100,65,80,23,20,0,66,74,82,99,94,77,14,100,65,54,31,47,78,35,28,51,48,95,86,54,6,9,14,51,100,62,53,11,92,77,51,13,90,75,70,68,47,32,19,29,34,78,92,73,38,16,38,39,85,22,67,19,24,27,97,28,20,44,65,40,58,60,44,81,91,71,79,34,66
173,169,128,110,79,100,77,131,85,76,92,74,165,73,168,115,96,142,136,104,78,74,71,156,145,132,115,100,145,85,120,115,68,144,77,66,98,155,100,84,79,59,173,114,178,177,74,65,57,102,62,149,169,145,134,111,107,102,153,82,61,100,57,170,164,154,129,97,96,52,160,80,56,56,50,50,55,116,154,47,71,73,150,151,48,44,44,47,119,43,72,42,65,36,39,101,47,35,123,116,85,41,33,41,98,89,87,32,172,138,39,83,30,164,153,151,35,157,136,96,42,24,31,153,162,125,111,65,98,154,150,40,25,27,128,112,77,51,31,163,45,24,166,159,114,60,84,28,143,164,136,118,66,30,166,160,52,10,141,84,43,136,141,19,114,90,13,147,23,166,2,146,43,86,66,0,8,16,165,160,143,52,166,131,120,35,19,144,101,38,117,19,161,152,120,68,59,53,117,166,127,118,59,27,142,19,73,26,141,136,134,112,96,81,42,37,17,29,138,101,67,36,102,24,56,18,65,55,51,162,87,73,34,22,40,25,24,107,145,156,135,143,53,28
180,176,134,115,78,105,79,138,90,78,97,75,173,72,175,122,102,149,143,110,82,77,70,163,153,138,121,106,152,90,126,121,66,151,82,64,105,162,107,90,84,60,181,121,186,185,79,70,58,109,66,156,176,153,142,118,114,109,160,88,66,107,61,177,172,161,137,103,103,51,168,86,60,53,53,49,52,124,162,49,77,79,157,159,52,42,42,51,126,47,79,39,72,38,37,109,52,37,130,123,92,46,33,37,105,97,95,30,180,146,34,90,33,172,161,159,41,165,143,104,49,26,27,161,170,133,119,73,106,162,158,48,21,22,136,120,85,59,38,171,52,19,174,167,122,68,92,35,151,172,144,126,74,37,174,168,60,15,149,92,50,144,149,11,122,98,6,155,15,174,9,154,51,94,74,8,0,8,173,168,151,60,174,139,128,43,27,152,109,46,125,26,169,160,128,76,67,61,125,174,135,126,66,20,150,26,81,19,149,144,142,120,104,89,50,45,13,23,146,109,75,43,110,19,64,20,73,63,58,170,95,81,40,25,47,30,28,114,153,164,142,150,60,30
188,183,141,122,77,111,81,145,94,80,103,77,180,72,182,128,108,156,150,116,87,81,70,171,160,145,128,112,159,95,133,128,64,158,87,63,111,170,114,96,90,61,188,128,194,193,85,75,59,115,70,164,184,160,149,125,121,116,168,94,71,114,65,185,179,169,144,110,110,51,175,93,65,51,56,49,50,131,170,51,84,86,165,167,57,42,41,57,134,52,86,37,79,42,36,116,59,41,138,131,100,52,35,34,113,104,102,30,188,154,31,98,38,180,169,167,47,173,151,112,56,29,24,168,178,141,127,81,114,170,166,55,18,18,144,128,93,66,45,179,60,16,182,175,130,76,100,42,159,180,151,134,82,45,182,176,68,21,157,100,58,152,157,5,130,106,6,163,8,182,17,162,59,102,82,16,8,0,181,176,159,68,182,147,136,51,35,160,117,54,133,34,177,168,136,84,75,69,133,182,143,134,74,13,158,34,89,14,157,152,150,128,112,97,57,53,14,17,154,117,83,51,118,17,71,25,80,71,66,178,103,88,47,30,54,36,34,122,161,172,150,158,68,35
79,79,100,117,198,126,171,95,145,170,132,172,75,189,73,103,123,82,86,113,148,158,188,74,79,88,101,116,78,131,91,96,200,73,137,195,108,65,103,121,128,176,59,89,58,58,131,145,174,98,150,62,55,63,69,87,91,95,58,116,144,95,152,52,53,56,69,98,99,182,53,115,149,197,162,181,196,77,51,168,121,117,50,48,148,182,187,147,66,151,111,189,117,164,185,79,139,162,58,64,93,145,171,193,78,87,89,179,30,42,193,92,158,28,31,32,145,29,42,77,134,166,187,27,22,47,60,105,72,23,26,130,184,186,42,57,92,118,140,17,124,184,16,17,54,108,83,142,27,13,33,50,101,139,12,13,115,162,26,81,123,30,25,183,51,75,177,18,188,3,164,19,122,79,99,165,173,181,0,5,22,113,1,34,45,130,146,21,64,127,48,147,6,14,45,97,106,112,48,7,39,48,107,191,25,149,94,188,28,32,34,55,71,86,126,131,176,191,32,67,101,134,66,183,113,165,105,114,119,19,82,97,139,161,134,154,156,65,32,26,41,36,122,161
78,79,97,113,193,122,167,92,141,165,128,167,74,184,72,100,119,80,83,109,144,153,183,73,77,85,98,112,76,126,88,92,195,71,132,190,104,63,99,117,124,171,59,86,59,59,127,141,169,94,146,60,55,60,66,84,87,91,57,112,140,91,147,52,52,54,66,94,95,177,52,110,144,192,157,176,192,73,50,163,116,113,48,46,144,177,182,142,62,147,106,184,112,159,180,74,134,157,54,60,89,140,167,188,74,82,84,174,32,39,188,87,153,28,29,30,140,27,38,72,129,161,182,25,22,43,56,100,67,21,23,125,179,181,38,52,87,113,135,17,119,179,17,16,50,103,78,137,23,14,28,45,96,134,13,12,110,157,21,76,118,25,20,178,46,70,172,14,183,7,159,14,117,74,94,160,168,176,5,0,17,108,6,29,40,125,141,16,59,122,43,142,5,9,40,92,101,107,43,9,34,43,102,186,20,144,89,183,23,28,30,50,66,81,121,126,171,186,27,62,96,129,61,178,108,160,100,109,114,19,77,92,134,156,129,149,151,60,29,25,38,33,117,156
79,78,88,102,178,110,152,84,127,151,114,152,73,169,73,89,106,74,76,97,129,139,168,70,72,77,87,100,71,112,77,81,179,66,118,174,91,61,86,102,109,155,62,74,64,63,112,125,153,81,130,56,58,56,59,72,75,78,54,97,124,78,131,55,54,52,57,80,81,161,52,96,129,176,141,160,175,61,48,147,101,98,45,44,127,161,165,126,51,130,91,167,96,143,163,60,118,140,42,47,73,124,150,171,59,67,68,157,40,31,172,71,136,34,29,29,123,30,29,56,112,144,165,24,28,30,40,84,51,22,21,109,162,164,24,37,70,97,118,25,102,162,27,22,34,86,62,120,14,25,15,29,79,117,26,21,93,140,10,60,101,10,6,161,29,53,155,6,166,23,142,4,100,57,77,143,151,159,22,17,0,91,23,12,23,108,124,3,42,105,26,125,19,10,24,75,84,90,27,24,17,26,85,169,9,127,72,166,12,14,16,34,49,64,104,109,154,169,16,46,79,112,45,161,92,143,83,93,98,26,61,75,118,139,112,133,135,45,23,26,27,26,100,139
129,125,93,82,104,78,87,94,77,85,74,85,121,95,123,82,73,100,96,75,73,76,94,112,103,92,81,73,103,67,81,78,100,100,64,96,67,110,67,61,60,79,126,75,131,130,58,61,77,66,63,103,121,100,90,71,68,65,106,55,58,63,60,122,116,107,85,60,60,80,112,52,58,92,65,79,92,73,106,68,47,46,102,103,52,77,81,50,72,52,40,81,37,60,77,56,42,57,74,68,43,44,65,84,51,45,43,70,122,88,84,39,51,114,103,101,40,106,85,49,32,57,76,102,111,74,61,24,49,103,99,25,73,74,77,62,29,18,32,111,20,72,114,107,63,17,34,32,91,113,84,66,18,28,115,109,11,50,90,33,13,84,89,70,62,38,64,95,75,114,51,94,9,34,14,52,60,68,113,108,91,0,114,79,68,17,33,92,49,14,65,34,109,100,68,17,9,5,65,114,75,66,9,78,90,37,23,76,89,84,82,60,45,30,17,21,64,78,86,50,20,25,52,71,17,54,21,18,19,111,38,26,31,51,28,45,47,56,94,105,84,92,27,53
80,81,102,118,199,128,173,96,147,171,133,173,76,190,74,105,125,84,87,114,149,159,189,76,81,89,103,118,80,132,93,97,201,75,138,196,109,66,105,122,129,177,60,91,59,59,133,146,175,100,152,64,56,64,71,89,93,97,60,118,146,97,153,53,54,57,71,99,100,183,54,116,150,198,163,182,198,78,53,169,122,119,51,50,150,183,188,148,68,153,112,190,118,165,186,80,140,163,59,65,95,146,173,194,80,88,90,180,31,44,194,93,159,29,33,34,146,30,43,78,135,167,188,28,24,49,61,107,73,25,27,132,185,187,43,58,93,120,141,18,125,185,17,19,56,109,85,143,28,14,34,51,102,140,13,14,116,163,27,82,124,31,26,184,52,76,178,20,189,4,165,20,123,80,100,166,174,182,1,6,23,114,0,35,46,131,147,22,65,128,49,148,6,15,46,98,107,113,49,6,39,48,108,192,25,150,95,189,28,33,35,56,72,87,126,131,177,191,32,67,102,135,67,184,114,166,105,115,120,19,83,98,140,162,134,155,157,65,32,26,42,36,123,162
84,82,85,96,168,103,143,81,119,141,107,143,77,159,77,84,99,73,74,91,121,130,158,73,72,74,82,93,71,104,73,76,169,66,109,164,84,64,80,94,100,145,69,69,71,70,103,116,143,75,120,58,64,57,58,66,69,72,57,89,115,71,121,62,60,56,55,73,74,150,57,87,119,165,131,149,164,57,52,136,91,88,49,48,117,150,154,115,46,120,81,156,86,132,152,52,107,129,38,41,64,113,139,160,50,57,59,146,50,32,160,61,125,43,36,35,112,38,29,47,101,133,153,32,38,25,33,73,42,31,28,97,150,152,20,28,59,85,107,36,91,150,38,32,25,75,51,108,19,36,16,21,68,105,38,32,81,129,16,48,90,10,13,149,18,42,143,17,154,35,130,16,88,45,65,131,139,147,34,29,12,79,35,0,11,96,112,13,30,93,14,113,30,21,11,63,72,78,15,35,6,14,73,157,13,115,60,154,13,11,10,22,37,52,92,97,142,156,14,34,67,100,33,149,79,131,71,81,86,34,49,63,105,127,100,121,122,34,24,32,23,26,88,127
87,85,82,90,159,96,134,79,111,132,99,134,80,149,81,79,92,73,73,85,112,121,148,75,72,72,77,87,71,96,70,72,159,67,101,154,77,67,73,86,92,135,75,65,77,77,94,107,133,69,111,61,70,59,57,61,64,66,61,81,105,65,112,68,65,60,54,66,67,140,62,79,109,154,121,139,154,53,57,126,82,79,52,52,107,139,144,105,43,109,72,146,77,121,141,45,97,119,36,37,55,103,128,149,43,49,50,135,59,35,149,52,114,52,43,42,102,45,32,39,90,122,143,40,48,24,26,63,33,40,36,87,140,142,21,22,49,75,96,46,80,139,48,42,19,65,41,97,27,46,21,15,57,94,48,42,70,118,24,37,79,18,22,138,9,31,132,28,143,46,119,26,77,34,54,120,128,136,45,40,23,68,46,11,0,85,101,24,19,82,4,102,41,32,3,52,61,67,5,46,9,5,62,146,23,104,49,143,22,18,16,13,27,41,81,86,131,145,21,24,57,89,24,138,69,120,60,70,75,44,39,53,95,116,89,110,112,26,31,40,26,31,78,116
144,140,104,91,95,85,82,107,78,81,79,80,136,87,138,93,80,114,110,84,73,74,85,127,118,105,92,81,117,71,94,90,89,115,67,85,77,125,77,67,64,71,142,88,147,146,61,60,69,77,60,118,137,115,105,84,81,77,122,62,56,75,56,138,133,123,100,72,71,70,128,59,54,80,57,68,79,87,123,59,53,53,118,119,47,65,68,44,88,45,49,68,43,49,64,71,38,46,90,84,56,38,52,70,67,59,57,57,139,105,69,53,40,130,120,118,32,123,102,64,28,43,61,119,128,91,78,36,65,120,116,21,57,59,94,79,45,24,22,128,20,56,131,124,80,29,51,20,108,130,101,83,34,17,132,126,21,35,107,50,12,101,106,54,79,55,48,112,58,131,34,111,9,51,31,35,43,51,130,125,108,17,131,96,85,0,16,109,66,3,82,17,126,117,85,33,24,18,82,131,92,83,24,61,107,21,38,59,105,100,99,77,61,46,11,10,47,61,103,66,33,13,67,54,23,37,31,23,20,127,53,39,19,35,19,30,31,72,110,121,100,108,26,38
158,153,115,99,88,91,79,118,81,78,85,77,150,80,152,103,87,127,122,93,75,73,78,141,131,118,103,89,130,77,106,101,80,128,71,76,86,139,88,74,70,65,156,100,162,161,66,61,63,89,59,132,152,129,119,97,93,89,136,71,57,87,55,153,147,137,114,83,82,61,143,68,53,69,53,59,68,101,137,52,60,61,133,134,45,55,57,43,102,42,59,56,52,41,52,85,40,39,105,99,69,36,42,57,81,73,71,45,154,120,55,67,32,146,135,133,30,139,118,79,32,32,47,134,144,107,93,49,80,136,132,27,43,44,110,94,59,35,21,144,30,42,147,140,96,43,66,18,124,146,117,99,48,17,148,142,35,21,123,66,25,117,122,38,95,71,32,128,42,147,19,127,24,67,47,19,27,35,146,141,124,33,147,112,101,16,0,125,82,19,98,2,142,133,101,49,40,34,98,147,108,99,39,45,123,9,54,43,121,116,114,93,77,62,23,19,32,46,119,82,48,18,83,39,37,23,46,37,32,143,68,54,19,23,24,20,21,87,126,137,115,123,36,27
82,81,91,104,180,112,154,87,130,153,117,155,76,171,75,92,109,77,79,100,132,141,170,73,75,80,90,103,74,115,80,84,181,69,120,176,93,64,89,105,112,157,65,77,66,66,115,128,155,84,132,59,60,59,62,75,78,81,57,100,127,81,133,58,56,55,60,83,84,163,55,98,131,177,143,162,177,64,51,149,103,100,48,47,129,163,167,128,54,132,93,169,98,145,165,63,120,142,45,50,76,126,152,173,61,69,71,159,42,34,173,73,138,36,32,31,125,32,32,59,114,146,166,27,30,33,43,86,54,25,24,110,163,165,27,39,72,98,120,27,104,163,28,24,36,88,64,121,17,26,18,31,81,118,27,22,94,142,13,61,103,13,9,162,31,55,156,8,167,23,143,5,101,58,78,144,152,160,21,16,3,92,22,13,24,109,125,0,43,106,27,126,17,8,24,76,85,91,27,22,17,26,86,170,6,128,72,167,10,13,14,34,50,65,104,109,155,169,14,46,80,113,45,162,92,144,83,93,98,23,61,76,118,140,112,133,135,44,20,23,25,23,101,140
97,95,81,84,143,88,120,79,99,118,89,119,90,134,91,76,83,77,76,78,99,107,133,83,78,74,74,79,77,85,68,68,142,73,88,137,69,77,66,75,80,119,88,62,91,91,81,92,117,62,96,70,83,67,62,58,59,60,71,69,90,58,96,82,78,70,58,58,59,123,74,67,93,137,104,122,137,52,69,110,69,66,64,64,91,122,126,89,44,93,58,128,62,104,124,39,80,101,41,38,44,85,110,131,35,38,39,117,76,47,131,39,96,68,59,57,84,62,44,30,73,104,124,56,65,33,26,46,25,57,53,69,121,123,33,23,33,57,78,64,62,121,67,60,22,47,25,79,44,65,38,23,39,76,67,61,52,99,42,20,60,36,41,119,15,14,113,47,124,65,100,45,58,16,35,101,109,117,64,59,42,49,65,30,19,66,82,43,0,63,16,83,60,51,19,33,42,48,16,65,26,17,43,127,41,85,30,124,40,35,33,13,11,23,62,67,112,126,38,12,38,70,13,119,50,101,42,51,56,62,23,35,76,97,70,91,93,19,47,57,38,45,60,98
142,138,103,90,98,84,84,106,79,83,79,82,135,89,136,92,80,113,108,84,74,75,88,125,116,104,91,81,115,72,93,89,92,113,67,88,76,123,76,67,65,74,140,86,145,144,62,61,71,76,61,116,135,113,103,83,79,76,119,62,57,74,58,136,130,120,98,70,70,72,126,59,56,83,59,71,82,86,120,61,52,53,115,117,48,68,71,46,86,47,48,71,43,52,67,69,40,49,88,82,54,40,55,73,65,57,56,60,136,102,72,51,43,128,117,115,34,121,100,62,29,46,64,116,126,89,75,35,63,117,113,22,60,62,91,76,43,23,24,126,20,59,128,121,77,28,48,23,105,127,98,81,31,19,129,123,19,38,104,47,12,99,103,57,76,53,51,109,61,128,37,108,7,48,28,38,46,54,127,122,105,14,128,93,82,3,19,106,63,0,79,20,123,114,82,30,21,15,79,128,89,80,20,64,104,23,35,62,102,97,95,74,58,43,9,9,50,64,100,63,30,13,64,57,21,40,28,21,17,124,50,36,19,37,19,32,33,69,107,118,97,105,24,39
90,88,83,91,157,96,133,81,110,131,99,132,83,148,84,80,92,75,75,85,111,119,147,77,75,74,78,87,74,96,71,72,157,69,100,152,77,70,73,86,91,133,78,66,81,80,94,105,132,69,110,64,73,62,59,62,64,66,64,80,104,65,110,72,68,63,56,66,67,138,65,78,107,152,119,137,152,54,60,124,81,78,55,56,105,137,142,103,44,107,71,143,75,119,139,46,95,117,38,38,54,100,126,147,42,48,49,133,63,38,147,51,112,55,47,45,99,49,35,38,88,120,140,43,51,27,27,61,33,43,40,84,137,139,24,23,47,72,94,50,78,137,52,46,20,62,39,95,31,50,25,17,55,92,52,46,68,115,28,35,76,22,26,135,9,28,129,31,140,49,116,30,74,31,51,117,125,133,48,43,26,65,49,14,4,82,98,27,16,79,0,99,44,35,3,49,58,64,2,49,10,3,59,143,25,101,46,140,24,20,18,10,23,38,77,82,128,142,23,20,53,86,20,135,65,117,57,66,71,46,35,49,91,113,86,106,108,22,32,42,26,32,74,113
160,155,117,102,89,94,81,120,83,80,87,78,152,82,154,105,89,129,124,95,77,75,80,143,133,120,105,92,132,79,108,103,81,130,73,77,89,141,90,77,72,66,158,102,163,162,68,64,64,91,62,134,154,131,120,99,95,91,138,73,59,89,57,155,149,139,115,85,84,62,145,70,55,70,54,60,69,103,139,54,62,63,134,136,47,56,58,45,104,44,61,57,55,43,53,87,42,41,107,100,71,38,43,57,83,75,73,45,156,122,56,68,34,148,137,135,32,140,119,81,34,34,48,136,145,108,95,51,82,137,133,29,43,44,111,96,61,37,23,146,32,42,148,141,97,45,68,20,125,147,118,100,50,19,149,143,36,21,124,67,27,119,123,37,96,73,31,129,42,148,18,128,26,68,48,19,26,34,147,142,125,34,148,113,102,17,2,126,83,20,99,0,143,134,102,50,41,35,99,148,109,100,40,44,124,6,54,42,122,117,115,93,77,63,23,19,30,44,120,83,48,18,84,37,37,21,46,37,32,144,69,54,17,21,23,18,19,88,126,137,116,124,36,25
83,84,102,117,196,126,170,97,145,169,131,170,79,187,78,104,123,85,88,113,147,157,186,78,82,90,102,116,81,130,92,96,198,76,136,193,107,68,103,120,127,174,64,90,64,63,130,144,172,98,149,65,60,65,71,88,91,95,62,115,143,95,150,57,57,59,71,97,98,179,57,114,147,194,160,179,194,77,55,166,119,116,53,52,146,180,184,145,67,149,109,186,115,162,182,78,136,159,58,63,92,142,169,190,77,85,87,176,36,44,190,90,155,33,34,35,142,33,43,75,131,163,183,30,27,47,59,103,70,26,28,127,181,183,41,55,89,115,137,22,121,180,21,21,52,105,81,138,27,18,32,48,98,135,18,17,111,159,25,78,120,28,23,179,48,72,173,17,184,9,160,17,118,75,95,161,169,177,6,5,19,109,6,30,41,126,142,17,60,123,44,143,0,9,41,93,102,108,44,5,34,43,103,187,19,145,89,184,22,27,29,50,66,81,121,126,172,186,26,62,97,129,61,178,109,160,100,110,115,14,77,92,135,157,129,150,152,59,25,20,35,30,117,156
83,83,97,111,188,120,162,92,137,161,124,162,78,179,77,98,116,81,84,107,140,149,178,76,79,85,96,110,78,122,87,90,189,73,128,184,101,67,96,113,119,165,65,84,65,65,122,136,164,91,140,63,61,62,67,81,85,88,60,108,135,88,141,58,57,57,66,90,91,171,56,106,139,186,151,170,185,71,53,157,111,108,51,49,138,171,175,136,60,140,101,177,107,153,173,70,128,150,52,57,84,134,160,181,69,77,79,167,39,39,181,81,146,34,33,33,133,32,37,67,122,154,175,28,28,40,51,94,62,25,25,118,172,174,34,47,80,107,128,24,112,171,25,22,44,96,72,130,21,22,25,39,89,126,22,19,102,150,19,69,111,20,16,170,39,63,164,10,175,16,151,9,109,66,86,152,160,168,14,9,10,100,15,21,32,117,133,8,51,114,35,134,9,0,32,84,93,99,35,14,25,34,94,178,11,136,80,175,14,18,20,42,57,72,112,117,163,177,18,53,88,120,52,169,100,151,91,101,106,17,68,83,126,148,120,141,143,51,20,19,28,24,108,148
90,88,85,93,160,99,136,82,113,134,102,135,83,151,83,82,95,76,76,87,114,122,150,78,75,75,80,89,74,98,73,74,160,70,103,155,80,70,76,88,94,136,77,68,80,79,96,108,135,71,113,64,72,62,60,64,66,68,63,83,107,67,113,71,67,62,57,69,69,141,64,81,110,155,122,140,155,56,59,128,84,81,55,55,108,140,145,106,46,111,74,146,78,122,142,48,98,120,39,40,57,104,129,150,45,51,52,136,61,38,150,54,115,53,45,44,102,47,35,41,91,123,143,42,49,27,29,64,35,41,38,87,140,142,24,25,51,76,97,47,81,140,50,43,22,65,42,98,29,48,23,18,58,95,49,43,71,118,26,38,79,20,24,138,12,32,132,28,143,47,119,27,77,35,54,120,128,136,45,40,24,68,46,11,3,85,101,24,19,82,3,102,41,32,0,52,61,67,3,46,7,3,62,146,22,104,48,143,21,17,15,11,26,41,80,85,131,145,20,22,56,89,22,137,68,120,59,69,74,43,38,52,94,116,88,109,111,23,29,39,23,29,77,116
120,117,90,84,119,82,99,90,85,98,80,98,112,110,114,80,77,94,90,77,83,88,108,104,96,87,79,75,95,74,77,75,116,92,73,111,68,100,66,65,67,94,115,71,119,118,66,73,92,64,75,93,110,90,81,67,65,63,95,59,70,61,73,110,105,96,76,59,58,96,101,56,71,109,79,95,108,66,95,83,54,52,90,91,66,93,97,64,63,67,45,98,44,76,94,49,55,73,63,58,40,59,81,101,44,39,39,87,108,76,100,35,67,100,89,87,56,93,72,40,46,73,93,88,97,61,49,28,38,89,85,40,89,91,63,49,24,30,48,97,34,89,99,92,50,23,25,48,76,98,69,52,18,45,99,94,23,67,75,21,29,69,74,87,47,24,81,80,91,98,67,78,26,19,6,68,76,84,97,92,75,17,98,63,52,33,49,76,33,30,49,50,93,84,52,0,9,15,49,98,59,50,10,94,74,52,7,91,72,67,65,44,28,14,29,34,79,93,70,34,10,37,35,86,19,68,14,21,25,94,22,14,43,65,38,58,60,40,77,88,67,75,30,65
127,123,93,85,113,82,95,95,83,93,79,93,119,103,121,83,77,99,96,78,80,84,102,110,102,92,82,76,101,72,82,79,109,98,71,104,69,107,69,65,65,88,122,75,127,126,64,69,86,67,70,100,117,97,88,71,68,66,103,59,65,64,68,118,113,103,83,61,61,89,109,56,66,101,73,87,100,72,103,76,52,51,98,99,60,86,89,58,70,60,44,90,42,68,86,55,50,66,71,65,43,52,73,93,50,44,43,79,116,84,92,39,60,108,98,96,49,101,81,46,40,65,85,96,106,69,57,27,45,97,93,33,81,83,72,57,28,25,40,105,28,80,108,101,58,21,31,40,85,107,78,61,19,37,108,102,18,58,83,28,21,78,83,78,56,33,72,88,82,107,59,87,17,28,9,59,67,75,106,101,84,9,107,72,61,24,40,85,42,21,58,41,102,93,61,9,0,6,58,107,68,59,2,85,83,43,14,82,81,76,74,52,37,22,20,25,70,84,79,42,12,29,43,77,13,59,13,15,18,103,30,18,35,56,31,50,52,48,86,97,76,84,25,57
132,128,96,87,109,83,92,98,82,90,79,90,124,100,125,86,78,103,99,80,78,81,98,115,106,95,85,77,105,72,85,82,104,103,70,100,71,112,71,65,65,84,127,78,132,131,63,66,82,70,68,105,123,102,92,74,72,69,108,60,63,67,65,123,118,108,87,64,64,84,114,57,63,96,69,83,95,76,108,72,52,51,103,104,57,81,84,54,74,56,45,85,42,64,81,59,47,61,76,70,46,49,68,87,54,48,46,73,122,89,86,42,55,114,103,102,45,107,86,51,36,60,79,102,111,75,62,28,50,103,99,29,75,77,77,62,32,24,35,111,25,74,114,107,64,22,36,35,91,112,84,66,22,32,114,108,16,52,89,34,17,84,89,72,62,38,66,94,77,113,53,93,12,34,14,53,61,69,112,107,90,5,113,78,67,18,34,91,48,15,64,35,108,99,67,15,6,0,64,113,74,65,5,79,89,37,20,76,87,82,80,58,43,28,15,19,64,79,85,48,16,23,49,71,12,53,16,13,14,109,35,22,30,50,26,44,46,54,92,103,81,89,22,51
92,90,85,93,158,98,134,82,112,132,101,134,85,149,85,82,94,77,77,87,112,121,148,79,77,76,80,88,76,97,73,74,158,71,101,153,79,72,75,87,93,134,80,68,82,82,95,106,132,71,111,65,75,64,61,64,66,68,65,81,105,67,111,73,70,64,58,68,68,139,67,79,108,153,120,138,153,56,62,125,82,79,57,57,106,138,142,104,46,108,72,144,76,120,140,47,96,117,40,40,56,101,126,148,44,50,51,133,64,40,147,52,113,56,48,47,100,50,37,40,89,120,140,45,52,29,29,62,34,44,41,85,137,139,26,25,48,73,94,51,78,137,53,47,22,63,40,95,32,51,26,19,55,92,52,47,68,115,29,36,76,23,27,136,11,29,129,32,140,50,116,30,74,32,51,117,125,133,48,43,27,65,49,15,5,82,98,27,16,79,2,99,44,35,3,49,58,64,0,49,10,1,59,143,25,101,45,140,24,19,17,8,23,37,77,82,128,142,22,19,53,85,19,134,65,117,56,66,71,46,35,49,91,113,85,106,108,21,31,41,24,30,74,113
86,86,106,122,202,131,175,101,150,174,137,176,82,192,80,109,128,89,92,118,152,162,192,81,86,94,107,122,85,135,97,101,203,80,141,198,113,72,108,125,132,179,66,95,65,65,136,149,177,103,154,69,62,69,75,93,97,100,65,121,148,100,155,59,60,63,75,103,103,185,60,119,152,200,165,184,199,82,58,171,124,121,57,55,151,185,189,150,72,154,115,191,120,167,187,83,142,164,63,69,97,148,174,195,82,90,92,181,37,48,196,95,160,35,38,39,147,36,47,80,136,168,189,34,29,52,64,108,75,30,32,133,186,188,46,60,94,121,142,24,126,186,23,24,58,110,86,144,32,20,37,53,103,140,19,20,116,164,30,83,125,33,28,184,53,77,178,22,189,10,165,22,123,80,100,166,174,182,7,9,24,114,6,35,46,131,147,22,65,128,49,148,5,14,46,98,107,113,49,0,39,48,108,192,24,150,94,189,26,31,33,55,71,86,126,131,177,191,30,66,101,134,66,183,113,165,105,115,120,13,82,97,140,162,134,155,157,64,28,21,38,32,121,161
89,88,89,98,167,104,142,85,120,141,108,142,83,158,83,87,100,78,79,93,121,129,157,78,77,78,85,95,76,105,77,79,167,71,109,162,85,70,81,95,101,144,75,72,77,77,103,115,142,77,120,64,70,63,62,69,71,74,63,89,114,73,120,69,66,62,60,74,75,148,63,87,117,163,129,147,162,60,59,135,91,88,54,54,115,148,152,114,49,118,80,154,85,130,150,54,105,127,42,44,64,111,136,157,51,57,59,143,57,38,157,61,122,49,42,41,110,44,35,47,99,130,150,38,45,29,34,71,42,37,35,95,147,149,25,30,58,83,104,42,88,147,44,39,27,73,49,105,26,42,22,22,65,102,43,38,78,125,22,46,86,17,19,146,18,39,140,23,150,40,126,21,84,42,62,127,135,143,39,34,17,75,39,6,9,92,108,17,26,89,10,109,34,25,7,59,68,74,10,39,0,9,69,153,15,111,55,150,14,9,8,17,32,47,87,92,138,152,13,28,63,95,28,144,75,126,66,76,81,36,44,58,101,123,95,116,118,27,23,32,19,23,83,122
93,91,86,94,160,99,135,84,113,134,102,135,86,150,86,83,95,78,78,88,114,122,149,80,78,77,81,90,77,98,74,76,159,72,103,154,80,72,77,89,94,136,80,69,83,82,96,108,134,72,112,66,75,64,62,65,67,69,66,83,106,68,112,74,70,65,59,69,70,140,67,81,110,154,121,139,154,57,62,127,84,81,58,58,107,139,144,106,47,110,73,145,78,121,141,49,97,119,41,42,57,103,128,149,45,51,52,134,64,41,149,54,114,56,48,47,101,50,37,41,90,121,142,45,52,29,30,63,36,44,41,86,138,140,27,26,50,74,95,50,80,138,52,46,24,64,41,97,32,50,26,20,57,93,52,46,69,116,29,37,77,23,26,137,13,30,131,31,141,49,117,29,76,33,53,118,126,134,48,43,26,66,48,14,5,83,99,26,17,80,3,100,43,34,3,50,59,65,1,48,9,0,60,144,24,102,46,141,23,18,16,9,24,38,78,83,129,143,21,20,54,86,19,135,66,117,57,67,72,45,35,49,92,114,86,107,109,21,30,40,23,29,74,114
129,125,96,87,113,84,96,97,85,94,81,94,121,104,123,86,79,102,98,80,81,85,103,112,104,94,84,78,103,74,84,81,109,100,72,105,72,109,71,67,67,89,124,77,129,128,66,70,86,69,72,102,119,99,90,73,71,68,105,61,67,66,69,120,114,105,85,64,63,89,110,58,67,101,74,88,101,74,105,77,54,53,100,101,61,86,90,59,72,61,46,90,44,69,86,57,51,66,73,67,46,53,73,93,52,46,45,79,118,85,92,41,60,110,99,97,49,103,82,48,41,65,84,98,107,71,59,29,47,99,95,34,80,82,73,59,30,27,41,107,29,80,109,103,60,23,33,40,87,108,80,62,21,37,110,104,19,58,85,30,22,79,84,77,57,34,71,90,82,108,58,88,17,29,11,59,66,74,107,102,85,9,108,73,62,24,39,86,43,20,59,40,103,94,62,10,2,5,59,108,69,60,0,84,84,42,15,81,82,77,75,53,37,23,19,24,69,83,79,43,11,27,44,76,11,58,12,13,16,104,30,17,33,55,29,48,50,48,86,97,76,84,22,55
200,195,154,134,85,124,92,158,107,92,115,89,192,82,195,141,121,168,163,129,99,93,80,183,172,158,141,125,172,108,146,141,72,170,100,71,124,182,126,109,103,72,200,140,206,205,98,87,70,128,82,176,196,173,161,138,133,129,180,107,83,127,77,197,191,181,157,123,122,61,187,105,77,58,68,59,57,143,182,63,97,98,177,178,70,52,50,69,146,65,98,45,91,54,45,128,71,53,150,143,112,65,47,41,125,116,114,41,199,165,37,110,51,191,180,178,60,184,163,123,68,42,33,180,189,152,138,93,125,181,177,67,27,27,155,139,104,78,58,190,72,25,192,185,141,87,111,55,169,191,162,144,93,57,193,187,79,34,168,111,70,163,168,15,141,117,18,173,11,192,29,172,70,112,92,27,20,13,191,186,169,78,192,157,146,61,45,170,127,64,143,44,187,178,146,94,85,79,143,192,153,144,84,0,168,42,98,5,166,161,159,137,121,106,66,61,16,7,163,126,91,59,127,13,80,29,89,79,74,187,112,97,54,34,61,40,39,131,170,181,159,167,74,37
88,87,96,108,181,115,156,92,132,154,120,156,82,172,82,96,112,82,84,103,134,143,171,79,80,85,93,106,79,117,85,88,182,74,122,177,96,70,92,107,113,158,71,81,72,72,116,129,156,87,133,65,66,64,67,78,81,84,63,102,128,84,134,64,63,61,65,86,86,163,61,100,131,177,144,162,177,68,57,149,104,101,54,53,130,163,167,128,57,132,94,169,99,145,165,65,120,142,49,53,77,126,151,172,63,70,72,158,48,40,172,74,137,42,38,38,125,38,37,60,114,145,166,33,36,36,45,86,55,31,30,110,162,164,31,41,72,98,119,33,103,162,34,30,38,88,64,120,23,31,23,33,80,117,32,28,93,140,19,60,101,17,15,161,31,54,155,14,166,27,142,12,100,57,77,142,150,158,25,20,9,90,25,13,23,107,123,6,41,104,25,124,19,11,22,74,83,89,25,24,15,24,84,168,0,126,70,165,4,8,9,31,47,62,102,107,153,167,8,42,77,110,42,159,89,141,81,90,95,21,58,73,115,137,110,131,133,40,14,19,19,17,97,137
165,160,123,108,94,100,87,126,90,86,93,84,157,87,159,111,96,134,129,101,83,81,85,148,138,125,110,98,137,85,113,109,85,135,79,82,94,145,96,83,79,72,162,107,167,167,75,70,70,96,68,139,158,136,125,104,100,96,142,79,66,94,63,159,153,143,120,91,90,67,149,76,62,73,60,65,73,108,143,59,69,69,138,140,53,60,62,52,108,50,67,60,60,48,57,91,48,46,111,105,76,45,48,60,87,79,78,49,159,126,58,73,39,151,140,138,39,144,123,85,40,38,50,139,148,112,98,56,86,140,136,35,45,46,114,99,65,43,30,148,37,43,151,144,100,49,72,26,128,150,121,104,54,25,152,146,41,25,127,70,32,121,126,38,99,76,32,132,41,151,20,131,30,71,51,19,26,34,149,144,127,37,150,115,104,21,9,128,85,23,101,6,145,136,104,52,43,37,101,150,111,102,42,42,126,0,56,39,124,119,117,95,79,64,24,19,27,41,121,84,49,17,85,34,38,17,47,37,32,145,70,55,14,15,20,12,13,89,128,139,117,125,34,19
122,118,94,89,126,88,107,94,92,105,86,105,114,117,115,85,83,97,94,82,90,95,115,106,98,90,83,81,98,80,81,79,122,94,80,118,73,101,72,72,74,101,115,75,119,118,73,80,99,69,82,94,110,91,83,71,69,68,96,66,77,66,81,110,105,96,79,64,64,103,101,63,78,115,86,101,115,69,95,90,61,59,90,91,73,100,104,71,65,74,51,104,51,82,100,52,62,80,64,60,45,66,87,107,47,44,43,93,106,75,106,40,74,98,88,86,63,91,72,43,53,80,99,86,95,61,50,34,40,87,83,47,95,97,62,49,29,38,54,94,41,94,97,90,49,30,28,55,74,95,67,51,25,51,97,91,30,72,72,22,36,66,71,92,45,24,86,76,96,95,72,75,32,18,13,73,81,89,94,89,72,23,95,60,49,38,54,72,30,35,46,54,89,80,48,7,14,20,45,94,55,46,15,98,70,56,0,95,68,63,61,39,23,8,32,37,83,97,65,28,8,40,29,89,20,71,12,21,26,89,15,8,46,68,40,61,63,34,72,83,62,70,30,68
199,195,153,135,89,124,95,157,108,94,116,91,191,85,194,141,121,167,162,129,100,95,83,182,171,157,141,125,171,109,145,140,76,169,101,75,124,181,126,109,103,75,199,140,204,203,98,88,73,128,84,174,195,171,160,137,133,128,178,107,85,126,79,195,190,179,155,122,122,65,186,105,78,62,70,63,61,142,180,65,96,98,175,177,71,55,53,70,144,66,98,49,91,56,49,127,72,55,148,141,111,65,49,45,123,115,113,44,197,163,41,109,52,189,178,176,60,182,161,122,68,43,36,177,187,150,136,91,123,179,175,66,30,30,153,137,102,77,57,187,71,28,190,183,139,85,109,54,167,189,160,142,91,55,190,184,77,34,165,109,68,160,165,18,138,114,19,171,15,190,28,169,67,110,90,26,19,14,188,183,166,76,189,154,143,59,43,167,124,62,140,42,184,175,143,91,82,76,140,189,150,141,81,5,165,39,95,0,163,158,156,134,118,103,63,58,12,4,160,123,88,55,124,8,76,25,85,75,70,184,108,93,51,29,57,36,34,127,166,177,156,164,71,33
91,91,98,109,181,116,156,94,132,155,120,156,85,172,85,97,113,85,86,104,134,143,171,82,83,87,95,107,82,118,86,89,181,77,122,176,97,73,93,108,114,157,75,82,76,75,116,129,156,88,133,68,70,67,69,80,82,85,66,102,127,85,134,68,66,64,67,86,87,162,64,100,131,177,143,161,176,70,60,149,104,101,57,56,129,162,166,128,59,132,94,168,99,144,164,66,119,141,51,54,77,125,150,171,64,71,72,157,52,42,171,74,136,46,41,41,124,42,40,60,113,144,164,37,40,38,46,85,55,35,33,109,161,163,33,42,72,97,118,36,102,161,38,33,39,87,63,119,26,35,25,34,79,116,35,31,92,139,22,59,100,19,18,159,31,53,153,17,164,30,140,15,98,56,75,141,149,157,28,23,12,89,28,13,22,105,121,10,40,102,24,122,22,14,21,72,81,87,24,26,14,23,82,166,4,124,68,163,0,5,7,29,45,60,100,105,151,165,4,40,75,108,39,157,87,139,78,88,93,22,55,70,113,135,107,128,130,37,11,18,15,14,95,135
92,91,96,107,177,113,152,92,129,150,117,152,86,167,86,95,109,84,85,101,130,139,166,82,82,85,93,103,81,114,84,87,177,76,119,172,94,73,90,104,110,153,76,80,78,77,112,125,151,85,129,68,72,67,68,77,80,82,66,98,123,81,129,69,67,65,66,83,84,158,65,96,127,172,139,157,172,68,61,144,100,97,58,57,125,157,161,123,57,127,90,163,95,139,159,62,115,136,49,52,73,120,145,166,60,67,68,152,55,42,166,70,132,48,43,42,119,44,39,57,108,139,159,38,43,36,43,81,51,37,35,104,156,158,31,38,67,92,113,40,97,156,41,36,36,82,59,114,27,38,25,31,74,111,39,35,87,134,23,55,95,19,19,154,27,48,148,20,159,34,135,18,93,51,70,136,144,152,32,28,14,84,33,11,18,100,116,13,35,97,20,117,27,18,17,67,76,82,19,31,9,18,77,161,8,119,63,158,5,0,2,24,40,55,95,100,146,160,4,35,70,103,34,152,82,134,73,83,88,27,50,65,108,130,102,123,125,33,14,22,13,15,90,130
93,92,95,105,175,112,150,91,127,149,115,150,86,165,86,94,108,84,85,100,128,137,164,82,82,85,92,102,81,112,83,86,175,76,117,170,93,74,89,103,108,151,77,79,79,78,111,123,149,84,127,68,72,67,68,76,79,81,67,97,121,80,128,70,68,65,66,82,82,156,66,95,125,170,137,155,170,67,62,142,99,96,58,57,123,155,159,121,56,125,88,161,93,137,157,61,113,134,48,51,72,118,144,165,59,65,67,150,56,42,164,69,130,49,44,43,117,45,39,55,106,137,157,39,44,35,42,79,50,38,36,102,154,156,31,37,65,90,111,41,96,154,43,38,34,80,57,112,28,40,25,30,72,109,41,36,85,132,23,53,93,19,20,152,25,46,146,21,157,36,133,19,91,49,68,134,142,150,34,30,16,82,35,10,16,99,114,14,33,95,18,115,29,20,15,65,74,80,17,33,8,16,75,159,9,117,61,156,7,2,0,22,38,53,93,98,144,158,5,33,68,101,32,150,80,132,71,81,86,29,49,63,106,128,100,121,123,31,15,24,13,16,88,128
100,98,90,96,156,100,133,88,112,132,102,133,93,147,93,86,96,84,83,90,113,120,146,87,84,82,84,91,83,98,78,79,155,78,101,151,81,80,78,88,93,132,88,72,91,90,95,106,130,74,109,73,83,71,68,68,70,71,73,82,104,70,109,82,78,72,64,70,71,136,75,80,107,150,118,135,149,61,70,123,82,79,65,66,104,135,139,102,52,106,71,140,75,117,136,51,93,114,47,46,57,98,123,144,47,51,52,129,72,48,143,53,109,65,57,55,97,59,45,42,86,116,136,53,60,36,34,60,36,53,50,81,133,135,34,30,47,70,90,59,75,132,61,55,28,60,39,91,40,59,35,26,52,88,60,55,64,110,37,34,72,31,35,130,17,27,124,39,135,57,111,38,69,28,47,112,120,128,55,50,34,60,56,22,13,77,93,34,13,74,10,93,50,42,11,44,52,58,8,55,17,9,53,137,31,95,39,134,29,24,22,0,16,31,71,76,122,136,26,11,46,79,11,128,58,110,49,59,64,50,27,42,84,106,79,99,101,12,34,45,25,32,66,106
108,105,90,92,144,94,122,89,103,120,94,121,101,134,102,84,89,88,86,85,102,109,133,94,88,84,82,85,87,89,77,77,142,83,92,137,76,87,73,80,84,119,98,71,102,101,85,94,117,70,98,80,93,78,73,67,67,67,82,74,92,66,97,93,88,81,68,65,66,122,85,71,94,136,104,121,135,62,79,109,72,69,75,75,91,120,124,89,55,92,61,125,64,102,121,48,80,100,51,49,49,85,108,129,43,44,45,114,86,58,128,44,94,78,69,67,82,72,54,38,72,101,121,66,74,44,37,47,33,66,63,67,117,119,44,34,36,56,75,73,60,117,75,69,33,46,30,76,54,73,47,33,39,72,75,69,50,95,51,23,57,45,49,114,25,18,108,54,119,73,95,53,54,16,32,96,104,112,71,66,49,45,72,37,27,61,77,50,11,58,23,77,66,57,26,28,37,43,23,71,32,24,37,121,47,79,23,118,45,40,38,16,0,15,55,60,106,120,42,6,30,63,7,112,42,94,34,43,48,66,12,26,68,90,63,83,85,13,49,60,39,47,51,90
117,114,93,90,132,90,112,92,96,111,89,111,109,123,111,85,85,93,91,83,94,100,122,102,95,88,83,82,94,83,80,78,129,90,84,125,74,96,72,75,77,108,109,73,113,112,77,85,106,69,88,89,104,87,80,69,68,67,91,68,82,65,86,104,99,91,75,64,64,110,96,66,84,122,93,108,122,66,90,97,64,62,85,86,79,107,111,77,61,80,54,112,55,90,108,50,69,87,60,55,46,72,95,115,45,43,43,101,99,69,114,41,81,91,81,80,70,85,66,40,60,87,107,79,88,55,45,38,37,80,76,54,103,105,56,43,30,44,62,87,48,102,89,83,43,36,27,62,67,88,60,45,29,59,89,84,37,80,65,20,43,59,64,100,38,20,94,69,104,87,80,67,40,14,19,81,89,97,86,81,64,30,87,52,41,46,62,65,23,43,38,63,81,72,41,14,22,28,37,86,47,38,23,106,62,64,8,103,60,55,53,31,15,0,40,45,91,105,57,20,15,48,21,97,27,79,19,29,34,81,9,12,53,75,48,69,71,26,64,75,54,62,37,75
146,142,109,98,107,92,93,111,88,92,87,91,138,98,140,98,88,117,113,91,83,85,96,129,120,109,97,88,120,80,98,95,100,117,76,96,83,126,83,75,73,82,142,92,147,146,70,70,80,82,70,119,137,116,107,88,85,82,122,70,67,80,67,138,132,123,102,77,76,81,129,67,65,91,68,79,90,90,123,70,61,60,118,119,58,76,79,55,89,56,55,78,51,60,74,73,49,57,91,85,60,49,63,80,68,62,60,67,137,104,78,56,51,128,118,116,43,121,101,65,38,54,70,116,126,90,77,40,65,117,114,31,66,68,92,77,46,31,33,125,29,65,128,121,78,33,51,31,105,126,98,81,35,28,128,122,25,44,103,48,20,98,103,61,76,53,55,108,65,127,42,107,14,48,29,42,50,57,126,121,104,17,126,92,81,11,23,104,62,9,77,23,121,112,80,29,20,15,77,126,87,78,19,66,102,24,32,63,100,95,93,71,55,40,0,5,51,65,97,60,25,9,61,57,14,39,23,13,9,121,46,31,15,36,11,29,31,65,104,115,93,101,15,37
150,146,112,100,104,94,92,114,88,91,89,90,142,96,144,101,89,121,117,93,83,84,94,133,124,112,100,90,123,81,101,98,97,121,77,93,85,130,85,76,74,80,146,95,151,150,71,70,78,85,70,123,142,120,111,91,88,85,127,71,66,83,66,142,137,127,106,79,79,78,133,69,64,87,66,76,86,94,127,68,62,62,122,123,56,72,75,54,93,54,57,74,53,57,71,77,48,55,95,89,63,47,60,76,72,65,64,63,141,108,74,59,48,133,123,121,42,126,105,69,38,50,66,121,131,94,81,43,69,122,118,31,61,63,97,82,50,33,31,130,30,60,133,126,83,36,55,29,110,131,103,86,39,26,133,127,28,39,108,53,21,103,108,56,81,58,50,113,60,132,37,112,16,53,34,37,45,53,131,126,109,21,131,97,86,10,19,109,67,9,82,19,126,117,85,34,25,19,82,131,92,83,24,61,107,19,37,58,105,100,98,76,60,45,5,0,46,60,102,65,30,4,66,52,19,34,28,18,13,126,50,36,11,31,9,25,27,70,109,120,98,106,18,32
189,184,144,127,90,117,92,148,102,91,109,89,181,85,183,132,113,158,153,121,95,90,83,172,161,148,132,117,161,102,136,131,78,159,94,76,115,170,117,101,96,73,188,130,193,192,91,82,71,118,78,164,184,161,150,127,123,119,168,98,78,117,73,184,179,169,145,113,112,64,175,96,73,65,66,62,64,132,169,62,88,89,164,166,65,55,54,64,134,60,88,51,81,52,49,116,64,50,137,130,100,58,47,48,113,104,102,43,186,152,45,98,46,178,167,165,52,171,149,111,59,39,38,166,175,138,125,81,112,167,163,56,32,32,141,126,91,66,48,175,60,30,178,171,127,74,98,44,155,177,148,130,80,45,179,173,66,27,154,97,57,148,153,19,126,102,17,159,20,178,19,158,56,98,78,17,13,14,176,171,154,64,177,142,131,47,32,155,112,50,128,30,172,163,131,79,70,64,128,177,138,129,69,16,153,27,83,12,151,146,144,122,106,91,51,46,0,14,148,111,76,43,112,7,64,13,73,63,58,172,96,81,39,18,45,25,23,115,154,165,144,152,59,22
202,198,157,138,92,128,98,161,112,98,120,95,195,88,197,144,124,171,165,133,104,98,86,185,175,161,144,128,174,112,149,144,79,173,104,78,127,184,129,113,107,78,202,143,207,206,102,92,77,131,87,177,197,174,163,140,136,132,181,110,88,130,82,198,193,182,158,126,125,68,189,109,82,65,73,66,64,145,183,68,100,102,178,180,75,58,57,74,147,70,101,52,94,59,52,130,75,59,151,144,114,69,53,48,126,118,116,47,200,166,44,112,55,192,181,179,64,185,163,125,71,47,39,180,189,152,139,94,126,181,177,69,34,33,155,140,105,80,60,190,74,32,192,185,141,88,112,57,169,191,162,145,94,59,193,187,80,38,168,111,71,162,167,21,140,117,23,173,18,192,31,172,70,112,92,29,23,17,191,186,169,78,191,156,145,61,46,169,126,64,142,44,186,177,145,93,84,79,142,191,152,143,83,7,167,41,97,4,165,160,158,136,120,105,65,60,14,0,162,125,90,57,126,8,78,26,87,77,72,186,110,95,52,31,58,38,36,129,168,179,157,165,72,33
95,94,99,110,180,117,155,96,132,154,120,155,89,170,88,98,113,87,88,105,133,142,169,85,85,89,96,107,84,117,88,90,180,79,122,175,98,76,94,107,113,156,78,84,80,79,116,128,154,89,132,71,74,70,71,81,83,86,69,102,126,85,133,72,70,67,69,87,87,161,68,100,130,175,142,160,175,71,64,147,104,101,60,60,128,160,164,126,60,130,93,166,98,142,162,66,118,139,53,55,77,123,148,169,64,70,72,155,56,45,169,74,134,50,45,45,122,46,42,60,111,142,162,40,44,40,46,84,55,38,37,107,159,161,34,42,70,95,116,41,100,158,42,37,39,85,62,117,29,39,28,34,77,114,40,35,90,136,25,58,98,22,21,156,30,51,150,21,161,34,137,19,96,53,73,138,146,154,32,27,16,86,32,14,21,103,119,14,38,100,23,120,26,18,20,70,79,85,22,30,13,21,79,163,8,121,65,160,4,4,5,26,42,57,97,102,148,162,0,37,72,105,36,154,84,136,75,85,90,24,52,67,110,132,104,125,127,34,10,19,11,11,92,131
108,106,93,96,149,98,127,91,108,126,99,127,101,140,101,87,94,89,88,89,108,115,139,94,89,86,85,89,89,95,80,80,148,84,97,143,80,87,77,85,89,125,97,74,100,100,90,100,123,74,103,81,92,78,74,70,70,71,81,79,98,69,103,91,87,81,70,69,70,128,84,76,100,141,110,127,141,64,79,115,77,75,74,74,96,126,130,94,56,98,67,131,69,108,127,51,86,106,52,50,54,90,114,134,47,49,49,120,83,57,134,49,100,75,67,65,88,69,53,42,78,107,126,64,71,44,38,53,36,64,60,72,123,125,43,35,41,62,81,70,66,122,72,66,34,52,34,82,51,70,45,33,45,78,71,66,55,100,48,28,62,42,46,120,24,22,114,51,124,68,101,49,59,21,38,101,109,117,67,62,46,50,67,34,24,66,82,46,12,63,20,83,62,53,22,34,42,48,19,66,28,20,43,126,42,84,28,123,40,35,33,11,6,20,60,65,111,125,37,0,35,68,1,117,47,99,38,48,53,61,16,30,73,95,67,88,90,8,44,55,34,41,55,95
129,126,100,94,124,92,106,101,94,105,89,105,122,115,123,91,87,104,100,87,91,95,113,113,106,97,89,85,105,83,88,85,120,102,82,115,78,109,77,75,76,99,123,81,127,126,75,80,97,75,82,102,118,99,91,77,75,73,104,69,77,71,80,118,113,104,86,69,69,100,109,66,77,112,85,98,111,76,103,88,63,62,98,99,72,96,100,69,72,72,54,100,53,79,96,59,61,77,72,67,51,64,84,102,54,50,49,89,114,83,102,46,70,106,96,94,60,99,80,50,51,75,94,94,103,69,57,37,48,95,91,45,90,92,70,57,34,37,51,102,39,89,105,98,57,32,35,51,82,103,75,59,28,47,105,99,30,67,80,30,33,74,79,86,53,32,80,84,90,103,66,83,28,26,16,67,75,83,101,96,79,20,102,67,57,33,48,80,38,30,53,48,97,88,56,10,12,16,53,101,63,54,11,91,77,49,8,88,75,70,68,46,30,15,25,30,76,90,72,35,0,33,36,82,12,64,4,13,18,96,20,6,38,60,33,53,55,40,78,89,68,76,22,60
154,150,116,104,105,98,94,119,91,93,92,92,146,97,148,105,93,125,121,97,86,86,95,137,128,117,104,94,128,85,106,102,98,125,80,94,89,135,90,80,78,82,150,99,155,154,75,73,79,89,72,128,146,125,115,96,92,89,131,75,69,87,69,146,141,131,110,84,83,79,137,72,66,87,68,77,86,98,131,69,66,66,126,127,59,73,75,57,97,57,61,74,56,59,71,81,51,56,99,93,67,50,60,75,76,69,68,63,145,112,73,64,49,137,127,125,44,130,109,73,41,51,66,125,134,98,85,48,73,126,122,34,60,62,101,86,54,37,34,134,34,59,137,130,87,40,59,31,114,135,107,89,43,28,137,131,32,39,112,57,25,106,111,54,84,61,48,117,58,135,36,115,20,56,38,36,43,51,134,129,112,25,135,100,89,13,18,113,70,13,86,18,129,120,89,37,29,23,85,134,95,86,27,59,110,17,40,55,108,103,101,79,63,48,9,4,43,57,105,68,33,0,69,49,21,31,30,20,15,129,53,38,6,27,6,21,23,72,111,122,100,109,18,28
108,106,94,97,151,100,129,92,110,127,101,128,101,141,102,89,95,90,88,90,109,116,140,94,90,87,86,91,89,96,81,81,149,85,98,144,82,88,79,86,90,126,97,75,100,100,92,101,124,75,105,81,92,79,74,71,72,72,82,80,99,71,104,91,87,81,70,71,71,129,84,78,101,143,112,128,142,65,79,116,79,76,74,74,98,127,131,96,57,99,68,133,71,110,128,52,87,107,53,51,55,92,115,136,48,50,51,121,83,57,135,51,102,75,67,65,90,69,54,43,79,108,128,63,71,44,39,54,37,63,60,74,124,126,43,35,43,63,82,69,68,123,72,65,34,54,36,83,51,69,45,33,46,79,71,65,57,102,48,29,64,42,46,121,25,24,115,50,126,68,102,48,61,23,39,102,110,118,66,61,45,52,67,33,24,67,83,45,13,64,20,84,61,52,22,35,43,49,19,66,28,19,44,127,42,85,29,124,39,34,32,11,7,21,61,66,112,126,36,1,36,69,0,118,48,100,39,49,54,60,16,31,74,96,68,89,91,7,43,54,32,40,56,96
196,192,152,134,94,124,97,155,109,97,116,94,188,89,191,139,120,165,160,128,101,96,87,179,169,155,139,124,168,109,143,138,81,166,101,80,122,178,124,108,103,78,195,137,200,199,98,89,76,125,85,171,191,168,157,134,130,126,175,106,85,124,80,191,186,176,152,120,119,68,182,104,79,67,72,66,66,139,176,67,95,97,171,173,71,59,58,70,141,67,95,54,89,57,53,123,71,56,144,137,107,65,52,51,120,111,110,47,193,159,47,105,52,184,174,172,59,177,156,118,66,45,41,172,182,145,132,88,119,174,170,64,35,35,148,132,98,73,55,182,68,33,185,178,134,82,105,51,162,183,155,137,87,53,185,179,73,34,160,104,64,155,160,22,133,109,22,165,21,184,26,164,63,104,85,24,19,17,183,178,161,71,184,149,138,54,39,162,119,57,135,37,178,169,137,86,77,71,134,183,144,135,76,13,159,34,89,8,157,152,150,128,112,97,57,52,7,8,154,117,82,49,118,0,70,18,79,69,64,178,102,87,44,22,50,29,27,121,160,171,149,157,64,25
139,136,107,98,118,95,103,108,94,101,91,101,132,109,133,97,90,112,109,91,90,93,108,123,115,105,95,89,114,84,95,92,112,111,81,108,83,119,82,77,77,93,134,88,138,137,75,78,91,81,79,112,129,109,100,84,82,80,115,72,74,77,76,129,124,115,95,75,74,93,120,69,74,103,79,91,103,85,114,81,64,63,109,110,67,88,92,65,82,66,57,91,54,72,88,68,57,69,83,77,57,59,76,93,62,57,56,80,126,95,92,52,63,118,108,106,54,111,91,59,47,67,84,106,115,80,68,40,57,107,103,40,80,81,82,68,41,35,44,114,36,79,117,110,68,33,44,43,94,115,87,71,32,40,117,111,28,57,92,40,27,86,91,75,65,43,69,96,79,115,56,95,21,38,22,56,64,71,113,108,92,17,114,79,69,23,37,92,50,21,65,37,109,100,68,19,13,12,65,113,75,66,11,80,89,38,20,76,87,82,80,58,42,27,14,19,64,78,84,47,12,21,48,70,0,52,9,1,6,108,32,17,26,48,20,41,43,51,90,101,79,87,11,48
181,177,139,122,97,114,95,142,101,94,106,91,173,91,175,127,110,150,146,116,94,91,89,164,154,141,126,112,153,99,129,125,86,151,92,83,110,162,111,97,92,77,179,123,184,183,88,81,75,112,78,155,175,152,142,120,116,112,159,94,77,110,73,175,170,160,137,106,106,70,166,91,72,73,68,68,72,124,160,65,83,84,155,156,64,61,62,62,125,60,82,59,76,54,57,108,61,52,128,121,92,56,51,57,104,96,94,49,175,142,54,90,47,167,157,155,50,160,139,102,54,42,47,155,165,128,115,72,102,156,153,50,41,42,131,115,82,59,43,165,53,39,167,160,117,66,88,39,144,166,137,120,71,40,168,162,57,28,143,87,48,137,142,30,115,92,26,148,32,166,20,146,46,87,67,18,20,25,165,160,143,54,166,131,120,37,23,144,101,40,117,21,160,151,120,68,59,53,117,165,126,117,58,29,141,17,71,25,139,134,132,110,94,79,39,34,13,26,136,99,64,31,100,18,52,0,61,51,46,160,84,69,26,5,32,12,10,103,142,153,131,139,46,10
134,130,104,97,124,95,107,105,96,106,92,106,126,115,127,95,90,108,105,90,93,97,114,118,110,101,93,89,109,85,92,89,120,106,84,115,81,113,80,78,79,100,127,85,131,130,77,82,97,78,83,106,122,103,95,81,79,77,108,72,78,75,81,122,117,109,90,73,73,100,113,69,78,111,85,98,110,80,108,88,65,64,103,104,72,96,99,70,77,72,57,99,56,79,95,63,62,76,76,71,54,64,83,101,58,54,53,88,118,87,100,50,70,110,100,98,60,103,84,54,52,75,93,98,107,73,62,40,52,99,95,45,88,90,74,61,38,39,51,106,40,87,108,102,61,34,39,50,86,107,79,63,31,47,108,102,31,66,84,34,33,78,83,84,57,36,77,88,88,106,65,86,28,31,19,65,73,80,105,100,83,21,105,71,60,31,46,83,42,28,57,46,100,91,59,14,13,16,56,105,66,57,12,89,81,47,12,85,78,73,71,49,34,19,23,28,73,87,75,38,4,30,39,79,9,61,0,10,15,99,23,8,35,57,29,50,52,42,81,92,70,78,18,57
141,137,108,99,118,96,103,109,95,102,92,101,133,110,135,98,91,114,110,92,91,93,108,124,116,107,97,90,116,85,96,93,113,112,82,108,84,121,83,78,78,94,135,90,140,139,76,79,92,82,79,113,130,111,102,86,83,81,116,73,75,79,77,130,125,116,97,76,76,93,121,70,74,103,79,91,103,86,116,82,65,64,111,112,68,88,91,65,83,67,58,91,55,72,87,69,58,70,84,79,58,59,76,93,64,59,57,80,127,96,92,54,63,119,109,107,54,112,93,60,48,67,84,107,116,81,70,41,59,108,104,40,79,81,83,69,43,36,44,115,36,78,118,111,70,35,45,43,96,116,89,72,34,40,118,112,29,57,93,41,28,88,92,74,66,44,68,98,78,116,55,96,22,39,24,55,63,71,114,109,93,18,115,81,70,23,37,93,51,21,66,37,110,101,69,21,15,13,66,115,76,67,13,79,90,37,21,75,88,83,81,59,43,29,13,18,63,77,85,48,13,20,49,69,1,51,10,0,5,109,33,18,25,47,19,40,42,52,91,102,80,88,10,47
144,141,111,101,115,97,101,112,94,100,92,99,137,107,138,100,92,117,113,94,90,92,105,128,120,109,99,91,119,85,99,96,109,116,82,105,85,124,85,79,78,91,139,92,144,143,76,77,89,84,78,117,135,114,105,88,86,83,120,74,74,81,75,135,130,120,100,78,78,90,126,71,72,100,77,88,99,89,120,79,65,65,115,116,66,85,88,63,87,64,59,87,55,69,84,72,56,66,88,82,61,57,72,89,67,61,60,76,132,100,87,56,60,124,114,112,52,117,97,64,46,63,80,112,121,86,74,43,63,113,109,39,75,77,88,73,46,36,42,120,35,74,123,116,74,36,49,40,100,121,93,77,36,37,123,117,29,53,98,45,26,92,97,69,71,49,63,102,73,121,51,101,20,43,27,51,58,66,119,114,98,19,120,86,75,20,32,98,56,17,71,32,115,106,74,25,18,14,71,120,81,72,16,74,95,32,26,70,93,88,86,64,48,34,9,13,58,72,90,53,18,15,54,64,6,46,15,5,0,114,38,23,20,42,14,35,37,57,96,107,85,93,8,42
97,98,114,128,203,136,177,109,153,176,140,177,93,193,91,115,132,98,100,123,155,164,192,91,95,102,113,126,94,138,103,107,203,89,143,198,117,82,112,128,135,179,78,100,77,77,138,150,178,107,155,78,74,78,83,98,101,105,75,123,149,104,156,71,71,73,82,106,107,184,71,121,153,199,165,183,198,87,68,171,126,123,66,65,151,184,188,150,77,154,116,190,121,166,186,86,141,163,68,73,98,147,172,193,84,92,93,179,50,55,193,96,158,47,48,49,146,46,54,82,135,166,186,43,41,56,66,107,76,40,41,131,183,185,50,62,94,119,140,36,124,183,35,35,59,109,85,141,38,32,41,54,101,138,31,31,114,161,35,82,122,36,32,181,53,75,175,27,185,23,162,26,120,78,97,162,170,178,19,19,26,111,19,34,44,127,143,23,62,124,46,144,14,17,43,94,103,109,46,13,36,45,104,187,21,145,89,184,22,27,29,50,66,81,121,126,172,186,24,61,96,129,60,178,108,160,99,109,114,0,76,91,134,156,128,149,151,57,18,9,30,22,115,155
120,117,98,97,141,98,121,98,105,119,97,119,112,132,113,91,93,98,96,90,103,109,130,105,99,93,89,90,98,92,86,85,138,94,93,133,81,99,79,83,86,116,110,79,114,113,86,93,114,76,96,92,105,89,83,75,74,74,93,77,91,72,95,105,100,93,79,71,71,118,97,74,92,130,101,117,130,71,91,105,73,71,86,87,88,115,119,86,65,89,63,119,64,98,115,56,77,95,62,59,53,81,103,122,51,50,50,108,98,70,121,49,89,90,81,79,78,84,66,46,68,95,114,78,86,56,48,47,41,78,75,62,110,112,56,45,38,52,70,85,56,109,87,81,45,44,34,70,66,85,59,45,38,66,87,81,45,87,63,27,51,57,61,106,38,25,100,66,110,84,87,65,47,20,28,87,95,103,82,77,61,38,83,49,39,53,68,61,23,50,35,69,77,68,38,22,30,35,35,82,44,35,30,112,58,70,15,108,55,50,49,27,12,9,46,50,96,110,52,16,20,53,16,102,32,84,23,33,38,76,0,15,58,80,52,73,75,19,58,69,47,55,40,79
129,126,102,97,130,96,112,102,99,111,94,111,121,121,122,93,91,104,102,90,97,101,120,113,106,98,92,89,105,88,90,88,126,102,87,122,81,108,80,80,81,106,121,83,125,125,80,86,103,77,88,101,117,98,91,79,77,76,103,73,83,74,86,116,112,103,86,72,72,106,108,70,83,118,91,105,117,77,102,94,68,66,97,98,78,103,106,76,72,78,59,107,58,86,103,60,67,83,72,67,54,70,90,109,55,52,51,95,111,81,108,49,77,103,94,92,66,97,78,51,58,82,100,91,100,67,57,42,48,92,88,51,96,98,68,55,37,43,57,99,46,95,101,95,55,37,36,57,79,99,72,57,32,54,101,95,36,73,77,30,39,71,75,91,50,31,85,80,96,98,72,79,34,26,20,73,81,88,97,92,75,26,98,63,53,39,54,76,35,36,49,54,92,83,52,14,18,22,49,97,58,49,17,97,73,55,8,93,70,65,63,42,26,12,31,36,81,95,67,30,6,38,31,87,17,69,8,18,23,91,15,0,43,65,37,58,60,34,73,84,62,70,25,64
161,157,123,110,107,103,97,125,96,96,97,95,153,99,155,111,99,132,127,103,90,90,97,144,135,123,110,100,134,90,112,108,98,132,85,95,95,141,96,86,83,83,157,105,162,161,80,77,81,96,76,134,152,131,121,102,98,95,137,81,73,93,72,153,147,138,116,90,89,80,143,78,70,87,71,78,86,104,137,71,71,72,132,134,62,73,75,60,103,60,67,74,62,60,71,87,55,58,105,99,74,53,61,74,83,76,74,63,151,119,72,70,51,143,133,131,47,136,116,80,46,51,64,131,140,104,92,54,80,132,128,39,59,60,107,92,61,43,37,140,39,58,142,136,93,47,66,34,120,141,113,96,50,32,142,137,38,38,118,63,31,112,117,51,90,67,46,122,55,141,34,121,26,62,44,34,40,47,139,134,118,31,140,105,95,19,19,118,76,19,91,17,135,126,94,43,35,30,91,140,101,92,33,54,115,14,46,51,113,108,106,84,68,53,15,11,39,52,110,73,38,6,74,44,26,26,35,25,20,134,58,43,0,22,6,15,17,77,116,127,105,113,20,22
179,175,138,122,100,114,97,141,103,96,107,94,171,94,173,126,110,149,144,116,96,93,92,162,152,140,125,112,152,99,128,124,90,150,93,87,109,160,110,97,93,80,177,122,182,181,89,83,78,111,80,153,172,150,140,119,115,111,157,93,78,109,75,173,167,157,135,105,105,73,163,91,74,77,70,71,76,122,157,68,83,84,153,154,66,65,66,64,123,62,81,63,75,57,61,106,62,55,125,119,91,57,55,62,102,94,92,53,172,139,59,88,49,164,154,152,51,157,136,99,54,45,51,152,162,125,112,71,100,153,149,50,45,46,128,113,80,57,43,161,52,44,164,157,114,64,85,40,141,162,134,117,68,40,164,158,55,31,139,84,46,134,138,35,112,89,30,144,37,163,23,143,44,84,65,22,25,30,161,156,139,51,162,127,116,35,23,140,97,37,113,21,157,148,116,65,56,50,113,162,123,114,55,34,137,15,68,29,135,130,128,106,90,75,36,31,18,31,132,95,60,27,96,22,48,5,57,47,42,156,80,65,22,0,28,7,5,99,138,149,127,135,41,6
157,153,121,109,111,103,100,123,97,99,98,98,149,103,151,110,98,129,125,102,92,92,101,140,132,121,108,99,131,90,110,106,103,128,86,100,94,137,94,85,83,87,153,103,157,156,80,79,85,94,78,130,148,127,118,99,96,93,133,80,75,91,75,148,143,134,113,88,87,84,139,78,72,92,74,82,92,101,133,75,71,71,128,129,65,78,80,63,100,63,66,79,62,64,76,84,57,62,101,95,71,56,66,80,79,73,71,68,146,114,78,67,55,138,128,126,50,131,111,76,47,56,70,126,135,100,87,52,76,127,123,40,65,66,102,87,57,42,40,134,39,64,137,130,88,45,62,37,114,135,108,91,47,35,137,131,37,44,112,59,30,107,111,58,85,63,52,117,61,135,40,115,25,57,40,40,47,54,134,129,112,28,134,100,89,19,24,112,70,19,86,23,129,120,88,38,31,26,85,134,95,86,29,61,110,20,40,57,107,102,100,79,63,48,11,9,45,58,104,67,33,6,68,50,20,32,29,19,14,128,52,37,6,28,0,21,23,71,110,121,99,107,14,27
174,170,134,119,103,111,98,136,101,97,105,95,166,96,168,122,107,144,140,113,95,93,94,157,147,135,121,109,147,97,124,120,93,145,91,90,105,155,106,94,90,82,171,117,176,175,86,81,80,107,79,148,166,145,135,114,110,107,151,90,77,105,75,167,161,152,130,101,100,76,157,88,73,81,71,74,80,117,152,69,80,81,147,148,65,68,69,63,117,61,77,67,72,58,64,101,60,56,119,113,86,56,57,66,96,89,87,57,166,133,64,83,50,158,147,145,50,151,130,94,52,47,56,146,155,119,106,66,94,147,143,47,50,51,121,106,74,53,41,155,48,48,157,151,108,59,80,38,135,156,128,110,63,37,157,152,50,33,133,78,42,127,132,40,105,82,35,137,43,156,26,136,39,77,58,25,30,36,154,149,133,45,155,121,110,30,20,133,91,32,106,18,150,141,109,58,50,44,106,155,116,107,48,40,131,12,61,36,128,123,121,99,83,69,29,25,25,38,125,88,53,21,89,29,41,12,50,40,35,149,73,58,15,7,21,0,2,92,131,142,120,128,34,8
176,171,135,120,103,112,98,138,102,97,106,95,168,96,170,123,108,146,141,114,95,93,94,159,149,137,122,110,148,98,125,121,92,146,92,90,107,156,108,95,91,82,173,119,178,177,87,82,80,108,80,149,168,146,136,116,112,108,153,91,78,106,75,169,163,153,131,103,102,75,159,89,74,80,71,73,79,119,153,69,81,82,148,150,65,68,69,64,119,62,79,66,73,58,64,102,61,56,121,115,87,57,57,65,98,90,89,56,168,135,62,84,50,160,149,147,51,153,132,95,53,47,55,148,157,121,108,67,96,149,145,48,49,50,123,108,76,54,42,157,50,47,159,153,109,61,81,39,137,158,130,112,65,38,159,154,52,33,135,79,43,129,134,39,107,84,34,139,41,158,26,138,40,79,60,24,28,34,156,151,135,47,157,122,112,31,21,135,93,33,108,19,152,143,111,60,52,46,108,157,118,109,50,39,133,13,63,34,130,125,123,101,85,71,31,27,23,36,127,90,55,23,91,27,43,10,52,42,37,151,75,60,17,5,23,2,0,94,133,144,122,130,36,6
112,110,100,103,157,106,135,98,117,134,107,134,105,148,106,95,102,95,94,97,116,123,146,99,95,92,93,97,94,103,87,87,155,90,105,150,88,92,85,93,97,132,100,81,103,102,98,108,130,81,111,85,95,83,79,77,78,79,85,87,105,77,110,94,90,85,76,77,77,135,87,84,108,148,118,134,148,71,82,122,85,83,78,78,104,133,137,102,63,105,75,138,77,115,134,59,93,113,58,56,62,98,121,141,54,57,57,127,84,61,140,57,107,77,69,67,95,71,57,49,85,113,133,65,72,48,44,61,44,65,62,79,129,131,46,41,49,69,88,70,73,128,72,66,39,60,43,88,52,69,47,37,52,85,71,66,62,106,49,36,69,43,46,125,29,30,119,50,130,67,106,48,66,29,44,107,114,122,65,60,45,56,65,34,26,72,87,44,19,69,22,88,59,51,23,40,48,54,21,64,27,21,48,131,40,89,34,127,37,33,31,12,13,26,65,70,115,129,34,8,40,72,7,121,51,103,42,52,57,57,19,34,77,99,71,92,94,0,39,50,28,36,58,98
102,101,109,120,189,127,165,105,142,163,130,165,96,180,95,108,123,96,98,115,143,152,179,93,94,98,106,117,93,127,98,100,189,88,132,184,108,84,104,117,123,165,84,94,85,85,126,137,163,99,142,79,80,78,81,91,93,96,77,112,136,95,142,77,76,75,79,97,97,169,75,110,139,184,151,169,183,81,71,156,113,110,68,67,137,168,173,135,70,139,103,174,107,150,170,76,127,148,62,65,86,132,157,177,74,80,81,163,59,54,177,83,143,54,52,51,130,51,51,70,120,150,170,47,48,49,56,93,64,44,43,115,166,168,44,52,79,103,124,44,109,166,45,42,49,94,71,125,37,42,37,44,86,121,42,39,98,144,33,67,106,31,29,164,40,60,158,27,168,35,144,25,103,62,81,145,153,161,32,29,23,94,32,24,31,110,126,20,47,107,32,126,25,20,29,77,86,92,31,28,23,30,86,170,14,128,72,166,11,14,15,34,49,64,104,109,154,168,10,44,78,111,43,160,90,142,81,91,96,18,58,73,116,138,110,131,133,39,0,11,11,4,97,137
102,102,114,127,199,135,174,110,151,173,139,174,97,190,96,115,131,100,102,122,152,161,189,95,98,103,113,125,97,136,104,107,199,91,141,194,115,86,111,126,132,175,83,100,83,83,135,147,174,106,151,82,79,81,85,97,100,104,79,121,146,103,152,76,76,77,84,105,105,180,75,119,149,194,161,179,194,87,72,166,123,120,70,69,147,179,183,145,77,149,112,185,117,161,181,84,137,158,68,72,96,142,167,188,82,89,91,174,56,57,188,93,153,53,52,52,141,51,55,79,130,161,181,47,47,55,64,103,73,44,44,126,177,179,50,60,89,114,135,42,119,177,41,40,57,104,81,136,40,38,42,52,96,132,38,36,109,155,36,77,116,36,33,175,49,70,169,29,179,30,155,27,114,72,91,156,164,172,26,25,26,105,26,32,40,121,137,23,57,118,42,137,20,19,39,88,97,103,41,21,32,40,97,181,19,139,83,177,18,22,24,45,60,75,115,120,165,179,19,55,89,122,54,171,101,153,92,102,107,9,69,84,127,149,121,142,144,50,11,0,22,14,108,148
106,105,107,116,181,122,157,104,136,156,125,157,99,172,99,105,118,96,97,111,136,144,171,95,95,97,103,112,94,121,95,97,180,89,125,175,103,87,99,111,117,157,90,91,91,90,119,130,155,95,134,81,85,80,81,87,89,92,80,106,128,91,134,83,81,78,78,92,92,161,79,103,131,174,142,160,174,78,75,147,106,103,71,70,128,159,163,127,68,130,96,165,100,141,160,71,118,139,61,63,80,123,147,168,68,74,75,154,67,55,167,76,133,61,56,56,121,57,52,64,110,140,160,52,55,48,52,84,58,50,48,106,156,158,43,48,71,94,114,52,99,156,53,49,45,85,63,115,40,50,38,41,77,112,50,46,89,134,36,58,96,32,32,153,35,52,147,33,158,44,134,30,93,53,71,135,142,150,41,38,27,84,42,23,26,100,115,25,38,97,26,116,35,28,23,67,76,81,24,38,19,23,76,159,19,117,62,156,15,13,13,25,39,54,93,98,144,157,11,34,68,100,32,149,79,131,70,80,85,30,47,62,105,127,99,120,122,28,11,22,0,8,86,126
105,104,111,121,188,127,164,107,142,163,131,164,99,179,99,110,123,98,100,116,143,151,178,96,97,100,107,118,96,127,99,102,188,91,132,183,108,87,104,117,123,164,88,95,89,89,125,137,162,100,141,82,83,81,83,92,94,97,80,112,135,96,141,81,80,78,81,97,98,168,78,110,138,182,150,167,182,82,74,155,113,110,71,70,136,167,171,134,72,138,102,172,107,149,168,77,125,146,64,67,86,131,155,176,74,80,81,161,64,56,175,83,141,58,55,55,129,55,53,70,118,148,168,50,52,51,57,92,64,48,47,113,164,166,46,53,78,102,122,48,107,164,49,46,50,92,70,123,40,46,39,45,85,120,46,43,96,142,36,66,104,33,32,161,40,59,155,31,166,39,142,29,101,60,79,143,150,158,36,33,26,92,36,26,31,108,123,23,45,105,32,124,30,24,29,75,84,89,30,32,23,29,84,167,17,125,70,164,14,15,16,32,47,62,101,106,152,165,11,41,76,109,40,157,87,139,78,88,93,22,55,70,113,135,107,128,130,36,4,14,8,0,94,134
151,147,118,109,122,105,108,119,102,107,100,106,143,113,144,108,100,124,120,102,98,99,112,134,126,116,106,99,125,93,106,103,115,122,90,111,93,130,93,87,86,98,145,100,149,148,84,85,95,92,85,123,140,120,112,96,93,91,126,82,81,89,82,140,135,126,107,86,85,95,131,79,80,105,84,94,104,96,125,85,73,73,120,121,73,90,93,71,93,71,67,92,64,75,88,79,64,72,94,88,68,64,77,93,74,69,67,81,136,105,91,64,66,128,118,116,59,121,102,70,53,68,83,116,125,91,79,51,69,116,113,46,78,80,92,78,53,44,48,124,43,77,126,120,79,44,55,47,104,124,97,81,43,43,126,120,37,57,102,51,34,96,100,72,75,54,66,105,75,123,54,104,28,48,34,53,60,68,122,117,100,27,123,88,78,26,36,101,60,24,74,36,117,108,77,30,25,22,74,121,83,74,22,74,97,34,30,71,95,90,88,66,51,37,15,18,59,72,92,55,22,18,56,64,11,46,18,10,8,115,40,25,20,41,14,34,36,58,97,108,86,94,0,40
182,178,142,126,107,119,103,144,108,102,112,100,174,100,176,130,114,152,147,120,101,99,98,165,155,143,129,116,155,104,132,127,96,152,98,93,113,162,114,102,98,86,179,125,183,182,93,88,84,115,85,155,174,152,142,122,118,115,159,98,84,112,81,174,169,159,137,109,108,79,165,95,79,83,76,77,82,125,159,74,87,88,154,156,71,71,72,69,125,67,85,69,79,63,67,108,67,61,127,121,94,63,61,68,104,97,95,59,173,141,64,91,55,165,155,153,57,158,138,101,59,51,57,153,162,126,114,74,102,154,150,54,51,52,129,114,82,61,48,162,56,49,164,158,115,67,87,45,142,163,135,118,71,44,164,159,58,37,140,85,50,134,139,40,112,90,36,144,42,163,29,143,46,84,66,28,30,35,161,156,139,53,162,127,116,38,27,140,98,39,113,25,156,148,116,65,57,51,113,161,122,114,55,37,137,19,68,33,135,130,128,106,90,75,37,32,22,33,131,95,60,28,96,25,48,10,57,47,42,155,79,64,22,6,27,8,6,98,137,148,126,134,40,0
