0,0,0,0,0,0,0,0,0,0,0,0,0,0,0,0,0,0,0,0,0,0,0,0,0,0,0,0,0,0,0,0,0,0,0,0,0,0,0,0,0,0,0,0,0,0,0,0,0,0,0,0,0,0,0,0,0,0,0,0,0,0,0,0,0,0,0,0,0,0,0,0,0,0,0,0,0,0,0,0,0,0,0,0,0,0,0,0,0,0,0,0,0,0,0,0,0,0,0,0,0,0,0,0,0,0,0,0,0,0,0,0,0,0,0,0,0,0,0,0,0,0,0,0,0,0,0,0,0,0,0,0,0,0,0,0,0,0,0,0,0,0,0,0,0,0,0,0,0,0,0,0,0,0,0,0,0,0,0,0,0,0,0,0,0,0,0,0,0,0,0,0,0,0,0,0,0,0,0,0,0,0,0,0,0,0,0,0,0,0,0,0,0,0,0,0,0,0,0,0,0,0,0,0,0,0,0,0,0,0,0,0,0,0,0,0,0,0,0,0,0,0,0,0,0,0,0,0,0,0,0,0,0,0,0,0,0,0
,1081,1250,1337,1293,1106,1258,1526,1447,1428,1066,1531,1066,986,1477,1057,1487,1394,1272,1561,1360,998,1531,1541,1249,1422,1223,1025,1009,1239,1148,1042,1263,1405,1199,1465,1106,1481,982,1478,1036,1246,987,1298,1019,1315,1498,1207,1566,1253,1018,1089,1285,1400,1517,996,1076,1363,1491,1146,1546,1449,1528,1274,1408,1109,1367,1077,1496,1065,1177,1073,1111,1136,994,1383,1564,1536,1361,1498,1248,1080,1554,1331,1234,1532,1442,1509,1323,1488,1280,1391,1407,1075,1170,1209,1007,1060,1443,1509,1407,1386,1527,1509,1186,1145,1366,1385,1125,1479,1345,1473,1187,1152,992,1208,1556,1181,1083,1048,1068,989,1359,1337,1430,1451,1309,1368,1154,1354,1115,1029,1517,1035,1352,1066,1397,1448,1068,1109,1309,1437,1358,1040,1269,1458,1407,1113,1449,1001,1084,993,1453,1156,1344,1063,1309,1171,1111,1287,1390,1318,1105,1067,1270,1299,1404,1470,1518,1332,1009,1320,1487,1042,1436,1274,1312,1484,1459,982,1474,1160,1508,1171,1310,1140,1263,1382,1387,1256,1251,1054,1192,996,1012,1021,1193,1524,1296,1152,1080,1244,1415,1333,1216,1320,1395,1140,1347,1004,1067,1329,1271,1543,1362,1330,1388,1032,1445,1461,1296,1357,1020,1330,1100,1483,1377,988,1311,1451,1513,1227,1260,984,1509,1165,1313,1148
,1365,1285,1440,995,1089,1416,1116,1037,1502,1253,1102,1520,1287,1428,1471,1535,1537,1021,1531,1532,1380,1414,1367,1555,1029,1566,1276,1157,1131,1072,1349,1278,1503,1298,1320,1209,1182,1273,1115,1098,1320,1129,1335,1357,1267,1250,1502,1491,1513,1122,1556,1382,1073,1565,1258,1365,1238,1105,1553,1009,1122,1457,1275,1329,1431,1330,1308,1432,1300,1500,1215,1444,1057,1151,1194,1537,1193,1149,1466,1090,1373,1021,1066,1521,1531,1000,1027,1451,1034,1429,1111,1450,1117,990,1293,1427,1371,1509,1250,1542,1400,1259,1321,1548,1393,1176,1232,1528,1176,1407,1129,1186,1042,1006,1553,1316,1104,1245,1248,1516,1505,1298,985,1092,1201,1189,1397,1549,1440,1153,1222,1082,1269,1152,1275,1490,1316,1287,1493,1341,1370,1527,1077,1097,1505,1522,1315,1461,1143,1012,997,1498,1520,1413,1013,1563,1236,1132,1247,1103,1541,1390,997,1059,1034,1159,1046,1411,1347,991,1299,1128,1016,1337,1446,1305,1331,1133,1266,1564,1350,1144,1444,1364,1470,1312,1497,1432,1355,1454,1216,1347,997,1223,1042,1428,1143,1149,1017,1175,1043,1419,1304,1410,1271,1144,1556,1117,1383,1197,1139,1190,993,1171,1196,1501,1007,1290,1093,1431,1094,1074,1485,1385,1198,1222,1043,1107,1455,1076,1272,1314,1558,1316,991,1339,1350
,1108,1178,1145,1210,1012,996,1201,1049,1308,1002,1394,1450,1474,1144,1507,1144,1240,1535,1039,1227,1179,1089,1523,1301,1395,1098,1163,1424,1266,1192,1440,994,1277,1472,1044,1300,1008,999,1269,1252,1031,1312,983,1181,1271,1057,1448,1058,1210,1560,1282,1201,1357,1270,1226,1326,1534,982,1474,1045,1147,1370,1474,1549,1367,1000,1284,1243,1482,1523,1145,1537,1043,1012,1176,1369,1102,1349,988,991,1066,1074,1511,1218,1198,1518,1229,1446,1025,1184,1167,1103,1317,1166,1399,1461,994,1485,992,1506,1047,1197,1053,990,1377,1049,1225,1157,1197,1543,1259,1415,1356,1297,1249,1399,1438,1496,1211,1464,1272,1039,1383,988,1027,1068,1330,1069,1300,1157,1131,1482,1124,1400,989,1108,1201,1335,1198,1316,1226,1502,1472,1070,1535,1015,1495,1041,1192,1101,1327,1038,1005,1355,1120,1483,1332,1204,1403,1395,1542,1133,1100,1197,1233,1287,1371,1297,1536,1502,1559,1536,1089,1183,1502,1334,1370,1442,1103,1405,997,1101,1390,1032,1465,1448,1207,1051,1031,1506,1373,1088,1519,1417,1255,1322,1211,1549,1512,1499,1496,1525,1379,1095,1072,1367,1382,1451,1361,1187,1469,1550,990,1382,1441,1401,1317,1547,1159,1299,1135,1071,1479,1029,1157,1352,1215,1479,1504,1518,1037,1474,1495,1356,1048,1161,1193
,1564,1259,1002,1300,1412,1323,1501,1554,1331,1139,1106,1429,1154,1333,1125,1365,1281,1216,1430,1086,1287,994,1053,1271,1247,1340,1374,1090,1183,1319,1019,1415,1485,1087,1559,1185,1161,1360,1037,1031,1016,1211,1037,1366,1375,1458,1311,1332,1073,1343,1095,1011,1566,1500,1392,1545,987,1378,1050,1169,1447,1193,1422,1242,1133,1556,1567,1111,1142,1158,1162,1421,1219,1397,1250,1461,1096,1428,1407,984,1028,1263,1354,1560,1536,1021,1005,1108,999,1336,1212,991,1112,1045,1339,1465,1554,1449,981,1558,1346,1498,1404,1461,1303,1421,984,1374,1089,1095,1054,1104,1562,1258,1165,1213,1534,1439,1358,1231,1549,1480,1254,1550,998,1414,1210,1195,1206,1549,1550,1537,1470,1188,1190,1001,1232,1138,1241,1502,1402,1368,1485,1040,1504,1359,1356,1175,1327,1141,1340,1489,1010,1190,1179,1124,1017,1456,1418,1193,1425,1148,1116,1226,1019,1187,1312,1479,1146,1146,1312,1484,1172,1173,1474,1406,1400,1544,1124,1356,1100,1205,1217,1254,1377,1209,1186,1530,1224,1176,1203,1197,1525,1373,1176,1274,1514,1466,1563,1001,1393,998,1043,1280,1424,1501,1377,1556,1551,1350,1355,1509,1165,1274,1067,1226,1128,1181,1350,1251,1329,1488,1257,1513,1140,1489,1085,1123,1501,1537,1209,1329,1469,1049,1202,1319,1051
,1415,1310,1280,991,1026,1422,1404,1002,1441,1055,1412,1427,1031,1519,1147,1098,1513,1326,1480,1306,1319,1383,1246,1191,1142,1315,1566,1546,1129,1060,1305,1244,1326,1025,1413,1335,1133,1504,1169,1563,1549,1021,1456,1168,1277,1370,1086,1361,1377,1331,1020,1140,1361,1256,1379,1121,1184,1164,1340,1431,1072,1189,1287,1005,1493,1427,1451,1488,1426,1100,1354,1456,1537,1235,1334,1549,1513,1166,1022,1349,1430,1238,1476,1380,1468,1084,1404,1179,1191,1258,1519,1111,1278,1263,1258,1446,1030,1165,1426,1087,1542,1257,1262,1219,1481,1145,1406,1042,1310,1227,1253,1394,1205,1249,1074,1436,1080,1424,1117,1351,1017,1217,1468,1222,1487,1247,1254,1072,1117,1349,1134,1042,1451,1037,1138,1420,1372,1181,1353,1164,1040,1105,1419,1068,1255,1331,1184,1119,1224,1264,1378,1219,1267,1253,1412,1369,1482,1450,1486,1172,1316,1041,1509,1037,1128,1378,1115,1298,1162,1540,1136,1314,1188,1339,1331,1348,1451,1115,1151,1215,1112,1330,1458,1531,1423,1196,1072,1311,1256,1280,1317,1553,1429,1043,1131,1000,1255,1213,1075,1451,986,1395,1341,1328,1355,1400,1469,986,1112,1081,1198,1234,1321,1073,1376,1030,1259,1133,1026,1390,1013,1044,1428,992,1186,1041,1042,1292,1318,988,1093,1414,1303,1523,1045,1433,1060
,1027,1014,1165,1540,1353,1136,1386,1163,1297,1014,1064,1213,1458,1406,1183,1037,988,1027,1178,1211,1451,1139,1555,1055,1189,1297,1419,980,1312,1243,1201,1419,1022,1000,1448,1196,1437,1421,1028,1483,1258,1222,1359,1285,1505,1004,1298,1169,1001,1512,1297,1352,1010,1122,1024,1327,1211,1022,1264,1204,1052,1086,1194,1186,1192,1374,1517,989,1164,1031,1545,1453,987,1463,1133,1101,1213,1415,1408,1452,1012,1121,1075,1095,1485,1341,1071,1480,1030,1024,1428,1374,1491,1121,1485,1421,1190,1006,1060,1346,1001,1217,1150,1157,1449,1108,1329,1180,1297,1247,1480,1381,1341,1268,1407,1318,1037,1255,1344,1055,987,1470,1252,1200,1552,1530,1301,1068,1563,1346,1034,1410,1328,1207,1403,1305,1266,1432,1125,1016,1367,1525,1467,1274,1232,1237,1305,1228,1237,1023,1421,1032,1467,1428,1056,1210,1393,1014,1015,1562,1308,1489,1087,1044,1544,1392,986,1216,1229,1352,1086,1091,1425,1091,1142,1170,1507,991,1108,1319,1355,1191,1101,1075,1334,1233,1465,1087,1038,1350,1107,1351,1070,1269,1455,1399,1279,1068,1432,1504,1039,1345,1385,1552,1315,1480,1510,1215,1158,1424,1358,1081,1435,1099,1301,1243,1458,1033,1364,997,1351,1322,1549,1220,1497,1488,1160,1149,1039,1001,980,1491,1426,1110,1020,1291,1198
,1465,1286,1310,1078,1525,1463,1320,1359,1213,1476,1462,1461,1189,1226,1112,1397,1005,1327,1508,1419,999,1438,1444,1311,1141,1446,1253,1291,1253,1292,1251,1461,1381,1143,1111,1446,1461,1319,1413,1198,1275,1273,1465,1246,1463,1390,1237,1016,1339,1447,1174,1431,1170,1515,1293,1317,1170,1300,1426,1230,1004,1278,987,1435,1470,1332,1072,1284,1224,1229,1374,1406,1218,1018,1018,1412,1353,1328,1145,1086,1455,1484,1524,1015,1134,1441,1076,991,1435,1163,1049,1232,1221,1205,1295,1222,1114,1519,1147,1212,1326,1206,1257,1279,1157,1436,1315,1095,1457,1477,1469,1312,1063,1013,1249,1447,1350,1156,1090,1217,1045,1412,1395,1216,1188,1235,1165,1155,1454,1411,993,1312,1141,1515,1020,1358,1345,1013,1275,996,1197,1566,1034,1303,1039,1151,1208,1114,1052,1098,1564,1356,1338,1013,1385,1436,1391,1064,1184,1043,1152,1522,1201,1254,1403,1416,1036,1410,1082,1021,1451,1091,1041,993,1124,1302,1233,1083,994,1529,1406,985,1323,1015,1081,1459,1429,1489,1020,1282,1430,1136,1042,1358,984,1539,1100,1085,1054,1432,1169,1309,1284,1047,984,1260,1538,1099,1313,986,1227,1114,1529,1298,1050,1498,1174,1347,1103,1156,1319,1521,1507,1117,1373,1456,1522,1259,1037,1361,1526,1042,1277,1180,1392,1335,1438
,1492,1034,1498,1211,989,1474,1146,1003,1455,1301,1223,1050,1446,1565,1388,1141,1173,1242,1483,1504,1518,1130,1276,1034,1392,1388,1373,1546,1039,1175,1002,1495,1030,1516,1087,1408,1145,1381,1161,988,1167,1448,1535,1159,1269,1207,1231,1282,1212,1331,1215,1021,1169,1056,1256,1109,1231,1382,1452,1393,1481,1120,1087,1022,1140,1147,1410,1312,998,1369,1539,1208,1510,1079,1336,1122,1181,1498,1538,1507,986,1545,1237,1455,1246,1505,1128,1438,1353,1255,1092,1460,1035,1112,1445,1263,1154,1425,1016,1412,1261,1203,1446,1485,1034,1517,1567,1143,999,1546,1277,1339,1351,1133,1499,1081,1501,1340,1289,1423,1557,1558,1252,1412,1513,1397,1514,1105,1546,1565,1064,1504,1191,1058,1535,1281,1461,1527,1545,1352,1395,993,1538,1104,1009,1560,1225,1099,1016,1389,1370,1124,1117,1475,1495,1300,1326,1225,1430,1497,1295,1168,1380,1306,1173,986,1383,1221,1341,1523,1090,1444,1134,1432,1237,1534,1308,1129,1506,1502,1053,982,1031,1050,1334,1055,1388,1144,1369,1374,1042,1038,1013,1354,989,1209,1543,1373,1132,1270,987,1384,1199,980,1413,1348,1291,1376,1461,1393,1330,1129,1437,1297,1489,1178,1566,1292,1026,1435,1238,984,1072,1152,1311,1426,1090,1556,1327,1236,1562,1381,1548,1355,1504,1119,1126
,1257,1333,1371,1175,1060,1105,1410,1419,990,1240,1288,1427,1078,1037,1350,1145,1127,1376,1125,1196,1404,980,1297,1488,1224,1450,1299,1220,1079,1551,1342,1533,1539,1066,1007,1027,1385,1432,1385,1535,1155,1363,1108,1517,1049,1244,1542,995,1386,1040,1348,1287,1009,1264,1150,1497,993,1324,1442,1008,1448,1481,1546,1353,1263,1509,1328,1039,1408,1149,1135,1283,1353,1121,1413,1459,1229,1520,1179,1278,1077,1313,1247,1114,1424,1283,1425,1351,1134,1508,1215,1156,1353,1488,1464,1122,1437,1548,1132,1224,985,1444,1493,1052,1207,1142,1282,1391,1094,1354,1238,1194,1337,1161,1062,1303,1518,1507,1250,1289,1216,1475,1330,1277,1197,1316,1485,1237,1474,1520,1256,1460,1096,1468,1003,1242,985,1477,1147,1363,1316,1310,1010,1154,1486,1211,1399,1208,1488,1094,1138,1033,1050,1146,1406,1024,1206,1106,998,1353,1163,1074,1025,1305,1043,1427,1010,1016,1226,1336,1492,1412,1070,1321,1298,1316,1242,1375,1450,1038,992,1236,1473,1509,1113,1324,1285,1268,1108,1232,1314,1086,1545,1117,1442,1488,1303,1038,1053,1247,1218,1132,1530,1111,1058,1335,1012,1487,1084,1005,1250,1023,1299,1221,1107,1101,1385,1462,1507,1483,1219,1515,1023,1387,1353,1179,1119,1403,989,1007,1145,1123,1244,1207,1127,1464,1567
,1320,1540,1302,1329,1282,1126,1522,1227,1047,1080,1418,1062,1437,1365,1523,1404,1307,1044,1043,1486,1217,1281,1056,1446,1413,1188,1468,1274,1032,1174,1407,1508,1168,1328,1255,1042,1110,1252,1150,1162,1560,1386,990,1356,1001,1465,1426,1393,1387,1128,1519,1340,1522,1292,1225,1152,1207,1213,1122,1565,1490,1313,1502,1213,1386,1168,1024,1187,1497,1165,1558,1202,1314,1416,1137,1094,1189,1405,1353,1398,1080,1327,1101,1026,1420,1059,1350,1419,1412,1244,1012,1522,1417,1561,1036,1424,1179,1323,1051,1155,1398,1530,1501,1487,1004,1123,1562,1108,1358,1545,1035,1080,1150,1063,1197,1061,1137,1196,1285,1447,1560,1224,1234,1496,1454,1491,1546,1296,1078,1037,1012,1006,1496,1340,1310,1556,1117,1543,1391,1412,1515,1152,1206,1337,1490,1033,1407,1365,1476,1428,1312,1200,1055,1492,1215,1366,1242,1048,1540,1174,1527,1315,1341,1325,1117,1014,1468,1401,1139,1121,1129,1547,1421,1333,1075,980,1375,1180,1260,1026,1171,1361,1480,1286,1473,1319,1045,1119,1198,1372,1064,1346,990,1362,1504,1004,1185,1193,1283,1491,1099,1515,1219,1428,1491,1073,1100,1026,1095,1225,1038,1522,1306,1247,1068,1481,1294,1165,1311,1053,1016,1362,1050,981,1042,1044,1047,1008,1424,1486,1317,983,1493,1003,1184,1457,1521
,1297,1404,1411,1293,1424,1189,988,1495,1162,1108,1539,1271,1236,997,1274,1089,1435,1210,1471,1147,1332,1085,1275,1066,1487,1094,1199,1331,1287,982,1002,1510,1134,1070,1057,1389,1229,1420,1493,1226,1511,1015,1418,1443,1472,998,1039,1408,1011,1341,1231,1303,1094,1420,1038,995,1200,1390,1164,1022,1206,1409,1051,1151,993,982,1097,1503,1378,1142,993,1339,1216,1114,1010,1452,1402,1278,1351,1433,1406,1537,1480,1244,1495,1535,1269,1272,1304,1036,1472,1227,1004,1319,1190,1488,1086,1165,1247,1378,1194,1437,1478,1038,1472,1483,1388,1140,1040,1034,1426,1404,1216,1299,1101,1126,1331,995,1021,1504,1197,1016,1145,1470,1015,1462,1174,1500,1477,1139,1165,1507,1161,1257,1563,1108,1236,1011,1146,1505,1089,1556,1128,1116,1546,1358,1131,1195,1130,1177,1153,1091,1257,1150,1282,1388,1066,1466,1400,1524,1048,1514,1107,996,1028,1078,1324,1007,1019,1077,999,1210,980,1373,1024,1405,1359,997,1048,1031,1447,1163,1418,1196,1295,1540,1225,1212,1462,1468,1410,1193,1412,1196,1321,1508,1119,1434,1518,1254,1443,994,1257,1471,1541,1402,984,1101,1474,1490,1565,1356,1057,1493,1072,1121,1190,1221,1219,1283,1517,1544,1304,1335,1426,1136,1352,1344,1122,1419,1059,1243,1559,1363,1132,1382,1414
,1390,1079,1147,1120,1441,1297,1522,1080,1337,1337,1108,1489,989,1284,1274,1451,1561,1494,1078,1486,1342,1042,1292,1181,1158,1239,1343,1309,1219,1357,1475,1516,1517,1334,1001,1185,1312,1291,1258,1250,1425,1374,1101,1051,1147,1225,1240,1484,1326,1457,1008,1554,1201,1178,1528,1004,1260,1192,1259,1092,1312,1000,1019,1465,1527,1053,1363,1426,1018,1105,1039,1486,1111,1272,1153,1426,1195,1516,1461,1438,1433,1285,1318,1314,986,1425,1457,985,1104,1482,1166,1301,1184,1496,1013,1267,1083,1465,1353,1444,1473,1184,1528,1497,1344,1373,1376,1247,999,1056,1341,1043,1528,1288,1384,1555,1212,1056,992,1183,981,1264,1474,1033,984,1177,1160,1388,1080,1543,990,1287,1366,1456,1502,1480,1006,1199,1540,1145,1273,1189,1293,1497,1503,1046,1069,1550,1133,1503,1275,1068,1115,1448,1094,1248,1417,1550,1479,1362,1316,1216,1530,1535,1519,1459,1269,1520,1274,1179,1363,1448,1167,1546,1268,1012,1336,1008,1311,1030,1465,1545,983,1368,1488,1202,1087,1485,1109,1209,1397,1269,1056,1037,1053,1424,1508,1028,1151,1045,1201,993,1090,1000,1012,1154,1113,1204,1171,1183,1498,1306,1410,1095,1291,1116,1247,1193,1191,1165,1051,1502,1064,1359,1188,985,1500,1448,1165,1529,1464,1125,1424,1528,1409,1113,1450
,1420,1080,1217,1046,1143,1052,1154,1123,1063,1405,991,1420,1408,1156,1070,1116,1172,1086,1295,1015,1142,1071,1422,1314,983,1179,1019,1321,1145,1069,1054,1526,1426,1315,1016,1119,1428,1254,1324,1049,1027,1232,1168,1031,1354,1381,1264,1174,1486,1471,1028,1423,1041,1428,1505,1233,1252,1526,1537,1091,1367,1279,1205,1520,1224,1231,1343,1435,1351,1109,1327,1310,1347,1370,1360,1022,981,1210,1117,1466,1164,1126,1062,1349,1385,1068,1248,1334,1528,1110,1129,1059,1564,1006,995,1337,1439,1142,1206,1208,1520,1412,1502,1567,1316,1243,1213,1244,1437,1326,1225,1485,1074,1034,1456,1032,1518,1452,1172,1246,1404,1081,1145,1388,1166,1323,1063,1330,1024,1021,1444,1298,1196,1294,1298,1172,1251,1419,1324,1015,1002,1013,1206,1335,1455,1205,1418,1272,1435,1262,1530,1500,1260,1420,1012,1071,1121,1535,1245,1543,1473,1443,1483,1001,1432,1049,1541,983,1310,1433,1107,1379,1328,1235,982,1400,991,1302,1453,1467,1122,1465,1212,1134,1549,1182,1483,1146,1514,1527,987,1283,1234,1203,1106,1385,1018,1181,1522,1472,1090,1275,1320,1268,1405,1057,1082,1050,1284,984,1073,1371,1561,1422,1162,1099,1410,1121,990,1194,1173,1520,1293,1157,1063,1352,1330,1174,1567,1127,1233,1548,1439,1416,1218,1105,996
,1381,1276,1417,1262,1072,1085,1389,1152,1124,1491,1416,1154,1236,1235,1184,1218,1474,1282,1524,1244,1046,1469,1265,1098,1439,1192,1361,1191,1556,1222,1457,1353,1029,1032,1251,1350,1155,1539,1561,1014,1465,1094,1387,1119,1445,1468,1087,1222,1265,1026,1043,1495,1107,1527,1176,1482,1014,1015,1099,1156,1440,1098,1106,1354,1098,1498,1172,1155,1454,1342,1120,1545,1223,1055,1442,1261,1120,1196,1362,1137,1440,1005,1066,1337,1100,1317,1218,1224,1254,1529,1421,1017,1222,1218,1451,1355,1403,1554,1313,1256,1053,1100,995,1155,1440,1454,1032,1487,1360,1529,1079,1539,1349,980,1427,1408,1445,1293,1481,1190,1435,1296,1016,1107,1529,1210,1045,1341,1158,1264,1322,1423,1048,1106,1136,1294,1012,1116,1016,1086,1532,1129,1375,1046,1274,1125,1007,1378,1287,1006,1114,1441,1512,1399,1506,1157,1512,1372,1477,1162,1493,1249,1309,1458,1033,1047,1351,1257,988,1156,1084,1221,1201,1140,1329,1045,1179,1260,1078,1250,1351,1298,1372,1489,1101,1077,1428,1146,1354,1147,1462,1047,1267,1172,1302,1317,1553,1137,1053,1479,1327,1296,1069,1026,1525,1436,1148,1555,1181,1081,1565,1482,1087,1346,1079,1121,1462,1490,1179,1092,1558,1501,1526,1560,1353,1411,995,1254,1337,1264,981,1291,1555,1456,1437,1009,1503
,1041,1002,1140,1294,1396,1322,1480,1308,1549,1289,1168,1438,1330,1075,1237,1542,1494,1290,1132,1186,1114,1441,1000,1134,1161,1018,1274,1282,1439,1017,1085,1368,1112,1487,1424,1499,1254,1467,1292,1413,1433,988,1505,1498,1428,1220,1022,1095,1047,1103,1458,1408,1332,1436,1393,1532,1014,1397,1466,1401,1284,1559,1490,1030,1174,1205,1133,1343,1055,1064,1521,1016,1467,997,1087,1322,1258,1110,1250,1489,1375,1362,1119,1412,1341,1086,1337,1458,1471,1408,1382,1501,1268,1535,1258,1560,1340,1421,1466,1490,1066,1155,987,1301,1217,1279,1234,1390,1161,1344,1135,1519,1416,1189,1478,1002,1464,1076,1518,1044,1158,1253,1172,1171,1047,1438,1194,1247,1264,1424,1165,1419,1431,1461,1019,985,1492,1539,1346,1490,1257,1556,997,984,1335,1015,1142,1139,1479,1091,1427,1244,1103,1304,1315,1087,1272,1072,1257,1134,1294,1037,1189,1459,1543,1444,1016,1340,1377,991,1273,1293,1211,1481,1126,1289,1024,1445,1288,1215,1221,1098,1173,1346,1099,1067,1075,1169,1372,1230,1055,1336,1554,1263,1142,1136,980,1545,1139,1058,1109,1102,1214,1298,1529,1105,1235,1095,1049,1489,1404,1083,1219,1315,1025,1148,1485,1175,1469,1366,1528,1211,1430,1466,1103,1390,1478,1554,1183,1221,1168,1470,1302,1210,1247,1288,1231
,1354,1400,984,1090,1371,1210,1059,1030,1111,1116,1116,1122,1507,1332,1092,1240,1165,1536,1069,1203,1006,1000,1490,1549,1280,1468,1416,984,1222,1017,1519,1270,1542,1270,1142,1187,1552,1291,1156,1154,1062,986,1303,1545,1423,1372,1253,1164,1084,1274,1114,1521,1048,1362,1149,1258,1523,1437,1277,1110,1268,993,1143,1114,1416,1542,1375,1000,1365,1070,1453,1247,1207,1350,997,1378,1164,1040,1479,1096,993,1032,1059,1056,1391,1014,991,1507,1107,1040,1021,1460,1367,1050,1489,1054,1007,1080,1067,1438,1343,1012,1351,1213,1212,1071,1222,1368,1191,1003,1328,1377,1374,1402,1084,1486,1346,1393,1029,1069,1397,1315,1121,1308,1426,1477,1485,1220,1179,1187,1340,1291,1421,1124,1251,1140,1346,1216,1076,1043,1487,1084,1140,1158,1069,1187,1049,1406,1401,1010,993,1427,1500,1465,1529,1327,1153,1219,1520,1377,1486,1237,1160,1409,1451,1092,1282,1330,1337,1371,1097,1161,1103,1156,1377,1433,1021,1306,1005,1102,1464,1364,1122,1420,1214,1506,1206,1284,1380,1291,1403,1159,1020,1565,1306,990,1422,982,1045,1420,1436,1486,1494,1239,1146,1115,1069,1201,1249,1537,1054,1223,1561,1428,1378,1060,1229,1056,1505,1295,1082,1537,1328,1443,980,1074,1399,1344,1338,1155,1459,1057,1561,1286,1195,1265,1228
,1384,1519,1334,1043,991,1036,1238,1207,1311,1305,1429,1563,1382,1372,1167,1143,1464,1111,1350,1207,1462,1337,1002,1505,1193,1541,1007,1370,1108,1549,1059,988,1165,1106,1481,1209,1229,1327,1457,1542,1446,1083,1474,1362,1246,1159,1469,1316,1534,990,1463,1424,1027,1243,1314,1461,1239,1027,1090,1085,998,1207,1247,1328,981,1192,1465,1427,1272,1201,990,1300,1511,1168,1043,1001,1480,1394,1028,1150,1029,1387,1284,1468,1011,1418,983,1185,980,1222,1139,1275,1506,1558,1560,1231,1069,1171,1483,1556,1047,1108,1542,1458,1558,1290,1305,1005,1057,1459,1254,1239,1538,1058,1050,1147,1189,1449,1247,1548,1483,1178,1227,1444,1245,1249,1064,1422,1152,1037,1145,1500,1440,1004,1520,1026,1156,1253,1533,1275,1034,1478,1477,1079,1483,1032,1565,1117,1178,1506,1412,1191,1063,1145,1117,1443,1293,1464,1072,1401,1456,1019,1127,1008,1456,1539,1127,1022,1441,1535,1356,1226,1246,1491,1448,1487,1169,1122,1155,1495,1075,1034,1466,1512,1455,1261,1209,1239,1389,1464,1043,1164,1431,1037,1492,1415,1303,1546,1122,1483,1296,1477,1163,1498,1263,1152,1079,1451,1088,1443,1370,986,1443,999,1418,1232,1244,1415,1360,984,1404,1051,1034,1470,1022,1267,1512,1404,1203,1058,1336,1331,1326,1342,1019,1299,1554
,1407,1518,1467,1412,1141,1130,1122,1329,1489,1023,1562,1421,980,1443,1020,1332,1174,1390,1216,1412,1200,1489,1159,1398,1479,1456,1328,1524,1350,1522,1071,1199,1501,1532,1499,1108,1354,1414,1215,1559,1377,1238,1367,1158,1332,1056,1524,1488,1118,1418,1289,1453,1051,1352,1252,1508,1297,1260,1511,1147,1499,1329,992,1201,1127,1521,1185,1567,1510,1286,1469,1059,1036,1288,1494,1134,1103,1465,1246,1474,1285,1209,1435,1295,1308,1017,1241,1080,1489,1129,1548,1364,1548,1280,1098,1321,1187,1165,1506,1339,1285,1455,1115,1100,1423,1431,1123,1513,1545,1259,1441,1113,1428,1472,1269,1563,1303,1341,1223,1423,1353,1447,1440,1016,1067,1356,1313,1078,1258,1367,1007,1535,1405,1107,1401,1042,1384,1476,1353,1105,1516,1246,1460,1125,1422,1053,1217,1200,1526,1111,1069,985,1316,1029,1221,1452,1093,1456,1340,1197,1101,1211,1172,1368,1444,1343,1469,1118,1448,1367,1203,1408,980,1097,1367,1566,1519,1562,1112,1465,1302,1088,1208,1286,1504,1077,1191,1538,1094,986,1446,1474,1417,1298,1144,1451,1425,1531,1018,1220,1048,1408,1453,1065,1013,1467,1273,1007,1285,1179,1160,1489,1295,1398,1221,1410,1242,1487,1239,1019,1183,1537,1564,1544,1047,1411,1278,1398,1174,1124,1064,1372,1198,1162,1203,1469,1157
,1456,1317,1210,1320,1474,1482,982,1526,1200,1199,1100,1318,1202,1402,1502,1319,1547,1243,1387,1366,1037,1285,1490,1379,1130,1277,1315,981,1088,1393,1448,1219,1298,1546,1391,1247,1201,1125,1026,1442,1091,1499,1496,1122,1162,1532,1032,1514,1306,1168,1434,1285,1264,1240,1110,1253,1482,1050,1307,986,1389,1213,1061,1360,1149,1325,1519,1267,1159,1079,1178,1193,1528,1524,1418,1091,1332,1058,1337,1431,989,1251,1068,1065,1470,1512,1498,1259,1332,1352,1278,1448,1168,1216,1157,1338,1080,1127,1432,1084,1430,1386,1528,1113,1245,1259,1433,1293,1087,1384,1320,1312,1166,1431,1278,984,1197,1096,1294,1261,1228,1442,1169,1524,1040,1158,1389,1360,1403,1300,1320,1058,1552,1375,1074,1083,1197,1143,1168,987,1109,1433,1039,1265,1502,1139,1520,1211,1513,1467,1151,1421,1206,1086,1324,1358,1538,1322,1247,1410,1469,994,1322,1227,1224,1081,1286,1132,1518,1551,988,1358,1385,1367,1398,1505,1532,1259,1194,1490,1248,1058,1092,1239,1110,1149,1496,1014,1469,1457,1302,1142,1308,1180,984,1536,1354,1089,1342,1525,983,1424,989,1348,1563,1314,1307,1193,1425,1181,1082,1556,1093,1321,1221,1372,1493,988,1370,1516,1168,1313,1435,1359,1394,1564,996,1475,1249,1526,1134,1237,1110,1437,1076,1475,1008
,1542,1249,1128,1343,1556,1247,1229,1457,1324,1357,1255,1089,1271,993,1474,1194,1512,1457,1560,1148,1125,1311,1140,1543,1003,1104,1527,1111,1450,1313,1465,1371,1229,1072,1237,1447,1160,1079,1374,1132,1155,1189,1354,1446,1458,1501,1191,1151,1177,1239,1371,1154,1255,1284,1272,1554,1073,1324,1289,1205,1499,1486,1231,1351,1307,1472,1516,1075,1429,987,1018,1056,1348,1323,1054,1060,1539,1367,1526,1431,1479,1499,1266,1357,991,1304,1109,1171,1309,991,1133,1566,1477,1094,1525,1508,1282,1136,1425,1114,1276,1182,1335,1291,1056,1496,1317,1174,1469,1490,1548,1458,1494,1376,1180,1295,1481,1199,1353,1299,995,1345,1251,1089,1001,1493,1200,1478,1554,1053,1026,1463,1030,1298,1333,1197,1310,1163,1245,1018,1235,1146,988,1357,1397,1132,1134,1554,1342,1344,1317,1277,1136,1364,1237,1254,1140,980,1357,1433,1433,1238,1319,1489,984,1477,1439,1069,1193,1540,1272,1358,1038,1074,1142,980,1345,1541,1482,1076,1075,1369,1211,1165,1192,1426,1284,1260,1440,1479,1062,1002,1539,1559,1053,1177,1347,1349,1567,1464,1380,1275,1272,1087,1429,1032,1505,1168,1156,1412,1494,1058,1417,1428,1460,1265,1511,1168,992,1333,1510,1212,1189,982,1537,1539,1198,1149,1204,1100,1513,1416,1530,1056,1007,1218,1162
,1012,1224,1426,1486,1100,1321,1136,1270,1113,1431,1246,1346,1500,1284,1123,1465,1491,1443,1432,1061,1547,1071,1338,1037,1064,1210,1129,1321,990,1185,1449,1294,1295,1501,1175,1403,1120,1464,1458,1325,1161,1234,1510,1175,1282,1207,1000,1281,1210,1174,1163,1291,1177,1542,1326,1142,1123,1106,1032,1136,1192,1167,1467,1258,1408,1448,986,1445,1369,1452,1377,1549,1319,1144,1014,1150,1133,1194,1530,1054,1118,1556,1139,1126,1132,1229,1294,1161,1334,1207,1520,1491,1051,1249,1468,1407,1428,1467,1486,1134,1022,1566,1343,1436,1056,1238,1264,1430,1340,1349,1425,1069,1511,1056,1023,1253,1330,1470,1138,1345,1496,1059,1166,1046,988,1067,1101,1507,1215,1007,1183,1250,1057,1294,1218,1098,1463,1107,1290,1177,1109,984,1215,1264,1423,1001,1473,1352,1556,1170,1043,1306,980,1254,1234,1235,1227,1108,1043,1337,1003,1114,1494,1183,1338,1177,1015,1215,1551,1481,1031,1384,1023,1488,1453,1048,1131,1369,1266,1019,1405,1305,1478,1162,1153,1562,1372,1143,1316,1430,1030,1290,1427,1537,1251,989,1343,1159,1461,1161,1476,1465,1133,1387,1489,1293,1496,1481,1229,1025,1265,1539,1226,1158,1251,1208,1001,1411,1230,1266,1153,1245,1451,1416,1526,1058,1001,1076,1052,1083,1025,1563,1457,1430,1085,1474,1321
,1223,1503,1261,1023,1543,1104,1498,1418,1121,1385,1529,1294,1273,1500,1220,1161,1224,1022,1344,1512,1269,1371,1101,1514,1184,1336,1108,1382,1330,1248,1255,1198,1459,1152,1496,1028,1280,1039,1226,1463,1488,1119,1224,1512,1137,1188,1554,1229,1169,1324,1118,1148,1289,1024,1476,1333,1230,1176,1060,1114,1210,1272,1330,1494,1255,1494,1412,1137,1064,1303,1321,1437,1014,1047,1321,1305,1221,1053,1054,1202,980,1079,1565,1319,1524,1504,1555,1488,1126,1405,1179,996,1416,1547,1067,1495,987,1117,1517,1147,1292,1339,1534,1279,1520,1371,1511,1418,1476,1061,1257,1321,1182,1310,1502,1203,1346,1314,1426,1388,1491,1009,1119,1179,1322,1333,1188,1311,1229,1390,1547,1071,1020,1261,1444,1241,1376,1164,1488,1280,1380,1178,1505,1466,1045,1043,1535,1384,1510,1086,1392,1288,1475,1052,1128,1037,1328,1171,1552,1391,1396,1074,1469,1138,1125,1385,1235,1452,1076,1308,1100,1493,1484,1440,1089,1356,1311,1200,1033,1563,1368,1153,1140,1342,1493,1262,1014,1414,1433,1502,1024,1410,1201,1397,1257,1413,1192,1170,1508,1434,1322,1162,1370,1073,1312,1188,1032,1548,1264,1154,1414,1174,1104,1183,1372,1156,1411,1146,1058,1266,1126,1467,1051,1341,1432,1285,1274,1306,1508,1062,1394,1255,1369,1541,1489,1148,1457
,1362,1187,1385,1565,1236,1344,1290,1432,1529,1157,1500,1401,1407,1466,1327,1304,1442,1542,1434,1408,1530,1294,1542,1205,1174,1436,1437,1168,1310,1272,1517,1107,1056,1204,1307,1319,1394,1027,1046,1245,1506,1352,1540,1367,1273,1249,1270,1317,1281,1393,1165,1139,1457,1002,1133,986,1006,1460,1135,1089,1378,1550,1018,1435,1213,1494,1298,1314,1301,1158,1224,1567,1089,1348,1382,1207,1320,1529,1278,1135,1215,1421,1335,1563,1120,1357,1498,1566,1161,1179,1232,1458,980,1332,1425,1194,1439,1409,1135,1463,1150,1033,1033,1083,1354,1036,1040,1055,1162,1028,1215,980,1036,1366,1480,1136,1529,1092,1533,1480,1359,1481,1296,1097,1489,1111,1246,999,1152,1355,1086,1044,1126,1455,1323,1208,1043,1322,1361,1223,1226,1432,1528,1048,993,1216,1410,1240,1040,1145,1355,1316,1359,1400,1028,1556,1524,1357,1475,1180,1043,1559,1212,1431,1467,1456,1226,1507,1417,1362,1418,1059,1433,1398,1262,1167,1096,1038,1564,1405,1389,1359,1168,1074,1123,1376,1557,1496,1228,1225,1167,1211,1311,1541,1206,1154,1030,1428,1233,1388,1017,1364,1424,1458,1326,1480,1541,1424,1204,1407,1416,1392,1182,1086,1321,1222,1205,1072,1111,1026,1031,1263,1342,1232,1227,1348,1553,1487,1003,1501,992,1482,1553,1087,1027,1004,1535
,1187,1070,1339,1037,1314,1371,1252,1341,1089,1544,1131,1007,1106,1113,1121,1461,1234,1239,1269,1422,1344,1331,1100,1290,1249,1149,1351,1368,1456,1550,1109,1054,1562,1078,1077,1132,1199,1023,1017,1230,1389,1180,1088,1206,1399,1295,989,1279,1192,1126,1176,1421,1105,1144,1026,1309,1455,1337,1128,1536,1037,1259,1231,1495,1540,1495,1119,1142,1100,1157,1307,1381,1557,1476,1559,1132,1189,1504,1255,1493,1398,1230,989,1389,1417,1521,1557,1439,1471,1431,1076,1235,1172,1425,1480,985,1387,1427,1504,1385,1291,1433,1132,1062,1276,1176,1381,1068,1258,1173,1549,1461,1422,1080,1257,1359,1387,1124,1231,1085,1073,1463,1034,1150,1243,1202,1422,1136,1479,1009,1212,1321,1379,1454,1261,1238,1431,1152,1389,1455,1454,1514,1388,1405,1339,1140,1006,1403,1547,981,1497,1485,1412,1097,1124,1046,980,1281,1098,1279,1081,1001,1020,1108,1265,1325,1173,1357,1431,1202,1064,1381,1396,1035,1090,1086,1522,1554,1134,1323,1515,1012,1472,1264,1258,1410,1332,1066,1100,1111,1233,1517,1185,1290,1258,1419,1393,1371,1165,1250,1102,1164,1468,1508,1523,1197,1232,1202,1136,1446,1003,1203,1494,1460,989,1364,981,1016,1160,1377,1436,1028,1456,1478,1110,1397,1411,1310,1127,1259,1392,1290,1525,1556,1231,1148,1100
,1456,1343,1010,1313,1528,1361,1056,1072,1164,1036,1012,1058,1256,1537,1248,1425,1220,1216,1021,1567,1143,1025,1056,1211,1462,1429,1164,1567,1257,1313,1163,1144,1059,1535,1086,1167,1376,1205,1225,1428,1071,1401,1331,1076,1252,1023,1056,1484,980,1545,1340,1283,1433,980,1486,1005,1051,1368,1256,1339,1142,1203,1007,1044,1226,1540,1418,1035,1096,1532,1386,1333,1036,1356,1473,1522,1513,1367,1254,1004,1085,983,1047,1047,1413,1107,1203,1353,1163,1212,1224,1111,1492,1135,1400,1258,1405,1239,1231,1481,1121,1033,1495,1388,1038,1080,1202,1462,1429,1426,1104,1507,1441,1080,1127,1078,1551,1379,1361,1444,1367,1206,1557,1157,1472,1220,1514,1271,1297,1127,1490,1136,1077,1051,1431,1464,1355,1545,1163,1102,1351,1130,1534,1065,1074,1086,989,1512,1015,1186,1092,989,1193,1252,1340,1439,1241,1543,1438,1517,1197,998,1109,1503,1063,1162,1461,1039,1073,1519,1093,1111,1018,1182,1524,1350,1383,1089,1385,1488,1050,1294,1326,1468,1057,1466,1337,1125,1016,1566,1562,1038,1113,1457,1426,1291,1503,1319,1084,1020,1222,1181,1554,1557,998,1146,1193,1246,1125,1026,1370,1244,1210,1106,1188,1121,1236,1410,1148,1364,1478,1112,1411,1517,1466,1547,1566,1526,1194,1401,1202,1290,1371,989,1389,1094,1370
,1207,1259,1360,988,1077,1472,1346,1290,1246,994,1438,1516,1107,1519,1308,996,1459,1017,1171,1161,1121,1307,1418,1501,1068,1489,1185,1344,1472,1347,1143,1390,983,1435,1310,1555,1384,1197,1206,1487,1028,1040,1221,989,1487,1211,999,1179,1324,1115,995,1241,1295,1280,1390,1541,1342,1002,1501,1175,1175,1397,1114,1178,1116,1134,1108,1401,1369,1491,1214,1186,1001,1314,1384,1510,1109,1102,1304,1040,1160,1099,1512,1118,1487,1463,1119,1212,1429,1517,1543,1494,1152,1525,1062,1138,1121,1151,1402,1349,1548,1302,1211,1215,1215,1506,1089,1065,1105,1296,1490,1395,1133,1367,1433,1183,1559,1228,1243,1115,1314,1092,1275,1275,1040,1060,1088,1516,1270,1141,1107,1328,1537,1316,1317,1520,1476,1411,1244,1083,1104,1108,1107,1285,1269,1448,1463,1181,980,1361,1352,1503,1038,1232,1517,1234,1022,1282,1382,1146,1096,1327,1149,1080,1294,1498,1003,1191,1126,1294,1156,1101,1286,1122,1044,1393,1042,1531,1192,1167,1504,1462,1165,1441,1524,1256,1440,1486,1225,1265,1249,1287,1186,1292,1054,1011,1480,1220,1075,1277,1050,1190,1117,1341,1051,1284,996,1294,1472,1399,1242,1276,1100,1177,1374,1522,1099,1541,1194,1467,1096,1488,1422,1473,1396,1324,1032,990,1054,1062,1529,1322,1425,1069,1215,1546,1041
,1006,1343,1276,1418,1008,1545,1076,1283,1335,1553,1276,987,1048,1369,1035,1232,1342,1550,1330,1142,1063,1322,1548,1393,1107,1446,1019,1180,1455,1539,1141,1358,1132,1511,1316,1288,1378,1327,1042,1423,1060,1368,1168,1491,1555,1507,1117,1137,1384,1401,1309,1099,1135,1209,1110,1273,1156,1460,1264,1529,1084,1208,1328,1162,983,1114,1226,1005,1327,1446,1111,1260,1270,1357,1527,1091,983,1338,1064,1320,1282,1076,1527,1053,1379,1391,1518,1372,1355,1089,1335,1393,1014,1554,1384,1420,1126,1124,1071,1043,1356,996,1074,1232,1326,1425,1247,1540,1392,1514,1075,1555,1223,1336,1179,1002,1223,1360,1503,1554,1409,1371,1221,1181,1203,1062,1063,989,1198,1201,1555,1562,1409,1167,993,1157,1547,1268,1475,1431,1399,1291,1254,1245,1216,1196,1314,1196,1089,1102,1490,1123,1055,1187,1536,1304,1088,1435,1564,1230,1168,1191,1015,1363,1100,1561,980,1052,1127,1298,1403,1458,994,1103,1229,1006,1456,1513,1125,1533,1425,1123,997,1513,1272,1420,1393,1333,1527,1411,1500,1047,1481,1126,1303,1307,1566,1531,1190,1286,1530,1492,1249,1395,1125,1414,1529,1524,1341,1477,1342,1186,1104,987,1054,1353,1330,1503,1353,1251,1516,1285,1512,982,1285,1361,1332,1155,1467,1473,1288,1061,1421,1399,1250,1319,1133
,1158,1496,1278,1406,1151,1476,1408,1115,1090,1277,1320,1427,1028,1531,1284,1404,1504,1493,1409,1307,1110,1287,1483,1482,984,1137,1520,1181,1549,984,998,1195,1097,1179,1396,1474,1022,1308,1203,1052,1012,1305,1541,1351,1169,1473,1303,1137,1542,1036,1508,1372,1391,1466,1479,1364,1334,1102,1320,1527,1255,1485,1298,1298,1489,1469,1041,1258,1373,1040,1516,1043,1038,1406,1090,1076,1088,1377,1538,1188,1005,1502,1120,1038,1243,1168,1245,1335,1110,1334,1237,1122,1477,1004,1031,1174,1206,1049,1330,1518,1241,1540,1466,1019,1337,1095,1238,998,1382,1260,1183,1391,1302,1194,1543,1096,1052,1171,1552,1119,1124,1251,1457,1451,1227,1067,1264,1544,1018,1477,1499,1068,1545,1083,1053,1159,1100,1246,1555,1007,1403,1290,1476,1031,1262,1062,1006,1165,1386,1190,1155,1067,1080,1533,1337,1121,1139,1309,1100,1500,1485,1262,1325,1206,1335,1230,1191,1227,1559,989,1480,1032,1553,1008,1174,1361,1537,1182,1306,1260,1245,985,1149,1334,1343,1408,1032,982,1207,1041,1323,1564,1429,1358,1322,1068,1016,1130,1425,1015,1312,1271,1057,1156,1429,984,1362,1370,1282,1405,1478,1485,1279,1503,1462,1219,1303,1101,1374,1054,1063,1006,1072,1255,994,1448,1459,1436,1112,1550,1070,1001,1461,1491,1463,1521,1217
,1556,1311,1249,1107,1380,1088,1528,1458,1172,1303,1313,980,1278,1298,1073,1114,1043,985,1228,1026,1084,1327,1421,1138,1127,1447,1282,1488,1421,1061,1521,1512,1536,1115,1435,1104,1410,1263,1398,1105,1221,1294,1000,1465,1338,987,1116,1167,1229,1072,1410,1545,1170,1093,1265,1352,1498,1466,1558,1043,1560,1565,1127,1067,1552,1206,1499,1115,1265,1088,1169,1341,1131,1153,1309,1551,1117,1017,1206,1529,1516,1038,1149,1169,1362,1328,1531,1109,1393,1553,1034,1017,1111,1073,991,1130,1227,1363,1128,1328,1264,1443,1268,1511,1370,1205,1236,988,1002,1430,1263,1190,1112,1440,1072,1022,1003,1224,1007,1230,1115,1465,1382,1046,1272,1102,1272,1176,1397,1144,1325,1096,1404,1405,1045,1368,1451,1069,1268,1152,1492,1085,1053,1402,1498,1464,1229,1058,1411,1292,1411,1314,1518,1150,1168,1420,1049,1185,1363,1368,1099,980,1457,1514,1091,1557,1447,1044,999,1386,1530,1082,1322,1400,1439,1196,1315,1255,1482,1092,1483,1380,1051,1272,1344,1483,1355,1257,981,1010,1246,1362,997,1214,1299,1197,1269,1438,1468,1203,1369,1505,1118,1317,1173,1045,1522,1343,990,1264,1517,1186,1073,1128,1051,1451,1213,1166,1174,1104,1036,1481,1278,1429,1302,1492,1248,1185,1252,1344,1452,1271,1304,1158,1086,1286,1140
,1111,1020,1085,1199,1496,1460,1531,1192,1538,1121,1483,1147,1109,1512,1097,1316,1253,1231,1291,1174,1519,1041,1405,1046,1227,1074,1171,1076,1073,1564,1297,1012,1302,1460,1163,1189,1196,1334,1243,1211,1355,1478,1102,1091,1517,1431,1209,1312,1039,1471,1192,1326,1061,1447,994,1209,1461,1527,1315,1357,1445,1024,1511,1303,1051,1509,1539,1006,1210,1531,1118,989,1202,1151,1371,1135,1456,1386,1320,1314,1026,1223,1200,1196,1225,1171,1075,1068,1293,1260,1008,1110,1004,1175,1342,1254,1417,1288,1254,1232,1317,1012,1392,1098,1561,1411,1366,982,1298,1424,1114,1479,1470,1227,1036,1530,1381,1371,1106,1258,1215,1093,1247,1439,1047,1065,1059,1335,1459,1390,1401,1456,1050,1040,1450,1449,1010,1351,1438,1168,980,1477,1041,1145,1171,1458,1227,1086,1173,1371,1543,1094,1411,1442,1250,1104,1005,1191,1377,1062,1173,1217,1466,1128,1002,1309,1451,1534,1010,1016,1030,1211,1143,1564,1533,1541,1157,1003,1443,1065,1250,1184,1134,1559,1433,1473,1127,1134,1282,1099,1381,1383,1319,1356,1508,1368,981,1162,1219,1043,1533,1035,1365,1082,1443,1174,1447,1321,1086,1165,1396,1200,1206,1015,1385,1198,1429,1159,1247,1565,1407,1531,1479,1252,1371,1051,1193,1302,1365,1239,1305,1130,1485,1464,1054,1080,1274
,1423,1430,1565,981,1546,1182,1421,1081,1309,1304,1295,1228,1413,1524,1198,1215,1534,1406,1446,1081,1494,1219,1161,1395,1204,1036,1390,1280,1417,1493,1006,1554,1077,1031,1322,1457,1378,1234,1278,1548,1114,1506,1080,1275,1075,1244,1276,1394,1110,1052,1161,1205,1214,1219,1232,1465,1460,1255,1163,1344,1368,1292,1210,1396,1160,1113,1522,1213,1154,1218,1114,1540,1053,1074,1501,1001,1349,1402,1251,1357,1530,1347,1230,983,1176,1441,1376,1534,1036,1021,1515,1530,1268,1478,1366,1537,1297,1546,1231,1413,1518,1104,1562,1449,1053,1026,1212,1562,1288,1410,1375,1320,1295,1263,1441,1174,1464,1460,1333,1084,1349,1171,984,1484,1526,1540,1328,1310,1426,1008,1003,1246,1534,991,1228,1254,1402,1454,1055,1273,1331,1475,1553,1262,1026,1159,1160,1522,1141,1151,1182,1248,1122,1482,1373,1470,1331,1098,1414,1534,1099,1185,1519,1475,1165,1013,1172,1401,1533,1508,1416,1352,1402,1390,1418,1031,1347,1241,1283,1422,1473,1256,1345,1031,1538,1379,1288,1467,1401,1137,1418,1203,988,1253,1363,1088,1428,1122,1176,1422,1348,1406,1025,1392,990,1070,1303,1394,1227,1407,1324,1182,1211,1339,1350,1317,1066,1107,1328,1330,1122,1559,1053,1284,1358,1250,1404,1234,1075,1380,1473,1317,1063,1358,1007,1231,1071
,1266,1187,1069,1134,1124,1382,1331,1089,1387,1181,1048,1425,1423,1471,1045,1270,1106,1300,1089,1407,1478,1043,1003,1507,1182,1198,1390,1449,1118,1176,1235,1543,1129,1415,1098,1266,1430,1311,1205,1521,1104,1201,1535,1304,1348,1195,1310,1518,1389,1231,1157,1464,1435,995,1463,1441,1488,1114,1478,1275,1310,1438,1254,1083,1306,1440,1265,1509,1072,1072,1278,1151,1504,1322,1467,1293,1177,1174,1224,1044,1269,1430,1049,1192,1398,1022,1282,1517,1312,1509,1139,1025,1487,981,1216,1019,1327,1174,997,1197,1187,1218,1345,1377,1183,1145,1048,1039,1414,1195,1476,1210,1326,1229,1389,1176,1296,1272,981,1047,1308,1146,1451,1343,1289,1066,1548,1266,1334,1157,1462,1409,1054,1451,1113,1243,1024,1556,1072,1429,1138,1323,1543,1517,1420,1425,1171,1239,1169,1379,1074,1074,1174,1278,1080,1396,1427,1449,1125,1202,1299,1423,1235,1444,1252,1371,1138,1368,1537,1148,1421,1019,992,1171,1090,1179,1071,1273,1266,1305,1181,1377,1431,1074,1471,1470,1403,1526,1508,1006,1522,1031,1102,1351,1337,1016,1135,1560,1553,1485,1466,1391,1346,1262,1054,1101,1346,1452,1476,1148,1100,1479,1353,1499,1125,1282,1270,1380,1417,1181,1176,1025,1108,1445,1443,1447,1502,1075,1452,1048,1314,1218,1533,1018,1012,1057,1364
,1152,1047,1188,1128,1339,1266,1024,1241,1152,1262,1402,1353,1256,1385,1237,1418,1526,1204,1019,1136,1390,1035,1282,1231,1452,1414,1546,1319,1111,1239,1076,1059,1337,1215,1376,1532,1038,1278,1523,1035,1242,1431,1342,1537,1107,982,1523,1033,1023,1136,1227,1002,1415,1205,998,1210,1398,1303,1245,1193,1382,1215,1299,1461,1553,1130,1427,994,1171,1230,1398,1410,1136,1232,1203,1505,1396,1013,1113,1385,1341,1561,1333,1226,1114,1507,1099,1209,1512,1310,1362,1352,1396,1492,1035,1404,1558,1474,1227,1260,1221,1024,1546,1176,1345,1094,1311,1323,1198,1001,1387,1333,1516,1149,1243,1043,1118,1490,1367,1070,1468,1360,1075,1191,1148,1241,1068,1072,1241,1358,1368,1353,1282,1489,1131,1314,990,1228,1551,1526,1017,1272,1151,1461,1357,1256,1203,984,1115,1515,1142,1077,1479,1203,1009,1267,1004,1004,1381,1113,1076,1347,1495,991,1086,1161,1496,1197,1481,1065,1185,1083,1501,1446,1181,1226,1361,1036,1498,1057,1513,1378,1025,1486,1107,984,1485,1047,1038,1361,1410,1046,1105,1389,1317,1268,1287,980,1446,1301,1412,1529,1284,1193,1148,1072,1160,1028,1141,1510,1021,1267,1505,1131,986,1295,1367,1308,1510,1276,1563,1154,1046,1169,1130,1012,1289,982,1005,1233,1432,1444,1331,1491,1317,1053,1189
,1002,1167,1182,1343,1344,1170,1565,1223,1094,1502,1008,1258,1484,1384,1316,1491,1165,1538,1144,1257,1379,1280,1332,1089,1232,1106,1307,1471,1294,1368,999,1036,1042,1377,1406,1542,1428,1487,1022,1343,1420,1113,1206,1162,1550,1204,1365,1199,1515,1547,1381,993,1285,1473,1211,985,1352,1080,1528,1542,1191,1359,1232,1438,1483,1215,1139,1199,1285,1434,1354,1071,1278,1522,1159,1215,1468,1511,1493,1443,1507,1440,1017,1024,1075,1422,1086,1514,1179,1116,1368,1475,1444,1367,1179,1117,988,995,1235,1306,1193,1431,1325,1141,1394,1175,1062,1161,1550,1397,1082,1203,1201,1303,1233,987,1556,993,1199,1454,1447,1163,1386,1027,1513,1063,1014,1185,1320,1556,1181,1434,1225,1262,1222,1033,1126,1250,1395,1415,1251,1104,1369,1183,1380,1017,1387,1320,1543,1401,1420,1418,1077,1019,1141,1033,1530,1354,1187,1272,1055,1077,1207,1506,1412,1378,1326,1552,1458,1560,989,1397,1084,1410,1131,1074,1465,1528,1022,1094,1096,1464,1324,1053,1054,1358,1558,1321,1292,1251,1541,1232,1516,1453,1251,1080,984,1125,1143,1084,1510,1070,1550,1225,1119,1338,1025,1056,1064,1114,1074,1442,1035,1418,1374,1377,1317,1335,1044,1056,1305,1045,1434,1535,1215,1426,1072,1383,1491,1255,1156,1358,1206,996,1387,1567,1422
,1541,1099,1284,1268,1527,1078,1405,1413,1282,1061,1371,1405,980,1241,1302,1560,1277,1165,1519,1112,1359,1379,1474,1152,1071,1398,1387,1554,1520,1541,995,1223,1250,1540,1531,1087,1110,1156,1521,1087,1279,1546,1311,1067,1442,1148,1269,1430,1159,1479,1548,1030,1257,1236,1096,1341,1427,1109,1007,1117,1565,1079,1266,1220,1026,1509,1209,1444,1285,1063,1322,1490,1211,1001,1160,983,1041,1162,1206,1282,1345,1016,1155,1456,1162,1131,1062,1352,1243,1025,1058,1128,1306,1463,1362,1447,1035,1017,1123,1308,1038,1251,1459,1113,1519,1120,1229,1185,1527,1382,1285,1386,1099,1287,1526,1146,1430,1393,1553,1185,1507,1306,1230,1276,1392,1460,1259,1342,1502,1131,1424,1395,1400,1020,1503,1534,1238,1340,1366,1456,1212,1088,1086,1442,1374,1493,1123,1346,1032,1187,1071,1249,1095,1015,1486,1565,1191,1120,1197,1401,1060,1174,1274,1374,1315,1351,1346,1061,1185,1459,1504,1420,1178,1261,1462,1127,1280,1006,1322,1184,1208,1340,1344,1530,1528,1331,1073,1512,1352,1357,1180,1191,1416,1053,1036,1288,1056,1272,1240,1504,1398,1317,1165,1409,1425,1557,1485,1052,1079,1140,1487,1274,1362,1359,1333,1185,1355,1151,1203,1288,1420,1320,1391,1027,1564,1028,1033,1375,1447,1393,1345,1054,995,1056,1286,1465,1055
,1466,1039,1156,1137,1028,1103,1046,982,1444,1236,1347,1219,1104,1252,1110,1343,1523,1094,1526,1493,1407,1064,1482,1037,1209,1328,1292,1453,1199,1512,1087,1176,1310,1009,1053,1229,1033,1226,1504,1101,1150,1524,1398,1437,1461,1530,1457,1378,1366,1563,1083,1094,1002,1435,1143,1087,1240,1032,1009,1244,1461,1302,1111,1379,1296,1290,1035,1526,1263,1542,1411,1546,1042,1026,1431,1537,1562,1372,1312,1341,1125,1333,1113,1240,1271,1058,1328,1204,1072,1021,1061,1243,1052,1249,1340,1290,1364,1094,1377,1094,1275,1427,987,1186,999,997,1384,1357,1557,1071,1479,1245,1152,1437,1077,1358,1330,1344,1515,1463,1130,1014,1297,1370,1329,1511,1347,1470,1028,1420,1195,1332,1163,1563,1451,1038,1452,1456,1489,1196,1429,1242,1097,1259,1012,1453,1362,1272,1453,1404,1073,1192,1368,1208,1362,1516,1550,1286,1049,989,1358,1100,1556,1292,1110,1421,1259,1352,1018,1093,1490,1147,1255,1377,1002,1069,1388,995,1392,1503,1435,1247,1359,1122,1523,1090,1231,1534,1064,1034,1022,1144,1224,1149,1337,1405,1517,1409,1542,1489,1289,1408,1069,1022,1040,1397,1306,1519,1222,1260,1538,1555,1380,1102,1497,1231,1138,1441,1480,1276,1249,984,1327,1200,1255,1146,1475,1017,1141,1325,1317,1207,1531,1543,1152,1193,1418
,1530,1432,1041,1556,1286,1217,1349,1433,1299,1390,1144,1490,1555,1063,1474,1446,1071,1413,1521,1343,1335,1043,1232,1550,1252,1487,1442,987,1103,1321,1562,1075,1552,1209,1210,1047,1111,1259,1288,1033,1561,1035,1094,1063,1108,1249,1347,1328,1239,1505,1091,1116,1391,1472,1362,1342,1352,1435,1387,1348,1011,1510,1181,1051,1179,1285,1310,1147,1378,1355,1047,1165,1023,1281,983,1490,1327,1429,1001,1449,1478,1386,1363,1503,1562,1044,1567,1558,1566,1436,1465,1386,1419,1434,1011,1487,1422,1082,1249,1527,1232,1469,996,1154,1235,1082,1497,1182,1064,1351,1367,1127,1112,1342,1097,1452,1125,995,1073,1039,1388,1296,1073,1172,1235,1349,1278,1455,1308,1449,1085,1489,1237,1456,1151,1209,1481,1420,1007,1068,1267,1286,1032,1246,1191,1155,1567,1022,1146,988,1567,1558,1474,1337,1245,981,1247,1190,1429,1166,1071,1390,1450,1440,1169,1439,1279,1268,1165,1166,1097,1106,1498,1481,1550,1230,985,1236,1322,1369,1264,1546,1050,1033,1389,1487,1352,1277,1323,1305,1272,1435,1069,1192,1353,1158,1483,1400,1343,1552,1086,1076,1245,1202,1207,1456,1264,1070,1050,1193,1218,1445,1178,1208,1389,1140,1417,1533,1440,1275,1436,1040,1425,1515,1227,1351,1484,1549,1340,1337,1225,1153,1263,1559,1078,1354,1477
,1089,1095,1250,1434,1080,1180,1426,1052,1288,1150,1030,1392,1281,1170,988,1080,1562,1458,1189,1104,1376,1177,1318,1418,1457,1078,1211,1009,1009,1556,992,1194,1232,1490,1286,1419,1483,1395,1328,1557,997,993,1327,1549,1026,1014,1498,1541,1454,1401,1233,1270,1129,1172,1017,1493,1464,1552,1180,1381,1094,1299,1253,1181,1253,1068,1212,1206,1347,1139,1538,1353,1506,1077,1284,1516,1006,1161,1364,1259,1177,1468,1166,1197,1170,1012,1018,1162,1329,984,1147,1088,1537,1201,1357,1117,1509,1317,1278,1406,1344,1256,1275,1246,1504,1428,1414,1503,1554,1426,1093,1563,1217,1272,1007,1459,1105,1439,1126,1161,1324,1320,1472,1438,1518,1513,1299,1154,1468,1318,1540,1411,1377,1355,1222,1339,1341,1037,1454,1196,1552,1439,1253,1442,1179,1251,1437,1345,1102,1355,1482,1034,1124,1068,1361,1105,1368,1448,1387,1423,1167,1219,1187,1064,1468,982,999,1523,989,1187,1323,1245,1434,1280,1285,1261,1352,1054,1063,1469,1442,1052,1386,1040,1377,1271,1518,1123,1007,1038,1082,1525,1233,1539,1028,1127,1463,1523,1518,1287,1201,1139,1321,1340,1393,1183,1268,1382,1369,1293,1299,1034,1182,1038,1350,999,1326,1355,1075,1463,994,1044,1374,1399,1480,984,1531,1313,1255,1142,1367,988,1171,1448,1426,1260,998
,1416,1012,1400,1294,1339,1276,1547,1215,1070,1040,1336,1280,1111,1059,1008,1370,1452,1165,1437,1222,1084,1239,1298,1100,1359,1351,1453,1220,1472,1557,1000,1418,1284,1487,1271,1223,1355,1279,1046,1453,1195,1540,1359,1051,1119,1049,1063,1055,1258,1074,1152,1251,1232,1026,1056,1342,1195,1183,1307,1074,1002,1538,1140,1043,1199,1332,1317,1204,1401,1343,1559,1531,1312,1274,1105,1229,1337,1099,1407,1454,992,1441,1257,1128,1288,1384,1314,1530,1537,1210,1035,1151,1484,1149,1404,1502,1503,1434,1338,1027,1295,1412,1472,1078,1300,1501,1445,1398,1446,1126,1031,1342,1167,1005,1242,1420,1231,1238,1230,1543,1471,1452,991,1343,1452,1517,1087,1089,1138,1371,1093,1402,1346,1278,1115,1290,1044,1107,1340,1539,1136,1157,992,1316,1418,1209,1071,1459,1292,1519,1062,1057,1215,1278,1183,1268,1351,1051,1135,1249,1212,1307,1494,1237,1077,1157,1443,1263,1202,1235,1090,1438,1299,1334,1327,1010,1132,1121,1251,1525,1020,1211,1363,1164,1353,1020,1438,1349,1239,1169,1523,1105,1378,1008,1381,1428,1346,1345,1092,1334,1384,1116,1077,1381,988,1001,1091,1285,1342,1345,1147,1213,1005,1125,1489,1188,1354,1466,1237,1378,1046,1237,1301,1145,1280,1117,1240,1015,1453,1014,1453,1484,1483,1442,1271,1514,1029
,1332,1169,1303,1306,1493,983,1508,1441,1169,1468,1111,1119,1368,1332,1052,1160,1008,1316,1121,1551,1460,1083,1104,1367,981,1322,1560,1158,1381,1366,1151,1500,1316,1169,1314,1376,1001,1290,1181,1066,1447,1420,1356,1391,1184,1520,1474,1523,1359,1065,1332,1080,1461,1006,1463,1341,1433,1234,1051,1281,1145,1407,1115,1446,992,1384,1340,1090,1490,1238,1458,1093,1125,1020,1284,1184,1295,1279,1233,1015,1386,1026,1415,1019,1151,1198,1481,981,1401,1537,1039,1088,1438,1517,1559,1516,1071,1329,1398,1106,1308,1351,1247,1109,1519,1289,1423,1174,1462,1548,1230,1058,1238,1390,1450,1492,1323,1338,1038,1170,1322,1318,1428,1491,1309,1533,1159,1023,1114,998,1304,1317,1038,1125,1445,1313,1038,1280,1388,1110,1063,1087,1461,1374,1394,1039,1420,1244,1335,1159,1037,1411,1382,1243,1007,1476,1321,1326,1386,1482,1169,1354,1282,1124,1276,1508,1114,1175,981,1437,1427,1365,1043,1509,1394,1521,1400,1324,1525,1205,1430,1385,1090,1287,1567,1373,1284,1443,1028,1090,1068,1273,1330,1009,1057,1060,1533,1259,1529,1383,1023,1265,1386,1027,1361,984,1422,1353,1343,1372,1331,1002,1423,1140,1488,1444,1090,1270,1175,1361,1093,1237,1242,1221,1274,1522,1502,1116,1390,1271,998,1367,1069,1501,1361,1221,1377
,1131,1013,1287,1503,1169,1561,998,1271,1318,1349,994,1395,1399,984,1233,1447,1197,1182,1249,1402,1210,1566,1118,1319,1536,1178,1043,1319,1072,1028,1104,1492,1339,1423,1481,1112,1546,1564,1434,1044,1382,1258,1212,1177,1386,1069,1464,1270,1051,1105,1360,1070,1049,1401,1085,1329,1158,1099,1105,1267,1322,1516,1365,1463,1014,1252,1021,1289,1419,1430,1380,1200,994,1334,1467,1351,1175,1160,1559,1374,1475,1442,1423,1150,1337,1488,1206,1386,1272,1539,1431,1051,1437,1392,1387,1100,1246,1519,1328,1558,1197,1473,1436,1189,1520,1369,1240,1113,1516,1082,989,1165,1522,1250,1536,1277,1081,1183,998,1522,1286,1049,1454,1544,1220,1445,1471,1050,1532,1160,1076,1382,1483,1012,1441,1303,1523,1116,1149,1064,1388,1062,1446,1498,1563,1388,1377,1236,1026,1345,1241,1304,1103,997,998,1093,1174,1529,1518,1110,1333,1130,1286,980,1052,1039,1275,1514,1003,1379,1237,1339,1120,1529,1380,1320,1159,1439,1241,1099,1067,1493,1435,1199,1152,1474,1189,1297,1028,1302,1336,1222,1176,1132,1410,1464,1375,1488,983,1195,1221,1343,1213,1454,1146,1259,1108,1205,1203,1191,1216,1250,1296,1041,1058,1021,1025,1284,1557,1097,1445,1120,1069,1519,1164,1470,1054,1192,1355,1565,1322,1136,1428,1421,1432,1022,1285
,1291,1252,1154,1351,1299,1558,1106,1326,1317,1172,1519,1247,1525,1211,1303,1530,1143,986,1366,1067,1564,1157,1309,1155,1555,1225,1015,1307,1271,1036,1459,1379,1438,1035,1542,1198,1224,1084,1508,1395,1009,1290,1470,1039,1362,1040,1129,1278,1136,1441,1045,1150,1021,1232,1078,1091,1547,1190,1412,1494,1551,1524,1466,1547,1165,1098,1446,1467,1021,1334,1531,1421,1240,1184,1372,1098,1181,1332,1515,1491,1297,1179,1458,1463,1506,1442,1109,1152,1233,1274,993,1396,1469,1285,1352,1199,1098,1086,1155,1439,1117,1409,1380,1104,1558,1021,1509,1151,1350,1041,995,1356,1430,1390,1549,1460,1390,991,1488,1527,1432,1144,1490,1354,1340,1289,1475,1556,1021,1123,1533,1100,1425,1327,1258,1496,1004,1232,1064,1031,1180,1356,1383,1405,1013,1234,1086,1192,1192,1368,1106,1065,1467,1449,1560,1142,1086,1444,1256,1047,1303,1462,1422,1525,1227,1302,1396,1003,1132,1522,998,1475,1150,1196,1132,1287,1264,1282,1092,1114,1456,1529,1475,1365,1466,1557,1431,1285,1296,1406,993,1017,1187,1075,1557,1439,1245,1134,1003,1415,1545,1550,1094,1485,1350,1426,1504,1080,1460,1151,1535,1122,1067,1098,1446,1162,1214,1111,1371,1307,1429,1477,1442,1457,1558,1128,1337,1201,1121,1388,1238,1216,1228,1296,1181,1262,1393
,998,1342,1505,1473,1527,1398,1412,1001,1208,1102,1114,1185,1076,1020,1262,1403,1247,1219,1039,1417,1555,1553,1224,1006,1096,1525,1247,1514,1455,1408,1242,1317,987,1103,1303,1340,1321,1414,1509,985,1187,1552,1492,1142,1025,1429,1479,1247,1310,1125,1417,1489,988,1286,1158,1282,1412,1367,1367,1403,1107,1303,1461,1092,1175,1163,1287,1445,1379,1004,988,1152,1355,1566,990,1557,1488,1089,1269,1172,1238,1359,1078,1348,1036,1561,1426,1170,1034,1124,1184,1446,1298,1499,1001,1059,1058,1478,1331,1074,1395,1277,1423,1537,1439,1359,1053,1348,1343,1473,1150,1258,1312,982,1504,1073,1491,1328,1517,1324,1239,1413,1299,1528,1186,1461,1042,1117,1311,982,1189,1207,1500,1439,1370,1006,1453,1554,1045,1124,1240,994,1364,1324,1501,1550,1097,1171,1056,1450,1386,1529,1132,1075,1396,1345,1567,1115,1131,998,1544,1390,982,1534,1178,1204,1304,1450,1345,1148,984,1280,1133,1533,1310,1399,1380,1271,1419,1268,1318,1441,1233,1088,1309,1071,1158,1402,1436,1477,1209,1232,1116,1444,1553,1358,1461,1320,1334,1340,1451,1208,1132,1531,1535,1420,1055,1190,1139,1128,1118,1414,1228,1132,1322,1561,1071,1270,1414,1234,1186,1127,1374,998,1206,1269,1522,989,1543,1356,1388,1072,1440,1153,996,1203,1261
,1126,1053,1055,1372,1024,1172,1300,1376,1361,1438,1072,1027,1197,1531,1372,1564,1270,1407,1168,1182,986,1090,1285,1556,1465,1324,1496,1413,1463,1258,1315,1534,1411,1012,1037,1237,1373,1506,1347,1356,1192,1051,1350,1548,1288,1114,1412,1526,1381,1094,1209,1295,1360,1564,1170,1391,1124,1463,1494,1279,1086,1336,1187,1349,1045,1063,1149,1534,1163,1386,1456,1517,1310,1505,1073,1435,1230,996,1431,1038,1057,1017,1538,1213,1329,1088,1201,1270,1371,1461,1464,1321,1166,1260,1032,1397,1462,1043,1388,1505,1235,1489,1354,1529,1054,1388,1441,1179,1021,1125,1116,1533,1521,1021,1072,1056,1430,1346,1317,1041,1231,1528,1551,1069,1197,1433,1106,1109,1431,1198,1454,1467,1032,1315,1545,988,1361,1272,1119,1449,1271,1437,1360,1123,1473,1002,1361,1471,1163,1130,1209,1268,1215,1443,1324,1023,1536,1374,1433,1375,1405,1470,1174,1111,1527,1065,1064,1031,1118,1252,1553,1104,1042,1028,1499,1547,1369,1202,1064,1422,1550,1483,1461,1130,1144,1016,1101,1380,998,1119,1518,1055,1332,1169,1090,1544,1372,1204,1141,1160,1416,980,1471,1085,1273,1196,980,1110,1007,1137,1275,1125,1438,995,1224,1306,1152,1066,1546,1050,1373,1067,1430,1426,1437,1246,1248,1539,1049,1243,1397,1518,1176,1353,1005,1490,1414
,1082,1347,1273,1235,997,1424,1161,1333,1038,1052,1109,1567,1565,1451,1541,1213,984,1488,1543,1170,1311,1463,1238,1088,1287,1423,1138,1389,1451,1180,1020,1371,1076,1100,1175,1115,1476,1429,1310,1290,1551,1135,1137,1049,1225,1483,1431,1495,1503,1003,1528,1044,1457,1473,1239,996,1236,1547,1175,1124,1502,1014,1083,1161,1450,1223,1242,1017,1192,1331,1380,1269,1113,1001,1319,1484,1430,1436,1026,1321,1083,1532,1167,1315,1371,1508,1520,1123,1447,1519,1401,1259,1534,1042,1512,1453,1087,1326,1047,1235,1477,1051,1260,1345,1532,1219,1061,1002,1341,1497,1035,1098,1269,1105,1183,1011,1220,1084,1179,1021,1405,1301,1267,1203,1477,1286,1404,1378,1537,1001,1319,1009,1200,1129,1518,1027,1362,1350,1008,1193,1146,1201,1428,1477,1351,1004,1214,1532,1041,1325,1455,1396,992,1551,1316,1048,1217,1511,1058,1401,1561,1379,1387,1175,1377,1188,1438,1253,1503,1352,1385,1015,1318,1378,1494,1343,1133,1195,1303,1359,1035,1144,1140,1362,1319,1378,1352,1170,1162,1181,1473,1062,1264,1413,1099,1043,1361,1202,1145,1124,1407,1240,1017,1126,1305,1511,1298,1472,1483,1412,1565,1301,1374,1186,1457,1545,1507,1562,1299,1269,1294,1148,1352,1161,1317,1280,1565,1527,1350,1494,1562,1358,1539,1487,985,1544,1561
,1553,1109,1230,1123,1223,998,1340,1076,1502,1235,1526,1506,1432,1039,1020,1220,1357,995,1091,1063,1028,1140,1462,1371,1517,1441,1277,1445,1391,1467,1122,1298,1486,1466,1171,1515,1394,1370,1363,1522,1322,1388,1063,1539,1430,1231,1191,1204,1415,1385,1500,1070,1099,1125,1149,1440,1379,1350,1523,1390,1324,1520,1005,1475,990,1558,982,1434,1218,1028,1213,1359,1365,985,1405,1469,1314,1407,1222,1379,1281,1549,1384,994,1248,988,1166,1092,1025,1304,1266,1382,984,1213,1208,1066,1158,1565,1381,1155,1282,1493,1487,1188,1371,1175,1489,1259,1194,1528,1232,1160,1508,1179,1295,1032,1182,1455,1255,1002,1086,1501,1311,1395,1077,1086,1547,1067,1464,1068,1098,1499,1025,1544,1483,1225,1033,1425,1073,1218,1451,1485,1424,1458,1343,1194,1128,1311,1341,1294,1502,1292,1423,1559,1351,1031,1545,1386,1513,1027,1038,1305,1183,1563,1279,1443,1130,1420,1539,1177,1445,1318,1027,1412,1527,1032,982,1544,1458,1316,1173,1560,1087,1345,1369,1380,1109,1458,1399,1351,1153,1565,1500,1060,1402,1184,1410,1417,1102,1274,1143,1399,1413,1144,1371,1227,1559,1438,1382,1213,1358,1235,1408,1004,1267,1288,1352,1096,1511,1297,982,1504,1358,1509,1289,1239,1486,1226,1168,999,1210,1423,1313,1011,1506,1126,1204
,1508,1080,1077,1073,1495,1419,1232,1349,1566,1468,1446,1451,1051,1198,1488,1089,1364,1062,1205,1219,1442,1068,1251,1483,1248,1491,1159,1269,1145,1307,1356,1055,1354,1096,1529,1490,1272,1399,1283,1041,1072,1431,1179,1064,1071,1224,1363,1457,1225,1354,1144,1322,998,1431,1147,1334,1405,1526,1084,1155,1354,1273,1435,1130,1566,1502,1452,1382,1023,1175,1555,1015,993,1342,1385,1073,1428,1273,1374,1260,1014,1435,1372,1534,1504,1479,1284,1347,1018,1548,1529,1326,1250,1250,1267,1453,1049,1100,1117,1493,988,1159,1458,1019,1082,1251,1260,1256,1177,1012,1043,1080,1434,1127,1345,1354,1245,1437,1219,1405,1184,1051,1512,984,1187,1520,1074,1154,1315,1417,1047,1337,1504,1007,1493,1202,1209,1040,1543,1028,1142,1114,993,1542,1040,1378,1377,1108,1029,1282,1432,1023,1117,1290,1074,1257,1125,1076,1542,1247,1475,1020,1526,1361,1388,1017,1176,1174,1057,1563,1043,1363,1259,1458,1508,1175,1357,1143,1453,1309,1032,1499,1412,994,1202,1102,1518,1338,1156,1547,1374,1090,1180,1451,1354,1509,1521,1317,1396,1101,1097,1166,1503,1087,1529,1435,1230,1472,1463,1034,1443,1345,1194,1082,1116,1275,1283,1016,1438,1447,1043,1457,1530,1367,1317,1540,1405,1081,1309,1139,1393,1014,1186,1005,1460,1343,1494
,1159,1544,1425,1002,1179,1560,1504,1055,1388,1083,1324,1553,1217,1258,1032,1221,1520,1016,1271,1350,1357,1501,1465,1401,1211,1125,1372,1255,1400,1518,1162,1129,1159,1314,1032,1361,1276,1375,1102,1345,1266,1066,1025,1314,1558,1171,1310,1079,1268,1173,1566,1315,1510,1322,1402,1514,1020,1246,1351,1318,1189,1015,993,1211,1291,1310,1188,1416,1429,1223,1090,1523,1389,990,1175,1055,1303,1039,1425,1382,1436,1101,1369,1184,1521,1001,1242,1531,1244,1300,1480,1095,1352,1378,1402,1514,1207,1047,1157,1061,1502,1343,1086,1238,1231,987,1547,1427,1315,1247,1047,1301,1060,1358,1236,1482,1390,1454,1199,1461,1478,1327,1536,1493,1341,1020,1212,1437,986,991,1371,1425,1002,1417,1490,1560,1173,1388,1152,1387,1551,1003,998,1441,1516,1537,1202,1494,1000,1345,988,1558,1504,1072,1013,1117,1140,1251,1465,1476,1358,1548,1281,1291,1059,1272,1503,996,985,1380,1486,1248,1223,1183,1024,1169,1496,1049,1221,1480,1476,1418,1457,1330,1323,1066,1379,1211,1219,1169,1472,1167,985,1539,1019,1352,1268,1523,1532,1494,1452,1022,1482,1254,1112,1362,1470,1103,1293,1496,1513,1553,1166,1198,1410,1404,1059,1386,1107,1323,1197,1295,1411,1083,1368,1485,1018,1108,1279,1250,1266,1109,1179,1410,1167,1440,1534
,1233,1405,1207,1016,1270,1338,1049,1141,1337,1555,1304,1447,1227,1082,1134,1087,1219,1065,1052,1499,1118,1135,1154,1219,1556,1104,1545,1294,1006,1013,1441,1140,1239,1189,1029,1261,1112,1517,1058,1228,1304,998,1403,1232,1202,1464,1556,1357,1275,1542,1274,1373,1263,1288,1016,1366,1533,1202,1300,1261,1293,1218,1348,1343,1036,1147,1412,1356,1222,1200,1283,1307,1329,1320,1135,1438,1307,1039,1012,985,1036,1374,1325,1441,1053,1354,1344,1329,1246,1367,1402,1438,1226,1148,1358,1223,1220,1188,1121,1152,1503,1412,1368,1150,1274,1518,1245,1005,1440,1017,1259,1124,1084,1293,1055,1487,1018,1382,1327,1000,1330,1478,1418,1106,1210,1326,1221,1222,1196,1413,1250,1035,1138,1318,1357,1423,1218,1059,1396,1534,1172,1051,1380,1199,1442,1497,1062,1555,1411,1259,1337,1159,1343,1380,1002,1074,1511,1474,1215,1061,1155,1364,1313,1352,1242,1456,1165,1202,1216,991,1385,1130,983,1129,1140,1566,1236,1214,1186,1489,1500,1239,1408,1052,1567,1050,1035,1275,1112,1256,1054,1091,1399,1092,1126,1456,1164,1488,1383,1073,1345,1317,1510,1426,1023,1232,1186,1234,1268,1072,1549,1290,1125,1422,1219,1232,1006,1135,1420,1056,1356,1411,1477,1311,1355,1334,1445,1402,1403,1236,1254,1239,1418,1015,1080,1240,1319
,1036,1322,1432,1450,1074,1198,1413,1467,1199,1051,1196,1548,1413,1454,1086,1128,1204,1455,1139,1448,1188,1249,1419,1271,1259,1504,1234,1024,1289,1316,1306,1514,1495,1168,1172,1430,1220,1234,1120,1043,1537,1366,1397,1405,1399,1423,1360,1547,1525,1468,1196,1300,1378,1567,1243,1081,1059,980,1547,1185,1013,1241,1430,1014,999,1143,1178,1482,1023,1535,1405,1253,1063,1351,1241,1132,1271,1294,1228,993,1331,1328,1517,1182,1319,1529,1458,1371,1288,1183,1342,1384,1507,1094,1366,1400,1237,996,1349,1106,1395,1517,1162,1425,1175,1124,1428,1331,1325,995,1305,1440,1553,1454,1250,1293,1074,1259,1369,1535,1038,1243,1260,1215,1078,1430,1265,1300,1336,1395,1263,1021,1160,1497,1270,1247,1204,995,1331,1292,1560,1135,1461,1028,1202,1065,1218,1474,1521,1047,1324,1372,1090,1211,1513,1446,1329,980,1160,1386,1010,1564,1074,1218,1133,1114,1131,1357,1487,1474,1105,1065,1360,1074,1486,1544,1509,1045,1081,1384,1436,1528,1235,1356,1532,1158,1256,1319,1208,1263,1044,1250,1209,1266,1288,1069,1336,1372,1217,1387,1556,1518,1078,984,1438,1466,1083,1562,1250,1546,1358,1227,1287,1098,1435,1329,1323,1045,1421,1478,1337,1281,1253,1464,1200,1033,1260,1156,1351,1120,1334,1400,1376,1513,1478,1173,1426
,1440,1480,1047,1139,1282,1564,1381,1344,1042,1076,1505,1159,1427,1248,1081,1494,1277,1503,1523,1545,1293,1333,1533,1498,1075,1543,1272,1095,1143,1194,1163,1103,1365,1095,1097,1473,1009,1425,1051,1437,1053,1519,1000,1335,1340,1562,1141,1306,994,1258,1555,1419,1061,1471,1478,1494,1562,1180,1400,1443,1493,1225,1562,1240,1040,1236,1533,1542,1275,1031,1320,1189,1063,1012,1518,1525,1366,1335,1498,1004,1565,1526,1157,1503,1474,1347,1219,1417,1495,1129,1229,1267,1240,1525,1154,1562,1380,1287,1200,1070,1161,1523,1507,1027,1050,1134,1422,1368,1376,1453,1545,1332,1231,1317,1334,1560,1381,1016,1520,1011,1511,1109,980,1279,1557,1215,1509,1484,1429,1301,1497,1220,1233,1302,1481,1494,1544,1297,1184,1533,1341,1145,1074,990,1423,1174,1130,1174,1552,1281,1453,1442,1094,1506,1020,1486,1504,1352,1113,1331,1456,1166,1162,1313,1338,1355,1145,1124,1125,1416,1095,1103,1365,980,1232,1143,1009,1336,1560,1180,990,1233,1186,1066,1523,1076,1050,1313,1136,1451,1209,1443,1459,1423,1219,994,1553,1494,1421,1356,1320,1461,1055,1047,1209,1069,1440,1067,1324,994,1362,1035,1377,1445,1087,1557,1077,1284,1110,1294,1266,1467,1146,1481,1327,1367,1334,1488,1327,1547,1080,1084,1351,1136,1263,991,1209
,1074,1314,1310,1071,1410,1073,1497,1304,1167,1429,1213,1329,1461,1315,981,1023,1228,1328,1157,1115,1049,1303,1059,1349,1285,1171,1324,1240,1341,991,1311,1027,1334,1017,1073,1379,1312,1287,1045,1135,1246,1046,1152,990,1448,1190,1408,1063,1008,1069,1342,1062,980,1114,1090,1377,991,1557,1464,1160,1431,1250,1342,1496,1067,1408,1320,1050,1375,1096,1367,1223,1261,1019,1311,1198,1538,1176,1465,1197,1015,1560,1253,1424,1134,1523,1560,1100,1548,1162,1032,1259,1044,1205,1267,1408,1369,1382,1297,1430,1436,1457,1004,1534,1016,1051,1549,1439,1137,1213,1303,1548,1224,1524,1408,1336,1526,1526,991,1121,1430,1451,1321,1128,1293,1249,1312,1125,1328,1011,1087,1127,1142,1189,1169,1467,1094,1337,1049,1059,1511,1023,983,1132,1028,1120,1238,1268,1204,1234,1160,1289,1300,1001,1383,1343,1107,1141,1309,1134,1382,1434,1018,1439,1465,1430,1118,1062,1222,1161,1161,1315,1114,1463,1501,1335,1463,1309,1011,1076,1443,1134,1520,1500,1402,1445,1308,1564,1044,1181,1001,1091,1227,982,1547,1028,1299,1250,1445,1468,1388,1134,1040,1141,1100,1046,1561,1531,1244,1544,1410,1513,1365,1380,1341,1566,1271,1468,1532,1175,1205,1443,1400,1112,1256,1089,1426,1557,1155,1562,1083,1133,1152,1270,1446,1500,1126
,1445,1242,989,1048,1127,1461,1151,1256,1461,1299,1106,1125,1144,1476,1235,1260,1346,1056,1466,1094,1361,1447,1226,1475,1397,1239,1164,1537,1368,1464,1422,1120,1376,1213,1506,1011,1038,1279,1456,1496,1521,1080,1060,1027,1270,1391,1195,1151,1124,1398,1202,1115,1380,1443,1066,1043,1306,1473,1242,1011,1498,1066,1076,1350,1553,1495,1223,1063,1203,1267,1432,1207,1169,1126,1367,1203,1560,1014,1505,1553,1042,1199,1398,1367,1133,1474,1048,1449,1097,1301,1315,1427,1425,1227,1541,1321,1325,1364,1548,1465,1058,1344,1126,1098,1468,996,1306,1373,1453,1431,1045,1177,1310,1027,1240,1008,1302,1275,1086,1125,1026,1048,1198,1546,1242,983,1378,1159,1559,1001,1077,1314,1010,1561,1464,1445,1456,1275,1274,1246,1519,1338,1124,1198,989,1017,1239,1175,1143,1393,1129,1269,1523,1509,1483,1484,1484,1348,1108,1030,1510,1552,1359,1498,1344,1452,1345,1038,1541,1559,1055,1181,1386,1139,992,1382,1510,1190,1525,1547,1050,1400,1067,1470,1511,1347,1503,1397,1166,1446,1421,1081,1244,1352,1142,1041,1537,1557,1339,1004,1303,1064,1074,1495,1433,1323,1456,1557,1561,1561,1342,1382,1410,1306,1133,1066,1240,1298,1059,1006,1339,1326,1549,1143,1438,1284,1333,1567,1546,1427,1220,1366,1215,1078,996,1016,1159
,1083,1355,1149,994,1341,1160,1446,1424,1012,1195,1271,1150,1264,1357,1066,1222,1518,1518,1011,1024,1389,1119,1405,1223,1255,1515,1136,1255,1280,1220,1021,1354,1432,1149,1091,1138,1035,1045,1482,1423,1191,1206,1425,1412,1109,1507,1351,1321,1483,1035,982,1038,1559,1445,1112,1100,1171,1519,1119,1132,1049,1441,1221,1087,990,1198,1274,1478,1122,1111,1347,1168,1329,1305,1434,1464,1482,1511,1410,1035,1403,1300,1124,1440,1479,1020,1256,1412,1081,1245,1254,1470,1491,1448,1370,1109,1506,1033,1541,1430,1508,1473,1498,1435,1006,1276,1255,1247,1437,1271,1399,1224,1456,1396,1375,1113,1106,1169,1258,1193,1092,1082,1436,980,1118,1032,1251,1048,1391,1163,1254,1388,1060,1459,1248,1440,1549,1106,1337,1556,1512,1097,1412,1043,1257,1014,1247,1418,1301,1400,1083,1074,1430,1100,1335,1513,1105,1317,1070,990,1172,1148,1086,1030,1169,1026,1387,1022,1167,1219,1037,1032,1217,1118,1399,1272,1315,1485,1288,1335,1361,1170,1106,1336,1233,1506,1321,1052,1154,1310,1558,1519,1186,1490,1321,988,1543,1017,1299,1263,1183,1014,1003,1068,1080,1303,1530,1507,1466,1483,1104,1438,1453,1449,1084,1442,1362,1208,1455,1564,1336,1354,1120,1100,1061,1414,1511,1383,1335,1404,1477,1369,1478,1369,1472,1415,1102
,1469,1297,1347,1477,1413,1334,1045,1342,1469,1098,1141,1566,1045,1463,1222,1180,1054,1004,1115,1388,1307,1064,1106,1008,1300,1387,1267,1561,1319,1413,1037,1296,1251,1351,1053,1184,1324,1412,1481,1493,1176,1554,1551,1558,1359,1436,1254,1180,1368,1272,1094,1085,1334,1550,1114,1247,1511,999,1559,1316,1315,1092,1402,1381,1186,1197,1292,1456,1118,1307,1377,1502,1512,1207,1295,1319,1449,1082,1177,1245,1040,1308,1255,1322,1182,1134,1202,1076,1319,1135,1472,1425,1540,1105,1441,1214,1148,1520,1099,1489,1019,1461,1428,1074,1314,1133,1446,993,1278,1418,1364,1449,1228,1360,1044,1126,1362,1051,1163,1242,1329,1121,1372,1052,1270,1183,1076,1374,1525,1333,1394,1476,985,1040,1248,1437,1373,1415,1491,1277,1448,1282,1342,1217,1275,1162,1475,1487,1213,1206,1056,1322,1270,1519,1207,1352,1446,1246,1352,1522,989,990,1008,1190,997,1080,1446,1372,1444,1252,1293,1269,1111,1130,1382,1322,981,1346,1017,1384,1238,1458,1039,1204,1258,1348,1280,1294,1501,1478,993,1425,1557,1402,1206,1407,1017,1084,1497,1311,1156,1368,1044,1505,1458,1270,1211,1159,1061,1546,1064,1006,1020,1441,1156,1175,990,1402,1359,1538,1423,1374,1273,1444,1131,1181,1052,1531,1546,1309,1194,1153,1197,1157,1324,1080,1147
,1414,1146,1205,1255,1217,1290,1100,1028,1427,1266,1029,1021,1426,1491,1167,1199,1274,1411,1058,1014,1556,1271,1020,1546,1371,1048,1372,1242,1020,1392,1079,1396,1127,1153,1561,1197,1030,1028,1205,1372,1037,1048,1316,1302,1218,1073,1450,1473,1354,1165,1361,1174,1155,1526,1303,1205,1401,1447,1381,1543,1096,1238,1175,1279,1556,1147,1249,1065,1354,1048,1001,991,1240,1469,1119,1442,1088,1054,1335,1520,1443,1183,1311,1089,1252,1128,1044,1343,1342,1349,1346,1390,1312,1184,1526,1503,1291,1405,1190,1106,1494,982,1567,1342,1487,1436,1114,1077,1145,1309,1329,1317,1168,1372,1421,1300,1063,1106,1079,1042,1398,1064,1488,1366,1027,1283,1556,1233,1382,998,1042,1466,1146,1454,1422,1146,997,1451,1323,1073,1015,1203,1508,994,1309,1152,1511,1542,1351,1282,1270,999,1285,1004,1010,1159,980,1297,1302,1200,1077,1127,999,1343,1455,1290,1073,1475,1457,1307,1204,1224,1180,1087,1281,1454,1029,1292,1221,1165,1101,1267,1127,1369,1542,1549,1081,1315,1214,1538,1503,1562,1172,1327,1142,1079,1545,1180,1428,1215,1546,1025,1528,1345,1036,1416,1518,1142,1394,1406,1510,1087,1320,1036,1316,1170,1433,1099,1510,1276,1084,1400,1459,1559,1464,1209,1498,1484,1489,1466,1351,1000,1353,1538,1193,1287,1380
,1345,1021,1281,1196,1512,1369,1424,1276,1063,1415,1218,1148,1387,1381,1407,1467,1276,1533,1404,1370,1450,1561,1418,1172,1427,1264,1264,1180,1410,1537,1166,1516,1341,1380,1282,1128,1168,1375,1545,1438,1193,1105,1046,1045,1160,1262,1133,1419,1053,1171,1334,1309,1019,1186,1368,1397,1532,1429,990,1134,1441,1137,1135,1188,1272,1156,1166,1299,1282,1054,1003,1080,1164,1367,1537,1015,1336,1167,1378,1464,1061,1449,1066,1564,988,1391,1095,1014,1491,1474,1532,1560,1296,1007,1117,1556,1051,1001,1525,1246,1451,1232,1384,1245,1481,1117,1453,1280,1339,1520,1224,1105,1391,999,1532,1406,1250,1544,983,1136,1131,1249,1522,993,1104,1245,1540,1435,1524,1177,1298,1160,1337,1545,1565,1251,1195,1486,1322,1009,1366,1063,1188,1324,1238,982,1167,1223,1428,1223,1313,1277,1003,1132,1545,1313,1153,1301,1477,1301,1399,1243,1375,1008,987,1230,1221,1435,1151,1200,1232,1048,1339,1049,989,1264,1079,1192,1312,1507,1299,1113,1098,1301,1526,1360,1489,1016,1262,1433,1352,1543,1336,1218,1074,1009,1457,1303,1103,1259,1460,1532,1232,1427,1224,1416,1155,1300,1067,1197,1081,1479,1287,1248,1429,1350,1484,1076,1356,1506,1519,1113,1367,1035,1096,1279,1087,1001,1308,1442,1118,1182,1131,1022,1033,1270,1290
,1121,1533,1080,1187,1004,1474,1245,1154,1352,1285,1528,1395,1546,1544,1050,1225,1389,998,1453,1024,1360,1250,1295,1171,1013,1471,1038,1247,1433,988,1365,1518,1441,1036,1259,982,1240,1028,1509,1414,1393,1116,1153,1478,1490,1229,1268,1270,1122,1398,1432,1376,1072,1318,1393,1312,1340,1199,985,1462,1243,1272,1165,1258,1513,1205,1208,1555,1408,1161,1481,983,1444,1184,1467,1064,1294,1352,1154,1214,1008,1156,1231,1016,1184,1565,1239,1097,1376,1500,1405,1474,1497,1260,1061,1256,1360,1154,1057,1287,1347,1295,1328,1191,1293,1564,1041,1263,1452,1218,1153,1159,1418,1003,1156,981,1497,1099,1145,997,1337,1561,1451,1378,1437,984,1061,1516,1092,1188,1163,1508,1476,1075,1469,1542,1133,1327,1225,1417,1319,1031,1174,1088,1457,1515,1059,1214,1468,1199,1043,1220,1470,1331,1022,1075,1171,1128,1491,1081,1046,1164,1199,1406,1054,1492,1554,1188,1041,1028,1346,996,1525,1514,1250,1284,1166,1110,1409,1302,1367,980,1348,1558,1381,1559,1277,999,1369,1018,985,1314,1127,1509,1250,1110,1524,1295,1216,1133,1359,1204,1438,1531,1136,1464,1024,1347,1178,1213,1107,1542,1061,1296,1464,1518,1078,1243,983,1129,1481,1309,1140,1472,1382,1307,997,1259,1491,1095,1189,1415,1274,1081,1072,1152,1555
,1295,1052,1219,1488,1464,1387,1400,1237,1094,1383,1290,1386,1233,1199,1241,1034,1208,1330,1065,1525,1472,1533,1223,1481,1337,1331,1259,1402,1482,1048,1416,1539,1193,1081,1316,1469,995,1560,1066,1060,1212,1284,1339,1332,1018,1037,1519,1279,1498,1456,1554,1063,1194,1246,1432,1137,1221,1149,1394,1390,1171,1217,1151,1426,1034,1383,1094,1150,986,1300,1096,1288,1361,1006,1270,1362,1381,1259,1171,1545,1373,1235,1283,1132,1210,1197,983,1049,1168,1472,1011,1368,1357,1262,1027,1289,1016,1283,1558,1155,1212,1004,1053,1133,1300,1510,1000,1399,1052,992,1319,1026,1496,1067,1116,1234,1365,1043,1018,1236,1352,1067,1122,1151,983,1231,1372,1453,1453,1072,1182,1113,1285,1029,1198,1469,1001,1226,1081,1051,1089,1075,1406,1537,983,1216,1330,1068,1039,1284,1210,1380,1252,1553,1428,1107,1073,1524,1093,1179,1320,1083,1090,1051,1363,1008,1103,1510,1110,1010,1398,1295,1387,1462,1111,1231,1243,1015,1121,1118,1329,1240,995,1190,1298,1100,1020,1174,1554,1530,1056,1088,1244,1181,1259,1526,1525,1067,1553,1305,1058,1277,1032,1039,1070,1462,1556,1375,1228,1537,1223,1162,1226,1356,1336,1300,1353,1411,1211,1184,1165,1516,1277,1510,1063,1179,1197,1053,1272,1049,1229,1014,1370,1496,1249,1201,1386
,1346,1038,1175,1461,1314,1379,1270,1160,1564,1024,997,1375,1450,1343,1320,1170,1403,1129,1134,1243,989,1225,1373,1483,1201,1349,1298,1433,1155,1062,1363,1067,1120,1491,1474,1515,1219,1443,1316,1056,1211,1415,1325,1147,1517,982,1449,1489,1262,1174,1524,1284,1058,1455,1021,1074,1377,1204,1455,1469,1069,1206,1372,1321,1118,1438,1321,1390,1363,1008,1205,1527,1172,1186,1094,1086,1321,1150,1025,1553,1379,1511,1100,1508,980,1455,1347,1479,1323,1329,1435,1397,1091,1495,1037,1353,1333,1366,1170,1044,1295,1138,1346,1069,1101,1099,1002,1204,1514,1250,1317,1490,1247,1428,989,1444,1560,1540,1388,1552,1316,1496,1472,1354,1315,1497,1121,1174,1302,1028,1276,1031,1413,1007,1267,1548,1521,1418,1480,1202,1165,1557,1088,1242,1475,1062,1548,1556,1109,1256,1169,1437,1360,1227,1153,1157,1559,1260,1488,1454,996,1130,1327,1421,1363,1531,1260,1074,1422,1445,1252,1424,1473,1171,1210,1292,1259,1017,1397,1492,1322,1250,1526,1197,1171,1392,1465,1227,1371,1133,1123,1062,1030,1513,1136,1350,1038,995,1471,1518,1208,1329,1516,1216,1226,1162,1075,1461,1440,1310,1323,1000,1452,1219,1439,1456,1010,1122,1164,1518,1121,1046,1479,1494,1235,1251,1366,1270,1107,1119,1111,1198,1002,1290,1254,1249,1347
,1124,1376,1491,1342,1058,1094,1176,1488,1130,1467,1455,1021,1341,1029,1347,1485,1253,1317,1440,1352,1081,1197,1520,1410,995,1413,1293,1033,1533,1452,1012,1139,1490,1187,1114,1382,1103,1543,1383,1248,1333,1545,1350,1562,1299,1333,1084,1147,1384,1201,1050,1193,1142,1302,1266,1521,1022,1386,1463,1028,1523,1431,1492,1285,1413,1471,1005,1193,1169,1379,1496,1016,1120,1205,1496,985,1352,1548,1516,1287,1149,1528,1098,1252,998,994,1162,1180,1131,1402,1566,1119,1551,1308,1437,1297,1111,1509,1306,1091,1193,1109,1312,1508,1320,1556,1383,1385,1232,1137,1216,1219,1539,1311,1009,1405,1056,1461,1157,1263,1436,1096,1225,1060,1132,1021,1488,1096,1372,1202,1342,1483,1027,1130,1508,1177,1347,1311,1116,1103,1234,1273,1001,1503,1008,1094,1125,981,1154,1086,1151,1108,1277,1234,1541,1141,1442,1252,1230,1306,1422,1117,1218,1346,1508,1546,1313,1130,1026,1163,1068,1186,1351,1378,1315,1237,1139,1429,1533,1242,1042,1223,1294,1262,1032,1147,1318,1352,1403,1541,1493,1454,1458,1531,1209,1138,1375,1086,1290,1451,1443,1105,1382,1120,1107,1316,1011,1446,1327,1484,1416,1403,1331,1323,1170,1486,1313,1267,1308,1265,1234,1409,1156,1054,1496,1052,1047,1526,1131,1330,1179,1123,990,1546,1381,1140,1024
,1377,1438,1527,1018,1119,1420,1054,1264,1357,1445,1354,1206,1122,1350,1329,1365,1287,1112,1414,1514,1145,1025,1320,1006,1188,1531,1308,1045,1414,1078,1163,1446,1470,1194,987,1336,1137,1187,1195,1302,1017,1394,1532,1486,1062,1042,1407,1043,1096,1528,1068,1109,1455,1286,1497,1502,981,1465,1332,1310,1101,1203,1040,1265,1552,1371,1175,1329,1235,1249,1454,1410,1129,1427,1034,1313,1031,1445,1039,1238,1264,1252,1219,1221,1208,1038,1002,1033,991,1065,1501,1054,1550,1407,1402,1140,1082,1528,1118,1297,1247,1007,1072,1071,1514,1162,1527,1034,991,1179,1502,1174,1275,1271,1147,1176,1421,1303,1210,1222,1107,985,1163,999,1227,1012,1255,1476,1372,1417,1185,1537,1417,1532,1072,1187,1067,1418,1127,997,1109,1117,1295,1111,1205,1038,1398,1355,1001,1075,1449,1023,1286,1331,1553,1114,1077,1440,1248,1473,1291,1231,1157,1420,1405,1119,1152,1516,1545,1296,1431,1322,1026,1528,1222,1562,1337,1009,1296,1207,1387,1143,1330,1438,1256,1359,1187,1139,1455,1392,1511,1361,1383,1064,1055,1009,1364,1222,1067,1285,1169,1455,1275,1081,1357,1324,1417,1015,1518,1146,1464,1450,1151,1067,1511,1239,1202,1517,1154,1423,982,1008,1227,1268,983,1222,1496,1497,1047,1279,1363,1078,1128,1541,1521,1481,1518
,1148,1287,1472,1313,981,1518,1194,1520,1378,1111,1078,1350,1253,1309,1264,1099,1033,1437,1062,1254,1186,1183,1327,1509,1343,1344,1467,1408,1314,1260,1214,1415,1071,1101,1155,1007,1434,1076,1068,1392,1360,1226,1548,1189,1351,1164,1074,984,1199,1348,1213,1309,1134,1102,1291,1176,1469,1490,1229,1237,1471,1249,1070,1523,1067,1155,1140,1158,1079,1216,1225,1450,1403,1111,1264,1184,1126,1457,1350,1013,1075,1553,1402,1054,1055,1006,1103,1535,1309,1557,1338,1193,1120,1288,1485,1361,1114,1244,1353,1292,1074,1339,1396,1209,1228,1565,1486,1467,1548,1458,1027,1391,1155,1018,1096,1319,993,1042,1511,994,1385,1168,1430,1013,1115,1476,1376,998,1521,1370,999,1416,1287,1195,1445,1437,1397,1411,1532,1384,1398,981,1280,1407,1513,1363,1222,1073,1118,1299,1396,1178,1428,1164,1398,1523,1299,999,1276,1143,1212,1308,1355,1134,1258,1011,1494,1343,1005,1326,1384,1481,1408,1091,1004,1039,1554,1321,1074,1189,1245,1191,1245,1434,1357,1466,1475,1444,1557,1399,1139,1436,1444,1534,1437,986,1033,1154,1462,1370,1334,1493,1158,1433,1546,984,1455,1562,1044,1454,1439,1053,1018,1016,1331,1225,994,1311,1045,1002,1090,1188,1254,1232,1518,1459,1230,1125,1053,1475,1368,1199,1062,1045,1083,1256,1253
,1091,1469,1246,1488,1095,1136,1014,1390,1368,1073,1315,1477,1525,1437,1184,1008,1232,1207,1105,1518,982,1079,1463,1213,1415,1537,1485,1044,1273,1555,1410,1524,1463,980,1294,1309,1363,1087,1330,1270,1496,1404,1564,1525,1522,1202,1330,1464,1347,1177,1251,1022,1394,1116,1234,1304,1020,1024,1354,1355,1223,984,1311,1555,1439,1392,1374,1011,1193,1043,1390,1446,1020,1323,1232,1392,1567,1400,1558,1060,1213,1134,997,1296,1326,1548,1232,1164,989,1211,1173,1021,1195,1153,1285,1279,1557,1126,1056,1551,1319,1000,1311,1016,988,1145,1186,1108,1166,980,1252,1104,1130,1117,1002,1565,1167,1536,1543,1410,1524,1103,1562,1517,1133,1106,1340,1353,1348,1256,1229,1544,1544,1133,1369,1518,1390,1059,1069,1283,1474,1157,1160,1216,1186,1155,1430,1330,1046,1121,1467,1538,1332,1559,1380,1233,1300,990,1424,1319,1003,1153,1088,1085,1167,1504,1061,1131,1238,1552,1353,1184,1481,1093,1309,1185,1542,1513,1218,1002,1429,1228,1091,1526,1497,1076,1009,989,1415,1088,1187,1351,1097,1296,1158,1152,1039,1240,1010,1268,1222,1494,1298,1399,1510,1567,1369,1033,1543,998,1158,1455,1140,1033,1126,1091,1112,1439,1019,1181,1067,1318,1024,1113,1278,1397,1070,1305,1562,1232,1014,1518,1130,1414,1081,1562,995
,1006,1400,1358,1472,1123,1209,1174,1481,1363,1068,1347,1175,1248,1269,1152,1065,1561,1489,1005,1066,1268,1322,1361,1360,1404,1331,1553,1328,1022,1035,996,1009,1046,1493,1072,1284,1009,1109,1440,1145,1298,1433,1154,1532,1331,1004,1229,1305,1289,1412,1356,1566,1278,1052,1457,1559,1011,991,1300,1347,1465,1133,1142,1398,1275,1556,1563,1402,1069,1025,1302,1441,1069,1538,1415,1196,1060,1316,1190,1277,1491,1554,1119,1227,1181,1488,1530,1376,1442,1314,1396,1183,1086,1272,1362,1080,1268,1324,1158,1283,1153,1546,1071,1207,1322,1301,1397,1177,1384,1565,1538,1394,1272,1280,1493,1275,1009,1259,1244,1111,1291,1316,1414,1325,1364,1120,1397,1398,1307,1457,1029,1336,1397,1022,1020,1460,1017,1424,1411,1207,1099,1485,1071,1382,1538,1239,1159,1028,1097,1098,1394,1011,1351,1068,1475,1414,1176,1225,1364,1175,1300,1128,1419,1253,1514,1231,1470,1338,1308,1469,1029,1489,1352,1224,1100,1141,1409,1354,1553,1180,997,1273,1040,1413,1420,1467,1269,1004,1337,1217,1315,1022,1123,1133,1117,1025,1059,1294,1426,1068,1151,1176,1007,1537,1002,1476,1370,1054,1045,1473,1311,1081,1549,1155,1028,1191,1563,1395,1319,1361,1472,1116,1119,1490,1429,1329,1546,1308,1088,1092,1514,1334,1029,1503,1062,1288,1358
,1561,1412,1384,1335,1334,1423,1257,1108,1563,1462,1431,1136,1308,1110,1198,1479,1028,1250,1112,1539,1311,1103,1486,1060,1132,1431,1195,1536,1163,1432,1094,1312,1234,1428,1210,1155,1473,1386,1517,1080,1446,1101,1025,1370,1109,1296,1079,1538,1348,1516,1040,1112,1491,1171,1076,1201,1444,1389,1457,1450,1243,1537,1168,1341,1406,1004,1144,1333,1243,1309,1337,982,1124,988,1107,1185,1044,1382,1223,1227,1316,1405,1061,1358,1555,1139,1143,980,1274,1025,1296,1324,1182,1012,1054,1488,1426,1493,1357,1047,1078,1333,1469,1286,1451,1444,1081,1171,1110,1480,1209,1068,1126,1503,1069,1059,1001,1350,1107,1095,1107,1418,1107,1186,1275,1063,1316,1347,1054,1053,1288,1436,1167,1460,1420,1303,1545,1539,1533,1208,1548,1177,1193,1373,983,1218,1271,1348,1143,1055,1469,1096,1279,1247,1406,1199,1368,985,1453,1567,1374,1397,1395,1446,1044,1216,1033,1547,1276,1460,1400,1518,1076,1044,1176,1553,1533,1209,1311,1101,1353,1174,1181,1562,1146,1505,983,1537,1097,1390,1545,1458,1494,1553,1287,1491,1249,1388,993,1186,1478,1412,1151,1130,1126,1266,1114,996,1239,1416,1341,1283,1347,1427,1333,1111,1298,1196,1424,1347,1499,1562,1079,1171,1190,1374,1285,1435,1376,1414,1244,1431,1100,1071,1384,1106,1409
,1495,1403,1519,1005,1115,1258,1059,1354,1070,1352,1446,1336,1403,1385,1066,1556,1040,1083,1036,1187,1371,1080,1328,1500,1296,1528,1362,1534,1369,1432,1120,1290,1172,1043,1471,1239,1239,1324,1193,1450,1413,1063,1104,1255,1377,1559,1564,1204,1375,1344,1301,1544,1217,1389,1080,1411,1545,1034,1069,1004,1106,1133,1130,1515,1340,1311,1018,1212,1441,1144,1500,1325,1089,1504,1267,1158,1197,1151,1132,1285,1122,1240,1074,1201,1506,1194,1508,1032,983,1247,1419,1565,1298,1261,1056,1386,1532,1457,1404,1049,1391,1188,1396,1298,1121,1026,1233,1437,1383,1295,1278,1046,1442,1287,1416,1480,985,1337,1516,1061,1370,1471,1030,1433,1233,1005,1213,1301,1091,1231,1317,1206,1200,1458,1063,1446,1204,981,1151,1319,1112,1273,1537,1453,1263,1136,1493,1504,1055,1149,1352,1221,1295,1318,1497,1271,1435,1247,1383,1182,995,1362,1059,1460,1377,1348,1513,1094,1376,1166,1069,1059,1388,1031,1372,1145,1153,996,1318,1250,1328,1519,1232,1065,1252,1491,1187,1367,1501,1472,1508,1510,1551,1327,1560,1395,1553,1041,1111,1115,1062,1289,1324,1084,1012,1352,1122,1072,1246,1162,1509,1202,1079,982,1013,1244,1548,1415,1274,1371,1129,1212,1307,1273,1355,1160,1112,1055,1367,991,1430,1436,1138,1279,1312,993,1140
,1167,994,1177,1345,1127,1477,999,1181,1514,1420,1171,1196,1056,1488,1337,1473,1423,1201,1525,1466,1469,1400,1038,1266,1219,1261,1041,1393,1018,1164,1411,1437,1098,1162,1384,1041,1367,988,1366,1538,1220,1049,1042,1190,1349,1305,1436,1187,1528,1359,1192,1003,1021,1471,1347,1350,1555,1505,1277,998,1543,1265,1169,1459,1161,1470,1142,1047,1214,1215,1077,1247,1088,1287,1353,1129,1360,1192,1190,1086,1268,1489,1369,1180,1145,1345,998,1076,1405,1380,1012,1375,1210,1425,1102,1250,1033,1552,1014,1293,1189,1098,1003,1545,1457,1533,1044,1125,1302,1085,1029,1191,987,1105,1528,1404,1230,1166,1494,1531,1293,981,1016,1530,1415,1552,1517,1222,1334,1374,1056,1377,1042,1224,1127,1009,1400,1509,1442,1355,1368,1247,1357,1164,1451,1481,1168,1131,1241,1055,1120,1063,1411,1066,1311,1280,1341,1180,1117,1468,1339,1112,1476,1221,1168,992,1093,1203,1479,1186,1396,1140,1318,1154,1130,1050,1285,1331,1498,1333,1117,1429,997,1255,1327,1343,1445,1459,1441,1478,1121,1499,1053,1344,1204,1104,1045,1286,1020,1270,1180,1170,1022,1004,1323,1406,1463,1167,1087,1331,1543,1333,1556,1136,1261,1545,1356,1431,1132,1216,1396,1181,1028,1420,1215,1272,1094,1435,1431,1094,1142,1379,1480,1420,1218,1163,988
,1151,1554,1058,1261,1097,1117,1279,1129,1225,1312,1049,1477,1387,1201,1194,1516,1211,1130,1455,1217,1220,1339,1538,1486,1483,1086,1086,1403,1235,1537,1109,1511,1127,1050,1196,1105,1328,1527,1445,1541,1147,1480,1191,1269,1112,1030,1486,1322,1484,985,1529,1485,1104,1372,1500,1525,1312,1207,1443,997,1053,1413,1299,1256,1059,1338,1343,1173,1537,1294,1433,1167,1448,1197,1203,1554,1042,1458,1128,1557,1425,1527,1388,1546,1441,1285,1384,1504,1225,1378,1226,1262,1332,1125,1355,1238,989,1238,1464,1262,1068,1264,1072,1126,1136,1470,1562,1500,1361,1552,1537,1326,1386,1286,1225,1521,1265,1103,1127,1478,1312,1056,1474,1182,1517,1423,1321,1381,1296,1390,1084,1512,1257,1468,1416,1359,1280,1172,1003,1286,1447,1032,1545,1435,1100,1237,1115,1387,1300,1465,1525,1445,1484,1110,1550,1549,1451,1270,1143,1237,1400,1170,1193,1110,1436,1486,1521,1004,1021,1464,1355,1135,1309,1508,1243,1253,1435,1508,1185,1111,1070,1436,1503,1069,1095,1185,1516,1412,1016,1347,1490,1054,1428,1324,1537,1003,1157,1224,1480,1017,1008,1336,1470,1032,1277,1390,1521,1387,1014,1547,1376,1049,1373,1499,1295,1400,1237,1056,1413,1075,1132,998,1137,1417,1528,1171,1056,1124,1462,1272,1216,1537,1405,1093,1566,1070,1279
,1045,1532,1286,1027,1399,1023,1221,1116,1154,1348,998,1152,1061,1109,1565,1278,1113,1408,1469,1366,1496,993,1315,1298,1309,1526,1556,1242,1559,1453,1211,1300,1135,1309,1162,1310,1377,1063,1054,1451,1390,1538,1245,1301,1044,1051,1531,1162,1175,1170,1376,1173,1147,1395,1162,1043,1494,1364,1136,1013,1244,1352,1474,1497,1492,1216,1310,1138,1194,1082,1103,1157,1008,1185,1095,1020,1553,1534,1455,1348,1046,1070,1462,1482,1352,1387,1008,1189,1341,1506,1272,1401,1378,1522,1449,1227,985,980,1442,1341,1015,1506,1548,1098,1515,1419,1016,1385,1332,1036,1174,1389,1254,1189,1552,1510,1158,1339,1484,1309,1360,1054,1347,1015,1016,1276,1146,1366,1349,1542,1260,1231,990,1347,1388,1158,1487,1108,1129,1327,1481,1386,1191,1436,1229,1041,1326,1413,1024,1156,1395,1299,1393,1207,1403,1043,1123,1380,1039,1176,1377,1086,1217,1235,1217,1519,1488,1321,1083,1560,1349,1066,1026,998,1332,1286,1075,1469,1348,1070,1385,1494,1289,1478,1282,1356,1200,1207,1117,1156,1419,1397,1128,1141,1076,1231,1509,1437,997,1329,1172,1188,996,1404,1263,1264,1420,1439,1164,980,1041,980,1506,1053,1018,1467,1138,1243,981,1369,1459,1000,1338,1451,1446,1329,1019,1463,985,1391,1269,1388,1015,1388,997,1362,983
,1027,1528,1328,1477,1232,1399,984,1087,1194,1277,1107,1522,1493,1081,1085,1145,1425,1284,1509,1448,1149,1004,1434,1298,1548,1466,1050,1187,1204,1470,1314,1213,1520,1352,1404,1140,1469,1528,1537,1445,982,1525,1490,1308,1202,1095,1171,980,1373,1078,1193,1394,1521,1150,1004,1016,1529,1467,1242,1277,1223,1100,1283,1504,1375,1081,1158,1505,1105,1136,1315,1372,1185,1208,1313,1023,1180,1236,1283,1441,1028,1055,1538,1248,1194,1153,1529,1106,1200,1457,1543,1520,1259,1471,1365,1004,1263,1350,1259,1273,1075,1414,997,1368,1072,1007,1027,1063,1415,1110,1120,1500,1387,1379,1561,1225,1244,1051,1109,1424,1114,1250,1484,1025,1323,1512,1522,1199,1026,1561,1404,1213,1037,1021,1197,1353,1352,1293,1428,1376,1457,1055,1546,1567,1248,1031,1273,984,1283,989,1174,1404,1301,1220,1363,1127,1381,1495,1324,1507,1551,1487,1547,1541,1014,1474,1238,1292,1293,1499,1455,1250,1207,1214,1094,1258,1134,1389,1233,989,1417,1431,1139,1313,1252,1508,1469,1475,1423,1442,1055,1306,1027,1338,1004,1136,1199,1154,1009,1479,1499,1042,1448,1430,1116,1008,1122,1368,1301,1164,1095,1159,1169,1270,1058,1096,1227,1426,1028,1526,1149,1358,1039,1017,1496,1305,1199,1391,1373,1032,1534,1178,1396,1056,1498,1139,1232
,1067,1357,1396,1467,1260,1204,1412,1084,1566,1070,1034,1114,1349,1175,1212,1039,1252,1208,1445,1002,1545,1402,1363,1393,1160,1311,1435,1082,1171,1251,1163,982,1202,1515,1229,1013,1391,1137,1159,1306,1544,1540,1449,1076,1156,1089,1177,1085,1340,1309,1567,1031,1143,1116,1196,1558,1256,1242,1077,1287,1068,1223,1221,1564,998,1210,1124,1306,1217,1301,1226,1322,1357,1411,1097,1419,1160,1294,1219,1066,1248,1392,1447,1207,1068,1567,1432,1021,1068,1220,1370,1241,1356,1233,1093,1417,1565,1046,1544,1473,1059,983,1494,998,1484,1023,1470,1406,1233,1298,1051,1249,993,1312,1288,1051,1469,1386,1526,1363,1523,1544,1277,1162,1248,1560,1253,1082,1417,1045,1469,1361,1329,1195,1366,1369,1018,1349,1422,1117,1145,1492,1296,1119,1128,1081,1368,1381,1005,1483,1375,1494,1439,1194,1277,1478,1339,1293,1491,1450,1446,1042,1256,1446,1386,1012,1169,1529,1152,1429,1121,992,1184,1059,1543,1381,1017,1418,1161,1540,1092,1164,1124,1041,1015,1048,1258,1088,1477,1293,1181,1394,1125,1055,1006,1505,1248,1096,1565,1032,1547,1404,1092,1132,1052,1328,1481,1328,1125,1029,1104,1013,1090,1241,1470,1023,1196,1510,1238,1244,1400,1405,1550,1184,1356,1078,1351,1001,1068,1034,1386,1058,1144,1031,1557,1316,1236
,1350,1076,1447,1143,1089,1322,1560,1293,1136,1395,1120,1026,1314,1488,1447,1323,1160,1358,1170,1016,1323,1426,1176,1124,1376,1145,1113,1460,1436,1176,982,1211,1526,1060,1426,1220,1276,1160,1324,1335,1013,1457,1070,1296,1343,1037,1171,1352,1174,1257,1146,993,1415,1539,1314,1073,1419,987,1361,1328,1224,1448,997,1457,1296,1441,1215,1365,1376,1561,1557,1527,1163,1516,998,1199,1202,1182,1170,1287,1258,1436,1506,1299,1084,1324,983,1180,1412,991,1191,991,1430,1005,1013,1106,1355,1545,1548,1555,1367,1348,1409,1217,1537,1533,1521,1028,1345,1442,1184,1344,1403,1136,1133,1181,1291,1008,1242,1234,1025,1514,1454,1014,1486,1142,1420,999,1459,1270,1293,1178,1313,990,1456,1487,1305,1345,1197,1268,1364,1510,1075,1277,1032,1089,1445,1152,1347,988,1410,1554,1198,1318,1229,1543,1273,1181,1109,1108,1336,1551,1556,1404,1358,1112,1241,1117,1530,1470,1416,1207,1104,1307,1023,1459,1414,1453,1360,993,1515,1112,996,1401,1247,1204,1523,1283,1386,1240,1085,1274,1097,1117,1223,1021,1131,1474,1509,1455,1084,1446,1396,1018,1291,1035,1032,1238,1519,1449,1133,1400,1307,1170,1469,1006,1565,1493,1508,1178,1128,1436,1047,1534,1177,1299,1372,1316,1155,1395,1294,1086,1085,1400,1283,1397,1232
,1162,1267,1172,1179,1016,1389,1409,1392,1152,1366,1225,1455,1288,984,1244,1296,1268,1445,1341,1392,1484,1096,1099,1376,1153,1524,1150,1277,1394,1240,1180,1290,1394,1311,1340,1242,1124,1234,1412,1025,1397,1449,1291,1043,1471,1108,1032,1527,1130,1206,1171,1509,1123,1149,1022,1176,1533,1294,1119,1405,1102,1461,1154,1476,1362,998,1341,1468,985,1380,1336,1055,1157,1164,1198,1440,1199,1145,1485,1205,1150,1485,1289,1018,1282,1055,1112,1295,997,1518,1058,1435,1404,1368,1222,1361,1543,1424,1422,1097,1284,1184,1109,1541,1408,1386,1545,1229,1468,1389,1156,1430,1198,1555,1455,1411,1048,1409,1553,992,1149,1339,1257,1086,1231,1093,1372,1232,1053,1135,1023,1092,1239,1237,1548,1528,1327,1377,1295,1481,1424,1337,1178,1420,1054,1095,1483,1417,1043,1023,1334,1178,1458,1245,1021,1273,1172,1244,1188,1372,1288,1375,1402,1299,1170,1068,1113,1526,1506,1374,1215,1502,1228,1128,1095,1466,1404,1503,1102,1162,1427,1137,1036,1324,1219,1022,1016,1267,987,1176,1023,1037,1384,1524,1065,989,1057,1360,1350,1390,1312,1024,1517,1358,1224,1191,1211,1530,1388,1448,1105,1444,1397,1390,1441,1482,1059,1419,1138,1077,1293,1123,1357,1023,1490,1102,1085,1153,1446,1347,1471,1487,1135,1127,1052,1304,1552
,1255,1006,1490,1004,1286,1354,982,1182,1155,1409,1344,1170,1184,1552,1067,1238,1014,1242,1561,1421,1097,1476,1115,1142,1311,1104,1395,1205,1030,1277,1266,1562,1219,1265,981,1164,1299,1308,1309,1525,1556,1188,1404,1446,1027,1380,1326,1336,1141,1207,1518,1474,1460,1488,1284,1018,1551,1467,1021,1357,1477,1261,1005,1370,1453,1540,985,1030,986,1288,1231,1521,1270,1563,1293,1479,1314,1302,1023,1557,1358,1374,1494,1030,1053,1024,1209,1281,1407,1084,1350,1501,1131,1274,1525,1472,1047,994,1036,1201,1333,1344,1342,1434,1359,1217,1426,1491,1444,1212,1103,1013,1003,1301,1462,1415,1175,1040,1064,983,1130,1539,1148,1098,1122,1313,1496,1184,1438,1054,1489,1066,1385,1338,1317,1266,1422,1459,1360,1425,1488,1249,1064,1385,1471,1474,1050,1153,1164,991,1132,1284,991,1300,1399,1052,1560,1008,1091,1533,1524,1372,1274,1162,1237,1350,1405,1305,1363,1471,1372,984,1234,1316,1320,1343,1460,1461,1521,1017,1190,1363,1424,1059,1117,1216,1198,1477,1401,1350,1235,1389,1136,989,1324,1449,1409,1323,1186,1089,996,1373,1077,1554,1276,1405,1352,1562,1302,1295,1001,1002,1012,1480,1532,1389,982,1261,992,1567,1131,1508,1104,1326,1537,1553,1078,1378,1369,1072,1058,1320,1190,1426,1022,1310,1476
,1482,1396,1424,1259,991,1126,1052,1507,1220,1126,1144,1468,1306,1233,1261,1186,1240,1488,1147,1367,1132,1089,1220,1034,985,1389,1554,1217,1551,1530,1396,1173,1059,1554,1237,1074,1422,1560,1249,1008,1317,1252,1514,1554,1418,1379,996,1330,1378,1345,1427,1278,1263,1316,1381,1251,1249,1081,1124,1165,1304,1297,1542,1154,1364,1202,1063,1542,1209,1482,1242,1065,992,1053,984,1413,1224,1551,1371,1445,1383,1002,1158,1200,1082,1074,1442,1314,1403,1322,1260,1531,1072,1074,1052,1470,1364,1148,1150,1528,1127,1389,1007,1081,1506,1557,980,1074,1388,1014,1179,1494,1425,1326,1328,1565,1023,1335,1294,1115,1237,1437,1233,1065,1434,1115,1213,1267,1297,1324,1205,1176,1159,1175,1282,1078,1450,1385,1147,1078,1378,1325,1432,1521,1421,1130,1523,1106,1003,1529,1547,1093,1358,1466,1185,1219,1216,1320,1453,1475,996,1359,1361,1143,1458,1347,1020,1492,1298,1146,1021,1098,1482,1495,1450,1153,1368,1026,1009,1130,1220,1376,1137,1266,1462,1092,1100,1332,1288,994,1397,1412,1553,1495,1355,1313,1108,1545,1012,1493,1461,1474,1205,1428,1023,1485,1344,1535,1280,1389,1177,1240,1462,1554,1535,1184,1499,1059,1207,1076,1153,1142,1050,1413,994,1370,1350,1144,1239,1407,1379,1091,1471,1435,1008,1204,1175
,1336,1112,1109,1383,1357,1270,1017,1427,1381,1492,997,1211,1521,1046,1213,1459,1023,1533,1063,1526,1300,1476,1031,1212,1512,1554,1062,1397,1429,1196,1150,1209,1095,1050,1320,1035,1412,1018,1055,1186,1268,1465,1199,1398,1088,1426,1017,1463,1551,1107,1440,1533,1272,1398,1087,1318,1450,1077,1236,1436,1007,1050,1197,1120,1515,1440,1414,1315,1089,1367,1389,1260,1085,1368,1416,1162,1355,1509,1302,1333,1562,1405,1207,1134,1519,1123,1375,1120,1558,1255,1523,1064,1503,1030,1540,1497,1306,1331,1328,1079,1028,1502,1562,1536,1253,1006,1492,1093,1341,1312,1269,1015,1303,1120,1162,1277,1416,1234,1107,1310,1098,1132,1078,1126,1345,1560,1249,1474,1181,985,1376,1235,1034,1455,1250,1382,1169,1496,1161,1382,1439,1506,1561,1095,1528,1196,1036,1559,1343,1237,1422,1073,1108,1041,1020,1322,1013,1482,1253,1387,1305,1083,1153,1303,1413,1265,1186,1075,1169,1541,1322,1187,1437,1106,1496,1495,1073,1291,1422,1196,1097,1332,1094,1049,1457,1357,1149,1019,1162,1074,1366,1110,985,1223,1104,1370,1005,1021,1191,1279,1108,1302,1359,1052,1337,1233,1201,1235,1314,1182,1424,1502,1291,1214,1264,1003,1224,1042,1005,1080,1440,1505,1490,987,1069,1028,999,1078,1397,1378,1126,1010,1436,1484,1114,1251,1314
,1213,1207,1335,1550,1463,1151,1189,1145,1273,989,1468,1234,1190,1116,1461,1034,1323,1376,1540,1025,1300,1156,1094,1215,1185,1518,1037,1008,1334,1529,1132,1115,1069,1380,1369,1395,1410,1504,1560,991,1211,997,1109,1337,1431,1456,981,1326,1140,1413,1288,1035,1435,1304,1045,1355,988,1066,1042,1355,1242,1505,1033,1536,1135,1511,1217,1040,1346,1223,1357,1396,1208,1450,1361,1426,1233,1195,1047,1325,1088,1431,1372,1246,1548,1101,1145,1438,1270,1291,1330,1230,1491,1532,1435,1115,1244,1566,982,1399,1470,1120,1371,1535,1249,1216,1435,1278,1184,1335,1022,1114,1177,1013,1098,1309,1211,1550,1128,1407,1163,1357,1195,1384,1205,1382,1099,1264,1184,994,1067,1055,1540,1044,984,1433,1153,1001,1058,1197,999,1212,1132,1344,1060,1171,1085,1042,1452,1486,1168,1489,1308,1143,1423,1158,1404,1196,1132,1518,1291,1249,1258,1018,1469,1169,1370,1458,1538,1165,1078,1476,1514,1423,1257,1114,1359,1041,1362,1068,1253,1060,1001,1459,1114,1555,1112,1309,1340,1321,1315,983,1422,1262,1126,1266,1023,997,1465,1406,1435,1244,1401,1105,1546,992,1395,1492,1277,1189,1131,1177,1015,1218,1015,1172,1140,1466,1453,1110,1317,1221,1129,1210,1290,1136,1036,1548,1186,1215,1066,1380,1442,1274,1184,1128,1020
,1331,1169,1027,1298,1204,1108,1177,1139,993,1413,1258,1541,1114,983,1101,1548,1316,1207,1548,1539,1566,1121,1242,1391,1053,1092,1149,1403,1357,1063,1304,1369,1402,1025,1485,1519,1437,1163,1437,1152,1071,1186,1219,1336,1555,1018,1027,1313,1150,1219,1135,1171,1307,1149,1136,1246,1004,1306,1048,994,1060,1389,1215,1394,1031,1480,1036,1441,1097,1059,1287,1159,1461,1236,1309,1335,1156,1538,1103,1111,1314,993,1096,1282,1143,1389,1201,992,1131,1216,1007,986,1302,1279,1185,1036,1321,1299,1417,1551,1204,1199,1223,1267,1077,1189,1166,1070,1393,1459,1096,1421,1286,1523,1546,1551,1176,1082,1172,1136,1179,1478,1500,987,1115,1541,1103,1064,1431,1345,1039,1277,1447,1499,1240,1394,994,1466,1087,1417,1190,1510,1127,1431,1393,1278,1399,1439,1353,1539,1445,1059,1509,1542,1235,1303,1443,1547,1344,1290,1404,1000,1319,1403,1558,1384,1130,1362,1187,1497,1025,1217,1243,1166,1304,1508,1040,1547,1431,1041,1357,1091,1015,1350,1552,1084,1444,1097,1032,1489,1410,1461,1414,1346,1201,1181,1501,1375,992,1207,1507,999,1357,1282,1000,1234,1045,1482,1085,1221,1418,1103,1235,1094,1413,998,1518,1482,1101,1403,1134,1540,1014,1084,1349,1553,1285,1205,1060,1411,1178,1468,1044,1190,1001,1347,1416
,1023,1492,1372,1260,1366,1101,1499,1173,1261,1503,1163,1429,1470,1454,1267,1339,1471,1164,1010,1348,1558,1401,1563,1317,1333,1127,1465,1349,1115,1445,1303,1296,1486,1047,1077,1431,1170,1535,1038,1342,1193,1468,1461,992,1257,1473,1339,1084,1435,1003,1064,1421,1049,1310,1385,1005,1453,1243,1062,1473,1167,997,1161,1058,1319,1326,1483,1281,1053,1449,1038,1229,1342,1306,1398,1501,1117,1497,1426,1140,1261,1536,1204,1144,1208,1319,982,1274,1358,1060,1131,1186,1407,1282,1090,1428,1281,1204,1412,1280,1372,1380,1252,1194,1212,1157,1185,1292,1327,1310,1065,1360,1371,1249,1099,1414,1554,1466,1410,1490,1426,1366,1096,1053,1190,1088,1387,1564,1094,1520,1536,1117,1264,1309,1057,1297,1336,1144,1560,1350,1460,1228,1154,1217,1467,1003,1260,1044,1119,1299,1483,1500,1474,1483,1410,1529,1290,1559,988,1264,1129,1066,1462,1056,1512,1138,1276,1334,996,1243,1371,1503,998,1058,1318,1523,1436,1036,1030,1488,1121,1484,1509,1366,1141,1036,1048,1498,1013,1504,1520,1029,1267,987,1548,1190,1538,1559,1041,1535,1174,1096,1042,1465,1031,1015,1269,1519,987,1146,1251,1225,1398,1099,1234,1338,1250,1506,1150,1341,1430,1038,1293,1171,1266,992,1415,1300,1205,1128,991,1175,987,1203,985,1342,1113
,1227,1563,1186,1193,1378,994,1279,1059,1484,1453,1285,1350,1523,1357,1317,1499,1495,1018,1135,1422,1501,1341,1121,1135,1274,1229,1173,1226,1430,1316,1092,1077,993,1545,1330,1235,983,1502,1537,1397,1471,1552,1500,1219,1528,1352,999,1533,1446,1490,1410,1067,1231,1184,1202,1339,1446,1493,1257,1099,1308,1415,1314,1401,1550,1321,1121,1162,1389,1003,1392,1020,1539,1135,1442,1135,1455,1024,1475,1088,1522,1216,1439,1214,1060,1359,1391,1393,1118,1377,1061,1421,1186,1440,1352,1237,1371,1067,1388,1027,1037,1172,1312,1313,1417,1048,1391,1426,1070,1566,1162,1127,1314,1263,1410,1550,1444,1441,1563,1455,1389,1018,1073,1394,1535,1079,1058,1179,1071,1065,1108,1250,990,1024,1267,1408,1547,1152,1461,1222,1261,1351,1470,1465,1521,1443,1475,1394,1109,1374,1433,1183,1444,1378,1280,1315,1063,1147,1183,1233,1251,1277,1211,1164,1490,1542,1548,984,1411,1492,1399,1515,1251,1271,985,1160,1157,1364,1425,1279,1304,1202,1341,1558,1125,1436,1099,1485,992,1110,1501,1329,1259,1381,1431,1078,989,1187,1430,1198,1517,1129,1538,1527,1393,1077,1143,1338,1258,1357,1436,1238,1115,1371,1467,1086,1003,1531,1315,1037,1519,1077,1300,1427,1403,1130,1273,983,1201,1188,1087,1154,1452,1188,1128,1085,1463
,1558,1393,1104,1280,1060,1274,1184,1282,1140,1258,988,1342,983,1257,1556,1286,1297,1025,1302,1246,1455,1393,1387,1307,1442,1424,1462,1067,1147,1520,1537,1360,1190,1218,1132,1349,1099,1299,1537,1414,1403,1417,1513,1415,1423,1165,1299,1027,1132,1211,1427,1466,1394,1172,1031,1324,1536,1113,1146,1126,1085,1439,1366,1336,1441,1256,1179,1161,1177,1407,1332,1308,1181,1302,1319,1337,1201,1388,1325,1140,1269,1293,1046,1502,1130,1241,1359,1120,1443,1163,996,1018,1303,1194,1305,1229,1500,1318,1113,1386,1239,1191,1329,1200,1256,1449,1003,1025,1491,1458,1429,1068,1454,1443,1054,983,1103,1258,1083,1252,1407,1280,1518,1076,1397,1043,1040,1057,1028,1470,1003,1313,1078,1372,1474,1530,997,1517,1073,1456,1470,1377,1015,1470,1306,1294,1511,1001,1433,1208,1144,1151,1238,1206,1166,1567,1002,1136,1391,1154,1013,1359,1110,1548,1191,1092,1190,1274,1287,1554,1060,1443,1068,1515,1154,1220,1525,1075,1137,1438,1220,1099,1243,1475,1217,1514,1284,1294,1160,1395,1207,1191,1548,1280,1172,1310,1298,1324,1466,1088,1178,1331,1336,1306,1345,1063,1451,1211,1001,1463,1285,1473,1523,1061,1009,1524,1425,997,1245,1217,1382,1456,1418,1541,1306,1155,1227,1521,1524,1091,1233,1160,1331,1368,1239,1084,1040
,1058,1424,1179,1493,1440,1394,1125,1523,1188,1232,1035,1041,1078,1004,1441,1387,1187,1319,1312,1078,1110,1065,1321,1169,1069,1131,995,986,1218,1373,1234,1223,1026,1557,1342,991,985,1183,1226,1259,1049,1468,1019,1164,1217,1081,1351,1474,992,1488,1315,980,1328,1398,991,1079,1289,1313,1108,1200,1557,1059,1170,1347,1344,1279,1234,1555,1095,1243,1349,1496,1128,1451,1275,1001,1086,1273,1268,1288,1212,1388,1382,996,1536,1263,1442,1156,1565,1328,1249,1342,1282,1096,996,1443,1258,1114,986,1161,1174,1209,1204,1140,993,1096,1196,1259,1230,1192,1378,1270,1508,1158,1174,1175,1514,1122,1042,1412,1372,1326,1402,1138,1319,1420,1393,1543,1344,1072,1078,1278,1536,1270,1128,1171,1355,1455,1054,1163,1346,1345,1105,1448,1531,1342,1460,1511,1560,1160,1214,1468,1516,1308,1562,1556,1176,1033,1224,1394,1417,1401,1171,1273,1267,1408,1503,1152,1076,1029,1226,1430,1000,1343,1504,1547,1234,1216,1459,1288,1520,1121,1369,1013,1310,1284,1270,1316,1485,989,1401,1257,1239,1266,1476,1086,1538,1391,1388,1537,1059,1344,1090,1264,1270,1094,1531,1164,983,1063,1371,1500,1317,1240,1145,1333,1095,1416,1443,1300,987,1069,1276,1325,1410,1312,1422,1029,1322,1530,1557,1352,1284,1077,1256,1081,1319
,1516,1205,1460,1075,1567,1055,1190,1251,1398,1043,1050,1418,1133,1550,1551,1023,1461,1088,1171,1048,1206,1488,1198,1430,1476,1449,1305,1413,1410,1121,1352,1192,1045,1065,1252,1345,1444,1261,1541,1233,1298,1212,1357,1478,1113,1342,1426,1004,1000,1241,1008,1152,1279,1025,1552,1397,1443,1358,1381,1158,1483,1035,1519,1529,1269,1560,1558,1465,1262,1151,1538,1068,1290,1131,1409,1062,1464,1560,1127,1530,1418,1203,1518,1276,1307,1291,1312,1448,1105,1387,1047,1445,1456,1076,1179,1298,1185,1459,1496,1128,1273,1523,1300,1026,1476,1150,1466,1245,1226,1218,1417,1327,1478,1377,1253,1085,1356,1320,1217,1318,1347,1254,1273,1160,1114,1186,1563,1389,1526,1412,1336,1228,1296,1208,1417,1219,1498,1107,993,1389,1383,1366,1132,1134,1280,1359,1244,1388,1361,994,1342,1061,1348,1257,1435,1270,1255,1557,1341,1058,1423,1139,1076,1355,1552,1236,1059,1225,1153,1545,1229,1567,1020,1105,1527,982,1114,1515,1064,1203,1013,1101,1086,1114,1440,1515,1044,1170,1284,1465,1564,1309,1054,1211,1144,1073,1235,1331,995,1318,1031,1177,1060,1476,1082,1117,1144,1121,1258,1211,1178,1211,1003,1336,1497,1164,1509,1032,1546,1378,1020,1330,1151,1241,1232,1439,1291,1106,1002,1391,1393,1141,1194,1014,1338,1242,1058
,1280,1430,1271,1422,1297,1383,1025,1308,1141,1009,1215,1553,1032,1039,1100,1232,1524,1476,1272,1135,1023,1128,1534,1478,1057,1318,1427,1417,1144,1019,1061,1287,1082,1104,1192,1260,1230,1404,1094,986,1535,1324,1477,997,1158,1252,1120,1502,1297,1131,1451,1495,1476,1288,1516,1289,1437,1535,1173,1022,1421,1317,1054,1100,1170,1548,1141,1073,1150,1495,1205,1546,993,1000,1048,1224,1397,1400,1302,991,1277,1286,1263,1522,1402,1278,1209,1238,1533,1272,1205,1055,1488,1133,1092,1288,1172,1048,1266,1387,1269,1493,1560,1306,1386,1188,1382,1384,1347,1031,1362,1044,1344,1375,1335,1456,1026,984,1294,1254,1177,1120,1324,1257,1259,1351,1429,1522,1470,1380,1196,1185,1030,1053,1245,1336,1140,1472,1296,1010,1052,1332,1362,1444,1368,1220,1498,1348,1024,1142,982,1122,1004,1342,1206,1209,1090,1546,1179,1289,1232,1282,1338,1508,1494,1528,1424,1296,1362,1176,1459,1514,1276,1306,1064,1518,998,1352,1099,1297,1196,1437,1009,1524,1431,1316,1222,1062,1096,1293,1062,1281,1120,1564,1411,1288,1438,1061,1219,1030,1192,1016,1168,1139,1459,1141,1148,1260,1372,1097,1557,1053,1350,1542,993,1565,1448,1174,1049,1515,1044,1467,1559,1199,1080,1416,1393,1376,1062,1540,1507,1503,1199,1088,1462,1362,1195
,1276,1215,1377,1528,1170,1239,1011,1449,1062,1165,1399,1004,1457,1254,1148,1180,1323,1526,1341,1049,1054,1508,1229,1170,1322,1414,1077,1522,1382,1303,1433,1052,1191,1414,1416,1445,1151,1373,1242,1390,1079,1210,1156,1035,1080,1169,1418,1355,1563,1170,1309,1285,1346,1118,1508,1216,1346,1045,1443,1379,1034,1251,1042,1516,1249,1250,1144,1473,1087,1519,1314,1453,1436,1301,1526,1431,1424,1187,1424,989,1325,1060,1177,1531,1326,983,1268,1260,1139,1340,1345,1206,1367,1105,998,996,1012,1168,1378,1101,1283,1386,1079,1387,1262,1506,1122,1489,1208,1364,1114,1328,1274,1159,1041,1540,1507,982,1158,1073,1355,1546,1232,1549,1238,1227,1236,1016,1288,1322,1389,1344,1324,1072,1315,1309,1562,1460,1323,1133,1270,1424,1102,1054,1167,1113,1079,1208,1011,1494,1372,1180,1103,1113,1149,1237,1155,1045,1558,1307,1250,1192,1211,1307,1042,1387,1184,1000,1141,1365,1058,1407,1524,1209,1235,1133,1262,1305,1518,1192,1564,1244,1350,1272,1236,1380,1435,1084,1506,1425,1083,1337,1326,1226,1481,1492,1040,1307,1143,1398,1361,1348,1435,1301,1235,1149,1269,1520,1469,1446,1093,1007,1063,1401,1201,1515,1098,1463,1289,1401,1029,1087,1159,1397,1095,1163,1286,1233,1442,1015,1175,1243,1545,1363,1220,1422,1051
,1557,1319,1370,1367,1562,1340,1113,1407,1545,1244,1512,1094,989,1489,1323,1374,1199,1106,1006,1215,1373,1022,1215,1008,1319,1489,1380,1271,1542,1074,1105,1233,1156,1224,1403,1564,1424,990,1218,1393,1192,1276,1377,1508,1148,1065,1264,1412,1415,1545,1080,1459,1329,1063,1359,1221,1320,1112,1129,1484,1326,1474,1262,1357,1434,1206,1223,1181,1095,1463,1376,1308,1216,1367,1026,1094,1289,1361,1125,988,981,1054,1023,1463,1149,1517,1417,1016,1432,1323,1033,1300,1127,1066,1500,1055,1139,1118,1093,1337,1237,1431,1376,1567,1266,1460,1248,1336,1099,1210,1297,1134,1377,1239,1070,1345,991,1273,992,1084,1515,984,1028,1130,1369,1172,1006,1345,1326,1006,1298,1245,1393,1177,1322,1531,1036,1097,1056,1420,1159,1032,1187,1156,1108,1394,1388,1286,1276,1323,1557,1542,1225,1267,1043,1513,1318,1442,1347,1392,1198,1417,1415,1104,1124,1013,1121,1489,1319,1026,1209,1055,1010,1225,1160,1057,981,990,1033,1338,1531,1067,1216,1496,1170,1381,1331,1159,1510,1182,1299,1434,1171,1395,1259,1293,1091,1221,1221,1112,1069,1542,1403,1279,1012,1203,1461,1221,1218,1391,994,1260,1304,1032,1211,1564,1165,1345,1046,1180,1324,1274,1033,998,1029,1178,1545,1297,1331,1195,1003,1382,1480,1332,1288,1390,1243
,1292,1390,1086,1443,1020,1555,1464,1156,1199,1148,1211,1427,1029,1239,1210,1184,1400,1491,1040,1257,1037,1014,1447,1140,1517,1519,1564,1097,1441,1120,1226,1418,1429,1445,1321,1238,1435,1435,1526,1451,1134,1461,1299,1420,1305,1159,1138,1453,1362,1164,1263,1416,1444,1093,1555,1554,1087,1233,1496,1446,1567,1019,1310,1103,1267,1472,1090,1561,1063,1188,1103,1526,1374,1495,1343,1408,985,1408,1541,1178,1171,1523,1550,1023,1062,1187,1358,1074,1492,1504,1325,1068,1198,1337,1355,1326,1204,1357,1358,1409,1018,1400,1295,1389,1544,1462,1082,1271,1358,1542,1199,1407,1103,1082,1246,1186,1385,1346,1356,1380,1561,1068,1151,1284,1284,1158,1323,1485,1522,980,1485,1411,1382,1022,1470,1187,1297,1229,1039,1119,1017,1025,1040,1425,1470,1521,1541,1544,1016,1266,1523,1415,1188,1293,1436,1470,1499,1342,1317,1482,1524,1132,1096,1231,1341,1469,1364,1376,1461,1333,1221,1532,1144,1331,1199,1558,1428,1368,980,1076,1010,1400,1079,1031,1540,1414,1503,1267,1307,1112,1470,1016,1490,1525,1127,997,1067,1426,1377,1069,1036,1468,1083,1508,1563,1343,1545,1240,1305,991,1350,1434,1275,1562,1312,1290,1248,1049,1176,1095,982,985,1503,1168,1113,1231,1553,1278,1278,1498,1460,1171,1497,1310,1293,1386,991
,1047,1229,1401,983,1187,1312,1258,1377,1343,1504,1531,1063,1291,1202,1521,1121,1253,1258,1313,1461,1523,1296,1517,1485,1393,1098,1084,1177,1094,1008,1319,1367,1052,1370,1018,1147,1493,1028,1210,1233,1337,1033,1155,1537,1404,1026,1314,1026,1315,1072,1556,1380,999,1298,1097,1234,1218,1444,1204,1335,1178,1246,1200,1329,1235,1479,1160,1057,1292,1559,1348,1458,1248,1278,1403,1525,1292,1363,1072,1377,1086,1156,1465,1194,1323,1259,1235,1187,1471,1285,1189,1228,1065,1263,1557,1503,1401,1301,1381,1441,1433,1010,1502,1059,1241,1517,1272,1425,1082,1511,1525,1231,1304,1082,1527,1329,1551,1497,1341,1307,1550,1139,1001,1208,1504,1376,1481,1414,1285,1376,1550,1375,1335,1278,1426,1380,1142,1320,1178,1487,1347,1357,1395,1042,1562,1532,1087,1025,1434,1034,1194,1018,1547,1252,1258,1207,1085,1472,1455,1142,1416,1317,1490,1443,1229,1373,1152,1133,1182,1185,1535,1168,1112,1284,1072,1333,1051,1150,1474,994,1210,1205,1050,1137,1094,1391,1101,1369,1522,1212,1282,1009,1549,1350,1428,1332,1269,1320,1315,1383,1361,1184,1185,1119,1047,1017,1402,1535,1228,1237,1284,1138,1226,1080,1524,1005,1544,1555,1305,1555,1183,1537,1232,1228,1286,1554,1074,1430,1522,1493,1198,992,1462,1144,1065,1112,1027
,1167,1083,1539,1552,1552,1510,1306,1136,1310,1260,1547,1112,1461,1412,1244,1517,1255,1063,1112,1140,1511,1151,1148,1042,1243,1440,1441,1488,1412,1167,1019,1112,1246,1411,1344,1407,1160,1277,1147,1516,1381,1486,1466,1251,1310,996,1404,1399,1462,1071,1545,1425,1548,1451,1309,1280,1482,1299,1420,1222,1388,1211,1433,1228,1293,1122,1227,1285,1098,1234,1152,995,1463,1311,1175,1214,1495,1385,1259,1121,1536,1340,1349,1299,1411,1320,1054,1166,1329,1306,1256,1193,1536,1327,1519,1061,1060,1273,1090,1394,1386,1051,1302,1146,1409,1415,1207,1074,1083,1190,1414,1089,1393,1227,1108,996,1133,1389,1058,1186,1104,1111,1338,1100,1343,1454,1094,1304,1144,1429,1482,1463,1252,1350,1426,1006,996,1091,1046,1012,1487,1079,1154,1384,1091,1138,1314,1007,1565,1248,1382,1563,1505,1127,1311,1153,1096,1088,1241,1128,1286,1391,1419,1474,1544,1566,1267,1491,1164,980,1456,1266,1130,1263,1247,1406,1553,1383,1049,1419,1561,1189,1124,1486,1567,1472,1526,1096,1042,1010,1506,1441,1050,1258,1402,1423,1234,1267,1050,1411,1279,1559,1123,1122,1177,1316,1417,1037,1549,1094,1351,1254,1154,1085,1120,1232,1332,1070,1024,1413,1123,1249,1451,1116,1479,1160,1054,1524,1187,1326,1302,1400,1499,1060,1244,1075,1381
,1101,1312,1182,1274,1013,1176,1187,1018,1526,1336,1001,1461,1454,1365,1271,1124,1264,1208,1190,1287,1250,1351,1008,1069,1515,1316,1272,1567,1275,1405,1519,1315,1039,1041,1310,1204,993,1567,1265,1018,1292,1177,1029,1164,1287,1425,1479,1412,1143,1179,1338,1153,1140,1117,1410,1328,1527,1400,1561,1186,1552,1222,1396,1249,1459,1560,1168,1195,1466,1283,1255,1034,1192,1513,1224,1086,1291,1563,1334,1244,1566,1421,1208,1246,1500,1294,1497,1348,1518,1180,1138,1341,1229,1464,1086,1540,1455,1345,1373,1335,1525,990,1246,1338,1502,1076,1446,1438,1427,1087,1078,1357,1347,1117,1229,1302,983,1491,1544,1000,1560,1562,1426,1066,1383,985,1162,1362,1228,1234,1074,1409,1328,1311,1053,1391,1352,1332,1142,1350,1544,1048,1482,1060,1120,1147,1421,1275,1467,1496,1499,1340,1363,1126,1321,1158,1520,1100,1142,1368,1405,1456,1375,1372,1197,1480,1520,1452,1337,1139,1213,1430,1046,1557,1566,1387,1067,1165,1296,1061,1164,1250,1320,1334,1087,1167,1154,1028,1131,1458,1514,1435,1417,1223,1319,999,1189,1233,1374,1151,1540,1541,1529,1394,1131,1304,1514,1338,1351,1399,1565,1188,1091,1385,1387,1506,1122,1555,1438,1030,1057,1215,1190,1423,1544,1024,1474,1361,1377,1526,1209,1221,1431,1162,1436,1204,1544
,1492,984,1461,1442,1297,1502,1477,986,988,1110,1419,1150,1514,1184,1538,995,1011,1386,1292,1381,1345,1236,1427,1489,1531,1428,1059,1249,1058,1312,1462,1085,1218,1488,1192,1475,1022,1195,983,1107,1138,1153,1069,1091,1533,1105,1257,1515,1536,1495,1025,1550,1281,1137,1089,1471,1358,1557,1514,1223,989,1261,1314,1366,1144,990,1336,1136,1482,1341,1052,1420,1315,1458,1244,1194,1338,1106,1073,1221,1313,1083,1315,1050,1107,1418,1016,982,981,1474,1306,1158,1265,1038,1018,1321,1129,1124,1137,1284,1029,1471,1106,1309,1391,1566,1421,1455,1323,1458,1513,1448,1406,1421,1129,1359,1550,1526,1217,1507,1160,1279,1480,1068,1073,1346,1200,1365,1351,1346,1498,1527,1317,1164,1498,1361,1097,1528,1354,1495,1315,1520,1085,1205,1178,1110,1532,1534,1309,1497,1536,1111,1048,1496,1409,1563,1117,1066,1331,1142,1234,1422,1317,1350,1406,1477,1559,1430,1354,1350,1475,1559,1262,1214,1233,1539,1159,1178,1091,1439,1455,1395,1272,1434,1034,1057,1350,1250,1476,1179,1321,1116,1040,1404,1110,1226,1207,1001,1088,1178,1042,1370,1373,1316,1071,1231,1445,1056,1078,1159,1457,1281,1136,1410,1481,1280,1486,1320,1084,1546,1412,1428,1081,1122,1040,1114,1494,1373,1551,1466,1275,1454,1552,1157,1417,1459,1085
,1306,1497,1498,1166,1334,1384,1389,1005,1150,1182,1022,1352,1189,1005,1447,1345,1323,1396,1327,1219,1371,1353,1559,1118,1201,1484,1151,1186,1025,1057,1063,1176,1312,1227,1129,1134,1340,1174,1560,1456,1135,1177,1185,989,1557,1247,1448,997,1082,1122,1087,1555,1337,1435,1146,1420,1212,1405,1456,1529,1304,1008,1384,1406,1345,990,1315,1219,1496,1058,1219,1281,1556,1453,1421,1123,1419,1088,1558,1335,1528,1475,1141,1147,1421,1361,1464,1250,1277,1011,1325,1047,1483,1006,1043,1259,1452,1308,1285,1053,1567,1168,1464,1317,1399,1187,1170,1148,1349,1057,1305,1199,1428,1031,1248,1470,1306,1106,1127,1042,1012,1553,1374,1185,1288,1203,1030,1128,1557,1539,1153,1345,1057,1507,1436,998,1548,1088,1429,1549,1186,1079,1228,1411,1373,1009,1285,1052,1041,1349,1241,1536,1335,991,1509,1387,1381,1445,1046,1241,1245,1509,1366,1431,1354,1250,1549,1205,1120,1005,1308,1167,1030,1006,1510,1089,1291,1329,1278,1153,1520,1142,1558,1165,1414,1223,1500,1314,1313,1301,1407,1266,1365,1085,1073,1567,1173,1068,1245,1281,1346,1336,1494,1132,1057,1399,1466,1193,1491,1364,1042,1119,1063,1108,1242,1501,1309,1055,1265,1049,1553,1522,1508,1434,1213,998,1154,1513,1068,1052,1470,1101,1225,1479,1170,1229,1248
,1296,1246,1434,1291,1069,1195,1435,1486,1216,980,1014,1318,1030,1065,1174,1244,1153,1129,1304,1302,982,1401,1455,1445,1132,1239,1049,1472,1391,1367,1226,1404,1037,1020,1207,1054,1213,1429,1445,1540,1228,1025,1206,1017,1263,1283,1230,1154,998,1396,1011,1058,1457,1294,1462,1001,1216,1417,1444,1313,1566,1376,1180,1338,1066,1188,1115,1384,1084,1259,1073,1248,1129,1034,1330,1441,1130,1321,1159,1369,1266,1083,1269,1082,1474,1310,1315,1428,1209,1299,1054,1160,1527,1428,1328,1352,1201,1354,1366,1403,1095,1422,1423,1141,1229,1482,1502,1487,1048,1406,1199,1224,1274,1397,1483,1116,1291,1152,1368,1073,1440,1338,1521,1196,1270,1482,1085,1409,1491,1180,1035,1178,1250,1253,1456,1447,1290,1236,1008,1233,1253,1089,1282,1252,1371,1261,986,1392,1481,1541,1102,1288,1274,1326,1168,1031,1047,1093,1475,1159,1236,1294,1478,1061,1373,1324,1549,1370,1070,1351,1106,1413,1366,1383,1226,1341,1551,1278,1056,1273,1546,1368,1465,1198,1056,1361,1469,1114,1255,1078,1386,1097,1009,1275,1549,1516,1061,1394,1558,1201,1481,1419,1117,1493,1459,1538,988,1156,1385,1091,1230,1280,1430,1116,1192,1160,1352,1206,1120,1041,1451,1473,1521,1223,1479,986,1265,1356,1118,1198,1511,1344,1257,1325,1122,1152,1214
,1213,1398,1108,1318,1426,1272,1163,1234,1386,1553,1485,1331,1328,1047,1405,1146,1055,1063,1515,1277,1463,1431,1314,1247,1507,1348,1475,1101,1179,1065,1114,1442,1550,1501,1095,1026,1162,1330,1030,1279,1471,1539,1371,1196,994,1145,1275,1341,1444,1265,1299,1557,1354,1542,1256,1122,998,985,1121,1295,1485,1247,1469,1017,1229,1122,1477,1299,1445,1368,1155,1177,1241,1137,1331,1071,1212,1558,1084,1377,1202,1364,1130,1191,1506,1274,1408,1506,1026,1406,1173,1143,1456,1382,1007,1173,1361,1331,1125,1519,1175,1481,1495,1191,1106,1320,1445,1502,1431,1251,1056,1018,1214,1314,1446,1081,1008,1341,1025,1077,1031,1514,1521,1559,1200,1253,1150,1034,1211,1469,1166,1109,1351,1368,1451,1024,1408,1421,1159,1553,1467,1230,1420,1388,1044,1551,1173,1032,1470,1006,1216,999,1381,1468,1366,1225,1159,1154,1455,1506,1281,1173,1044,1009,1298,1363,1182,1035,1540,1400,1305,1101,1124,1265,1379,1421,1541,1084,1424,1169,1172,1058,1131,1132,1208,1141,1327,1475,1383,1141,1255,1018,1359,1052,1541,1134,1480,1094,1146,1196,1280,988,1003,1128,1131,1422,1101,1354,1557,1294,1185,1361,1131,1216,1474,1082,1002,1498,1054,1256,1147,1232,1533,1107,1334,1038,1086,1561,1486,1182,1272,1477,1403,1391,1529,1491,1409
,1152,1010,1100,1383,1557,1024,1125,1028,1138,1316,1186,1299,1049,1549,1551,1347,1481,1124,1149,1290,1557,1167,1527,1291,1231,1399,1266,1545,1530,1337,1232,1526,1217,1273,1357,1383,1501,1113,1325,1052,1092,1290,1017,1214,1356,1523,1170,1112,1102,1417,1390,1339,1517,1526,1406,1222,1016,1460,1257,1558,1032,1447,1433,980,1395,1423,1020,1486,1397,1222,1256,1240,1141,1496,1000,1063,1354,1496,1101,1546,1258,1315,1141,1016,1308,1292,1486,1369,1333,1360,1383,1454,1553,1206,1053,1462,1550,1538,1338,1137,1258,1367,1562,1360,1519,1552,1055,1130,1240,1461,1502,1232,1045,1412,1500,1088,1315,1272,985,1382,1130,1500,1446,1454,1430,1418,1214,1512,1142,1507,1364,1308,1391,1204,1509,1304,1520,1105,1007,1540,1304,991,1540,996,1288,1152,1149,1262,1299,1391,1273,1557,1304,1495,1052,1144,1252,1070,1386,1485,1445,1293,1254,1300,1510,1340,1341,1319,1261,1172,1476,1471,1277,1209,1388,1472,1508,1344,1200,1083,1349,1006,1191,1054,1550,1254,1363,1141,1271,1167,1345,1415,1331,1228,1534,999,1171,1119,1276,1017,1295,999,1097,1244,1218,1263,1228,1149,1033,1023,1446,1420,1331,1319,1034,1453,1524,1064,1437,1498,1450,1181,1114,1504,1392,1226,1537,1488,1034,1490,1493,1529,1106,1254,1217,1098,1287
,1467,1555,1495,1395,1375,1210,1091,1251,998,1042,1107,1262,1483,1244,1442,1068,1551,1166,1430,1501,997,1151,1160,1560,1172,1092,1541,1478,1497,1189,1425,1263,1085,1547,1546,1214,1001,1065,1002,1400,1139,1474,1191,1046,1058,1063,1347,1542,1270,1372,1157,1005,1006,1513,1375,1480,1490,1185,1139,1504,1268,1106,1347,1437,1371,1228,1221,1088,1044,1431,1335,1209,1068,1330,999,1170,1419,1306,989,1389,1513,1467,1091,1418,1169,1393,1422,1242,1500,1038,1144,1002,1008,1398,1543,1429,1300,1158,1406,1409,1198,1435,1382,1274,1274,1468,1106,1457,1076,1304,1069,1474,1242,1200,1368,1262,1106,1520,1450,1205,1405,1104,1172,1048,1275,1323,1488,1444,1363,1543,1545,1547,1129,1166,1423,1007,1474,1082,1484,1291,1115,1498,1529,1439,1067,1231,1214,1506,1058,1173,1436,1192,1374,1223,1363,1229,1067,1322,1126,1303,1286,1370,1032,1414,1188,1262,1156,1548,1250,1095,1101,1401,1013,1314,1445,1273,1376,1223,1431,1091,1127,1342,1209,1166,1479,1372,1257,1294,1380,1120,1518,1093,1067,1543,1050,1105,1127,1187,1338,1258,1088,1207,1549,1061,983,1540,1247,1460,1429,1376,1130,1122,1522,1000,1456,1299,1511,1473,1338,1257,1328,1512,1095,1243,1115,1046,1059,1143,1248,989,1437,1034,1509,1343,1429,1396,1108
,1069,1423,1231,1407,1552,1468,1552,1128,1080,1100,1385,1154,1363,1163,1192,1157,1538,1265,1408,1557,1465,1293,1310,1082,1316,993,1522,1155,1542,1077,1076,1327,1459,1300,1055,1016,1221,1251,1170,1118,1260,1375,1338,1081,1562,1051,1254,1538,1099,1476,1063,1526,1333,1010,1049,1431,1247,1023,1435,1275,983,1010,1435,1441,1091,1567,1288,1393,1003,1068,1328,1052,1431,1016,1311,1565,1213,1463,998,1251,1090,1237,1103,1013,1446,1425,1319,1494,1257,1422,1272,1414,1325,1383,1240,1076,1240,1409,1024,1197,1504,1081,1056,1208,1276,1036,1088,1423,1453,1193,1410,1210,1496,1398,1278,1357,1281,1016,1290,1148,1521,1120,1376,1007,1467,1207,1292,1452,1155,1109,1017,1267,1153,1187,1231,1231,1316,1029,1289,994,1172,1243,1257,1133,1396,1219,1242,1430,1008,1300,1261,1194,1358,992,1089,1101,1105,995,1021,1394,1432,988,1556,1147,1055,1232,1373,1344,1105,1355,1097,1467,1351,1135,1283,1090,1554,1172,1471,1075,1143,1078,1512,1374,1287,1269,1029,1517,1428,1519,1227,1278,1038,1120,1050,1511,1327,1001,1481,1018,1387,1002,1156,1545,1106,1473,1084,1174,1111,1335,1119,1002,1020,1283,1074,1330,1444,1174,1401,1127,980,1390,1316,1117,1457,1211,1171,1550,1313,1471,1332,1325,1055,1204,1503,1217,1538
,1143,1110,1407,1030,1155,1369,1523,992,1004,1181,1425,1311,1269,1237,1566,1290,1496,1049,1461,1163,1536,1460,1537,1024,1108,1043,1527,1294,1349,1219,1449,1220,1497,1325,1130,1236,1465,1056,1203,1299,1129,1437,1567,1509,1508,1136,1044,1280,1014,1113,1485,1123,1202,1202,1419,1130,1451,1520,1459,1228,1078,1506,1365,985,1257,1268,1127,1175,1084,1158,1130,1502,1311,1319,1532,1474,1528,1466,1174,1089,1551,1385,1536,1456,1374,1496,1491,1055,1359,1227,1341,1010,1236,1139,1009,1429,1527,1523,1455,1103,1240,1554,1402,1468,1282,1079,1064,1419,1019,1478,1153,1430,1157,1170,1486,1288,1238,1229,1377,1176,1249,1152,1344,1468,1110,1257,1012,1032,1396,989,986,1344,1099,1389,1123,1388,1532,1450,1121,1542,1360,1555,1421,1473,1532,1279,1067,1329,1470,1266,1440,1218,1050,1426,1426,1052,1560,1507,1394,1203,1238,1002,1514,1080,1537,987,1185,1091,1395,1185,1175,1113,1478,1131,1443,1123,1418,1406,1539,1488,1397,1270,1457,1319,1059,1228,1302,1556,1367,1312,1027,1061,1052,1310,1559,1068,1479,1522,1166,1492,1084,1328,1323,991,1550,1247,1327,1373,1447,1211,1225,1466,1478,1494,1557,1460,1307,1499,1412,1167,1476,1474,1216,1218,1540,1050,1212,1287,984,1198,1000,1086,1279,1290,1556,1189,1204
,1436,1229,1023,1559,1417,1388,1169,1015,1064,1470,1363,1016,1221,1097,1125,1013,1285,1327,1531,1334,1426,1389,1050,1472,1171,1475,1549,1111,1333,1551,1221,1249,1531,1544,1150,1056,1153,1068,1137,1177,1235,1476,1049,1247,1526,1271,1283,1252,1325,1176,1329,1502,1275,1567,1045,1241,1280,1386,1150,1397,1314,1073,1196,1254,1273,985,1312,1559,1293,1136,1436,1145,1085,983,1416,1046,1490,1523,1305,1224,1363,1185,1548,1493,1528,1030,1334,996,1392,984,1110,1095,1046,1216,1013,1550,1158,1272,1081,1306,1325,1543,1134,1256,1560,1348,1530,1278,1170,1063,1373,1132,1096,1397,1129,1399,1158,1535,1499,1268,1439,1534,1443,1480,1265,1005,1566,1198,1258,1474,1010,1346,1222,1308,1039,1126,1110,1171,1391,1242,1107,1429,1328,1360,1511,1153,1110,1084,1566,1075,1287,1551,1123,1410,1142,1041,1089,1102,1234,1189,1521,1027,1229,1224,1032,1219,1039,1436,1466,1349,988,1481,1387,1137,1274,1076,1357,1404,1565,996,1154,1350,1422,991,1088,1099,1123,1218,1232,1256,1437,1565,1343,1378,1026,1239,1209,1297,1011,1549,1259,995,1463,1351,988,1173,1536,1302,1030,1200,1484,1103,1551,1029,1314,1040,1445,1172,1446,1196,1411,1237,1406,1151,1334,1264,1021,1375,1115,1355,1095,1014,998,1215,1554,1119,1264
,1270,1519,1294,1017,1115,1445,1354,1524,1418,1363,1015,1180,1515,1105,1518,1355,1554,1329,1157,1386,1230,1144,982,1451,1104,1030,1354,1206,1167,1552,1099,1359,1412,1440,1404,1130,1209,1508,1349,1089,1112,1094,1478,1365,1028,1431,1299,1476,1152,1125,1419,1193,1453,1234,1519,1076,1286,1144,1352,1044,1266,1255,997,1495,1440,1012,1466,986,1129,1149,1284,1174,1109,1102,1092,1399,1000,1465,1277,1243,1364,1422,1373,1443,1321,1090,1077,1382,1221,1109,1367,1043,1079,1164,1407,1252,1502,1237,1208,1177,1254,1002,1558,1460,1037,1179,1162,1105,1304,1368,1460,1375,1094,1444,1223,1047,1191,1061,1177,1397,996,1532,1221,1097,1452,1141,1053,1339,1458,1303,1407,1065,1176,1028,1248,1011,1247,1275,1160,1496,1307,1060,1356,1004,1251,1258,1094,1155,1088,987,1256,1411,1390,1471,1042,1094,1217,1229,1327,1017,1288,1315,1106,1166,1475,1561,1157,1341,1091,1407,1214,1522,1238,1160,1129,1051,1059,992,1324,1029,984,1335,1384,1180,1557,1558,1248,1556,1243,994,1330,1091,1337,1548,1086,1336,1022,1391,1102,1320,1445,1496,1357,1199,1229,980,1457,1405,1374,1217,996,1288,1300,1023,1007,1336,1318,1456,1346,1470,1524,1399,1467,1256,1154,1072,1223,1477,986,1065,1066,1076,1227,1110,1342,1265,1081
,1199,1181,1223,1544,1352,1400,1273,1533,1324,1174,1378,1415,1427,990,1190,1200,1517,1088,1140,1161,1452,1130,1123,1050,1505,1103,1412,1051,1097,1017,1180,1420,1312,1037,1556,1276,1534,1544,1375,1276,1368,1492,1311,1055,1303,1022,1070,1456,1103,1528,1052,1000,1412,1499,1437,1482,1250,1367,1077,1413,1445,1127,1528,1328,1546,1322,993,1069,1378,1330,1146,1142,1419,1543,1107,1231,1205,1424,1246,1477,1207,1307,1447,1492,1140,1544,1066,1462,1246,1237,1560,1406,1421,1075,1537,1499,1199,1326,1126,1317,1101,989,1190,1307,1410,1058,1089,1342,1266,1032,1263,1126,1408,997,1348,1450,1462,1041,1000,1341,1113,1173,1087,1426,1176,1373,1441,1059,1425,1181,1531,1484,1082,1475,1170,1238,1011,1160,1507,1073,1251,1243,1033,1260,1075,1316,1281,1376,1289,1347,1519,1345,1551,1443,1373,1542,1108,1546,1128,1386,982,1484,996,1475,1452,1163,1349,1012,1342,1127,1066,1499,1276,1432,1282,1383,1493,1122,1494,1434,1185,1407,1534,1350,1279,1289,1039,1152,1476,1088,1402,1549,1406,1262,1346,1558,984,1135,1513,1084,1026,1200,1167,1386,1065,980,1374,988,1179,1214,1182,1434,982,1116,1530,1555,1220,1391,1536,1119,1272,1428,1349,1018,1304,1459,1097,1097,1204,1479,1557,1541,1486,1464,1075,1416,1367
,1413,1449,1485,1478,1513,1427,1306,1202,1018,1450,1400,1292,1315,1443,1257,1328,1081,1178,1023,1372,1471,1131,1338,1341,1562,1189,1065,1180,1091,1111,1304,1464,1481,1372,1333,985,1199,1160,1066,1166,1054,1054,1314,1202,1322,1280,990,1322,1436,1416,1069,1073,1439,1049,1259,1156,1013,1559,1271,1293,1002,1306,1183,1145,1385,1030,1380,1356,1181,1001,1311,1234,1087,1415,1448,1135,1158,1176,1440,988,1532,1280,1007,1177,1390,1054,1220,1031,1554,1105,1048,1010,1537,1558,1048,1211,1338,1114,1059,1228,1310,1237,1502,1123,1394,1139,1195,1214,1057,1145,1196,1416,1347,1291,1015,1517,1207,999,1082,1493,1536,1239,1166,1235,1561,987,1066,1417,1240,1013,1067,1517,1380,1193,1103,1016,1328,1270,1496,1066,1003,1257,996,1519,1319,1346,1367,1042,1500,1339,1211,1506,1537,1335,1459,1174,1389,1068,1535,1443,1044,1356,1412,986,1222,1112,1004,1201,1233,1223,1248,1189,1364,1363,1251,1051,986,1286,1088,1533,1059,1113,1088,1232,1149,1433,1558,1193,988,995,1469,1324,1071,1016,1091,1462,1530,1008,1050,1335,1470,1501,1437,1153,1292,1080,1442,1348,1508,1490,1180,1234,1326,1105,1500,1194,1446,1311,1363,1474,1477,1518,1307,1152,1111,1111,1019,1013,1023,1113,1112,1028,1376,1319,1499,1165,1256
,1493,1424,1197,1125,1529,1384,1012,1295,1089,1229,1352,1041,1099,1549,1381,1168,1101,1172,1246,1258,1364,1300,1056,1417,1239,1475,1069,1281,1430,1466,998,1464,1242,1174,1250,1137,1087,1418,1004,1431,1409,1221,1415,1139,1177,1497,1231,1333,1239,1334,1565,1389,1544,1507,1333,1037,1289,982,1430,1279,1250,1548,1083,1143,1483,1022,1311,1117,1261,1309,1462,1060,1174,1292,1336,1308,1436,1117,1490,1161,1551,1205,1144,1327,1087,1212,1133,1299,1024,1223,1374,1247,1237,1414,1284,1161,1344,1518,1523,1070,1532,1207,1455,1483,1012,1450,998,1250,1471,1274,1105,1479,1060,1234,1342,1539,1196,1095,1262,1177,989,1194,994,1446,1020,1445,1286,1407,1538,1255,1349,1144,1295,1462,1229,1171,1445,1162,1305,1469,1171,1107,1215,1438,1313,1305,1529,1172,1520,1344,1557,1107,1541,1427,1211,1457,1342,1264,1492,1402,1322,1275,1322,1434,993,1361,1328,1476,1306,1066,1502,1359,1434,1248,1333,1090,1355,1381,1000,1023,1253,1516,1227,1173,1493,1485,1011,1373,1263,1391,1477,1289,990,1425,1361,1474,1488,1347,1542,1447,1026,1070,1356,1038,1375,1559,1176,1538,1472,1116,1473,1528,1216,1064,1291,1226,1459,1215,1550,1435,1399,1515,1526,1433,1512,1471,1360,1374,1157,1081,1205,1191,1561,1286,1180,1352,1047
,1434,1153,1232,1221,1020,1501,1319,1446,1490,1231,1552,1090,1054,1237,1016,1285,1400,1527,1069,1042,1487,1143,1388,1372,1553,1280,1252,1097,1254,1124,1183,1314,1153,1042,1248,1562,1097,1187,1314,1460,1146,1036,1147,1305,1019,1160,1248,1555,1255,1508,1567,1042,1335,1179,1267,1434,1046,1088,1281,1179,1301,1371,1137,1347,1223,1279,1554,1296,1473,1027,1534,1421,1147,1541,1092,1540,1433,1055,1182,1318,1066,1290,1489,1029,1028,1079,1208,1111,1456,1018,1359,1062,1328,1453,1094,1542,1199,1527,1336,986,1258,1364,1041,1200,1276,1290,1476,1022,1184,1123,1141,1243,992,1371,1118,1440,1492,1367,1404,1269,1428,1479,1328,1367,1023,1415,1075,1421,1182,995,1460,1239,1424,1255,1396,1123,983,1048,1499,1535,1478,1155,1459,1473,1002,1256,1422,1405,1009,1086,1523,1498,1151,1239,1420,1547,1261,1239,1398,1285,1353,1257,1057,1002,1143,1515,1290,1037,1376,1505,1552,1160,1310,1230,1335,1488,1530,1447,1181,1391,1270,1190,1207,1061,1163,1247,1525,1450,1495,1297,1193,1167,1184,1397,1356,1107,1371,1347,1103,1287,1226,1414,1485,1272,1259,1365,1297,1105,1471,994,1463,1538,1444,1315,1478,1231,1249,998,1430,1440,1256,1462,1173,1394,1159,1340,1324,1390,1437,1317,1463,1086,1274,1273,1490,1475,1413
,1272,994,1183,1010,1123,1507,1529,1105,1014,1329,1564,1313,1247,1391,1044,1167,1172,1382,1262,1233,1408,1542,1298,1337,1143,1479,1163,1352,1446,1456,1379,1116,1370,1199,1221,1388,1046,1122,1486,1365,1017,1561,1159,1013,1183,1393,1456,1464,993,1307,1521,1261,1260,1020,1343,1102,1230,1336,1350,1385,1350,1360,1223,1006,1406,1412,1401,1531,1435,1321,1203,1294,1263,1109,1461,1336,1005,1406,1274,1086,1344,1097,1402,1244,1115,991,1206,1118,1421,1516,1313,1161,1477,1511,1383,1386,1304,1347,1029,1227,1463,1463,984,1063,1493,1471,1509,1490,1142,1545,1561,1211,1445,1359,1427,1336,1424,1160,1387,1531,1260,1408,1522,1496,1547,1304,1072,1415,1164,1384,1469,1114,1163,1256,1503,1426,1487,1348,1525,1311,1031,1258,1107,1062,1324,1259,1375,1094,1553,1554,1006,1032,1260,1297,1174,1564,1058,1147,1139,1248,1204,1020,1006,1514,1473,1175,1256,1382,1417,1281,1263,1446,1199,1456,1421,1431,1555,1373,990,1553,1034,1491,1172,1357,1357,1046,1280,1280,1546,1100,1032,1012,1021,1235,1163,1038,988,1003,1541,1561,1086,1398,1186,1396,1566,1472,1274,1428,1461,1497,1237,1082,1302,1061,1365,1244,1460,1408,1226,1099,1225,1405,1323,1241,1188,1020,1194,1516,1452,1478,1464,1127,1118,1103,1565,1559,1117
,1137,1169,1263,1370,1005,1217,1339,1428,1351,1206,1122,1143,1025,1225,1440,1151,1452,1250,1224,1000,1455,1204,1476,1500,1043,1357,1342,1234,1002,1124,1141,1564,1374,1522,1378,980,1301,1435,1251,1072,1014,1255,1467,1411,1494,1301,1247,1040,1481,1026,1413,1232,1560,1210,1266,1196,1191,1417,1058,1069,1111,1346,1384,1535,1488,1262,1125,1269,1173,1398,1325,1167,1127,1242,1145,1433,1319,1553,1158,1420,1398,1338,1064,1124,1330,1467,1079,1434,1086,1023,1374,1249,1397,994,1216,1084,1278,1412,1138,1283,1523,987,1530,1265,1397,1421,1524,1116,1384,1180,1205,1325,1431,1145,1393,1214,1240,1266,1313,1331,1329,1238,1303,1479,1345,1268,1240,1538,1360,1141,1057,1525,1431,1300,1086,1529,1454,1151,1255,1203,1321,1135,1097,1511,1219,1168,1337,1010,1495,995,1504,1022,1520,1416,986,1058,1541,1553,981,1081,1339,1283,1246,1553,1076,1172,1186,1095,1205,1005,1417,1520,1078,980,1436,1152,1466,1549,1179,1022,1509,1356,1419,1078,1553,1496,1431,1558,1369,1456,1203,1226,1311,1224,1227,1094,1202,1050,1344,1289,1293,1434,1454,1037,1419,1365,1101,999,1050,1471,1383,1190,1566,1431,1105,1192,1380,997,1432,1538,1296,1521,1208,1142,1447,1275,1137,1342,1407,1491,1229,1016,1510,1346,1355,1208,1379
,1248,1432,1484,1376,1109,1423,1151,1004,1047,1514,1038,1515,1427,1557,1161,1436,1182,1527,1552,1184,1324,1006,1385,1395,1250,1422,1207,1181,1072,994,1295,1423,1329,1319,1383,1056,1244,1141,1424,1245,1513,1092,1053,1000,1259,1139,989,1089,1179,1085,994,1464,1521,1249,1520,1023,1254,1110,999,1025,1058,1306,1475,995,1541,1412,1484,1425,1257,1291,1114,1248,1074,1518,1214,1495,1120,1380,1297,1293,1437,1183,1386,1320,1026,1293,997,1338,1413,1115,1116,1386,1421,1465,1492,1246,1439,1189,1549,1025,1159,1370,1554,1225,1276,1538,1531,1126,1405,1331,1350,1564,1168,1258,1250,1533,1276,1147,1060,1378,1006,1246,1343,1117,1433,1356,1457,1359,1043,1373,1280,987,985,1049,1133,1565,1315,1070,1272,1259,992,1145,986,1199,1083,1355,1165,1355,1458,1334,1012,1323,1333,1114,1512,1228,1193,1331,1512,1316,1272,988,1414,1046,1352,981,1345,1019,1182,1341,1488,1414,1183,1154,1559,1552,1247,1448,1349,1430,1361,1172,1146,1001,1412,1312,1298,1118,1065,1203,1554,1160,1497,1205,1119,1287,1282,1269,1366,1196,1233,1514,1095,1448,1112,1170,1150,1506,1345,1306,1469,1431,1210,1270,1212,1349,1218,1380,1364,1073,1285,1298,1346,1513,1256,1000,1155,1201,1430,1475,985,986,1071,1435,1082,1269,1001
,1459,1277,1112,1551,1383,1356,1371,1490,1304,1114,1181,1166,1464,1322,1533,1326,1294,981,1344,1387,1451,1025,1110,1064,1145,1286,1168,994,1291,1271,1345,1537,1133,1023,1519,1457,1198,998,1430,992,1234,1553,1143,1392,1256,1458,1390,1378,1567,998,1196,1165,1120,1426,1294,1276,1513,1466,1065,1441,1165,1515,1463,1436,1450,1462,1242,1033,1475,1253,1490,1337,1157,1330,1168,1389,1152,1219,1010,1492,1059,1196,1415,1147,1470,1157,1416,1458,1533,1294,1325,1476,1324,1106,1414,1242,1233,1336,1422,1489,1408,989,984,1294,1512,1522,1361,989,1261,1423,1209,1459,1413,1083,1464,1013,1345,1132,1141,1478,1254,1374,1522,1181,1511,1383,1026,1249,1521,1497,1214,1211,1113,1500,1432,1457,1066,1241,1147,1217,1566,1192,1305,1207,1327,1330,1164,1077,1382,1474,1202,1562,1379,1063,1567,1412,1235,1001,1107,1040,1036,1353,1113,1160,1467,1281,1357,1145,1023,1563,1388,1232,1009,1538,1468,1244,1193,1559,1072,1086,1472,1501,1109,1025,1366,1212,1082,1422,1271,1381,1398,1102,1023,1347,1196,1271,1520,1177,1328,1180,1258,1377,1202,1353,1199,1062,1361,1167,1294,1564,1069,1295,1444,1371,1129,1504,1090,1258,1555,1494,1129,1025,1166,1259,1230,1250,1260,1397,1250,1473,1508,1018,1433,1210,1420,1102,1224
,1262,1050,1251,1145,1392,1412,1352,1187,1560,1235,1333,1222,1494,1414,1157,1249,1319,1243,1253,1103,1479,1077,1249,1123,1566,1466,1295,1347,1382,1008,1226,1155,1096,1463,1308,990,1551,1231,1127,1439,1120,1056,1489,1082,1457,1513,1124,1216,1071,1475,1341,1457,992,1079,1082,1492,1205,993,1329,1055,1398,1494,1291,1323,1248,1140,1345,1358,1156,1490,1517,1544,1549,1316,1051,1130,1141,1211,1461,1070,1432,1367,1040,1036,1561,1399,1257,1385,1140,1212,1024,1209,1278,1190,1289,1095,987,1067,1428,1396,1167,992,1473,1295,1297,1354,1218,1363,981,1379,1518,1076,1128,1285,1381,1502,1366,1295,1003,1511,1470,1511,1198,1556,1245,1357,1500,1249,1505,1505,1393,1407,1173,1370,1293,1508,1360,1526,1455,1477,1263,1478,1232,1268,1253,1007,1433,1218,1345,1509,1063,1471,1354,1113,1045,1328,1405,1232,1274,1197,1421,1516,1198,1028,1184,1351,1100,1422,980,1066,1004,1240,1558,1446,1365,1413,1042,1283,1133,1201,1423,1318,1373,1065,1548,1430,1518,1556,1205,1146,1340,1071,1403,1505,1036,1387,1323,1417,1238,1281,1411,1110,994,1493,1005,1322,1306,1209,1286,1405,995,1051,1285,1103,1335,994,1547,1484,1220,1308,1088,1193,1379,1530,1358,1138,1507,1096,1544,1001,998,1203,1381,1430,1036,1054,1099
,1280,1091,1319,1480,1209,1206,1211,1203,1254,1222,1053,1174,1130,1136,1390,1268,1137,1064,1162,1252,1261,1371,1225,983,1020,1212,1005,1053,1087,1232,1513,1555,1342,1055,1559,1477,1547,1448,1297,1064,1397,1453,1245,1296,1361,1270,1536,1082,1408,995,980,1156,1385,1088,1414,1538,1352,1383,1435,1505,1418,1223,1566,1367,1004,997,1457,1466,1449,1364,1296,1206,1562,1088,1197,1331,1332,1195,1204,1323,1541,1360,1127,1500,1315,1354,1466,1015,1209,1464,1501,1139,1104,1137,1088,1180,1451,1183,1058,1010,1250,1187,1215,1505,1203,1016,1377,1308,1397,1136,1430,1052,1135,1400,1555,1379,1495,1548,1008,1122,1181,1444,1344,1558,1031,1281,1169,1008,1226,1531,1481,1554,1414,1236,1488,1447,1202,1051,1489,1179,1431,1348,1475,1502,1249,1261,1333,1378,1000,1051,1366,1420,1566,1530,1136,1011,1454,1373,1434,1230,1367,1260,1083,1540,1222,1432,1120,1114,1095,1135,1243,1543,1025,1337,1482,1082,995,1472,1479,1562,1466,1173,1096,1422,1112,1124,1234,1131,1502,1041,1394,1018,1050,1198,1489,1168,1396,1287,1183,1399,1071,1170,1506,1434,1413,988,1011,1026,1134,1362,1275,1138,1044,1289,1279,1424,1116,1518,1133,1524,1309,1130,1384,1141,1271,1235,1212,1097,1058,1503,1049,1226,1388,1148,1272,1452,1135
,1431,1338,1306,1429,1563,1252,1302,1068,1226,1115,1194,1485,1005,1556,1000,1162,1176,1257,1263,1251,1391,1068,1191,1343,1355,1314,1354,1284,1279,1540,1349,1400,1185,1372,1240,1027,1321,1184,1087,1399,1438,1235,1558,1153,1393,1207,1474,1418,1228,1247,1418,1398,1112,1519,1026,1480,1508,1065,1354,1308,1267,1393,1192,1399,1141,1012,1201,1194,1031,1417,1105,1165,1130,1327,1003,1007,1492,1369,1314,1163,1518,1416,1332,1265,989,1313,1373,1140,1309,1341,1341,1540,1000,1199,1402,1090,1120,1489,1424,1539,1254,1006,1430,1112,1009,986,1079,1344,1200,1038,1098,1523,1528,1498,1060,1539,1325,1384,1373,1486,1014,1211,997,981,1428,1101,1207,1473,1019,1365,1117,1180,1212,1564,1546,1352,1128,1117,1087,1473,1438,1438,1242,1381,1021,1433,1545,1095,1548,1262,1554,1458,1146,1097,1335,1512,1522,1307,1203,1058,1121,1234,1047,1437,1415,1131,1004,1488,1255,1360,1329,1029,1462,1240,1282,1430,1318,1328,1339,1495,1424,1326,1011,1022,1407,1044,1168,1074,1061,1354,1546,1167,1428,1381,1345,1237,1289,1337,1261,1303,1394,1102,1346,1503,1286,1061,1530,1399,1289,1355,1029,1087,1137,1373,1351,1034,1391,1269,1403,1285,1333,1142,1059,1199,1436,1029,1167,1359,1251,1077,1130,1360,1554,1376,1190,1217,1217
,1234,1145,1164,1466,1368,1110,1284,1040,1016,1217,1483,1513,1057,1295,1043,1419,1475,1386,1498,1426,1390,1520,1158,1020,1072,1490,1517,1233,1520,1404,1138,1425,1526,1546,1394,1000,1091,1236,1134,1020,1492,1384,1374,1535,1518,1003,1083,1430,1060,1539,1470,1272,1474,1371,1071,1400,1431,1023,1312,1428,1014,1397,1283,1515,1441,1036,1387,1317,986,1299,1473,1415,1151,1082,1469,1255,1231,1446,1029,1423,991,1026,1329,1399,1399,1049,1522,1278,1325,1269,1264,1393,1000,1211,1240,1024,1237,1564,1107,1460,1089,1310,1404,1285,1204,1141,1013,996,1109,1546,1057,1273,1431,1498,1352,1551,1145,1166,1029,1306,1366,1556,1117,1008,1456,1359,1349,1025,1047,1287,1503,1176,1506,1163,1486,1458,1254,1290,1443,1356,1101,1084,1456,1535,1424,1212,1054,1313,1491,1214,1324,1129,1440,1347,1298,1524,985,995,1254,1287,1516,1120,1303,1341,1180,982,1206,1241,1186,1486,1476,1327,1536,1168,1287,1127,1221,1310,1050,1425,1001,1475,1367,1385,1087,1099,1032,1359,1286,1503,1068,1558,1175,1550,1387,1477,1141,1389,1511,1087,1030,1488,1031,1524,1174,1163,1059,1396,1467,1484,1552,1221,1505,1169,1385,1469,1101,1406,1180,1543,1179,1499,1548,1304,1330,1282,1195,1123,1388,1143,1502,1540,1293,1011,1425,1552,985
,1159,1270,1487,996,1464,1475,1125,1476,1149,1435,1056,1211,1306,1408,1142,1252,1130,1476,1113,1150,1200,1162,1016,1146,1260,1074,1265,1550,1108,994,1438,1189,1562,1213,1450,1223,1304,1048,1503,1050,1494,1025,1003,1064,1082,1417,1169,1010,1331,1561,1373,1394,1138,1476,1312,1292,1482,1146,1071,990,1482,1009,1487,1063,1023,1315,1468,1131,1151,1073,1117,1196,1107,1264,1075,1156,1207,1552,1186,1184,1026,1540,1113,1559,1048,1496,1489,1391,1117,1353,1506,1286,1268,1113,1205,1496,1556,1081,1220,1050,1080,1007,1500,1562,1464,1030,1371,1517,1311,990,1567,1238,1148,1438,1549,988,1517,1407,1522,1150,1327,1497,1343,1457,1147,1119,1056,1181,1515,1209,1426,1339,1022,1492,1538,1307,1027,1495,1077,1024,1198,1016,1152,1473,1394,1330,1094,1421,1435,1412,1277,1449,1380,1380,1312,1373,1227,1163,1253,1191,1091,1393,1330,1294,1459,1495,1449,1236,1281,1272,1186,1270,1553,995,1425,1033,1128,1432,1455,1444,1041,1230,1431,1560,1323,1473,1173,1270,1411,1541,1268,1152,1456,1179,1115,1355,1527,1202,1515,1471,1258,1374,1295,1451,1103,989,1020,1376,1356,1081,1463,1262,1542,1494,1085,1447,1450,1165,1209,1005,1364,1448,1126,1538,1129,1543,1495,1549,1516,1562,1510,1371,1232,1549,1022,1522,1067
,1457,1172,1397,1201,1448,1445,1540,1303,1294,1012,1057,1134,1275,1319,1293,1171,1319,1117,1319,986,1059,1228,1063,1367,1499,1395,1336,1070,1479,1090,1013,1033,1075,1418,1555,1307,1297,1491,1092,1379,1249,1357,1270,1366,1530,1194,1530,1080,1004,1191,1377,1368,1247,1013,1173,1441,1108,1084,1489,1321,1408,1422,1030,1024,987,1388,1198,1296,1342,1013,1164,1335,1191,1292,999,1524,1309,1203,1170,1253,1405,1004,1173,1464,1082,1163,1536,1478,1177,1278,1113,1283,1055,988,1082,1313,1318,1266,1182,987,1562,1230,1229,998,1314,1410,985,1411,1541,1279,1511,1499,1155,1085,1308,997,1374,1434,1521,1038,1045,1310,1250,1563,1528,1346,1120,1492,1560,1421,1457,1520,1393,1270,1134,1409,1106,1249,1008,1419,1038,1212,1510,1020,1118,1358,1359,1169,1303,1119,992,1216,1409,1546,1445,1436,1429,1197,1343,1546,1526,1543,1030,1296,1161,1284,1155,1229,1216,1199,1180,1047,1448,1057,1285,1007,1274,1367,1492,1197,1489,1471,1027,1552,1468,1240,1166,1355,1284,1137,1517,1405,1164,1277,1353,1203,1174,1297,1549,1136,1147,1118,1128,1391,1338,1457,1478,1555,1455,1112,1001,1340,1420,1110,1493,1194,1249,1519,1370,1242,1011,1157,1038,1422,1065,1030,1158,1207,1224,1385,986,1459,1436,1513,1370,1392,1388
,1180,1368,1327,1071,1010,1040,1417,1206,1195,1337,1053,1188,1154,1237,1211,1518,1480,1011,1096,1503,1318,1291,1489,1031,1457,1508,1207,1283,1276,1194,1067,1375,1334,1492,1550,1223,1180,1124,1149,1309,1431,1402,1102,1123,1301,1496,1140,1338,1393,1174,1054,1535,1126,1049,1312,1554,1234,1486,1370,1394,1008,1024,1343,1508,1552,1400,1465,1235,1463,1274,1154,1247,1494,995,1040,1079,1135,1142,1561,1033,1093,1078,1165,1517,1197,1184,1373,1496,1082,1313,1490,1456,1107,1481,1242,1396,1429,1153,1441,1186,1118,1486,1040,1365,1546,1321,1328,1172,1115,1567,1008,1127,1361,1415,1333,1478,1154,1214,1186,1182,1158,1434,1052,1496,1138,1322,1281,1022,1052,1096,1279,1222,1107,1322,1513,1277,1033,1134,1178,1051,1057,1553,1467,1438,1048,1449,1286,1011,997,1042,1435,1287,1020,1063,1294,1207,1306,1158,1464,1384,1456,1054,1415,1317,1512,1352,1538,1002,1052,1332,1124,1049,1201,1307,1010,1350,1554,1196,1259,1088,1419,1473,1057,1129,1450,1010,1028,1507,1277,1206,1178,1271,1115,1369,1101,1185,1454,1294,1311,1285,1464,1323,1371,1257,1125,1254,999,1379,1218,1256,1124,1539,1482,1051,1261,1516,1082,1221,1284,1180,1217,1342,1232,1352,1211,1118,983,1189,982,1081,1491,1414,1400,1043,1505,1210,1460
,1544,1209,1030,1406,1479,1441,1097,1220,1451,1439,1392,1233,1324,1522,1545,1147,1041,1112,1039,1271,1046,1131,1048,1092,1313,1012,1070,1552,1264,1122,1214,1069,1152,1103,1282,1547,992,1021,1309,1347,1006,1329,1318,1168,1160,1136,1374,1033,1449,1549,1083,1460,995,1211,1512,1257,1192,1404,1446,1153,1261,1495,1529,1327,988,1366,1565,1506,1225,1408,1232,1133,1532,1531,1228,1077,986,1196,1428,1067,1562,1163,1526,1178,1419,1063,1545,1325,1245,1384,1371,1101,1105,1454,1340,1142,1144,1257,1566,1446,1236,1035,1270,1330,1186,1197,1216,1235,1381,1464,1003,1467,1421,1215,1037,1458,1245,1187,1153,1395,1119,1044,1071,1374,1440,1275,1183,1394,1313,1319,1367,1407,1245,1053,1471,1114,1163,1564,1370,1380,1498,1126,1361,1302,1126,1434,1455,1093,1323,1101,1066,1084,992,1114,1359,1079,1489,1552,1498,1554,1390,1114,1342,1285,1173,1457,1210,1110,1235,1068,1343,1288,1401,1460,1557,1040,1251,1188,1037,1401,1330,1111,1441,1215,981,1143,1085,1216,1465,1274,1557,1009,1375,1504,1428,1341,1114,1051,1396,1052,1159,1225,997,1170,1005,1488,1346,1214,986,992,1364,1005,1167,1215,1230,1066,1023,1351,1388,1231,1103,1116,1464,1030,1251,1409,1319,1467,1033,1049,1339,1219,1060,1297,1277,1490,1294
,1129,1124,1137,1173,1078,1158,997,1042,1036,1325,1065,1361,1237,1215,1260,1516,1265,1278,1212,1525,1319,1226,1335,1358,1255,1103,1536,1322,1185,1313,1211,1211,1508,1137,1158,1126,1327,1323,1329,1320,1239,1122,1061,1115,1383,1106,1057,1470,1196,1544,1297,1170,1292,1349,1370,1342,1554,1314,1517,1467,1244,1495,1315,1177,1359,1373,1484,1266,1408,1421,1272,1376,1286,1011,1051,1445,1146,1473,1485,1269,992,993,1146,1074,1332,1435,998,1105,1190,1522,1254,1305,1154,1517,1301,1305,1260,1217,1136,1565,1046,1013,1088,1399,1271,1413,1376,1528,1442,1070,1474,1008,1350,1109,1319,1380,1292,1332,1458,1064,1002,1165,1556,1064,1022,1318,1389,1360,1142,1135,1227,993,1466,1088,1064,1161,1170,1124,1040,1493,1064,1241,1031,1092,1435,1548,1099,1257,1090,1131,1246,1541,1332,1294,1366,1287,1185,1142,1021,1122,1115,1155,1041,1171,1185,1404,1484,1498,1490,1338,1438,1348,1495,1465,1285,1070,1026,996,1138,1277,1567,1391,1181,1246,1361,997,990,1178,1133,1212,1354,1339,1270,1532,1405,1488,1242,1441,1191,1497,1346,1520,1117,1248,1205,1444,1259,1319,1524,1424,1417,1218,1323,1061,1406,1214,1340,1321,1022,1476,1501,1377,1469,1166,1221,1097,1161,1330,1469,1263,1107,1011,1294,1430,1424,1064,1298
,1190,1216,1484,1321,1046,1172,1061,1439,1424,1535,1530,1414,1222,1197,1048,1194,1299,1477,1146,1180,1161,1486,983,1353,1436,1394,1069,1068,1172,1360,1399,1014,1040,1561,1510,1159,1095,1224,1388,1047,1393,1471,1540,1045,1392,1043,1487,1526,993,1148,1367,1284,1292,1439,1122,1518,1258,1506,1281,1249,1263,1330,1154,1114,1394,1270,1000,1506,1036,1431,1261,1017,1544,1108,1098,1107,1559,1553,1002,1451,1356,1070,1130,1254,1051,1520,1138,1137,1269,1036,1069,1068,1483,1533,1299,1248,1118,1458,1232,1362,1076,1144,1218,1065,992,1493,1227,1023,1040,1369,1049,1497,1375,1472,1059,1085,1306,1011,1432,1137,1342,1359,1518,1564,1431,1556,1017,1312,1016,1095,1201,1502,1487,1554,1221,1458,1545,1129,1067,1494,1169,1013,996,1303,1316,1258,1474,1077,1361,1451,1547,1456,1063,1457,1397,1089,1144,1557,1355,1005,1167,1566,1040,1138,1289,1408,1399,1421,1255,985,1397,1389,1222,983,986,1351,1039,1180,1199,1197,1390,1338,1321,1525,1192,1305,1043,1090,1448,1170,1121,1351,1087,1298,1243,1109,1127,1401,1522,1181,1034,1147,1046,1064,1363,1025,1433,1301,1086,1409,1481,1118,1004,1318,1020,1162,1528,1125,1401,1000,1212,1426,1556,1072,1009,1108,1507,1451,1395,1007,1462,1097,1420,1281,1528,1269,986
,1089,991,1206,1029,1076,1544,1506,1067,1479,1112,981,1423,988,1335,1324,1047,1490,1507,1296,1079,1069,1095,1121,1219,1145,1403,1077,1257,1490,1130,1238,1261,1082,1330,1019,1303,1446,1445,1493,1496,1124,1232,1210,1519,1328,1544,1158,1110,1398,1135,1451,1231,1288,1184,1224,1178,1293,1021,1434,1541,1337,1122,1412,1098,1527,1261,1010,1214,1133,1115,1144,1030,1208,1554,1221,1309,1174,1035,1412,1194,1160,1396,1067,1542,1053,1565,1536,989,1534,1190,1072,1320,1332,1038,1218,1211,1514,1098,1529,1160,1384,1337,1062,989,1422,1277,1428,1132,1553,1254,1352,1102,1184,1410,1149,1172,1227,1071,1134,993,1321,1336,1340,1371,1194,1131,1519,1460,1005,1098,1187,1404,1219,991,1128,1355,1446,1344,1275,1028,1507,1450,1524,1408,1272,1564,1356,1502,1158,1106,1419,1267,1464,1118,980,1319,1351,1332,1145,1193,1030,992,1280,1149,1059,1039,1200,1279,1497,1005,1115,1220,1181,1373,1517,1475,1052,1228,1434,1481,1029,1195,1344,1479,1539,1261,1398,1433,1502,1305,1110,1161,1236,1434,1200,1191,1424,1056,1562,1032,1275,1173,1303,1107,1063,1405,1544,1243,1061,993,1156,1455,1380,1465,1457,997,1275,1423,1493,1364,1221,1557,1145,1556,1505,1218,1239,1230,1181,1236,1391,1436,1105,1250,1115,1292,1292
,1287,1426,1293,1260,991,1390,1179,1318,1173,1478,1101,1359,1321,1024,1322,1191,1499,1041,1231,1267,1189,1451,1088,1352,1030,1188,1399,1019,1216,1418,1465,1079,1411,1213,1501,1145,1010,1119,1132,1010,1555,1359,1408,999,1534,1518,1356,1495,1299,1239,1132,1069,1317,1142,1103,1411,1074,1513,1320,1535,1465,1297,1441,1549,1383,1031,1462,1455,1043,1506,1020,1550,1524,996,1106,1463,1214,1106,1042,1532,1078,1498,1127,1489,1194,1522,1324,1411,1340,1555,1126,1004,1483,1453,1252,1289,1060,1201,1223,1534,1146,1231,1500,1095,1039,1187,1076,1527,1035,1339,1413,1353,1420,1287,1273,1087,1351,1243,1000,1052,1401,1397,1182,1045,1255,1357,1512,1179,1473,1234,997,1024,1405,1226,1160,1013,1545,993,985,1067,1124,1234,1101,1558,1103,1254,1427,1358,1567,1185,1356,1058,1097,1194,1220,1319,1432,1302,1512,1028,1512,1248,1414,1102,1440,1204,1280,1054,1043,1116,1078,1519,1402,1272,1482,1316,1410,1330,1011,1038,1457,1185,1027,1325,1313,1445,1197,1315,1231,1084,1329,1040,1463,1107,1532,1365,1065,1468,1259,1165,1237,1005,1239,1215,1335,1106,1418,1024,1071,1081,1336,1555,1230,1141,1259,1152,1332,1269,1076,1416,1012,1091,1490,1065,1081,1173,1249,1246,1442,1285,997,1118,1229,1408,1551,1381,994
,1020,1299,1508,1064,1430,1297,1242,1047,1064,1187,1548,1478,1412,1561,1437,1080,1226,1236,1473,1281,1115,1174,1225,1245,1028,1446,1337,1206,1070,1442,1501,1281,1419,1562,1372,1263,1278,980,1157,1335,1065,1059,1304,1230,1302,1348,1318,1209,1504,1468,1016,1097,1335,1062,1131,1407,1048,1386,1130,1386,1273,1437,1381,1307,1103,1072,1428,1121,1247,1367,1305,1565,1392,1497,1421,1151,1252,1425,1324,1392,1135,1424,1426,1545,1130,1223,1480,1294,1470,1344,1174,1416,1388,1231,1427,1272,1549,1327,1003,1517,1115,1454,1394,1060,1043,1059,1288,992,1319,1553,1539,1390,1230,1404,1067,1451,1474,1176,1029,1327,1133,1524,1356,1301,1206,1141,1166,1289,1241,1275,1334,1188,1382,1256,1267,1284,1019,1498,1564,1206,1350,1552,1143,1367,1555,1029,1114,1254,1047,1404,1140,1276,1537,1294,1190,1004,1138,1126,1154,1195,1383,1514,1128,1142,1296,1170,1312,993,1337,1223,1278,1538,1481,1151,1486,1293,1130,1256,1388,1261,1558,1557,1440,1172,1535,1461,1004,1456,1339,1401,1283,1014,1550,1033,1088,1480,1293,1531,1068,1259,1314,1170,1361,1436,1506,1519,1182,1446,1541,1221,1192,1554,1438,1408,1156,1166,1216,1039,1537,1085,1032,1382,1550,1056,1352,1515,1350,1305,1309,1269,1241,1503,1416,1202,1515,1012,1522
,1342,1291,1283,1496,1102,1320,1228,1276,1503,1544,1306,1512,1251,1253,1107,1229,1417,1507,995,1411,1365,1007,1185,1355,1457,1230,1162,1561,1025,1280,1510,1318,1536,1280,1526,1491,1142,1106,1193,1419,1031,1228,1558,1014,1001,1288,1345,1494,1071,1325,1228,1537,985,996,1022,1540,1113,1369,982,1460,1050,1535,1560,1329,1358,1253,1506,1311,1562,1536,1070,1519,1260,1475,992,985,1213,1055,1481,1094,1015,1447,1388,1008,1475,1019,1217,1107,1128,1494,1210,1098,1354,1418,1393,1288,1287,1320,1394,1497,1145,1360,1083,1354,1308,1544,1348,1284,1388,993,1197,1217,1040,1116,1126,1167,1383,1389,1417,1075,1143,1281,1078,1059,1099,1009,1280,1224,1052,1238,1040,1122,1205,1076,1329,1493,1189,984,1200,982,1184,1107,1368,1075,1074,1244,1010,1478,1379,1245,1144,1477,1343,1319,1125,1321,1138,1018,1557,1423,1219,1424,1480,1137,1102,1489,1338,1082,1222,1401,1019,1173,1555,1561,1325,1461,1485,1241,1418,1495,1514,1344,1009,1484,1452,1519,1400,1512,1546,1260,1502,1560,1146,1557,1088,1270,1261,1505,1474,1261,1489,1193,1491,1235,1165,1334,1034,1503,1534,1373,1129,1312,1427,1413,1143,1143,1349,1310,1091,1220,1516,1165,1364,1210,1535,1219,1156,984,1381,1032,1058,1360,999,997,1129,1499,1414
,1399,1078,1467,1016,1313,1017,1294,1443,1075,1448,1014,1245,1475,1239,1279,1023,1162,1123,1283,1219,1001,1043,1436,1209,1426,1178,1543,1359,1027,1143,1532,1276,1441,1390,1485,1247,1256,1341,1532,1048,1260,1183,1029,1469,1171,984,1529,1237,1161,1330,1182,1170,1283,1398,1160,1359,1018,1369,997,1511,1456,1139,1542,1106,1365,1157,1356,1265,1423,1551,995,1272,1438,1420,1378,1247,1015,1075,1424,1109,1408,1567,1000,1374,1401,1290,1025,1342,983,1372,1285,1394,1218,1005,984,1119,1438,1093,1059,1087,1018,1511,1021,1530,1408,1264,1432,989,1148,1403,1179,1559,1000,1246,1151,1384,1040,1014,1346,1544,1025,1022,1097,1561,1556,1263,1119,1252,1497,1182,1117,1244,1445,1195,1368,1464,1330,1425,1393,1474,1463,1273,1278,1094,1030,1199,1377,1204,1194,1230,1563,1127,1411,1129,1268,1481,1065,1455,1203,1357,1155,1253,1177,1081,1395,995,1385,1265,1350,1394,1421,1166,982,1369,1223,1084,1394,1224,1197,1026,1545,1153,1142,1427,1015,1277,1465,1520,1140,1295,1069,1254,1440,1279,1126,1005,1522,1365,1174,1312,1162,1141,1172,1295,1441,1368,1393,1172,1006,1512,1192,1409,1072,1416,1431,1402,1511,1404,1413,1082,1388,1213,1086,1311,1438,1271,1090,1199,1172,1547,1270,1240,1268,1089,1239,1541,1229
,1472,1496,1478,1520,1337,1399,1434,1415,1373,1538,993,1015,1020,1099,1111,1457,1407,1271,1481,1486,1501,1536,1555,1022,1078,1053,1486,1200,1198,1478,1031,1183,1212,1211,1139,1007,1057,1313,1103,1299,1008,1275,1340,1134,1484,1344,1371,1078,1522,1047,1133,1100,1459,1454,1053,1259,1406,1008,990,1102,1182,1257,1024,1148,1318,1240,1095,998,1237,1401,1523,1027,1519,1008,1081,1075,1342,1252,1380,1199,1468,1505,1285,1230,1097,1224,1324,1012,1346,1379,1399,1153,1370,1402,998,1345,1221,1564,1529,1021,1349,1114,1392,1161,1392,1509,1279,1130,1427,1355,1270,998,1389,1563,1239,1317,1524,1246,1242,1146,1517,998,1130,1175,1120,1134,1136,1201,1339,1401,1179,1532,1352,1547,1262,1002,1467,1188,995,1451,983,1031,1034,1404,1259,1410,1530,991,1056,1289,1215,1477,1138,994,1223,1112,1176,1222,1144,1019,1114,1076,1210,1424,1274,1049,1083,1444,987,1469,1137,1286,1378,1318,1100,1146,1143,1143,1552,1347,1029,1069,1501,1038,1322,1021,1143,1510,1028,1118,995,1226,1349,1081,1383,1241,1203,1074,1292,1180,1209,1474,1514,999,1303,1258,1138,1162,1260,1542,1472,1068,1016,1228,1003,1453,1493,1092,1352,1416,1129,1279,1471,1260,1471,1068,981,1282,1414,1520,1157,1560,1453,1047,1064,1289,1297
,1529,1343,1387,1016,1560,1346,1100,1257,1106,1499,1436,1201,1226,1240,1270,1113,997,1532,1081,1294,1445,1509,1367,1344,1449,994,1072,1399,1478,1130,1061,1003,1166,1317,1083,1520,1515,1277,1479,1259,1531,1278,1318,1456,1434,1329,986,1547,1459,1427,1149,1323,1459,1541,1392,1177,1462,1452,1296,1239,1355,1235,1149,1455,1148,1452,1523,1527,1026,1443,1298,1357,1076,1054,1265,989,1409,1527,1070,1484,1122,1057,1253,1563,1545,1351,1002,1306,1378,1341,1407,1300,1424,1132,1469,1044,998,1277,1104,1382,1393,1105,1265,1211,1328,1202,1398,1555,1248,1090,1270,1181,1182,1213,1219,1155,1022,1556,1232,1037,1177,1434,1497,1189,1425,1456,1464,1175,1166,1342,1057,1042,1089,1290,1173,1092,1171,1088,1286,1013,1438,997,1009,1236,1141,1221,1406,1542,1013,1459,1475,1416,1434,1359,1203,1429,1410,1436,1123,1484,1139,1520,1566,1229,1124,1167,1339,1383,1162,1273,1252,1241,1340,1246,1542,1171,1472,1284,980,1392,1013,1101,1266,1095,1030,1080,995,1420,1051,1401,1388,1080,1261,1354,1472,1209,1025,1249,1565,1335,1540,1477,1536,1116,1355,1236,1241,1336,1208,1099,1401,1045,1233,1511,1038,1419,1435,1203,1095,1047,1426,1439,1520,1069,1242,1540,1422,1002,1190,1160,1378,1157,1563,1266,1453,1048,1066
,1400,1301,1420,1201,1039,1445,1540,1386,1197,1535,1097,1166,1004,1074,1235,1303,1242,1421,1392,1356,1056,1393,1332,1515,1548,1104,1323,1104,1396,1245,1137,1472,1084,1199,1534,1417,1406,1541,1395,1379,1177,1016,1151,1484,1253,1252,1525,1359,1234,1062,1365,1103,1214,1089,1561,1277,1543,1039,1414,1301,1474,1005,1539,1277,1180,1457,1346,1464,1547,1253,1403,1017,1278,1026,984,1238,1107,1081,1498,1301,1236,1310,1038,992,1464,1327,1413,1260,1107,1267,1363,1531,1087,1384,1535,1538,1020,1218,1364,1365,1309,1032,1462,1232,1109,1014,1255,1185,1383,1484,1370,1501,1153,1005,1085,980,1358,1176,1454,1400,1055,1472,1212,1081,1072,1085,1147,980,1352,1419,1525,1525,1543,1254,1190,1291,1165,1406,1443,1134,1314,1385,992,1564,1288,1358,1361,1444,1507,1154,1249,1113,1002,1088,1132,1368,1189,1161,1533,1193,1171,1026,1069,1258,1064,1046,1268,1521,1116,1408,1192,1512,1067,1357,1135,1116,1511,1283,1009,1295,1529,1430,1256,1373,1461,1162,1092,1056,1247,1553,1446,1034,1468,1056,1253,1394,1064,1351,1026,1264,1234,1052,1253,1458,1081,1321,1459,1282,1334,1246,1095,1141,1149,987,1011,1508,1245,1102,1097,1327,1530,1309,1069,1535,1147,1122,1468,1180,1136,1340,1078,1046,1281,1538,1385,1295,1470
,1303,1119,1229,1180,1154,1276,1534,1004,1507,1396,1124,1532,1101,1533,1386,1164,1000,1019,1361,1102,1554,1121,1004,1441,1487,1122,1485,1333,1214,1162,1117,1389,1002,1554,1448,1151,1110,1137,1063,1328,1349,1499,983,1297,1309,1389,1485,1498,1514,1544,1399,1380,1139,1216,1500,1547,1550,1472,1282,1451,1380,1146,1405,1242,1537,1236,1071,1460,1038,1111,1420,1237,1567,1025,1426,1507,1347,1294,1245,1157,1436,1474,1457,1301,1515,1154,1098,1497,1435,1023,1167,993,1539,1133,1245,1490,1200,1209,1097,1416,1259,1149,1227,1433,1545,1185,1369,1206,1517,1088,1022,1058,1433,1564,1326,1077,1514,1153,1002,1253,1284,1392,1234,1491,1555,1158,1143,1519,1172,1142,1419,1533,1437,1352,1122,1449,1253,1439,1564,1114,1162,1469,1056,1239,1001,1376,1113,1178,1448,1435,1466,1308,1519,1251,1501,1099,1380,1504,1142,1404,1462,1119,1441,1123,1520,1127,1035,1053,1018,1178,1061,1488,1488,1130,1346,1387,1291,1311,1033,1206,1484,1063,1373,1550,1282,1275,1222,1532,1547,1299,984,1444,1062,1178,1407,1328,1106,996,1141,1362,1312,1309,1299,1375,1376,1032,1369,1101,1386,1153,1165,1115,1147,1025,1420,1061,1446,1216,1278,1454,1158,1049,1045,1301,1472,1417,1280,1301,1473,1402,1273,1416,1257,1181,1528,1293,1501
,1296,1107,1541,1039,1441,1288,1066,1239,1339,1275,1071,1270,1024,1301,1135,1522,1434,1491,1099,1063,1274,1139,1503,1375,1099,1225,1524,1442,1516,1136,1405,1159,1554,1233,1353,1075,1548,1555,1191,1126,1248,1098,1232,1409,1122,1024,1114,1250,1528,1108,1242,1400,1400,1023,1361,1255,1104,1074,1478,999,1331,1401,987,1057,1045,1181,1470,1300,1008,1029,1082,1147,1119,1095,1237,1145,1141,985,1476,1193,1255,1192,1490,1254,1072,1099,1250,1025,1449,1349,1384,1275,1222,1117,1183,1209,1473,1155,1551,1014,1170,1098,1293,1365,1290,1014,1097,1343,1218,1227,1372,1426,1063,1084,1433,1516,1280,1177,1435,1100,1020,988,1320,1234,1028,1468,1531,1209,1044,1459,1511,1106,1333,1001,1338,1553,1252,1040,1231,1353,1156,1421,987,1323,1521,1469,1118,1438,1515,1157,1079,1464,1468,1303,1536,1546,1204,1394,1311,1008,1181,1508,1542,1139,1163,1507,1543,1101,1423,1517,1455,1199,1354,1038,1262,1177,1130,1004,1154,1396,1423,1175,980,1020,1125,1528,1273,1508,1180,1437,1079,1295,1527,1504,1118,1455,1473,1027,1338,1379,1359,1018,1369,984,1088,1496,1479,1425,1358,1210,1228,992,1037,1277,1504,1074,1221,1225,1329,1519,1517,1538,1084,1021,1287,1478,1328,1354,1131,1548,1136,1074,1118,1409,1258,1473,1516
,1437,1360,1524,1230,1404,1401,1055,1029,1103,1518,1104,1226,1074,1504,1110,1282,1008,1269,1062,1104,1545,1462,1221,1416,1090,1247,1066,1132,1223,1526,1198,1357,1235,1454,1242,1164,1221,1299,1500,1162,1449,1253,1176,1007,1177,1419,1240,1484,1086,1282,1140,1295,1050,1387,1214,1392,1013,1076,1512,1225,1469,1523,1092,1379,1182,1208,1291,1278,1393,1416,1114,1168,1055,1149,1338,1307,1133,1019,1282,1462,1187,1150,1087,1306,1031,1079,1215,1463,996,1308,1102,1150,1184,1055,1100,1557,1204,1505,1032,1063,1224,1182,1491,1173,1343,1405,1150,1362,1118,1488,1224,1133,1445,1068,1342,1567,1225,1051,1076,1234,1070,1020,1309,1480,1481,1158,997,1475,1500,1053,1161,1494,1027,1211,1113,1012,1227,1261,1218,1394,1124,1370,1432,1256,1524,1172,1014,1362,1051,1016,1296,1218,1040,1426,1037,1319,1186,1308,1016,1543,1364,1554,1247,1136,1519,1415,1261,1159,1059,1293,1206,1244,1552,1111,1456,1432,1459,1510,1057,1517,1440,1254,1361,1202,1234,1079,983,1203,1184,1113,1166,1522,1215,1089,1470,1124,1425,1337,1379,1362,1343,1319,998,1345,1517,1461,1385,1027,1469,1021,1565,1086,1026,1006,1282,1315,1436,1213,1017,1218,1211,1029,1453,1516,1465,1527,1396,1077,1381,986,1483,1094,1494,1021,1469,1022,1029
,1478,1488,1552,1082,1464,1100,1104,1544,1518,1184,1441,1540,1499,1079,1071,1369,1185,1331,996,1306,1240,1273,1101,1484,1017,1367,1154,1024,1456,1130,1492,1482,1350,1490,1221,1163,1195,1473,1090,1255,1532,1462,1554,1312,1043,1422,1141,1396,1024,1124,1456,1337,1208,1438,1113,1217,1079,1491,1370,1484,1345,1014,1330,1331,1115,1209,1324,1370,1112,1533,1517,1167,1403,1271,1366,1129,1236,1224,1096,1388,1215,995,1358,1421,1376,1195,1211,1408,1522,1160,1100,1233,1344,1334,993,1493,1000,1145,1204,1423,1257,1242,1511,1399,1287,1365,1304,1509,1152,1062,1371,1050,1231,1110,1356,1304,1219,1176,1010,1171,1040,1036,1557,1458,1543,1138,1466,1536,1386,1160,1495,1507,1007,1388,1170,1138,1066,1544,1189,1544,1189,1054,1332,1135,1458,1296,1149,1061,1358,1056,1218,1250,1532,1494,1124,1395,1417,1081,1469,1035,1360,1077,1356,1008,1128,1376,1076,1450,1176,1560,1080,1230,985,1290,1418,1566,1403,1107,1515,1356,1164,1472,1510,1238,1350,1183,1174,1185,1500,1044,1505,1516,1435,1035,1356,1315,1045,1430,1481,1486,981,1375,1090,1121,1215,1423,1121,1056,1181,1307,1159,1157,1029,1409,1480,1108,1359,1152,1497,1469,1500,1535,1298,1559,1096,1356,1512,1421,1289,1192,986,1082,1169,1295,1565,1005,1472
,1416,1445,1138,1502,1016,1349,1433,1159,1075,1364,1144,1080,1356,1065,1142,1336,1322,1370,1087,1513,1120,1392,1301,1521,1358,1193,1047,1280,1367,1284,1427,1526,1356,1197,1034,1341,1423,1485,1118,1143,1010,1079,1265,1267,1139,1072,1548,999,1279,1310,1522,1523,1117,1444,1301,1116,1299,1238,1169,1134,994,1001,1543,1070,1094,1036,1384,1197,1490,1516,1369,1089,1129,1438,1053,1506,1041,1228,1153,1414,1255,1529,1540,999,1501,1341,1550,1055,1498,1409,1238,1186,1494,1508,1387,1170,1426,1407,1338,1317,1090,1269,1427,1492,1469,1545,1369,1346,1256,1121,1090,1255,1199,1509,1222,1391,1098,1496,1517,1486,1427,1171,1001,1305,1137,1403,1007,1193,1257,1332,1556,1398,1554,1254,1427,1183,1492,1477,1326,1505,1168,1559,1244,1371,1127,1282,1479,1060,1175,1441,1093,1271,1246,1093,1051,1314,1452,1520,1298,1169,1020,1111,1311,1048,1289,1528,1041,1417,1022,1064,1235,1383,1123,1211,1491,1230,1279,1192,1018,1132,1447,1046,1294,1088,1206,1173,1025,1527,1544,1064,1296,1428,1108,1330,1551,1094,1527,1077,1389,1214,1523,1124,1517,1117,1175,1389,1416,1155,1086,1553,1213,1038,1429,1403,1237,1448,1371,1565,1474,1409,1165,1001,1136,1059,1467,1446,1050,1561,1178,1125,1259,1334,1186,1157,1458,1189,1257
,1428,1342,1032,1235,1128,1246,1305,1306,1393,1238,1562,1060,1229,1438,1551,1067,1369,1273,1532,1107,1116,1273,1431,1208,1453,1489,1238,1046,1392,1258,1501,1363,1312,1156,1351,1154,1477,1410,1473,1535,1131,1049,1429,1057,1276,1001,1210,1048,1241,1530,1398,1143,1139,1145,1166,1346,1191,1443,1462,1048,1191,1549,1366,1398,1450,1282,1174,1207,1499,1244,1159,1413,1046,1456,1554,1055,1547,1133,1506,1414,1274,1324,1058,1113,1301,1378,1406,1074,1293,1236,1505,1055,1044,1344,1288,1398,1032,1097,1222,1283,1269,1491,1084,1440,1119,1444,987,1119,1027,1076,1223,1301,1550,1478,1518,1141,1510,1405,1331,1485,1177,1022,1300,1492,1557,1432,1002,1419,1494,1345,1403,1110,1520,1434,1062,1527,1464,1206,1220,1495,1069,1146,1054,1056,1083,1103,1392,1366,1006,1158,1352,1171,1213,1280,1326,1085,1210,1531,1242,1347,1060,1109,1427,1415,1565,1442,1170,1318,1013,1551,1192,1037,1145,1096,1115,1253,1026,1538,1213,1328,1286,990,1497,1412,1355,1382,1171,1461,1542,1209,1097,1145,1098,1230,1054,1358,1419,1076,1558,1185,1009,1500,1101,1006,1384,1070,1428,1485,1277,1269,1055,1071,1317,1060,1479,1016,1510,1562,1451,1328,1101,1294,1264,1335,1508,1557,1375,1193,1364,1222,1220,1554,1464,1162,1010,1171,1044
,1056,1346,1454,1030,1400,1345,1477,1490,1418,1381,1490,1406,1208,1305,1171,1238,1150,1067,1095,1510,1501,1358,1174,1547,1291,1566,1310,1013,1167,1123,1468,1092,1491,1031,1504,1413,1334,1152,1012,1240,1547,1497,1011,992,1522,1466,1390,1163,1368,1373,1163,1014,1306,988,1439,1082,1137,1162,990,1179,1403,1429,1365,1172,1030,1291,987,999,1314,1266,1305,1367,1483,1057,1275,986,1503,1070,1125,1173,1397,1433,1344,1437,1461,1168,1481,1330,1179,1286,1200,1011,1187,1314,1336,1205,1157,1349,1238,1112,1430,1497,1344,1073,1353,1214,1366,1447,1217,1209,1390,1561,1127,1311,1406,1019,1036,1397,1140,1537,1527,1510,1208,1457,1084,1211,1205,1306,1094,1017,1227,1023,1291,1021,1481,1465,1219,1083,1274,1252,1215,1270,1291,1345,1144,1089,1208,1264,1279,1488,1258,1534,1473,1281,1047,1082,1152,1028,1180,1184,1498,1103,1028,1122,1156,1008,1235,1098,1300,1142,1104,1264,1078,1230,1107,1151,1413,1029,1356,1526,1420,1214,1181,1310,1485,1291,1268,1222,1320,1006,1510,1451,1106,1180,1467,1132,1218,1478,1241,1486,1163,1304,1162,1283,1452,1253,1138,1024,1446,1080,1334,1055,1127,994,1343,1032,1329,1117,996,1498,1074,1025,1361,1546,1445,1222,1366,1534,1487,1010,1270,1254,1331,1535,1377,1053,1481
,1230,1489,1407,1527,1558,1351,1102,1521,1121,1152,1525,1070,1427,1123,1414,1325,1368,1064,1163,1093,1442,1112,1566,1405,1167,1178,1042,1035,1343,1068,1566,1243,1297,1506,1262,1111,1270,1255,1306,1327,1051,1361,1350,1502,1490,1300,1060,1000,1444,1492,1404,1284,1166,1392,1294,1390,1371,1361,1534,1153,1125,1338,1309,1193,1062,1030,1059,1165,1342,1373,1035,1225,1068,1102,1410,1145,1409,1554,1305,1427,1047,1334,1295,1120,1335,1236,1240,1524,1418,1501,1530,1277,1172,1505,1442,1549,1170,1093,1156,1348,1079,1082,1050,984,1419,1088,1563,1095,1394,1113,1302,1004,1308,1192,1421,1012,1323,1065,1223,1264,1085,1023,1464,1213,1253,1210,1041,1198,1504,1160,1441,1518,1022,1281,1444,1507,1160,1401,1127,1139,1184,1506,1043,1015,1031,1091,1278,1208,1446,1209,1521,1152,1163,1320,1439,1511,1409,1180,1391,1054,1241,1411,1412,1237,1074,1401,1211,1334,1474,1004,1364,1106,1017,1468,1439,1196,1178,1385,1437,1082,1119,1093,1320,1457,1121,1358,1500,1447,1438,1425,1343,1474,1263,1326,1264,1014,1107,1479,1267,1328,1061,1090,1174,1006,1108,1070,1163,1360,1126,1559,1435,1050,1537,1065,1164,1330,1503,1298,1069,1116,1075,1239,1222,1325,1298,1313,1001,1422,1034,1282,1217,1034,1053,1087,1556,1108,1260
,1439,1397,1302,1452,1077,1134,1524,1023,1221,1194,1444,1327,1084,1494,1035,1507,1074,1325,1565,1468,1010,1501,1385,1356,1069,1327,1539,1209,1176,1256,1113,1477,1456,1512,981,1265,1161,1405,1073,995,1398,1404,1330,1318,1190,1523,1301,1086,1400,1369,1043,1256,1318,983,1291,1453,1565,1491,1379,1101,1482,1059,1470,1297,1324,1556,1362,1410,1077,1561,1115,1015,1205,1246,1429,1057,1142,982,1224,1550,1294,1031,1288,1231,1221,1127,1246,1357,1271,1257,1205,1392,1356,1016,1485,1364,1505,1302,1054,1375,1185,1120,1095,1340,1453,1098,1288,1152,1230,1242,1220,1451,1035,1289,1478,1332,1008,1092,1139,1318,1143,1100,1497,1100,1382,1563,1253,1482,1058,1450,1554,1195,1284,1180,1337,1448,1106,1413,1365,1527,1404,983,1397,1262,1492,1476,1349,1075,1052,1401,1041,1364,1240,1282,1436,1417,1472,1022,1518,1299,1523,1461,1485,1267,1421,1161,1119,1297,1511,1008,1423,1559,1184,1546,1007,1086,1153,1066,1368,1379,1397,1099,1179,1321,1550,1469,1002,1194,1116,1532,1557,1315,1380,1487,1007,1307,1310,1337,1416,1261,1176,1151,1445,1375,1234,1112,1478,1099,1237,1514,1500,1506,1032,1446,1558,1162,1086,1409,1081,990,1524,1248,1128,1391,1449,1294,1209,1519,1084,1523,1100,1385,1133,1327,1073,1059,1410
,1175,1241,1475,1308,1217,1243,1392,1164,1062,1516,1140,1426,1382,991,1062,1264,1324,1309,1390,1181,1561,1076,1429,1328,1555,1250,1055,1364,1324,1519,1247,1076,1355,1189,1065,1292,1064,1162,1249,1342,1323,1184,1441,1342,1441,1027,1272,1056,1283,1075,1056,1297,1398,1175,1543,1349,1441,1186,1538,1244,1173,1248,1018,1245,1495,1114,1381,1109,1443,1392,1496,1000,1143,1202,1273,1142,1073,1376,1195,1165,1383,1469,1386,1025,1295,1466,1378,1057,1034,1137,1553,1402,1284,1236,1364,1274,1377,1329,1453,1140,1281,984,1312,1289,1273,1147,1234,1257,1414,1529,1244,1175,982,1461,1204,1466,1442,1054,1441,1558,1259,1368,1394,1240,1512,1252,1460,1283,1190,1214,1346,1173,1203,1307,1291,1157,1416,1420,1056,1158,1030,1011,1322,1528,1564,1070,1201,1436,1437,1410,1477,1260,1321,1325,1506,1009,1036,1507,1224,1093,1254,1067,994,1011,1052,1378,1243,1239,1027,1227,1301,1505,1102,1175,1075,1510,1318,1365,1129,1238,1291,1083,1344,1447,1142,1498,1159,1238,1564,1342,1242,1523,1038,1543,1339,1173,1311,1107,1161,1302,1560,1304,1176,1361,1232,1113,1382,999,1361,1536,1274,1166,1066,1516,1481,1259,1356,1518,1460,1305,1328,1460,1472,1228,1370,1134,1067,1009,1114,1363,1429,1056,1322,1333,1518,1540,1152
,1490,1489,1381,1212,1223,1107,1175,1062,1233,1358,1555,1446,1294,1466,1239,1261,1324,1254,1153,1546,1198,1053,1107,1039,1536,1546,1210,1411,1542,1217,1483,1328,1389,1346,1347,1530,1090,992,1059,1162,1459,1033,1525,1450,1361,1032,1188,1165,1154,1382,1167,1374,1026,1441,1367,1275,1402,1369,1072,1538,1068,1483,1392,1535,1562,1185,1132,1507,985,1336,1191,1003,1107,1073,1367,1074,1379,1428,1027,1484,1532,1454,1056,1096,1303,1269,1133,1279,1065,1399,1524,1000,1114,1133,1365,1028,1207,1077,1123,1264,1381,1037,1044,1459,1055,1093,1353,1463,1109,1012,1214,1475,1142,1535,1186,1557,1217,1464,1132,1259,1198,1451,1478,1236,1303,1400,1129,1142,1468,1313,1525,1091,1035,1495,1202,1378,1505,1495,1168,1090,1168,1136,1019,1556,1434,1368,1185,1188,1014,1231,1012,1439,1512,1032,1246,1407,1148,1013,1172,1302,1139,1143,1513,1183,1503,1218,1229,1230,1222,1435,1304,1375,1467,1429,1175,1303,1177,1410,1012,1267,1115,1097,1501,1295,1310,1253,1165,1307,1318,1426,1002,1263,1455,1453,1425,1005,1022,1411,1416,1380,1448,1260,1057,1071,1142,1131,1435,1452,1318,1543,1130,1304,1304,1554,1064,1222,1088,1562,1178,1488,1457,1121,1133,1509,1466,1313,1278,1137,1553,1098,1219,1272,1345,1038,1019,1451,1250
,1112,1266,1277,1239,1387,1277,1060,1291,991,1319,1403,1299,1238,1172,1322,1411,1236,1076,1305,1028,1361,1172,1003,1052,1314,1004,1543,1268,1471,1209,1325,1144,1185,1001,1350,1034,1230,1399,1159,1415,1534,1391,1535,1394,1265,1268,1056,1467,1184,1483,1504,1532,1439,1180,1507,1039,1054,1029,1471,1178,1408,1016,1258,1258,1417,1108,1418,1030,1509,1258,1499,1439,1427,1242,1218,1392,1192,1538,1427,1369,1061,1492,1563,1185,1215,1087,1166,1508,1256,1007,1004,1481,1458,1155,1307,1560,1119,1056,1409,1019,1282,1239,1295,1433,1558,1267,1017,1480,1467,1441,1495,1072,1490,1549,1182,1073,1556,1364,1088,1230,1365,1328,1469,1521,1208,1056,1220,1374,1308,1418,1081,1114,1104,1140,1557,1075,1414,1001,1121,1177,1416,1321,1275,1025,1353,1364,1257,1159,1167,1006,1467,1236,1070,1121,1348,1442,1563,1535,1487,1445,1422,1185,1063,1502,1059,1150,1367,1503,1250,1271,1187,1076,1342,1162,1528,1241,1163,1059,1229,1289,1520,1221,1253,1032,1439,1202,1146,1119,1057,1438,1420,1300,1541,1433,1194,1256,1234,1336,1371,1030,1283,1470,1512,1362,1379,1418,1311,1428,1069,1397,1266,1192,1060,1015,1384,1233,1222,1505,1253,1382,1197,1134,1527,1224,1340,1121,1185,1324,1154,1299,1243,1239,1395,1482,1364,1313,1081
,1035,1080,1528,1383,1441,1352,1252,1262,1129,1237,1279,1426,1440,1229,1254,1057,1489,1081,1257,1457,1381,1197,1541,1488,1418,1480,1166,1450,1148,1342,1073,1136,1357,1452,1058,1060,1148,1565,1223,1143,1280,1065,1296,1484,1301,1404,1035,1277,1438,1278,1013,1365,1307,1209,1244,1479,1233,1366,1013,1465,1379,1310,1294,1241,1014,1401,1290,1067,1389,1003,1171,990,1141,1486,1240,1200,1025,1557,1158,1340,1438,1306,1325,1531,1197,1451,1468,1130,1553,1367,1142,1046,1266,1471,1114,1168,1497,999,1460,1080,1322,1013,1110,1278,1430,1386,1455,1258,1143,1125,1118,1422,1187,1255,1063,1066,1021,1188,1291,1053,1138,1108,1040,1036,1457,1438,1469,1161,1505,1247,1496,1157,1366,1458,1421,1179,1404,1209,1513,1165,1348,1489,1436,1320,1534,1047,1340,1331,1483,1011,1040,1450,1059,1222,1398,1104,1433,1545,1015,1313,1147,1013,1247,1390,1442,1349,1317,1074,1157,992,1551,1550,1370,1549,1414,1495,1209,1329,1377,1395,1565,1120,1252,1513,1348,1285,1353,1253,1154,1344,1350,991,1207,1389,1148,1538,1272,1539,1453,1539,1233,1521,1450,1120,1026,1395,1368,994,1388,1539,1196,1337,1302,1155,1392,1476,1419,991,1333,1063,1267,1518,1073,1054,1323,1200,1217,1011,1355,1379,1135,996,1405,1556,1053,1115,992
,1446,1333,1496,1186,1447,1090,1340,1068,1004,984,981,1407,1015,1502,1118,1204,1171,1283,1374,991,1178,1189,1521,1035,1210,1280,1444,1480,1089,1349,1246,1428,1438,1285,1076,1359,1083,1438,1049,1415,1508,1118,1437,1346,1148,1460,1179,1362,1431,1020,1357,1194,1166,1148,1503,1228,1498,1397,1361,1357,1074,984,1514,1112,1239,1509,1376,1216,1538,1292,1499,1251,1445,1232,1252,1101,1298,1317,1207,1543,1502,1233,1517,990,1398,1501,1479,1448,1078,1134,1294,1350,1422,991,1031,1206,1228,1468,1377,1528,1009,1221,1526,1012,1474,1371,1142,1208,1211,1052,1065,1148,1287,982,1221,1037,1174,1353,1170,1541,1548,1558,1204,1159,1298,1179,998,1211,1023,1191,1211,1479,1489,1551,1320,1311,1068,1174,1390,1341,1277,1538,1523,1313,1300,1393,1058,1380,1153,1391,1188,1503,1307,1207,1183,1472,1465,1013,1480,1369,1071,1420,1445,1240,1264,1402,1420,1502,1249,1018,1411,1018,1470,1075,1057,1013,1340,1190,1339,1244,1537,1364,1089,1254,1454,1059,1189,1312,1443,1075,1378,1196,1045,1283,1249,1489,1069,1566,1007,1397,1536,1333,1496,1290,1107,1415,1211,1132,1341,1249,1513,1538,1536,1267,1033,1008,1130,1352,1332,1474,1088,1170,1012,1092,1394,1031,1009,1297,1081,1248,1116,1391,1294,1031,1416,1291,1139
,1023,1529,1338,1480,1546,1169,1215,1549,1071,1182,1450,1408,1237,1494,1465,1069,1020,1316,1063,1091,1226,1442,1472,1040,1023,1555,1372,1119,1315,1472,988,1475,1194,1490,1443,1062,1201,1529,1222,1021,982,1256,1558,1396,1517,996,1326,1040,1285,1067,1089,1400,1019,1246,1078,1091,1071,1060,1054,1106,1223,1081,1095,1312,1394,1065,1100,986,1185,1328,1556,1253,1439,1341,1296,1006,1058,1313,1082,1543,1377,1339,1470,1167,1506,1524,1565,1446,1421,1107,1448,1310,1377,1329,1376,1547,1049,1294,1355,1245,1461,1223,1388,1321,1180,1264,1436,1515,1565,1219,1331,1307,1406,1128,987,1221,1444,1442,1458,1446,1146,1155,1535,1029,1448,1516,1172,1048,1432,1556,1156,1178,1521,1033,1346,1562,1150,1360,1313,1460,1520,1232,1517,1548,1397,1164,1244,1271,1336,1501,1343,1002,1331,1176,1447,1392,1046,1502,1062,1096,1013,1388,1299,1414,1103,1505,1439,1312,1486,1498,1433,1262,1235,989,1107,1203,1507,1079,1230,994,1195,1053,1141,1097,1369,1393,1483,1039,1432,1016,1059,1019,1303,1487,1010,1276,1208,1382,1443,1240,1171,1466,1113,1075,1089,1141,1326,1313,1469,1535,1350,1401,1017,1453,1049,1406,1208,1518,1135,990,1458,1336,1530,1056,1155,1442,1180,1050,1369,1397,1167,1279,1493,1317,1562,1444,1358
,1302,1066,1337,1410,1014,1258,1264,1125,1209,1090,1416,1235,1451,1145,1013,1000,1149,1104,1513,1180,1415,1002,1111,1271,1518,1463,1316,1149,1522,1455,1190,1130,1263,1112,1275,1441,1418,1444,1541,1473,1549,1065,1046,1492,1048,1290,1541,995,1252,1133,1217,1153,1463,1208,1291,1116,1002,1440,1038,1435,1216,1172,1177,1528,1343,1106,1201,1216,1520,1490,1061,1518,1335,1222,1291,1441,980,1085,1205,1169,1285,1424,1279,1537,1160,1055,1162,1124,1439,1547,1549,1346,1092,1361,1401,1179,1390,1021,1261,1529,1078,1283,1172,1204,1332,1028,1357,1111,990,1238,1211,1047,1098,1188,1350,1350,1226,1418,1554,1181,1417,1425,1217,1375,1419,982,980,1325,1129,1074,1438,1399,1328,1217,1536,1246,1066,1451,1103,1294,1085,1520,999,1470,1326,1285,1184,1395,1252,1112,1125,1537,1118,1442,1145,1312,1506,1415,1098,1537,1558,1219,1261,1082,1097,1425,1080,1365,1136,1473,1330,1262,1287,1150,1467,1152,990,1024,1465,1565,1384,1172,1039,1186,1517,1468,1002,1229,1005,1339,1231,1349,1153,1175,1062,1266,1357,1450,991,1351,1300,1067,1371,1016,1332,1312,1309,1369,1271,1511,1533,1260,1010,1499,1194,1553,985,1113,1315,1018,1183,1468,1240,1159,1375,1505,1421,1004,1187,1278,1531,999,1287,1225,1198,1543,1001
,1269,992,1075,1178,1482,1565,1513,1305,1140,1406,1357,1488,1551,1492,1065,1490,1093,1260,1276,1001,1018,1516,1265,1456,988,1129,1002,1186,1293,1271,1393,1430,1236,1174,1089,1153,1317,1215,993,981,1058,1209,1085,1113,1268,1455,1264,990,995,1498,1259,1374,1445,1159,1086,1485,1228,1369,1310,1064,1266,1196,1486,1173,1021,1172,1148,1357,1275,1413,1372,1174,1087,999,1315,1323,1228,1400,1283,1170,1447,1106,1037,1233,1287,1203,1204,1128,1347,1512,1198,1475,1255,1025,1212,1141,1324,1438,1356,1391,1406,1315,1419,1361,1431,1241,1159,1138,1456,1554,1459,1513,1522,1052,1522,1542,1025,1556,1403,1018,1085,1159,1552,1117,1436,1138,1194,1326,1179,986,1514,997,1152,1434,1564,1276,1125,1472,1195,1510,1374,1206,1473,1534,1161,1410,1459,1141,1451,1238,1330,1148,1340,1434,1208,1118,1043,1465,1197,1140,1560,1562,1499,1287,1134,1492,1161,1486,991,1079,1372,1189,1108,1484,1504,1114,1089,1267,1457,1222,1543,1525,1028,1170,1081,1160,1432,1428,1234,1354,1349,1259,1035,1330,1481,1515,1354,1261,1341,980,1394,1439,1364,1513,1510,1000,1109,1101,1532,1130,1352,1495,1063,1484,1258,1151,1447,1223,1395,1430,1217,1306,1565,1303,1347,1048,1029,1037,1327,1250,1252,1559,1360,1448,1273,1262,1048
,1082,1050,1093,1454,1563,1350,1044,1272,1019,1401,1169,1417,1079,1329,1541,1402,1425,1167,1252,996,1284,1445,1246,1137,1524,1518,1053,1421,1049,1329,1324,1245,1393,1200,1043,1162,1500,1539,1519,1150,1253,1019,1498,1558,1518,1271,1419,1187,1479,1248,1467,1113,1503,1163,1382,1018,1278,1058,1332,1328,1163,1013,1064,1168,1121,1242,1098,1089,1513,1322,1203,1473,1354,1504,1373,1058,1094,1246,1479,1459,1531,1255,1195,1026,1310,1212,1396,1247,1181,1305,1444,1521,1386,1074,1081,1111,1051,1187,1255,1054,1278,1328,1250,1342,1092,1243,1143,1264,1400,1259,1358,1550,1517,985,1268,1377,1320,1483,1232,1227,1387,1457,1031,1362,1231,1416,1244,1257,1273,1288,1163,1069,1033,1221,1488,1396,1552,999,1120,1358,1168,1104,1276,1439,1555,1478,1476,1532,1065,1005,1364,1410,1385,1134,1240,1247,1125,1481,1329,1036,1153,1543,1240,1180,1348,1300,1140,1379,1093,1411,1503,1467,1155,1270,1085,1497,1266,1481,989,1407,1505,983,1510,1212,1254,1277,1555,985,1077,1050,1201,1110,1034,1542,1542,1500,1032,1063,1532,1486,1101,1485,1466,1428,1066,1474,1545,1507,1003,1076,1211,1216,1564,995,1127,1173,1557,1378,1271,1329,1149,1439,1101,1434,1248,1513,1201,1482,1294,1134,1435,1550,1039,1041,1077,1234,1233
,993,1247,1213,1468,1158,1081,1462,1278,1209,1331,1077,1219,1007,1165,1381,1407,1483,1096,1222,1161,1058,1004,1075,1201,1522,1353,1307,1057,1406,1105,1035,1240,1160,1038,1309,1151,1220,1039,1011,1483,1026,1287,1445,1212,1519,1423,1384,1285,1256,990,1186,1314,1350,1182,1083,1194,1412,1122,1289,1028,1459,990,1104,1354,1093,1231,1050,1536,1165,1081,1358,1154,1425,1291,1184,1100,1388,1488,1263,1321,1521,1340,1170,1451,1350,1546,1117,1013,1287,1463,1112,1182,1131,1082,1435,1551,1347,1366,1506,1397,1127,1082,1321,1402,1244,982,1496,1292,1037,1461,1128,1398,1022,1472,1553,1266,1422,1198,1300,1404,1299,1551,1237,1411,1062,1352,1115,1294,1515,1060,1212,1501,1277,1330,1482,1237,1317,1344,1245,1126,1109,1158,1277,1445,1139,1132,1411,1200,1149,1192,1535,1440,1468,1310,1471,1172,1483,1337,1266,1111,1085,1491,1283,1057,1031,1390,1566,1090,1501,1160,1431,1048,1257,1456,1163,1507,1532,1191,1181,1243,1061,1106,1533,1469,1102,1107,1491,1197,1179,1084,1278,1564,1516,1320,1025,1495,1071,1561,1499,1042,1061,1036,1475,1304,1357,1133,1124,1414,1349,1014,1344,986,1077,1466,980,1138,1393,1020,1522,1101,1191,1415,1199,1129,1027,1551,985,1246,1404,1500,995,1542,1236,1180,1375,1132,1001
,1012,1409,1374,1487,1022,988,1049,1290,1482,1149,1121,982,1129,1116,1560,1060,1264,1395,1346,1457,1381,1378,1092,1066,1006,998,1358,1051,1456,1082,1494,1313,1022,1288,1448,1262,1457,1064,1528,1423,1374,1132,1472,1164,1510,1464,1361,1440,1185,1194,1378,1452,1471,1537,1169,1329,1409,1402,1240,1471,1039,1284,1273,1119,1499,1236,1150,1294,1180,1123,1394,1320,1036,1268,1303,1203,1176,1188,1107,1226,1063,1170,1282,1267,1286,1002,1377,1089,1311,1185,1018,1556,1525,1010,1373,1266,1256,1191,1532,1502,1402,1350,1235,1292,1562,1437,1464,1518,1338,1061,1507,1176,1251,1437,1401,1192,1075,1053,1266,1563,1282,1153,1011,1457,1455,1413,1115,1539,1525,1427,1240,1238,1195,1276,1384,1148,1253,1369,1176,1376,1495,1383,1301,1379,1075,1259,1318,1337,1446,1467,1292,1174,1485,1530,1403,1528,1389,1141,1501,1305,1000,1548,1098,1271,1035,1022,1204,1449,1277,1170,1225,1102,1231,1526,1395,1088,1018,1286,1281,1424,1265,1150,1244,1317,1093,1162,1422,992,1240,1256,1274,1115,1188,1210,1390,1269,1482,1225,1446,1263,983,1384,1146,981,1154,1110,1319,1546,1078,1537,1453,1059,1269,1320,1356,1287,1100,1228,1282,1077,1505,1556,1238,1095,1165,1565,1430,1140,1184,1484,1052,1264,1533,1445,1503,1117,1078
,1422,1103,1306,990,1066,1467,1530,1339,1127,1030,1072,1025,1084,1392,1335,1258,1460,1411,1484,1054,1127,986,1546,1215,1359,1077,1440,1235,1181,1072,1019,1470,1086,1158,1035,1455,1350,1454,1104,1540,1103,1552,1478,1115,1204,1521,1532,1175,1396,1166,1497,1225,1391,1273,1157,1463,1142,1562,1238,1359,1464,1196,1445,1351,1158,1328,1443,1404,1240,1109,1484,1283,1243,1310,1147,1388,994,1177,1072,1354,1208,1039,1459,1095,1278,998,1325,1256,1181,1320,1272,1345,1467,1118,1524,1183,1493,1063,1081,1407,1353,1021,1391,1204,1495,1358,1359,1087,1322,1390,1407,1314,1054,1474,1317,1191,1182,1082,1072,1194,1330,1503,1249,1421,1387,1097,1434,1249,988,1534,1338,1187,1010,1507,1112,1336,1430,1033,1342,1202,1491,1537,1233,1464,1292,1510,1106,1070,1391,1528,1343,1211,1088,1367,1421,1235,1155,1092,1447,1159,1017,1074,1292,1122,1033,1155,1346,1400,1446,1333,1203,1215,1019,1109,1017,1230,1318,1388,1288,1132,1219,1229,1257,1507,1279,1244,1523,1489,1498,1344,1107,1348,1493,1009,1509,1237,1354,1035,999,1382,1434,1507,1450,1310,1402,1565,1353,1021,1368,1354,1285,1143,1501,1382,1041,1195,1375,1308,1078,1188,1553,1476,1558,1471,1264,1139,1210,1475,1427,1001,1315,1500,1309,1536,1336,1536,1273
,1326,1108,1330,1096,1165,1083,1012,1152,1565,1296,1214,1134,1009,1196,1521,1470,1228,1406,1366,1420,1188,1051,1179,1036,1118,1457,1197,1539,1203,1386,1398,1177,1379,1537,1394,1520,1532,1017,1222,1556,1547,1536,1010,1274,1499,1388,1349,1099,1170,1165,1463,1119,1389,1489,1270,1406,1051,1507,1337,1226,1538,1559,1064,1222,1229,1046,1537,1226,1510,1129,1052,1566,1302,1174,1266,1054,1420,1327,1282,1081,1235,1086,1143,1156,1282,1492,1181,1364,1256,982,1475,1086,1536,1504,1445,1191,1065,1489,1208,1149,1462,1428,1245,1366,997,1030,1277,1290,1298,1014,1248,1485,988,1056,1390,1257,1426,1562,1047,1247,1109,1423,1002,1080,1145,1554,1140,1336,1294,1092,1064,1486,1096,1085,1483,1443,1543,1438,1400,1112,1492,1391,1068,1346,1495,1121,1094,1187,1403,1031,1187,1155,1314,1440,1374,1030,1059,1386,1096,1183,1116,1434,1220,1228,1337,1335,1361,1443,1178,1469,1358,1065,1357,1015,1106,1550,1182,1155,997,1048,1377,1544,1221,1292,1519,1194,1460,1134,1287,1200,1318,1537,1012,1288,1241,1323,1009,1401,1344,1250,1495,1272,1248,1551,1476,1466,1355,993,1235,1180,982,1479,1312,1484,1342,1079,1117,1341,1451,1127,1065,1351,1566,1393,1094,1107,1244,1117,1182,1431,1277,1418,1467,1361,1137,1461,1187
,1418,1432,1503,1343,1049,1254,1078,1347,1220,1208,1189,1139,1265,1458,1320,1108,1490,1098,1049,1203,1379,1269,1437,1134,1561,1503,1340,1027,1492,1092,1234,1331,1421,1115,1159,1009,1539,1551,1060,1282,1017,1306,1147,1266,1324,1253,1372,1233,1464,1101,1515,1465,1155,1007,1007,1241,1114,1491,1411,1203,1202,1471,1555,1376,1216,1369,1229,1237,1339,1219,1193,1538,1367,1304,1546,1230,1174,1459,1428,1379,1461,1091,1279,1051,1251,1412,1376,1253,1288,1002,1156,1011,1326,1319,1405,1193,1161,1120,1287,1127,1236,1219,1105,1135,1345,1284,1152,1015,1141,1026,1191,1552,1238,1295,1414,1361,1031,1468,1173,1412,1348,1059,1022,1132,1188,1295,1381,1435,1124,1502,1420,1202,1098,1221,1470,1046,981,1561,1071,997,1326,1096,1290,1185,1045,1030,1533,1159,1454,1525,1467,1050,1510,1567,1364,1345,1462,1436,1057,1114,1420,1508,1414,1322,1064,1118,1198,1105,1257,1469,1182,1282,1112,1526,1135,1092,1080,1116,1303,1399,1095,1215,1166,1517,1513,1289,1433,1457,1024,1458,1304,1135,1020,1362,1501,1141,1114,1299,1302,1109,1428,1238,1269,1425,1514,1373,1339,1447,1419,1028,1471,1054,1000,1402,1407,1118,1021,1047,1292,1299,1297,1442,1484,1367,1251,1094,1043,1354,1376,1562,1104,1346,1404,1185,1549,1444,1544
,1565,1536,1499,1349,1554,1501,1427,1062,1484,1479,1063,1267,1561,1298,1528,1376,1437,1167,1218,1270,1268,1083,1054,1486,1435,1415,1399,1185,1076,1071,1396,1113,1541,1148,1180,1083,1056,1472,1396,1210,1441,1411,1443,1537,1326,1435,1200,1043,1305,1503,1068,1531,1049,1439,1101,1429,1007,1052,1098,1367,1514,1126,1123,1498,1413,1323,1562,1481,1010,1002,1192,1078,1538,1373,1379,1350,1246,1012,1380,1010,1138,1504,1041,1434,1496,1003,1098,1151,1290,1426,1154,1147,1107,1363,1277,1155,1519,1077,1302,1019,1149,1090,1146,1086,1103,1030,1058,1355,1401,1468,1526,1563,1033,1230,1293,1311,1463,1277,1120,1221,1189,985,1279,1046,1494,994,1041,1256,1241,1520,1036,1366,1554,990,1010,1025,984,1048,1113,1458,1099,1345,1393,1414,1128,1389,1301,1018,1419,1424,1496,1094,1169,1028,1114,1135,1277,1219,1023,1162,1542,1471,1269,1248,1294,1169,1424,1339,1139,1521,1345,1219,1479,1257,1281,1076,1425,1142,1162,1500,1007,1467,1467,1563,1362,1117,1223,1519,1316,1408,1178,1089,1396,1323,1052,1524,1305,1267,1283,1288,1356,1329,1029,1018,1230,1063,1204,1497,1005,1498,1376,1010,1336,1297,1043,1378,1440,1503,1478,994,1241,1277,1434,1490,1448,1345,1375,1369,1234,1170,1143,1480,1175,1030,1402,1224,1343
,1283,1216,1510,1517,1214,1078,1326,1240,1080,1380,1196,1075,981,1199,1341,1538,1253,1403,1143,1176,1329,1501,1324,1350,1504,1121,1140,1105,1144,1116,1314,1381,1402,1468,1457,1504,1531,1066,1102,1022,1554,1534,1363,1457,1535,1295,1085,1318,1205,1373,997,981,1552,1044,1302,1069,1334,1283,1180,1041,1008,1075,1371,1348,1524,1423,1090,1396,1211,1560,1226,1109,1425,1506,1198,986,1217,1447,1227,1357,1498,1066,1154,1193,1131,1024,1438,1213,1091,1545,1529,1069,1029,1318,1238,1318,1309,1123,1115,1253,1082,1152,1350,982,1467,1542,1452,1253,1104,1145,1049,1564,1088,1051,1562,1044,1400,1291,1033,1242,1132,1182,1455,1329,1181,1324,1246,1022,1152,1399,1058,1494,1077,1111,1277,1528,1325,1088,1381,1416,1171,1208,1562,1271,1188,1171,1034,1078,1239,990,1103,1379,1409,1430,1243,1540,1085,1446,1377,1202,1226,1531,1261,1544,1346,1507,1379,1165,1014,1009,1399,1514,1024,1283,1448,1430,1046,1160,1508,1075,1424,1327,1056,1516,1497,1284,1296,1475,1527,1021,1146,1324,1214,1448,1464,1550,1281,1212,1247,980,1273,1560,1242,1516,1108,1243,1081,998,1557,1399,1535,1151,1546,1517,1058,1248,1095,1010,1501,1180,1213,1171,1462,1127,1336,1302,1471,1562,1048,1210,1040,1227,1065,1348,1155,982,1266
,1270,1360,1225,1116,1460,1362,1092,1541,1216,1343,1305,983,1558,1457,1033,1008,1104,1365,1053,1114,1380,1035,1517,1187,1279,1511,1061,1241,1073,1297,1214,1385,1102,1031,1236,1113,1164,1053,1465,983,1505,1383,1170,1288,1348,1481,1109,1399,1052,1067,1011,984,1138,1396,981,1143,1330,1412,1553,1317,1175,1444,1021,1328,1547,1267,1478,1424,1331,1393,1266,1100,1031,1337,1027,1073,1521,1103,1542,1299,1014,1086,1044,1251,1527,1170,1374,1563,1105,1510,1193,1053,1183,1132,1304,1324,1166,1478,1485,981,1281,1306,990,1517,1170,1366,1276,1093,1406,1025,1094,1381,1421,1499,1151,1447,1014,1048,1031,1204,1194,1543,1142,1113,1013,1271,1274,1200,1031,985,1155,1275,1279,1235,1525,1242,1018,1536,1506,980,1190,1339,1463,1389,1326,1455,999,1027,1207,1297,1526,1188,1113,1409,1023,1220,1408,1183,1178,1227,1477,1531,1531,1391,1075,1312,1520,1051,1327,1553,1554,1418,1011,1366,1124,1307,1135,1306,1407,1297,1528,1174,1481,1177,1434,1495,1076,1130,1424,1405,1552,1120,1208,997,1516,1074,1555,1192,1395,1304,1005,1485,1538,1564,1349,997,1090,1544,1022,1354,1106,1397,996,1483,1161,1208,1288,1562,1565,1144,1409,1125,1438,993,1348,1178,1156,1082,1073,1072,1089,1353,1296,1283,1348,1094,1567
,1548,1036,1544,1107,1307,1500,1187,1193,1023,1560,1440,1529,1329,1034,1114,1365,1012,1095,1313,1399,1058,1407,1125,1046,1262,1173,1145,1072,1258,1203,1418,1054,1365,1222,1494,1468,1311,1105,1363,1049,1132,1405,1266,1136,1450,1392,1387,989,1104,1488,1551,1082,1455,1053,1457,1505,1048,1273,1092,1017,1106,1428,1394,1267,1098,983,1233,1350,1507,1410,1003,1431,1332,1113,1489,1060,1131,1473,1512,1310,1563,1173,1175,1355,1047,1114,1384,1170,1557,1444,1327,996,1091,1223,1244,1429,1075,1271,1168,1286,1484,1133,1297,1531,1139,1010,1144,1100,1525,1469,1308,1283,1000,1176,1419,1200,1170,1516,1394,1249,1120,1410,1498,1144,1245,1238,1254,1243,1186,1024,1347,1124,1230,1147,1508,1525,1145,1202,1491,1555,1217,1142,1567,1280,1458,1325,1524,1026,1473,1021,1001,1043,1256,1066,1378,1189,1161,984,1214,1484,1199,1012,1405,1008,1143,1152,1493,1427,1328,1555,1053,1313,1222,1076,1315,1090,1469,1184,1510,1043,1084,1457,1482,1563,1385,1209,1141,1043,1061,1034,986,1541,1437,1018,1053,1547,1480,1054,1353,1140,1463,1225,1467,1270,1383,1560,1396,1370,1257,1092,1165,1172,1400,1186,1536,1031,1376,1435,1225,1332,1021,1562,1062,1345,1498,1380,1414,1248,993,1226,1558,1382,1188,1406,1280,1289,1358
,1552,1156,1510,1192,1253,1332,1340,1552,1405,1505,1133,1461,1434,1404,1388,1495,1228,1346,1176,1454,1111,1310,1161,1303,1518,1307,1042,1239,1423,1276,1166,1415,1399,1309,1396,1487,1010,1311,1141,1428,1363,1498,1061,1455,1175,1193,1167,1054,1465,1352,1194,1159,1295,1065,1071,1499,1153,1181,1091,1550,1006,1267,1218,1164,1173,1058,1226,1152,1032,1243,1045,1107,1198,1440,1175,1099,1121,1387,1422,1133,1388,1546,1137,1406,1065,1027,1353,1145,1445,1114,1394,1190,1057,1508,1083,1200,1000,1523,1405,1284,1130,1552,1173,1345,1345,1165,1366,1419,1489,1013,1084,1513,1353,1125,1441,1057,1304,1428,1163,1465,1114,1267,1361,1440,1247,1111,1538,1134,1261,1196,1552,1162,1321,1377,1005,1450,1167,1491,1170,1234,1279,1564,1162,1530,1103,1017,1441,1334,1550,1310,1144,1380,1095,1078,1532,1085,1070,1048,1093,1449,1267,1278,999,1449,1126,1502,1190,1277,1112,1356,1495,1345,1047,1352,1255,1280,1006,1021,1456,1472,1382,1560,1430,1205,1456,1223,1464,1126,1257,1037,1153,1343,1379,1415,1524,1178,1433,1475,1100,1002,1525,1502,1031,1519,1133,1189,1522,1101,1373,1383,1265,1173,1402,1047,1057,1392,1339,1306,1553,1519,1248,1182,1150,1444,1467,1018,1239,1216,1293,1031,989,1336,1378,1016,1256,1172,1123
,1563,1220,1282,1218,1047,1188,1208,1048,1515,1406,1229,1468,1454,1106,1251,1541,1207,1243,1059,1453,1097,1241,1423,1079,1486,1070,1210,1062,1259,980,1106,1347,1139,1288,1299,1409,1498,1532,1149,1469,1365,1019,1474,1476,1138,1499,1171,1065,1094,1094,1251,1110,1483,1101,1344,1107,988,1153,1046,1561,1144,1038,1011,1040,1100,1041,1471,1057,1214,1505,1042,1325,1013,1347,1304,1204,1066,1265,1304,1132,1342,1203,1263,1296,1087,1419,1427,1036,1290,1014,1138,1504,1228,1040,1470,1338,1103,1256,1099,1393,999,1142,1302,1233,1025,1333,1550,1100,1349,1237,1225,1267,1404,1373,1447,1363,1006,1443,1323,1239,1495,1434,1538,1521,1191,1427,1109,1564,980,1378,1453,1245,980,1406,1551,1142,1210,1284,1462,1265,1254,1244,1426,1510,1047,1071,1210,1122,1351,982,1462,1522,1424,1283,1561,1150,1273,1502,1381,1030,993,1023,1205,1277,1454,986,1266,1168,1093,1327,1126,1422,1121,1411,1459,1158,1505,1282,1350,1229,1449,1016,1378,1286,1015,1423,1250,1012,1494,1191,1140,1524,1483,1370,1289,1043,1355,1112,1317,1464,1162,1086,1085,1540,1104,995,1237,1373,1397,1121,1333,1427,1459,1464,1213,1353,1223,982,1447,1039,1447,1521,1222,1469,1306,1362,1509,1085,1296,1145,1476,1309,1395,1416,1371,1004,1014
,1366,1557,1206,1001,1209,1457,1125,1081,1369,1315,1154,1123,1303,1078,1250,1040,1394,1249,1080,1200,1380,1038,1429,1370,1532,1314,1382,1123,1348,1078,1227,1391,1311,1553,1220,1242,1118,1425,1235,1396,1024,1290,1562,1352,1336,1124,1126,1151,1401,1549,1154,1487,1513,1107,1375,1316,1364,1392,1419,1020,1432,1361,1543,1053,1378,1428,1087,1181,1335,1470,1515,987,1334,1301,1125,1430,1253,1114,1255,1323,1097,1530,1272,1205,1130,1495,1168,1019,1319,1106,1492,1045,1042,1024,1286,1529,1423,1250,1033,1367,1217,1334,1519,1115,1128,1490,1106,1023,1483,1227,1388,1024,1407,1249,1304,1222,1035,1475,998,1559,1107,1402,1098,1545,1386,1187,1498,1548,1432,1256,1289,1102,1246,1236,1208,1042,1394,1245,1205,1374,1320,1099,1145,1431,1436,1240,1372,1003,1542,1510,1354,1076,1231,1412,1499,1257,1520,1434,1345,1309,1197,1304,1259,1316,1451,1246,1459,1156,1302,1072,1028,1192,1505,1394,1211,1436,1203,1106,1229,1366,1239,1245,1489,996,1246,1024,1234,1297,1415,1454,1395,1514,1516,1243,1544,1450,1512,1053,1256,1377,1202,1086,1226,1178,1282,1380,1429,1179,1149,1025,1493,1362,1481,1227,1051,1364,1319,1448,1073,1542,1212,1417,1427,1477,1203,1213,1243,1001,1040,1153,1162,1541,1206,1079,1537,1001,1147
,1399,1436,1346,1357,1184,1213,1264,1122,1434,1114,1393,1457,1145,1003,1508,1396,1299,1023,1143,1023,1314,1326,992,1223,1059,1105,1094,1151,1513,1374,1317,1317,1424,1484,1074,1469,1089,1363,1014,1538,1433,1467,1457,1224,1104,1460,1412,1271,1455,1451,1444,1159,1331,1195,1163,1032,1305,1408,1410,1027,988,1106,987,1338,1337,1255,1017,1411,1041,989,1357,1519,1491,1316,1527,1206,1418,1384,1298,1502,1090,1148,1096,1204,1353,1313,1194,1015,1116,1405,1190,1502,1483,1124,1489,1224,1023,1557,1543,1400,1372,1095,1046,1246,1119,1163,1078,981,1135,1346,1532,1289,1232,1255,1274,1473,1267,1562,1428,1275,1358,1136,1235,1499,1240,1446,1326,1068,1312,1129,1420,1426,1390,1146,1182,1439,1216,1524,1032,1006,1541,1097,992,1228,992,1160,1095,1491,984,1123,1363,1072,1388,1197,1382,1562,1056,1312,1360,1278,989,1504,1363,1395,1073,1374,1097,1485,1454,1308,1564,1256,1339,1415,1066,1135,1013,1192,1127,1309,1352,1000,1552,1517,1363,1500,986,1175,1459,1159,1187,984,1019,1561,1542,1435,1138,1095,1102,1135,1329,1407,1425,1390,1168,1330,1435,1411,1244,1282,1044,1288,1350,1459,1476,1261,1389,1151,1096,1454,995,1056,1221,1547,1179,1458,1153,1032,992,1473,1218,1429,993,1414,1227,1367,1423
,1239,1013,1298,1505,1275,1187,1354,1491,1111,1108,1159,1557,1006,1182,1194,1321,1283,1097,1399,1314,1012,1430,1419,1110,1410,1497,1044,1294,1171,1068,1117,1304,1356,1059,1561,1249,1086,1178,1338,1429,1175,1487,1055,1359,1540,1413,1177,1425,1310,1429,1426,1067,1533,1388,1189,1105,994,1190,1188,1479,1201,1519,1081,1517,1244,1424,1267,1107,1086,1130,1389,1115,1288,1531,1408,1418,1517,1285,1011,1202,1264,1394,1539,1124,1135,1325,1397,1157,1092,1298,1013,1250,1534,1085,980,1080,1536,1563,1110,1198,1421,1462,1470,1386,1535,1235,1162,1120,1434,1357,1509,1333,1242,1223,1037,1365,1521,1474,1138,1295,1302,1334,1233,1252,1084,1032,994,1332,1516,1382,1486,1178,1516,1338,1104,1020,1063,1299,1025,1336,1026,1511,1307,989,1198,1007,1210,1008,1381,1254,1336,1304,1523,1048,1312,1104,1353,1490,1349,1415,1191,1171,1187,1054,1066,999,1004,1110,1236,1178,1422,1559,1407,1053,1547,1386,1567,1282,1283,1310,1505,1464,1030,1096,1234,1191,1432,1565,1125,1009,1379,1006,1414,1123,1419,1275,1466,1024,1559,1547,1403,1054,1418,1037,1429,1089,1481,1323,1301,1068,1102,1227,1421,1302,1083,1235,1189,1065,1373,1205,993,1457,1420,1476,1194,1467,1491,1169,1136,1414,1413,1363,1338,1256,1560,1460,1328
,1140,1270,1274,1291,1473,1324,1491,1050,1080,1167,1187,1107,1452,1260,1551,1082,1019,1332,1490,1032,1164,1155,1270,1386,1529,1019,1284,1304,1182,1503,1057,1231,1122,1504,998,1029,1545,1001,1310,1149,1116,1126,1475,1419,1018,1041,1182,1299,1156,1008,1249,1087,1503,1301,1279,1081,1315,1481,1418,1130,1164,1066,1076,1180,1359,1392,1238,1370,1465,1092,1198,1485,1141,1466,1566,1363,1019,1181,1048,1089,1037,1549,1427,1129,1202,1564,985,1516,1033,1131,1386,1503,1080,1526,1501,1216,1186,1088,1168,1063,1199,1420,993,1189,1116,1289,1128,1293,1169,1151,991,1419,1259,1346,1222,1484,1406,1562,1047,1342,1387,1087,1012,1013,1332,1399,1269,1371,1108,1304,1086,1221,1299,1497,1211,1339,1072,990,1293,1476,1422,1505,1183,1211,1412,1168,1001,1065,1536,1376,998,1129,1237,1427,1076,1470,1273,1041,1079,1209,1048,1020,1216,1300,1229,1106,1253,1045,1461,1463,1050,1286,1150,1236,1152,1445,1554,1300,1337,1129,1036,998,1053,1339,1056,1447,1491,1352,1233,1094,1552,1028,1228,1439,1178,1173,1196,1503,1035,992,1334,1359,1501,1503,1539,1026,1253,1326,1291,1078,1202,1218,1354,1565,1011,1486,1541,1507,1552,1401,1492,1105,1415,1541,1158,1406,1067,1378,1166,1113,1298,1547,1084,1185,1493,1296,1540
,1040,1501,1342,1380,1283,1530,1200,1472,1532,1220,1327,1116,1523,1126,1234,1410,1411,1135,1506,1010,1503,1188,1206,1322,1401,1193,1250,1089,1155,1024,1252,1132,1089,1302,1096,1558,1081,1195,1276,1562,1113,1169,1542,1250,1324,1158,1348,1171,1444,1483,1487,1244,1359,1096,1267,1194,1467,1010,1566,1106,987,1282,1001,1196,1107,1040,1534,1034,1547,1473,1224,1117,1435,1505,1326,1177,1465,1182,1315,1181,1271,1059,1103,1045,1514,1226,1134,1409,1478,1071,1254,1563,1334,1165,1534,1002,1140,1468,1039,1545,1471,1339,1422,1084,1422,1135,1344,1110,1275,1136,1436,1483,1424,983,1354,1446,1168,1146,1513,996,1192,1485,1329,1371,1001,1004,1470,1125,1055,992,1133,1557,1479,1208,992,1010,1045,1240,1309,1338,1442,1392,1032,1109,1103,987,1245,1538,1336,1310,1356,1519,1095,1034,1277,1322,1308,1255,1453,1557,1206,1521,1038,1551,1522,1446,1232,1565,1475,1311,1019,1123,1191,1457,1435,1277,1423,1168,1265,1292,1535,1429,1496,1208,1298,1214,1274,1114,1552,1172,1062,1182,980,1332,1374,1233,1509,1538,1561,1335,1566,1409,1400,1531,1074,1301,1231,1161,1539,1155,1165,1443,1177,1451,1259,1505,1078,1456,1216,1227,1283,1175,1135,1549,1560,1320,1080,1217,1073,1099,988,1249,1530,1082,1086,1382,1565
,1335,1193,1080,1365,1244,1349,1036,1555,1388,1429,1495,1010,1026,1238,1524,1281,1526,1502,1002,1155,1175,1101,1345,1037,1137,1145,1154,1266,1277,1295,1056,1448,1474,1205,1018,1353,1384,1217,1215,1072,1246,1202,1296,1379,1142,1564,1331,1113,1261,1506,1015,1476,1550,1037,1358,1412,1087,1121,1112,1039,1336,1031,1174,1090,1043,1343,1309,1366,1303,1147,1120,1273,1064,1444,1284,1496,1297,1157,1154,1470,1341,1212,1189,1430,1257,1412,1195,1009,1383,1369,1283,1470,1150,1528,1189,1282,1303,1449,1388,1364,1023,1217,1128,1184,1491,1074,1475,1312,1431,1431,1288,1529,1071,1120,1216,1167,1486,1374,1366,1355,1547,1056,1490,1313,1487,1159,1096,1331,1307,1384,1423,1184,1298,1328,1009,1455,1527,1291,1384,1051,1434,1563,1315,1203,1543,1562,1095,1056,1551,1345,1507,1140,1111,1437,1346,1135,1535,1063,1076,1525,989,1123,1286,1126,1565,1176,1432,1289,1141,1088,1032,1170,1401,1299,1159,1064,1129,994,1564,1543,1263,1196,1393,1204,981,1513,1514,1396,1500,1566,1097,1567,1285,1106,1137,1100,1344,1187,1303,1167,1030,1274,1254,1105,1536,1176,1194,1487,1496,1276,1441,1439,1234,1038,1156,1168,1502,1421,1170,1059,1334,1565,1079,987,1519,1449,1031,1135,1246,1151,1115,1044,1546,1072,1037,1408,1066
,1467,1564,1351,1553,1520,1003,1519,1075,1319,1436,1054,1082,1548,1161,1489,981,1409,1097,1116,1172,1000,1318,1350,1432,1448,1085,1018,1173,1354,1493,1372,1177,1298,1318,1064,1534,1361,1200,1561,1488,1430,1260,1462,1522,1005,1436,1303,1060,1483,1228,1529,1090,1391,1135,1108,1050,1318,1351,1518,1257,1430,1438,1018,1028,1368,1563,1465,1026,1266,997,1108,1038,1078,1337,1388,1208,1114,1209,1102,1539,1495,1273,1157,1369,1384,1216,1019,1220,1257,1564,1237,1342,1213,1053,981,986,1535,1303,1204,1325,1311,1556,1042,1462,1168,1474,1202,1464,1141,1183,1439,1396,1127,1077,1491,1362,1154,1558,1563,1019,1380,1149,1454,1314,1209,1527,1152,1104,997,1503,1083,1550,1433,1281,1212,1433,1003,1450,1532,1025,1313,992,1377,1356,1455,1316,1139,1288,988,1194,1511,1399,1558,1055,1300,1023,1107,1112,1314,1487,1215,1351,1359,1176,1338,1473,1542,1149,1433,1418,1539,1508,1528,1426,1019,1197,1173,1010,1056,1278,1463,1134,1276,1040,1210,1565,1473,1083,1312,1029,1216,1145,1268,1477,1214,1466,1323,1303,1448,1063,1021,1326,1510,1483,1232,1538,1429,1176,1301,1035,1267,1416,1339,1055,1530,1227,1087,1071,1565,1344,1481,1212,1031,1397,1298,1394,1217,1140,1485,1418,1167,1277,1439,1110,1270,1552,1086
,1088,1093,1552,1239,1316,1442,1123,1121,1371,1324,1312,1142,1500,1384,1001,1550,1550,1400,1132,1157,1546,1168,1490,1053,1565,1047,1307,1246,1185,1279,1427,1120,1276,1080,1224,1137,1054,1115,1346,1412,1492,1295,1478,1205,1004,1496,1145,1118,1092,1343,1113,1520,1354,1486,1229,1210,1264,1525,1376,1135,1398,1460,1284,1021,1464,1451,1303,1542,1011,1512,1000,1121,1008,1170,1252,1241,1456,1127,1322,1450,985,1398,1391,1520,1469,1556,1467,1274,1150,1062,1044,1473,1527,1408,1126,1106,1322,1262,1136,1071,1305,1348,1481,1240,1234,1439,1273,1262,1320,1039,1271,1244,987,1210,1233,1523,1148,1191,1444,1291,1210,1262,1457,1145,1340,1155,1135,1560,1137,1530,1187,1330,1025,1250,1560,1371,1127,1098,1403,1176,1182,1415,1461,1351,1084,1439,1419,1328,1112,1091,1489,1010,1549,1080,1551,1179,1192,1159,1028,1388,1374,1067,1029,1212,1359,1281,1241,1262,1263,1451,1075,1426,1486,1476,1165,1401,1442,1162,1256,1095,1244,1136,989,1152,1225,1381,1067,1466,1387,1162,1362,1442,1288,1149,1445,1208,1306,1458,1216,1154,1388,1551,1348,1447,1416,1220,1100,1202,1502,1388,1331,1272,1124,1098,985,1463,1421,1419,1555,1351,989,1559,1283,1158,1326,1047,1029,1306,1285,1525,1074,1028,1478,1283,1491,1104,1180
,1234,1011,1063,1344,1046,1051,1173,1061,1532,1375,1331,1390,1255,1529,1525,1214,1146,1546,1140,1340,1214,1410,1372,1447,1411,1052,1398,1197,1105,1374,1248,1563,1139,1432,1411,1476,1065,1555,1006,1448,1083,1352,1125,1111,1498,1555,1364,1418,1531,1323,1101,1445,1561,1158,1111,1128,1471,1201,1014,1212,1014,1019,1200,1447,1507,1506,985,1243,1247,1039,1452,1520,1431,1037,1199,1288,1344,1386,1161,1419,1433,1396,1316,1040,1086,1106,1024,1191,1446,1427,1332,1049,1015,1045,1275,1315,1048,1145,1399,1277,1448,1173,1562,1008,1439,996,1514,1084,1291,1059,1519,1073,1374,1286,1088,1145,1062,1366,1410,1197,1465,1218,1282,1317,1067,1539,1385,1380,1068,995,1289,1530,1190,1444,1468,1238,1384,1240,1276,1502,1167,1356,1553,1410,1123,1164,1325,1427,1543,1237,988,1539,1030,1500,1043,1468,1181,1345,1408,1236,1444,1296,1270,1172,1072,1049,1436,1118,1399,1300,1037,1075,1093,981,1509,988,1493,1134,1423,1128,1347,1246,1182,1245,1163,1188,1100,1050,1408,990,1008,1236,1241,1006,992,1337,1260,1136,1326,1480,1353,1429,986,1068,1324,1349,1071,993,1159,1110,1200,1228,1247,1380,1195,1433,1174,1125,1533,1223,1379,1253,1283,1227,1117,1458,1119,1135,1328,1017,1473,1075,1171,1282,1006,1561,1165
,1567,1241,1387,1189,1440,1215,1530,1235,1219,1494,1022,1091,1302,1025,1353,1565,1082,1322,1174,1004,1296,1147,1300,1519,1540,1161,1069,1242,1220,1084,1505,1464,1539,1070,1399,1516,1465,1086,1055,1486,1425,1402,1300,1108,1056,1335,1416,1000,997,1308,1312,1533,1479,987,1306,1408,1314,1228,1354,1282,1212,1356,1286,1458,1373,1048,1516,1020,1253,1528,1508,1278,1214,1416,1452,1059,1272,1171,1214,1394,1119,1219,1491,1228,1297,1501,1416,1522,1512,1311,1541,1562,1302,1036,1374,1354,1460,1132,1276,1033,1314,1366,1401,1358,1419,1075,1290,1501,1519,1554,988,1370,1152,1406,1150,1459,1162,1085,1243,1319,1108,984,1406,1205,1482,1421,1246,1334,1351,1462,1549,992,1051,1441,1520,1193,1522,1561,1522,1141,1194,1006,1374,1364,1174,1195,1338,980,1184,1487,1421,1057,1072,1545,1328,1372,1409,1088,1161,1059,1247,1306,986,1072,1076,1314,1166,1255,1341,996,1243,998,1402,1291,1084,1054,1073,1404,1007,1511,1295,1483,1029,1177,1070,1177,1388,1202,995,1212,1036,1116,1281,1434,1527,1189,1212,996,1535,1514,1542,1142,1011,1009,1543,1382,1138,1168,1118,1472,1183,1069,1055,1233,1074,1283,1206,985,1130,1477,1164,1548,1044,1013,1500,1001,1481,1420,1514,1440,1521,1361,1544,1192,1376,1316,1367
,1479,1343,1370,1132,1552,1253,1564,1375,1188,1447,1313,1149,1413,1068,1307,1437,1192,1118,1293,1120,1541,1415,1206,1203,1194,1107,1034,1133,1307,1422,1372,1347,1044,1081,1161,1451,1263,1308,1139,1130,1132,1303,1247,1419,1472,1401,1076,1000,1075,1277,1502,1286,1317,1351,1074,1084,1154,1274,1381,1559,1416,1458,1013,1416,1180,1464,1301,1252,1190,1342,1164,1509,1442,1317,1232,1261,1191,1154,1346,1427,1371,1427,1237,1299,1367,1248,1031,1336,982,1445,1496,1389,1219,1049,1430,1506,1556,1078,1375,1139,1273,1549,1009,1439,1024,1177,1543,1079,1172,1543,1386,1420,1302,1462,1056,1525,1030,1354,1099,1348,1276,1446,1475,1145,1091,988,1102,1507,1004,1364,1123,1343,1015,1340,1514,1550,1385,1255,1252,1479,1410,1127,1090,1147,1389,1459,1009,1228,1358,1072,1543,1122,1543,1320,1531,1344,1142,1390,1032,1110,1164,1259,1422,1478,1270,1255,1053,1088,1024,1047,1404,1176,1513,1256,1450,989,1442,1205,1107,1218,1048,1160,1327,1390,1374,1303,1150,1123,1558,1021,1117,1037,1091,986,1177,988,1238,1373,1417,1560,1073,1049,1492,1314,1429,1453,1206,1039,1472,1239,997,1227,1479,1112,1435,1322,1219,1380,1293,1339,1250,1235,1172,1209,1490,1230,1524,1413,1086,990,1152,1177,1511,1562,1105,1247,1084
,1112,1493,1409,1227,1116,1526,1395,1415,1384,1240,1502,1546,1128,1217,1226,1463,1452,1062,1343,1244,1011,1256,1473,1040,990,1506,1083,1271,1393,1197,1409,1446,1150,1048,1327,1242,1316,1302,1563,1530,1287,1252,1238,1348,1065,1428,1262,1453,1083,1133,1139,1257,1440,1380,1564,1308,1013,1071,1168,1087,1038,1561,1493,1058,1186,1417,1135,1251,1269,1220,1254,1515,1470,1344,1354,1450,1446,1065,1173,1314,1210,1151,1179,1325,1549,1562,1220,1179,1204,1311,1110,1097,1566,1271,1388,1489,1305,1206,1107,1297,1138,989,1064,1055,1074,1312,1065,1518,1144,1413,1424,1043,1126,1246,1014,1495,1541,1172,1437,1268,1336,1328,1271,1148,1004,1118,1293,1134,1215,1038,995,1403,1191,1104,1528,1474,1198,1461,1465,1503,1104,1123,1036,1220,1383,1140,1478,1549,1289,1090,1341,1086,1304,1225,1528,1406,1539,1045,1480,1044,1159,1467,1392,1511,1202,1468,1407,1063,1501,1436,1227,1170,1101,1375,1526,1334,1467,1420,1193,1357,1125,1375,1038,1535,1062,1155,1340,1308,1556,1024,999,1382,1415,1104,1411,1305,1528,991,1376,1111,1440,1028,1267,1415,1399,1083,1454,1121,1077,1090,1109,1341,1522,1050,1240,1542,1342,1458,1547,1107,1178,991,1057,1067,1419,1377,1017,1493,1328,1156,1137,1082,1151,1124,1371,1282,1389
,1331,1139,1476,1178,1250,984,1521,1237,1322,1473,1000,1360,1297,1489,1049,1483,1195,1533,1315,1501,1497,1440,1044,1044,1248,1313,1552,1451,1093,1518,1033,1498,1432,1432,1355,1365,1294,1046,1250,1553,1367,1287,1274,1379,1154,1365,1336,1329,1509,1301,1542,1153,1560,1484,1472,1402,1227,1349,1197,1495,1510,1453,1008,1350,1160,1206,1361,1000,1192,1497,1506,1092,1531,1453,1477,1243,1110,1174,1167,1033,1514,1502,1348,1526,1283,1504,1225,1460,1170,1111,1548,1102,1231,1371,1419,1278,1416,1150,1367,1091,1231,1222,1287,1194,1519,1087,1399,1374,997,1548,1489,1167,1005,1558,1235,1491,1180,1099,1091,1385,1081,1033,1002,1283,1125,1313,1419,1063,1474,1088,1464,1283,1139,1377,1255,1163,1088,1461,1277,1450,1534,1140,1530,1390,1296,1483,1016,1561,1070,1251,1322,1368,1326,1525,1383,1087,1182,1067,1234,1151,1548,989,1498,1164,1483,1337,1369,1076,1063,1492,1206,1221,1420,1481,1093,1137,1322,1182,1050,999,1199,1063,1373,1225,1486,1283,1313,1040,1517,1127,1301,1173,1072,1117,1092,988,1397,1131,1036,1203,1445,1042,1482,1243,1117,1162,1372,1283,1102,1134,1102,1072,1501,1430,1170,998,1411,1422,1457,1118,1421,1459,1168,1310,1303,1532,1498,1539,1367,1527,1048,1302,1518,1354,1465,1041,1326
,1563,980,1244,1301,1261,1372,1549,1430,1279,1096,1157,1473,1552,1019,1115,1222,1417,1380,1091,1431,1113,1129,1236,1050,1048,1100,1146,1418,1541,1510,1241,1120,1560,1380,1421,1463,1484,1080,1099,1384,1564,1538,1371,1130,1192,1390,1150,1522,1273,1197,1434,1396,1199,1273,1051,1504,1192,1290,1189,1484,1206,1478,1510,1483,1495,1547,1090,1253,1365,1267,1073,1273,1090,1099,1295,1505,1195,1250,1204,1177,1316,1038,1463,1499,1476,1138,1330,1067,1325,1404,1456,1160,1230,1322,1078,1566,1311,1020,1284,1076,1258,1142,1440,1478,1057,1544,1151,1249,1182,1119,1256,1277,1352,1006,1295,1372,1065,1378,1104,1383,1112,1065,1509,1429,1123,1334,1518,1105,1076,1551,1339,1081,1084,1006,981,1357,1301,1443,1184,1154,1547,1071,1173,1233,1008,1328,1262,1312,1118,1089,1398,1360,1004,1193,1334,1257,1019,1120,1016,1438,1069,1040,1014,1008,1559,1382,1440,1549,1320,1511,1083,1475,1237,1469,1199,1182,1192,1515,1144,1082,1102,1403,1197,1219,1142,1048,1526,1015,1502,1507,1546,1404,1125,1204,1282,990,1477,1190,1447,1516,1529,1506,1339,1549,1495,1331,1090,1184,1340,1529,1131,1039,1405,1215,1537,1294,1149,1012,1166,1127,986,1402,1222,1328,1322,1363,1528,1139,983,1062,1455,1309,1241,1441,1373,1327,1232
,1073,1119,1335,1520,1559,1367,1499,1142,1276,1194,1114,1506,1504,1312,1333,1276,1394,1346,1297,1545,1074,1370,994,1045,1058,1565,1537,1166,1009,1377,1250,1366,1118,1329,1440,1527,1400,1514,990,1002,1224,1260,1167,1547,1146,1338,1262,1491,1458,1213,1418,1207,1363,1100,1151,1116,995,1377,1348,1235,1457,1479,1206,1009,1399,1375,1221,1151,1115,1259,1514,1351,1335,1167,1329,1557,1299,1371,1074,1511,1517,1439,1216,1210,1050,1235,1363,1298,1324,1320,1416,1114,1339,1223,1135,1261,1472,1177,1392,1289,1227,1234,1460,1422,1052,1500,1413,1179,1051,1304,1245,1150,1224,1517,1530,1192,1423,1378,1540,1112,1392,1186,1379,1274,1078,1205,1525,1176,1364,1319,1210,1217,1253,1403,1327,1445,984,1346,1158,1075,1176,1543,1149,1180,1244,1156,1179,1287,1463,1107,1529,1053,1161,1515,1477,1546,1051,1083,1245,1232,1261,1311,1208,1448,1328,1119,1459,1379,1185,991,1304,1466,1486,1493,1160,1050,1115,1250,1544,1233,1001,1358,1170,1272,1209,1111,1024,1131,1314,1267,1231,1188,1124,1340,1472,1094,1556,1342,1315,1011,1421,1219,988,1544,1527,1239,1146,1052,1509,1422,1429,1413,1365,1145,1131,1355,1283,1063,1304,1338,1523,1331,1421,1174,1368,1479,1231,1255,1060,1102,1542,1211,1402,1381,1347,1243,1429
,1563,1010,1161,1446,1437,1025,1149,1112,985,1451,1247,1169,1540,1018,1453,1026,1407,1383,1407,1319,1479,1494,1563,1157,1532,1121,1189,1489,1307,1423,1479,1295,1221,1001,1280,1111,1193,1352,1127,1211,1221,1344,1097,1233,1129,1441,1506,1135,1557,1453,1236,1132,1519,1396,1563,994,1357,1319,1247,1329,1317,1162,1079,1096,1405,1549,1177,1157,1241,1554,1355,1557,1331,1548,1169,1277,1167,1030,1147,1454,1335,1001,1224,1132,1561,1124,1137,1304,1098,985,1273,1157,985,1564,1501,1004,1412,1055,1492,1150,1449,1539,1045,1019,1000,1092,1544,987,1152,1368,1096,1238,1092,1272,1476,996,1344,1512,1364,1206,1117,1323,1192,1060,1329,1551,1288,1534,1345,1526,1507,1540,1157,1359,1253,1438,1260,1023,1445,1204,1245,1549,1065,1324,1404,1379,1375,1100,1511,1510,1399,1375,1422,1523,1282,1511,1069,1460,1505,1138,1146,1228,1315,1219,1334,1536,1285,1436,1224,1329,1024,1046,1173,1133,1360,1374,1274,1442,1533,1360,1411,1455,1215,1378,1124,1417,1238,1113,1440,1086,1323,1121,1503,1080,1043,1211,1402,1063,985,997,1302,1402,1483,1396,1434,1367,1161,1468,1345,1298,1536,1053,1303,1280,1293,1002,1018,1382,1217,1206,1484,1448,1008,1158,1139,1191,1488,1191,1024,1448,1099,1233,1349,1421,1497,1309,1286
,1093,1013,1159,1088,1045,1489,987,1235,987,1088,1225,1104,1416,1444,1467,1019,1416,1368,1032,1494,1137,1134,1161,996,1262,1490,1533,1145,1410,1488,1066,1542,1486,1118,1470,1101,1162,1106,1182,1157,1043,1032,1278,1281,1110,1020,1145,1419,1270,1300,1488,1514,1489,1123,1509,989,1493,1211,1027,1265,1536,1171,1440,1256,1122,1415,982,1273,1456,1292,1041,1220,1396,1023,1106,1381,1503,1348,1529,1045,1385,1116,1479,1533,1268,1257,1509,1333,1014,1034,1367,1479,1083,1329,1048,1237,1527,1255,1171,1086,1150,1275,1271,1031,1534,1434,1073,1334,1497,1161,1161,1041,1140,1410,1543,1319,1354,1076,1564,1170,1055,1039,1503,1507,1055,1132,1253,1231,1216,1299,1292,1033,1493,1389,1172,1088,1382,1141,1341,1545,1364,1525,1022,1080,1221,982,1455,1552,1116,1110,1242,1409,1388,1551,1342,1352,1492,1562,1561,1013,1384,1419,1456,1528,1152,1459,1484,980,1133,1514,1474,1150,1482,1135,1546,1548,1111,1359,1272,1012,1364,1055,1108,1060,1400,1109,1160,1240,1470,1103,1025,1490,1266,1305,1226,1007,1395,1350,1537,1198,1045,1292,1123,1358,1147,1450,1329,1089,1148,1461,985,1102,1278,991,1521,1190,1544,1158,1348,1282,1518,1241,1412,1274,1033,1403,1082,1330,1261,1412,1420,1435,1061,1071,1127,1420,1394
,1237,1243,1470,1300,1107,988,1112,991,1332,1412,1042,1331,1361,1292,1407,1172,1030,1170,1308,1395,1093,1245,1369,1482,1068,1061,1044,1154,1529,1243,1059,1237,1050,990,1362,1191,1517,1404,1137,1395,1326,1020,1151,1481,1118,1328,1302,1464,1321,1116,1224,1560,1157,1520,988,986,1299,1522,1162,1218,1194,1054,1164,1001,1497,1062,1146,1200,1536,1563,1114,1466,1332,1184,1236,1113,1202,1437,1311,1074,1563,1458,1354,1481,1291,999,1199,1524,1508,1549,1441,1210,1547,1100,1085,999,1078,1135,1541,1191,1035,1480,1431,1062,1267,1199,1427,1256,1433,1334,1558,1193,1000,1249,1282,1290,1051,1109,1076,1464,1368,1098,1113,1259,1046,1013,1249,1016,1066,1246,1240,1157,1366,1376,1534,1222,1443,1051,1533,1104,985,1350,995,1540,1027,1059,1271,1034,1321,1566,995,1428,1308,1401,1296,1397,1004,994,1383,1016,1531,1159,1257,1545,1111,1433,1289,1328,1409,1513,1243,1143,1403,1028,1486,1214,1031,998,1472,1142,1257,1444,1428,1120,1250,1216,1155,1199,986,1455,1020,1383,1122,1081,1107,1121,1196,1308,1489,1216,1338,1284,1298,1278,1077,1403,1497,1070,1462,1021,1320,1289,1231,1430,1294,1263,1048,1125,1095,1208,1442,1279,1555,1033,1491,1193,1419,1198,1068,1538,1364,1253,1166,1111,1002,1388,1274
,1363,1101,1136,1199,1231,1471,1304,1473,1147,1003,1298,1525,1211,1534,1276,1537,1274,1279,1182,1353,1506,1522,1381,1231,1153,1336,1091,1427,1111,1327,1131,1527,1138,991,994,1223,1344,1062,1409,1523,1198,1324,1052,981,1378,1516,1444,1349,1021,1057,1014,1505,1382,1045,1198,1495,1128,1377,1566,1147,1546,1416,986,1340,988,1530,1201,1161,1010,1025,1522,985,1474,1232,1153,1020,1427,1386,1326,1501,1026,1307,1238,1001,1345,1305,1459,1253,1059,1548,1351,1188,1497,1309,985,1223,1078,1444,1536,1363,1132,1408,1153,980,1395,1517,1387,1393,1317,1367,1268,1494,1048,1334,1416,1288,1110,1427,1392,1389,1275,1268,1322,1524,1207,1564,1007,1393,1459,1565,998,1230,1372,1289,1067,1004,1396,1302,1146,1526,1143,1125,1478,1245,1381,1138,1320,1447,1137,991,1439,1277,1003,1447,1561,1485,1488,1107,1360,1419,1116,1152,1555,1355,1005,1326,1406,989,1531,1410,1300,1462,1541,1320,1407,1093,998,1132,1089,1469,1049,1564,1191,1154,1062,1334,1315,1302,1384,1556,1402,1443,1240,1259,1002,1384,1513,1517,1221,1160,1034,1041,1088,1147,1166,1233,1537,1267,1001,1108,1155,1414,1100,1359,1152,1287,1256,1071,1189,1480,1555,994,1366,1188,1471,1069,1041,1119,1485,1287,1441,1117,1388,1521,1146,1395,1192
,1204,1432,1215,1155,1044,1334,1278,1446,1101,1295,1328,1437,1197,1545,1066,1552,1422,1284,1058,1357,1030,1054,1450,1341,1032,1486,1431,1086,1415,1545,1039,1515,1138,1284,1558,1509,1164,1292,1398,1257,1180,1202,1166,1085,1532,1229,1224,1151,1361,1101,1054,1319,1120,1092,1041,1293,1417,1465,1169,1442,1445,1125,1449,1181,1471,1153,1510,1083,1151,1369,1077,1002,1110,1266,1010,1425,1110,992,1192,1535,989,1164,1285,1052,1085,1101,1254,1110,1173,1055,1070,988,991,1123,993,1369,1404,1019,1068,1194,1128,1304,1185,1117,1452,1141,1034,1286,1479,1015,1295,1463,1255,1149,1186,1309,1344,1284,1070,1133,1350,1166,1428,1508,1014,1508,1159,1484,1195,1323,1432,1386,1164,1120,1456,1230,1370,1132,1243,1105,1198,1270,1403,1547,1562,1000,1535,1287,1102,1064,1224,1322,1251,1276,1204,1355,1376,1073,1278,1064,1447,994,1513,1057,1299,1431,1087,1474,1151,1538,1113,1143,1412,1156,1471,1410,1071,1389,1012,1534,1074,1481,1308,1030,1371,1324,1367,1015,1182,1138,1398,1482,1185,1343,1040,1349,987,1045,1554,1540,1139,1116,1414,1125,1002,1505,1522,1248,1397,1279,1270,1275,1529,988,1319,1040,1469,1071,1439,1479,1129,1522,1122,1223,1306,1454,1534,1416,1072,1124,1179,1515,1477,1152,1470,1181,1162
,1407,996,1125,1508,980,1395,1277,1036,1223,1534,1542,1538,1105,1310,1471,1466,1308,1099,1052,1140,1116,1150,1409,1018,1064,1199,1063,1472,1343,1190,1326,1157,1396,1510,1226,1303,1406,1344,1219,1212,1187,1053,1536,1218,1095,1087,1180,1356,1240,1061,1472,1289,1289,1130,995,1290,1130,1209,1045,1175,1435,1315,1375,1328,1367,1328,1357,1341,1020,1011,1141,1039,1169,1071,1147,1399,1127,1470,1015,1208,1402,1189,1195,1209,1377,1158,1418,1084,1532,1327,1374,1272,1071,1447,1528,1014,1009,1071,1266,1191,1427,1526,1554,1025,1267,1310,1392,1485,1223,1302,1434,1016,1406,1480,1428,1360,1066,1331,1059,1513,1193,1165,1038,1447,1234,1373,1560,1014,1135,1389,1041,1131,1373,1009,1351,1486,1208,1426,1407,1259,1008,1179,1086,1261,1277,1273,1321,1069,1394,1541,990,1079,1193,1556,1124,1008,1035,1191,990,1323,1369,1494,1404,1558,1413,1009,1487,995,1501,1418,1352,1497,1240,1001,1505,1482,1188,1083,999,1283,1469,1345,1339,1026,1159,1300,1021,1006,1131,1070,1328,1153,1046,1110,982,1350,1415,1016,1457,997,1269,1224,1503,1509,1309,988,1510,1490,1300,1123,1098,1518,1129,1108,1517,1199,1065,1336,1467,1297,1428,1168,1508,1020,1373,1094,1278,1007,1348,1423,1512,1386,1375,1452,1068,1551,1509
,1057,1347,1142,1268,1263,1538,1076,1509,1491,1111,1217,1298,1457,1212,1376,1344,1201,1375,1330,1217,1259,1455,1176,1069,980,1467,1328,1119,1345,1392,1055,1024,1379,996,1432,1433,1296,1275,1289,1423,1352,1516,1301,1544,1221,1231,1365,1449,1173,1239,1475,1488,1449,1076,1072,1007,1153,995,1148,1042,1510,1321,1100,1094,1174,1108,1024,1207,1241,1139,1138,1361,1448,1407,1428,1338,1160,1463,1179,1116,1439,1503,1403,1200,1088,1293,1392,1543,1102,1015,1487,1149,1041,1361,1391,1253,1198,1336,1184,1322,1511,1481,1243,1287,1500,1328,1492,1388,1402,1008,1196,1073,1565,1187,1160,1184,1096,1123,1105,1356,1029,1335,1417,1545,1259,1002,1375,1276,1565,1285,1528,1490,1106,1325,1524,981,1012,1496,1064,1175,1560,1561,1371,1490,999,1319,1287,1426,1215,1470,1421,1264,1403,1498,1448,1552,1180,1168,1404,1017,1253,1040,1414,1056,1160,1223,1102,1337,990,1338,1009,1211,1464,1112,1104,1134,1288,1290,1303,1418,1361,1276,1024,1329,1095,1546,1309,1518,1158,1492,1121,1292,1541,1322,1399,1361,1279,1364,1235,1538,1279,1379,1433,1008,1473,1378,995,1336,1534,1131,1093,1199,1357,1148,1126,1537,1481,1118,1545,1006,980,1329,1563,1182,1384,1153,1439,1255,1139,1009,1422,1359,1227,1190,1115,1251,1433
,1256,1550,1308,1530,1288,1567,1127,1126,993,1365,1095,1349,1399,1402,1404,1168,1131,1233,1043,1010,1224,1331,1525,1228,1443,1325,1175,1470,1040,1494,1079,1047,1146,1005,1431,1420,1408,1078,1131,1475,986,1446,1501,1022,1439,1389,1501,1220,1444,1458,1105,1199,1292,1475,1355,1419,1323,1452,1512,1436,1426,1195,1252,1496,1006,1213,1327,1520,1317,1148,1254,1495,1427,1421,1429,1417,1028,1503,1089,1466,1359,1323,1273,1452,1502,1190,1399,1137,1001,1010,1265,1478,1394,1465,1167,1395,1142,1118,1210,1175,1059,1246,1276,1532,1334,1185,1228,1516,1079,1332,1324,1136,1552,1145,1380,1030,995,1080,1286,1406,1176,1235,1366,1526,1243,1383,1081,1362,1066,1482,1484,1403,1409,1057,1317,1090,1471,1348,1345,1306,1180,1487,1167,1520,1469,1428,1410,1261,1327,1265,1087,1380,1338,1497,1268,1185,1093,1451,1496,1051,1308,1478,1069,1051,1083,1043,1354,1108,1359,1550,1274,1387,1394,1197,1217,1349,1230,1215,1535,1330,1016,1082,1345,1526,1274,1439,1172,1094,1210,1443,1259,1540,1098,1086,1241,1561,1302,1236,1155,1518,991,1020,1532,1311,1528,980,1567,1415,1173,1139,1382,1455,1074,1530,1114,1212,1407,1037,1209,1379,1051,1329,1350,1411,1134,1225,1299,1563,1359,1486,1363,990,1295,1005,1082,1043,1463
,1456,1086,1197,1053,1161,1446,1059,1039,1108,1233,1198,1199,994,1271,1447,1227,1219,1231,1375,1541,1520,1507,1210,1535,1312,1071,1317,1353,1103,1010,1033,1331,1103,1045,1307,1218,1129,1384,1465,1495,1052,1317,1038,1341,1091,1151,1533,1161,1138,1436,1112,1250,1262,1530,1090,1502,1301,1526,1025,1214,1196,985,1428,1346,1235,1042,1432,1019,1228,1148,1054,1082,1467,1237,1338,1083,1217,1090,1076,1555,1505,1523,1263,1076,1028,1040,1485,1503,1292,1191,1378,1123,1478,1099,1159,1300,1233,1237,1061,1370,1237,1388,1356,1505,1557,1166,1133,1360,1480,1560,982,1115,1067,1199,1130,1303,996,1379,1537,1388,1230,1155,1012,1148,1300,1066,1200,1183,1489,1337,1117,1191,1297,1464,1199,1272,1501,996,1165,1362,1136,1518,1537,1512,1020,1283,1146,1486,1224,1558,1185,985,1009,1024,1004,1538,1496,1546,1522,1167,1503,1131,1004,1477,1126,1353,1242,1170,1076,1086,1210,1354,1338,1332,1353,1396,1450,1430,1339,1396,1471,1012,1381,1475,1221,1426,1018,1448,1285,1212,1157,1085,1018,1391,1450,1393,1442,1254,1424,1320,1557,1459,1154,1139,1284,1252,1235,1341,1238,1172,1069,1037,1273,1415,1396,1131,1197,1105,1042,1452,1336,1460,1365,1089,1134,1353,1110,1341,1371,1038,1221,1074,1100,1468,1038,1384,1388
,998,1413,1364,1043,1278,1388,1341,1557,1504,1563,1497,1420,1334,980,1098,1154,1302,1286,1277,1391,1463,1297,1173,1269,1370,1308,1416,1142,1022,1274,1213,1347,1163,980,1055,1230,1206,1229,1093,1424,1181,1173,1076,1328,1530,1248,1296,1087,1555,993,1035,1534,1416,1050,1376,1059,1044,1250,1132,1158,1554,1279,1239,1250,1306,1104,1040,1194,1244,1350,1223,1320,1389,1193,1240,1508,1440,1415,1042,1037,1308,1417,1346,1138,1538,1476,1534,1173,1157,1080,1467,1063,1122,1508,1382,1008,1053,1156,1148,1370,1250,1565,1400,1268,1359,1486,1374,1014,1408,1079,1319,1265,1211,1552,1194,1399,1475,1041,1240,1298,1466,1294,1146,1447,1486,1401,1098,1211,1556,1438,1219,1065,1337,1494,1013,1354,1227,1465,1552,1233,1542,1462,1549,1280,1512,993,1536,1533,1105,1055,1140,1562,1145,1260,1426,1497,1423,1216,1207,1391,1310,1092,1567,1566,1402,1344,1399,1547,1231,1380,1524,1536,1548,1063,1565,995,1180,1311,1043,1101,1199,1483,1298,1537,1110,1504,1023,1405,1046,1042,1306,1545,1103,1486,1519,1121,1523,1304,1257,1300,1251,1202,1256,1286,1298,1259,1172,1393,1147,1545,1302,1106,1108,1252,1326,1162,1019,1224,985,1319,1079,1353,1180,1379,1004,1253,1307,1058,1056,1454,1201,1210,1388,1255,1126,1047,1103
,1320,1390,1088,1193,1088,1262,1068,1039,1205,1046,1037,1318,1094,1363,1304,1072,1539,1035,1378,1370,1281,1043,1152,1506,1001,1471,1192,1089,1220,1276,1547,1289,1458,1078,1485,1545,1337,1295,1229,1154,1274,1024,1470,1169,1332,1506,1337,1197,1057,1502,1185,1018,1212,1392,1323,1261,1497,1040,1189,1119,1536,1086,1309,1127,1153,1268,1411,1145,1041,1561,1350,1558,1448,1378,1467,1476,1375,1237,1004,1131,1069,1213,1090,1522,1319,1245,1167,1490,1055,1261,1418,1393,1179,1132,1565,1333,1267,1491,1249,980,1536,1193,1411,1137,1302,1521,1560,1192,1420,1185,1334,1350,1420,1061,1163,1349,991,1178,1086,1511,1490,1301,1337,1162,1450,1257,1455,1056,1213,1382,1450,1513,1098,1453,1055,1249,1210,1379,1527,1069,1218,1051,1409,1250,1045,1187,1431,1340,1448,1368,1451,1559,1514,1458,1351,1021,1449,1218,1078,1134,1493,1458,1252,1002,1120,1066,1358,996,1467,1358,994,1261,1103,982,1433,1015,1271,1483,1354,1098,1076,1123,1052,1064,1071,1498,1148,1319,1054,1253,1533,1505,1551,1397,1120,1531,1554,1238,1522,1258,1192,1399,1342,1266,1030,1097,1152,1249,1190,985,1290,1401,1147,1029,1566,1069,1556,1477,1025,1313,1317,1202,1151,1099,1499,1072,1273,1141,1185,1473,1083,1198,1419,1139,1524,1111,1199
,1379,1114,1483,1093,1450,1021,1352,1197,1466,1014,984,1539,1477,1434,1497,1402,1397,1079,1085,1178,1408,1400,1260,1364,1031,1058,1101,1413,1128,1303,1088,1481,1032,1095,1291,1448,1392,984,1297,1522,1062,1002,1543,1257,1021,1240,1111,1563,1211,1407,1097,1072,1318,1135,1544,1278,1256,1554,1024,1168,1223,1250,1164,1526,1219,1330,1187,1171,1550,1045,1460,1468,1513,1249,1002,1114,1077,1397,1392,1471,1357,1120,1385,1138,1146,1564,1463,1296,1175,995,1543,1077,1098,1466,1192,1231,1197,1052,1062,1403,1238,1412,1378,1220,1194,1515,1399,1197,1207,1459,1248,1076,1563,1157,1078,1284,1134,1347,1054,1406,1123,1325,1023,1144,1448,1263,1072,1527,1532,1037,1172,1374,1364,1399,1514,1338,1031,1166,1247,1469,1204,1163,1496,1342,1297,1314,1291,1473,1172,1069,1247,1164,1040,1366,1075,1379,1352,1529,1411,1051,1367,1048,1557,1274,1206,1100,1104,1419,981,1291,1104,1353,1290,1068,1152,1400,1279,1476,1332,1162,1514,1329,1182,1485,1007,1128,1265,1496,1095,1558,1454,1230,1472,1080,1327,1558,1171,1361,1280,1195,1061,1017,1253,1113,1163,1508,1235,1421,1536,1329,1361,1374,1281,1383,1115,1548,1449,1279,1389,1111,1153,1518,1233,1319,1005,1431,1093,1412,1049,1124,1163,987,1057,1550,1446,1390,1066
,1311,1448,1143,1551,981,1446,1129,1475,1497,1450,1085,1563,1290,1331,1380,1449,1426,993,1191,1137,1549,1158,1381,1077,1323,1306,1087,1203,1272,1122,1214,1110,1490,1439,1408,1273,1479,1097,1474,1528,994,1421,1420,1496,1018,1175,1222,1291,1196,1281,1143,1552,1095,1356,1220,992,1133,1422,1166,1528,1532,1370,1088,1007,1193,1374,1213,1146,1436,1495,1473,1150,1082,1007,1060,1138,1283,1370,1370,1522,1033,1266,1391,1246,1194,1485,1005,1520,1172,1224,1513,1563,1156,1059,1545,1478,1368,1007,1011,1467,1077,1429,1563,1278,1149,1308,1450,1143,1538,1559,1010,1455,1232,1025,1365,1473,1360,1084,1515,1444,1356,1443,1383,1558,1098,1353,1211,1350,1153,1033,1226,987,1101,1185,1247,1122,1133,1445,1180,1483,1315,1270,1161,1333,1412,1166,994,1109,1031,1045,1403,1411,1120,1540,1467,1288,1192,1204,1423,1546,1171,1235,1246,1293,1383,1115,1127,995,1125,1013,1535,1333,1537,1372,1240,1348,1410,1360,1059,1408,1129,1375,1387,1531,1345,1061,1531,1431,1358,1138,987,1199,1365,989,1457,1545,1179,1506,1101,1065,1203,1044,1068,1297,1001,1203,1303,1456,1100,999,1258,1036,1047,1038,1081,1285,1041,1256,1328,1054,1145,1535,1157,1247,1149,1023,1066,1333,1066,1388,1381,1479,1412,1260,1366,1211,1140
,1128,1552,1004,1151,1031,1439,1437,1199,1250,1393,1356,1087,1433,1396,1544,1115,983,1345,1387,1022,1551,1389,1470,1483,1387,1479,1405,1389,1131,1506,1342,1435,1320,1116,1395,1279,1132,1343,1302,1495,1012,1475,1152,1207,1218,1444,1369,1202,1390,982,1276,1201,1049,1537,1132,1026,1106,1343,1082,1073,1097,1549,1183,1279,1028,1150,1279,1212,1422,1518,1340,1107,1062,1278,1389,1309,1554,1460,1137,1474,1062,1269,1267,1246,1440,1208,1367,1079,1202,1424,1024,1152,1551,1120,1399,1368,1510,1445,1556,1449,1119,1402,1074,1073,989,1411,1393,1145,1446,1408,1202,1315,1100,1541,1208,1490,1341,1329,1383,1476,1055,1262,1293,1289,1561,1358,1498,1126,1428,1280,1497,1156,1098,1031,1515,1352,1415,1069,1211,1077,1106,1529,1342,1076,1514,1505,1531,1530,1191,1080,1530,1052,1040,1391,1306,1285,1139,1089,1270,1106,1533,1258,1211,1516,1236,1330,1195,1442,1314,1249,1182,1098,1441,1392,1365,1339,1526,1201,1235,1491,1106,1194,1143,1006,1126,1403,1295,1085,1268,1067,1302,1234,1524,1149,1252,1351,986,1070,1199,1281,1272,1179,1149,1392,1233,1511,1480,1025,1022,1438,1291,1152,1509,1144,987,1057,1148,1410,1159,987,1339,1465,1567,1209,1422,1054,1461,1099,1373,1411,1300,1482,1040,1555,1145,1567,1058
,1427,1526,1562,1475,1417,1383,1035,1259,1029,1013,1178,1514,987,1173,1065,1190,1475,1208,1481,1028,1074,1454,1190,1564,1368,1022,1277,1137,998,1128,1235,1530,1080,1426,1114,1357,1333,1406,1288,1486,1458,1381,1037,1382,1200,1299,1042,1019,1231,1221,1158,1032,1231,1308,1069,1080,1453,1010,1463,1532,1253,1554,1281,1339,1028,1004,1140,1238,1424,1292,1516,1295,1562,1296,997,1479,1347,1258,1366,1501,1500,1191,1172,996,1560,1371,1464,1276,1472,1542,1523,1437,1498,1208,1525,1257,1367,1396,1005,1230,1139,1176,1337,1131,1216,1158,1128,1375,1128,1166,1430,1367,1397,1218,1398,1131,1036,1448,1358,1550,1258,1032,1334,1086,1248,1420,1037,1040,987,1364,1036,1018,1472,1388,1389,1181,1505,1398,1314,1087,1292,1154,1047,1215,1528,1543,1043,1132,1498,1199,1532,1561,1400,1149,1223,1117,1528,1309,1226,1153,1180,1408,1435,1199,1493,998,1269,1409,1543,1459,1403,1060,1322,982,1390,1021,1419,1477,1226,1136,1006,1126,1457,1329,1306,1339,1418,1439,1195,1263,1341,1539,1471,1452,1242,1528,1189,988,1041,1296,1038,1384,983,1406,1068,1421,1281,1236,1179,1264,1019,1418,1057,1234,982,980,1514,1558,1235,1111,1219,1559,1200,1054,1294,1137,1108,1395,1176,1340,1225,1489,1048,1365,1345,1113,1442
,1059,1213,1312,1186,1507,1058,1485,1236,1391,1292,1072,1086,1113,1015,1384,1276,1552,1288,1028,1273,1106,1175,1321,1178,1447,1121,1280,1286,1317,1120,1525,1449,1099,1236,1166,1394,1037,1351,1340,1139,1307,1323,1495,1260,1109,1389,1011,1473,1008,1531,1050,1208,1155,1548,1343,1292,1529,1102,1021,1447,1487,1134,1252,1003,1366,1363,1226,1556,1038,1204,1430,1355,1489,1125,1541,1243,1352,1398,1286,1553,1180,1393,1132,1094,1473,1113,1514,1035,991,1363,1531,995,994,1462,1289,1462,1263,1138,1386,1545,1090,1386,1224,1419,1549,1522,1461,1466,1280,1209,1553,1421,1489,1308,1022,1380,1061,1077,1082,1073,1375,1372,1028,985,1389,1351,1137,1186,1140,1522,1037,1029,994,1505,1343,1386,1218,1489,1447,1071,1024,1386,1567,1133,1564,1343,1086,1510,1412,1286,1400,1103,1396,1527,1044,1454,1104,1018,1209,1065,1181,1364,1318,1562,1340,1453,1511,1508,1408,1300,1445,999,1318,1006,1287,1043,1068,1109,1159,1157,1507,1545,1096,1097,982,1128,1493,1427,1088,1002,1263,1417,1342,1357,1542,1181,1317,1562,1566,1471,1314,1093,1319,1340,1151,1180,1266,997,1438,1254,1391,1009,1470,1544,1391,1307,1392,1101,1316,1204,1151,1372,1241,1417,1011,1331,1094,1217,1514,1273,1539,1237,1475,1360,1025,1010,1375
,1032,1105,980,1146,1099,1413,1154,1095,1150,1021,1114,1023,1353,1520,1192,1041,1416,1236,1258,1487,1375,1177,1478,1133,1301,1320,1394,1521,1521,1239,1455,1035,1200,1376,1124,1169,1008,1234,1078,1136,1214,1416,1420,1121,1425,1490,1305,1518,1337,1448,1312,1444,1406,1227,1226,1253,1520,1502,983,1454,1371,1301,993,1121,1274,1015,1308,1275,1283,1347,1077,1101,1484,1121,1415,1352,1411,1517,1465,1416,1085,981,1538,1213,994,1254,1162,1004,1429,1463,1498,1073,1554,1134,1519,1167,1175,1447,1409,1179,1107,1029,1084,1178,1212,1189,1128,1424,987,1376,1536,1468,1166,1484,1411,1285,1081,1076,1533,1411,1512,1128,1112,1301,1072,1079,1160,1312,1174,1154,1330,1332,1089,1546,1069,1448,1253,1214,1506,1006,1269,996,1418,1392,1060,1297,1101,1108,1294,1038,1257,1307,1243,1402,1277,1210,1267,1143,1247,1271,1450,1315,1530,1402,1043,1476,1323,1318,1128,1511,1111,1012,1495,1372,1198,1072,1565,1191,1099,1094,1530,1542,1518,1339,1266,1292,1538,1432,1109,1540,987,1330,1020,1057,1493,1268,1567,1090,1068,1409,1022,1384,1263,1349,1353,1260,1329,1252,1502,1127,1441,1503,999,1464,1208,1443,1561,1223,1181,1090,1366,1256,987,1128,1373,984,1252,1309,1195,1393,1368,1126,1422,1015,1492,1546,1442
,1122,1163,1148,1035,1204,1364,1081,1423,1144,1452,1366,1298,1188,1344,1290,1027,1414,1021,1047,1183,1242,1196,1290,1323,1400,1002,1538,1218,1095,1327,1124,1264,1136,1028,1227,1556,1454,1488,1132,1416,997,1566,1152,1175,1484,1327,1256,1391,1556,1498,1093,1201,1173,1320,1296,1528,1401,1521,1094,1202,1094,1483,1220,1560,990,1133,1358,1224,1113,1283,1138,1301,1411,1170,1047,1389,1517,1479,1129,996,1232,1296,1451,1028,1440,1506,1398,1477,1518,984,1313,1307,1164,1349,1045,1455,1414,1130,1265,1019,1212,1447,1453,1107,1566,1462,1540,1409,1406,1496,1442,1146,1528,1368,1293,1044,1430,1393,1239,1129,1432,1527,1411,1490,1492,1159,1193,1466,1269,985,1144,1222,1120,1255,1269,989,1107,1368,1447,1488,1289,1370,1170,1206,1543,1441,1295,1474,1123,1207,1035,1362,1547,1351,982,1314,1333,1148,1478,1492,1256,1094,1386,1249,1136,1466,1436,1089,999,1433,1206,1481,1189,1127,1046,1007,1507,1380,1560,1115,1217,1151,1266,1180,1339,1015,1549,1206,1250,1016,1086,1010,1186,1046,1215,1021,1535,1229,1119,1241,989,1288,1227,1452,1442,1336,1250,1488,1563,1288,1276,1354,1398,1060,1317,1099,1564,1042,1406,1424,1547,1175,1510,1330,1455,1467,1210,1356,1444,1272,1383,1417,1136,1004,1147,1559,1171
,1204,1182,1186,1342,1166,1504,1473,1395,1290,1313,1417,1446,1308,1178,1501,1520,1043,1299,987,1234,1240,1341,1026,1098,1303,1393,1149,1200,1269,1316,1387,1225,1091,1205,1119,1325,1477,1041,1034,1527,1383,1206,1227,1330,1476,1104,1520,1466,1213,1382,1498,1320,1535,1051,1182,1050,1532,1094,1296,1552,1258,1081,1418,1300,1121,1005,1183,1556,1182,1206,1182,1514,1188,1459,1234,1242,1013,1201,1558,1563,1260,1446,1561,1243,1288,1033,1412,1383,1440,1087,1458,1308,1337,1419,1259,1336,1275,1394,1285,1442,1339,1039,1208,1371,1407,1407,1158,1291,1522,1151,1551,1210,1473,1130,1151,1114,1165,1516,1096,1117,1234,1494,1470,987,1008,1153,1109,1088,1142,1198,1023,1426,1457,1393,1391,1411,1127,1477,1224,1268,1185,1086,1514,1554,1188,1441,1294,1007,1055,1134,1502,1464,1227,1418,1559,1529,1537,1468,982,1337,1166,1183,1078,1521,1190,998,1423,1500,1399,1481,1480,1055,1227,1134,1400,1331,1446,1479,1567,1363,1260,1179,1296,1425,1430,1016,1088,1227,1158,1420,990,1189,1141,1458,1471,1091,1081,1395,1352,1182,1548,1057,1448,1194,1430,1392,996,1005,1098,1224,1248,1408,1541,1508,1015,1344,1466,1072,1331,1449,1116,1315,1160,1217,1189,1396,1176,1486,1187,1151,987,1482,1148,1290,1447,1188,1183
,1408,1271,1500,1152,1347,1542,1083,1401,1395,1298,1393,1462,1192,1424,1044,1310,1329,1190,998,1493,1134,1379,1565,1444,1533,1482,1549,1441,1034,1404,1361,1422,1305,1003,1137,1505,1128,1372,1508,1384,1377,1175,1000,1564,1564,1354,1480,1119,1166,1204,1368,1218,1402,1434,1509,1221,1286,1423,1438,1196,1432,1497,1368,1312,1007,1275,1169,1370,1335,1234,1523,1219,1337,1366,1518,1495,1166,1000,1470,1196,1563,1037,1113,1553,1485,1345,1075,1296,1265,1561,1146,1565,1448,1031,1423,1335,1218,1034,1162,1083,1194,1366,1143,1265,1248,1150,987,1387,1335,1272,1118,1384,1293,1399,1543,1519,1479,1195,1248,1412,1561,1073,1548,1347,1166,1546,1063,1563,1493,1463,1117,1100,1298,1422,1320,1127,1059,1096,1252,1255,1106,1429,1265,1100,1504,986,1230,1446,1396,1476,1007,1415,1285,1449,1315,1197,1410,1143,1087,1357,1475,1563,1530,1023,1056,1188,1194,1543,1526,1054,1265,1463,1161,1199,1052,1298,1264,1304,1234,1126,1255,1430,1533,1386,1034,1018,1485,1278,1351,1205,1363,1161,1145,1114,1115,1362,1334,1361,1134,1381,1536,1344,1330,1396,1353,1145,1561,1539,1001,1412,1241,1211,1283,1174,1205,1346,1071,1467,1037,1525,1352,1420,1205,1242,1557,1475,1023,1562,1084,1160,1421,1268,1331,986,1432,1088,1163
,1225,1038,1097,1359,1237,1074,1329,1048,1563,1021,1354,1142,1530,1529,987,1375,1409,1030,1098,994,1491,1283,1502,1509,1416,1021,1235,1356,991,1363,1226,1234,1161,1059,1252,1305,1226,1226,1346,1395,1348,1120,994,1526,1302,1089,1369,1232,1460,1403,1394,1505,1430,1116,1336,1021,1151,1556,1476,1029,1094,1039,1317,1340,1217,1472,1178,1529,1144,1135,1541,1554,1181,1018,1165,1078,1394,1367,1482,1209,1564,1358,1131,1302,1090,1508,1040,1056,1187,1084,1041,1277,1437,1185,1148,1122,1251,1196,1319,1066,1161,1209,1183,1285,1541,1351,1527,1056,1062,1368,1315,1564,1067,1458,1555,1043,1342,1110,1511,1325,1001,1064,1232,1305,1068,1001,1472,1451,1556,1478,1359,1241,1255,1212,1236,1132,1146,1414,1484,1397,1020,1491,1334,1037,1006,1098,1400,1171,1405,1016,1410,1216,1313,1026,1393,1438,1373,1046,1511,1316,1457,1419,1364,1190,1299,1013,1474,1556,1486,1131,1541,1452,1023,1257,1048,1521,1013,1167,1101,1196,991,1279,1218,1197,1260,1256,1029,1445,1071,1031,1053,1451,993,1357,1124,1304,1155,1253,1358,1139,1204,1168,1474,1120,1359,1546,1385,1544,1212,1311,1456,1161,1325,1248,1468,1418,1281,1374,1487,1156,1376,1146,1417,1374,1434,1099,1552,1352,1244,1066,987,1470,1539,1017,1439,1436,1479
,1341,1346,1363,1559,1325,1507,1560,1197,1354,1456,994,1512,1530,1202,1059,980,1287,1345,1215,1532,1503,1235,993,1279,1358,1281,1265,1324,1007,1327,1090,1461,1454,1092,1434,1171,1497,1541,1173,998,1168,1162,1232,998,1070,1413,1012,1181,1350,1024,1103,1155,985,985,988,1421,1456,1323,1510,1026,1434,1516,1340,1545,1458,1480,1293,1327,1174,1479,1090,1495,1103,1238,1377,1230,1394,1435,1422,1390,1143,1012,1538,1452,1328,1503,1345,1420,1249,1279,1353,1454,1517,1033,1008,981,1420,1115,1126,1259,1408,1522,1294,1116,1430,1019,1005,1309,1497,1368,1313,999,1363,1197,1208,1523,1186,1499,1352,1532,996,1320,1339,1139,1097,1236,1428,1414,1189,1390,1541,1202,1139,1067,1113,1554,1508,1414,1356,1457,1002,1375,1445,1530,1375,1391,1542,1459,1376,1524,1260,1289,1079,1218,1323,1438,1057,1423,1074,1102,1015,1327,1283,1293,1219,1356,1565,1408,1352,1064,1564,1121,1180,981,1180,1094,1497,1085,1407,1039,1090,1132,1530,1395,1478,1471,1132,1002,1004,1360,1128,1286,1418,1370,1317,1173,1128,1494,1002,1325,1148,1250,983,1560,1562,1101,1266,1206,1530,1557,1234,1028,1032,1226,1507,1537,1049,1442,1122,1398,1066,1073,1561,1425,1000,1288,1448,1080,1260,1520,1143,1035,1007,1289,1324,1438,1441
,1508,1383,1123,1555,1041,1155,1035,1289,1352,1143,1420,1055,1102,1505,1249,1500,1506,1415,1342,1549,1153,1034,1479,1281,1474,1068,995,1240,1062,1524,1089,1238,1441,1399,1017,1560,1559,1508,1198,1546,1461,1190,1177,1548,1221,1377,1261,1391,1405,1437,1084,1119,1445,1156,1476,1228,1058,1253,1474,1381,1519,1400,1361,1532,1026,1041,1102,1129,1280,1024,1330,1211,1124,1074,1293,1315,1358,1394,1488,1242,1246,1318,1260,1527,1210,1541,1517,1559,1340,1147,1129,1060,1345,1509,1108,1047,1493,1325,1438,1017,1346,1274,1099,1040,1277,1094,1161,1517,1069,1107,1360,997,1492,994,1412,1237,1093,1335,1454,1212,1450,985,1309,1227,1337,1262,1017,1018,1430,1507,1194,1282,1161,1423,1490,998,1219,1253,1358,1467,1486,1497,1323,1287,990,1066,1221,1052,1306,1285,1348,1437,1516,1198,1147,980,1303,1565,1060,1387,1112,1511,1068,1533,1453,1106,1105,1556,1008,1557,1113,1141,1355,1235,980,1052,1235,1234,1046,1020,1554,1017,1408,1430,1414,1027,1195,1562,1008,1143,1346,1367,1422,1266,1250,1068,1566,1158,981,1295,1557,1107,1558,1232,1311,1329,1557,1513,1235,1294,1547,1244,1347,1268,1174,1353,1525,1242,1129,1354,1419,1389,1239,1492,1228,1051,1183,1435,1124,1301,1220,1073,1275,1110,1288,982,1526
,1030,1027,1201,1007,1148,1430,1116,1554,1471,1109,1375,1260,1184,1209,1446,1073,1273,1182,1422,1502,1174,1036,1390,1166,1348,1285,1319,1437,1188,1055,1332,1069,1184,1094,1327,1254,1347,1564,1320,1396,1019,1217,1258,1306,1424,1045,1419,1331,1417,1202,1406,1046,1109,1312,1510,1411,1437,1114,1452,1207,1001,1009,1311,1368,1307,1559,1455,1362,1051,1151,1264,1551,1311,1305,1478,1518,1354,1528,1483,1436,1491,1343,1211,1281,1188,1251,1053,1490,1154,1541,1000,1164,1081,1189,1281,1319,1534,1398,1201,1280,1184,1529,990,1447,1250,1297,1284,1444,1318,1008,1071,1351,1388,1097,1567,1400,1256,1555,1308,1358,1279,1270,1166,1493,1105,1154,1480,1084,1248,1324,1097,1414,1241,1145,1313,1552,992,1365,1220,1131,1218,1404,1245,1333,1025,1208,1336,1100,1561,1310,1468,1546,1553,1213,1283,1092,1256,1118,999,1387,1481,1084,1557,1063,1350,1097,1266,1385,1229,988,1486,1236,1485,1231,1028,1526,1555,995,1116,1027,1370,1431,1294,1313,1535,1498,1174,1119,1183,1100,1058,1045,1369,1336,1196,1148,1057,1523,1007,1198,1059,1026,1265,1248,1206,1022,1250,1432,1280,1228,1233,1212,1417,1528,1145,1089,1170,1489,1150,984,1318,1405,991,1390,1203,1394,1218,989,1048,998,1114,1325,1286,1240,1029,999,999
,1376,1553,1538,1452,1093,1101,1131,1330,1098,1118,1309,1121,1039,1192,1257,1356,1064,1272,1285,1182,1557,1553,1295,1521,1146,1265,1080,1290,1506,1173,1415,1180,1421,1484,1045,1393,1400,1024,1272,1471,1193,1147,1416,1111,1364,1380,1214,987,1537,1499,1193,1457,1509,1006,1297,1461,1196,1108,1445,1493,1528,1057,1561,1499,1310,1419,1253,1098,1486,1265,1265,1338,1301,1464,1400,1227,1344,1218,1469,1494,1514,1291,1252,1520,1184,1262,1354,1375,1076,1324,1300,1216,1406,1372,1422,986,1099,1123,1401,1265,1213,1562,1132,1016,990,1503,1267,1111,1488,1260,1483,1221,1386,1047,1113,1283,1506,1277,1007,1229,1529,1404,1488,1403,1381,1320,1551,1507,1426,982,1409,1183,1413,1486,1538,1381,1078,1000,1377,1028,1471,1306,1045,1029,1496,1546,1239,1307,1290,1556,1290,1489,1135,1488,1161,1078,1104,1431,1460,1285,1206,1042,1249,1453,1202,1166,1026,1180,1363,1351,1491,1016,1030,1490,1392,1418,1459,1506,1567,1419,1452,1277,1135,1188,1321,1524,1390,1047,1451,1544,1046,1248,1219,1475,1301,1353,1300,1280,1428,1475,1276,1322,992,1188,1358,1058,1103,1423,1272,1046,1144,1159,1324,1125,1551,1125,1455,1274,1076,1445,1411,1414,1171,1381,1459,1267,1295,1079,1287,1145,993,1124,1492,1381,1033,1277,1297
,1220,1107,1409,1321,1289,1400,1518,1341,1275,1444,1098,1183,1261,1462,1298,1131,1359,1340,1428,1208,1340,1140,1297,1423,1062,1266,1153,1540,1489,1291,1189,1251,1234,1128,1556,1298,991,1097,1333,1370,1355,988,1531,1324,988,1184,1351,1517,1363,1336,1278,1439,1487,1484,1204,1561,1152,1029,1327,1252,1008,1091,1015,1312,1140,994,1192,1209,1551,1473,1384,1447,1338,1090,1096,981,1092,1227,1224,1237,1326,1482,1114,1397,1501,1235,1151,1413,1348,1130,1452,1110,1277,1557,1454,1155,1329,1082,1056,1245,1405,1440,1525,1458,1269,1513,1113,1116,1502,1565,1275,1409,1387,1425,1528,1189,1082,1205,1073,1530,1397,1247,1178,1107,1391,1467,1326,985,1285,1078,1206,1302,1024,1083,1511,1340,1219,1337,1133,1326,1089,1553,1273,1073,1123,1453,1086,1138,1392,983,1296,1054,1335,1330,1083,1523,1285,1103,1010,1086,1090,1311,1310,1007,1157,1497,1296,982,1252,1468,1518,1134,1254,1402,1231,1155,1454,1111,995,1037,1232,1336,1261,1150,1446,1409,1429,1193,1348,1056,1200,1031,1365,1168,1371,1096,1465,1052,1481,1346,1376,1327,1084,1471,1106,1058,1210,1260,1547,1328,1397,1349,1541,989,1169,1276,980,1517,1526,1238,981,1394,1505,1183,1199,1532,1040,1376,1001,1026,999,1200,1399,1108,1081,1101,1447
,1095,1256,1533,1257,1563,1106,1312,1322,1455,1278,994,1326,1548,1046,1142,1465,1068,1183,1099,1451,1038,985,1294,1400,1312,1076,1116,1135,1245,1425,1428,1328,1300,1215,1411,1128,980,1429,1379,1370,1520,1391,1205,1482,1365,1233,1017,1195,1121,1102,1494,1213,1345,1124,1312,1325,1374,1136,1421,1182,1175,1172,1439,1037,1188,993,1288,1441,1412,1246,1107,1438,1402,1200,1035,1203,1308,1109,1193,1440,1332,1406,1242,1026,1181,1431,1191,1016,1455,1452,1531,1377,1403,1142,1313,1163,1308,1450,1465,1436,1255,1501,1016,1091,1284,1119,1310,1029,1019,1553,1038,1567,1363,1336,1382,1518,1450,1421,1016,1365,1003,1093,1160,984,1240,1185,1453,1532,1300,1223,1456,1557,1005,1093,1132,1057,1249,1404,1294,1293,1438,1037,1060,1204,1197,1240,1054,1008,1360,1166,1142,1556,1054,1018,1295,1505,1442,1376,1299,1482,1414,1321,1256,1064,1072,1503,1505,1326,1108,1312,1340,1495,1530,991,1288,1516,1240,1341,1301,1416,1180,1109,1121,1510,1298,1156,1544,1357,1330,1276,1375,1183,1488,1539,1225,1169,1551,1530,1242,1454,1223,1460,1298,1442,1200,1495,1015,1032,1492,1095,1005,1542,1000,1357,1515,1229,1239,1213,1024,1144,984,1448,1264,1167,1062,1055,1454,1350,1487,994,1167,1049,1212,1414,1371,1185,1451
,1031,1033,1425,1183,1028,1254,1128,1480,1420,1474,1195,1155,1096,1518,1405,1340,1250,994,1011,1190,1288,1210,1147,995,1031,1429,1139,1284,1139,1116,1520,989,1472,1428,1321,983,1511,1100,1521,1249,1172,1488,1209,1259,981,1270,1507,1305,1279,1383,1422,1498,982,1187,1346,1218,1004,999,1027,1201,1146,1383,1523,1462,1356,1415,1308,1503,1065,1019,1487,1479,1156,1094,1482,1434,1342,1027,1518,1413,1025,1439,1108,1492,1070,1168,1267,1145,1295,1448,1269,1002,1278,997,1241,984,1178,1555,1033,1504,1508,1295,1353,1550,1361,1456,1065,1342,1193,1531,1270,1317,1296,1122,1001,992,1055,1125,1397,1469,1312,1560,1469,1367,1296,1064,1442,1011,1481,1401,1243,1141,1280,1166,1259,1470,1351,1013,1035,1187,1279,1048,1438,1121,999,1003,1525,1423,1483,1357,1303,1212,1373,1316,1035,1392,1193,1028,1439,1068,1337,1360,1193,1257,1287,1236,1451,1546,1358,1158,1240,1504,1084,1561,1476,1419,1474,1296,1140,1225,1034,1081,1121,1512,1274,1006,1036,1460,1546,1381,1400,1415,1496,1251,1263,1205,1195,1476,1457,1437,1253,1020,1045,1057,1154,1016,1397,1061,1032,1535,1390,1537,1179,1503,1103,1071,1474,1426,1276,1253,1472,1432,1337,1540,1300,1283,1349,1185,1558,1474,1029,1243,1526,1172,1437,1242,1131
,1194,1567,1054,1158,1257,1321,1154,1017,1387,1508,1549,1540,1426,1232,1472,1240,1239,1395,1271,1461,1434,1512,1527,1280,1335,1233,1323,1531,1265,1202,1341,1295,1055,1461,1280,1279,1308,1250,1081,1149,1262,1039,1061,1331,1556,1443,1390,981,1462,1377,1460,1423,1022,1058,1554,1311,1493,1311,1463,1092,1403,1491,1002,1372,1406,1387,1503,1266,1419,1392,1377,1222,1317,1020,1063,1106,1281,1291,1007,1421,1150,1000,1103,1475,1083,1034,1418,1336,1535,1410,1541,1297,1310,1184,1529,1229,1246,1428,1315,1267,1467,1229,1211,1250,1060,1245,1448,1489,1021,1085,1426,1355,1347,1203,1222,1560,1120,1544,1016,1480,1051,1256,1134,1051,1135,1485,1320,1224,1010,1438,1077,1056,1202,1126,1093,1091,1346,1528,1131,1086,1087,1351,1275,1462,1547,981,1391,1488,1445,1048,1098,1412,1463,1499,1431,1028,1527,1066,1314,1330,989,980,1026,1325,1141,1262,1564,1417,1005,1158,1424,995,1012,1310,1564,1219,1544,1200,1362,1176,1211,1196,1549,1448,1152,1182,1037,1230,1454,1122,1186,1313,1100,1040,1566,1113,1459,1243,985,1108,1363,1336,1565,1049,991,1206,1333,1008,1012,1406,1163,1468,1295,1128,1399,1311,1498,1060,1376,1003,1198,1457,1382,1371,1318,1165,1318,1462,1217,1502,1224,1004,1260,1108,1178,1105,1212
,980,1551,1082,1102,1448,1230,1266,1002,1113,1179,1230,1307,1181,1263,1501,1537,1348,1171,1163,1000,1139,1567,1134,1100,1064,992,1034,1131,1151,1553,1167,1451,1181,1540,1169,985,1466,1506,1396,1268,1183,1241,1042,1227,1298,1476,1117,1457,1194,1094,1471,1153,1107,1291,994,1537,1485,1085,1034,1038,1458,1191,1297,1514,1290,1347,1291,1300,1345,1380,1533,1370,1389,1160,1537,1227,1351,1011,1038,1486,1070,1228,1379,1174,1252,998,1322,1183,1018,1106,1474,1019,1462,1413,1337,1062,1430,1105,1376,1370,1157,1000,1127,1523,1315,1293,1177,1129,1398,1513,1478,1089,1502,1498,1026,1235,1045,1540,1243,1480,1072,1101,1115,1530,1035,1246,1232,1086,1478,1139,1293,1197,1130,1537,1454,1553,1503,1207,1468,1097,1141,1420,1366,1378,1123,1180,1103,1039,1453,1516,1465,1230,1092,1205,1213,1292,1457,1322,1420,1295,1308,1444,1433,1243,1418,1442,1378,1462,1060,1562,1494,1505,1454,1238,1083,1329,1362,1512,1343,1020,1214,1442,986,1099,1069,1008,1377,1491,1101,1017,1558,1340,1079,1327,1318,1061,1282,1443,1130,1545,1147,1015,1366,1463,1024,1410,1539,1487,1077,1106,1489,1522,1212,1308,1364,1480,1240,1332,1551,1209,1004,1186,1264,1116,1251,1135,1376,1335,1048,1002,1302,1100,1488,1559,1225,983,1398
,1037,1053,1406,1488,1029,1540,1336,1205,1258,1093,1014,1522,1518,1163,1255,1053,1493,1124,1329,1196,1031,1368,1536,1331,1350,1311,1425,1279,1257,1297,1282,1337,1123,1206,1336,1121,1022,1059,1322,1381,1365,1219,1319,991,1232,1430,1501,1548,1058,1527,1320,1058,985,1038,1476,1238,1357,1277,1481,1271,1398,1034,1435,1202,1275,985,1248,1489,1439,1453,1528,1433,1257,1334,1299,1242,989,1383,981,1548,1540,1340,1511,1456,1204,1234,1416,1241,1128,1558,1072,1127,1359,1316,1547,1295,1377,1327,1439,1397,1053,1338,1094,1106,1240,1070,1290,1195,1005,1158,1251,1171,1119,1300,1538,1183,1457,1562,1043,1037,1286,1497,1489,1399,1340,1482,1281,1219,1061,985,1183,1373,1286,1048,1551,1357,1144,1079,1295,1281,1407,1437,1014,1207,1424,1525,1511,1141,1018,1333,1268,1043,1076,1340,1170,1342,1520,1488,995,1148,1457,1156,1017,1282,1564,1460,1226,1215,1532,1216,1366,1447,1514,1173,1204,1298,1549,1466,1200,1360,1094,1529,1422,1422,1092,1399,1391,1154,1218,1178,1489,1298,1529,997,1282,1401,1228,1529,1033,1415,1062,1176,984,1313,1344,1237,1261,981,1134,1077,1141,1524,1502,1524,1145,1329,1079,1262,1321,1229,1541,1513,1143,1555,1290,1078,1090,1032,1026,1200,1012,1124,1552,1302,1294,1491,1453
,1016,1086,1422,1303,1475,1362,1334,1145,1199,1549,1457,1483,1551,1241,1238,996,1503,1547,989,1340,1382,1018,1402,1251,1180,1145,1170,1195,1186,1036,1304,1004,1425,1355,1449,1016,980,1098,1351,1110,1102,1339,1282,1305,1492,1546,1512,1263,1144,1373,1418,1486,1184,1458,1260,1369,1266,1355,1006,1266,1011,1223,1505,1373,1138,1346,1534,1304,1267,1406,1336,1544,1493,1441,1227,1496,1203,1089,1026,1442,1019,1549,1145,1438,1281,1015,1367,1177,1525,1010,1117,1499,1297,1551,1272,1054,1057,1074,1132,1546,1397,1355,1472,1070,997,1114,1560,1396,1327,1356,1310,1424,1408,1034,1310,1325,1227,1509,1282,1474,1016,993,1522,1051,1084,1526,1156,1280,1387,1417,1120,1038,1515,1321,1036,1239,1319,1425,1070,1002,1145,1521,985,1344,1386,1313,1501,1239,1066,1455,1384,1190,1550,1075,981,1457,1420,1167,1097,1044,1144,1118,1306,1084,1428,1172,1244,1229,1521,1172,1125,1281,1272,993,1491,1131,1343,1065,1416,1127,1433,1237,1246,1169,1136,1427,1055,1379,1096,1090,1031,1296,986,1523,983,1306,1063,1041,1002,1560,1561,1537,1020,1478,1445,1426,1251,1237,1141,1099,1075,1391,1272,1281,1030,1289,1150,987,1153,1489,1481,1282,1328,1279,1067,1294,1054,1092,1160,1376,1280,1139,1002,1381,1432,1427,1538
,1002,1268,1403,1246,1165,1063,1337,1489,1222,1469,1368,1394,1120,1134,1483,984,1016,1214,1199,1519,1298,1503,1475,1374,1047,1238,1414,1030,1553,1140,1047,1226,1466,1098,1077,1128,1027,1273,1349,1476,1443,1122,1049,1507,1173,1229,1193,1384,1492,1544,1288,1412,1269,1317,1059,1301,1196,1538,1455,1431,1519,1154,1447,1221,1190,1398,1462,1256,1089,1241,1165,1333,1156,1252,1025,1411,1018,1036,1304,1020,1016,1238,1566,1260,1253,1267,1316,1435,1334,1017,1274,1135,1322,1043,1214,1272,1367,1513,1077,1169,1186,1074,1030,1210,1253,1439,1212,1317,1322,1215,1303,1268,1476,1200,1181,1210,1071,980,1246,1254,1067,1392,1248,1547,1034,1350,1113,1255,1470,1306,1427,1532,1363,1112,1238,1460,1521,1148,1189,1421,1374,1073,1020,991,1550,1456,1449,1001,1054,1211,1430,1102,1210,1137,1481,1215,1379,1480,1492,1170,1126,1436,1361,1435,1361,1279,1344,1189,1555,1007,1088,1223,1125,1469,1439,1156,1153,1225,1255,1158,1025,1347,1301,1061,1448,1304,1187,1243,1141,1020,1128,1134,1278,1242,1544,1425,1121,1467,1488,1397,1050,1503,1388,1492,1420,1049,1433,1208,1469,1543,1433,1045,1114,1096,1086,1264,1237,1114,1246,1362,1545,1094,1554,1214,1335,1030,1220,1308,1380,1567,1523,1155,1287,1004,999,1306,989
,1262,1192,1528,1458,1248,1018,1474,1141,1224,1502,1523,1265,1409,1065,1469,1392,1169,1324,1502,993,1187,1396,1338,1069,1530,1327,1195,1147,1081,1038,1379,1408,1284,1179,1111,1023,1546,1195,1085,1117,1168,1496,1312,1166,1469,1428,1269,1329,1398,1460,1080,1241,1406,1477,988,1171,1408,1278,1110,1044,1466,1262,1206,1432,1342,1021,1416,1283,1525,1115,1358,1381,1484,1101,1199,1298,1018,1308,1098,1128,1360,1242,1160,1550,1282,994,1330,1465,1435,1486,1561,1544,1382,1344,1071,1141,992,1233,1175,1438,1457,1328,1468,1272,1113,1308,985,1508,1021,1272,1550,1486,1401,1154,1108,1386,1083,1171,1291,1262,1361,1301,1562,1226,1379,1182,1218,1145,1065,1546,1281,1206,1142,1400,1555,1416,1566,1432,1248,1517,1081,991,1246,1296,1227,1511,1218,1370,1407,1393,1477,1333,1266,1225,1414,1242,1222,1545,1436,1154,1248,1200,1379,1243,1436,1011,1248,993,1415,1031,1252,1252,1508,1220,1242,1295,1058,1442,1038,1331,991,1147,1012,1176,987,1342,1376,1480,1067,1330,1246,1187,1251,1353,1173,1259,1020,1465,1283,1136,1358,1337,1056,1369,1420,1513,1091,1527,999,1225,1270,1329,1417,1043,1146,1235,997,1049,1344,1066,1494,1017,1216,1021,1224,1029,1420,1404,1489,1511,1070,1151,1057,1534,1234,1138,1112
,1182,1361,1564,1030,1323,1057,1262,1106,1115,987,1243,1523,1101,1553,1053,1284,1340,1240,1002,1075,1158,1349,1359,1247,1017,1203,1428,1060,1325,1266,1177,1510,1367,1356,1094,1110,1346,1322,1363,1350,1301,1079,1171,1046,1135,1102,1515,1513,1034,1059,1482,1551,1565,1292,1515,1567,1072,1407,1108,1241,1084,1157,1118,988,1160,1283,1010,1374,1011,1008,1538,1464,1218,1230,1443,1303,1086,1474,1382,982,1544,1145,1261,1146,1418,1161,1109,988,1084,1435,1183,1439,1461,1296,1228,1535,1564,1509,1477,1250,1364,1371,1309,1269,1075,1175,1465,1522,1556,1008,1508,1087,1004,1511,1322,1495,1551,1397,1192,1282,1419,1044,1221,1142,1274,1448,1392,1520,1244,1404,1013,1535,1299,1474,1017,1330,1563,1156,1097,1487,1114,1064,1140,1227,1471,1136,1005,1279,1285,1392,1393,1157,1291,1328,1519,1405,1207,1373,1087,1222,1436,1323,1111,1181,1511,1498,1157,1223,1441,992,1249,1452,1278,1070,1073,1524,1074,1165,1474,1362,1065,1134,1283,1326,1223,1175,1384,1008,1463,1158,1562,1045,1018,1432,1454,1508,1544,1553,1514,1308,1394,1005,1182,1551,1480,1107,1148,1373,1175,1424,1289,1240,1336,1251,1466,1271,1223,1306,1307,1325,1466,1004,1123,1279,1347,1313,1167,1384,1517,1193,1111,1259,1530,1371,993,1283,1500
,1340,1355,1121,1295,1283,1450,1128,1294,1294,1276,1252,1247,1129,1316,1159,1342,1295,1500,1198,1144,1286,1217,1423,1397,1168,1066,1482,1081,1413,1193,1500,1266,1499,1345,1222,1532,1041,1187,1389,1261,1486,1210,1014,1486,1400,1034,1001,1000,1076,1238,1002,1151,1148,1306,1214,1374,1238,1076,1322,1145,1338,1223,1392,1290,1531,1501,1477,1406,1199,1514,1016,1047,1235,1129,1470,1202,1524,1072,1135,1229,1008,1134,1203,1324,1241,992,1183,1391,1065,1316,1038,1243,1416,1384,1374,1307,1149,1550,1482,1293,1403,1363,1212,1453,1134,1094,1489,1018,1184,1463,1444,1200,1213,1178,1443,1325,1333,1485,1225,1291,1300,1466,1386,1216,1339,1354,1490,1212,1205,1485,1137,1474,1317,1062,1545,1324,1355,1542,1040,1401,1413,1157,1181,1414,1311,1028,990,1067,995,1524,1183,1152,1530,1442,1504,1277,1213,1262,1551,1190,990,1395,1064,1042,1366,1396,1141,1479,1258,1267,1110,997,1200,1490,1317,1218,1453,1017,1067,1106,1014,1245,1236,1289,1400,1125,1523,994,1100,1412,1218,1425,1306,1087,1054,1026,1047,1558,1564,1029,1413,1087,1122,1171,1280,1118,1480,1236,1468,989,1263,1446,1278,1062,1486,1310,1417,988,1087,1555,1130,1073,1105,985,1468,1417,1121,989,1308,1301,1380,986,1360,1424,1278,1557,1272
,1298,1560,1498,1058,1298,1481,1360,1014,1428,1188,1508,1190,1328,1000,1252,1513,1112,1363,1393,1412,1309,1066,1143,1372,1129,1299,1230,1217,1409,1053,1334,1005,1560,1310,1483,1495,1171,1450,1146,1059,1319,1441,994,1111,1076,1429,1139,1566,1167,1121,1415,1158,1364,998,1073,1496,1488,1137,1400,1340,1363,1457,1075,1225,1447,1440,1204,1552,1025,1344,1522,1471,1337,1219,1222,1096,1166,995,1398,1104,1000,1230,1210,1092,1035,1205,990,1257,1101,1099,1436,1403,1120,1143,1483,1070,1122,1480,994,1025,1276,1348,1525,1333,1339,1120,1361,1372,1284,1395,997,1385,1360,1555,1214,1471,1397,1509,1001,1062,1159,1538,1223,1042,1199,988,1532,1026,1370,1522,1522,1541,1145,1269,1430,1144,1037,1359,1399,1072,1286,1328,1453,1200,1179,1154,1417,1361,1179,1467,1210,1059,1011,1517,1536,1269,1205,1489,1339,1025,1022,1018,1268,1295,1016,1351,1456,1071,1432,1188,1109,1252,1362,1005,1391,1400,1428,1021,1206,1506,1291,981,1295,1210,1057,984,1216,1208,1043,1489,1067,1451,1165,1464,1069,1028,1001,1540,1211,1370,1109,1526,1268,1041,1148,1460,1483,1182,1556,1102,1343,1500,1549,1535,1166,1486,1487,1071,1096,989,1050,1372,1539,1188,1224,1342,1112,1368,1051,1557,1065,1121,1382,1248,1293,1372,1115
,1521,981,1131,1180,1522,1079,1087,1411,1077,1533,1129,1114,1106,1428,1195,1425,1246,1451,1204,1140,1305,1240,1122,1469,1356,983,986,1424,1227,1226,1335,1045,1230,1497,1203,1066,1289,1139,1180,1058,1302,1208,1301,1336,986,1509,1237,989,1454,1083,1269,1511,1371,1126,1198,998,1194,1504,1072,1418,1103,1250,1271,1349,1525,1204,1032,1132,1102,1234,1385,1280,1003,1531,1390,1528,994,1302,1495,1461,1459,1119,1096,1401,1082,1213,1091,1066,1291,1518,1082,1351,1306,1257,1335,1221,1191,1522,1532,1280,1235,1546,1440,992,1125,1474,1207,1507,1255,1044,1113,1362,997,1306,1523,1386,1093,1253,1122,1410,1064,1114,1170,1404,1434,1346,1114,1338,1378,985,1192,1426,1324,1475,1419,1285,1383,1520,1402,1079,1459,1155,998,1019,1563,1165,1214,1124,1506,1092,1406,1399,1046,1219,1244,1351,1219,1424,1318,1219,1130,1270,1092,1043,1136,990,1236,1308,1152,1299,1371,1149,1341,1490,1041,1240,1284,1044,1148,1259,1248,1382,1046,1412,1240,1110,1482,1125,1317,1021,1547,1272,1083,1322,1309,1146,1557,1012,1013,1193,1075,1080,987,1238,1115,1175,1480,1032,1385,1015,1380,1520,1395,1035,1041,1094,1268,1399,1187,1065,1178,1291,1154,1221,1295,1258,1509,1378,1117,1372,1164,1450,1564,1020,1373,1037,1124
,1296,1070,1372,1075,1355,1115,1020,1522,1350,1103,1075,1562,1145,1097,1093,1134,1230,1130,1251,1120,1137,1350,1331,1443,1488,1106,1454,1343,1488,1316,1001,1389,1064,1194,1407,1041,1185,1545,1417,1004,1111,1132,1064,1013,1282,1247,1094,1051,1411,1126,1538,1334,1029,1087,1497,1423,1013,1542,1271,1206,1489,1371,1184,1199,1514,1228,1001,1241,1344,1500,1160,1540,1427,991,1228,1398,1085,1500,1550,1248,1103,1178,1084,1463,1464,1136,1555,1464,1228,1484,1007,1565,1493,1080,1086,1481,1299,1554,1174,1283,990,1099,1397,1403,984,1256,1132,1090,1049,1442,1245,1563,1315,1015,1135,1018,1251,1067,1204,1040,1397,1232,1431,1281,1196,1272,1547,1051,1477,1047,1512,1221,1139,1267,1250,1092,991,1081,1459,1388,1293,1120,1104,1296,1329,1471,1312,1241,1385,1132,1346,1413,1280,1000,982,1023,1316,1428,1187,1004,1119,1013,1232,1335,1307,1122,1399,1228,1270,1334,1065,1084,1022,1497,1315,1241,1369,1021,1122,1342,1347,1263,1480,1218,1079,1566,1203,1431,1186,1465,1138,1322,1454,1247,1096,1332,1323,1426,1151,1017,1202,1072,1337,1038,1010,1013,1322,1316,1119,1307,1387,1278,1547,1155,1508,1044,1498,1458,1101,980,1268,1296,1118,1385,1474,1225,1484,1508,1262,1527,1123,1140,1181,1273,1342,1323,1484
,1005,1035,1227,1408,1105,1232,1033,1422,1104,999,1207,1207,1424,1392,1376,1396,1437,1308,1527,1528,1251,1465,1442,1076,1071,1019,1039,1085,1080,1089,1432,1275,1334,1070,1229,1138,1299,1195,1430,1533,1225,1539,1259,1041,1554,1378,1201,1561,1436,1130,1369,1475,1187,1353,1006,1130,1508,1238,1316,1227,1495,1531,1397,1233,1160,1465,1345,1400,1026,1323,1009,1098,1324,1299,1221,1201,1113,1312,989,1478,1168,1265,1511,1427,1081,1134,1010,1076,1452,1017,1165,1473,1246,1099,1211,1457,1478,1410,1520,1094,1549,1475,1289,1240,1367,1515,1162,1349,1256,1466,1301,1298,1102,1367,1264,1217,1155,1516,1406,1163,1186,1378,1064,1316,1095,1414,1527,1035,1490,1391,1359,1440,1498,1056,1548,1567,1520,1304,1052,1146,1024,1112,1435,1263,1528,1069,1232,1138,1435,1246,1430,1002,987,1033,1418,1243,1227,1448,1454,1179,1027,991,1093,1128,1293,1138,1239,1193,1502,1032,1287,1265,1471,991,1291,1158,1151,1237,1067,1054,1394,1388,1383,1024,1099,1285,1185,1516,1322,1202,1408,1215,1153,987,1025,1516,1564,1178,1011,1177,1177,1139,1542,1469,1155,1055,1387,1124,1285,1485,1537,1457,1312,1261,1490,1365,1105,1195,1300,997,1500,1065,1126,1330,1177,1508,1364,1044,1331,1108,1441,1199,1401,1527,1501,1432,1147
,1287,1221,1359,1333,1338,1465,1173,1137,1155,1349,1126,1468,1391,1012,1350,1291,986,1549,1300,1500,1507,980,1383,1480,1103,1388,1484,1434,1315,1298,1163,1416,1365,1231,1255,1437,1279,1368,1470,1471,1076,1012,1117,1221,1229,1193,1455,1314,1253,1014,1531,1061,1499,1406,1460,1165,1103,1354,1351,1097,1379,1297,1492,1153,1260,985,1005,1250,1015,1195,1378,1247,1518,1180,1213,1374,1339,1458,1489,1376,982,1402,1006,1266,1091,1450,1089,1141,1314,1188,1106,1420,1297,1374,1169,1235,1238,1553,1319,1481,1314,1344,1410,1056,1243,1510,1237,989,1451,1212,1266,1464,1478,1485,1339,1130,1486,1073,1394,1252,1235,1074,1413,1228,1216,1110,1396,1032,1205,1092,1351,1535,1142,1458,1485,1456,1464,1219,1156,1046,1386,1417,1305,1450,1418,981,1369,1010,1293,1130,1175,1549,1255,1423,1170,1287,1141,1073,1304,1289,1046,1560,1381,1554,1511,1232,1091,1282,1040,1522,1023,1325,1426,1388,1372,1065,1348,1215,1259,1278,1513,1295,1030,1407,1239,1359,1156,1448,1097,1299,1444,1152,1022,1207,1468,1493,1193,1080,1304,1191,1145,1305,1564,1506,1028,1482,1090,1371,1244,1361,1442,1217,1544,1431,1198,1514,1549,1128,1261,1037,1035,1495,1538,1332,1296,1044,1137,1342,1368,1385,1328,1195,1210,1518,1064,1207,1114
,1347,1450,1245,1058,1114,1433,1233,1527,1102,1491,1164,1459,1483,1391,1563,1262,1439,1101,1188,1000,1401,1145,1135,1213,1514,1163,1410,1207,1026,1185,1069,1417,1382,1170,1121,1088,1117,1240,1558,1247,1538,1010,1101,1112,1062,1309,1328,1477,1242,1529,1532,1145,1135,1324,1033,1489,1434,1442,1376,1170,1286,1268,1277,1299,1163,1421,1288,1410,1287,1194,1470,1142,1262,1458,1166,1090,1223,1170,1228,1010,1282,1228,1034,984,1096,1446,1433,1392,1462,1414,1007,1269,1099,1041,1519,1398,1367,1011,1024,1461,1214,1434,1438,1347,1553,1076,1474,1304,1403,1114,1215,1366,1150,1277,1509,1563,1533,1275,1424,1524,1518,1305,1091,1100,1195,1566,984,1022,1271,1181,989,1288,1438,1534,1347,995,1340,1543,1336,1529,1081,1239,1030,1137,1556,994,1429,1484,1187,1023,1311,1476,1023,1446,1392,1533,1287,1141,1119,1142,1034,1373,1256,1351,1462,1418,1556,1485,1561,991,1054,1299,1369,1045,1547,1319,1035,1041,1203,991,1267,1037,1380,1339,1493,1355,1431,1100,1550,1075,1332,1379,1349,1302,1271,1054,1454,993,1153,1386,1518,1079,1518,1232,1213,1325,1008,1071,1531,1528,1422,1462,1202,1415,1062,1140,1503,1510,1156,1060,1153,1342,1326,1184,1397,1321,1408,1365,1005,1101,1280,1070,1461,1323,1025,1373,1061
,1234,1285,1557,1488,1098,1013,1507,1083,1264,1194,1424,1021,1339,1386,1003,1342,1400,1428,1137,1038,1324,1268,1438,1319,984,1383,1357,1013,1106,1367,1378,1442,1372,1566,1565,1136,1334,995,1034,1281,1101,1199,1099,991,1002,1078,1003,1307,1116,1029,1372,1247,1537,1253,1554,1281,1293,1262,1225,1087,1252,1333,1320,993,1107,1113,1340,1495,1398,1447,993,1283,1424,1275,1548,1478,1331,1320,1245,1496,1363,1476,1515,1124,1460,1367,1477,1178,1225,1419,1390,1242,1255,1119,1078,1280,1399,1183,1393,1331,1426,1133,1501,1091,1097,1494,1063,1494,1022,1457,1007,980,1334,1040,1354,1042,1553,1502,1182,1218,1525,1409,1386,1168,1175,1555,1220,1541,1348,1468,1487,1477,1264,1333,1237,1112,1553,1148,1379,1535,1398,1253,1418,1186,1486,1545,1423,1165,1064,1087,1007,1488,1396,1191,1198,1480,1087,1031,1214,1193,1281,1139,1207,1226,1102,1225,1165,1064,1168,1320,1332,1009,1335,1554,1353,1377,1322,1562,1079,1334,1266,1258,1089,1160,1516,1541,1524,1252,1034,1050,1014,1248,1052,1497,994,1564,1506,1096,1103,1164,983,1346,1511,1516,1310,1162,1073,1187,1512,1348,1209,1226,1542,1053,1259,1505,1139,1212,1027,1183,1225,1484,1390,1047,1141,1347,1474,1506,1006,1159,1148,1157,1112,1254,1434,982,1105
,1285,1244,1354,1143,1274,1003,1227,993,1126,1472,1326,1545,1421,1095,1115,1424,1099,1447,1449,1311,1545,1358,1236,1415,1232,1218,1157,1239,1033,1088,1557,1224,1075,1339,1186,1560,1246,1537,1162,1428,1166,1567,1066,1126,1087,1041,1517,1334,1554,1010,1017,1192,1328,1555,1321,1516,1335,1346,1175,1191,1525,1168,1494,1264,1076,1187,1539,1284,1225,1334,1177,1196,1113,1162,1425,1356,1567,1096,1249,986,1135,1079,1261,1553,1369,1309,1320,1262,1515,1515,1166,1380,1236,1205,1529,1378,1516,1241,1511,1089,1372,1311,1333,1525,1454,1309,1181,1454,1532,1469,1410,1123,1545,1478,1354,1243,980,1438,1392,1320,1521,1000,1518,1247,1489,1103,1030,1485,1337,1465,1053,1055,1057,1387,1176,1062,1164,1562,1120,1554,1059,1526,1314,1095,1297,1014,1210,1290,1066,1444,1156,1446,996,1294,1313,1385,1339,1402,1141,1347,987,1159,1513,1351,1175,1037,1256,1547,1437,1536,997,1369,1237,1537,1183,1378,1285,1322,1110,1382,1311,1169,1257,1495,1110,1204,1428,1392,1311,1344,992,1562,1541,1358,1266,1134,1206,1127,1484,1394,1251,1307,1210,1430,1018,1100,1059,1080,1224,1052,1026,1377,1244,1401,1240,1401,1122,1018,1350,1496,1067,1201,1117,1147,1122,1130,1075,1526,1223,993,1153,1179,1392,1455,1034,998,1438
,1432,1106,992,1139,1148,1324,1204,1093,1404,1444,1471,1206,1370,1045,1316,1083,1299,1549,1390,1549,1105,1345,1562,1387,1338,1188,1265,1121,1007,1369,1404,1503,1267,1545,1009,1033,1433,1160,1232,1137,1231,1488,1412,1264,999,1541,1299,1112,999,1338,1230,1473,1469,1242,1345,1003,984,1567,1364,1516,1097,1425,1258,1514,1435,1557,1238,1181,1122,1264,1249,1243,1535,1196,1233,1023,1022,1193,1287,1330,1014,1244,1429,1382,1333,1111,1138,1458,1111,1110,1153,1180,1278,1477,1360,1242,1150,1438,1362,1175,1232,1180,1340,1083,1232,1544,1235,1533,1424,1526,1021,1244,1183,1296,1519,1340,1063,1088,1042,1290,1240,1400,1160,1134,1114,1307,1101,1394,1177,1276,1403,1474,1193,1134,1468,1021,1332,1240,997,1081,1227,1544,1450,1008,1559,1270,1085,1213,1360,1413,1275,1157,1373,1220,1284,1100,1308,1139,981,1537,1087,1354,1137,1310,1147,1108,1071,1352,1155,1471,1274,1224,1461,1194,1172,1330,1234,1466,1481,1172,1384,1480,1386,1381,1431,982,1001,1396,1309,1208,1486,1560,1310,1147,1039,1290,1356,1077,1521,1115,1135,1053,1164,1343,1499,1292,1075,1314,1007,1054,1534,1353,1352,1321,1546,1503,1293,1123,1349,1275,1499,1419,1061,1444,1351,1561,1301,1241,1054,1428,1080,1424,1291,1021,1028,1410,1009
,1015,1520,998,1541,1488,1247,1412,1499,1411,1489,1145,1505,1238,1027,1103,1310,1139,1438,1367,1459,1348,1538,1302,1247,1415,1407,1219,1231,1302,1036,1113,1263,1565,1444,1214,1476,1245,1273,1199,1238,1477,1309,1347,1068,1437,1000,1531,1049,1248,1334,1553,1286,1209,1133,1115,1001,1129,1482,1186,1263,1114,1232,1527,1193,1125,1327,1152,1061,1285,1141,1193,1424,1311,1226,1475,1006,1239,1053,1473,1350,1070,1537,1242,1116,1489,1463,1253,1158,1137,1062,1501,1038,1333,1259,1240,1338,1332,1320,1552,1006,1304,1468,1486,1324,1370,1335,1486,1479,1351,1125,1297,1486,1075,1195,1209,1533,1251,1108,1289,1457,1046,1394,1008,1261,1073,1135,994,1067,1446,1567,1257,1235,1344,990,1480,1243,1259,1198,1315,1343,1514,1540,1534,1287,1410,1106,1566,1057,1453,1420,1461,1325,1007,1541,1065,1450,1369,1430,1188,1184,1275,1052,1259,1202,1345,1434,1020,1562,1320,1301,1272,1497,1048,1053,1414,1137,982,1318,1325,1175,1550,1499,1187,1116,1116,1210,1031,1465,1299,1311,1415,1460,1491,1053,1015,1345,1473,1126,1095,1556,1513,1281,999,1050,1124,1320,1504,1209,1225,1263,1221,1036,1395,1091,1449,1423,1168,1461,1201,1443,984,1409,1380,1216,1036,1170,1390,1031,1153,1313,1456,1146,1032,1267,1104,1355,1359
,1043,1519,1192,1403,1250,1001,1409,1050,1175,1239,1235,1269,1305,1108,995,1004,1562,1163,1188,1133,1078,1149,1045,1503,1495,1000,1058,1361,1469,1106,1187,1333,1464,1343,1067,1088,1075,1212,1501,1363,1139,1119,1436,1354,1051,1375,1158,1427,1166,1450,1031,1516,1232,1559,1441,1077,1276,1059,1533,1470,1504,1070,1234,1271,1202,1227,1114,1273,1216,1417,1087,1287,1336,1046,1488,1252,1315,1039,1206,1533,1241,1378,1549,1200,1326,1026,1501,996,1318,1098,1297,1128,1041,1527,1331,1471,1181,1462,1442,1213,1034,1389,1154,1121,1470,1360,1218,1037,1132,1467,1268,1339,1177,1187,1064,1053,1086,1346,1364,1555,1136,1209,1277,1096,1295,1066,1534,1239,1313,1540,1125,1328,1563,1081,1141,1310,993,1078,1225,1399,1123,1237,1529,1041,1494,1223,1391,982,1073,1501,1063,1397,1280,1097,1339,1071,1132,1001,1421,998,981,1559,1533,1218,1423,1503,1494,1110,1160,1138,1139,1403,1435,1105,1223,1433,988,1406,1212,1149,1523,994,1424,1513,1384,1216,1258,1519,1010,1016,1140,980,1555,1014,1540,1351,1384,1136,1418,1358,1200,1443,1209,1256,1120,1216,1199,1140,1270,1134,1227,1331,1421,1038,1365,1549,1347,1077,1285,1072,1193,991,1504,1293,1306,1308,1087,1185,1131,1140,1564,1053,1058,1152,1171,1011,1246
,1275,995,1265,1046,1083,1370,1019,1166,1067,1240,1231,1095,1339,1349,1364,1541,1101,1024,1327,1454,1345,1140,1023,1036,1432,1325,1415,1161,1352,1296,1370,1216,1138,1028,1427,1276,1255,1118,1362,1444,1044,1261,1407,1489,1460,1186,1104,1438,1259,1355,1499,1382,1074,1265,1249,1341,1474,1553,1321,1054,1205,1158,1001,1382,1382,1325,1288,1349,1372,1155,1501,1526,1157,1508,1516,1556,1445,1475,1030,985,1471,1341,1176,1311,1294,1052,1081,1012,1049,1222,1423,1171,1443,1082,1346,1133,1024,1381,1076,1177,1252,1476,1249,1365,1217,1007,1026,1278,1520,1447,1014,1107,1026,1525,1143,1367,1027,1106,1436,1566,1026,1023,997,1305,1370,1204,1147,1356,1423,1080,1198,1334,1380,1274,1454,1040,1195,1046,1046,1403,1384,1400,1253,1126,1550,1232,1556,1487,1004,1534,1430,1565,1191,1275,1039,1566,1102,1482,1292,1385,1340,1273,1195,1060,1450,1386,1552,1303,1368,1201,1459,1544,1173,1388,1287,1313,1539,1563,1046,1531,1044,1130,1394,1261,1383,1350,1078,1179,1099,1391,1508,1070,1168,1132,1049,1393,1522,1084,1366,1327,1496,1072,1371,1442,1124,1111,1546,1362,1109,1402,1433,1197,1362,1021,1449,1033,1270,1229,1340,1132,1104,1158,1204,1111,1318,1442,1118,1175,1271,1312,1174,1405,1295,1213,1400,1346,1566
,1419,1529,1299,1234,1092,1209,1193,1126,1326,1374,1055,1152,1331,1049,1100,1418,1153,1008,1484,1258,1360,1513,1128,1209,1056,1030,1499,1040,1557,1421,1082,1405,1132,1007,1030,1141,994,1023,1128,1553,1012,1395,1459,1180,1285,1457,1432,1200,1217,1387,1434,1523,1003,1046,1511,1399,1429,1143,1306,1470,1200,1502,1494,1439,1566,1002,1148,1422,1319,1466,1037,1511,1018,1348,1547,1046,1059,1169,1208,1504,1220,982,1043,1419,1180,1469,1487,1512,1352,1186,1103,1121,1115,1185,1158,1018,1499,983,1552,1389,988,1328,1105,1272,1069,1406,1297,1557,1400,1109,1112,1259,1078,1401,1173,980,1207,1256,1084,1436,1298,1142,1332,1395,1151,1454,1342,1329,1009,1183,1511,1126,1297,1458,1206,1458,1214,1270,1452,1535,1260,1411,1004,1509,1031,1026,1179,1477,1212,1075,1042,1007,1309,994,1516,1029,1490,1422,1012,1534,1172,1456,1512,1267,1451,1281,1089,1005,1177,1237,1323,1509,1048,1368,1403,1438,982,1358,1500,1013,995,1555,1453,1091,1454,1027,1212,1306,1014,1102,1506,991,1474,1199,1300,1392,1248,1477,1558,1547,1304,1251,982,1553,1254,1179,1282,1484,1146,1319,1512,1282,1215,1038,999,1201,990,1527,1523,1105,1319,1206,1127,1203,1375,1553,1511,1373,1290,1548,1102,1440,1225,1293,1487,1245,983
,1421,1015,1393,1527,994,1567,1461,1242,1526,1550,1480,1474,1205,1551,1521,1025,1372,989,1451,1014,1219,1131,1117,1226,1320,1461,1140,1406,1080,1375,1135,1134,1119,1123,1120,1407,1161,1553,1112,1179,1516,1001,1143,1520,1104,1085,1065,1063,1556,1496,1451,1074,1095,1183,1563,1186,1268,988,983,1149,1045,1098,1387,1445,1083,1483,1157,1269,1368,1443,1549,1027,1263,1112,1026,1286,1410,1242,1273,1272,1116,1567,1364,1428,1040,1530,1502,981,1233,1227,1545,1147,984,1372,1501,1108,1120,1500,1074,1429,1566,1030,1123,1523,1259,1289,1507,1405,1087,1073,1553,1373,1226,1397,1176,1016,1378,1561,1545,1408,1296,1360,1218,1242,1548,1238,1230,984,1466,1433,1249,1547,1250,996,1154,1122,1062,1123,1456,1427,1531,1009,1424,1483,1343,1261,1136,1000,1216,1262,1522,1278,1227,1401,1413,1078,997,1013,1290,1177,1115,1170,1169,1236,1112,984,1026,1118,1061,1299,1222,1365,1547,1094,1398,1481,1164,1404,1212,1170,1469,1529,1220,1337,1152,1119,1251,1415,1097,1353,1351,1162,1181,1405,1173,1481,1143,1093,1358,1250,1028,1497,1361,1441,1196,1508,1073,1312,1075,1388,1240,1215,1059,1553,1149,1382,1036,1185,1522,1388,1111,1172,1108,1113,1417,1455,1447,1149,1092,1423,1505,1300,1031,1420,1337,1457,1275
,1175,1503,1271,1537,1020,1352,1473,986,1415,1506,1362,1177,1276,1126,1544,1537,1223,1558,1065,1112,1543,1065,1357,1391,1120,1238,1317,1281,1075,1524,1014,1437,988,1457,1460,1458,1374,1275,1161,1401,1233,1234,1282,1219,1196,1345,1075,1351,1167,1440,1322,1211,1200,1055,1406,1124,1160,1062,1146,990,1435,1436,1510,1378,1364,1479,1488,1358,1128,1241,1038,1484,1464,1079,1532,1295,1217,1461,1355,1139,1332,1031,1177,1368,1250,1026,1321,1123,1071,1144,1497,1051,1023,1147,1554,1544,1187,1126,1224,1392,1008,1091,1248,1474,1150,1152,1085,1257,1467,1203,1197,1426,1085,1228,1474,1320,1281,1240,1045,1236,1409,1552,1544,1049,1009,1425,981,1230,1239,1260,1466,1357,1446,1303,1017,1324,1452,1552,1130,1380,1355,1470,1429,1488,1214,1183,1083,1509,1107,1019,1022,1387,1304,1089,1319,1133,1113,1372,1316,1014,1115,1138,1469,1481,1110,1464,1361,1465,1526,1368,1107,1419,1345,1383,1062,1405,1194,1430,1176,1472,1105,1126,1055,1299,1248,1508,1015,1385,1206,1330,1361,1046,1166,1049,1472,1333,1255,1487,1259,1210,1378,1180,1415,1162,1438,1364,1222,1556,1561,1009,1214,1101,1315,1314,1297,1221,1278,1273,1053,1337,1030,1179,1339,1295,1465,1241,1505,1343,991,999,990,1474,1179,1352,1056,1122,1194
,1322,1212,1014,1150,1220,1558,1439,1252,1009,1499,1361,1300,1269,1516,988,1323,1395,1426,1468,1199,1269,986,1231,1177,1216,1153,1441,1123,1084,1288,1228,1026,1248,1518,1330,1137,1080,1335,1320,1418,1222,1560,1193,1516,1041,1148,1027,1555,1255,1064,1455,1385,1224,1482,1260,1482,1470,1459,1552,1547,982,1533,1060,1028,1347,1224,1017,1308,1145,1299,1019,1404,1328,1315,1225,1535,1461,1417,1329,1376,1263,1204,1146,1552,1375,1445,1180,1470,1528,1009,1525,1465,1379,1523,1222,989,1198,1167,1527,1104,1154,1234,1353,1510,1343,1094,1019,1468,1484,1164,1494,1040,1194,1150,1236,1401,1105,1043,1347,1541,1120,1347,1269,1323,1117,1074,1335,1175,1337,1275,1103,1134,1264,1290,1004,1213,1420,1137,1339,1215,1216,1531,1434,1366,1551,1183,1520,1428,1241,1364,1075,1044,1000,1561,1566,1133,1216,1243,1169,1280,1139,1453,1300,1359,1534,1462,1417,1397,1428,1125,1300,1300,1025,1131,1408,1498,1398,1089,1021,1381,1473,1177,1509,1037,1278,1187,1487,1454,1175,1299,1163,1313,1318,1093,1353,1380,1208,1413,1452,1556,1063,1535,1126,1069,1270,1270,1241,1038,986,1274,1261,1010,1344,1563,1560,1023,1163,1166,1318,1023,1348,1438,1124,1363,1138,1267,1144,1049,1287,1469,1181,1540,1344,1435,1372,1492,1514
,1108,1458,1369,1116,1266,1000,1317,1239,1560,1566,1007,999,1446,1498,1395,1052,1540,1565,1441,1033,1180,1405,1292,1196,1175,1464,1524,1443,1288,1563,1034,1531,1280,1107,1126,1060,1530,1243,1287,1411,1316,1386,1248,1305,1006,1155,1180,1111,1566,1363,1297,1134,1146,1373,1007,1346,1287,1109,1112,1011,1147,995,1539,1395,1491,1256,1296,1163,983,1554,1426,1315,1062,1017,1483,1123,1134,1254,1282,1084,1277,1567,1158,987,1489,1361,1474,1548,1412,1078,1039,1224,1031,1387,1310,993,1298,1096,1459,1095,1251,1465,1309,988,999,1136,1538,1359,1223,1242,1406,1024,1271,1386,1259,1567,993,982,1548,1170,1207,1536,1296,994,1167,1178,1309,1189,1034,1376,1359,1088,1163,1320,1389,1524,1446,1220,1021,1321,1122,1511,1498,1213,1303,1293,1023,1420,1117,1324,1030,1371,1228,1470,1464,1059,1249,1517,1152,1286,1525,1390,1086,1256,1215,1533,1200,1128,1161,1066,1509,1281,1282,1353,1025,1391,1512,1165,980,1040,1080,1340,1276,1465,1542,1218,1022,1035,1264,1144,1359,1313,1037,1230,1227,1380,1136,1447,1388,1216,1556,1391,1131,1058,1228,1049,1319,1022,1408,1161,1347,980,1375,1460,1046,1178,1345,1416,1426,1109,1506,1058,1560,1184,1002,1047,1099,1439,1399,1527,1044,1389,1396,1427,1496,1006,1472
,1463,1523,1315,1019,993,1486,1350,1402,1556,1449,1268,1101,1443,1388,1100,1514,1175,1154,1251,1280,1320,1394,1335,997,1543,1183,1531,1085,1199,1391,1252,1273,1096,1037,1419,1375,1277,1387,1542,1344,1138,1385,1265,1213,1132,1321,1040,1330,1294,1193,1277,1386,1543,1198,1235,1260,1044,1496,1013,1317,1529,1480,1329,1439,1458,1057,1023,1184,1113,1006,1266,1540,1567,1287,1295,1516,1053,1558,1442,1210,1144,1473,1400,1346,1487,1294,1246,1374,1145,1112,1139,989,1557,1488,1039,1228,1202,1448,1209,1023,1156,1400,1277,1400,1165,1526,1163,1060,1047,1464,1510,1326,1366,1117,1373,1240,1171,1544,993,1558,1040,1214,1019,1463,980,1329,1160,1184,1173,1314,1313,1499,1405,1269,1500,1051,1159,1260,1302,1000,1165,1498,1109,1559,1408,1034,1088,1323,1328,1091,1357,1163,1277,1219,1096,1417,1541,1130,1423,1455,1168,1139,1305,1266,1268,1102,1547,1328,1553,1355,1485,1454,1303,1170,1457,1443,1342,1134,1371,1202,1358,1252,1251,1366,1012,1183,1535,1344,1282,1049,1142,1480,1286,1119,1417,1367,1408,1534,1300,1202,1046,1044,1555,1141,993,1313,1342,1296,1551,1110,1213,1456,1103,1373,1534,1327,1309,1223,1104,1089,1139,1431,1231,1395,1064,1035,1245,1528,1305,1360,1518,1244,1211,1072,1397,1187,1060
,1269,1348,1082,1232,1141,1142,998,1099,1004,1508,1327,1086,1179,1565,1286,1078,1108,1078,1226,1280,1182,1360,1192,1102,1057,1068,1428,1453,1379,1339,1134,1262,1161,1389,1495,1537,1513,1062,1347,1289,981,1035,1565,1198,1023,1153,1439,1381,1388,1312,1441,1387,1554,1087,1244,1121,1304,1550,1387,1003,1564,1421,1420,1137,1168,1010,1054,1113,1259,1426,1247,1019,1250,1427,1202,1103,1279,1008,1403,1248,1028,1554,1144,994,1148,1381,985,1469,1322,1522,1403,1503,1482,1056,1280,1114,1025,1251,1147,1388,1107,1469,1284,1548,1046,1528,1461,1014,1378,1119,1118,1410,1383,1294,1141,1139,1076,986,990,1472,1078,1415,1459,1410,1128,1472,1048,1326,1054,1094,1373,1544,1274,1288,1180,1387,1002,1077,1134,1390,1036,1405,1092,1056,1169,1002,1354,1238,1331,1335,1036,1427,1343,1538,1351,1373,1025,995,1200,1515,991,1562,1416,1356,1542,1321,1327,1429,1263,1518,1300,1197,1002,1012,1478,1130,1041,1088,1046,1053,1006,1025,1168,1254,1472,1398,1067,1334,1347,1264,1432,1085,1486,996,1343,1062,1451,1286,1003,1332,1559,1094,1287,1252,1349,1342,1483,1534,1387,1072,1220,1280,1285,1158,1517,1196,1518,1376,1399,1136,1382,1505,1338,1045,1389,988,1420,1158,1293,1350,1120,1059,1281,1056,1299,1330,1539
,1193,1515,1471,1275,1388,1338,1344,1458,1035,1295,1097,1033,1172,1455,1213,1025,1420,1408,991,1455,1359,1245,1434,1565,1227,1279,1349,1074,1346,1299,1293,1283,1210,1082,1320,1544,1205,1079,1384,1383,1392,1410,1483,1215,1080,1446,1094,1405,1491,1430,1278,1167,1311,1377,1537,1337,1014,1346,1371,1142,1346,1537,1521,1225,1167,1000,1285,1179,1529,1430,1155,1454,1285,1392,1412,1262,1058,1271,1474,1173,1054,1159,1450,1544,1020,1091,1275,1091,1479,1134,1169,1323,1099,1055,1092,1201,1138,1429,1333,1179,1336,1455,1455,1053,1531,1338,1125,1090,1442,1332,1365,1112,1238,1350,1308,1147,1543,1195,1315,1402,1310,1060,1024,1150,1524,1511,1370,1177,1410,1359,1017,989,1340,1212,1146,1089,1309,1316,1310,1345,1376,1447,1403,1050,1291,987,1235,997,1076,1245,1513,1235,1078,1312,1545,1138,1149,1482,1252,1332,1509,1566,1274,1159,1487,1467,1126,1557,1465,1137,1395,1526,1083,1243,1139,1244,1425,1181,1546,1199,1182,1155,1366,1178,1135,1461,1076,1387,1051,1271,1035,1127,1541,1525,1379,1097,1218,1048,1210,1099,1457,1526,1244,1470,1068,1398,1166,1091,1348,1519,1404,1528,1431,1391,1212,1148,1324,1265,1013,1536,1291,995,1279,1419,1446,1332,1216,1514,1093,1539,1058,1000,1081,1415,1125,1052,1019
,1003,1521,1462,1224,1270,1419,1553,1052,1107,1553,1232,1210,1268,1114,1105,1480,1440,1254,1131,1515,1496,1370,1054,1135,1492,1003,1204,1244,1443,987,1449,1240,1466,1540,1269,1438,1186,999,1032,1214,1334,1409,1043,985,1181,1127,994,1447,1055,1264,1063,1391,1474,1024,1436,1411,993,1294,1014,981,1533,1122,1375,1510,1435,1245,1311,1424,1422,1311,1374,1420,1455,1237,1399,1311,1430,1084,1141,1068,1045,1006,1023,1502,1387,1038,1546,1143,1564,1413,1437,1362,1082,1437,1056,1005,1329,1355,1498,1160,1365,1240,1125,1380,1209,1325,1232,1389,1287,1382,1215,1143,1003,1245,1256,1011,1450,1318,1335,1564,1112,1063,1384,1235,1287,999,1119,1295,1460,1338,1237,1145,1074,1504,1452,1339,1198,1032,1257,1020,1559,1519,1556,1304,1010,1506,1292,1450,1297,1001,1519,1551,1205,1550,1037,1468,1567,1020,1527,1068,1203,1354,1448,1013,1160,1393,1269,1167,1373,1462,1381,1175,1496,1359,1020,1320,1503,1114,1185,1128,1309,1394,1032,1384,1183,1023,1033,1473,1362,1387,1358,1069,1567,1069,1317,985,1154,1321,1256,1015,1253,1074,1509,1139,1541,1316,1464,1546,982,1208,1274,1055,1056,1067,1480,1307,1488,1164,1022,1427,1120,1132,1359,1415,989,1125,1455,1520,1352,1245,1238,1065,1379,1320,1457,1247,1384
,1290,1373,1360,985,1321,1438,1229,1349,1155,1179,1545,1398,1005,1565,1241,1249,1488,1186,1486,988,1564,1490,1502,1168,1348,1455,1520,1493,1555,1404,1114,1439,1116,1257,1329,1164,1214,1249,1551,1388,1467,1523,1300,1040,1444,1085,1201,1284,1074,1072,1212,1446,1113,1331,1380,1354,1127,1555,1442,1360,1490,1103,1018,1132,1155,1082,1417,1509,1297,1070,1188,1155,1180,1529,1250,1491,1123,1395,1033,1368,1430,1245,1453,1184,1323,1195,1475,1177,1118,1058,1323,1420,1005,1287,1159,1518,1391,1228,1054,1227,1013,1006,1443,1167,1095,1400,1004,1352,1071,1319,1048,1485,1040,1264,1119,1428,1069,1330,1403,1317,1276,1240,1355,1380,1513,1010,1564,1411,1402,1379,1411,1478,1306,1053,1354,1105,1536,1117,1255,1229,1078,1230,1330,980,1103,1265,1077,1009,1002,1287,1436,1336,1455,1453,1088,1486,1376,1141,1489,1068,1291,1410,1225,1382,1370,1179,1011,1231,1268,1243,1373,1348,1347,1518,1053,1456,1135,1239,1259,1356,1221,1464,1386,1298,1165,1324,1026,1328,1405,1176,1116,1169,1420,1122,1369,1404,1092,1014,1012,1033,1499,1398,1210,1212,1022,1541,1449,1234,1186,1292,1174,1109,1097,1415,1050,1467,1352,1082,1020,1314,1236,1328,1456,1122,1438,1488,1071,1200,1534,1175,1419,1430,1116,1352,1563,1200,1487
,1298,1252,1101,1143,1325,1073,1186,1389,1538,1473,1223,1404,1122,1166,1206,1346,1488,1504,1385,1414,1380,1397,1414,1411,1410,1377,1389,1199,1208,1122,1459,1243,1356,1031,1303,1114,1214,1392,1345,1415,983,1297,1418,1543,1470,1133,1076,1216,1414,1379,1434,1038,1347,1444,1542,1149,1467,1082,1154,999,1276,1499,1104,1498,1080,1429,1123,1080,1357,1013,1142,1415,1480,1270,1484,1076,1032,1057,1486,1208,1008,1355,1561,1044,1360,1491,1109,1562,1400,1147,1475,1021,1482,1068,1523,1120,1492,1514,1567,1263,1253,1485,1468,1422,1316,1246,1356,1154,1197,1231,1141,1220,1096,1534,1552,1420,1026,1201,1445,1367,1186,1175,1418,1239,1379,1528,1333,1141,1121,1430,1242,1214,1002,1447,1148,1012,1029,1541,1013,1367,1335,1028,1282,1188,1546,1350,1369,1240,1306,1222,1380,1227,1252,1453,1386,1313,1068,1030,1533,984,1107,1441,1552,1377,1073,1274,1263,1279,1477,1191,1200,1180,1319,1277,1291,1396,1090,1131,1469,1508,1045,1396,1479,1073,1001,1478,1404,1278,1132,1059,1088,1335,1212,1466,1463,1184,1099,1008,1014,1166,1475,1213,1023,1250,1145,993,1525,1114,1059,1373,1222,1391,986,1559,1499,1357,1174,1423,1256,1350,1554,1221,1060,1333,1166,1002,1185,1347,1069,1092,1084,982,1328,1108,1085,1034,1317
,1524,1462,1437,1424,1320,1458,1403,1488,1248,1162,1021,1042,1423,1400,1206,1511,1444,1116,1141,1548,1445,1460,1461,1310,1076,1392,1302,1139,1179,1354,1089,1213,1450,1045,1456,1295,1082,1169,1532,1307,1179,1147,1409,1338,1133,1165,1424,1071,1087,1136,1233,1166,1537,1074,1058,1154,1189,1045,1164,1021,1249,1263,1269,1378,1527,1265,1321,1089,1409,1047,1147,1076,1095,1304,1535,1014,1434,1020,1173,1144,1341,1474,1109,1361,1061,1324,1265,1303,1200,1421,1063,1533,1276,1550,1289,1092,1374,1011,1392,1557,1546,1243,1431,1263,1382,1241,1275,1527,1033,1176,1286,1133,1500,1109,1315,1480,1352,1519,1355,1189,1161,1505,1323,1254,1477,1030,1090,1118,1103,1312,1331,1386,1357,1184,999,1284,1496,1429,1246,1090,1489,1185,1456,1396,1296,1349,981,1211,1489,1001,1278,1102,1003,1094,984,1437,1294,1348,1283,1329,1441,1266,1558,1249,1336,1305,1206,1198,1490,1492,1525,1169,1152,1358,1136,1512,1266,1056,1170,1284,1123,1215,1034,1474,1411,1082,1369,1306,1530,1395,1194,1412,1409,1528,1101,1542,1487,1425,1206,1275,1125,1329,1561,1450,1390,994,1192,1529,1253,1028,1389,1233,1357,1485,1103,1185,1231,1396,1435,1407,1504,988,1222,1438,1325,1013,1138,1073,1171,1339,1070,1390,1030,1065,1322,1491,1333
,1353,1300,1156,1076,1091,1379,1098,1353,1525,1282,1134,1011,1098,1145,1544,1232,1019,1498,1508,1445,1242,1537,1299,1192,1487,1092,1489,1085,1212,1066,996,1464,1457,1407,1207,1204,1237,1009,1300,1494,1532,1073,1243,1175,1294,1450,1188,1014,1524,1314,1070,1338,1412,1132,1559,1315,1388,1065,1429,1076,1553,1403,1325,1070,1517,1087,1473,1514,1414,1139,1418,1176,1057,1221,1508,1291,1446,1426,1177,1364,1477,1151,1278,1111,1542,1414,1294,1460,1536,992,1522,1070,1567,1559,1200,1259,1133,1087,1220,1097,1086,1045,1326,1022,1505,1351,1189,1177,1266,1307,1215,1450,1279,1458,1146,1132,1474,1022,1465,1524,1522,1214,1374,991,1529,1238,1344,1426,1267,1296,1018,1432,1247,1526,981,1455,1071,1551,1252,1448,1234,1051,1144,1187,1486,1560,1513,1367,1104,1499,1253,1510,1567,1543,1554,1221,1366,1461,1406,1165,1406,1155,1501,1428,1167,1483,1439,1123,1143,1277,1271,1423,1190,1320,1352,1127,1052,1045,1022,1211,1124,1170,1039,1049,1239,1125,1363,1285,1153,1537,1137,1014,1332,1166,1427,1331,1007,1455,1076,1064,1395,1467,1324,1153,1080,1409,1444,1563,1005,1435,1245,1483,1438,1222,1286,1476,1112,1218,1352,1502,1268,1081,1549,1120,1336,1536,1053,982,1065,1106,1242,1091,984,1286,1363,1408,1436
,1295,1250,1112,1401,1454,1557,1280,1182,1266,1077,1123,1226,1074,1433,1104,1061,1243,1059,1056,1103,1425,1108,1385,1440,1209,1113,1400,1011,1192,1260,1445,986,1244,1327,1170,1521,1196,1068,1007,995,1052,1232,1123,1431,1351,1063,1531,1092,1526,1293,1203,1558,1211,1311,1016,1533,1071,1464,1507,1362,1189,1524,1523,1301,1149,998,1251,1258,1551,1158,1049,1536,1156,1054,1323,1265,1563,1125,1419,1308,1021,1042,1062,1210,1495,1521,1044,1024,1514,1495,1334,1125,1197,1189,1546,1431,1289,1292,1464,1455,1229,1237,1086,1452,1504,1044,1388,1415,1240,1307,1491,1068,1423,1418,1461,998,982,1252,1251,1318,1044,1455,1137,1077,1127,1019,1029,1356,1088,988,1012,1237,1365,1444,1399,1055,1480,1372,1388,1271,1272,1021,1526,1483,1046,1114,1162,1386,992,1149,1558,1372,1201,1351,1145,1153,1247,1453,1428,1344,1501,1234,1567,1563,1522,1182,998,1283,1380,1158,1016,1464,1230,1236,1052,1258,1459,986,1133,1356,1555,1553,1065,1542,1558,1127,1192,1173,1422,1360,1150,1062,1309,1128,1558,1319,1383,1341,1303,1265,1485,1359,1079,1561,993,1372,1399,1209,1561,1015,1483,1445,1422,1555,1516,1348,1019,1442,1412,1472,1308,1537,1542,1000,1387,1126,1449,1460,1546,1409,1097,1271,1101,1546,1052,1061,1476
,1059,1349,1509,1525,1410,1243,1310,1500,1510,1299,1131,1356,1265,1369,1528,1106,1146,1451,982,1251,1480,1564,1056,1196,1176,1457,1250,1085,1162,1304,1451,1286,1504,1377,1053,1463,1039,1040,1449,1223,1003,1425,1531,1169,988,1280,1475,1173,1443,1277,1109,1509,997,1300,1396,1029,1438,1357,1408,1364,1028,1252,1139,1050,1120,1468,1298,1548,1526,1017,995,1229,997,1407,1217,1191,1108,1193,1461,1270,1050,1200,1220,1080,1221,1085,1339,1058,1207,1286,1291,1114,1175,1469,1262,1106,1023,1281,1483,1217,1498,1404,1141,1210,1186,1559,1249,1026,1233,1199,1056,1231,1069,1036,1071,1395,1404,1043,1301,1117,1393,1552,1292,1328,1313,1529,1406,1170,1364,1462,1285,1200,1515,1392,1229,1291,1471,1307,1164,1365,1343,1000,1561,1543,1067,1178,1362,1107,1037,1357,1143,1302,1142,1484,1232,1272,1068,1205,1257,1302,1256,1443,1382,1400,1142,1465,1345,1455,994,990,1041,1410,1013,1079,1161,1243,1060,1231,1151,1462,1472,1479,1430,1413,982,1081,1548,1038,1084,1248,1198,1277,1310,1284,1326,1516,1375,1449,1082,1498,1019,1502,1148,1280,1176,1314,1515,1194,1264,1173,1326,1447,1272,1298,985,1094,1361,1346,1002,1531,1228,1104,1162,1213,1034,1098,1212,1514,1111,1547,1098,1000,1026,1559,1113,1029,1258
,1254,1422,1182,1079,1090,1099,1056,1198,1170,1354,1464,1423,1359,1512,1152,1264,1102,1534,1131,1101,1028,1541,1138,1442,1313,1110,1484,983,1539,1022,1544,1457,1362,1509,1504,1076,1507,1212,1306,1481,1479,997,1036,1492,1224,1425,1367,1518,1292,1555,1014,1204,1323,1057,1342,1545,1110,1046,1055,1457,1032,1359,1137,1355,1108,1030,1165,1348,1460,1541,1306,1401,1120,1227,1092,1184,1015,1097,1023,1186,1075,1176,1284,1522,1009,1504,1519,1350,1546,1237,1216,1047,1490,1262,1313,1433,1022,1106,1124,1168,1378,1500,987,1442,1280,1423,1044,1277,1018,1189,1008,1301,1078,1493,1271,1152,1200,1448,1429,1150,1253,1542,1458,1480,1445,1517,1335,1165,1208,1529,987,1554,1296,1209,1127,1256,1223,1117,1253,1033,1254,1363,1450,1392,1011,1121,1516,1296,1495,1418,1320,1052,1126,1429,1100,1442,1112,1267,1431,1154,1491,1009,1247,1009,983,1258,1505,1397,1193,1149,1477,1463,1426,1111,1166,1133,1313,1290,1139,1369,1159,1456,1130,1186,1089,998,1337,1039,1525,1291,1347,1384,1041,1533,1565,1172,1545,1157,1338,1263,1257,1242,1265,1299,1167,1113,1100,1233,1562,1322,1282,1093,1179,1221,1420,1030,1095,1412,1490,1482,1280,1370,1173,1414,1183,1198,1540,1300,1429,1457,1286,1055,1476,1375,1236,1223,1397
,1298,1546,1260,1419,1278,1322,1438,1369,1092,1205,1139,1438,1028,1530,1404,1332,1417,1505,1291,1115,1334,1550,1383,1400,1386,1145,981,1225,1181,1434,1284,1374,1361,1347,996,1053,1273,1072,1520,1548,1331,1304,1320,1324,988,1442,1109,1269,1005,1064,1437,1352,1547,1538,1436,1285,1071,1361,1510,1499,1504,1261,992,1433,1544,1464,1068,1226,1257,1212,1207,1168,1364,1109,1247,1562,1281,1455,1363,1207,1361,1312,980,1244,1394,1111,1141,1549,1155,1116,1022,1407,1143,1435,1066,1139,1349,1082,993,1489,1255,1014,1540,1312,1200,1516,1270,1470,1188,1243,1409,1486,1339,1540,1452,1518,1004,1454,1398,1391,1065,1510,1129,1158,1315,1445,1075,1314,1432,1243,1272,1043,1289,1241,1164,986,1519,1010,1395,1081,1453,1432,1207,1330,1014,1432,1262,1318,1348,1508,1524,1108,1233,1349,1095,1460,1447,1059,1255,1327,1028,1159,1528,1050,1054,1150,1108,1149,1267,1296,1032,1526,1166,1101,1371,1477,1427,1374,1425,1422,1171,1241,1529,1304,1104,1324,1426,1204,1162,1048,1119,1033,1530,1436,1194,1154,1249,986,1399,1233,1149,1498,1373,1454,1389,1020,1449,1114,1432,1200,1171,1527,1126,1050,1498,1352,1215,1561,1453,1312,1566,1426,1362,1376,1389,1321,1567,1122,1030,1566,1317,1291,1520,1276,1104,1016,1093
,1318,1249,1269,1391,1076,1222,1343,1332,1445,1184,1479,1085,1080,1096,1327,1147,1226,1031,1440,1079,1041,1175,1458,986,1371,1509,1430,1126,1364,1524,1304,1400,1418,1005,1233,1291,1435,1302,1359,1376,1511,1526,1385,1348,1299,1261,1123,1078,1249,1180,1195,991,1177,1555,1508,1141,1144,1284,1218,1530,1107,1319,1037,1471,1345,1424,1276,1340,1324,1118,1514,1006,1421,1338,1336,1479,1124,994,1118,1204,1527,1154,1247,1450,981,1306,1288,1183,1090,1083,1102,1100,1191,1008,1496,1389,1511,1557,1272,1515,1249,1378,1333,1161,1407,1295,1085,1402,1405,1382,1015,1459,1446,1372,1130,1294,1567,1398,1290,1338,1478,1324,1115,1543,1556,1452,1519,1324,1542,1045,1413,1337,994,1270,1502,1007,1250,1347,1125,1109,1258,1262,1218,1410,1136,1255,1270,1154,1091,1335,1268,1151,1450,1457,1546,1116,1441,1020,1388,1103,1345,1327,1193,1206,1534,1211,1108,1488,1451,1303,1448,1504,1251,1429,1236,1562,981,1557,1194,1408,1336,1257,1303,1182,1210,1292,1497,1456,1312,1464,1546,1027,1509,1152,1218,1106,1229,1390,1106,1158,1396,1394,1409,1524,1148,1173,1244,1134,1501,1505,1202,1564,1394,1532,1525,999,1020,1253,1406,1235,1089,1523,1242,1010,1512,1522,1238,1302,1290,1528,1129,1285,1008,1471,1259,1432,1399
