0,0,0,0,0,0,0,0,0,0,0,0,0,0,0,0,0,0,0,0,0,0,0,0,0,0,0,0,0,0,0,0,0,0,0,0,0,0,0,0,0,0,0,0,0,0,0,0,0,0,0,0,0,0,0,0,0,0,0,0,0,0,0,0,0,0,0,0,0,0,0,0,0,0,0,0,0,0,0,0,0,0,0,0,0,0,0,0,0,0,0,0,0,0,0,0,0,0,0,0,0,0,0,0,0,0,0,0,0,0,0,0,0,0,0,0,0,0,0,0,0,0,0,0,0,0,0,0,0,0,0,0,0,0,0,0,0,0,0,0,0,0,0,0,0,0,0,0,0,0,0,0,0,0,0,0,0,0,0,0,0,0,0,0,0,0,0,0,0,0,0,0,0,0,0,0,0,0,0,0,0,0,0,0,0,0,0,0,0,0,0,0,0,0,0,0,0,0,0,0,0,0,0,0,0,0,0,0,0,0,0,0,0,0,0,0,0,0,0,0,0,0,0,0
,1449,1418,1495,1187,1127,1023,1101,1455,1400,1403,1249,1155,977,1495,1260,947,1322,996,1161,1175,1187,1295,1322,1278,1300,1282,1448,1399,1359,1215,972,1257,1335,1183,1098,1439,1286,1145,1233,1060,994,1181,1123,1223,1477,1178,1453,953,1166,1226,1267,1300,1501,1102,1188,1299,1215,1276,1182,947,1352,984,1040,1473,1432,1493,1131,1351,1502,962,1431,1132,1438,1322,1225,1383,1076,1183,998,1274,1015,1356,946,1066,1469,1403,1234,1308,1007,1381,1039,1228,1263,1454,1202,1484,1188,1442,1209,1382,1172,965,1352,1120,1236,1160,1512,1235,1465,1206,1088,1408,1131,1007,994,1001,1483,1505,1194,1475,1291,1117,1146,1390,1228,1189,1036,1360,999,1429,978,1004,1408,1483,1419,1181,1016,1506,1367,1399,1489,1251,1250,1313,1452,1180,1377,1143,972,1039,1110,1422,1370,1028,1315,1249,1362,1248,1248,1401,1132,1024,1494,1441,1449,1159,1511,1409,1201,1429,1289,1264,995,1459,1256,946,1474,1255,1121,1191,1419,1017,1401,1036,1428,983,1180,1108,1290,1395,1489,995,1130,1457,1511,1057,1230,1379,1404,1165,1148,1296,953,978,946,1202,1159,1490,1248,1246,1444,1444,1178,1135,1439,1390,1011,1357,1063,1380,1478,989,1126
,953,1093,1017,1390,1321,1093,1281,1474,1150,1305,993,1467,1088,1512,949,1277,1102,1357,1082,977,1032,1281,987,1157,967,1033,1481,1271,1193,1058,1396,1233,1094,1464,1041,1252,1334,1453,973,1188,1423,1276,1405,1162,1465,1188,1091,1428,1357,1394,1326,1124,1156,1255,1196,1489,1048,1453,1354,1083,1105,1324,1388,1511,1421,1261,1387,1441,1376,1417,966,1358,1304,1180,1494,1394,1317,1398,1044,1343,1467,1440,1421,1281,1369,1448,1072,1330,1452,1013,1220,1207,1290,1327,1237,1313,1383,1001,1010,981,1137,1307,1494,974,964,1492,1509,1080,1185,1096,1048,1059,1021,1493,1379,987,1067,1368,1487,1145,1498,1069,1375,1212,1392,1132,1399,1014,1118,1500,1001,1061,1067,1176,984,1390,1305,1454,1327,1068,1461,1218,1449,1278,1153,1286,1281,999,957,1110,1461,1096,1168,1504,1275,1155,1074,1284,1368,1384,1329,978,1166,1126,993,1128,1419,1307,1410,1413,1512,1195,1153,1198,1202,974,1183,1422,972,1362,1294,1099,1077,972,970,1302,1026,1427,1185,1147,1361,998,1070,1233,978,1075,1045,1295,1507,1379,1499,1461,1126,946,1213,1135,953,1366,956,1007,1235,1293,1449,1365,1364,1369,1389,1070,958,1187,1055,1020,1491
,1074,1380,1037,955,1251,1349,1473,965,1309,1081,1377,1052,1494,1327,974,1285,958,1067,1184,1343,1214,1149,1146,1209,963,1157,1179,1122,1258,948,1333,1102,1180,1196,992,1037,1435,1253,1157,1380,1322,1055,1447,1094,1153,1018,1246,1334,1471,1364,1082,1096,1160,1210,1161,1352,1418,1046,1093,1176,1470,1188,1265,1130,1370,1048,1079,1430,1396,1243,1042,1384,1276,1495,1256,1432,1280,1297,1437,1204,1093,1289,1499,1448,1414,1424,1135,951,1423,1454,1256,981,1240,1256,1093,1506,985,1468,1329,1270,1253,1297,1405,1242,1359,1258,1435,1414,1112,1299,1013,1278,1460,1319,1100,1411,1125,1281,1481,1403,1502,976,1052,1086,1125,1452,1195,1142,1209,1446,993,1292,1077,1143,950,1087,1283,1051,981,1429,1195,1142,1369,1376,1496,1211,1389,1270,994,1300,977,1184,1062,1204,1432,1066,1231,1064,1077,1010,1292,1105,1131,1380,1235,1031,1381,1119,1084,1452,1235,1234,1140,1245,1431,1439,989,1266,973,1213,1132,1115,1123,1166,1335,1289,1282,1248,963,1501,1331,996,1433,972,1075,1261,1284,1498,1248,1509,1244,1049,1116,1107,1499,1291,1421,1428,1215,1433,1485,1326,1482,1148,1395,1284,947,987,1253,1492,1475,1373,1390
,1199,1364,1073,1030,1249,1007,1000,1404,1272,1477,1454,1003,1270,988,1133,1384,1109,1323,1136,1022,1209,1437,1027,1455,1005,1121,1248,1130,1370,1030,1021,993,1213,1231,1279,1162,1388,1338,1410,1302,1501,1187,1086,954,1327,1077,1196,1063,1507,1029,1359,1043,1049,950,1049,953,1348,1343,1219,1411,1116,1073,1444,1477,1212,1383,1024,1265,1206,963,1505,1123,1471,1037,1151,1074,1333,1059,1473,1453,1082,1181,1220,954,1377,1198,947,1099,1016,1244,961,1277,1386,1071,1458,1079,1436,1213,1097,1047,1361,1116,1158,952,1066,1036,998,1284,1248,1263,1173,1273,1254,1230,1291,1236,1215,1407,1129,1136,1365,1198,1136,1117,1467,1392,1443,1200,1432,1059,1189,1505,1277,1460,1153,1337,1511,1153,976,957,1075,1338,1315,1510,1151,1291,1025,1454,991,1392,1173,1439,1376,1150,1155,1365,1488,1426,1027,1029,1350,1180,1465,1117,1432,1245,1013,1050,1043,1046,1506,1146,1022,1370,1197,1327,1154,1441,1451,1090,1405,1431,1308,1201,1296,1126,954,1048,1189,1312,1256,1015,1041,1096,1490,1190,1170,1484,1371,1479,1131,1029,1010,1016,1014,1507,953,1504,1103,1050,1316,1466,1292,997,1211,1362,1299,1056,1212,1103,1240,981,1483
,1197,1181,1215,1242,1023,1216,1400,1386,979,1030,1172,1365,1467,1164,1149,1470,1224,1128,1436,1476,1157,1351,967,1293,1391,1158,1469,1150,1222,1176,1052,1016,1001,1436,1439,1229,1458,1393,1346,1424,1096,1413,1237,1077,1340,1231,1410,952,967,1497,1223,1210,1461,1060,975,1371,1381,1050,1126,1388,1150,998,1445,1332,1461,1121,1080,1491,1438,1435,1243,1145,1280,1063,1019,1193,1136,1427,1512,1073,993,1105,1300,1209,1189,1066,1004,1463,1418,1328,1252,1290,1488,1365,1369,1345,1098,1120,1366,1141,1391,1340,1073,1091,1488,1495,1116,1229,1117,995,1398,1499,1277,1217,1378,1281,1227,968,1152,1309,1338,1318,1497,1101,1255,1324,1060,1186,1067,1303,1129,1209,1224,1166,1374,955,1136,1202,1364,1338,1144,1380,1291,1111,984,1041,1014,1429,1250,971,1058,1317,1356,1445,949,1245,1065,1286,1103,1053,1130,1400,948,1119,1346,1332,1210,1484,1271,1241,1425,1148,1389,1262,1410,1265,1109,1136,1201,1358,1473,1107,1109,1104,1479,1237,1056,1136,1255,1277,1266,975,1057,969,1504,1168,1479,1168,1291,980,1145,1280,1188,1489,1081,969,1382,1053,1185,976,949,1140,1069,1383,1321,1365,1277,1183,1443,1204,1472,1462,1352
,1004,1416,1332,1098,1490,1306,984,1486,1093,1433,1259,1350,1399,1070,1235,985,1047,1345,1002,1286,1229,1313,1176,1326,1477,1183,1375,1031,1242,1230,1026,1236,1369,988,1215,1357,1127,1421,1367,1239,1415,1066,1393,1156,1422,1169,1310,1454,1064,1213,1372,1423,1129,1107,1370,1431,1339,1368,1392,1143,1453,1055,1112,1403,957,1335,1328,1116,1001,1478,1466,1209,1378,1170,1336,985,1179,1469,1216,1441,1125,1359,1083,1237,1388,1443,970,1396,1043,1414,1320,1189,953,1258,1424,1314,1368,1379,1147,1275,1281,1416,1068,1508,1317,1064,1313,984,1048,1374,1191,1491,1238,1091,1030,1273,1457,1116,1039,1109,1282,1335,1220,1336,1333,1177,972,1109,1101,1377,1143,1432,1371,1049,1394,1088,1441,1049,1208,1196,1459,1306,1097,1086,1135,1220,1177,1502,1437,1071,1365,1087,1466,1366,1079,1485,1084,972,1114,1224,1283,1254,998,1466,976,1179,1144,1500,1117,1427,1167,1003,1456,1454,1115,1274,1068,984,1071,1169,1044,1246,1466,1021,1386,1428,1087,1237,1432,1353,1031,1411,1220,1290,1046,1350,1338,976,1482,1501,1488,1269,1165,1100,1053,1234,1449,1033,1274,1031,1326,1395,1353,1022,1337,1109,1402,1046,1403,1337,1421,1138,1492
,1457,1208,1280,1362,1334,946,1138,991,1329,1133,1506,1234,1509,1288,1067,1194,1459,1452,1470,1190,1048,1227,988,1346,1344,1080,1261,1419,1173,1327,1103,1357,1481,1302,1386,1020,1010,1005,1139,1197,1262,1453,970,1158,1141,1154,1423,1359,1363,996,1340,1347,1134,1322,1511,1263,1126,1207,1352,1056,1509,1032,1034,969,1231,1326,1199,1455,1390,1411,1043,1127,1422,1171,1017,946,1272,1247,1249,1462,1418,1436,1429,995,1389,1451,1426,1017,1231,1065,1131,1421,1044,1369,1344,1006,1058,1145,1222,1483,986,1140,1176,1289,1007,1418,1296,1496,1471,1255,1406,1187,1458,1511,1014,1294,1196,1356,1393,1124,1027,1371,1259,999,996,1348,1121,1431,1245,1161,1007,1242,1279,1270,1301,1468,1438,1266,1450,1227,1352,1085,1452,1211,1404,1492,1031,1426,1294,1154,1089,1051,1136,1024,1113,1330,1471,1222,1439,1420,956,986,1224,1092,1143,1089,1013,1142,1367,1117,972,1450,1030,972,1156,1358,1157,1360,1284,1269,1383,1210,1158,1432,1018,1306,1308,1106,1184,1100,1339,1330,1152,961,1165,1387,1332,1115,1324,1483,1032,968,1406,1211,1109,1253,1496,1124,1240,1217,1321,1419,1028,1438,1371,1497,1128,1359,1026,1199,1511,1158,1249
,1038,1094,955,1395,1467,1508,963,1050,1237,1348,1243,1109,1483,1342,980,1410,1163,1272,1078,982,1014,1220,1467,1056,1442,1422,1470,1432,1252,1410,963,1385,1089,1181,1470,1229,1041,1300,1296,1400,1137,1219,1443,988,1005,957,1385,1181,1222,1380,1279,1088,1486,1296,1160,1468,1217,1162,1150,970,1272,1497,1409,1432,1202,1371,1153,1422,1231,1497,947,1044,1057,1248,1484,1413,1057,1467,1377,1365,1034,1084,1015,963,947,1228,1083,1362,1412,1280,1381,1140,1006,1321,1286,1425,1508,1494,1422,1215,1468,1294,1419,1500,1023,1088,1510,1373,1218,1108,1467,1450,1429,1008,1507,1351,1379,1352,1245,1285,1201,1174,1286,1060,972,1013,1334,1355,1191,1447,1174,1019,959,1048,1287,1361,1238,1172,1323,1054,1253,1452,1251,1240,1326,1013,1227,1313,1028,1022,1367,959,1378,1441,1500,1504,1142,948,1029,1504,1057,1247,1491,989,1240,1035,1251,1072,1114,1384,949,1294,1185,1164,1325,1049,1464,1157,1076,1398,1391,1040,1204,1378,1506,1389,973,1475,1092,978,1457,1114,953,1221,1307,1352,1384,1062,1048,1229,1001,1117,1449,1157,1443,957,1066,1103,1119,1146,1507,972,984,1329,1019,1120,1227,1042,1117,1271,1206,1130,1472
,1126,1139,1130,1509,1138,1242,1260,1433,1198,1199,1478,1013,1089,1255,1265,1126,1057,1197,1152,1341,1142,1091,1317,1203,1433,1015,1454,1462,978,1142,1159,1436,1094,1031,1011,1367,1342,1256,1375,983,996,1492,1290,1440,1032,1399,1328,975,1469,1236,1155,1423,1431,1114,995,1206,1462,1425,959,1166,1271,1200,1056,1339,1198,1294,1407,1082,1116,1273,1255,1152,1075,1399,1435,1496,1340,1290,1458,1490,1322,1448,1184,1156,1112,1383,1497,1131,1100,996,1008,1512,1172,1011,1136,1307,1242,1313,1298,1368,1128,1336,1333,1452,1105,1498,1140,1183,1215,1448,1159,1231,1333,1421,958,1255,1307,1047,1137,1252,1230,1065,963,1025,1309,1047,1051,1183,1165,1354,994,1481,1384,1040,1202,1281,1455,1186,1389,1295,1447,1167,1236,1328,971,1482,1062,1442,1063,1075,997,1122,1060,948,1314,998,978,1393,969,1282,1511,1478,952,1102,1506,1139,1226,1038,1359,1179,1098,1189,1368,1117,1509,1256,1171,1481,1495,1115,949,1385,1033,1289,1215,1047,1269,1339,1359,1285,1206,1341,1125,1468,1107,1351,967,1046,1468,1032,981,1284,1065,1007,1186,1319,1354,1084,1092,1409,1276,1237,1401,1428,1136,1457,1040,1198,1038,1467,1500,1313,1015
,1121,1050,1209,1318,1040,1407,1398,954,1434,998,1441,1237,983,1118,1201,1311,1059,1068,1470,1082,954,1036,1345,1350,1392,1051,1119,1396,1366,1052,1457,953,1392,1503,1028,1348,1174,1437,1456,1192,1254,1328,1486,1463,1424,1438,1085,1379,980,1500,1020,1470,1178,1154,1136,1424,1375,1463,1096,1267,1327,1258,1386,960,1044,1070,1065,1215,1143,1329,1505,984,1433,1044,1004,1000,1152,1127,1418,1229,947,1313,1153,1216,1379,1246,1475,993,1100,1448,1042,1226,1064,1177,1194,1343,1184,967,1017,1069,984,1034,1171,1256,1351,1203,1034,1143,1398,1200,1376,1418,1367,1244,1295,1039,1471,1349,1049,1437,1138,1073,1210,1480,1191,1158,1001,1102,1462,1284,1089,1490,1255,1054,999,1395,950,1465,1144,1167,1000,1020,1019,1419,1191,1445,1026,1106,962,970,1217,1354,1267,1223,1479,1264,1195,1228,959,1171,1034,1443,1167,1079,1446,1248,1162,1466,947,1440,1412,1008,1415,1080,1090,1478,1316,1028,1196,987,1049,1190,1243,1142,1424,1312,1451,1004,1410,1428,1491,1079,1063,968,1482,1267,1289,1185,1478,1145,1124,1014,1284,1223,1237,1446,1347,1402,1016,1209,1329,1298,998,1491,1393,1354,1068,1082,1114,1512,1196,1381,1083
,1201,1249,968,1491,1060,1359,1379,1457,1406,1129,1256,1030,1310,1069,992,1011,991,1306,973,1179,1049,1416,1281,1329,1145,1383,1248,1253,1443,1244,1201,1199,1309,1440,1040,1430,1033,1075,1104,1492,991,1316,984,1468,1275,1064,1430,1411,1416,1127,1471,1262,1276,1103,1509,1399,1129,988,1423,1104,1177,1023,1330,1255,1366,1042,1457,1394,1076,1032,1267,1051,1395,1330,1140,1027,1242,1141,1114,1324,978,1331,1439,1512,1502,1181,1438,1334,1211,1155,1191,996,1419,971,1382,1448,1488,1370,1289,1081,1123,999,1127,1022,978,1003,1195,1357,1009,1210,1347,983,1496,1481,1143,1476,1153,1410,1505,1469,1228,1452,1114,1244,1472,1058,1007,1233,1463,1244,963,1487,988,1210,1202,1238,1493,1318,1086,1146,967,1489,1118,1338,1007,1267,1252,1198,1288,1090,1393,1186,1056,1420,1465,1421,1423,1202,1496,1243,1261,1236,1021,1190,1220,1401,1330,1001,1080,1205,1347,994,1283,968,1253,1432,1412,1064,1509,1088,1252,1420,1464,1388,1454,1173,1138,1473,1234,1306,1352,1323,1464,982,1325,1073,995,1407,1306,1472,1247,1117,1370,1168,1378,1365,1002,1327,1299,1473,1471,992,992,970,1214,1105,1448,1275,1344,1293,1137,1337,1193
,1054,1498,1239,1348,1281,1102,1145,1269,1258,1434,1150,1063,949,1224,1299,1019,1151,1071,1064,1124,1480,1248,1034,1404,1365,1180,979,958,1283,1414,1458,982,1195,1008,1203,1084,1238,1150,1050,1316,1059,1317,963,1022,1163,1025,1508,1283,1131,1172,1163,999,1421,1467,1162,1463,1181,1111,1189,1295,1121,1155,1075,1349,1341,1173,1249,1369,1162,1251,1061,1028,1217,1048,1139,1104,1290,1413,1500,1079,1066,1356,1217,1041,1276,1472,1097,1022,1023,1088,1219,1490,1097,1021,1367,967,967,1226,1443,1458,1323,1167,1449,1396,1154,1048,1009,1005,1321,1197,1250,958,1442,1286,1470,1504,1048,1121,1251,1493,1121,982,1251,1047,1431,1452,1491,1420,1288,1076,1340,1012,1403,1131,1158,1441,1099,1040,1108,1321,1228,1410,1077,1348,1157,1235,1267,1167,1135,1112,1326,1140,1174,1160,1377,1132,1438,1436,1187,1282,1095,1424,987,1268,1420,1360,1377,1366,1362,1466,1422,1345,961,1309,1487,1190,1496,1098,1388,1278,1208,1215,1399,1328,1042,1077,1386,1078,1191,1285,1361,988,1094,1291,1259,1203,1255,1481,1442,1081,1119,1063,1419,960,1366,1291,1445,1088,1095,1384,1098,1442,1479,1469,1203,1305,1082,1013,1220,998,1063,1374,1384
,1009,968,1068,1111,1382,1179,1154,1470,1503,955,1229,1118,1276,1202,1414,1365,1049,1290,1243,1229,1394,1035,1370,1074,1449,1374,1149,1262,1396,1287,1142,1166,1297,1391,1282,1257,1034,1042,1062,1073,1264,1295,1252,1246,1340,970,1508,1077,1491,1147,952,1447,1050,1302,1292,1366,1177,1290,1118,1295,1026,949,1028,1457,1318,1357,1147,1378,985,1388,1383,1053,1202,1335,1317,997,1221,950,1308,995,1073,1066,1244,1049,1149,1429,1322,1471,1076,1383,1169,1387,1408,1042,1236,1510,1418,1104,1205,1141,1387,1232,1020,1214,974,1223,1109,1038,1119,1251,974,946,1427,1206,1273,1307,1488,1208,1214,1328,1150,1161,1259,1062,1174,1111,1359,1400,1314,1101,1421,1424,1196,1427,1168,1123,1007,1114,1001,1091,1384,1262,1308,1161,1508,1417,1353,1199,955,1165,1192,1212,1226,1437,1371,1081,1124,1073,1491,1015,1020,1195,1501,1233,1377,1185,1203,1306,1084,1438,1326,1493,979,1065,1288,1142,1510,1097,1089,987,1411,1416,1097,1281,1286,1316,1127,984,1309,1340,1061,1324,1098,1043,1279,1185,1122,1206,1036,1486,1372,1185,1191,1362,1378,1050,1075,1181,1509,1193,1143,980,972,1213,946,1371,1410,1203,1431,1090,1206,1089,1078
,1012,1400,1092,1068,1116,1174,1284,1336,1310,1357,1167,1076,1455,1023,1061,983,1373,1132,974,1288,1045,1153,1453,1241,1340,1086,1259,1115,1382,1301,1136,1468,1461,1130,1471,1199,1147,1322,951,1293,1293,1107,1129,1162,1203,1127,1300,1426,1294,1003,1322,1347,1021,1307,1221,1281,1116,1160,1301,1194,1089,1261,1278,1072,1203,1047,1024,1471,1359,1318,1327,1499,1064,1074,1501,1446,1016,1481,1380,1100,1444,1194,1179,1349,1133,1223,1412,1110,1444,1409,1151,1493,1469,1174,1284,1131,1063,1152,1236,1278,1446,1426,1074,1226,1002,996,1427,1178,1489,1286,1469,1205,1078,1340,1133,1177,1376,1188,1186,1468,1388,1031,1033,1123,1206,1362,1434,1279,1282,1094,986,978,1026,1244,1395,1324,1391,1369,1413,1378,1487,1403,1232,1316,1470,1327,1333,1299,1396,1089,1183,1432,1428,1454,1188,1178,1115,1321,1204,1349,947,1460,1060,1213,948,1123,1108,1279,1442,1048,1016,996,1011,1155,1241,1139,1280,1250,1306,1135,1188,1429,1259,1101,1272,1398,1392,1393,1076,1421,1502,1169,1388,1363,989,1343,1010,1438,1378,1333,1493,1506,1359,1187,1423,1493,1245,996,1057,1025,1167,1307,1183,963,1165,1275,1446,1127,1085,1484,1185,1109,1396
,1459,1058,1316,1137,1091,1138,1219,1273,982,1057,1508,1180,1319,1473,1300,1345,1404,1477,1291,1377,1269,1347,1346,1208,1124,1318,1409,1458,1009,1487,1071,1318,1505,1322,1099,1292,961,1382,1048,1018,1093,1494,1320,1124,1062,1460,1120,1140,1300,1248,1337,1351,1464,1226,1028,1285,1136,1446,1447,1412,1302,1036,1347,1291,1170,1455,1030,1140,1271,1352,1360,1041,1073,1491,1205,1465,1388,1331,1296,1471,1137,1035,1223,1478,1342,1185,969,1305,1481,1372,1247,1035,1228,1226,1446,1111,1201,1399,1300,1241,950,1366,1101,1275,1185,1198,1293,1036,999,1435,1308,982,1245,1241,1339,1216,1038,1049,1202,1325,986,1396,1027,1410,1054,1072,1117,1277,1102,1444,1194,1451,1197,1206,1320,1268,1387,1080,1106,965,1435,1364,1467,1342,1493,1288,1093,992,1091,954,1276,1150,1047,1354,1132,1488,1331,1445,1172,1159,949,1011,949,1062,1388,973,1028,1140,1278,1184,1346,1200,1323,1313,1061,1278,1116,1256,1485,1105,1014,1510,1467,1446,1228,1406,1187,1386,1021,1171,1246,1016,1125,1109,1124,1042,993,1370,1138,1188,970,1178,1038,1489,964,1426,1022,1437,1036,1161,956,1034,1007,1080,1424,1131,1480,1482,1004,1397,1260,1401,1169
,1280,1510,1401,1268,1512,1088,1340,1141,1096,1144,1194,983,1314,1271,1034,1252,1098,1097,979,1214,1445,1022,978,1298,1034,1329,1187,976,988,1302,1107,1026,1012,1354,1059,1315,1165,1441,1148,1425,1310,1376,1159,1185,1231,1065,1218,1168,982,1341,1165,1312,1099,1409,1019,1461,1123,1236,1155,1393,1496,1196,1408,1069,973,1046,1135,1175,1277,1468,1391,1500,1261,1063,991,1170,1315,1300,1169,1463,1302,1410,1099,1106,1382,1070,1466,1346,1167,1450,1408,1355,1338,1277,1327,1457,1464,1346,1004,1054,1322,1186,1163,1209,1177,1157,1314,1249,1112,1090,998,1093,1337,1467,971,971,1348,1404,1076,1301,1235,1259,1186,985,1412,1309,1001,1282,1450,1342,1360,1386,1054,1045,964,1146,981,1379,1454,1033,1221,1411,1240,1494,1227,1203,1452,1068,972,1077,1456,1462,1319,1203,1197,1185,1018,1444,1254,1030,1260,1294,1077,972,1139,1152,1340,1096,1249,1114,1114,988,1285,1209,1406,1149,1433,1380,1197,1250,1252,1289,1121,1428,1017,1124,1421,1260,1126,1112,1355,952,1262,951,1393,1456,1300,1287,1074,1478,1445,1328,1171,1231,1118,985,1214,1373,1141,1497,1065,1346,1026,1233,1332,1361,1009,1298,1236,996,1178,1494,1080
,1331,1060,1090,1025,1332,971,1136,1246,973,1102,1404,1141,1298,1361,1111,1439,1371,1152,1118,1245,1410,1486,992,1353,1488,1503,1318,1013,1399,1413,1071,1074,1000,1500,1221,1423,972,973,1264,1110,1427,1097,985,994,989,1488,1007,1463,1402,1113,1107,1240,1154,978,947,1175,1416,1331,974,1310,1186,1345,1439,1129,1145,1486,1508,1067,1208,1059,1023,1453,1204,1010,1162,1231,955,1505,1411,1243,1429,1477,1088,1425,1405,1426,1398,1425,947,1201,1096,1382,1049,1050,1209,1506,1322,1131,1222,1174,1508,1093,1237,1452,1363,1403,1431,1186,1075,1297,976,950,993,1391,1054,1223,1454,1447,1040,1220,1052,995,1145,1398,1449,1462,1426,1504,1217,955,985,1128,1471,1243,1495,1420,1442,1088,1454,1048,994,1221,1376,1110,1342,964,1280,1045,1288,1511,1509,1014,1018,1034,1284,1192,1483,1034,1319,1316,987,1488,1366,1122,1050,1507,1103,1157,1231,1106,1184,1033,1079,1465,1361,1317,1431,1482,1505,1398,1474,1094,1303,990,1079,1446,1078,1410,1136,1305,1087,1210,1029,987,1464,1201,1440,1066,1125,1262,1416,1351,1075,1175,1081,1321,1259,1274,1342,1347,1301,1014,1491,1243,1414,1212,1114,1009,1165,1279,1310,1023,946
,1253,1444,1457,1488,1219,1052,1300,960,1309,1258,1268,1287,1262,1265,1263,1241,1048,1487,1359,1436,967,957,1097,1450,1146,1450,1409,968,1368,1004,1127,1483,959,976,1409,1062,1177,1260,1228,1152,1036,1105,1367,1281,1143,1495,1119,1431,1285,971,1476,1040,973,1240,1119,1479,1259,1450,1220,1463,1366,1340,947,1417,1103,1174,1394,1135,1292,1509,1159,1302,981,1259,1423,1419,1105,1032,1405,1492,1219,1167,1274,1008,1001,993,1308,1028,1429,1194,948,972,1190,1050,1334,1452,1323,1278,1363,950,1251,1061,1385,985,1312,1172,1239,1100,1129,1361,1291,1331,1197,1436,1447,1465,1444,1477,1278,948,1373,1379,1212,1186,1352,1169,1341,1028,1457,1164,1481,1048,1248,1053,952,983,987,1175,1337,1349,1128,1496,1268,1137,1304,1429,1489,1230,1387,1294,1384,1338,1389,1488,1418,1273,1261,1335,1138,1033,1247,1499,1170,1020,1505,1115,1055,1199,1363,1203,1442,1036,1141,980,1497,947,1252,1349,1406,1245,1405,1443,1424,1188,1361,1243,1163,1155,1500,1090,1018,1016,1237,1081,1444,1390,1287,1014,1312,1384,1056,1038,1193,1496,950,1009,1314,1446,1190,1240,1176,1183,1492,1122,1467,1337,1510,1290,1436,1052,1478,1473,997
,1210,1484,1092,1048,1014,1265,1415,1102,1011,1239,1016,1077,1099,983,1512,1291,1135,1107,1004,1178,1202,1187,1326,1163,1279,1205,1280,1210,1314,1184,1457,1178,1324,1309,1421,1441,1000,1304,978,1194,1086,1042,1117,1227,1261,1399,1054,1228,1056,1465,1113,1429,1424,1321,1042,1232,1426,1059,1334,1009,1045,988,959,1380,1011,972,1355,1482,1143,1192,1237,1102,1215,1246,1153,1155,1466,1055,1368,977,1501,1025,1476,1191,959,1493,1351,987,1137,1395,1389,981,1296,1077,967,1321,970,951,1379,992,1194,1244,1122,1290,1293,1150,947,1136,965,1507,1474,1042,1343,949,1472,1290,1082,1388,1044,1087,1190,1256,1251,1050,1259,1400,1441,1036,1192,1499,1375,1327,1027,1441,1022,1317,1066,952,1225,1384,1165,1127,1371,1127,1505,1172,1304,1369,1437,1199,1119,982,1096,1237,1344,1368,1252,1033,1400,1433,1190,1102,1175,1058,990,976,1162,1070,947,1305,1499,1206,1185,1394,1352,989,1008,1353,1149,1177,1286,1101,1312,1309,1066,1451,1253,1263,1154,1385,1376,950,1202,1254,1230,1487,1273,1070,1500,948,1108,1508,988,1397,1054,958,1263,1239,1200,1004,1250,1111,1009,1064,1136,1242,1116,1212,1239,970,1441,1137,1271
,1148,1040,1004,957,1038,1366,1211,1213,1152,1299,1110,1291,1488,1397,1335,1073,1120,1064,1419,1243,1138,995,962,1141,1214,1429,1204,998,979,1012,1403,1331,1158,1319,1107,1069,1292,992,1075,1344,977,1056,1349,1248,1278,1418,974,1059,1130,959,1079,1005,1033,1310,1222,1454,1123,951,1023,1107,975,1115,1330,1419,1358,1167,1039,1122,1292,1500,948,1022,1272,1155,1350,1008,1055,1263,1444,1279,1205,973,1167,1289,1502,1311,1283,1175,1111,999,1436,1194,1009,971,1078,1025,1141,1058,1045,1095,1117,1056,1317,1457,1051,1500,966,1254,1308,1092,1113,961,1313,1057,1376,1358,1499,1312,1489,1479,1014,1043,1246,1029,1508,1268,1285,977,1383,1158,1015,1429,1036,998,1336,1503,1223,1057,1332,991,1317,983,1493,1025,1376,1005,1089,1108,1349,1282,1404,1347,1315,1486,1394,1424,1409,1313,1051,1003,1374,1246,1198,1015,1488,1231,955,1290,1191,1374,970,1053,1243,1091,1292,1133,1369,1266,954,1232,1195,1417,1012,1176,1095,1143,1007,1505,1148,1391,1363,1186,1074,1203,1452,1360,1200,1489,1317,1201,1224,1141,1481,949,1056,1475,1124,966,1066,1094,963,1484,989,1418,1197,977,1455,1182,1310,1090,1188,1056,1500
,1511,1162,1315,1368,1505,1053,993,1123,1294,1131,1207,1055,1188,1310,1061,1288,1084,1433,1444,1003,1469,1170,1368,1235,1247,1104,1025,1500,1487,951,1047,1040,1006,1434,1046,1463,1486,1243,1488,1377,1065,1151,1074,1340,1449,1390,1502,1267,1243,1077,1062,1384,1101,1075,1245,1199,1286,1069,1221,1215,1233,1458,1008,1159,1273,1080,1256,1240,953,1131,948,969,1231,953,1070,1000,1336,1220,1081,1127,1437,1429,1325,1177,1191,997,1353,1430,994,1208,1346,1076,1295,1432,1253,1209,1191,1213,1043,1409,1184,1236,1114,1318,1399,1120,1448,1459,1462,1344,1040,1056,1414,1412,1222,1164,1170,1110,1434,1501,1062,1508,1323,1464,1333,1048,1335,1458,1045,1485,1464,1233,1299,1236,1358,1502,1385,1132,1396,1174,1427,1031,1497,1157,1416,1078,1511,1453,1036,1356,1410,1174,1168,1073,1189,1125,1326,1364,1040,1113,996,1188,1007,1240,1305,950,1032,999,1304,1364,1255,1481,1192,1190,1502,1078,1456,1143,965,1260,1315,1151,1458,1407,1062,1321,1314,1135,1243,1301,1099,950,952,1095,1033,1372,1183,1271,1452,1296,1405,1507,951,1301,1203,1210,961,1158,1255,1105,1042,1166,1191,1270,1304,1404,1448,1227,1405,1387,1359,1224,1480
,1055,1463,1170,1157,1354,1421,1351,1489,1396,1033,1065,1218,1133,1125,1237,1499,1354,1186,1237,1318,1279,1476,1042,1112,1122,1099,1205,1434,1225,1074,1379,1236,1276,1119,1283,1161,1288,1499,1324,1167,1036,1312,1336,1265,1295,1128,1490,1412,988,1026,1174,1174,1180,1275,1399,1230,1407,1041,1015,1471,1032,1070,1386,1384,1313,1000,1387,1357,1356,1309,1141,1508,1399,1260,1085,967,1281,1493,1450,1217,1276,1059,1408,1068,1286,1179,1134,1046,1507,1182,1396,1089,1091,1403,1010,1033,1160,1168,1112,1422,1501,1353,1233,1313,1478,1017,1396,1339,1177,1127,1029,1504,1307,1158,1196,1195,1503,1403,1131,1175,1108,969,1494,1508,1234,1378,1327,1500,1237,1024,1264,1486,1029,1422,1085,1266,1461,1449,1345,1141,1508,1319,1198,1332,1145,1397,1244,1429,1263,1436,997,1339,1476,1511,1179,1383,1424,1248,1183,1494,969,1221,1234,1435,1011,968,1316,1026,1326,1343,1407,1483,1260,1378,1113,1057,1431,1293,1481,973,1090,1151,1087,1124,1237,1108,1038,1471,1010,1470,1123,1355,1294,1478,1262,1037,1220,1343,1111,1209,1113,1183,1228,1370,1465,1090,1198,1499,1224,1420,1046,1423,1040,1313,1433,1020,1107,1243,1478,1328,1512,1495,1198
,1271,1085,1140,1274,1082,1155,1334,1079,1334,1176,1216,960,1385,1032,1011,1177,1011,1068,1180,1316,1096,1096,1267,1328,1448,1153,1498,1121,1458,991,1336,1324,1494,1310,1020,1472,1305,1300,1123,1180,1458,1145,1466,1291,1374,1164,1390,1231,1053,1256,1280,1114,1219,1352,1122,1330,1264,1280,1296,1351,1225,1441,1348,947,1138,1331,1024,1403,1373,1129,1399,959,1216,1044,1059,1382,998,994,955,1510,1349,1052,1360,1086,950,964,1235,1311,1016,1218,1479,1104,1221,1031,1233,1391,1133,1149,1085,1469,1220,1039,1017,1095,1313,1123,1468,1238,1350,1104,1500,1205,1002,1249,1163,1351,1229,1208,1274,1005,1353,1255,1232,990,1036,1170,1166,1084,1161,1067,1170,1430,1502,1261,1417,1243,1292,1266,1135,1370,1114,1217,1131,1229,1007,1123,1166,1234,1133,1214,1377,1463,1162,965,1396,1250,1035,1043,1141,1092,1010,1439,1337,1304,1459,1224,1372,1280,1123,1080,1219,1034,1255,1056,983,1206,1080,1080,1401,1344,1257,1429,1025,1102,1031,1020,1001,1480,1350,1265,1019,1018,1140,1375,1299,1006,1137,1427,1216,1212,1379,1299,1069,1052,1260,1483,1220,1026,1162,1069,1439,1031,1419,1361,1296,1245,1446,1467,1344,1373,1434,1266,963
,1028,1254,1051,1504,1287,1385,1164,1293,1422,1130,1347,1101,1338,987,1171,1008,1425,1478,1378,1433,1254,1279,1176,1069,1215,1303,1288,1220,1223,1253,1172,1152,1412,994,1181,1353,1495,1345,1294,1007,975,1370,1035,1445,973,1303,1439,968,1118,1472,1311,1072,1171,1230,1450,1055,1461,1139,1173,1209,1294,1243,1465,1112,1109,965,1122,1467,1062,1248,1467,1486,1490,955,1060,1444,1329,1502,967,1487,1089,1365,1259,1208,1463,1408,968,1391,1136,1361,1146,1406,986,1433,1048,962,1017,1484,993,1150,1322,1328,1454,1066,1147,1278,1173,1454,1450,1053,1387,1370,1329,1333,971,1108,1263,964,1258,1252,1086,1113,1481,1019,1275,1090,1399,1480,984,1427,1241,1357,1316,991,1497,1272,1328,1231,1433,1338,1162,1345,959,1372,1197,1123,1086,1037,1240,1192,1046,1114,1378,1455,1451,1248,1361,1429,1474,983,979,1326,1382,961,1417,1013,1027,1227,1069,1144,1159,1316,1455,1252,1198,1509,1020,1478,1321,979,1352,998,1028,1196,1229,1314,1492,1406,1203,1004,1248,1241,1131,1365,1119,1349,975,1420,1122,1345,1136,977,1149,1101,973,1238,1055,1512,1233,1505,1083,1364,1268,1320,1208,1333,1282,1086,1119,1295,1331,1029,1222
,1199,994,1102,1076,963,1508,1472,1048,979,1499,1187,1135,978,1056,1105,1401,1308,1124,1101,1389,1219,1314,1151,1247,1489,1284,1248,1388,1304,973,957,1395,1334,1264,973,1303,1483,1272,999,1200,1443,1356,1176,1178,1472,1253,991,1417,1392,1327,1374,1262,1435,1388,1012,1173,1402,1312,1176,1036,1368,1310,1420,1049,1129,1313,1039,1403,1034,1454,952,997,1504,1418,1313,1498,1355,996,958,1068,1250,1030,979,1095,1410,970,1345,1157,1406,1394,1217,1280,1180,1498,1360,1179,1083,1128,1275,1029,1082,990,1179,1229,1160,1149,1047,1072,1398,1172,1415,1169,1129,1455,1060,1261,1073,1153,986,1411,1429,1304,1042,1420,1228,1386,1099,963,1390,1442,1409,946,1083,1165,968,1482,1434,1103,1142,1196,1368,1395,1372,1197,995,1413,1023,1077,1111,1170,1466,962,1285,1093,1497,998,1269,1427,1354,1143,995,1270,1419,1459,1484,1457,1369,1498,1342,1286,1174,1185,1207,1034,1329,1264,995,1349,1318,1426,1384,1207,981,1167,1180,1219,1031,959,1094,1187,1318,1207,985,1049,1503,1430,1478,1469,1210,994,1061,1091,1409,1249,974,1033,1185,1323,1365,954,996,1195,1042,1002,1064,1474,1423,1261,1486,1130,1501,1480,1168
,1431,1282,1025,1397,1293,1016,964,1448,959,1075,1398,1468,1015,1395,1461,1427,1084,1465,1506,1388,1189,1417,1392,1187,1452,1128,1031,1244,1184,1238,1124,952,1486,1182,1077,1261,1314,1086,1433,1357,1249,1168,1151,1112,1503,969,1455,1295,948,958,1059,1316,1127,1426,1310,1291,1010,1323,1479,1069,1283,1070,1052,1205,1507,1244,1321,1088,1063,1069,998,1266,1341,1217,1059,1144,1456,1223,1459,1248,947,948,1374,1417,1443,1262,1508,1048,1113,1101,1026,1441,1219,1078,1308,1224,1425,1269,1499,1277,1122,1130,1193,996,1007,1070,1115,1176,949,977,1283,1449,1422,1089,1365,1262,1296,1483,1102,1103,1466,1120,1500,1264,1318,1323,1096,1490,1235,1443,1439,1262,1290,1485,1144,1350,1255,1419,1227,1368,995,1019,977,1494,1043,1324,1021,1212,1294,1375,1215,1428,1292,1208,1158,1465,1261,982,1222,1316,1459,1183,1156,1218,1012,1324,1216,1436,1470,1316,1071,1097,1205,992,1154,1313,1473,1183,1192,1115,1422,1384,1253,1007,1362,1194,1064,1436,1013,1291,1476,1125,1113,1008,1067,1241,1192,1124,1288,1263,1409,1432,1481,1373,1357,1471,971,1110,1213,1134,1317,1259,1011,1413,1430,1299,959,1475,1253,1250,1454,1393,981
,1276,1471,1131,1185,1458,1399,1411,1361,1245,1033,1416,1159,996,1112,1403,1455,953,1375,1351,999,1153,1157,1155,1023,1281,971,1459,1091,1328,1197,1106,1007,1485,1200,1110,1024,1367,1358,1179,1467,1488,1034,1465,1369,1126,1209,1374,1427,1367,1495,1128,1426,1250,1103,1142,1253,1046,1397,1343,1445,1275,1414,1086,1328,1036,1026,1481,987,1309,1361,1010,1212,1311,1182,1342,1432,1350,1074,1348,1432,1126,1195,1317,1079,1201,1141,1170,1206,1413,1042,1300,1265,1070,1169,1390,1498,1008,1261,1432,1433,1310,1492,1376,1320,1121,1489,1381,1163,1226,1248,1466,1401,1206,1131,1318,1353,975,1296,1490,1304,966,1115,1489,1170,1041,1242,1224,1020,1302,1444,1063,1049,1434,1420,1291,1192,1144,1371,977,1369,973,1139,989,1398,1187,1508,1512,1085,1468,1166,1277,1013,1010,1011,1500,1409,1007,1470,1181,1139,1125,1251,1155,1159,1017,1021,1044,1254,1139,1038,1366,1376,1218,1302,1428,1433,1126,1333,1147,1142,1021,972,1140,1098,1282,1152,1061,1412,1466,1261,1063,1345,1042,1488,1166,1421,1083,1124,1454,1388,1032,1237,1151,1000,1131,1075,1397,1445,1262,1420,1134,1379,1321,1426,1509,976,1391,1023,1375,1426,1196,1258,1168
,1158,1410,1106,1080,1171,1245,1326,1025,1349,1119,1448,1426,1256,1297,1408,1012,1410,1034,1168,1312,1116,1097,1116,1022,1296,1192,1063,1350,1377,1203,1220,1093,1358,1003,1132,1415,1173,1235,1091,1091,1160,1224,1473,1359,1072,1192,1033,1257,1290,1458,1278,1192,1084,1400,1269,1454,1305,1100,1500,1399,1510,1327,1312,1048,1242,1378,1289,951,1045,1167,1271,1292,946,1009,1064,1212,1188,995,1112,1150,1121,1422,1128,1292,1028,1506,1132,1059,1474,1446,1063,1328,1391,995,1162,1269,957,1469,1373,1353,947,1431,1425,1376,1139,1485,1372,1345,1396,1437,1034,1253,1239,1053,1131,1006,1123,1046,963,1118,995,1509,1069,1075,1179,1170,980,1442,1227,1135,1276,1000,980,1072,1484,1333,1192,1408,1339,1429,1060,1361,1293,1284,1496,1119,1119,1227,1438,1169,1337,1412,1200,1076,1022,1446,1480,1040,1367,1084,1150,1212,1272,1413,1504,1135,1184,1340,1393,1147,1301,1367,1359,956,1137,1198,1292,1345,1350,1087,1324,1072,1364,1512,1434,1491,1153,1145,1507,1486,1367,1249,1309,1312,1392,1482,1006,1052,1071,1368,1290,1010,1130,953,1422,1056,1096,1118,1506,1099,1388,1223,1199,1184,1191,1412,1052,1494,1429,1488,959,1283,1162
,1503,1107,1038,1083,1413,1161,1159,1018,1001,1176,1403,1500,1194,1439,1257,1240,1015,1425,1342,1245,1317,1190,1337,1056,981,1465,1501,1256,1360,1471,1192,1420,1063,1467,1458,1185,1424,1286,1151,1152,1357,1032,1181,1466,1310,1477,1007,1491,1188,1237,1311,1034,1337,1201,1131,1101,959,1337,1179,1035,1106,1143,1393,1231,1423,1339,970,1400,1322,1194,1296,1194,1275,1091,1395,1044,1378,1042,1132,1237,1474,1314,1505,985,1446,1017,1018,1331,1087,1280,961,1383,1382,1477,1500,1475,1007,1101,1068,1038,1086,1020,960,1083,1295,1422,1426,1049,1337,1367,1033,974,1424,969,1236,1017,1417,1181,1188,1440,1207,1469,1193,1161,1113,1083,960,1058,1510,1297,1503,1248,1153,1385,1130,1228,1107,1109,1342,1393,1182,1272,1180,1003,1330,1337,1036,982,1144,949,1119,1491,1451,1228,980,1148,989,1288,1067,1056,1418,1111,1359,1485,1392,1319,1269,1296,1043,957,1259,1090,1229,1230,1007,1460,1462,1499,1130,1425,1343,1326,1325,1115,960,1150,949,1068,1247,1439,1440,1320,1285,1129,1045,1160,1390,1081,1201,1459,1234,1230,1427,1233,1083,1243,1162,977,994,1268,1133,1414,1187,1460,1291,964,1156,1304,1505,1450,1195,961,1156
,1270,1282,1154,1449,1490,1426,1158,957,1185,1334,1004,1188,1037,1041,1219,1039,1255,1473,1294,1205,1500,1264,1407,1221,1504,1107,1378,1150,1044,1478,1462,1221,1131,1266,1246,1318,1282,1060,1323,1010,1424,1415,1320,1437,1385,1084,1331,1135,1306,1446,1377,1007,971,1492,1381,1205,1041,1321,1031,1298,978,1467,957,1404,1127,1343,1256,1007,1186,982,986,1028,1155,1007,981,1226,1507,1035,1264,1114,1313,961,1174,1335,1251,1445,1117,1250,949,1431,1294,1505,1204,1495,1025,1163,1348,1507,1275,953,1069,1445,1381,1356,1418,1154,977,1295,1273,1052,994,1166,1401,1378,1251,1282,1105,1221,1046,1509,1311,1082,1055,1448,1403,1193,1362,1127,1176,1089,1220,1268,1394,1255,971,1187,1001,1006,1214,1447,1099,1028,1408,1339,1512,1096,1229,1137,1008,946,1463,1472,1055,1363,1370,1413,1122,1169,1244,1440,1030,1014,1310,1456,1383,1353,1399,963,1157,1019,1016,1414,1452,1279,1079,1041,1299,1220,1086,1249,1314,1424,984,1496,1283,1152,1019,1209,1306,1055,1062,1024,989,1010,1164,1031,1011,1293,1100,1477,1010,1118,1475,1127,1382,1316,1462,1289,1467,1184,1072,1466,1118,1456,1357,949,1154,1281,1494,1185,1259,1189,1268
,1172,1473,1248,1321,1009,1358,1370,1226,1376,1483,1452,1471,1245,1246,1414,1188,951,1400,1450,1188,1185,1210,1380,1063,1369,1316,1435,1475,1482,957,984,1439,1050,1065,1309,1306,1171,1081,946,1269,1035,1356,1416,1467,1270,1318,1447,1400,1428,1229,1032,999,1149,1210,999,1511,1424,1393,1455,1352,1441,948,1447,1239,1054,1322,1511,1102,985,1140,1066,975,1088,1026,1087,1133,1061,1031,1006,1450,954,1328,1507,1333,1285,1168,1092,1309,1440,1190,1460,1231,1089,1165,1123,1295,1380,1018,966,1043,1461,1219,1124,1025,1387,1500,1102,1263,1426,1262,1173,1160,1175,1190,1493,1248,1277,1097,990,1234,1310,1152,1131,1346,1384,1067,1102,1229,1419,1336,1377,1480,1362,1063,1370,1248,1104,1373,1382,1212,1281,1215,1297,1494,1505,1188,1047,1269,1427,1376,1192,1478,1454,1073,1286,1059,952,1411,1428,1173,1424,1372,1284,1181,1194,1474,963,1247,1425,1442,1200,1048,1163,1310,1133,998,1500,1289,1368,1011,1193,1057,1289,1018,952,1033,1031,1442,1297,1243,1020,1348,983,1360,1237,985,1092,1279,1484,964,1087,1341,1163,1316,1110,1399,1060,996,1143,1141,1393,1411,1452,1348,1107,1157,1489,1512,1330,1414,1178,1233,1434
,1237,1155,1429,1065,959,1227,1026,1386,1053,1213,1080,1338,1110,1312,1286,1379,1327,1175,1423,978,1147,990,1439,1040,1136,1138,1067,1174,1022,1066,1181,1004,1153,1327,1291,1439,1310,1165,1124,1080,1194,1092,1144,1373,1258,1071,1032,983,1509,1497,1012,1430,1425,1269,1068,1081,1014,1160,1036,1492,1001,1379,1186,1206,1055,971,1187,1354,1409,1259,1424,1030,1300,1243,1251,1438,971,1012,1199,981,1111,1179,1071,1264,1382,1335,1051,1489,1230,1409,1332,1406,1425,1382,1042,1433,1461,1062,1475,1358,1422,1258,1353,1414,1473,1255,1369,1452,971,1368,1141,1280,1179,1498,1246,1129,1023,1062,1177,1205,1362,1456,1239,1481,1364,1330,1407,1326,1438,1391,1344,1086,1379,1306,1260,1091,950,993,1442,1135,1306,1077,1320,1154,1120,1272,1042,1113,1053,1299,1326,1024,965,1102,1023,1247,1044,1347,1364,1302,1378,1200,1229,1354,1406,1146,1219,970,1295,1477,1025,975,1140,1377,1076,956,1116,1213,1140,1439,1181,1202,1423,1065,998,1460,1472,1337,1083,1287,1452,1427,1297,992,1196,1188,1295,1016,1079,1243,997,1235,1188,1471,1346,1374,987,1186,1386,1151,1105,1357,1368,1505,1256,1032,1133,1161,949,1128,1479,1327,1161
,1333,1114,1256,1111,1428,976,1050,1066,1410,1161,1184,1311,1360,1396,1011,1430,1005,1407,1413,1395,1464,1299,1142,1275,1474,1046,1449,1150,1477,1502,1494,1202,1390,1177,1346,1511,1374,1327,1256,1273,1121,1223,1264,1053,1481,951,1453,968,1068,1095,1171,1208,1095,1100,1469,1245,995,1034,1191,1066,1348,1310,1133,1100,1491,1411,1423,1037,986,1323,973,1338,1257,1297,1057,1172,1428,1472,1429,1063,1334,1146,1156,1187,1373,1104,1120,1106,1337,1130,1128,1250,1229,1054,1220,1239,1078,1045,1492,1055,976,1307,1202,1192,1147,1282,1327,1175,1410,1058,1099,1493,1181,1386,1057,1186,1147,1315,1123,1165,949,1016,1358,1129,1113,1092,1214,1242,1006,1333,1477,1023,1289,1489,1033,1410,1225,1366,1324,1103,1344,970,1488,1210,956,1363,1356,1458,1312,1386,1046,1229,1232,1474,953,1058,1333,1167,1199,1455,1278,967,1174,1214,1002,1303,1462,998,1069,1048,1154,1318,1073,1173,1024,1174,1250,1323,1024,1408,1407,1300,1442,1087,1297,1044,1243,1434,1091,1244,1326,1490,997,1510,1017,1310,1410,1404,1383,1210,1350,1399,1459,971,1495,1351,1073,1382,1463,1301,1085,958,1080,982,1114,1123,1202,946,1396,1449,1362,1119,1076
,1194,1010,1039,992,1416,1462,1500,1020,1270,975,1398,1027,1222,1260,1383,1397,1202,995,1503,1494,1207,976,1465,1177,1430,1347,1139,1365,1024,1087,1107,1195,1042,1041,1347,1059,1509,1137,1205,1202,1355,1058,1296,1228,1190,1053,1197,1243,1364,1177,982,1092,1011,1069,1071,1492,1411,1170,1012,1088,1058,1467,1037,984,1014,1414,1004,1415,983,1335,1133,1481,1006,978,1087,1285,1407,1106,990,1468,1109,1261,1100,1147,1199,1393,1218,1009,1423,1492,1013,1186,1108,1413,1272,1187,1300,1379,1494,1255,1418,1212,1162,1501,1169,966,1407,1034,1168,1368,1218,1059,1235,1163,1087,1488,1424,1506,1384,1400,1231,1063,1240,1409,1279,951,1331,1429,1328,1316,1292,1190,1034,1106,1381,1468,1021,1327,1201,1118,1172,1220,1162,1323,1260,979,1385,1234,1099,987,1490,1360,980,1363,1125,1194,1077,1423,959,1429,1151,1335,976,1095,977,1360,1297,1261,1310,1312,1256,1220,1196,1405,1382,1065,1131,1416,1226,1507,1291,1482,961,1309,1173,1194,1459,1456,1155,1191,1008,1415,978,1143,1285,1489,1141,1426,1368,1004,1424,1128,1019,1422,1108,1119,1133,1331,1346,1229,1117,1349,1502,1007,1291,1398,1497,1178,1365,1186,1434,1331,1388
,1152,1259,1426,1224,1333,1419,1194,1028,1330,1072,1046,1374,1000,1138,1505,1021,1411,1498,1374,1178,1375,1468,1216,1017,1508,1269,991,1392,1386,1475,1352,1148,1387,1238,1395,1024,1199,1316,1484,1211,1333,1482,1080,1356,1052,1487,974,1327,1331,1155,1275,1221,1345,1419,1394,1080,1031,977,1353,1425,1031,1196,1175,1428,1016,1118,1235,1467,1131,1377,1404,988,1395,1143,1048,1101,1177,1407,1393,1484,1052,1225,1029,1386,1365,1387,1301,1404,1082,1321,1316,1278,1505,1093,957,1027,946,954,1285,982,1099,1277,1470,1068,1315,952,1403,1060,1088,1465,1464,1511,1213,951,1231,974,1105,1186,1174,1052,1441,951,1141,1057,1198,1353,1014,1380,984,1407,1434,1092,1482,1156,1398,1026,1370,1254,1409,1115,1313,1392,1028,1022,1363,1033,1020,1497,1081,955,1048,1349,998,1087,1001,1501,962,1495,1449,1201,965,1378,1500,967,1231,1252,1159,1036,951,1017,1479,1278,1378,1136,1068,1045,1189,1392,1194,1447,992,1106,1224,1406,1062,1289,1364,1096,1458,1253,1276,978,1085,1018,1237,1467,1087,1374,1268,1442,1035,1295,1154,1422,1288,1120,1465,1346,1280,989,1153,1118,1205,1088,1481,1288,1037,1364,1311,1052,1352,1436,994
,1284,1471,986,1442,1042,1508,1042,1334,962,1337,946,1336,1290,1333,1393,1156,1225,1443,1244,1287,1185,1291,1449,1080,1427,1405,1105,1038,1182,1356,1475,1056,1039,1470,1350,1247,968,1026,979,1456,1178,1202,1445,1484,1172,1276,976,1324,1059,1333,1131,1234,1129,1080,1147,1322,1360,1274,1446,1421,1183,1283,1209,1185,1104,1185,1110,1160,1105,1031,1319,1430,1379,1238,1117,1319,1316,1460,1055,1277,1481,1161,1471,1476,1130,1282,1442,1203,1013,1189,1031,993,1314,1489,1002,1509,1048,1417,1445,1500,1218,1353,1169,1441,1356,1105,1159,1343,1066,1481,1079,1093,1417,1090,1058,1107,1140,1068,977,1172,1409,1051,972,1402,1166,1465,1188,1058,1155,1363,1455,1113,1241,1486,1280,958,1101,1262,1431,1179,1265,1335,950,1319,1339,1023,972,1040,1235,1462,978,1257,1083,1468,1335,1423,1428,1065,1192,1171,1319,1013,1024,1393,1466,1377,1098,1422,953,990,1394,1320,1176,1312,1322,1406,1112,1363,1189,1146,1259,1206,1072,1509,1211,1467,1041,1490,1267,1004,1506,1034,1299,1160,1269,1433,1125,1350,1024,1331,1211,1503,1279,1156,1366,1245,1405,1234,1019,1435,1100,1366,1470,1337,1122,1345,1290,1333,1326,1085,1014,1261,1146
,1106,1259,1451,1463,1098,1105,1383,1109,1295,1280,1400,1236,1101,1443,1031,984,1046,1026,1275,1193,1248,1488,1297,1504,1294,1045,979,1013,1001,1411,962,1300,1295,1349,1254,1333,1068,1246,1125,1503,1394,1011,958,1112,1161,1048,1138,1140,1328,960,1054,1236,1380,1332,963,1169,989,1055,999,1354,1480,1095,1346,1057,1219,1347,1057,1423,1260,1287,1182,1496,1260,1345,1183,1248,1374,1170,1057,1004,1292,1457,1341,1391,981,1402,1260,1179,1071,1397,1455,963,998,1027,1424,1156,1038,1381,1061,1090,1482,1450,1078,1405,1437,1059,1272,1346,1147,1086,949,1192,1151,1326,958,1105,1285,1361,1351,1063,1263,1272,1418,992,1334,1461,1266,1264,1292,1303,1083,1353,1510,1210,1126,1506,1256,1485,958,1505,1237,1334,1063,1411,1429,1230,1126,1107,1282,1376,1399,1095,1085,1292,1130,1348,1300,1402,1217,1014,975,1332,1130,1226,1386,1275,1288,1366,1214,1150,1485,1431,1268,1189,1340,1396,964,976,976,1202,1358,1379,1292,1022,1159,1345,1169,1079,1078,1487,1025,1503,1353,1377,1191,1272,1394,1029,1472,1083,1026,1100,980,998,1114,1077,1046,1476,973,1167,1003,960,949,1016,956,1367,1063,1363,1380,1359,1302,1137,1399
,960,1410,960,1323,1205,948,1331,1478,1091,1132,1260,1253,1318,1259,953,961,1476,1493,1128,959,1437,1234,1475,1510,1406,949,1309,1490,1028,1355,959,1104,1018,1425,1147,1460,1254,1325,1029,958,1474,1033,1493,1176,1051,1400,1378,1180,1140,1212,1296,1245,1061,1045,1447,1195,1357,1200,1375,1510,1021,1395,981,1061,1190,1446,1062,1148,1104,1037,1146,1260,951,1276,1131,1460,1512,1230,1185,1111,1048,1260,1457,1084,1375,1134,1260,1093,1332,1000,1251,1169,997,1112,966,1351,1268,1241,1388,1281,1207,1173,1270,976,1104,1042,1391,1231,1176,1002,1203,1153,1363,1383,1178,1309,1417,984,1461,1196,1496,1172,1463,1002,1377,1035,1172,972,968,1266,1421,1506,1464,1391,1229,1050,1239,1053,1487,1404,1432,1245,1111,1178,1326,1486,1475,1092,1225,1493,1470,1211,1470,1282,1492,1068,1031,1449,1245,1184,1188,1326,1334,968,1419,956,1133,1393,1014,1479,1463,1139,1259,960,977,974,1488,1098,952,1122,1401,1194,1034,1070,1282,1445,1510,1112,1479,1060,1299,972,1402,1178,1435,1076,1329,1169,1146,1078,1318,1124,1495,1447,1043,965,1390,1427,1467,1086,1508,1438,1409,1470,1447,1100,1039,1069,1395,1092,1448,1075,1448
,1089,979,1505,961,1174,1367,1153,1035,1476,1420,1203,1465,1232,1365,1260,1020,1240,1099,1503,1400,1068,957,967,1164,1445,1155,1364,1050,1377,1107,1401,1280,963,958,1312,1189,1385,1129,1243,1329,1135,1432,1180,1221,1103,1354,1470,969,1300,1282,1326,1355,1167,1265,1418,1181,1303,989,1379,1090,1380,1331,964,1191,1042,1312,1315,1498,1016,970,1338,1499,1387,1444,1160,983,1099,1275,1447,1443,1345,1154,1467,1422,1094,1290,1172,955,1464,1279,1502,1279,1460,1307,1504,1143,1186,1465,1279,1120,1375,1006,1337,1369,1384,1152,1177,1450,1406,1357,1047,1237,1297,1291,1382,1504,1508,1328,1325,1203,1230,1065,1395,1362,1333,1268,952,953,1189,1266,1050,957,1106,1001,1454,997,1360,1205,982,1146,1389,1117,1034,1124,1110,1142,1417,1206,1416,1234,1190,1192,956,1200,1200,1509,1053,1221,1185,1505,1071,1300,959,1105,1148,1212,1012,997,1013,1323,1373,1307,1123,1230,984,1286,1432,1425,1058,1246,1403,1442,1377,1186,1165,1321,1467,1184,1079,1059,1505,1474,961,1035,1007,1281,1354,1163,1151,1241,1413,1212,1232,1458,1358,1279,1262,1251,1002,1273,1074,1193,963,1442,1236,1329,1104,1457,1458,1215,1370,1363,1261
,1448,1437,992,1244,1019,1196,1482,1253,1198,1111,1504,1431,1122,1333,1102,1440,1468,1151,981,1432,1365,1406,1452,1309,1398,1406,1278,1177,1280,1327,1370,1255,1055,1381,1145,1155,1168,1452,1436,985,1403,1402,1437,1243,1303,1474,1001,1189,1364,1387,1413,1387,1199,1131,1209,1347,1266,1113,1214,1203,1005,1089,1240,1102,1425,1069,1090,1345,1479,988,1044,1038,1222,1032,1346,1297,1250,1482,1199,1071,1486,1462,989,1099,1269,1133,1394,1501,1396,1143,1386,1031,1286,984,1388,1462,1452,1054,1148,1078,1224,1055,1512,1430,1278,979,976,1219,1150,1471,1262,1187,1266,1225,1348,1203,1349,1320,1215,1019,949,1471,1349,994,1204,1382,1020,1168,1130,1358,1502,1175,996,1046,946,1355,1270,1372,1213,1150,1210,1103,1178,1358,1034,977,1293,1437,1278,1339,1064,1282,954,1427,1465,1033,1230,1244,1446,974,1474,1441,1184,1402,1259,1387,1057,1470,1433,1170,1488,1164,968,1172,1414,1032,1255,1000,1511,1012,1027,1336,1066,1275,1205,1152,1095,1362,965,1300,1427,979,1328,959,1312,1204,1401,1332,1465,1437,1177,1052,1188,1358,1232,1211,1392,1231,1159,1433,1199,1058,1042,1394,1194,1009,1011,1389,946,1290,1215,1510,1048
,1024,1461,1354,1009,1194,970,999,1363,1216,1479,1141,1139,1477,1356,1344,1463,1505,1482,1174,1142,1076,1047,1256,1362,1405,1038,1341,1062,1319,1461,1174,1448,1266,1490,1480,1171,1500,1509,1412,1029,1366,1277,1196,1010,1236,1336,1179,1031,1058,1247,1342,1199,1445,1164,1062,1332,1424,1311,1173,1383,1347,1250,1309,1405,1059,1164,1300,1185,998,1128,1062,1064,1364,1350,1048,1119,1183,1146,1206,1177,1240,1508,1079,1142,984,1004,1491,1070,1335,1417,1344,1100,1197,1406,1343,1498,1025,1199,1465,973,1372,1273,1210,1305,1092,1372,1175,1114,1504,1096,1031,1485,992,1142,1489,1149,1273,1090,1308,1483,1108,1475,959,1221,1313,947,1228,1259,1148,1427,965,1200,1204,1444,1445,1184,976,1256,1352,1050,1492,1094,1462,1261,1133,1092,1200,1005,1359,1291,1004,1425,1281,995,1059,967,1361,1448,1368,1128,1340,1421,1454,1082,1393,1277,1375,1418,1148,974,968,1278,1081,1055,1275,1243,1415,985,1215,998,1118,1082,1176,1484,1206,986,1363,1248,1164,1212,1267,1274,1487,1085,1230,1109,1392,1401,1465,1242,1074,1159,1219,1170,1018,1308,1103,1305,1268,1052,1483,1352,1248,1005,1247,1099,1246,1424,1019,1002,1143,1220,1093
,1138,1286,946,1423,1164,1131,1475,1081,1437,1262,1201,969,1394,1430,1333,1185,1151,1245,1495,1284,965,1210,1059,1495,1404,1292,1141,1431,1474,1317,1305,948,952,1284,996,990,1260,1230,1092,1382,1320,1236,962,1211,1292,1338,1129,1371,1278,1497,1353,1245,1141,1320,1460,1093,1269,1168,1202,977,1471,1246,1024,1129,1222,1398,1349,1412,1001,1453,1170,1267,985,992,971,1078,975,1069,1418,1229,1506,1264,1388,1164,1468,1297,1423,1502,1203,1329,1056,998,1045,1378,1185,1129,1130,1248,1423,991,1234,1352,1294,999,954,1264,1401,1292,1469,1441,1300,1139,1455,1214,1110,1054,1286,1185,1232,1210,957,947,1365,1113,985,986,1182,1230,990,1447,1138,1242,1077,1112,1097,1399,1471,1177,1010,1095,1204,1445,1248,1505,1019,1382,1117,1512,1504,1494,1061,1232,1094,1461,1134,1281,1023,993,1219,1148,1494,1304,1104,1360,1135,1503,1255,1255,1134,1310,1446,1304,1428,1265,1132,1388,1160,1337,1076,1098,1205,1447,1153,1482,1060,1407,1316,1283,949,1263,1502,1269,1492,1318,1040,1232,1038,951,1429,1166,1291,1198,1138,1082,1412,1313,1299,1055,1262,1232,1122,1326,1421,1402,946,1045,1465,1203,1166,1373,1077,1168,1374
,1448,1308,965,1167,1379,1420,1401,1297,1453,1135,1320,1130,1115,1430,1265,963,1102,1500,1025,1497,1145,1301,1202,1444,965,1009,1159,1397,1225,960,1248,976,1020,1231,1139,1274,1493,1138,1212,1468,1256,960,1140,1327,1126,1439,1078,1240,1264,1332,1408,1095,1057,1430,1237,1088,1438,1003,1258,1182,1294,1083,1194,1154,1470,1092,1247,1193,1505,1337,1004,1334,1121,1443,1509,1505,1208,1287,1459,1187,1151,1024,1376,1138,1199,1149,1227,1069,1209,1364,1086,1510,1395,1468,1289,1362,1352,1399,1059,1339,1226,1415,1126,1395,1092,1263,948,1122,1307,1249,1282,1395,1289,1418,1351,1451,1016,1300,974,1001,1179,1200,1468,1030,1449,1448,995,1387,1506,1051,1293,1259,1489,1511,1170,1170,1298,1348,1262,978,1016,1497,1296,1367,1326,1380,1023,1211,1105,1336,1181,1033,1267,1448,978,1364,1318,977,1510,1214,1028,1202,1212,1302,1093,953,1122,1403,950,1043,1312,1254,1133,1121,1175,1455,1174,949,1134,1280,1379,1263,1278,1113,1038,1477,1375,1247,1162,981,1501,1184,1480,1061,1040,1248,1002,1020,1197,1033,1369,986,947,1185,1071,1462,1349,1458,1408,972,1512,1251,1181,1283,1225,1400,988,1073,1066,1256,1005,1088,1487
,1306,1224,1228,950,1378,1438,1276,951,1016,1466,1493,1268,1308,1382,1426,1087,984,1441,1498,1095,1355,1323,1174,1168,1068,1382,1160,1414,1171,1064,1494,1226,1230,997,946,1023,1228,953,1092,1069,1398,1240,1341,1385,1286,1269,1083,1023,1098,1104,1002,1449,1177,1120,1319,1374,1126,1485,1454,1180,1467,1244,1075,1276,1473,1366,1101,1281,1443,1480,1269,1198,1036,1051,1067,1379,1364,1422,1132,1171,1334,1253,977,1359,1415,1456,1221,1341,1112,1445,1279,1031,1466,1163,1192,1105,1320,1391,1307,1323,1236,1358,1123,1069,1052,1511,1321,1377,1018,1036,1076,1456,1134,1152,952,1490,968,999,1164,1378,1409,1227,1015,1394,1504,1507,1345,1111,1490,1076,978,1062,1127,984,1248,1169,1366,950,1108,1300,1324,1380,1185,1194,1381,1505,1369,1411,1453,1031,1401,1408,1476,1426,1076,1308,1461,1425,1490,1323,1240,1345,1138,1145,1146,1031,1115,1041,1240,1395,1481,1093,1501,1386,1094,1070,1178,1172,1382,1165,1159,1003,1347,1064,1206,1263,1371,1359,1143,1195,1421,1133,1020,1176,1313,1035,1005,1187,1432,1021,1231,1281,1417,1367,1281,1294,1485,1308,1029,1344,1000,1374,1100,1039,1476,1235,1175,1089,1174,1124,1321,1392,1317
,1060,1179,1254,1020,953,1235,1123,1044,1364,1261,1203,1342,1189,1008,1106,967,1386,1349,1009,1257,1138,1098,1403,1449,1310,1026,1112,1100,1476,1379,1416,1335,1416,1479,1386,1187,1290,1100,1009,1035,1089,1203,1377,1163,1004,1219,974,1310,958,1085,1390,1146,1001,1368,1232,1364,955,978,1280,1416,1012,996,1506,1112,1175,1436,1082,1213,1326,1475,1064,1137,1334,1015,1410,1245,1495,1361,963,1349,1275,1173,1273,1139,1345,1257,971,1185,1447,1326,1242,987,1138,1240,1483,1319,1366,1169,1163,1325,1170,1157,1334,1277,1459,1281,1059,1474,980,1319,1218,1027,1261,1188,1451,1142,1421,1333,1197,1351,1055,1326,1091,1293,1339,1034,1488,1430,1423,1011,1077,1234,1399,1457,1132,1170,1036,1136,1122,1341,1469,1328,1253,1246,1288,1280,1427,1333,1049,1397,1315,1185,1278,1180,1144,1396,1052,1475,1066,1300,1273,1336,1401,1386,1409,1362,1087,1198,1042,1236,1207,1381,1112,1218,1341,1225,1200,1292,1445,1088,1463,976,1232,1325,1162,1024,1072,1424,1438,1267,956,1267,1011,1134,1387,1072,1068,993,1431,1079,1213,960,1478,958,1274,1232,1341,1062,1317,1196,1369,1143,1430,1355,1428,1141,1185,1279,1185,1187,987,1040,1333
,1465,1463,1222,1202,1103,1032,1334,1017,1263,1183,1239,1462,1449,1156,1391,1098,953,1401,1511,955,1078,1061,1379,1203,1331,1016,1253,1419,1338,1109,1327,1411,1246,1334,1435,1433,1434,1415,1378,1439,1443,1429,1207,999,1451,1305,1346,985,1221,951,1313,1101,1007,1075,1494,1377,1244,1216,1358,1174,1092,1354,1213,1347,1322,1462,1447,1508,1214,1074,1330,1334,1390,1157,1026,1179,1446,1157,977,1494,1303,1162,995,1255,1474,1064,1102,1148,1234,1008,992,1011,1511,1365,1185,1093,1273,1045,1090,1261,1075,1066,1385,1507,1399,1085,1028,1109,998,1156,1239,1248,1467,1369,1454,1029,1445,1034,1496,1143,1177,1129,1388,1244,946,994,1055,1462,1320,1056,1310,1365,1198,1301,1370,1106,1013,1013,1308,1383,1357,1356,1060,1381,1380,1121,1498,1482,1093,1507,1107,1437,1020,1334,1192,1205,1120,1496,1123,1170,1360,1100,1176,1235,1010,1038,1006,1312,1359,1239,1369,1048,1257,1169,1176,1003,1329,1333,1067,1368,957,1089,1368,1222,1396,1021,1425,1326,1428,1385,1224,962,1137,1250,1055,1421,1399,1370,1219,1480,1068,1170,1397,1144,1103,1486,1231,1376,1478,1284,1150,1388,1225,1074,1266,1345,986,1303,1334,1512,1211,1100,1117
,1084,1043,1173,1232,953,1036,1305,1509,1118,1395,1429,1321,1349,1347,1506,1436,1070,1045,1460,1483,1057,1495,1224,1233,1295,1270,1264,1466,1306,1398,1130,952,1459,1483,1097,1265,1277,1078,1278,1123,1230,1036,1037,1374,1449,1356,1349,975,1223,1466,1510,1206,950,1403,1336,1332,1290,1180,1139,1476,1121,1405,1194,1053,1068,1111,1201,1396,1466,1428,1484,1366,1500,1438,1328,1458,1173,1065,1127,1105,948,1397,1066,1224,1478,1411,1423,960,1076,1195,1357,1314,1137,1498,990,1386,1228,1422,1236,1253,1316,1269,1071,1012,1171,1042,984,1159,1000,1032,1159,1322,959,1002,954,953,1348,1456,1497,1166,1475,1171,1044,1258,1484,946,1257,1206,999,1144,1368,1083,1365,1505,1471,1105,1417,1261,1334,1461,1485,1041,1471,1327,1111,1304,1256,1463,1419,1210,1133,1326,1342,1126,1116,1232,1364,1503,1132,1308,1162,1298,1047,1395,1165,1185,1289,1244,1035,1504,1455,1281,1278,1004,1279,1159,1153,1435,1388,1460,1308,1498,1143,1255,1361,1479,1044,1287,1045,1486,1050,1509,1439,1495,1272,1305,1113,1260,1483,1428,1341,977,1393,1467,1156,1006,1489,992,1330,1383,1326,1014,1234,1437,1046,1346,1078,1176,1439,1171,1026,1106,1050
,1379,1051,1324,1421,1197,1309,1258,1320,951,1012,1186,1064,1300,1033,1110,1320,1349,1438,1348,1238,1075,1421,1108,1466,1407,1414,1214,1164,1161,1011,1377,982,1480,1380,995,973,1203,1503,1255,1365,1386,1309,1119,1476,960,1206,1432,1066,1407,1375,1337,1076,1022,1493,1466,1461,1319,1241,1036,1223,1291,1015,1419,1308,1219,1443,1219,1064,978,1510,1271,1466,1215,1232,1300,1300,1250,1348,1510,1507,1226,1371,1483,1415,1146,1222,982,1237,1476,1402,1326,1465,1402,1293,1320,1436,983,1276,1146,1379,1012,1264,1501,1377,1199,1062,1411,1101,1076,1424,1224,1070,1462,1395,1277,1011,1364,1096,1203,1329,1442,1261,1305,1434,1473,1476,1385,1323,966,1339,1222,1229,1206,1250,1466,993,1158,1105,1190,1346,1089,1128,977,1029,1111,1019,1355,1157,1390,1213,1056,1082,1214,1043,1147,1032,1319,1084,1165,1279,1315,1135,1404,989,1224,1045,984,1250,1466,1461,1461,1347,1093,1234,981,1298,1467,1115,1279,1075,1408,1087,964,1376,1038,1326,1113,1403,1315,1431,1140,1494,1129,1232,1077,1398,1395,1258,1021,1137,1369,1378,1203,998,967,1345,1088,991,1080,1470,1135,1481,1059,1124,1011,1402,1149,1397,1343,1467,1214,948,1206
,1115,1244,1172,1298,958,1151,1056,1217,1290,1277,1246,1134,1342,1399,1350,1490,1071,1366,999,1496,1305,1281,1004,1318,1084,1419,1319,1409,1442,1383,1449,1402,1075,1477,1421,1134,970,1271,1094,1014,1087,1072,1331,1464,959,1437,1428,1485,1315,1057,1248,1212,1275,1011,1136,1430,1002,1410,1016,1488,1111,1274,1034,1325,1455,1467,1388,1355,984,1214,1367,1030,1092,985,1345,1059,1026,1168,1046,1394,1425,1199,1200,1057,956,1059,1505,1102,1376,1331,1010,1244,1080,1027,1493,970,1251,1106,957,1083,965,1057,1220,1033,995,1435,1241,1498,1319,1360,1155,1254,978,1117,1461,960,1504,1247,1505,1026,1264,1221,1040,1273,1410,1225,1464,1384,1265,1113,1163,1241,1301,1392,1244,1355,1064,1323,1178,1139,1171,1217,1291,1232,1297,1341,1156,1352,1155,953,1173,1418,1186,1128,1481,1362,993,1083,1107,1166,1091,1446,1485,1441,953,1489,1191,1374,960,1153,1466,1092,1347,1191,1423,1422,1162,962,1097,1224,1397,1326,1315,1016,1257,1017,1503,1465,1066,1297,994,1425,964,1068,1214,1390,955,1320,1020,948,1457,1136,1317,1236,1240,1113,1005,1176,1325,1169,1091,1301,1099,1308,1099,1143,1090,1140,1263,1080,993,1301,1182
,947,1447,1215,1143,1508,1448,1174,1425,1239,1323,1339,1328,1010,1012,1450,1298,1254,1034,985,1203,1330,952,963,1306,1425,1361,1224,1218,1382,1090,1252,1083,1006,1445,1461,1264,1480,1123,1486,1232,1434,1319,1143,1126,1259,1169,1342,989,1319,1234,1255,1484,1359,1015,958,1179,1208,1117,1457,1160,1265,1278,1254,998,958,1402,1477,1408,1322,1476,1044,1372,1387,1107,1285,1138,1278,1378,1175,996,1379,1249,966,977,1427,1111,1416,1155,981,1280,1212,1484,1346,997,1074,1259,1410,1336,1282,1095,1186,1234,1199,1181,1424,1081,1467,1433,1160,1151,1462,1285,1271,957,1007,1408,1325,966,1238,1325,979,1468,1087,1010,957,1002,1131,1395,1405,1069,1077,1293,1012,1191,1272,1071,1072,1110,1464,1017,1291,1488,1304,1187,1483,950,1131,1396,1258,1115,1093,1286,1233,1221,1254,1434,1407,1404,1336,1144,951,1384,1182,1342,1204,1363,1121,1135,1156,1480,1154,1218,1490,1034,1247,1269,1187,1009,1250,1163,1484,1037,1130,1016,1386,1389,971,1031,1001,1057,1243,1141,1162,1409,1259,1120,1030,1112,1021,975,1442,1288,1076,1258,1498,996,1479,1114,1433,959,1242,1234,1342,1153,1298,1338,1030,995,980,1408,1020,1450,1421
,1137,985,1220,995,996,1486,1321,1310,1390,1413,1318,1009,1389,1326,1440,1062,1076,990,1356,1501,1466,1217,1282,1499,1359,1314,1250,1492,1453,1348,1183,1123,1288,993,1267,1411,958,1510,1367,1251,1184,1217,1462,1368,1271,1398,1284,1297,1148,977,1176,1090,1292,1320,1436,1233,1424,1094,1122,1382,1030,1102,1196,1272,1445,1372,1435,1281,1254,1268,1228,1319,951,1054,1468,1038,1032,982,1183,1310,1280,1127,1146,1175,1032,1373,974,1441,1376,1461,1228,1301,1350,1457,1442,1109,1364,1113,1021,1484,1459,1400,1462,1463,1271,982,1360,1225,1039,1413,1131,997,1387,1073,1225,1194,1231,1337,1399,1310,1278,1349,949,1388,1296,1021,971,1332,1470,1432,1460,1479,1225,1091,1063,1136,1376,1502,1073,1427,1346,1119,1419,1431,968,1233,962,1035,1262,1502,1264,1160,1384,1237,1369,979,1318,1274,1200,1071,1511,1157,1139,962,1018,1417,1485,1401,1041,1287,990,987,963,1421,1112,1279,1346,1159,1060,1277,1303,1176,995,1442,1248,1000,1380,1120,1060,987,1009,1286,1492,1428,1447,1168,1077,1072,1350,1241,964,1472,1220,1267,1200,1447,1490,1319,1015,1089,1244,970,1303,1160,1416,1186,1481,1419,1239,1355,1430,1272,1479
,1311,1414,1511,1309,1268,1224,1132,1470,1272,1242,1323,1010,1345,1014,1422,1366,1269,1099,1479,1352,1437,1035,1017,1120,1467,1383,1249,1258,1327,1490,1321,987,1405,965,1330,1377,1021,1063,1275,1288,1496,978,1498,1116,1238,1396,1467,1383,1068,1442,1232,1435,1332,964,1444,1268,1506,1090,1125,1032,1240,1489,1452,1213,1000,1033,1379,1215,1480,1473,1249,1230,1057,1211,1282,973,1485,1180,1012,1324,1039,1194,1218,1414,1202,1369,1372,1493,1431,1502,1060,972,1490,1438,1118,1024,1001,978,1234,978,1343,1254,1399,1189,1323,1140,1350,1196,1136,1374,1043,1233,1349,1105,1270,1442,1180,1444,1392,1328,1155,1315,1483,1390,963,1394,1204,985,1036,1048,1406,1091,1476,1034,1159,1311,1052,1464,1190,1366,1075,1004,1474,1297,1091,1346,1143,1351,1476,1072,1507,1036,1027,1279,1424,1000,1185,1211,1431,1451,1381,1447,1237,1074,1101,1112,1042,950,1119,1112,1387,1379,1148,997,1398,1293,973,1110,1313,1225,1258,1371,1285,1146,1050,1130,1352,992,1066,1466,980,1128,1289,1467,1056,1300,947,1241,976,1459,1473,1187,1325,1507,1161,1366,1231,981,1002,1109,1327,1501,1299,1212,1247,1147,1371,1461,1439,966,1337,979,991
,1224,1503,1082,1479,988,1161,1506,1299,1421,1188,1423,1394,1306,947,1209,1126,1240,1194,1053,1109,1217,1233,1499,1349,994,956,1368,1483,1155,1117,1338,1474,1152,1061,1241,1484,948,1284,1103,1428,1023,1030,1469,1333,1108,1052,1263,997,1162,1264,1208,1049,1263,1462,993,1384,1097,1010,1464,1492,1094,1386,1059,1083,1076,1215,1331,1321,1345,1477,1158,1435,1436,1349,1093,1412,1126,948,1009,1102,1116,1390,1079,1400,1060,948,1473,985,1116,1110,1443,1339,1192,1320,1031,1101,1413,1245,972,1447,1024,1039,1006,1302,1273,1115,963,1014,1307,1302,1343,1488,1339,1364,1509,1027,1121,1058,975,1254,1398,1155,1075,1171,1343,1313,1226,1379,1375,1302,1114,1349,946,1056,1336,1369,1352,1138,984,1490,1315,1455,1256,1023,1497,1196,1227,993,996,1206,1050,1436,1253,1162,961,1245,1382,1477,1421,1473,1380,1482,1427,1068,1018,1133,1322,1314,1193,1265,1211,1328,1082,1493,1223,1348,1136,1491,1268,1032,1066,1103,1164,1255,1279,1113,1302,1098,949,1318,1277,1079,1156,1387,1219,1147,1188,1181,1184,1466,1267,1079,1178,1505,1171,1214,1005,996,1482,1393,1074,1248,1436,1051,1147,1417,1480,1161,1001,1364,1412,1219,1072
,1276,999,1409,1151,1411,1374,1308,1096,1211,1098,1483,1110,1394,1279,1221,1316,1137,1377,1049,992,1184,1192,1030,980,1245,1149,1465,947,1362,1215,1501,1372,1491,1282,964,1130,1396,1468,1045,1018,1508,1435,1106,1135,961,1238,1498,1378,1205,1474,1001,1295,1320,947,1499,1474,1257,1106,1310,1460,956,1275,1245,1170,1243,1187,1332,1476,1021,1244,979,1442,989,1167,1059,1151,1243,1107,1145,1077,1232,1008,1041,1228,1034,1202,1332,1171,1194,1329,1370,1097,1424,1439,1038,1312,1095,1037,1110,1025,1179,1040,1295,1013,1083,1384,1380,954,1358,1029,1262,1022,1402,970,996,1437,1132,1095,1138,1342,1109,951,1171,1110,1184,1411,1378,1449,1282,1145,1065,1148,1171,1258,1245,1110,947,1376,1027,1009,1230,1439,1269,1292,1436,958,1214,1455,967,1069,1125,999,1324,1428,1253,1124,946,1297,1316,975,1377,1169,1053,993,1212,1148,998,1349,1004,1362,972,1008,1256,1129,977,1329,1261,1322,1321,1301,1502,1336,1155,1306,1422,1055,1406,1091,1287,1403,1333,1361,1084,1003,1238,1007,1377,1477,1498,1068,1374,1033,1028,1132,1325,1396,950,1071,1034,1489,1371,1142,1476,1444,1207,1405,1282,1405,1452,1476,1104,1435,1050
,1146,1261,1163,1216,1171,1143,1169,1148,1352,1285,1065,1483,1426,1183,1498,1356,1402,1366,1115,1337,1084,1242,1444,1258,1490,1407,989,1121,1298,1512,1158,1319,1152,1405,1324,962,1170,1186,1261,1109,1007,1249,1189,1371,1479,1449,1275,1184,1385,1032,1354,1115,1336,1361,1313,1154,1147,1133,1148,963,1319,1287,1198,1233,1465,1032,1246,1398,1489,1276,1183,1370,1436,1158,1006,1494,1151,1469,1106,1175,1102,1271,1225,1392,1049,1409,994,1336,994,1081,1094,1177,1295,980,1189,1226,1497,1453,1264,1312,1008,1483,1049,1502,949,1479,1402,1314,1501,1469,1418,1451,1107,1220,1041,1330,1058,1509,1502,1017,1331,1428,1285,1393,1262,1028,1396,1154,1429,1045,1215,973,1361,1263,1397,1075,1381,997,1427,1491,1179,1238,1114,1277,1342,1312,1366,1461,1133,1164,1508,1188,1312,1065,1489,1046,1361,1177,1230,1130,1499,1383,1231,1038,1370,1341,1158,1022,1025,972,1461,1065,1189,1279,1429,1325,1294,1011,1496,1483,1070,1243,1478,1348,1169,1073,1413,1325,1252,1037,1428,1008,1107,1371,1295,1484,1236,1446,1220,1001,1346,1348,1224,1067,1142,1038,1424,1397,1493,966,1024,1035,1197,1098,1405,1002,1499,1186,1336,1283,1378,1291,1006
,1193,1177,1372,1116,1354,1218,1495,1424,1485,1216,1048,1079,1239,1309,1305,1211,1013,1087,1474,1174,1460,1361,959,1067,1224,1033,964,1034,1478,1129,1325,1194,1497,1497,1160,1162,1338,1086,1430,969,1053,946,1474,1466,1078,1461,1081,977,1228,1010,1375,1036,1095,955,1483,1018,1389,980,1115,1214,1091,1241,1112,1450,1341,1106,976,960,1215,1255,1023,1271,1254,1107,1072,1214,1468,1034,1182,1429,1223,1072,1376,1277,1148,1197,1349,1055,1465,954,1485,1320,1189,1001,954,1285,1143,1182,1354,1380,1508,1511,1055,1289,1141,1412,1216,1264,1089,1479,1276,974,1354,1364,1409,1348,1196,1493,1429,1459,1152,1327,1380,1222,1223,1224,976,1504,1395,1175,1179,1051,1094,981,1187,1308,1502,947,1183,974,1481,1370,1059,1080,991,1021,1188,1327,1260,1431,1102,1330,1397,1441,1217,1037,1510,1434,1360,1228,1011,1263,1273,1424,1050,1044,958,1005,1361,1179,1223,1493,1158,1510,1439,1150,1404,1389,1360,1186,1385,1396,1010,1355,1342,1137,1370,954,1421,954,1082,1208,1275,1391,1154,1202,1203,1388,1215,996,1224,963,1295,1079,1221,1306,1020,1404,1255,1379,1466,1341,1260,1033,1211,1106,1101,1346,1442,1461,1455,1172,1169
,1399,966,1319,1036,1471,1012,1453,1428,1234,1461,1162,1126,1506,986,1052,1150,1101,1408,1072,1328,1399,1166,1144,979,1187,1231,1019,1186,1438,1274,1373,1492,1363,1059,1499,1510,1250,1065,988,1173,1496,1427,1017,1497,1302,956,1392,1441,1253,1078,1176,1138,1296,1100,1347,1027,1502,1367,1351,1452,1150,1148,1188,982,1306,1482,1456,1087,1331,1172,1359,1409,1009,978,1246,1308,1030,1063,1072,1407,1037,1446,1307,963,1274,1199,1179,1055,1509,1054,953,1368,1396,951,1489,1448,963,1479,1409,984,1486,1171,1089,1303,1477,1333,1056,1192,1061,1279,1071,1391,1056,1123,1451,1249,953,1064,956,1181,954,1099,1189,1307,1066,1014,1414,1012,1424,1018,1139,1235,1486,1345,1245,1146,1398,1375,969,1278,1479,1418,974,1218,1205,1128,1054,1398,1495,1212,1063,1503,1038,1460,1088,1242,1460,1343,1493,1110,1056,1209,1064,1424,1315,1257,1116,1198,1091,1202,1195,1091,1394,1349,1436,956,1095,1349,1039,1281,1290,1046,1102,1181,1371,1316,1141,1283,1348,1068,1166,1032,1453,1437,981,1177,1293,1323,1122,1208,1052,1173,1484,1065,1281,1309,1346,1068,1336,1331,1038,1229,1436,1395,1169,1317,1305,1262,1261,1074,1145,1459,956
,1430,1435,1181,1421,1097,1374,1293,1477,1364,1234,1133,1439,960,1082,1053,1368,989,1512,1065,1180,1092,1246,1088,1289,1491,1507,1229,1164,1288,1417,1400,1100,1269,1476,1270,1204,1512,1481,1450,1407,1328,1196,1179,1434,1376,1299,1152,1390,1397,1509,1512,1288,1058,1161,1502,1393,1346,1207,1063,991,1393,1083,1430,1343,1340,1168,1294,962,1064,1490,1043,1478,1111,1438,1412,1351,1262,1122,1015,1273,1249,1235,1025,1078,1350,1464,1372,975,1325,1412,1164,1371,1375,968,1450,1380,1037,1174,1506,1256,1198,998,1056,981,1340,1026,1498,1259,1096,1368,1406,1447,1399,1286,1310,1156,1042,1181,1109,1201,995,1277,1233,1123,1138,1110,954,1211,1470,1375,1100,1067,1379,1095,1075,1004,1336,1441,1274,1156,1496,968,1328,1102,1123,1480,1179,1389,1281,1108,1035,1434,1083,1308,1064,1145,1387,987,1423,1503,1417,1111,1326,1035,1223,951,1193,1042,1487,1014,1008,1273,1285,1079,1486,1094,1505,1236,1344,1007,1186,1472,1484,1296,1305,1368,1424,1088,1228,1338,1028,1380,1286,1421,1280,1419,1212,1075,1439,1187,1042,1297,1468,1418,1439,1230,1169,1179,1046,1345,1117,1296,1218,1246,959,1022,1482,1431,1015,1416,1282,1250,1082
,1032,1278,1362,1237,1000,1281,1356,1417,998,1251,1152,1494,1387,1444,973,1486,961,1077,1088,1121,1126,1032,1280,1220,1276,1433,1420,1065,1147,1044,1298,1076,1297,1176,1325,1069,1078,1380,1398,1151,1259,1373,1351,1386,950,1270,1188,1353,1480,1252,1296,1103,1408,1100,1046,1028,1320,1490,1278,1473,1491,1008,1457,1481,1431,1503,1436,1327,1411,1498,1120,1205,1112,1285,994,1470,1193,1197,1181,1200,1297,1168,1458,1278,989,1039,1212,1449,1455,1510,1435,1267,1166,1355,1336,1300,1054,1351,1016,1484,1047,1486,1173,1128,1045,1260,1010,1489,954,1270,1426,1099,1195,1330,1284,1061,987,1391,1263,985,1002,1146,1482,1474,1440,1087,1026,1160,1075,1410,1056,1270,1015,998,1035,1426,1093,1015,953,1471,1453,1045,1255,1306,1214,1298,1052,1031,1510,1452,1451,1090,1074,991,1004,1270,1401,1399,1486,1380,1206,1237,1337,1370,1122,1261,1245,1260,1428,1489,1336,1511,1012,1217,1399,1090,1364,971,1153,1248,1235,1385,1324,1269,1280,1400,966,1201,1475,1278,950,1038,1279,1076,1219,1383,1161,1021,999,983,978,1130,1134,1023,1421,1124,1065,1294,984,1353,1421,1038,1197,1023,1293,1095,1076,1087,1391,1195,1335,1468,1140
,994,1253,1377,993,1318,1406,1332,1315,1268,1060,1146,1388,1435,1223,1446,1086,1114,1099,1492,1170,1009,1181,1115,963,969,1317,1017,1016,1184,1294,1286,1301,1093,1070,1160,1507,1359,1126,1441,1113,1238,1110,1211,1323,1282,1303,946,1504,1365,1459,1157,1232,1091,1493,1106,1204,1126,1440,995,1251,1034,1452,1372,1180,1163,1300,986,1481,1208,1420,1055,1203,1508,1291,1078,1266,981,994,1468,1276,1266,1379,950,1188,1188,1509,1011,1271,963,1400,1273,995,1309,1044,951,1112,1415,1169,1265,1110,1435,1263,1164,1197,1506,1026,1180,1186,1024,1305,1204,1066,1039,1398,1201,1330,1342,1331,1196,1333,984,1499,1144,1251,1069,1025,1357,1342,1114,1449,1112,1147,1035,1018,1171,1033,1416,1490,990,1349,1349,1018,1482,1251,1283,1191,1208,1163,1309,1409,1334,1357,1140,1248,1289,1453,1449,1421,1291,958,1374,1166,1290,1437,1078,1340,990,1041,952,1016,1304,1127,985,1126,977,1048,961,1366,1182,1204,1339,1425,1047,1069,1257,1128,1203,1088,954,1411,946,1421,1270,1481,1458,1220,1352,1377,1129,967,965,1424,1188,1460,1318,1064,1075,1457,975,1496,981,1184,1030,1415,1139,1316,1371,967,1007,1293,993,1447,1233
,1226,1112,1473,1187,953,1213,1341,1239,1151,1010,1354,1084,1189,1460,1482,1049,1193,1328,1236,1134,1324,1070,1352,1260,1421,1381,1478,1246,1480,1473,1188,1018,946,1309,1401,948,1088,1173,1191,1387,1011,1210,1468,975,980,1240,1297,1115,1332,1124,1196,1402,1137,1306,1429,1264,1185,1227,1126,1146,1055,1478,1330,1041,1327,1398,1310,1215,1304,1179,1405,1325,1287,1211,1446,1383,1207,1196,1271,1015,1152,1133,1344,1389,1070,1385,1282,1360,1231,959,1005,1107,1009,1070,1218,1379,1046,1512,1484,1271,1181,1144,1168,1110,1113,1067,1306,1089,988,1180,1437,979,1498,1230,1441,1413,1264,1385,998,1200,1111,1301,955,1003,1450,1280,1417,1123,1439,1005,983,1293,1452,948,956,1049,1382,1382,1167,1420,1324,1061,1066,1493,1132,1125,1218,1405,1293,1015,1508,990,1421,1263,1244,1037,1401,1288,1384,1067,1228,1405,1397,1245,1341,1202,1149,1140,1170,1033,1294,951,1352,1436,1427,1416,983,1299,1425,1129,1051,1304,1008,1414,1084,1046,1372,1416,1407,1385,1082,1129,1294,1458,1351,1031,1255,1378,1368,1336,1304,1229,1378,1082,1254,1494,1212,1438,1269,1121,1096,995,958,1095,1399,1368,1206,1103,1026,1492,1505,1009,1375
,1431,1152,1483,1094,1081,1393,1160,1216,1072,1356,1029,1306,1137,1229,1212,1430,1276,1498,1381,1493,1204,1302,1282,1460,1027,1116,983,1191,1342,1289,1093,1459,1298,1206,1371,1048,1475,1330,1194,1237,1462,1483,1352,1028,1237,973,1283,1437,1498,967,1356,1459,1132,1088,1150,992,1066,1107,1042,1021,1188,1306,1481,1223,1507,1000,1208,1351,1403,1073,1107,1289,1249,1055,1189,1332,1183,1500,1186,1050,1305,1500,1281,1303,1396,1119,1063,1001,1141,1495,1001,1356,1346,1442,981,1133,1315,1256,1052,1139,1124,1431,1391,1306,1222,1501,1158,1452,1319,1121,1014,1450,1205,1402,1231,1058,997,1158,1157,1174,1460,1328,1325,1144,1395,1282,955,1374,1380,1373,1060,1460,1251,1036,1503,1378,1495,1250,1304,1102,984,1237,1218,1038,1059,1299,1376,1162,1362,973,1175,1144,1492,1345,1339,1508,1193,1447,1088,1280,1062,1210,1097,1099,1171,1049,1348,1150,1265,1375,1333,1190,1382,983,1391,1170,1291,1494,959,1191,1045,970,1282,1319,1208,1479,1462,1053,1137,1397,1089,1465,1173,958,1496,1344,968,1164,1459,1192,961,1359,1067,1168,1401,1192,1154,1261,1139,1349,1343,988,1440,960,1430,1337,1241,1505,1014,1219,1049,1136,1283
,1059,1448,1292,1341,955,1260,984,1305,1000,1345,1191,1437,1424,1451,1119,1076,1434,1373,989,1400,1127,1163,1029,1439,1468,1335,1483,1453,1301,1116,1105,1054,1385,1482,1036,1427,1481,1374,1299,1037,1410,1411,1135,1435,1448,1457,1467,1275,1210,1177,1191,1023,1460,1445,1325,1389,1228,1461,968,1135,1461,1047,1365,1102,1446,1119,1323,1328,1462,1506,1057,1165,1212,1461,1187,1153,1277,1103,1146,1099,1468,1165,1291,1258,1274,1190,1173,1083,1445,1480,1070,1225,1022,992,1509,1444,1192,1034,1156,1229,1078,1032,1453,952,1214,1471,1274,1176,1219,1055,1244,1095,1356,1301,1458,1276,1076,1016,1450,1217,1220,1014,1297,1102,1259,1149,1452,1299,1008,957,1453,1390,1224,1068,1338,1196,1310,1158,1261,1082,1407,1298,1399,1474,1002,1216,1431,1233,1288,1208,1096,1167,1133,1108,1021,1083,1299,1402,1412,1020,1164,1221,1366,1387,1289,1235,1480,973,948,1258,983,1029,1430,1311,1219,1337,1003,1101,968,1503,1368,1291,1288,993,1127,1068,1299,1284,996,1170,1334,1140,977,1179,1106,1373,1483,1341,1025,1303,1018,1453,1010,1206,1292,972,1397,1045,1076,1263,1075,1410,1138,1163,1191,1431,1243,1373,1418,1378,1077,1471,1400
,1084,1500,1191,1244,1424,1244,1206,1204,1354,1134,1169,1446,1247,1128,947,961,1387,1386,1379,1450,969,1009,993,1389,1079,1352,1313,1256,1463,1461,1511,1495,1227,977,1315,996,1200,1301,1093,978,1159,1279,1181,1223,1404,1147,1511,1240,1146,1303,976,989,1498,953,1019,1309,993,1040,1215,1159,1367,1494,1000,1281,1403,1271,1046,1191,1009,1024,1005,1283,1146,999,976,1462,1113,1288,1013,1422,977,1392,1165,1436,994,1445,1409,1291,1476,1343,1354,1068,1221,1394,1060,1105,1102,1495,1012,1207,1228,1383,1277,1219,1229,1103,1428,1194,1142,1449,1492,1348,1086,1023,1005,1456,1117,1419,979,1482,1013,1168,999,1364,1139,1508,1200,1459,1030,1173,1260,1384,992,1347,1051,1361,1133,1330,1051,1458,1327,1278,1193,1363,1131,1048,1360,1055,990,1311,1193,1467,994,1263,1305,1408,1273,1297,1359,958,1408,997,1373,950,995,1370,1408,1467,1410,1050,956,1194,1224,1437,1194,1170,1042,991,1278,1165,1327,1300,1243,1231,1173,1026,974,998,1073,1333,1088,1172,1086,1371,990,1211,1454,1111,1386,1135,1017,1280,1099,1228,1239,946,1062,1478,1131,1265,1092,1491,1360,1415,1143,1474,1459,1413,1027,1277,1477,1369,1007
,1076,1288,1454,1452,1435,1075,1476,1327,1466,1258,1047,1189,1301,1288,1106,1289,964,1438,1249,1457,1408,1427,953,1454,1296,1012,1286,1287,1399,1192,1299,1144,1437,1293,1434,1006,1205,1067,1130,1064,1294,1122,1425,1136,992,1301,1169,1202,1499,1419,1447,1050,967,1014,996,1424,1476,1059,1062,1266,1431,978,1276,1385,1268,1207,1260,1272,1350,1113,1138,1230,1325,1358,1233,1211,1294,1307,1101,1499,1436,997,1477,1383,1115,1341,1236,1056,1058,1258,1064,1395,1196,1182,1290,1211,978,1422,1257,1114,1493,1357,1237,1491,1193,1461,1029,1488,1415,1441,1470,1007,1102,1198,1148,1437,1183,1121,962,1381,1069,1198,1290,1284,1212,1238,1380,1016,1384,1128,961,1274,1050,953,1201,1354,1017,1315,1064,1251,1319,1104,1231,1344,1284,1179,1422,1304,1327,1344,1168,1263,1453,1451,971,1508,1107,1266,1259,974,1045,1271,1210,948,1119,965,1426,1183,1247,1089,1423,1148,1456,1453,1322,1013,1174,947,1276,1459,1336,1056,950,1112,1118,1403,1286,1289,1481,1198,1037,1016,1507,1411,1508,1419,1217,1333,1029,1496,1109,1382,1510,1107,1031,1257,1178,1372,1063,956,1089,1434,1413,1440,1321,1392,1422,1471,1065,1358,1504,1247,1002
,1027,1111,1293,1307,1313,959,1388,1286,1122,1367,1138,1449,1073,1395,1429,1180,1202,1209,958,1040,1434,1068,1034,1433,1308,1356,1238,1199,1159,1037,1433,974,958,1059,1120,1197,1027,1331,1455,1479,1393,1388,1085,1386,1349,1183,1337,1364,1142,1270,1507,1156,1056,1300,1309,1046,1093,1206,1078,1186,1383,1502,1390,1026,1509,1278,1032,1157,1144,1168,1505,1398,1440,1055,1349,1361,1004,1296,1480,1449,1457,1479,1438,998,1376,1275,1309,1031,1150,1324,1338,1355,1070,1051,1373,1272,1261,1387,1139,1182,1240,1352,1133,1043,1312,1192,1046,1224,1412,1189,1300,1037,948,1189,1108,1170,1147,1264,1282,1025,1120,1216,1219,1331,1084,1310,1328,1167,1027,1445,1092,1249,1076,1235,1222,1180,1181,1490,1155,1034,1049,1006,1073,1485,1057,1290,1212,1229,1492,1172,1342,1171,1196,1411,1484,1288,1255,1075,1190,1204,1213,986,1324,1382,1159,1276,1067,1328,1507,1344,1183,1149,1171,994,1159,1056,1510,949,1329,1429,1074,1215,1050,1302,954,1026,1232,1495,1034,1432,1157,1028,1106,1260,1117,1308,1104,1252,1409,1210,1264,1491,1359,1138,1439,1490,1195,990,1050,1006,1498,1164,1364,1466,1223,1392,1248,1020,1504,1073,1035,1197,974
,1166,969,1183,1000,1275,1166,1509,1118,1497,1183,1215,1071,1425,1176,1117,1380,1000,1004,1230,955,1109,1405,949,1442,1326,1356,1343,1017,1436,1133,1079,1154,1125,1163,1349,979,1109,1297,1060,1150,1361,1510,1367,1168,1359,1127,1016,1313,1424,1035,1444,1241,1121,1018,1425,1504,1260,1481,1216,1023,1344,1211,1220,1281,1450,989,1039,1195,1163,1416,1325,1507,1086,1115,1475,1511,1029,1006,1409,1398,1339,1312,1461,1086,1356,1298,1414,1057,1131,1259,1135,1428,1466,1450,1075,1092,1178,1285,1136,1288,1103,1156,1435,972,1438,1046,1432,1073,1399,1308,1361,1260,996,1211,1287,1398,1225,1489,1292,1364,1229,1360,1065,1185,1198,1351,1359,1484,1098,1000,1451,1172,1124,1437,1365,1129,1462,1097,1391,1201,1305,1288,1187,1321,1015,1164,998,1324,1466,1213,986,1437,948,1505,1307,1127,1469,1309,1195,1456,1115,1409,1351,1333,1301,1003,1381,1283,1253,1457,1410,991,1071,1388,1194,1196,1013,1061,1052,1162,1219,1469,1328,1503,1292,1160,1015,1432,1144,953,1079,1362,1381,1255,1003,1412,1281,1333,1264,1467,1125,1116,1001,988,1032,1427,1373,1127,1255,1032,988,1036,1509,1175,1470,1035,1247,1259,1233,1376,1442,1015,1337
,1356,1205,1344,1074,1240,1364,1163,1502,1431,1040,1069,1354,1499,1071,1069,950,1106,1114,1249,1440,1344,1062,1401,1446,1500,1331,1425,1496,971,1279,961,1132,1357,1362,1185,1398,1092,1149,1226,1448,1358,1424,1049,1012,1310,1294,1123,965,1509,1100,1173,1507,1244,1077,1352,1248,1188,1437,1018,1069,1072,1499,1140,1404,990,1416,1013,1022,1491,1398,1143,1342,979,1474,1173,1186,1383,1314,1503,1314,1256,1447,1171,1195,1507,1088,1502,976,1129,996,1115,1262,1000,1231,1485,1354,975,1286,1337,1440,1084,999,1472,1319,1479,1028,1272,997,950,1351,1465,1400,1432,974,1304,977,1230,1305,1052,1178,1266,967,1171,1082,1237,1457,1036,1086,1276,1371,1215,1263,1101,1053,1234,1033,967,1257,1431,946,1360,994,1250,1430,1165,1461,1109,1150,1073,1506,1253,1499,1133,1412,1413,1134,1151,1458,1304,1252,1023,1294,1357,1153,1219,1408,1077,1474,1388,1276,1364,1058,1159,952,1167,1355,958,1133,1123,968,1073,1497,949,1126,1102,979,1124,1161,1190,1361,1014,1464,1026,1417,1418,1402,1263,1499,1429,1166,959,1401,1296,1328,1240,947,1410,1340,1053,1034,962,1417,1206,1472,1241,1398,1388,1251,983,986,1264,1002,1202
,1141,1016,1105,1373,1329,1250,1105,1324,1270,976,1381,1382,1314,1151,1497,1073,1216,1033,1277,1118,1389,962,1279,1063,949,992,970,1285,1123,948,1329,1329,946,951,1039,1065,1165,1126,1212,1228,1126,1278,1269,1005,1467,1413,1244,1111,1351,1169,1404,1472,975,1264,1499,1097,1119,1224,1062,1357,1340,1161,1506,1148,1040,1223,1038,1403,1060,1380,1397,1299,947,1197,1272,1056,987,1340,1311,1484,1351,992,1446,1007,1091,1483,1059,1219,1045,1289,1330,1436,1285,1000,1341,1349,1431,1259,1035,1161,1188,1459,1486,1479,1376,1506,1244,1173,1285,1457,1130,1210,1129,1012,1042,1075,1113,984,1259,1341,1023,1507,1096,1216,1279,1128,1095,1362,1177,1173,1208,1225,1384,1386,1322,1093,993,1454,1115,1128,1327,1081,1105,954,1238,1190,971,1430,1015,1145,1413,1400,1505,1214,1066,1189,1498,1421,1269,1299,1190,1385,1322,1222,1099,1047,949,1481,1189,1280,1456,1429,1225,1274,1380,1041,1207,1423,1491,1017,1508,1279,1121,1389,1086,1375,1385,1460,1388,1442,1392,1107,1238,1466,1491,948,1125,1185,1489,1048,1353,1190,1233,1003,951,1499,1384,1130,978,1205,1263,1092,1304,1496,1271,1059,1112,991,953,1448,1094,1418,1213
,1247,1073,1325,1185,1166,1250,1086,1355,1228,1453,1219,1134,1163,1011,1104,1359,1265,973,1108,1092,1153,976,1465,1469,1246,1049,1062,1466,1330,1256,1175,1179,1305,1270,1174,1466,1262,1242,1037,1069,1435,1047,1478,1408,1285,1122,1413,1446,1161,1012,1453,1302,1484,1111,1310,1400,1150,1282,1222,1150,1453,979,994,1453,1486,1363,1241,1222,1419,1280,1249,1379,953,1053,1104,1375,977,1244,1213,1239,1018,1215,1344,1334,966,979,1009,1176,1327,1231,1365,977,1384,1306,1429,1079,1416,977,1426,1353,1217,954,1319,1016,1454,1189,1032,1269,1187,1001,1060,1293,981,1047,1445,1114,1244,1161,987,1195,1255,1034,1432,1493,1076,1237,1252,1504,1043,1392,1201,962,980,1314,1049,1438,1392,1257,1268,1359,1118,1233,1076,1201,1255,1368,1232,990,1367,1434,1040,965,1475,1509,1036,1130,1381,1147,1192,1102,1321,1381,1268,1184,1073,1505,1507,1264,1238,1089,1274,1214,981,1509,1270,1293,1373,1283,1183,1086,1115,1229,979,1486,1075,1190,1079,1269,1230,1038,1503,1159,1489,1173,1309,1005,1406,1116,1298,999,1240,1120,1264,1025,1227,1046,1259,1334,1455,1380,1430,1214,1406,1201,988,1511,1113,1050,1413,1030,1420,1141,1145
,947,1373,1366,1210,1346,1403,1038,1062,1415,1299,1387,960,963,1217,1494,1174,1222,1160,1340,1020,1100,1411,1414,1409,963,1102,1228,1273,1062,1321,1263,1004,1280,1185,1455,1257,1076,1170,1344,1503,1227,1074,1252,1504,1420,1424,1464,1304,1385,1491,1425,1488,1084,1032,1037,1350,1263,958,1331,1355,1051,1299,1404,1212,1158,1339,1261,1507,1070,1064,1500,987,1118,1408,1097,952,1016,1084,1330,1475,970,1195,1059,1055,1225,952,1029,1413,1479,1211,1139,1168,1475,1006,1282,1162,975,997,1298,1027,1056,1132,1436,1363,1014,1156,1181,1324,1274,1300,1443,1467,957,1511,1260,1365,1129,1482,1220,1205,1430,1206,1144,1259,1174,1020,1364,981,984,1217,981,1491,1232,1260,1430,1386,1083,1160,1026,1266,1219,1278,1478,1232,1313,1046,1226,1496,1452,1499,1382,1466,1506,1313,1474,1114,1347,1409,1376,967,1022,1475,1026,1363,1142,1131,1114,1389,1284,1205,1083,1319,1486,1414,974,1298,1088,1434,1330,1019,1402,1292,1149,1478,970,1472,1413,1421,1400,1080,1116,1038,1366,1304,1363,1327,1492,1064,1412,1073,1063,1255,1164,1096,1211,1179,1359,1120,1179,1436,1436,1231,1247,1256,1486,1221,1405,972,1198,1193,975,1112,1051
,973,1287,1011,1330,1262,1050,1198,1385,1415,1387,1184,1081,1427,1141,1204,1024,984,967,1191,1427,1254,1160,1428,1359,1149,1468,1118,1023,1229,1381,1448,1008,1182,992,1351,1272,965,1351,1014,1452,1450,1493,1176,1438,1209,1011,1399,1428,1434,1300,1168,1431,1092,1280,1415,1431,1386,1257,1003,1467,1035,1508,1287,1274,1270,1268,1306,1317,1399,1117,952,1026,1113,959,1467,1420,1337,1026,1458,1217,1105,1438,1130,1440,1017,1387,1417,1280,1030,1129,1225,984,1098,1210,1404,1002,987,983,947,1287,1434,1009,1505,1116,1050,1432,1369,1460,1358,1004,1498,1160,1289,1018,1221,1190,1156,1496,1405,963,1510,1262,1089,1465,1318,1066,1207,1381,1016,1204,1209,1147,1115,970,1172,1089,1147,1230,1177,1419,1138,1022,1253,1307,1512,1042,1125,983,1256,1114,1167,1089,1061,1484,1480,975,1014,1010,1135,1014,1495,1463,1292,1122,1438,1493,1437,958,1396,1055,959,966,1483,1389,1065,1458,979,1047,1500,1442,1007,1150,1101,1408,1234,946,1108,1359,959,1361,1196,1242,1034,1300,1058,1123,1036,1048,1092,978,1227,1373,1321,1090,1071,1011,1309,1462,970,1151,1065,1440,1269,1100,962,1494,1257,1084,1123,976,1494,1086,1412
,1248,1213,993,1499,1040,1185,1341,965,1318,1345,1142,1437,1037,1117,1065,1109,1389,1353,1033,1379,1024,1272,1186,1032,971,1298,1400,1460,1114,1177,1370,1128,1067,983,1494,1438,1355,955,1017,976,950,1062,1241,1140,1405,1169,1095,976,993,1473,1014,1027,953,1503,1137,1285,1172,978,948,1101,1485,1112,1483,1479,1431,1324,1344,1147,1323,1162,1031,1145,1113,1129,1421,1295,976,1469,1176,1475,1106,987,1299,1422,1259,1266,1072,994,1471,1400,948,1482,1074,1184,1443,1286,990,1375,1056,1270,990,1344,1025,1503,1468,1092,1041,1383,1311,1177,1069,1131,981,1195,1391,1102,1103,1076,1025,1101,1116,999,1406,1236,1101,1301,1164,1175,973,1087,1180,1029,1276,1177,1349,1341,1492,1209,1454,1333,1301,1398,1282,1400,1419,1069,1461,1002,1030,1128,1385,1494,1006,1378,1493,1468,1214,1222,1073,1143,1171,1083,1464,996,1031,1317,1302,1273,1113,1336,1139,1478,1363,1072,1281,1235,1510,1280,1475,1228,996,1242,1273,1448,1446,1119,1246,1478,1211,1401,980,1415,1042,1111,1301,1030,1181,1136,1235,1277,1337,1096,980,1237,1460,1177,1199,972,1069,1388,1165,1495,974,1470,1223,1486,1372,1177,1496,1383,1063,1463,1207
,1103,1130,1151,1446,1174,996,1402,1408,1430,1483,1495,1398,1117,1310,1086,1311,1247,1093,1220,1152,1027,1269,1129,1171,964,1507,1486,1203,1353,1011,948,1241,1058,1458,1409,1391,1159,1154,1501,1288,1222,1099,1059,1508,1001,1145,1170,1097,1323,1008,1254,1222,1191,1067,1100,1452,1407,1446,1357,1303,1102,1402,1154,993,1199,1434,1198,1059,1425,1379,1217,1074,1085,1337,1172,1426,1181,1017,1417,1476,1490,1482,1112,1012,954,1414,1145,1403,1076,1185,1179,1111,1302,1305,1182,1506,1370,1109,1463,1412,949,1149,1285,1222,1267,1341,1306,1466,977,1305,1393,1139,1499,1170,1144,1195,986,1458,1311,1439,1030,1319,1038,1198,1412,1445,1417,1262,1006,1250,1257,1483,1456,1000,1421,1434,1486,1364,1283,1061,1193,1001,1063,1235,972,1472,1097,1394,1030,989,1045,1325,1172,1068,1336,1382,1166,1211,1182,1391,1031,1277,1098,1432,1440,1202,1016,1357,1060,1338,1200,1457,1131,1055,1080,1117,1182,1132,1143,1038,1394,1261,1012,1135,1481,1170,1242,1343,1189,1387,965,1041,1491,1414,958,1025,1244,1337,1210,1458,1171,1058,1296,1077,1087,1002,985,1467,1021,1188,1054,1396,1325,1305,1344,1325,984,1306,1305,1038,1461,1060,1257
,1276,1301,1002,1196,1176,971,1139,1510,1430,1482,1427,1327,976,1055,1370,1319,1502,1045,1512,1184,1298,1152,993,1391,1145,1085,974,1233,1188,1198,1502,1000,1429,1018,1032,1160,1469,1225,1368,965,1405,1336,1138,1173,1004,1288,989,1132,987,1308,994,1292,1265,1307,1459,1282,1184,1030,1019,1392,1349,1489,1480,1235,1431,1239,1086,979,1323,970,1465,1061,1351,959,1012,1430,1228,1293,1299,1464,952,1323,1323,1451,1189,1124,1388,1406,1131,1388,1055,1404,1206,1418,1393,960,1084,998,1501,1129,1169,1486,1364,1338,1325,1136,1044,1047,970,1407,1303,1128,1456,1436,1256,1473,1510,1408,1273,1409,1107,1226,1479,1095,1153,1204,1254,1238,1352,1124,1208,1461,1056,1058,1320,1008,1054,1225,1412,1474,1299,1320,975,1415,1030,1032,1511,1143,1205,1486,1353,1219,1003,1087,1201,960,1192,1090,1398,1251,1097,1267,1362,1451,1292,1381,1472,949,1006,1005,1510,1283,1252,967,1407,1417,1317,1465,1403,1020,1363,1111,1327,1075,1383,1466,1484,1346,1168,1302,1249,1483,956,1303,1054,1359,1240,1415,1175,1481,1401,1152,1468,1345,1057,1396,1150,1344,1274,999,1062,1337,1148,1151,1421,1122,1041,1021,1476,1409,1094,1021,1065
,1084,1035,1117,1324,1370,956,1334,1398,1511,1117,1146,1407,1234,1115,1133,1274,1260,1135,1362,950,1132,1273,1107,952,948,1295,1242,1498,1441,1414,1081,1493,1146,1013,1093,982,1446,1370,1205,1404,1068,1192,1170,952,1017,1259,1187,1093,999,1259,1338,1469,1222,1468,976,1230,1355,1418,1135,1410,1279,1402,1061,1348,1049,1347,1044,1457,1132,1190,1208,1047,1489,969,1433,1044,1206,1363,1358,1150,1256,978,1075,1350,1426,1084,1273,1318,1347,1352,1421,1059,1361,1007,1091,1204,1318,1283,1404,1221,1101,1086,1307,1230,1205,1255,1135,1485,1341,1056,1386,1507,1352,1177,1315,1422,1212,1462,1295,1091,982,1342,1228,1077,1121,1207,1013,1455,1327,1073,1297,1344,1139,1161,1188,973,1261,1105,1162,998,968,1298,1119,1082,1212,1419,1360,1194,1299,1085,1208,1124,1308,1482,1441,1195,1072,1321,1444,1466,1403,1061,1406,1439,963,1444,978,986,1482,1445,1013,990,1148,1346,1140,1398,952,1186,994,976,1258,1152,957,1438,1143,1367,1153,1317,1131,1165,1235,1166,1326,1206,1360,1494,1401,1473,1236,1469,1481,1228,1330,1383,1016,1510,1077,1257,1461,1422,1000,1473,949,1171,962,1100,1417,1287,1423,1066,1293,1027,1483
,1272,1435,1238,1339,1076,1410,1473,1196,1316,1325,1347,1458,1147,1008,1217,1038,1051,1050,1072,1201,1484,1087,1282,1240,1116,1019,1498,1475,1131,1059,1044,1364,1132,1293,1145,1344,1034,1387,1117,1482,1424,1033,1150,1187,1502,1035,1089,1398,1277,1317,1349,1327,965,1403,1053,954,1204,1200,1457,1004,1491,1395,999,1260,1261,971,1479,1492,1065,1384,1376,1229,1508,1440,1154,1465,1086,1345,1199,1443,1281,951,1202,1305,996,1236,1437,995,1111,1477,1363,956,952,1414,1003,1000,1292,1211,1437,1060,1266,1123,1082,1096,1434,1266,1491,1196,961,1009,1340,1003,1450,1429,1261,992,961,1019,1444,1359,1338,1128,983,1079,1067,1151,1127,1105,1072,1481,1079,1085,1416,987,1471,1130,1061,1160,1501,1277,1217,1071,1213,946,1494,1410,1170,1181,947,1443,1133,972,1136,1371,1505,955,1013,1271,964,1207,1060,1453,1282,1089,1480,1204,993,1448,989,964,1068,1114,1264,1087,1302,1080,1354,1374,1092,1129,1180,1371,1412,1151,1273,1299,1310,1431,1451,959,1031,1378,1316,1282,1315,1047,1114,1196,1285,1198,1393,1247,1129,1146,981,1358,1343,1039,1406,1492,1349,1081,1065,1140,1325,1035,1007,1349,1208,1258,1371,1335,1050
,1067,1082,1134,1482,1051,988,974,1121,1212,1396,1388,982,1165,1405,1288,1300,1089,1444,1014,984,1094,1257,1476,1155,1046,1260,951,1319,1320,1065,1067,1124,1184,1103,989,1156,980,1231,1455,1016,1152,974,1202,1479,956,1297,1382,1025,1512,1414,971,1375,1188,1412,1329,987,1017,1507,1198,955,1443,1031,967,1416,1096,1233,1060,1343,1388,1488,1031,1105,1501,1339,1153,1279,1316,1369,1146,1241,1260,992,1501,1197,1134,959,1106,1419,1472,1052,1109,1290,1459,1401,1030,1396,1058,1125,1425,1390,1313,1256,1266,1224,1227,1470,967,1149,1041,1421,1141,1124,1159,1499,1203,1401,1502,1425,1254,971,1486,1056,1428,1452,1095,1166,1045,1467,1299,1414,1410,1476,1399,1138,1410,1095,1305,1281,1285,1444,977,1037,949,1413,1018,1249,1446,1135,1085,1425,1210,1164,1090,1165,1449,1473,1234,1159,1098,1116,1047,1148,1127,988,1317,1115,1167,978,1142,1473,1334,1219,985,1060,1275,1414,1099,971,1022,1374,1477,1135,1335,1346,1107,1446,1374,1049,1501,1502,1039,1069,1235,1044,1092,1029,1333,1217,1474,1078,1053,1272,1315,1052,1174,1322,1242,984,1408,1428,1199,1065,1026,1341,1377,971,1003,1443,1168,1143,1003,955,1320
,1103,1374,1346,1432,1229,1414,1079,1506,1080,986,1266,1493,1340,1013,1275,1510,1161,1227,1356,1173,993,1344,1506,1263,1226,1505,1310,950,1472,1437,1160,1488,1471,1038,1390,1441,1250,1222,1480,1459,965,1041,1390,1160,1251,1012,1483,1044,1429,1000,1405,1120,1129,1281,1483,1294,1141,967,1013,1287,1232,1143,1429,1343,1203,1399,1253,1463,1077,1358,1420,1136,1276,1039,1345,1129,963,966,1211,1005,985,952,997,1132,1431,1406,1095,1062,1474,1469,1070,1485,1482,1271,957,1460,999,1429,964,1237,1474,1015,1405,1451,1480,1447,1091,1298,1367,1148,1237,1404,1437,1459,1015,1032,1188,1107,1179,1248,1491,1462,1143,1049,1035,967,1145,1016,1021,1417,970,1495,1360,1472,1250,1156,1272,1178,1070,1255,1146,1254,1180,1092,989,1074,1450,988,1034,1001,1223,973,1451,1462,1496,1106,1501,1047,1156,1006,971,1165,1238,1403,1348,1353,1029,1314,955,1180,1174,1276,1240,1303,1061,1512,1486,1225,1487,1050,1106,1006,1132,1086,1102,1359,1388,1301,1052,1114,1213,1394,1358,1461,1036,1326,1274,1240,1351,1006,1397,1347,1376,1456,949,1414,1352,1306,1497,1089,1105,1050,1104,1125,1147,1326,1491,1180,1468,1452,1446,1326,994
,1304,1360,1454,987,1110,1236,966,1031,1118,1353,1466,946,1279,1392,1211,1041,1372,1033,1057,1090,1172,1000,1149,1171,1317,1370,1495,954,1008,1356,949,1345,1359,1398,1119,1184,1036,1299,1075,1301,1196,1185,1377,1045,1006,1484,1278,1262,1291,1445,1225,1413,1365,1367,1011,1505,1382,1469,1041,1039,1101,1386,1116,1427,987,1144,1340,1463,1447,1473,1327,1245,1455,1124,1302,1064,1334,1285,1151,954,1466,1127,1409,1447,1467,1016,1359,1435,1458,1095,1487,1319,1160,1437,1074,1299,1255,1130,1117,1025,1393,1376,987,1077,962,1036,1298,1494,1464,1295,1071,1027,1153,1361,1120,949,1152,1104,1087,1409,1198,1174,1012,1047,1068,1210,1128,1485,1469,1360,1460,1118,1209,1463,1032,1214,1356,973,1256,1311,1309,1472,1206,1431,1125,1078,1273,1106,1357,1182,1376,971,1226,1286,947,1274,1023,1167,1400,1422,1509,1115,976,1078,1326,1144,1346,1289,1305,1058,1040,1227,1194,968,1278,1197,1113,1427,1420,980,1089,1095,1247,1003,987,981,1451,1348,1221,970,1406,1420,1023,974,1417,1126,1217,1191,1511,981,1427,1277,1230,1448,1422,1435,1509,1242,1504,1047,1182,1477,1290,1118,1286,952,978,1435,1040,1175,1431,1336,1099
,1116,984,1004,1297,1087,1462,1410,1250,1259,1254,1499,1224,1374,1345,1442,1333,1017,1245,991,1459,1235,1406,1335,1229,1297,1106,1055,1201,993,1059,1084,1041,1245,1228,1141,1372,1498,1120,1360,1342,1001,1070,1025,1506,1179,1274,979,1472,1376,1268,1072,1353,1473,1197,1490,1075,1390,1415,1415,1325,1322,1069,1463,1364,1217,1467,1127,1439,1212,1096,1076,1080,989,1178,1388,1175,1023,1171,1447,1300,1045,1218,1073,1296,1388,1430,1210,1172,965,1358,1199,1366,1452,1366,1461,1409,1210,1480,1213,1132,1308,1406,1266,1501,1038,1109,1088,1139,1407,1302,1442,1034,1209,1206,1165,1140,1442,1141,1208,1207,1326,1258,1231,1155,1503,1064,1201,1256,1243,974,1112,1420,1382,1435,1356,1113,1425,1447,1320,1239,1112,1032,1375,1178,1480,1129,1040,1102,1455,1182,988,1494,952,1349,1264,1153,1114,1357,1119,1187,957,954,1025,1029,1049,1342,1014,1201,1297,1192,1496,1244,963,1311,1323,1374,1183,1184,1060,1186,1244,958,1354,961,1415,1132,954,1365,1309,1186,1421,1182,1104,1450,1457,1237,1317,1402,1132,1422,1503,1437,1126,1046,1262,1029,1095,1143,1399,1248,1051,1192,1269,1124,1063,1237,1080,1452,1148,1077,1070,994,1232
,1174,1297,1095,1432,1129,1435,1066,1042,1372,994,1106,1035,1223,1462,1134,1406,1212,1456,1504,1107,1181,1001,1326,1357,1397,1462,1053,1357,1377,1215,1198,1296,1352,1190,1034,1497,1182,1296,1224,1200,1484,1358,1053,1069,1278,1155,1290,989,1500,1266,1127,1246,1011,1163,1109,1511,1341,1256,1454,1129,1070,1458,1260,1334,1228,1187,1157,1268,1277,991,1125,985,957,1316,1076,1133,1099,1396,1133,1485,1033,1156,1193,1370,1365,1292,1044,1145,1374,1450,1284,1354,1369,1164,1408,1350,1385,980,1020,1200,1444,1053,1490,1487,1378,1480,1510,1319,1150,1463,1010,1047,1037,1038,1014,1132,1115,1259,1396,1461,1178,1229,1000,1489,1017,1399,1489,1337,1300,1167,1275,1028,1328,1086,1368,1410,1401,1201,1404,1117,1464,1502,1137,1211,1004,949,1210,1314,1150,1484,1141,1225,1228,951,1112,1380,1003,1043,1372,1040,1372,1467,1082,1423,1112,1257,1047,1327,1123,1128,1330,1064,1057,966,1157,986,1309,1420,1447,994,995,1116,1088,1390,1001,1411,1375,1330,1186,1301,1308,1134,1263,1185,1059,1002,1094,1438,1095,1349,1445,1384,992,1402,1415,1512,1284,1217,1284,1118,1336,1091,1211,1276,1232,1507,1199,1382,1233,1213,1361,1498,1257
,1116,1234,1492,1303,1360,1202,1357,998,966,1104,1147,1375,1222,1427,1073,993,1199,993,984,1276,1464,1406,1391,1301,1241,972,1474,1078,1417,1187,1170,1485,1002,1407,1227,1450,1281,1324,1064,961,1194,1327,1284,1168,1416,997,983,1250,1176,1026,1202,1313,1039,1471,1028,1428,1164,1062,1454,1210,1493,1408,1047,1294,1062,1336,1331,1325,1368,985,1344,1248,1479,1140,1262,1171,1107,1357,1476,1256,990,1406,1489,1479,1155,986,1035,1274,1450,991,1395,1167,1000,952,1475,1075,1462,1123,1200,1032,1073,1441,1141,1424,1356,1131,1385,1119,1201,1376,1154,980,1090,1475,1069,1469,1104,1450,1440,1093,1323,1387,1087,1235,1367,1177,973,1397,1320,1204,1232,1332,1089,1122,1476,1125,1504,1146,1135,1476,1366,1198,1422,1037,1368,1439,1238,1141,1197,1315,1216,978,1388,1392,1449,975,1435,1334,1197,1143,1304,1285,1483,1496,1382,1258,1482,948,1504,1075,1162,1133,1090,1317,1392,1196,1251,1317,1087,1135,1180,1431,1106,1018,1270,1266,1248,1159,992,1047,1053,1490,1445,1128,1338,1477,1215,1355,1086,1021,1001,1060,1421,1077,1015,1124,1471,1090,1194,980,1373,1290,1116,1388,1162,1457,1315,1473,1402,1470,1247,1375,1236
,985,1095,959,1339,1229,1442,1443,1483,1006,1431,1301,1361,1424,1393,1370,1415,1251,1391,1166,1178,994,1460,1278,1463,1407,1050,1156,1348,1425,1304,1309,967,1418,1311,1100,1407,971,1489,1149,1503,1323,1331,1047,1014,1289,1382,986,1379,1463,1364,1141,1062,1410,1192,1262,996,1313,1399,1062,1501,1283,1024,1477,1071,1453,1437,1270,1283,1165,994,1316,1422,1391,955,1102,1463,1055,1320,1009,1105,1221,1286,1267,1181,1011,1082,1368,1211,1141,999,1073,1376,1146,1483,1218,1097,1220,954,1510,1464,1277,1286,975,973,1290,1109,1253,1158,1358,1291,1354,1016,1368,1511,1287,1002,1087,995,1301,981,1292,1042,1471,1171,1090,1484,1028,1427,1332,1452,1043,1489,1228,1057,1016,1318,970,1377,1057,1345,1019,1200,1380,1238,1284,999,1327,1008,1476,976,1505,1315,1037,1467,1227,1496,1249,1222,1447,1238,1469,1457,1509,1340,1055,1046,1317,1153,1333,1151,1075,1092,1130,1084,1152,1260,1011,1339,1470,1212,1180,1287,1102,1139,1435,1003,1189,1098,1045,1478,1007,1224,1377,1061,1154,1411,1338,1032,1049,1267,1403,1404,991,1105,1263,1138,1049,1313,1345,1334,1176,1033,1459,1219,1316,1276,1251,1314,1064,1380,1359,1443,1147
,1135,1474,1054,1098,1348,1019,1393,1212,1430,1200,1261,1123,1424,1474,1441,1214,1326,1386,1458,1198,1118,1388,1154,1245,1293,1067,1173,1374,1017,1133,1351,972,1435,1228,1222,958,1020,1374,1379,1026,1494,1009,1312,1093,1060,1313,1487,1032,1197,1386,1363,1049,1005,1492,1468,1184,1138,1417,1287,1052,1417,1241,1280,980,1481,1170,1454,1126,958,964,1322,1483,1351,1364,1136,1078,1398,1267,1142,1496,1261,987,1027,1290,1058,1357,1141,1033,1042,1115,1188,1089,1140,1333,1336,1221,957,1318,1311,1299,1305,1264,1296,1351,1083,1505,1432,1452,1382,1417,1060,1404,1008,976,1011,1176,1290,1128,986,1174,1386,1232,1230,1026,1274,1020,1307,1500,1209,1240,1270,979,1405,1383,1453,1396,1273,1379,950,1478,1103,1156,1477,973,1124,1223,1405,1396,1252,1492,1270,1005,1483,1261,1139,1365,1417,1285,1280,985,1327,1495,1296,1375,1353,1261,1302,1499,1086,1447,1385,1392,1226,1368,1386,1142,1502,1101,1344,1059,1001,1046,1207,1115,1095,1316,1009,1145,1472,1029,1045,1482,1317,1200,1271,1103,1278,992,1211,1373,1497,1029,1265,1167,1379,1178,1237,1443,1481,1512,1094,1085,1340,1444,1386,953,1368,1013,1384,1010,991,1370,1287
,1347,1254,986,1392,1248,1113,1236,1190,1365,1458,1043,1173,1326,1089,1302,1297,1128,1332,1136,1450,956,1382,1245,1506,953,1158,1250,1453,1397,1308,1267,1216,1058,1482,1151,1049,949,1414,1063,1056,1435,990,976,1193,1069,1464,1486,1053,1114,947,1073,1301,1383,1290,1225,952,1374,1101,1388,967,956,1074,1065,1225,1288,1303,1343,1006,1253,952,1248,1221,1128,1095,1308,963,1247,1017,1306,1418,1394,995,1380,1298,1166,974,1014,1083,1425,1152,1173,1454,1326,1067,1312,1208,1428,1018,1343,1336,1445,1338,1417,1471,1137,1380,1213,1185,1468,983,1304,1154,1172,1448,1179,1035,955,1012,1109,995,1364,1073,1172,983,982,1467,965,1468,1321,1272,1108,1270,1457,1380,1321,1135,1481,1334,1044,1028,1454,1073,962,1230,1037,1237,1443,1445,1186,963,993,1324,997,1051,1409,1241,1082,1338,1320,1215,1102,1063,1296,1345,1379,1108,1279,1425,1074,1166,1066,1035,1219,1502,1011,1491,1130,1351,1474,1009,1417,1086,1002,1313,1155,968,1238,1018,1340,1417,1492,1084,1382,1195,954,1046,1153,1501,1341,1472,1268,1411,1356,1305,1440,1239,988,1319,1237,1322,1190,1145,1336,972,1336,1333,1469,1351,1326,1296,1346,1324,1039
,1239,1494,1323,1440,1429,1380,1325,1325,1031,1109,1441,1435,1138,1394,970,1015,1505,1390,1411,1408,1341,948,1126,1407,1348,1203,1055,1355,1393,1068,1465,1496,1190,1108,1407,1124,1170,1162,1375,1081,1376,1324,1472,1118,1485,1092,991,1135,1078,1411,1078,1178,1137,1304,989,1422,1245,1350,1133,1424,1186,1069,950,1019,977,1105,1035,1294,1129,1211,1107,1028,1070,1029,1421,1372,1245,1368,1204,1041,1050,1497,1288,1468,1108,1064,1191,1390,1000,1014,1368,1247,1271,1341,1414,1468,950,1225,1319,1270,1384,1453,1386,1348,1383,1395,1490,1005,1272,1044,1315,1022,1496,1248,1407,1379,1266,1469,1162,1465,1247,1467,1153,975,1244,1032,1344,975,1093,1163,1137,1011,1080,1077,955,1467,1193,1261,1024,1048,1092,1158,1320,1411,1424,1268,1157,1240,1227,1511,1343,1198,1183,961,1233,1222,1259,1302,1272,1003,1315,1435,1479,1026,1299,1206,1114,1226,1386,1093,1181,1460,1285,1300,1467,1511,1255,1266,1268,1404,1343,990,1177,1166,1342,1340,1452,1220,1009,1085,1127,1003,1437,1127,1454,1467,1357,1287,1090,1097,1455,1036,1024,1207,971,959,1372,1115,1287,1276,1065,1456,1266,1351,1075,1301,1212,1179,1150,1316,1155,1363,1224
,1286,1289,1414,1166,1174,1196,1332,1245,1147,1296,1404,1037,1312,1207,1321,1106,1490,1227,1451,1353,1031,1369,1096,1038,1352,1430,1474,1127,1405,1278,1420,958,1306,1256,1281,1002,1229,1295,1466,1335,1289,1259,1234,1354,1393,1172,1204,1438,1364,1337,1377,1404,1081,1037,1172,1094,1219,1129,1405,1098,1282,1349,1419,1424,1309,1175,1421,1149,1236,1508,1373,1072,1496,1461,1014,1039,1101,1272,1246,1308,1126,1270,1500,1493,955,997,1105,1310,1208,1101,1285,1136,1408,952,1076,1462,1021,1175,1249,1420,1184,1148,1319,959,1065,1013,1459,1000,1375,1274,1141,1500,1281,1203,1253,1175,1020,1185,957,1119,1459,1046,1486,1024,1208,1237,1089,1090,1455,987,1130,1315,1336,1113,1383,1218,1252,990,1321,957,1334,1240,1442,1463,1030,990,1309,1279,1225,971,1324,1274,1295,1124,1052,1077,1453,1468,1090,1381,971,1384,1209,1185,1251,1000,1456,1323,1084,1384,1062,1457,1000,1083,1442,1180,1292,1268,1407,1268,1458,1416,1502,1507,1076,983,1014,1042,1056,1169,1163,1152,1459,1230,1481,1226,1344,1050,1249,1146,1400,1258,1154,1376,1198,975,1182,1509,1296,1146,1054,1097,1029,993,1445,1429,1074,1453,975,1148,1023,1503,1282
,1434,1329,1157,1467,1065,1435,1434,959,1473,1205,1269,1499,1211,1481,1128,1496,979,1352,1172,1346,1473,1218,983,1247,1145,1186,1460,1288,1352,1006,1375,985,1398,1420,1018,1474,1488,1288,1092,1040,1342,1051,1025,1319,1481,1407,1417,1405,1462,1391,1127,1273,1243,1303,1157,1292,1259,1481,1331,1278,1104,1109,1042,1466,1202,1039,1119,1200,1138,1355,1454,1483,963,976,1436,1461,1362,1382,1253,1389,1500,1512,1415,1113,1444,1273,965,1355,1271,1466,977,1330,1323,1057,1001,1169,1389,1478,1158,1090,1209,1340,1163,1199,1138,1474,1071,1172,1297,1090,1118,1505,1081,1163,1217,1445,1049,950,1396,1245,1212,1466,1458,1027,963,1431,1358,1482,1314,1266,1061,1341,1187,1237,1256,1148,1170,1132,1350,956,1150,1159,1449,1155,1408,1058,1233,1507,1389,1044,1351,1279,1461,1150,1066,1201,1258,1441,1137,961,1205,1335,1468,1258,1167,1020,1471,1142,1134,1342,1389,1120,1346,1504,1511,1419,1308,1176,1116,1146,1138,1278,1377,1069,1395,1230,1113,1332,1117,1040,1290,1052,1367,1287,1156,1401,1055,958,1108,1208,1368,979,1395,1055,1248,1460,1014,1310,1467,1379,1278,1085,1374,1293,959,1229,1275,1370,1418,998,1499,1025,1211
,1428,1472,1328,1501,1143,1147,1237,1096,1476,1358,1195,1472,1153,1487,1117,1314,1118,1478,969,994,1157,1505,1436,1099,1325,1393,968,1028,1071,1347,1234,1231,1450,1485,1153,1052,1315,1374,1200,1279,1338,1229,1021,1506,1039,1365,1229,1181,1459,1399,1410,1196,1292,1147,1168,1200,1031,1025,1433,1070,1362,1370,1317,1078,1210,1185,1309,1023,1021,1364,1285,1216,1092,1270,1405,1491,1410,1391,1328,995,1473,1296,1372,1475,1151,1463,1367,1128,1065,1139,1302,1045,1462,1057,1075,1351,1332,1462,991,1240,1354,1471,1099,1233,1277,1106,1334,1046,1207,1334,1282,1429,1177,1200,1359,1336,1451,1077,1125,1107,1057,1086,956,974,1153,1501,1067,992,1135,1032,1017,1059,1455,1007,1405,1441,959,1108,1452,1044,1379,1511,1112,1352,1193,1132,1393,1120,1302,1481,1332,1096,946,1492,1105,1372,969,995,1029,1358,1384,1101,1204,1001,1467,1035,1016,1490,1439,1009,1273,1460,1033,1431,1272,1356,1354,1297,1419,1380,1053,1212,1059,1227,1280,1155,1113,1338,1423,1364,1512,1169,953,1120,1490,1293,1032,1496,1244,1267,1270,1041,1343,1294,1322,1146,1329,1184,1086,1004,1454,1057,956,1144,1484,1025,1471,1380,1187,1133,1497,1080,1312
,1230,1381,1365,1061,1326,1466,1235,1170,1266,1128,1066,959,1237,962,1285,1191,1193,1417,1441,1325,1325,1295,974,1013,1249,1194,1272,1099,1113,1493,979,1392,1366,1440,1129,951,1140,1392,1413,1414,1310,1385,1152,1019,1436,1488,1147,1392,1160,1393,1055,973,1497,1107,1075,1309,1434,1398,1439,1371,956,1468,1448,1505,1243,1377,994,1001,1490,1182,1259,1271,1509,1480,1510,1074,1103,1372,964,1357,1186,1280,955,996,1496,1355,1141,1287,1511,963,1133,977,1446,1365,1103,1239,1203,1425,1281,1361,1321,1160,1028,1383,947,1194,1142,1488,1128,965,1275,1273,1079,970,1330,1482,1294,1349,1367,1504,1139,1275,1245,1452,997,1475,1381,1245,1049,1103,1432,1125,1450,963,1372,1117,1191,1072,1126,1448,1343,1346,1348,1239,1169,1210,958,1305,1300,1299,1222,1216,1094,1374,1473,972,988,1079,1162,1208,1202,1234,1327,1053,1432,1308,1373,1256,1120,1340,1142,1248,1479,1071,1040,1276,1500,1155,1324,1442,1042,1270,947,1335,1178,993,1385,1451,1225,1310,1261,1437,1043,969,966,953,1450,1479,1370,1264,1127,971,1256,1418,1271,1335,1450,1274,1490,1387,1342,1163,1148,1463,1037,1350,1367,950,1278,974,1139,1291,1243
,1431,1060,1155,1306,1498,1055,967,1427,957,1265,1116,1190,1214,1397,1220,1488,994,963,1066,977,1236,1502,996,1353,1178,1111,1428,1161,1174,1325,1026,1072,1328,1241,1309,1193,1140,1026,1068,1056,1485,1055,1468,1443,1135,1215,1009,1360,1235,1424,1308,1448,982,1364,1339,1137,1478,1158,1120,1500,1136,1453,1023,1039,1449,1066,1417,1487,1444,1159,1133,1107,1165,1463,1143,1147,1333,1146,1129,1430,1477,1030,1477,1191,1476,1466,1373,1016,1031,1050,1349,1295,1038,1302,1105,1192,1086,985,1314,1445,1498,1094,1107,1026,1196,969,1061,1342,1411,1114,1200,1445,1283,1149,1224,1420,1360,1306,1361,989,975,1412,990,1240,1367,1105,1036,1088,1298,1123,1268,974,1356,1295,966,1056,1382,1386,1343,968,1277,1457,1024,971,1401,1205,992,1487,956,1315,1237,1255,1467,1406,1309,1143,1483,1455,997,1321,1491,1343,1357,1461,1231,1050,1239,1270,1087,1253,1052,1397,1369,1455,1394,1447,1312,1177,1447,1128,1219,1361,968,1125,1011,1047,1441,1473,1178,1136,1205,1468,1441,1347,974,1484,1404,1161,1352,1370,1490,1234,1431,1427,1001,1468,1350,1402,1397,1265,1392,1388,1486,1324,1114,1227,1116,983,1426,1283,1346,1466,1248
,991,1004,1407,1042,1111,1468,1102,1395,987,1304,1196,1460,1225,1013,1343,1212,970,1222,983,1207,1371,1197,1016,950,1230,1283,1369,1404,984,1013,1033,1411,1432,1194,1102,1017,1046,1419,1196,1393,1462,1210,1256,1188,949,1149,1070,1070,1114,1235,1158,1414,1200,1349,1509,1395,1135,1249,1499,1140,1126,1010,988,1445,1139,1059,1397,1274,1229,1130,1444,1190,1149,1192,1128,1503,1392,1018,1133,1492,960,1196,997,1292,1026,1345,1268,1482,1356,1460,1385,977,1042,1109,1162,1165,988,1485,1478,1254,1136,1002,1384,1220,1267,1185,1344,1048,1444,1339,1144,1498,1511,1054,1241,1294,1103,1487,1177,1278,1104,1402,1272,1201,1239,1285,1412,1064,1219,1166,1500,1357,980,1083,1291,1151,1248,1022,954,1337,1103,952,1358,1274,1393,984,1460,1172,1430,1177,1301,1032,1071,1094,1467,1111,1037,1025,1375,1376,1105,1106,1241,1499,1460,1214,1344,977,1185,1306,1502,1114,1216,1465,1066,1191,1506,1154,1503,1337,1322,978,1311,1444,1095,1408,1370,1392,1252,1164,1449,1336,1459,1100,1289,1378,1328,1083,1324,1457,1145,974,1008,1126,1155,1506,1490,1478,1470,1162,1014,1048,1193,1490,1202,1185,1380,960,1397,1329,1380,1050,1245
,1244,1018,1239,1032,1285,1089,967,993,1243,1477,1191,1319,1409,987,1454,1420,1345,1244,1145,1163,975,1210,1382,951,1211,1425,1144,1403,1140,1132,1149,1178,1357,1490,1354,1252,1374,1295,1216,1176,1373,1252,1217,1253,1320,1510,1152,1384,1024,1482,1050,1128,1499,1509,1047,1177,1402,1097,1016,965,986,1103,1479,1508,1010,1104,1112,1307,1065,1460,1093,1391,1337,1443,1355,1208,1223,1169,1353,1467,1086,998,1146,1443,1242,1334,1154,1501,1430,1316,1191,1434,1218,1265,1208,960,1230,1385,1257,1324,989,978,976,1382,1319,1486,1146,1203,1490,1169,1354,1484,1353,1301,1076,1338,1139,957,1343,1093,1341,1329,1412,1332,1175,1468,1240,1384,1254,1077,1357,1270,994,1046,1318,1280,1432,1333,1124,1097,1109,1354,1046,1302,1211,1503,998,964,974,951,1046,991,1101,1143,1506,1488,1219,1418,967,1100,1122,1052,1135,1459,1155,1438,1267,1130,1269,1459,1258,1410,1226,1096,1354,1161,1372,1327,1157,1326,1366,1039,1010,1360,1194,1347,1203,963,1329,1295,1028,954,963,1013,1295,1398,953,1025,1282,1162,1454,1159,949,1014,1182,1259,1446,1364,1251,1298,1456,1348,964,1446,1073,1448,1044,1287,1441,1003,1228,1058,1380
,959,1380,1294,1438,1067,1505,1394,1248,1257,1476,1219,1258,1121,1187,1199,1215,1221,1325,950,1411,1211,1192,1238,998,1415,1405,1025,1347,1313,1448,1098,1368,1366,1440,1162,1384,1043,1028,1489,1421,1231,1403,1285,1243,966,1044,1196,1090,1430,1334,1206,1027,1418,1448,1134,1109,1337,1316,1510,1134,1507,1412,1298,960,1227,1230,1233,1508,1373,1009,951,1134,1245,1316,1245,1212,1101,1170,1406,1146,1017,1138,1196,1106,1235,992,979,1463,1086,1414,1436,1485,948,1347,1165,1086,1353,1273,1404,1345,1136,1196,1054,1127,951,1140,1109,1076,1504,959,1199,1314,1282,1190,1344,1053,1026,1045,1164,1140,1153,1271,1233,998,1106,1446,1470,1080,1249,1321,1215,1276,1015,1177,1102,1445,1289,1267,1219,1337,1068,1277,1112,1038,1116,1483,978,1169,1364,1479,1167,1312,1121,1128,1046,1055,1100,1332,1444,1050,1469,1026,1331,1059,1314,1084,960,1340,961,1353,1351,953,1087,1014,1006,1111,1219,1200,986,1165,1063,1255,1410,1131,1494,1218,1024,1133,1409,1125,1486,1403,1143,1496,962,1270,1256,1219,1150,1070,1487,1444,975,1336,1033,1096,1187,965,1429,1500,1288,1040,1181,1185,1259,1166,1233,1070,1302,1338,1464,1303,1094
,1461,1214,1501,1384,1327,1489,965,1192,1316,1232,1438,1276,1019,1252,1175,1140,1039,1271,1177,947,1423,1150,1248,1135,1461,1035,1285,1076,1095,1001,1125,1116,968,1481,1419,1339,1138,1115,1459,1241,1188,1442,1311,1430,1285,1397,1482,1153,1076,1102,1239,1428,994,1183,1329,1156,1128,1386,1431,1070,1048,1149,1332,1336,1318,1356,985,1140,1185,987,1123,1004,1176,1030,1074,1110,1185,1324,1075,1231,1241,1084,1049,1452,1049,1420,1039,1267,1323,1439,1445,976,1085,1363,1278,1123,1198,1115,1491,1281,1184,1290,1184,1111,1113,1301,1311,1205,991,1199,1064,1071,1096,1343,1302,1507,1439,1416,1431,1149,1493,985,1044,1002,1467,1444,998,1253,1377,1449,1105,1168,1031,1054,1275,1427,1046,1293,1347,1221,1484,1432,1270,1263,1018,1111,1144,1228,1401,950,1286,985,1073,1449,947,1066,1496,1222,1030,1465,1308,1209,1051,1437,1095,1029,1377,959,1107,1294,951,1008,1464,971,1120,1126,972,1142,1057,1405,1265,1205,1127,1454,1228,1347,946,1300,1128,1190,1257,1263,1324,1405,1254,1278,1242,1438,1267,1057,1177,1216,1369,1451,1012,1150,1336,1252,1129,1385,1270,1129,1355,1083,1477,1376,1085,1111,1142,1326,1438,953,961
,1502,1357,1460,1488,1350,1075,1192,1371,1254,1343,993,975,1008,1322,956,1169,995,1070,1408,1314,1196,1306,1491,1474,1115,1467,1292,1142,1420,975,1219,1193,1026,1483,1424,1471,1465,1403,1462,1432,997,964,1093,972,1264,1067,1227,1070,1220,1118,1367,1339,1457,1451,1022,1333,996,1305,971,1503,1341,999,1129,1303,1285,1148,1441,1434,1199,1085,986,1299,1142,1237,1496,1378,1309,1149,1207,1324,980,1371,1233,1352,1127,1453,1221,1397,1164,1190,1055,1481,1366,1338,1399,1504,1163,1271,1293,1037,1083,1479,983,995,1295,1004,1324,1163,1440,1023,1307,1196,1206,1007,1432,1255,1273,1272,1135,1101,963,993,949,1389,1219,1412,1133,1342,1205,1202,1145,1304,1089,1241,946,1260,946,1204,1387,1372,1092,1337,1309,1316,1256,1467,1035,1306,1023,1084,1209,1039,963,1077,1154,1110,1416,1346,1332,1061,1260,1253,1422,1336,1025,1502,1407,1031,1210,1172,1066,1458,1008,1235,960,1258,1278,1225,986,1088,1039,1040,1157,1109,1125,1276,1177,1192,967,1348,1138,1032,1394,1271,1434,1444,1319,1511,1135,1354,1089,1076,1359,1272,1189,1421,1233,1054,1286,983,959,1043,1346,1342,1040,1388,1087,967,1503,1175,1101,1431,1004
,1133,1198,1007,1209,1118,1081,1194,1383,989,1137,1374,1001,1048,1511,1425,1438,1191,956,978,975,1095,1335,1234,961,1199,1072,1183,1367,1334,1140,1436,1336,1483,1336,1219,1155,1508,1342,1494,1070,1105,1007,1011,979,1371,952,1379,1506,1105,1048,1240,1151,1127,1318,1511,1199,1485,1217,1063,1481,1450,1415,1064,1066,1237,1061,1369,1193,1283,1449,1330,1034,1116,1506,951,1451,1326,1006,1296,1028,1309,1407,1099,997,1178,1282,995,1245,1467,1348,1247,1336,1394,1124,1468,1356,1294,964,1361,1084,959,1500,1186,1272,1379,1166,1495,1355,1342,1102,1399,1263,1202,1331,1257,1009,1215,1371,990,1337,1374,1472,1414,1237,974,1303,1257,1373,983,946,1440,1455,1442,1443,1302,1294,1387,1007,1239,964,1231,1325,1071,951,1412,1345,1129,975,1408,1398,1001,1484,1436,1372,1435,1309,1009,1264,1474,1170,1184,1148,1361,1016,1121,1331,1165,1101,1303,1381,1226,1155,1473,1475,1037,1394,1138,1218,1238,1065,1013,1189,951,971,1277,1493,1137,1124,1115,1470,1348,1490,1504,994,1197,1452,1360,1188,1458,1099,1341,1067,1501,1300,1160,955,984,989,1039,1019,1085,1081,1395,1271,1427,1477,1362,1130,1383,1076,1017,1099,1129
,1235,1251,1091,1329,1219,1343,1274,1379,1404,1490,1031,1509,1188,1026,1407,1058,1193,1362,1177,956,1510,1031,1003,970,1051,1082,1465,1292,1011,1140,1467,1187,1201,1316,1020,1473,1309,1305,1293,1037,1486,1464,1199,1107,1263,1335,1063,1269,1051,1405,1287,1323,1274,1503,1501,1302,1467,1222,1335,1474,1399,1179,1362,1313,1102,1141,1239,1512,1128,1126,1404,964,1269,1449,969,1178,1027,1484,1016,1436,1134,1446,966,1064,1179,1418,1301,1193,1299,1156,1322,1469,1179,1478,1372,1215,1403,1346,1327,1072,1378,1139,1440,1110,1352,1364,1140,1258,1319,1055,1421,971,1159,1345,1452,1459,1122,1310,1506,1199,1448,1349,1041,1365,1343,1407,1461,1461,1055,1142,1002,1460,1242,1340,1298,1332,1125,1229,1250,1247,1282,1230,1304,1379,1090,966,1275,1165,1407,1149,1338,1358,1467,1308,1407,1029,1319,979,1197,1425,1218,1222,1496,1316,1185,1371,1008,1509,1007,1195,1506,994,1277,1222,1009,1171,1207,1184,946,1029,1445,1456,958,1180,1506,1046,1315,1235,1126,1213,1376,1479,1434,987,953,1350,1119,1148,1507,973,1035,1386,1126,979,1339,1283,1471,1249,1267,1134,1011,1475,1044,1349,1208,1503,958,1511,1447,1072,1149,1340,954
,1375,1116,1371,1342,961,1227,1382,1236,1294,1365,1170,1397,1436,1313,1217,1255,1419,1158,1118,1298,1508,1175,1033,1166,1373,1229,1475,1372,1475,1079,1326,1121,1017,1091,1255,1165,1105,1508,1400,1412,1004,947,1120,1422,964,1042,1438,1454,1361,1433,1312,1479,1291,1060,994,1203,1113,1007,1316,1342,1389,1267,1357,1350,1164,1114,1439,1440,1403,1063,1001,1402,1397,1379,1510,1458,1113,1403,1180,1416,1449,1499,1472,979,1052,1214,1511,1261,1404,1317,981,1459,1223,1402,1456,1412,986,986,1106,1506,1094,1054,1332,1180,1088,958,1429,1261,1354,1150,1302,1285,1426,1033,1471,1255,1275,1069,1178,1308,1247,965,1441,1294,1135,1126,1453,1025,1486,968,1143,1099,1228,1117,1034,1105,1199,1359,1299,1110,1072,1153,1078,1296,1081,1193,1241,1507,1041,1237,1320,967,1222,1314,1168,1348,1037,1266,1102,1011,1158,949,1053,1269,1294,1250,1096,1199,1297,1111,996,1185,1326,1175,967,1197,1382,1339,1433,1470,1480,1086,1203,1066,1510,1093,1285,1105,1216,1320,1008,1139,1296,1177,1232,1064,1352,1486,1268,1211,1197,965,1320,1333,1001,1387,1474,981,1156,1130,1215,1115,1193,1315,1022,1205,1209,977,1398,1058,1292,1317,1440
,1186,1405,1015,1324,1008,1335,966,1502,1333,1179,1459,1379,1055,970,1323,1018,1300,1367,1326,981,1061,1048,1441,1483,1163,992,1053,1135,967,1001,1470,1224,1240,1512,1341,984,1347,1273,1508,1418,1144,1293,1160,1462,1122,1217,1352,1011,1128,1391,1080,947,1418,1066,1386,1034,1049,1049,1487,1105,1440,1235,1299,1252,991,1449,1091,1243,1497,1350,1189,1376,1455,1263,1461,968,1491,1135,1466,1051,1282,981,1347,1459,1224,1265,1233,1357,1039,1288,1365,1076,1430,1229,1123,987,1123,1008,1455,1142,1502,1335,1411,1283,1061,1097,1453,1403,1164,1005,1123,1295,948,1265,1037,1484,1024,1438,1241,1489,1500,1326,1359,958,1098,1246,1097,1286,1042,1151,1035,1413,1323,1062,1193,1242,965,1217,1156,1045,1146,1458,962,1147,1423,1503,1220,1467,1128,1166,1053,977,1051,1397,1213,1384,961,986,1482,1091,1175,1449,999,1456,1504,1375,1465,976,1307,1486,1201,1421,1138,1427,1131,1012,1072,1055,1055,1054,1401,1270,1425,981,1004,1194,1468,1215,1295,1020,1497,1355,1099,950,1380,1264,1037,1134,1246,1079,1381,1368,987,1347,1437,989,1389,1380,1225,1172,1082,1357,1214,1314,1022,1202,1005,1095,1243,1043,1189,1105,1166
,1060,1119,1395,1222,1235,1082,1464,1192,1331,1494,983,1155,1232,993,1437,964,1043,1060,1183,1145,1327,1393,1134,1491,1468,1458,1351,1510,1414,1143,1036,955,1118,992,1392,1116,1388,1077,1224,1087,1379,959,1048,1280,1166,1326,1127,1245,1196,1350,976,1425,1037,1328,1438,1183,1039,959,1302,1251,1369,1217,1446,1135,1235,1256,969,1458,1048,1040,1181,1343,1244,1373,1463,1137,1247,1293,1432,956,1426,1030,1312,1310,1139,1056,969,1033,1117,1390,1489,1098,1226,950,1342,1414,1383,976,1086,1139,1492,1282,1165,1285,1493,1420,1058,1419,1415,1073,1271,1022,1368,1020,1197,1170,1320,979,1257,1284,1155,1081,1167,1335,1107,1328,974,1111,1038,1445,1242,954,989,1167,1192,1367,1276,1115,1347,952,1339,1459,1015,1015,1370,1005,1502,1328,1197,1011,1331,1274,1096,1097,1276,1325,1366,1269,1020,1043,992,1292,1481,1371,1112,1138,969,1300,1014,976,1036,1406,1358,1171,1063,1001,1064,1320,1360,1477,1080,1201,1009,1500,1294,1264,1301,1271,1220,1478,1492,1064,1433,1097,1259,1106,1108,1412,956,1157,1047,949,1127,1462,1193,1431,1365,1372,1356,1234,1002,974,1055,1509,1154,1090,1415,1176,1283,952,1506,1156,1054
,1199,1076,1463,1143,1111,1198,1083,1419,1067,996,986,1104,1366,1327,1210,1137,1055,1469,1352,1065,992,1435,1101,1263,1059,1252,1447,1264,1423,1333,1473,1381,1051,1016,1451,955,1130,1014,1059,1395,1180,1167,1346,1299,1396,1341,985,985,1437,1489,1388,1390,1477,1473,1096,1138,1253,1024,956,1241,1491,1412,1288,1510,1283,1004,1383,1029,1425,1191,1000,1365,1202,1391,1498,1474,1364,1422,951,1431,1017,1210,1504,1480,1341,1363,1059,1501,996,1313,1161,958,1259,1020,1374,1065,1376,1495,1374,1128,1464,1092,1409,1012,1429,1016,1313,1053,1512,1164,1447,1455,1390,1248,1306,1085,1129,1181,960,1435,1285,1227,1245,1326,1344,1212,1481,1492,1053,1427,1119,1489,1135,1277,1290,1462,1192,1440,1295,1111,949,1316,1354,1298,1402,1380,1083,1473,981,948,1164,1038,1181,1051,1039,1350,1407,1205,1015,1170,1092,1028,994,1092,1510,1454,1230,1086,1302,1225,1109,1021,1216,1212,982,1382,1193,1063,1368,1333,1278,1277,1230,1508,990,1239,1114,1157,999,1048,1037,1373,1014,1227,1457,1456,1164,1504,1248,1232,1026,1106,1369,1327,1212,1009,1089,1041,1458,1176,1345,1299,1397,986,1333,955,1046,1269,1262,1412,1226,1010,1239
,1243,959,1432,1486,1292,1003,1231,1490,1463,968,1030,1444,1194,1374,1071,1225,1434,1201,1284,1299,1156,1289,1420,1027,1114,1510,1371,1209,1124,1350,1484,1336,1073,1329,1176,1027,1018,1188,1437,1279,1345,1001,1371,1004,1451,1386,1169,1328,1403,969,1381,949,1076,1363,1121,1468,1188,1292,1240,1003,1234,1306,1236,1507,1050,1220,1204,1119,1184,1292,1358,1031,1081,1079,1046,1426,1060,1091,1242,1138,1000,959,1397,1258,1393,1345,1300,1358,1328,1176,1108,1430,1232,1285,1430,1027,1006,959,1434,1199,1111,1068,1259,1030,1124,1343,1230,1421,1440,1032,1025,1323,1295,1112,1012,963,1208,1302,1373,1206,1436,1412,994,992,1320,1442,1400,996,1397,1019,1131,1148,1209,1293,953,1234,1499,1447,1336,1079,1281,1484,1237,1318,1392,1337,1005,1100,1289,1089,961,1439,1201,1068,1091,1361,1028,984,978,1354,1211,960,1003,963,1318,1153,1406,1000,1135,1133,1155,1308,1031,1319,1398,1022,1409,1076,1098,1338,1012,1031,1431,1028,1024,1296,948,1503,1049,965,1068,1168,1455,1081,1055,1399,1083,1179,1375,1232,975,1228,1142,1297,1460,1277,1075,1082,1012,991,1220,1234,1277,998,1314,1125,1173,1439,1354,1506,1340,1341,1054
,1303,993,1420,1004,1377,990,1118,1056,1191,1174,1491,1396,1117,1305,1247,1133,974,1342,1400,1402,1219,1314,1092,1309,957,1510,1305,1380,1035,978,1043,1335,1135,1484,1061,1047,1390,1147,1292,1228,993,1056,1082,1508,1289,1327,1054,1512,1026,1489,1442,1430,1179,1227,1027,963,1457,950,1294,1440,1430,1098,947,1434,1002,1148,1287,983,1201,1424,1435,1146,1435,1368,1108,1429,1255,961,962,1431,1116,947,1078,950,1311,1270,1207,1482,1044,1267,1472,1037,1276,1340,1063,1319,1131,1003,1049,1133,1344,1367,1435,1195,1225,1454,1044,1492,1388,1322,1044,1265,1187,1108,1090,1309,1163,1445,1137,1136,1058,1373,1124,1126,1183,974,1244,1377,1126,1009,1079,1196,993,1419,1183,1312,1103,994,1180,1144,1110,1260,1233,994,1157,1349,1210,977,1348,1356,1432,1290,1141,1313,987,1344,1118,1080,1121,1086,1347,1154,1154,1453,1317,1321,999,1289,1059,962,1104,979,1411,1160,1168,1098,1048,1061,1356,1355,1178,1037,1293,1101,996,1494,1105,1233,1409,1137,1402,1432,1250,1223,1371,1243,1349,1466,1122,1042,1258,1325,1330,1263,1340,1298,1277,1025,1349,1258,1282,1037,1461,1217,1381,1046,1024,1246,1368,956,1431,1474,981
,1091,979,1132,1331,1107,1166,992,1342,1299,1217,1049,1149,1467,1000,1173,1286,1451,1028,1047,1243,1223,1348,1023,1298,1242,1060,1181,1061,1018,1114,1412,1097,1231,1392,1229,988,1464,1401,1484,1218,1254,1011,1509,1199,989,1202,1124,1323,1307,1299,1327,962,1286,1441,1300,1393,956,1175,1408,1309,1132,986,1505,1367,1390,1074,1249,1360,1137,1024,1027,979,1160,1167,1348,1159,1037,1298,1187,1017,1100,1493,1070,1447,1148,1397,998,977,1489,1215,1420,1436,1280,1064,1154,1087,1048,1466,1353,1118,1503,1436,1210,1433,1060,990,1226,1175,1013,1493,1013,1095,1012,1054,1158,1378,1343,1354,1184,982,1362,1357,1238,1201,968,1374,1464,1150,1246,1257,1307,1120,1429,1243,1451,1127,1017,1274,1091,1482,1050,1226,1495,1454,1504,1164,1031,1190,1273,1439,1110,1211,1156,1424,1011,1464,1389,1269,1382,1316,1280,1044,1450,1030,1365,1506,1438,1199,1372,1032,973,1071,1402,1090,1165,1263,1394,1040,950,1206,1062,1388,1459,1507,1294,1255,1384,1386,1209,1386,1402,1437,1311,1069,1386,1103,1016,1139,1065,1409,1393,1292,1032,1168,1142,1477,1360,1358,1032,1152,1090,1275,951,1278,1342,1153,1464,1177,1455,1308,1489,950,1227
,1344,1321,1062,1336,1254,1363,1059,958,1266,1038,1056,1372,966,1444,963,1451,1239,1493,1281,1222,1397,1362,1162,1261,1316,1457,1210,1484,954,1291,1082,1295,1051,1281,1063,1321,1188,1063,1399,1266,973,986,1414,969,1069,1012,983,1171,1065,1499,978,1373,1424,1422,1451,1383,1105,1489,1335,1442,1152,1430,1449,1415,1109,1226,1368,946,1331,1078,1377,1423,1404,1206,1123,1428,1157,1436,1295,1231,1485,1359,1384,1432,1202,1234,1354,1289,1486,1419,1367,1178,1380,1075,1190,1292,1349,1115,1313,996,967,1262,1384,1496,1025,1183,1509,1158,1296,1303,1262,1153,1004,1427,1120,1073,1185,1083,1309,1312,1242,1017,1177,1231,1005,1237,1016,1453,1353,1068,1193,1168,1313,1273,1168,1059,1251,1378,1455,1194,1435,1201,1128,1510,952,1031,1137,1329,968,1150,1337,1089,1022,1136,1091,1328,1135,1212,1322,1272,1493,1441,1235,1492,947,1030,1229,979,1159,1050,1059,1250,1012,979,1467,1266,1051,1303,1302,1017,1233,1473,1448,1022,1300,1501,1433,1492,1401,1317,1065,1361,1419,1443,1200,1375,1240,1310,999,1146,1280,1370,1353,1133,1132,1166,1373,1357,1047,1361,1453,1016,1011,1293,1247,988,1121,1160,1480,1319,1458,1438,1268
,1336,1410,979,1390,1472,1479,1244,1202,1115,1414,1294,1287,1374,1069,1162,1099,1372,1137,1071,1466,1238,1440,1493,1263,992,1408,961,1201,1227,1011,993,1404,1113,1311,1389,1118,1449,1450,1345,1204,1012,1143,1192,1066,1123,1465,1201,984,1045,1468,1318,1205,1446,1404,1169,1146,1476,1385,1140,1512,1015,1145,1310,1007,1047,1485,1328,980,1167,977,1048,1069,1267,1291,952,1306,966,1362,1434,1198,954,1360,1198,1256,1185,1100,1456,992,1432,1283,1433,1344,1297,1088,1193,1296,1249,1193,1378,1078,1131,1338,1195,1097,984,1238,1387,1343,1167,946,1293,1169,1225,1219,1380,1147,1466,1071,1497,1227,1497,1422,1021,1439,1022,1499,1485,1498,966,1072,1312,1055,1257,1378,958,1434,1287,1266,1386,1455,1000,1286,1183,1447,1302,1192,1051,949,1205,1226,1085,1333,1342,1094,1053,1219,1144,1085,1510,1432,980,1010,1056,1242,1503,1071,1307,1460,1360,1325,968,1104,1257,1510,1214,1180,1169,1381,1509,1046,1081,1108,1024,1080,1129,1336,1106,1381,1485,1348,1243,1474,1350,954,998,1407,1300,1103,1135,1201,1007,1028,1501,1204,1292,1015,1047,1249,1324,1153,1178,1241,947,1416,1340,1029,1045,1323,1393,1309,1288,1249,1227
,1337,1263,1480,1057,1472,1343,1342,1490,1278,1208,1002,1074,1163,1214,1358,1509,1010,986,1295,1191,1198,1039,1466,1200,963,1364,1214,1364,1272,1071,1162,1423,1497,1428,1291,1071,1040,1347,1396,988,1308,1339,1005,1192,1058,1207,1168,1360,1248,1125,1268,1451,1418,1172,1120,1440,1120,1414,1378,1085,1048,1441,1118,1328,1247,1480,1492,1291,1028,1299,1218,1425,1473,984,1329,1005,1086,961,1131,1423,1153,1182,1212,1417,1002,1447,1431,1285,993,1400,1501,964,1429,1159,1196,1359,991,1254,1209,984,1258,1131,1403,1110,1430,1134,1103,983,1097,1468,1343,1086,1348,1505,1383,1113,1099,1207,1079,1172,1293,1448,1510,1457,1407,980,947,964,1047,1062,1055,1317,1336,1401,1406,976,946,1201,1342,1463,1216,1128,1096,1413,1500,1368,1494,1244,1414,1492,1280,1257,1020,1355,1233,1130,1394,1189,990,1044,1148,1065,1249,1407,1267,1250,1069,1100,1496,1320,1284,956,1403,1431,1017,1388,1479,1298,1510,1234,1055,966,1240,1496,1280,959,962,1240,1401,1387,1477,1268,976,1470,1068,1371,1134,991,1443,1161,1469,1500,1053,959,1103,1441,1372,1346,1485,1480,1167,1464,1035,946,1503,1072,1467,1000,959,1136,1305,992,1109
,973,1221,1110,1136,1220,1386,1291,1385,1382,1253,1143,1203,1129,1353,1203,1477,1347,1212,1486,1148,997,1022,1512,981,962,1309,1496,1117,1478,1225,1304,1233,1311,1495,1368,994,1129,1407,1011,1366,1104,1283,1472,1238,1011,958,1217,1258,1244,1009,1423,979,1040,1505,1079,1021,1063,1267,1353,987,1497,1115,1430,1054,1416,1369,1138,1064,1435,1504,1283,1139,1393,1189,1261,1309,1336,1237,1188,1013,1156,1308,1318,1018,1162,1463,1310,957,1473,1484,1164,1018,1286,1017,1312,1387,1478,1430,946,1462,1212,982,990,1220,1443,1265,1225,1263,1105,1430,1431,1323,1026,1326,1093,1450,1309,1170,1093,1253,1098,1058,1389,1047,1134,1180,1239,1000,1114,1371,1104,1086,1348,1508,1343,1483,1127,1055,1189,1353,1178,1481,1150,1359,1152,1312,1496,1422,1442,1155,1363,1013,1219,1192,1311,1406,1259,1027,991,1410,1137,1252,1185,1257,1186,1246,1449,1037,1481,1453,1025,998,1100,1125,1469,1451,1482,1488,1302,1507,1300,1066,1060,1156,1507,1406,966,1196,1497,1481,1445,1413,1313,1206,1486,1365,1150,1166,1032,1356,1222,1457,1437,1247,1330,1350,1281,1449,989,1374,1158,1309,986,1466,1146,1452,1027,1216,1134,1381,1463,1298,1173
,971,953,1511,1367,1452,1195,1186,1403,1302,1194,1322,1325,1428,1095,1250,1071,1435,1429,995,1351,1178,1508,995,1326,1053,1218,964,1496,1209,1197,1417,1139,1088,1119,1011,1369,1243,1159,996,1036,982,1052,1283,1133,1294,1129,1044,1314,1309,1347,1344,1378,1072,953,1354,1265,1318,1459,1024,987,1432,1280,1230,1113,1378,1073,950,1219,1122,979,1026,1191,1282,965,995,1119,1458,1066,1436,1202,1390,1359,1017,1204,1162,1138,1463,1266,1146,1309,1224,1353,1507,1454,1480,1484,1122,1155,962,1241,1205,1415,1418,1439,1346,957,1219,1452,1195,1267,1072,1222,1191,1347,1004,972,1256,1274,1014,966,1405,1192,1325,987,1345,1461,1078,1237,1512,1000,1153,1388,1334,1431,1228,1040,1343,1292,1164,1223,1497,1179,1358,1205,1138,1469,1203,1424,1239,1410,1222,1210,1212,1406,994,1398,977,1032,1427,1244,1189,1414,1254,1311,1459,1102,1488,1316,1045,1020,1023,1384,1402,1165,1061,1348,1208,1254,1438,1215,1047,1083,1117,1079,1458,1463,1029,1160,1231,1289,1193,1482,1187,1272,1323,1226,1075,1184,1158,1063,1006,1475,1103,1055,1313,1505,1424,1006,1178,999,1498,1444,1272,1453,1385,995,1351,1285,1218,1190,1013,1440,1318
,1433,1086,1054,1262,1016,1337,1130,1363,1035,1115,1154,1225,978,1277,1131,993,1201,1033,1382,1486,1064,1123,1167,1121,993,994,1504,991,1345,990,1428,1182,1137,1366,1071,1281,1374,1244,966,1172,1138,1251,968,1259,1371,1295,1353,1457,1268,1392,1385,1257,1405,1484,979,1333,1075,985,1361,1016,1392,1123,1246,1376,1171,1509,1343,1189,1461,982,1138,1155,1294,1124,1405,1162,946,1360,1254,1240,1352,1457,1006,1242,1161,1307,1194,1446,1124,1006,1397,1158,1136,1510,1249,953,965,1430,1443,1108,1114,1481,1254,1359,1011,1456,1095,1398,1064,1026,967,1497,1345,1185,1244,1219,1041,1073,1149,1096,1510,1213,1439,1155,1439,1162,1205,1436,1232,1340,1120,1394,1029,1068,1325,1013,1107,1293,977,1187,1244,1198,1385,1248,1256,1485,1286,958,1477,1114,1299,1158,1152,1305,1248,1051,1323,983,1105,1506,1068,1350,1081,1052,1075,1126,1243,1006,1108,1288,1337,1148,1223,1446,1399,1042,1452,1116,1422,1068,965,1148,956,1251,1030,1040,1037,1114,1380,1294,1088,1161,1240,1409,1030,1067,1041,1145,960,1024,991,1218,1228,1150,1401,1366,1167,1039,963,1187,1365,1397,1489,1371,1510,1423,1249,998,1072,1131,1237,1466,1156
,1276,1474,1230,1162,1222,1185,1180,1151,1296,1453,1402,1148,1301,1489,1326,1267,1091,1016,1058,1313,1116,1163,1346,1373,1358,1491,1349,1117,1224,1237,1423,1199,959,1144,1451,1257,1225,1475,1132,1034,1080,1422,1331,1182,1495,1004,1492,1402,1328,1040,1429,1001,1150,1354,1391,984,1252,1458,1199,1214,1043,980,1205,1149,1192,1158,1175,1053,1484,1288,992,1270,1508,1509,949,1225,1042,1503,1206,963,1243,1273,1056,1217,1254,1001,1082,1200,1298,1350,1055,1259,1255,1189,1041,1093,1102,1084,966,1333,1224,1231,1037,1321,1277,1296,1479,1253,1015,1115,1105,1445,1228,1276,1389,1257,963,1421,1269,1127,1363,1015,1211,1322,1390,1192,1234,1143,1424,1225,1292,1368,1396,1169,1392,1290,991,1059,1104,1452,1061,1070,1059,1497,968,1346,1237,950,1305,1448,1105,1304,1050,1341,1363,1454,1303,1079,1373,1447,1389,1316,1268,1088,1443,1146,1121,1130,1329,1410,1360,1399,1406,1170,1029,1143,1281,1464,1010,1248,1185,1123,1365,1063,1036,1349,1327,1256,1130,1282,1018,956,1438,991,1242,1305,1059,1178,1134,1210,1279,1026,1122,1468,1445,1243,1294,1339,998,1345,1121,1075,1150,1060,1039,1218,1086,1085,1265,1350,1160,1208,1159
,1238,1310,1383,1019,1122,1463,1036,1503,1211,1341,1289,1148,1273,1003,1117,1057,1309,1225,1418,1011,999,1121,1169,1273,1445,1448,1017,1065,948,1157,1224,1003,1366,1143,1081,1022,1401,1241,1422,992,1469,1383,1200,1511,1496,1397,1262,1464,1084,1442,1203,1086,1171,1201,1318,1018,961,1364,1509,1000,1359,1152,1362,1311,1199,1087,1147,1344,1408,1090,959,1322,1102,1170,1160,1262,1470,1008,988,1191,1236,1140,950,1118,1500,1344,1410,1439,1243,1239,1109,1248,1283,1203,1106,1041,991,1222,1455,1417,1295,1505,996,1326,1497,1026,1157,1112,1348,1343,1465,1091,1243,1075,1175,1157,987,1150,1000,1270,1343,1130,1154,1060,1458,1510,1107,1264,1243,1352,1285,1265,1336,1452,1014,1259,1055,1200,1181,1486,1298,1441,1442,983,1196,1354,1137,1204,1208,1379,1035,1041,1473,1385,1260,1132,990,1281,1098,1381,1123,993,1143,983,1184,1221,1074,1065,1027,1337,1099,1385,1242,1464,1064,1380,1236,1069,1091,1312,961,1052,1373,955,1407,981,1409,1251,1470,1381,1409,1391,1275,998,1357,1074,1177,1063,1375,1512,1001,1445,982,1298,1013,1141,1114,1236,1150,979,1139,1057,971,1213,1134,1291,1020,1450,1311,1153,1265,1195,1075
,1206,1165,1194,1042,1008,1264,1436,1300,1392,1364,1023,1152,1374,1469,1071,1046,1079,1100,1448,1174,1180,1390,1017,985,1124,1288,977,998,1090,1318,1189,1430,1037,1312,1005,1111,1274,1107,977,1443,967,1461,1443,1307,1172,1341,1259,1002,998,969,1032,1018,1249,1097,1207,968,1451,1407,1247,1041,1122,1032,1019,1038,1196,963,1318,1006,1405,1484,1106,1363,1063,1003,1422,1005,990,1446,1165,1354,1336,1394,1210,1379,1341,1501,1293,1424,1410,957,1201,1064,1207,1109,1442,1305,1107,1068,1241,1021,1111,966,1001,1448,998,1088,1045,1441,1152,1091,1419,1062,1494,960,1158,1225,1067,1103,1457,1142,1143,1465,1147,1221,1386,1351,1390,1507,1177,1068,1272,1056,1454,1272,1349,1429,1156,1415,1160,1260,1333,1235,1466,1188,1018,1247,1387,1018,1183,1486,1378,1250,1212,1066,1155,1487,1158,1115,1509,1441,1178,1020,1357,1497,1412,1328,1044,1456,1201,1244,1493,1192,1472,1357,1295,1248,1214,1105,1401,1078,1404,1324,1392,1086,1350,1309,1092,1470,1091,1413,1266,1111,1038,1395,1449,1299,1018,1029,1441,1120,1492,1233,1498,1320,1345,1239,1050,994,1005,1478,1309,975,1206,1421,1208,1132,1228,1159,1061,1428,1336,1208,1324
,1111,1115,993,1416,1356,1306,1215,1267,1014,1055,1494,1403,1033,1419,1326,1011,1313,1461,996,1146,1438,1003,1109,1258,993,1161,968,1054,1001,1383,1203,1421,1420,1254,1213,1088,1163,1506,1000,996,1093,1311,946,1333,1500,1416,1373,1184,1112,1488,1280,1091,1259,1020,1118,1442,1033,1260,999,1169,1172,1052,1386,958,1100,1488,1001,1134,1420,1395,1243,998,1247,1148,1010,1167,1074,1442,1119,1233,1317,1197,1205,1374,1090,1316,953,1290,1143,1098,1466,1416,1196,979,1357,1043,1273,1313,1249,1248,1169,953,1282,1126,1492,1050,1088,1171,1452,1277,1411,1121,1480,1425,1486,1077,1386,1031,1180,1192,1463,1310,1185,1488,1258,1367,1161,1369,1067,957,1003,1236,1090,1133,1169,1310,1285,1447,1429,1231,1088,1506,1139,1238,1298,1365,1038,1208,1164,1280,1314,1209,1180,1458,1028,1485,1122,1204,1392,1337,1435,1180,1197,1140,966,1100,1511,1348,1342,1156,972,982,1043,1467,1012,1457,1461,1410,1023,958,1154,1450,1254,1354,1444,1395,959,1135,1183,1364,995,1277,1217,1492,1254,1298,1261,1315,1336,1048,1249,1500,1069,1061,1026,1047,1021,1003,1161,1068,1048,1153,1364,1016,1191,1209,1267,1354,1097,1034,1195,1025,1287
,1176,1183,1096,1161,1007,1383,1332,1352,1061,1119,1224,961,1395,1356,1032,971,1269,1490,1170,1252,1374,1211,1166,1193,1406,1410,1027,1436,1366,1184,1113,1155,1409,1214,1410,1013,1025,1150,1477,1103,1100,1174,1197,1035,1071,1247,1131,1230,1249,947,1043,1093,1138,1292,988,1385,1228,1465,1415,973,1404,1437,1263,1379,1061,1475,1271,1359,1388,1188,1073,1327,1059,1386,991,1355,1143,1416,1075,1135,1078,1388,1451,1139,1375,1075,1183,973,1022,1047,1449,1478,1317,1135,1288,1281,967,1365,1354,1063,1372,1172,1465,1271,1199,1508,1013,1028,1369,1408,1019,1016,1386,1248,1094,1204,1294,1088,1190,1342,1235,1212,1245,1464,1078,1107,1155,1189,1280,1205,960,1055,1395,1403,1225,1093,1469,1231,1175,1069,1196,1426,1240,1427,1028,997,1372,1057,1432,1182,1122,1175,1369,1123,1229,1422,984,1463,1272,1044,1364,1054,1102,975,1046,1053,1078,1059,1511,1416,1251,1117,968,1413,1501,1147,1016,1072,1206,1291,1483,1461,1127,1195,1262,1470,1487,1152,1196,1112,1188,1433,1215,1416,1001,1416,1218,1266,1151,1436,1203,1241,1049,1408,1064,1044,980,1484,1453,1480,1022,1135,1284,1425,1075,1186,1028,1074,1183,1453,1420,1154,1045
,1384,1040,1237,1102,1104,1009,1003,1051,1387,1355,1416,1390,1121,1183,1062,1187,1194,1271,1388,964,1054,1087,1479,1019,1362,1182,1126,1179,1059,1088,1197,1005,1011,1173,1408,1106,1220,1008,1329,1058,1445,1164,1494,947,1168,1388,1026,1003,1009,1315,1204,1376,1194,1006,1155,1404,1135,978,1082,1019,957,1474,1351,1069,1376,1406,1338,1342,1457,1123,951,1320,974,1385,1424,1187,1082,1367,997,1159,1501,1089,1462,1031,1010,1401,1489,1452,1336,1363,1147,1484,1500,1117,1507,1256,1097,991,1290,1117,1163,1115,1370,1368,1321,1108,1081,1314,1346,1126,1142,1151,1242,1496,1320,1142,972,1381,1000,1053,1490,1329,1193,970,1439,1329,1488,958,1098,1490,1281,1490,1005,1507,1267,1126,1478,1013,981,1365,1359,958,1111,1457,1186,1508,1179,1069,1118,1060,1346,1169,1137,1148,1316,1062,961,1069,1397,1123,1016,1184,1216,1496,1332,1321,1000,996,966,1504,981,1131,947,1131,1290,1226,1086,1294,1271,1309,1349,1124,1242,1098,1510,1436,1186,1460,1030,1459,1117,1176,1009,1144,1070,1332,1456,1276,1394,1073,1130,1299,1046,1151,948,980,1040,1431,1295,1475,1327,1422,1078,1152,993,1199,1146,1078,1025,1032,1337,1101,1236
,1048,1002,1230,1244,1259,1363,1248,1144,1152,1478,1290,1310,1323,1030,978,1467,1119,1271,975,1038,1307,1439,1172,1417,1080,1166,1126,1473,985,1274,1070,1195,1261,1002,1258,1384,1372,1067,1285,1451,1422,1319,1254,1450,1084,1012,1326,970,1220,1508,1245,1175,1286,1348,1080,1404,1262,1106,1276,1172,1432,956,1393,1238,1375,1008,1175,1120,1495,1409,1408,1133,1442,1002,1054,1366,996,1026,1000,1312,1077,1374,1049,1014,1460,1130,1318,1339,1029,985,1224,1298,1056,1136,1004,975,1306,1470,1157,1079,1394,1159,1358,1024,1206,1266,1110,1290,1268,1149,957,1048,989,1483,1483,1398,1498,962,1286,1052,1178,1413,1359,1269,1027,1470,1079,948,1073,1457,1413,1348,1009,1015,1069,1010,1041,1295,952,1072,979,1179,1203,1382,987,1124,1394,1082,979,1493,1288,1265,1234,1262,973,1143,1136,1087,1224,1167,1333,1279,994,1312,1426,1429,1444,1362,1168,1380,1065,1071,1205,1171,1142,1369,999,1195,1261,1252,1501,1230,1296,1099,1106,1101,1460,1016,1181,972,1056,1412,1462,1160,1112,1142,1289,1499,994,946,1047,965,1040,1257,1327,982,1013,1069,970,1009,1453,1294,1270,1452,1180,1352,1373,1184,1199,1257,946,1003,1141
,1146,1429,1421,958,1387,947,1236,1358,1001,1345,1505,985,1512,984,1000,1125,1058,1289,972,978,1095,1236,1298,1493,1017,1404,1433,994,1448,1060,1456,1202,1343,1160,1119,1121,996,1277,1070,1394,1271,1346,1265,1234,1321,1134,958,991,1434,1099,1196,980,1267,1090,1165,980,1123,1262,1003,1434,1507,986,1382,1465,1203,1273,1390,1263,1298,1446,1154,1307,985,1287,1057,1441,1178,1422,1027,1396,1261,1026,1400,1350,1132,948,1372,1148,1340,1324,1486,1214,1055,1143,1456,958,1195,1314,1353,1347,1461,1469,1162,1097,1088,965,1301,972,1396,1058,1074,1270,1042,1350,1135,1485,1014,1071,1507,959,1453,1197,1064,1356,1427,1166,1082,1094,956,1349,1226,1291,1073,1168,1460,1489,1162,1495,1010,1470,958,977,1311,1301,967,1318,1205,1412,1315,1472,1000,1010,1147,1228,1039,1390,1258,1183,1356,1363,1501,1360,1473,975,1343,1131,1166,1035,998,1497,996,1490,1018,1488,1294,1466,1298,1356,1461,1083,984,1212,1491,1170,1173,1463,1410,1182,1063,1249,1340,1178,1325,1154,1383,1203,953,1050,1237,1298,1039,1101,960,1046,1125,1352,1288,1248,1165,954,1351,1026,1338,1124,1106,1218,1310,1419,1390,1413,1396,1163,1331
,1074,1399,1112,1190,1475,1310,1338,1102,1402,1303,1163,1111,1492,1314,1237,1171,951,958,1114,1107,1488,1143,1417,1078,1354,1148,1193,1510,1450,1454,1436,1391,973,1064,1018,1162,1363,1187,1325,1427,1270,1066,1460,1078,1173,1104,1197,1426,1369,1167,1083,1231,1108,1484,1147,1085,1345,1302,991,1352,1364,1058,1290,1278,1277,1512,1467,972,1351,1228,1145,1049,1059,1449,1264,1029,1291,1179,1061,1465,1284,1056,1316,1343,1195,1111,1444,1150,1378,1388,1103,1230,1263,1198,1340,1258,1396,1333,1197,959,1401,1283,964,1489,1242,1133,1423,1438,1041,1343,999,1365,1320,1481,1277,1135,1008,1509,1508,1202,1237,1126,1447,1123,1408,1161,1077,1206,1155,1110,1343,1099,954,1446,1163,989,989,1436,1102,1036,1095,1044,1029,1184,1242,1348,1014,1297,1187,1192,1511,1176,1386,1250,948,975,954,1130,1012,1307,1159,989,1069,1094,1042,961,1224,1298,1038,1047,1207,1460,1175,1279,1113,1454,1094,965,1098,1058,1148,1300,1450,1046,1352,1447,980,1496,1362,1338,1496,965,1192,1395,1055,1154,1475,1063,1213,1215,1369,1112,1439,1451,1054,1302,1340,1017,1266,1260,1333,1050,1405,1473,1364,1293,1469,1134,1082,1020,1064,1453,1482
,1156,1388,1054,1296,1379,1069,1083,1265,1169,1136,1400,1152,1227,1131,1234,1417,1315,1274,1078,998,1261,1270,1037,1102,1139,967,1222,1301,1348,1159,1204,1464,1445,1091,1355,1001,1080,1035,1221,1470,1464,1053,1442,1485,1309,1028,1022,1133,1297,997,1361,1346,1496,1226,1429,1419,1411,1222,964,1098,1353,1386,1154,1101,1454,1064,974,1437,1440,1282,1446,1086,1463,1372,1461,1168,1415,1317,1477,1073,1051,1136,1080,1370,1012,1257,1298,1080,1244,1170,984,946,1349,1072,1094,1376,968,1512,1454,993,1402,1211,1254,1173,1424,1245,1084,1500,946,1476,1145,997,964,1383,954,1422,1275,1037,1043,1368,1355,1459,1137,1423,1390,962,1275,1359,1017,1452,1014,978,990,1452,1004,964,998,1195,1092,964,1329,1141,957,1496,991,1181,1022,1001,1365,1307,949,1435,1099,1423,1414,972,1496,1440,972,948,1490,1098,1263,1463,1090,1048,1075,1093,1170,1311,1328,1152,1474,1016,1248,1210,1128,1195,1440,1444,970,1236,1458,1102,1159,1034,1497,1162,1502,1190,1488,1039,1345,1200,1265,1024,1341,1416,1362,1106,1163,1372,1267,1500,1091,1001,1106,1315,1470,1112,1326,1210,1156,1189,1248,1172,1500,1475,1355,1073,1015,1176,998
,1444,1452,980,1329,1302,1425,1035,1057,1067,1081,1497,1361,1114,996,1123,1132,1476,1344,1348,1112,1189,1061,1078,1329,1083,1412,1113,1257,1139,1298,993,1046,1273,1182,1234,1494,1425,1018,1475,1480,1249,1177,1108,1301,996,1252,980,1350,1480,1353,1101,1313,1488,1112,1066,1499,1319,1238,1376,1302,1075,1189,1235,1187,1443,1163,1296,1267,980,1163,1333,1272,1019,1150,1215,1023,1367,1044,1363,1163,1229,1169,1097,1392,1244,1235,1500,1173,1407,1197,989,1053,1416,1230,1277,1053,1241,1280,1512,1241,1429,1329,1313,1245,1227,1404,1358,1204,1328,980,1499,1214,1160,1444,1359,1071,1139,1031,1142,1211,1497,993,1370,1064,1311,1232,1002,1255,1235,1432,1209,965,1412,1246,1254,1207,1061,1381,1199,1374,1043,1185,1487,1319,1008,1096,1333,1508,1420,1301,1002,1300,1350,1419,984,1231,1404,1310,1085,1114,1036,1448,1053,1171,1275,1051,1142,1393,1126,1027,1399,1310,1219,1095,1339,1477,1048,1487,1184,1452,1389,1421,1239,1269,1290,1455,1278,1393,1326,1406,1085,1494,1389,1175,1160,1183,1227,1275,1082,1500,983,1274,1473,952,1111,1431,1387,1146,1414,1136,1512,1119,1079,1350,1429,1129,994,1047,1324,1174,1219,1368,1478
,964,1080,1087,1280,1024,1148,1459,1321,1491,1184,1322,1304,1041,951,1177,1172,1495,1437,1138,1011,1485,1354,1130,1307,1493,1296,1426,1095,1449,1350,1383,1227,1196,1333,1490,1403,1424,1503,1232,999,1057,1273,1377,1020,981,1000,1117,1159,1193,1210,1325,1361,1038,1272,1031,1075,1279,1507,1154,1100,1373,1091,1196,1393,1409,1262,1464,977,1080,1509,1399,1112,1245,1287,1299,1264,969,1100,1050,1189,962,1095,1461,984,1215,1205,1031,1446,1263,1362,1365,1466,1146,1210,1328,1358,1401,1173,1317,1310,1333,1510,1365,1235,1296,950,1477,1448,1196,1013,1393,1008,1245,1392,1507,1154,1224,1450,1276,1273,1382,980,1204,1052,1448,1398,1276,1079,1296,1010,966,1223,1456,1288,1323,1005,1509,977,1155,1307,1074,1293,1328,1226,953,1001,1288,1401,1214,1257,1076,1321,1035,1338,1101,1503,1063,1373,1345,1187,1066,1139,1280,1370,1427,1146,952,1332,1456,1370,1343,1172,1024,1503,1387,1056,1075,1233,1268,1282,1240,1238,1192,1064,1377,1210,1447,1173,1143,1268,1188,1038,1377,1006,1127,1419,966,1400,1113,1416,1450,1108,1103,1097,1272,1259,1024,1337,962,1044,1429,1123,959,962,1411,1102,1093,1334,1277,1383,1031,1219,1433
,964,1074,1495,1383,1275,1059,1100,963,1007,1141,1318,1063,1477,1356,1141,1197,1256,1316,1249,999,1333,1454,1127,1404,1073,1069,1052,1223,1193,1471,1304,1303,1375,1494,1200,1425,1150,1219,1019,1471,1330,1187,1170,1404,1346,1191,1108,1148,1511,1342,1182,1466,1040,1110,1387,1489,1390,1283,1339,1371,1438,1408,1272,1188,1054,1032,1296,1332,1433,1487,980,1251,1220,1061,982,947,1394,1275,1192,1180,1082,1408,1059,1351,1454,1020,1032,1299,1500,1146,1101,1261,1314,1474,1262,1321,981,1116,1175,1409,1037,976,958,1310,1420,1081,1097,1126,1133,1078,1030,1512,1085,1051,1181,1019,1049,1433,1041,1300,1265,1062,970,1034,1352,1471,1092,1083,1143,1377,1331,1052,1340,1397,1334,1174,1025,1364,1356,1482,973,1071,1315,1398,960,1301,1384,1497,1439,1384,1490,995,1035,1335,1127,1395,1200,1084,1113,1055,1278,1024,1162,1039,1216,1230,1496,1407,1411,1371,1332,1004,1192,983,1022,1032,1479,986,1108,1377,1104,996,1427,1294,1220,1477,1393,1380,1346,1295,1135,1418,1279,1206,1162,1351,1357,1236,1042,1281,982,1328,956,950,950,1332,1503,1053,1202,1153,1059,1078,1243,1472,1205,1245,1390,1045,1413,1108,1447,1293,1130
,1289,1257,1040,1337,1377,1183,1082,1272,1377,1060,1444,1053,1376,1195,952,963,1136,1403,973,1448,1360,963,1270,1025,1409,1237,1186,1029,1330,1455,1059,1170,1346,984,1207,1320,1118,1147,1009,1081,1045,1426,1339,1265,1279,1054,1043,950,951,959,955,1295,994,1425,1291,1351,1014,1081,1487,1471,1012,1019,1155,992,1266,1297,1012,1052,970,1127,1444,1249,1119,1364,1319,1392,1378,1268,1035,1480,1198,1167,1122,1178,964,1259,1256,1004,1187,1316,1386,1060,1223,1349,1436,1498,1137,1145,1081,1412,1233,1409,1275,1013,1051,1019,1215,1196,1138,956,1207,1268,1201,1098,1260,1102,994,1292,1213,1464,1150,1510,1059,1038,1067,1341,956,1357,1401,1199,1391,1439,1402,1018,1037,992,1378,1136,1300,1283,1125,1133,1197,957,1153,998,960,1306,1337,1048,1318,988,1234,1441,1032,1450,1305,1346,1438,1268,1300,1279,1217,1179,1136,965,1245,1363,1080,1321,1330,1345,1076,1171,986,1114,1444,1159,1465,998,1263,1356,1108,1480,1003,1274,995,1375,1186,1253,979,1317,1120,1508,1230,1286,1143,1464,1334,1019,1272,1019,1201,1413,1341,1459,1436,1020,1504,1163,1504,1428,1005,1413,1460,1495,1107,1368,1305,1127,1058,1260,1457
,1021,1386,1494,1169,1074,1477,1398,1486,1223,1153,1264,982,1512,982,1020,1448,1502,1039,1062,957,964,1336,1333,971,1478,1160,1412,1478,1379,1222,1021,1020,1389,1330,1116,949,1102,1504,951,1294,1420,1155,1171,1264,966,1081,1497,1184,1252,1477,1043,1504,1359,1490,1219,1141,1416,1103,992,991,1022,1410,1111,1407,1458,1249,1341,1112,1274,1463,991,1160,966,1240,1180,1154,1300,1400,960,1042,1374,949,1186,1149,1482,1507,1411,1444,955,1001,984,1110,1355,1498,1014,1022,1385,1363,999,1167,990,1207,1251,1210,952,1343,1411,1036,1036,1131,1079,1089,1132,1500,1240,1408,1016,1234,1244,1426,1462,1350,983,1015,1147,1231,1309,1348,1471,1139,1491,1371,1345,1177,1449,1029,955,1251,1062,949,1366,1295,1335,1391,1282,1373,1251,1317,1177,1258,1260,1373,1403,1092,1197,1429,1357,1283,1246,1339,1144,1070,987,1265,1315,1276,1446,1397,1104,1065,1357,1357,1115,1100,1351,1072,1026,1445,1024,1385,1324,1505,1161,1320,1178,1088,1141,1366,1460,1082,1496,1474,1229,1302,1064,1367,1043,1287,1034,1324,1405,1236,1067,1050,1354,1151,1186,1162,984,1261,1051,1404,1062,1499,1244,1158,1431,1232,1402,988,1121,1079,957
,1476,1483,1026,1360,974,1328,1489,1210,1148,1390,1357,1471,1042,1099,1406,1263,1170,988,1364,1511,1206,1489,1004,1479,1339,1406,1431,1122,993,1344,965,1250,1097,1428,946,1087,982,1310,1051,1471,1012,951,1477,1219,1284,1043,1390,1314,1101,1411,1143,1361,1160,1434,977,955,1376,1066,1183,1503,1201,1459,1450,1322,1296,1105,1296,1511,994,1452,1172,1060,1293,1405,1354,1493,1051,1299,1460,1210,1126,1468,1132,1260,1489,1131,1047,1195,1064,1066,1236,1499,1416,1372,994,949,1338,1511,1136,1142,1138,1022,1405,1274,1469,1508,952,1274,1410,1008,1462,1293,1236,1271,1495,1276,1194,1162,970,963,1245,1070,999,1394,975,1254,1306,1209,1187,1013,1456,1409,1288,1295,1422,1338,1393,1051,1073,1056,1495,1166,984,1422,1483,1300,1169,1472,1127,1224,1355,1214,1415,1502,1262,1444,1155,1247,1059,1125,992,1281,1039,1342,1389,1151,1304,1495,1283,1416,1444,1114,1321,1118,1085,1391,979,1373,1173,1222,1349,1175,1296,1349,1198,1222,1303,1242,1047,1265,984,1272,1290,1093,1109,1056,970,1249,1471,1369,1438,1087,1114,962,1408,980,983,1480,1157,1230,1052,1028,1145,1098,1435,1387,955,1299,1048,1408,1238,1210,1375
,1163,1055,1209,1275,1102,1059,1459,1325,1398,1163,1041,1346,1116,1431,1456,1336,1447,1211,1464,1504,1489,1025,1488,985,1144,1375,1189,1008,1011,1252,1325,1120,1027,1074,1500,1312,976,1449,1113,1374,1352,1000,1446,1395,1166,1342,1195,1108,1423,1280,1331,1076,1356,1148,1434,1267,1087,1169,1415,1160,1177,1176,1055,1511,1163,1138,1323,1058,1446,1229,1070,1421,994,1047,1377,1253,1421,1305,1341,1507,992,1243,1020,1427,1124,1150,1201,966,1271,1007,1423,1210,1246,1131,1391,1378,1042,1382,990,1182,1505,1108,1153,1174,1063,1092,1361,1092,1163,1496,1365,1383,968,1397,1092,1070,1471,958,1251,1150,1487,1471,1087,1488,1070,1395,1330,1333,1438,1437,1299,1240,1155,981,1000,1282,1273,1228,1357,1231,1002,1341,1433,1451,1071,972,1308,1022,1486,1334,1215,1477,1089,1512,1464,1354,1117,1055,1418,1265,991,1111,1501,1118,1424,1432,1392,1278,1088,1380,1371,1204,1097,1281,1085,1244,1266,1419,1029,1126,1009,1167,1376,1445,1035,1173,1015,1449,1467,1252,1272,1356,1098,974,1323,968,1241,1314,955,1228,1299,1038,1056,1221,1218,955,1086,1294,1046,1319,1251,1361,1131,1081,1321,1272,1025,1242,1403,1159,1012,1375,1493
,1123,1377,1004,985,1228,955,1269,974,1178,1033,1045,1449,1113,1302,1165,1106,999,1242,1496,1384,988,1125,1453,1244,1113,1217,1234,1204,1105,955,1375,1247,976,1250,1356,947,1342,955,1225,1045,1358,1408,1096,960,1275,1384,1055,1192,1155,1481,1082,1183,1017,970,1006,1039,1349,947,1259,1064,1196,1009,1444,992,1483,1262,1212,1453,1249,1170,1473,1276,1390,1087,1079,1207,1151,1070,1468,1035,977,1360,984,1271,1391,1117,1028,1023,1443,1038,1419,1199,1460,1321,1310,1413,1309,1417,1319,1127,1181,1499,1086,1027,1175,1354,1471,1390,1031,1162,1509,971,986,1478,1412,1051,1026,1028,1392,1332,1159,991,1331,1057,1508,1298,1176,1292,1118,1137,991,1103,1362,1358,959,1229,985,1238,1424,977,1484,974,1247,984,1096,1114,1197,997,983,1079,1398,1089,1302,1078,1263,1287,1417,1332,1506,1283,1110,1337,1270,1104,1365,1402,1494,1508,1062,1296,1292,1057,950,1282,1439,1380,1373,1037,1054,1051,1084,1098,1394,1318,1378,1292,960,1126,998,1153,1096,1050,1421,1231,1238,1384,1020,1204,1410,1394,1088,973,1075,1121,1062,1393,988,1075,1123,972,1387,1030,1452,1055,1341,1292,1455,1040,1090,1322,1363,994,1111
,1494,979,1481,1304,1180,1407,1096,1164,1327,1309,1146,1150,1468,1299,1090,1164,1238,1437,1378,1428,1204,1485,1446,1219,1198,1071,1099,1235,1402,1294,956,979,1053,961,1245,1055,1354,1347,1358,1088,1483,1300,1507,1435,1239,1505,1063,1296,1240,956,1404,1384,1332,1411,1483,1367,1408,1181,1025,968,1102,1279,1081,1462,1307,1308,984,1378,1251,1223,1180,1192,1187,1049,1259,956,1317,1280,1261,1327,1299,1488,1394,1457,1003,1245,1484,1111,1273,1363,1063,1193,1223,1243,991,1107,1195,1392,1212,1210,983,1123,1456,1350,1194,1340,1219,1428,1502,1291,1510,975,985,1370,1066,1225,1440,1474,1257,1406,1383,955,1215,1490,1239,1399,1262,1242,1093,1055,1487,1374,1126,1504,1196,1190,980,1180,1199,1076,1005,1258,1234,1276,1359,1084,1131,1347,1282,1482,1321,1468,1085,1171,1509,949,1346,1234,1137,1397,1237,1201,1434,1090,1280,1251,973,1278,1164,1237,1323,1041,1425,1000,1269,1102,979,1196,1265,1229,1290,1179,1370,1192,1429,1215,1140,975,1448,1214,1138,1456,1257,1176,1193,1467,1507,1434,1189,1055,998,1132,1408,1009,1460,1278,1014,1512,1292,978,1510,1386,1050,961,1231,1102,1288,1381,1213,1171,1307,1143,1443
,1395,980,1091,1080,1001,1398,1447,981,991,960,1211,1214,1367,1440,950,1474,1042,1473,1210,1081,1205,1179,990,1055,1311,1243,1295,1079,1163,1421,1359,1333,1314,1417,1257,989,1512,1001,1030,1314,1141,960,1485,1100,1363,996,1298,1040,1107,1104,1088,962,1321,1224,1117,1223,1180,1245,1183,1283,1381,1417,1034,1301,1332,1423,1256,1505,1167,1329,1038,1507,1179,1109,1390,1117,1069,1402,1310,1354,1496,981,1482,1047,1338,1478,1312,1141,1337,1300,1506,1411,1008,1231,1180,1145,992,1296,1028,1421,1008,995,1062,1387,1422,1031,1212,1015,1062,1367,1492,1464,1078,1425,1301,1432,1487,1476,1468,1343,1160,1181,1213,1152,1117,980,1061,1106,1104,1274,1473,1188,1239,1259,1135,1131,967,1179,1062,1208,947,1398,1205,1185,1415,1334,1267,1061,1174,984,1512,1371,1202,996,1365,1341,1279,1103,1097,1465,1459,1237,975,1094,1427,1459,1025,1095,1343,1278,1183,1464,1197,1399,1325,1486,1141,1447,1152,1068,952,1173,1038,1289,1450,1095,1050,1139,1294,1051,1407,1395,1211,1143,1116,1246,1112,1094,1019,1111,1059,1231,1120,1209,1032,1424,1293,1352,1356,1150,1479,1147,1017,972,1465,1114,1225,1180,1009,1290,1063,1218,1083
,1226,1280,1071,1372,1249,1361,981,1342,1356,1061,1080,1060,1197,1160,1386,1171,1085,1158,1487,1488,1118,1083,1007,1081,1237,1166,1234,1252,990,1204,1299,1234,1507,1295,1428,1452,1328,1191,1084,1035,1388,1120,1214,1351,1157,1376,1357,1145,1049,1438,1329,1495,1013,976,1498,1350,986,1196,1235,1283,1142,1417,997,1091,1083,1443,1426,1168,949,1281,1389,1413,1040,961,1394,1191,1267,1207,1143,951,977,1198,1337,1074,1221,1241,1477,1293,1375,1027,1445,1097,1467,1354,1394,1044,992,1199,1333,1048,1445,1139,1451,1292,1133,1472,1120,1352,1438,1137,1373,1512,1303,1021,1447,1225,1403,980,1485,1322,1353,1308,1347,985,1265,1510,1057,1380,1373,1372,981,969,993,1182,1163,1348,1506,1373,1238,1039,1296,1031,997,1004,1201,975,954,1177,1354,1277,1372,1314,1505,1343,1149,1202,1331,1174,1512,1170,1251,1017,964,1174,1503,1007,1361,1425,1013,1012,977,1300,999,1015,1047,1386,1339,1511,1082,1345,1197,1254,1431,1353,976,1495,1045,1368,1330,1139,1331,1187,1478,1247,1035,1048,1421,1198,1250,1073,997,1037,1265,1030,1163,1362,1182,963,1478,1021,1353,1093,1263,984,1269,1505,1305,1509,1123,1426,1509,996,1070
,1491,1352,1421,1065,1450,1200,1420,1146,1027,1145,1073,1108,1353,1185,1473,1205,1112,1234,1365,973,1294,1240,1261,1358,1343,1464,1136,1239,1032,1248,1460,1472,1409,1449,1209,1092,1211,1227,1481,1356,1267,1509,1354,1450,1361,1040,1491,1459,1419,1158,1356,995,1330,1422,992,1334,1153,1194,1206,1220,1398,1205,1355,1415,1158,1346,1182,1464,1506,1164,1391,1016,1110,1319,1447,1472,1291,1507,1070,1189,1267,1294,1279,1301,1182,1012,1501,1286,1384,1365,1366,1038,1190,1231,990,1325,1141,1068,1215,1396,1258,1472,1293,1275,1295,1130,964,1078,1134,1102,1150,1362,1093,1023,1270,1087,1223,1052,1377,1354,1285,1370,1268,1230,1093,1378,1164,1221,1275,1084,1384,1494,1001,1410,1487,1016,1398,1002,1511,1433,1041,1027,1271,1378,1502,1142,1441,1498,1152,985,1196,1323,1305,1414,1374,1351,1252,1189,992,1502,1125,1330,1036,1398,1481,1281,1132,1022,1397,1282,1117,1116,1491,1105,1094,1497,1131,1140,1002,1069,1145,1141,1152,990,1025,1429,1367,1457,1232,1365,1374,1250,1006,1435,1459,982,1066,1289,1128,961,1086,1119,1403,1195,1013,1289,1298,1001,1358,1043,1010,1435,1083,1347,1485,991,1198,1406,1269,1090,1325,992,1052
,1225,1148,1490,1362,1207,1199,1315,977,1079,1225,1025,1115,1291,1469,1234,1380,1111,989,1332,1286,1383,1498,948,1432,1131,1362,1262,1390,1378,1415,1396,1401,1375,1309,1206,1249,1266,1042,1233,973,1390,1063,1508,1199,1434,1023,1392,1402,1022,1336,1227,1506,1289,1426,1245,1074,1190,1165,1054,1132,1370,1006,1006,1436,982,1108,1156,1392,1111,1329,1413,1510,1314,1363,1035,1196,1342,958,1440,1133,1351,1380,1197,1508,1015,1369,1337,1454,1009,1204,997,999,1472,1254,948,1063,1113,952,981,1367,1349,1114,1119,1112,1242,1001,1365,1439,1252,1070,1343,1325,1097,1437,1384,1107,1092,1280,1098,1176,1048,1435,999,1484,1325,974,1236,1427,1469,1280,966,1511,1372,1443,1070,1158,1465,1074,1377,1377,1499,1494,1133,1226,1315,1409,1071,1372,1404,1334,1388,1201,1234,1118,1133,1186,1139,1213,1067,1331,1236,946,1154,1455,1490,1051,1477,1095,1062,1052,1384,1421,1109,987,1061,1357,1236,1348,1277,1006,1251,1459,1016,1223,1095,1449,1431,1237,1080,1507,1018,1446,1370,1064,1315,1166,1030,1481,1137,1070,1176,1298,1051,960,1238,963,1115,1310,1436,1170,1497,1041,1292,1216,1045,1271,1293,1327,1451,1170,1148,1112,1313
,967,1443,1409,1051,1419,1410,1379,1378,1219,1331,972,967,1383,1482,1137,1257,995,1134,960,1278,1503,1507,1483,1111,1043,1494,1391,1490,1511,1121,1290,1071,1297,1172,1167,1098,1035,1203,1065,1236,1157,1171,1310,1291,1406,1341,1315,1431,1160,1387,1459,976,1039,1453,1145,1197,1199,1252,1091,1238,1368,1169,1110,1327,1159,1327,1108,1496,1370,1153,1349,1501,1406,1130,1376,1347,955,1106,1323,1126,1136,1424,1402,1431,1220,1149,1508,1013,1069,1251,1475,974,1407,1466,1189,1240,1279,1238,1273,961,1176,1388,972,1101,1306,1044,1505,1130,1175,1127,1247,1213,1282,1451,1338,1300,1116,1402,1241,1341,1171,953,965,1489,1298,1405,1047,1045,1120,1363,1087,1101,954,1368,966,1230,1172,1041,1379,1242,1493,1500,1284,1121,1151,1419,1020,1270,1228,1337,980,1279,1437,1187,1380,1411,1239,1138,1261,1197,1147,1430,1158,1132,1197,1119,1286,1135,1408,1504,1241,1099,1080,1378,1276,1487,1128,1254,1199,990,985,1315,955,1200,1312,1025,1020,1119,1135,1159,1464,1040,1299,1350,1204,1478,1364,1202,1493,1452,1492,1103,1374,1082,977,1309,1360,1246,1305,1417,975,1224,1264,1384,1329,989,1030,1122,1126,954,1156,1147,998
,1320,1319,1439,1044,1339,1339,977,1243,1402,1055,1114,1307,1079,1115,1004,1037,1451,1410,1037,1190,955,1450,1272,1059,1458,1049,1025,1143,1139,983,1494,1332,1186,1459,1412,1291,1159,1225,1347,1049,946,1460,1057,1443,1052,1339,1309,959,1283,976,1087,1109,1422,1450,1222,1065,1117,1450,1501,1125,1396,1096,1000,1448,1013,1174,1101,1048,1112,1045,988,1325,1232,1295,1238,1089,1132,1333,1441,1009,1450,1174,1318,1455,1040,1448,1169,1023,1506,1150,969,949,1106,1115,1497,1289,1468,952,1489,970,1190,1134,967,1075,1433,1176,1075,1040,949,1221,1176,1348,1261,1032,1041,1324,1477,1381,1286,1164,1151,1140,1231,1099,1145,1144,1328,1078,1409,1365,1502,1010,1407,1469,1177,1046,1274,1106,1055,1360,950,1091,1101,1484,1312,1273,1455,1192,985,1344,1150,1130,1453,1500,1379,981,1015,1392,1197,1016,1093,1470,1306,987,1055,1329,1061,1174,1140,1032,1450,1482,1259,1009,1457,1426,1381,1285,1296,1113,1058,1026,1082,1118,1334,1496,1430,1511,986,1080,950,1297,1206,1318,1085,1477,1168,1215,1197,1067,1478,1468,1291,1139,1091,1442,1130,989,1405,1043,1189,1173,1078,1350,1091,1287,979,1247,1119,1373,1309,1256,1158
,1185,1070,963,966,1140,1027,1449,1055,1216,1313,1074,1220,999,1065,1076,1233,1224,1049,1348,1161,1008,1052,1387,1139,1419,1203,1306,1031,947,1495,1104,1125,953,1338,1209,1202,1136,1187,1395,1494,1316,1107,1328,1103,1363,1241,948,1171,1058,1027,1287,975,1242,1081,1359,1494,1125,951,1494,1388,955,1311,1314,1254,948,1437,1462,949,1001,1041,973,1476,1305,1335,1241,1204,1267,1337,1039,1031,1139,1154,980,1332,1456,1501,984,1397,1129,1196,1121,1062,1078,1394,1081,1458,1479,1062,1319,1263,1425,1104,1493,1449,968,1381,1076,1175,1304,947,1117,1279,1252,986,1385,1512,1486,1310,1321,1182,1443,1298,1020,1463,1025,1439,1273,1487,1082,1090,1005,1001,1119,1431,1421,1369,1382,1313,1417,960,1007,993,1190,1350,1350,960,970,1106,1473,1092,1098,1268,1272,1165,1265,1453,1303,1313,1009,1458,1341,1269,952,1272,1421,1147,1434,1493,1001,1389,1131,1413,1298,1222,1468,1041,1043,1261,1393,1422,1139,1431,1232,1281,984,1235,1481,1007,1418,1304,1081,1025,978,1168,1398,1387,1185,968,1211,1336,1133,1209,1495,1166,1245,1453,1310,1311,1100,1391,1430,1438,1452,1168,1177,1079,1125,1205,1373,1010,1205,1045,1116
,1324,1453,1056,1045,1477,1121,956,1283,1095,954,1064,1216,1070,995,1131,1133,963,1408,1486,1332,1091,1465,1048,1135,1338,1469,1281,1045,1179,1250,1502,1424,1440,1046,1124,1474,1241,1135,1073,1259,1437,965,1195,1451,1444,1469,1320,1179,1285,1152,1400,1136,1150,1399,1391,1239,1260,1502,1419,1458,1137,1016,1214,1417,1365,1496,1415,1511,1443,1095,1288,1163,947,1122,1299,1296,1143,1207,1259,1103,1012,1076,1062,1329,1346,1197,1343,1200,1476,1337,1238,1300,961,987,1419,1306,1114,1019,1105,1250,952,1015,1504,964,1256,1435,1132,1003,982,1010,1060,1494,1245,1165,998,1275,1008,1354,1352,1233,1479,1430,1235,1036,1197,1316,1330,1316,1310,1279,1366,1203,1234,1095,1153,1155,1333,1069,1039,1161,1500,1302,1370,947,1259,1171,1493,1309,1489,1361,1315,1241,1462,1399,1417,1059,1224,1445,1254,1440,1481,1026,1253,955,1500,1095,994,1476,1273,1003,1474,1411,1162,1304,1162,1423,1307,1082,1508,1492,1139,1191,960,1467,1211,1011,995,1101,1313,1318,1391,1466,1296,1370,1181,1401,1375,1231,1420,1370,1214,1144,1361,1040,1178,1289,1002,983,1139,966,1308,1512,1036,1035,1090,1348,1167,1064,1085,1097,1120,1249,992
,1070,1352,1391,1299,1046,1151,1381,1061,1177,1490,1172,1475,1337,1477,1123,1067,952,1278,1001,1198,1414,1356,1348,1160,1321,1363,1107,1061,1258,1400,1063,1030,968,1362,994,1154,1059,1240,994,1494,1089,1158,1408,1141,1451,1270,1038,973,1230,1244,1436,1054,1175,1208,1361,1245,1183,949,1283,1494,1053,1256,1349,1440,1467,1325,1197,1291,952,1430,1474,1034,1224,954,1310,1274,1314,1086,1159,994,1462,1131,1143,1347,1512,1036,1211,1418,1051,979,1183,1494,1086,1452,993,1055,1035,1017,1449,1104,1128,1187,1098,1096,1342,1451,1484,1316,1004,1436,1341,1251,1340,1126,1061,1450,1505,1240,1498,1242,1276,1144,1222,1439,1500,1324,1293,1097,1050,1326,1264,1246,1379,1187,1384,1152,1503,1252,1055,1305,1243,1300,1119,1300,1106,1026,1419,1216,1127,1339,1062,948,1207,1404,985,1084,1154,1174,1512,1119,1346,964,1031,1143,1160,1113,1447,1429,1055,974,1096,1122,989,1305,1350,1501,1298,1444,1025,1037,997,1344,1418,1476,1371,1421,1433,1236,1002,1353,1008,1256,1008,1000,1325,976,1045,1445,1321,976,1140,1380,1253,1237,1438,1261,1378,1231,1181,1390,1448,1345,957,1286,1286,1265,1344,1286,1466,958,1276,1083,1068
,1245,1307,1427,1101,955,1171,1195,1417,1347,1511,1413,1197,1011,1216,1140,1059,1318,1234,975,1085,1120,1270,1494,1503,959,1356,1406,1281,1095,1265,1492,1416,1075,1131,1404,1503,1304,994,1343,1031,953,1185,1041,1367,1395,1044,1115,1183,1021,1183,949,954,1072,1147,1082,1375,1156,1111,1321,1056,1415,1457,1296,1075,1266,1014,1035,1160,1151,1351,1071,1483,1100,980,1040,1355,1488,1147,956,1355,1023,1124,952,1103,1169,1043,1093,994,1126,1428,1379,1199,1023,1021,1064,1456,1491,1251,1125,1254,1302,1047,1066,1035,1464,1011,1042,1011,1144,1241,1219,1210,1274,1409,1120,1178,960,1139,1442,1118,952,1363,1212,1077,1007,1190,1109,1201,965,1345,1263,1273,1366,975,1124,1303,1417,1476,1097,1189,1225,1080,1081,1113,1392,1114,1045,1319,1019,1507,1176,1281,1278,1381,1004,1310,1303,1201,1037,1297,1105,1451,1259,1349,1153,1396,1282,1115,1488,1110,1387,1260,1017,1093,1385,1369,1374,1421,1017,1022,1179,1485,1196,1409,967,1079,1042,991,979,988,1472,1291,1186,1151,1129,1330,1264,987,1373,1365,1253,1339,1260,1329,1081,1174,1165,1311,1497,1486,1484,1372,1006,1268,1440,1502,1149,1165,1366,1111,1427,1316,1275
,1344,1503,1442,1475,1048,1099,1304,1010,1006,1240,1142,1457,1264,957,1146,1000,1358,1064,1385,1051,1131,1098,1038,1181,1298,984,1316,1393,1379,1177,974,1118,1104,964,1169,1277,1041,1287,1296,1372,1121,1385,1346,993,1253,1277,1045,1251,1460,1256,1479,1293,1373,1131,1157,988,1268,1267,1058,1383,1261,1399,1368,985,1378,1007,1260,998,998,1014,1099,983,1298,1127,1202,1274,1160,970,1475,1272,1250,1265,1344,1003,1415,1501,1329,1509,1367,1005,1389,1026,1358,1213,1115,1446,1133,1000,1305,1079,1006,1397,1055,1324,1111,1323,1461,1226,1298,1070,1325,1367,1439,1323,1380,1091,1025,1448,1195,1141,1144,1071,1424,1272,1134,1277,960,1339,963,1005,1386,968,1222,1321,1251,1169,1436,1502,1444,1401,1316,1400,1074,1357,1506,980,954,1234,1421,1254,1107,1068,1203,1417,1103,1157,1320,989,1295,1028,1351,1272,1044,1057,1280,1377,1049,1465,1394,1389,1129,1217,1142,967,1290,1364,1220,1480,1363,1212,971,1247,1176,1113,1395,1134,1158,989,1231,1270,1466,1128,977,1409,1468,1110,1268,1500,985,1063,993,1387,1478,1407,1491,1170,1274,1030,1133,1388,1012,1383,996,1337,1328,990,1341,1447,1099,1411,1141,992,1321
,1020,998,1339,1060,1100,967,1487,1079,1070,1232,1434,1065,1154,1137,1219,1341,1177,1256,965,1028,1376,1496,1118,1120,1489,1356,1436,1236,1296,1294,1249,1228,1203,1363,1228,1504,1125,1430,1371,1029,1175,990,1254,1023,1486,1208,983,1428,1386,1040,1201,1269,1317,1248,1320,1070,1053,1398,1045,1175,1417,1245,1439,1120,1153,1387,1082,1426,1031,995,1271,1110,963,1070,1335,1324,1321,1131,1468,1284,1116,1070,1343,1117,1169,1066,1199,1210,1326,1314,1254,1116,1046,1052,1421,1169,1478,1367,1135,1486,954,1036,977,1075,1259,1484,1283,1266,1121,1459,1078,1266,1479,1332,968,1154,1405,1140,1220,1452,1342,1286,1492,1107,1318,998,1261,1351,1245,1148,968,1003,1199,1006,1058,1305,1079,1103,1431,1054,1299,1372,1124,1402,1285,1242,1128,1437,1221,1459,1085,1296,1373,1245,988,1015,1354,1401,1227,1402,1229,1509,1505,1000,961,1476,1404,1492,1323,1490,1307,968,1168,948,1216,1222,973,962,1380,1306,1231,952,967,1084,1031,1424,1043,1405,1284,1302,1268,1101,1222,1089,1414,1184,1362,999,1157,1497,1117,1023,1390,1463,948,1419,1130,1134,1034,1253,1032,1189,1142,1367,1510,1214,1401,1028,1360,1158,1060,1202,1227
,991,1048,1433,1298,1025,1146,1325,1118,984,1048,1136,1173,1038,1173,1201,1324,1296,991,1268,1021,1205,1307,1382,989,1509,1085,975,1322,1321,1330,1347,1366,1305,1421,1165,1199,1307,947,1424,1507,1114,1380,1087,1080,1088,1012,1310,1000,1415,1259,1271,1418,1121,1494,1435,1246,1121,1101,1067,1346,1268,1224,1126,1123,1298,1181,1037,1229,1127,1115,1004,1119,1171,1098,1400,1033,1436,1264,1059,947,1147,1470,1351,1468,999,1305,1122,1378,1222,1288,1379,1425,1095,1008,1491,1035,1252,974,1356,1112,1420,1199,1086,1006,1466,1325,1128,1224,1454,1382,1230,1478,1243,1227,1496,1431,1352,965,1367,1358,1460,981,1278,1494,950,1158,1207,1065,1404,1174,1423,1222,1393,1173,1453,1125,970,1481,968,1087,1108,1150,1388,1171,1233,1009,1459,983,1030,1145,1058,1261,1419,1504,1353,1180,1241,1035,1510,984,1286,1049,1057,1299,1420,1283,1156,1087,1448,1286,1388,1429,1231,1286,1400,1226,1068,1153,1144,1482,1062,1134,989,1473,1272,1034,1324,1270,1485,1096,1276,1479,1131,1154,1341,1392,1253,1406,1131,1125,1258,1152,1225,1119,1062,1041,1110,1488,1063,1423,1486,1369,1105,1176,1440,1004,1389,1440,1193,946,1088,1035,1445
,1136,1104,1071,1270,1165,1375,1010,1332,1478,1001,1264,1180,1215,982,1418,1161,1310,1413,1099,1135,949,1428,1243,1315,1141,1053,969,1185,1428,1106,1351,1391,956,1271,1280,1095,1123,948,1434,1200,1051,1419,1108,1105,1467,1463,977,1168,1144,1069,1153,1023,1461,1366,1137,1373,1423,1404,1073,1117,1192,1487,1289,1036,1013,1184,1314,1061,1188,1427,1100,1492,965,1357,1360,986,1413,1304,1420,955,1031,1394,1090,1418,1032,1375,1053,1213,1301,1065,1208,1345,1116,1499,1430,1166,1189,1467,1219,1226,1447,958,1233,1333,1451,1025,1302,1206,1394,1095,1166,982,1327,1308,1109,1151,1234,976,1397,1377,1365,1040,1287,1291,1284,1383,947,1140,1166,1448,1371,1051,992,1479,1355,1086,1280,1337,1135,1005,1023,1037,1252,1462,1086,1455,1396,1182,1230,1266,1028,1241,981,1325,1435,1155,1413,1423,1278,1057,1468,1113,1277,1023,1045,1057,1284,1498,1071,1219,1305,1061,1504,1412,1139,1086,1153,1482,1415,1379,1234,1022,1193,1394,1183,1491,1407,1197,961,1338,989,1073,1167,1403,1245,1355,1198,1482,1019,1233,1103,1229,1442,1168,1429,1328,1495,1376,946,1323,1430,1490,956,1258,1364,1119,1111,1235,1420,1306,1364,1312,1260
,1352,1502,1390,1075,1180,986,1143,1201,988,1077,1166,1014,1497,1121,1458,1404,1271,1139,1093,964,1319,1174,1016,1046,1504,1397,1130,1115,1325,1112,1143,1233,1053,1401,1263,1424,1148,1021,1304,1493,1418,1094,1150,1049,1233,1506,1464,1476,1482,1060,1305,1454,1296,999,1028,1204,1297,1384,1088,1430,1065,1399,1444,1106,1508,1436,1276,1247,1474,1039,1509,1248,974,1473,1465,1117,1206,1159,1328,1365,1114,953,1150,1145,1441,1045,1429,1038,1270,1499,1028,1147,1017,1019,1174,1119,1280,1120,971,1017,1440,1107,1404,1009,1075,1166,1013,1070,1135,1387,1506,1102,1322,1340,1086,1381,1373,1181,1159,1344,969,1420,1187,1269,1266,949,1159,1305,1168,1021,1196,1466,1091,1067,980,1273,1298,990,1176,1264,1188,1135,1310,1241,1463,1185,1108,1338,1487,1190,1323,1306,1270,1463,1101,1059,1362,1141,1370,1246,1456,1198,1357,1359,1506,1279,989,1486,1080,1052,1005,1013,1382,1005,1462,1018,1274,1471,1071,1401,1457,1460,1394,1041,1109,972,1205,1156,1351,1328,987,1482,1334,1135,1460,1117,1336,1006,1343,1318,1032,1184,1106,1104,1106,1071,982,1232,1420,1002,1210,977,1127,1028,1301,1376,1431,1054,1323,1488,1067,1426,1492
,1054,1120,979,1047,947,1360,1312,1163,1266,1251,956,1059,1142,1295,1111,1322,1079,1244,1366,1068,1063,1191,1038,1452,1267,1274,1215,1341,1389,1251,983,1112,1380,1087,1395,1005,1464,1277,1275,1120,1022,1368,1399,1308,1037,1405,1009,1289,1200,1055,1125,1381,1320,1506,1034,1205,1459,1190,1280,1206,1071,1321,1142,1082,1485,1215,955,1393,1482,1054,1156,1190,1095,1007,1408,991,1316,1358,1040,1425,1454,1222,1207,1338,1011,1185,1395,1191,968,1509,1487,1197,1422,1282,1152,1146,1310,1329,1018,1431,1509,1237,1000,1423,1011,1449,1442,1486,1181,1005,1177,1284,1263,1201,1122,1463,1274,983,1430,1001,1143,1047,1398,1182,1170,1418,1484,1421,1421,1473,1492,1413,1385,1448,1244,1059,1127,1302,1142,1278,1507,1148,1470,1427,1261,1181,1074,1076,1292,963,1278,1335,1073,1099,1026,1310,1178,1363,1380,1234,1463,1174,1388,1079,1279,1425,1351,1136,1143,1282,997,1259,1185,1225,1316,1219,1426,1181,1235,1196,1067,1204,1366,1233,969,1455,1241,1320,1063,1224,1291,1192,1235,1251,1248,1231,1243,1200,1344,1419,1168,1138,1109,1120,1473,1334,1366,1216,1424,1372,1424,1383,1067,1464,1305,1082,1436,1385,1060,1181,1246,1060,1290
,1053,1107,1072,1337,971,1231,1194,1458,962,1111,1302,1279,957,1054,1490,1255,1279,1456,1106,1330,1038,1025,1166,1169,1060,1508,1231,1436,1482,1423,977,1071,1281,1046,1292,1471,1029,1066,1110,1152,1451,983,1024,1421,1419,1486,1013,1417,1248,1501,1028,1088,1338,1296,1433,1173,1385,1128,956,1511,1257,1227,1306,1072,961,1369,1198,961,1278,1137,1219,1352,1260,1237,964,959,1327,1414,1030,1410,1023,1208,1047,1308,1040,1172,1448,1505,1079,1131,1055,1510,1447,1016,986,1122,1440,1137,1274,1030,1006,1448,1506,996,1451,1301,1510,1263,1145,1225,1345,1423,1207,973,1260,976,1254,1274,1096,1461,999,1139,1455,1160,1380,1303,1216,1383,1484,1068,1293,1358,1113,1377,1083,1414,1445,1005,1283,1200,1427,1486,1357,1028,1058,1401,1027,946,1230,1466,1152,962,1209,1082,1199,1369,1476,1255,1026,1100,1007,1085,1057,1210,1216,980,1424,1325,1161,1275,984,1114,1280,1092,1242,1396,952,1003,1006,1170,1488,1073,1361,1234,1436,1063,1409,1457,1025,1262,1083,1160,1264,1086,1093,1208,1167,1429,949,954,1278,1419,1247,1073,1152,962,1269,1490,1200,989,1156,1105,1023,971,1282,1160,1412,1111,1415,1068,1389,1390,1462
,1081,1224,1135,989,1279,1147,955,1439,1389,987,1389,1256,1200,1129,1094,1355,1164,1096,1015,1049,1183,1336,1261,1201,1246,1401,1462,1363,1046,1452,1381,1029,985,1012,1014,1390,1431,1313,1411,1337,1034,1236,1287,1150,1351,1080,1000,1016,1149,1165,1113,1307,1043,1306,1115,1070,1436,950,1036,1157,1382,1155,1008,994,1406,1260,1439,1243,1054,1300,1152,1077,1331,1071,1321,1512,1442,950,1102,1029,1214,1174,1145,1432,1196,1170,1483,1447,1134,1456,1425,1103,1339,1119,1196,1157,1451,1156,1044,1384,1376,1079,1193,1060,1234,1144,1134,1139,1054,1491,1075,1475,1104,971,1139,1180,1359,1506,953,1362,1252,1330,1203,1492,1074,1336,1242,1070,1412,1019,961,1238,1070,1109,1031,1484,1131,1247,990,1507,1505,1355,1010,1409,1173,1253,1254,982,1123,1056,1494,1250,1272,1016,1377,1511,1490,1497,1438,1015,1103,1382,1481,957,1115,1440,1139,1025,1044,1299,1249,960,1218,1017,1178,1301,1158,1175,1461,1143,1137,1406,1143,1208,979,1352,1060,1334,1331,1391,1066,1365,1163,1378,1403,1474,1030,1018,1226,1223,1325,980,1337,1004,1368,1012,1114,1106,1110,1503,1145,1156,1090,1179,1264,1267,1040,1299,1359,1110,1115,1142,1414
,1283,1217,1168,1466,1237,1050,1056,1464,1092,1353,1333,956,1497,1415,1063,1116,1459,973,1111,1376,1004,955,1186,1234,1203,1379,1082,1477,1140,1147,977,1352,1418,1502,1019,1372,1275,962,1078,1225,1333,1506,1320,1511,1087,1392,1281,1355,1094,1473,1049,1007,986,1237,1029,1073,979,1088,1400,1379,1211,1483,1219,1317,950,1089,981,1288,972,1350,1218,975,1302,953,960,993,1219,1233,1122,1417,1275,1292,1226,1263,1489,1277,1093,961,1020,1354,984,1087,1402,1285,955,1378,1167,1428,1286,1477,1490,1185,1161,1289,1272,1266,1482,996,1331,1342,995,1080,1286,1047,1212,1041,979,1090,1346,1256,1482,1069,1102,1016,1495,1508,1295,1305,1140,1507,1295,1383,1303,1368,1240,1086,1341,1361,1221,1050,954,1173,1066,1394,1326,1241,1416,1249,1076,1341,1212,1478,1407,1211,1260,1248,980,1351,1254,1174,1221,1320,1438,961,1237,1025,1455,1197,1067,1154,1217,1083,1468,1331,1230,1301,1434,1376,1286,1478,1500,1475,1000,1056,1262,1001,1340,1353,1232,1093,1103,1367,1478,1080,1325,1005,1345,1087,1077,1446,1253,1395,1402,1437,1482,1079,1297,1085,1127,1025,1161,1418,1461,1376,1322,1199,1031,1395,1492,1257,959,1206,1482
,1295,1296,1162,1317,1200,1365,1352,1264,1366,1177,1330,1403,1226,1097,1442,1194,1484,1314,1436,1218,1276,1448,1362,1302,1174,1510,1288,1236,1018,1148,1239,1218,1398,1266,1017,1302,1054,1160,1441,1310,1192,1277,1371,1499,1188,1048,961,1275,1003,1415,1042,1223,1200,1051,1438,1459,1041,1436,1158,1445,1467,1160,1280,1436,965,1085,971,1361,1360,1211,1129,1429,1354,1422,1344,1430,1055,1226,1123,1398,997,1103,1165,1118,1238,1175,1301,1413,1512,950,998,1292,1409,1018,1026,1490,1348,1275,1078,1319,1063,959,1445,1500,950,1267,1234,1300,1066,988,1071,1457,1148,1160,1464,1016,1413,970,1069,1224,1084,1268,1454,1439,1443,1071,1354,1000,1243,1122,1019,1101,1004,1154,1034,1040,1160,1263,1429,1059,1149,1285,1130,1340,1439,1269,1374,1100,1000,1270,1091,987,1171,1438,1057,1449,1444,1458,1136,1398,974,953,1478,1444,1413,1204,973,1160,1113,1157,1342,1478,1204,1451,1027,1362,1016,1030,1342,1257,1368,1275,1094,1288,1447,1236,1288,1510,1334,1108,1190,1066,1091,1470,1256,1173,1446,1073,1188,1501,1214,991,1100,1103,949,1253,1290,1048,1319,1041,1433,1364,962,1388,1469,967,1120,1215,1137,1235,1188,1115,1390
,1065,1343,1040,1038,1277,1224,1292,1073,999,1240,1453,1394,1083,1295,1450,1257,1010,1194,1105,1431,946,1458,1408,967,1309,1462,1055,1446,1040,1276,1160,1094,1118,1272,1289,1127,1283,1132,1490,1026,957,1197,1011,1066,982,1123,1020,1407,1086,1443,1231,1059,966,1439,1366,1370,1229,1319,1184,1501,1161,1270,1244,1095,1000,1168,958,1230,1371,1288,1138,1218,1225,1428,981,1367,1397,1033,1236,1461,1386,1044,1260,1041,1191,1401,1411,1431,1004,1106,1129,1454,1512,1170,1053,1317,1476,1029,1058,1288,993,1117,1330,1453,1491,1037,1427,1046,1458,1270,1387,1294,1442,1063,1240,1022,1401,1266,1308,1234,1269,1172,1337,1091,1068,978,1184,1468,1229,1496,1249,951,957,1221,1311,1442,1177,1183,989,1046,1393,1388,1396,948,1273,1385,1323,1156,1472,1245,996,1456,1471,1422,1441,1494,1027,965,1265,1235,1255,1435,995,1305,1247,1377,1061,954,1459,1436,1062,1322,1050,1236,977,1057,1348,1392,1235,1073,1091,1045,1366,1034,1002,1100,1016,1162,1336,1076,1118,950,1193,1166,1427,1154,1262,997,1220,973,1223,1060,1236,1486,961,1110,1420,1079,1388,1009,1129,995,1323,1162,1152,1195,1423,1321,969,1078,1211,1287,1190
,1451,1107,1027,1235,1032,1078,1138,1045,1107,1509,1347,1166,1205,1460,1448,1465,1439,1274,1104,1088,1296,1152,1399,985,1284,1424,1480,1334,1068,947,1023,1049,1142,1346,1321,1469,1249,1185,1196,1259,1210,1229,1012,1368,1512,957,1156,1221,1243,1494,1018,995,1086,1175,1122,1191,1467,954,989,1350,1041,1205,1198,1388,1426,1265,1071,1176,1158,970,1045,1272,1205,1055,1029,1317,1503,1224,1369,1189,1034,1511,1163,1000,998,1384,1445,1029,1413,1219,1136,1264,1144,1496,963,1058,1354,1191,1012,1113,1236,1448,1091,1117,1329,1504,1077,1282,1095,1114,1062,1242,1004,1139,1028,1446,1295,1058,1496,1448,1114,1107,1003,1452,1068,1265,1304,960,1409,1190,1494,1063,1210,1106,1081,1027,1456,1064,966,1371,1194,1400,1136,1137,1194,1314,1018,1006,1091,1243,1324,1280,1203,964,1494,1280,1318,1213,1348,1242,1250,1144,1020,1407,1047,1010,1323,1000,1410,1252,975,997,1434,1221,1158,1402,1186,1032,1235,1414,1134,1256,994,1438,1309,1163,1116,1499,1010,1327,1503,1276,1016,1222,1371,1499,1205,1389,1454,1200,1320,1303,1439,1258,1171,1430,964,1004,1037,1476,1172,1260,1412,1078,1046,1466,1472,1364,959,1439,1426,1200,1368
,1103,1502,1077,980,1112,1503,1174,1311,1456,989,1065,1117,1284,999,1310,1495,1041,1443,1292,1031,1149,1209,1385,1459,1160,1411,1284,1035,1111,1085,1362,1089,1154,1141,1128,1245,1115,1506,1266,1109,1162,1402,1511,1373,963,1012,1157,1354,1273,1148,1247,1127,1236,1367,1137,1398,1355,1026,1426,1225,1104,1332,1376,1119,1357,1322,1193,1151,1134,1219,1418,1099,1116,1393,1085,1127,1160,1442,1510,1301,1285,1135,1280,1348,1490,1111,1132,1330,1175,1370,1374,1368,1187,1278,1332,1015,1343,1284,1385,1049,1434,1088,1390,1029,975,1386,1260,983,1473,1300,969,1321,1266,980,1178,1439,1488,988,1248,1335,1209,1307,1299,1459,1061,1114,1382,1400,982,1023,1014,1118,1092,1444,975,1018,1133,1097,988,1197,1073,1468,1289,966,1470,1238,1144,1054,1176,1443,1116,1483,1108,1307,1002,1413,954,1511,965,1017,1071,1113,1032,1022,1350,1423,1147,1057,1051,1018,1251,1470,1068,1228,1295,1332,1185,1025,1399,1444,1187,1135,1388,1485,1443,1510,1249,1430,1181,1275,1217,1212,1362,1273,1417,1374,1174,1427,1115,1156,1312,1373,1457,1448,1066,966,1277,1103,1406,1006,1457,963,1415,1001,1156,1508,1416,954,992,1434,1058,1328,1493
,1367,1294,1217,1400,1314,1131,946,1061,952,1311,1399,1154,983,1452,1212,1071,1070,1093,1157,1085,1214,1445,972,1354,1211,988,1433,1338,1405,1163,1074,1198,1481,1414,996,962,1434,1079,1295,1427,1373,1360,1214,1310,1111,1063,1114,1115,1124,1283,1272,1269,1066,997,1239,1417,1417,1494,1398,1066,971,1481,1454,1102,1251,1388,1428,1162,1316,1171,1034,1469,1117,989,1276,1251,1423,1357,1466,1225,1382,1205,1005,980,1112,1063,1377,1143,1086,973,1457,1081,1296,1244,1393,1297,1502,1393,969,1144,1013,1267,1051,1228,1053,1497,1428,1449,952,1330,1178,1393,1371,1126,1094,1046,1077,1493,1113,1506,1350,1182,946,1051,1396,1178,1369,1497,1191,1426,1171,1380,1041,1009,1253,1457,1340,1044,1202,1154,1078,949,1268,1060,1252,1026,1508,1143,996,998,1459,953,1276,974,962,1108,1038,976,1131,957,1107,1496,1367,1225,1472,1284,1452,1119,1296,1506,1132,1416,1429,1367,1038,1032,1052,1099,1238,1248,1192,1064,1133,1197,1416,993,987,1006,1246,1384,1435,1125,1300,949,1442,1371,1068,1126,1009,1051,1007,1194,1251,1184,1411,1389,1065,1146,1449,1418,949,1252,1050,1443,1024,1349,1340,1358,1264,1267,1406,1406,1278
,1054,1273,1215,1095,1242,1166,1438,1042,1430,955,985,1344,1416,1454,1020,1440,1109,1173,1062,1390,1420,1183,1295,1428,1411,1080,1025,1435,1053,989,1388,1004,1315,1077,1014,1430,1077,1438,1454,1324,1241,1471,1179,1263,1413,1506,1285,1250,1179,1351,1462,962,1075,1472,1152,1293,1326,1030,1483,1019,1437,1512,973,1444,1274,1291,1383,1317,1083,1450,1509,1338,1129,993,1076,1203,1046,1295,1048,1210,1160,994,1436,1223,1162,1002,1035,1178,1491,1411,1476,1257,1273,1294,1067,1294,1222,1147,1113,1370,1474,1410,1099,1151,1426,1359,1334,1293,1236,1191,1129,1327,1397,1334,1339,1027,1286,1217,1330,1311,1194,1345,985,951,1197,1081,1224,1328,1184,1172,1288,970,1143,1052,1373,1186,1306,1252,1195,1240,1048,1064,1330,1237,1339,1245,1236,1395,1129,1133,1216,1026,1285,1186,1113,1033,1168,1017,1094,1059,1460,1496,1003,1505,1413,1232,1322,1035,1246,1441,1461,1221,1398,990,952,1338,1495,1199,1388,1277,1472,1325,1473,1394,1163,1255,1307,1198,1457,949,948,1066,1383,1016,986,1082,993,1129,1096,1210,1475,1375,1210,1352,1043,1455,1346,1118,979,1312,1248,1275,1481,1299,1418,1350,1447,1269,1022,1033,1471,982,1434
,1348,1453,1342,1177,1038,1099,1185,1266,1478,1092,1333,1461,1171,1462,1505,971,1210,1303,1092,1224,1281,1093,982,1387,1420,1385,1271,1027,1487,1028,1155,1028,1231,1493,1505,1402,1490,1202,1080,1355,1310,1201,1031,1259,982,1305,1132,1135,1331,1410,992,1057,1076,1050,1265,1217,1276,1505,1299,1485,1377,1345,1468,947,1433,1043,1305,1352,993,978,1164,1401,962,1073,966,1458,1014,1247,1129,1188,1023,1091,1091,1406,1080,1470,1487,1048,1250,1150,1354,1334,987,1129,1053,1165,1389,1256,1297,1104,1382,1120,1389,1454,1181,1170,1315,1334,959,1312,1148,1024,1337,1322,1144,1210,1337,1212,1090,976,978,1461,1129,1073,1091,1038,1480,1378,1044,1227,1224,1325,998,1230,946,1471,1259,951,1310,1422,1250,1336,1440,1173,1260,1398,957,1478,1439,1414,1308,1504,1480,1215,1416,1126,1323,1422,1417,1163,946,1281,1091,1218,1422,1299,1342,1034,1222,1386,984,1329,1453,1410,1087,1453,1473,1429,1136,997,1444,1339,1246,1157,1445,1219,1426,966,1234,1058,1152,1083,1263,1292,1170,1230,1366,1446,1151,1500,1281,1067,1056,1375,1343,1202,1167,1351,957,953,1250,1465,1383,1167,1297,1161,1118,1441,1032,1030,1385,1030,1167
,1315,959,1327,1495,1255,1138,1006,1469,1453,1203,1107,1447,1059,1291,1108,1413,1007,1212,1122,1467,946,1361,1138,1168,1065,1147,1113,1074,1109,979,1346,1409,1051,1425,1089,1202,1291,1294,1503,1146,1427,1338,957,1043,1302,1052,1438,1484,1038,1022,1448,1306,1458,1328,977,969,1130,1236,1003,1006,1319,1195,1244,1028,1382,1259,1041,1483,1311,1069,1397,1271,1007,1405,1036,1338,1069,1148,1204,1420,995,1373,1423,998,1034,1018,1431,1340,1225,1512,1455,1235,1185,1265,1024,1330,1053,1395,1111,1262,1259,1405,1466,1049,1341,1512,1098,1396,1374,1493,1199,1271,1476,1499,1341,1434,1033,1424,977,1073,1075,1121,1320,1281,1083,1258,1237,1214,1095,1373,1457,1011,1158,1098,1102,1383,993,1230,1368,1214,1057,1336,1205,1107,1055,963,985,1434,1353,1005,1149,1151,1288,1221,1172,1004,1246,1282,1137,1219,1164,1148,1404,1303,1095,1217,1479,1025,1347,1261,1095,1355,1018,1356,1291,1052,1455,1297,1299,1505,1084,1262,1457,1010,1277,961,1066,992,1132,1227,1070,976,1136,1056,1017,1426,955,1383,1155,1295,1170,1052,1298,1356,1458,1195,1330,1451,1110,1061,949,1276,979,1278,1061,1328,1137,1148,1265,977,1308,1140,1446
,1171,1507,1137,963,1109,1425,1191,1068,1145,1465,986,1033,1101,1408,1477,1030,1317,957,1080,1359,1431,1312,1135,1028,1043,1073,1037,1262,1487,1206,1263,979,1334,1162,1055,1270,1199,1348,990,1401,1473,985,1283,992,1358,985,1307,1239,1198,1043,1033,961,1325,1071,1351,1066,1299,1471,1262,1244,1234,984,1073,1165,992,1461,1404,1140,1127,1413,1065,949,1273,1263,1464,967,1133,978,992,1113,1087,1288,1335,1026,1090,1476,1282,1048,1195,1041,1454,1361,1140,1322,1464,1019,1353,1295,1494,1117,1473,963,1216,1296,1105,1191,1260,1474,1079,1434,1219,1094,1352,1425,960,1222,1044,1342,1208,1375,961,952,949,1502,1212,975,1438,1031,1349,973,1184,1095,1237,1336,1375,1264,1136,1421,1231,1394,1242,1101,1145,1293,1478,1344,978,1404,1345,1184,1091,1322,1050,1463,1419,1463,1489,1512,1075,1047,1078,1079,1107,1367,1263,1276,1421,1480,1229,1086,1285,1049,1263,1395,1418,1322,1225,1136,1314,1067,1441,1425,1338,1140,1128,1140,958,1212,1375,1457,1434,996,1450,1124,1162,1087,1398,1174,1072,1488,1475,1089,1208,958,1072,1032,1089,1282,1108,1412,1187,1216,1038,1222,1384,1315,1178,1234,1349,1368,1018,1139,1129
,1237,1481,976,1385,1084,1180,1449,1461,1033,1168,1503,1145,1006,1290,1364,1510,1148,1094,1415,1153,1233,1403,1410,1244,980,999,1289,1184,1083,1381,1369,974,1239,1287,1441,1235,1227,1278,1468,1512,1397,999,1394,1180,1438,1263,1305,965,1073,1148,1433,1170,1299,1211,1384,1297,1397,1273,1494,1149,1095,1503,1328,1437,1437,1350,1090,1206,988,1423,1067,1353,1057,1443,1490,1359,1086,1352,1261,1377,1311,1203,1145,1339,1098,1478,1316,1079,987,1460,1230,1247,1073,1235,1126,1154,1167,1235,1260,1392,1029,1482,1183,1247,1136,1107,1137,1155,1087,1294,1302,1311,1084,1249,1242,957,1199,1071,1403,1204,946,1419,1358,983,1325,1509,1028,1381,1123,1338,1275,1328,1372,1281,1334,1295,991,1148,1468,1385,1177,1500,1168,1470,1349,1072,980,1208,1176,1438,967,1136,988,1378,955,1194,1461,1378,1507,1506,1512,1210,1129,1143,1445,1225,1249,1043,988,1259,948,1058,1355,1242,1039,1047,1041,1059,1152,984,1447,1308,1123,1341,1080,1472,1174,1214,1405,1069,1326,1226,1314,1457,1494,1131,1340,1070,1320,1086,995,1222,1201,1080,1508,1139,1378,1184,993,1431,1469,1228,1025,1020,1316,1017,1436,1178,1372,1139,1005,1191,1183
,948,1118,1112,1352,1116,1218,1362,1172,1208,953,1398,1262,1059,1069,1481,1276,1331,1025,1046,1325,1272,972,1346,1173,1378,1174,1212,1472,1075,1185,1263,1278,1501,1245,1058,1222,1443,1228,1351,1431,1509,1165,1481,1256,1336,1219,1160,961,1462,1090,1031,1414,1327,1268,1145,1217,1428,951,1118,1274,1385,1186,1495,1147,1247,1044,1264,1443,968,958,1225,1049,1057,1462,1113,1301,1225,964,1406,1508,1505,1481,1340,1249,1350,1036,1165,1296,1465,1125,1352,1253,1297,1423,984,1213,1293,1275,988,1309,1318,1223,1145,1283,1209,1161,1028,961,1380,1504,1079,1014,1016,1089,1170,964,1205,982,1054,1045,1011,1143,1108,1450,1095,1155,1419,1336,1291,1311,994,959,980,1085,1119,1186,1082,1027,990,1098,1276,1287,1018,1466,1231,1060,1305,1151,1068,1291,1252,1108,1353,1189,1352,1150,987,1071,1390,1354,1508,1231,1511,1202,1410,1141,1391,1314,1223,1196,1415,1266,1366,1469,1425,1105,1069,1311,1028,1025,1023,1233,1062,1424,1127,1176,1413,1488,1182,1259,977,1076,1250,1471,1423,1082,1098,1048,1366,972,1219,1308,1495,1045,1293,1249,1302,1198,1384,1475,1356,1062,1284,967,1330,973,1072,1043,1260,1066,1056,1081,1346
,1321,1076,1272,1100,1076,1160,1391,1486,1162,975,1221,1199,1370,1119,1263,1044,990,973,1300,946,1086,1438,1295,1277,1234,979,1424,1123,1035,1115,1355,952,1071,1196,967,1270,1334,1065,1151,1468,1369,1439,1185,1087,1127,1375,1017,1097,1055,992,1038,1365,1384,1297,1283,1112,995,970,1426,1302,974,1193,1050,1471,1387,1388,1382,1355,1183,1487,1165,1335,1133,1351,1507,1354,1308,1152,1178,1310,1262,1253,1222,1289,1057,1345,1166,1380,1489,1506,1279,1099,1333,1128,1114,1023,1127,1353,1144,962,984,1049,1034,971,1218,1062,1273,1374,1077,1390,1187,1226,1492,1138,1175,1040,1370,1181,1113,1482,995,1327,1213,1437,1219,1467,1020,1290,1031,1337,1142,1151,1467,1137,1128,1324,1146,1481,1398,1154,1238,1198,999,1436,1346,1034,1377,1033,1169,1506,964,1147,1347,1411,1398,1234,1461,1411,1478,995,985,1338,1143,957,1207,1117,1046,1447,1087,1365,1206,1059,1113,1432,1257,956,1501,1390,1505,1387,1185,1395,1055,1299,1473,1316,1503,1499,1480,977,1085,1347,1419,1464,1457,1069,1237,1426,1091,1009,1087,1012,1230,1118,1017,1498,1341,1245,1045,961,1142,1310,1146,1166,1442,1275,1491,1281,1327,1253,1063,1078,1306
,1314,1502,1359,1094,1320,981,980,1074,1368,1233,1061,1200,1377,1180,1503,1229,981,1070,953,1137,1023,999,1317,1075,1025,1095,1084,1382,1229,1194,1168,989,999,1022,1272,1449,1318,1202,1451,1262,951,1463,1069,1053,1137,1342,1164,1408,1227,1266,1418,1123,1141,1200,1045,1419,1465,1214,1063,1061,1053,1002,1450,1427,1497,1232,1173,1030,1494,1413,1119,1024,1435,1241,1128,1040,1365,1118,1063,1006,1234,1422,1323,1493,1013,1236,1429,1147,1251,1127,1143,1359,1072,1003,997,1318,1032,1185,1093,1145,1201,1169,997,1183,1466,1481,1353,1059,1364,1424,1065,1065,1167,1324,1407,1391,1149,1187,1433,959,1203,1215,1271,1417,963,1457,1255,1253,1062,1332,1292,1092,1050,1323,1406,1465,1358,1201,1438,1300,1228,1131,1132,1000,969,1318,1415,1228,1121,1351,1260,1214,1351,1121,1505,1473,1081,1184,1243,1085,1088,1375,1262,973,1214,1374,1279,1101,1081,1470,1499,1374,1294,1508,1461,1493,1363,1248,1256,1264,1139,1479,1303,1120,1220,1295,1064,1151,1253,1121,1362,1480,1433,1200,1068,1116,1046,1262,1048,1435,1189,1512,989,1182,1503,1013,1510,1073,1113,1027,1450,1420,1288,1355,1417,1252,1147,1317,951,1211,1032,976,1315
,973,1077,1403,1001,1195,1225,1036,1196,1028,1461,1107,1221,1145,1242,1299,1407,1101,1393,1006,1042,1455,1400,1069,958,1356,1461,957,1161,1434,1395,1101,1005,1269,1250,1126,1391,1078,1424,1088,1268,1034,1477,958,1360,1368,954,1156,1040,1005,1085,1013,1437,1220,1018,1140,1021,1378,1153,1511,1080,1399,1086,1406,1336,988,1135,1024,1455,1376,948,1355,1270,1084,950,1448,1205,1241,1499,1427,1503,1142,1308,1441,1238,1154,1033,1317,1347,1134,1095,1254,1399,1481,1376,1299,1450,1265,1323,1317,1192,1331,1135,1072,1501,1489,1306,1207,1179,1213,1380,1250,1361,1317,983,1095,1090,1313,979,1310,1295,1146,1478,1112,1061,1279,949,1098,1310,953,1077,1315,1429,1139,1313,1433,1470,1198,1262,1129,1162,1143,1277,1198,1243,1003,1004,973,1407,1378,1287,1314,974,1167,1154,1106,1455,1369,1013,1193,1071,1057,1206,1216,1051,1108,1408,1129,986,1488,1075,1199,1034,995,1043,1193,1310,1016,972,1436,1026,1499,1044,1228,1195,1286,1235,1206,1482,1501,1309,1397,983,1357,1001,1391,1074,1374,1096,1434,1000,1287,1431,1033,1494,1457,1101,1388,1481,1279,1353,950,1331,975,1171,1134,1205,1138,1507,1281,1289,1031,1141,1057
,1025,1409,1246,1104,1367,1468,1384,1009,1433,1012,1256,978,1257,1281,1177,1495,1212,1046,1071,1277,1370,1512,952,1231,1375,1126,1135,971,1111,1049,1055,1138,1053,1100,948,1477,1329,1140,1105,1504,1073,1488,1472,966,997,983,1330,1091,1374,1408,1055,1489,1481,1141,1421,1372,1338,1149,997,1314,1260,1443,1060,978,1205,1307,1478,1133,1417,1209,1366,1287,1289,1116,1066,1106,1123,1269,981,1207,1456,946,1476,1312,985,970,1423,1019,1056,1477,992,1159,1349,1226,1239,1056,1106,1415,1276,1345,974,1328,954,1468,1340,1328,1114,1242,1363,1030,1310,1473,1133,1297,1207,1138,1429,1343,1321,1403,1241,1015,1055,1178,1127,1148,1154,1127,971,1229,1154,1451,1493,1403,1179,1322,1264,1411,1010,1354,991,1088,1116,1361,1066,1312,963,1157,1032,1011,1348,1099,997,1438,1020,1045,1035,985,1162,1495,1060,1087,1299,966,1415,1077,969,1233,1037,1482,1378,1408,1487,1116,997,1147,957,1247,979,1303,1431,1093,1112,1461,1319,1252,1011,963,1347,954,1022,1487,1190,1198,1059,1239,1218,1206,1023,1115,1313,1327,1493,1347,1223,1107,1154,970,982,1012,1279,1357,1075,1145,1177,982,1098,1206,971,1299,1394,1397,1022
,1392,1073,1277,1022,1418,1061,1037,971,1349,998,1014,1370,1009,1073,1328,1481,1272,1038,1488,1453,1284,1122,1319,1258,1053,973,1061,996,1127,1412,1371,1485,1117,1039,1338,1070,1160,1043,970,1477,1430,1140,1080,1227,1008,1209,1341,1027,1094,1481,1130,1467,1472,1471,1248,1195,962,1392,1050,1159,1014,992,1062,1033,1111,1311,1487,1153,1222,1151,1067,1343,1121,1313,961,1105,1148,1122,1194,1314,1097,946,1179,1200,1450,1344,1176,1240,999,1104,1461,980,1323,983,1209,1295,1350,1325,1451,975,1228,1121,1332,1268,1111,1437,1184,1381,996,1400,1357,1361,1495,1425,1371,966,1082,1456,1051,1123,1484,949,1056,1441,1339,1325,1411,965,1512,1299,1339,1080,1128,1080,1039,1381,1495,1092,1425,1037,1440,968,969,1390,967,1104,1483,1476,1241,1267,1300,1191,1094,1432,1390,1193,1314,1023,1415,1272,1299,968,1361,1308,1097,1238,1337,994,1417,1369,1311,1257,1471,1471,1496,1334,1420,1031,1100,1417,1464,1479,963,1511,1203,971,973,1290,1263,1239,1463,1445,1015,1387,1143,1086,1071,1497,1220,1085,1315,1307,1408,1467,1088,1150,1323,1040,1444,1311,1375,1034,1189,1067,1288,1144,1174,1278,1074,1078,1027,955,1450
,1086,1443,1210,1054,1463,1477,976,1062,1006,1506,1104,1458,1124,959,1072,1057,1079,982,1266,1212,1273,947,1244,1450,1269,1368,1039,1068,1137,1419,979,1141,1404,1357,1215,1203,1008,1271,992,1159,1061,1360,1041,1041,1307,1200,1388,1092,1512,1505,1175,1168,1011,1460,1271,1369,1429,1294,1059,1210,1333,1467,1434,1476,1111,1495,1421,1197,1030,1378,1303,1177,1085,992,961,1184,1260,1250,1469,1139,1429,989,1230,951,988,1387,1428,1243,955,1012,1178,1426,1035,1382,967,1304,952,1449,1367,1267,1233,1347,1128,1512,1222,1028,1191,1346,1434,1090,1112,1311,1322,1079,1158,1087,1011,1214,1042,1130,1499,1476,1247,1330,1105,1164,1322,1491,1504,1224,995,1203,1058,1381,1406,1121,1212,1350,1350,966,958,1221,1163,1286,1131,1482,1399,1006,1208,1094,963,1280,1425,1158,1147,1252,1052,1272,1333,1472,1487,1138,1159,1417,1397,1013,1311,1237,1117,1301,1338,1132,1091,1481,1048,1231,1444,1426,1123,995,1378,1420,1163,1168,1245,1264,1479,1250,1398,1381,1426,1124,1106,1120,970,1148,1051,1415,1055,1485,1121,1311,1305,1057,1418,1178,1269,1340,1032,1127,967,1062,1462,1039,1036,1128,1320,1121,1345,1483,1063,1486,956
,1234,1083,1218,955,1049,1421,970,1283,1433,1187,1232,1349,1281,1090,1448,1479,1164,1436,1216,1458,1088,1429,1482,1379,1202,974,1185,1103,1322,1399,1490,1167,1025,1129,1441,1483,1360,1166,1077,1157,1015,1366,1339,1337,1468,1223,1397,1054,1275,1343,1278,1097,1356,1486,1242,1064,1227,1417,1395,1338,1179,1261,1024,1451,1369,1463,1303,1410,1278,1097,1110,1295,1044,1454,1142,1081,1304,1032,967,1220,1422,1505,1254,1311,1481,1239,1312,1499,1408,1007,1094,1002,1492,1424,1055,1495,1053,1368,1468,952,1026,1384,1040,1074,1386,1333,1335,1191,1024,1440,1007,1420,1481,1133,1412,1113,1306,1165,958,1379,1175,1444,1189,1081,1121,1369,1487,1101,1231,1448,1439,1316,1303,1041,1061,953,1287,1088,1217,1111,1184,1359,1083,1504,1048,1488,1451,1169,1201,1013,1484,1218,1451,1039,1102,1072,950,1276,1324,1256,1025,1421,1166,1488,1491,996,1245,955,960,1304,1163,1129,1156,1150,1306,1392,1393,1223,1485,1283,1041,1397,1348,1128,1285,1276,954,1269,1397,1229,974,1169,1234,1178,1052,1096,989,1471,1150,1208,1004,1502,1409,1088,1049,1371,1357,1238,1478,1398,1170,1150,1296,1326,1291,1069,1308,1036,1220,1278,1356,1178,1398
,1394,1255,1255,1207,1194,1463,1097,1285,1349,1090,1219,1227,1058,981,1022,1178,1084,1013,1376,1354,1386,1340,1115,1307,1282,1289,1477,1188,1162,1025,1069,1057,1479,1148,1312,1334,1489,1223,1061,1195,1193,1469,1141,1187,1454,1465,1498,956,1464,1224,1227,1132,1005,1432,1030,1440,1313,1351,1215,1507,1392,1280,1323,1290,1271,1103,1358,1305,1112,986,1163,1296,1299,1331,1072,1510,1249,1474,1422,1494,1199,1212,1217,1471,1430,1491,1221,1295,1500,1417,1434,1376,1232,1053,1357,983,1383,1288,1408,1361,1000,1482,973,1316,1212,962,1417,1053,1074,1299,991,1484,1429,1065,1143,1482,1359,1276,1152,1455,1061,1391,1047,1299,1144,1062,1328,1437,1205,1183,1095,1374,1308,1096,1191,1458,1406,1475,1349,1095,1504,1312,1497,1478,1370,984,1352,1047,1085,1239,1443,1471,983,1467,1070,1423,999,1001,1150,1275,978,1250,1104,1188,1197,1445,1435,1118,1152,992,1415,1343,1153,1111,1382,1268,1000,1055,1125,1014,1052,1089,1314,1508,1305,977,1445,1229,963,1234,1466,1247,1337,1071,1480,1309,1031,1327,1154,1274,1179,1072,1477,1014,1219,1274,964,1097,1449,1190,1191,1020,1053,985,1104,1347,1375,962,1211,1123,1482,1319,1337
,1223,1064,1078,1492,1045,955,1324,1109,1161,1282,1362,1470,1245,1219,1272,1490,1459,1446,1070,996,1477,1140,1330,1417,1350,1454,1145,1331,967,1444,1009,1507,1298,1128,960,1411,1159,1121,1365,1247,1029,1322,1360,1386,1471,1340,1502,1454,1176,1426,1349,1371,1013,1359,997,1067,1250,1039,1503,1160,1347,1012,1149,1382,1259,1359,1339,981,1324,946,1321,1263,1037,1509,1129,1141,1022,1236,1123,1121,1501,1305,1024,1127,1095,1479,967,1389,1287,1161,1166,1362,1481,1302,1265,1072,1163,1101,1064,1463,1203,1262,1243,961,1277,1052,1494,1202,1320,1175,1217,1507,986,1479,1227,1085,1439,1482,1153,1408,1164,1291,1339,1041,1443,1413,1059,1243,1315,1123,1143,1041,1326,1237,1319,1285,1098,1023,1196,1028,1377,1368,1484,1294,1348,1319,1484,1337,1403,959,1450,1362,1351,1445,948,1053,1416,998,1367,965,1040,1060,1114,1372,978,1480,1301,1508,1021,1204,966,988,1479,1450,991,1161,1473,1207,1155,1239,1396,1028,1086,1418,1332,1366,1074,1004,1240,1159,1250,1253,1496,1062,1183,1153,1003,1122,1068,1425,1473,947,1511,1225,1197,1029,1290,1109,1015,958,1365,1226,1119,1295,1419,1198,1488,1071,1128,1097,1434,1425,1415
,1165,1233,1277,1087,1262,1212,1411,1168,1012,1038,1406,1495,1377,1192,1076,1115,1136,1386,1040,1380,1085,1106,1420,1212,1117,1125,1137,1261,1228,1331,1311,1423,1295,1053,1339,1411,1189,1044,1120,1292,1127,1211,1263,1320,1044,1504,1283,1046,1440,1399,1077,1034,1313,1223,983,1045,973,1205,1381,1020,1364,1107,1235,1183,1085,1424,1440,1017,1033,1036,1187,1268,1170,1355,1322,1387,1343,964,1415,1486,1025,984,1322,1464,1318,985,1157,1423,1250,1160,1009,1293,1179,1318,1233,1468,1182,1186,1173,1232,1055,1367,1076,1418,1503,1111,1266,1008,1231,1014,1126,1293,1467,1204,1004,1309,1344,1320,1388,1083,1421,1275,1052,1292,1378,1487,1363,1255,1112,1311,1147,1379,1362,992,1114,1489,1280,1074,1259,1492,1233,966,1182,1139,1509,1258,1456,1475,1417,1087,1220,1305,1176,1410,1021,1285,1142,1091,1441,1437,1313,965,1148,1241,976,1267,1392,1040,1347,1302,1387,1311,1219,1140,1277,1334,1416,1207,1337,1226,1317,1117,989,952,1315,1301,1152,1236,1075,1119,975,1106,1136,1142,1195,1063,1011,951,1064,1192,1173,1193,1323,1378,1132,1369,1188,1494,1142,996,1469,1171,1018,1467,1225,1104,1393,1506,1476,1320,1480,1126,1438
,1200,1344,1157,1435,1027,1041,1158,1113,1147,1321,1269,1080,1197,1255,1328,1010,1272,1426,1282,1327,1127,1140,1191,1393,1222,1375,1077,1479,986,1200,1082,996,1419,997,1058,1298,1117,1109,1331,1293,1176,1504,1202,1441,1434,1266,1010,1435,1347,1490,1415,1059,1210,1047,1139,1270,1354,1431,1157,1083,1031,1091,1300,1442,1326,974,959,1069,1268,1375,1224,962,1219,1427,1126,1380,1200,1039,1226,1178,1130,1174,1029,1100,1081,1157,1505,1358,1460,1153,1170,1199,1067,1405,1350,1398,1119,1036,1110,955,1355,1390,1279,1154,1150,1448,1509,1003,1041,1200,982,1300,1089,1101,1332,1495,1453,1441,1366,1213,1425,1124,1187,1376,1389,972,1305,1179,1280,1220,1010,1413,1395,1159,1447,1108,1116,1455,1364,1474,1170,1139,1301,1137,1019,1239,1379,969,1230,1225,1133,1044,1301,1110,1474,1060,1246,1511,1327,998,1091,1112,985,1416,1246,1107,1281,1507,1196,1403,1250,961,1238,1346,1255,1220,1032,1082,1428,1122,1376,1155,952,1184,1096,1386,1185,1226,1142,1287,1181,1113,1204,1261,1197,1277,1481,983,998,1494,1323,987,1275,1400,1381,1090,1134,1341,1179,1068,1079,1323,1074,1146,1451,1031,1103,1382,1173,1389,1321,1385,1382
,1129,1284,1183,1488,1199,1292,1243,998,1041,1298,1063,1347,1203,1428,979,989,978,1409,973,1100,1284,1337,1158,1145,970,1451,994,1026,951,1086,1044,1345,1153,1507,998,968,1347,1258,1271,1385,1209,1057,1080,1428,1119,1460,1056,982,1212,1366,1297,1302,1048,1040,1288,976,1335,1368,1255,1369,1325,1339,1184,1195,1195,1108,1051,1064,1203,1044,1402,1280,1160,1223,995,1123,1015,1216,1192,1364,1377,1067,1007,1384,1385,1215,1485,1232,1502,1212,1419,1213,1453,1391,992,1504,1399,1131,1273,1228,1088,1343,1292,1468,958,1106,957,965,1398,1505,963,1164,979,1359,1162,1460,1319,1099,1214,1222,1224,1488,1016,1078,1284,1150,1330,1096,1336,1482,1188,1191,1495,1400,1132,1334,1002,1105,955,1022,1086,1160,993,1034,1020,965,1045,1172,1195,1046,998,1459,1149,1066,1155,1279,1078,1313,1126,1147,1089,1149,1211,1291,1308,979,1254,1093,1418,1182,958,1002,1234,1387,1450,1050,1403,1123,1126,948,1210,1402,1429,1008,970,1290,1220,1469,1454,1455,1188,1406,1507,1205,1422,1074,1158,1466,1012,1029,1089,1324,1295,1190,1046,1150,1054,1406,1420,1037,1251,1337,1185,1082,1183,1470,1054,1171,1112,1035,1283,1350,965
,1060,1285,1269,1034,1046,1211,1139,1512,1237,1486,1342,1491,1327,1409,1244,1299,1290,1110,969,1424,1232,1207,1326,1412,1072,1442,1314,1037,1336,1497,1207,1043,1318,1010,1048,1376,1288,1454,1420,983,1458,1189,1450,1022,1304,1436,1380,1512,1458,1110,1455,1382,1470,1066,1385,1160,1152,1302,1067,961,1348,1320,1357,1406,1220,1478,1437,1210,1251,997,1172,1334,1230,1086,1502,1142,1218,1322,954,1157,1270,1374,994,1046,1189,1209,1139,1256,1371,1213,953,1121,1443,1026,1249,1483,1026,1084,1361,1239,1183,1365,1153,1291,1152,1393,1104,1299,1156,1188,1222,999,1129,1186,1168,991,1313,1341,1361,1041,1321,1314,1465,948,1376,1511,1259,1401,976,1206,1473,1078,1406,962,1066,1115,1500,1039,1386,997,1246,1114,1057,1377,1181,1044,1036,1345,1000,1382,1242,1339,1463,1089,1184,1074,1264,1370,1476,1375,1385,1372,1077,1356,1090,1404,1022,1008,1042,976,1302,1146,1388,1118,1298,1021,946,994,1071,1003,1272,1160,1103,1181,1403,1045,967,1021,1356,1141,1123,1281,1037,1453,965,1479,1390,1253,1473,1133,1456,1309,1497,1134,1363,1208,1205,1201,1303,1164,1411,1447,1322,1106,1112,1387,1244,950,1167,979,1216,977,1170
,1247,1225,1076,1035,1503,1019,1234,1069,1066,1320,1352,949,997,1300,1497,1273,1261,1496,1371,1207,1128,1295,1051,1412,1087,1467,1185,983,946,1245,1304,1123,1318,1410,1487,1082,1312,1393,1322,991,1361,1187,969,1145,1381,1200,1206,1150,1242,1448,1269,1496,1505,968,1303,1488,973,1290,1181,1043,1206,997,1226,1087,1424,1171,1205,1288,1021,1192,1347,1175,1334,1288,998,1029,1388,1463,1472,1363,1156,1344,1002,1386,984,1099,1259,1042,1140,1110,1281,1353,1346,1041,1105,1113,1325,1198,1059,1472,992,1084,955,1043,1197,1410,1470,1276,1488,1114,1348,1207,1090,1241,1269,1438,1263,1108,1279,1454,1304,1070,961,1368,1488,1257,1430,1235,1301,1506,1245,1074,1047,1063,1176,1302,1420,1083,1258,1388,1238,1010,1501,952,1029,1017,1393,1277,1498,1342,1010,1397,1077,1296,1479,1158,1334,1397,1497,1186,1197,981,1090,1250,1300,1327,1467,1162,1241,1017,1301,1395,1406,1447,979,1411,1405,1194,1061,1120,982,1198,987,1353,1471,1293,1425,1250,1124,959,1012,1256,1090,1023,1058,1360,1162,1322,1344,1262,1237,1279,998,1222,1459,987,1282,1266,1011,1198,1014,982,963,1161,1458,1494,1074,1430,1267,1258,1129,1360,1089
,1126,1434,1125,969,1022,985,1487,1471,1150,1045,1205,1498,1383,1028,1449,972,988,1428,950,1327,950,1331,1124,1444,1008,979,1406,1191,1420,1442,1206,1063,987,959,985,1479,1382,1459,1469,1379,981,1015,1414,1368,1224,1088,1180,1511,967,1289,1431,1300,1269,1048,1289,1393,1051,1214,1070,950,1043,1160,1497,1509,1142,1308,1366,969,1404,1238,1335,1124,1182,1499,1086,1088,1110,1369,1275,1115,1421,1151,1063,1143,1474,1083,1265,1373,1250,1177,1441,1291,1105,1347,1371,1269,1248,1197,1368,1144,1333,1144,1083,1440,1426,1232,1410,1239,998,1222,1373,1438,1106,1481,1395,1064,1195,1294,1118,1019,1068,1151,1277,1079,1102,1263,1123,1072,1450,1036,1281,1343,1458,1450,1453,1511,1093,1125,1410,1424,1009,1329,1140,1433,1355,1248,1126,1206,1088,1043,1476,1356,1115,1468,1297,1429,957,1002,1374,1322,1413,1334,1328,1158,1158,1022,1475,1274,1394,1339,1111,1264,1219,1258,1178,1420,983,1059,1404,1490,1486,957,1427,1090,1419,1408,1085,1422,1078,1193,1486,1055,1282,1380,1259,1472,1217,1094,983,1156,1134,1358,1412,1007,1095,1405,1503,1285,1278,1107,1390,1391,1061,1046,1180,1116,1003,1348,1097,1318,1426,1466,987
,966,1031,1434,1318,1146,1141,1015,1460,1291,959,1482,1008,1444,1073,953,1156,1271,1335,1315,1091,1304,1066,1050,1153,1112,1178,1208,1275,1178,1328,1289,1235,1084,1207,1385,1374,1086,955,1260,959,1349,1341,1278,1312,1103,1255,1242,1126,1408,1427,1064,1497,1082,1071,1219,1171,1486,1357,1170,1491,1236,1475,1061,967,1504,1209,1227,971,1079,1321,999,1495,1443,1015,1346,1325,1118,1016,1332,1276,1325,1111,1095,1123,977,966,1213,950,1046,1352,1056,1461,1409,1435,1284,1167,1134,946,1044,1479,1225,1176,1052,1120,1005,1017,956,1060,1098,1137,1145,1359,1093,1022,1342,995,1172,1403,1462,1478,1211,1437,1317,1430,1283,1059,1325,1409,967,1455,1361,954,1047,1201,1324,965,1136,1390,1107,1079,1203,1062,969,1049,1192,1371,1244,989,1499,1330,992,1150,1391,1475,1295,1101,1303,1368,1367,1100,1086,1482,1123,1214,1198,995,1033,1371,1249,1104,1095,1391,1088,1455,1341,1408,1055,1045,981,1512,1169,1433,1482,1349,1164,1480,1349,1251,1461,1138,1272,1347,1337,1450,1260,1018,1237,1416,1478,1192,1320,1182,1182,1509,1124,1463,1056,1474,1026,1304,1509,1361,1171,1039,1466,1421,1256,1157,1461,1051,1463,1186,1013
,1354,1155,1281,1039,1404,1068,1045,1504,978,968,1122,1462,1185,1100,1021,1030,1024,1510,1081,1299,1117,1333,966,1090,1496,1387,1328,1314,1507,1406,1311,1443,1198,1368,1094,1352,1491,1484,1159,959,1225,1305,1024,1062,1092,1124,1348,1284,1023,1115,1383,1072,1239,1135,1155,1164,1068,1071,1477,970,1419,993,1234,1047,1263,1486,1193,1203,1436,1072,1413,1010,1162,976,1024,1493,991,1495,1284,1424,1314,1312,1440,1035,1152,1187,983,1425,1249,1280,1031,1386,1352,1270,1133,1439,1275,1499,1287,1295,1310,1267,1167,1476,1268,1270,1111,1409,1280,1168,1317,1291,1056,1027,1481,1316,1056,1465,971,1088,1483,983,1438,1403,1008,1153,1162,1178,1225,1080,1411,1388,1182,1233,1045,1010,1040,1503,1241,1374,1086,982,1485,1070,1324,1064,1112,1409,1037,1323,1145,1184,1147,1008,1194,1186,953,1276,1399,973,955,1407,1371,1075,1241,1351,1503,1000,1442,1065,1039,1192,1239,988,1062,990,1454,1193,1352,1192,1001,1512,1335,1055,957,1018,1027,967,1431,1214,1427,1160,1318,1232,1508,1430,1089,1165,984,1217,986,1216,1499,959,1334,1412,1361,1345,1273,1182,964,1203,1368,1357,987,1338,1023,1204,1111,1375,1198,1042,1012
,1051,1204,978,1213,1317,976,1110,965,1436,1244,1172,1062,1403,1070,1469,984,1100,1195,1379,1437,1320,1417,1344,1070,1183,966,1297,1439,1341,1463,1014,1201,1255,1289,1399,1479,1316,1362,1425,1039,992,1425,1360,1138,1419,1458,1107,1387,984,1497,985,964,1511,1243,1017,1252,1310,957,1439,1412,956,1431,1150,1437,1088,1091,955,1211,1253,1321,1196,1048,1001,1164,1020,1473,1351,1063,1306,1214,1211,1253,1220,1361,1349,1127,1257,1319,1157,1258,1187,1449,1302,1128,1415,1089,1372,1175,1199,1456,1501,1226,1158,1068,1256,1399,1143,1148,1011,1350,1253,1464,1081,1187,987,964,957,1314,961,1034,1416,1491,1376,1244,979,1379,1381,1034,1417,1310,1470,1275,1493,1281,982,1435,1143,1329,1054,1269,1375,1446,1226,1320,1256,1374,1079,1193,1360,1358,1165,1018,982,1283,1252,1054,1326,1193,1103,1186,976,1213,1463,1116,1313,1341,1486,1414,1298,1087,1401,1157,1271,1230,1182,1355,1212,946,1151,1422,1460,1434,1469,993,1045,959,1012,1049,1173,1218,1114,1173,1404,1287,1084,1342,948,1183,1436,946,1455,1431,1346,1453,1323,1166,1362,1231,1076,1140,992,947,1412,1487,962,1180,991,1169,1277,968,1434,1011,1221
,1085,1095,1135,1341,1012,1154,1041,1110,1438,1212,1061,1068,1082,1324,1145,1006,1370,997,978,1447,1187,1136,1042,1425,1099,1232,1404,976,1192,1496,1072,1427,1083,1437,1247,1252,1130,1452,1165,1025,1315,1360,1510,1077,1130,1495,1168,1024,1375,1045,1216,1150,1345,1150,1180,1121,1093,1259,1085,1178,1142,1184,1247,998,1342,1304,1064,1186,1359,1443,1351,1257,1114,1055,1379,1435,1428,1027,1195,971,1207,982,1455,1140,1338,1222,1030,1076,1453,1138,1362,1130,1503,1345,1498,1326,1449,1066,1418,1034,1482,1180,1216,1021,1320,1302,1486,1043,1128,1255,1238,1063,1202,1194,1254,1317,1228,1004,1086,967,1392,1144,1483,1467,1038,1156,1160,1336,1373,1422,1314,1059,1205,1340,1035,1296,1393,1490,952,1155,1478,1464,1418,1118,1090,1044,1274,1416,1408,1494,972,1317,1079,1374,1297,1065,1144,970,1153,1444,1093,1374,1130,1055,1414,1337,1450,1394,1241,1120,1146,1081,1170,1430,1478,998,949,1503,967,1457,1173,978,1196,1420,1477,1483,1193,1202,1240,1122,1199,1300,1394,1470,1153,1269,1177,1393,1278,1147,1038,1326,1040,1042,1411,1199,1158,1344,1210,1168,1433,1429,958,1148,1398,1254,1053,1409,1466,1280,1155,1225,1222
,1154,1392,1438,1074,1275,1017,1396,1111,951,1161,1191,1205,1305,1155,1194,1235,1394,1000,1265,1324,1188,1389,1151,1438,1351,1067,1485,1420,1490,1465,1392,1427,1469,1097,1393,1014,1487,1474,972,1417,1073,1165,1328,951,1083,1482,1183,1236,1029,1284,1110,1157,970,1273,1078,1442,1043,1446,1043,981,1011,1221,1185,1460,1025,1224,1086,1175,1485,998,1278,1274,1367,1060,1246,1295,1151,1045,973,1248,1023,1363,1269,1279,1298,1351,1388,992,1091,1321,1435,1416,1209,1507,1317,1005,1384,1455,992,1020,1431,1248,1125,972,1435,1279,1345,1421,1366,1352,1425,1351,1346,1197,1224,1116,1313,1396,1121,1454,1053,1220,1053,1436,1408,1324,1039,1468,1328,1168,976,1124,1154,1411,967,1090,1488,1253,963,1019,1348,978,1234,1214,1291,1255,1329,1412,1319,1313,1236,958,1220,1348,1383,1214,1159,1214,1090,1068,1280,1309,1092,1305,1047,1083,977,1195,975,1470,1174,1446,1081,959,1508,1276,1229,1168,1419,959,1067,1454,1189,1180,1395,1205,1100,1394,1340,1201,1491,1425,1478,1260,955,1150,1217,1467,1060,1259,1313,1140,1492,1272,1302,1176,1060,977,959,1443,1366,1247,1240,1055,1397,1027,1457,1348,949,1240,1214,1115,1165
,1212,987,1214,1413,1430,1375,1108,1022,993,1020,1147,1088,1005,981,1475,1072,950,958,964,1304,1106,1138,1247,1046,1294,1263,1440,1167,1123,1396,1462,1190,1067,1288,1042,1426,1137,946,1343,1300,1350,1459,1137,1406,1122,1256,1186,1029,1484,1210,1392,1055,1457,994,964,1422,1068,1005,1228,1352,1337,1367,1242,1147,1241,1069,1138,1006,1414,1239,1208,1079,1448,1187,1396,955,1408,1113,1257,1297,950,1222,1297,1286,1215,1249,1471,1408,1440,1401,1396,1270,1054,1152,994,1182,1485,1482,1397,1283,1472,1331,1181,1386,1375,1240,1210,1148,1230,1051,1349,1269,952,1231,1162,1246,1225,1294,1308,1328,1101,1432,1002,1253,1446,1197,1331,1049,975,1422,1296,1034,1397,1084,1421,1066,1506,1380,993,1149,1223,1362,1300,1155,1044,1091,1009,1445,961,972,1043,1124,1492,947,1498,1155,1116,1118,957,1496,1276,1180,1252,1066,1158,1125,1071,1483,1366,1197,1127,1226,1390,1327,1466,1102,1116,947,1384,1113,1421,1333,1040,1056,1126,1279,993,1174,1195,1324,1330,1416,997,1045,1347,1067,1023,1294,1407,1216,1297,1182,1375,1429,1200,1028,1304,1440,1487,1143,1293,1121,1022,1133,1134,1372,1035,1399,1174,1041,1189,1014,1314
,1304,1017,1009,1256,1499,1082,1005,992,1361,1318,1108,1016,1318,1228,1226,967,1094,1325,1081,1164,1413,1217,1054,952,1255,1346,1171,1420,1231,1347,1230,1049,1150,1246,1204,1175,1010,965,988,1469,1370,1252,1431,1324,1424,1004,1488,1181,1497,1048,1071,1346,1501,980,1355,1181,1265,1108,970,1094,1016,955,1245,1509,1397,1376,1387,1286,1283,1241,1305,1303,1043,1096,1470,1357,1218,961,1222,954,1423,1177,1359,1422,1348,1392,1347,1395,1323,970,1267,1148,1227,1478,1219,1279,1053,1054,1056,1492,963,976,1061,1308,994,1086,1138,1315,1061,1481,1254,1238,1082,1041,1157,1030,1251,1277,1218,1290,1165,1109,1082,1038,1048,1373,1431,1243,948,1505,1341,1194,1255,992,1345,1418,1047,1341,1213,1076,1272,1374,1219,1470,1085,1396,1200,1187,1153,1239,1498,1123,981,1101,1205,1039,1316,1481,1007,1394,996,953,1433,1511,1096,1454,1052,1469,990,1343,1495,1234,1149,958,1048,1433,1318,1026,1102,1003,960,1305,1119,1150,1482,1479,1246,1271,1390,1414,1246,1358,1190,1160,1099,1228,1037,1486,988,1309,1166,1262,1383,1448,1357,1365,1282,1189,1145,1192,1231,1339,1201,996,1240,1015,1511,1354,1243,1272,1348,1038,1281
,1004,1272,1380,1438,1423,1199,965,1456,1051,1448,1379,1248,1147,1031,1473,1192,1053,1004,1293,1127,1316,1328,950,1166,1221,1146,1430,1016,1417,1371,1083,1170,1204,1259,1030,1336,1283,1089,1156,1052,1383,1248,1406,969,1401,1140,1267,1110,1069,1165,1154,1496,1361,1183,1221,1077,1442,1081,1152,1462,1316,983,1088,1371,1301,996,995,1237,1241,1375,1508,1318,1365,1308,1271,1328,968,1497,1057,1393,1281,1107,1381,1378,1054,1174,1459,1248,1095,1059,972,1371,1482,1509,1420,1089,1059,1010,1079,1415,1406,956,1028,1014,1502,1326,1262,1497,1184,1465,1136,1273,954,1257,1046,1350,1271,958,1113,952,1194,1169,1497,1183,1503,1433,1469,1071,1089,1385,1117,1252,1285,1175,1484,1281,1342,1222,1197,1407,1117,1403,1510,1042,1073,1467,1207,1011,1424,968,1260,1326,1174,1349,1035,1022,1453,1248,1301,1365,1466,1431,1258,1379,1178,1460,1434,1063,1185,969,1376,1407,1171,1013,1010,1035,1250,1288,1220,1266,1046,1097,1218,972,1494,1289,1027,1056,1286,1042,1122,1215,1395,1156,1215,1218,1017,1035,986,1213,1400,1187,1196,1185,1147,1111,1238,1188,968,1408,1431,965,1325,1065,1389,1181,1385,1002,952,1253,1244,1442,1512
,1146,1274,957,1500,1138,1118,1226,1254,1431,1512,1161,1406,1043,1011,1303,1275,1049,1232,1257,1376,1098,1500,984,992,1056,1163,1049,1427,975,1090,1450,1463,1301,1228,1369,1092,1399,1042,1200,989,1112,1174,1172,1012,1078,1216,1032,1380,1245,1193,1211,1372,953,1093,1082,1364,1243,1064,1036,1032,1081,1470,1406,1233,1405,1296,1457,1493,1372,1086,1244,1264,1445,1468,1400,1435,1113,1086,1243,1372,1421,1448,1371,1283,1025,1178,1273,1462,1343,989,1355,1198,1163,1368,1348,1021,962,1154,1279,951,1227,1288,1443,1142,965,1065,1026,1490,1417,1033,1340,1402,1299,1398,1133,1279,1090,1314,1461,955,998,989,1320,1044,1134,1248,1056,1305,1501,1259,1001,1397,1398,1398,1175,1353,1317,1017,992,1274,1204,1490,1273,1463,1216,996,1336,946,1424,1066,1339,1317,1253,978,1204,1321,947,1069,1255,1119,1122,1441,1204,1445,1365,1479,1180,1119,1200,1335,1358,1346,1352,1263,1294,955,1391,1229,1448,1048,1130,1286,1057,1259,956,1211,987,1352,1373,1218,1106,1073,1055,1244,1159,1078,1112,1285,1114,1129,980,1267,1231,1483,1184,973,989,1509,1351,965,1324,1492,971,1241,1084,1022,1156,1087,1458,1037,1321,1179,1163
,1407,1372,1368,1485,1295,1468,1308,1389,1273,1203,1220,1181,1021,1064,1444,1364,1158,1152,1218,1251,1471,1054,1036,1390,1452,1401,1140,1084,1186,1326,1138,1325,956,1465,1407,1009,1093,1329,1177,1225,1492,1445,1094,1071,1224,1129,1282,1498,1231,1383,1284,1070,947,1107,1066,1042,960,1070,1268,1268,1342,1036,956,1348,1279,1478,1426,1051,1320,1194,1401,1416,1225,1376,982,1026,1492,1461,1128,1208,1428,1505,1062,950,1470,949,1043,1239,1285,1195,1492,1320,1396,1332,1216,1495,1244,1344,1153,998,1117,1031,1357,1059,1073,1365,1154,1479,1205,1191,1118,1503,1443,1175,1025,1218,1492,1318,1092,1196,1066,1137,1434,988,1278,953,1189,1281,1478,1038,1472,1046,1490,1172,1462,1223,1363,1506,1104,1007,1002,1342,993,1421,1470,1418,1388,1204,1500,1470,1200,1454,1385,1460,1316,1244,1469,1105,1154,1010,1500,1082,1011,1496,1326,1105,1412,1068,1487,1022,1488,1492,1481,1073,1224,961,1092,1298,1018,959,1239,1172,1187,1402,1185,1278,1081,1410,1268,1155,1170,1283,1282,951,1078,1426,1462,1308,1087,1213,1365,1423,1356,1077,978,1491,1045,1507,1269,1461,1045,1368,1392,1417,1146,1360,1181,1177,1132,1134,1319,1002,1333
,1377,1491,1352,1466,1264,1224,1428,1474,1460,1140,1021,1305,1320,1043,1044,1274,991,1167,1407,1341,1235,1101,1032,1093,1106,1438,1070,965,1139,1438,1035,1048,980,1327,1161,1370,1366,1223,1164,1499,1405,985,1483,1047,1253,1394,1471,1434,1165,1455,1023,1051,1007,1102,1162,1180,1208,949,1395,1197,1271,974,951,1267,1477,1193,1153,1123,1111,1244,1105,1343,1260,1114,1205,1287,1166,1341,1321,1454,1161,1411,1187,1136,1313,1504,1222,1418,1428,1018,1485,1138,1399,1313,1077,1091,1491,1261,964,1103,1317,1241,1011,1036,1057,1263,946,1200,1468,1277,1164,1369,1172,1071,1091,1286,1153,1504,1258,1484,1200,1183,1415,1041,1139,1451,1487,1214,1162,1046,1484,1032,1423,1011,1236,1377,992,1454,1164,1148,1442,1253,1327,1269,1256,1123,1442,1011,1350,1356,1365,1306,1379,1347,1271,1349,1093,1488,1273,1431,1287,1150,1264,1051,1210,1502,1077,1017,1324,947,1057,1284,990,1325,952,1144,1410,1393,1386,1163,1010,1225,1393,1359,1274,1321,1499,1300,1483,1476,1489,1248,1068,1304,1043,1139,1143,1245,1400,950,1082,1081,1470,1341,1393,979,1450,1410,1079,1275,1417,1454,1072,1205,1377,1238,1285,1173,1486,1266,1217,1150,1133
,1233,1081,1456,1197,1197,1140,1064,1325,1410,1064,1200,1437,1445,1274,1045,1312,1396,970,1152,1417,1063,1281,1368,993,1249,1213,1250,1059,966,993,1481,1056,960,994,1485,1354,984,1141,1322,1365,1478,1012,1072,1243,1440,1436,1389,1069,1487,958,1304,1269,1278,1229,978,1108,1017,1311,1207,1093,988,1367,1464,1426,1353,1384,1298,1327,1053,1217,990,1043,1256,1123,1299,971,1363,1293,1345,1114,1468,1225,995,1214,1275,1392,1295,1478,1341,1145,961,1152,1418,1126,1483,1351,1277,1128,1099,1320,1395,1402,1132,1415,1286,1243,1487,1131,1217,1349,1227,1497,1504,949,1137,1412,1394,1157,1014,1198,1282,1289,1007,1339,1281,1318,1171,1416,1459,1262,1479,1363,1323,1191,1385,1296,1479,1455,980,1155,1359,1140,1480,1042,949,1248,1185,1168,966,1218,1269,1354,1510,1361,1000,1302,1166,1227,1205,1106,1385,1401,1198,1394,1455,1276,1356,1121,1445,1333,1484,953,1253,1114,1340,1195,1314,1210,965,1270,1053,1338,1356,1234,1493,1179,1199,1001,1188,1450,1079,953,1319,1332,1141,998,1424,1019,1120,1071,1002,1111,1454,1289,1145,1486,1192,1004,1156,1225,1330,1462,1390,982,1203,1417,1025,1216,1299,1000,1375,1058,1440
,1423,1229,1065,1279,1332,1157,1327,1436,1163,1039,1484,1460,1443,954,1029,1363,1478,1243,1436,1002,1315,1359,1314,1125,983,1165,1348,1245,1192,1157,1184,981,1088,1250,1459,1393,992,1113,1228,1352,1052,1065,1295,1019,1253,1224,1144,1276,1046,1046,1253,1053,1129,1071,1400,1506,1164,1392,1232,1146,1093,1448,1124,1437,1467,1015,1287,1192,1054,1481,1225,1429,1099,1309,1439,1360,1293,1144,1331,1492,1095,1132,1002,1486,1058,1345,1400,1013,1253,975,1081,1328,1100,1145,981,1179,986,1270,1154,1512,1283,982,1236,1341,1349,1426,1054,1316,1355,1314,1138,1032,1200,1184,1324,1479,1190,1461,1034,1417,1343,1052,989,1322,1437,1264,954,975,1412,1201,1271,991,1340,998,1305,1278,1251,1274,1269,1293,1096,1382,1230,1049,1492,977,999,1471,1206,1009,1133,1148,1313,1212,1453,1280,1109,1000,1194,1094,1459,1293,1166,1004,1199,1160,1424,1378,1290,1136,1468,1160,1098,1500,1318,946,1403,1038,1049,1161,1017,1505,1065,1044,1327,1053,951,1179,1113,1113,1110,1190,1460,1173,1076,1285,1329,1395,1412,1065,1430,1098,1433,1360,1452,1188,1206,1288,1442,1396,1199,961,1189,1034,1140,1294,1162,1195,1478,1063,1249,1078,1174
,1132,1389,1466,1266,1304,1163,1342,1119,1009,1009,958,1285,1099,1186,1477,1204,1022,986,1047,1150,1501,1442,1434,968,949,1420,1310,1239,982,1388,1209,1178,1351,1346,1047,1268,1280,1284,1324,1070,1262,1328,1393,967,1025,1306,1318,1198,1262,984,959,1463,1006,1179,1458,1266,1458,1141,1362,1135,1355,1365,1209,1276,1217,961,1012,1181,1071,1368,1304,970,1512,1364,1181,1257,1120,1452,1282,1313,1352,1331,1239,1333,1501,1482,1140,1128,1378,1166,1123,1225,1349,1187,1398,1216,1215,1297,1510,1000,1083,1222,1504,1511,1071,1208,1100,1450,1094,1331,1007,1249,1406,1210,1164,1308,1436,1426,1403,1380,1211,1030,1072,1127,1420,1230,1149,1321,1048,1400,1382,1099,1233,1219,1460,1002,1253,1071,1021,1255,1154,1503,1044,1280,1353,1173,997,1512,1470,1208,1507,1022,1217,1149,1472,1006,1323,1172,1462,1089,1332,1332,1440,973,1250,1366,1346,1245,1152,1408,1235,1029,976,1308,1149,1334,1012,1446,1044,954,1011,1300,1062,1192,1341,1499,1086,1028,1198,1286,1349,1098,1429,1473,1132,1209,979,1443,1005,1179,1232,968,1496,1337,1425,1151,1384,1272,1151,1147,1377,1340,1499,969,1210,1214,1066,1249,1180,1150,1075,1219,1240
,1246,956,1401,1158,1324,1391,1117,1226,1252,1405,1334,994,1271,1234,1496,1512,1247,1133,1167,1223,1259,950,976,1296,1082,1263,1497,1217,1195,1388,1406,1250,1221,1504,1352,1129,1199,1354,1070,1090,1463,1408,1491,1190,1416,1503,1416,953,1295,1342,1335,1357,1472,1424,1076,1006,1329,1217,1144,1266,1043,1143,1348,1038,1470,1511,1030,1079,1247,983,1214,1046,966,1072,1014,1502,965,1260,1156,1280,1302,1051,1046,1077,1331,1162,1040,1359,962,1411,1398,1411,1025,1474,1419,977,1245,1432,1401,1284,1487,1245,1477,1501,961,1149,1380,1259,1369,1444,1184,1236,1207,1379,1443,1154,948,1319,1506,1308,975,1178,1415,1153,1510,984,1216,1493,1171,1424,1072,1489,1314,1467,1240,1442,1369,1352,1183,1306,1212,1066,1069,1359,1258,961,965,1290,1199,1214,1187,1074,1289,1511,1328,1000,1294,1282,1199,1466,1509,1318,1040,1070,1390,1459,1227,1180,1025,1179,1381,1337,1416,1379,1083,1115,1020,1230,950,1000,1284,1045,1179,1301,1130,1508,1303,1497,1170,1101,1247,1089,1254,1266,1486,1359,1198,1459,1475,1098,1074,1469,1057,1328,1329,1182,1506,1118,1104,1370,1186,1497,1165,957,1103,1326,1391,1348,1267,1438,1056,1050,1075
,1169,1280,1420,1268,1035,973,1081,1260,1179,949,1043,1202,1368,1291,991,1393,1451,1448,1323,1063,1190,1337,1481,1466,950,1297,1361,1065,1006,1072,964,1476,1097,1227,1061,1462,1026,1397,1476,980,1431,1331,1330,1028,1002,1464,1044,1256,1229,1024,1452,1190,1286,1283,1466,1403,1147,1156,1118,1323,1281,1364,1311,1418,969,1301,1458,1379,1256,1424,1366,1501,1447,1027,1014,1051,1119,1453,1480,1259,1444,1279,1436,1454,1175,1321,1442,1413,1176,1006,992,1180,1428,1383,1381,1283,952,1190,1483,961,1122,1450,1397,1295,1047,1318,1252,1021,1117,1012,1387,1134,1147,1004,1349,1004,1042,1202,1302,1199,1361,1415,976,1379,1098,1502,1255,987,1004,1464,1461,1191,1326,1501,1328,1020,1144,1446,1503,1371,1164,978,953,1179,1377,1194,1421,1512,955,969,1321,1146,977,1465,959,1095,1448,1336,1200,1415,1346,1040,979,1455,1180,1125,1097,1360,1481,1407,1035,1405,1448,1444,1418,1474,975,1222,1077,1289,1306,962,1461,1193,1279,1141,1403,1436,1242,1223,952,1373,1148,1419,1482,1102,1327,1243,1329,951,1373,1094,1083,1123,1190,1379,1329,992,1342,1380,1489,1470,1071,1457,1341,1365,1208,1213,1079,1401,1058,1339,1416
,1448,1088,1478,1179,1496,1392,1285,1156,1232,1231,1159,1371,1459,1350,1146,1285,1275,1061,1262,1158,1054,1146,1072,1011,1295,1240,1411,1117,1471,994,1360,1214,960,1403,1293,1096,1428,1096,1104,1383,981,1033,1065,1257,1437,1180,1213,1107,1444,1433,1021,1272,1134,1017,1509,1436,992,1305,1092,1400,1497,1320,1397,1435,1311,1253,1409,1179,1194,1187,1195,1064,1499,1426,1241,1297,1052,949,987,1474,1351,1450,1184,1042,1304,1256,981,1338,1342,1028,1141,1138,1496,1266,952,1283,1313,1320,1246,1071,1507,1171,1362,1188,1275,1391,1109,1472,1294,1001,1231,1200,1243,1064,1005,1433,1326,1326,1413,1208,1437,1368,1189,1387,1235,1191,1436,1119,1509,1069,1458,1269,1234,1391,1458,1130,1474,1440,1256,952,1235,1232,1466,1168,1489,1315,1085,1097,1115,1321,1368,1020,1467,1046,1392,1115,1473,1291,1376,1333,1356,1497,1475,1403,1395,991,996,1423,1327,1010,1426,1270,1217,1201,1087,972,994,1397,1442,1296,1013,1095,1367,1163,1140,1413,1358,1022,1123,1032,1147,1300,1393,1355,972,1143,1256,1124,1000,1399,1433,1385,1320,953,1408,1404,1164,1033,1077,1088,1366,1449,1094,1505,1174,1159,1434,1117,1221,1421,1278,1402,1422
,1240,1161,1223,1129,1079,1201,1134,1042,1123,1455,1013,1020,1180,1040,1505,1219,1100,997,1022,1105,956,1237,968,1231,1293,1388,977,1379,958,994,1038,1447,1438,998,1188,991,1232,1467,1013,1264,1013,1176,1222,1039,1139,1016,1404,1111,1288,1320,1507,1475,1372,1147,1431,1407,1197,1489,1136,1029,1366,1194,1281,1076,1051,1490,1323,947,1118,1381,1254,1064,1361,1307,1403,1472,1331,1026,1477,1230,1322,1383,1305,1014,1382,958,1095,1502,1450,1213,1423,1045,1121,1084,1043,1489,1370,1364,951,1047,1346,1153,1274,1187,1426,1214,1490,1412,1197,1223,1474,1293,1088,1301,1434,1170,1426,964,1053,1218,1117,1017,1281,1285,1481,1112,989,1166,1350,1012,989,1423,1504,1171,1321,1121,1358,1141,1117,1126,1030,947,989,1295,991,1285,1052,1130,974,1015,1030,1024,1160,1159,1506,979,1345,1502,1503,971,1349,1185,1453,1456,999,1100,1095,959,1078,1400,1446,1512,1421,1206,1347,1496,1396,1442,1463,1290,1279,1041,1170,1178,1199,1503,1284,1189,1247,1401,1401,1398,1210,997,1222,1408,1117,1307,1398,1408,1071,1085,1256,1377,1491,1319,1493,975,1013,1422,1018,1397,1260,1207,1001,1335,1466,1489,1294,1488,1458,1495,1039
,1219,1303,1059,1434,1081,1163,1403,1449,954,1066,1253,1139,1508,1315,1300,1293,1076,1098,1504,1387,1178,1323,1196,1013,1073,1060,1296,1131,1115,1122,1371,1308,1389,1487,1012,1052,1208,1397,1048,962,1026,1503,1415,1328,994,1323,995,1041,1473,1024,1242,1444,982,1257,1500,1203,1082,1312,1002,988,1271,1346,1355,1503,1399,1498,1497,1191,1052,1239,1399,1199,1143,1265,1442,1187,1381,1167,952,1071,1419,1096,1167,1178,1439,1474,1137,1444,1352,1376,1158,952,1358,1472,1435,1244,1346,1075,1264,1354,1404,1397,1451,1122,1226,1212,1015,1183,1072,1435,999,996,1505,1214,1150,1040,1027,1374,1173,1114,1244,1465,1231,1398,1326,1512,1299,1252,1351,1425,1158,1069,1255,1476,1474,1264,1451,1386,1269,1347,1094,1506,1127,1074,1422,1153,1360,1188,1062,1078,1142,1507,1118,1335,1426,1306,1194,1049,1300,1495,950,1463,1175,1473,1038,1443,958,1165,1067,1150,1018,1099,1409,1408,1253,1485,1135,967,1474,1431,1328,1187,955,1413,1396,1036,1439,1139,1111,1465,1132,1293,1191,1440,1356,1431,1285,1043,1238,1006,1331,1058,1286,969,1159,972,1112,1090,1422,1388,1162,1077,1222,1255,964,1110,951,1071,1287,1387,1262,1444,1270
,1145,1477,1455,1209,967,1094,1415,1261,1343,1351,1173,1006,1350,1300,991,1298,1116,1466,1329,1359,1228,1349,980,1462,1043,985,1026,1258,1425,958,1493,1086,1363,1443,1233,1466,1265,1047,1235,1046,1419,1029,1325,1454,1418,1313,1390,1430,1058,977,1312,1501,1474,1146,1330,1441,1371,1340,1270,1265,1499,1175,1371,1067,1037,1445,1432,1235,1414,1463,1304,1374,1311,1106,1071,1276,992,1386,1441,1216,1213,1120,1139,1496,1122,1370,965,1181,963,1217,1209,964,1190,1160,1166,1208,1199,1040,1093,1287,1033,1217,1247,1421,1056,1073,952,1371,1065,1041,1170,971,1197,1048,1082,1065,1510,1107,1260,1420,1138,1159,1369,992,998,1232,1138,1236,975,949,1224,1448,1123,1510,1147,1315,1267,1087,1463,1201,1339,1303,979,1000,1148,1222,1226,1449,1290,1429,1005,1270,976,1379,1424,1355,1162,1322,1142,1387,1282,1147,1370,1161,1324,1098,1138,1268,1125,1240,1495,1153,1149,1087,1298,1130,1495,1308,1065,1354,1410,1017,1473,1395,1493,1389,1368,958,1302,1293,1326,1311,1106,1393,1057,1370,1121,1040,1328,1286,1126,1428,978,1023,1074,1494,1313,1317,1458,1420,1254,1369,965,1058,1306,1235,1043,1338,1190,1405,1153,1015,1191
,1282,971,1074,1085,1033,995,1048,1252,1054,1210,1410,967,1322,1174,1486,1343,1027,1243,1107,1154,1376,1454,1037,1173,1280,1377,1432,969,1005,1132,1171,1312,1502,1208,1380,1440,1487,1189,1153,1469,1341,1439,993,1411,1219,1458,1282,1337,1223,1251,1214,959,1111,1033,1225,1011,990,1105,971,1384,1004,1240,1352,1228,1359,1085,966,998,1447,1323,1008,1175,1444,1183,1159,1241,1250,1174,970,1388,1351,1096,1370,1237,1165,1384,1321,1178,1346,1277,1391,1208,1100,1059,1255,1396,1155,1039,1488,1155,1386,965,1277,1390,1274,1392,948,1387,1119,1123,987,1441,1235,1061,1220,1189,1335,1395,1377,1201,1079,1078,1433,1097,1235,1197,1050,1154,1120,1057,1508,1405,1029,1122,986,1039,1114,1265,1307,1073,1490,1469,1316,1023,1355,1159,1168,1002,1120,1127,997,1093,1086,1488,951,984,1337,1021,1389,1372,1399,1499,1422,1278,1303,1448,1284,952,1173,1298,1505,1128,1167,1370,1367,1217,1122,1362,1440,1131,1365,1342,1422,1212,1395,1007,1437,1082,1378,1063,1276,1149,1324,1501,1039,1022,1076,1136,1156,1177,1363,980,1453,1174,1330,1426,1143,1366,1259,1200,1107,1283,1292,1426,1376,1359,966,1125,1361,1073,987,1332,1068
,1138,947,1175,1430,1482,1414,1400,1411,954,953,1132,1147,1512,1398,1360,966,1161,1333,1162,1325,957,1308,1462,1019,976,1375,1087,1401,968,1058,1389,992,1199,1511,957,1314,968,1477,1066,1286,1111,1178,1052,1163,1160,985,1160,1441,1057,1083,1102,1419,1086,1278,1065,1376,1369,1432,1394,1127,1192,1091,1117,994,1249,1119,1202,1481,1350,1301,1068,1332,1028,1052,1376,975,1127,1346,1429,1321,1149,1230,1325,1177,1170,1151,964,1046,1344,1132,1330,1132,961,1299,1080,1412,946,1071,1439,1157,954,1306,1222,1315,1377,1512,963,1489,1373,1085,1099,1201,954,1383,1230,1251,1341,948,1417,987,1361,1488,1444,1454,1257,1433,1259,1085,1352,1463,991,1420,1277,1082,1074,985,1088,1111,1170,1205,1129,965,1115,1189,1087,1501,1033,1418,1217,1007,1488,1272,1243,1042,1206,1153,1227,1034,1116,1216,1437,1493,1391,1027,1279,1046,1164,1103,1320,1033,1373,1196,1410,1314,1368,1186,1273,1505,1115,1429,1429,1421,1193,1049,1003,1151,952,1407,1133,1078,1407,1164,1254,1112,1291,1243,1487,1412,1269,1476,1218,1335,1030,1040,1031,1476,1445,1037,1095,1349,1216,1247,1400,1069,1075,1066,1241,1209,1090,1135,1305,1239,1169
,1271,1167,1187,1352,1280,1167,958,1061,1007,1185,1183,1398,1192,1483,1385,1135,960,1509,1141,1326,1210,1349,1274,1479,1170,1346,1187,1327,1001,980,1347,1193,976,1486,998,1366,1256,1273,1464,1511,1447,1023,949,1215,1409,1048,985,1296,1479,1339,1082,1113,1216,968,1140,1047,1099,1255,1081,1304,1271,1045,1296,1493,1201,1067,1450,1203,1356,1217,1218,1444,1027,1244,1441,1475,1504,1327,1376,1506,1442,1289,1008,1183,1086,1278,1136,1167,1067,1108,1426,1335,1039,1084,1175,1456,1317,964,1112,1510,1120,1111,1404,976,1258,976,1221,1218,1401,1108,1277,1159,1162,1420,1316,1061,1425,1500,1317,1139,1176,1508,1108,1127,1288,1236,1349,1083,1245,1040,1299,1475,987,1159,1063,1265,1253,1264,1137,1030,1098,1190,1357,1246,1333,1345,1414,1304,1317,1335,1023,1137,1132,1360,993,1343,1038,1014,1461,1251,1344,1089,1383,1355,1216,1331,1184,1374,1142,1034,1397,1267,1468,960,1252,1003,949,1217,1163,1318,1143,1465,1012,1420,1307,995,1319,1292,1047,1354,1299,1277,1455,1123,1215,1065,1370,1383,1038,1412,1186,976,1416,1208,1218,1298,1280,1232,1429,1032,1499,1175,1044,1175,1498,1078,1073,1334,1052,1245,1482,968,1491
,1418,1086,1219,1216,1403,1067,1004,1237,1040,1435,1127,1064,1365,1421,1032,1183,1435,1396,1384,956,1385,1052,979,1205,952,1083,1112,1307,1429,1075,969,1321,1380,1376,1215,1306,954,1463,1364,1453,990,1016,1469,1443,1087,1171,1414,1483,1311,1502,1128,999,1184,1459,967,1086,1377,1243,1299,1075,1283,1102,1034,1369,1045,1263,1354,1215,1475,1252,1278,1221,1069,1332,1371,1111,1389,1082,984,1501,1427,1065,1394,1361,1110,972,959,1273,953,1305,1002,1412,954,952,1403,1044,954,1251,1491,1080,1494,992,1047,1134,1122,1375,1324,1496,1324,1166,1473,1357,1161,1223,1087,1088,1015,1384,1445,1170,1401,1359,1187,1213,1488,977,1267,1018,1093,1444,1210,1003,1236,1263,1162,1053,1408,975,1054,1139,1334,952,1224,1338,1296,1313,964,1106,1421,1362,968,1325,1092,977,1159,1057,1399,958,1124,1169,949,1268,999,1051,1029,1362,1300,1005,973,1157,990,1499,1152,958,1227,1071,1173,1376,1269,1256,1419,1475,953,1108,1282,1342,1247,1495,1095,1450,1070,1087,991,1002,1459,1439,1239,1212,1312,1382,983,1147,1305,1243,1215,1261,1358,1283,1339,1508,1040,1191,1395,1458,1421,1426,1012,1284,1005,1432,1108,1170,1141
,1112,1373,1450,1497,1499,1393,1446,1333,1408,1218,1029,990,1274,953,1219,1350,1148,1311,965,1250,1000,1433,1369,1059,1272,1158,1217,1076,1456,1094,1374,1149,1383,1031,1483,1504,995,1111,1003,1376,1067,1054,1249,1383,1133,1017,1054,1180,1289,1331,1025,1019,1462,1409,1349,1307,985,1037,1475,1470,1107,1070,1008,1417,1104,1043,1343,1279,1280,1333,1158,1001,1437,1165,955,960,999,1187,1408,1323,1114,1122,1035,1135,985,1271,1454,1114,1419,1268,1271,1031,1152,1228,1023,1284,1188,1151,1379,1288,1304,1295,956,1065,1411,1062,1505,1509,1006,1243,1219,1412,1373,1450,1369,1337,1335,1462,967,1174,1245,1063,1420,1175,1212,1157,1030,1172,1494,1288,978,1250,1033,1447,1298,1176,1111,1220,970,1330,1208,1207,1027,1303,1061,1235,1058,1498,1410,1146,1076,1468,1031,996,1112,1502,1461,1001,1330,1353,1061,1468,1123,1062,1168,977,1349,1319,1003,1375,1413,1204,1005,1416,1089,1320,1105,1320,1379,1224,1382,1128,1324,1262,1196,1287,995,1458,1114,1435,1357,1022,1243,1473,1111,1205,1435,1072,1271,1325,1043,978,1161,1004,1504,1003,1366,969,1273,1249,1295,996,1003,1489,1126,1244,1509,1185,1371,1457,1480,1431,1075
,1176,1370,1464,1276,1445,1426,1248,1420,1288,1267,1046,1134,1000,1197,1485,1027,1104,1059,1007,994,1117,1465,1022,1460,1420,1386,1343,978,1433,1405,1193,1284,1261,1016,1417,1437,1362,1167,1000,1418,1411,1008,1462,1428,1427,1320,1292,1246,1153,1365,1137,1155,1016,994,996,1033,1349,1067,1173,1093,1179,1246,1026,1429,1117,1295,1461,1354,1207,1068,1466,1444,1507,1352,1462,1457,1191,1301,1488,1392,1354,1397,1480,1146,1082,1284,1365,1387,1031,1368,1254,1195,1213,1164,1364,1289,1051,1107,1180,1127,979,1098,1417,1366,1239,1412,1234,1329,1047,1137,1126,1502,1067,1040,1437,1138,1283,1084,1288,1098,1004,960,1298,1079,1080,1294,1040,972,1344,1221,1350,1290,1339,1034,1355,1239,1097,1241,1293,1440,1477,1111,1221,954,1347,1331,1039,1479,1503,1388,1002,1403,1297,1325,1369,1034,1409,1091,1348,1228,1270,965,1379,1450,1006,1069,947,1465,1034,1359,1122,1090,1340,1084,1110,1340,951,1144,1288,1360,1019,1014,1057,1387,1045,1044,1339,1131,1206,1406,1153,1244,1299,1343,1487,1364,1029,1160,1345,1036,1467,1241,1509,1057,1051,1448,1392,1002,1423,1074,1438,1078,1325,1264,1254,1289,1412,1217,1272,1139,1076,1047,1081
,1036,1368,1215,1192,1298,1478,1486,1467,1229,1115,1377,1462,1196,1187,1127,1328,1308,1197,1379,1508,1237,1334,1288,1248,972,1444,998,1291,953,1432,1430,1340,1012,1510,1303,1115,1235,1148,953,1164,967,1443,999,1217,1085,1140,1054,1109,1365,1409,1380,1419,1149,1183,1428,974,1318,1391,1297,1036,1371,1012,1298,1411,1335,1092,1433,1189,1017,1422,1029,975,1398,1412,1455,1460,1140,1093,1259,946,1093,1454,1343,976,1292,1062,1119,1004,1505,946,1472,987,1370,1251,986,1001,1492,958,1068,1310,1114,1020,1064,1053,1239,1397,954,1146,1486,1044,1332,1394,1169,1326,1146,1362,1250,953,1095,1310,1429,1217,1054,1374,1441,1445,994,1029,1005,1365,994,962,966,1182,1356,1125,1454,1210,1120,1159,1060,976,1274,1316,1430,999,1210,1149,1444,1245,1306,1118,1105,1283,1258,1133,1140,1061,989,1231,1088,984,1274,1202,1235,1429,1035,999,1159,977,1046,1500,1131,974,1423,951,1348,1375,1016,1451,1091,1025,1508,1079,1106,1194,1477,1251,1129,1197,1278,954,1046,1264,1308,1245,1378,1385,1293,1017,1385,1322,979,1193,1096,1170,1235,962,1295,1181,977,1267,1087,1070,1147,1231,1290,1041,1090,1489,1334,1028,1496
,962,1137,996,1205,1250,1110,1512,1221,1426,1129,1273,1148,995,1176,1027,1369,1487,1031,1035,1148,1032,1465,1393,1342,949,1396,1029,1434,1411,1057,1372,1308,1342,1366,1417,1259,1210,1316,974,1226,1310,1186,1342,1326,1435,1118,1408,1113,1060,964,964,1415,1315,1088,1273,962,1012,988,1508,1020,1103,1108,963,1252,1206,1461,1183,1398,1252,1033,946,1497,1415,1350,1227,1245,1423,1031,1337,1216,946,1038,1475,1064,1178,948,1497,1353,1019,1285,1250,1072,1006,1072,1459,1502,1472,1025,1202,1119,952,1447,1081,1262,1301,1145,1369,1386,964,1104,1480,948,1098,1221,970,1483,1165,1026,1106,1331,1245,1139,1238,1422,1048,1008,1027,1151,1096,955,1184,1104,1185,1105,961,1218,1393,1390,971,1497,1403,1384,1199,1025,1053,1127,1117,1371,1493,1459,1049,1121,1369,1403,1130,1483,1463,1097,1345,1176,1160,1218,1080,1118,1379,1151,1054,986,1402,999,1150,1483,1036,1281,1417,1114,1007,1420,1439,1248,1266,1407,1315,1413,1432,1303,1432,1191,1388,1431,1158,1438,1373,1084,1376,1201,1405,1492,1301,979,1079,1059,964,1104,1363,1459,1024,1195,1044,1473,1084,1490,1278,1120,1101,1083,1470,1145,1118,1442,1149,1061,1435
,1000,1453,955,986,1445,1175,1350,1445,1091,1353,1433,1065,1180,1093,1232,1176,1078,1485,1222,1152,1241,978,1427,949,1230,1243,1287,1415,1500,1431,1424,1402,1117,1010,978,1178,1012,1315,1096,968,1168,1240,1440,1189,1176,1493,1089,1309,1261,1493,1024,1262,973,1230,1383,1465,1093,1221,1293,1376,1124,1001,1241,1510,964,971,1028,1202,1456,957,1268,1049,1424,1440,1066,1167,1440,1067,1020,1259,989,1014,1478,1351,1119,973,1033,1049,1510,1329,1311,1098,1508,1397,1391,1176,1145,1259,1100,1307,1044,1016,1245,966,1494,1006,1464,1319,1454,1147,1118,1138,1036,1453,1265,1501,1090,1298,1504,1233,1362,1453,1278,1299,1273,1432,1443,1285,1260,1006,1084,1341,1419,1300,1030,1249,1312,1306,1416,1190,1141,1399,1334,1258,1026,1489,1183,1237,1183,1279,1278,1186,1264,1067,981,1408,1346,1397,1444,1168,997,960,1155,1488,1297,1212,1085,1064,1422,988,1419,1401,1163,1466,1078,1030,1064,1190,1155,1023,1232,1441,965,1017,1111,1235,1424,1062,1299,1066,964,1222,1096,1412,977,1305,1464,1213,1405,1437,1034,1436,1077,1312,1240,1424,1056,1504,1082,1268,989,1204,1191,967,991,1079,1036,1022,1234,1122,1440,1504,1450
,1034,1090,1262,1220,1044,1357,1409,1055,996,1430,1151,1003,1005,1070,1177,1251,1022,1246,1032,1180,1169,1407,1284,975,1238,1363,1191,1153,1267,1485,1017,1331,1105,1484,1083,1069,1400,1431,1271,1334,1132,1012,1263,1270,1065,1044,1208,1261,1294,1288,968,1071,1088,1288,1271,1078,1316,1335,1439,1184,1504,1472,1117,1242,1196,960,1375,1360,1003,1326,1449,1142,1375,1062,1235,1448,1332,1302,1294,1390,1264,1365,1058,1186,1497,1127,1488,1397,1374,1309,1360,1270,1451,1312,1258,1130,1027,1129,1169,1325,1285,1447,1101,954,1050,1184,1003,1248,1364,1495,1119,1260,1376,1079,1433,1424,1388,1047,1266,1441,1322,1249,1502,1382,1428,1387,1091,1447,1131,1424,1046,1164,1306,1176,1502,1060,1221,1332,1473,1391,1389,1489,1298,1092,1092,1303,1497,996,1196,1075,1219,962,1413,1223,1509,976,1114,1059,1290,1134,1137,1187,1363,1460,1187,1039,1082,1395,1292,1164,1170,1439,1181,992,1022,1370,1287,1020,1327,1416,973,1349,1249,1138,1237,1034,1449,1494,1386,1167,963,1288,1046,1398,977,1327,1268,1129,952,1329,1295,992,1023,978,1156,1216,1488,997,1124,1413,1153,1241,1189,1131,1371,1216,1418,1494,1184,1187,1262,1061,1428
,1090,1458,1105,1098,1403,1027,1367,1417,1507,1150,1148,1348,1032,1317,1138,955,1153,1363,1457,1148,1007,1286,1074,1073,1458,1001,1149,1314,1192,1372,1383,1225,1417,1460,1274,1471,1099,1386,1350,1198,1280,992,1426,1280,1109,1229,1016,1316,1204,1135,1006,1338,1021,1288,1341,1154,1213,1285,1449,1269,1111,1403,1071,1202,1160,1131,1368,1363,1148,1154,1305,1497,1330,1173,1274,1257,1112,1199,1185,1011,1024,975,1013,1385,1052,1375,966,1044,1466,1215,1044,1268,1130,1299,1037,1262,989,1261,1287,1352,1203,1427,1424,1157,1243,1468,1490,1405,1273,1152,1120,1316,1281,1106,966,1417,1406,1236,1448,1179,1347,960,1373,1356,1340,1033,1143,974,1358,1315,1318,964,1496,1248,1121,1211,1146,975,1001,1432,1297,1446,970,1320,1102,1117,1135,1448,1140,1209,1411,1204,1432,1168,1033,1045,1397,1476,1493,1210,1081,1312,1249,1238,1492,1500,1191,1477,1176,1417,1023,1146,1066,1165,1268,1213,1254,949,1481,1127,1074,1149,1504,1422,1458,1189,1178,1264,1143,1255,1237,951,1200,1191,1343,1462,1493,1274,1431,1316,1081,1248,1259,1128,1174,1087,1358,1426,1425,1407,1448,1110,965,1410,1181,1241,972,1069,1301,963,1133,1147,1293
,1279,1508,1090,1406,1033,1247,1226,1143,1323,1264,1046,1474,1017,1379,1502,1297,1000,1107,1123,1190,1171,979,947,1092,1196,1295,1270,1267,1036,1209,1503,1508,1509,1467,1438,1198,1375,1385,1124,1270,1043,1186,1480,1277,977,1285,982,1111,1083,1147,1006,1288,1188,1312,1285,1264,1386,1387,1381,965,1052,1318,1254,1280,1408,1283,1249,1276,1026,1126,1433,1364,1254,1084,1374,1062,1501,1050,1242,1267,1233,1073,1407,1498,1056,1041,949,1179,1218,1432,1210,1091,1202,998,953,1029,1287,1209,1454,1156,1504,1360,1368,1475,1247,1438,1439,965,1180,1485,969,1182,1063,1335,1342,1480,1387,1227,1450,1120,1303,1029,1055,1078,1487,1181,1159,1438,1181,1178,1355,1208,1255,1391,1144,1038,989,1032,1054,1484,1332,1192,980,1231,1066,1298,1401,1412,1482,1199,1338,975,1176,1443,1058,1139,947,1229,1021,1129,1455,1013,1279,1019,1499,1100,1475,971,1413,1357,1105,1297,983,1499,949,1188,1276,1509,1133,1385,1037,1186,1270,1355,1254,1153,1171,1376,1180,1140,1033,1342,1044,1191,1440,979,1112,1241,1487,1184,1405,971,1208,1371,1037,1402,1052,1107,966,1065,1486,1197,1377,1365,1081,1300,1279,1273,968,1342,1244,1068,1293
,999,1343,1350,980,1476,1488,1058,1406,1116,1220,1049,1224,1458,1122,1289,1330,1312,950,1120,989,1440,1433,1271,1479,1334,1196,1045,1052,1402,1371,1217,1507,1234,1485,1078,1413,1021,1338,1276,1275,1511,1310,1294,1270,1501,1283,1092,1087,1130,1221,1169,1512,1127,1073,1309,1350,1227,1207,1003,1449,1458,1486,1348,972,955,1506,1192,1076,1059,1158,1496,1052,1195,1479,1256,991,1245,1097,1379,1357,1479,1041,1442,1015,1236,1162,1372,1125,1321,1267,1053,1270,1295,1315,1312,1453,1063,1103,1254,1145,1326,1058,1497,1453,1330,1463,1247,1068,960,1282,1279,1349,1229,1149,1107,1348,1329,1156,1393,1301,1468,970,1424,958,1422,1250,1153,1380,1087,1230,1403,1506,1124,1235,949,1187,1167,1065,1505,1447,1245,1384,1318,1369,1445,1314,1204,1263,1138,1284,1178,1086,1315,1276,1359,955,1067,968,1418,1275,947,1466,1450,1079,1371,1279,1087,961,971,1499,1413,1445,1099,1130,1498,956,1065,960,1373,1115,1123,1026,1346,1068,1101,1348,1057,1332,1420,1385,1417,948,1025,1200,1218,974,1201,1394,1221,1322,1451,1202,1007,1511,1396,1015,1225,1381,1426,1457,1123,1281,1511,955,1174,1201,1123,1128,1498,1391,1079,1142,1391
,1340,1315,1270,1393,982,1014,1332,1283,1157,1502,1020,1262,1216,1079,1061,1488,1347,1148,1449,1502,1229,1470,1390,1494,1098,1080,1095,1233,1481,1185,1430,1132,948,1094,1509,1083,964,1354,1464,1350,949,1125,1203,1484,1179,1486,1008,1388,1167,1361,1316,1063,1212,1103,1043,1021,1034,1362,981,1415,1345,1503,1114,1139,979,1441,1242,1382,1455,1376,1321,1082,1135,981,1341,1206,1483,1235,1385,974,1035,1269,1321,1166,1207,1342,1069,1205,1156,1224,1202,1308,1260,1333,970,1484,1167,1438,1493,1357,1463,1446,1174,1464,1194,1218,1138,1419,1446,1266,1067,1203,1290,1168,1149,1219,1414,1290,1379,1204,1137,1120,1264,1063,1385,1191,1482,992,1380,1236,1134,1383,1095,1114,1059,1306,1415,1439,1360,1172,1230,1254,1103,1333,1050,1294,1082,1177,1169,1122,1167,1157,1175,1377,1470,959,1118,1480,1013,1436,1152,1374,1494,1396,1407,1307,1063,1434,1324,1083,1261,1442,1499,994,1323,1453,1289,999,1099,946,1324,1024,1122,1016,1133,1298,1434,1241,1370,1500,1063,1152,1302,1282,1379,1059,1108,1487,1149,1147,1054,1247,1328,1171,993,1303,1153,1118,1142,1488,1344,1291,1507,1386,1138,948,1506,1370,1087,1099,968,1438,1227
,1256,1301,1324,1402,1361,1184,1434,1323,1119,1217,1441,1479,1385,1280,1049,1429,1290,955,1211,1288,1058,1187,974,986,1247,1174,1073,1300,1212,1417,1275,1477,1168,1332,1498,1006,1068,1217,1445,1145,1196,1511,1043,1396,1283,1308,1390,1456,1015,1375,1050,1319,1254,1023,1437,1186,1262,1182,1235,1092,1195,1110,1480,1001,1017,982,1281,1054,1149,1433,1034,1330,1039,1299,1329,1121,1171,1279,1367,1209,1098,1201,1219,1440,1234,1178,1126,966,1445,1303,1017,1325,1081,1136,967,955,972,1186,1268,1350,1285,1036,1276,1397,1479,1100,1164,1437,1445,1026,1364,1511,1027,1252,1440,1244,1277,1412,1464,1216,966,976,1068,1480,1388,1422,1144,1055,1049,1270,1231,1174,956,954,1457,1288,1412,1219,1024,1447,1219,1252,1278,1083,1420,1261,1233,992,1154,1273,949,1474,1107,1214,1077,1087,1170,1335,982,1258,1425,1446,995,1041,1089,1439,1281,1209,1256,1472,1225,1345,1235,1458,1406,1354,1499,1026,1298,1303,1189,1382,948,1160,1393,1422,1004,1279,1277,1434,1069,1241,1303,1500,1007,1180,1102,955,1042,1363,1282,1088,1458,948,1265,1180,1244,961,1298,1373,1164,1112,1043,1464,1165,952,1401,1114,1285,1486,1151,1500,1033
,1207,1349,1431,1061,1388,1494,984,965,1008,1047,1244,1069,1287,1426,1460,969,1238,1038,1030,1377,1336,1178,1187,1294,1402,1142,1398,973,1243,1318,1415,996,1069,963,1324,1082,1041,1448,1049,1386,1129,1368,1290,1158,1452,1316,1152,1309,1427,1327,1309,1286,956,1335,1135,1274,1306,979,1288,1456,1027,958,1338,1317,1458,1323,1486,1042,1138,1424,1390,1226,1089,1136,956,952,948,1356,1247,1153,960,972,1163,1363,1182,1036,1171,1284,967,1095,996,1050,1041,1477,1313,1509,1122,1276,1309,1075,1077,998,1063,1506,1366,1438,1496,1280,1189,1471,1484,1398,1251,1299,1438,1114,976,1130,1290,1067,966,1180,1410,1447,1208,1022,963,1302,1383,1324,1380,1297,1479,1073,1169,1207,1308,1028,1113,1470,1003,1314,1255,1506,1162,1185,1314,1216,1180,1247,1221,1167,1196,1355,1422,1238,1429,956,1263,1433,1247,1125,1041,1182,1113,1163,1501,1053,1184,1385,1095,1439,1100,1337,993,1304,1370,1085,1389,1187,1355,1456,1476,1374,1302,1290,1245,1120,1335,1307,1308,1031,1133,988,1332,988,1234,1393,1233,981,1505,1299,1069,1257,988,1444,1138,1218,952,1240,1304,1137,1399,1228,1093,1080,1299,1290,1272,1063,1182,1487,1460
,1096,980,1200,953,1104,1274,1357,951,1257,1437,1118,1407,1234,1390,1179,1199,1068,1099,1360,1469,1064,1308,1299,955,1216,1220,1237,1106,1467,1178,1289,980,1000,1246,1278,1460,1071,1470,1303,978,1454,1325,1337,1017,1277,1477,1306,1308,1347,1192,1139,1307,1308,1213,1192,1391,984,1230,1149,955,1438,1182,1448,1061,1266,1410,1254,973,1051,1230,1394,1367,1373,956,998,1376,1381,1424,949,1374,1381,1051,1424,1261,1199,1351,1352,1110,1354,1265,1421,1452,1002,1466,1384,1181,1355,1460,1366,967,1333,1277,949,1471,1108,1114,1339,1033,1394,1119,1268,1221,1202,1029,1078,1373,1143,1012,1112,1049,997,1384,1222,1177,1305,1378,1439,1327,1113,1355,1194,1024,1020,1093,1466,959,1216,1374,1071,1044,1181,1398,1430,1041,1393,1108,1489,1108,1484,1021,1249,1268,1357,1191,1146,1086,1191,1086,980,1377,1121,1439,1421,1340,1444,1136,1011,1095,1192,1512,1081,966,1488,1204,1503,1512,1332,997,1332,1258,1052,1175,1438,1108,1023,1424,1440,1349,1303,1233,1179,1339,1413,1301,1199,982,1130,1154,1037,1005,977,1031,1451,1025,1285,1173,1217,1226,1234,1355,1418,1201,1104,1240,1242,1380,1311,1197,1237,1305,1249,1477,1119
,1034,976,1174,1028,1239,1158,1404,1444,1107,954,1006,1057,1254,1427,1450,1113,1316,1278,1238,979,1298,1278,1178,982,1185,1275,1153,1471,1019,1296,1013,1084,1120,1460,979,1112,1436,1345,1190,1182,1316,1025,964,1512,1471,1150,1252,1324,1007,1481,1026,1406,1262,1223,1503,1043,1113,1308,1303,1127,1490,949,1044,979,1103,1023,1276,1204,1157,1210,972,1088,1080,1446,1041,1480,983,1045,1380,1398,1059,1103,1131,1154,1499,1510,1021,1388,1119,1457,1257,1467,1349,1340,1502,1483,1491,1055,1350,1047,1124,947,1381,1241,1276,1469,1182,1135,1043,1469,1130,958,1233,948,1165,1179,1431,1309,1490,1437,1297,1163,1166,1421,1350,1129,1373,1498,1265,1507,967,1087,1330,1104,1418,1510,1196,1094,1026,1279,1129,1244,1036,1328,1411,1038,1418,1173,1115,1450,1332,1007,1167,1352,1091,1482,954,1510,1375,1119,1409,1307,1299,1438,1506,965,1015,1066,1181,1267,1130,1466,1373,1210,1276,1467,1037,1118,1280,1437,1087,1390,1180,1491,1345,1317,1330,1095,1372,1427,1481,1155,1245,952,1429,1510,1377,1103,1246,1188,1257,1433,1096,1460,1212,1020,1010,1499,1465,1321,1264,1441,1354,972,1140,1413,1221,1224,1398,1188,1229,1427,1440
,1132,1201,1399,1425,958,1154,1445,1425,1113,1233,1202,1441,1131,1047,968,1314,1120,1193,1286,1182,1451,1239,1051,1218,1411,1195,1400,1105,1271,1487,1240,952,1004,953,1437,1207,1201,1367,1134,1301,1458,1029,1036,1475,1135,1258,1150,1270,982,1399,1458,1033,1167,1376,1345,985,1072,1030,1301,1358,1396,1314,1323,1015,1373,1203,1285,994,1332,1461,980,1329,1148,955,994,1199,1186,1140,1070,1295,1393,1427,1404,1380,958,997,1345,1011,1338,1401,1427,1451,1154,1346,1292,1274,1058,982,1160,1339,1452,1163,1201,1078,1080,1308,1114,1164,1236,1183,1296,1396,1431,1045,1043,1106,995,1105,978,1443,987,1144,1181,1218,1314,1077,1393,1258,1149,1170,1459,1429,960,953,1202,1071,1265,1229,981,1041,1256,1238,1488,1120,987,1282,1222,1261,1222,1218,1335,1310,1364,1197,1035,1402,1389,1051,1265,1207,1280,1209,1203,1365,1409,1050,1223,1273,1429,1476,950,1171,1177,1348,1354,989,1020,1201,978,1057,1299,1300,1394,1224,1422,1354,1348,1164,1472,1266,1419,1058,1068,1138,986,1286,1455,1229,1214,997,1124,1176,1474,1390,1503,1360,1494,1278,1404,1218,1233,1350,1044,1089,1026,1034,1115,1356,1327,1337,999,1009,978
,1302,961,1504,1493,1429,1117,1019,1236,1506,980,1395,1072,1385,1506,1045,1150,972,1199,1205,1098,1179,1411,1105,1220,1292,1014,1293,1280,986,1141,1211,1294,1084,1346,1039,1297,1113,1420,1313,1183,1082,1141,1025,1004,1438,1005,947,1495,1428,1311,984,1400,1488,960,1468,1164,1327,1265,1484,1035,1487,1091,1051,1062,1031,1039,1096,1507,949,1239,1342,1408,1040,1074,1124,1035,1349,1276,970,1372,1160,952,984,1128,1115,1051,1010,1065,1041,985,988,1106,1313,1208,1155,1142,1314,1266,1321,1278,1454,1483,1016,1457,1133,1062,1138,1301,1414,1008,1345,1346,1012,1152,959,1240,1174,1035,1183,1058,993,1193,990,1163,972,1127,1070,1445,1125,1069,1499,1336,1315,1217,1419,1075,1194,1366,1370,1128,1251,1467,1070,1421,1054,1396,1428,1001,1255,1453,1241,1094,1194,1250,1052,1371,986,1238,994,1215,1386,1046,1020,1147,1435,1275,989,1416,1433,1143,1291,1108,1255,1474,1105,1203,1364,1096,1097,1371,1411,1448,1457,1042,1456,1140,972,1441,1401,1506,1004,1164,1182,1391,1300,1356,1354,1176,1090,1108,1202,1132,1220,1390,1494,1395,1286,1118,1099,1472,1131,1320,1337,1146,1361,1124,1185,1447,1176,1493,1091,1046,1336
,1425,1242,1204,1105,1357,1267,1161,982,1212,1036,1315,1114,1084,1308,1206,1487,1016,1401,1410,1434,964,1345,962,1196,1240,1218,1109,1441,992,1504,1342,1482,967,1228,1054,1149,1115,1276,1256,1424,1356,1255,1047,1309,1202,1005,1144,1309,1153,1068,1313,1244,951,1049,952,1415,1468,1078,1410,1245,1001,1282,1096,1493,1376,1502,1150,1427,1287,1345,1243,1013,1144,1454,1287,1036,1406,1440,1243,1354,1470,1116,1085,1363,1032,1379,1146,1139,964,1280,1508,1202,1400,1132,1153,1072,1035,1004,1218,1235,1371,1138,1044,1113,1341,1129,1084,1050,1424,1277,1015,1412,1450,1485,1510,1256,1152,1003,1004,956,1280,1242,1315,1003,1364,1506,1345,1179,1113,1120,989,1219,1423,1331,1327,1302,1449,1415,1010,1431,1297,1088,1356,1352,1343,1313,1263,1174,1302,1059,1488,1051,1435,1496,1442,1067,1499,1148,1412,1214,1399,1168,1415,1349,1301,946,1208,1175,1414,1336,1379,1286,1484,1092,1180,1159,1467,1410,1487,1129,1083,1333,1386,1444,947,1048,1091,948,1192,1027,1235,1123,956,1115,1205,1212,1041,1079,1368,1453,1462,1186,1215,1068,1334,1294,1048,1434,1317,955,1087,1413,1324,987,1247,1049,1341,1352,1512,959,1237,1092,1395
,1234,1399,992,1250,1193,1263,1034,1016,948,1111,1097,1332,1362,1196,1153,1332,966,1453,1033,1041,1283,1428,1236,1182,1344,1346,1396,1466,1396,1018,1177,1154,1449,1219,1196,1049,948,1474,1228,1318,1325,1037,1429,1110,1226,1008,1156,1415,1335,1500,1057,1297,1226,1476,1403,1013,1225,1425,978,1073,1493,1458,1165,1105,1274,1476,1317,1076,1022,1348,1310,962,1326,955,1443,1136,1222,1145,1128,1212,1451,1285,1345,979,1095,1294,1357,976,1454,1328,1002,1496,1375,1238,1052,1351,1221,969,955,1338,1195,1317,1269,974,1066,1219,1021,971,1188,1083,1498,1296,1505,1251,1228,1191,1386,1135,1030,989,1059,1115,1469,1201,1330,949,1396,1287,1017,1071,1361,1160,1139,1370,1316,1053,999,1288,1113,1061,1405,1452,1153,1153,1481,1397,1058,1004,1025,1448,1505,1087,1204,987,1333,1073,1113,1292,1452,1168,1138,1105,1384,1114,949,1476,1076,977,1477,1235,1004,1275,1027,1397,1194,1397,972,1341,1502,1482,1461,1097,1425,1347,1255,974,1311,1491,1424,1047,1184,1247,1304,1253,1251,1373,1452,1013,1198,1265,1163,1069,1352,1222,1404,1192,1264,1449,1428,1310,1153,1378,1001,1364,1128,1357,1138,1107,970,1095,1147,1280,1406
,1038,1459,1291,1318,1433,1443,1355,1400,1264,1485,1074,1351,1433,1216,1310,1411,1115,1052,994,970,1154,1290,1325,1273,1441,1409,974,1372,1467,1094,1331,1049,989,1119,1217,994,1055,1213,954,1184,1318,1150,1400,1400,992,1462,1457,1438,1182,1199,1297,1231,955,1152,1126,1102,1476,1341,1502,1404,982,1214,1416,1203,983,1146,1327,1272,1180,1263,1201,1450,1250,1121,1149,1396,1389,1171,1041,1258,958,1116,1165,1278,1455,1056,1407,1319,1139,1267,1370,1070,1295,1475,1267,1003,1353,1187,1215,1392,947,1446,1467,1461,1052,1390,987,1345,1398,1163,1108,1471,1230,1362,1220,1051,1192,1083,1279,1281,1491,1211,1433,1292,1236,1286,1056,1378,1134,958,965,1084,1412,1486,1166,1255,1173,1170,1002,1086,966,1295,1251,1123,1077,1083,1409,1186,1110,1067,1146,1500,1052,1014,1360,974,1101,1370,1286,1082,1493,1341,1338,1235,1189,1435,1450,1416,1386,1503,1065,1447,1034,1437,1273,956,1456,1335,1443,1119,977,1038,1188,1426,1474,1475,1084,1024,1051,953,946,1470,1503,1334,1071,1371,1052,1293,1055,1156,988,1434,1486,1132,1338,985,1416,1324,1133,1091,1330,1157,1402,1011,1295,1348,1395,1162,1105,1426,1292,1362,1340
,1404,1008,1495,1207,1249,1461,1433,1000,1109,1040,1065,1241,1020,1470,1208,988,1158,1086,1294,1370,1476,979,1134,1344,1265,1422,1147,1087,1102,1005,1153,1237,1201,1405,1128,1441,1423,960,1354,973,1425,1163,1185,1504,978,954,1255,1246,1481,1270,1430,968,1369,1101,1220,1284,969,1254,1192,1002,1029,1193,1342,1022,999,1250,1241,1208,1106,1353,1243,1356,1281,1096,1396,950,1158,957,1156,1066,1317,979,1256,1370,979,1037,1459,1171,1026,1249,1306,1207,1446,1288,1218,1130,1058,980,957,1312,1092,1422,1212,1477,1417,1283,1368,1495,1142,1432,1103,1069,1314,1216,1340,1401,1265,1446,1464,985,1320,1268,1483,1379,1268,1073,1086,1204,1376,990,1380,1129,1298,1286,1364,1379,1286,1336,1336,1508,1429,1014,1289,1351,966,1078,1104,1089,1313,1159,1027,991,957,1001,1333,1030,1487,1505,1154,1447,1411,1369,1374,1117,1093,1467,999,1166,1057,989,1020,1304,1104,1100,1471,1322,1448,1276,1504,1379,1057,1135,993,1297,1414,1038,1005,1377,1446,959,1502,1271,1091,1453,1235,1077,1318,1163,1008,1105,1496,1058,1167,1333,1326,1119,1238,972,1076,1393,1352,1228,1063,1084,1234,1367,1329,1103,1140,1379,1467,1274,1236
,1401,1337,990,1378,1432,963,1113,1295,1162,1502,1279,963,1291,1161,1500,1076,1269,1425,965,1164,1282,1046,1370,1479,1289,1183,1126,1308,971,1481,1345,1064,1406,1230,1173,1500,998,1338,1463,1440,1023,1422,1055,1434,962,1206,1255,1424,1376,1340,959,995,1230,1256,1409,1399,1059,1059,1326,1093,1084,1047,1484,1275,1296,1189,1435,1211,1081,1194,1330,1195,1072,1341,1338,1156,1280,995,1159,1025,1249,1001,1361,1009,1451,1074,1208,1007,1445,1151,1506,1419,1144,1373,1054,970,990,1427,996,1139,975,987,1188,1470,1422,1378,1098,1166,1047,1243,1017,1178,1476,1364,957,1218,1088,1479,1241,984,1463,1420,1142,1076,1311,1391,1081,1272,1508,1210,1419,1295,1188,975,1223,1166,1104,1511,1353,1286,1464,1226,1498,1102,1071,1241,1213,981,1312,1449,1273,1147,1070,1469,1211,1088,1423,1059,1035,1341,1288,1166,1053,1081,1016,1284,1428,1453,1125,1081,1320,1027,1299,1333,994,1176,1294,1128,1316,1107,1319,1370,1385,1488,1045,1297,1193,1120,1065,1362,1402,1110,1459,1509,1081,1045,1034,1074,980,1499,1508,1328,1092,1372,1113,1190,1204,974,962,1073,1203,956,1288,1005,1311,972,1357,1465,1026,1349,1020,1382,1273
,1221,1201,1277,1387,1319,1357,1201,1349,1435,1310,1057,1315,1478,1142,1410,1303,1431,1005,978,1495,1025,1499,1055,1088,1440,1012,1125,1103,1078,1334,1065,968,1053,1111,1510,1211,1264,1433,1470,1110,1024,1104,1017,1235,1319,1201,1419,1395,1415,1247,1050,1355,1115,1173,1096,1331,1158,1094,1327,1245,1050,964,1374,1008,1401,1253,1062,976,955,1373,1431,987,1446,954,1477,949,992,1328,1372,1055,1487,1427,1439,1158,1256,1045,1249,1212,1335,1170,1415,1179,1088,1292,1261,1399,1180,1101,1201,1000,1016,1046,1219,1169,1341,1107,1398,1278,1298,1074,1033,1354,1333,1153,990,975,1377,1230,1457,1222,1247,1370,1107,1398,1490,953,1047,1149,1388,1453,1490,1030,1272,1457,1152,1318,1336,1081,1171,1239,1505,984,1265,1430,962,1507,1290,1076,1225,1238,1122,1265,1460,1498,1208,1157,1045,973,966,1180,1254,1428,976,1284,1135,1211,1354,1166,1152,1247,1376,1236,1386,1253,1006,976,1252,1225,1493,1065,1404,1444,1390,1161,1206,1432,1029,1120,1135,1015,1373,1335,1216,1102,1243,1425,1191,1195,1411,1159,1290,1402,1437,1386,1220,1190,1330,1450,1166,1249,1428,1480,1205,1452,1268,994,1117,1106,1505,1117,1017,1421,1472
,957,1202,1172,1474,1032,1100,1073,946,1196,974,1161,1330,1504,1488,979,1281,1416,1009,1053,1119,1511,1457,1129,1069,1125,1329,1221,1193,1500,1276,1210,1301,1086,1199,957,1346,1098,1481,1450,1241,998,1231,1116,999,1365,998,1433,1444,1500,1378,1435,1247,963,1162,1361,1017,1288,1017,1166,1074,1486,1453,1133,1158,1136,1393,1033,1309,1121,1299,950,969,1079,1348,1442,960,1175,1492,1233,1444,1065,1352,1342,1243,1373,996,1307,1222,1315,1442,1407,988,1363,992,1041,977,1467,1389,1416,1143,1490,1214,1328,1306,1442,1080,1506,949,1087,1222,1486,1192,947,1207,1351,1290,972,1481,1090,1198,1351,1117,1348,1142,1384,1464,1498,1163,989,1311,1003,1219,1361,1037,1361,1196,1468,1166,1258,983,1251,991,1003,1139,1423,1171,1445,964,1223,1030,1397,1364,1449,1482,1312,1395,1074,1380,1008,1016,947,1182,1132,987,1104,1021,995,1482,1067,1353,998,1443,1510,1306,1222,1175,1103,1042,1198,1151,1434,1313,1028,1503,1264,1391,1150,1091,1116,1040,1068,1181,1284,1142,1164,1144,1397,1045,1353,1151,1438,1117,986,1063,1268,1330,1312,1098,1292,1252,963,1430,984,1182,1057,1379,1390,1404,1230,953,997,1277,1366
