0,19,86,28,5,95,24,26,41,43,76,87,127,140,10,57,133,10,127,151,83,41,58,107,27,41,21,102,23,20,73,108,118,106,157,71,87,21,34,92,131,18,22,23,41,32,44,86,108,24,33,22,39,76,136,83,104,73,168,152,139,32,41,51,86,115,137,30,71,88,106,148,161,163,132,174,98,171,42,51,33,40,45,53,168,76,98,37,40,44,159,43,99,47,47,41,55,125,151,62,156,43,84,102,103,107,133,142,50,95,115,163,170,124,161,85,121,144,63,66,80,88,109,165,49,138,56,61,92,51,51,69,109,133,137,154,56,154,173,122,126,151,59,66,94,127,64,109,134,137,64,92,81,162,173,60,113,143,168,102,69,67,120,70,179,67,89,140,147,150,87,181,73,146,138,161,162,182,75,79,90,71,76,127,171,94,73,131,74,75,77,78,89,179,82,77,78,121,182,79,108,83,80,154,183,80,80,156,81,87,146,88,188,90,133,175,100,147,91,94,136,172,129,156,92,88,91,89,179,92,179,137,94,94,160,95,95,96,112,117,98,148,99,102
19,0,67,47,14,76,6,8,22,24,57,68,108,121,28,38,114,11,108,132,64,22,39,88,45,23,39,84,41,14,55,89,99,87,138,52,69,17,19,74,112,29,18,17,25,48,28,67,89,20,49,34,24,58,117,65,86,55,149,133,121,26,29,36,69,97,118,41,54,70,88,129,142,144,114,155,80,152,33,38,39,33,35,40,150,59,81,37,51,56,140,39,82,59,58,44,45,107,133,50,138,47,68,85,86,90,115,124,45,79,98,145,152,106,143,70,103,126,53,55,66,73,92,147,55,120,50,52,77,57,53,58,92,116,119,136,52,136,155,105,109,134,56,58,80,110,58,93,117,120,75,78,69,145,156,62,97,126,150,88,64,64,104,65,162,72,78,123,130,133,76,163,68,129,122,145,145,164,70,72,79,73,72,112,154,83,74,116,77,75,83,75,80,161,90,78,77,107,165,84,96,91,85,138,166,84,83,140,83,82,131,83,171,84,119,158,91,132,87,88,122,156,116,140,100,90,97,92,163,90,163,124,93,96,145,98,96,95,104,107,102,134,102,99
86,67,0,114,81,9,62,60,45,43,10,3,41,54,95,29,47,77,41,65,8,47,30,22,111,47,105,19,107,72,19,25,34,24,71,23,15,75,58,17,47,93,74,72,52,113,49,18,27,74,114,97,57,24,52,23,27,29,83,68,57,72,60,51,27,37,55,101,35,29,33,66,78,79,52,90,32,88,67,56,94,71,64,56,86,40,36,84,109,114,78,78,40,116,116,92,64,52,72,58,77,95,45,43,44,45,59,66,78,45,49,84,90,54,82,49,53,69,66,63,53,49,49,87,104,65,79,71,51,106,96,65,52,63,65,78,84,79,95,59,61,78,89,76,57,63,81,57,67,69,128,60,67,88,97,101,62,75,93,62,86,91,66,88,104,116,71,76,80,82,74,106,90,80,77,91,92,107,92,86,76,112,92,73,100,76,108,77,115,106,127,98,85,107,138,110,107,77,110,125,79,138,126,91,112,123,120,93,119,97,89,98,117,98,85,107,92,92,103,98,88,107,87,97,144,122,138,127,113,112,113,93,119,127,104,132,124,118,100,98,136,101,134,116
28,47,114,0,33,123,52,54,69,71,104,115,155,168,19,85,161,37,155,179,111,68,85,135,9,68,13,130,13,45,101,136,145,134,184,98,115,44,60,120,159,28,45,47,67,17,70,113,135,46,19,27,64,103,163,110,132,99,195,179,167,53,65,76,113,142,164,32,97,114,133,175,188,190,160,201,125,198,63,75,41,60,67,76,196,101,125,52,38,37,186,60,125,40,40,51,76,151,178,85,183,51,108,127,129,132,159,169,67,120,141,190,197,150,187,109,146,170,83,87,103,112,134,192,53,164,72,80,116,54,60,89,134,159,163,180,70,180,200,147,151,177,71,84,118,152,79,133,159,163,57,114,101,188,200,68,137,168,194,125,84,80,144,84,205,67,109,164,172,175,106,207,87,171,163,187,188,207,88,94,109,75,90,150,197,114,80,155,77,82,75,90,105,204,76,84,85,143,207,79,129,78,80,178,208,81,83,180,84,101,170,101,213,103,155,200,116,170,102,108,159,196,150,179,87,92,88,91,203,101,203,159,100,97,183,97,100,104,128,134,99,169,101,111
5,14,81,33,0,90,19,21,36,38,71,82,122,135,14,52,128,6,122,146,78,36,52,102,31,36,26,97,27,16,68,103,113,101,152,66,82,17,29,87,126,19,18,19,36,35,39,81,102,20,36,24,34,71,131,78,99,68,162,147,134,29,37,46,81,110,132,31,66,83,101,143,156,158,127,169,93,166,38,47,33,37,41,48,163,71,93,35,42,46,154,40,94,49,48,40,51,120,146,58,151,42,79,97,98,102,127,137,47,90,110,158,165,119,156,80,116,139,59,62,75,83,104,160,49,133,53,57,87,51,50,65,104,128,132,149,53,149,168,117,121,146,56,63,90,122,61,104,129,132,66,87,77,157,168,59,108,138,162,97,66,65,115,67,174,67,85,135,142,145,83,176,71,141,134,157,157,177,72,76,86,70,74,122,166,90,72,126,73,73,77,76,85,174,83,76,76,116,177,79,104,84,80,149,178,80,79,151,80,85,142,86,183,87,129,170,96,142,88,91,132,167,124,151,93,87,91,89,174,90,174,133,92,93,156,95,94,95,109,113,98,144,99,100
95,76,9,123,90,0,71,69,54,52,19,8,32,45,104,38,38,86,32,56,13,55,38,13,120,55,114,11,115,81,25,16,25,16,62,29,16,83,66,15,38,101,82,80,60,122,57,19,19,83,122,106,65,28,43,25,21,33,74,59,48,80,67,58,28,30,46,109,40,30,28,57,69,70,44,81,29,79,74,63,102,78,71,62,77,43,33,92,116,122,69,85,38,124,123,99,70,45,63,63,68,103,47,41,41,42,52,58,85,44,44,75,81,48,74,51,48,61,71,68,55,51,46,78,111,58,85,77,51,113,102,69,49,56,59,70,90,71,86,54,56,70,95,81,57,57,87,55,61,63,135,61,70,80,89,107,59,68,85,62,91,97,62,93,96,123,73,70,73,75,76,98,95,74,72,84,85,99,96,90,78,117,96,70,92,78,113,72,121,111,133,103,87,99,144,115,113,75,103,131,79,144,132,85,104,129,125,87,124,100,83,101,109,101,81,100,93,87,107,102,85,100,85,92,150,127,144,133,106,116,107,90,123,132,98,137,128,122,101,98,142,97,139,120
24,6,62,52,19,71,0,2,17,19,52,63,103,116,33,33,109,15,103,127,59,17,33,83,49,17,44,78,45,13,49,84,94,82,132,47,63,17,14,68,107,32,17,16,19,52,22,62,83,19,53,37,19,52,111,59,80,49,143,128,115,24,24,31,63,91,113,43,48,64,82,124,136,138,108,149,74,147,29,33,40,30,31,34,144,54,75,36,52,58,135,36,77,60,60,43,40,101,127,45,132,46,62,79,81,84,109,118,42,73,92,139,146,101,137,64,97,120,48,50,60,67,87,141,55,115,47,48,71,57,52,53,87,110,114,130,49,131,149,99,103,128,53,54,74,104,54,88,111,115,76,72,64,139,150,60,92,120,144,82,60,61,98,62,156,72,73,117,124,128,71,158,65,123,116,139,140,158,67,68,74,72,68,106,148,78,72,110,76,72,82,72,76,156,90,76,75,101,159,83,91,92,84,132,160,83,82,134,82,79,125,80,165,81,113,153,87,126,83,84,117,150,110,134,100,88,97,91,157,87,157,118,91,94,140,96,94,92,99,102,101,129,100,96
26,8,60,54,21,69,2,0,15,17,50,61,101,114,35,31,107,17,101,125,57,15,31,81,51,15,46,76,47,15,47,82,92,80,130,45,61,18,14,66,105,34,18,17,18,54,21,60,81,20,55,39,18,50,109,57,78,47,141,126,113,24,24,29,61,89,111,45,46,63,80,122,135,136,106,147,73,145,29,32,41,30,30,34,142,52,73,37,54,59,133,37,75,62,61,44,40,100,125,44,130,47,61,77,79,82,107,116,42,72,90,138,144,99,135,63,96,118,47,49,59,66,85,139,56,113,47,48,69,58,52,52,85,108,112,128,49,129,147,97,101,126,54,54,73,103,54,86,109,113,77,71,63,137,148,61,90,118,142,81,60,61,97,62,154,73,72,116,122,126,70,156,65,122,115,137,138,157,67,68,73,73,68,104,147,77,73,109,76,73,83,72,75,154,92,76,76,100,157,84,90,93,85,130,158,84,82,133,83,78,124,79,163,80,112,151,86,125,83,84,115,148,109,133,101,88,98,91,155,87,156,117,91,94,138,97,94,93,98,102,101,127,101,96
41,22,45,69,36,54,17,15,0,2,35,46,86,99,50,16,92,32,86,110,42,5,17,66,66,6,60,61,62,28,33,67,77,65,116,30,47,31,17,52,90,48,30,29,15,69,15,46,67,31,69,53,19,36,95,43,64,34,127,111,98,32,25,24,48,75,96,58,35,49,66,107,120,122,92,133,59,130,32,29,52,35,32,30,128,41,60,45,66,72,118,42,62,74,74,53,38,86,111,39,116,57,51,65,66,69,93,103,46,60,77,123,130,86,121,53,83,105,45,45,51,56,73,125,66,99,50,47,59,68,60,48,73,95,98,115,53,115,133,85,89,113,58,53,64,90,56,75,97,100,88,63,58,123,134,67,79,105,129,71,61,64,86,64,140,81,66,103,110,113,66,142,66,109,103,124,125,143,68,67,69,79,69,93,134,72,78,98,83,77,92,74,72,141,101,81,80,90,144,92,82,102,93,119,145,91,89,121,89,78,112,79,150,80,102,138,83,114,84,83,105,136,100,122,109,94,105,98,143,89,143,108,95,99,127,103,98,95,95,97,107,118,106,97
43,24,43,71,38,52,19,17,2,0,33,44,84,97,52,14,90,34,84,108,40,6,15,64,68,7,62,59,64,30,31,65,75,63,114,29,45,33,18,50,88,50,32,30,15,71,15,44,65,33,71,55,20,34,93,42,62,33,125,109,97,33,25,24,46,73,94,60,33,48,64,105,118,120,90,131,57,128,33,29,54,36,32,30,126,40,59,47,68,74,116,43,61,76,75,54,38,84,109,39,114,58,49,63,65,68,92,101,47,59,76,121,128,84,119,52,81,103,45,45,50,55,71,123,67,98,50,48,58,69,61,48,72,93,97,113,54,113,131,83,87,111,59,54,62,89,56,74,95,98,90,62,57,122,132,69,78,104,127,70,62,65,84,64,139,82,65,102,108,112,65,140,67,108,101,122,123,141,69,67,68,80,70,92,132,71,79,96,84,78,93,75,72,139,103,82,81,89,143,93,82,103,94,117,144,92,90,119,90,79,111,80,149,81,101,137,82,112,84,83,104,135,99,120,111,94,107,98,141,90,142,107,95,100,126,104,99,96,94,96,108,117,107,98
76,57,10,104,71,19,52,50,35,33,0,11,51,64,85,19,57,67,51,75,8,36,20,31,101,36,95,27,96,62,11,33,42,31,81,14,16,64,48,20,56,82,64,62,41,103,39,17,34,64,103,87,46,17,61,19,32,21,92,77,65,61,50,41,25,43,63,91,27,27,37,74,86,88,59,99,33,96,57,46,84,61,54,46,94,33,36,74,98,104,85,67,40,106,105,81,54,57,79,49,84,85,40,43,44,46,64,72,68,43,52,91,98,58,89,44,56,74,57,55,47,45,50,94,94,70,69,62,47,96,86,57,52,67,70,84,74,85,102,61,64,83,79,67,53,65,72,57,70,73,118,55,60,94,103,91,61,79,99,59,77,82,66,80,110,107,65,79,84,86,67,112,81,84,79,96,97,113,83,78,70,102,83,74,105,71,98,77,105,97,117,89,78,112,128,100,98,76,116,116,75,128,116,94,117,114,110,96,110,89,91,90,122,90,85,112,85,93,95,91,88,111,86,99,134,113,129,118,117,103,118,93,110,118,106,123,115,110,95,93,127,101,126,109
87,68,3,115,82,8,63,61,46,44,11,0,40,53,96,30,46,78,40,64,6,47,30,21,112,47,106,17,107,73,18,22,32,21,70,22,12,75,58,14,45,93,74,72,52,114,49,15,24,75,114,97,57,22,50,20,24,27,81,66,55,72,60,50,25,35,53,101,33,26,30,64,76,77,50,88,29,86,67,55,94,71,64,55,84,38,32,84,108,114,76,77,37,116,115,91,63,49,69,57,74,95,43,40,41,42,56,63,77,42,46,82,88,51,80,47,50,66,64,62,51,47,46,84,104,62,78,70,48,106,95,63,49,60,62,75,83,76,92,56,58,75,88,74,54,59,80,54,64,66,127,57,64,85,94,100,59,72,90,59,84,90,63,87,101,116,69,73,77,79,72,103,88,77,74,89,89,104,90,84,74,110,90,70,97,74,106,73,114,105,126,96,82,104,137,108,106,74,108,124,76,137,125,88,109,122,118,90,118,95,85,96,114,96,82,104,89,88,101,96,85,104,84,94,143,120,137,126,110,110,110,90,117,125,101,130,122,116,97,95,135,98,133,114
127,108,41,155,122,32,103,101,86,84,51,40,0,13,136,70,6,118,2,24,44,87,70,21,152,87,146,26,147,112,56,22,14,25,31,59,43,115,98,38,13,133,114,112,91,154,88,46,26,114,154,137,96,57,19,51,31,61,44,31,24,110,98,87,51,28,25,140,67,51,36,32,40,42,27,52,44,50,104,92,132,108,101,91,49,68,47,122,147,153,44,114,52,155,154,129,98,39,42,90,45,132,68,53,52,51,41,42,113,60,47,52,56,45,51,71,47,45,97,94,77,70,54,55,141,46,112,103,69,142,131,94,57,48,48,51,118,52,62,54,54,54,122,106,74,55,113,64,54,54,164,78,91,61,67,135,66,58,65,75,116,122,66,119,74,151,92,63,63,64,96,76,119,65,66,69,69,78,120,113,98,144,120,71,74,95,139,72,147,137,160,126,108,80,172,140,138,81,83,158,91,172,158,76,85,155,151,77,150,122,78,123,89,123,83,84,111,82,128,122,86,86,90,84,177,151,170,158,90,138,91,92,146,155,91,161,151,144,116,111,166,96,163,140
140,121,54,168,135,45,116,114,99,97,64,53,13,0,149,83,7,131,13,11,57,100,83,33,165,100,159,39,160,125,69,34,25,37,19,72,55,128,111,51,16,146,127,125,104,167,101,58,37,127,167,150,108,69,19,63,42,74,33,23,22,123,110,100,63,37,25,153,79,63,46,26,32,33,29,41,55,40,117,104,145,121,113,103,40,80,58,134,160,166,38,126,61,167,166,141,110,44,38,102,40,145,79,62,61,59,44,41,125,70,54,45,48,50,45,82,53,44,109,105,88,80,62,48,153,47,124,115,79,155,143,106,65,51,50,48,130,49,55,60,59,52,134,118,83,59,124,72,57,56,177,88,102,57,61,147,73,59,60,83,127,134,72,130,68,163,102,65,64,63,106,70,130,66,69,66,66,72,131,124,107,156,131,76,70,105,150,77,159,148,172,137,118,75,184,151,149,88,78,169,99,183,170,76,80,167,162,77,161,132,80,133,84,133,88,81,120,84,139,132,90,83,95,85,188,162,182,169,87,148,88,97,156,166,92,172,162,154,124,118,177,99,174,150
10,28,95,19,14,104,33,35,50,52,85,96,136,149,0,66,142,18,136,160,92,49,66,116,17,49,12,111,13,26,81,116,126,114,165,79,96,25,41,101,140,14,26,28,48,22,51,94,116,27,23,16,45,84,144,91,112,80,176,160,148,36,47,57,94,123,145,24,78,95,114,156,169,171,140,182,106,179,46,56,30,43,49,58,177,82,106,37,34,36,167,45,106,40,39,39,59,132,158,67,163,40,90,108,110,113,140,149,51,102,122,171,178,131,168,91,127,151,67,70,85,94,116,173,45,145,57,64,98,47,49,72,115,140,144,161,56,161,180,128,132,158,58,68,100,134,65,115,140,144,57,97,84,169,181,58,119,149,175,107,70,67,125,70,186,62,93,146,153,157,90,188,73,152,144,168,169,189,75,80,93,68,77,132,178,98,71,137,70,73,71,78,90,185,75,75,76,125,189,74,112,77,75,160,189,76,76,162,77,88,152,89,194,90,138,181,101,152,90,95,141,178,133,161,86,85,86,85,185,91,185,142,91,91,166,91,92,94,114,119,94,152,95,101
57,38,29,85,52,38,33,31,16,14,19,30,70,83,66,0,76,48,70,94,26,17,4,50,82,18,76,45,77,43,17,51,61,49,100,16,31,46,30,36,74,63,45,43,24,84,22,30,51,46,85,68,29,23,79,29,48,22,111,95,83,44,33,27,34,60,80,72,25,36,51,91,104,106,77,117,45,114,41,33,66,45,39,33,112,33,47,57,80,86,103,52,50,88,87,65,42,71,95,40,100,68,42,52,54,57,79,88,54,49,64,108,115,72,106,45,69,90,47,46,45,47,60,110,77,85,56,51,50,79,70,48,61,81,84,100,61,100,118,72,76,98,66,56,55,77,60,64,83,86,101,56,55,109,119,76,69,92,114,63,66,70,74,68,126,91,62,91,97,100,63,128,71,96,91,110,111,129,72,69,66,88,73,82,120,68,85,86,92,84,102,79,72,127,112,88,86,81,130,101,76,113,102,106,131,100,97,108,96,81,101,82,136,82,92,125,81,103,87,84,96,123,91,110,120,100,115,105,130,94,130,99,100,106,116,110,104,100,92,93,115,108,113,100
133,114,47,161,128,38,109,107,92,90,57,46,6,7,142,76,0,124,6,18,50,93,76,26,158,93,152,32,153,118,62,28,18,30,25,65,48,121,104,44,12,139,120,118,97,160,94,51,30,120,160,143,101,62,17,56,36,67,38,26,21,116,103,93,56,31,23,146,72,56,40,28,35,37,26,46,48,44,110,97,138,114,106,96,44,73,51,127,153,159,40,119,55,160,159,134,103,40,39,95,42,138,72,57,55,54,41,40,118,64,49,48,51,46,47,75,48,43,102,98,82,74,56,51,146,45,117,108,72,148,136,99,60,48,47,49,123,49,58,55,55,52,127,111,77,55,118,66,54,54,170,82,95,58,63,140,69,57,61,78,120,127,68,123,70,156,96,63,62,62,100,72,124,64,66,66,66,74,125,117,101,149,125,73,71,99,144,73,152,142,165,131,112,77,177,145,142,83,80,163,94,177,163,75,82,160,156,76,155,126,78,127,86,127,84,82,115,82,132,125,86,84,91,83,182,156,175,162,88,142,89,93,150,160,90,165,155,148,119,113,170,97,168,144
10,11,77,37,6,86,15,17,32,34,67,78,118,131,18,48,124,0,118,142,74,31,48,98,34,31,28,93,30,10,64,98,108,96,147,61,78,12,24,83,121,18,13,14,30,37,34,76,98,15,38,23,28,66,126,73,95,63,158,142,130,23,31,40,76,105,127,30,61,78,96,138,151,153,123,164,88,161,32,41,30,31,36,43,159,65,88,31,41,45,149,35,89,48,48,36,46,115,141,52,146,39,74,91,93,96,122,132,42,85,105,153,160,114,151,75,110,134,54,56,70,78,99,155,46,128,48,52,82,49,46,59,98,123,127,144,48,144,163,111,115,141,52,57,84,117,55,99,123,127,65,82,71,152,163,55,103,132,157,92,61,60,109,62,169,64,80,129,136,140,77,171,66,136,128,151,152,171,67,70,80,67,69,116,161,85,68,121,70,69,74,71,80,168,81,72,72,111,172,76,98,82,77,144,173,77,76,146,77,80,136,81,178,82,123,165,91,137,83,86,126,162,119,145,91,83,89,85,168,86,169,127,88,89,150,91,90,90,103,108,95,138,95,95
127,108,41,155,122,32,103,101,86,84,51,40,2,13,136,70,6,118,0,24,44,87,70,20,152,87,146,25,147,112,56,22,13,24,30,59,42,115,98,38,11,133,114,112,91,154,88,45,25,114,154,137,95,56,17,50,30,61,43,30,22,110,97,87,50,27,23,140,66,50,35,30,39,41,25,51,43,49,104,91,132,108,100,90,48,67,46,121,147,153,43,113,50,154,153,128,97,37,40,89,44,132,67,52,50,49,39,40,112,59,45,50,54,43,49,70,45,43,96,93,76,68,52,53,140,44,111,102,67,142,130,93,55,46,46,49,117,50,60,52,52,52,121,105,72,53,112,62,52,52,164,77,90,59,65,134,64,56,63,73,115,121,64,117,72,150,91,61,61,62,95,74,118,63,64,67,67,76,119,112,96,143,119,70,72,94,138,70,146,136,159,125,106,78,171,139,137,80,81,157,90,171,157,74,83,154,150,75,149,121,76,122,88,121,81,83,110,80,127,120,84,84,88,82,176,150,169,156,89,137,89,91,145,154,89,160,150,143,114,109,165,94,162,139
151,132,65,179,146,56,127,125,110,108,75,64,24,11,160,94,18,142,24,0,68,111,94,44,176,111,170,49,171,136,79,45,35,47,9,82,66,138,121,61,23,156,137,135,115,177,112,68,47,138,178,161,119,79,23,73,52,84,23,18,24,134,121,110,72,44,27,163,89,72,54,24,24,25,33,31,63,30,127,114,155,131,123,113,31,89,66,144,170,176,32,136,69,177,177,151,119,48,36,111,36,154,87,70,68,66,46,41,135,78,60,39,41,54,40,90,57,44,118,114,97,88,68,43,163,48,133,124,86,164,153,114,71,53,51,45,139,46,48,64,62,50,143,126,90,62,133,77,59,57,186,95,110,53,54,156,78,59,55,90,136,142,77,138,61,172,109,66,63,62,114,63,139,66,70,63,63,65,140,132,115,164,139,80,65,112,159,79,167,157,181,145,125,70,193,160,157,92,72,178,105,192,179,75,74,175,171,76,169,140,80,140,78,140,90,77,127,85,146,138,92,80,98,84,197,170,190,177,83,156,84,99,164,174,90,180,169,162,129,123,185,100,182,157
83,64,8,111,78,13,59,57,42,40,8,6,44,57,92,26,50,74,44,68,0,43,26,24,108,43,102,19,103,68,13,25,35,23,73,16,9,71,54,12,48,89,70,68,47,110,44,11,25,70,110,93,52,16,53,15,24,21,85,69,57,67,54,45,20,35,55,96,28,22,29,66,78,80,51,91,26,88,61,50,89,65,58,49,86,32,29,79,103,109,77,72,34,111,110,86,57,49,71,51,76,90,38,37,38,40,56,64,72,38,44,83,89,50,81,42,49,66,59,56,45,42,44,85,98,62,72,64,43,100,90,57,46,59,62,76,77,77,94,54,57,75,82,69,49,58,74,51,63,65,122,52,59,86,95,94,55,71,91,55,78,84,60,81,102,110,63,71,76,79,66,104,83,76,72,88,89,105,84,79,69,105,84,68,97,69,101,71,108,99,120,91,77,104,131,103,100,71,108,119,71,131,119,87,109,117,113,89,112,89,84,90,114,90,79,104,84,86,96,91,82,103,81,92,137,115,132,120,109,104,110,87,112,120,99,124,116,111,92,90,129,95,127,109
41,22,47,68,36,55,17,15,5,6,36,47,87,100,49,17,93,31,87,111,43,0,17,67,65,1,59,62,60,25,32,67,77,65,116,30,47,28,13,52,90,46,28,26,9,67,10,45,67,28,67,50,14,35,95,42,64,33,127,111,98,28,20,19,46,74,96,55,32,48,65,107,120,122,92,133,58,130,27,24,49,30,27,25,128,38,59,41,63,69,118,37,60,71,70,49,33,85,110,35,115,52,47,63,64,67,92,102,41,57,76,123,129,84,120,50,81,104,40,40,47,52,70,125,62,98,45,42,56,64,55,43,71,93,97,113,48,114,133,83,87,111,53,48,60,88,50,72,95,98,84,59,53,122,133,63,76,104,128,68,56,59,83,59,139,77,61,101,108,111,61,141,61,107,101,122,123,142,63,62,64,75,64,91,132,67,73,95,78,72,87,69,67,139,97,76,75,87,143,87,78,98,88,116,144,87,84,118,84,73,110,74,149,75,99,136,78,111,79,78,102,134,96,119,105,89,101,93,141,84,141,104,89,94,124,98,93,90,90,92,102,115,102,92
58,39,30,85,52,38,33,31,17,15,20,30,70,83,66,4,76,48,70,94,26,17,0,50,82,17,76,45,77,42,16,50,60,48,99,14,30,45,28,35,73,63,44,42,22,84,20,29,50,44,84,67,27,20,78,27,47,19,110,94,82,42,31,24,31,58,79,71,22,33,50,90,103,105,75,116,43,113,38,29,64,42,36,30,111,29,44,55,79,85,102,49,47,87,86,62,39,69,94,36,99,66,38,49,51,54,77,86,51,46,61,107,113,69,104,41,67,88,43,42,41,43,57,109,75,83,53,47,47,77,67,44,58,79,82,98,57,98,117,69,73,96,62,53,52,75,57,61,81,84,99,52,51,107,118,74,65,89,112,59,62,67,71,65,124,89,58,88,94,97,59,126,67,94,88,108,109,127,69,65,62,85,69,79,117,64,82,83,89,81,99,75,68,125,109,85,83,78,128,98,72,110,99,103,129,97,94,105,93,77,98,78,134,78,89,123,77,99,83,80,92,121,88,107,117,97,112,102,127,90,128,95,96,103,113,107,100,96,88,89,112,105,110,96
107,88,22,135,102,13,83,81,66,64,31,21,21,33,116,50,26,98,20,44,24,67,50,0,132,67,126,5,127,92,35,5,11,6,49,39,22,94,77,18,24,112,93,91,71,133,68,25,10,94,134,117,75,36,30,30,15,41,61,46,34,90,77,67,31,20,33,120,47,32,22,43,55,57,31,68,27,65,84,71,112,88,80,71,64,48,31,101,126,132,56,93,36,134,133,108,77,35,50,70,55,112,49,38,37,37,40,46,93,44,37,62,68,39,60,53,39,49,77,74,59,52,41,65,120,47,92,83,52,122,111,75,44,46,47,57,97,58,73,46,47,58,102,87,57,49,93,51,51,52,144,62,73,67,76,114,54,57,72,60,96,103,56,99,83,131,75,60,63,64,79,85,100,64,62,72,73,86,101,94,80,124,101,63,80,79,119,65,127,117,140,107,90,87,152,121,118,70,90,138,77,152,139,75,92,136,131,77,130,104,75,105,97,105,75,89,95,78,110,104,78,89,80,82,157,132,151,138,94,120,95,84,127,136,89,142,133,126,101,97,147,90,144,122
27,45,111,9,31,120,49,51,66,68,101,112,152,165,17,82,158,34,152,176,108,65,82,132,0,65,6,127,5,40,97,132,142,130,181,94,111,39,55,116,155,22,40,42,63,9,66,109,131,40,11,19,59,99,159,106,128,95,192,176,163,47,59,70,109,138,160,24,92,110,129,171,184,186,155,197,120,194,57,69,33,54,61,70,192,96,120,44,29,29,181,53,120,32,32,43,70,147,173,78,178,43,103,122,124,127,154,164,59,115,136,186,192,145,183,103,141,165,77,80,97,106,129,187,44,159,65,73,110,46,52,82,128,154,158,175,62,175,195,141,145,172,63,76,111,147,72,127,154,157,49,108,94,183,195,59,131,163,188,119,76,72,137,76,200,59,102,159,166,170,99,202,79,165,157,181,182,202,80,86,101,67,82,144,191,107,72,148,69,74,67,82,98,198,68,76,77,136,202,70,121,70,71,172,202,73,74,174,76,92,164,93,207,95,149,194,108,164,94,99,152,190,143,173,79,83,80,82,197,93,197,152,92,89,177,88,92,95,120,127,90,163,92,103
41,23,47,68,36,55,17,15,6,7,36,47,87,100,49,18,93,31,87,111,43,1,17,67,65,0,59,62,60,25,32,67,77,65,116,30,46,28,12,51,90,46,27,25,9,67,9,45,67,28,67,50,13,35,95,42,63,32,127,111,98,27,19,18,46,74,96,54,31,47,65,107,120,122,91,133,57,130,26,23,48,29,26,24,127,37,58,40,63,68,118,37,60,71,70,48,32,84,110,34,115,52,47,62,64,67,92,101,40,57,75,122,129,84,120,49,81,103,39,39,46,52,70,124,61,98,44,41,55,63,55,42,70,93,97,113,47,113,132,82,86,111,52,47,59,88,49,72,94,98,84,58,52,122,133,62,76,103,127,67,55,58,82,58,139,76,60,101,107,111,60,141,60,107,100,122,123,141,62,61,63,74,63,90,132,66,72,94,77,72,87,68,66,139,96,75,74,86,142,86,77,97,87,116,143,86,83,118,83,72,109,73,148,74,98,136,77,110,78,77,101,133,95,118,104,88,100,92,140,83,141,104,89,94,124,97,92,89,89,91,102,114,101,91
21,39,105,13,26,114,44,46,60,62,95,106,146,159,12,76,152,28,146,170,102,59,76,126,6,59,0,121,1,34,91,126,136,124,175,88,105,33,49,110,149,16,34,36,56,11,60,103,125,34,12,14,53,93,153,100,122,89,185,170,157,41,53,64,102,132,154,20,86,104,122,165,178,180,149,191,114,188,51,63,29,48,55,64,186,90,114,39,27,28,175,48,114,31,31,39,64,140,167,72,172,39,97,116,118,121,148,158,54,109,130,179,186,139,177,97,135,159,71,74,91,100,123,181,41,153,59,67,104,43,48,77,122,148,152,169,57,169,189,135,139,166,58,71,106,141,66,121,148,151,49,102,89,177,188,55,125,157,182,113,71,67,132,71,194,57,97,153,160,164,93,195,74,159,151,175,176,196,76,81,96,64,77,138,185,101,68,143,66,70,65,77,93,192,68,72,73,131,196,68,116,69,69,166,197,71,72,168,73,88,158,89,201,90,143,188,103,158,90,95,146,184,138,167,79,81,79,80,191,89,192,146,89,86,171,86,89,92,115,122,89,157,90,99
102,84,19,130,97,11,78,76,61,59,27,17,26,39,111,45,32,93,25,49,19,62,45,5,127,62,121,0,122,87,30,6,15,5,54,33,17,89,72,13,29,107,88,86,65,128,63,20,9,88,128,111,70,31,34,25,12,35,65,50,38,85,72,61,26,20,36,114,41,27,19,47,59,61,34,72,23,69,78,66,107,82,75,65,67,43,27,96,121,127,59,88,32,129,128,103,72,35,53,64,58,106,45,34,34,34,41,47,87,39,35,65,71,38,63,48,38,50,72,69,54,47,38,68,115,47,87,78,47,116,105,69,41,46,48,59,92,60,76,45,46,60,97,81,53,48,88,48,51,52,139,57,68,69,78,109,51,58,74,56,91,97,54,94,85,125,70,60,63,65,74,87,95,64,62,74,74,89,96,89,76,119,96,61,81,74,114,63,122,112,135,102,85,88,146,115,113,68,92,133,73,146,133,75,93,130,126,77,125,99,74,100,98,100,73,90,90,77,105,99,76,89,77,82,152,127,145,133,95,115,96,82,122,131,89,137,127,121,97,93,142,88,139,118
23,41,107,13,27,115,45,47,62,64,96,107,147,160,13,77,153,30,147,171,103,60,77,127,5,60,1,122,0,35,92,127,137,125,176,89,106,33,50,111,150,16,35,36,57,9,60,104,126,35,11,14,54,93,154,101,122,90,186,170,158,42,54,65,103,133,155,19,87,105,123,166,179,181,150,192,115,189,51,64,28,48,56,65,186,90,115,39,26,27,176,48,115,30,30,38,64,141,168,73,173,38,97,116,118,122,149,158,54,109,131,180,187,139,177,98,136,160,71,75,92,101,124,182,40,154,60,67,105,42,47,77,123,148,152,170,57,170,189,136,140,167,58,71,106,141,66,122,148,152,48,102,89,178,189,55,125,157,183,113,71,67,132,71,195,56,97,153,161,164,94,196,74,160,152,176,177,197,75,81,96,63,77,139,186,101,68,143,66,70,64,77,93,193,66,72,73,131,196,67,116,68,68,167,197,70,71,169,73,88,158,89,202,90,143,188,103,158,90,95,147,185,138,167,77,80,78,79,192,89,192,146,88,86,171,85,88,91,115,122,88,157,89,99
20,14,72,45,16,81,13,15,28,30,62,73,112,125,26,43,118,10,112,136,68,25,42,92,40,25,34,87,35,0,57,92,102,90,141,54,71,4,15,76,115,20,4,4,22,41,25,69,91,6,42,25,19,58,119,66,87,55,151,135,123,14,21,31,68,98,120,30,52,70,88,131,144,146,115,157,80,154,22,31,26,22,26,33,151,56,80,24,39,45,141,26,81,47,46,30,36,107,133,42,138,33,64,83,85,88,114,124,33,76,96,146,152,105,143,66,102,126,44,46,60,69,90,147,42,120,38,42,72,44,39,49,89,114,118,135,39,136,155,103,107,133,43,47,75,108,46,90,115,118,62,72,61,144,155,48,93,124,149,82,52,51,100,53,161,59,70,120,128,131,67,162,56,127,119,142,143,163,58,61,70,60,59,107,152,75,61,112,63,61,69,63,70,160,77,64,64,101,163,70,88,78,71,134,164,71,69,137,70,70,127,71,169,73,113,156,81,127,74,77,117,153,109,136,86,76,84,79,159,77,160,118,80,82,141,84,82,82,93,98,88,128,88,87
73,55,19,101,68,25,49,47,33,31,11,18,56,69,81,17,62,64,56,79,13,32,16,35,97,32,91,30,92,57,0,35,45,33,84,4,14,59,42,19,58,77,58,56,35,98,32,13,34,58,98,81,40,7,63,12,31,10,95,79,66,55,42,32,17,42,64,84,17,19,34,75,87,89,59,100,28,98,49,37,77,53,46,37,95,23,30,66,91,97,86,59,33,99,98,74,45,54,78,39,83,77,30,36,37,40,61,70,59,34,47,91,97,54,88,34,52,72,47,44,36,35,44,93,86,67,60,52,37,88,77,46,45,64,67,82,65,83,101,55,59,81,70,57,43,60,62,49,66,69,110,45,49,91,102,82,53,75,97,50,67,72,59,69,108,98,54,74,79,82,57,110,71,79,74,93,94,111,73,67,59,92,73,67,102,60,88,70,96,87,108,79,67,109,119,91,88,67,113,106,65,119,107,89,114,104,101,91,100,78,84,79,119,80,77,108,75,87,85,81,81,106,77,93,125,103,119,108,113,93,113,85,100,108,100,112,105,99,84,83,117,94,115,98
108,89,25,136,103,16,84,82,67,65,33,22,22,34,116,51,28,98,22,45,25,67,50,5,132,67,126,6,127,92,35,0,10,2,49,38,21,94,77,16,23,112,93,91,70,133,67,24,5,93,133,116,74,35,28,28,10,39,60,44,32,89,76,66,29,15,30,119,45,29,17,41,53,55,28,66,23,64,82,70,111,86,79,69,62,46,27,100,125,131,53,92,31,133,132,107,75,30,47,68,52,110,46,34,33,33,36,42,91,39,32,59,65,34,57,50,34,45,75,71,55,48,36,62,119,42,90,81,48,120,109,72,40,41,43,54,95,54,70,41,42,54,100,84,53,44,90,46,46,48,142,58,69,64,72,112,49,53,69,55,93,100,51,96,79,128,71,55,58,60,75,81,97,59,57,68,69,83,98,91,76,122,98,58,76,75,117,60,125,115,138,104,86,83,149,118,115,66,86,136,72,149,136,71,88,133,129,72,128,100,70,101,93,101,70,84,91,73,107,100,73,84,75,77,154,129,148,135,90,116,91,79,124,133,84,139,129,122,96,92,144,85,141,119
118,99,34,145,113,25,94,92,77,75,42,32,14,25,126,61,18,108,13,35,35,77,60,11,142,77,136,15,137,102,45,10,0,12,39,48,31,104,87,26,13,122,103,101,80,143,77,33,12,103,143,126,84,45,19,38,17,49,50,35,23,99,86,75,38,15,22,129,54,38,22,32,44,46,21,57,30,54,92,79,121,96,88,79,52,55,33,109,135,141,45,101,37,143,142,116,85,28,40,77,44,120,54,39,38,37,32,36,100,46,34,51,57,33,50,57,35,39,84,80,64,55,40,54,128,38,99,90,54,130,118,81,43,38,39,47,105,48,62,42,42,48,109,93,59,43,99,50,44,45,152,64,77,57,65,121,53,49,62,61,102,109,53,105,72,138,78,53,55,56,82,74,105,56,56,63,64,76,107,99,83,131,106,59,70,81,125,61,134,123,147,113,94,77,158,126,124,68,80,144,77,158,145,68,82,142,137,69,136,108,68,109,86,109,71,79,97,72,114,108,74,80,77,75,163,137,157,144,85,124,86,80,132,141,82,147,137,130,102,97,152,85,149,126
106,87,24,134,101,16,82,80,65,63,31,21,25,37,114,49,30,96,24,47,23,65,48,6,130,65,124,5,125,90,33,2,12,0,51,36,19,92,75,14,25,110,91,89,68,131,65,21,4,91,131,114,72,33,30,26,9,37,62,46,34,87,74,63,26,15,32,117,42,27,15,43,55,57,29,68,21,65,80,67,109,84,76,67,63,43,25,98,123,129,55,90,30,131,130,105,73,30,48,65,53,108,44,32,31,31,36,42,89,37,31,61,67,34,59,47,34,45,72,69,53,46,35,63,116,42,88,79,46,118,107,70,38,41,43,54,93,55,71,40,42,55,98,82,51,43,88,45,46,47,140,56,67,64,73,110,48,53,69,54,91,98,50,94,80,126,69,55,58,60,73,82,95,59,57,69,69,84,96,89,74,119,96,57,76,73,114,59,123,112,136,102,84,83,147,116,113,64,87,133,71,147,134,70,88,131,127,72,125,98,69,99,93,99,69,85,89,73,105,98,72,84,74,77,152,127,146,133,90,114,91,78,122,131,84,137,127,120,95,90,142,84,139,117
157,138,71,184,152,62,132,130,116,114,81,70,31,19,165,100,25,147,30,9,73,116,99,49,181,116,175,54,176,141,84,49,39,51,0,87,70,143,126,65,26,161,142,140,119,182,116,72,50,142,182,165,123,83,23,76,55,87,13,12,22,138,125,114,75,46,26,168,92,75,56,19,15,16,31,22,65,21,130,117,159,134,126,117,22,91,67,148,174,180,24,139,70,181,180,154,122,47,29,114,29,158,89,70,68,66,43,37,138,78,59,31,32,52,32,91,56,39,120,116,98,89,67,34,166,44,136,126,87,167,155,116,70,50,47,39,141,40,39,62,59,44,145,128,90,59,135,76,55,53,189,96,111,45,46,158,77,54,47,89,137,144,74,140,52,174,109,62,58,56,114,54,140,60,66,56,56,56,141,132,115,166,140,76,57,111,160,75,169,158,182,146,125,61,194,161,158,89,64,180,103,194,180,69,66,177,172,70,171,140,75,141,69,140,86,69,126,80,146,138,88,72,95,78,198,171,191,178,75,156,76,95,164,174,84,180,170,162,128,121,185,95,182,156
71,52,23,98,66,29,47,45,30,29,14,22,59,72,79,16,65,61,59,82,16,30,14,39,94,30,88,33,89,54,4,38,48,36,87,0,17,56,39,22,61,74,55,53,32,95,29,15,37,55,95,78,36,6,65,13,34,8,97,81,69,51,39,29,18,45,66,81,14,20,36,77,90,92,62,103,29,100,45,34,73,49,42,33,98,20,30,63,88,94,88,55,33,96,95,70,41,55,80,35,85,74,28,36,38,40,63,72,56,34,48,93,100,55,90,32,53,74,43,41,33,33,44,95,82,69,56,49,36,84,73,43,45,65,68,84,61,85,103,56,59,82,66,53,42,61,59,48,67,70,106,43,46,93,104,78,53,76,98,49,63,69,59,66,110,94,52,74,80,83,54,112,68,80,74,94,95,113,69,64,57,89,69,67,103,58,85,70,92,83,104,76,64,111,115,87,85,66,114,103,63,115,103,90,115,101,97,92,96,75,85,76,120,76,76,109,72,87,81,77,80,107,77,94,121,99,116,105,113,90,114,84,97,104,100,109,101,96,82,81,114,93,112,95
87,69,15,115,82,16,63,61,47,45,16,12,43,55,96,31,48,78,42,66,9,47,30,22,111,46,105,17,106,71,14,21,31,19,70,17,0,73,56,5,44,91,72,70,49,112,46,4,20,72,112,95,53,14,48,9,17,19,80,65,52,68,55,45,13,29,49,98,25,14,21,61,73,75,46,86,17,84,61,49,90,66,58,48,81,28,21,79,104,110,72,71,25,112,111,86,55,41,64,48,69,89,31,29,29,31,49,57,71,30,36,77,84,42,75,35,41,59,56,53,40,35,35,79,98,55,70,62,36,100,89,54,37,52,55,69,76,70,87,45,48,68,80,65,42,50,72,43,55,57,122,46,54,78,89,93,47,63,84,47,75,81,51,78,95,109,57,63,68,71,61,97,79,68,64,81,81,98,81,74,63,103,81,59,90,62,98,62,106,96,118,87,72,97,130,100,97,62,100,117,64,130,117,79,102,114,110,81,109,85,75,85,107,86,70,96,78,78,91,86,74,95,73,84,135,111,129,117,101,100,102,79,108,116,90,121,112,106,86,83,126,87,124,104
21,17,75,44,17,83,17,18,31,33,64,75,115,128,25,46,121,12,115,138,71,28,45,94,39,28,33,89,33,4,59,94,104,92,143,56,73,0,17,78,117,18,1,3,24,39,27,71,93,3,39,22,20,60,121,67,89,56,153,137,124,12,21,32,70,100,121,27,53,71,90,133,146,148,117,159,81,156,21,31,23,20,25,33,153,57,81,20,36,41,143,24,82,44,43,27,35,108,134,42,139,30,65,83,85,89,115,125,30,77,97,147,154,106,144,66,103,127,43,45,60,69,91,148,38,121,36,40,72,40,36,48,90,115,119,137,37,137,156,103,107,134,40,46,75,109,44,90,116,119,59,72,60,145,156,45,94,124,150,82,49,49,100,51,162,55,69,121,128,132,66,163,54,127,119,143,144,164,56,59,69,57,57,107,153,74,57,112,60,58,66,60,68,160,73,61,61,101,164,67,88,75,68,135,165,67,66,137,66,68,127,69,169,70,113,156,79,127,72,74,116,153,108,136,83,73,80,75,160,74,160,117,77,79,141,81,79,79,92,97,85,128,85,84
34,19,58,60,29,66,14,14,17,18,48,58,98,111,41,30,104,24,98,121,54,13,28,77,55,12,49,72,50,15,42,77,87,75,126,39,56,17,0,61,100,35,16,14,7,56,10,54,76,16,56,39,5,43,104,50,72,40,136,120,107,15,10,17,53,83,105,43,37,55,73,116,129,131,100,142,65,139,16,19,36,18,17,20,136,42,65,28,51,56,126,25,66,59,58,36,26,91,118,31,123,40,50,68,69,73,99,109,30,61,81,130,137,90,128,51,87,110,34,35,47,54,75,132,49,104,34,34,58,51,43,38,75,99,103,120,37,121,140,88,92,118,42,40,61,93,41,75,100,103,72,59,50,128,140,51,79,109,134,69,47,49,86,49,145,64,58,106,113,116,57,147,52,112,104,128,128,148,54,54,60,63,55,93,137,64,61,97,66,61,75,59,61,145,84,65,64,88,148,75,77,85,76,120,149,74,72,122,72,65,113,66,154,67,100,141,72,113,70,70,103,138,96,122,92,77,88,81,145,75,145,105,79,83,127,86,82,80,85,88,91,115,90,83
92,74,17,120,87,15,68,66,52,50,20,14,38,51,101,36,44,83,38,61,12,52,35,18,116,51,110,13,111,76,19,16,26,14,65,22,5,78,61,0,39,96,77,75,54,117,51,7,15,77,117,100,58,18,43,13,13,23,75,60,47,73,60,49,14,24,44,103,29,15,17,56,68,70,40,81,15,78,66,53,95,70,62,53,76,31,19,83,109,115,67,76,24,117,116,91,60,37,60,52,64,94,33,27,27,29,44,52,75,30,33,72,79,38,70,37,37,55,59,56,42,36,33,74,102,50,74,66,37,104,93,57,35,47,50,64,80,65,82,42,45,63,84,69,43,46,75,41,51,53,126,47,56,74,84,97,45,59,79,47,79,85,49,81,90,113,59,59,64,67,62,92,82,64,60,76,77,93,84,77,64,106,84,57,85,64,102,60,110,100,122,90,74,92,134,103,101,61,96,120,64,134,121,75,97,118,114,77,113,87,72,88,102,88,68,92,79,75,94,88,72,91,71,81,139,114,133,121,97,103,98,77,110,119,87,124,115,109,87,84,129,84,127,106
131,112,47,159,126,38,107,105,90,88,56,45,13,16,140,74,12,121,11,23,48,90,73,24,155,90,149,29,150,115,58,23,13,25,26,61,44,117,100,39,0,135,116,114,93,156,90,46,24,116,156,139,97,57,6,50,29,61,37,22,11,111,99,88,49,21,12,142,66,49,31,20,31,33,14,43,40,41,104,91,133,108,100,91,39,66,42,122,148,154,33,113,46,155,154,128,96,28,29,88,33,132,64,47,45,43,28,28,112,54,38,40,45,34,38,67,36,32,95,91,73,64,45,43,140,33,110,101,63,141,130,91,49,36,35,38,116,39,50,43,43,41,120,103,67,43,110,55,42,41,163,72,86,48,54,133,57,45,52,67,112,119,56,115,61,149,86,50,50,50,91,64,115,52,54,55,56,65,116,108,92,141,116,60,61,89,136,61,144,133,157,122,102,67,169,136,134,71,70,155,83,169,155,63,72,152,148,64,146,117,65,117,77,117,72,71,104,70,123,116,74,73,79,71,174,147,167,153,77,133,78,81,141,151,78,156,146,139,108,102,161,84,158,134
18,29,93,28,19,101,32,34,48,50,82,93,133,146,14,63,139,18,133,156,89,46,63,112,22,46,16,107,16,20,77,112,122,110,161,74,91,18,35,96,135,0,19,21,42,21,45,89,111,19,21,5,38,78,139,85,107,74,171,155,142,26,38,49,88,117,139,13,71,89,108,150,163,165,135,176,99,174,35,47,16,32,39,49,171,74,99,24,23,27,160,33,99,30,29,26,48,125,152,57,157,27,81,100,102,106,133,143,39,93,114,164,171,123,162,82,120,144,55,59,76,85,108,166,32,138,45,52,88,34,35,61,107,132,136,154,43,154,174,120,124,151,45,56,90,125,52,106,132,136,47,86,73,162,173,44,109,141,167,97,57,54,116,57,179,49,81,137,145,148,78,180,60,143,135,160,161,181,62,67,81,54,63,123,170,86,57,127,57,59,59,64,78,177,64,61,62,115,180,61,101,66,62,150,181,63,63,153,64,74,142,75,186,77,127,172,89,142,77,81,131,169,122,151,75,71,74,72,175,77,176,131,78,77,155,78,79,81,101,107,81,141,82,87
22,18,74,45,18,82,17,18,30,32,64,74,114,127,26,45,120,13,114,137,70,28,44,93,40,27,34,88,35,4,58,93,103,91,142,55,72,1,16,77,116,19,0,2,23,40,26,70,92,2,40,23,19,59,120,66,88,55,152,136,123,10,20,31,69,99,120,27,52,70,89,132,144,146,116,158,80,155,20,30,23,18,23,31,152,56,80,19,36,42,142,23,80,44,43,26,33,107,133,41,138,29,64,82,84,87,114,124,29,75,96,146,153,105,143,64,102,126,41,44,59,68,90,147,38,119,35,39,71,40,35,47,89,114,118,135,36,136,155,102,106,133,39,44,73,107,42,89,114,118,59,70,59,143,155,44,92,123,149,81,48,48,99,49,160,55,67,120,127,131,65,162,53,126,118,142,143,163,55,57,68,56,56,106,152,72,56,110,59,57,65,59,67,159,73,60,60,99,162,66,86,74,67,133,163,67,65,136,66,67,126,68,168,69,112,155,78,126,71,73,115,152,107,135,82,72,80,74,158,73,159,116,76,78,139,80,78,78,90,95,84,126,84,83
23,17,72,47,19,80,16,17,29,30,62,72,112,125,28,43,118,14,112,135,68,26,42,91,42,25,36,86,36,4,56,91,101,89,140,53,70,3,14,75,114,21,2,0,21,42,24,68,90,3,42,25,17,57,118,64,86,53,150,134,121,9,18,29,67,97,118,29,50,68,87,130,143,144,114,156,78,153,19,28,24,17,22,30,150,54,78,20,38,43,140,22,78,46,45,27,32,105,131,39,136,30,62,80,82,85,112,122,29,74,94,144,151,103,141,63,100,124,40,42,57,66,88,145,39,117,34,38,69,41,36,45,87,112,116,133,35,134,153,100,104,131,39,43,72,105,42,87,112,116,60,69,57,141,153,44,90,121,147,79,48,47,97,49,158,55,66,118,125,129,63,160,52,124,116,140,141,161,54,57,66,56,55,104,150,71,57,109,60,57,66,58,66,157,74,61,60,98,161,67,85,75,68,132,161,67,66,134,66,66,124,67,166,68,110,153,77,124,70,72,113,150,106,133,84,72,80,75,157,73,157,114,76,78,138,81,79,78,89,94,85,125,85,82
41,25,52,67,36,60,19,18,15,15,41,52,91,104,48,24,97,30,91,115,47,9,22,71,63,9,56,65,57,22,35,70,80,68,119,32,49,24,7,54,93,42,23,21,0,63,3,47,69,23,63,46,5,36,97,43,65,33,129,113,100,20,10,12,46,76,98,49,30,48,66,109,122,124,93,135,58,132,18,15,42,21,17,16,129,35,58,33,57,63,119,28,59,65,64,41,24,84,111,27,116,44,44,61,63,66,92,102,32,55,74,123,130,83,121,45,80,103,31,32,41,48,68,125,54,97,35,33,52,56,47,35,68,92,96,113,39,114,133,81,85,111,44,39,55,86,41,69,93,97,77,53,46,121,133,54,73,102,127,63,47,50,79,49,139,68,54,99,106,110,53,140,52,105,98,121,122,141,54,53,56,65,55,87,131,60,64,91,69,63,79,60,59,138,88,67,65,82,141,78,72,89,79,113,142,77,75,116,74,64,106,65,147,66,94,134,70,107,69,69,98,132,91,116,96,79,92,83,138,75,139,99,80,85,121,89,84,81,82,85,93,110,92,83
32,48,113,17,35,122,52,54,69,71,103,114,154,167,22,84,160,37,154,177,110,67,84,133,9,67,11,128,9,41,98,133,143,131,182,95,112,39,56,117,156,21,40,42,63,0,66,110,132,40,2,17,59,99,160,106,128,95,192,176,163,46,59,70,108,138,160,18,92,110,128,171,184,186,155,197,120,194,55,67,28,51,59,69,192,95,119,40,21,20,181,50,119,23,23,38,67,146,173,76,178,37,101,121,123,126,153,163,55,113,135,185,192,144,182,101,140,165,73,77,95,104,128,186,37,158,60,69,108,38,45,79,126,153,157,174,57,174,194,140,144,171,57,72,109,145,67,125,152,156,40,105,91,182,193,52,128,161,187,116,70,66,135,70,199,51,98,157,164,168,95,200,73,163,155,179,180,201,74,81,97,59,76,141,190,102,64,146,61,67,58,75,93,196,59,68,70,133,200,62,117,61,63,169,201,65,66,172,68,86,161,87,205,88,145,191,103,161,87,93,148,188,139,170,70,75,71,74,194,85,195,148,84,81,174,80,84,88,115,121,82,159,84,96
44,28,49,70,39,57,22,21,15,15,39,49,88,101,51,22,94,34,88,112,44,10,20,68,66,9,60,63,60,25,32,67,77,65,116,29,46,27,10,51,90,45,26,24,3,66,0,44,66,26,66,49,7,33,94,40,62,29,126,110,97,22,11,9,43,73,94,52,27,44,63,106,119,121,90,132,55,129,19,14,45,23,17,15,126,32,55,35,59,65,116,30,56,67,66,43,23,81,107,25,113,46,41,58,60,63,89,98,32,52,71,120,127,80,117,42,77,100,30,30,38,45,65,122,55,94,35,32,49,57,48,34,65,89,93,110,39,110,130,78,82,108,44,38,52,83,41,66,90,94,79,51,44,118,130,55,70,99,124,60,47,50,76,49,135,69,52,96,103,106,51,137,52,102,95,118,119,138,54,52,54,66,54,84,128,58,64,88,70,64,80,59,57,135,90,67,66,79,138,79,69,91,80,110,139,78,75,113,75,63,103,64,144,65,91,131,68,104,69,68,95,128,88,113,98,80,93,84,135,75,136,97,80,85,118,89,84,81,80,83,94,107,93,82
86,67,18,113,81,19,62,60,46,44,17,15,46,58,94,30,51,76,45,68,11,45,29,25,109,45,103,20,104,69,13,24,33,21,72,15,4,71,54,7,46,89,70,68,47,110,44,0,22,70,110,93,51,11,50,6,18,16,82,66,53,65,53,42,9,29,51,96,21,11,21,62,75,77,47,88,16,85,59,46,87,63,55,46,83,24,19,76,102,108,73,68,23,109,108,83,52,41,65,45,70,87,28,26,27,29,49,57,68,27,35,78,84,42,75,32,40,60,52,49,36,32,33,80,95,55,67,59,33,97,86,50,35,51,54,69,72,70,88,44,47,68,77,62,39,48,68,40,54,57,119,42,50,79,89,89,44,62,84,44,72,78,49,75,95,106,54,62,67,70,57,97,76,67,62,80,81,98,77,71,59,99,77,57,89,59,95,60,103,93,115,83,68,97,127,96,94,60,100,113,61,127,114,78,101,111,107,80,106,81,74,82,106,82,68,96,74,76,87,82,71,94,70,82,132,108,126,114,100,96,101,76,104,113,89,118,109,103,82,80,123,84,120,100
108,89,27,135,102,19,83,81,67,65,34,24,26,37,116,51,30,98,25,47,25,67,50,10,131,67,125,9,126,91,34,5,12,4,50,37,20,93,76,15,24,111,92,90,69,132,66,22,0,92,132,115,73,33,28,26,6,37,60,44,32,87,74,64,26,11,29,117,42,25,12,41,53,55,26,66,18,63,80,67,109,84,76,67,61,43,22,98,123,130,52,89,27,131,130,105,73,26,45,65,50,108,42,29,28,28,32,39,88,35,27,58,64,29,56,45,29,42,72,68,52,44,31,60,116,39,87,78,43,118,106,68,34,37,39,51,92,52,68,36,38,51,97,81,48,39,87,41,42,43,140,53,65,61,70,109,44,49,66,51,90,97,46,93,77,126,66,51,54,56,71,79,93,55,53,65,65,80,95,87,72,119,94,53,73,70,113,55,122,111,135,101,82,80,146,114,112,60,83,132,68,146,133,66,85,130,125,68,124,96,65,97,90,97,65,81,86,68,103,96,68,80,70,73,151,125,145,132,86,112,87,74,120,130,80,135,125,118,92,87,140,80,137,115
24,20,74,46,20,83,19,20,31,33,64,75,114,127,27,46,120,15,114,138,70,28,44,94,40,28,34,88,35,6,58,93,103,91,142,55,72,3,16,77,116,19,2,3,23,40,26,70,92,0,40,23,19,59,120,66,88,55,152,136,123,9,19,30,68,98,120,27,52,70,89,131,144,146,116,157,80,154,18,29,21,17,22,30,152,55,80,17,35,41,141,21,80,43,42,24,32,106,133,39,138,27,63,82,84,87,114,124,27,75,96,145,152,105,143,64,101,125,40,42,58,67,89,147,36,119,33,37,70,38,33,45,88,114,117,135,34,135,155,101,105,132,37,43,72,107,40,88,114,117,57,69,57,143,154,42,91,122,148,80,46,46,98,48,160,53,66,119,126,130,63,161,51,125,117,141,142,162,53,56,66,54,54,105,151,71,54,109,57,55,64,57,65,158,72,58,58,98,162,64,85,73,65,132,162,65,63,135,64,65,125,66,167,67,110,154,76,125,69,71,114,151,106,134,81,70,78,73,157,71,158,114,74,76,138,78,76,76,89,93,82,125,82,81
33,49,114,19,36,122,53,55,69,71,103,114,154,167,23,85,160,38,154,178,110,67,84,134,11,67,12,128,11,42,98,133,143,131,182,95,112,39,56,117,156,21,40,42,63,2,66,110,132,40,0,17,59,99,160,106,128,95,192,176,163,45,58,69,108,138,160,17,91,109,128,171,184,186,155,197,120,194,54,67,27,51,58,68,192,94,119,39,20,18,181,49,119,21,21,37,66,146,172,75,177,35,101,120,122,125,153,163,54,113,134,185,192,143,182,101,140,164,73,76,94,104,127,186,35,158,59,68,107,36,44,78,126,152,156,174,56,174,194,139,143,171,56,71,108,145,65,125,152,155,38,104,90,181,193,51,128,160,187,115,69,64,134,69,198,49,98,156,164,167,94,200,72,162,154,179,180,200,73,80,96,57,74,141,189,101,62,145,59,65,56,74,91,196,57,66,68,132,199,60,116,59,61,169,200,63,64,171,66,85,160,86,205,87,144,191,102,160,86,92,148,187,138,169,68,74,69,72,194,84,194,147,82,79,173,78,82,86,113,120,80,158,82,94
22,34,97,27,24,106,37,39,53,55,87,97,137,150,16,68,143,23,137,161,93,50,67,117,19,50,14,111,14,25,81,116,126,114,165,78,95,22,39,100,139,5,23,25,46,17,49,93,115,23,17,0,42,82,143,89,111,78,175,159,146,29,41,52,91,121,143,8,74,92,111,154,167,169,138,180,103,177,38,50,15,35,42,52,175,77,102,25,18,22,164,34,102,25,25,25,51,129,155,59,161,25,84,104,106,109,136,146,40,96,118,168,175,127,165,84,123,147,57,61,78,88,111,169,29,141,45,53,91,31,34,63,109,136,139,157,43,157,177,123,127,154,44,57,92,128,52,109,135,139,42,89,75,165,176,42,112,144,170,99,57,53,118,57,182,46,83,140,147,151,79,183,60,146,138,163,164,184,62,67,82,52,63,125,173,87,55,129,54,57,55,64,78,180,60,59,60,117,183,58,102,62,59,153,184,60,60,155,62,74,145,75,188,76,129,175,89,144,76,81,133,171,124,153,71,69,70,69,178,76,178,132,76,75,157,75,77,79,101,107,78,143,79,86
39,24,57,64,34,65,19,18,19,20,46,57,96,108,45,29,101,28,95,119,52,14,27,75,59,13,53,70,54,19,40,74,84,72,123,36,53,20,5,58,97,38,19,17,5,59,7,51,73,19,59,42,0,40,101,47,69,36,133,117,104,15,6,12,49,79,101,45,33,51,70,112,125,127,97,138,61,135,13,14,37,16,13,15,133,37,61,28,52,58,122,24,61,60,59,36,21,88,114,26,119,39,45,63,65,68,95,105,27,57,77,126,133,86,124,47,83,106,29,30,42,50,71,128,49,100,31,30,53,51,42,34,70,95,99,116,35,116,136,83,87,114,39,36,56,89,37,70,95,99,72,54,45,124,136,49,74,104,130,64,43,46,81,46,141,63,53,101,108,112,52,143,48,107,100,123,124,144,50,50,55,61,51,88,133,59,59,93,64,59,74,56,57,140,83,62,61,83,144,73,72,84,74,115,145,73,70,117,70,61,108,62,149,63,95,136,68,109,66,66,98,133,91,117,91,75,87,79,140,71,141,100,76,81,122,84,79,77,80,83,89,110,88,79
76,58,24,103,71,28,52,50,36,34,17,22,57,69,84,23,62,66,56,79,16,35,20,36,99,35,93,31,93,58,7,35,45,33,83,6,14,60,43,18,57,78,59,57,36,99,33,11,33,59,99,82,40,0,61,7,29,5,93,77,64,54,41,31,11,40,61,84,11,13,30,73,85,87,57,99,23,96,48,35,76,52,44,35,93,16,24,65,91,97,83,57,27,98,97,72,42,50,75,35,80,76,23,30,31,34,57,66,57,27,41,88,94,49,85,27,47,69,43,40,29,28,38,89,84,63,57,48,30,86,75,41,39,59,62,78,62,79,97,50,53,76,67,52,36,55,58,42,61,64,108,38,43,87,98,79,47,69,93,43,62,68,52,65,104,95,48,68,74,77,50,106,66,74,68,88,89,107,68,62,53,89,68,60,97,53,85,64,92,83,105,74,61,105,116,86,84,60,108,103,58,116,103,83,109,101,97,86,96,73,78,74,114,74,70,103,68,80,79,75,74,101,71,87,122,98,116,104,107,88,108,78,95,103,93,108,100,94,77,76,113,87,111,92
136,117,52,163,131,43,111,109,95,93,61,50,19,19,144,79,17,126,17,23,53,95,78,30,159,95,153,34,154,119,63,28,19,30,23,65,48,121,104,43,6,139,120,118,97,160,94,50,28,120,160,143,101,61,0,54,32,65,32,16,5,115,102,91,52,23,6,145,69,52,33,14,25,27,10,38,42,35,108,95,137,112,104,94,34,68,44,125,151,157,26,116,47,158,157,132,99,26,23,90,26,135,66,47,46,44,25,23,115,55,37,33,38,31,32,68,35,26,97,93,75,66,45,36,143,28,113,103,64,144,132,93,48,32,31,32,118,33,44,41,40,35,122,105,68,40,112,55,38,37,166,73,88,42,48,135,56,40,46,67,114,121,54,117,55,151,87,46,45,45,91,57,117,47,50,49,50,59,118,110,92,143,117,58,55,89,137,58,146,135,159,123,102,61,171,138,135,69,64,157,82,171,157,58,66,154,149,59,148,117,61,118,70,118,69,65,104,66,123,116,71,67,77,66,175,148,168,155,71,133,72,78,142,152,73,157,147,139,107,101,162,80,159,134
83,65,23,110,78,25,59,57,43,42,19,20,51,63,91,29,56,73,50,73,15,42,27,30,106,42,100,25,101,66,12,28,38,26,76,13,9,67,50,13,50,85,66,64,43,106,40,6,26,66,106,89,47,7,54,0,22,11,86,70,57,61,48,37,5,32,54,91,16,8,23,65,78,80,50,91,16,88,54,41,83,58,50,41,86,18,18,71,97,103,76,63,21,105,104,78,47,42,68,39,73,82,22,24,25,28,50,59,62,23,35,80,87,42,78,27,40,61,47,44,31,27,32,82,90,56,62,53,28,92,80,45,33,52,55,71,67,72,90,43,47,69,72,56,34,48,63,37,54,57,114,37,45,80,91,84,42,63,85,40,66,72,47,69,97,100,48,62,67,70,51,99,70,67,62,81,82,100,72,65,54,94,71,55,90,53,89,59,97,87,110,78,62,98,121,91,88,57,101,108,56,121,108,77,102,105,101,79,100,75,72,76,107,76,66,96,69,75,82,77,69,94,67,81,127,102,120,108,101,91,101,73,98,107,88,112,103,97,77,75,117,82,115,95
104,86,27,132,99,21,80,78,64,62,32,24,31,42,112,48,36,95,30,52,24,64,47,15,128,63,122,12,122,87,31,10,17,9,55,34,17,89,72,13,29,107,88,86,65,128,62,18,6,88,128,111,69,29,32,22,0,33,64,48,35,83,70,59,21,11,32,113,37,20,7,44,56,58,28,69,13,67,76,63,105,80,72,62,64,37,16,93,119,125,54,85,21,126,125,100,68,25,47,59,52,103,37,23,22,23,32,40,83,29,23,60,66,27,57,40,27,42,66,63,46,38,26,62,111,38,82,73,38,113,101,63,30,36,38,52,87,52,70,33,35,51,92,75,43,36,82,36,40,42,135,48,60,61,71,104,40,47,67,45,85,91,42,87,78,120,61,49,53,55,65,80,88,53,50,64,65,81,89,82,66,113,89,49,73,65,108,51,116,106,129,95,76,80,141,109,106,56,84,127,62,141,127,64,85,124,120,66,119,91,62,91,90,91,61,80,80,66,97,91,64,79,65,70,146,120,139,126,85,107,86,70,115,124,77,130,120,113,86,82,135,77,132,109
73,55,29,99,68,33,49,47,34,33,21,27,61,74,80,22,67,63,61,84,21,33,19,41,95,32,89,35,90,55,10,39,49,37,87,8,19,56,40,23,61,74,55,53,33,95,29,16,37,55,95,78,36,5,65,11,33,0,97,81,68,50,37,26,14,43,65,80,6,15,34,76,89,91,60,102,25,99,43,30,72,47,39,30,97,12,26,60,86,92,86,52,28,94,93,67,37,52,78,30,83,71,20,30,32,35,60,69,52,27,43,91,98,51,88,24,48,71,38,35,25,25,38,92,79,65,52,43,28,81,70,36,39,61,64,81,57,81,100,51,54,79,62,47,34,56,53,42,62,66,103,35,39,90,101,74,46,71,95,41,57,63,52,60,107,90,44,69,75,79,46,108,62,75,69,90,91,109,63,57,49,84,63,60,99,50,80,64,87,78,100,69,56,107,111,81,79,59,110,98,55,111,98,84,111,96,92,86,91,68,79,69,116,69,69,104,64,80,75,70,73,102,69,88,117,93,111,99,108,83,109,76,90,98,94,103,95,89,74,73,108,86,106,88
168,149,83,195,162,74,143,141,127,125,92,81,44,33,176,111,38,158,43,23,85,127,110,61,192,127,185,65,186,151,95,60,50,62,13,97,80,153,136,75,37,171,152,150,129,192,126,82,60,152,192,175,133,93,32,86,64,97,0,16,29,147,134,123,84,54,32,177,101,83,64,22,10,8,38,9,73,8,139,126,168,143,135,125,11,100,75,157,183,189,19,148,77,190,189,163,130,51,28,121,25,166,96,77,75,72,46,37,146,85,64,24,22,56,26,98,60,38,127,124,105,95,72,26,174,45,144,134,93,175,163,123,75,51,48,35,149,36,29,65,62,41,153,135,96,62,142,81,56,53,197,101,117,39,36,165,81,53,39,94,144,151,77,146,42,181,114,61,55,53,119,44,146,58,65,50,50,46,147,138,120,173,146,78,49,116,167,76,176,164,189,152,130,52,201,167,164,91,54,186,106,201,187,66,56,183,178,65,177,145,73,145,59,145,86,61,130,77,151,143,87,65,96,74,205,176,197,183,67,161,68,94,169,180,80,186,175,166,130,123,190,93,187,160
152,133,68,179,147,59,128,126,111,109,77,66,31,23,160,95,26,142,30,18,69,111,94,46,176,111,170,50,170,135,79,44,35,46,12,81,65,137,120,60,22,155,136,134,113,176,110,66,44,136,176,159,117,77,16,70,48,81,16,0,13,131,118,107,68,38,16,161,85,67,48,7,9,11,22,22,57,19,123,110,152,127,119,109,18,84,59,141,167,173,15,132,61,174,173,147,114,36,18,106,18,150,80,61,59,57,32,25,130,69,49,22,25,41,22,82,45,27,112,108,89,80,57,25,158,33,128,118,77,159,147,107,60,38,35,27,133,28,32,51,48,32,137,119,81,48,126,66,44,41,181,86,101,35,37,149,66,43,37,79,128,135,63,131,44,165,99,50,46,45,104,47,131,49,54,45,45,48,131,123,105,157,131,65,47,101,151,64,160,149,174,137,115,52,186,152,149,78,55,171,92,185,171,58,57,168,163,58,161,130,64,131,61,130,75,59,115,68,136,128,76,62,84,66,189,161,182,168,65,146,66,83,154,165,73,170,160,152,117,110,175,84,172,146
139,121,57,167,134,48,115,113,98,97,65,55,24,22,148,83,21,130,22,24,57,98,82,34,163,98,157,38,158,123,66,32,23,34,22,69,52,124,107,47,11,142,123,121,100,163,97,53,32,123,163,146,104,64,5,57,35,68,29,13,0,118,105,94,55,25,4,148,72,54,35,9,21,23,9,34,44,32,110,97,139,114,106,96,29,71,46,127,153,160,21,119,48,161,160,134,101,25,18,93,21,137,67,48,47,44,22,19,117,57,37,28,34,30,27,70,34,22,99,95,77,67,45,31,145,25,115,105,65,146,135,95,49,30,28,27,120,28,39,40,38,30,124,107,68,39,114,54,36,34,168,74,89,37,43,137,55,37,41,67,115,122,53,118,50,153,87,43,41,41,92,52,118,44,47,45,45,54,119,111,93,145,118,56,50,89,139,56,147,136,161,124,103,56,173,139,136,68,59,158,82,173,158,54,61,155,150,55,149,118,58,119,65,118,67,60,104,62,124,116,68,62,75,63,177,149,170,156,66,134,67,76,142,153,69,158,148,140,106,100,163,77,160,134
32,26,72,53,29,80,24,24,32,33,61,72,110,123,36,44,116,23,110,134,67,28,42,90,47,27,41,85,42,14,55,89,99,87,138,51,68,12,15,73,111,26,10,9,20,46,22,65,87,9,45,29,15,54,115,61,83,50,147,131,118,0,13,24,63,93,115,30,46,64,83,126,139,141,110,152,74,149,10,22,22,8,14,23,146,49,74,13,37,43,136,13,73,45,44,21,23,100,127,31,132,25,56,75,77,80,108,117,19,68,89,139,146,98,136,56,94,119,31,34,50,59,82,141,34,112,25,29,63,36,29,37,81,107,111,128,26,129,148,94,98,125,30,34,64,100,32,80,107,110,57,61,49,136,148,37,84,115,141,72,38,38,90,40,153,49,57,111,119,123,55,155,43,118,110,134,135,155,45,47,57,49,46,97,144,62,49,102,52,49,60,49,56,151,69,52,52,90,155,61,76,70,61,125,155,60,58,127,59,57,117,58,160,59,102,147,68,117,61,63,106,143,97,126,78,64,74,67,150,64,150,106,67,70,130,73,70,69,80,85,77,117,77,73
41,29,60,65,37,67,24,24,25,25,50,60,98,110,47,33,103,31,97,121,54,20,31,77,59,19,53,72,54,21,42,76,86,74,125,39,55,21,10,60,99,38,20,18,10,59,11,53,74,19,58,41,6,41,102,48,70,37,134,118,105,13,0,11,50,80,102,43,33,51,70,113,126,128,97,139,61,136,8,10,35,11,7,11,133,36,61,24,49,55,123,18,61,57,56,32,16,87,114,21,119,35,43,62,64,67,95,105,21,55,76,126,133,85,124,44,82,106,24,26,39,47,70,128,44,100,25,24,51,46,37,29,69,94,98,116,29,116,136,82,86,113,34,30,53,87,31,68,94,98,68,50,40,123,135,43,72,103,129,61,37,40,79,39,141,58,49,99,107,110,47,142,42,106,98,122,123,143,44,44,50,55,45,86,132,54,53,90,59,53,69,50,51,139,79,56,55,80,142,68,67,79,69,113,143,67,64,115,64,55,105,56,148,57,92,135,62,106,60,60,95,131,88,115,86,69,82,73,138,65,139,96,70,75,119,78,73,71,75,78,83,107,82,73
51,36,51,76,46,58,31,29,24,24,41,50,87,100,57,27,93,40,87,110,45,19,24,67,70,18,64,61,65,31,32,66,75,63,114,29,45,32,17,49,88,49,31,29,12,70,9,42,64,30,69,52,12,31,91,37,59,26,123,107,94,24,11,0,39,69,91,54,22,40,59,102,115,117,86,128,50,125,17,6,45,21,13,6,122,25,50,34,60,66,112,27,50,67,66,41,15,76,103,15,108,45,33,52,53,57,84,94,28,45,66,115,122,74,113,34,71,95,21,21,30,37,59,117,54,89,29,24,41,55,45,24,58,84,87,105,34,105,125,71,75,102,39,30,44,77,34,58,84,87,77,42,34,113,124,50,62,92,118,52,39,43,69,42,130,66,43,89,96,100,42,131,44,95,88,111,112,132,46,44,45,62,46,76,121,48,58,80,65,57,76,52,48,128,87,61,59,71,132,75,60,87,76,103,133,74,70,105,70,55,96,56,137,57,83,124,59,96,61,59,86,121,79,105,94,73,88,78,128,67,129,88,73,79,110,83,77,73,71,73,88,98,87,74
86,69,27,113,81,28,63,61,48,46,25,25,51,63,94,34,56,76,50,72,20,46,31,31,109,46,102,26,103,68,17,29,38,26,75,18,13,70,53,14,49,88,69,67,46,108,43,9,26,68,108,91,49,11,52,5,21,14,84,68,55,63,50,39,0,30,52,93,17,2,20,63,76,78,47,89,12,86,55,42,84,59,51,41,83,17,13,73,99,105,73,64,16,106,105,79,47,39,65,39,70,83,19,19,20,23,46,56,63,18,30,77,84,38,74,23,35,58,46,43,28,22,26,79,91,52,61,52,24,92,81,43,28,48,51,67,67,68,87,38,42,65,71,55,30,43,62,32,49,52,114,33,42,76,87,84,36,58,81,35,65,71,42,68,93,100,45,57,63,66,48,95,69,62,57,77,77,96,70,63,50,93,70,50,86,50,88,53,96,86,109,76,59,93,121,89,87,51,97,107,51,121,107,72,98,104,100,74,99,73,67,74,103,74,60,91,65,69,79,74,64,89,61,76,126,101,119,107,96,88,96,68,96,105,82,110,101,95,73,71,115,77,113,92
115,97,37,142,110,30,91,89,75,73,43,35,28,37,123,60,31,105,27,44,35,74,58,20,138,74,132,20,133,98,42,15,15,15,46,45,29,100,83,24,21,117,99,97,76,138,73,29,11,98,138,121,79,40,23,32,11,43,54,38,25,93,80,69,30,0,22,123,47,29,10,33,46,48,17,59,19,56,85,72,114,89,81,71,53,46,22,102,128,134,43,94,25,136,135,109,76,15,36,68,41,112,43,26,24,23,21,29,92,33,19,48,55,19,46,46,20,31,74,70,52,43,25,51,120,28,90,80,42,121,110,70,29,26,28,41,95,41,59,27,28,40,99,82,46,29,89,36,31,33,143,51,65,50,60,112,38,38,56,47,91,98,39,94,67,128,65,41,43,45,70,69,94,44,43,54,55,70,95,87,71,120,95,45,62,68,115,46,123,112,137,101,81,69,149,115,113,53,73,134,63,148,134,56,74,131,127,57,125,96,55,96,79,96,57,70,83,59,102,95,59,70,62,62,153,126,146,132,75,112,76,66,120,130,69,135,125,118,88,82,140,71,137,113
137,118,55,164,132,46,113,111,96,94,63,53,25,25,145,80,23,127,23,27,55,96,79,33,160,96,154,36,155,120,64,30,22,32,26,66,49,121,105,44,12,139,120,118,98,160,94,51,29,120,160,143,101,61,6,54,32,65,32,16,4,115,102,91,52,22,0,145,69,51,32,11,24,26,6,37,41,34,107,94,136,111,103,93,32,67,43,124,150,156,23,116,45,158,157,131,98,21,18,89,22,134,64,45,43,41,19,17,113,53,33,29,35,27,28,66,30,20,95,91,73,64,42,32,142,23,111,102,61,143,131,91,45,26,25,26,117,27,40,37,35,29,121,103,65,35,110,51,33,31,165,70,85,36,43,133,52,34,40,64,112,119,50,114,50,149,84,41,39,39,89,52,115,41,44,44,44,54,115,107,89,141,115,53,49,86,135,52,144,133,157,121,99,56,170,136,133,65,59,155,78,169,155,52,61,152,147,53,145,115,55,115,65,115,64,59,100,60,120,113,65,61,72,60,173,145,166,152,65,130,66,72,139,149,67,155,144,136,103,96,160,75,157,131
30,41,101,32,31,109,43,45,58,60,91,101,140,153,24,72,146,30,140,163,96,55,71,120,24,54,20,114,19,30,84,119,129,117,168,81,98,27,43,103,142,13,27,29,49,18,52,96,117,27,17,8,45,84,145,91,113,80,177,161,148,30,43,54,93,123,145,0,76,94,113,156,169,171,140,182,104,179,38,51,10,34,42,52,176,78,103,22,10,15,165,32,103,18,17,20,50,130,157,59,162,19,84,104,106,109,137,147,37,97,118,169,176,127,166,84,123,148,56,59,78,87,111,170,22,142,42,51,91,23,28,61,109,136,140,158,39,158,178,123,127,154,40,54,91,128,49,108,135,139,34,87,73,165,177,36,111,144,170,98,52,48,118,52,182,38,81,139,147,151,77,183,55,146,137,162,163,184,57,63,79,44,58,124,172,84,48,128,47,51,47,58,75,179,52,53,54,115,183,50,99,53,51,152,183,52,53,154,54,69,143,70,188,71,127,174,85,143,70,76,131,170,121,152,62,61,62,61,177,69,177,130,69,67,156,67,69,72,97,103,70,141,71,80
71,54,35,97,66,40,48,46,35,33,27,33,67,79,78,25,72,61,66,89,28,32,22,47,92,31,86,41,87,52,17,45,54,42,92,14,25,53,37,29,66,71,52,50,30,92,27,21,42,52,91,74,33,11,69,16,37,6,101,85,72,46,33,22,17,47,69,76,0,18,37,80,93,95,64,106,28,103,38,25,67,42,34,25,100,7,28,56,81,88,90,47,29,89,88,62,31,55,81,24,86,66,17,31,33,36,62,72,46,25,44,94,100,53,91,20,50,73,31,28,20,22,39,95,74,67,46,37,25,76,64,30,39,62,66,83,51,84,103,51,55,81,56,41,30,56,47,40,63,67,98,31,33,91,103,68,45,72,97,38,51,57,51,54,109,84,38,69,76,80,40,110,55,75,69,91,92,111,57,51,43,78,57,59,101,44,73,63,81,72,94,63,50,108,105,75,73,56,111,92,51,105,92,84,112,90,86,86,85,62,78,63,117,63,67,105,58,79,68,64,71,102,66,87,111,87,105,93,109,77,109,74,84,92,93,97,89,83,68,68,102,84,100,81
88,70,29,114,83,30,64,63,49,48,27,26,51,63,95,36,56,78,50,72,22,48,33,32,110,47,104,27,105,70,19,29,38,27,75,20,14,71,55,15,49,89,70,68,48,110,44,11,25,70,109,92,51,13,52,8,20,15,83,67,54,64,51,40,2,29,51,94,18,0,19,62,75,77,46,88,10,85,56,43,85,60,52,42,82,17,11,73,99,105,72,65,14,107,106,80,48,37,63,39,68,83,18,17,18,21,45,54,63,16,28,76,83,36,73,22,33,56,46,42,27,21,24,77,91,50,62,52,22,93,81,43,26,46,49,66,67,66,85,36,40,64,71,55,28,41,62,30,47,50,115,31,41,74,85,84,34,56,80,33,65,71,39,67,91,100,44,54,61,64,47,93,68,60,54,75,75,94,69,62,49,93,69,47,84,48,88,51,96,86,109,76,58,91,121,89,87,49,95,107,50,121,107,70,96,104,100,72,99,72,65,73,101,73,58,89,64,67,79,73,61,87,59,74,126,100,119,107,94,88,94,66,96,105,80,110,101,94,72,69,115,74,112,91
106,88,33,133,101,28,82,80,66,64,37,30,36,46,114,51,40,96,35,54,29,65,50,22,129,65,122,19,123,88,34,17,22,15,56,36,21,90,73,17,31,108,89,87,66,128,63,21,12,89,128,111,70,30,33,23,7,34,64,48,35,83,70,59,20,10,32,113,37,19,0,43,56,58,27,69,9,66,75,62,104,79,71,61,63,36,12,92,118,124,53,84,16,126,125,99,66,20,45,57,50,102,33,17,16,16,27,36,82,24,16,57,64,21,55,36,20,38,64,60,42,34,19,59,110,34,80,70,33,111,99,60,23,30,33,48,85,49,67,26,28,47,89,72,37,30,79,29,34,36,133,42,56,57,68,102,33,42,63,39,81,88,35,84,74,118,56,43,47,50,60,76,85,47,44,59,60,77,85,78,62,110,85,42,68,59,105,45,113,102,127,91,72,76,139,106,103,49,79,124,56,138,124,58,80,121,117,60,115,86,56,87,85,87,54,75,75,59,93,86,57,74,58,64,143,116,136,123,80,102,81,63,110,120,71,126,116,108,80,76,131,70,128,104
148,129,66,175,143,57,124,122,107,105,74,64,32,26,156,91,28,138,30,24,66,107,90,43,171,107,165,47,166,131,75,41,32,43,19,77,61,133,116,56,20,150,132,130,109,171,106,62,41,131,171,154,112,73,14,65,44,76,22,7,9,126,113,102,63,33,11,156,80,62,43,0,13,15,16,26,52,23,118,105,147,122,114,104,21,78,53,135,161,167,13,126,55,168,167,142,109,30,12,100,14,145,74,55,53,50,25,18,124,63,42,20,25,34,19,76,38,20,106,102,83,73,51,23,152,26,122,112,71,154,142,101,54,31,28,22,127,23,30,44,41,26,131,113,74,41,120,59,37,34,175,79,95,31,35,143,59,36,34,72,122,129,56,124,42,159,93,43,40,38,98,44,124,42,47,40,40,46,125,116,98,151,124,58,43,94,145,57,154,142,167,130,108,49,180,145,142,71,52,164,85,179,165,52,54,161,157,52,155,123,57,124,58,123,68,55,109,61,129,121,69,57,77,60,183,155,176,162,61,139,62,76,148,158,67,164,153,145,110,103,169,77,166,139
161,142,78,188,156,69,136,135,120,118,86,76,40,32,169,104,35,151,39,24,78,120,103,55,184,120,178,59,179,144,87,53,44,55,15,90,73,146,129,68,31,163,144,143,122,184,119,75,53,144,184,167,125,85,25,78,56,89,10,9,21,139,126,115,76,46,24,169,93,75,56,13,0,2,29,13,65,10,131,118,160,135,127,117,9,91,66,148,174,180,10,139,68,181,180,154,122,42,18,113,15,158,87,67,66,63,36,27,137,76,54,16,17,46,17,89,50,28,119,115,96,86,63,19,165,35,135,125,84,166,155,114,66,41,38,26,140,26,24,55,52,31,144,126,86,52,133,71,46,43,188,92,107,31,30,156,71,43,32,84,134,141,67,137,37,172,105,51,46,44,110,39,137,49,55,42,41,41,137,129,110,163,137,68,42,106,157,66,166,155,180,143,120,46,192,157,155,81,49,177,96,192,177,56,50,174,169,56,167,135,63,136,54,135,76,54,120,68,141,133,77,58,86,65,195,167,188,174,60,151,61,84,159,170,71,176,165,157,120,113,181,83,177,150
163,144,79,190,158,70,138,136,122,120,88,77,42,33,171,106,37,153,41,25,80,122,105,57,186,122,180,61,181,146,89,55,46,57,16,92,75,148,131,70,33,165,146,144,124,186,121,77,55,146,186,169,127,87,27,80,58,91,8,11,23,141,128,117,78,48,26,171,95,77,58,15,2,0,31,11,67,8,133,120,162,137,129,119,7,93,68,150,176,182,11,141,70,183,182,156,124,44,19,115,16,160,89,69,67,65,38,29,139,78,56,16,16,48,18,91,52,30,121,117,98,88,65,19,167,37,137,127,86,168,157,116,68,43,40,27,142,27,24,57,54,32,146,128,88,53,135,73,48,45,190,94,109,31,30,158,72,45,32,86,136,143,69,139,37,174,107,52,47,45,112,39,139,50,57,42,42,41,139,131,112,165,139,69,42,108,159,67,168,157,182,145,122,46,194,159,157,82,48,179,98,194,179,57,50,176,171,57,169,137,64,138,54,137,78,54,122,69,143,135,79,58,87,66,197,169,190,176,60,153,61,86,161,172,72,178,167,158,122,115,183,85,179,152
132,114,52,160,127,44,108,106,92,90,59,50,27,29,140,77,26,123,25,33,51,92,75,31,155,91,149,34,150,115,59,28,21,29,31,62,46,117,100,40,14,135,116,114,93,155,90,47,26,116,155,138,97,57,10,50,28,60,38,22,9,110,97,86,47,17,6,140,64,46,27,16,29,31,0,42,36,39,102,89,131,106,98,88,36,62,37,119,145,151,26,110,39,152,151,125,93,16,19,84,24,129,58,39,37,35,15,15,108,47,27,32,38,21,30,60,25,18,90,86,67,58,36,34,136,19,106,96,56,138,126,86,39,22,21,26,111,27,42,31,30,28,115,98,59,30,105,45,28,27,159,64,79,36,45,128,46,31,41,58,106,113,44,109,52,144,78,36,36,36,83,54,109,38,40,43,43,55,110,101,83,135,109,48,49,80,129,47,138,127,152,115,94,56,164,130,127,59,59,149,72,164,149,49,61,146,141,50,140,109,51,109,66,109,59,59,95,56,115,107,61,59,66,57,167,140,160,146,64,124,65,68,133,143,64,149,138,130,97,91,154,70,151,125
174,155,90,201,169,81,149,147,133,131,99,88,52,41,182,117,46,164,51,31,91,133,116,68,197,133,191,72,192,157,100,66,57,68,22,103,86,159,142,81,43,176,158,156,135,197,132,88,66,157,197,180,138,99,38,91,69,102,9,22,34,152,139,128,89,59,37,182,106,88,69,26,13,11,42,0,78,3,144,131,173,148,140,130,7,104,79,161,187,193,19,152,81,194,193,167,134,54,28,126,24,170,100,80,78,75,48,39,150,88,67,21,17,58,23,101,62,39,131,127,109,99,75,22,178,46,147,137,96,179,167,127,78,52,49,33,153,34,23,66,63,39,156,138,98,63,146,83,57,53,201,104,120,35,30,169,82,52,34,96,147,154,78,149,35,185,117,60,54,51,122,37,149,57,64,46,46,39,149,141,122,176,149,78,44,118,170,75,179,167,192,155,132,46,204,170,167,91,47,189,107,204,189,63,49,186,181,62,179,147,71,147,52,147,85,56,131,75,153,144,86,60,95,71,207,179,200,186,61,162,62,93,171,182,76,188,176,168,131,123,192,91,189,161
98,80,32,125,93,29,74,73,59,57,33,29,44,55,106,45,48,88,43,63,26,58,43,27,120,57,114,23,115,80,28,23,30,21,65,29,17,81,65,15,40,99,80,78,58,120,55,16,18,80,120,103,61,23,42,16,13,25,73,57,44,74,61,50,12,19,41,104,28,10,9,52,65,67,36,78,0,75,66,53,95,70,62,52,72,26,4,83,109,115,61,74,9,116,115,90,57,27,53,48,58,93,24,12,12,14,35,44,72,17,19,66,72,27,63,27,24,46,55,51,34,25,18,67,101,40,71,61,25,102,90,51,20,36,39,56,76,56,75,28,31,54,80,63,30,33,70,26,38,41,124,35,47,64,75,93,30,47,70,33,72,79,34,75,81,109,48,46,52,55,52,83,76,52,47,65,66,84,77,69,54,101,76,42,75,52,96,45,104,93,118,83,64,82,129,97,94,46,85,115,50,129,115,62,87,112,108,64,106,78,58,79,92,79,53,80,68,60,84,78,57,78,56,67,134,107,127,114,85,94,86,62,102,112,73,117,107,100,74,70,122,69,119,96
171,152,88,198,166,79,147,145,130,128,96,86,50,40,179,114,44,161,49,30,88,130,113,65,194,130,188,69,189,154,98,64,54,65,21,100,84,156,139,78,41,174,155,153,132,194,129,85,63,154,194,177,135,96,35,88,67,99,8,19,32,149,136,125,86,56,34,179,103,85,66,23,10,8,39,3,75,0,141,128,170,145,137,127,4,101,76,158,184,190,16,149,78,191,190,164,131,51,25,122,21,167,97,77,75,72,45,35,147,85,64,18,15,55,21,98,59,36,128,124,105,96,72,20,175,43,144,134,93,176,164,124,75,49,46,30,149,31,21,63,60,36,153,135,95,60,142,79,54,50,198,101,116,33,28,166,79,49,32,92,144,151,75,146,34,181,114,57,51,48,119,36,146,54,61,44,43,38,146,138,119,173,146,75,42,115,166,72,175,164,189,152,129,44,201,166,164,88,46,186,104,201,186,60,48,183,178,60,176,144,68,144,51,144,82,54,128,72,149,141,83,58,92,68,204,176,197,182,59,159,60,90,168,178,74,184,173,165,128,120,189,88,186,158
42,33,67,63,38,74,29,29,32,33,57,67,104,117,46,41,110,32,104,127,61,27,38,84,57,26,51,78,51,22,49,82,92,80,130,45,61,21,16,66,104,35,20,19,18,55,19,59,80,18,54,38,13,48,108,54,76,43,139,123,110,10,8,17,55,85,107,38,38,56,75,118,131,133,102,144,66,141,0,13,29,4,4,14,138,40,65,17,43,49,127,11,64,51,50,25,13,91,118,21,123,28,46,66,68,71,99,109,14,58,80,131,138,89,128,46,85,110,21,24,40,50,73,132,37,103,18,20,53,39,29,27,72,98,102,120,21,120,139,85,89,116,26,25,55,90,25,71,97,101,61,51,39,127,139,36,74,106,132,62,31,33,81,33,144,50,47,102,109,113,45,145,36,108,100,125,126,146,38,39,48,47,39,87,135,52,46,92,51,45,61,43,47,142,71,49,48,80,145,60,66,72,61,115,146,59,57,117,56,49,107,50,151,51,92,137,59,107,54,55,96,133,87,116,78,61,74,65,140,58,141,96,63,67,120,71,66,64,71,75,75,107,74,67
51,38,56,75,47,63,33,32,29,29,46,55,92,104,56,33,97,41,91,114,50,24,29,71,69,23,63,66,64,31,37,70,79,67,117,34,49,31,19,53,91,47,30,28,15,67,14,46,67,29,67,50,14,35,95,41,63,30,126,110,97,22,10,6,42,72,94,51,25,43,62,105,118,120,89,131,53,128,13,0,42,17,9,1,125,27,52,30,56,62,114,22,52,64,63,37,9,79,105,12,110,41,34,53,55,58,86,96,22,46,67,118,125,76,115,34,73,97,16,17,29,38,60,119,49,91,23,19,41,51,40,20,59,85,89,107,28,107,127,72,77,104,33,25,43,78,28,59,85,89,73,40,31,114,126,45,62,94,120,51,33,37,69,36,131,60,39,90,97,101,38,133,38,96,88,112,113,133,40,38,41,56,41,76,122,45,53,80,59,52,71,46,44,129,82,55,54,70,133,69,58,82,70,103,134,68,64,106,64,49,96,50,138,51,82,125,54,96,55,54,85,122,78,105,88,68,83,73,128,61,129,86,67,73,109,77,71,67,66,69,82,97,81,69
33,39,94,41,33,102,40,41,52,54,84,94,132,145,30,66,138,30,132,155,89,49,64,112,33,48,29,107,28,26,77,111,121,109,159,73,90,23,36,95,133,16,23,24,42,28,45,87,109,21,27,15,37,76,137,83,105,72,168,152,139,22,35,45,84,114,136,10,67,85,104,147,160,162,131,173,95,170,29,42,0,25,33,43,167,69,94,12,15,21,156,22,93,22,22,10,40,120,147,49,152,10,75,95,97,100,127,137,27,87,109,159,166,118,157,74,114,139,46,49,68,77,101,161,16,132,32,41,81,19,19,51,100,126,130,148,29,148,168,113,117,145,30,44,81,118,38,98,125,129,36,77,63,155,167,28,101,134,160,88,42,39,108,43,172,34,70,129,137,141,66,173,45,136,127,152,153,174,47,53,69,38,48,114,163,74,41,118,41,43,44,49,65,169,51,45,46,105,173,46,89,52,47,142,173,47,47,144,48,59,133,60,178,62,117,164,75,133,61,66,120,160,111,142,61,55,59,56,167,61,167,120,62,61,145,62,63,65,87,93,65,130,66,71
40,33,71,60,37,78,30,30,35,36,61,71,108,121,43,45,114,31,108,131,65,30,42,88,54,29,48,82,48,22,53,86,96,84,134,49,66,20,18,70,108,32,18,17,21,51,23,63,84,17,51,35,16,52,112,58,80,47,143,127,114,8,11,21,59,89,111,34,42,60,79,122,135,137,106,148,70,145,4,17,25,0,8,18,142,44,69,13,39,45,131,7,68,47,46,21,16,95,122,25,127,24,50,70,72,75,103,113,12,62,84,135,142,93,132,50,89,114,23,27,44,53,76,136,33,107,17,21,57,35,25,29,75,102,106,123,19,123,143,89,93,120,24,26,58,94,25,74,101,105,57,54,41,131,142,32,77,110,136,65,30,31,84,32,148,47,50,105,113,117,47,149,35,112,103,128,129,149,37,39,50,44,38,90,138,54,43,95,48,43,57,42,48,145,67,46,46,83,149,57,69,68,58,118,149,56,54,121,54,49,110,50,154,51,95,140,60,110,53,55,98,137,90,119,75,59,71,63,143,57,144,99,61,65,123,68,64,62,72,77,72,109,72,66
45,35,64,67,41,71,31,30,32,32,54,64,101,113,49,39,106,36,100,123,58,27,36,80,61,26,55,75,56,26,46,79,88,76,126,42,58,25,17,62,100,39,23,22,17,59,17,55,76,22,58,42,13,44,104,50,72,39,135,119,106,14,7,13,51,81,103,42,34,52,71,114,127,129,98,140,62,137,4,9,33,8,0,10,134,36,61,21,47,53,123,13,60,55,54,28,10,87,114,17,119,32,42,62,64,67,95,105,15,54,76,127,134,85,124,42,81,106,18,21,36,46,69,128,40,99,18,17,49,42,32,23,67,94,98,115,22,116,135,81,85,112,27,23,51,86,24,66,93,97,64,47,35,123,135,37,70,102,128,58,30,33,77,32,140,53,44,98,105,109,42,141,35,104,96,121,121,142,37,37,45,49,38,83,131,49,47,88,53,46,63,43,45,138,74,50,48,76,141,62,63,74,63,111,142,61,58,113,58,48,103,49,146,50,88,133,56,103,53,53,92,129,84,112,81,62,76,67,136,58,136,92,63,68,116,72,66,64,69,73,76,103,75,66
53,40,56,76,48,62,34,34,30,30,46,55,91,103,58,33,96,43,90,113,49,25,30,71,70,24,64,65,65,33,37,69,79,67,117,33,48,33,20,53,91,49,31,30,16,69,15,46,67,30,68,52,15,35,94,41,62,30,125,109,96,23,11,6,41,71,93,52,25,42,61,104,117,119,88,130,52,127,14,1,43,18,10,0,124,26,51,31,57,63,113,23,50,64,64,38,9,77,104,10,109,41,33,52,54,57,85,95,22,45,66,117,124,75,114,33,71,96,15,16,27,36,59,118,50,89,23,18,40,51,40,19,58,84,88,106,28,106,125,71,75,102,33,24,42,77,27,57,84,87,73,39,30,113,125,45,61,92,118,49,33,37,68,35,130,61,38,88,96,100,37,131,38,95,87,111,112,132,40,37,40,56,40,74,121,44,52,79,59,51,71,46,42,128,82,55,53,68,132,70,56,82,70,102,132,68,64,104,64,49,94,50,137,50,80,124,53,95,54,53,84,120,76,103,88,67,83,72,127,61,127,85,67,73,108,77,71,67,65,68,82,96,80,68
168,150,86,196,163,77,144,142,128,126,94,84,49,40,177,112,44,159,48,31,86,128,111,64,192,127,186,67,186,151,95,62,52,63,22,98,81,153,136,76,39,171,152,150,129,192,126,83,61,152,192,175,133,93,34,86,64,97,11,18,29,146,133,122,83,53,32,176,100,82,63,21,9,7,36,7,72,4,138,125,167,142,134,124,0,98,73,155,181,187,12,146,74,188,187,161,128,48,21,119,17,164,93,74,72,69,41,32,143,82,60,14,11,51,16,95,56,32,125,121,102,92,68,16,172,39,141,131,89,173,161,120,71,45,42,26,146,27,18,59,56,32,150,132,92,56,139,76,50,46,194,97,113,29,25,162,75,45,28,89,140,147,71,142,31,178,110,53,47,44,115,33,142,50,57,40,39,35,143,134,115,169,142,70,38,111,163,68,172,160,186,148,125,41,198,163,160,84,43,182,100,197,183,56,45,179,174,55,173,140,64,140,48,140,78,50,124,68,146,137,79,54,88,64,200,172,193,179,56,155,57,86,164,175,69,181,169,161,124,116,185,84,182,154
76,59,40,101,71,43,54,52,41,40,33,38,68,80,82,33,73,65,67,89,32,38,29,48,96,37,90,43,90,56,23,46,55,43,91,20,28,57,42,31,66,74,56,54,35,95,32,24,43,55,94,77,37,16,68,18,37,12,100,84,71,49,36,25,17,46,67,78,7,17,36,78,91,93,62,104,26,101,40,27,69,44,36,26,98,0,25,57,83,89,87,48,25,90,89,63,31,51,78,22,83,66,9,26,28,31,59,69,46,20,40,91,98,49,88,13,46,70,29,26,13,15,34,92,74,64,45,35,18,76,64,26,33,58,62,80,50,80,99,46,50,77,54,38,23,51,45,34,58,62,98,23,27,87,99,67,38,67,93,30,48,54,45,51,104,83,32,64,71,75,34,106,52,70,63,86,87,107,53,47,37,76,53,52,96,37,71,57,79,69,92,59,45,103,104,72,70,49,107,90,44,104,90,78,107,87,83,81,82,57,72,58,112,58,61,99,52,73,64,59,64,97,59,81,109,84,102,90,103,72,104,67,80,89,86,94,85,79,62,61,99,77,96,77
98,81,36,125,93,33,75,73,60,59,36,32,47,58,106,47,51,88,46,66,29,59,44,31,120,58,114,27,115,80,30,27,33,25,67,30,21,81,65,19,42,99,80,78,58,119,55,19,22,80,119,102,61,24,44,18,16,26,75,59,46,74,61,50,13,22,43,103,28,11,12,53,66,68,37,79,4,76,65,52,94,69,61,51,73,25,0,82,108,114,62,73,5,115,114,88,55,27,53,47,58,91,22,8,8,10,34,44,71,13,17,66,73,25,63,24,22,46,53,49,31,22,14,67,99,40,69,59,21,100,88,49,16,35,38,55,74,56,75,25,29,53,78,61,26,30,68,22,36,40,122,31,44,64,75,91,26,45,69,29,70,77,30,72,81,107,45,44,50,53,49,82,73,50,44,64,65,83,74,66,50,99,73,38,73,48,93,42,102,91,115,80,60,81,127,94,91,42,84,113,46,127,113,59,85,110,105,62,104,75,55,75,90,75,49,78,64,57,81,74,53,76,52,64,131,104,124,111,83,91,84,58,99,108,70,114,104,97,70,66,119,66,116,93
37,37,84,52,35,92,36,37,45,47,74,84,122,134,37,57,127,31,121,144,79,41,55,101,44,40,39,96,39,24,66,100,109,98,148,63,79,20,28,83,122,24,19,20,33,40,35,76,98,17,39,25,28,65,125,71,93,60,157,141,127,13,24,34,73,102,124,22,56,73,92,135,148,150,119,161,83,158,17,30,12,13,21,31,155,57,82,0,26,32,144,9,81,33,32,8,27,108,135,36,140,11,62,82,84,87,115,125,15,75,96,147,154,105,144,62,102,126,33,37,55,65,89,148,21,120,21,29,68,23,16,39,87,114,118,136,19,136,156,101,105,132,21,32,69,106,28,86,113,117,44,65,51,143,155,25,89,122,148,76,32,30,95,33,160,36,58,117,125,129,55,161,36,123,115,140,141,161,38,43,57,36,39,101,150,62,37,106,40,38,47,41,54,157,56,41,41,93,160,47,77,57,48,129,161,48,46,132,46,51,121,51,166,53,105,151,65,120,53,57,108,148,99,129,64,53,61,55,154,55,155,108,57,59,133,61,59,59,77,83,65,119,65,65
40,51,109,38,42,116,52,54,66,68,98,108,147,160,34,80,153,41,147,170,103,63,79,126,29,63,27,121,26,39,91,125,135,123,174,88,104,36,51,109,148,23,36,38,57,21,59,102,123,35,20,18,52,91,151,97,119,86,183,167,153,37,49,60,99,128,150,10,81,99,118,161,174,176,145,187,109,184,43,56,15,39,47,57,181,83,108,26,0,6,170,35,107,8,7,20,53,134,161,62,166,18,88,108,110,113,141,151,39,100,122,173,180,131,170,88,127,152,58,62,81,91,115,174,16,145,43,53,94,17,25,64,113,140,144,162,39,162,182,126,130,158,38,54,94,131,48,111,138,142,24,89,74,168,180,31,114,147,174,100,51,46,120,50,185,30,81,142,150,154,77,186,53,148,140,165,166,187,54,62,79,38,56,126,175,85,43,130,40,45,38,54,74,182,42,47,48,116,185,41,100,43,42,154,186,44,45,156,46,66,145,67,190,68,129,176,83,144,67,73,131,172,122,153,52,54,52,53,179,64,179,130,63,59,157,59,62,66,95,102,61,141,63,74
44,56,114,37,46,122,58,59,72,74,104,114,153,166,36,86,159,45,153,176,109,69,85,132,29,68,28,127,27,45,97,131,141,129,180,94,110,41,56,115,154,27,42,43,63,20,65,108,130,41,18,22,58,97,157,103,125,92,189,173,160,43,55,66,105,134,156,15,88,105,124,167,180,182,151,193,115,190,49,62,21,45,53,63,187,89,114,32,6,0,176,41,113,3,3,26,59,140,167,68,172,24,94,114,116,119,147,157,45,106,128,179,186,137,176,93,133,158,64,68,87,97,120,180,19,151,49,58,100,20,30,69,119,146,150,168,44,168,188,132,136,164,43,60,100,137,53,117,144,148,21,95,80,174,186,35,119,153,179,106,56,50,126,55,191,30,87,148,156,159,82,192,57,154,145,171,172,193,59,66,84,40,60,131,181,90,45,136,41,48,37,58,78,188,39,49,51,121,191,41,105,41,42,159,191,44,46,162,48,70,150,70,196,72,134,182,88,150,70,77,137,178,127,159,50,55,51,54,184,67,184,135,65,61,162,59,64,69,99,106,61,146,63,77
159,140,78,186,154,69,135,133,118,116,85,76,44,38,167,103,40,149,43,32,77,118,102,56,181,118,175,59,176,141,86,53,45,55,24,88,72,143,126,67,33,160,142,140,119,181,116,73,52,141,181,164,122,83,26,76,54,86,19,15,21,136,123,112,73,43,23,165,90,72,53,13,10,11,26,19,61,16,127,114,156,131,123,113,12,87,62,144,170,176,0,135,63,177,176,150,117,36,9,108,6,153,82,62,60,57,30,20,132,70,49,8,12,40,8,83,44,20,113,109,91,81,57,11,160,27,130,120,78,162,150,109,59,34,30,16,135,17,18,48,44,21,138,120,80,44,127,64,38,35,183,85,101,21,23,151,63,34,23,77,128,136,59,131,30,166,98,42,36,34,103,32,130,39,46,32,32,34,131,122,103,157,130,59,33,99,151,57,160,148,174,136,113,38,186,151,148,72,41,171,89,186,171,47,42,167,163,47,161,128,54,129,46,128,67,45,112,58,134,126,68,48,77,55,189,160,181,167,51,144,52,75,152,163,61,169,158,149,112,105,174,74,170,143
43,39,78,60,40,85,36,37,42,43,67,77,114,126,45,52,119,35,113,136,72,37,49,93,53,37,48,88,48,26,59,92,101,90,139,55,71,24,25,76,113,33,23,22,28,50,30,68,89,21,49,34,24,57,116,63,85,52,148,132,119,13,18,27,64,94,116,32,47,65,84,126,139,141,110,152,74,149,11,22,22,7,13,23,146,48,73,9,35,41,135,0,72,42,41,15,18,99,126,27,131,18,53,73,75,78,106,116,7,65,87,138,145,96,135,53,92,117,24,28,46,56,80,139,27,110,13,19,59,29,18,30,78,105,109,127,13,127,147,91,95,123,17,23,59,97,20,76,104,108,51,55,41,134,145,25,79,112,139,66,26,25,86,27,150,40,49,107,115,119,46,152,30,114,105,130,131,152,32,35,48,37,33,92,141,53,36,96,41,36,50,36,46,147,60,40,39,83,151,50,68,61,51,120,151,49,47,122,47,44,111,45,156,46,96,142,57,111,48,51,99,138,90,120,68,52,63,55,145,51,145,98,54,58,124,61,57,56,69,75,65,109,65,60
99,82,40,125,94,38,77,75,62,61,40,37,52,61,106,50,55,89,50,69,34,60,47,36,120,60,114,32,115,81,33,31,37,30,70,33,25,82,66,24,46,99,80,78,59,119,56,23,27,80,119,102,61,27,47,21,21,28,77,61,48,73,61,50,16,25,45,103,29,14,16,55,68,70,39,81,9,78,64,52,93,68,60,50,74,25,5,81,107,113,63,72,0,114,113,87,54,27,54,45,59,90,19,3,4,7,34,44,69,9,16,66,73,25,63,21,21,46,51,47,28,19,11,67,97,39,67,57,17,99,87,46,12,34,38,55,72,55,75,23,27,52,76,58,22,28,65,17,34,38,120,27,41,63,74,88,21,43,68,24,67,74,26,70,80,104,40,41,48,51,45,82,70,47,41,62,63,82,71,63,46,96,70,34,72,44,90,38,99,88,113,76,56,79,125,91,88,37,83,110,41,124,110,57,84,107,102,59,101,71,51,72,89,71,45,76,60,54,77,70,48,74,47,60,128,101,121,108,81,87,81,53,95,105,67,111,100,93,65,61,116,61,113,89
47,59,116,40,49,124,60,62,74,76,106,116,155,167,40,88,160,48,154,177,111,71,87,134,32,71,31,129,30,47,99,133,143,131,181,96,112,44,59,117,155,30,44,46,65,23,67,109,131,43,21,25,60,98,158,105,126,94,190,174,161,45,57,67,106,136,158,18,89,107,126,168,181,183,152,194,116,191,51,64,22,47,55,64,188,90,115,33,8,3,177,42,114,0,1,27,60,141,168,69,173,24,95,115,117,120,148,158,45,107,129,180,187,138,177,94,134,159,64,68,87,97,121,181,19,152,49,59,100,19,30,70,119,146,150,168,44,168,188,133,137,165,43,60,100,138,53,117,145,149,18,96,80,175,187,34,120,153,180,106,56,50,126,55,192,28,87,148,156,160,82,193,57,154,146,171,172,193,58,66,84,38,59,131,181,90,44,136,39,47,35,57,78,188,36,48,50,121,191,39,105,38,40,160,192,42,44,162,46,69,150,69,196,71,134,182,87,150,69,76,137,178,127,159,47,53,48,51,184,65,185,135,63,58,162,57,62,67,98,105,59,146,61,75
47,58,116,40,48,123,60,61,74,75,105,115,154,166,39,87,159,48,153,177,110,70,86,133,32,70,31,128,30,46,98,132,142,130,180,95,111,43,58,116,154,29,43,45,64,23,66,108,130,42,21,25,59,97,157,104,125,93,189,173,160,44,56,66,105,135,157,17,88,106,125,167,180,182,151,193,115,190,50,63,22,46,54,64,187,89,114,32,7,3,176,41,113,1,0,26,59,140,167,68,172,23,94,114,116,119,147,157,44,106,128,179,186,137,176,93,133,158,63,67,86,96,120,180,18,151,48,58,99,18,29,69,118,145,149,167,43,167,187,132,136,164,42,59,99,137,52,116,144,148,18,95,79,174,186,33,119,152,179,105,55,49,125,54,191,28,86,147,155,159,81,192,56,153,145,170,171,192,57,65,83,37,58,130,181,89,43,135,39,46,35,56,77,187,36,47,49,121,190,38,104,38,39,159,191,41,43,161,45,68,149,69,195,70,133,181,86,149,68,75,136,177,126,158,47,53,48,51,183,65,184,134,62,58,161,57,61,66,97,105,58,145,60,75
41,44,92,51,40,99,43,44,53,54,81,91,129,141,39,65,134,36,128,151,86,49,62,108,43,48,39,103,38,30,74,107,116,105,154,70,86,27,36,91,128,26,26,27,41,38,43,83,105,24,37,25,36,72,132,78,100,67,163,147,134,21,32,41,79,109,131,20,62,80,99,142,154,156,125,167,90,164,25,37,10,21,28,38,161,63,88,8,20,26,150,15,87,27,26,0,33,114,141,42,146,4,68,88,90,93,121,131,18,80,102,153,160,111,150,67,107,132,38,42,60,70,94,154,13,125,23,32,74,15,10,43,93,119,123,141,19,141,161,106,110,138,20,34,74,111,29,90,118,122,36,69,54,148,160,19,93,127,153,80,33,29,100,33,165,29,61,122,129,133,57,166,35,128,119,145,146,166,37,43,60,30,38,105,155,65,32,110,34,34,39,39,55,162,48,36,37,96,165,40,80,49,41,134,165,41,40,136,40,49,125,50,170,52,108,156,65,124,51,56,111,152,102,133,57,47,54,49,158,52,159,110,53,53,137,55,54,55,77,84,58,121,59,62
55,45,64,76,51,70,40,40,38,38,54,63,98,110,59,42,103,46,97,119,57,33,39,77,70,32,64,72,64,36,45,75,85,73,122,41,55,35,26,60,96,48,33,32,24,67,23,52,73,32,66,51,21,42,99,47,68,37,130,114,101,23,16,15,47,76,98,50,31,48,66,109,122,124,93,134,57,131,13,9,40,16,10,9,128,31,55,27,53,59,117,18,54,60,59,33,0,81,108,9,113,36,35,55,57,60,88,98,16,47,69,120,127,78,117,35,74,99,8,11,28,38,61,121,44,92,15,9,41,45,34,13,60,87,91,108,20,109,128,73,77,105,25,15,42,78,18,58,86,89,67,38,25,115,127,37,61,94,121,49,24,28,68,26,132,53,34,90,97,101,32,134,29,96,88,113,114,134,31,29,35,48,31,74,123,39,44,79,51,43,63,37,35,130,74,46,44,67,133,61,53,74,62,102,134,60,56,105,55,40,94,41,138,42,79,124,46,94,46,45,82,121,74,103,80,59,75,64,127,52,128,83,58,64,107,68,62,58,59,63,73,93,72,59
125,107,52,151,120,45,101,100,86,84,57,49,39,44,132,71,40,115,37,48,49,85,69,35,147,84,140,35,141,107,54,30,28,30,47,55,41,108,91,37,28,125,107,105,84,146,81,41,26,106,146,129,88,50,26,42,25,52,51,36,25,100,87,76,39,15,21,130,55,37,20,30,42,44,16,54,27,51,91,79,120,95,87,77,48,51,27,108,134,140,36,99,27,141,140,114,81,0,27,72,32,117,46,26,24,21,8,17,96,34,13,39,46,6,36,47,9,19,77,73,54,45,21,41,124,14,93,83,42,125,113,73,24,11,13,29,99,29,48,16,15,27,102,84,45,16,91,30,16,17,147,50,66,38,48,115,30,23,43,43,93,100,29,95,55,130,63,25,28,30,68,56,95,29,28,40,40,57,96,87,68,122,95,33,48,65,116,33,124,113,138,101,79,56,150,116,113,44,59,135,57,150,135,40,60,132,127,42,126,94,40,94,65,94,44,55,79,44,100,92,47,55,51,47,153,125,146,132,61,110,61,53,118,128,54,134,123,115,81,75,139,57,136,110
151,133,72,178,146,63,127,125,111,109,79,69,42,38,158,95,39,141,40,36,71,110,94,50,173,110,167,53,168,133,78,47,40,48,29,80,64,134,118,60,29,152,133,131,111,173,107,65,45,133,172,155,114,75,23,68,47,78,28,18,18,127,114,103,65,36,18,157,81,63,45,12,18,19,19,28,53,25,118,105,147,122,114,104,21,78,53,135,161,167,9,126,54,168,167,141,108,27,0,99,5,144,73,53,51,48,20,10,123,61,39,13,19,30,10,74,35,11,104,100,81,71,48,15,151,18,120,110,69,152,140,100,50,24,21,10,125,11,23,38,35,15,129,111,71,34,118,54,29,26,174,76,92,19,25,141,54,26,23,67,119,126,50,121,33,157,89,33,29,27,94,35,121,31,38,28,28,36,122,113,94,148,121,50,32,90,142,48,151,139,165,127,104,38,177,142,139,63,41,161,79,176,162,40,43,158,153,41,151,119,46,119,48,119,59,43,103,51,124,116,60,45,68,49,179,151,172,157,49,134,50,67,143,153,55,159,148,140,103,95,164,66,161,133
62,50,58,85,58,63,45,44,39,39,49,57,90,102,67,40,95,52,89,111,51,35,36,70,78,34,72,64,73,42,39,68,77,65,114,35,48,42,31,52,88,57,41,39,27,76,25,45,65,39,75,59,26,35,90,39,59,30,121,106,93,31,21,15,39,68,89,59,24,39,57,100,113,115,84,126,48,122,21,12,49,25,17,10,119,22,47,36,62,68,108,27,45,69,68,42,9,72,99,0,104,45,26,46,48,51,79,89,24,38,60,111,118,69,108,25,65,90,8,6,19,29,52,112,52,83,22,14,32,54,42,9,51,78,81,99,28,100,119,64,68,96,32,18,33,69,23,49,76,80,76,30,19,106,118,45,53,85,112,40,28,33,59,30,123,61,28,81,88,92,27,125,32,87,79,104,105,125,34,30,30,54,34,66,114,34,50,70,58,48,70,40,33,121,82,52,49,59,124,68,46,82,69,94,125,66,62,96,61,41,85,42,129,43,71,116,43,86,47,45,74,112,67,94,87,64,81,69,119,55,119,75,61,69,99,74,66,61,55,58,78,86,76,61
156,138,77,183,151,68,132,130,116,114,84,74,45,40,163,100,42,146,44,36,76,115,99,55,178,115,172,58,173,138,83,52,44,53,29,85,69,139,123,64,33,157,138,136,116,178,113,70,50,138,177,161,119,80,26,73,52,83,25,18,21,132,119,108,70,41,22,162,86,68,50,14,15,16,24,24,58,21,123,110,152,127,119,109,17,83,58,140,166,172,6,131,59,173,172,146,113,32,5,104,0,149,78,58,56,53,25,15,128,66,44,8,14,35,6,79,39,15,109,105,86,76,52,10,156,22,125,115,73,157,145,104,55,28,25,10,130,11,18,43,39,16,134,116,75,39,123,59,33,29,179,81,97,17,21,146,58,28,20,72,124,131,54,126,29,162,93,36,31,28,98,31,126,33,40,27,27,32,126,117,98,153,125,54,30,94,146,51,155,144,169,131,108,35,181,146,143,67,38,166,83,181,166,41,40,163,158,41,156,123,48,124,44,123,62,41,107,52,129,120,62,44,71,50,184,155,176,162,47,139,48,69,147,158,56,164,153,144,107,99,169,68,165,137
43,47,95,51,42,103,46,47,57,58,85,95,132,145,40,68,138,39,132,154,90,52,66,112,43,52,39,106,38,33,77,110,120,108,158,74,89,30,40,94,132,27,29,30,44,37,46,87,108,27,35,25,39,76,135,82,103,71,166,150,137,25,35,45,83,112,134,19,66,83,102,145,158,160,129,170,93,167,28,41,10,24,32,41,164,66,91,11,18,24,153,18,90,24,23,4,36,117,144,45,149,0,71,91,93,96,124,134,21,83,105,156,163,114,153,70,110,135,40,44,63,73,97,157,9,128,25,35,76,11,9,46,95,122,126,144,21,144,164,109,113,141,21,36,76,114,30,93,121,125,33,72,56,151,163,17,96,129,156,82,34,29,102,33,167,25,63,124,132,136,59,169,36,130,122,147,148,169,37,44,61,28,39,108,158,67,31,112,31,32,36,39,56,164,45,35,35,98,167,37,82,46,38,136,168,38,37,138,38,50,127,50,172,52,110,158,66,126,51,57,113,154,104,135,54,45,51,46,161,51,161,112,51,51,139,52,52,54,78,85,56,123,56,61
84,68,45,108,79,47,62,61,51,49,40,43,68,79,90,42,72,74,67,87,38,47,38,49,103,47,97,45,97,64,30,46,54,44,89,28,31,65,50,33,64,81,64,62,44,101,41,28,42,63,101,84,45,23,66,22,37,20,96,80,67,56,43,33,19,43,64,84,17,18,33,74,87,89,58,100,24,97,46,34,75,50,42,33,93,9,22,62,88,94,82,53,19,95,94,68,35,46,73,26,78,71,0,20,22,25,53,63,50,12,34,85,92,43,82,4,39,64,31,27,9,5,26,86,78,57,48,38,9,79,67,27,25,52,56,73,53,74,93,39,43,70,57,39,14,44,46,25,51,55,101,15,23,81,92,69,29,60,86,21,48,55,36,51,98,85,26,56,63,67,29,99,51,62,55,78,79,99,52,45,31,77,52,43,89,31,72,48,80,69,94,59,41,96,106,72,70,40,99,91,35,105,91,70,100,88,84,72,82,54,63,55,105,55,51,91,47,64,61,55,55,88,50,72,110,83,103,90,95,70,95,57,78,87,77,93,83,76,55,53,98,67,95,73
102,85,43,127,97,41,79,77,65,63,43,40,53,62,108,52,57,91,52,70,37,63,49,38,122,62,116,34,116,83,36,34,39,32,70,36,29,83,68,27,47,100,82,80,61,121,58,26,29,82,120,104,63,30,47,24,23,30,77,61,48,75,62,52,19,26,45,104,31,17,17,55,67,69,39,80,12,77,66,53,95,70,62,52,74,26,8,82,108,114,62,73,3,115,114,88,55,26,53,46,58,91,20,0,2,5,33,43,70,8,14,65,72,23,62,21,19,44,51,47,28,19,8,66,98,37,67,57,17,99,87,47,9,32,36,54,73,54,74,20,24,50,76,58,21,26,66,14,32,36,121,26,40,61,73,89,18,41,66,22,67,74,23,70,78,105,39,39,45,49,44,80,70,45,38,60,61,80,70,62,45,96,70,31,70,42,90,34,99,88,113,76,55,77,125,91,88,34,81,110,39,124,110,54,81,107,102,56,100,70,48,71,86,70,42,74,58,50,76,69,45,71,44,57,128,101,121,107,78,86,79,50,94,104,64,110,100,92,63,59,115,58,112,87
103,86,44,129,98,41,81,79,66,65,44,41,52,61,110,54,55,93,50,68,38,64,51,37,124,64,118,34,118,85,37,33,38,31,68,38,29,85,69,27,45,102,84,82,63,123,60,27,28,84,122,106,65,31,46,25,22,32,75,59,47,77,64,53,20,24,43,106,33,18,16,53,66,67,37,78,12,75,68,55,97,72,64,54,72,28,8,84,110,116,60,75,4,117,116,90,57,24,51,48,56,93,22,2,0,3,31,41,72,10,12,63,70,21,60,23,17,42,53,49,30,21,6,64,100,36,69,59,18,101,89,49,8,30,34,52,75,52,72,19,22,49,78,60,22,24,67,14,30,34,123,27,42,59,71,91,18,39,65,23,69,76,22,71,76,107,41,37,44,47,46,78,72,43,37,58,59,78,72,64,47,98,72,30,68,44,92,34,101,90,115,78,57,75,127,92,90,34,79,112,40,126,112,52,80,109,104,54,102,72,47,72,85,72,41,72,59,49,78,71,45,70,44,56,130,102,123,109,76,88,77,50,96,106,62,112,101,94,64,59,117,58,114,89
107,90,45,132,102,42,84,82,69,68,46,42,51,59,113,57,54,96,49,66,40,67,54,37,127,67,121,34,122,88,40,33,37,31,66,40,31,89,73,29,43,106,87,85,66,126,63,29,28,87,125,109,68,34,44,28,23,35,72,57,44,80,67,57,23,23,41,109,36,21,16,50,63,65,35,75,14,72,71,58,100,75,67,57,69,31,10,87,113,119,57,78,7,120,119,93,60,21,48,51,53,96,25,5,3,0,28,38,75,13,9,60,67,18,57,26,14,39,56,52,33,23,4,61,103,32,72,62,21,104,92,51,7,27,31,49,77,49,68,16,19,45,81,63,24,21,70,14,27,31,126,30,45,56,68,93,17,36,61,24,72,79,20,74,73,109,43,34,40,44,48,75,74,40,34,55,56,75,75,66,49,101,74,28,65,46,95,31,103,92,117,80,59,72,129,95,92,33,76,114,40,129,114,49,76,111,106,52,105,74,45,74,81,74,40,69,61,47,80,72,43,67,43,54,133,105,125,111,73,90,74,48,98,108,60,114,103,96,65,60,119,56,116,91
133,115,59,159,127,52,109,107,93,92,64,56,41,44,140,79,41,122,39,46,56,92,77,40,154,92,148,41,149,114,61,36,32,36,43,63,49,115,99,44,28,133,114,112,92,153,89,49,32,114,153,136,95,57,25,50,32,60,46,32,22,108,95,84,46,21,19,137,62,45,27,25,36,38,15,48,35,45,99,86,127,103,95,85,41,59,34,115,141,147,30,106,34,148,147,121,88,8,20,79,25,124,53,33,31,28,0,10,103,41,19,32,39,10,29,54,14,11,84,80,61,51,27,33,131,6,100,90,48,132,120,79,30,7,7,21,105,22,41,19,16,19,109,91,50,16,98,35,14,13,154,56,72,30,41,121,34,17,35,48,99,106,31,101,47,137,69,22,23,24,74,49,101,24,25,33,33,50,101,93,74,128,101,34,41,70,122,33,130,119,144,107,84,48,157,122,119,46,52,141,60,156,141,36,53,138,133,37,131,99,37,100,58,99,44,49,84,41,105,97,46,48,52,43,159,131,152,138,54,115,55,53,123,134,50,140,129,120,85,78,144,56,141,114
142,124,66,169,137,58,118,116,103,101,72,63,42,41,149,88,40,132,40,41,64,102,86,46,164,101,158,47,158,124,70,42,36,42,37,72,57,125,109,52,28,143,124,122,102,163,98,57,39,124,163,146,105,66,23,59,40,69,37,25,19,117,105,94,56,29,17,147,72,54,36,18,27,29,15,39,44,35,109,96,137,113,105,95,32,69,44,125,151,157,20,116,44,158,157,131,98,17,10,89,15,134,63,43,41,38,10,0,113,51,29,22,29,20,19,64,24,3,94,90,71,61,37,23,141,8,110,100,58,142,130,89,40,14,11,12,115,13,31,28,25,13,119,101,60,24,108,44,19,16,164,66,81,22,32,131,43,18,27,57,109,116,39,111,38,147,78,25,22,22,83,40,111,25,29,27,28,41,111,102,83,138,110,40,34,79,131,39,140,129,154,116,93,41,166,131,128,53,45,151,69,166,151,35,46,147,143,36,141,109,39,109,51,108,50,43,93,44,114,106,51,44,59,43,169,140,161,147,49,124,50,58,132,143,50,149,138,129,93,86,154,59,150,123
50,45,78,67,47,85,42,42,46,47,68,77,113,125,51,54,118,42,112,135,72,41,51,93,59,40,54,87,54,33,59,91,100,89,138,56,71,30,30,75,112,39,29,29,32,55,32,68,88,27,54,40,27,57,115,62,83,52,146,130,117,19,21,28,63,92,113,37,46,63,82,124,137,139,108,150,72,147,14,22,27,12,15,22,143,46,71,15,39,45,132,7,69,45,44,18,16,96,123,24,128,21,50,70,72,75,103,113,0,62,84,135,142,93,132,49,89,114,19,23,42,52,76,136,28,107,6,14,55,30,18,25,74,101,105,123,7,123,143,87,92,119,12,17,55,93,13,72,100,104,52,51,36,130,142,23,75,108,135,61,19,19,81,20,146,38,43,103,111,115,40,148,24,109,101,126,127,148,25,29,42,34,27,87,136,47,32,91,38,31,48,30,39,143,59,35,34,78,147,47,62,60,48,115,147,46,43,117,43,38,106,39,152,40,90,137,50,106,42,44,93,133,84,115,66,47,61,52,140,45,140,93,49,53,119,57,52,50,62,68,61,104,60,54
95,79,45,120,90,44,73,72,60,59,43,42,60,70,102,49,64,85,59,78,38,57,46,44,115,57,109,39,109,76,34,39,46,37,78,34,30,77,61,30,54,93,75,74,55,113,52,27,35,75,113,96,57,27,55,23,29,27,85,69,57,68,55,45,18,33,53,97,25,16,24,63,76,78,47,88,17,85,58,46,87,62,54,45,82,20,13,75,100,106,70,65,9,107,106,80,47,34,61,38,66,83,12,8,10,13,41,51,62,0,22,73,80,31,70,13,27,52,43,39,20,10,14,74,90,45,59,49,9,91,79,38,13,39,43,61,64,61,81,27,31,58,68,50,14,32,57,15,39,43,113,18,32,68,80,80,19,48,74,17,59,66,25,61,85,96,32,44,51,55,36,87,61,51,43,66,67,87,62,54,38,88,62,33,77,35,82,38,91,79,104,68,48,84,116,82,80,33,87,102,34,116,102,59,88,98,94,61,92,62,52,63,93,63,43,80,51,54,69,62,47,77,43,62,120,93,113,99,84,78,84,50,87,96,67,102,92,84,57,54,107,59,104,80
115,98,49,141,110,44,92,90,77,76,52,46,47,54,122,64,49,105,45,60,44,76,61,37,136,75,130,35,131,96,47,32,34,31,59,48,36,97,81,33,38,114,96,94,74,135,71,35,27,96,134,118,77,41,37,35,23,43,64,49,37,89,76,66,30,19,33,118,44,28,16,42,54,56,27,67,19,64,80,67,109,84,76,66,60,40,17,96,122,128,49,87,16,129,128,102,69,13,39,60,44,105,34,14,12,9,19,29,84,22,0,51,58,9,48,35,5,30,65,61,42,32,9,52,112,23,81,71,29,113,101,60,12,18,22,39,86,40,59,9,12,36,90,72,32,14,79,18,19,22,135,37,53,47,59,102,19,28,52,30,80,87,20,82,64,118,51,27,33,36,56,66,82,33,28,47,48,66,83,74,56,109,82,26,56,52,103,28,112,100,126,88,66,64,138,103,100,35,67,123,45,137,123,43,68,119,114,45,113,81,39,82,73,81,38,61,67,42,87,79,41,59,43,48,141,113,133,119,66,97,67,47,106,116,55,122,111,103,70,64,127,53,123,97
163,145,84,190,158,75,139,138,123,121,91,82,52,45,171,108,48,153,50,39,83,123,107,62,186,122,179,65,180,146,91,59,51,61,31,93,77,147,130,72,40,164,146,144,123,185,120,78,58,145,185,168,126,88,33,80,60,91,24,22,28,139,126,115,77,48,29,169,94,76,57,20,16,16,32,21,66,18,131,118,159,135,127,117,14,91,66,147,173,179,8,138,66,180,179,153,120,39,13,111,8,156,85,65,63,60,32,22,135,73,51,0,7,42,3,86,46,21,116,112,93,83,59,3,163,28,132,122,80,164,152,111,61,35,31,13,137,14,11,49,45,19,140,122,82,44,130,65,38,34,185,87,103,15,15,153,64,32,16,78,130,137,59,133,22,168,99,40,33,30,104,25,132,36,44,26,26,26,132,124,104,159,132,58,26,100,153,56,162,150,176,137,114,30,188,152,149,72,33,172,88,187,172,42,35,169,164,42,162,129,50,129,39,129,65,38,112,54,134,126,65,42,75,50,190,161,182,168,44,144,45,72,153,164,56,170,158,150,111,103,174,70,171,143
170,152,90,197,165,81,146,144,130,128,98,88,56,48,178,115,51,160,54,41,89,129,113,68,192,129,186,71,187,152,97,65,57,67,32,100,84,154,137,79,45,171,153,151,130,192,127,84,64,152,192,175,133,94,38,87,66,98,22,25,34,146,133,122,84,55,35,176,100,83,64,25,17,16,38,17,72,15,138,125,166,142,134,124,11,98,73,154,180,186,12,145,73,187,186,160,127,46,19,118,14,163,92,72,70,67,39,29,142,80,58,7,0,49,10,93,53,28,123,119,100,90,66,7,170,35,139,129,87,171,159,118,68,41,37,20,144,20,7,56,52,25,147,129,89,51,137,72,45,41,192,94,110,19,14,160,71,38,18,85,137,144,66,139,20,175,106,46,39,36,111,22,139,42,50,30,29,24,139,130,111,166,138,64,27,106,159,62,169,157,182,144,121,30,195,159,156,78,32,179,95,194,179,47,34,176,171,46,169,136,55,136,37,135,71,39,119,59,141,133,71,44,81,55,197,168,189,175,45,151,46,78,159,170,60,176,165,156,118,110,181,75,177,149
124,106,54,150,119,48,101,99,86,84,58,51,45,50,131,72,46,114,43,54,50,84,69,39,145,84,139,38,139,105,54,34,33,34,52,55,42,106,90,38,34,123,105,103,83,144,80,42,29,105,143,127,86,49,31,42,27,51,56,41,30,98,85,74,38,19,27,127,53,36,21,34,46,48,21,58,27,55,89,76,118,93,85,75,51,49,25,105,131,137,40,96,25,138,137,111,78,6,30,69,35,114,43,23,21,18,10,20,93,31,9,42,49,0,39,44,4,21,74,70,51,41,17,43,121,14,90,80,38,122,110,69,20,9,13,30,95,31,50,10,9,28,99,81,40,10,88,25,13,15,144,46,61,38,50,111,25,21,44,38,89,96,23,91,55,127,59,22,26,28,64,57,91,26,24,39,39,58,91,83,64,118,91,27,48,60,111,28,120,109,134,96,74,55,146,111,109,38,59,131,51,146,131,37,60,128,123,39,121,89,36,90,65,89,39,54,74,39,95,87,41,52,46,43,149,121,142,127,59,105,59,48,113,124,50,130,119,110,76,69,134,52,131,104
161,143,82,187,156,74,137,135,121,119,89,80,51,45,168,106,47,151,49,40,81,120,104,60,183,120,177,63,177,143,88,57,50,59,32,90,75,144,128,70,38,162,143,141,121,182,117,75,56,143,182,165,124,85,32,78,57,88,26,22,27,136,124,113,74,46,28,166,91,73,55,19,17,18,30,23,63,21,128,115,157,132,124,114,16,88,63,144,170,176,8,135,63,177,176,150,117,36,10,108,6,153,82,62,60,57,29,19,132,70,48,3,10,39,0,83,43,18,113,109,90,80,56,4,160,25,129,119,77,161,149,108,58,31,27,10,134,11,13,46,42,16,137,119,79,41,126,62,35,31,182,84,100,13,16,150,61,29,15,75,127,134,56,129,23,165,96,37,30,28,101,25,129,33,41,24,24,27,129,120,101,156,128,55,25,97,149,52,158,147,172,134,111,30,185,149,146,68,33,169,85,184,169,40,35,166,161,39,159,126,47,126,39,126,62,37,109,52,131,123,62,40,72,48,187,158,179,165,43,141,44,69,150,160,54,166,155,146,108,100,171,67,168,139
85,70,49,109,80,51,64,63,53,52,44,47,71,82,91,45,75,75,70,90,42,50,41,53,103,49,97,48,98,66,34,50,57,47,91,32,35,66,51,37,67,82,64,63,45,101,42,32,45,64,101,84,47,27,68,27,40,24,98,82,70,56,44,34,23,46,66,84,20,22,36,76,89,91,60,101,27,98,46,34,74,50,42,33,95,13,24,62,88,93,83,53,21,94,93,67,35,47,74,25,79,70,4,21,23,26,54,64,49,13,35,86,93,44,83,0,40,65,30,26,7,3,27,87,77,58,46,36,7,78,66,25,25,52,56,74,51,74,94,39,43,70,55,37,10,44,44,24,51,55,100,11,20,81,93,67,28,60,86,18,46,53,34,48,98,83,22,55,63,67,26,99,49,62,54,78,79,99,50,42,27,75,49,42,88,27,69,46,78,67,91,56,37,95,103,70,67,37,99,89,31,103,89,69,99,86,81,71,80,51,61,52,104,52,49,90,42,62,57,51,52,87,47,70,107,80,100,87,94,67,94,55,75,84,75,90,80,73,51,49,95,65,92,69
121,103,53,146,116,48,97,96,83,81,56,50,47,53,127,69,48,110,45,57,49,81,67,39,141,81,135,38,136,102,52,34,35,34,56,53,41,103,87,37,36,120,102,100,80,140,77,40,29,101,140,123,83,47,35,40,27,48,60,45,34,94,82,71,35,20,30,123,50,33,20,38,50,52,25,62,24,59,85,73,114,89,81,71,56,46,22,102,127,133,44,92,21,134,133,107,74,9,35,65,39,110,39,19,17,14,14,24,89,27,5,46,53,4,43,40,0,25,70,66,47,37,13,47,117,18,86,76,34,118,106,65,16,13,16,34,91,34,54,7,8,31,94,77,36,9,84,21,14,17,139,41,57,42,53,107,21,23,47,34,85,92,20,87,59,122,54,22,28,31,59,60,87,28,24,41,42,61,87,78,60,114,86,25,51,56,107,26,116,105,130,92,70,58,142,107,104,35,62,127,48,142,127,38,63,123,119,40,117,85,36,85,68,85,37,56,70,39,91,83,39,54,43,44,145,116,138,123,61,101,62,46,109,120,51,126,115,106,72,66,130,51,127,100
144,126,69,170,139,61,120,118,105,103,74,66,45,44,151,90,43,134,43,44,66,104,88,49,165,103,159,50,160,126,72,45,39,45,39,74,59,127,110,55,32,144,126,124,103,165,100,60,42,125,164,147,106,69,26,61,42,71,38,27,22,119,106,95,58,31,20,148,73,56,38,20,28,30,18,39,46,36,110,97,139,114,106,96,32,70,46,126,152,158,20,117,46,159,158,132,99,19,11,90,15,135,64,44,42,39,11,3,114,52,30,21,28,21,18,65,25,0,95,91,72,62,38,22,142,7,111,101,59,143,131,90,40,14,10,10,116,10,29,28,24,9,119,101,61,24,108,44,18,15,164,66,82,19,30,132,43,16,24,57,109,116,39,111,36,147,78,23,20,19,83,38,111,22,27,24,25,39,111,103,83,138,111,39,31,79,132,37,141,129,155,116,93,38,167,131,129,52,42,151,68,166,151,32,43,148,143,33,141,108,37,109,48,108,48,40,92,41,114,105,49,41,57,41,169,140,162,147,46,124,47,56,132,143,47,149,138,129,92,85,154,57,150,123
63,53,66,83,59,71,48,47,45,45,57,64,97,109,67,47,102,54,96,118,59,40,43,77,77,39,71,72,71,44,47,75,84,72,120,43,56,43,34,59,95,55,41,40,31,73,30,52,72,40,73,57,29,43,97,47,66,38,127,112,99,31,24,21,46,74,95,56,31,46,64,106,119,121,90,131,55,128,21,16,46,23,18,15,125,29,53,33,58,64,113,24,51,64,63,38,8,77,104,8,109,40,31,51,53,56,84,94,19,43,65,116,123,74,113,30,70,95,0,4,23,33,57,117,47,88,16,6,36,48,36,6,55,82,86,104,21,104,124,68,72,100,25,10,36,73,16,53,81,84,70,32,18,111,122,38,56,89,116,42,20,26,62,23,127,54,26,84,92,96,24,128,24,90,82,107,108,129,26,23,27,47,26,68,117,31,42,72,50,40,63,32,28,124,75,44,42,60,127,61,45,75,61,96,128,59,54,98,53,34,87,35,132,36,72,118,39,87,40,38,75,114,67,96,80,56,73,62,121,47,121,75,54,61,100,66,58,53,51,55,71,86,69,53
66,55,63,87,62,68,50,49,45,45,55,62,94,105,70,46,98,56,93,114,56,40,42,74,80,39,74,69,75,46,44,71,80,69,116,41,53,45,35,56,91,59,44,42,32,77,30,49,68,42,76,61,30,40,93,44,63,35,124,108,95,34,26,21,43,70,91,59,28,42,60,102,115,117,86,127,51,124,24,17,49,27,21,16,121,26,49,37,62,68,109,28,47,68,67,42,11,73,100,6,105,44,27,47,49,52,80,90,23,39,61,112,119,70,109,26,66,91,4,0,19,29,53,113,51,84,20,10,32,52,40,3,51,78,82,100,25,100,120,64,68,96,29,13,32,69,19,49,77,81,74,28,15,107,119,42,52,85,112,39,23,29,58,25,123,58,23,80,88,92,21,124,27,86,78,103,104,125,28,24,25,51,29,64,113,29,45,69,54,44,67,35,27,120,79,47,45,56,123,64,42,78,65,92,124,62,58,95,57,35,84,36,129,37,69,114,38,84,41,39,72,111,63,93,83,59,77,65,117,49,118,72,56,64,97,69,60,55,50,53,74,83,71,55
80,66,53,103,75,55,60,59,51,50,47,51,77,88,85,45,82,70,76,97,45,47,41,59,97,46,91,54,92,60,36,55,64,53,98,33,40,60,47,42,73,76,59,57,41,95,38,36,52,58,94,78,42,29,75,31,46,25,105,89,77,50,39,30,28,52,73,78,20,27,42,83,96,98,67,109,34,105,40,29,68,44,36,27,102,13,31,55,81,87,91,46,28,87,86,60,28,54,81,19,86,63,9,28,30,33,61,71,42,20,42,93,100,51,90,7,47,72,23,19,0,10,34,94,70,65,39,29,13,71,59,18,32,59,63,81,44,81,101,45,49,77,48,30,14,51,37,30,58,62,93,12,14,88,100,60,34,66,93,22,39,46,40,42,104,76,18,62,69,73,21,106,42,68,60,85,86,106,43,36,23,68,43,47,95,24,62,51,71,60,84,49,32,102,96,63,60,41,105,82,32,96,82,75,106,79,74,77,73,45,67,46,110,46,53,97,39,67,52,46,57,93,50,76,100,74,93,80,100,61,100,58,69,78,80,83,74,67,48,48,88,69,86,64
88,73,49,112,83,51,67,66,56,55,45,47,70,80,94,47,74,78,68,88,42,52,43,52,106,52,100,47,101,69,35,48,55,46,89,33,35,69,54,36,64,85,68,66,48,104,45,32,44,67,104,88,50,28,66,27,38,25,95,80,67,59,47,37,22,43,64,87,22,21,34,73,86,88,58,99,25,96,50,38,77,53,46,36,92,15,22,65,91,97,81,56,19,97,96,70,38,45,71,29,76,73,5,19,21,23,51,61,52,10,32,83,90,41,80,3,37,62,33,29,10,0,24,84,80,55,49,39,4,81,69,28,22,49,53,71,54,71,91,36,40,67,58,40,8,41,47,21,48,52,102,10,22,78,90,70,25,57,83,16,48,55,31,51,95,86,23,52,60,64,27,96,51,59,51,75,76,96,52,44,28,77,51,39,85,27,72,43,80,69,94,58,38,92,106,72,69,35,96,91,30,106,91,66,96,88,83,68,82,53,58,53,101,53,46,87,43,59,59,52,50,84,44,67,110,82,103,89,91,68,91,52,77,86,72,92,82,75,51,49,97,62,94,71
109,92,49,134,104,46,87,85,73,71,50,46,54,62,116,60,56,99,52,68,44,70,57,41,129,70,123,38,124,90,44,36,40,35,67,44,35,91,75,33,45,108,90,88,68,128,65,33,31,89,127,111,71,38,45,32,26,38,72,57,45,82,70,59,26,25,42,111,39,24,19,51,63,65,36,75,18,72,73,60,101,76,69,59,68,34,14,89,115,120,57,80,11,121,120,94,61,21,48,52,52,97,26,8,6,4,27,37,76,14,9,59,66,17,56,27,13,38,57,53,34,24,0,60,104,31,73,63,21,105,93,52,4,25,29,47,78,47,67,13,17,44,81,64,23,18,71,10,25,28,126,29,44,54,66,94,13,34,59,22,72,79,16,74,71,109,42,31,38,41,47,73,74,37,30,52,53,73,74,66,47,101,74,24,62,44,94,27,103,92,117,80,58,69,129,95,92,29,73,114,38,129,114,46,74,111,106,48,104,73,41,73,79,73,36,66,59,43,79,71,39,64,39,50,132,104,125,111,70,89,71,44,97,107,56,113,102,95,62,57,118,52,115,89
165,147,87,192,160,78,141,139,125,123,94,84,55,48,173,110,51,155,53,43,85,125,109,65,187,124,181,68,182,147,93,62,54,63,34,95,79,148,132,74,43,166,147,145,125,186,122,80,60,147,186,169,128,89,36,82,62,92,26,25,31,141,128,117,79,51,32,170,95,77,59,23,19,19,34,22,67,20,132,119,161,136,128,118,16,92,67,148,174,180,11,139,67,181,180,154,121,41,15,112,10,157,86,66,64,61,33,23,136,74,52,3,7,43,4,87,47,22,117,113,94,84,60,0,164,29,133,123,81,165,153,112,62,35,31,13,138,14,8,49,46,18,141,123,82,45,130,66,38,34,186,88,104,13,12,153,64,32,13,78,131,138,59,133,19,169,100,39,32,29,105,21,133,35,43,24,24,23,133,124,104,160,132,58,23,100,153,55,162,150,176,138,114,27,188,153,150,71,30,173,88,188,173,40,32,169,164,40,162,129,49,130,36,129,64,35,112,53,134,126,64,39,74,49,190,161,183,168,41,144,42,71,153,164,54,170,158,150,111,103,174,69,171,142
49,55,104,53,49,111,55,56,66,67,94,104,141,153,45,77,146,46,140,163,98,62,75,120,44,61,41,115,40,42,86,119,128,116,166,82,98,38,49,102,140,32,38,39,54,37,55,95,116,36,35,29,49,84,143,90,111,79,174,158,145,34,44,54,91,120,142,22,74,91,110,152,165,167,136,178,101,175,37,49,16,33,40,50,172,74,99,21,16,19,160,27,97,19,18,13,44,124,151,52,156,9,78,98,100,103,131,141,28,90,112,163,170,121,160,77,117,142,47,51,70,80,104,164,0,135,31,41,83,2,11,52,102,129,133,151,26,151,171,115,119,147,24,42,82,120,35,99,127,131,24,78,62,157,169,16,102,136,162,88,37,31,108,36,174,17,68,130,138,142,64,175,38,136,128,153,154,175,39,47,65,23,40,113,163,71,27,117,25,30,28,39,59,170,36,31,33,103,173,30,86,37,31,141,174,31,31,143,32,50,132,51,178,52,115,164,68,131,51,57,118,159,108,140,45,40,42,40,166,49,166,116,48,46,143,46,48,51,79,87,49,127,50,59
138,120,65,164,133,58,115,113,99,98,70,62,46,47,145,85,45,128,44,48,62,98,83,47,159,98,153,47,154,120,67,42,38,42,44,69,55,121,104,50,33,138,119,117,97,158,94,55,39,119,158,141,100,63,28,56,38,65,45,33,25,112,100,89,52,28,23,142,67,50,34,26,35,37,19,46,40,43,103,91,132,107,99,89,39,64,40,120,145,151,27,110,39,152,151,125,92,14,18,83,22,128,57,37,36,32,6,8,107,45,23,28,35,14,25,58,18,7,88,84,65,55,31,29,135,0,104,94,52,136,124,83,33,6,3,16,109,16,36,21,17,13,112,94,53,17,101,37,11,9,157,59,75,24,35,124,36,12,30,50,102,109,32,104,41,140,71,18,17,18,76,43,104,19,22,26,27,44,104,95,76,131,103,33,35,72,124,31,133,122,147,109,86,42,159,124,121,46,46,144,61,159,144,30,47,140,136,31,134,101,33,102,52,101,42,42,85,37,107,98,44,42,51,38,162,133,154,140,48,116,49,51,125,136,45,142,130,122,85,78,146,52,143,115
56,50,79,72,53,85,47,47,50,50,69,78,112,124,57,56,117,48,111,133,72,45,53,92,65,44,59,87,60,38,60,90,99,88,136,56,70,36,34,74,110,45,35,34,35,60,35,67,87,33,59,45,31,57,113,62,82,52,144,128,115,25,25,29,61,90,111,42,46,62,80,122,135,137,106,147,71,144,18,23,32,17,18,23,141,45,69,21,43,49,130,13,67,49,48,23,15,93,120,22,125,25,48,67,69,72,100,110,6,59,81,132,139,90,129,46,86,111,16,20,39,49,73,133,31,104,0,10,52,32,20,21,71,98,102,120,5,120,140,84,88,116,10,12,51,89,8,68,96,100,54,47,31,126,138,22,71,105,131,57,13,15,77,15,143,38,38,99,107,111,34,144,18,106,97,122,123,144,20,23,37,33,21,83,133,42,29,87,36,28,48,25,33,139,59,32,30,73,143,46,57,60,47,111,143,45,41,113,40,32,102,33,148,34,86,133,44,101,36,38,89,129,79,110,65,44,60,49,136,40,136,88,45,50,114,54,48,46,57,62,59,98,57,49
61,52,71,80,57,77,48,48,47,48,62,70,103,115,64,51,108,52,102,124,64,42,47,83,73,41,67,78,67,42,52,81,90,79,126,49,62,40,34,66,101,52,39,38,33,69,32,59,78,37,68,53,30,48,103,53,73,43,134,118,105,29,24,24,52,80,102,51,37,52,70,112,125,127,96,137,61,134,20,19,41,21,17,18,131,35,59,29,53,58,120,19,57,59,58,32,9,83,110,14,115,35,38,57,59,62,90,100,14,49,71,122,129,80,119,36,76,101,6,10,29,39,63,123,41,94,10,0,42,42,30,11,61,88,92,110,15,110,130,74,78,106,19,6,41,79,10,58,86,90,64,37,22,116,128,32,61,95,121,48,15,20,67,17,133,48,30,89,97,101,26,134,20,96,87,113,114,134,22,20,29,41,22,73,123,34,36,77,44,35,57,28,28,129,69,38,36,64,133,55,49,68,55,101,133,52,48,103,48,31,92,32,138,33,76,123,39,92,36,36,80,120,70,101,74,50,67,56,126,43,126,79,49,56,105,60,53,49,51,56,65,90,63,50
92,77,51,116,87,51,71,69,59,58,47,48,69,79,98,50,72,82,67,86,43,56,47,52,110,55,104,47,105,72,37,48,54,46,87,36,36,72,58,37,63,88,71,69,52,108,49,33,43,70,107,91,53,30,64,28,38,28,93,77,65,63,51,41,24,42,61,91,25,22,33,71,84,86,56,96,25,93,53,41,81,57,49,40,89,18,21,68,94,100,78,59,17,100,99,74,41,42,69,32,73,76,9,17,18,21,48,58,55,9,29,80,87,38,77,7,34,59,36,32,13,4,21,81,83,52,52,42,0,84,72,31,19,46,50,68,57,68,88,32,36,64,60,42,6,37,49,17,45,49,105,10,24,75,86,73,21,53,80,13,51,58,28,53,91,88,23,49,56,60,28,93,53,55,47,72,73,93,54,46,29,80,53,35,82,27,74,39,83,71,96,60,39,89,108,74,71,31,92,93,28,108,94,62,93,90,85,64,84,54,55,54,97,54,43,84,43,55,60,53,46,80,41,64,112,84,105,91,87,70,88,49,78,88,69,94,83,76,50,47,98,59,96,71
51,57,106,54,51,113,57,58,68,69,96,106,142,155,47,79,148,49,142,164,100,64,77,122,46,63,43,116,42,44,88,120,130,118,167,84,100,40,51,104,141,34,40,41,56,38,57,97,118,38,36,31,51,86,144,92,113,81,175,159,146,36,46,55,92,121,143,23,76,93,111,154,166,168,138,179,102,176,39,51,19,35,42,51,173,76,100,23,17,20,162,29,99,19,18,15,45,125,152,54,157,11,79,99,101,104,132,142,30,91,113,164,171,122,161,78,118,143,48,52,71,81,105,165,2,136,32,42,84,0,12,53,103,130,134,152,27,152,172,116,120,148,25,42,83,121,36,100,128,132,22,78,63,158,170,15,102,136,163,89,37,31,109,36,175,15,69,131,139,143,64,176,38,137,128,154,155,176,39,47,66,21,40,114,164,71,26,118,24,29,26,38,59,171,33,30,32,103,174,27,86,34,28,142,174,29,29,144,31,50,132,51,179,52,116,164,68,131,50,57,118,160,108,141,43,38,40,38,166,47,167,116,46,44,144,44,46,50,79,87,47,127,48,58
51,53,96,60,50,102,52,52,60,61,86,95,131,143,49,70,136,46,130,153,90,55,67,111,52,55,48,105,47,39,77,109,118,107,155,73,89,36,43,93,130,35,35,36,47,45,48,86,106,33,44,34,42,75,132,80,101,70,163,147,135,29,37,45,81,110,131,28,64,81,99,142,155,157,126,167,90,164,29,40,19,25,32,40,161,64,88,16,25,30,150,18,87,30,29,10,34,113,140,42,145,9,67,87,89,92,120,130,18,79,101,152,159,110,149,66,106,131,36,40,59,69,93,153,11,124,20,30,72,12,0,41,91,118,122,140,15,140,160,104,108,136,13,30,71,109,24,88,116,120,34,66,51,146,158,9,91,124,151,77,26,21,97,25,163,21,57,119,127,131,52,164,28,125,116,142,143,164,29,36,54,21,30,102,152,60,22,106,24,24,32,30,48,159,42,26,27,92,162,32,75,43,33,130,162,32,30,132,31,41,121,42,167,43,104,152,58,120,42,48,107,148,97,129,50,37,45,39,155,42,155,105,43,43,132,45,44,45,70,77,49,116,49,52
69,58,65,89,65,69,53,52,48,48,57,63,94,106,72,48,99,59,93,114,57,43,44,75,82,42,77,69,77,49,46,72,81,70,116,43,54,48,38,57,91,61,47,45,35,79,34,50,68,45,78,63,34,41,93,45,63,36,123,107,95,37,29,24,43,70,91,61,30,43,60,101,114,116,86,127,51,124,27,20,51,29,23,19,120,26,49,39,64,69,109,30,46,70,69,43,13,73,100,9,104,46,27,47,49,51,79,89,25,38,60,111,118,69,108,25,65,90,6,3,18,28,52,112,52,83,21,11,31,53,41,0,50,77,81,99,26,99,119,63,67,95,29,12,30,68,19,47,75,79,74,26,12,105,117,42,50,84,110,37,22,28,57,24,122,58,21,78,86,90,18,123,25,85,76,102,103,123,27,21,21,50,27,62,112,26,45,67,53,43,66,33,24,118,78,46,44,54,122,64,40,78,64,90,122,61,57,93,56,33,82,34,127,34,66,113,35,81,39,36,69,109,61,90,83,57,76,64,115,47,116,69,54,62,94,67,59,53,47,50,72,80,70,52
109,92,52,134,104,49,87,85,73,72,52,49,57,65,115,61,60,98,55,71,46,71,58,44,128,70,122,41,123,89,45,40,43,38,70,45,37,90,75,35,49,107,89,87,68,126,65,35,34,88,126,109,70,39,48,33,30,39,75,60,49,81,69,58,28,29,45,109,39,26,23,54,66,68,39,78,20,75,72,59,100,75,67,58,71,33,16,87,113,119,59,78,12,119,118,93,60,24,50,51,55,95,25,9,8,7,30,40,74,13,12,61,68,20,58,25,16,40,55,51,32,22,4,62,102,33,71,61,19,103,91,50,0,27,31,49,76,49,69,13,17,45,79,61,21,19,68,7,26,30,124,26,42,56,67,91,10,34,61,19,69,76,14,71,72,107,39,31,38,42,44,74,71,37,30,53,54,74,72,63,44,98,71,22,63,41,92,26,101,89,115,77,55,70,127,92,89,26,74,111,34,126,112,46,74,108,103,48,102,70,40,70,79,70,33,66,56,42,76,68,36,64,36,49,129,101,122,108,70,85,71,41,94,104,55,110,99,91,59,54,115,49,112,86
133,116,63,159,128,56,110,108,95,93,67,60,48,51,140,81,48,123,46,53,59,93,79,46,154,93,148,46,148,114,64,41,38,41,50,65,52,115,99,47,36,132,114,112,92,153,89,51,37,114,152,136,95,59,32,52,36,61,51,38,30,107,94,84,48,26,26,136,62,46,30,31,41,43,22,52,36,49,98,85,126,102,94,84,45,58,35,114,140,146,34,105,34,146,145,119,87,11,24,78,28,122,52,32,30,27,7,14,101,39,18,35,41,9,31,52,13,14,82,78,59,49,25,35,129,6,98,88,46,130,118,77,27,0,4,22,103,22,42,14,11,18,106,88,47,10,95,31,6,6,151,52,68,29,41,118,30,12,34,43,96,103,26,98,46,134,65,15,17,19,70,48,97,18,18,29,30,48,98,89,70,125,97,27,39,65,118,26,127,115,141,103,80,46,153,118,115,40,49,138,55,153,138,29,50,134,129,31,128,95,30,95,55,95,37,45,79,34,100,92,39,44,46,36,155,127,148,134,50,110,50,46,119,129,44,135,124,116,79,72,140,49,137,109
137,119,65,163,132,59,114,112,98,97,70,62,48,50,144,84,47,127,46,51,62,97,82,47,158,97,152,48,152,118,67,43,39,43,47,68,55,119,103,50,35,136,118,116,96,157,93,54,39,117,156,139,99,62,31,55,38,64,48,35,28,111,98,87,51,28,25,140,66,49,33,28,38,40,21,49,39,46,102,89,130,106,98,88,42,62,38,118,144,150,30,109,38,150,149,123,91,13,21,81,25,126,56,36,34,31,7,11,105,43,22,31,37,13,27,56,16,10,86,82,63,53,29,31,133,3,102,92,50,134,122,81,31,4,0,18,107,18,38,18,15,15,110,92,51,14,99,35,8,6,155,56,72,25,37,122,34,10,31,47,100,107,29,102,42,138,69,16,16,17,74,44,101,17,19,26,27,45,102,93,73,129,101,30,35,69,122,28,131,119,145,107,84,42,157,122,119,43,46,142,59,157,142,28,47,138,133,30,131,99,30,99,52,98,39,42,82,35,104,96,41,41,48,36,159,130,152,137,47,114,48,48,122,133,43,139,128,119,82,75,144,50,140,113
154,136,78,180,149,70,130,128,115,113,84,75,51,48,161,100,49,144,49,45,76,113,98,57,175,113,169,59,170,135,82,54,47,54,39,84,69,137,120,64,38,154,135,133,113,174,110,69,51,135,174,157,116,78,32,71,52,81,35,27,27,128,116,105,67,41,26,158,83,66,48,22,26,27,26,33,56,30,120,107,148,123,115,106,26,80,55,136,162,168,16,127,55,168,167,141,108,29,10,99,10,144,73,54,52,49,21,12,123,61,39,13,20,30,10,74,34,10,104,100,81,71,47,13,151,16,120,110,68,152,140,99,49,22,18,0,125,1,20,36,32,6,128,110,69,31,117,52,25,21,173,74,90,10,20,140,51,19,15,65,118,125,46,120,26,156,86,27,21,18,91,28,119,23,31,18,18,29,120,111,91,146,119,45,23,87,140,42,149,137,163,124,101,29,175,139,136,58,33,159,75,174,159,31,34,156,151,31,149,116,38,116,39,116,52,33,99,42,121,113,52,35,62,39,177,148,169,155,39,131,40,59,139,150,46,156,145,136,98,90,161,58,157,129
56,52,84,70,53,90,49,49,53,54,74,83,118,130,56,61,123,48,117,139,77,48,57,97,62,47,57,92,57,39,65,95,105,93,141,61,76,37,37,80,116,43,36,35,39,57,39,72,92,34,56,43,35,62,118,67,87,57,149,133,120,26,29,34,67,95,117,39,51,67,85,127,140,142,111,153,76,149,21,28,29,19,22,28,146,50,74,19,39,44,135,13,72,44,43,19,20,99,125,28,130,21,53,73,75,77,105,115,7,64,86,137,144,95,134,51,91,116,21,25,44,54,78,138,26,109,5,15,57,27,15,26,76,103,107,125,0,125,145,89,93,121,5,16,56,94,9,73,101,105,48,51,36,131,143,17,76,109,136,62,14,12,82,14,148,33,42,104,112,116,38,149,17,110,101,127,128,149,19,24,40,28,21,87,137,46,25,91,31,24,43,23,35,144,54,28,27,77,147,41,61,54,42,115,147,40,36,117,36,32,106,33,152,34,90,138,46,105,35,38,92,133,83,114,60,40,54,45,140,38,140,91,42,46,118,50,45,43,58,64,54,102,53,47
154,136,79,180,149,71,131,129,115,113,85,76,52,49,161,100,49,144,50,46,77,114,98,58,175,113,169,60,170,136,83,54,48,55,40,85,70,137,121,65,39,154,136,134,114,174,110,70,52,135,174,157,116,79,33,72,52,81,36,28,28,129,116,105,68,41,27,158,84,66,49,23,26,27,27,34,56,31,120,107,148,123,116,106,27,80,56,136,162,168,17,127,55,168,167,141,109,29,11,100,11,144,74,54,52,49,22,13,123,61,40,14,20,31,11,74,34,10,104,100,81,71,47,14,151,16,120,110,68,152,140,99,49,22,18,1,125,0,20,36,32,5,128,110,69,31,117,52,25,21,173,74,90,9,19,140,51,18,14,65,118,125,46,120,26,156,86,26,20,17,91,27,119,23,30,17,17,29,119,110,91,146,119,44,22,86,140,42,149,137,163,124,101,29,175,139,136,58,32,159,75,174,159,30,34,156,151,30,149,116,37,116,38,115,51,32,99,41,121,112,52,34,61,38,177,147,169,154,38,131,39,59,139,150,45,156,145,136,97,90,161,57,157,129
173,155,95,200,168,86,149,147,133,131,102,92,62,55,180,118,58,163,60,48,94,133,117,73,195,132,189,76,189,155,101,70,62,71,39,103,87,156,140,82,50,174,155,153,133,194,130,88,68,155,194,177,136,97,44,90,70,100,29,32,39,148,136,125,87,59,40,178,103,85,67,30,24,24,42,23,75,21,139,127,168,143,135,125,18,99,75,156,182,188,18,147,75,188,187,161,128,48,23,119,18,164,93,74,72,68,41,31,143,81,59,11,7,50,13,94,54,29,124,120,101,91,67,8,171,36,140,130,88,172,160,119,69,42,38,20,145,20,0,56,52,24,148,130,89,51,137,72,44,40,193,94,110,16,7,160,71,37,13,85,137,144,65,140,13,176,106,44,37,33,111,15,139,39,48,25,25,17,139,130,110,166,138,63,21,106,159,60,168,157,182,144,120,23,195,159,156,76,25,179,94,194,179,43,27,175,170,42,169,135,52,135,30,135,68,33,118,56,140,131,68,38,78,50,196,167,189,174,38,150,39,75,158,169,55,175,164,155,116,107,180,71,176,148
122,105,59,147,117,54,99,97,85,83,61,56,54,60,128,72,55,111,52,64,54,83,69,46,141,82,135,45,136,103,55,41,42,40,62,56,45,103,88,42,43,120,102,100,81,140,78,44,36,101,139,123,83,50,41,43,33,51,65,51,40,94,82,71,38,27,37,123,51,36,26,44,55,57,31,66,28,63,85,72,113,89,81,71,59,46,25,101,126,132,48,91,23,133,132,106,73,16,38,64,43,109,39,20,19,16,19,28,87,27,9,49,56,10,46,39,7,28,68,64,45,36,13,49,115,21,84,74,32,116,104,63,13,14,18,36,89,36,56,0,4,32,92,74,33,5,81,16,12,16,137,38,54,42,54,104,16,21,48,29,81,89,13,84,59,120,50,18,25,29,56,60,83,24,19,40,41,61,84,75,55,110,83,17,50,51,104,19,113,101,127,89,65,57,139,104,101,28,61,123,42,138,124,34,61,120,115,36,113,81,30,81,66,80,29,54,65,33,86,78,32,51,36,39,141,112,134,119,58,96,58,39,105,115,45,121,110,102,66,59,126,44,123,95
126,109,61,151,121,56,103,101,89,87,64,58,54,59,132,76,55,115,52,62,57,87,73,47,145,86,139,46,140,107,59,42,42,42,59,59,48,107,92,45,43,124,106,104,85,144,82,47,38,105,143,127,87,53,40,47,35,54,62,48,38,98,86,75,42,28,35,127,55,40,28,41,52,54,30,63,31,60,89,77,117,93,85,75,56,50,29,105,130,136,44,95,27,137,136,110,77,15,35,68,39,113,43,24,22,19,16,25,92,31,12,45,52,9,42,43,8,24,72,68,49,40,17,46,119,17,88,78,36,120,108,67,17,11,15,32,93,32,52,4,0,28,96,78,37,1,85,20,8,12,141,42,58,38,50,108,19,17,43,33,85,92,15,88,55,123,54,15,21,25,59,56,87,21,16,36,37,57,87,78,59,114,86,18,46,55,108,18,117,105,131,92,69,53,143,107,104,30,56,127,44,142,127,31,57,124,119,33,117,84,28,84,62,84,29,50,68,31,90,81,32,48,37,36,145,116,137,123,54,99,55,39,108,119,43,125,113,105,69,62,129,43,126,98
151,134,78,177,146,70,128,126,113,111,83,75,54,52,158,98,52,141,52,50,75,111,96,58,172,111,166,60,167,133,81,54,48,55,44,82,68,134,118,63,41,151,133,131,111,171,108,68,51,132,171,154,114,76,35,69,51,79,41,32,30,125,113,102,65,40,29,154,81,64,47,26,31,32,28,39,54,36,116,104,145,120,112,102,32,77,53,132,158,164,21,123,52,165,164,138,105,27,15,96,16,141,70,50,49,45,19,13,119,58,36,19,25,28,16,70,31,9,100,96,77,67,44,18,147,13,116,106,64,148,136,95,45,18,15,6,121,5,24,32,28,0,124,106,65,27,113,48,20,16,169,70,86,11,22,136,46,13,16,60,113,120,41,115,28,151,82,21,15,13,87,30,115,18,25,15,15,30,115,106,86,142,114,39,22,82,135,37,144,132,158,120,96,29,170,135,132,53,33,155,70,170,155,26,34,151,146,26,144,111,32,111,39,111,46,31,94,37,116,108,47,32,56,34,172,143,165,150,37,126,38,54,134,145,41,151,140,131,93,85,156,52,152,124
59,56,89,71,56,95,53,54,58,59,79,88,122,134,58,66,127,52,121,143,82,53,62,102,63,52,58,97,58,43,70,100,109,98,145,66,80,40,42,84,120,45,39,39,44,57,44,77,97,37,56,44,39,67,122,72,92,62,153,137,124,30,34,39,71,99,121,40,56,71,89,131,144,146,115,156,80,153,26,33,30,24,27,33,150,54,78,21,38,43,138,17,76,43,42,20,25,102,129,32,134,21,57,76,78,81,109,119,12,68,90,140,147,99,137,55,94,119,25,29,48,58,81,141,24,112,10,19,60,25,13,29,79,106,110,128,5,128,148,92,96,124,0,18,59,97,11,76,104,108,45,54,38,134,146,13,78,112,139,64,13,9,84,13,150,29,44,106,114,118,40,151,16,113,104,130,131,152,17,24,41,23,19,89,140,47,20,94,26,19,38,20,36,146,50,23,22,79,149,36,62,50,37,117,150,35,31,119,31,30,108,31,154,32,91,140,45,107,32,37,94,135,84,116,55,35,50,40,142,34,142,92,37,41,119,45,40,39,57,64,49,103,48,44
66,58,76,84,63,81,54,54,53,54,67,74,106,118,68,56,111,57,105,126,69,48,53,87,76,47,71,81,71,47,57,84,93,82,128,53,65,46,40,69,103,56,44,43,39,72,38,62,81,43,71,57,36,52,105,56,75,47,135,119,107,34,30,30,55,82,103,54,41,55,72,113,126,128,98,138,63,135,25,25,44,26,23,24,132,38,61,32,54,60,120,23,58,60,59,34,15,84,111,18,116,36,39,58,60,63,91,101,17,50,72,122,129,81,119,37,77,101,10,13,30,40,64,123,42,94,12,6,42,42,30,12,61,88,92,110,16,110,130,74,78,106,18,0,41,79,7,58,86,90,63,36,20,116,128,30,60,94,121,46,10,16,66,13,132,46,27,89,97,100,23,133,14,95,86,112,113,134,16,14,25,38,17,72,122,31,33,76,41,31,54,22,22,128,66,34,32,62,132,52,46,66,52,100,132,49,45,102,44,25,91,26,136,27,74,122,34,90,31,30,77,118,68,99,71,46,64,52,124,37,125,76,44,51,102,56,48,43,46,51,61,87,59,44
94,80,57,118,90,57,74,73,64,62,53,54,74,83,100,55,77,84,72,90,49,60,52,57,111,59,106,53,106,75,43,53,59,51,90,42,42,75,61,43,67,90,73,72,55,109,52,39,48,72,108,92,56,36,68,34,43,34,96,81,68,64,53,44,30,46,65,91,30,28,37,74,86,88,59,98,30,95,55,43,81,58,51,42,92,23,26,69,94,100,80,59,22,100,99,74,42,45,71,33,75,76,14,21,22,24,50,60,55,14,32,82,89,40,79,10,36,61,36,32,14,8,23,82,82,53,51,41,6,83,71,30,21,47,51,69,56,69,89,33,37,65,59,41,0,38,48,17,45,49,104,5,21,75,87,71,20,53,80,8,49,56,26,51,91,87,19,48,56,60,24,93,50,54,46,71,72,93,51,42,24,77,50,33,81,22,71,37,80,68,94,56,35,88,106,71,68,27,91,91,22,106,91,61,92,87,83,63,81,50,52,50,97,50,39,83,38,53,56,48,42,79,36,61,109,81,102,87,86,66,86,44,74,84,66,90,79,72,44,41,95,55,92,67
127,110,63,152,122,57,104,103,90,89,65,59,55,59,134,77,55,117,53,62,58,88,75,49,147,88,141,48,141,108,60,44,43,43,59,61,50,109,93,46,43,125,107,105,86,145,83,48,39,107,145,128,89,55,40,48,36,56,62,48,39,100,87,77,43,29,35,128,56,41,30,41,52,53,30,63,33,60,90,78,118,94,86,77,56,51,30,106,131,137,44,97,28,138,137,111,78,16,34,69,39,114,44,26,24,21,16,24,93,32,14,44,51,10,41,44,9,24,73,69,51,41,18,45,120,17,89,79,37,121,109,68,19,10,14,31,94,31,51,5,1,27,97,79,38,0,86,21,7,11,142,43,59,37,49,109,20,16,42,34,86,93,15,88,54,124,55,13,20,23,60,55,88,19,14,35,35,56,88,79,60,115,87,17,45,55,108,18,117,106,131,93,70,52,144,108,105,30,55,128,45,143,128,29,56,124,119,31,118,85,26,85,61,84,29,48,68,30,90,82,31,46,36,34,146,116,138,123,53,100,53,38,109,119,41,125,114,105,69,62,130,42,127,99
64,58,81,79,61,87,54,54,56,56,72,80,113,124,65,60,118,55,112,133,74,50,57,93,72,49,66,88,66,46,62,90,99,88,135,59,72,44,41,75,110,52,42,42,41,67,41,68,87,40,65,52,37,58,112,63,82,53,142,126,114,32,31,34,62,89,110,49,47,62,79,120,133,135,105,146,70,142,25,28,38,25,24,27,139,45,68,28,48,53,127,20,65,53,52,29,18,91,118,23,123,30,46,66,67,70,98,108,13,57,79,130,137,88,126,44,84,108,16,19,37,47,71,130,35,101,8,10,49,36,24,19,68,95,99,117,9,117,137,81,85,113,11,7,48,86,0,65,93,97,56,43,27,123,135,23,67,101,128,53,6,10,73,8,139,39,33,95,103,107,29,140,11,102,93,119,120,141,13,15,31,31,14,78,129,36,26,83,34,25,48,19,26,135,59,28,26,68,138,45,51,59,46,106,139,43,39,108,38,25,97,25,143,27,80,129,37,96,29,31,83,124,73,105,64,40,58,46,131,34,131,82,39,46,109,50,43,40,49,55,55,93,53,42
109,93,57,133,104,55,88,86,75,74,57,54,64,72,115,64,66,99,62,77,51,72,61,51,127,72,121,48,122,90,49,46,50,45,76,48,43,90,75,41,55,106,89,87,69,125,66,40,41,88,125,109,70,42,55,37,36,42,81,66,54,80,68,58,32,36,51,108,40,30,29,59,71,73,45,83,26,79,71,59,98,74,66,57,76,34,22,86,111,117,64,76,17,117,116,90,58,30,54,49,59,93,25,14,14,14,35,44,72,15,18,65,72,25,62,24,21,44,53,49,30,21,10,66,99,37,68,58,17,100,88,47,7,31,35,52,73,52,72,16,20,48,76,58,17,21,65,0,28,32,121,22,38,58,70,88,4,36,63,13,65,72,11,67,74,103,34,31,39,43,39,76,67,38,30,54,55,76,67,58,39,94,66,18,65,35,87,23,97,85,110,72,49,71,123,87,84,20,75,107,28,122,107,45,75,104,99,47,97,65,38,65,80,64,28,66,50,39,70,62,32,63,30,47,125,96,117,103,70,80,70,36,89,99,52,105,94,86,52,47,110,45,107,80
134,117,67,159,129,61,111,109,97,95,70,64,54,57,140,83,54,123,52,59,63,95,81,51,154,94,148,51,148,115,66,46,44,46,55,67,55,116,100,51,42,132,114,112,93,152,90,54,42,114,152,135,95,61,38,54,40,62,56,44,36,107,94,84,49,31,33,135,63,47,34,37,46,48,28,57,38,54,97,85,125,101,93,84,50,58,36,113,138,144,38,104,34,145,144,118,86,16,29,76,33,121,51,32,30,27,14,19,100,39,19,38,45,13,35,51,14,18,81,77,58,48,25,38,127,11,96,86,45,128,116,75,26,6,8,25,101,25,44,12,8,20,104,86,45,7,93,28,0,4,149,50,66,30,42,116,26,9,35,40,93,100,21,95,47,131,62,9,13,17,67,48,95,14,12,28,29,49,95,86,66,122,94,21,38,62,115,20,124,112,138,100,76,45,150,115,112,34,48,135,51,150,135,25,49,131,126,26,124,91,24,91,54,91,31,42,74,28,96,88,33,40,40,31,152,123,145,130,47,106,47,40,115,126,38,132,120,112,74,67,136,42,133,105
137,120,69,163,132,63,115,113,100,98,73,66,54,56,144,86,54,127,52,57,65,98,84,52,157,98,151,52,152,118,69,48,45,47,53,70,57,119,103,53,41,136,118,116,97,156,94,57,43,117,155,139,99,64,37,57,42,66,53,41,34,110,98,87,52,33,31,139,67,50,36,34,43,45,27,53,41,50,101,89,129,105,97,87,46,62,40,117,142,148,35,108,38,149,148,122,89,17,26,80,29,125,55,36,34,31,13,16,104,43,22,34,41,15,31,55,17,15,84,81,62,52,28,34,131,9,100,90,49,132,120,79,30,6,6,21,105,21,40,16,12,16,108,90,49,11,97,32,4,0,153,54,70,26,38,120,30,6,31,44,97,104,25,99,43,135,66,9,11,13,71,44,99,12,13,24,25,45,99,90,70,126,98,24,34,66,119,23,128,116,142,104,80,41,154,119,116,38,45,139,54,154,139,23,46,135,130,25,128,95,24,95,51,95,33,39,78,28,100,92,35,38,42,30,156,127,148,134,44,110,45,42,119,129,37,135,124,115,78,70,140,43,137,108
64,75,128,57,66,135,76,77,88,90,118,127,164,177,57,101,170,65,164,186,122,84,99,144,49,84,49,139,48,62,110,142,152,140,189,106,122,59,72,126,163,47,59,60,77,40,79,119,140,57,38,42,72,108,166,114,135,103,197,181,168,57,68,77,114,143,165,34,98,115,133,175,188,190,159,201,124,198,61,73,36,57,64,73,194,98,122,44,24,21,183,51,120,18,18,36,67,147,174,76,179,33,101,121,123,126,154,164,52,113,135,185,192,144,182,100,139,164,70,74,93,102,126,186,24,157,54,64,105,22,34,74,124,151,155,173,48,173,193,137,141,169,45,63,104,142,56,121,149,153,0,99,83,179,191,33,123,157,184,109,56,49,129,54,195,20,88,151,159,163,83,196,56,157,148,174,175,196,56,65,85,31,57,134,184,90,38,138,31,41,21,54,77,191,19,41,43,122,194,26,105,21,26,161,194,30,33,163,35,65,152,66,198,67,134,184,84,150,64,72,137,179,126,160,30,42,32,39,186,58,186,134,53,46,162,44,51,57,94,102,44,145,47,67
92,78,60,114,87,61,72,71,63,62,55,57,78,88,97,56,82,82,77,95,52,59,52,62,108,58,102,57,102,72,45,58,64,56,96,43,46,72,59,47,72,86,70,69,53,105,51,42,53,69,104,89,54,38,73,37,48,35,101,86,74,61,50,42,33,51,70,87,31,31,42,79,92,94,64,104,35,101,51,40,77,54,47,39,97,23,31,65,89,95,85,55,27,96,95,69,38,50,76,30,81,72,15,26,27,30,56,66,51,18,37,87,94,46,84,11,41,66,32,28,12,10,29,88,78,59,47,37,10,78,66,26,26,52,56,74,51,74,94,38,42,70,54,36,5,43,43,22,50,54,99,0,16,80,92,66,24,58,85,11,43,50,31,46,96,81,14,53,61,64,18,97,45,59,50,76,77,98,46,37,19,72,45,36,86,17,66,41,75,63,89,51,29,93,101,66,63,29,96,85,20,100,86,65,96,82,77,67,76,44,56,45,101,45,41,87,33,56,50,43,45,83,38,65,103,75,96,82,90,60,90,46,69,79,69,85,74,66,40,38,89,57,86,62
81,69,67,101,77,70,64,63,58,57,60,64,91,102,84,55,95,71,90,110,59,53,51,73,94,52,89,68,89,61,49,69,77,67,111,46,54,60,50,56,86,73,59,57,46,91,44,50,65,57,90,75,45,43,88,45,60,39,117,101,89,49,40,34,42,65,85,73,33,41,56,95,107,109,79,120,47,116,39,31,63,41,35,30,113,27,44,51,74,80,101,41,41,80,79,54,25,66,92,19,97,56,23,40,42,45,72,81,36,32,53,103,110,61,100,20,57,82,18,15,14,22,44,104,62,75,31,22,24,63,51,12,42,68,72,90,36,90,110,54,58,86,38,20,21,59,27,38,66,70,83,16,0,96,108,50,40,74,101,26,27,34,46,30,112,65,9,68,76,80,8,113,29,75,66,92,93,113,30,22,11,56,30,51,102,14,50,56,59,47,73,36,18,108,85,50,48,42,111,70,28,84,70,80,112,66,62,82,60,31,71,32,116,32,55,102,26,70,37,32,58,98,49,79,88,60,81,67,104,47,105,57,55,64,83,70,60,53,37,39,75,68,72,50
162,145,88,188,157,80,139,137,123,122,94,85,61,57,169,109,58,152,59,53,86,122,107,67,183,122,177,69,178,144,91,64,57,64,45,93,78,145,128,74,48,162,143,141,121,182,118,79,61,143,181,165,124,87,42,80,61,90,39,35,37,136,123,113,76,50,36,165,91,74,57,31,31,31,36,35,64,33,127,114,155,131,123,113,29,87,64,143,168,174,21,134,63,175,174,148,115,38,19,106,17,151,81,61,59,56,30,22,130,68,47,15,19,38,13,81,42,19,111,107,88,78,54,13,157,24,126,116,75,158,146,105,56,29,25,10,131,9,16,42,38,11,134,116,75,37,123,58,30,26,179,80,96,0,12,146,56,22,5,70,123,130,50,125,17,161,91,29,21,17,96,19,124,24,33,11,11,20,124,116,96,151,124,48,13,91,145,44,154,142,168,129,105,19,180,144,141,61,23,164,78,179,164,28,24,160,155,27,154,120,36,120,29,119,53,24,102,40,125,116,52,27,63,36,181,152,174,159,30,135,31,59,143,154,41,160,148,140,100,92,165,56,161,132
173,156,97,200,168,89,150,148,134,132,103,94,67,61,181,119,63,163,65,54,95,133,118,76,195,133,188,78,189,155,102,72,65,73,46,104,89,156,140,84,54,173,155,153,133,193,130,89,70,154,193,176,136,98,48,91,71,101,36,37,43,148,135,124,87,60,43,177,103,85,68,35,30,30,45,30,75,28,139,126,167,142,135,125,25,99,75,155,180,186,23,145,74,187,186,160,127,48,25,118,21,163,92,73,71,68,41,32,142,80,59,15,14,50,16,93,53,30,122,119,100,90,66,12,169,35,138,128,86,170,158,117,67,41,37,20,143,19,7,54,50,22,146,128,87,49,135,70,42,38,191,92,108,12,0,158,68,34,7,82,135,142,62,137,7,173,103,41,33,29,108,9,136,35,44,20,19,11,136,127,108,163,136,59,14,103,157,56,166,154,180,141,117,16,192,156,153,72,18,176,90,191,176,37,20,172,167,36,165,132,47,132,24,131,64,26,114,50,137,128,63,30,74,44,193,164,185,171,31,146,32,69,155,166,48,172,160,151,111,103,176,65,173,144
60,62,101,68,59,107,60,61,67,69,91,100,135,147,58,76,140,55,134,156,94,63,74,114,59,62,55,109,55,48,82,112,121,110,158,78,93,45,51,97,133,44,44,44,54,52,55,89,109,42,51,42,49,79,135,84,104,74,165,149,137,37,43,50,84,112,133,36,68,84,102,143,156,158,128,169,93,166,36,45,28,32,37,45,162,67,91,25,31,35,151,25,88,34,33,19,37,115,141,45,146,17,69,89,91,93,121,131,23,80,102,153,160,111,150,67,107,132,38,42,60,70,94,153,16,124,22,32,73,15,9,42,91,118,122,140,17,140,160,104,108,136,13,30,71,109,23,88,116,120,33,66,50,146,158,0,90,124,151,76,23,16,96,22,162,16,55,118,126,130,50,163,23,124,115,141,142,163,24,33,52,12,25,101,151,57,13,105,16,15,26,23,45,158,37,17,18,90,161,25,72,37,25,128,161,24,22,131,22,35,119,36,165,37,102,151,53,118,35,42,104,146,94,127,43,28,38,31,153,34,153,102,34,34,130,36,35,37,64,72,40,113,40,44
113,97,62,137,108,59,92,90,79,78,61,59,66,73,119,69,69,103,64,78,55,76,65,54,131,76,125,51,125,93,53,49,53,48,77,53,47,94,79,45,57,109,92,90,73,128,70,44,44,91,128,112,74,47,56,42,40,46,81,66,55,84,72,62,36,38,52,111,45,34,33,59,71,72,46,82,30,79,74,62,101,77,70,61,75,38,26,89,114,119,63,79,21,120,119,93,61,30,54,53,58,96,29,18,18,17,34,43,75,19,19,64,71,25,61,28,21,43,56,52,34,25,13,64,102,36,71,61,21,102,91,50,10,30,34,51,76,51,71,16,19,46,78,60,20,20,67,4,26,30,123,24,40,56,68,90,0,34,61,14,67,74,7,69,72,105,35,28,36,40,40,73,68,35,26,52,53,73,69,60,40,96,68,14,62,36,89,18,98,86,112,73,50,68,124,88,86,16,72,108,26,123,109,41,72,105,100,43,98,65,34,65,77,65,24,63,49,35,71,62,27,60,26,43,126,97,118,104,66,80,67,32,89,100,48,106,94,86,51,45,110,40,107,80
143,126,75,168,138,68,120,118,105,104,79,72,58,59,149,92,57,132,56,59,71,104,89,57,163,103,157,58,157,124,75,53,49,53,54,76,63,124,109,59,45,141,123,121,102,161,99,62,49,122,160,144,104,69,40,63,47,71,53,43,37,115,103,92,58,38,34,144,72,56,42,36,43,45,31,52,47,49,106,94,134,110,102,92,45,67,45,122,147,153,34,112,43,153,152,127,94,23,26,85,28,129,60,41,39,36,17,18,108,48,28,32,38,21,29,60,23,16,89,85,66,57,34,32,136,12,105,95,53,136,124,84,34,12,10,19,109,18,37,21,17,13,112,94,53,16,101,36,9,6,157,58,74,22,34,124,34,0,27,48,101,108,28,103,38,139,69,8,5,8,74,39,102,7,12,19,20,40,102,93,74,129,101,26,29,69,123,23,132,120,146,107,83,36,158,122,119,39,39,142,57,157,142,18,40,138,133,20,132,98,21,98,45,98,33,33,81,26,103,94,34,32,43,26,159,130,152,137,38,113,39,41,121,132,33,138,127,118,79,71,143,41,139,111
168,150,93,194,162,85,144,142,129,127,99,90,65,60,175,114,61,157,63,55,91,128,112,72,188,127,182,74,183,149,97,69,62,69,47,98,84,150,134,79,52,167,149,147,127,187,124,84,66,148,187,170,130,93,46,85,67,95,39,37,41,141,129,118,81,56,40,170,97,80,63,34,32,32,41,34,70,32,132,120,160,136,128,118,28,93,69,148,174,179,23,139,68,180,179,153,121,43,23,112,20,156,86,66,65,61,35,27,135,74,52,16,18,44,15,86,47,24,116,112,93,83,59,13,162,30,131,121,80,163,151,110,61,34,31,15,136,14,13,48,43,16,139,121,80,42,128,63,35,31,184,85,101,5,7,151,61,27,0,75,128,135,55,130,12,166,96,33,25,22,101,13,129,28,37,13,12,14,129,120,100,156,128,52,10,96,149,49,159,147,173,134,110,15,185,149,146,65,18,169,83,184,169,30,20,165,160,29,158,125,39,125,25,124,56,22,107,43,129,121,56,26,66,37,186,156,178,163,28,139,29,62,148,158,42,165,153,144,104,96,169,58,165,136
102,88,62,125,97,62,82,81,71,70,59,59,75,83,107,63,78,92,73,90,55,68,59,60,119,67,113,56,113,82,50,55,61,54,89,49,47,82,69,47,67,97,81,79,63,116,60,44,51,80,115,99,64,43,67,40,45,41,94,79,67,72,61,52,35,47,64,98,38,33,39,72,84,86,58,96,33,92,62,51,88,65,58,49,89,30,29,76,100,106,77,66,24,106,105,80,49,43,67,40,72,82,21,22,23,24,48,57,61,17,30,78,85,38,75,18,34,57,42,39,22,16,22,78,88,50,57,48,13,89,77,37,19,43,47,65,62,65,85,29,33,60,64,46,8,34,53,13,40,44,109,11,26,70,82,76,14,48,75,0,53,60,20,55,86,91,21,42,50,54,26,87,54,48,40,65,66,87,55,46,26,81,54,26,76,22,75,30,84,72,98,59,36,82,110,75,72,19,85,94,17,109,95,54,86,91,86,56,84,52,45,52,90,51,31,76,37,45,57,49,35,72,29,54,112,83,105,90,79,67,79,37,76,86,59,92,81,73,41,37,97,47,94,67
69,64,86,84,66,91,60,60,61,62,77,84,116,127,70,66,120,61,115,136,78,56,62,96,76,55,71,91,71,52,67,93,102,91,137,63,75,49,47,79,112,57,48,48,47,70,47,72,90,46,69,57,43,62,114,66,85,57,144,128,115,38,37,39,65,91,112,52,51,65,81,122,134,136,106,147,72,144,31,33,42,30,30,33,140,48,70,32,51,56,128,26,67,56,55,33,24,93,119,28,124,34,48,67,69,72,99,109,19,59,80,130,137,89,127,46,85,109,20,23,39,48,72,131,37,102,13,15,51,37,26,22,69,96,100,118,14,118,137,81,85,113,13,10,49,86,6,65,93,97,56,43,27,123,135,23,67,101,128,53,0,7,73,3,139,38,32,95,103,107,27,140,5,101,92,118,119,140,7,11,29,29,8,77,128,34,23,82,32,21,46,13,22,135,58,24,22,66,138,43,49,57,43,105,138,40,35,107,34,19,96,20,142,21,79,128,33,95,23,25,81,123,71,104,61,36,55,42,130,28,130,79,34,41,107,46,38,34,45,51,51,90,49,36
67,64,91,80,65,97,61,61,64,65,82,90,122,134,67,70,127,60,121,142,84,59,67,103,72,58,67,97,67,51,72,100,109,98,144,69,81,49,49,85,119,54,48,47,50,66,50,78,97,46,64,53,46,68,121,72,91,63,151,135,122,38,40,43,71,98,119,48,57,71,88,129,141,143,113,154,79,151,33,37,39,31,33,37,147,54,77,30,46,50,136,25,74,50,49,29,28,100,126,33,131,29,55,74,76,79,106,116,19,66,87,137,144,96,134,53,92,116,26,29,46,55,79,138,31,109,15,20,58,31,21,28,76,103,107,125,12,125,144,89,92,120,9,16,56,93,10,72,100,104,49,50,34,130,142,16,74,108,135,60,7,0,80,5,146,31,39,102,110,114,34,147,7,108,99,125,126,147,8,16,36,22,10,84,135,41,17,88,25,15,39,11,28,141,51,18,16,73,145,36,56,50,36,112,145,33,29,114,28,21,102,22,149,23,85,134,37,101,23,28,88,130,77,110,55,31,48,36,136,26,136,86,30,36,113,40,34,31,49,56,45,96,44,35
120,104,66,144,115,62,98,97,86,84,66,63,66,72,125,74,68,109,64,77,60,83,71,56,137,82,132,54,132,100,59,51,53,50,74,59,51,100,86,49,56,116,99,97,79,135,76,49,46,98,134,118,81,52,54,47,42,52,77,63,53,90,79,69,42,39,50,118,51,39,35,56,67,69,44,78,34,75,81,69,108,84,77,68,71,45,30,95,120,126,59,86,26,126,125,100,68,29,50,59,54,102,36,23,22,20,31,39,81,25,20,59,66,23,56,34,20,39,62,58,40,31,16,59,108,32,77,67,28,109,97,57,14,26,29,46,82,46,65,13,15,41,84,66,26,15,73,11,21,25,129,31,46,50,62,96,7,28,55,20,73,80,0,75,66,111,41,22,30,34,46,67,74,28,20,45,46,67,74,65,45,101,73,8,55,41,94,12,103,92,118,79,55,62,130,94,91,15,65,114,30,129,114,34,66,110,105,37,103,70,27,70,70,70,19,56,53,28,75,67,23,53,24,36,131,102,124,109,60,85,60,28,94,104,42,110,99,90,54,47,115,35,112,84
70,65,88,84,67,93,62,62,64,64,80,87,119,130,70,68,123,62,117,138,81,59,65,99,76,58,71,94,71,53,69,96,105,94,140,66,78,51,49,81,115,57,49,49,49,70,49,75,93,48,69,57,46,65,117,69,87,60,146,131,118,40,39,42,68,94,114,52,54,67,84,124,137,139,109,149,75,146,33,36,43,32,32,35,142,51,72,33,50,55,131,27,70,55,54,33,26,95,121,30,126,33,51,70,71,74,101,111,20,61,82,133,139,91,129,48,87,111,23,25,42,51,74,133,36,104,15,17,53,36,25,24,71,98,102,120,14,120,140,84,88,115,13,13,51,88,8,67,95,99,54,46,30,125,137,22,69,103,130,55,3,5,75,0,141,36,34,97,105,109,29,142,3,103,94,120,121,142,5,11,30,27,6,79,130,36,21,83,29,18,43,10,23,136,55,22,19,68,140,40,51,55,40,107,140,37,33,109,31,17,97,18,144,20,80,129,33,96,21,24,83,125,72,105,59,33,52,39,131,26,131,81,31,38,108,43,36,32,45,51,48,91,46,34
179,162,104,205,174,96,156,154,140,139,110,101,74,68,186,126,70,169,72,61,102,139,124,83,200,139,194,85,195,161,108,79,72,80,52,110,95,162,145,90,61,179,160,158,139,199,135,95,77,160,198,182,141,104,55,97,78,107,42,44,50,153,141,130,93,67,50,182,109,91,74,42,37,37,52,35,81,34,144,131,172,148,140,130,31,104,81,160,185,191,30,150,80,192,191,165,132,55,33,123,29,167,98,78,76,73,47,38,146,85,64,22,20,55,23,98,59,36,127,123,104,95,71,19,174,41,143,133,91,175,163,122,72,46,42,26,148,26,13,59,55,28,150,132,91,54,139,74,47,43,195,96,112,17,7,162,72,38,12,86,139,146,66,141,0,177,107,44,36,32,112,2,140,38,47,21,20,4,140,131,111,167,139,62,13,106,160,59,169,157,183,144,120,11,195,159,156,75,12,179,93,195,180,38,14,176,171,36,169,135,48,135,17,134,66,22,117,51,140,131,65,28,75,44,196,167,189,174,27,149,28,70,158,169,47,175,163,154,113,105,179,65,175,146
67,72,116,67,67,123,72,73,81,82,107,116,151,163,62,91,156,64,150,172,110,77,89,131,59,76,57,125,56,59,98,128,138,126,174,94,109,55,64,113,149,49,55,55,68,51,69,106,126,53,49,46,63,95,151,100,120,90,181,165,153,49,58,66,100,128,149,38,84,100,118,159,172,174,144,185,109,181,50,60,34,47,53,61,178,83,107,36,30,30,166,40,104,28,28,29,53,130,157,61,162,25,85,105,107,109,137,147,38,96,118,168,175,127,165,83,122,147,54,58,76,86,109,169,17,140,38,48,88,15,21,58,107,134,138,156,33,156,176,120,123,151,29,46,87,124,39,103,131,135,20,81,65,161,173,16,105,139,166,91,38,31,111,36,177,0,70,133,141,145,65,178,37,139,130,156,157,178,37,46,66,11,38,115,166,71,18,119,11,22,11,34,58,172,21,21,24,104,175,12,86,21,13,143,175,14,16,145,17,46,133,46,180,47,115,165,65,131,44,52,118,160,107,141,28,25,25,24,167,38,167,115,35,30,143,29,34,39,74,83,32,125,33,48
89,78,71,109,85,73,73,72,66,65,65,69,92,102,93,62,96,80,91,109,63,61,58,75,102,60,97,70,97,70,54,71,78,69,109,52,57,69,58,59,86,81,67,66,54,98,52,54,66,66,98,83,53,48,87,48,61,44,114,99,87,57,49,43,45,65,84,81,38,44,56,93,105,107,78,117,48,114,47,39,70,50,44,38,110,32,45,58,81,87,98,49,40,87,86,61,34,63,89,28,93,63,26,39,41,43,69,78,43,32,51,99,106,59,96,22,54,78,26,23,18,23,42,100,68,71,38,30,23,69,57,21,39,65,69,86,42,86,106,50,54,82,44,27,19,55,33,34,62,66,88,14,9,91,103,55,35,69,96,21,32,39,41,34,107,70,0,63,71,75,5,108,33,69,60,86,87,108,33,24,6,60,32,45,96,6,53,49,63,51,77,38,16,102,89,53,50,35,106,73,19,88,73,73,106,69,65,75,63,31,64,31,110,31,47,96,21,63,37,30,50,91,41,72,91,62,83,69,98,47,98,49,55,65,75,71,60,53,30,31,76,60,73,48
140,123,76,164,135,70,117,116,103,102,79,73,63,65,146,91,63,129,61,66,71,101,88,60,159,101,153,60,153,120,74,55,53,55,62,74,63,121,106,59,50,137,120,118,99,157,96,62,51,119,156,140,101,68,46,62,49,69,61,50,43,111,99,89,57,41,41,139,69,54,43,43,51,52,36,60,46,57,102,90,129,105,98,88,53,64,44,117,142,148,42,107,41,148,147,122,90,25,33,81,36,124,56,39,37,34,22,25,103,44,27,40,46,22,37,55,22,23,84,80,62,52,31,39,130,18,99,89,49,131,119,78,31,15,16,27,104,26,44,18,15,21,106,89,48,13,95,31,9,9,151,53,68,29,41,118,28,8,33,42,95,102,22,97,44,133,63,0,8,12,68,45,96,6,4,23,24,45,96,87,67,123,95,19,33,62,116,16,125,113,139,100,77,40,151,116,113,32,43,136,49,151,136,16,44,132,127,18,125,91,15,91,49,91,25,35,73,19,96,87,26,33,35,22,153,123,145,130,39,106,40,33,114,125,29,131,120,111,72,64,136,34,132,103
147,130,80,172,142,73,124,122,110,108,84,77,63,64,153,97,62,136,61,63,76,108,94,63,166,107,160,63,161,128,79,58,55,58,58,80,68,128,113,64,50,145,127,125,106,164,103,67,54,126,164,147,108,74,45,67,53,75,55,46,41,119,107,96,63,43,39,147,76,61,47,40,46,47,36,54,52,51,109,97,137,113,105,96,47,71,50,125,150,156,36,115,48,156,155,129,97,28,29,88,31,132,63,45,44,40,23,22,111,51,33,33,39,26,30,63,28,20,92,88,69,60,38,32,138,17,107,97,56,139,127,86,38,17,16,21,112,20,37,25,21,15,114,97,56,20,103,39,13,11,159,61,76,21,33,126,36,5,25,50,103,110,30,105,36,141,71,8,0,4,76,37,104,3,11,15,16,37,104,95,75,131,103,26,25,70,124,23,133,121,147,108,84,32,159,123,121,40,36,144,57,159,144,13,36,140,135,14,133,99,17,99,41,98,32,29,81,22,104,95,32,27,42,21,161,131,153,138,33,114,34,39,122,133,28,139,127,119,79,71,144,38,140,111
150,133,82,175,145,75,128,126,113,112,86,79,64,63,157,100,62,140,62,62,79,111,97,64,170,111,164,65,164,131,82,60,56,60,56,83,71,132,116,67,50,148,131,129,110,168,106,70,56,130,167,151,112,77,45,70,55,79,53,45,41,123,110,100,66,45,39,151,80,64,50,38,44,45,36,51,55,48,113,101,141,117,109,100,44,75,53,129,154,159,34,119,51,160,159,133,101,30,27,92,28,136,67,49,47,44,24,22,115,55,36,30,36,28,28,67,31,19,96,92,73,64,41,29,142,18,111,101,60,143,131,90,42,19,17,18,116,17,33,29,25,13,118,100,60,23,107,43,17,13,163,64,80,17,29,130,40,8,22,54,107,114,34,109,32,145,75,12,4,0,80,33,108,6,15,11,12,33,108,99,79,135,107,30,22,74,128,27,137,125,151,112,88,28,163,127,124,43,32,147,61,163,148,13,33,144,139,14,137,103,20,103,38,102,35,25,85,24,108,99,35,24,45,22,164,135,157,142,30,117,31,42,126,137,28,143,131,122,83,74,148,40,144,115
87,76,74,106,83,76,71,70,66,65,67,72,96,106,90,63,100,77,95,114,66,61,59,79,99,60,93,74,94,67,57,75,82,73,114,54,61,66,57,62,91,78,65,63,53,95,51,57,71,63,94,79,52,50,91,51,65,46,119,104,92,55,47,42,48,70,89,77,40,47,60,98,110,112,83,122,52,119,45,38,66,47,42,37,115,34,49,55,77,82,103,46,45,82,81,57,32,68,94,27,98,59,29,44,46,48,74,83,40,36,56,104,111,64,101,26,59,83,24,21,21,27,47,105,64,76,34,26,28,64,52,18,44,70,74,91,38,91,111,56,59,87,40,23,24,60,29,39,67,71,83,18,8,96,108,50,40,74,101,26,27,34,46,29,112,65,5,68,76,80,0,113,28,74,65,91,92,113,28,19,3,55,27,50,101,8,48,54,57,46,71,33,11,107,84,48,45,39,110,68,23,83,68,78,111,64,59,80,58,26,68,27,115,26,52,100,18,67,32,25,54,96,45,77,86,57,78,64,102,42,103,53,50,60,80,66,56,48,29,31,71,64,68,44
181,163,106,207,176,98,158,156,142,140,112,103,76,70,188,128,72,171,74,63,104,141,126,85,202,141,195,87,196,162,110,81,74,82,54,112,97,163,147,92,64,180,162,160,140,200,137,97,79,161,200,183,143,106,57,99,80,108,44,47,52,155,142,131,95,69,52,183,110,93,76,44,39,39,54,37,83,36,145,133,173,149,141,131,33,106,82,161,186,192,32,152,82,193,192,166,134,56,35,125,31,169,99,80,78,75,49,40,148,87,66,25,22,57,25,99,60,38,128,124,106,96,73,21,175,43,144,134,93,176,164,123,74,48,44,28,149,27,15,60,56,30,151,133,93,55,140,76,48,44,196,97,113,19,9,163,73,39,13,87,140,147,67,142,2,178,108,45,37,33,113,0,141,39,48,22,21,2,141,132,112,168,140,63,13,107,161,59,170,158,184,145,121,10,196,160,157,76,10,180,94,195,180,38,12,176,171,36,170,136,48,136,15,135,66,21,117,51,140,131,65,27,76,44,197,167,189,174,26,150,26,71,158,169,47,175,163,155,114,105,180,65,176,147
73,68,90,87,71,95,65,65,66,67,81,88,119,130,73,71,124,66,118,139,83,61,67,100,79,60,74,95,74,56,71,97,105,95,140,68,79,54,52,82,115,60,53,52,52,73,52,76,93,51,72,60,48,66,117,70,88,62,146,131,118,43,42,44,69,94,115,55,55,68,85,124,137,139,109,149,76,146,36,38,45,35,35,38,142,52,73,36,53,57,130,30,70,57,56,35,29,95,121,32,126,36,51,70,72,74,101,111,24,61,82,132,139,91,129,49,87,111,24,27,42,51,74,133,38,104,18,20,53,38,28,25,71,97,101,119,17,119,139,83,87,115,16,14,50,88,11,67,95,99,56,45,29,124,136,23,68,102,129,54,5,7,74,3,140,37,33,96,104,108,28,141,0,102,93,119,120,141,2,9,29,27,3,78,129,34,21,82,30,18,44,8,21,135,56,21,18,67,138,40,49,55,41,106,138,37,32,108,31,14,96,15,143,17,78,128,30,95,18,21,81,123,71,104,59,32,51,38,130,23,130,79,29,37,106,42,34,29,42,49,47,89,45,31
146,129,80,171,141,74,123,122,109,108,84,77,65,66,152,96,64,136,63,66,76,107,94,64,165,107,159,64,160,127,79,59,56,59,60,80,68,127,112,64,52,143,126,124,105,163,102,67,55,125,162,146,107,74,47,67,53,75,58,49,44,118,106,95,62,44,41,146,75,60,47,42,49,50,38,57,52,54,108,96,136,112,104,95,50,70,50,123,148,154,39,114,47,154,153,128,96,29,31,87,33,130,62,45,43,40,24,25,109,51,33,36,42,26,33,62,28,22,90,86,68,59,37,35,136,19,106,96,55,137,125,85,37,18,17,23,110,23,39,24,21,18,113,95,54,19,102,38,14,12,157,59,75,24,35,124,35,7,28,48,101,108,28,103,38,139,69,6,3,6,74,39,102,0,9,17,18,39,102,93,73,129,101,24,27,68,122,21,131,119,145,106,82,34,157,121,118,37,37,141,55,156,141,11,38,138,133,13,131,97,15,97,42,96,29,29,79,19,102,93,29,27,39,19,158,129,150,136,33,111,34,36,120,131,26,137,125,116,76,68,141,35,138,109
138,122,77,163,134,72,116,115,103,101,79,74,66,69,144,91,66,128,64,70,72,101,88,62,157,100,151,62,152,119,74,57,56,57,66,74,64,119,104,60,54,135,118,116,98,155,95,62,53,117,154,138,100,68,50,62,50,69,65,54,47,110,98,88,57,43,44,137,69,54,44,47,55,57,40,64,47,61,100,88,127,103,96,87,57,63,44,115,140,145,46,105,41,146,145,119,88,28,38,79,40,122,55,38,37,34,25,29,101,43,28,44,50,24,41,54,24,27,82,78,60,51,30,43,128,22,97,87,47,128,116,76,30,18,19,31,101,30,48,19,16,25,104,86,46,14,93,30,12,13,148,50,66,33,44,115,26,12,37,40,92,99,20,94,47,130,60,4,11,15,65,48,93,9,0,26,27,48,93,84,64,120,92,15,36,59,113,12,122,110,136,97,73,42,148,112,109,28,46,132,46,147,132,16,46,128,123,18,122,88,12,88,51,87,21,37,70,16,93,84,22,34,31,20,149,120,141,127,40,102,41,29,111,122,27,128,116,107,68,59,132,30,129,100
161,145,91,187,157,84,139,137,124,122,96,89,69,66,168,110,66,151,67,63,88,122,108,72,181,122,175,74,176,142,93,68,63,69,56,94,81,143,128,76,55,160,142,140,121,179,118,80,65,141,179,163,123,88,49,81,64,90,50,45,45,134,122,111,77,54,44,162,91,75,59,40,42,42,43,46,65,44,125,112,152,128,121,111,40,86,64,140,165,171,32,130,62,171,170,145,113,40,28,104,27,147,78,60,58,55,33,27,126,66,47,26,30,39,24,78,41,24,107,103,85,75,52,24,153,26,122,113,72,154,142,102,53,29,26,18,127,17,25,40,36,15,130,112,71,35,119,54,28,24,174,76,92,11,20,141,52,19,13,65,118,125,45,120,21,156,86,23,15,11,91,22,119,17,26,0,1,22,119,110,90,146,118,41,10,85,139,37,148,136,162,123,99,17,174,138,135,54,21,158,72,173,158,17,21,154,149,16,147,114,27,114,26,113,44,16,95,31,118,109,43,17,54,25,175,145,167,152,22,128,23,50,136,147,30,153,141,133,92,83,158,45,154,125
162,145,92,188,157,85,140,138,125,123,97,89,69,66,169,111,66,152,67,63,89,123,109,73,182,123,176,74,177,143,94,69,64,69,56,95,81,144,128,77,56,161,143,141,122,180,119,81,65,142,180,164,124,89,50,82,65,91,50,45,45,135,123,112,77,55,44,163,92,75,60,40,41,42,43,46,66,43,126,113,153,129,121,112,39,87,65,141,166,172,32,131,63,172,171,146,114,40,28,105,27,148,79,61,59,56,33,28,127,67,48,26,29,39,24,79,42,25,108,104,86,76,53,24,154,27,123,114,73,155,143,103,54,30,27,18,128,17,25,41,37,15,131,113,72,35,120,55,29,25,175,77,93,11,19,142,53,20,12,66,119,126,46,121,20,157,87,24,16,12,92,21,120,18,27,1,0,21,120,111,91,147,119,42,9,86,140,38,149,137,163,124,100,16,175,139,136,55,20,159,73,174,159,18,21,155,150,17,148,115,28,115,26,114,45,16,96,31,119,110,44,17,55,25,176,146,168,153,22,129,22,51,137,148,30,154,142,134,93,84,159,46,155,126
182,164,107,207,177,99,158,157,143,141,113,104,78,72,189,129,74,171,76,65,105,142,127,86,202,141,196,89,197,163,111,83,76,84,56,113,98,164,148,93,65,181,163,161,141,201,138,98,80,162,200,184,144,107,59,100,81,109,46,48,54,155,143,132,96,70,54,184,111,94,77,46,41,41,55,39,84,38,146,133,174,149,142,132,35,107,83,161,187,193,34,152,82,193,192,166,134,57,36,125,32,169,99,80,78,75,50,41,148,87,66,26,24,58,27,99,61,39,129,125,106,96,73,23,175,44,144,134,93,176,164,123,74,48,45,29,149,29,17,61,57,30,152,134,93,56,141,76,49,45,196,98,113,20,11,163,73,40,14,87,140,147,67,142,4,178,108,45,37,33,113,2,141,39,48,22,21,0,141,132,112,168,140,63,12,107,161,59,170,158,184,145,121,8,196,160,157,75,9,180,93,195,180,37,10,176,171,36,169,136,48,136,13,135,66,20,117,51,140,131,64,25,75,43,197,167,189,174,24,149,25,70,158,169,45,175,163,154,113,105,179,64,176,146
75,70,92,88,72,96,67,67,68,69,83,90,120,131,75,72,125,67,119,140,84,63,69,101,80,62,76,96,75,58,73,98,107,96,141,69,81,56,54,84,116,62,55,54,54,74,54,77,95,53,73,62,50,68,118,72,89,63,147,131,119,45,44,46,70,95,115,57,57,69,85,125,137,139,110,149,77,146,38,40,47,37,37,40,143,53,74,38,54,59,131,32,71,58,57,37,31,96,122,34,126,37,52,70,72,75,101,111,25,62,83,132,139,91,129,50,87,111,26,28,43,52,74,133,39,104,20,22,54,39,29,27,72,98,102,120,19,119,139,84,87,115,17,16,51,88,13,67,95,99,56,46,30,124,136,24,69,102,129,55,7,8,74,5,140,37,33,96,104,108,28,141,2,102,93,119,120,141,0,9,29,27,1,78,129,34,20,82,29,17,43,6,21,135,55,20,17,66,138,40,49,55,40,105,138,36,32,107,30,13,96,13,143,15,78,128,29,94,16,19,81,123,70,103,58,31,51,37,129,21,130,78,27,35,106,41,32,27,40,48,46,89,43,29
79,72,86,94,76,90,68,68,67,67,78,84,113,124,80,69,117,70,112,132,79,62,65,94,86,61,81,89,81,61,67,91,99,89,132,64,74,59,54,77,108,67,57,57,53,81,52,71,87,56,80,67,50,62,110,65,82,57,138,123,111,47,44,44,63,87,107,63,51,62,78,116,129,131,101,141,69,138,39,38,53,39,37,37,134,47,66,43,62,66,122,35,63,66,65,43,29,87,113,30,117,44,45,62,64,66,93,102,29,54,74,124,130,83,120,42,78,103,23,24,36,44,66,124,47,95,23,20,46,47,36,21,63,89,93,111,24,110,130,75,78,106,24,14,42,79,15,58,86,90,65,37,22,116,127,33,60,93,120,46,11,16,65,11,131,46,24,87,95,99,19,132,9,93,84,110,111,132,9,0,20,36,8,69,120,25,29,73,38,26,52,14,12,126,64,29,26,57,129,49,40,64,49,96,129,45,40,99,39,11,87,12,134,13,69,119,22,85,17,16,72,114,61,95,66,38,59,45,121,26,121,70,33,42,97,48,38,32,34,40,53,80,50,31
90,79,76,109,86,78,74,73,69,68,70,74,98,107,93,66,101,80,96,115,69,64,62,80,101,63,96,76,96,70,59,76,83,74,115,57,63,69,60,64,92,81,68,66,56,97,54,59,72,66,96,82,55,53,92,54,66,49,120,105,93,57,50,45,50,71,89,79,43,49,62,98,110,112,83,122,54,119,48,41,69,50,45,40,115,37,50,57,79,84,103,48,46,84,83,60,35,68,94,30,98,61,31,45,47,49,74,83,42,38,56,104,111,64,101,27,60,83,27,25,23,28,47,104,65,76,37,29,29,66,54,21,44,70,73,91,40,91,110,55,59,86,41,25,24,60,31,39,66,70,85,19,11,96,108,52,40,74,100,26,29,36,45,30,111,66,6,67,75,79,3,112,29,73,64,90,91,112,29,20,0,56,28,49,100,5,49,53,58,46,72,33,10,106,84,49,46,38,109,68,21,83,69,77,109,65,60,79,58,25,67,26,114,26,50,99,16,66,31,24,52,94,43,75,86,57,78,64,101,41,101,51,50,60,78,66,55,47,26,28,71,62,68,42
71,73,112,75,70,117,72,73,79,80,102,110,144,156,68,88,149,67,143,164,105,75,85,124,67,74,64,119,63,60,92,122,131,119,166,89,103,57,63,106,141,54,56,56,65,59,66,99,119,54,57,52,61,89,143,94,113,84,173,157,145,49,55,62,93,120,141,44,78,93,110,151,163,165,135,176,101,173,47,56,38,44,49,56,169,76,99,36,38,40,157,37,96,38,37,30,48,122,148,54,153,28,77,96,98,101,128,138,34,88,109,159,166,118,156,75,114,138,47,51,68,77,101,160,23,131,33,41,80,21,21,50,98,125,129,146,28,146,166,110,114,142,23,38,77,115,31,94,122,126,31,72,56,151,163,12,96,129,156,81,29,22,101,27,167,11,60,123,131,135,55,168,27,129,120,146,147,168,27,36,56,0,28,105,156,61,7,109,4,10,16,23,47,162,29,10,13,93,165,14,75,28,14,132,165,12,9,134,10,34,122,35,169,36,105,154,54,121,33,41,107,150,96,130,33,17,27,19,156,28,156,104,25,23,132,25,25,29,63,72,28,114,28,38
76,72,92,90,74,96,68,68,69,70,83,90,120,131,77,73,125,69,119,139,84,64,69,101,82,63,77,96,77,59,73,98,106,96,140,69,81,57,55,84,116,63,56,55,55,76,54,77,94,54,74,63,51,68,117,71,89,63,146,131,118,46,45,46,70,95,115,58,57,69,85,124,137,139,109,149,76,146,39,41,48,38,38,40,142,53,73,39,56,60,130,33,70,59,58,38,31,95,121,34,125,39,52,70,72,74,101,110,27,62,82,132,138,91,128,49,86,111,26,29,43,51,74,132,40,103,21,22,53,40,30,27,71,97,101,119,21,119,138,83,86,114,19,17,50,87,14,66,94,98,57,45,30,124,136,25,68,101,128,54,8,10,73,6,139,38,32,95,103,107,27,140,3,101,92,118,119,140,1,8,28,28,0,77,128,33,21,81,30,18,44,6,19,134,56,21,18,65,137,41,48,56,41,104,137,37,32,106,31,11,95,12,141,13,77,127,28,93,15,18,79,122,69,102,59,31,51,38,128,21,128,77,27,35,105,41,32,27,39,46,46,87,43,28
127,112,73,150,122,70,106,104,93,92,74,70,71,76,132,82,73,116,70,80,68,91,79,63,144,90,138,61,139,107,67,58,59,57,76,67,59,107,93,57,60,123,106,104,87,141,84,57,53,105,141,125,88,60,58,55,49,60,78,65,56,97,86,76,50,45,53,124,59,47,42,58,68,69,48,78,42,75,87,76,114,90,83,74,70,52,38,101,126,131,59,92,34,131,130,105,74,33,50,66,54,108,43,31,30,28,34,40,87,33,26,58,64,27,55,42,25,39,68,64,47,39,24,58,113,33,83,73,35,114,102,62,22,27,30,45,87,44,63,17,18,39,89,72,33,17,78,18,21,24,134,36,51,48,59,101,14,26,52,26,77,84,8,79,62,115,45,19,26,30,50,63,78,24,15,41,42,63,78,69,49,105,77,0,51,44,98,4,107,95,121,82,58,57,133,97,94,13,60,117,31,132,117,28,61,113,108,30,106,73,20,73,65,72,12,50,55,21,77,69,15,46,19,29,134,104,126,111,53,87,53,21,96,107,34,113,101,92,53,45,117,28,114,85
171,154,100,197,166,92,148,147,134,132,105,97,74,70,178,120,71,161,72,65,97,132,117,80,191,132,185,81,186,152,102,76,70,76,57,103,90,153,137,85,61,170,152,150,131,190,128,89,73,151,189,173,133,97,55,90,73,99,49,47,50,144,132,121,86,62,49,172,101,84,68,43,42,42,49,44,75,42,135,122,163,138,131,121,38,96,73,150,175,181,33,141,72,181,181,155,123,48,32,114,30,158,89,70,68,65,41,34,136,77,56,26,27,48,25,88,51,31,117,113,95,85,62,23,163,35,133,123,82,164,152,112,63,39,35,23,137,22,21,50,46,22,140,122,81,45,129,65,38,34,184,86,102,13,14,151,62,29,10,76,128,135,55,130,13,166,96,33,25,22,101,13,129,27,36,10,9,12,129,120,100,156,128,51,0,95,149,47,158,146,172,133,109,7,184,148,145,63,11,168,81,183,168,25,12,164,159,24,157,123,35,123,17,123,53,12,105,39,128,119,52,17,63,31,185,155,177,162,18,137,19,58,146,157,35,163,151,142,101,92,167,52,163,134
94,83,76,114,90,78,78,77,72,71,71,74,95,105,98,68,99,85,94,112,69,67,64,79,107,66,101,74,101,75,60,75,81,73,111,58,62,74,64,64,89,86,72,71,60,102,58,59,70,71,101,87,59,53,89,53,65,50,116,101,89,62,54,48,50,68,86,84,44,48,59,94,106,108,80,118,52,115,52,45,74,54,49,44,111,37,48,62,85,90,99,53,44,90,89,65,39,65,90,34,94,67,31,42,44,46,70,79,47,35,52,100,106,60,97,27,56,79,31,29,24,27,44,100,71,72,42,34,27,71,60,26,41,65,69,87,46,86,106,51,55,82,47,31,22,55,36,35,62,66,90,17,14,91,103,57,36,69,96,22,34,41,41,36,106,71,6,62,70,74,8,107,34,68,59,85,86,107,34,25,5,61,33,44,95,0,54,48,63,51,77,38,14,101,89,53,50,32,104,73,15,88,73,71,104,69,64,73,63,29,62,30,108,29,44,94,16,60,35,27,47,89,37,70,90,61,83,68,96,45,96,46,53,64,72,70,59,51,24,25,75,56,71,45
73,74,108,80,72,113,72,73,78,79,98,106,139,150,71,85,144,68,138,159,101,73,82,119,72,72,68,114,68,61,88,117,125,114,160,85,98,57,61,102,136,57,56,57,64,64,64,95,113,54,62,55,59,85,137,89,108,80,167,151,139,49,53,58,88,115,135,48,73,88,105,145,157,159,129,170,96,166,46,53,41,43,47,52,163,71,93,37,43,45,151,36,90,44,43,32,44,116,142,50,146,31,72,90,92,95,122,131,32,82,103,153,159,111,149,69,107,132,42,45,62,72,94,153,27,124,29,36,74,26,22,45,92,118,122,140,25,140,159,104,108,135,20,33,71,108,26,87,115,119,38,66,50,145,157,13,89,123,149,75,23,17,94,21,160,18,53,116,124,128,48,161,21,122,113,139,140,161,20,29,49,7,21,98,149,54,0,102,9,3,23,16,40,155,35,4,6,86,158,20,68,35,20,125,158,17,12,127,11,27,115,28,162,29,98,147,47,114,26,34,100,143,89,123,38,16,31,20,149,21,149,97,21,22,125,25,22,24,56,64,30,107,29,32
131,116,77,155,126,72,110,109,98,96,77,73,72,77,137,86,73,121,70,79,71,95,83,65,148,94,143,63,143,112,70,60,61,59,75,70,62,112,97,60,61,127,110,109,91,146,88,60,55,109,145,129,93,64,58,59,51,64,76,64,56,102,90,80,53,46,52,128,63,51,45,57,66,67,47,75,45,72,92,80,118,95,88,79,68,57,42,106,130,136,57,96,38,136,135,110,79,33,48,70,51,112,48,34,34,31,33,39,91,38,28,56,62,28,52,46,26,37,72,69,51,43,27,55,117,31,87,77,39,118,106,67,26,26,28,42,91,42,60,19,18,37,94,76,37,18,83,23,20,23,138,41,56,44,56,105,18,23,49,30,82,88,12,83,59,119,49,16,23,27,54,59,82,21,12,37,38,59,82,73,53,109,81,4,47,48,102,0,111,99,125,86,62,53,137,101,98,16,56,121,34,136,121,24,56,117,112,26,110,76,15,77,61,76,11,46,58,16,81,72,13,42,20,24,138,108,130,115,49,91,49,20,99,110,30,116,104,96,56,48,121,25,117,88
74,77,115,77,73,121,76,76,83,84,105,114,147,159,70,92,152,70,146,167,108,78,89,127,69,77,66,122,66,63,96,125,134,123,169,92,106,60,66,110,144,57,59,60,69,61,70,103,122,57,59,54,64,92,146,97,116,87,176,160,147,52,59,65,96,123,144,47,81,96,113,154,166,168,138,179,104,175,51,59,41,48,53,59,172,79,102,40,40,41,160,41,99,39,39,34,51,124,151,58,155,31,80,99,101,103,130,140,38,91,112,162,169,120,158,78,116,141,50,54,71,80,103,162,25,133,36,44,83,24,24,53,101,127,131,149,31,149,168,113,117,144,26,41,80,117,34,97,124,128,31,75,59,154,166,16,98,132,159,84,32,25,103,29,169,11,63,125,133,137,57,170,30,131,122,148,149,170,29,38,58,4,30,107,158,63,9,111,0,12,14,25,49,164,26,10,13,95,167,11,77,25,11,134,167,8,6,136,7,36,124,36,171,37,106,156,55,122,33,42,109,151,98,132,30,15,23,15,158,27,158,106,24,20,134,21,23,28,64,72,25,116,25,37
75,75,106,82,73,111,72,73,77,78,97,105,137,148,73,84,142,69,136,157,99,72,81,117,74,72,70,112,70,61,87,115,123,112,158,83,96,58,61,100,133,59,57,57,63,67,64,93,111,55,65,57,59,83,135,87,106,78,164,149,136,49,53,57,86,112,133,51,72,86,102,142,155,157,127,167,93,164,45,52,43,43,46,51,160,69,91,38,45,48,148,36,88,47,46,34,43,113,139,48,144,32,69,88,90,92,119,129,31,79,100,150,157,109,147,67,105,129,40,44,60,69,92,150,30,122,28,35,71,29,24,43,89,115,119,137,24,137,157,101,105,132,19,31,68,106,25,85,112,116,41,63,47,142,154,15,86,120,147,72,21,15,92,18,157,22,51,113,121,125,46,158,18,119,110,136,137,158,17,26,46,10,18,95,146,51,3,99,12,0,26,13,37,152,38,4,3,83,155,22,65,37,23,122,155,19,14,124,13,24,112,24,159,26,94,144,43,111,22,30,97,140,86,120,40,16,34,21,146,19,146,94,19,22,122,26,21,22,53,61,31,104,29,29
77,83,127,75,77,133,82,83,92,93,117,126,160,172,71,102,165,74,159,181,120,87,99,140,67,87,65,135,64,69,108,138,147,136,182,104,118,66,75,122,157,59,65,66,79,58,80,115,135,64,56,55,74,105,159,110,129,100,189,174,161,60,69,76,109,137,157,47,94,109,127,167,180,182,152,192,118,189,61,71,44,57,63,71,186,92,115,47,38,37,174,50,113,35,35,39,63,138,165,70,169,36,94,113,115,117,144,154,48,104,126,176,182,134,172,91,130,155,63,67,84,94,117,176,28,147,48,57,96,26,32,66,115,141,145,163,43,163,182,127,131,158,38,54,94,131,48,110,138,142,21,89,73,168,180,26,112,146,173,98,46,39,118,43,183,11,77,139,147,151,71,184,44,145,136,162,163,184,43,52,72,16,44,121,172,77,23,125,14,26,0,39,63,178,12,24,27,109,181,5,91,12,6,148,181,9,14,150,16,49,138,49,185,51,120,170,69,136,46,55,122,165,112,145,18,22,15,18,172,39,172,119,33,25,147,23,30,38,77,86,24,129,26,48
78,75,98,90,76,103,72,72,74,75,89,96,126,137,78,79,131,71,125,145,91,69,75,107,82,68,77,102,77,63,79,104,113,102,146,76,87,60,59,90,122,64,59,58,60,75,59,83,101,57,74,64,56,74,123,78,95,69,152,137,124,49,50,52,76,101,121,58,63,76,91,130,143,145,115,155,83,152,43,46,49,42,43,46,148,59,80,41,54,58,136,36,76,57,56,39,37,101,127,40,131,39,59,76,78,80,107,116,30,68,88,137,144,96,134,56,92,116,32,35,49,58,80,138,39,109,25,28,60,38,30,33,77,103,107,124,23,124,144,89,92,120,20,22,56,93,19,72,100,104,54,51,36,129,141,23,73,107,134,59,13,11,79,10,144,34,38,100,108,112,33,145,8,106,97,123,124,145,6,14,33,23,6,82,133,38,16,86,25,13,39,0,24,139,51,15,12,70,142,35,52,50,35,109,142,31,26,111,25,12,99,12,146,14,81,131,31,98,13,19,84,126,73,107,53,25,45,31,133,15,133,81,21,29,109,34,26,21,41,49,39,91,37,24
89,80,85,105,85,87,76,75,72,72,78,82,108,118,90,72,112,80,106,125,77,67,68,90,98,66,93,85,93,70,67,86,94,84,125,64,72,68,61,74,102,78,67,66,59,93,57,68,82,65,91,78,57,61,102,62,76,56,130,115,103,56,51,48,59,81,99,75,50,58,72,108,120,122,94,132,64,129,47,44,65,48,45,42,125,45,60,54,74,78,113,46,56,78,77,55,35,79,104,33,108,56,41,55,57,59,84,93,39,48,66,114,121,74,111,37,70,93,28,27,32,38,58,114,59,86,33,28,39,59,48,24,55,80,84,101,35,101,120,65,69,96,36,22,35,70,26,49,76,80,77,29,18,105,117,45,50,83,110,36,22,28,55,23,120,58,16,77,84,88,11,121,21,82,73,99,100,121,21,12,10,47,19,58,109,14,40,62,49,37,63,24,0,115,75,39,36,46,118,59,28,74,59,85,118,55,50,87,48,15,75,16,122,15,58,107,11,74,21,14,60,103,49,83,76,47,68,54,109,31,109,58,39,50,85,56,45,37,24,29,61,68,57,33
179,161,107,204,174,99,156,154,141,139,112,104,80,75,185,127,77,168,78,70,104,139,125,87,198,139,192,88,193,160,109,83,77,83,61,111,97,160,145,92,67,177,159,157,138,196,135,97,80,158,196,180,140,105,61,98,80,107,52,52,56,151,139,128,93,69,56,179,108,91,76,49,46,46,56,46,82,44,142,129,169,145,138,128,41,103,81,157,182,188,38,147,79,188,187,162,130,56,38,121,35,164,96,77,75,72,48,41,143,84,64,30,30,55,30,95,58,38,124,120,102,92,69,27,170,42,139,129,89,171,159,118,70,46,42,29,144,29,23,57,53,29,146,128,88,52,135,71,45,41,191,93,108,19,16,158,68,36,15,82,135,141,62,136,11,172,102,40,32,28,107,10,135,34,42,17,16,8,135,126,106,162,134,57,7,101,155,53,164,152,178,139,115,0,190,154,151,69,4,174,87,189,174,30,5,170,165,28,163,129,40,129,10,128,59,11,110,43,133,124,57,17,68,35,190,161,183,168,16,143,17,62,151,162,37,168,156,147,106,97,173,56,169,139
82,90,138,76,83,144,90,92,101,103,128,137,172,184,75,112,177,81,171,193,131,97,109,152,68,96,68,146,66,77,119,149,158,147,194,115,130,73,84,134,169,64,73,74,88,59,90,127,146,72,57,60,83,116,171,121,141,111,201,186,173,69,79,87,121,149,170,52,105,121,139,180,192,194,164,204,129,201,71,82,51,67,74,82,198,104,127,56,42,39,186,60,125,36,36,48,74,150,177,82,181,45,106,125,127,129,157,166,59,116,138,188,195,146,185,103,142,167,75,79,96,106,129,188,36,159,59,69,108,33,42,78,127,153,157,175,54,175,195,139,143,170,50,66,106,144,59,123,150,154,19,101,85,180,192,37,124,158,185,110,58,51,130,55,195,21,89,151,159,163,84,196,56,157,148,174,175,196,55,64,84,29,56,133,184,89,35,137,26,38,12,51,75,190,0,36,39,121,193,16,103,2,16,160,193,20,25,162,27,61,150,61,197,62,132,182,80,148,58,67,134,177,123,157,11,32,14,26,183,50,183,131,43,34,159,29,39,48,88,97,28,141,32,57
77,78,110,84,76,115,76,76,81,82,100,108,140,151,75,88,145,72,139,160,103,76,85,121,76,75,72,115,72,64,91,118,126,116,161,87,100,61,65,103,136,61,60,61,67,68,67,96,114,58,66,59,62,86,138,91,109,81,167,152,139,52,56,61,89,115,136,53,75,89,106,145,157,159,130,170,97,166,49,55,45,46,50,55,163,72,94,41,47,49,151,40,91,48,47,36,46,116,142,52,146,35,72,91,92,95,122,131,35,82,103,152,159,111,149,70,107,131,44,47,63,72,95,153,31,124,32,38,74,30,26,46,92,118,122,139,28,139,159,104,107,135,23,34,71,108,28,87,115,119,41,66,50,144,156,17,88,122,149,75,24,18,94,22,159,21,53,116,123,127,48,160,21,121,112,138,139,160,20,29,49,10,21,97,148,53,4,101,10,4,24,15,39,154,36,0,3,85,157,20,67,35,20,124,157,16,11,126,10,25,114,25,161,27,96,146,45,112,23,31,98,141,88,121,38,13,30,18,147,18,148,95,16,18,123,22,18,20,53,62,27,105,26,28
78,77,107,85,76,113,75,76,80,81,98,106,138,149,76,86,142,72,137,157,100,75,83,118,77,74,73,113,73,64,88,115,124,113,158,85,97,61,64,101,134,62,60,60,65,70,66,94,112,58,68,60,61,84,135,88,106,79,164,149,136,52,55,59,87,113,133,54,73,87,103,142,155,157,127,167,94,164,48,54,46,46,48,53,160,70,91,41,48,51,148,39,88,50,49,37,44,113,139,49,143,35,70,88,90,92,119,128,34,80,100,149,156,109,146,67,104,129,42,45,60,69,92,150,33,121,30,36,71,32,27,44,89,115,119,136,27,136,156,101,104,132,22,32,68,105,26,84,112,116,43,63,48,141,153,18,86,119,146,72,22,16,91,19,156,24,50,113,121,124,45,157,18,118,109,135,136,157,17,26,46,13,18,94,145,50,6,98,13,3,27,12,36,151,39,3,0,82,154,23,64,38,23,121,154,19,14,123,13,22,111,23,158,24,93,143,42,109,20,28,95,138,85,118,41,14,33,20,144,16,145,92,16,20,120,24,18,19,51,59,29,102,27,26
121,107,77,143,116,75,101,100,90,89,76,74,81,88,125,81,83,111,80,92,71,87,78,70,136,86,131,68,131,101,67,66,68,64,89,66,62,101,88,61,71,115,99,98,82,133,79,60,60,98,132,117,83,60,69,57,56,59,91,78,68,90,80,71,51,53,65,115,56,49,49,71,81,82,59,91,46,88,80,70,105,83,76,68,84,49,42,93,116,121,72,83,37,121,121,96,67,44,63,59,67,98,40,34,34,33,46,53,78,33,35,72,78,38,68,37,35,52,60,56,41,35,29,71,103,46,73,64,31,103,92,54,26,40,43,58,77,58,76,28,30,53,79,62,27,30,68,20,34,38,122,29,42,61,72,90,16,39,65,19,66,73,15,68,75,104,35,32,40,43,39,76,67,37,28,54,55,75,66,57,38,93,65,13,63,32,86,16,95,83,109,70,46,69,121,85,82,0,72,105,18,120,105,39,72,101,96,41,94,60,29,60,76,59,13,61,42,28,65,56,16,57,10,37,121,92,114,99,63,74,63,17,83,94,41,100,88,79,40,32,104,28,100,71
182,165,110,207,177,103,159,157,144,143,116,108,83,78,189,130,80,172,81,72,108,143,128,90,202,142,196,92,196,163,113,86,80,87,64,114,100,164,148,96,70,180,162,161,141,200,138,100,83,162,199,183,144,108,64,101,84,110,54,55,59,155,142,132,97,73,59,183,111,95,79,52,49,48,59,47,85,46,145,133,173,149,141,132,43,107,84,160,185,191,41,151,83,191,190,165,133,59,41,124,38,167,99,81,79,76,52,45,147,87,67,33,32,59,33,99,62,42,127,123,105,96,73,30,173,46,143,133,92,174,162,122,74,49,46,33,147,32,25,61,56,33,149,132,91,55,138,75,48,45,194,96,111,23,18,161,72,39,18,85,138,145,65,140,12,175,106,43,36,32,110,10,138,37,46,21,20,9,138,129,109,165,137,60,11,104,158,56,167,155,181,142,118,4,193,157,154,72,0,177,90,192,177,33,2,173,168,31,166,132,43,132,6,131,61,13,113,46,136,127,60,18,71,37,193,163,185,170,16,146,16,65,154,165,39,171,159,150,109,100,175,58,171,142
79,84,125,79,79,131,83,84,92,93,116,124,158,169,74,101,163,76,157,178,119,87,98,138,70,86,68,133,67,70,106,136,144,133,180,103,117,67,75,120,155,61,66,67,78,62,79,113,132,64,60,58,73,103,157,108,127,98,186,171,158,61,68,75,107,134,155,50,92,107,124,164,177,179,149,189,115,186,60,69,46,57,62,70,182,90,113,47,41,41,171,50,110,39,38,40,61,135,161,68,166,37,91,110,112,114,141,151,47,102,123,172,179,131,169,89,127,151,61,64,82,91,114,173,30,144,46,55,93,27,32,64,111,138,142,159,41,159,179,123,127,155,36,52,91,128,45,107,135,139,26,85,70,164,176,25,108,142,169,94,43,36,114,40,179,12,73,136,144,147,68,180,40,141,132,158,159,180,40,49,68,14,41,117,168,73,20,121,11,22,5,35,59,174,16,20,23,105,177,0,87,15,1,144,177,4,9,146,11,45,134,45,181,46,116,166,64,132,42,51,118,161,107,141,19,17,14,13,167,34,167,115,28,21,143,18,25,33,72,81,20,125,22,43
108,96,79,129,104,79,91,90,82,82,75,76,91,99,112,76,94,98,90,105,71,78,72,77,121,77,116,73,116,88,65,72,77,71,103,63,64,88,77,64,83,101,86,85,72,117,69,61,68,85,116,102,72,58,82,56,62,55,106,92,82,76,67,60,51,63,78,99,51,50,56,85,96,98,72,107,50,104,66,58,89,69,63,56,100,44,46,77,100,105,89,68,41,105,104,80,53,57,79,46,83,82,35,39,40,40,60,69,62,34,45,88,95,51,85,31,48,68,45,42,32,30,38,88,86,61,57,49,28,86,75,40,34,55,59,75,61,75,94,42,44,70,62,46,22,45,51,28,51,54,105,20,28,78,90,72,26,57,83,17,49,56,30,51,93,86,19,49,57,61,23,94,49,55,46,72,73,93,49,40,21,75,48,31,81,15,68,34,77,65,91,52,28,87,103,67,64,18,90,87,0,102,87,57,90,83,78,59,76,42,47,42,94,41,29,79,24,46,47,38,32,74,22,55,103,74,96,81,81,56,81,30,65,76,57,82,70,61,25,20,86,41,83,54
83,91,138,78,84,144,92,93,102,103,128,137,172,183,77,113,177,82,171,192,131,98,110,152,70,97,69,146,68,78,119,149,158,147,194,115,130,75,85,134,169,66,74,75,89,61,91,127,146,73,59,62,84,116,171,121,141,111,201,185,173,70,79,87,121,148,169,53,105,121,138,179,192,194,164,204,129,201,72,82,52,68,74,82,197,104,127,57,43,41,186,61,124,38,38,49,74,150,176,82,181,46,105,124,126,129,156,166,60,116,137,187,194,146,184,103,142,166,75,78,96,106,129,188,37,159,60,68,108,34,43,78,126,153,157,174,54,174,194,138,142,170,50,66,106,143,59,122,150,154,21,100,84,179,191,37,123,157,184,109,57,50,129,55,195,21,88,151,159,163,83,195,55,156,147,173,174,195,55,64,83,28,56,132,183,88,35,136,25,37,12,50,74,189,2,35,38,120,192,15,102,0,15,159,192,19,24,161,26,60,149,60,196,61,131,181,79,147,56,65,133,176,122,156,9,30,12,24,182,48,182,130,41,32,158,27,38,46,87,96,26,139,30,56
80,85,126,80,80,132,84,85,93,94,116,125,158,170,75,102,163,77,157,179,119,88,99,139,71,87,69,133,68,71,107,136,145,134,180,103,117,68,76,121,155,62,67,68,79,63,80,114,133,65,61,59,74,103,157,108,127,98,187,171,158,61,69,76,107,134,155,51,92,107,124,165,177,179,149,189,115,186,61,70,47,58,63,70,183,90,113,48,42,42,171,51,110,40,39,41,62,135,162,69,166,38,91,110,112,114,141,151,48,102,123,172,179,131,169,89,127,151,61,65,82,91,114,173,31,144,47,55,94,28,33,64,112,138,142,159,42,159,179,124,127,155,37,52,91,128,46,107,135,139,26,86,70,164,176,25,109,142,169,95,43,36,114,40,180,13,73,136,144,148,68,180,41,141,132,158,159,180,40,49,69,14,41,117,168,73,20,121,11,23,6,35,59,174,16,20,23,105,177,1,87,15,0,144,177,4,9,146,11,45,134,45,181,46,116,166,64,132,42,50,118,161,107,141,18,17,13,12,167,34,167,115,28,20,143,17,25,32,72,81,19,124,21,42
154,138,91,178,149,85,132,130,119,117,94,88,76,76,160,106,75,144,74,75,87,116,103,75,172,116,166,75,167,134,89,71,68,70,69,90,79,135,120,75,63,150,133,132,113,169,110,78,66,132,169,153,115,83,58,77,64,84,66,58,54,125,113,103,72,56,52,152,84,70,58,52,56,57,49,63,62,60,115,103,142,118,111,102,56,78,59,129,154,159,47,120,57,160,159,134,102,40,40,94,41,136,70,54,52,49,36,35,115,59,43,42,47,37,40,69,38,32,96,92,75,66,46,40,141,30,111,101,62,142,130,90,46,29,28,31,115,30,43,34,31,26,117,100,61,29,106,45,25,23,161,65,80,28,37,128,41,18,30,54,105,112,34,107,38,143,73,16,13,13,78,38,106,11,16,17,18,37,105,96,77,132,104,28,25,71,125,24,134,122,148,109,85,30,160,124,121,39,33,144,57,159,144,0,33,140,135,2,133,99,10,99,37,98,28,22,80,13,103,94,27,18,38,9,160,130,152,137,25,113,25,33,121,132,15,138,126,117,76,67,142,28,138,109
183,166,112,208,178,104,160,158,145,144,117,109,85,80,189,131,82,173,83,74,109,144,129,92,202,143,197,93,197,164,114,88,82,88,66,115,102,165,149,97,72,181,163,161,142,201,139,101,85,162,200,184,145,109,66,102,85,111,56,57,61,155,143,133,98,74,61,183,112,96,80,54,50,50,61,49,87,48,146,134,173,149,142,132,45,107,85,161,186,191,42,151,84,192,191,165,134,60,43,125,40,168,100,81,80,76,53,46,147,88,68,35,34,60,35,99,63,43,128,124,106,96,74,32,174,47,143,133,93,174,162,122,74,50,47,34,147,34,27,61,57,34,150,132,92,56,139,75,49,46,194,96,112,24,20,161,72,40,20,86,138,145,66,140,14,175,106,44,36,33,111,12,138,38,46,21,21,10,138,129,109,165,137,61,12,104,158,56,167,155,181,142,118,5,193,157,154,72,2,177,90,192,177,33,0,173,168,31,166,132,43,132,5,131,61,12,113,45,136,127,59,17,70,37,193,163,185,170,14,145,15,64,154,165,38,171,159,150,108,99,175,57,171,141
80,84,123,81,80,129,83,84,91,92,114,122,155,167,76,100,160,77,154,175,117,87,97,136,73,86,71,130,70,71,104,133,142,131,177,101,114,67,74,118,152,63,67,67,77,65,78,111,130,65,63,60,73,101,154,105,124,96,183,168,155,60,67,74,104,131,152,52,90,104,121,161,174,176,146,186,112,183,59,68,47,56,61,68,179,87,110,48,44,44,167,49,107,42,41,41,60,132,158,66,163,38,88,107,109,111,138,147,46,98,119,169,176,128,166,86,123,148,59,62,79,88,111,169,31,140,45,52,90,29,32,61,108,134,138,156,40,156,175,120,124,151,35,49,87,124,43,104,131,135,30,82,66,160,172,24,105,138,165,91,40,33,110,37,176,14,69,132,140,144,64,176,37,138,128,154,155,176,36,45,65,12,37,113,164,69,17,117,8,19,9,31,55,170,20,16,19,101,173,4,83,19,4,140,173,0,5,142,7,41,130,41,177,42,112,162,60,128,37,46,114,157,103,137,22,13,15,9,163,30,163,111,24,17,139,15,21,28,68,77,18,120,19,38
80,83,120,83,79,125,82,82,89,90,110,118,151,162,76,97,156,76,150,171,113,84,94,131,74,83,72,126,71,69,101,129,137,127,172,97,110,66,72,114,148,63,65,66,75,66,75,107,125,63,64,60,70,97,149,101,120,92,178,163,150,58,64,70,100,127,147,53,86,100,117,157,169,171,141,181,108,178,57,64,47,54,58,64,174,83,105,46,45,46,163,47,102,44,43,40,56,127,153,62,158,37,84,102,104,106,133,143,43,94,114,164,171,123,161,81,119,143,54,58,74,83,106,164,31,136,41,48,85,29,30,57,103,129,133,151,36,151,170,115,119,146,31,45,83,119,39,99,126,130,33,77,62,155,167,22,100,133,160,86,35,29,105,33,171,16,65,127,135,139,59,171,32,133,123,149,150,171,32,40,60,9,32,108,159,64,12,112,6,14,14,26,50,165,25,11,14,96,168,9,78,24,9,135,168,5,0,137,2,36,125,36,172,37,107,157,55,123,33,41,109,152,98,132,26,9,19,9,158,25,158,106,20,15,134,15,18,24,63,72,19,115,19,34
156,140,93,180,151,87,134,133,121,119,96,90,77,77,162,108,76,146,75,76,89,118,105,77,174,118,168,77,169,137,91,72,69,72,70,92,81,137,122,77,64,153,136,134,116,172,113,80,68,135,171,155,117,86,59,79,66,86,65,58,55,127,115,105,74,57,53,154,86,72,60,52,56,57,50,62,64,60,117,106,144,121,113,104,55,81,62,132,156,162,47,122,59,162,161,136,105,42,41,96,41,138,72,56,54,52,37,36,117,61,45,42,46,39,39,71,40,33,98,95,77,68,48,40,143,31,113,103,64,144,132,93,48,31,30,31,117,30,42,36,33,26,119,102,63,31,108,47,26,25,163,67,82,27,36,131,43,20,29,56,107,114,37,109,36,145,75,18,14,14,80,36,108,13,18,16,17,36,107,99,79,134,106,30,24,73,127,26,136,124,150,111,87,28,162,126,123,41,31,146,59,161,146,2,31,142,137,0,135,101,12,101,35,100,30,20,82,15,105,96,29,16,40,9,162,132,154,139,23,114,23,34,123,134,15,140,128,119,78,69,144,29,140,111
81,83,119,84,80,124,82,83,89,90,110,118,150,161,77,96,155,77,149,169,112,84,93,130,76,83,73,125,73,70,100,128,136,125,171,96,109,66,72,113,146,64,66,66,74,68,75,106,124,64,66,62,70,96,148,100,119,91,177,161,149,59,64,70,99,125,145,54,85,99,115,155,167,169,140,179,106,176,56,64,48,54,58,64,173,82,104,46,46,48,161,47,101,46,45,40,55,126,151,61,156,38,82,100,102,105,131,141,43,92,113,162,169,121,159,80,117,141,53,57,73,82,104,162,32,134,40,48,84,31,31,56,102,128,131,149,36,149,169,113,117,144,31,44,81,118,38,97,124,128,35,76,60,154,165,22,98,132,158,84,34,28,103,31,169,17,63,125,133,137,58,170,31,131,122,147,148,169,30,39,58,10,31,106,157,63,11,110,7,13,16,25,48,163,27,10,13,94,166,11,76,26,11,133,166,7,2,135,0,34,123,34,170,35,105,155,53,121,30,39,107,150,96,130,28,8,21,9,156,23,156,104,18,13,132,15,16,22,61,70,19,113,18,32
87,82,97,101,85,100,79,78,78,79,89,95,122,132,88,81,126,80,121,140,89,73,77,104,92,72,88,99,88,70,78,100,108,98,140,75,85,68,65,87,117,74,67,66,64,86,63,81,96,65,85,74,61,73,117,75,91,68,145,130,118,57,55,55,73,96,115,69,62,72,86,123,135,137,109,147,78,144,49,49,59,49,48,49,140,57,75,51,66,70,128,44,71,69,68,49,40,94,119,41,123,50,54,70,72,74,99,109,38,62,81,129,136,89,126,51,85,108,34,35,45,53,73,129,50,101,32,31,54,50,41,33,70,95,99,116,32,116,135,81,84,111,30,25,50,85,25,65,91,95,65,44,31,120,132,35,65,98,125,52,19,21,70,17,135,46,31,91,99,103,26,136,14,97,88,114,115,136,13,11,25,34,11,73,123,29,27,76,36,24,49,12,15,129,61,25,22,60,132,45,42,60,45,99,132,41,36,101,34,0,89,1,136,2,71,121,19,87,6,7,73,116,62,96,61,32,54,39,122,16,122,70,24,35,98,40,30,22,29,37,45,80,42,20
146,131,89,170,142,83,125,124,112,111,91,85,78,80,152,101,78,136,76,80,84,110,98,75,164,109,158,74,158,127,84,70,68,69,75,85,75,127,113,72,65,142,126,124,106,161,103,74,65,125,160,145,108,78,61,72,62,79,73,64,58,117,105,96,67,55,55,143,78,65,56,57,63,64,51,71,58,68,107,96,133,110,103,94,64,72,55,121,145,150,54,111,51,150,149,125,94,40,46,85,48,127,63,48,47,45,37,39,106,52,39,50,55,36,47,61,36,37,87,84,67,58,41,49,132,33,102,92,55,132,121,82,40,30,30,38,106,37,52,30,28,32,108,91,52,26,97,38,24,24,152,56,71,36,47,119,34,21,39,45,96,102,27,97,48,133,64,15,17,20,68,48,96,15,12,27,28,48,96,87,67,122,95,20,35,62,115,15,124,112,138,99,75,40,150,114,111,29,43,134,47,149,134,10,43,130,125,12,123,89,0,89,47,88,18,32,70,4,93,84,17,27,28,9,150,120,142,127,34,102,34,23,111,122,15,128,116,107,66,57,132,20,128,99
88,83,98,101,86,101,80,79,79,80,90,96,123,133,89,82,127,81,122,140,90,74,78,105,93,73,89,100,89,71,79,101,109,99,141,76,85,69,66,88,117,75,68,67,65,87,64,82,97,66,86,75,62,74,118,76,91,69,145,131,119,58,56,56,74,96,115,70,63,73,87,124,136,138,109,147,79,144,50,50,60,50,49,50,140,58,75,51,67,70,129,45,72,69,69,50,41,94,119,42,124,50,55,71,72,74,100,109,39,63,82,129,136,90,126,52,85,109,35,36,46,53,73,130,51,102,33,32,54,51,42,34,70,95,99,116,33,116,135,81,84,111,31,26,50,85,25,65,91,95,66,45,32,120,132,36,65,98,125,52,20,22,70,18,135,46,31,91,99,103,27,136,15,97,88,114,115,136,13,12,26,35,12,73,123,30,28,77,36,24,49,12,16,129,61,25,23,60,132,45,42,60,45,99,132,41,36,101,34,1,89,0,136,1,71,121,19,87,6,6,73,116,62,96,61,32,53,39,122,15,122,70,24,34,98,40,29,21,29,37,45,80,42,19
188,171,117,213,183,109,165,163,150,149,122,114,89,84,194,136,86,178,88,78,114,149,134,97,207,148,201,98,202,169,119,93,86,93,69,120,107,169,154,102,77,186,168,166,147,205,144,106,90,167,205,188,149,114,70,107,90,116,59,61,65,160,148,137,103,79,65,188,117,101,85,58,54,54,66,52,92,51,151,138,178,154,146,137,48,112,90,166,190,196,46,156,89,196,195,170,138,65,48,129,44,172,105,86,85,81,58,51,152,93,73,39,37,65,39,104,68,48,132,129,110,101,79,36,178,52,148,138,97,179,167,127,79,55,52,39,152,38,30,66,62,39,154,136,97,61,143,80,54,51,198,101,116,29,24,165,77,45,25,90,142,149,70,144,17,180,110,49,41,38,115,15,143,42,51,26,26,13,143,134,114,169,141,65,17,108,162,61,171,159,185,146,122,10,197,161,158,76,6,181,94,196,181,37,5,177,172,35,170,136,47,136,0,135,65,15,117,49,140,131,63,20,74,40,197,167,189,174,16,149,16,68,157,168,41,174,163,154,112,103,179,60,175,145
90,84,98,103,87,101,81,80,80,81,90,96,123,133,90,82,127,82,121,140,90,75,78,105,95,74,90,100,90,73,80,101,109,99,140,76,86,70,67,88,117,77,69,68,66,88,65,82,97,67,87,76,63,74,118,76,91,69,145,130,118,59,57,57,74,96,115,71,63,73,87,123,135,137,109,147,79,144,51,51,62,51,50,50,140,58,75,53,68,72,128,46,71,71,70,52,42,94,119,43,123,52,55,70,72,74,99,108,40,63,81,129,135,89,126,52,85,108,36,37,46,53,73,129,52,101,34,33,54,52,43,34,70,95,98,116,34,115,135,80,84,111,32,27,50,84,27,64,91,95,67,45,32,119,131,37,65,98,124,51,21,23,70,20,134,47,31,91,98,102,26,135,17,96,87,113,114,135,15,13,26,36,13,72,123,29,29,76,37,26,51,14,15,128,62,27,24,59,131,46,41,61,46,98,131,42,37,100,35,2,88,1,135,0,70,120,18,86,6,5,72,115,61,95,62,32,54,39,121,16,121,69,24,35,97,41,30,22,27,35,46,78,42,18
133,119,85,155,129,81,113,112,102,101,85,82,83,88,138,92,84,123,81,90,79,99,89,75,149,98,143,73,143,113,77,70,71,69,86,76,70,113,100,68,72,127,112,110,94,145,91,68,65,110,144,129,95,70,69,66,61,69,86,75,67,102,92,83,60,57,64,127,67,58,54,68,76,78,59,85,53,82,92,82,117,95,88,80,78,61,49,105,129,134,67,96,45,134,133,108,79,44,59,71,62,110,51,42,41,40,44,50,90,43,38,65,71,39,62,49,37,48,72,69,53,46,36,64,115,42,86,76,43,116,104,66,33,37,39,52,90,51,68,29,29,46,91,74,39,29,80,28,31,33,134,41,55,53,64,102,24,33,56,31,79,85,19,80,66,115,47,25,32,35,52,66,78,29,21,44,45,66,78,69,50,105,77,12,53,44,98,11,106,94,120,81,58,59,132,96,93,13,61,116,29,131,116,28,61,112,107,30,105,71,18,71,65,70,0,50,52,16,75,66,4,45,10,25,132,102,124,109,51,84,51,9,93,104,28,110,98,89,48,39,114,17,110,81
175,158,107,200,170,100,153,151,138,137,112,104,84,81,181,125,82,165,83,77,104,136,123,89,194,136,188,90,188,156,108,84,79,85,69,109,96,156,141,92,71,172,155,153,134,191,131,96,81,154,191,175,136,103,65,96,80,104,61,59,60,147,135,124,91,70,59,174,105,89,75,55,54,54,59,56,80,54,137,125,164,140,133,124,50,99,78,151,176,182,45,142,76,182,181,156,124,55,43,116,41,158,91,74,72,69,49,43,137,80,61,38,39,54,37,90,56,40,118,114,97,87,66,35,164,42,133,123,84,164,152,113,66,45,42,33,138,32,33,54,50,31,140,122,83,48,129,66,42,39,184,87,102,24,26,151,63,33,22,76,128,134,56,129,22,165,96,35,29,25,100,21,128,29,37,16,16,20,128,119,99,154,127,50,12,94,147,46,156,144,170,131,107,11,182,146,143,61,13,166,79,181,166,22,12,162,157,20,155,121,32,121,15,120,50,0,102,34,125,116,48,6,59,25,182,152,174,159,6,134,7,53,142,153,26,159,147,139,97,88,164,46,160,130
100,91,92,116,96,93,87,86,83,82,85,89,111,120,101,81,115,91,110,127,84,78,77,95,108,77,103,90,103,81,75,91,97,89,126,72,78,79,72,79,104,89,78,77,70,103,68,74,86,76,102,89,68,68,104,69,80,64,130,115,104,68,62,59,65,83,100,85,58,64,75,109,120,122,95,131,68,128,59,54,75,60,56,53,124,52,64,65,83,88,112,57,60,87,86,65,46,79,103,43,107,66,47,58,59,61,84,93,50,51,67,112,119,74,109,42,70,92,39,38,39,43,59,112,68,85,44,39,43,68,58,35,56,79,82,99,46,99,118,65,68,94,45,34,38,68,37,50,74,78,84,33,26,102,114,53,49,81,107,37,33,37,53,33,117,65,21,73,81,85,18,117,30,79,70,95,96,117,29,22,16,54,28,55,105,16,47,58,55,43,69,31,11,110,80,45,42,42,113,64,24,79,64,80,113,60,55,82,53,19,70,19,117,18,52,102,0,68,23,14,54,97,43,77,80,50,72,57,103,32,103,50,41,52,79,58,46,37,13,19,62,60,59,30
147,132,92,170,142,87,126,125,114,112,93,88,82,84,152,103,82,137,80,85,86,111,99,78,164,110,158,77,158,127,87,73,72,73,80,87,78,127,113,75,70,142,126,124,107,161,104,76,68,125,160,144,109,80,66,75,66,80,77,68,62,117,106,96,69,59,60,143,79,67,59,61,68,69,56,75,60,72,107,96,133,110,103,95,68,73,57,120,144,150,58,111,54,150,149,124,94,44,51,86,52,126,64,50,49,47,41,44,106,54,42,54,59,39,52,62,39,41,87,84,67,59,43,53,131,37,101,92,55,131,120,81,42,34,35,42,105,41,56,33,31,37,107,90,53,30,96,39,28,28,150,56,70,40,50,118,35,26,43,45,95,101,28,96,51,131,63,19,22,24,67,51,95,19,16,31,31,51,94,85,66,121,93,21,39,60,114,16,122,111,136,98,74,43,148,112,109,28,46,132,46,147,132,13,45,128,123,15,121,87,4,87,49,86,16,34,68,0,91,82,14,29,25,9,148,118,140,125,35,100,35,19,108,119,13,125,113,104,63,54,130,16,126,96
91,87,103,102,88,107,83,83,84,84,95,101,128,139,90,87,132,83,127,146,96,79,83,110,94,78,90,105,90,74,85,107,114,105,146,81,91,72,70,94,123,77,71,70,69,87,69,87,103,69,86,76,66,79,123,82,97,75,151,136,124,61,60,61,79,102,120,70,68,79,93,129,141,143,115,153,84,149,54,55,61,53,53,54,146,64,81,53,67,70,134,48,77,69,68,51,46,100,124,47,129,51,61,76,78,80,105,114,42,69,87,134,141,95,131,57,91,114,40,41,52,59,79,134,51,107,36,36,60,50,42,39,76,100,104,121,35,121,140,86,90,116,32,31,56,90,29,70,96,100,64,50,37,125,137,35,71,103,129,57,23,23,75,21,140,44,37,96,104,108,32,140,18,102,93,118,119,140,16,17,31,33,15,77,128,35,26,81,33,22,46,13,21,133,58,23,20,65,136,42,47,56,42,103,136,37,33,105,30,6,93,6,140,6,75,125,23,91,0,9,77,120,66,100,57,27,49,34,126,10,126,73,18,29,101,35,24,16,31,39,40,83,36,14
94,88,98,108,91,102,84,84,83,83,91,96,122,132,95,84,125,86,120,138,91,78,80,104,99,77,95,99,95,77,81,100,108,98,138,77,86,74,70,88,116,81,73,72,69,93,68,82,96,71,92,81,66,75,116,77,91,70,143,128,116,63,60,59,74,95,113,76,64,73,86,121,133,135,107,144,78,141,55,54,66,55,53,53,137,59,74,57,73,77,126,51,70,76,75,56,45,92,116,45,120,57,55,69,71,72,97,106,44,62,79,126,133,87,123,51,83,105,38,39,46,52,71,126,57,98,38,36,53,57,48,36,68,92,96,113,38,112,131,78,81,108,37,30,48,82,31,62,88,92,72,43,32,116,128,42,62,94,121,49,25,28,67,24,131,52,30,87,95,99,25,131,21,93,84,109,110,131,19,16,24,41,18,69,119,27,34,72,42,30,55,19,14,124,67,31,28,56,127,51,38,65,50,94,127,46,41,96,39,7,84,6,131,5,66,116,14,82,9,0,68,111,57,91,66,36,58,43,117,18,117,64,27,38,92,44,32,24,22,31,49,74,45,18
136,122,88,159,132,85,117,115,105,104,88,85,86,90,141,96,86,126,84,92,82,102,92,78,152,101,146,76,147,117,81,73,74,72,88,80,74,116,103,72,74,131,115,113,98,148,95,71,68,114,148,133,98,74,71,69,64,73,87,76,68,106,95,86,64,59,65,131,71,61,57,69,77,79,61,86,57,83,96,85,120,98,92,84,79,64,53,108,131,137,68,99,48,137,136,111,82,47,60,74,62,113,55,45,45,43,46,51,93,47,41,65,71,41,62,52,39,49,75,72,57,50,39,64,118,44,89,80,46,118,107,69,36,39,41,52,92,52,68,32,32,47,94,77,42,31,83,32,33,35,137,45,58,52,63,104,27,34,56,35,81,88,23,83,65,118,50,26,32,35,54,65,81,29,22,43,44,64,81,72,52,107,79,15,52,47,100,13,109,97,122,84,60,57,134,98,95,16,60,118,32,133,118,27,59,114,109,29,107,73,17,73,63,72,4,48,54,14,77,68,0,43,11,23,134,104,126,111,49,86,49,7,94,105,25,111,99,90,49,40,116,13,112,82
172,156,107,196,167,100,150,148,136,135,111,104,86,83,178,123,84,162,84,80,103,134,121,89,190,133,184,89,185,153,106,84,80,84,72,107,95,153,138,91,73,169,152,150,132,188,128,94,80,151,187,171,133,101,67,94,79,102,65,62,62,143,131,121,89,70,61,170,102,87,74,57,58,58,59,60,78,58,133,122,160,137,129,120,54,97,76,148,172,178,48,138,74,178,177,152,121,55,45,112,44,154,88,71,70,67,48,44,133,77,59,42,44,52,40,87,54,41,114,111,93,84,64,39,159,42,129,120,80,160,148,109,64,44,41,35,133,34,38,51,48,32,135,118,79,46,124,63,40,38,179,83,98,27,30,146,60,32,26,72,123,130,53,125,28,160,91,33,27,24,96,27,123,27,34,17,17,25,123,114,94,150,122,46,17,89,143,42,151,140,165,126,103,17,177,141,138,57,18,161,74,176,161,18,17,157,152,16,150,116,27,116,20,115,45,6,97,29,120,111,43,0,54,20,177,147,169,154,7,129,7,47,137,148,21,154,142,133,92,83,158,40,155,125
129,116,87,150,124,85,110,109,100,99,86,84,90,95,133,91,91,119,88,98,81,96,88,80,143,95,138,77,138,109,77,75,77,74,95,77,73,108,96,71,79,122,107,106,91,139,88,70,70,106,138,124,91,71,77,67,65,69,96,84,75,97,88,79,61,62,72,121,66,59,58,77,86,87,66,95,56,92,87,78,111,90,84,76,88,59,52,99,122,127,77,90,47,127,126,102,74,51,68,67,71,104,50,44,44,43,52,59,84,43,43,75,81,46,72,47,43,57,67,63,50,44,39,74,108,51,79,70,41,108,97,61,36,46,48,62,83,61,78,36,37,56,84,68,36,36,73,30,40,42,126,38,49,63,74,94,26,43,66,29,71,77,24,72,75,107,41,35,42,45,45,76,71,39,31,54,55,75,70,61,43,96,69,19,63,37,89,20,98,86,112,73,49,68,123,88,85,10,71,107,22,122,107,38,70,103,98,40,96,62,28,62,74,61,10,59,43,25,66,57,11,54,0,34,123,93,115,100,60,75,60,9,83,94,36,100,88,79,38,29,105,19,101,71
156,140,97,179,151,92,134,133,122,120,99,94,84,85,161,110,83,145,82,84,92,119,107,82,173,118,167,82,167,136,93,77,75,77,78,94,84,136,122,81,71,151,135,133,116,170,113,82,73,134,169,153,117,87,66,81,70,88,74,66,63,126,115,105,76,62,60,152,87,74,64,60,65,66,57,71,67,68,116,105,142,119,112,103,64,81,64,129,153,159,55,120,60,159,158,133,103,47,49,94,50,135,72,57,56,54,43,43,115,62,48,50,55,43,48,70,44,41,96,93,76,67,50,49,140,38,110,101,64,141,129,90,49,36,36,39,114,38,50,39,36,34,116,99,61,34,105,47,31,30,160,65,79,36,44,127,43,26,37,54,104,110,36,105,44,141,72,22,21,22,77,44,104,19,20,25,25,43,103,95,75,130,102,29,31,70,123,24,132,120,145,107,83,35,157,121,118,37,37,141,55,156,141,9,37,137,132,9,130,96,9,96,40,95,25,25,77,9,100,91,23,20,34,0,157,127,149,134,26,109,26,27,117,128,7,134,122,113,72,63,138,21,135,105
92,100,144,87,93,150,100,101,109,111,134,143,177,188,86,120,182,91,176,197,137,105,117,157,79,104,79,152,77,86,125,154,163,152,198,121,135,83,92,139,174,75,82,84,96,70,98,132,151,81,68,71,91,122,175,127,146,117,205,189,177,78,86,94,126,153,173,62,111,126,143,183,195,197,167,207,134,204,78,88,61,75,81,88,200,109,131,64,52,50,189,68,128,47,47,57,80,153,179,87,184,54,110,128,130,133,159,169,66,120,141,190,197,149,187,107,145,169,80,83,100,110,132,190,45,162,65,74,112,43,50,83,129,155,159,177,60,177,196,141,145,172,55,71,109,146,64,125,152,156,30,103,88,181,193,43,126,159,186,112,61,55,131,59,196,28,91,153,161,164,86,197,59,158,149,175,176,197,58,66,86,33,59,134,185,90,38,138,30,40,18,53,76,190,11,38,41,121,193,19,103,9,18,160,193,22,26,162,28,61,150,61,197,62,132,182,80,148,57,66,134,177,123,157,0,30,8,23,183,48,183,130,40,30,158,24,36,45,86,95,21,139,25,54
88,90,122,92,87,127,88,88,94,94,113,120,151,162,85,100,156,83,150,170,115,89,97,132,83,88,81,127,80,76,103,129,137,127,171,99,111,73,77,114,147,71,72,72,79,75,80,108,125,70,74,69,75,98,148,102,120,93,176,161,149,64,69,73,101,126,145,61,87,100,116,155,167,169,140,179,107,176,61,68,55,59,62,67,172,84,104,53,54,55,160,52,101,53,53,47,59,125,151,64,155,45,83,101,102,105,131,140,47,93,113,161,168,121,158,80,116,140,56,59,74,82,104,161,40,133,44,50,84,38,37,57,101,127,130,148,40,147,167,112,116,143,35,46,81,116,40,96,123,127,42,75,60,152,164,28,97,130,156,83,36,31,102,33,167,25,62,123,131,135,57,167,32,129,120,145,146,167,31,38,57,17,31,104,155,61,16,108,15,16,22,25,47,161,32,13,14,92,163,17,74,30,17,130,163,13,9,132,8,32,120,32,167,32,102,152,50,118,27,36,104,147,93,127,30,0,22,7,153,18,153,100,11,6,128,10,9,16,57,65,15,109,13,25
91,97,138,88,91,144,97,98,105,107,129,137,170,182,86,115,175,89,169,190,132,101,112,151,80,100,79,145,78,84,119,148,157,146,191,116,129,80,88,133,167,74,80,80,92,71,93,126,145,78,69,70,87,116,168,120,139,111,197,182,170,74,82,88,119,146,166,62,105,119,136,176,188,190,160,200,127,197,74,83,59,71,76,83,193,102,124,61,52,51,181,63,121,48,48,54,75,146,172,81,176,51,103,121,123,125,152,161,61,113,133,182,189,142,179,100,138,162,73,77,93,103,125,183,42,154,60,67,105,40,45,76,122,148,152,169,54,169,189,134,137,165,50,64,102,138,58,117,145,148,32,96,81,174,185,38,118,152,178,105,55,48,124,52,189,25,83,145,153,157,78,189,51,150,141,167,168,189,51,59,78,27,51,126,177,83,31,130,23,34,15,45,68,183,14,30,33,114,185,14,96,12,13,152,185,15,19,154,21,54,142,53,189,54,124,174,72,140,49,58,126,169,115,149,8,22,0,15,175,40,175,122,32,22,150,16,28,36,78,87,14,131,18,46
89,92,127,91,89,133,91,91,98,98,118,126,158,169,85,105,162,85,156,177,120,93,102,138,82,92,80,133,79,79,108,135,144,133,178,105,117,75,81,121,153,72,74,75,83,74,84,114,132,73,72,69,79,104,155,108,126,99,183,168,156,67,73,78,107,132,152,61,93,107,123,162,174,176,146,186,114,182,65,73,56,63,67,72,179,90,111,55,53,54,167,55,108,51,51,49,64,132,157,69,162,46,90,107,109,111,138,147,52,99,119,168,175,127,165,87,123,147,62,65,80,89,111,168,40,140,49,56,91,38,39,64,108,134,137,155,45,154,174,119,123,150,40,52,87,123,46,103,130,134,39,82,67,159,171,31,104,137,163,90,42,36,109,39,174,24,69,130,138,142,64,174,38,136,127,152,153,174,37,45,64,19,38,111,162,68,20,115,15,21,18,31,54,168,26,18,20,99,170,13,81,24,12,137,170,9,9,139,9,39,127,39,174,39,109,159,57,125,34,43,111,154,100,134,23,7,15,0,160,25,160,107,17,8,135,6,13,22,63,72,10,116,10,32
179,163,113,203,174,106,157,155,143,141,117,110,90,87,185,130,88,168,89,83,109,141,127,94,197,140,191,95,192,159,113,90,85,90,75,113,101,160,145,97,77,175,158,157,138,194,135,100,86,157,194,178,140,107,71,101,85,108,67,65,66,150,138,128,96,75,65,177,109,94,80,61,60,60,64,61,85,59,140,128,167,143,136,127,56,103,83,154,179,184,51,145,81,184,183,158,127,61,49,119,47,161,95,78,76,73,54,49,140,84,66,44,45,59,43,94,61,46,121,117,100,91,70,41,166,48,136,126,87,166,155,115,70,50,47,39,140,38,38,58,54,37,142,124,86,53,131,70,47,44,186,90,104,30,31,153,66,38,28,79,130,136,60,131,27,167,98,39,33,30,102,26,130,33,40,22,22,24,129,121,101,156,128,53,18,96,149,49,158,146,172,133,109,16,183,147,144,63,16,167,81,182,167,25,14,163,158,23,156,122,34,122,16,121,51,6,103,35,126,117,49,7,60,26,183,153,175,160,0,135,1,53,143,154,25,160,148,139,97,88,164,45,160,130
92,90,112,101,90,116,87,87,89,90,103,110,138,148,91,94,142,86,137,156,104,84,90,120,93,83,89,115,89,77,93,116,124,114,156,90,100,74,75,103,133,77,73,73,75,85,75,96,112,71,84,76,71,88,133,91,107,83,161,146,134,64,65,67,88,112,130,69,77,88,102,139,151,153,124,162,94,159,58,61,61,57,58,61,155,72,91,55,64,67,144,51,87,65,65,52,52,110,134,55,139,51,70,86,88,90,115,124,45,78,97,144,151,105,141,67,101,124,47,49,61,68,89,144,49,116,40,43,70,47,42,47,85,110,114,131,38,131,150,96,99,126,34,37,66,100,34,80,106,110,58,60,47,135,146,34,80,113,139,67,28,26,85,26,149,38,47,106,114,117,42,150,23,111,102,128,129,149,21,26,41,28,21,87,137,45,21,91,27,19,39,15,31,143,50,18,16,74,146,34,56,48,34,113,145,30,25,114,23,16,102,15,149,16,84,134,32,100,10,18,86,129,75,109,48,18,40,25,135,0,135,82,9,19,110,25,14,6,38,47,30,91,27,10
179,163,113,203,174,107,157,156,143,142,118,110,91,88,185,130,89,169,89,84,110,141,128,95,197,141,192,96,192,160,113,91,86,91,76,114,102,160,145,98,78,176,159,157,139,195,136,101,87,158,194,178,141,108,72,101,86,109,68,66,67,150,139,129,96,76,66,177,109,94,81,62,61,61,65,62,86,60,141,129,167,144,136,127,57,104,84,155,179,184,52,145,81,185,184,159,128,61,50,119,48,161,95,79,77,74,55,50,140,84,67,45,46,59,44,94,62,47,121,118,100,91,71,42,166,49,136,126,88,167,155,116,71,50,48,40,140,39,39,58,55,38,142,125,86,53,131,70,47,45,186,90,105,31,32,153,67,39,29,79,130,136,60,131,28,167,98,40,34,31,103,26,130,34,41,23,22,25,130,121,101,156,128,53,19,96,149,49,158,146,172,133,109,17,183,148,145,63,16,167,81,182,167,25,15,163,158,23,156,122,34,122,16,121,51,7,103,35,126,117,49,7,60,26,183,153,175,160,1,135,0,53,143,154,25,160,148,139,97,88,164,45,160,130
137,124,93,159,133,90,118,117,108,107,93,90,92,97,142,99,93,127,91,99,87,104,95,84,152,104,146,82,146,118,85,79,80,78,95,84,79,117,105,77,81,131,116,114,99,148,97,76,74,114,147,132,100,78,78,73,70,76,94,83,76,106,96,88,68,66,72,130,74,66,63,76,84,86,68,93,62,90,96,86,120,99,92,85,86,67,58,108,130,135,75,98,53,135,134,110,83,53,67,75,69,112,57,50,50,48,53,58,93,50,47,72,78,48,69,55,46,56,75,72,58,52,44,71,116,51,88,79,49,116,105,69,41,46,48,59,91,59,75,39,39,54,92,76,44,38,82,36,40,42,134,46,57,59,69,102,32,41,62,37,79,86,28,81,70,115,49,33,39,42,53,71,79,36,29,50,51,70,78,70,51,104,77,21,58,46,97,20,106,94,119,81,58,62,131,95,92,17,65,115,30,130,115,33,64,111,106,34,104,70,23,70,68,69,9,53,50,19,73,64,7,47,9,27,130,100,122,107,53,82,53,0,90,101,28,107,95,86,44,35,111,11,107,77
94,93,119,100,92,123,91,91,95,95,110,117,146,156,91,100,150,88,145,164,112,89,96,127,92,89,89,122,88,80,100,124,132,122,164,97,108,77,79,110,141,78,76,76,80,84,80,104,120,74,82,76,76,95,142,98,115,90,169,154,142,67,70,73,96,120,139,69,84,96,110,148,159,161,133,171,102,168,63,67,62,61,63,67,164,80,99,57,63,65,152,54,95,63,62,53,58,118,143,61,147,51,78,94,96,98,123,132,49,87,106,153,159,113,150,75,109,132,54,56,69,77,97,153,48,125,45,49,78,46,43,54,94,119,122,139,42,139,158,105,108,134,37,44,74,109,39,89,115,119,53,69,55,143,155,34,89,121,148,76,34,30,94,31,158,35,55,114,122,126,50,158,29,120,111,136,137,158,27,33,50,25,27,96,146,53,21,99,24,19,33,21,39,151,43,16,16,83,154,28,65,41,28,121,154,24,20,123,18,24,111,24,157,24,93,142,41,108,18,27,94,137,83,117,40,11,32,17,143,9,143,90,0,11,118,17,5,4,46,55,22,99,18,14
94,96,127,97,93,132,94,94,99,100,118,125,155,166,91,106,160,89,154,174,120,94,103,136,89,94,86,131,86,82,108,133,141,131,174,104,116,79,83,119,151,77,78,78,85,81,85,113,130,76,79,75,81,103,152,107,124,98,180,165,153,70,75,79,105,130,149,67,92,105,120,158,170,172,143,182,112,178,67,73,61,65,68,73,175,89,108,59,59,61,163,58,105,58,58,53,64,128,153,69,158,51,87,104,106,108,134,143,53,96,116,164,170,124,160,84,120,143,61,64,78,86,107,164,46,136,50,56,88,44,43,62,104,129,133,150,46,150,169,115,119,145,41,51,84,119,46,99,126,129,46,79,64,154,166,34,100,132,158,86,41,36,104,38,169,30,65,125,133,137,60,169,37,131,122,147,148,169,35,42,60,23,35,107,157,64,22,110,20,22,25,29,50,162,34,18,20,94,165,21,76,32,20,132,165,17,15,134,13,35,122,34,168,35,104,153,52,119,29,38,105,148,94,128,30,6,22,8,154,19,154,101,11,0,129,6,6,15,57,66,11,110,8,25
160,145,104,183,156,98,140,138,127,126,106,101,91,92,166,116,90,150,89,90,99,124,113,89,177,124,171,89,171,141,100,84,82,84,84,100,90,141,127,87,78,155,139,138,121,174,118,89,80,138,173,157,122,93,73,88,77,94,80,73,69,130,119,110,82,69,67,156,93,80,71,67,71,72,64,76,73,74,120,109,145,123,116,108,69,86,70,133,157,162,61,124,67,162,161,137,107,54,55,99,56,139,77,64,62,60,50,50,119,67,55,56,60,50,54,75,51,47,100,97,80,72,56,54,143,45,114,105,69,144,132,94,55,44,43,46,118,45,55,45,43,41,119,102,66,41,109,52,38,37,162,69,83,41,48,130,48,33,42,59,107,113,42,108,47,143,75,29,28,28,80,47,106,26,27,30,30,45,106,97,78,132,105,34,35,72,125,30,134,122,147,109,85,37,159,123,120,41,39,143,57,158,143,15,38,139,134,15,132,98,15,98,41,97,28,26,79,13,101,92,25,21,36,7,158,128,150,135,25,110,25,28,118,129,0,135,123,114,72,63,139,19,135,105
95,98,132,97,95,137,96,97,103,104,123,130,161,172,91,110,165,91,160,180,124,98,107,142,88,97,86,137,85,84,112,139,147,137,180,109,121,81,86,124,156,78,80,81,89,80,89,118,135,78,78,75,84,108,157,112,130,103,186,170,158,73,78,83,110,135,155,67,97,110,126,164,176,178,149,188,117,184,71,77,62,68,72,77,181,94,114,61,59,59,169,61,111,57,57,55,68,134,159,74,164,52,93,110,112,114,140,149,57,102,122,170,176,130,166,90,126,149,66,69,83,92,113,170,46,142,54,60,94,44,45,67,110,135,139,156,50,156,175,121,125,151,45,56,90,125,50,105,132,135,44,85,70,160,172,36,106,138,165,92,46,40,110,43,175,29,71,131,139,143,66,175,42,137,128,153,154,175,41,48,66,25,41,113,163,70,25,116,21,26,23,34,56,168,29,22,24,100,171,18,82,27,17,138,171,15,15,140,15,40,128,40,174,41,110,159,58,125,35,44,111,154,100,134,24,10,16,6,160,25,160,107,17,6,135,0,12,21,63,72,5,116,4,30
95,96,124,100,94,128,94,94,98,99,115,122,151,162,92,104,155,90,150,169,116,93,100,133,92,92,89,127,88,82,105,129,137,127,170,101,112,79,82,115,146,79,78,79,84,84,84,109,125,76,82,77,79,100,147,103,120,95,175,160,148,70,73,77,101,125,144,69,89,101,116,153,165,167,138,176,107,173,66,71,63,64,66,71,169,85,104,59,62,64,158,57,100,62,61,54,62,123,148,66,153,52,83,100,101,103,129,138,52,92,111,158,165,119,155,80,115,138,58,60,74,82,102,158,48,130,48,53,83,46,44,59,99,124,128,145,45,145,164,110,113,140,40,48,79,114,43,94,120,124,51,74,60,148,160,35,94,127,153,81,38,34,99,36,163,34,60,120,127,131,56,163,34,125,116,141,142,163,32,38,55,25,32,101,151,59,22,104,23,21,30,26,45,156,39,18,18,88,159,25,70,38,25,126,159,21,18,128,16,30,116,29,163,30,98,147,46,113,24,32,99,142,88,122,36,9,28,13,148,14,148,95,5,6,123,12,0,9,51,60,16,104,13,18
96,95,118,104,95,122,92,93,95,96,110,116,144,154,94,100,148,90,143,162,111,90,96,126,95,89,92,121,91,82,99,122,130,120,162,96,106,79,80,109,139,81,78,78,81,88,81,103,118,76,86,79,77,94,139,97,113,89,166,152,140,69,71,73,95,118,136,72,83,94,108,145,157,158,130,168,100,165,64,67,65,62,64,67,161,79,97,59,66,69,149,56,93,67,66,55,58,115,140,61,144,54,76,92,94,96,120,129,50,84,103,150,156,110,146,73,106,129,53,55,67,75,95,150,51,122,46,49,76,50,45,53,91,116,119,136,43,136,155,102,105,131,39,43,72,105,40,86,112,115,57,66,53,140,151,37,86,118,144,73,34,31,90,32,154,39,53,111,119,122,48,155,29,116,107,133,134,154,27,32,47,29,27,92,142,51,24,96,28,22,38,21,37,147,48,20,19,79,150,33,61,46,32,117,150,28,24,119,22,22,107,21,154,22,89,139,37,104,16,24,90,133,79,113,45,16,36,22,139,6,139,86,4,15,114,21,9,0,42,51,25,95,21,10
112,104,100,128,109,101,99,98,95,94,95,97,116,124,114,92,119,103,114,129,92,90,88,101,120,89,115,97,115,93,84,96,102,95,128,82,86,92,85,87,108,101,90,89,82,115,80,82,92,89,113,101,80,77,107,77,86,74,130,117,106,80,75,71,73,88,103,97,68,72,80,110,120,122,97,131,74,128,71,66,87,72,69,65,124,62,70,77,95,99,112,69,65,98,97,77,59,81,103,55,107,78,55,63,64,65,85,93,62,57,70,111,118,76,108,51,72,92,51,50,48,51,62,111,79,85,57,51,50,79,70,47,59,79,82,98,58,97,116,66,69,93,57,46,44,69,49,52,74,78,94,40,37,100,111,64,51,79,104,41,45,49,54,45,113,74,30,72,79,83,29,114,42,76,68,92,93,113,40,34,26,63,39,53,101,24,56,56,64,53,77,41,24,106,88,53,51,40,109,72,25,87,72,76,108,68,63,78,61,29,66,29,112,27,48,97,13,63,31,22,49,92,38,72,86,57,78,63,97,38,97,44,46,57,72,63,51,42,0,9,67,53,63,33
117,107,98,134,113,98,102,102,97,96,93,95,111,118,119,93,113,108,109,123,90,92,89,97,127,91,122,93,122,98,83,92,97,90,121,81,83,97,88,84,102,107,95,94,85,121,83,80,87,93,120,107,83,76,101,75,82,73,123,110,100,85,78,73,71,82,96,103,68,69,76,103,113,115,91,123,70,120,75,69,93,77,73,68,116,61,66,83,102,106,105,75,61,105,105,84,63,75,95,58,99,85,53,59,59,60,78,86,68,54,64,103,110,69,100,49,66,85,55,53,48,49,57,103,87,78,62,56,47,87,77,50,54,72,75,90,64,90,107,59,62,85,64,51,41,62,55,47,67,70,102,38,39,92,103,72,45,71,96,37,51,56,47,51,105,83,31,64,71,74,31,105,49,68,59,83,84,105,48,40,28,72,46,45,92,25,64,48,72,61,86,49,29,97,97,62,59,32,100,81,20,96,81,67,99,77,72,69,70,37,57,37,103,35,39,88,19,54,39,31,40,83,29,63,95,65,87,72,88,47,88,35,55,66,63,72,60,51,9,0,76,44,72,42
98,102,136,99,98,142,101,101,107,108,127,135,166,177,94,115,170,95,165,185,129,102,112,147,90,102,89,142,88,88,117,144,152,142,185,114,126,85,91,129,161,81,84,85,93,82,94,123,140,82,80,78,89,113,162,117,135,108,190,175,163,77,83,88,115,140,160,70,102,115,131,169,181,183,154,192,122,189,75,82,65,72,76,82,185,99,119,65,61,61,174,65,116,59,58,58,73,139,164,78,169,56,98,115,117,119,144,154,61,107,127,174,181,134,171,95,130,154,71,74,88,97,118,174,49,146,59,65,98,47,49,72,115,140,144,161,54,161,180,126,129,156,49,61,95,130,55,110,136,140,44,89,75,165,176,40,110,143,169,97,51,45,115,48,179,32,76,136,144,148,71,180,47,141,132,158,159,179,46,53,71,28,46,117,167,75,30,121,25,31,24,39,61,173,28,27,29,104,175,20,86,26,19,142,175,18,19,144,19,45,132,45,179,46,114,164,62,130,40,49,116,158,105,138,21,15,14,10,164,30,164,111,22,11,139,5,16,25,67,76,0,120,4,34
148,134,101,169,144,97,129,127,118,117,101,98,96,99,152,108,97,138,94,100,95,115,105,90,163,114,157,88,157,128,94,85,85,84,95,93,87,128,115,84,84,141,126,125,110,159,107,84,80,125,158,143,110,87,80,82,77,86,93,84,77,117,107,98,77,71,75,141,84,74,70,77,83,85,70,91,69,88,107,97,130,109,103,96,84,77,66,119,141,146,74,109,61,146,145,121,93,57,66,86,68,123,67,58,58,56,56,59,104,59,53,70,75,52,67,65,51,57,86,83,69,62,52,69,127,52,98,90,59,127,116,80,49,49,50,58,102,57,71,44,43,52,103,87,55,42,93,45,42,43,145,57,68,56,65,113,40,41,58,47,90,96,35,91,65,125,60,34,38,40,64,65,89,35,30,45,46,64,89,80,62,114,87,28,52,56,107,25,116,104,129,91,68,56,141,105,102,28,58,125,41,139,124,28,57,120,115,29,113,80,20,80,60,78,17,46,60,16,83,74,13,40,19,21,139,109,131,116,45,91,45,11,99,110,19,116,104,95,53,44,120,0,116,86
99,102,134,101,99,139,100,101,106,107,126,133,163,174,95,113,168,95,162,182,127,102,110,144,92,101,90,139,89,88,115,141,149,139,182,112,124,85,90,127,158,82,84,85,92,84,93,120,137,82,82,79,88,111,159,115,132,106,187,172,160,77,82,87,113,137,157,71,100,112,128,166,177,179,151,189,119,186,74,81,66,72,75,80,182,96,116,65,63,63,170,65,113,61,60,59,72,136,161,76,165,56,95,112,114,116,141,150,60,104,123,171,177,131,168,92,127,150,69,71,86,94,115,171,50,143,57,63,96,48,49,70,112,137,140,157,53,157,176,123,126,152,48,59,92,127,53,107,133,137,47,86,72,161,173,40,107,139,165,94,49,44,112,46,175,33,73,132,140,144,68,176,45,138,129,154,155,176,43,50,68,28,43,114,163,71,29,117,25,29,26,37,57,169,32,26,27,100,171,22,83,30,21,138,171,19,19,140,18,42,128,42,175,42,110,160,59,126,36,45,112,155,101,135,25,13,18,10,160,27,160,107,18,8,135,4,13,21,63,72,4,116,0,30
102,99,116,111,100,120,96,96,97,98,109,114,140,150,101,100,144,95,139,157,109,92,96,122,103,91,99,118,99,87,98,119,126,117,156,95,104,84,83,106,134,87,83,82,83,96,82,100,115,81,94,86,79,92,134,95,109,88,160,146,134,73,73,74,92,113,131,80,81,91,104,139,150,152,125,161,96,158,67,69,71,66,66,68,154,77,93,65,74,77,143,60,89,75,75,62,59,110,133,61,137,61,73,87,89,91,114,123,54,80,97,143,149,104,139,69,100,123,53,55,64,71,89,142,59,115,49,50,71,58,52,52,86,109,113,129,47,129,148,95,98,124,44,44,67,99,42,80,105,108,67,62,50,132,144,44,80,111,136,67,36,35,84,34,146,48,48,103,111,115,44,147,31,109,100,125,126,146,29,31,42,38,28,85,134,45,32,88,37,29,48,24,33,139,57,28,26,71,142,43,54,56,42,109,141,38,34,111,32,20,99,19,145,18,81,130,30,96,14,18,82,125,71,105,54,25,46,32,130,10,130,77,14,25,105,30,18,10,33,42,34,86,30,0
