0,74,2,138,34,66,36,7,16,92,70,61,29,117,31,47,115,24,12,86,12,54,20,68,30,97,57,19,46,56,27,122,111,62,23,21,46,22,23,24,20,114,22,51,126,119,49,25,88,34,25,132,25,34,101,37,52,45,32,49,56,62,52,124,40,33,100,53,38,139,42,45,37,110,100,69,144,46,110,55,65,113,82,71,50,54,149,135,56,54,48,50,125,48,66,113,61,146,132,102,59,140,114,67,54,76,66,141,129,147,146,134,63,74,136,97,62,147,153,121,63,77,88,63,99,65,105,99,68,72,98,80,73,140,125,124,117,106,73,70,70,72,87,122,139,135,81,84,108,98,92,84,76,76,82,88,102,79,146,144,88,125,134,160,87,99,166,135,162,159,129,103,91,163,135,94,106,101,95,135,95,98,134
74,0,75,64,108,9,39,70,89,19,6,14,102,44,45,120,42,53,79,15,77,25,90,14,49,26,23,87,118,24,54,49,39,21,60,86,36,64,89,90,79,42,70,121,54,47,37,66,25,55,70,61,82,100,34,103,121,47,93,43,125,34,43,55,58,73,37,119,96,69,63,60,87,46,40,136,75,106,47,52,131,50,40,137,107,115,80,68,59,113,97,104,62,93,129,54,58,79,68,49,63,74,56,59,100,54,124,76,67,82,81,72,116,133,74,55,74,83,89,66,80,135,60,88,62,87,64,63,112,81,66,75,84,83,74,74,71,68,86,97,106,114,143,74,84,81,129,134,74,75,77,83,101,110,89,83,78,112,92,91,135,83,87,103,124,149,108,90,106,105,89,92,116,109,93,128,156,97,129,95,109,136,95
2,75,0,139,33,67,36,6,15,93,71,62,28,118,32,46,116,24,9,87,10,54,18,69,30,98,57,17,44,57,27,123,112,63,23,19,46,21,21,21,18,115,21,49,127,120,49,24,89,33,24,133,23,32,102,35,50,44,30,49,54,62,51,125,39,31,100,51,35,139,40,44,35,110,100,67,145,44,110,54,63,113,82,69,48,52,149,136,55,52,45,48,125,45,64,113,60,147,133,102,57,140,114,66,51,76,64,141,129,147,146,134,61,72,136,97,61,147,153,121,61,75,88,61,99,64,105,99,66,70,97,79,72,140,125,123,117,106,72,68,68,70,85,121,139,134,79,82,108,97,91,83,74,74,80,86,101,77,146,144,86,125,133,159,85,96,165,134,161,159,129,102,89,163,135,91,104,100,93,134,94,95,134
138,64,139,0,172,72,103,134,153,46,68,77,166,22,108,184,24,116,142,54,140,87,153,72,113,44,84,150,181,85,117,22,31,79,123,150,97,127,152,153,142,32,132,185,24,28,97,129,57,116,132,23,145,162,46,166,184,106,155,101,188,88,100,34,118,134,53,181,157,33,122,118,148,49,58,198,36,167,52,107,193,50,78,199,168,176,41,42,112,173,156,164,49,152,190,58,110,46,48,67,116,49,60,108,159,97,184,52,55,52,52,54,175,193,56,80,125,56,57,66,132,195,94,141,87,139,83,88,168,129,94,118,132,69,75,76,80,89,134,149,160,170,201,80,73,74,185,190,95,105,113,125,152,163,133,123,106,165,80,80,190,90,87,82,176,205,84,92,86,86,97,125,165,89,97,179,211,133,180,100,152,188,102
34,108,33,172,0,100,69,38,19,126,104,95,8,151,64,13,149,56,31,119,33,87,21,102,61,131,90,25,15,89,57,156,145,95,52,27,78,49,26,26,35,147,45,22,159,152,80,49,121,62,47,165,36,25,134,24,25,73,31,78,30,92,81,157,65,50,131,31,36,171,64,68,44,141,131,42,177,37,141,81,41,144,112,45,41,40,181,167,80,42,48,45,156,52,46,143,85,178,164,131,80,171,144,90,53,102,50,172,159,178,177,164,53,55,166,125,80,178,184,150,78,59,114,74,126,77,132,125,65,88,123,99,88,169,153,152,144,132,87,78,72,69,70,149,167,163,71,72,133,121,113,101,83,77,96,105,124,80,174,172,78,151,160,188,84,84,194,160,190,187,154,121,94,191,160,91,91,117,91,160,104,91,158
66,9,67,72,100,0,31,62,81,26,4,5,94,51,36,112,49,44,70,20,68,16,81,8,41,31,14,79,109,16,45,56,45,13,51,78,27,56,80,81,70,48,61,113,60,53,29,58,26,46,61,67,73,91,38,94,113,38,84,35,116,27,34,60,49,64,39,110,87,74,54,51,78,49,41,127,80,97,50,44,122,52,36,128,98,106,85,73,50,104,88,95,65,84,120,55,50,84,71,49,55,78,58,52,91,48,115,80,70,85,85,74,107,124,76,53,65,87,92,67,72,126,55,79,59,79,61,60,103,73,62,68,76,84,74,73,70,66,78,88,97,106,134,73,85,82,120,125,71,70,71,76,93,102,81,77,73,104,94,92,126,81,86,105,115,140,110,90,108,106,88,87,108,110,92,120,147,91,121,93,101,127,94
36,39,36,103,69,31,0,31,50,57,35,26,63,82,6,81,80,14,39,50,37,18,50,33,12,62,22,48,79,21,16,87,76,27,22,48,15,26,50,51,40,78,32,82,90,84,19,29,53,21,32,97,44,61,66,64,82,22,55,24,86,31,25,89,28,38,65,81,58,103,33,33,51,75,65,97,109,68,75,34,92,78,51,99,70,77,114,100,39,76,62,68,91,59,92,79,42,112,98,69,43,105,81,47,66,51,88,106,95,112,111,100,81,97,102,67,52,113,119,88,56,99,62,61,71,62,76,71,80,62,71,63,64,107,94,93,87,78,65,71,77,83,108,91,107,103,96,100,82,75,72,70,76,82,71,72,79,85,115,113,103,97,104,127,95,116,133,106,130,128,102,86,92,132,107,100,123,87,102,108,90,107,107
7,70,6,134,38,62,31,0,19,88,66,57,32,113,26,50,111,18,9,81,8,49,20,64,23,92,52,18,48,51,21,118,107,57,16,19,40,15,21,22,16,109,15,52,121,114,43,18,83,27,18,127,21,33,96,36,53,38,29,43,57,55,45,119,33,26,94,52,34,133,34,37,33,104,94,69,139,44,104,48,65,107,76,71,47,52,143,130,49,52,43,47,119,42,65,107,54,141,127,95,51,134,108,60,49,69,64,135,123,141,140,128,60,72,129,91,55,141,147,115,56,75,81,56,92,59,99,92,64,65,91,73,66,133,119,117,110,99,66,64,65,68,85,115,132,128,77,81,101,91,85,77,70,71,75,80,94,74,140,137,85,119,127,153,82,96,159,128,155,153,122,96,85,157,128,89,103,94,90,128,89,93,127
16,89,15,153,19,81,50,19,0,107,85,76,13,132,45,31,130,37,12,100,14,67,7,82,42,111,71,9,29,70,38,136,125,76,33,13,58,30,13,13,18,128,27,34,140,133,60,31,102,43,29,146,21,21,115,23,36,55,22,60,40,73,62,137,47,34,112,37,28,152,47,51,32,122,112,53,157,34,122,63,50,125,93,55,38,41,162,148,63,42,40,40,137,42,52,124,68,159,145,113,64,152,125,73,46,84,53,153,140,159,158,145,52,60,147,107,65,159,165,132,64,63,96,61,108,64,114,108,60,73,105,84,74,150,135,133,126,115,74,67,64,64,74,131,149,144,70,73,116,104,97,87,73,70,82,91,108,73,156,154,78,134,143,170,79,86,176,143,171,169,137,106,86,173,143,86,94,103,87,142,93,89,141
92,19,93,46,126,26,57,88,107,0,22,31,120,25,62,138,23,70,96,9,94,40,107,26,66,9,38,104,135,39,71,31,21,34,77,104,51,81,106,107,96,24,86,139,35,29,52,83,18,70,86,42,99,116,20,120,138,61,109,56,142,44,55,38,72,89,26,136,111,51,77,73,102,33,31,152,57,121,34,63,147,36,41,153,122,130,62,52,69,128,111,119,47,107,145,42,68,62,52,42,73,58,45,67,114,59,139,60,53,65,64,57,131,148,59,52,84,67,72,55,90,150,61,99,59,97,59,60,125,89,65,81,92,69,64,64,63,64,94,107,117,127,157,65,71,69,142,147,71,75,80,89,111,121,96,88,77,123,80,79,147,75,77,89,135,162,94,82,93,91,82,94,125,95,85,138,168,100,140,87,116,147,88
70,6,71,68,104,4,35,66,85,22,0,9,98,47,40,116,45,48,74,16,72,19,85,8,45,27,17,82,113,18,49,52,41,14,55,82,30,59,84,85,74,44,65,117,56,49,31,61,23,49,64,63,77,95,34,98,117,41,88,37,120,28,36,56,52,68,35,114,90,70,57,54,82,45,38,131,76,100,46,46,125,49,35,132,102,109,81,69,52,107,91,98,61,87,124,52,52,80,68,46,57,74,54,53,94,48,118,76,66,82,81,71,110,128,73,51,67,83,89,64,74,129,54,81,57,81,59,58,106,74,61,69,77,81,72,71,67,64,79,91,99,108,137,71,82,79,123,128,69,69,71,77,95,104,82,77,72,106,90,89,128,79,84,102,118,143,107,87,105,103,85,87,110,107,90,122,150,91,123,91,102,130,91
61,14,62,77,95,5,26,57,76,31,9,0,89,56,31,107,54,39,65,25,63,11,76,9,36,36,10,73,104,11,40,61,50,10,46,73,22,50,75,76,65,53,56,108,65,58,24,52,29,41,56,71,68,86,42,89,108,33,79,30,111,24,30,64,45,60,42,105,82,79,49,47,73,52,44,122,84,92,53,40,117,56,36,123,93,101,89,77,47,99,83,90,68,79,115,58,47,88,75,50,51,82,60,49,87,46,110,83,73,89,88,78,102,120,80,53,62,90,96,69,68,121,54,75,59,75,62,60,99,69,62,65,72,87,76,75,71,66,74,84,93,101,129,75,87,84,115,120,71,69,70,73,89,98,78,74,72,100,96,94,121,82,88,108,111,136,113,91,110,108,88,85,104,113,93,115,142,89,117,94,98,123,94
29,102,28,166,8,94,63,32,13,120,98,89,0,145,58,18,143,50,24,113,26,80,14,95,54,124,83,17,17,82,51,149,138,88,45,20,71,41,19,18,28,141,37,22,153,146,73,42,114,54,39,159,29,18,127,18,25,66,24,71,29,85,73,150,57,42,125,28,29,164,56,60,36,134,124,42,170,31,134,73,39,137,105,45,35,35,174,160,72,37,41,39,149,44,43,136,77,171,156,124,73,164,137,83,46,94,46,165,152,171,170,157,48,52,159,118,72,171,177,143,70,56,106,66,118,69,125,118,59,80,115,91,80,161,146,144,137,125,80,70,65,63,67,141,160,155,66,68,125,113,105,93,76,71,88,98,116,74,167,164,73,144,153,180,78,80,187,153,182,179,146,113,87,183,152,85,88,109,86,152,97,86,151
117,44,118,22,151,51,82,113,132,25,47,56,145,0,87,163,2,95,121,32,119,65,132,50,91,22,62,129,160,63,95,9,11,58,101,128,76,105,130,131,121,13,111,163,15,13,75,107,35,94,110,21,123,141,25,144,163,84,133,80,166,66,78,23,96,112,33,160,135,32,100,96,126,32,38,176,37,145,34,85,171,34,57,177,146,154,43,37,90,151,134,142,38,130,168,42,88,45,40,49,94,44,45,86,137,76,162,47,45,50,49,46,153,172,48,61,104,53,56,52,110,173,74,119,69,118,66,70,147,108,75,98,111,61,62,63,65,71,113,128,138,148,179,66,64,64,163,168,78,87,93,105,131,142,113,103,88,143,72,72,168,76,75,78,155,183,82,80,82,81,83,107,144,85,85,158,189,114,159,87,132,166,89
31,45,32,108,64,36,6,26,45,62,40,31,58,87,0,76,85,8,34,55,32,22,45,37,6,66,26,42,73,25,11,91,80,31,16,42,16,21,44,45,35,83,26,77,95,88,19,24,57,16,27,101,38,55,70,59,77,20,49,22,81,32,24,93,24,33,68,75,52,107,28,28,46,79,68,92,113,63,78,32,87,82,53,93,65,72,117,104,36,70,56,62,94,53,86,82,40,115,101,71,40,108,83,45,61,51,82,110,98,116,115,103,75,91,105,69,48,116,122,91,52,93,62,57,72,58,77,72,75,58,71,61,60,110,96,94,88,79,62,66,71,78,102,93,109,105,91,95,82,74,71,67,72,77,68,70,78,80,117,114,97,98,105,130,90,110,136,107,132,130,102,84,88,134,108,95,117,85,97,108,86,102,108
47,120,46,184,13,112,81,50,31,138,116,107,18,163,76,0,161,68,42,131,44,98,31,113,72,142,101,35,7,100,68,167,156,106,63,36,89,59,34,34,44,158,54,12,170,164,90,59,132,72,56,177,44,28,145,26,17,83,36,88,20,102,90,168,74,58,142,25,39,182,72,76,49,152,141,31,187,37,151,90,31,154,122,35,40,36,191,177,88,39,50,45,166,54,38,153,93,188,174,141,88,181,154,98,54,110,45,182,169,188,187,174,50,47,176,134,86,188,194,159,83,51,122,77,134,81,141,133,64,92,130,105,92,178,162,160,153,140,91,80,72,67,62,157,176,171,66,66,140,127,119,106,84,77,100,110,130,80,183,180,73,159,168,196,81,76,203,168,198,195,161,125,94,199,167,88,83,120,89,166,105,87,165
115,42,116,24,149,49,80,111,130,23,45,54,143,2,85,161,0,93,119,30,117,63,130,48,89,20,60,127,158,61,93,9,9,55,99,126,74,103,128,129,118,11,109,161,15,12,73,105,33,92,108,21,121,139,23,142,161,82,131,77,164,64,76,23,94,110,31,158,133,32,98,94,124,30,36,174,38,143,33,83,169,33,54,175,144,152,43,36,88,149,132,140,37,127,166,40,86,45,40,47,92,44,43,84,135,74,160,46,44,50,49,46,151,169,48,59,102,53,56,51,108,170,72,117,67,115,64,68,144,106,73,95,108,60,61,61,64,69,111,125,136,146,177,64,63,63,161,166,76,85,91,103,128,140,111,101,86,141,71,71,166,75,74,78,153,181,81,79,81,81,82,104,141,84,84,155,187,112,157,86,130,164,87
24,53,24,116,56,44,14,18,37,70,48,39,50,95,8,68,93,0,26,63,24,30,37,45,6,74,33,34,65,33,6,99,88,39,9,34,22,13,36,37,27,91,19,69,103,96,25,17,65,14,20,109,31,47,78,51,69,22,41,26,73,38,28,100,22,27,76,67,45,115,26,27,39,86,75,84,121,55,85,34,79,89,59,85,57,64,125,111,37,63,50,55,101,47,78,89,41,122,108,78,40,116,90,47,55,54,75,117,105,123,122,110,69,84,111,74,47,123,129,97,50,86,66,53,76,55,82,76,69,57,75,62,59,116,102,100,94,83,60,62,67,72,95,98,115,111,84,88,86,77,72,67,68,72,67,70,81,75,123,120,91,103,111,136,85,104,142,112,138,135,107,85,84,140,112,91,111,85,92,113,84,97,112
12,79,9,142,31,70,39,9,12,96,74,65,24,121,34,42,119,26,0,89,2,56,11,71,30,100,59,9,39,58,26,125,114,64,21,10,47,18,12,13,9,116,15,43,128,121,49,19,90,31,18,135,14,24,103,27,44,43,20,48,48,61,50,126,35,24,100,43,26,140,35,39,26,110,100,59,146,35,110,51,55,113,81,61,38,43,150,136,51,43,36,38,125,36,56,112,56,147,133,100,52,140,113,62,42,72,55,141,128,147,146,133,51,63,135,95,54,147,153,120,54,66,84,53,96,56,102,96,57,64,93,73,64,138,123,121,114,103,64,60,59,61,76,119,137,132,69,72,104,93,86,76,66,65,73,80,96,68,144,142,77,122,131,157,75,87,164,131,159,157,125,96,80,161,131,82,95,93,83,131,85,86,130
86,15,87,54,119,20,50,81,100,9,16,25,113,32,55,131,30,63,89,0,87,33,100,18,59,11,30,97,128,31,63,36,25,25,69,96,44,73,98,99,88,28,79,131,40,34,43,75,12,62,78,47,91,109,19,112,131,52,101,48,134,36,47,40,64,81,23,128,103,55,68,65,94,32,27,144,60,113,33,55,139,35,33,145,114,122,65,54,61,120,103,110,47,98,137,40,59,65,53,37,65,60,43,59,106,51,131,62,53,67,66,57,122,140,59,45,75,69,74,52,82,141,53,90,53,89,53,54,116,81,58,73,83,68,61,60,59,58,86,99,109,118,148,61,69,67,133,138,64,68,72,81,102,113,87,80,70,115,78,77,138,71,74,88,126,153,94,78,92,90,78,87,117,94,81,130,160,93,131,83,107,138,84
12,77,10,140,33,68,37,8,14,94,72,63,26,119,32,44,117,24,2,87,0,54,13,69,28,98,57,10,41,56,24,123,112,62,19,11,45,16,13,14,8,114,13,45,126,119,46,17,88,29,16,133,13,25,101,28,45,40,21,45,49,59,48,124,33,22,98,44,26,138,33,37,25,108,98,61,144,35,108,49,56,111,79,63,39,44,148,134,49,43,35,38,123,35,57,110,54,145,130,98,50,138,111,59,41,70,55,139,126,145,144,131,52,64,133,93,52,145,151,117,52,66,82,51,94,54,100,93,56,62,91,71,63,136,121,119,112,100,63,58,58,60,77,117,135,130,69,73,102,91,84,74,64,64,71,78,94,67,142,139,76,120,128,155,75,87,161,129,157,155,123,94,79,159,129,81,95,91,83,129,84,85,128
54,25,54,87,87,16,18,49,67,40,19,11,80,65,22,98,63,30,56,33,54,0,67,15,26,44,4,64,95,4,30,69,58,9,36,63,12,40,65,66,55,61,46,98,73,66,13,42,35,30,45,79,58,76,48,79,98,23,69,20,101,17,20,71,34,49,47,95,71,85,39,36,63,57,47,112,91,81,57,30,106,60,35,113,83,90,95,82,37,88,72,79,72,68,105,61,38,93,80,52,41,87,63,40,76,40,99,88,77,94,93,82,92,109,84,52,52,95,101,71,57,110,49,65,56,64,61,57,88,60,58,57,63,89,77,76,71,64,64,74,82,90,118,75,89,86,105,109,68,64,63,65,79,87,69,66,67,89,98,95,110,81,88,110,100,125,116,90,113,110,87,78,94,115,92,105,131,81,106,93,89,112,93
20,90,18,153,21,81,50,20,7,107,85,76,14,132,45,31,130,37,11,100,13,67,0,82,41,111,70,4,28,69,37,136,125,75,31,6,57,28,6,6,14,127,23,32,139,132,59,28,101,41,25,145,16,14,114,17,33,52,15,57,37,71,59,136,43,29,111,33,21,151,43,47,26,121,110,49,156,28,120,59,45,123,91,51,32,35,160,146,59,35,33,33,135,35,47,122,64,157,143,110,59,150,123,69,39,81,47,151,138,157,156,143,45,54,145,104,59,157,163,129,58,57,92,55,104,58,111,104,53,68,101,78,68,147,132,130,123,111,68,60,58,57,68,127,146,141,64,66,112,99,92,81,66,63,77,85,103,66,153,150,71,130,139,166,72,80,173,139,168,165,133,101,79,170,139,79,88,97,80,138,87,82,137
68,14,69,72,102,8,33,64,82,26,8,9,95,50,37,113,48,45,71,18,69,15,82,0,41,29,12,79,110,13,45,54,43,8,51,78,25,55,80,81,70,46,60,113,58,51,26,57,21,44,60,64,73,91,33,94,113,35,83,31,116,21,30,56,47,63,33,110,85,71,51,48,77,43,35,126,76,95,44,39,121,47,28,127,96,104,81,68,45,102,85,93,59,81,119,49,45,79,66,41,49,73,51,45,89,41,113,75,64,80,79,69,105,122,71,45,60,82,87,60,66,124,47,75,51,74,53,52,100,67,54,61,70,78,67,66,62,57,72,84,93,102,131,66,78,75,117,121,63,62,64,69,88,97,75,69,65,99,87,85,122,74,79,98,111,137,104,82,101,99,80,79,103,103,84,115,143,83,116,85,95,123,86
30,49,30,113,61,41,12,23,42,66,45,36,54,91,6,72,89,6,30,59,28,26,41,41,0,70,29,38,69,28,4,95,84,34,10,37,17,15,39,40,30,86,20,72,98,91,19,17,60,10,21,105,33,50,73,53,72,17,43,21,76,32,23,96,18,26,71,70,47,110,23,23,39,81,70,86,116,57,80,29,81,83,53,88,59,66,120,106,32,64,50,56,96,47,80,83,36,117,103,72,36,110,85,41,54,49,76,111,99,117,116,104,69,85,106,68,43,118,124,91,47,87,60,51,71,52,76,71,68,53,70,57,55,110,96,94,88,78,56,60,65,71,96,92,109,105,84,88,80,72,67,63,65,71,63,66,75,73,117,115,91,97,105,130,84,104,136,106,132,130,101,80,82,134,107,89,111,80,90,107,81,95,106
97,26,98,44,131,31,62,92,111,9,27,36,124,22,66,142,20,74,100,11,98,44,111,29,70,0,41,108,139,42,74,25,14,36,80,107,54,84,109,110,99,17,89,142,29,22,54,85,14,73,88,35,101,119,11,122,141,62,112,58,145,45,56,29,74,91,18,138,114,43,78,74,104,24,23,155,49,123,26,63,149,28,37,155,124,132,54,43,69,130,112,120,38,108,147,34,67,54,43,35,72,50,36,65,115,56,140,52,44,57,56,48,132,150,50,45,82,59,64,46,89,151,56,98,53,96,52,54,125,87,59,78,90,60,56,55,55,57,92,106,117,127,157,57,62,60,142,147,64,70,75,86,110,121,93,84,72,122,71,70,147,67,69,80,134,162,85,73,84,82,74,89,123,86,77,137,168,96,138,79,112,145,80
57,23,57,84,90,14,22,52,71,38,17,10,83,62,26,101,60,33,59,30,57,4,70,12,29,41,0,67,98,1,33,66,55,5,39,66,14,43,68,69,58,57,48,101,69,62,14,45,31,32,48,76,61,79,44,82,101,24,71,21,104,15,20,67,35,51,43,98,73,82,40,37,65,53,44,114,87,84,53,30,109,56,31,115,85,92,92,79,37,90,74,81,69,70,107,57,37,90,76,48,41,83,59,39,77,38,101,85,73,90,89,78,93,111,80,48,52,91,97,67,58,112,47,65,53,65,57,54,89,60,55,56,62,86,74,72,67,60,64,74,83,91,120,71,86,82,106,111,65,61,61,64,79,88,68,65,65,90,94,92,112,78,84,106,101,126,112,87,109,107,84,76,94,111,89,105,133,79,107,89,88,113,89
19,87,17,150,25,79,48,18,9,104,82,73,17,129,42,35,127,34,9,97,10,64,4,79,38,108,67,0,31,66,34,133,122,72,28,3,54,24,4,4,10,124,20,35,136,129,56,24,97,37,22,142,12,15,111,18,35,49,13,54,39,68,56,133,40,25,108,34,19,148,39,43,23,117,107,51,153,27,117,56,46,120,87,52,31,35,157,143,55,35,31,32,132,32,47,119,60,154,139,107,56,146,120,65,37,77,47,147,135,153,152,140,44,55,141,100,56,153,159,125,55,58,89,52,101,55,107,100,51,64,98,75,65,144,128,127,119,107,65,58,55,55,68,124,142,138,63,65,108,96,88,78,63,61,73,82,99,64,149,147,70,126,135,163,70,80,169,135,165,162,129,97,77,166,135,77,87,94,78,135,84,80,134
46,118,44,181,15,109,79,48,29,135,113,104,17,160,73,7,158,65,39,128,41,95,28,110,69,139,98,31,0,97,65,164,153,103,59,32,85,55,30,29,40,155,50,7,167,160,86,55,128,68,52,173,39,22,141,20,11,79,31,84,15,98,86,164,69,53,138,18,33,178,67,71,43,148,137,27,184,30,147,85,26,150,117,30,33,30,187,173,83,33,44,39,162,48,32,149,87,184,169,136,82,177,149,93,48,105,38,177,165,183,182,170,43,41,171,129,80,183,189,155,77,45,116,71,129,74,136,128,57,86,125,99,86,173,157,155,148,135,85,73,66,60,57,152,171,166,60,60,135,121,113,100,78,70,94,104,125,73,178,175,66,153,163,191,74,70,198,162,193,190,156,119,87,194,162,81,78,114,82,161,99,81,160
56,24,57,85,89,16,21,51,70,39,18,11,82,63,25,100,61,33,58,31,56,4,69,13,28,42,1,66,97,0,32,67,56,6,38,65,12,42,67,68,57,58,47,100,70,63,13,44,32,31,47,77,60,78,45,81,100,22,70,19,103,14,18,68,34,50,43,97,72,82,39,36,64,54,44,113,88,82,54,29,108,57,31,114,83,91,92,79,35,89,72,80,69,68,106,58,36,90,76,48,40,84,59,38,76,37,100,85,74,91,90,78,92,110,80,48,50,92,97,67,56,111,46,64,53,63,57,53,88,58,54,55,61,86,74,72,67,60,63,73,81,90,119,71,86,82,105,109,64,61,60,63,77,86,67,64,64,88,94,92,110,78,84,106,100,125,112,87,109,107,83,75,93,111,88,104,131,78,105,89,87,112,89
27,54,27,117,57,45,16,21,38,71,49,40,51,95,11,68,93,6,26,63,24,30,37,45,4,74,33,34,65,32,0,99,88,38,6,33,20,10,35,36,25,90,16,68,102,95,22,13,64,8,16,108,28,46,77,49,68,18,39,22,71,35,24,99,16,22,74,65,42,114,20,21,35,84,73,82,119,52,84,29,77,87,55,83,54,61,123,110,31,60,45,52,99,42,76,86,36,121,106,75,34,114,87,41,50,50,71,114,102,120,120,107,65,81,109,70,41,121,127,94,44,83,62,48,72,49,78,72,64,51,71,56,53,113,98,97,90,79,54,57,61,67,91,94,112,107,80,84,81,72,67,62,62,67,61,65,76,70,119,117,86,98,107,132,80,100,139,108,135,132,103,80,78,136,108,85,107,79,87,108,78,92,108
122,49,123,22,156,56,87,118,136,31,52,61,149,9,91,167,9,99,125,36,123,69,136,54,95,25,66,133,164,67,99,0,11,61,105,132,79,109,134,135,124,10,114,167,6,6,78,110,37,97,113,12,126,144,25,147,166,87,136,82,169,68,80,15,98,115,31,163,138,23,102,98,129,28,36,179,28,148,30,86,174,29,56,180,148,156,34,28,91,154,136,144,30,131,171,36,89,36,32,45,95,35,39,86,138,75,164,38,37,41,40,38,155,173,40,58,104,44,47,46,111,174,72,120,65,118,61,66,147,107,72,96,110,53,56,56,59,67,112,128,139,149,180,60,56,57,164,169,74,83,91,103,130,142,112,101,84,143,64,64,169,70,68,69,155,184,73,73,73,73,77,103,143,76,78,157,189,111,158,81,130,166,82
111,39,112,31,145,45,76,107,125,21,41,50,138,11,80,156,9,88,114,25,112,58,125,43,84,14,55,122,153,56,88,11,0,50,94,121,68,98,123,124,113,4,103,156,15,9,67,99,26,86,102,22,115,133,15,136,155,76,125,71,158,57,69,18,87,104,23,152,127,31,91,87,118,22,28,168,36,137,24,76,163,25,46,169,137,145,42,32,81,143,125,133,31,121,160,32,78,43,35,38,84,39,35,76,128,66,153,42,38,46,45,40,144,163,42,51,94,49,53,43,101,164,64,110,58,108,55,59,137,98,65,87,100,54,53,54,55,61,103,118,128,139,170,56,57,56,154,159,68,76,83,95,120,132,102,93,77,133,65,65,158,67,66,72,145,174,77,71,76,75,74,96,133,79,76,147,179,103,149,78,122,156,79
62,21,63,79,95,13,27,57,76,34,14,10,88,58,31,106,55,39,64,25,62,9,75,8,34,36,5,72,103,6,38,61,50,0,44,71,18,48,73,74,63,52,53,106,64,57,18,49,26,37,52,70,65,83,39,86,105,27,76,23,109,14,22,62,39,55,38,102,78,76,43,40,69,48,38,119,82,88,48,32,113,51,27,120,89,97,86,73,38,94,78,85,64,73,111,52,38,84,71,43,43,78,54,39,81,36,105,79,68,85,84,73,97,115,75,44,53,86,92,62,59,116,44,67,50,66,53,50,92,60,52,56,63,81,69,68,63,57,65,76,85,94,123,67,81,77,109,114,61,59,60,64,81,90,68,64,62,92,89,87,115,74,80,101,103,129,107,82,104,102,80,75,96,106,85,107,136,79,109,85,89,115,85
23,60,23,123,52,51,22,16,33,77,55,46,45,101,16,63,99,9,21,69,19,36,31,51,10,80,39,28,59,38,6,105,94,44,0,27,26,4,29,30,19,96,10,62,108,101,28,8,69,11,11,114,22,40,82,43,62,22,33,27,65,40,29,105,17,17,80,59,36,120,20,22,30,89,79,76,125,47,89,32,71,92,60,77,49,55,129,115,33,54,40,46,104,38,70,91,38,126,112,80,36,119,92,44,45,53,66,120,108,126,125,113,60,75,114,75,41,126,132,99,43,77,65,45,76,47,82,76,60,51,74,57,53,118,103,101,94,83,53,54,58,63,86,99,116,112,75,79,85,75,69,62,60,64,61,66,78,66,124,121,82,102,111,137,76,95,143,112,139,137,106,81,76,141,112,82,102,80,83,112,77,88,111
21,86,19,150,27,78,48,19,13,104,82,73,20,128,42,36,126,34,10,96,11,63,6,78,37,107,66,3,32,65,33,132,121,71,27,0,53,23,2,3,8,123,18,35,135,128,54,23,96,36,20,141,9,14,109,17,35,47,11,52,39,66,54,132,38,23,106,34,17,146,37,41,20,116,105,50,151,25,115,54,46,118,85,52,29,33,155,141,52,33,28,29,130,29,46,117,57,152,138,105,53,145,118,63,34,75,45,146,133,152,151,138,42,53,140,98,53,152,158,123,52,56,86,49,98,52,105,98,49,61,95,72,62,142,126,124,117,105,62,54,52,52,66,122,140,136,60,63,105,93,86,75,60,58,70,79,97,61,147,144,67,124,133,161,67,78,167,133,162,160,127,94,74,164,133,74,85,91,75,132,81,77,131
46,36,46,97,78,27,15,40,58,51,30,22,71,76,16,89,74,22,47,44,45,12,57,25,17,54,14,54,85,12,20,79,68,18,26,53,0,30,55,56,45,70,35,88,82,75,4,31,43,19,34,88,47,65,56,68,87,11,58,10,91,16,11,79,22,37,54,84,60,94,27,25,51,64,53,101,99,70,64,21,95,67,37,102,71,79,103,90,27,77,60,68,79,56,93,67,29,101,86,56,32,94,68,33,64,36,88,95,83,101,100,88,80,97,89,53,42,101,107,75,47,99,47,54,56,54,62,57,76,51,56,50,53,94,80,79,73,64,55,63,71,79,107,77,93,89,93,98,67,60,58,57,68,76,60,59,64,78,101,99,99,82,90,114,89,113,120,91,116,114,87,72,84,118,93,94,120,74,95,93,79,101,93
22,64,21,127,49,56,26,15,30,81,59,50,41,105,21,59,103,13,18,73,16,40,28,55,15,84,43,24,55,42,10,109,98,48,4,23,30,0,25,26,15,100,5,58,112,105,31,4,73,13,6,118,18,36,86,39,57,25,28,30,61,43,32,109,18,14,83,55,32,123,19,22,25,93,82,72,129,42,92,33,66,96,63,73,44,51,132,119,34,49,36,42,108,34,65,95,39,130,115,83,36,122,96,45,41,55,61,123,111,129,128,116,55,70,117,77,40,129,135,102,42,73,67,43,78,45,85,78,56,50,76,57,51,120,105,103,97,85,52,51,54,59,82,101,119,115,71,75,86,76,70,62,57,60,60,65,79,63,126,124,78,104,113,140,72,91,146,113,142,139,108,81,73,143,114,79,98,79,80,113,75,84,113
23,89,21,152,26,80,50,21,13,106,84,75,19,130,44,34,128,36,12,98,13,65,6,80,39,109,68,4,30,67,35,134,123,73,29,2,55,25,0,1,10,125,20,33,137,130,56,24,98,37,22,143,10,12,111,15,33,49,9,54,36,68,56,134,39,24,108,31,15,148,38,42,19,118,107,48,153,23,117,55,43,120,87,50,27,31,157,143,54,31,27,28,132,29,44,119,59,154,139,106,54,147,119,64,33,76,43,147,135,153,152,140,40,51,141,100,54,153,159,125,52,54,88,49,100,52,106,99,47,62,96,73,62,143,128,126,119,106,62,54,51,51,64,123,142,137,59,61,107,94,86,75,60,57,70,79,98,60,149,146,66,125,134,162,66,76,168,134,164,161,128,95,73,165,134,73,83,91,74,133,80,76,132
24,90,21,153,26,81,51,22,13,107,85,76,18,131,45,34,129,37,13,99,14,66,6,81,40,110,69,4,29,68,36,135,124,74,30,3,56,26,1,0,11,126,21,32,138,131,57,25,99,38,23,144,11,11,112,14,32,50,9,55,35,69,57,135,40,25,109,30,15,149,39,43,20,119,108,47,154,23,118,56,43,121,88,49,26,31,158,144,55,31,27,28,133,29,43,120,60,155,140,107,55,148,120,65,33,77,42,148,136,154,153,141,40,50,142,100,54,154,160,126,53,53,89,49,101,52,107,100,47,62,97,74,63,144,129,127,119,107,62,54,51,51,64,124,143,138,58,61,107,95,87,76,60,57,71,80,98,60,149,147,65,126,135,163,66,75,169,135,165,162,129,96,73,166,135,73,83,92,74,134,81,76,133
20,79,18,142,35,70,40,16,18,96,74,65,28,121,35,44,118,27,9,88,8,55,14,70,30,99,58,10,40,57,25,124,113,63,19,8,45,15,10,11,0,115,10,43,127,120,46,14,88,27,12,133,5,21,101,24,42,39,14,44,46,58,46,124,30,16,98,40,19,138,29,33,17,108,97,57,143,29,107,46,52,110,77,58,32,38,147,133,45,37,28,31,122,27,52,109,50,144,129,96,45,137,109,55,34,67,49,137,125,143,142,130,44,58,131,90,46,143,149,115,46,60,79,44,90,47,97,90,48,55,87,65,56,134,118,116,109,97,56,51,50,52,70,114,132,128,62,65,98,86,78,68,57,56,64,72,89,59,139,136,69,116,125,153,67,80,159,125,154,152,119,88,71,156,125,73,88,85,75,124,76,77,123
114,42,115,32,147,48,78,109,128,24,44,53,141,13,83,158,11,91,116,28,114,61,127,46,86,17,57,124,155,58,90,10,4,52,96,123,70,100,125,126,115,0,105,158,12,5,69,101,27,88,104,18,117,135,15,138,157,77,127,72,160,59,71,14,89,106,22,153,129,27,92,88,119,19,26,170,32,138,21,76,164,21,46,170,139,147,38,28,82,144,126,134,26,122,161,29,79,38,30,36,85,35,32,77,129,65,154,38,33,42,41,35,145,164,38,49,94,44,49,40,101,165,62,110,56,108,53,57,138,98,63,87,100,50,50,50,52,59,102,118,129,139,170,53,52,52,154,159,65,74,81,94,120,132,102,92,75,133,61,60,159,63,62,68,145,174,72,68,72,71,70,94,133,75,72,147,180,102,149,75,121,156,76
22,70,21,132,45,61,32,15,27,86,65,56,37,111,26,54,109,19,15,79,13,46,23,60,20,89,48,20,50,47,16,114,103,53,10,18,35,5,20,21,10,105,0,53,117,110,36,4,78,17,3,123,13,30,91,33,52,29,23,34,56,48,36,114,20,11,88,49,26,128,21,24,21,97,87,66,133,37,97,36,61,100,67,67,39,46,137,123,36,44,31,37,112,30,60,99,41,134,119,87,38,127,100,47,37,58,56,127,115,133,132,120,50,65,121,80,40,134,140,105,41,67,70,41,81,43,88,81,51,50,79,58,51,124,109,107,100,88,51,49,51,55,77,104,123,118,66,70,89,78,71,62,55,57,59,66,81,60,130,127,73,107,116,143,69,86,149,116,145,142,110,82,70,146,116,75,93,79,76,116,74,80,115
51,121,49,185,22,113,82,52,34,139,117,108,22,163,77,12,161,69,43,131,45,98,32,113,72,142,101,35,7,100,68,167,156,106,62,35,88,58,33,32,43,158,53,0,170,163,89,57,131,70,54,176,41,23,144,21,5,81,32,86,8,100,88,166,71,54,141,13,33,181,69,73,43,150,139,20,186,28,149,86,20,152,119,24,30,26,189,176,84,29,42,36,164,47,26,150,88,186,171,138,83,179,151,93,45,106,33,179,166,185,184,171,39,35,173,130,80,185,191,156,76,39,117,69,129,73,136,129,53,85,125,98,85,174,158,156,148,135,84,71,63,56,50,153,172,167,55,55,135,121,112,99,75,67,92,103,124,69,178,176,61,154,163,192,70,64,198,162,193,191,156,118,83,194,161,77,71,112,77,161,96,76,159
126,54,127,24,159,60,90,121,140,35,56,65,153,15,95,170,15,103,128,40,126,73,139,58,98,29,69,136,167,70,102,6,15,64,108,135,82,112,137,138,127,12,117,170,0,7,81,113,39,100,116,7,129,147,26,150,169,89,139,84,172,70,82,11,100,117,32,165,141,17,104,100,131,26,36,182,23,150,28,88,176,27,57,182,150,158,28,22,93,156,138,146,26,133,173,34,90,30,27,44,96,30,36,87,140,76,166,33,33,35,35,33,157,175,35,57,105,39,42,42,112,176,72,121,64,119,59,65,149,108,71,96,110,48,52,53,57,65,113,128,140,150,182,56,51,52,165,170,72,82,90,103,131,143,112,101,83,144,59,59,170,67,64,64,155,185,67,70,68,67,73,102,143,71,74,157,190,110,159,77,130,166,79
119,47,120,28,152,53,84,114,133,29,49,58,146,13,88,164,12,96,121,34,119,66,132,51,91,22,62,129,160,63,95,6,9,57,101,128,75,105,130,131,120,5,110,163,7,0,74,106,32,93,109,13,122,140,19,143,162,82,132,77,165,64,75,10,94,110,25,158,134,22,97,93,124,21,30,175,28,143,23,81,169,22,50,175,144,151,33,25,86,149,131,139,25,126,166,30,83,34,28,39,89,32,33,81,133,69,159,35,32,38,38,33,150,168,36,52,98,41,45,40,105,169,66,114,59,112,55,60,142,102,66,90,104,48,50,50,53,61,106,122,133,143,175,53,51,51,159,164,67,77,85,97,124,136,105,95,78,137,59,59,163,64,62,66,149,178,69,68,69,69,71,97,137,72,72,151,184,105,153,75,124,160,76
49,37,49,97,80,29,19,43,60,52,31,24,73,75,19,90,73,25,49,43,46,13,59,26,19,54,14,56,86,13,22,78,67,18,28,54,4,31,56,57,46,69,36,89,81,74,0,32,42,19,35,87,48,66,55,69,88,9,58,7,91,13,7,78,21,37,52,85,60,92,26,23,51,62,51,101,97,70,61,18,96,65,34,102,71,79,101,88,24,76,60,67,77,55,93,64,25,98,84,53,28,91,65,29,63,32,87,92,80,98,97,85,79,97,87,50,38,99,105,72,44,98,43,51,53,51,58,53,75,47,52,46,50,91,77,75,69,60,51,60,69,77,106,74,90,86,92,96,63,56,54,53,65,74,56,55,60,76,98,96,97,79,86,111,87,112,117,88,113,111,83,68,81,115,89,91,118,70,93,89,76,99,89
25,66,24,129,49,58,29,18,31,83,61,52,42,107,24,59,105,17,19,75,17,42,28,57,17,85,45,24,55,44,13,110,99,49,8,23,31,4,24,25,14,101,4,57,113,106,32,0,74,13,3,119,16,34,87,37,56,25,26,30,59,44,32,109,16,10,84,53,29,124,16,20,22,93,82,70,129,39,93,32,64,96,63,71,41,48,133,119,32,47,33,39,108,30,63,94,37,130,115,82,33,122,95,42,38,53,58,123,110,129,128,116,52,68,117,76,37,129,135,101,38,70,65,39,77,41,83,77,52,46,74,54,48,120,104,102,95,83,48,47,50,55,78,100,118,114,67,71,85,74,67,59,53,56,56,62,77,59,125,123,74,103,112,139,68,87,145,112,140,138,106,78,69,142,112,74,94,76,76,112,71,80,111
88,25,89,57,121,26,53,83,102,18,23,29,114,35,57,132,33,65,90,12,88,35,101,21,60,14,31,97,128,32,64,37,26,26,69,96,43,73,98,99,88,27,78,131,39,32,42,74,0,61,77,45,90,108,13,111,130,50,100,45,133,32,43,36,62,78,13,126,101,50,65,61,92,23,16,143,56,111,23,50,137,26,23,143,112,120,60,47,55,117,99,107,39,95,134,29,53,59,45,25,59,52,32,51,102,42,127,54,44,60,59,48,118,137,50,34,68,61,67,41,75,138,43,84,41,82,41,42,111,73,46,64,76,58,50,49,47,46,78,92,103,113,144,50,59,56,128,133,53,57,62,71,95,107,79,70,59,108,68,66,133,59,62,79,120,148,84,66,82,80,66,76,109,84,69,123,154,82,124,71,98,131,72
34,55,33,116,62,46,21,27,43,70,49,41,54,94,16,72,92,14,31,62,29,30,41,44,10,73,32,37,68,31,8,97,86,37,11,36,19,13,37,38,27,88,17,70,100,93,19,13,61,0,16,106,29,47,74,50,69,12,39,17,72,31,19,96,8,19,71,66,41,111,12,13,33,80,69,82,116,51,80,21,77,83,50,83,53,60,120,106,23,58,42,49,95,39,75,82,28,117,102,70,26,109,83,33,46,42,69,110,98,116,115,103,62,79,104,64,33,116,122,89,36,80,54,40,66,41,72,65,59,43,64,48,45,107,92,91,84,72,46,50,55,62,89,88,106,102,76,80,74,64,59,53,55,61,53,56,68,64,113,111,82,92,100,127,74,96,133,101,129,126,96,72,72,130,101,79,103,71,81,101,70,86,100
25,70,24,132,47,61,32,18,29,86,64,56,39,110,27,56,108,20,18,78,16,45,25,60,21,88,48,22,52,47,16,113,102,52,11,20,34,6,22,23,12,104,3,54,116,109,35,3,77,16,0,122,13,31,90,34,53,27,23,32,56,46,35,112,18,8,86,50,26,127,18,21,19,96,85,66,132,36,95,34,61,98,66,67,38,45,135,122,33,43,30,36,110,27,60,97,38,132,118,85,35,125,98,44,35,55,55,126,113,132,131,118,49,64,120,78,37,132,138,103,38,67,67,38,79,40,85,79,49,47,76,55,48,122,106,105,98,85,48,46,48,53,75,102,120,116,65,69,86,75,68,59,52,54,56,63,78,57,127,125,71,105,114,141,66,84,147,114,143,140,108,79,68,144,114,72,91,76,74,113,70,78,112
132,61,133,23,165,67,97,127,146,42,63,71,159,21,101,177,21,109,135,47,133,79,145,64,105,35,76,142,173,77,108,12,22,70,114,141,88,118,143,144,133,18,123,176,7,13,87,119,45,106,122,0,135,153,32,156,175,95,145,90,178,76,88,12,106,123,37,171,146,12,110,106,137,30,40,187,17,156,32,93,182,30,61,188,156,164,22,19,98,161,144,151,26,139,178,36,95,25,25,48,101,26,38,92,146,80,171,29,32,31,30,31,162,181,33,60,110,34,37,43,116,181,75,126,67,123,62,68,154,112,74,100,115,46,52,53,58,67,117,133,144,155,187,57,49,51,170,175,74,85,93,107,135,147,115,104,85,148,57,57,174,67,63,60,160,190,63,69,64,64,73,104,147,67,74,162,195,113,163,76,133,171,78
25,82,23,145,36,73,44,21,21,99,77,68,29,123,38,44,121,31,14,91,13,58,16,73,33,101,61,12,39,60,28,126,115,65,22,9,47,18,10,11,5,117,13,41,129,122,48,16,90,29,13,135,0,18,103,21,40,40,10,45,43,59,47,125,30,14,99,37,14,139,28,32,12,109,98,54,145,24,108,46,48,111,78,55,27,33,148,134,44,32,22,26,123,22,47,109,49,145,130,97,44,137,110,54,28,66,44,138,125,144,143,130,39,53,132,90,44,144,150,115,42,55,78,40,90,43,97,89,43,52,86,63,53,134,118,116,109,96,52,46,45,47,65,113,132,127,56,60,97,84,76,65,52,51,61,70,88,54,139,136,64,115,124,152,61,75,159,124,154,151,118,85,66,155,124,68,82,82,69,123,72,72,122
34,100,32,162,25,91,61,33,21,116,95,86,18,141,55,28,139,47,24,109,25,76,14,91,50,119,79,15,22,78,46,144,133,83,40,14,65,36,12,11,21,135,30,23,147,140,66,34,108,47,31,153,18,0,121,3,22,58,9,63,25,77,65,143,48,31,117,20,11,157,45,49,21,127,116,36,163,14,126,63,32,129,96,38,18,21,166,152,60,21,24,21,141,27,33,127,65,163,148,115,60,155,128,70,29,83,32,156,143,162,161,148,32,40,149,107,58,162,168,133,55,43,94,50,106,53,113,106,41,65,102,77,64,151,135,133,125,112,64,53,48,45,54,130,149,144,50,52,112,99,91,78,58,53,72,82,102,56,155,153,57,131,141,169,60,66,175,140,170,168,133,98,70,172,139,67,73,93,68,138,79,69,137
101,34,102,46,134,38,66,96,115,20,34,42,127,25,70,145,23,78,103,19,101,48,114,33,73,11,44,111,141,45,77,25,15,39,82,109,56,86,111,112,101,15,91,144,26,19,55,87,13,74,90,32,103,121,0,124,143,63,113,58,146,44,56,23,74,91,8,139,114,37,78,74,105,13,13,155,43,124,15,62,150,17,31,156,124,132,48,35,67,129,112,120,28,107,147,22,64,46,34,25,70,41,25,62,114,51,140,43,34,48,47,38,130,149,40,36,79,50,55,35,86,150,49,95,44,93,42,45,123,83,50,72,86,50,44,44,44,48,88,103,114,124,156,46,51,49,140,145,54,62,68,80,106,117,87,78,63,119,60,59,144,56,57,70,130,159,75,62,73,72,63,81,118,76,66,133,165,89,134,68,107,141,69
37,103,35,166,24,94,64,36,23,120,98,89,18,144,59,26,142,51,27,112,28,79,17,94,53,122,82,18,20,81,49,147,136,86,43,17,68,39,15,14,24,138,33,21,150,143,69,37,111,50,34,156,21,3,124,0,19,61,11,66,22,80,68,146,50,34,120,17,13,160,48,52,23,130,119,33,166,13,129,66,29,132,98,35,17,18,169,155,63,19,24,21,144,28,30,130,68,166,151,117,62,158,130,73,29,85,30,158,146,165,164,151,30,37,152,109,60,164,170,135,56,40,97,51,109,54,116,108,41,66,105,79,66,153,137,135,128,115,65,54,48,45,51,132,151,147,49,50,114,101,93,80,59,53,74,84,104,56,158,155,56,133,143,171,60,64,178,142,173,170,136,99,70,174,141,67,71,94,67,141,80,68,139
52,121,50,184,25,113,82,53,36,138,117,108,25,163,77,17,161,69,44,131,45,98,33,113,72,141,101,35,11,100,68,166,155,105,62,35,87,57,33,32,42,157,52,5,169,162,88,56,130,69,53,175,40,22,143,19,0,80,30,85,4,99,87,165,69,52,139,8,30,179,67,71,41,148,138,17,184,24,148,84,15,151,117,20,26,21,188,174,81,24,39,32,162,43,21,149,86,184,170,136,80,177,149,91,41,104,28,177,164,183,182,169,34,30,171,128,77,183,189,154,72,34,114,66,127,69,134,126,48,82,122,95,81,172,155,153,146,133,80,67,58,52,45,150,170,165,49,49,132,118,109,95,71,62,88,100,121,65,176,173,56,151,160,189,65,59,196,160,191,188,153,114,78,192,158,72,66,108,72,157,91,71,156
45,47,44,106,73,38,22,38,55,61,41,33,66,84,20,83,82,22,43,52,40,23,52,35,17,62,24,49,79,22,18,87,76,27,22,47,11,25,49,50,39,77,29,81,89,82,9,25,50,12,27,95,40,58,63,61,80,0,50,5,83,19,7,85,12,28,59,76,51,99,16,13,42,69,58,93,105,61,68,12,87,71,39,93,62,70,108,94,17,67,50,58,83,46,84,70,20,105,90,58,21,98,71,25,54,32,78,98,86,105,104,91,70,88,93,53,31,105,111,77,36,89,44,42,55,42,61,54,65,40,53,41,42,96,81,79,72,62,44,52,59,68,96,77,94,90,82,87,64,55,51,48,57,64,50,50,59,67,102,99,88,81,89,115,78,102,121,90,117,115,85,65,73,119,91,82,109,65,84,91,69,90,90
32,93,30,155,31,84,55,29,22,109,88,79,24,133,49,36,131,41,20,101,21,69,15,83,43,112,71,13,31,70,39,136,125,76,33,11,58,28,9,9,14,127,23,32,139,132,58,26,100,39,23,145,10,9,113,11,30,50,0,55,33,69,57,135,39,22,109,26,6,149,37,41,13,118,107,43,154,15,118,54,38,121,87,44,18,23,158,144,52,23,18,19,132,21,37,119,57,154,140,106,51,147,119,62,24,74,35,147,135,153,152,140,31,43,141,98,49,153,159,124,47,46,86,42,98,46,105,97,38,57,94,69,57,142,126,124,117,104,56,47,43,42,56,121,140,136,49,52,104,91,82,70,52,49,65,74,94,51,147,144,57,123,132,160,57,67,167,131,162,159,125,90,65,163,131,64,74,85,65,130,73,67,129
49,43,49,101,78,35,24,43,60,56,37,30,71,80,22,88,77,26,48,48,45,20,57,31,21,58,21,54,84,19,22,82,71,23,27,52,10,30,54,55,44,72,34,86,84,77,7,30,45,17,32,90,45,63,58,66,85,5,55,0,88,14,2,80,16,33,54,81,56,94,20,17,47,64,53,97,100,66,63,11,92,66,34,98,66,74,103,89,17,72,55,62,78,50,89,65,19,100,85,53,22,93,66,23,58,28,83,93,81,99,98,86,74,92,88,48,32,100,106,72,37,93,40,45,50,44,56,50,69,40,49,40,43,91,76,74,68,57,45,54,62,71,100,72,90,85,86,91,60,52,49,47,59,67,50,49,55,69,97,95,91,76,85,110,81,106,116,86,112,110,81,63,74,114,86,85,112,64,86,86,69,93,86
56,125,54,188,30,116,86,57,40,142,120,111,29,166,81,20,164,73,48,134,49,101,37,116,76,145,104,39,15,103,71,169,158,109,65,39,91,61,36,35,46,160,56,8,172,165,91,59,133,72,56,178,43,25,146,22,4,83,33,88,0,102,90,168,72,55,142,8,32,182,69,73,43,151,140,13,187,25,150,87,11,153,120,16,27,21,191,177,84,24,40,33,165,45,18,151,88,187,172,138,82,179,152,93,42,106,26,180,167,186,185,172,33,27,173,130,78,185,192,156,74,31,116,67,129,70,136,128,48,83,124,97,82,174,157,156,148,134,81,67,58,51,42,152,172,167,47,47,134,120,110,96,71,62,89,101,123,64,178,175,54,153,162,191,64,56,198,161,193,190,154,115,78,194,160,70,63,109,71,159,91,69,157
62,34,62,88,92,27,31,55,73,44,28,24,85,66,32,102,64,38,61,36,59,17,71,21,32,45,15,68,98,14,35,68,57,14,40,66,16,43,68,69,58,59,48,100,70,64,13,44,32,31,46,76,59,77,44,80,99,19,69,14,102,0,12,66,30,47,40,95,70,80,34,30,60,50,39,111,85,80,49,19,105,52,21,112,80,88,89,75,25,85,68,76,64,63,102,51,24,86,72,40,29,79,52,25,71,23,96,80,67,86,85,72,87,105,74,37,40,86,92,59,46,106,33,54,40,53,45,41,80,46,41,41,49,78,64,62,57,48,51,63,73,82,113,61,77,73,97,102,51,47,46,49,67,77,54,50,50,79,85,83,103,66,74,98,91,118,104,75,100,98,71,61,82,102,77,94,124,65,96,77,74,102,77
52,43,51,100,81,34,25,45,62,55,36,30,73,78,24,90,76,28,50,47,48,20,59,30,23,56,20,56,86,18,24,80,69,22,29,54,11,32,56,57,46,71,36,88,82,75,7,32,43,19,35,88,47,65,56,68,87,7,57,2,90,12,0,78,18,35,52,83,58,92,22,18,49,62,51,99,97,68,61,11,94,64,31,100,68,76,101,87,17,74,56,64,76,52,91,63,18,98,83,51,21,90,64,22,59,26,84,91,79,97,96,84,76,94,85,46,32,97,103,70,38,95,38,45,48,45,54,48,70,40,47,39,43,89,74,72,66,55,45,54,63,72,102,70,87,83,87,92,58,50,47,46,59,68,49,48,54,70,95,92,92,74,82,108,81,107,114,83,110,108,79,61,75,112,84,86,113,63,87,84,69,93,84
124,55,125,34,157,60,89,119,137,38,56,64,150,23,93,168,23,100,126,40,124,71,136,56,96,29,67,133,164,68,99,15,18,62,105,132,79,109,134,135,124,14,114,166,11,10,78,109,36,96,112,12,125,143,23,146,165,85,135,80,168,66,78,0,96,113,26,161,136,15,99,95,126,18,29,177,20,145,20,82,171,17,50,177,145,153,25,14,87,151,133,141,16,128,168,24,84,25,17,35,90,21,26,81,134,68,160,24,22,28,27,23,151,170,25,48,98,31,35,32,105,170,63,114,54,112,50,56,142,100,62,88,103,38,41,42,46,55,105,121,133,143,175,46,41,42,159,164,62,73,81,95,123,135,103,92,73,136,49,49,163,56,53,55,148,178,59,59,59,58,63,92,135,62,64,150,183,101,151,66,121,159,68
40,58,39,118,65,49,28,33,47,72,52,45,57,96,24,74,94,22,35,64,33,34,43,47,18,74,35,40,69,34,16,98,87,39,17,38,22,18,39,40,30,89,20,71,100,94,21,16,62,8,18,106,30,48,74,50,69,12,39,16,72,30,18,96,0,17,70,65,40,110,5,5,30,79,68,81,115,49,78,16,75,81,48,82,50,58,119,105,16,56,39,46,93,34,73,80,21,115,100,67,19,108,80,27,42,37,66,108,96,114,113,101,58,76,102,60,25,114,120,86,28,77,49,33,61,34,68,61,54,35,58,40,37,104,89,87,80,68,38,42,49,57,85,84,103,98,71,75,69,58,52,46,48,54,45,49,62,57,110,107,77,87,96,123,68,91,129,96,125,122,90,64,64,126,96,73,98,63,74,96,63,80,95
33,73,31,134,50,64,38,26,34,89,68,60,42,112,33,58,110,27,24,81,22,49,29,63,26,91,51,25,53,50,22,115,104,55,17,23,37,14,24,25,16,106,11,54,117,110,37,10,78,19,8,123,14,31,91,34,52,28,22,33,55,47,35,113,17,0,87,48,23,127,15,19,14,96,85,64,132,33,95,32,59,98,65,65,34,41,136,122,30,39,24,30,110,21,56,96,35,132,117,84,30,124,97,40,28,52,51,125,112,131,130,117,43,60,119,76,31,131,137,102,30,62,64,30,76,33,83,76,42,40,73,50,41,120,104,102,95,82,41,38,40,45,70,99,118,114,58,62,83,70,63,53,44,46,49,57,74,49,125,122,65,101,110,139,59,78,145,110,140,137,104,72,60,141,110,65,85,69,66,109,63,70,108
100,37,100,53,131,39,65,94,112,26,35,42,125,33,68,142,31,76,100,23,98,47,111,33,71,18,43,108,138,43,74,31,23,38,80,106,54,83,108,109,98,22,88,141,32,25,52,84,13,71,86,37,99,117,8,120,139,59,109,54,142,40,52,26,70,87,0,135,110,40,73,69,100,10,5,151,45,119,11,56,145,14,25,151,119,127,49,36,61,125,107,115,26,102,142,17,58,47,33,17,64,40,20,55,109,44,134,42,31,47,47,36,125,144,38,28,73,49,54,29,80,145,41,89,36,87,34,37,117,76,42,65,79,46,38,38,37,40,81,96,108,118,150,39,47,44,133,139,46,54,60,72,99,111,80,70,55,112,56,54,138,49,51,66,123,153,72,56,69,68,56,73,111,72,59,126,158,81,127,61,99,135,62
53,119,51,181,31,110,81,52,37,136,114,105,28,160,75,25,158,67,43,128,44,95,33,110,70,138,98,34,18,97,65,163,152,102,59,34,84,55,31,30,40,153,49,13,165,158,85,53,126,66,50,171,37,20,139,17,8,76,26,81,8,95,83,161,65,48,135,0,25,175,62,66,35,144,133,17,180,17,143,79,12,146,112,18,19,13,183,169,76,16,32,25,158,37,15,144,80,180,165,131,75,172,144,85,34,98,20,172,159,178,177,164,26,24,166,122,70,178,184,148,66,28,109,59,121,62,128,120,40,75,116,89,74,166,150,148,140,127,73,59,50,44,39,144,164,159,42,42,126,112,102,88,63,54,81,93,115,57,170,167,48,145,154,184,57,53,190,153,185,182,146,107,70,186,152,64,60,101,64,151,83,63,149
38,96,35,157,36,87,58,34,28,111,90,82,29,135,52,39,133,45,26,103,26,71,21,85,47,114,73,19,33,72,42,138,127,78,36,17,60,32,15,15,19,129,26,33,141,134,60,29,101,41,26,146,14,11,114,13,30,51,6,56,32,70,58,136,40,23,110,25,0,150,37,41,10,119,108,41,155,10,118,54,36,121,87,42,13,19,158,144,51,18,13,13,133,16,34,119,56,155,140,106,50,147,119,61,18,73,30,147,134,153,152,140,26,39,141,98,47,153,159,124,44,41,84,38,97,42,104,96,32,53,92,66,53,142,125,123,116,103,52,42,37,36,51,120,140,135,43,47,102,89,80,67,47,43,61,71,92,46,146,143,51,121,131,159,51,61,166,130,161,158,123,86,59,162,129,58,69,81,59,128,68,61,127
139,69,139,33,171,74,103,133,152,51,70,79,164,32,107,182,32,115,140,55,138,85,151,71,110,43,82,148,178,82,114,23,31,76,120,146,94,123,148,149,138,27,128,181,17,22,92,124,50,111,127,12,139,157,37,160,179,99,149,94,182,80,92,15,110,127,40,175,150,0,113,109,140,31,42,191,6,159,32,96,185,29,63,191,159,167,11,10,100,164,146,154,21,141,181,34,97,14,17,47,103,16,35,93,148,81,174,18,25,19,19,22,164,183,24,59,111,23,25,38,117,184,74,127,64,124,59,66,155,112,72,100,115,36,45,47,52,64,117,133,145,156,188,51,40,43,171,176,70,82,91,106,135,148,115,103,82,148,47,47,175,60,55,49,160,190,51,61,53,53,66,101,146,56,66,161,195,110,162,69,131,170,71
42,63,40,122,64,54,33,34,47,77,57,49,56,100,28,72,98,26,35,68,33,39,43,51,23,78,40,39,67,39,20,102,91,43,20,37,27,19,38,39,29,92,21,69,104,97,26,16,65,12,18,110,28,45,78,48,67,16,37,20,69,34,22,99,5,15,73,62,37,113,0,4,27,82,71,78,118,46,81,17,72,84,50,78,47,54,121,107,16,52,34,42,96,30,69,82,21,118,103,69,17,110,82,26,38,38,62,110,98,117,116,103,54,72,104,62,21,116,122,87,24,73,50,28,62,29,68,61,49,31,59,38,33,106,90,88,81,68,34,38,44,52,80,85,104,99,66,71,69,57,51,43,43,49,41,46,61,52,111,108,72,87,96,124,63,86,130,96,126,123,90,62,59,127,96,68,93,60,69,96,58,75,95
45,60,44,118,68,51,33,37,51,73,54,47,60,96,28,76,94,27,39,65,37,36,47,48,23,74,37,43,71,36,21,98,87,40,22,41,25,22,42,43,33,88,24,73,100,93,23,20,61,13,21,106,32,49,74,52,71,13,41,17,73,30,18,95,5,19,69,66,41,109,4,0,31,78,67,82,114,50,77,13,76,80,46,82,50,58,117,103,12,56,38,46,92,34,73,78,17,114,99,65,14,106,78,23,41,34,66,106,94,112,111,99,57,75,100,58,20,112,118,83,24,77,46,29,58,30,64,57,52,30,55,35,32,102,86,84,76,64,33,39,46,54,83,81,100,95,69,74,65,54,47,41,44,51,40,44,57,53,107,104,74,83,92,120,64,89,126,92,122,119,86,59,60,123,92,69,95,58,71,92,58,76,91
37,87,35,148,44,78,51,33,32,102,82,73,36,126,46,49,124,39,26,94,25,63,26,77,39,104,65,23,43,64,35,129,118,69,30,20,51,25,19,20,17,119,21,43,131,124,51,22,92,33,19,137,12,21,105,23,41,42,13,47,43,60,49,126,30,14,100,35,10,140,27,31,0,109,98,51,145,19,108,44,45,111,77,51,20,28,148,134,41,25,11,17,122,10,42,109,45,144,130,96,40,137,109,50,17,63,37,137,124,143,142,129,30,46,131,87,37,143,149,113,34,48,74,30,86,33,93,86,31,44,82,56,44,131,115,113,105,92,43,35,33,35,56,110,129,124,46,50,92,78,70,57,41,39,52,62,82,42,135,133,53,111,120,149,49,65,155,119,150,147,113,77,54,151,119,56,72,72,57,118,61,60,116
110,46,110,49,141,49,75,104,122,33,45,52,134,32,79,152,30,86,110,32,108,57,121,43,81,24,53,117,148,54,84,28,22,48,89,116,64,93,118,119,108,19,97,150,26,21,62,93,23,80,96,30,109,127,13,130,148,69,118,64,151,50,62,18,79,96,10,144,119,31,82,78,109,0,11,160,36,128,2,65,154,4,32,160,128,136,39,26,69,133,115,123,16,110,150,10,66,37,23,18,72,30,13,63,117,50,143,31,21,37,36,25,133,152,28,31,80,38,44,22,87,153,45,96,37,94,34,39,124,82,45,70,85,37,32,32,33,39,87,103,115,125,157,34,38,36,141,146,46,56,64,77,105,117,85,75,57,118,47,46,145,45,45,57,130,160,62,50,60,59,52,76,117,63,54,132,165,84,133,56,103,141,58
100,40,100,58,131,41,65,94,112,31,38,44,124,38,68,141,36,75,100,27,98,47,110,35,70,23,44,107,137,44,73,36,28,38,79,105,53,82,107,108,97,26,87,139,36,30,51,82,16,69,85,40,98,116,13,119,138,58,107,53,140,39,51,29,68,85,5,133,108,42,71,67,98,11,0,149,47,117,10,54,143,13,21,149,117,125,50,36,58,122,104,112,26,99,139,14,55,47,33,11,61,40,16,52,106,40,132,41,30,47,46,34,122,141,36,23,70,48,54,26,76,142,36,85,31,83,28,32,114,72,37,61,75,43,34,34,32,34,77,93,104,115,147,35,44,41,130,135,41,48,55,68,95,107,76,66,50,108,52,51,134,44,47,64,120,150,69,51,67,65,51,68,107,69,54,122,155,76,123,56,94,131,57
69,136,67,198,42,127,97,69,53,152,131,122,42,176,92,31,174,84,59,144,61,112,49,126,86,155,114,51,27,113,82,179,168,119,76,50,101,72,48,47,57,170,66,20,182,175,101,70,143,82,66,187,54,36,155,33,17,93,43,97,13,111,99,177,81,64,151,17,41,191,78,82,51,160,149,0,196,32,159,95,6,162,128,4,32,25,199,185,91,28,46,38,173,51,13,159,96,195,180,146,90,187,160,100,46,113,23,188,175,194,193,180,33,20,181,137,84,193,199,163,79,24,123,71,136,75,143,135,48,88,130,102,87,181,164,162,154,141,85,70,59,50,34,159,178,174,43,42,139,125,115,100,73,62,93,105,128,64,184,181,48,158,168,198,61,48,204,167,199,196,159,119,77,199,165,67,54,112,67,164,92,64,162
144,75,145,36,177,80,109,139,157,57,76,84,170,37,113,187,38,121,146,60,144,91,156,76,116,49,87,153,184,88,119,28,36,82,125,151,99,129,153,154,143,32,133,186,23,28,97,129,56,116,132,17,145,163,43,166,184,105,154,100,187,85,97,20,115,132,45,180,155,6,118,114,145,36,47,196,0,164,37,101,190,34,68,196,164,172,6,12,105,169,151,159,24,146,186,38,101,10,19,51,107,15,39,98,153,85,179,17,27,16,16,23,169,188,24,63,115,20,21,40,122,188,78,131,68,128,62,69,159,116,75,103,119,36,47,48,55,67,121,138,149,160,193,53,40,43,176,181,72,85,95,109,139,152,118,106,85,152,45,47,179,62,56,46,164,195,48,61,50,50,67,104,149,53,66,165,199,113,166,69,135,174,71
46,106,44,167,37,97,68,44,34,121,100,92,31,145,63,37,143,55,35,113,35,81,28,95,57,123,84,27,30,82,52,148,137,88,47,25,70,42,23,23,29,138,37,28,150,143,70,39,111,51,36,156,24,14,124,13,24,61,15,66,25,80,68,145,49,33,119,17,10,159,46,50,19,128,117,32,164,0,127,63,26,130,96,32,4,9,167,153,59,8,15,9,141,20,23,127,64,163,148,114,58,155,128,68,18,81,20,156,143,162,161,148,17,29,149,106,53,161,167,132,49,31,92,42,104,45,111,103,28,58,99,72,57,149,133,131,123,109,56,43,36,32,41,127,147,142,36,38,109,95,85,71,48,41,64,76,98,43,153,150,43,127,137,166,47,52,173,136,168,165,129,90,57,169,135,54,60,85,54,134,69,55,132
110,47,110,52,141,50,75,104,122,34,46,53,134,34,78,151,33,85,110,33,108,57,120,44,80,26,53,117,147,54,84,30,24,48,89,115,64,92,117,118,107,21,97,149,28,23,61,93,23,80,95,32,108,126,15,129,148,68,118,63,150,49,61,20,78,95,11,143,118,32,81,77,108,2,10,159,37,127,0,64,153,3,31,159,127,135,40,26,68,132,114,122,16,109,149,8,64,37,23,16,71,30,11,61,116,49,142,31,21,37,36,25,132,151,27,29,79,38,44,20,85,151,43,95,35,92,31,37,123,81,43,68,83,36,30,30,31,37,85,102,113,124,156,32,37,35,139,144,44,54,62,75,103,116,84,73,54,117,46,44,143,43,43,56,128,159,61,48,59,57,50,74,115,62,52,130,163,82,131,54,102,139,55
55,52,54,107,81,44,34,48,63,63,46,40,73,85,32,90,83,34,51,55,49,30,59,39,29,63,30,56,85,29,29,86,76,32,32,54,21,33,55,56,46,76,36,86,88,81,18,32,50,21,34,93,46,63,62,66,84,12,54,11,87,19,11,82,16,32,56,79,54,96,17,13,44,65,54,95,101,63,64,0,89,67,33,95,63,71,104,90,6,68,50,58,78,46,85,64,8,100,85,52,11,93,65,13,52,21,78,93,80,99,98,85,69,87,87,44,21,99,105,70,28,88,33,36,45,35,51,45,62,30,43,29,32,88,72,71,64,52,34,45,54,64,94,68,87,82,79,84,53,43,39,36,49,58,39,38,47,60,93,91,84,71,80,107,72,99,113,80,109,106,74,52,64,110,80,76,105,53,77,80,58,84,79
65,131,63,193,41,122,92,65,50,147,125,117,39,171,87,31,169,79,55,139,56,106,45,121,81,149,109,46,26,108,77,174,163,113,71,46,95,66,43,43,52,164,61,20,176,169,96,64,137,77,61,182,48,32,150,29,15,87,38,92,11,105,94,171,75,59,145,12,36,185,72,76,45,154,143,6,190,26,153,89,0,156,122,6,26,18,193,179,85,22,39,32,167,45,8,153,89,189,174,140,83,181,153,94,40,107,18,182,169,188,187,174,27,16,175,131,78,187,193,157,73,20,117,65,129,68,136,128,42,82,124,96,80,175,158,156,148,134,79,64,53,45,31,152,172,167,38,37,133,119,109,94,67,56,86,99,121,58,178,175,44,152,162,191,56,45,198,160,192,189,153,112,71,193,159,62,52,105,62,158,86,60,156
113,50,113,50,144,52,78,107,125,36,49,56,137,34,82,154,33,89,113,35,111,60,123,47,83,28,56,120,150,57,87,29,25,51,92,118,67,96,120,121,110,21,100,152,27,22,65,96,26,83,98,30,111,129,17,132,151,71,121,66,153,52,64,17,81,98,14,146,121,29,84,80,111,4,13,162,34,130,3,67,156,0,34,162,130,138,37,23,71,135,117,125,13,112,152,8,67,34,20,18,73,27,10,64,119,51,144,28,18,34,33,22,135,154,24,31,82,35,41,19,88,154,46,97,37,95,33,38,126,83,44,71,86,33,29,29,31,38,88,104,116,126,159,32,35,33,142,147,45,55,64,77,106,118,86,75,56,119,43,42,146,42,42,53,131,161,58,47,57,55,49,75,117,59,51,132,166,83,134,54,104,141,55
82,40,82,78,112,36,51,76,93,41,35,36,105,57,53,122,54,59,81,33,79,35,91,28,53,37,31,87,117,31,55,56,46,27,60,85,37,63,87,88,77,46,67,119,57,50,34,63,23,50,66,61,78,96,31,98,117,39,87,34,120,21,31,50,48,65,25,112,87,63,50,46,77,32,21,128,68,96,31,33,122,34,0,128,96,104,71,57,37,101,83,91,45,78,118,32,34,67,52,19,40,60,32,31,85,19,111,60,48,66,65,53,101,120,54,17,48,66,72,38,55,120,20,64,23,62,26,23,92,51,26,41,54,57,43,42,36,29,56,72,83,93,125,40,56,52,109,114,35,35,39,49,74,86,56,48,38,87,64,62,113,47,53,77,99,128,83,55,79,77,52,54,87,81,57,101,134,60,103,58,76,110,58
71,137,69,199,45,128,99,71,55,153,132,123,45,177,93,35,175,85,61,145,63,113,51,127,88,155,115,52,30,114,83,180,169,120,77,52,102,73,50,49,58,170,67,24,182,175,102,71,143,83,67,188,55,38,156,35,20,93,44,98,16,112,100,177,82,65,151,18,42,191,78,82,51,160,149,4,196,32,159,95,6,162,128,0,32,24,199,185,91,27,45,37,173,50,11,159,95,195,180,146,89,187,159,100,45,113,21,187,174,193,192,179,31,17,181,137,83,193,199,163,78,20,122,70,135,73,142,134,46,87,130,101,85,180,163,161,154,140,84,68,57,48,30,158,178,173,40,38,138,124,114,99,71,60,91,103,127,61,183,180,45,157,167,197,58,44,203,166,198,195,158,117,74,198,164,64,50,110,64,163,90,61,161
50,107,48,168,41,98,70,47,38,122,102,93,35,146,65,40,144,57,38,114,39,83,32,96,59,124,85,31,33,83,54,148,137,89,49,29,71,44,27,26,32,139,39,30,150,144,71,41,112,53,38,156,27,18,124,17,26,62,18,66,27,80,68,145,50,34,119,19,13,159,47,50,20,128,117,32,164,4,127,63,26,130,96,32,0,8,167,153,59,5,13,6,141,18,22,127,63,163,148,114,57,155,127,68,15,81,17,155,142,161,160,147,14,26,149,105,52,161,167,131,47,29,91,40,103,43,110,102,24,56,98,70,55,148,132,130,122,108,54,40,32,28,38,126,146,141,32,35,107,93,84,69,45,37,62,74,96,40,152,149,39,126,136,165,43,49,172,135,166,164,128,88,54,167,133,50,56,82,50,132,65,51,131
54,115,52,176,40,106,77,52,41,130,109,101,35,154,72,36,152,64,43,122,44,90,35,104,66,132,92,35,30,91,61,156,145,97,55,33,79,51,31,31,38,147,46,26,158,151,79,48,120,60,45,164,33,21,132,18,21,70,23,74,21,88,76,153,58,41,127,13,19,167,54,58,28,136,125,25,172,9,135,71,18,138,104,24,8,0,175,161,67,4,21,13,149,26,15,135,71,171,156,122,65,163,135,76,22,89,12,163,150,169,168,155,14,20,157,113,60,169,175,139,55,23,99,47,111,51,118,110,27,64,106,77,63,156,140,138,130,116,61,47,37,31,33,134,154,149,31,32,115,101,91,76,50,41,69,81,103,44,160,157,38,134,144,173,45,45,179,142,174,171,135,95,58,175,141,52,53,88,52,140,71,51,138
149,80,149,41,181,85,114,143,162,62,81,89,174,43,117,191,43,125,150,65,148,95,160,81,120,54,92,157,187,92,123,34,42,86,129,155,103,132,157,158,147,38,137,189,28,33,101,133,60,120,135,22,148,166,48,169,188,108,158,103,191,89,101,25,119,136,49,183,158,11,121,117,148,39,50,199,6,167,40,104,193,37,71,199,167,175,0,14,108,172,154,162,26,149,189,40,104,6,20,53,110,14,41,100,155,87,181,16,27,13,13,23,171,190,23,64,118,17,16,40,124,191,80,133,69,131,63,70,162,118,76,105,121,33,46,48,55,67,123,139,151,162,195,52,38,41,178,183,72,86,96,111,141,153,120,108,85,154,42,44,181,60,54,42,165,196,43,59,46,46,66,104,151,49,64,166,201,113,167,67,136,175,69
135,68,136,42,167,73,100,130,148,52,69,77,160,37,104,177,36,111,136,54,134,82,146,68,106,43,79,143,173,79,110,28,32,73,115,141,90,119,143,144,133,28,123,176,22,25,88,119,47,106,122,19,134,152,35,155,174,94,144,89,177,75,87,14,105,122,36,169,144,10,107,103,134,26,36,185,12,153,26,90,179,23,57,185,153,161,14,0,94,158,140,148,12,135,175,26,90,11,7,39,96,7,27,86,141,74,167,10,15,14,13,13,157,176,14,51,104,17,21,28,110,177,66,119,56,117,50,57,148,105,63,91,107,27,35,37,43,55,109,126,137,148,181,41,31,33,164,169,60,73,82,97,127,140,106,94,73,140,37,38,167,50,45,42,152,183,45,51,46,45,56,92,137,49,56,153,187,101,154,59,123,162,61
56,59,55,112,80,50,39,49,63,69,52,47,72,90,36,88,88,37,51,61,49,37,59,45,32,69,37,55,83,35,31,91,81,38,33,52,27,34,54,55,45,82,36,84,93,86,24,32,55,23,33,98,44,60,67,63,81,17,52,17,84,25,17,87,16,30,61,76,51,100,16,12,41,69,58,91,105,59,68,6,85,71,37,91,59,67,108,94,0,64,46,54,82,41,81,68,5,104,89,55,4,96,68,11,48,22,73,96,83,102,101,89,64,83,90,47,15,102,108,73,21,83,34,29,46,28,53,46,56,23,43,25,26,91,74,72,65,52,28,38,48,58,89,69,89,84,73,78,53,42,36,31,42,52,33,34,45,54,95,92,78,71,81,109,66,93,115,80,110,107,74,48,58,111,80,69,99,48,71,80,52,77,79
54,113,52,173,42,104,76,52,42,128,107,99,37,151,70,39,149,63,43,120,43,88,35,102,64,130,90,35,33,89,60,154,143,94,54,33,77,49,31,31,37,144,44,29,156,149,76,47,117,58,43,161,32,21,129,19,24,67,23,72,24,85,74,151,56,39,125,16,18,164,52,56,25,133,122,28,169,8,132,68,22,135,101,27,5,4,172,158,64,0,18,10,146,23,17,132,68,168,153,119,62,160,132,72,18,85,12,160,147,166,165,152,11,21,153,110,56,166,172,136,51,23,95,43,108,47,115,107,24,60,103,74,59,153,136,134,126,113,58,43,34,28,33,131,151,146,29,31,111,97,88,73,47,38,65,77,100,40,156,153,36,130,140,170,42,45,176,139,171,168,132,91,54,172,137,49,52,85,49,136,67,49,135
48,97,45,156,48,88,62,43,40,111,91,83,41,134,56,50,132,50,36,103,35,72,33,85,50,112,74,31,44,72,45,136,125,78,40,28,60,36,27,27,28,126,31,42,138,131,60,33,99,42,30,144,22,24,112,24,39,50,18,55,40,68,56,133,39,24,107,32,13,146,34,38,11,115,104,46,151,15,114,50,39,117,83,45,13,21,154,140,46,18,0,8,128,5,35,114,50,150,135,101,44,142,114,54,6,67,28,142,129,148,147,134,20,37,135,92,39,148,154,118,34,39,77,27,90,31,97,89,21,43,85,57,43,135,118,116,109,95,42,29,25,25,46,113,133,128,35,39,94,80,71,57,34,30,50,61,83,33,138,136,42,113,123,152,39,54,158,121,153,150,114,76,46,154,120,46,62,70,47,119,56,50,118
50,104,48,164,45,95,68,47,40,119,98,90,39,142,62,45,140,55,38,110,38,79,33,93,56,120,81,32,39,80,52,144,133,85,46,29,68,42,28,28,31,134,37,36,146,139,67,39,107,49,36,151,26,21,120,21,32,58,19,62,33,76,64,141,46,30,115,25,13,154,42,46,17,123,112,38,159,9,122,58,32,125,91,37,6,13,162,148,54,10,8,0,136,13,27,122,58,158,143,109,52,150,122,62,9,75,20,150,137,156,155,142,13,30,143,100,46,156,162,126,41,31,85,34,98,38,105,97,20,51,93,64,50,143,126,124,116,103,48,35,27,24,40,121,141,136,31,34,102,87,78,64,39,32,56,68,90,35,146,143,38,121,130,160,39,49,166,129,161,158,122,82,49,162,128,46,57,76,47,126,60,48,125
125,62,125,49,156,65,91,119,137,47,61,68,149,38,94,166,37,101,125,47,123,72,135,59,96,38,69,132,162,69,99,30,31,64,104,130,79,108,132,133,122,26,112,164,26,25,77,108,39,95,110,26,123,141,28,144,162,83,132,78,165,64,76,16,93,110,26,158,133,21,96,92,122,16,26,173,24,141,16,78,167,13,45,173,141,149,26,12,82,146,128,136,0,123,163,14,78,22,7,27,84,15,15,74,129,61,155,16,7,22,21,10,145,164,12,38,92,22,28,17,98,165,54,107,43,104,38,45,135,92,51,79,95,24,26,27,32,43,97,113,125,136,169,31,26,26,151,157,49,61,70,85,115,127,94,82,61,128,35,34,155,41,38,42,139,170,47,43,46,45,47,80,125,49,48,140,175,89,142,51,110,150,52
48,93,45,152,52,84,59,42,42,107,87,79,44,130,53,54,127,47,36,98,35,68,35,81,47,108,70,32,48,68,42,131,121,73,38,29,56,34,29,29,27,122,30,47,133,126,55,30,95,39,27,139,22,27,107,28,43,46,21,50,45,63,52,128,34,21,102,37,16,141,30,34,10,110,99,51,146,20,109,46,45,112,78,50,18,26,149,135,41,23,5,13,123,0,40,109,45,145,130,96,39,137,109,49,8,62,33,137,124,143,142,129,24,42,130,87,34,143,149,113,29,43,72,23,85,26,92,84,22,39,80,52,38,130,113,111,104,90,37,26,23,25,50,108,128,123,37,42,89,75,66,52,31,29,45,56,78,32,133,131,44,108,118,147,40,57,153,116,148,145,109,71,44,149,115,46,64,66,47,114,52,51,113
66,129,64,190,46,120,92,65,52,145,124,115,43,168,86,38,166,78,56,137,57,105,47,119,80,147,107,47,32,106,76,171,160,111,70,46,93,65,44,43,52,161,60,26,173,166,93,63,134,75,60,178,47,33,147,30,21,84,37,89,18,102,91,168,73,56,142,15,34,181,69,73,42,150,139,13,186,23,149,85,8,152,118,11,22,15,189,175,81,17,35,27,163,40,0,149,85,185,170,136,79,177,149,89,34,102,10,177,164,183,182,169,20,9,170,126,73,182,188,153,67,13,112,59,124,62,131,123,35,76,119,90,74,170,153,151,143,129,73,57,46,37,24,147,167,162,30,29,127,113,103,88,60,49,80,92,116,50,172,169,36,146,156,186,48,38,192,155,187,184,147,106,64,187,153,54,45,98,54,151,79,51,150
113,54,113,58,143,55,79,107,124,42,52,58,136,42,82,153,40,89,112,40,110,61,122,49,83,34,57,119,149,58,86,36,32,52,91,117,67,95,119,120,109,29,99,150,34,30,64,94,29,82,97,36,109,127,22,130,149,70,119,65,151,51,63,24,80,96,17,144,119,34,82,78,109,10,14,159,38,127,8,64,153,8,32,159,127,135,40,26,68,132,114,122,14,109,149,0,64,36,21,13,70,28,3,60,115,47,141,29,16,35,34,21,131,150,23,25,78,35,41,12,84,150,40,93,31,90,25,32,121,78,38,65,81,29,22,22,23,31,83,99,111,122,155,24,30,27,137,143,38,49,57,72,101,114,80,69,49,114,39,37,141,35,35,50,126,156,55,40,53,51,42,68,112,55,44,127,161,77,128,46,98,136,48
61,58,60,110,85,50,42,54,68,68,52,47,77,88,40,93,86,41,56,59,54,38,64,45,36,67,37,60,87,36,36,89,78,38,38,57,29,39,59,60,50,79,41,88,90,83,25,37,53,28,38,95,49,65,64,68,86,20,57,19,88,24,18,84,21,35,58,80,56,97,21,17,45,66,55,96,101,64,64,8,89,67,34,95,63,71,104,90,5,68,50,58,78,45,85,64,0,100,85,51,6,92,64,6,51,18,77,92,79,98,97,84,67,86,85,42,16,98,104,68,22,87,29,31,41,30,48,41,59,22,38,21,25,86,70,68,60,47,27,40,50,60,92,65,84,79,76,81,48,37,31,28,43,54,31,30,40,55,90,87,80,66,76,104,67,95,110,75,105,103,69,44,58,107,75,70,101,45,72,75,51,79,74
146,79,147,46,178,84,112,141,159,62,80,88,171,45,115,188,45,122,147,65,145,93,157,79,117,54,90,154,184,90,121,36,43,84,126,152,101,130,154,155,144,38,134,186,30,34,98,130,59,117,132,25,145,163,46,166,184,105,154,100,187,86,98,25,115,132,47,180,155,14,118,114,144,37,47,195,10,163,37,100,189,34,67,195,163,171,6,11,104,168,150,158,22,145,185,36,100,0,15,49,106,8,36,96,151,83,177,9,22,6,7,17,167,186,17,60,113,10,11,35,120,186,75,129,64,126,57,65,157,113,71,100,116,27,40,42,49,62,118,135,147,157,190,46,31,35,173,178,67,81,90,106,136,148,114,102,80,149,36,37,176,54,47,36,160,191,38,53,40,40,59,98,145,43,58,161,196,107,162,61,130,170,63
132,68,133,48,164,71,98,127,145,52,68,75,156,40,101,174,40,108,133,53,130,80,143,66,103,43,76,139,169,76,106,32,35,71,112,138,86,115,139,140,129,30,119,171,27,28,84,115,45,102,118,25,130,148,34,151,170,90,140,85,172,72,83,17,100,117,33,165,140,17,103,99,130,23,33,180,19,148,23,85,174,20,52,180,148,156,20,7,89,153,135,143,7,130,170,21,85,15,0,34,91,7,21,81,136,68,162,9,8,14,13,6,152,171,8,45,98,16,21,21,105,171,60,114,49,111,43,51,142,99,56,85,101,21,28,30,36,48,103,120,132,143,175,34,25,26,158,163,53,67,76,91,121,134,100,88,66,134,32,32,161,43,38,38,146,177,42,44,42,41,49,85,131,45,49,146,181,94,148,52,116,156,54
102,49,102,67,131,49,69,95,113,42,46,50,124,49,71,141,47,78,100,37,98,52,110,41,72,35,48,107,136,48,75,45,38,43,80,105,56,83,106,107,96,36,87,138,44,39,53,82,25,70,85,48,97,115,25,117,136,58,106,53,138,40,51,35,67,84,17,131,106,47,69,65,96,18,11,146,51,114,16,52,140,18,19,146,114,122,53,39,55,119,101,109,27,96,136,13,51,49,34,0,57,41,13,47,102,34,128,41,28,47,46,34,118,137,35,13,64,47,53,19,71,137,28,80,20,77,17,21,108,66,27,53,68,38,26,25,22,23,70,87,98,109,142,25,38,34,125,130,30,38,46,59,88,101,68,57,39,102,46,44,128,34,38,58,113,144,64,41,61,59,40,58,99,63,44,114,148,66,116,46,86,123,46
59,63,57,116,80,55,43,51,64,73,57,51,73,94,40,88,92,40,52,65,50,41,59,49,36,72,41,56,82,40,34,95,84,43,36,53,32,36,54,55,45,85,38,83,96,89,28,33,59,26,35,101,44,60,70,62,80,21,51,22,82,29,21,90,19,30,64,75,50,103,17,14,40,72,61,90,107,58,71,11,83,73,40,89,57,65,110,96,4,62,44,52,84,39,79,70,6,106,91,57,0,98,70,10,45,23,71,98,85,104,103,90,61,80,91,48,11,103,110,74,17,81,34,26,46,24,53,46,53,19,42,22,22,91,75,73,65,52,23,34,44,54,86,70,89,84,70,75,52,40,34,27,38,48,28,30,44,50,96,93,74,71,81,109,62,90,115,80,110,108,74,45,53,112,80,65,95,45,67,79,48,73,78
140,74,140,49,171,78,105,134,152,58,74,82,164,44,108,181,44,116,140,60,138,87,150,73,110,50,83,146,177,84,114,35,39,78,119,145,94,122,147,148,137,35,127,179,30,32,91,122,52,109,125,26,137,155,41,158,177,98,147,93,179,79,90,21,108,124,40,172,147,16,110,106,137,30,40,187,15,155,30,93,181,27,60,187,155,163,14,7,96,160,142,150,15,137,177,28,92,8,7,41,98,0,28,88,143,75,169,3,13,7,6,9,159,178,9,51,105,9,14,27,111,178,67,121,56,118,49,57,149,105,62,92,108,21,32,34,41,53,110,126,138,149,182,38,25,28,165,170,59,72,82,97,127,140,106,94,72,141,31,32,168,47,41,34,152,183,38,46,38,38,52,90,137,41,51,153,188,99,154,54,122,162,56
114,56,114,60,144,58,81,108,125,45,54,60,137,45,83,154,43,90,113,43,111,63,123,51,85,36,59,120,149,59,87,39,35,54,92,118,68,96,119,120,109,32,100,151,36,33,65,95,32,83,98,38,110,128,25,130,149,71,119,66,152,52,64,26,80,97,20,144,119,35,82,78,109,13,16,160,39,128,11,65,153,10,32,159,127,135,41,27,68,132,114,122,15,109,149,3,64,36,21,13,70,28,0,60,115,47,141,28,15,34,33,20,131,150,22,24,77,34,40,9,83,150,39,93,29,90,24,30,121,78,36,65,80,27,19,19,21,29,82,99,111,121,154,21,27,25,137,142,35,47,56,71,100,113,79,68,47,114,36,34,140,32,32,47,125,156,53,37,50,48,39,66,110,53,41,126,160,75,127,43,96,135,45
67,59,66,108,90,52,47,60,73,67,53,49,83,86,45,98,84,47,62,59,59,40,69,45,41,65,39,65,93,38,41,86,76,39,44,63,33,45,64,65,55,77,47,93,87,81,29,42,51,33,44,92,54,70,62,73,91,25,62,23,93,25,22,81,27,40,55,85,61,93,26,23,50,63,52,100,98,68,61,13,94,64,31,100,68,76,100,86,11,72,54,62,74,49,89,60,6,96,81,47,10,88,60,0,55,13,81,88,75,94,93,80,71,90,81,37,18,93,99,64,24,90,24,34,36,31,43,35,62,22,32,17,25,81,65,63,55,42,27,41,52,63,95,59,79,74,78,83,42,31,26,25,44,55,29,26,35,57,85,82,82,61,70,99,68,98,105,70,100,97,64,40,58,101,70,71,103,41,73,69,49,80,68
54,100,51,159,53,91,66,49,46,114,94,87,46,137,61,54,135,55,42,106,41,76,39,89,54,115,77,37,48,76,50,138,128,81,45,34,64,41,33,33,34,129,37,45,140,133,63,38,102,46,35,146,28,29,114,29,41,54,24,58,42,71,59,134,42,28,109,34,18,148,38,41,17,117,106,46,153,18,116,52,40,119,85,45,15,22,155,141,48,18,6,9,129,8,34,115,51,151,136,102,45,143,115,55,0,68,26,143,130,149,148,135,16,35,136,92,38,148,154,118,33,36,78,25,90,29,97,89,15,42,85,56,41,135,118,116,109,95,39,25,19,19,42,113,133,128,30,34,93,79,69,55,30,25,47,59,82,27,138,135,36,112,122,152,33,50,158,121,153,150,113,73,41,153,119,40,57,67,41,118,51,44,116
76,54,76,97,102,48,51,69,84,59,48,46,94,76,51,110,74,54,72,51,70,40,81,41,49,56,38,77,105,37,50,75,66,36,53,75,36,55,76,77,67,65,58,106,76,69,32,53,42,42,55,80,66,83,51,85,104,32,74,28,106,23,26,68,37,52,44,98,73,81,38,34,63,50,40,113,85,81,49,21,107,51,19,113,81,89,87,74,22,85,67,75,61,62,102,47,18,83,68,34,23,75,47,13,68,0,94,75,62,81,80,67,84,103,68,24,30,80,86,50,37,103,12,46,24,43,30,23,74,32,21,22,35,68,52,50,43,30,37,53,64,75,108,47,66,61,90,96,32,24,23,30,55,67,37,29,28,68,73,70,94,49,58,86,80,110,92,59,88,85,53,38,68,89,59,82,115,43,83,59,57,91,58
66,124,64,184,50,115,88,64,53,139,118,110,46,162,82,45,160,75,55,131,55,99,47,113,76,140,101,47,38,100,71,164,153,105,66,45,88,61,43,42,49,154,56,33,166,159,87,58,127,69,55,171,44,32,140,30,28,78,35,83,26,96,84,160,66,51,134,20,30,174,62,66,37,143,132,23,179,20,142,78,18,144,111,21,17,12,181,167,73,12,28,20,155,33,10,141,77,177,162,128,71,169,141,81,26,94,0,169,156,175,174,161,10,9,162,118,64,174,180,144,58,11,103,50,116,53,123,115,25,66,110,81,65,161,144,142,134,120,63,47,36,27,22,138,158,153,22,22,118,104,94,78,50,39,70,83,106,40,163,160,28,137,147,177,38,34,183,145,178,175,138,96,54,178,143,45,41,89,45,142,69,43,140
141,76,141,52,172,80,106,135,153,60,76,83,165,47,110,182,46,117,141,62,139,88,151,75,111,52,85,147,177,85,114,38,42,79,120,146,95,123,147,148,137,38,127,179,33,35,92,123,54,110,126,29,138,156,43,158,177,98,147,93,180,80,91,24,108,125,42,172,147,18,110,106,137,31,41,188,17,156,31,93,182,28,60,187,155,163,16,10,96,160,142,150,16,137,177,29,92,9,9,41,98,3,28,88,143,75,169,0,13,6,5,8,159,178,8,51,105,7,13,26,111,178,66,120,55,117,48,56,148,105,62,91,107,18,31,32,39,52,109,126,138,149,182,37,22,25,164,169,57,71,81,97,127,140,106,93,71,140,28,29,167,45,38,31,151,183,35,44,35,35,50,89,136,38,49,152,187,98,153,52,121,161,54
129,67,129,55,159,70,95,123,140,53,66,73,152,45,98,169,44,105,128,53,126,77,138,64,99,44,73,135,165,74,102,37,38,68,108,133,83,111,135,136,125,33,115,166,33,32,80,110,44,98,113,32,125,143,34,146,164,86,135,81,167,67,79,22,96,112,31,159,134,25,98,94,124,21,30,175,27,143,21,80,169,18,48,174,142,150,27,15,83,147,129,137,7,124,164,16,79,22,8,28,85,13,15,75,130,62,156,13,0,19,18,5,146,165,7,38,92,19,25,13,98,165,53,107,42,104,36,43,136,92,49,78,94,16,21,22,28,40,96,113,125,136,169,26,19,19,151,156,46,59,69,84,114,127,93,81,59,127,27,27,154,36,31,36,139,170,41,37,39,38,42,77,124,42,42,139,174,86,141,45,109,148,47
147,82,147,52,178,85,112,141,159,65,82,89,171,50,116,188,50,123,147,67,145,94,157,80,117,57,90,153,183,91,120,41,46,85,126,152,101,129,153,154,143,42,133,185,35,38,98,129,60,116,132,31,144,162,48,165,183,105,153,99,186,86,97,28,114,131,47,178,153,19,117,112,143,37,47,194,16,162,37,99,188,34,66,193,161,169,13,14,102,166,148,156,22,143,183,35,98,6,14,47,104,7,34,94,149,81,175,6,19,0,1,14,165,184,13,57,111,4,7,31,117,184,72,126,61,123,54,62,154,111,67,97,113,21,35,37,45,58,115,132,144,155,188,42,25,29,170,175,63,77,87,102,133,146,111,99,76,146,30,31,173,49,42,30,157,188,32,47,34,34,54,94,142,37,52,157,193,103,159,55,126,167,57
146,81,146,52,177,85,111,140,158,64,81,88,170,49,115,187,49,122,146,66,144,93,156,79,116,56,89,152,182,90,120,40,45,84,125,151,100,128,152,153,142,41,132,184,35,38,97,128,59,115,131,30,143,161,47,164,182,104,152,98,185,85,96,27,113,130,47,177,152,19,116,111,142,36,46,193,16,161,36,98,187,33,65,192,160,168,13,13,101,165,147,155,21,142,182,34,97,7,13,46,103,6,33,93,148,80,174,5,18,1,0,13,164,183,12,56,110,4,8,30,116,183,71,125,60,122,53,61,153,110,66,96,112,21,34,36,44,57,114,131,143,154,187,41,25,28,169,174,62,76,86,101,132,145,110,98,75,145,29,31,172,48,41,30,156,187,33,47,34,34,53,93,141,37,52,156,192,102,158,54,125,166,57
134,72,134,54,164,74,100,128,145,57,71,78,157,46,103,174,46,110,133,57,131,82,143,69,104,48,78,140,170,78,107,38,40,73,113,138,88,116,140,141,130,35,120,171,33,33,85,116,48,103,118,31,130,148,38,151,169,91,140,86,172,72,84,23,101,117,36,164,140,22,103,99,129,25,34,180,23,148,25,85,174,22,53,179,147,155,23,13,89,152,134,142,10,129,169,21,84,17,6,34,90,9,20,80,135,67,161,8,5,14,13,0,151,170,2,43,97,14,20,18,103,170,58,112,47,109,40,48,140,97,54,83,99,15,23,25,32,45,101,118,130,141,174,29,18,20,156,161,50,64,73,89,119,132,98,85,63,132,26,26,159,38,33,33,143,175,37,39,36,35,44,81,128,39,44,144,179,90,145,46,113,153,48
63,116,61,175,53,107,81,60,52,131,110,102,48,153,75,50,151,69,51,122,52,92,45,105,69,132,93,44,43,92,65,155,144,97,60,42,80,55,40,40,44,145,50,39,157,150,79,52,118,62,49,162,39,32,130,30,34,70,31,74,33,87,76,151,58,43,125,26,26,164,54,57,30,133,122,33,169,17,132,69,27,135,101,31,14,14,171,157,64,11,20,13,145,24,20,131,67,167,152,118,61,159,131,71,16,84,10,159,146,165,164,151,0,19,152,108,54,164,170,134,48,19,93,39,105,43,112,104,15,56,100,70,55,151,134,132,124,110,53,37,26,18,27,128,148,143,18,21,108,93,83,68,39,29,60,72,96,31,153,150,26,127,137,167,31,36,173,135,167,164,127,85,45,168,133,38,43,78,39,132,59,38,130
74,133,72,193,55,124,97,72,60,148,128,120,52,172,91,47,169,84,63,140,64,109,54,122,85,150,111,55,41,110,81,173,163,115,75,53,97,70,51,50,58,164,65,35,175,168,97,68,137,79,64,181,53,40,149,37,30,88,43,92,27,105,94,170,76,60,144,24,39,183,72,75,46,152,141,20,188,29,151,87,16,154,120,17,26,20,190,176,83,21,37,30,164,42,9,150,86,186,171,137,80,178,150,90,35,103,9,178,165,184,183,170,19,0,171,127,73,183,189,153,67,4,112,58,124,62,131,123,32,75,119,89,73,170,153,151,143,129,71,55,43,33,15,147,167,162,23,21,127,112,102,86,57,45,78,91,114,46,172,169,28,145,155,185,42,29,192,153,186,183,146,103,59,187,151,48,36,95,48,150,74,44,148
136,74,136,56,166,76,102,129,147,59,73,80,159,48,105,176,48,111,135,59,133,84,145,71,106,50,80,141,171,80,109,40,42,75,114,140,89,117,141,142,131,38,121,173,35,36,87,117,50,104,120,33,132,149,40,152,171,93,141,88,173,74,85,25,102,119,38,166,141,24,104,100,131,28,36,181,24,149,27,87,175,24,54,181,149,157,23,14,90,153,135,143,12,130,170,23,85,17,8,35,91,9,22,81,136,68,162,8,7,13,12,2,152,171,0,44,98,12,18,18,104,171,59,113,48,110,41,49,141,98,54,84,100,13,23,25,32,45,102,119,131,142,175,29,17,19,157,162,50,64,73,89,120,132,98,86,63,133,24,24,160,38,32,30,144,175,35,37,34,33,43,81,129,37,42,144,179,90,146,45,113,154,47
97,55,97,80,125,53,67,91,107,52,51,53,118,61,69,134,59,74,95,45,93,52,104,45,68,45,48,100,129,48,70,58,51,44,75,98,53,77,100,100,90,49,80,130,57,52,50,76,34,64,78,60,90,107,36,109,128,53,98,48,130,37,46,48,60,76,28,122,98,59,62,58,87,31,23,137,63,106,29,44,131,31,17,137,105,113,64,51,47,110,92,100,38,87,126,25,42,60,45,13,48,51,24,37,92,24,118,51,38,57,56,43,108,127,44,0,54,56,62,26,60,127,16,69,8,66,9,9,97,54,14,41,56,44,28,26,20,13,58,75,87,98,131,24,42,38,113,118,19,25,33,47,76,89,56,44,27,90,49,47,116,30,37,63,101,132,69,39,64,62,35,45,87,66,40,102,137,53,103,41,73,111,41
62,74,61,125,80,65,52,55,65,84,67,62,72,104,48,86,102,47,54,75,52,52,59,60,43,82,52,56,80,50,41,104,94,53,41,53,42,40,54,54,46,94,40,80,105,98,38,37,68,33,37,110,44,58,79,60,77,31,49,32,78,40,32,98,25,31,73,70,47,111,21,20,37,80,70,84,115,53,79,21,78,82,48,83,52,60,118,104,15,56,39,46,92,34,73,78,16,113,98,64,11,105,77,18,38,30,64,105,92,111,110,97,54,73,98,54,0,110,116,80,7,73,39,16,51,14,59,51,44,10,46,19,12,97,80,78,70,57,13,24,35,45,77,75,94,89,60,66,55,42,33,22,28,38,20,26,45,40,100,97,65,74,84,114,51,80,120,83,115,112,76,42,43,115,82,55,85,39,56,81,38,63,80
147,83,147,56,178,87,113,141,159,67,83,90,171,53,116,188,53,123,147,69,145,95,157,82,118,59,91,153,183,92,121,44,49,86,126,152,101,129,153,154,143,44,134,185,39,41,99,129,61,116,132,34,144,162,50,164,183,105,153,100,185,86,97,31,114,131,49,178,153,23,116,112,143,38,48,193,20,161,38,99,187,35,66,193,161,169,17,17,102,166,148,156,22,143,182,35,98,10,16,47,103,9,34,93,148,80,174,7,19,4,4,14,164,183,12,56,110,0,6,30,116,183,71,125,59,122,52,60,153,109,66,96,111,18,33,35,42,56,114,130,142,153,186,39,22,26,169,174,60,75,85,100,131,144,109,97,74,144,26,27,171,46,38,26,155,187,29,44,30,30,51,92,140,33,49,156,191,101,157,52,124,165,54
153,89,153,57,184,92,119,147,165,72,89,96,177,56,122,194,56,129,153,74,151,101,163,87,124,64,97,159,189,97,127,47,53,92,132,158,107,135,159,160,149,49,140,191,42,45,105,135,67,122,138,37,150,168,55,170,189,111,159,106,192,92,103,35,120,137,54,184,159,25,122,118,149,44,54,199,21,167,44,105,193,41,72,199,167,175,16,21,108,172,154,162,28,149,188,41,104,11,21,53,110,14,40,99,154,86,180,13,25,7,8,20,170,189,18,62,116,6,0,36,122,189,77,131,65,128,58,66,159,115,71,101,117,22,38,40,48,62,119,136,148,159,192,45,26,31,175,180,66,81,90,106,137,150,115,103,79,150,28,30,177,51,43,26,161,193,27,48,30,30,55,97,145,33,53,161,197,106,162,56,130,170,58
121,66,121,66,150,67,88,115,132,55,64,69,143,52,91,159,51,97,120,52,117,71,129,60,91,46,67,125,155,67,94,46,43,62,99,123,75,102,125,126,115,40,105,156,42,40,72,101,41,89,103,43,115,133,35,135,154,77,124,72,156,59,70,32,86,102,29,148,124,38,87,83,113,22,26,163,40,132,20,70,157,19,38,163,131,139,40,28,73,136,118,126,17,113,153,12,68,35,21,19,74,27,9,64,118,50,144,26,13,31,30,18,134,153,18,26,80,30,36,0,86,153,41,95,29,92,23,30,123,79,36,66,81,19,10,10,15,27,84,100,112,123,156,14,18,15,139,144,32,46,55,71,101,114,80,67,45,115,27,25,142,24,23,39,126,157,45,28,42,40,31,64,110,44,33,126,161,73,127,35,95,135,36
63,80,61,132,78,72,56,56,64,90,74,68,70,110,52,83,108,50,54,82,52,57,58,66,47,89,58,55,77,56,44,111,101,59,43,52,47,42,52,53,46,101,41,76,112,105,44,38,75,36,38,116,42,55,86,56,72,36,47,37,74,46,38,105,28,30,80,66,44,117,24,24,34,87,76,79,122,49,85,28,73,88,55,78,47,55,124,110,21,51,34,41,98,29,67,84,22,120,105,71,17,111,83,24,33,37,58,111,98,117,116,103,48,67,104,60,7,116,122,86,0,67,45,9,57,7,64,56,37,10,52,23,10,102,86,84,76,62,10,17,28,38,71,80,100,95,54,59,60,46,37,23,21,31,19,28,49,33,105,102,58,79,89,119,45,73,125,88,120,117,80,43,37,120,86,48,79,39,50,85,34,56,84
77,135,75,195,59,126,99,75,63,150,129,121,56,173,93,51,170,86,66,141,66,110,57,124,87,151,112,58,45,111,83,174,164,116,77,56,99,73,54,53,60,165,67,39,176,169,98,70,138,80,67,181,55,43,150,40,34,89,46,93,31,106,95,170,77,62,145,28,41,184,73,77,48,153,142,24,188,31,151,88,20,154,120,20,29,23,191,177,83,23,39,31,165,43,13,150,87,186,171,137,81,178,150,90,36,103,11,178,165,184,183,170,19,4,171,127,73,183,189,153,67,0,112,58,124,61,131,123,31,74,118,88,73,169,152,150,142,128,71,54,42,32,11,146,167,162,21,18,126,111,101,86,55,43,77,90,114,44,171,168,25,145,155,185,39,25,191,153,185,182,145,102,56,186,150,45,32,94,45,149,72,40,147
88,60,88,94,114,55,62,81,96,61,54,54,106,74,62,122,72,66,84,53,82,49,92,47,60,56,47,89,116,46,62,72,64,44,65,86,47,67,88,89,79,62,70,117,72,66,43,65,43,54,67,75,78,94,49,97,114,44,86,40,116,33,38,63,49,64,41,109,84,74,50,46,74,45,36,123,78,92,43,33,117,46,20,122,91,99,80,66,34,95,77,85,54,72,112,40,29,75,60,28,34,67,39,24,78,12,103,66,53,72,71,58,93,112,59,16,39,71,77,41,45,112,0,54,12,51,19,12,82,38,9,25,41,58,41,39,31,18,43,60,72,82,115,36,55,50,98,103,20,15,19,32,61,74,40,29,18,74,61,59,101,37,47,75,85,116,81,47,76,74,41,34,72,77,47,87,121,40,88,47,58,96,46
63,88,61,141,74,79,61,56,61,99,81,75,66,119,57,77,117,53,53,90,51,65,55,75,51,98,65,52,71,64,48,120,110,67,45,49,54,43,49,49,44,110,41,69,121,114,51,39,84,40,38,126,40,50,95,51,66,42,42,45,67,54,45,114,33,30,89,59,38,127,28,29,30,96,85,71,131,42,95,36,65,97,64,70,40,47,133,119,29,43,27,34,107,23,59,93,31,129,114,80,26,121,93,34,25,46,50,120,107,126,125,112,39,58,113,69,16,125,131,95,9,58,54,0,66,4,73,65,28,17,60,31,16,111,94,92,84,70,14,9,19,29,62,89,109,104,45,50,68,54,44,30,15,23,23,34,57,25,114,111,49,87,97,127,36,64,133,96,128,125,88,49,31,129,94,40,70,43,42,93,33,48,91
99,62,99,87,126,59,71,92,108,59,57,59,118,69,72,134,67,76,96,53,94,56,104,51,71,53,53,101,129,53,72,65,58,50,76,98,56,78,100,101,90,56,81,129,64,59,53,77,41,66,79,67,90,106,44,109,127,55,98,50,129,40,48,54,61,76,36,121,97,64,62,58,86,37,31,136,68,104,35,45,129,37,23,135,103,111,69,56,46,108,90,98,43,85,124,31,41,64,49,20,46,56,29,36,90,24,116,55,42,61,60,47,105,124,48,8,51,59,65,29,57,124,12,66,0,63,7,1,94,50,7,36,52,45,29,27,19,7,54,71,83,94,127,23,43,38,109,115,12,18,27,42,72,85,51,39,19,85,49,46,112,26,35,63,96,128,69,35,64,61,31,38,82,65,36,97,132,46,98,37,67,106,36
65,87,64,139,77,79,62,59,64,97,81,75,69,118,58,81,115,55,56,89,54,64,58,74,52,96,65,55,74,63,49,118,108,66,47,52,54,45,52,52,47,108,43,73,119,112,51,41,82,41,40,123,43,53,93,54,69,42,46,44,70,53,45,112,34,33,87,62,42,124,29,30,33,94,83,75,128,45,92,35,68,95,62,73,43,51,131,117,28,47,31,38,104,26,62,90,30,126,111,77,24,118,90,31,29,43,53,117,104,123,122,109,43,62,110,66,14,122,128,92,7,61,51,4,63,0,70,62,31,13,57,27,12,108,91,89,81,67,11,10,21,32,64,85,105,100,47,52,65,50,41,26,14,24,19,30,53,26,110,107,51,84,94,124,37,66,130,92,125,122,85,45,30,125,90,41,72,40,42,89,30,49,88
105,64,105,83,132,61,76,99,114,59,59,62,125,66,77,141,64,82,102,53,100,61,111,53,76,52,57,107,136,57,78,61,55,53,82,105,62,85,106,107,97,53,88,136,59,55,58,83,41,72,85,62,97,113,42,116,134,61,105,56,136,45,54,50,68,83,34,128,104,59,68,64,93,34,28,143,62,111,31,51,136,33,26,142,110,118,63,50,53,115,97,105,38,92,131,25,48,57,43,17,53,49,24,43,97,30,123,48,36,54,53,40,112,131,41,9,59,52,58,23,64,131,19,73,7,70,0,8,101,57,13,43,59,38,22,20,12,6,61,78,90,101,134,17,36,31,116,121,13,24,33,48,79,92,57,45,24,92,42,39,119,21,28,56,103,134,62,30,57,55,26,43,88,59,31,104,139,51,105,32,73,113,32
99,63,99,88,125,60,71,92,108,60,58,60,118,70,72,133,68,76,96,54,93,57,104,52,71,54,54,100,128,53,72,66,59,50,76,98,57,78,99,100,90,57,81,129,65,60,53,77,42,65,79,68,89,106,45,108,126,54,97,50,128,41,48,56,61,76,37,120,96,66,61,57,86,39,32,135,69,103,37,45,128,38,23,134,102,110,70,57,46,107,89,97,45,84,123,32,41,65,51,21,46,57,30,35,89,23,115,56,43,62,61,48,104,123,49,9,51,60,66,30,56,123,12,65,1,62,8,0,93,49,6,35,51,46,29,27,20,7,53,70,82,93,126,24,44,39,108,113,11,17,25,41,71,84,49,37,18,84,50,47,111,26,35,63,95,127,70,35,65,62,31,37,80,66,36,96,131,45,97,36,66,105,36
68,112,66,168,65,103,80,64,60,125,106,99,59,147,75,64,144,69,57,116,56,88,53,100,68,125,89,51,57,88,64,147,137,92,60,49,76,56,47,47,48,138,51,53,149,142,75,52,111,59,49,154,43,41,123,41,48,65,38,69,48,80,70,142,54,42,117,40,32,155,49,52,31,124,114,48,159,28,123,62,42,126,92,46,24,27,162,148,56,24,21,20,135,22,35,121,59,157,142,108,53,149,121,62,15,74,25,148,136,154,153,140,15,32,141,97,44,153,159,123,37,31,82,28,94,31,101,93,0,44,88,58,42,139,122,120,112,98,40,23,12,4,33,116,136,131,17,22,96,81,71,55,25,14,46,59,83,16,141,138,23,114,124,154,19,37,160,122,155,152,114,72,30,155,120,26,44,64,27,118,44,29,117
72,81,70,129,88,73,62,65,73,89,74,69,80,108,58,92,106,57,64,81,62,60,68,67,53,87,60,64,86,58,51,107,98,60,51,61,51,50,62,62,55,98,50,85,108,102,47,46,73,43,47,112,52,65,83,66,82,40,57,40,83,46,40,100,35,40,76,75,53,112,31,30,44,82,72,88,116,58,81,30,82,83,51,87,56,64,118,105,23,60,43,51,92,39,76,78,22,113,99,66,19,105,78,22,42,32,66,105,92,111,110,97,56,75,98,54,10,109,115,79,10,74,38,17,50,13,57,49,44,0,44,14,3,95,78,76,68,54,5,21,33,44,77,72,92,87,59,64,52,37,28,13,23,35,10,18,40,36,97,94,63,71,81,110,48,78,117,79,111,108,71,33,36,112,77,50,83,30,51,76,29,59,74
98,66,97,94,123,62,71,91,105,65,61,62,115,75,71,130,73,75,93,58,91,58,101,54,70,59,55,98,125,54,71,72,65,52,74,95,56,76,96,97,87,63,79,125,71,66,52,74,46,64,76,74,86,102,50,105,122,53,94,49,124,41,47,62,58,73,42,116,92,72,59,55,82,45,37,130,75,99,43,43,124,44,26,130,98,106,76,63,43,103,85,93,51,80,119,38,38,71,56,27,42,62,36,32,85,21,110,62,49,67,66,54,100,119,54,14,46,66,71,36,52,118,9,60,7,57,13,6,88,44,0,30,46,51,34,32,24,10,48,65,77,88,121,28,48,43,103,108,11,11,20,35,65,78,44,32,13,79,54,51,106,29,38,67,90,121,73,38,68,65,32,31,75,69,38,90,125,39,91,37,60,99,37
80,75,79,118,99,68,63,73,84,81,69,65,91,98,61,105,95,62,73,73,71,57,78,61,57,78,56,75,99,55,56,96,87,56,57,72,50,57,73,74,65,87,58,98,96,90,46,54,64,48,55,100,63,77,72,79,95,41,69,40,97,41,39,88,40,50,65,89,66,100,38,35,56,70,61,102,103,72,68,29,96,71,41,101,70,77,105,91,25,74,57,64,79,52,90,65,21,100,85,53,22,92,65,17,56,22,81,91,78,97,96,83,70,89,84,41,19,96,101,66,23,88,25,31,36,27,43,35,58,14,30,0,16,81,64,62,54,40,18,35,47,58,91,58,78,73,73,78,38,23,14,8,36,49,15,9,26,49,83,80,76,57,66,96,60,91,103,65,97,94,58,24,47,98,63,61,96,24,63,62,35,71,61
73,84,72,132,88,76,64,66,74,92,77,72,80,111,60,92,108,59,64,83,63,63,68,70,55,90,62,65,86,61,53,110,100,63,53,62,53,51,62,63,56,100,51,85,110,104,50,48,76,45,48,115,53,64,86,66,81,42,57,43,82,49,43,103,37,41,79,74,53,115,33,32,44,85,75,87,119,57,83,32,80,86,54,85,55,63,121,107,26,59,43,50,95,38,74,81,25,116,101,68,22,108,80,25,41,35,65,107,94,113,112,99,55,73,100,56,12,111,117,81,10,73,41,16,52,12,59,51,42,3,46,16,0,97,80,78,70,56,2,19,31,42,75,74,94,89,57,62,53,39,29,14,20,33,9,18,41,34,99,96,60,72,82,112,45,76,118,80,113,110,73,33,33,113,78,47,80,29,48,77,26,56,76
140,83,140,69,169,84,107,133,150,69,81,87,161,61,110,178,60,116,138,68,136,89,147,78,110,60,86,144,173,86,113,53,54,81,118,142,94,120,143,144,134,50,124,174,48,48,91,120,58,107,122,46,134,151,50,153,172,96,142,91,174,78,89,38,104,120,46,166,142,36,106,102,131,37,43,181,36,149,36,88,175,33,57,180,148,156,33,27,91,153,135,143,24,130,170,29,86,27,21,38,91,21,27,81,135,68,161,18,16,21,21,15,151,170,13,44,97,18,22,19,102,169,58,111,45,108,38,46,139,95,51,81,97,0,17,19,27,41,99,116,128,139,172,23,4,9,154,159,44,59,69,85,116,129,94,81,58,129,11,11,156,29,21,21,140,172,26,26,24,22,33,75,124,26,31,140,175,84,141,34,108,149,36
125,74,125,75,153,74,94,119,135,64,72,76,146,62,96,162,61,102,123,61,121,77,132,67,96,56,74,128,157,74,98,56,53,69,103,126,80,105,128,129,118,50,109,158,52,50,77,104,50,92,106,52,118,135,44,137,155,81,126,76,157,64,74,41,89,104,38,150,125,45,90,86,115,32,34,164,47,133,30,72,158,29,43,163,132,140,46,35,74,136,118,126,26,113,153,22,70,40,28,26,75,32,19,65,118,52,144,31,21,35,34,23,134,153,23,28,80,33,38,10,86,152,41,94,29,91,22,29,122,78,34,64,80,17,0,2,10,24,82,99,111,122,155,6,14,9,137,142,28,42,52,68,99,112,77,64,41,112,21,19,139,15,13,34,123,155,41,18,36,34,21,59,107,38,23,123,159,68,124,25,91,132,27
124,74,123,76,152,73,93,117,133,64,71,75,144,63,94,160,61,100,121,60,119,76,130,66,94,55,72,127,155,72,97,56,54,68,101,124,79,103,126,127,116,50,107,156,53,50,75,102,49,91,105,53,116,133,44,135,153,79,124,74,156,62,72,42,87,102,38,148,123,47,88,84,113,32,34,162,48,131,30,71,156,29,42,161,130,138,48,37,72,134,116,124,27,111,151,22,68,42,30,25,73,34,19,63,116,50,142,32,22,37,36,25,132,151,25,26,78,35,40,10,84,150,39,92,27,89,20,27,120,76,32,62,78,19,2,0,8,22,80,97,109,120,153,4,16,11,135,140,26,40,50,66,97,110,75,63,39,110,23,20,137,14,13,36,121,153,43,18,38,36,21,57,105,40,22,121,157,66,122,25,89,130,26
117,71,117,80,144,70,87,110,126,63,67,71,137,65,88,153,64,94,114,59,112,71,123,62,88,55,67,119,148,67,90,59,55,63,94,117,73,97,119,119,109,52,100,148,57,53,69,95,47,84,98,58,109,125,44,128,146,72,117,68,148,57,66,46,80,95,37,140,116,52,81,76,105,33,32,154,55,123,31,64,148,31,36,154,122,130,55,43,65,126,109,116,32,104,143,23,60,49,36,22,65,41,21,55,109,43,134,39,28,45,44,32,124,143,32,20,70,42,48,15,76,142,31,84,19,81,12,20,112,68,24,54,70,27,10,8,0,14,72,89,101,112,145,4,24,19,127,132,18,33,42,58,89,102,67,55,31,102,30,27,129,12,17,44,113,145,50,20,45,42,19,50,97,47,23,113,149,59,114,24,82,122,25
106,68,106,89,132,66,78,99,115,64,64,66,125,71,79,140,69,83,103,58,100,64,111,57,78,57,60,107,135,60,79,67,61,57,83,105,64,85,106,107,97,59,88,135,65,61,60,83,46,72,85,67,96,112,48,115,133,62,104,57,134,48,55,55,68,82,40,127,103,64,68,64,92,39,34,141,67,109,37,52,134,38,29,140,108,116,67,55,52,113,95,103,43,90,129,31,47,62,48,23,52,53,29,42,95,30,120,52,40,58,57,45,110,129,45,13,57,56,62,27,62,128,18,70,7,67,6,7,98,54,10,40,56,41,24,22,14,0,58,75,87,98,131,18,38,33,113,118,7,19,29,44,75,88,53,41,18,88,43,41,116,19,28,57,99,131,63,28,58,55,24,37,84,59,29,99,135,46,101,29,68,109,29
73,86,72,134,87,78,65,66,74,94,79,74,80,113,62,91,111,60,64,86,63,64,68,72,56,92,64,65,85,63,54,112,103,65,53,62,55,52,62,62,56,102,51,84,113,106,51,48,78,46,48,117,52,64,88,65,80,44,56,45,81,51,45,105,38,41,81,73,52,117,34,33,43,87,77,85,121,56,85,34,79,88,56,84,54,61,123,109,28,58,42,48,97,37,73,83,27,118,103,70,23,110,82,27,39,37,63,109,96,115,114,101,53,71,102,58,13,114,119,84,10,71,43,14,54,11,61,53,40,5,48,18,2,99,82,80,72,58,0,17,29,40,73,76,96,91,55,60,55,40,31,15,18,31,9,20,43,31,101,98,58,74,84,114,43,74,120,82,115,112,74,34,31,115,80,45,78,29,46,79,25,54,77
70,97,68,149,78,88,71,64,67,107,91,84,70,128,66,80,125,62,60,99,58,74,60,84,60,106,74,58,73,73,57,128,118,76,54,54,63,51,54,54,51,118,49,71,128,122,60,47,92,50,46,133,46,53,103,54,67,52,47,54,67,63,54,121,42,38,96,59,42,133,38,39,35,103,93,70,138,43,102,45,64,104,72,68,40,47,139,126,38,43,29,35,113,26,57,99,40,135,120,87,34,126,99,41,25,53,47,126,113,132,131,118,37,55,119,75,24,130,136,100,17,54,60,9,71,10,78,70,23,21,65,35,19,116,99,97,89,75,17,0,12,23,56,93,113,108,38,43,72,57,47,32,6,14,23,36,60,16,118,115,41,91,101,131,27,57,137,99,131,128,91,49,22,132,97,31,62,42,33,95,26,39,93
70,106,68,160,72,97,77,65,64,117,99,93,65,138,71,72,136,67,59,109,58,82,58,93,65,117,83,55,66,81,61,139,128,85,58,52,71,54,51,51,50,129,51,63,140,133,69,50,103,55,48,144,45,48,114,48,58,59,43,62,58,73,63,133,49,40,108,50,37,145,44,46,33,115,104,59,149,36,113,54,53,116,83,57,32,37,151,137,48,34,25,27,125,23,46,111,50,147,132,98,44,138,111,52,19,64,36,138,125,144,143,130,26,43,131,87,35,142,148,112,28,42,72,19,83,21,90,82,12,33,77,47,31,128,111,109,101,87,29,12,0,11,44,105,125,120,26,31,84,69,59,43,13,6,35,48,72,9,129,126,30,103,113,143,19,46,149,110,143,140,103,60,22,144,108,24,51,52,25,107,33,31,105
72,114,70,170,69,106,83,68,64,127,108,101,63,148,78,67,146,72,61,118,60,90,57,102,71,127,91,55,60,90,67,149,139,94,63,52,79,59,51,51,52,139,55,56,150,143,77,55,113,62,53,155,47,45,124,45,52,68,42,71,51,82,72,143,57,45,118,44,36,156,52,54,35,125,115,50,160,32,124,64,45,126,93,48,28,31,162,148,58,28,25,24,136,25,37,122,60,157,143,109,54,149,121,63,19,75,27,149,136,155,154,141,18,33,142,98,45,153,159,123,38,32,82,29,94,32,101,93,4,44,88,58,42,139,122,120,112,98,40,23,11,0,33,116,136,131,16,21,95,80,70,54,24,12,46,59,82,13,140,137,20,114,124,154,15,35,160,121,154,151,114,70,27,155,119,22,41,62,23,117,42,25,116
87,143,85,201,70,134,108,85,74,157,137,129,67,179,102,62,177,95,76,148,77,118,68,131,96,157,120,68,57,119,91,180,170,123,86,66,107,82,64,64,70,170,77,50,182,175,106,78,144,89,75,187,65,54,156,51,45,96,56,100,42,113,102,175,85,70,150,39,51,188,80,83,56,157,147,34,193,41,156,94,31,159,125,30,38,33,195,181,89,33,46,40,169,50,24,155,92,190,175,142,86,182,154,95,42,108,22,182,169,188,187,174,27,15,175,131,77,186,192,156,71,11,115,62,127,64,134,126,33,77,121,91,75,172,155,153,145,131,73,56,44,33,0,149,169,164,18,14,128,113,103,87,56,43,78,91,115,44,173,170,19,146,156,187,36,14,193,154,187,184,146,102,54,187,151,40,21,94,40,150,71,34,148
122,74,121,80,149,73,91,115,131,65,71,75,141,66,93,157,64,98,119,61,117,75,127,66,92,57,71,124,152,71,94,60,56,67,99,122,77,101,123,124,114,53,104,153,56,53,74,100,50,88,102,57,113,130,46,132,150,77,121,72,152,61,70,46,84,99,39,144,120,51,85,81,110,34,35,159,53,127,32,68,152,32,40,158,126,134,52,41,69,131,113,121,31,108,147,24,65,46,34,25,70,38,21,59,113,47,138,37,26,42,41,29,128,147,29,24,75,39,45,14,80,146,36,89,23,85,17,24,116,72,28,58,74,23,6,4,4,18,76,93,105,116,149,0,20,15,131,136,21,36,46,62,93,106,71,58,35,106,26,23,133,10,13,39,117,149,46,16,41,38,17,53,101,42,20,117,152,62,118,22,85,126,23
139,84,139,73,167,85,107,132,149,71,82,87,160,64,109,176,63,115,137,69,135,89,146,78,109,62,86,142,171,86,112,56,57,81,116,140,93,119,142,143,132,52,123,172,51,51,90,118,59,106,120,49,132,149,51,151,170,94,140,90,172,77,87,41,103,118,47,164,140,40,104,100,129,38,44,178,40,147,37,87,172,35,56,178,146,154,38,31,89,151,133,141,26,128,167,30,84,31,25,38,89,25,27,79,133,66,158,22,19,25,25,18,148,167,17,42,94,22,26,18,100,167,55,109,43,105,36,44,136,92,48,78,94,4,14,16,24,38,96,113,125,136,169,20,0,5,151,156,41,56,66,82,113,126,91,78,54,126,9,8,153,25,16,21,137,168,27,22,23,21,29,71,120,25,27,136,172,81,137,30,104,146,32
135,81,134,74,163,82,103,128,144,69,79,84,155,64,105,171,63,111,132,67,130,86,141,75,105,60,82,138,166,82,107,57,56,77,112,136,89,115,137,138,128,52,118,167,52,51,86,114,56,102,116,51,127,144,49,147,165,90,136,85,167,73,83,42,98,114,44,159,135,43,99,95,124,36,41,174,43,142,35,82,167,33,52,173,141,149,41,33,84,146,128,136,26,123,162,27,79,35,26,34,84,28,25,74,128,61,153,25,19,29,28,20,143,162,19,38,89,26,31,15,95,162,50,104,38,100,31,39,131,87,43,73,89,9,9,11,19,33,91,108,120,131,164,15,5,0,146,151,36,51,61,77,108,121,86,73,49,121,12,10,148,20,13,25,132,163,31,19,27,25,25,66,115,29,24,131,167,76,133,26,99,141,28
81,129,79,185,71,120,96,77,70,142,123,115,66,163,91,66,161,84,69,133,69,105,64,117,84,142,106,63,60,105,80,164,154,109,75,60,93,71,59,58,62,154,66,55,165,159,92,67,128,76,65,170,56,50,140,49,49,82,49,86,47,97,87,159,71,58,133,42,43,171,66,69,46,141,130,43,176,36,139,79,38,142,109,40,32,31,178,164,73,29,35,31,151,37,30,137,76,173,158,125,70,165,137,78,30,90,22,164,151,170,169,156,18,23,157,113,60,169,175,139,54,21,98,45,109,47,116,108,17,59,103,73,57,154,137,135,127,113,55,38,26,16,18,131,151,146,0,5,110,95,85,69,38,25,60,73,97,25,155,152,7,128,138,168,19,20,174,136,169,166,128,84,36,169,133,24,27,75,24,132,53,21,130
84,134,82,190,72,125,100,81,73,147,128,120,68,168,95,66,166,88,72,138,73,109,66,121,88,147,111,65,60,109,84,169,159,114,79,63,98,75,61,61,65,159,70,55,170,164,96,71,133,80,69,175,60,52,145,50,49,87,52,91,47,102,92,164,75,62,139,42,47,176,71,74,50,146,135,42,181,38,144,84,37,147,114,38,35,32,183,169,78,31,39,34,157,42,29,143,81,178,163,130,75,170,142,83,34,96,22,169,156,175,174,161,21,21,162,118,66,174,180,144,59,18,103,50,115,52,121,113,22,64,108,78,62,159,142,140,132,118,60,43,31,21,14,136,156,151,5,0,115,100,90,74,43,30,65,78,102,30,160,157,7,133,143,173,22,16,179,141,174,171,133,88,40,174,138,27,23,80,27,136,57,22,134
108,74,108,95,133,71,82,101,116,71,69,71,125,78,82,140,76,86,104,64,102,68,112,63,80,64,65,108,135,64,81,74,68,61,85,105,67,86,107,107,98,65,89,135,72,67,63,85,53,74,86,74,97,112,54,114,132,64,104,60,134,51,58,62,69,83,46,126,102,70,69,65,92,46,41,139,72,109,44,53,133,45,35,138,107,115,72,60,53,111,94,102,49,89,127,38,48,67,53,30,52,59,35,42,93,32,118,57,46,63,62,50,108,127,50,19,55,60,66,32,60,126,20,68,12,65,13,11,96,52,11,38,53,44,28,26,18,7,55,72,84,95,128,21,41,36,110,115,0,15,25,41,72,85,50,37,13,85,45,42,112,19,29,59,95,127,65,28,59,57,21,32,79,60,27,95,131,41,97,27,64,105,26
98,75,97,105,121,70,75,91,104,75,69,69,113,87,74,127,85,77,93,68,91,64,99,62,72,70,61,96,121,61,72,83,76,59,75,93,60,76,94,95,86,74,78,121,82,77,56,74,57,64,75,85,84,99,62,101,118,55,91,52,120,47,50,73,58,70,54,112,89,82,57,54,78,56,48,125,85,95,54,43,119,55,35,124,93,101,86,73,42,97,80,87,61,75,113,49,37,81,67,38,40,72,47,31,79,24,104,71,59,77,76,64,93,112,64,25,42,75,81,46,46,111,15,54,18,50,24,17,81,37,11,23,39,59,42,40,33,19,40,57,69,80,113,36,56,51,95,100,15,0,10,26,57,70,35,22,4,70,60,57,97,34,44,74,81,112,80,42,74,71,35,20,65,75,40,81,116,28,82,39,49,90,38
92,77,91,113,113,71,72,85,97,80,71,70,105,93,71,119,91,72,86,72,84,63,92,64,67,75,61,88,113,60,67,91,83,60,69,86,58,70,86,87,78,81,71,112,90,85,54,67,62,59,68,93,76,91,68,93,109,51,82,49,110,46,47,81,52,63,60,102,80,91,51,47,70,64,55,115,95,85,62,39,109,64,39,114,84,91,96,82,36,88,71,78,70,66,103,57,31,90,76,46,34,82,56,26,69,23,94,81,69,87,86,73,83,102,73,33,33,85,90,55,37,101,19,44,27,41,33,25,71,28,20,14,29,69,52,50,42,29,31,47,59,70,103,46,66,61,85,90,25,10,0,16,47,60,25,12,12,60,70,67,87,43,53,83,71,102,90,51,84,81,44,15,55,85,50,71,106,21,72,48,40,80,47
84,83,83,125,101,76,70,77,87,89,77,73,93,105,67,106,103,67,76,81,74,65,81,69,63,86,64,78,100,63,62,103,95,64,62,75,57,62,75,76,68,94,62,99,103,97,53,59,71,53,59,107,65,78,80,80,95,48,70,47,96,49,46,95,46,53,72,88,67,106,43,41,57,77,68,100,109,71,75,36,94,77,49,99,69,76,111,97,31,73,57,64,85,52,88,72,28,106,91,59,27,97,71,25,55,30,78,97,84,102,101,89,68,86,89,47,22,100,106,71,23,86,32,30,42,26,48,41,55,13,35,8,14,85,68,66,58,44,15,32,43,54,87,62,82,77,69,74,41,26,16,0,31,44,9,4,28,44,86,83,71,59,69,99,55,86,106,67,100,97,59,20,40,100,65,55,90,17,57,64,27,65,62
76,101,74,152,83,93,76,70,73,111,95,89,76,131,72,84,128,68,66,102,64,79,66,88,65,110,79,63,78,77,62,130,120,81,60,60,68,57,60,60,57,120,55,75,131,124,65,53,95,55,52,135,52,58,106,59,71,57,52,59,71,67,59,123,48,44,99,63,47,135,43,44,41,105,95,73,139,48,103,49,67,106,74,71,45,50,141,127,42,47,34,39,115,31,60,101,43,136,121,88,38,127,100,44,30,55,50,127,114,133,132,119,39,57,120,76,28,131,137,101,21,55,61,15,72,14,79,71,25,23,65,36,20,116,99,97,89,75,18,6,13,24,56,93,113,108,38,43,72,57,47,31,0,13,22,35,59,13,117,114,40,90,100,130,25,56,136,98,131,128,90,46,16,131,95,27,60,39,29,94,21,36,92
76,110,74,163,77,102,82,71,70,121,104,98,71,142,77,77,140,72,65,113,64,87,63,97,71,121,88,61,70,86,67,142,132,90,64,58,76,60,57,57,56,132,57,67,143,136,74,56,107,61,54,147,51,53,117,53,62,64,49,67,62,77,68,135,54,46,111,54,43,148,49,51,39,117,107,62,152,41,116,58,56,118,86,60,37,41,153,140,52,38,30,32,127,29,49,114,54,148,134,101,48,140,113,55,25,67,39,140,127,146,145,132,29,45,132,89,38,144,150,114,31,43,74,23,85,24,92,84,14,35,78,49,33,129,112,110,102,88,31,14,6,12,43,106,126,121,25,30,85,70,60,44,13,0,35,48,72,3,130,127,27,103,113,143,13,43,149,111,144,141,103,59,17,144,108,18,48,51,20,107,30,25,105
82,89,80,133,96,81,71,75,82,96,82,78,88,113,68,100,111,67,73,87,71,69,77,75,63,93,68,73,94,67,61,112,102,68,61,70,60,60,70,71,64,102,59,92,112,105,56,56,79,53,56,115,61,72,87,74,88,50,65,50,89,54,49,103,45,49,80,81,61,115,41,40,52,85,76,93,118,64,84,39,86,86,56,91,62,69,120,106,33,65,50,56,94,45,80,80,31,114,100,68,28,106,79,29,47,37,70,106,93,111,110,98,60,78,98,56,20,109,115,80,19,77,40,23,51,19,57,49,46,10,44,15,9,94,77,75,67,53,9,23,35,46,78,71,91,86,60,65,50,35,25,9,22,35,0,13,37,35,95,92,62,68,78,108,46,77,114,76,109,106,68,26,31,109,74,46,81,21,48,72,20,56,70
88,83,86,123,105,77,72,80,91,88,77,74,98,103,70,110,101,70,80,80,78,66,85,69,66,84,65,82,104,64,65,101,93,64,66,79,59,65,79,80,72,92,66,103,101,95,55,62,70,56,63,104,70,82,78,84,100,50,74,49,101,50,48,92,49,57,70,93,71,103,46,44,62,75,66,105,106,76,73,38,99,75,48,103,74,81,108,94,34,77,61,68,82,56,92,69,30,102,88,57,30,94,68,26,59,29,83,93,81,99,98,85,72,91,86,44,26,97,103,67,28,90,29,34,39,30,45,37,59,18,32,9,18,81,64,63,55,41,20,36,48,59,91,58,78,73,73,78,37,22,12,4,35,48,13,0,24,48,82,79,75,55,65,95,58,90,101,63,96,93,55,16,43,96,61,59,94,15,60,59,29,68,58
102,78,101,106,124,73,79,94,108,77,72,72,116,88,78,130,86,81,96,70,94,67,103,65,75,72,65,99,125,64,76,84,77,62,78,97,64,79,98,98,89,75,81,124,83,78,60,77,59,68,78,85,88,102,63,104,121,59,94,55,123,50,54,73,62,74,55,115,92,82,61,57,82,57,50,128,85,98,54,47,121,56,38,127,96,103,85,73,45,100,83,90,61,78,116,49,40,80,66,39,44,72,47,35,82,28,106,71,59,76,75,63,96,114,63,27,45,74,79,45,49,114,18,57,19,53,24,18,83,40,13,26,41,58,41,39,31,18,43,60,72,82,115,35,54,49,97,102,13,4,12,28,59,72,37,24,0,72,58,55,99,31,41,71,82,114,77,39,72,69,32,19,66,72,37,82,118,28,83,36,50,91,35
79,112,77,165,80,104,85,74,73,123,106,100,74,143,80,80,141,75,68,115,67,89,66,99,73,122,90,64,73,88,70,143,133,92,66,61,78,63,60,60,59,133,60,69,144,137,76,59,108,64,57,148,54,56,119,56,65,67,51,69,64,79,70,136,57,49,112,57,46,148,52,53,42,118,108,64,152,43,117,60,58,119,87,61,40,44,154,140,54,40,33,35,128,32,50,114,55,149,134,102,50,141,114,57,27,68,40,140,127,146,145,132,31,46,133,90,40,144,150,115,33,44,74,25,85,26,92,84,16,36,79,49,34,129,112,110,102,88,31,16,9,13,44,106,126,121,25,30,85,70,60,44,13,3,35,48,72,0,130,127,27,103,113,143,12,42,149,110,143,140,102,58,14,144,108,16,47,50,17,106,28,23,104
146,92,146,80,174,94,115,140,156,80,90,96,167,72,117,183,71,123,144,78,142,98,153,87,117,71,94,149,178,94,119,64,65,89,124,147,101,126,149,149,139,61,130,178,59,59,98,125,68,113,127,57,139,155,60,158,176,102,147,97,178,85,95,49,110,125,56,170,146,47,111,107,135,47,52,184,45,153,46,93,178,43,64,183,152,160,42,37,95,156,138,146,35,133,172,39,90,36,32,46,96,31,36,85,138,73,163,28,27,30,29,26,153,172,24,49,100,26,28,27,105,171,61,114,49,110,42,50,141,97,54,83,99,11,21,23,30,43,101,118,129,140,173,26,9,12,155,160,45,60,70,86,117,130,95,82,58,130,0,3,157,27,17,14,140,172,20,21,15,13,29,74,123,17,25,139,175,83,141,28,107,149,30
144,91,144,80,172,92,113,137,154,79,89,94,164,72,114,180,71,120,142,77,139,95,150,85,115,70,92,147,175,92,117,64,65,87,121,144,99,124,146,147,136,60,127,176,59,59,96,123,66,111,125,57,136,153,59,155,173,99,144,95,175,83,92,49,107,122,54,167,143,47,108,104,133,46,51,181,47,150,44,91,175,42,62,180,149,157,44,38,92,153,136,143,34,131,169,37,87,37,32,44,93,32,34,82,135,70,160,29,27,31,31,26,150,169,24,47,97,27,30,25,102,168,59,111,46,107,39,47,138,94,51,80,96,11,19,20,27,41,98,115,126,137,170,23,8,10,152,157,42,57,67,83,114,127,92,79,55,127,3,0,154,24,14,16,137,169,23,18,18,15,26,71,120,19,23,136,172,80,138,26,104,146,28
88,135,86,190,78,126,103,85,78,147,128,121,73,168,97,73,166,91,77,138,76,110,71,122,91,147,112,70,66,110,86,169,158,115,82,67,99,78,66,65,69,159,73,61,170,163,97,74,133,82,71,174,64,57,144,56,56,88,57,91,54,103,92,163,77,65,138,48,51,175,72,74,53,145,134,48,179,43,143,84,44,146,113,45,39,38,181,167,78,36,42,38,155,44,36,141,80,176,161,128,74,168,140,82,36,94,28,167,154,173,172,159,26,28,160,116,65,171,177,142,58,25,101,49,112,51,119,111,23,63,106,76,60,156,139,137,129,116,58,41,30,20,19,133,153,148,7,7,112,97,87,71,40,27,62,75,99,27,157,154,0,130,140,170,17,16,176,137,170,167,129,85,35,170,134,21,21,76,21,133,53,16,131
125,83,125,90,151,81,97,119,134,75,79,82,144,76,98,159,75,103,122,71,120,81,130,74,97,67,78,126,153,78,98,70,67,74,102,124,82,104,125,126,116,63,107,154,67,64,79,103,59,92,105,67,115,131,56,133,151,81,123,76,153,66,74,56,87,101,49,145,121,60,87,83,111,45,44,158,62,127,43,71,152,42,47,157,126,134,60,50,71,130,113,121,41,108,146,35,66,54,43,34,71,47,32,61,112,49,137,45,36,49,48,38,127,145,38,30,74,46,51,24,79,145,37,87,26,84,21,26,114,71,29,57,72,29,15,14,12,19,74,91,103,114,146,10,25,20,128,133,19,34,43,59,90,103,68,55,31,103,27,24,130,0,10,40,113,145,46,9,41,38,7,47,96,41,11,112,148,56,114,12,80,122,13
134,87,133,87,160,86,104,127,143,77,84,88,153,75,105,168,74,111,131,74,128,88,139,79,105,69,84,135,163,84,107,68,66,80,111,133,90,113,134,135,125,62,116,163,64,62,86,112,62,100,114,63,124,141,57,143,160,89,132,85,162,74,82,53,96,110,51,154,131,55,96,92,120,45,47,168,56,137,43,80,162,42,53,167,136,144,54,45,81,140,123,130,38,118,156,35,76,47,38,38,81,41,32,70,122,58,147,38,31,42,41,33,137,155,32,37,84,38,43,23,89,155,47,97,35,94,28,35,124,81,38,66,82,21,13,13,17,28,84,101,113,124,156,13,16,13,138,143,29,44,53,69,100,113,78,65,41,113,17,14,140,10,0,30,123,155,36,6,31,28,13,57,106,31,11,122,158,66,123,14,90,131,16
160,103,159,82,188,105,127,153,170,89,102,108,180,78,130,196,78,136,157,88,155,110,166,98,130,80,106,163,191,106,132,69,72,101,137,161,114,140,162,163,153,68,143,192,64,66,111,139,79,127,141,60,152,169,70,171,189,115,160,110,191,98,108,55,123,139,66,184,159,49,124,120,149,57,64,198,46,166,56,107,191,53,77,197,165,173,42,42,109,170,152,160,42,147,186,50,104,36,38,58,109,34,47,99,152,86,177,31,36,30,30,33,167,185,30,63,114,26,26,39,119,185,75,127,63,124,56,63,154,110,67,96,112,21,34,36,44,57,114,131,143,154,187,39,21,25,168,173,59,74,83,99,130,143,108,95,71,143,14,16,170,40,30,0,153,185,6,33,4,5,41,86,136,7,37,152,188,95,153,39,119,161,41
87,124,85,176,84,115,95,82,79,135,118,111,78,155,90,81,153,85,75,126,75,100,72,111,84,134,101,70,74,100,80,155,145,103,76,67,89,72,66,66,67,145,69,70,155,149,87,68,120,74,66,160,61,60,130,60,65,78,57,81,64,91,81,148,68,59,123,57,51,160,63,64,49,130,120,61,164,47,128,72,56,131,99,58,43,45,165,152,66,42,39,39,139,40,48,126,67,160,146,113,62,152,125,68,33,80,38,151,139,157,156,143,31,42,144,101,51,155,161,126,45,39,85,36,96,37,103,95,19,48,90,60,45,140,123,121,113,99,43,27,19,15,36,117,137,132,19,22,95,81,71,55,25,13,46,58,82,12,140,137,17,113,123,153,0,32,159,120,153,150,112,67,18,153,117,7,36,59,8,115,35,12,113
99,149,96,205,84,140,116,96,86,162,143,136,80,183,110,76,181,104,87,153,87,125,80,137,104,162,126,80,70,125,100,184,174,129,95,78,113,91,76,75,80,174,86,64,185,178,112,87,148,96,84,190,75,66,159,64,59,102,67,106,56,118,107,178,91,78,153,53,61,190,86,89,65,160,150,48,195,52,159,99,45,161,128,44,49,45,196,183,93,45,54,49,170,57,38,156,95,191,177,144,90,183,156,98,50,110,34,183,170,188,187,175,36,29,175,132,80,187,193,157,73,25,116,64,128,66,134,127,37,78,121,91,76,172,155,153,145,131,74,57,46,35,14,149,168,163,20,16,127,112,102,86,56,43,77,90,114,42,172,169,16,145,155,185,32,0,191,152,185,182,144,99,49,185,149,34,8,90,33,147,67,26,145
166,108,165,84,194,110,133,159,176,94,107,113,187,82,136,203,81,142,164,94,161,116,173,104,136,85,112,169,198,112,139,73,77,107,143,167,120,146,168,169,159,72,149,198,67,69,117,145,84,133,147,63,159,175,75,178,196,121,167,116,198,104,114,59,129,145,72,190,166,51,130,126,155,62,69,204,48,173,61,113,198,58,83,203,172,179,43,45,115,176,158,166,47,153,192,55,110,38,42,64,115,38,53,105,158,92,183,35,41,32,33,37,173,192,35,69,120,29,27,45,125,191,81,133,69,130,62,70,160,117,73,103,118,26,41,43,50,63,120,137,149,160,193,46,27,31,174,179,65,80,90,106,136,149,114,101,77,149,20,23,176,46,36,6,159,191,0,39,6,9,47,92,142,8,42,158,194,101,159,45,125,167,47
135,90,134,92,160,90,106,128,143,82,87,91,153,80,107,168,79,112,131,78,129,90,139,82,106,73,87,135,162,87,108,73,71,82,112,133,91,113,134,135,125,68,116,162,70,68,88,112,66,101,114,69,124,140,62,142,160,90,131,86,161,75,83,59,96,110,56,153,130,61,96,92,119,50,51,167,61,136,48,80,160,47,55,166,135,142,59,51,80,139,121,129,43,116,155,40,75,53,44,41,80,46,37,70,121,59,145,44,37,47,47,39,135,153,37,39,83,44,48,28,88,153,47,96,35,92,30,35,122,79,38,65,80,26,18,18,20,28,82,99,110,121,154,16,22,19,136,141,28,42,51,67,98,111,76,63,39,110,21,18,137,9,6,33,120,152,39,0,33,30,8,53,103,33,5,119,155,62,120,8,86,128,10
162,106,161,86,190,108,130,155,171,93,105,110,182,82,132,198,81,138,159,92,157,113,168,101,132,84,109,165,193,109,135,73,76,104,139,162,116,142,164,165,154,72,145,193,68,69,113,140,82,129,143,64,154,170,73,173,191,117,162,112,193,100,110,59,125,140,69,185,161,53,126,122,150,60,67,199,50,168,59,109,192,57,79,198,166,174,46,46,110,171,153,161,46,148,187,53,105,40,42,61,110,38,50,100,153,88,178,35,39,34,34,36,167,186,34,64,115,30,30,42,120,185,76,128,64,125,57,65,155,111,68,97,113,24,36,38,45,58,115,131,143,154,187,41,23,27,169,174,59,74,84,100,131,144,109,96,72,143,15,18,170,41,31,4,153,185,6,33,0,3,41,86,136,3,36,152,188,95,153,38,119,161,40
159,105,159,86,187,106,128,153,169,91,103,108,179,81,130,195,81,135,157,90,155,110,165,99,130,82,107,162,190,107,132,73,75,102,137,160,114,139,161,162,152,71,142,191,67,69,111,138,80,126,140,64,151,168,72,170,188,115,159,110,190,98,108,58,122,137,68,182,158,53,123,119,147,59,65,196,50,165,57,106,189,55,77,195,164,171,46,45,107,168,150,158,45,145,184,51,103,40,41,59,108,38,48,97,150,85,175,35,38,34,34,35,164,183,33,62,112,30,30,40,117,182,74,125,61,122,55,62,152,108,65,94,110,22,34,36,42,55,112,128,140,151,184,38,21,25,166,171,57,71,81,97,128,141,106,93,69,140,13,15,167,38,28,5,150,182,9,30,3,0,38,83,133,4,33,149,185,92,150,35,116,158,37
129,89,129,97,154,88,102,122,137,82,85,88,146,83,102,161,82,107,125,78,123,87,133,80,101,74,84,129,156,83,103,77,74,80,106,127,87,108,128,129,119,70,110,156,73,71,83,106,66,96,108,73,118,133,63,136,153,85,125,81,154,71,79,63,90,104,56,146,123,66,90,86,113,52,51,159,67,129,50,74,153,49,52,158,128,135,66,56,74,132,114,122,47,109,147,42,69,59,49,40,74,52,39,64,113,53,138,50,42,54,53,44,127,146,43,35,76,51,55,31,80,145,41,88,31,85,26,31,114,71,32,58,73,33,21,21,19,24,74,91,103,114,146,17,29,25,128,133,21,35,44,59,90,103,68,55,32,102,29,26,129,7,13,41,112,144,47,8,41,38,0,45,95,41,6,111,147,54,112,6,78,120,6
103,92,102,125,121,87,86,96,106,94,87,85,113,107,84,125,104,85,96,87,94,78,101,79,80,89,76,97,119,75,80,103,96,75,81,94,72,81,95,96,88,94,82,118,102,97,68,78,76,72,79,104,85,98,81,99,114,65,90,63,115,61,61,92,64,72,73,107,86,101,62,59,77,76,68,119,104,90,74,52,112,75,54,117,88,95,104,92,48,91,76,82,80,71,106,68,44,98,85,58,45,90,66,40,73,38,96,89,77,94,93,81,85,103,81,45,42,92,97,64,43,102,34,49,38,45,43,37,72,33,31,24,33,75,59,57,50,37,34,49,60,70,102,53,71,66,84,88,32,20,15,20,46,59,26,16,19,58,74,71,85,47,57,86,67,99,92,53,86,83,45,0,50,86,50,66,102,9,67,48,33,75,46
91,116,89,165,94,108,92,85,86,125,110,104,87,144,88,94,141,84,80,117,79,94,79,103,82,123,94,77,87,93,78,143,133,96,76,74,84,73,73,73,71,133,70,83,143,137,81,69,109,72,68,147,66,70,118,70,78,73,65,74,78,82,75,135,64,60,111,70,59,146,59,60,54,117,107,77,149,57,115,64,71,117,87,74,54,58,151,137,58,54,46,49,125,44,64,112,58,145,131,99,53,137,110,58,41,68,54,136,124,142,141,128,45,59,129,87,43,140,145,110,37,56,72,31,82,30,88,80,30,36,75,47,33,124,107,105,97,84,31,22,22,27,54,101,120,115,36,40,79,65,55,40,16,17,31,43,66,14,123,120,35,96,106,136,18,49,142,103,136,133,95,50,0,136,100,16,52,41,17,98,17,25,96
163,109,163,89,191,110,132,157,173,95,107,113,183,85,134,199,84,140,161,94,159,115,170,103,134,86,111,166,194,111,136,76,79,106,141,164,118,143,165,166,156,75,146,194,71,72,115,142,84,130,144,67,155,172,76,174,192,119,163,114,194,102,112,62,126,141,72,186,162,56,127,123,151,63,69,199,53,169,62,110,193,59,81,198,167,175,49,49,111,172,154,162,49,149,187,55,107,43,45,63,112,41,53,101,153,89,178,38,42,37,37,39,168,187,37,66,115,33,33,44,120,186,77,129,65,125,59,66,155,112,69,98,113,26,38,40,47,59,115,132,144,155,187,42,25,29,169,174,60,75,85,100,131,144,109,96,72,144,17,19,170,41,31,7,153,185,8,33,3,4,41,86,136,0,36,152,188,95,153,38,119,161,40
135,93,135,97,160,92,107,128,143,85,90,93,152,85,108,167,84,112,131,81,129,92,139,84,107,77,89,135,162,88,108,78,76,85,112,133,93,114,134,135,125,72,116,161,74,72,89,112,69,101,114,74,124,139,66,141,158,91,131,86,160,77,84,64,96,110,59,152,129,66,96,92,119,54,54,165,66,135,52,80,159,51,57,164,133,141,64,56,80,137,120,128,48,115,153,44,75,58,49,44,80,51,41,70,119,59,143,49,42,52,52,44,133,151,42,40,82,49,53,33,86,150,47,94,36,90,31,36,120,77,38,63,78,31,23,22,23,29,80,97,108,119,151,20,27,24,133,138,27,40,50,65,95,108,74,61,37,108,25,23,134,11,11,37,117,149,42,5,36,33,6,50,100,36,0,116,152,59,117,3,83,125,5
94,128,91,179,91,120,100,89,86,138,122,115,85,158,95,88,155,91,82,130,81,105,79,115,89,137,105,77,81,104,85,157,147,107,82,74,94,79,73,73,73,147,75,77,157,151,91,74,123,79,72,162,68,67,133,67,72,82,64,85,70,94,86,150,73,65,126,64,58,161,68,69,56,132,122,67,165,54,130,76,62,132,101,64,50,52,166,153,69,49,46,46,140,46,54,127,70,161,146,114,65,153,126,71,40,82,45,152,139,157,156,144,38,48,144,102,55,156,161,126,48,45,87,40,97,41,104,96,26,50,90,61,47,140,123,121,113,99,45,31,24,22,40,117,136,131,24,27,95,81,71,55,27,18,46,59,82,16,139,136,21,112,122,152,7,34,158,119,152,149,111,66,16,152,116,0,36,57,1,114,33,9,112
106,156,104,211,91,147,123,103,94,168,150,142,88,189,117,83,187,111,95,160,95,131,88,143,111,168,133,87,78,131,107,189,179,136,102,85,120,98,83,83,88,180,93,71,190,184,118,94,154,103,91,195,82,73,165,71,66,109,74,112,63,124,113,183,98,85,158,60,69,195,93,95,72,165,155,54,199,60,163,105,52,166,134,50,56,53,201,187,99,52,62,57,175,64,45,161,101,196,181,148,95,188,160,103,57,115,41,187,174,193,192,179,43,36,179,137,85,191,197,161,79,32,121,70,132,72,139,131,44,83,125,96,80,175,159,157,149,135,78,62,51,41,21,152,172,167,27,23,131,116,106,90,60,48,81,94,118,47,175,172,21,148,158,188,36,8,194,155,188,185,147,102,52,188,152,36,0,93,35,150,69,27,148
101,97,100,133,117,91,87,94,103,100,91,89,109,114,85,120,112,85,93,93,91,81,97,83,80,96,79,94,114,78,79,111,103,79,80,91,74,79,91,92,85,102,79,112,110,105,70,76,82,71,76,113,82,93,89,94,108,65,85,64,109,65,63,101,63,69,81,101,81,110,60,58,72,84,76,112,113,85,82,53,105,83,60,110,82,88,113,101,48,85,70,76,89,66,98,77,45,107,94,66,45,99,75,41,67,43,89,98,86,103,102,90,78,95,90,53,39,101,106,73,39,94,40,43,46,40,51,45,64,30,39,24,29,84,68,66,59,46,29,42,52,62,94,62,81,76,75,80,41,28,21,17,39,51,21,15,28,50,83,80,76,56,66,95,59,90,101,62,95,92,54,9,41,95,59,57,93,0,58,57,24,66,55
95,129,93,180,91,121,102,90,87,140,123,117,86,159,97,89,157,92,83,131,83,106,80,116,90,138,107,78,82,105,87,158,149,109,83,75,95,80,74,74,75,149,76,77,159,153,93,76,124,81,74,163,69,68,134,67,72,84,65,86,71,96,87,151,74,66,127,64,59,162,69,71,57,133,123,67,166,54,131,77,62,134,103,64,50,52,167,154,71,49,47,47,142,47,54,128,72,162,148,116,67,154,127,73,41,83,45,153,141,159,158,145,39,48,146,103,56,157,162,127,50,45,88,42,98,42,105,97,27,51,91,63,48,141,124,122,114,101,46,33,25,23,40,118,137,133,24,27,97,82,72,57,29,20,48,60,83,17,141,138,21,114,123,153,8,33,159,120,153,150,112,67,17,153,117,1,35,58,0,115,34,8,113
135,95,134,100,160,93,108,128,142,87,91,94,152,87,108,166,86,113,131,83,129,93,138,85,107,79,89,135,161,89,108,81,78,85,112,132,93,113,133,134,124,75,116,161,77,75,89,112,71,101,113,76,123,138,68,141,157,91,130,86,159,77,84,66,96,109,61,151,128,69,96,92,118,56,56,164,69,134,54,80,158,54,58,163,132,140,67,59,80,136,119,126,51,114,151,46,75,61,52,46,79,54,43,69,118,59,142,52,45,55,54,46,132,150,45,41,81,52,56,35,85,149,47,93,37,89,32,36,118,76,37,62,77,34,25,25,24,29,79,95,107,117,150,22,30,26,132,136,27,39,48,64,94,107,72,59,36,106,28,26,133,12,14,39,115,147,45,8,38,35,6,48,98,38,3,114,150,57,115,0,81,123,2
95,109,94,152,104,101,90,89,93,116,102,98,97,132,86,105,130,84,85,107,84,89,87,95,81,112,88,84,99,87,78,130,122,89,77,81,79,75,80,81,76,121,74,96,130,124,76,71,98,70,70,133,72,79,107,80,91,69,73,69,91,74,69,121,63,63,99,83,68,131,58,58,61,103,94,92,135,69,102,58,86,104,76,90,65,71,136,123,52,67,56,60,110,52,79,98,51,130,116,86,48,122,96,49,51,57,69,121,109,126,125,113,59,74,113,73,38,124,130,95,34,72,58,33,67,30,73,66,44,29,60,35,26,108,91,89,82,68,25,26,33,42,71,85,104,99,53,57,64,49,40,27,21,30,20,29,50,28,107,104,53,80,90,119,35,67,125,86,119,116,78,33,17,119,83,33,69,24,34,81,0,42,79
98,136,95,188,91,127,107,93,89,147,130,123,86,166,102,87,164,97,86,138,85,112,82,123,95,145,113,80,81,112,92,166,156,115,88,77,101,84,76,76,77,156,80,76,166,160,99,80,131,86,78,171,72,69,141,68,71,90,67,93,69,102,93,159,80,70,135,63,61,170,75,76,60,141,131,64,174,55,139,84,60,141,110,61,51,51,175,162,77,49,50,48,150,51,51,136,79,170,156,123,73,162,135,80,44,91,43,161,148,167,166,153,38,44,154,111,63,165,170,135,56,40,96,48,106,49,113,105,29,59,99,71,56,149,132,130,122,109,54,39,31,25,34,126,146,141,21,22,105,90,80,65,36,25,56,68,91,23,149,146,16,122,131,161,12,26,167,128,161,158,120,75,25,161,125,9,27,66,8,123,42,0,121
134,95,134,102,158,94,107,127,141,88,91,94,151,89,108,165,87,112,130,84,128,93,137,86,106,80,89,134,160,89,108,82,79,85,111,131,93,113,132,133,123,76,115,159,79,76,89,111,72,100,112,78,122,137,69,139,156,90,129,86,157,77,84,68,95,108,62,149,127,71,95,91,116,58,57,162,71,132,55,79,156,55,58,161,131,138,69,61,79,135,118,125,52,113,150,48,74,63,54,46,78,56,45,68,116,58,140,54,47,57,57,48,130,148,47,41,80,54,58,36,84,147,46,91,36,88,32,36,117,74,37,61,76,36,27,26,25,29,77,93,105,116,148,23,32,28,130,134,26,38,47,62,92,105,70,58,35,104,30,28,131,13,16,41,113,145,47,10,40,37,6,46,96,40,5,112,148,55,113,2,79,121,0
